9.61902e-08,-0.299865,-0.000348734,-0.519888,5.00128,-3.11742e+09,-1,6.00169e-07,1,0
1.33027e-06,-0.299714,-0.00170997,-0.520785,5.00129,-2.25303e+08,-1,6.00169e-07,1,0
2.08546e-06,-0.299651,-0.00200244,-0.521202,4.9962,-1.43686e+08,-1,3.08043e-10,1,0
3.02461e-06,-0.299054,-0.00175703,-0.520197,4.99639,-9.88735e+07,-1,5.66909e-10,1,0
3.92176e-06,-0.299072,-0.0013735,-0.520496,4.99649,-7.62598e+07,-1,8.07917e-10,1,0
4.17259e-06,-0.299045,-0.00159381,-0.520562,4.99447,-7.16687e+07,-1,1.49942e-10,1,0
4.66486e-06,-0.299369,-0.00167692,-0.521025,4.99298,-6.41754e+07,-1,5.50959e-10,1,0
6.04959e-06,-0.299595,-0.0029038,-0.520216,4.99867,-4.95232e+07,-1,7.69595e-10,1,0
6.87445e-06,-0.299386,-0.00185533,-0.519982,4.99923,-4.35505e+07,-1,1.09431e-09,1,0
7.88411e-06,-0.299386,-0.0018845,-0.520537,5.00183,-3.79733e+07,-1,5.16548e-10,1,0
8.46486e-06,-0.298691,-0.00206238,-0.520254,5.00145,-3.5286e+07,-1,7.70709e-10,1,0
8.6689e-06,-0.298607,-0.00200592,-0.520149,5.0031,-3.44458e+07,-1,1.20011e-10,1,0
8.8882e-06,-0.298671,-0.00186078,-0.519904,5.00309,-3.36031e+07,-1,1.20011e-10,1,0
9.42513e-06,-0.298419,-0.00228885,-0.520063,5.002,-3.16621e+07,-1,6.06624e-10,1,0
1.01201e-05,-0.298252,-0.00307467,-0.51961,4.99983,-2.94713e+07,-1,9.22273e-10,1,0
1.16036e-05,-0.297379,-0.00132861,-0.519355,4.99987,-2.56282e+07,-1,9.22273e-10,1,0
1.25991e-05,-0.296794,-0.000156878,-0.519183,4.9999,-2.35567e+07,-1,9.22273e-10,1,0
1.33351e-05,-0.297451,-0.000348647,-0.519785,4.99851,-2.23059e+07,-1,9.37947e-10,1,0
1.36981e-05,-0.29712,-0.00059305,-0.519533,5.00097,-2.16906e+07,-1,5.13998e-10,1,0
1.458e-05,-0.297541,-0.000670718,-0.520587,5.00059,-2.04075e+07,-1,5.22295e-10,1,0
1.54186e-05,-0.297689,-0.000760366,-0.520983,4.99963,-1.93072e+07,-1,1.41775e-09,1,0
1.62794e-05,-0.297682,-0.000304374,-0.519968,4.99983,-1.82858e+07,-1,4.35667e-10,1,0
1.68101e-05,-0.297081,-0.000557165,-0.519954,5.00113,-1.76727e+07,-1,2.45763e-10,1,0
1.75022e-05,-0.296505,-0.00122201,-0.52022,5.00116,-1.6941e+07,-1,2.45763e-10,1,0
1.79222e-05,-0.296349,-0.000986854,-0.520381,5.00123,-1.65353e+07,-1,3.97215e-10,1,0
1.82466e-05,-0.296078,-0.00119082,-0.520474,5.00202,-1.62265e+07,-1,3.209e-10,1,0
1.89969e-05,-0.296622,-0.00145968,-0.520645,5.00208,-1.56142e+07,-1,7.14803e-10,1,0
2.00042e-05,-0.296947,-0.000230376,-0.521057,5.00212,-1.48442e+07,-1,1.61777e-09,1,0
2.05577e-05,-0.296926,-3.52499e-05,-0.520971,4.99982,-1.44436e+07,-1,4.64081e-10,1,0
2.117e-05,-0.297308,-0.000220889,-0.521425,4.99971,-1.40438e+07,-1,2.1411e-10,1,0
2.17614e-05,-0.297548,-0.000369246,-0.52168,4.99537,-1.36732e+07,-1,2.14534e-10,1,0
2.28196e-05,-0.297579,0.000358706,-0.522295,4.99356,-1.30405e+07,-1,4.08722e-10,1,0
2.29883e-05,-0.297511,0.000549418,-0.522329,4.9894,-1.29418e+07,-1,2.69323e-11,1,0
2.40932e-05,-0.297636,-0.000316084,-0.523174,4.98995,-1.23535e+07,-1,9.38004e-10,1,0
2.47484e-05,-0.297818,-0.000448395,-0.523836,4.98916,-1.20338e+07,-1,2.93464e-10,1,0
2.49647e-05,-0.297809,-0.000515196,-0.523807,4.98866,-1.19292e+07,-1,1.2417e-10,1,0
2.5874e-05,-0.298154,-0.000539809,-0.523697,4.98652,-1.15233e+07,-1,7.47949e-10,1,0
2.6237e-05,-0.298467,-0.000405408,-0.524036,4.98651,-1.13758e+07,-1,7.47949e-10,1,0
2.74729e-05,-0.299533,5.21463e-05,-0.525192,4.98748,-1.09028e+07,-1,2.73825e-09,1,0
2.92008e-05,-0.297724,-0.000174712,-0.523807,4.98757,-1.01957e+07,-1,2.73825e-09,1,0
2.98489e-05,-0.297045,-0.000259805,-0.523288,4.98761,-9.95164e+06,-1,2.73825e-09,1,0
3.07905e-05,-0.296059,-0.000383446,-0.522533,4.98765,-9.61525e+06,-1,2.73825e-09,1,0
3.10749e-05,-0.295761,-0.000420777,-0.522306,4.98552,-9.51769e+06,-1,4.77323e-09,1,0
3.1445e-05,-0.295863,-8.34176e-05,-0.522113,4.98599,-9.4089e+06,-1,1.07951e-10,1,0
3.20706e-05,-0.29625,0.000645317,-0.522194,4.98522,-9.23743e+06,-1,9.53502e-10,1,0
3.29131e-05,-0.295397,0.000552613,-0.522069,4.98276,-8.97507e+06,-1,1.84999e-10,1,0
3.35275e-05,-0.295332,0.00116248,-0.52232,4.9843,-8.80866e+06,-1,7.11299e-10,1,0
3.40836e-05,-0.295048,0.000746993,-0.522432,4.98487,-8.65662e+06,-1,3.87582e-11,1,0
3.44768e-05,-0.294832,0.000279733,-0.52251,4.98809,-8.55159e+06,-1,1.11256e-09,1,0
3.47654e-05,-0.294615,0.000430795,-0.522487,4.99233,-8.47438e+06,-1,1.19354e-10,1,0
3.50147e-05,-0.29463,0.000760971,-0.522482,4.99303,-8.41447e+06,-1,3.30562e-10,1,0
3.56497e-05,-0.295089,0.000139167,-0.522148,4.99301,-8.27746e+06,-1,3.30562e-10,1,0
3.6626e-05,-0.295795,-0.000816806,-0.521634,4.99351,-8.0761e+06,-1,2.13635e-09,1,0
3.68339e-05,-0.296035,-0.000758633,-0.521512,4.99208,-8.03704e+06,-1,2.75658e-10,1,0
3.70278e-05,-0.296081,-0.000843105,-0.521436,4.99387,-7.99618e+06,-1,6.87163e-11,1,0
3.79056e-05,-0.296281,-0.000991428,-0.520764,4.99572,-7.81628e+06,-1,1.78188e-11,1,0
3.8438e-05,-0.296181,-0.000768542,-0.521427,4.99573,-7.70543e+06,-1,1.78188e-11,1,0
3.91511e-05,-0.296536,-0.000885025,-0.521525,4.99243,-7.57415e+06,-1,5.49415e-10,1,0
3.98259e-05,-0.296562,-0.000612841,-0.522055,4.99335,-7.44644e+06,-1,6.70246e-10,1,0
4.05379e-05,-0.296185,-0.000676796,-0.522479,4.99403,-7.30638e+06,-1,2.103e-10,1,0
4.13761e-05,-0.295627,-0.000896516,-0.523415,4.99485,-7.14488e+06,-1,1.84527e-09,1,0
4.15585e-05,-0.295705,-0.00102763,-0.523528,4.99052,-7.11538e+06,-1,7.19337e-11,1,0
4.21128e-05,-0.295558,-0.000860597,-0.523247,4.99135,-7.01825e+06,-1,5.16846e-10,1,0
4.25931e-05,-0.29597,-0.00120125,-0.523195,4.99393,-6.94878e+06,-1,7.46997e-10,1,0
4.3413e-05,-0.296034,-0.0018107,-0.523472,4.99567,-6.81901e+06,-1,6.67647e-11,1,0
4.41641e-05,-0.296791,-0.00228359,-0.523914,4.99563,-6.72019e+06,-1,6.67647e-11,1,0
4.44755e-05,-0.297003,-0.00228132,-0.523952,4.99263,-6.67789e+06,-1,1.50034e-10,1,0
4.45555e-05,-0.296903,-0.00227145,-0.523987,4.99347,-6.66367e+06,-1,1.06042e-10,1,0
4.54922e-05,-0.296884,-0.002242,-0.522746,4.99347,-6.52605e+06,-1,1.06042e-10,1,0
4.58878e-05,-0.29702,-0.00203791,-0.522866,4.99396,-6.47275e+06,-1,2.38494e-10,1,0
4.67052e-05,-0.296641,-0.00116067,-0.522919,4.9939,-6.35135e+06,-1,9.6147e-10,1,0
4.71413e-05,-0.297046,-0.000817868,-0.522736,4.99503,-6.30119e+06,-1,1.02669e-10,1,0
4.78806e-05,-0.297461,-0.000982224,-0.522151,4.99372,-6.21255e+06,-1,6.10974e-10,1,0
4.83272e-05,-0.29752,-0.000437388,-0.522082,4.99379,-6.15637e+06,-1,4.41927e-10,1,0
4.84901e-05,-0.29753,-0.000287784,-0.522123,4.99318,-6.13589e+06,-1,4.69097e-11,1,0
4.90418e-05,-0.29794,-0.00031118,-0.522155,4.99136,-6.07523e+06,-1,1.95503e-11,1,0
4.93509e-05,-0.297667,-0.000368725,-0.522113,4.99015,-6.03165e+06,-1,2.41961e-10,1,0
4.97699e-05,-0.297765,-0.000610861,-0.52224,4.98607,-5.98282e+06,-1,2.61973e-10,1,0
5.03493e-05,-0.297157,-0.000958867,-0.521995,4.98627,-5.9019e+06,-1,7.4214e-10,1,0
5.06778e-05,-0.297243,-0.0012473,-0.521876,4.98566,-5.86536e+06,-1,5.89361e-11,1,0
5.11342e-05,-0.297559,-0.00130753,-0.522021,4.98764,-5.81917e+06,-1,2.24855e-10,1,0
5.19053e-05,-0.297266,-0.0014687,-0.521776,4.98385,-5.72708e+06,-1,3.65967e-10,1,0
5.2129e-05,-0.297216,-0.00130143,-0.521769,4.98411,-5.70155e+06,-1,1.54889e-10,1,0
5.28716e-05,-0.298013,-0.00072963,-0.521699,4.98407,-5.63655e+06,-1,1.54889e-10,1,0
5.33899e-05,-0.29857,-0.000330518,-0.52165,4.98404,-5.59226e+06,-1,1.54889e-10,1,0
5.35851e-05,-0.298577,-0.000226546,-0.521657,4.98213,-5.57202e+06,-1,1.13541e-10,1,0
5.4079e-05,-0.298186,-0.000400567,-0.521919,4.97916,-5.5139e+06,-1,3.24898e-10,1,0
5.441e-05,-0.297867,-0.000106141,-0.52186,4.97917,-5.47448e+06,-1,3.24898e-10,1,0
5.53372e-05,-0.297012,0.000693555,-0.521706,4.98032,-5.36731e+06,-1,1.64146e-09,1,0
5.63303e-05,-0.297775,0.0010764,-0.521968,4.97817,-5.28624e+06,-1,7.001e-10,1,0
5.72907e-05,-0.298276,0.00114852,-0.521198,4.98071,-5.20636e+06,-1,5.11187e-11,1,0
5.78475e-05,-0.298138,0.00113963,-0.521264,4.98229,-5.15386e+06,-1,1.4126e-10,1,0
5.82794e-05,-0.298044,0.00100853,-0.521684,4.9824,-5.11405e+06,-1,8.54433e-11,1,0
5.97523e-05,-0.298751,7.40779e-05,-0.520988,4.97871,-4.99982e+06,-1,9.38032e-10,1,0
6.05586e-05,-0.298183,0.000601899,-0.521538,4.98044,-4.92387e+06,-1,8.72052e-10,1,0
6.09018e-05,-0.298196,0.00105465,-0.521501,4.97972,-4.89634e+06,-1,6.49986e-10,1,0
6.18701e-05,-0.298892,0.000264682,-0.521077,4.97545,-4.83097e+06,-1,4.60054e-10,1,0
6.27232e-05,-0.298903,-0.000374857,-0.522008,4.97663,-4.76543e+06,-1,1.1292e-09,1,0
6.32744e-05,-0.298255,-0.000202285,-0.522217,4.97771,-4.71368e+06,-1,6.56637e-10,1,0
6.40829e-05,-0.298589,0.000247539,-0.523129,4.97758,-4.65941e+06,-1,1.07035e-09,1,0
6.44169e-05,-0.298829,0.000109104,-0.523163,4.97679,-4.63898e+06,-1,2.57465e-10,1,0
6.48488e-05,-0.299146,0.000266216,-0.523107,4.9789,-4.61297e+06,-1,2.87476e-10,1,0
6.58885e-05,-0.29886,-0.000783679,-0.523689,4.98221,-4.53584e+06,-1,2.09011e-10,1,0
6.67532e-05,-0.299419,-1.65628e-05,-0.524329,4.98023,-4.48547e+06,-1,1.14518e-09,1,0
6.68819e-05,-0.299532,-8.42262e-05,-0.524438,4.98052,-4.47852e+06,-1,1.69895e-10,1,0
6.79898e-05,-0.300314,0.00016568,-0.524297,4.98186,-4.41704e+06,-1,9.3792e-10,1,0
6.94688e-05,-0.300352,0.00132845,-0.524669,4.98505,-4.32355e+06,-1,1.13766e-09,1,0
7.05888e-05,-0.300345,0.00101446,-0.52387,4.98533,-4.25486e+06,-1,4.44335e-10,1,0
7.08689e-05,-0.300427,0.00108352,-0.523607,4.98239,-4.2392e+06,-1,7.20248e-11,1,0
7.16308e-05,-0.299696,0.00171893,-0.523755,4.98304,-4.1839e+06,-1,5.44345e-10,1,0
7.25436e-05,-0.299263,0.00246317,-0.522912,4.98536,-4.12528e+06,-1,1.20127e-09,1,0
7.35769e-05,-0.298344,0.00204328,-0.523836,4.98696,-4.05486e+06,-1,1.36911e-09,1,0
7.41385e-05,-0.298125,0.00154891,-0.523325,4.98697,-4.02119e+06,-1,1.36911e-09,1,0
7.48132e-05,-0.298076,0.000859986,-0.522966,4.98657,-3.98427e+06,-1,1.29558e-09,1,0
7.51911e-05,-0.298227,0.000608409,-0.523101,4.98491,-3.96625e+06,-1,1.91601e-11,1,0
7.54893e-05,-0.298531,0.000636673,-0.523129,4.98198,-3.95462e+06,-1,3.16293e-10,1,0
7.5966e-05,-0.298369,0.000768899,-0.523394,4.98185,-3.92766e+06,-1,3.44179e-10,1,0
7.64747e-05,-0.297912,0.000691189,-0.523865,4.98337,-3.89555e+06,-1,2.90573e-10,1,0
7.67842e-05,-0.298151,0.000453171,-0.523645,4.9835,-3.88297e+06,-1,3.77578e-10,1,0
7.73746e-05,-0.298899,0.000265622,-0.523514,4.98347,-3.86301e+06,-1,3.77578e-10,1,0
7.82191e-05,-0.299372,0.00025039,-0.523935,4.98272,-3.82735e+06,-1,1.39473e-09,1,0
7.85592e-05,-0.299351,0.000350116,-0.524284,4.98217,-3.81052e+06,-1,9.3665e-10,1,0
7.89264e-05,-0.299714,0.000419891,-0.523979,4.98292,-3.79739e+06,-1,4.81161e-12,1,0
7.9435e-05,-0.299721,0.000335488,-0.524247,4.98243,-3.77317e+06,-1,3.765e-10,1,0
7.97809e-05,-0.299495,0.000528714,-0.523898,4.98244,-3.75397e+06,-1,3.765e-10,1,0
8.08571e-05,-0.298792,0.00112994,-0.522814,4.98269,-3.69531e+06,-1,1.88361e-09,1,0
8.1438e-05,-0.299207,0.000867856,-0.522986,4.98516,-3.67405e+06,-1,5.61331e-10,1,0
8.19116e-05,-0.298938,0.00100451,-0.523193,4.98428,-3.64952e+06,-1,3.5966e-10,1,0
8.2487e-05,-0.298301,0.000893507,-0.522889,4.98395,-3.61634e+06,-1,5.18959e-10,1,0
8.35981e-05,-0.297281,-1.59968e-05,-0.522341,4.9842,-3.55608e+06,-1,1.72297e-09,1,0
8.37799e-05,-0.297206,0.000122476,-0.522266,4.98251,-3.54747e+06,-1,1.8172e-10,1,0
8.43397e-05,-0.297542,8.83954e-05,-0.522564,4.98082,-3.52789e+06,-1,1.04722e-10,1,0
8.49732e-05,-0.297785,0.000226626,-0.523272,4.98061,-3.50446e+06,-1,2.22781e-10,1,0
8.52236e-05,-0.297988,5.01441e-05,-0.523352,4.98059,-3.49654e+06,-1,1.76262e-10,1,0
8.59253e-05,-0.29856,-0.000629312,-0.52308,4.98056,-3.47465e+06,-1,1.76262e-10,1,0
8.60219e-05,-0.298581,-0.000596849,-0.522997,4.97496,-3.47099e+06,-1,1.04831e-10,1,0
8.70493e-05,-0.299391,0.000446773,-0.523244,4.97423,-3.43933e+06,-1,1.24795e-09,1,0
8.86767e-05,-0.300636,0.00110027,-0.524618,4.97434,-3.39025e+06,-1,3.89449e-10,1,0
8.94046e-05,-0.300852,0.0017715,-0.525217,4.97381,-3.36506e+06,-1,7.91952e-10,1,0
8.9732e-05,-0.301033,0.00208945,-0.525394,4.97353,-3.3548e+06,-1,3.38289e-10,1,0
9.07805e-05,-0.302115,0.00295208,-0.525291,4.97318,-3.32797e+06,-1,1.38748e-09,1,0
9.09535e-05,-0.30221,0.00286726,-0.52523,4.97677,-3.32269e+06,-1,1.33346e-10,1,0
9.14252e-05,-0.302624,0.00288679,-0.524963,4.97709,-3.31008e+06,-1,4.88983e-10,1,0
9.22746e-05,-0.302764,0.00190336,-0.524918,4.97651,-3.28112e+06,-1,7.67924e-10,1,0
9.23682e-05,-0.302801,0.00191685,-0.5248,4.97651,-3.2782e+06,-1,7.67924e-10,1,0
9.31201e-05,-0.303415,0.00163792,-0.524313,4.97625,-3.25832e+06,-1,5.3275e-10,1,0
9.40503e-05,-0.30443,0.000982309,-0.524075,4.97399,-3.23689e+06,-1,1.83524e-09,1,0
9.44737e-05,-0.304365,0.000430446,-0.524103,4.97065,-3.22169e+06,-1,5.47239e-12,1,0
9.51299e-05,-0.304982,0.000279779,-0.524322,4.96929,-3.20596e+06,-1,7.04419e-10,1,0
9.57244e-05,-0.304484,0.000599828,-0.524686,4.96899,-3.18084e+06,-1,4.34187e-10,1,0
9.62741e-05,-0.304976,0.000522048,-0.524896,4.96838,-3.16779e+06,-1,5.76133e-10,1,0
9.69757e-05,-0.305084,0.000570014,-0.524588,4.97113,-3.14598e+06,-1,1.07209e-10,1,0
9.79728e-05,-0.305709,0.000683637,-0.523767,4.97086,-3.12035e+06,-1,8.02384e-10,1,0
9.84881e-05,-0.306087,0.000742374,-0.523209,4.97022,-3.10786e+06,-1,1.03048e-09,1,0
9.90898e-05,-0.306682,0.000807582,-0.522964,4.96936,-3.09499e+06,-1,3.60452e-10,1,0
9.99749e-05,-0.306554,0.000390821,-0.523177,4.96908,-3.06631e+06,-1,7.20128e-10,1,0
0.000100427,-0.306618,0.000402511,-0.522877,4.96955,-3.05314e+06,-1,2.43103e-10,1,0
0.000100534,-0.306633,0.000429989,-0.522842,4.97173,-3.05004e+06,-1,7.72001e-11,1,0
0.00010208,-0.30736,-0.000960313,-0.522106,4.97218,-3.01098e+06,-1,9.38014e-10,1,0
0.000102921,-0.307659,-0.00195909,-0.521718,4.97114,-2.98929e+06,-1,1.96979e-09,1,0
0.000103857,-0.308437,-0.00283492,-0.522121,4.96657,-2.96983e+06,-1,1.23898e-09,1,0
0.000105009,-0.307703,-0.00176686,-0.521764,4.96588,-2.93026e+06,-1,6.89136e-10,1,0
0.000105438,-0.307527,-0.00122813,-0.521803,4.96676,-2.91667e+06,-1,1.40137e-09,1,0
0.00010567,-0.307687,-0.00111294,-0.521961,4.9667,-2.91178e+06,-1,1.33035e-11,1,0
0.000106833,-0.307805,-0.00172901,-0.522821,4.9673,-2.88117e+06,-1,8.91681e-10,1,0
0.000107529,-0.307546,-0.00255568,-0.523063,4.96889,-2.86013e+06,-1,1.88194e-10,1,0
0.000108459,-0.308038,-0.00274709,-0.522881,4.97056,-2.84014e+06,-1,4.93482e-10,1,0
0.000109868,-0.308613,-0.00258178,-0.523394,4.97272,-2.80894e+06,-1,8.16498e-10,1,0
0.000110518,-0.308519,-0.00273461,-0.52399,4.97565,-2.79157e+06,-1,6.01256e-10,1,0
0.00011174,-0.307897,-0.00247051,-0.523209,4.96716,-2.75548e+06,-1,3.10151e-10,1,0
0.000112237,-0.307602,-0.00233953,-0.522635,4.96649,-2.74065e+06,-1,1.02633e-09,1,0
0.000113646,-0.307504,-0.00248901,-0.523748,4.96742,-2.70581e+06,-1,6.059e-10,1,0
0.000114157,-0.308035,-0.00234355,-0.523791,4.96904,-2.69834e+06,-1,1.18614e-10,1,0
0.000114578,-0.30854,-0.00211123,-0.523757,4.96902,-2.69283e+06,-1,1.18614e-10,1,0
0.000115814,-0.310022,-0.00142953,-0.523657,4.96896,-2.6769e+06,-1,2.74898e-09,1,0
0.000116453,-0.309856,-0.000628754,-0.523774,4.96905,-2.66079e+06,-1,6.61899e-11,1,0
0.000117476,-0.310122,-3.023e-06,-0.524104,4.96965,-2.63987e+06,-1,1.83077e-10,1,0
0.000118372,-0.310017,0.000459935,-0.524924,4.9694,-2.61901e+06,-1,8.74894e-10,1,0
0.000118768,-0.310349,0.000315191,-0.524975,4.96922,-2.61307e+06,-1,4.01862e-10,1,0
0.000120058,-0.309118,-0.000421212,-0.524053,4.96928,-2.57474e+06,-1,4.01862e-10,1,0
0.000120979,-0.310006,-2.63778e-05,-0.524385,4.97283,-2.56247e+06,-1,1.86034e-09,1,0
0.000121256,-0.310319,0.000116526,-0.524511,4.97352,-2.5592e+06,-1,1.48812e-09,1,0
0.00012161,-0.310027,-0.000238044,-0.524598,4.97354,-2.54936e+06,-1,1.48812e-09,1,0
0.000122445,-0.310537,-0.000772537,-0.524944,4.97317,-2.53614e+06,-1,2.50506e-10,1,0
0.000123174,-0.310807,-7.14638e-05,-0.525285,4.9747,-2.52331e+06,-1,1.22943e-10,1,0
0.000123788,-0.310443,0.000100144,-0.525417,4.98129,-2.50787e+06,-1,5.02605e-10,1,0
0.000124076,-0.310445,2.03961e-05,-0.525521,4.98066,-2.50206e+06,-1,2.23089e-10,1,0
0.000124473,-0.310118,0.000267921,-0.525549,4.97845,-2.49146e+06,-1,3.72939e-10,1,0
0.000125242,-0.30986,0.000312895,-0.526021,4.97615,-2.4741e+06,-1,3.36784e-10,1,0
0.000126225,-0.309194,-0.000172018,-0.526893,4.9769,-2.44955e+06,-1,5.79284e-10,1,0
0.000126348,-0.309187,-2.07353e-05,-0.52684,4.97644,-2.44712e+06,-1,4.30985e-11,1,0
0.000126826,-0.309026,0.00028064,-0.526988,4.97763,-2.43661e+06,-1,4.60478e-10,1,0
0.000127641,-0.308396,0.000178445,-0.527857,4.97714,-2.41612e+06,-1,1.37164e-09,1,0
0.000127854,-0.308553,5.65014e-05,-0.528017,4.97737,-2.41332e+06,-1,1.44431e-10,1,0
0.000128354,-0.308711,-0.000417398,-0.528451,4.97736,-2.40516e+06,-1,1.44431e-10,1,0
0.000129597,-0.309103,-0.00159778,-0.529529,4.97822,-2.3851e+06,-1,2.4453e-09,1,0
0.000130926,-0.307685,-0.0026284,-0.529677,4.97829,-2.35006e+06,-1,2.4453e-09,1,0
0.00013168,-0.30688,-0.00321337,-0.529761,4.97942,-2.33049e+06,-1,2.75781e-09,1,0
0.000132309,-0.307568,-0.00299007,-0.530038,4.9781,-2.32463e+06,-1,5.13904e-11,1,0
0.000132683,-0.307934,-0.00272493,-0.530138,4.97761,-2.32083e+06,-1,2.16578e-11,1,0
0.000132859,-0.308127,-0.00264118,-0.530156,4.97622,-2.3192e+06,-1,1.10506e-10,1,0
0.000133306,-0.307772,-0.0026942,-0.530162,4.97599,-2.30877e+06,-1,2.99102e-10,1,0
0.000134142,-0.307106,-0.0029926,-0.530995,4.9768,-2.28941e+06,-1,1.10722e-09,1,0
0.000134788,-0.30648,-0.00297989,-0.531368,4.9761,-2.27379e+06,-1,4.11721e-10,1,0
0.00013586,-0.3068,-0.001827,-0.531917,4.97404,-2.25821e+06,-1,6.3337e-10,1,0
0.000137396,-0.307474,-6.26558e-05,-0.532427,4.97114,-2.23787e+06,-1,2.45822e-10,1,0
0.000138476,-0.306907,4.33039e-05,-0.532988,4.97227,-2.21632e+06,-1,4.08638e-10,1,0
0.00013957,-0.305641,0.000567604,-0.533454,4.97233,-2.18987e+06,-1,4.08638e-10,1,0
0.000140605,-0.304655,0.00035752,-0.533987,4.97569,-2.16675e+06,-1,7.73573e-10,1,0
0.000141444,-0.303909,0.00100399,-0.533936,4.97597,-2.14862e+06,-1,1.10279e-10,1,0
0.000141885,-0.303522,0.000950071,-0.534101,4.97624,-2.13921e+06,-1,4.1642e-10,1,0
0.000142077,-0.303577,0.000976139,-0.533954,4.97724,-2.1367e+06,-1,1.30035e-10,1,0
0.000142567,-0.303668,0.00137543,-0.533451,4.9769,-2.13e+06,-1,6.48515e-10,1,0
0.00014296,-0.303963,0.00169068,-0.533302,4.97721,-2.12622e+06,-1,2.10691e-10,1,0
0.000144425,-0.304741,0.00309804,-0.533967,4.97762,-2.11003e+06,-1,1.24695e-09,1,0
0.00014503,-0.30423,0.00283512,-0.53429,4.97818,-2.09771e+06,-1,1.3927e-10,1,0
0.000145413,-0.303821,0.00257765,-0.534445,4.9782,-2.08938e+06,-1,1.3927e-10,1,0
0.000146196,-0.303231,0.00211526,-0.534707,4.97186,-2.07414e+06,-1,1.25972e-10,1,0
0.000146774,-0.303753,0.00201645,-0.534853,4.97372,-2.06953e+06,-1,1.70091e-10,1,0
0.000147424,-0.303221,0.00146307,-0.534519,4.97324,-2.0568e+06,-1,5.39828e-11,1,0
0.000148354,-0.303655,0.00124972,-0.534686,4.9725,-2.04682e+06,-1,7.87499e-10,1,0
0.000149022,-0.303887,0.00105481,-0.534411,4.97344,-2.0392e+06,-1,2.74007e-10,1,0
0.000149771,-0.303945,0.00112333,-0.533435,4.97334,-2.0294e+06,-1,6.82844e-10,1,0
0.000150099,-0.304013,0.00120444,-0.533269,4.97106,-2.02542e+06,-1,1.20764e-09,1,0
0.000150694,-0.304107,0.00121725,-0.533994,4.97128,-2.01804e+06,-1,4.58617e-10,1,0
0.000151221,-0.303831,0.00113252,-0.534066,4.97351,-2.00919e+06,-1,2.07773e-10,1,0
0.000151552,-0.304012,0.0011566,-0.534418,4.97507,-2.00599e+06,-1,2.81745e-10,1,0
0.000151818,-0.304061,0.0010383,-0.534735,4.97393,-2.0028e+06,-1,1.75778e-10,1,0
0.000152332,-0.303999,0.00118939,-0.535177,4.97415,-1.99563e+06,-1,1.39627e-10,1,0
0.000152593,-0.303726,0.00128646,-0.535363,4.97037,-1.99043e+06,-1,3.44747e-10,1,0
0.000152869,-0.303716,0.00130565,-0.535602,4.97734,-1.98678e+06,-1,4.95382e-11,1,0
0.000153696,-0.303789,0.00165386,-0.535822,4.98111,-1.97657e+06,-1,4.1256e-10,1,0
0.000154135,-0.30382,0.00163733,-0.535241,4.98111,-1.97113e+06,-1,4.1256e-10,1,0
0.000154717,-0.30386,0.00161542,-0.534472,4.984,-1.96398e+06,-1,1.35211e-09,1,0
0.000155454,-0.303496,0.00171041,-0.535365,4.98426,-1.95232e+06,-1,9.71847e-10,1,0
0.000156542,-0.303985,0.00169415,-0.53599,4.98514,-1.94187e+06,-1,7.15675e-10,1,0
0.000156834,-0.303841,0.00180918,-0.536276,4.98612,-1.93734e+06,-1,1.80248e-11,1,0
0.000157005,-0.30399,0.00179326,-0.536256,4.98907,-1.93618e+06,-1,3.15188e-11,1,0
0.000157544,-0.304209,0.00170171,-0.536861,4.99051,-1.93095e+06,-1,1.1031e-10,1,0
0.00015782,-0.303942,0.00176596,-0.536852,4.9921,-1.92587e+06,-1,1.97502e-10,1,0
0.00015835,-0.304508,0.00196129,-0.537017,4.99382,-1.923e+06,-1,5.60366e-10,1,0
0.00015882,-0.304535,0.00256898,-0.536879,4.99173,-1.91748e+06,-1,6.23874e-10,1,0
0.00015945,-0.30442,0.00255032,-0.537705,4.99174,-1.90919e+06,-1,6.23874e-10,1,0
0.000160417,-0.304244,0.00252168,-0.538974,4.99213,-1.89659e+06,-1,2.11618e-09,1,0
0.000160791,-0.303957,0.00272354,-0.538858,4.99254,-1.89038e+06,-1,1.84398e-10,1,0
0.000161247,-0.303762,0.00294379,-0.5387,4.99424,-1.88383e+06,-1,2.31999e-10,1,0
0.000161537,-0.303531,0.00303122,-0.538989,4.99505,-1.87902e+06,-1,3.65653e-10,1,0
0.000162981,-0.303806,0.0027387,-0.540295,4.99602,-1.86405e+06,-1,9.77441e-10,1,0
0.000163453,-0.304267,0.00271186,-0.540615,4.99338,-1.86149e+06,-1,3.46251e-11,1,0
0.000163883,-0.304054,0.00309501,-0.540266,4.99208,-1.85531e+06,-1,5.36542e-10,1,0
0.000164634,-0.303415,0.00278191,-0.539809,4.99211,-1.84297e+06,-1,9.52413e-11,1,0
0.000164758,-0.303269,0.00271396,-0.539775,4.99212,-1.8407e+06,-1,9.52413e-11,1,0
0.00016516,-0.303315,0.00253425,-0.539923,4.99508,-1.83649e+06,-1,3.02897e-10,1,0
0.000165568,-0.303269,0.00250693,-0.539456,4.99461,-1.83169e+06,-1,1.79495e-10,1,0
0.000166002,-0.303121,0.00261855,-0.538911,4.99461,-1.82601e+06,-1,1.79495e-10,1,0
0.000166737,-0.30287,0.00280752,-0.537988,4.99266,-1.81645e+06,-1,1.81952e-09,1,0
0.000167043,-0.303151,0.00263618,-0.537892,4.99236,-1.81481e+06,-1,2.73578e-10,1,0
0.000167268,-0.303276,0.0025575,-0.537796,4.99078,-1.81311e+06,-1,4.65455e-11,1,0
0.000167851,-0.303419,0.00328357,-0.537699,4.9908,-1.80766e+06,-1,7.45269e-10,1,0
0.000168783,-0.304604,0.00349668,-0.537424,4.99043,-1.80471e+06,-1,1.2354e-09,1,0
0.000169314,-0.304623,0.00382963,-0.537171,4.98952,-1.79916e+06,-1,1.49755e-10,1,0
0.000169993,-0.304751,0.00456182,-0.536718,4.9923,-1.79273e+06,-1,1.54064e-10,1,0
0.000170289,-0.304633,0.00484678,-0.536475,4.99131,-1.78892e+06,-1,1.46819e-12,1,0
0.00017115,-0.305107,0.00538306,-0.536961,4.99126,-1.78268e+06,-1,7.81464e-10,1,0
0.000171733,-0.305627,0.00556472,-0.537495,4.99159,-1.77967e+06,-1,7.3005e-10,1,0
0.000172921,-0.305925,0.00465522,-0.537972,4.98748,-1.76916e+06,-1,2.50143e-12,1,0
0.000173423,-0.305848,0.00468079,-0.538061,4.98539,-1.7636e+06,-1,2.9618e-10,1,0
0.000174679,-0.305088,0.00531091,-0.537693,4.98237,-1.74656e+06,-1,1.10092e-09,1,0
0.000175416,-0.305734,0.0051206,-0.536986,4.98234,-1.74291e+06,-1,1.10092e-09,1,0
0.000175866,-0.306159,0.00527301,-0.537113,4.98026,-1.74087e+06,-1,4.41005e-10,1,0
0.000176713,-0.30586,0.00588802,-0.537763,4.97955,-1.73083e+06,-1,7.10025e-10,1,0
0.000176901,-0.30575,0.0059822,-0.537904,4.98021,-1.72837e+06,-1,8.50059e-11,1,0
0.000177278,-0.305425,0.00606704,-0.538132,4.97996,-1.72286e+06,-1,6.32263e-11,1,0
0.000177945,-0.305691,0.00556329,-0.537857,4.9796,-1.7179e+06,-1,5.31446e-10,1,0
0.000178919,-0.305939,0.00605235,-0.538673,4.97803,-1.70992e+06,-1,2.10303e-10,1,0
0.000179756,-0.30603,0.005888,-0.5394,4.97825,-1.70247e+06,-1,8.35224e-10,1,0
0.000180159,-0.306105,0.00640037,-0.539417,4.9775,-1.69908e+06,-1,7.24879e-10,1,0
0.000180736,-0.305779,0.00709017,-0.539413,4.97775,-1.69186e+06,-1,8.44252e-10,1,0
0.000182106,-0.305154,0.00869823,-0.538849,4.97778,-1.67569e+06,-1,8.44252e-10,1,0
0.000182558,-0.304948,0.0092283,-0.538663,4.97779,-1.67042e+06,-1,8.44252e-10,1,0
0.000183247,-0.304715,0.0100677,-0.538457,4.97732,-1.66286e+06,-1,2.79922e-10,1,0
0.000183806,-0.304523,0.010083,-0.538571,4.97741,-1.65676e+06,-1,3.02995e-10,1,0
0.000184563,-0.303963,0.0095439,-0.539201,4.97744,-1.64694e+06,-1,3.02995e-10,1,0
0.000184887,-0.303722,0.00931389,-0.539469,4.9773,-1.64274e+06,-1,1.86652e-09,1,0
0.000185499,-0.303176,0.00978729,-0.539503,4.978,-1.63438e+06,-1,6.32291e-10,1,0
0.000186874,-0.302805,0.0110592,-0.540641,4.97799,-1.62037e+06,-1,3.06891e-10,1,0
0.000187851,-0.303281,0.0119069,-0.540773,4.97679,-1.61448e+06,-1,8.33022e-10,1,0
0.000188631,-0.303889,0.0124761,-0.54064,4.97832,-1.61102e+06,-1,8.66131e-10,1,0
0.000189581,-0.303943,0.011888,-0.54009,4.98458,-1.60324e+06,-1,2.28966e-10,1,0
0.000190551,-0.303803,0.0122654,-0.539083,4.98396,-1.59434e+06,-1,1.14069e-09,1,0
0.000191397,-0.302859,0.0119826,-0.539164,4.98495,-1.58236e+06,-1,2.13436e-10,1,0
0.000191577,-0.302705,0.0118773,-0.539153,4.98044,-1.58007e+06,-1,3.10721e-11,1,0
0.000191797,-0.302818,0.0116157,-0.53909,4.98012,-1.57885e+06,-1,2.91992e-10,1,0
0.000192548,-0.303327,0.0120695,-0.539507,4.97718,-1.57533e+06,-1,6.85457e-10,1,0
0.000193225,-0.303429,0.0123812,-0.540119,4.9779,-1.57035e+06,-1,9.35e-10,1,0
0.000193693,-0.303291,0.0127641,-0.539762,4.97977,-1.56584e+06,-1,3.29021e-10,1,0
0.000194235,-0.303384,0.0131621,-0.540141,4.98401,-1.56194e+06,-1,5.79118e-10,1,0
0.000195027,-0.303327,0.0121143,-0.540138,4.98426,-1.55531e+06,-1,1.04934e-09,1,0
0.000196138,-0.30259,0.0116103,-0.54066,4.98302,-1.54274e+06,-1,2.89899e-10,1,0
0.000196892,-0.302709,0.0110098,-0.540448,4.98027,-1.53744e+06,-1,1.2493e-09,1,0
0.000197077,-0.302863,0.0108384,-0.54038,4.97923,-1.53678e+06,-1,1.3059e-10,1,0
0.000197593,-0.302814,0.0114668,-0.540644,4.97924,-1.53251e+06,-1,1.3059e-10,1,0
0.000197878,-0.302694,0.011495,-0.540393,4.97844,-1.5297e+06,-1,3.04094e-10,1,0
0.000198882,-0.303552,0.0119281,-0.53954,4.97871,-1.52629e+06,-1,3.15454e-11,1,0
0.000199514,-0.304109,0.0121935,-0.538975,4.97788,-1.52425e+06,-1,2.13435e-09,1,0
0.000200454,-0.304286,0.0126191,-0.540131,4.97769,-1.51799e+06,-1,1.24453e-09,1,0
0.000200738,-0.304343,0.0123797,-0.540307,4.97989,-1.51612e+06,-1,8.53169e-11,1,0
0.000201073,-0.304668,0.0123345,-0.540392,4.97799,-1.51521e+06,-1,3.49095e-10,1,0
0.000201469,-0.304257,0.0122034,-0.540128,4.97885,-1.5102e+06,-1,1.20075e-10,1,0
0.000202364,-0.303445,0.0119926,-0.539571,4.97936,-1.4995e+06,-1,1.57041e-09,1,0
0.000202717,-0.303521,0.0122011,-0.53956,4.97951,-1.49726e+06,-1,1.76241e-10,1,0
0.000204355,-0.304002,0.0136088,-0.539951,4.97866,-1.48762e+06,-1,1.48523e-09,1,0
0.000205102,-0.304905,0.0136774,-0.539552,4.98177,-1.4866e+06,-1,9.90086e-10,1,0
0.000206288,-0.304141,0.0132429,-0.540288,4.98164,-1.47435e+06,-1,1.27945e-09,1,0
0.000206945,-0.30467,0.0129436,-0.540416,4.97649,-1.47223e+06,-1,6.89427e-10,1,0
0.000207262,-0.30485,0.0128014,-0.540328,4.97584,-1.47084e+06,-1,2.36181e-10,1,0
0.000208,-0.305182,0.0121539,-0.5409,4.97774,-1.46722e+06,-1,8.5806e-10,1,0
0.000208231,-0.305311,0.0118871,-0.540825,4.97774,-1.46621e+06,-1,8.5806e-10,1,0
0.00020988,-0.304774,0.0102406,-0.540414,4.97728,-1.45214e+06,-1,1.26274e-09,1,0
0.000211032,-0.304611,0.00925676,-0.53926,4.97568,-1.44344e+06,-1,1.52525e-09,1,0
0.000211705,-0.304334,0.0084782,-0.539593,4.9757,-1.43754e+06,-1,1.52525e-09,1,0
0.000211965,-0.304227,0.00817688,-0.539721,4.9757,-1.43527e+06,-1,1.52525e-09,1,0
0.000212256,-0.304107,0.00784087,-0.539865,4.97571,-1.43274e+06,-1,1.52525e-09,1,0
0.000212726,-0.303914,0.00729745,-0.540097,4.97602,-1.42867e+06,-1,2.24192e-09,1,0
0.000214233,-0.302788,0.00647508,-0.538671,4.97622,-1.41336e+06,-1,1.99483e-09,1,0
0.000214886,-0.30278,0.00696264,-0.538291,4.97371,-1.40903e+06,-1,7.33066e-10,1,0
0.000215228,-0.302449,0.00674672,-0.538071,4.97373,-1.40525e+06,-1,7.33066e-10,1,0
0.000216557,-0.302845,0.00754484,-0.537847,4.97106,-1.39845e+06,-1,1.27443e-09,1,0
0.000217289,-0.303577,0.0070094,-0.538113,4.97534,-1.39711e+06,-1,2.78427e-10,1,0
0.000217818,-0.30305,0.00704476,-0.538102,4.97606,-1.3913e+06,-1,1.9429e-10,1,0
0.000218437,-0.302588,0.00716561,-0.53781,4.9715,-1.38524e+06,-1,4.49921e-10,1,0
0.000219695,-0.303465,0.00629099,-0.538317,4.97197,-1.3813e+06,-1,7.26417e-10,1,0
0.000220641,-0.303695,0.00515364,-0.538604,4.97214,-1.37642e+06,-1,1.99967e-10,1,0
0.000221213,-0.304188,0.00544787,-0.538684,4.9743,-1.37509e+06,-1,1.53385e-10,1,0
0.000221654,-0.304733,0.00561204,-0.538816,4.97428,-1.37481e+06,-1,1.53385e-10,1,0
0.000222224,-0.305437,0.00582404,-0.538987,4.97424,-1.37445e+06,-1,1.53385e-10,1,0
0.000222702,-0.305983,0.00590464,-0.539171,4.97467,-1.37396e+06,-1,1.10079e-10,1,0
0.000223982,-0.306229,0.00681743,-0.538158,4.97224,-1.3672e+06,-1,9.37972e-10,1,0
0.000225073,-0.305441,0.00589228,-0.538751,4.97373,-1.35708e+06,-1,1.22421e-09,1,0
0.00022592,-0.30453,0.00587555,-0.538401,4.97498,-1.34796e+06,-1,2.46451e-10,1,0
0.000226991,-0.304165,0.0052878,-0.538165,4.98124,-1.33999e+06,-1,3.08885e-10,1,0
0.000227518,-0.303716,0.00529936,-0.537706,4.98209,-1.33491e+06,-1,2.65943e-10,1,0
0.000227978,-0.303514,0.00535405,-0.537349,4.982,-1.33133e+06,-1,2.07686e-10,1,0
0.000228638,-0.30411,0.00568552,-0.537296,4.98125,-1.33009e+06,-1,2.31999e-11,1,0
0.000229608,-0.30315,0.00497911,-0.536915,4.98134,-1.3203e+06,-1,8.12653e-11,1,0
0.000229779,-0.302991,0.0048577,-0.536863,4.98264,-1.31862e+06,-1,1.40796e-09,1,0
0.00023121,-0.301694,0.00477399,-0.537734,4.98335,-1.30485e+06,-1,1.9062e-11,1,0
0.000232342,-0.301495,0.00493202,-0.536255,4.98336,-1.29763e+06,-1,1.9062e-11,1,0
0.000232815,-0.301393,0.00486747,-0.535847,4.98221,-1.29456e+06,-1,1.98586e-09,1,0
0.000234124,-0.30092,0.00344617,-0.53672,4.98223,-1.2853e+06,-1,1.98586e-09,1,0
0.000234622,-0.300784,0.00292004,-0.536902,4.9816,-1.282e+06,-1,2.40885e-09,1,0
0.000236485,-0.300987,0.0011719,-0.535171,4.98159,-1.27275e+06,-1,2.40885e-09,1,0
0.000236827,-0.301138,0.000876891,-0.534911,4.97882,-1.27155e+06,-1,1.73704e-10,1,0
0.000238059,-0.301468,0.00158515,-0.536171,4.97996,-1.26636e+06,-1,6.93133e-10,1,0
0.000238396,-0.301426,0.00168357,-0.536583,4.97932,-1.26439e+06,-1,8.62036e-11,1,0
0.000239061,-0.301641,0.000844452,-0.536422,4.97931,-1.26177e+06,-1,8.62036e-11,1,0
0.000239504,-0.301783,0.000286171,-0.536314,4.9793,-1.26003e+06,-1,8.62036e-11,1,0
0.000240396,-0.302081,-0.000830837,-0.536117,4.97865,-1.2566e+06,-1,2.61858e-09,1,0
0.000241529,-0.302938,-0.00185583,-0.5368,4.97861,-1.25425e+06,-1,2.61858e-09,1,0
0.000242446,-0.303834,-0.00154622,-0.536799,4.97564,-1.25321e+06,-1,8.99605e-10,1,0
0.000243338,-0.304373,-0.00100448,-0.535898,4.97561,-1.25082e+06,-1,8.99605e-10,1,0
0.000244219,-0.304043,-4.3333e-05,-0.535532,4.97454,-1.24496e+06,-1,1.34212e-09,1,0
0.000245189,-0.304839,0.000349216,-0.535466,4.974,-1.24328e+06,-1,1.35029e-09,1,0
0.000245916,-0.304788,0.000965772,-0.535093,4.97222,-1.2394e+06,-1,7.52336e-10,1,0
0.000246407,-0.304217,0.000769828,-0.535334,4.97265,-1.23461e+06,-1,6.50689e-10,1,0
0.000246708,-0.303919,0.000713263,-0.535593,4.9721,-1.2319e+06,-1,3.98178e-10,1,0
0.000248258,-0.303323,0.0015667,-0.535362,4.96667,-1.2218e+06,-1,1.11245e-09,1,0
0.000249121,-0.304276,0.00181923,-0.535453,4.9654,-1.2214e+06,-1,8.17905e-10,1,0
0.000249904,-0.303475,0.00200885,-0.535868,4.96632,-1.21437e+06,-1,1.25307e-10,1,0
0.000250841,-0.302437,0.00242645,-0.536401,4.96637,-1.20569e+06,-1,1.25307e-10,1,0
0.000251651,-0.30154,0.0027872,-0.536861,4.96725,-1.19825e+06,-1,3.22001e-09,1,0
0.000252284,-0.301459,0.00286503,-0.536371,4.96607,-1.19492e+06,-1,4.36898e-10,1,0
0.000252868,-0.301594,0.00345814,-0.536422,4.96604,-1.19269e+06,-1,3.43367e-10,1,0
0.000253775,-0.301596,0.00392182,-0.537528,4.96729,-1.18844e+06,-1,1.3495e-09,1,0
0.000254879,-0.302788,0.00371875,-0.537786,4.96737,-1.18797e+06,-1,9.36852e-10,1,0
0.000255065,-0.302811,0.00389892,-0.537943,4.96758,-1.18719e+06,-1,1.81296e-10,1,0
0.00025623,-0.302688,0.00441476,-0.538832,4.96791,-1.18131e+06,-1,1.00268e-09,1,0
0.000256625,-0.302681,0.00447683,-0.538688,4.96545,-1.17947e+06,-1,7.85873e-10,1,0
0.000257941,-0.302934,0.00473952,-0.537134,4.96513,-1.17443e+06,-1,5.55001e-10,1,0
0.000258402,-0.303252,0.00452988,-0.53684,4.96484,-1.17357e+06,-1,5.99677e-10,1,0
0.000259065,-0.303655,0.00478236,-0.536387,4.96558,-1.17212e+06,-1,3.8448e-10,1,0
0.000259964,-0.304158,0.00467034,-0.535334,4.9657,-1.17e+06,-1,4.91388e-10,1,0
0.000260715,-0.303451,0.00472653,-0.535003,4.96806,-1.16392e+06,-1,8.14033e-10,1,0
0.000262371,-0.304638,0.00645701,-0.534375,4.96796,-1.16109e+06,-1,2.19744e-09,1,0
0.000263033,-0.304574,0.00690454,-0.534417,4.96703,-1.15793e+06,-1,2.34064e-10,1,0
0.000263306,-0.304488,0.00678044,-0.534567,4.97137,-1.1564e+06,-1,9.89896e-11,1,0
0.000263972,-0.304344,0.00619271,-0.534568,4.97334,-1.15294e+06,-1,3.89471e-10,1,0
0.000264911,-0.305192,0.00575582,-0.534906,4.97602,-1.15205e+06,-1,3.49966e-10,1,0
0.000265376,-0.304874,0.00589417,-0.534429,4.97118,-1.14884e+06,-1,5.83728e-10,1,0
0.000266464,-0.305786,0.00516251,-0.535268,4.97113,-1.14757e+06,-1,5.83728e-10,1,0
0.000266933,-0.306029,0.005223,-0.534942,4.97044,-1.14647e+06,-1,1.59565e-09,1,0
0.000267815,-0.306322,0.00556131,-0.534166,4.9703,-1.14378e+06,-1,1.39276e-10,1,0
0.000268187,-0.305975,0.00573678,-0.53443,4.96523,-1.1409e+06,-1,4.76818e-10,1,0
0.000269183,-0.305867,0.00525522,-0.53401,4.96593,-1.13628e+06,-1,3.78837e-10,1,0
0.000269718,-0.30537,0.00506081,-0.534255,4.96529,-1.13218e+06,-1,8.76483e-11,1,0
0.000269956,-0.305467,0.00477684,-0.534348,4.96528,-1.13155e+06,-1,8.76483e-11,1,0
0.00027107,-0.305923,0.0034445,-0.534783,4.96226,-1.12857e+06,-1,1.78774e-09,1,0
0.000271372,-0.305677,0.00352248,-0.534805,4.95947,-1.12641e+06,-1,2.76249e-10,1,0
0.000271964,-0.305852,0.00342449,-0.535289,4.95646,-1.1246e+06,-1,6.94571e-10,1,0
0.000272297,-0.305909,0.00359121,-0.535181,4.95566,-1.12344e+06,-1,4.90404e-10,1,0
0.000273137,-0.30559,0.00257111,-0.534882,4.95568,-1.11882e+06,-1,4.90404e-10,1,0
0.000274044,-0.305246,0.00147012,-0.534561,4.9557,-1.11386e+06,-1,4.90404e-10,1,0
0.000274298,-0.305198,0.00127402,-0.53466,4.9585,-1.11265e+06,-1,2.05971e-10,1,0
0.000275205,-0.305804,0.00102425,-0.535513,4.95705,-1.11118e+06,-1,6.4612e-11,1,0
0.00027619,-0.306625,0.0016222,-0.536005,4.95416,-1.1102e+06,-1,9.44814e-10,1,0
0.000277059,-0.307231,0.00217544,-0.535266,4.95345,-1.1089e+06,-1,9.76413e-11,1,0
0.000277922,-0.307682,0.00262965,-0.534387,4.95208,-1.10708e+06,-1,4.58114e-10,1,0
0.000278347,-0.308072,0.00276685,-0.534356,4.95261,-1.10679e+06,-1,2.0558e-10,1,0
0.000278706,-0.30799,0.00279465,-0.534617,4.95109,-1.10507e+06,-1,3.17271e-10,1,0
0.000279394,-0.308017,0.00354295,-0.53495,4.95268,-1.10245e+06,-1,7.54395e-10,1,0
0.000279803,-0.308386,0.00390199,-0.534782,4.95495,-1.10215e+06,-1,6.95305e-10,1,0
0.000280321,-0.308528,0.00352288,-0.534594,4.95179,-1.10063e+06,-1,2.79482e-10,1,0
0.000280526,-0.308684,0.0034542,-0.534521,4.95117,-1.10038e+06,-1,1.27289e-10,1,0
0.000281544,-0.308312,0.00432609,-0.533568,4.94712,-1.09508e+06,-1,1.34464e-09,1,0
0.000282172,-0.308078,0.00411975,-0.533925,4.9434,-1.09181e+06,-1,1.06064e-10,1,0
0.000282629,-0.307852,0.00424475,-0.534243,4.93969,-1.08925e+06,-1,4.66537e-10,1,0
0.000283704,-0.307055,0.00453805,-0.533254,4.94143,-1.08231e+06,-1,1.01909e-09,1,0
0.000284265,-0.306765,0.00478056,-0.53298,4.94185,-1.07915e+06,-1,2.05854e-11,1,0
0.000284992,-0.306363,0.00477938,-0.532326,4.94432,-1.07499e+06,-1,1.25134e-09,1,0
0.000285848,-0.305792,0.0056569,-0.532748,4.94307,-1.06977e+06,-1,1.30358e-10,1,0
0.00028621,-0.305707,0.00598722,-0.532704,4.94027,-1.06812e+06,-1,1.94937e-10,1,0
0.000286933,-0.305676,0.00576733,-0.531874,4.94185,-1.06532e+06,-1,5.86285e-10,1,0
0.000287804,-0.305217,0.00483289,-0.531447,4.94047,-1.0605e+06,-1,3.74404e-10,1,0
0.000288256,-0.305301,0.00472835,-0.53131,4.93901,-1.05913e+06,-1,1.705e-10,1,0
0.000288556,-0.305437,0.00454582,-0.53139,4.93436,-1.0585e+06,-1,3.47209e-11,1,0
0.000289418,-0.305944,0.00357815,-0.531663,4.93442,-1.0571e+06,-1,1.2513e-09,1,0
0.000290586,-0.307102,0.00345174,-0.531054,4.93383,-1.05684e+06,-1,1.66816e-10,1,0
0.000291293,-0.307471,0.00401411,-0.530838,4.93203,-1.05554e+06,-1,1.54344e-10,1,0
0.000291496,-0.307278,0.00388674,-0.530962,4.9342,-1.05414e+06,-1,7.58809e-11,1,0
0.000292583,-0.308558,0.00368623,-0.530477,4.93361,-1.0546e+06,-1,1.14957e-09,1,0
0.000293261,-0.308616,0.0038168,-0.529595,4.93361,-1.05236e+06,-1,1.14957e-09,1,0
0.000294316,-0.308495,0.00405415,-0.528697,4.93323,-1.04817e+06,-1,1.99968e-09,1,0
0.000294523,-0.30831,0.00412644,-0.528883,4.93436,-1.04681e+06,-1,5.56504e-10,1,0
0.000295021,-0.308121,0.00353923,-0.528729,4.93471,-1.0444e+06,-1,9.06825e-11,1,0
0.000295643,-0.308165,0.00342572,-0.528163,4.93294,-1.04235e+06,-1,6.1048e-10,1,0
0.000296554,-0.307969,0.00247027,-0.528289,4.93193,-1.03849e+06,-1,1.27836e-09,1,0
0.000296987,-0.308431,0.00269161,-0.528227,4.93089,-1.03853e+06,-1,1.75019e-10,1,0
0.000297608,-0.30919,0.00298777,-0.528155,4.93084,-1.03892e+06,-1,1.34446e-09,1,0
0.00029782,-0.309255,0.00295464,-0.528287,4.92992,-1.03839e+06,-1,5.20939e-11,1,0
0.000298029,-0.309308,0.00285988,-0.528235,4.92873,-1.03784e+06,-1,5.57251e-11,1,0
0.000298847,-0.308618,0.00299771,-0.528102,4.92591,-1.0327e+06,-1,2.62096e-10,1,0
0.000299728,-0.307524,0.0033797,-0.528151,4.92546,-1.02601e+06,-1,1.86544e-09,1,0
0.000300009,-0.307428,0.00315694,-0.528129,4.92641,-1.02473e+06,-1,7.69921e-11,1,0
0.000301123,-0.307695,0.00217951,-0.5278,4.92752,-1.02182e+06,-1,1.21286e-09,1,0
0.000301837,-0.308594,0.00198191,-0.527675,4.92644,-1.02239e+06,-1,1.44735e-09,1,0
0.000302387,-0.30907,0.00231034,-0.52795,4.92763,-1.0221e+06,-1,4.02384e-10,1,0
0.000302775,-0.30924,0.00246598,-0.527646,4.93236,-1.02135e+06,-1,4.06112e-10,1,0
0.000303356,-0.308809,0.00196389,-0.527896,4.92961,-1.01798e+06,-1,2.21672e-10,1,0
0.000303796,-0.309384,0.00188716,-0.527877,4.92958,-1.01839e+06,-1,2.21672e-10,1,0
0.000304879,-0.310797,0.0016986,-0.527829,4.92731,-1.01941e+06,-1,2.00689e-09,1,0
0.000305535,-0.311049,0.00185551,-0.528379,4.92471,-1.01805e+06,-1,1.16887e-10,1,0
0.000306696,-0.31092,0.00241665,-0.526993,4.92492,-1.01377e+06,-1,1.48533e-09,1,0
0.000307669,-0.312047,0.00239313,-0.526387,4.92486,-1.01423e+06,-1,1.48533e-09,1,0
0.00030812,-0.312571,0.00238221,-0.526105,4.92484,-1.01445e+06,-1,1.48533e-09,1,0
0.000309423,-0.314081,0.00235069,-0.525293,4.92323,-1.01506e+06,-1,3.63396e-09,1,0
0.00031012,-0.314322,0.00209348,-0.52516,4.92266,-1.01355e+06,-1,5.76272e-11,1,0
0.000310441,-0.314258,0.00230764,-0.525226,4.92499,-1.0123e+06,-1,3.26727e-10,1,0
0.000310704,-0.314271,0.00263716,-0.525308,4.9247,-1.01148e+06,-1,2.047e-10,1,0
0.000311492,-0.313504,0.00322894,-0.525153,4.92407,-1.00646e+06,-1,6.47828e-10,1,0
0.000312268,-0.312794,0.00370114,-0.52459,4.92409,-1.00169e+06,-1,1.41131e-09,1,0
0.000312748,-0.312661,0.00329706,-0.524948,4.92512,-999722,-1,5.11781e-10,1,0
0.000313496,-0.312528,0.00297529,-0.525569,4.92814,-996912,-1,3.53813e-10,1,0
0.000314057,-0.312451,0.00261366,-0.526143,4.92683,-994887,-1,5.05453e-10,1,0
0.00031558,-0.314323,0.00246533,-0.526848,4.92674,-996018,-1,5.05453e-10,1,0
0.000315826,-0.31445,0.00226878,-0.526952,4.9269,-995642,-1,2.13413e-09,1,0
0.000316722,-0.314472,0.00122289,-0.527209,4.92943,-992895,-1,1.29985e-09,1,0
0.000317529,-0.314231,0.00130865,-0.526177,4.92811,-989614,-1,1.13927e-09,1,0
0.000318691,-0.313803,0.000652124,-0.526193,4.92616,-984662,-1,9.52223e-10,1,0
0.000319354,-0.313105,0.000713641,-0.526607,4.92797,-980432,-1,6.52158e-10,1,0
0.000319751,-0.313476,0.00106833,-0.526651,4.92841,-980375,-1,4.7107e-12,1,0
0.0003206,-0.312767,0.00153851,-0.526978,4.92693,-975567,-1,3.0518e-10,1,0
0.000321392,-0.312456,0.00114169,-0.52789,4.92705,-972197,-1,9.18556e-10,1,0
0.000321504,-0.312443,0.00103897,-0.527839,4.92691,-971817,-1,1.53888e-10,1,0
0.000322346,-0.312839,0.000460925,-0.527857,4.92519,-970507,-1,6.38058e-10,1,0
0.000322928,-0.313106,0.000203625,-0.528325,4.92417,-969583,-1,2.11438e-10,1,0
0.000323544,-0.312739,0.000384255,-0.528067,4.92597,-966604,-1,2.68844e-10,1,0
0.000324741,-0.313045,0.000540999,-0.528252,4.92759,-963984,-1,1.09271e-10,1,0
0.000325701,-0.313221,0.00055142,-0.527489,4.92432,-961681,-1,4.44977e-10,1,0
0.000326442,-0.312757,0.000630167,-0.528172,4.92477,-958079,-1,7.59773e-10,1,0
0.000328078,-0.313468,0.00154782,-0.527131,4.92521,-955467,-1,9.5453e-10,1,0
0.000328968,-0.313573,0.00157882,-0.525964,4.92488,-953202,-1,2.12656e-09,1,0
0.000329794,-0.313221,0.00149183,-0.524976,4.92534,-949749,-1,5.55877e-10,1,0
0.000330934,-0.312917,0.000731527,-0.523743,4.92597,-945556,-1,8.59888e-10,1,0
0.000331702,-0.312804,0.000630522,-0.523631,4.92523,-943026,-1,2.79665e-11,1,0
0.000332724,-0.313005,0.000935353,-0.522962,4.92786,-940735,-1,9.9496e-10,1,0
0.00033311,-0.313128,0.00141032,-0.523099,4.92954,-940013,-1,5.09297e-10,1,0
0.000334113,-0.31267,0.00118387,-0.52188,4.92957,-935820,-1,5.09297e-10,1,0
0.000335053,-0.312993,0.000497512,-0.52104,4.92818,-934160,-1,9.6361e-10,1,0
0.000335361,-0.313139,0.000257334,-0.521073,4.92718,-933738,-1,1.8086e-10,1,0
0.000336275,-0.313735,-0.000329204,-0.520605,4.92545,-932971,-1,1.24757e-10,1,0
0.000336584,-0.313345,-0.00040457,-0.52058,4.92165,-930954,-1,4.01746e-10,1,0
0.00033761,-0.313772,0.000481282,-0.52102,4.92291,-929393,-1,3.44547e-10,1,0
0.000337792,-0.313663,0.000353531,-0.52119,4.92292,-928569,-1,3.44547e-10,1,0
0.000339274,-0.313365,-0.000725922,-0.520983,4.92209,-923635,-1,1.14597e-09,1,0
0.000339901,-0.312989,-0.000393988,-0.520838,4.92327,-920823,-1,9.83e-11,1,0
0.000340019,-0.312904,-0.000276043,-0.520852,4.92409,-920256,-1,2.75979e-11,1,0
0.000340395,-0.312774,1.98988e-05,-0.520783,4.92265,-918854,-1,6.25365e-11,1,0
0.000341221,-0.313597,-0.000178111,-0.520728,4.91942,-919044,-1,8.89946e-10,1,0
0.000341527,-0.313613,0.000115834,-0.520913,4.92031,-918269,-1,4.30896e-11,1,0
0.000342471,-0.312659,0.000609768,-0.520701,4.91941,-912950,-1,1.27961e-10,1,0
0.000343357,-0.312217,0.00107575,-0.520379,4.91716,-909308,-1,3.95069e-10,1,0
0.000344097,-0.31235,0.000837539,-0.520579,4.91879,-907740,-1,7.19664e-10,1,0
0.000344665,-0.312497,0.000772846,-0.520262,4.91643,-906667,-1,3.09392e-10,1,0
0.000345608,-0.311862,0.00181848,-0.520057,4.91646,-902358,-1,3.09392e-10,1,0
0.000346463,-0.311274,0.00234546,-0.519544,4.91526,-898432,-1,3.81315e-10,1,0
0.000347233,-0.31181,0.00192312,-0.519045,4.91686,-897987,-1,5.34242e-10,1,0
0.000348556,-0.313207,0.00112029,-0.518384,4.91785,-898584,-1,2.52439e-09,1,0
0.000349329,-0.313527,0.000528238,-0.517861,4.91893,-897511,-1,8.36802e-10,1,0
0.000350417,-0.314312,0.00172416,-0.517894,4.91889,-896968,-1,8.36802e-10,1,0
0.000351097,-0.314634,0.00235917,-0.51795,4.91897,-896148,-1,1.14319e-10,1,0
0.000352221,-0.314388,0.00381898,-0.517956,4.91898,-892586,-1,1.14319e-10,1,0
0.000353578,-0.313429,0.00433608,-0.51743,4.91804,-886450,-1,1.0143e-09,1,0
0.000353922,-0.313464,0.00458087,-0.517125,4.91638,-885687,-1,3.51666e-10,1,0
0.000355047,-0.313394,0.00378939,-0.517978,4.91509,-882683,-1,8.54497e-10,1,0
0.000356254,-0.312636,0.00248651,-0.517481,4.91764,-877564,-1,1.58747e-09,1,0
0.000356974,-0.313399,0.00211142,-0.517816,4.91525,-877933,-1,5.11812e-10,1,0
0.000357643,-0.313489,0.00175206,-0.518287,4.91444,-876542,-1,6.28021e-10,1,0
0.000358167,-0.314157,0.001908,-0.518361,4.91394,-877123,-1,9.41755e-10,1,0
0.00035972,-0.314148,0.00252122,-0.520069,4.91086,-873312,-1,8.64144e-10,1,0
0.000360135,-0.314242,0.0022914,-0.519592,4.91112,-872567,-1,2.24923e-10,1,0
0.000361006,-0.314267,0.00180688,-0.519453,4.90974,-870531,-1,7.64284e-10,1,0
0.000361874,-0.314583,0.00209014,-0.520511,4.90973,-869319,-1,7.64284e-10,1,0
0.00036327,-0.315064,0.00209274,-0.521223,4.90667,-867300,-1,5.48366e-10,1,0
0.000364527,-0.315109,0.000619454,-0.520477,4.90765,-864433,-1,1.65162e-09,1,0
0.000365566,-0.315302,0.000263389,-0.521554,4.90982,-862505,-1,8.1269e-10,1,0
0.000366829,-0.315015,-4.07756e-05,-0.521728,4.90634,-858753,-1,9.44649e-10,1,0
0.00036691,-0.31503,4.21924e-05,-0.521695,4.9067,-858601,-1,1.18972e-11,1,0
0.000367327,-0.315142,0.000559402,-0.521553,4.90669,-857932,-1,1.18972e-11,1,0
0.000367689,-0.315347,0.000457066,-0.521501,4.90486,-857645,-1,3.04941e-10,1,0
0.000369075,-0.316046,0.00180046,-0.520489,4.90482,-856319,-1,3.04941e-10,1,0
0.000369525,-0.31571,0.00147929,-0.520402,4.90565,-854368,-1,1.89063e-09,1,0
0.000369774,-0.315483,0.00124591,-0.520371,4.90567,-853177,-1,1.89063e-09,1,0
0.000370005,-0.315272,0.00102933,-0.520342,4.90609,-852074,-1,1.15279e-09,1,0
0.000370803,-0.315836,0.00100465,-0.52066,4.90402,-851762,-1,7.02644e-10,1,0
0.000371531,-0.316149,0.00134589,-0.521457,4.90375,-850937,-1,3.56488e-10,1,0
0.000372252,-0.316744,0.00117509,-0.5213,4.90362,-850885,-1,8.73802e-10,1,0
0.000372855,-0.317322,0.000918795,-0.520823,4.90339,-851060,-1,1.46627e-09,1,0
0.000373635,-0.318256,0.000620924,-0.520873,4.90271,-851783,-1,4.05934e-10,1,0
0.000374279,-0.318986,0.000322421,-0.520738,4.90237,-852267,-1,1.44202e-09,1,0
0.000374661,-0.318505,0.000375383,-0.52087,4.90042,-850115,-1,5.25416e-10,1,0
0.000375088,-0.318116,0.000636578,-0.520562,4.90044,-848109,-1,5.25416e-10,1,0
0.000376023,-0.317264,0.0012081,-0.519888,4.90049,-843736,-1,5.25416e-10,1,0
0.000377232,-0.317421,0.000657634,-0.51915,4.89964,-841448,-1,4.55165e-10,1,0
0.000377605,-0.317394,0.000177068,-0.519054,4.89964,-840544,-1,4.55165e-10,1,0
0.000378824,-0.317027,-6.24719e-05,-0.519352,4.89917,-836871,-1,7.87928e-10,1,0
0.000379219,-0.316843,-0.000133976,-0.519366,4.90055,-835516,-1,2.75811e-10,1,0
0.000379828,-0.317383,-0.000580708,-0.519179,4.90222,-835597,-1,6.61148e-10,1,0
0.000380124,-0.317328,-0.000388195,-0.519149,4.8974,-834802,-1,1.66161e-10,1,0
0.00038031,-0.31739,-0.000542209,-0.519034,4.8977,-834555,-1,2.50811e-10,1,0
0.00038062,-0.317461,-0.0007734,-0.518843,4.89823,-834064,-1,7.08557e-11,1,0
0.000380859,-0.317349,-0.000708097,-0.518792,4.89868,-833246,-1,1.13828e-10,1,0
0.000382121,-0.317472,-0.000839701,-0.51887,4.90251,-830817,-1,8.75849e-10,1,0
0.000382243,-0.317417,-0.000740345,-0.518857,4.90075,-830407,-1,8.55742e-11,1,0
0.000382566,-0.317297,-0.00052721,-0.519203,4.89932,-829392,-1,4.80149e-10,1,0
0.000382839,-0.317039,-0.000414349,-0.519279,4.89763,-828125,-1,3.20329e-10,1,0
0.000384396,-0.316439,-0.00142382,-0.519626,4.89634,-823210,-1,9.93548e-10,1,0
0.00038484,-0.31612,-0.00113755,-0.519477,4.89449,-821432,-1,1.284e-09,1,0
0.000385075,-0.316022,-0.000951423,-0.519305,4.89525,-820678,-1,6.27288e-10,1,0
0.000386342,-0.31485,-0.000679809,-0.519455,4.89673,-814953,-1,4.29661e-10,1,0
0.000387547,-0.314133,-0.000906732,-0.520848,4.89676,-810568,-1,4.29661e-10,1,0
0.000388401,-0.313556,-0.0011879,-0.521763,4.89702,-807301,-1,9.12486e-10,1,0
0.000389392,-0.313558,-0.00143579,-0.522612,4.89671,-805250,-1,7.19667e-10,1,0
0.000389719,-0.313327,-0.0010884,-0.522654,4.89632,-803983,-1,4.18397e-10,1,0
0.000390657,-0.312231,-0.00129714,-0.523046,4.89632,-799245,-1,8.99681e-11,1,0
0.000391697,-0.312681,-0.00161467,-0.524139,4.89593,-798272,-1,1.27852e-09,1,0
0.000392299,-0.313051,-0.00180886,-0.52481,4.89591,-797991,-1,1.27852e-09,1,0
0.000393339,-0.31369,-0.00214432,-0.525969,4.89588,-797507,-1,1.27852e-09,1,0
0.000393881,-0.314024,-0.00231921,-0.526573,4.89586,-797255,-1,1.27852e-09,1,0
0.000394146,-0.313708,-0.00219119,-0.526527,4.89281,-795920,-1,3.44834e-10,1,0
0.000395022,-0.313616,-0.00270192,-0.526652,4.89375,-793919,-1,1.05125e-10,1,0
0.000395514,-0.313873,-0.00218514,-0.526363,4.89373,-793582,-1,1.05125e-10,1,0
0.000396378,-0.314626,-0.00246642,-0.52686,4.8914,-793753,-1,9.80805e-10,1,0
0.000397382,-0.315345,-0.00279565,-0.526942,4.89249,-793557,-1,9.54188e-10,1,0
0.000398149,-0.31509,-0.00372978,-0.527219,4.89254,-791388,-1,1.00706e-09,1,0
0.00039885,-0.314493,-0.00432226,-0.526849,4.89246,-788499,-1,9.19402e-10,1,0
0.000398977,-0.31444,-0.00442739,-0.526749,4.88749,-788116,-1,2.26623e-12,1,0
0.000400136,-0.315712,-0.00490965,-0.52691,4.88879,-789012,-1,2.4728e-10,1,0
0.000400454,-0.315432,-0.00469194,-0.526951,4.88831,-787685,-1,2.07899e-10,1,0
0.000401385,-0.315248,-0.00373719,-0.52769,4.89035,-785401,-1,1.32543e-09,1,0
0.00040216,-0.314855,-0.0031505,-0.527518,4.88664,-782912,-1,2.83492e-11,1,0
0.000403379,-0.314269,-0.00175988,-0.527032,4.88658,-779092,-1,1.00896e-09,1,0
0.000404576,-0.313718,-0.000400482,-0.526474,4.88685,-775426,-1,2.93922e-09,1,0
0.000405314,-0.314163,-0.00022103,-0.527192,4.88804,-775111,-1,6.0204e-11,1,0
0.000405902,-0.314009,-0.000896403,-0.526853,4.88805,-773609,-1,6.0204e-11,1,0
0.000406444,-0.313867,-0.00151875,-0.526541,4.88806,-772229,-1,6.0204e-11,1,0
0.000407243,-0.31359,-0.00205232,-0.526009,4.8852,-770030,-1,2.69875e-10,1,0
0.00040822,-0.313248,-0.00165467,-0.52527,4.88465,-767350,-1,1.06595e-09,1,0
0.000409156,-0.313595,-0.00262417,-0.525422,4.88889,-766445,-1,1.22799e-10,1,0
0.000409491,-0.313849,-0.0029235,-0.525335,4.88653,-766437,-1,1.85163e-10,1,0
0.000410387,-0.313735,-0.00341721,-0.525923,4.88527,-764485,-1,8.24638e-10,1,0
0.000410836,-0.313254,-0.00354389,-0.525769,4.88898,-762480,-1,7.13787e-11,1,0
0.00041151,-0.313097,-0.0034374,-0.52603,4.88789,-760849,-1,3.4443e-10,1,0
0.000411876,-0.313107,-0.00327886,-0.526482,4.88559,-760199,-1,4.79582e-10,1,0
0.000412469,-0.313494,-0.00269498,-0.526494,4.88793,-760043,-1,1.2017e-10,1,0
0.000412772,-0.313656,-0.00256406,-0.526575,4.88705,-759877,-1,9.42205e-10,1,0
0.000413602,-0.313817,-0.00360139,-0.526861,4.88826,-758743,-1,1.20165e-09,1,0
0.000414033,-0.313842,-0.00306149,-0.526752,4.88867,-758012,-1,4.99194e-10,1,0
0.000414944,-0.314546,-0.00219174,-0.526332,4.88575,-758045,-1,1.22918e-09,1,0
0.000415828,-0.313773,-0.00303663,-0.526152,4.88534,-754575,-1,1.15911e-09,1,0
0.000416836,-0.314457,-0.00246022,-0.525178,4.88531,-754390,-1,1.15911e-09,1,0
0.000417097,-0.314335,-0.0022457,-0.525183,4.88559,-753625,-1,1.4109e-09,1,0
0.000417811,-0.313771,-0.00271016,-0.525449,4.88125,-750987,-1,5.31471e-10,1,0
0.00041841,-0.313569,-0.00211268,-0.525392,4.88175,-749429,-1,6.56315e-10,1,0
0.000418814,-0.313624,-0.00242565,-0.525089,4.88181,-748838,-1,1.21981e-10,1,0
0.000419839,-0.312841,-0.00300456,-0.52507,4.88183,-745146,-1,9.46286e-10,1,0
0.000420898,-0.312942,-0.00170699,-0.52538,4.88413,-743512,-1,1.10024e-10,1,0
0.000422086,-0.312657,-0.00123232,-0.524811,4.87981,-740742,-1,2.43316e-10,1,0
0.000422551,-0.312552,-0.000956206,-0.524498,4.87847,-739680,-1,2.00103e-10,1,0
0.000424453,-0.312954,-0.000880823,-0.526473,4.87758,-737311,-1,5.57684e-10,1,0
0.000425346,-0.31341,-0.00173461,-0.52658,4.87479,-736836,-1,5.97866e-11,1,0
0.000426203,-0.313408,-0.0010055,-0.525782,4.87371,-735348,-1,1.66747e-10,1,0
0.000426584,-0.313624,-0.000627547,-0.525563,4.87353,-735200,-1,1.15614e-09,1,0
0.000427325,-0.313962,-0.0012334,-0.526061,4.87757,-734714,-1,8.98349e-10,1,0
0.000428077,-0.313491,-0.00141732,-0.526502,4.87727,-732323,-1,8.20824e-10,1,0
0.000428408,-0.313669,-0.00113722,-0.526222,4.87726,-732172,-1,8.20824e-10,1,0
0.00042917,-0.314308,-0.000630931,-0.525912,4.87733,-732362,-1,4.37685e-10,1,0
0.000429478,-0.314177,-0.000834416,-0.526093,4.8751,-731532,-1,2.31467e-10,1,0
0.000430046,-0.314779,-0.000609299,-0.525848,4.87586,-731965,-1,1.76065e-10,1,0
0.000431017,-0.31529,0.000105548,-0.526409,4.8758,-731503,-1,9.09997e-10,1,0
0.000432314,-0.315629,0.00129472,-0.527576,4.87579,-730092,-1,9.09997e-10,1,0
0.000432646,-0.315716,0.00159895,-0.527874,4.87662,-729733,-1,3.06566e-09,1,0
0.000433298,-0.315802,0.00216469,-0.527734,4.87649,-728834,-1,4.97284e-10,1,0
0.000433732,-0.315276,0.00235563,-0.527685,4.87677,-726890,-1,2.98578e-11,1,0
0.000434714,-0.314459,0.00323751,-0.527978,4.8754,-723371,-1,7.73656e-10,1,0
0.000435094,-0.314178,0.00360703,-0.528116,4.87245,-722093,-1,1.53912e-09,1,0
0.000436262,-0.314053,0.00422768,-0.528548,4.87229,-719874,-1,4.39677e-10,1,0
0.000436818,-0.314141,0.00478642,-0.529007,4.87228,-719158,-1,4.39677e-10,1,0
0.000438092,-0.314341,0.00606664,-0.530059,4.87227,-717523,-1,4.39677e-10,1,0
0.000438756,-0.314603,0.00648747,-0.530043,4.87254,-717034,-1,2.51681e-10,1,0
0.00043936,-0.314353,0.00586504,-0.530167,4.87272,-715479,-1,1.76228e-10,1,0
0.000439671,-0.31414,0.00554484,-0.530303,4.8728,-714488,-1,1.02323e-09,1,0
0.000440601,-0.314173,0.0044842,-0.529705,4.8728,-713055,-1,1.02323e-09,1,0
0.000441146,-0.3139,0.00387487,-0.529466,4.87065,-711556,-1,6.70086e-10,1,0
0.000441501,-0.313846,0.00407857,-0.529766,4.86933,-710862,-1,3.80068e-10,1,0
0.000442768,-0.313694,0.00354933,-0.529693,4.86773,-708484,-1,6.88081e-10,1,0
0.000443725,-0.314015,0.00296839,-0.528972,4.86651,-707680,-1,1.0657e-09,1,0
0.000444247,-0.314162,0.00362617,-0.52886,4.86651,-707178,-1,1.0657e-09,1,0
0.000445913,-0.31463,0.00572605,-0.528503,4.86787,-705585,-1,3.05135e-09,1,0
0.000446243,-0.314728,0.00586132,-0.528451,4.86953,-705284,-1,1.60567e-10,1,0
0.000446771,-0.31529,0.00624083,-0.528585,4.8695,-705710,-1,1.60567e-10,1,0
0.000447681,-0.31626,0.00689492,-0.528815,4.87185,-706440,-1,2.15425e-09,1,0
0.000448675,-0.316037,0.00600752,-0.528208,4.86718,-704378,-1,1.16586e-10,1,0
0.000449328,-0.315884,0.00553877,-0.527511,4.86646,-703013,-1,8.42195e-10,1,0
0.00045013,-0.316419,0.00608079,-0.526839,4.86694,-702950,-1,3.65026e-10,1,0
0.000451026,-0.315772,0.00679868,-0.526692,4.86565,-700119,-1,3.92684e-10,1,0
0.000451595,-0.315974,0.0069567,-0.52602,4.86613,-699686,-1,6.06813e-10,1,0
0.000452763,-0.316427,0.00662529,-0.524934,4.86473,-698881,-1,4.58094e-10,1,0
0.000453687,-0.316302,0.00649306,-0.524585,4.86856,-697182,-1,3.72076e-10,1,0
0.000453803,-0.316233,0.00658124,-0.524641,4.86593,-696851,-1,1.13978e-10,1,0
0.000454903,-0.316102,0.00567633,-0.524809,4.86404,-694879,-1,9.71123e-10,1,0
0.000455755,-0.315893,0.00570177,-0.525846,4.86238,-693119,-1,8.77657e-10,1,0
0.000455894,-0.315798,0.00559268,-0.525864,4.86126,-692701,-1,1.30662e-10,1,0
0.000456109,-0.315825,0.00549664,-0.525623,4.86128,-692434,-1,2.17327e-10,1,0
0.000456402,-0.315901,0.00527155,-0.525548,4.86275,-692154,-1,1.59313e-10,1,0
0.000456788,-0.316249,0.00524939,-0.525215,4.86515,-692333,-1,4.92521e-10,1,0
0.000457258,-0.315846,0.00501629,-0.524929,4.86584,-690740,-1,5.05457e-10,1,0
0.000458131,-0.316008,0.00455061,-0.525616,4.86273,-689777,-1,8.63934e-10,1,0
0.00045884,-0.315772,0.00529991,-0.525124,4.86274,-688197,-1,8.63934e-10,1,0
0.000459486,-0.315557,0.0059829,-0.524675,4.863,-686762,-1,1.77203e-09,1,0
0.000459911,-0.315506,0.00600985,-0.524906,4.86142,-686015,-1,1.47814e-10,1,0
0.000460454,-0.315804,0.00558699,-0.525331,4.86063,-685855,-1,3.68009e-10,1,0
0.000461287,-0.316015,0.00624337,-0.52547,4.8625,-685072,-1,2.58206e-11,1,0
0.000462022,-0.3163,0.00694666,-0.525563,4.86288,-684600,-1,1.53852e-09,1,0
0.000462598,-0.316359,0.00631349,-0.525831,4.86345,-683874,-1,3.28568e-10,1,0
0.000463852,-0.316321,0.00477656,-0.526402,4.86345,-681944,-1,3.28568e-10,1,0
0.000464096,-0.31627,0.00450596,-0.526483,4.86257,-681474,-1,5.01246e-11,1,0
0.000464976,-0.317091,0.00435841,-0.527148,4.86453,-681951,-1,4.96812e-11,1,0
0.000465828,-0.31776,0.00365598,-0.527288,4.863,-682141,-1,7.81299e-10,1,0
0.000466796,-0.317653,0.00351328,-0.528267,4.86494,-680496,-1,9.23189e-10,1,0
0.000467639,-0.316699,0.00322692,-0.528505,4.86448,-677229,-1,7.83113e-10,1,0
0.000467988,-0.31662,0.00334408,-0.528676,4.86594,-676555,-1,1.73504e-10,1,0
0.000468939,-0.316965,0.00254646,-0.528162,4.86328,-675921,-1,2.14881e-10,1,0
0.000469397,-0.317306,0.00214426,-0.528022,4.8624,-675986,-1,1.4744e-09,1,0
0.000470239,-0.318285,0.00204296,-0.528517,4.86274,-676858,-1,1.19784e-09,1,0
0.000470862,-0.317788,0.00199993,-0.527932,4.86117,-674907,-1,2.0066e-10,1,0
0.000471204,-0.318104,0.00197035,-0.528246,4.86115,-675089,-1,2.0066e-10,1,0
0.000471564,-0.318337,0.00217352,-0.528456,4.86125,-675067,-1,6.86285e-10,1,0
0.000471909,-0.318461,0.00259997,-0.528537,4.86124,-674835,-1,6.86285e-10,1,0
0.000472345,-0.318217,0.00282688,-0.528815,4.86242,-673695,-1,3.12438e-10,1,0
0.000473382,-0.317348,0.00216681,-0.529207,4.86177,-670383,-1,6.2168e-10,1,0
0.000474165,-0.317439,0.00221004,-0.529116,4.85942,-669470,-1,5.35868e-10,1,0
0.000474689,-0.317513,0.00221131,-0.52915,4.85865,-668886,-1,3.05895e-10,1,0
0.000476191,-0.318197,0.00175433,-0.529623,4.85683,-668212,-1,1.78623e-09,1,0
0.000477113,-0.317456,0.00151435,-0.528703,4.85706,-665368,-1,1.76285e-09,1,0
0.000478104,-0.317329,0.00156282,-0.527413,4.85706,-663723,-1,1.76285e-09,1,0
0.000478258,-0.317272,0.00156884,-0.527381,4.85773,-663390,-1,9.09463e-11,1,0
0.00047858,-0.31712,0.00186712,-0.527324,4.85772,-662626,-1,1.92342e-10,1,0
0.000478789,-0.317065,0.00202678,-0.527144,4.85446,-662223,-1,9.01142e-11,1,0
0.000479062,-0.317378,0.00204214,-0.527058,4.85406,-662499,-1,7.40576e-12,1,0
0.000479807,-0.317943,0.00270253,-0.527496,4.85485,-662649,-1,9.73388e-10,1,0
0.000480413,-0.317861,0.00270396,-0.527873,4.85375,-661640,-1,4.50521e-10,1,0
0.000480972,-0.317881,0.00203731,-0.52799,4.85292,-660913,-1,9.31039e-10,1,0
0.00048137,-0.31761,0.00163241,-0.527805,4.85263,-659804,-1,6.62452e-10,1,0
0.000482096,-0.317619,0.000947094,-0.527553,4.85611,-658830,-1,7.53477e-10,1,0
0.000482959,-0.31763,0.00131444,-0.526608,4.85535,-657675,-1,1.96257e-10,1,0
0.000483488,-0.317658,0.00152384,-0.525977,4.85442,-657014,-1,2.25862e-10,1,0
0.000484651,-0.318572,0.00250715,-0.525502,4.85372,-657323,-1,1.33514e-09,1,0
0.000485138,-0.318513,0.00313698,-0.525428,4.85372,-656540,-1,1.33514e-09,1,0
0.000485949,-0.318696,0.00257169,-0.526108,4.8577,-655822,-1,9.69903e-10,1,0
0.000486697,-0.318691,0.0034256,-0.525887,4.85403,-654804,-1,6.63807e-10,1,0
0.000487577,-0.318021,0.00250139,-0.526032,4.85406,-652248,-1,6.63807e-10,1,0
0.00048819,-0.317567,0.00186787,-0.526045,4.85374,-650499,-1,1.79683e-09,1,0
0.000489117,-0.316953,0.000969345,-0.525511,4.85378,-648010,-1,1.79683e-09,1,0
0.00049054,-0.317838,3.9814e-05,-0.525698,4.85548,-647934,-1,1.33788e-09,1,0
0.000491007,-0.318357,-0.000232357,-0.525856,4.85492,-648376,-1,1.50751e-11,1,0
0.000491755,-0.318511,-4.20098e-05,-0.525291,4.85316,-647703,-1,2.52347e-10,1,0
0.000492279,-0.318574,-4.69786e-05,-0.524954,4.85054,-647141,-1,4.15884e-11,1,0
0.0004925,-0.318622,-1.77639e-05,-0.524671,4.85054,-646948,-1,4.15884e-11,1,0
0.000493191,-0.319061,5.65239e-05,-0.524426,4.85086,-646931,-1,2.85137e-11,1,0
0.000493966,-0.319991,4.15095e-06,-0.524824,4.85081,-647799,-1,2.85137e-11,1,0
0.000494157,-0.320195,1.88646e-05,-0.524865,4.84823,-647962,-1,1.21344e-09,1,0
0.000495118,-0.319942,0.000951792,-0.524772,4.85013,-646193,-1,4.37413e-10,1,0
0.000495726,-0.319684,0.00158039,-0.524821,4.85073,-644881,-1,1.52476e-09,1,0
0.000496336,-0.319578,0.00197764,-0.524767,4.85516,-643875,-1,1.90904e-10,1,0
0.00049739,-0.318536,0.00241799,-0.523981,4.85414,-640415,-1,1.37787e-09,1,0
0.000498518,-0.319433,0.00208913,-0.524217,4.85299,-640765,-1,6.03534e-10,1,0
0.000499838,-0.319517,0.00275593,-0.524957,4.85402,-639241,-1,5.63628e-10,1,0
0.000500167,-0.319274,0.00274358,-0.524998,4.85454,-638335,-1,7.08128e-10,1,0
0.000500972,-0.318361,0.00242864,-0.525342,4.85312,-635487,-1,3.25968e-10,1,0
0.000501155,-0.318331,0.00242234,-0.525561,4.85496,-635195,-1,2.05631e-10,1,0
0.00050235,-0.319611,0.00295828,-0.526199,4.85629,-636232,-1,3.7424e-11,1,0
0.000503508,-0.320119,0.00365538,-0.525947,4.85354,-635779,-1,3.29742e-10,1,0
0.000503821,-0.319835,0.00352759,-0.52589,4.85207,-634819,-1,2.81889e-10,1,0
0.000504186,-0.319787,0.00378093,-0.525783,4.85029,-634263,-1,1.89904e-10,1,0
0.000505369,-0.318939,0.00368566,-0.524644,4.85068,-631102,-1,5.78626e-10,1,0
0.000505831,-0.319312,0.00361962,-0.525114,4.84782,-631263,-1,6.03532e-10,1,0
0.000506589,-0.319449,0.00422342,-0.524886,4.85078,-630587,-1,1.49885e-11,1,0
0.000507387,-0.32002,0.00370799,-0.525299,4.85309,-630722,-1,9.3974e-10,1,0
0.000508739,-0.321127,0.00267831,-0.524384,4.85166,-631222,-1,1.767e-09,1,0
0.000508964,-0.320881,0.00260774,-0.524466,4.84981,-630459,-1,1.71043e-11,1,0
0.000509583,-0.320712,0.00222186,-0.523775,4.84951,-629362,-1,8.09264e-10,1,0
0.000509922,-0.320625,0.00181744,-0.523876,4.84882,-628774,-1,1.34544e-10,1,0
0.000510824,-0.320511,0.000845803,-0.523741,4.84956,-627438,-1,4.47681e-10,1,0
0.000511219,-0.320039,0.000637558,-0.52375,4.84959,-626032,-1,4.47681e-10,1,0
0.000511779,-0.319975,0.00019429,-0.52408,4.84498,-625221,-1,5.00532e-10,1,0
0.000512454,-0.320835,0.00018913,-0.52399,4.84325,-626075,-1,2.12482e-11,1,0
0.000513867,-0.322566,0.00017095,-0.524627,4.84314,-627723,-1,1.84459e-09,1,0
0.000514799,-0.322735,-0.000884764,-0.524067,4.84365,-626914,-1,1.17663e-09,1,0
0.000515927,-0.322839,-0.000497181,-0.524558,4.84715,-625746,-1,7.41371e-10,1,0
0.000516427,-0.322323,-0.00016706,-0.524786,4.84718,-624140,-1,7.41371e-10,1,0
0.000516658,-0.322084,-1.45743e-05,-0.524892,4.84719,-623400,-1,7.41371e-10,1,0
0.000516872,-0.321864,0.000126267,-0.524989,4.8472,-622716,-1,7.41371e-10,1,0
0.000517193,-0.321533,0.000338047,-0.525136,4.84725,-621690,-1,2.2905e-09,1,0
0.000518365,-0.32141,0.000978318,-0.524754,4.84671,-620045,-1,1.10776e-09,1,0
0.000518976,-0.321011,0.000400667,-0.5247,4.84767,-618548,-1,5.74973e-11,1,0
0.000520075,-0.319904,1.99346e-06,-0.524275,4.84856,-615112,-1,4.69138e-10,1,0
0.0005206,-0.319633,-0.000365799,-0.523765,4.84857,-613970,-1,4.69138e-10,1,0
0.000520646,-0.319608,-0.00039852,-0.523719,4.85312,-613868,-1,8.02694e-10,1,0
0.000522107,-0.318962,1.27614e-05,-0.523151,4.85345,-610913,-1,8.66254e-10,1,0
0.000523449,-0.318129,-0.00130675,-0.522624,4.85884,-607756,-1,4.63865e-11,1,0
0.000523836,-0.317837,-0.00166177,-0.522413,4.85885,-606750,-1,4.63865e-11,1,0
0.000524623,-0.317373,-0.00251969,-0.522253,4.85886,-604955,-1,8.31995e-12,1,0
0.000525269,-0.31704,-0.00329495,-0.522224,4.85887,-603576,-1,8.31995e-12,1,0
0.000525818,-0.316756,-0.0039534,-0.5222,4.85937,-602407,-1,2.24129e-09,1,0
0.000526108,-0.316671,-0.00428418,-0.522341,4.86037,-601912,-1,3.56664e-10,1,0
0.000526371,-0.316631,-0.00424668,-0.522286,4.85835,-601536,-1,1.32937e-10,1,0
0.000526564,-0.316464,-0.00423234,-0.522359,4.85751,-600998,-1,6.60499e-11,1,0
0.000526958,-0.3162,-0.00396054,-0.522176,4.85709,-600048,-1,3.7287e-10,1,0
0.000527496,-0.316031,-0.00380459,-0.522341,4.85688,-599116,-1,2.31712e-10,1,0
0.000528093,-0.31564,-0.00344113,-0.522788,4.85657,-597698,-1,1.00824e-09,1,0
0.000528373,-0.315465,-0.0033883,-0.522865,4.8555,-597049,-1,5.08871e-10,1,0
0.000528734,-0.315664,-0.00359139,-0.523239,4.85556,-597019,-1,1.3449e-10,1,0
0.000529442,-0.316171,-0.00357386,-0.523636,4.85406,-597178,-1,5.04568e-10,1,0
0.00052995,-0.315765,-0.00361841,-0.523871,4.8524,-595839,-1,2.10285e-10,1,0
0.000530729,-0.315845,-0.00419815,-0.524406,4.852,-595116,-1,3.74294e-10,1,0
0.000531529,-0.316618,-0.00464817,-0.524134,4.8512,-595673,-1,6.90535e-11,1,0
0.000532615,-0.317226,-0.00391903,-0.524195,4.85093,-595601,-1,1.38812e-09,1,0
0.000533038,-0.317577,-0.00364566,-0.524227,4.84876,-595786,-1,6.51896e-11,1,0
0.000533698,-0.318386,-0.00337558,-0.524112,4.84872,-596567,-1,6.51896e-11,1,0
0.000535327,-0.317457,-0.00305949,-0.524674,4.84898,-593015,-1,1.58297e-09,1,0
0.000536372,-0.317484,-0.00442207,-0.524579,4.84738,-591910,-1,1.36619e-09,1,0
0.000537032,-0.316872,-0.00462338,-0.524699,4.84074,-590044,-1,2.33853e-10,1,0
0.000538397,-0.317598,-0.00363692,-0.523646,4.83976,-589896,-1,1.48675e-09,1,0
0.000538926,-0.317243,-0.00317784,-0.523284,4.83899,-588659,-1,9.68923e-10,1,0
0.000539218,-0.317299,-0.00293624,-0.52303,4.83942,-588444,-1,6.4178e-11,1,0
0.000539676,-0.31728,-0.00238021,-0.522812,4.83898,-587909,-1,5.978e-10,1,0
0.000540932,-0.317507,-0.00107277,-0.521848,4.83897,-586963,-1,5.978e-10,1,0
0.000541389,-0.31759,-0.000597956,-0.521498,4.83897,-586621,-1,5.978e-10,1,0
0.000542228,-0.317741,0.000275236,-0.520854,4.83896,-585992,-1,5.978e-10,1,0
0.000542874,-0.317858,0.000947823,-0.520358,4.83895,-585510,-1,5.978e-10,1,0
0.000543176,-0.317912,0.00126203,-0.520126,4.83895,-585284,-1,5.978e-10,1,0
0.000543903,-0.318528,0.00146773,-0.520502,4.84048,-585633,-1,4.75364e-09,1,0
0.000544217,-0.31872,0.00168685,-0.520579,4.83777,-585649,-1,9.60678e-10,1,0
0.00054577,-0.319112,0.00362606,-0.520136,4.83825,-584701,-1,2.24098e-09,1,0
0.000546088,-0.318994,0.00336802,-0.520089,4.8386,-584144,-1,2.50444e-10,1,0
0.0005463,-0.319064,0.0036301,-0.520058,4.83753,-584045,-1,6.57969e-12,1,0
0.000546755,-0.319424,0.00377231,-0.519675,4.83564,-584218,-1,1.51886e-10,1,0
0.000547031,-0.319542,0.00377953,-0.519442,4.83786,-584139,-1,6.01729e-11,1,0
0.00054759,-0.319559,0.00359945,-0.518736,4.83786,-583574,-1,6.01729e-11,1,0
0.000547908,-0.319708,0.00368662,-0.518794,4.84019,-583507,-1,2.73257e-10,1,0
0.000548856,-0.320413,0.00408126,-0.518983,4.83762,-583784,-1,7.98351e-10,1,0
0.000549534,-0.320636,0.00376744,-0.519416,4.8405,-583469,-1,1.59908e-10,1,0
0.000549864,-0.320543,0.00409318,-0.519215,4.8404,-582949,-1,2.43682e-10,1,0
0.000550163,-0.320648,0.00389484,-0.519208,4.83373,-582823,-1,2.76363e-10,1,0
0.000550286,-0.32073,0.00390473,-0.519159,4.83148,-582843,-1,3.57987e-10,1,0
0.000550536,-0.320448,0.00390309,-0.519251,4.83289,-582066,-1,3.09406e-10,1,0
0.000551035,-0.320741,0.0037825,-0.519253,4.83247,-582069,-1,3.6177e-10,1,0
0.000551673,-0.320846,0.0029886,-0.519477,4.83247,-581588,-1,3.6177e-10,1,0
0.000552138,-0.320923,0.0024095,-0.51964,4.83246,-581237,-1,3.6177e-10,1,0
0.000552652,-0.321008,0.00176893,-0.519821,4.83204,-580850,-1,2.22549e-09,1,0
0.000553472,-0.321725,0.00119615,-0.519294,4.83253,-581286,-1,1.03073e-09,1,0
0.000553909,-0.322158,0.0008381,-0.519393,4.83242,-581608,-1,5.70067e-10,1,0
0.000555466,-0.323015,0.00228825,-0.518259,4.83141,-581521,-1,2.0306e-09,1,0
0.000555675,-0.322832,0.00216745,-0.518147,4.83135,-580974,-1,1.20334e-10,1,0
0.000556518,-0.323134,0.00286077,-0.517507,4.83157,-580635,-1,7.99678e-11,1,0
0.000557207,-0.323272,0.00360861,-0.517507,4.83193,-580166,-1,3.71883e-10,1,0
0.000557435,-0.323303,0.0038354,-0.517482,4.83128,-579984,-1,3.21038e-11,1,0
0.00055824,-0.323592,0.00478137,-0.517126,4.83189,-579664,-1,1.05111e-09,1,0
0.000559592,-0.322825,0.00331168,-0.516716,4.82731,-576893,-1,5.10055e-11,1,0
0.000560595,-0.32324,0.00233054,-0.516276,4.827,-576602,-1,1.22728e-09,1,0
0.000561263,-0.322677,0.0029809,-0.516411,4.82703,-574913,-1,1.22728e-09,1,0
0.000562033,-0.322809,0.00235241,-0.516399,4.82937,-574360,-1,7.84017e-10,1,0
0.000563014,-0.322596,0.00269911,-0.515185,4.83158,-572981,-1,1.37372e-09,1,0
0.00056326,-0.322766,0.00287296,-0.515317,4.83206,-573033,-1,2.30114e-10,1,0
0.000564066,-0.322948,0.00244803,-0.515584,4.83117,-572535,-1,4.53992e-10,1,0
0.000564462,-0.322461,0.00249109,-0.515416,4.83119,-571272,-1,4.53992e-10,1,0
0.000564698,-0.322217,0.00249118,-0.51531,4.83197,-570601,-1,3.19062e-11,1,0
0.000565497,-0.322668,0.00248358,-0.516251,4.83107,-570591,-1,1.0425e-09,1,0
0.000566468,-0.323223,0.00213651,-0.51604,4.8325,-570593,-1,2.80162e-10,1,0
0.00056699,-0.323126,0.0016925,-0.516546,4.83254,-569897,-1,7.18527e-10,1,0
0.000567936,-0.322967,0.000760363,-0.517339,4.8341,-568667,-1,1.2486e-09,1,0
0.000568743,-0.322315,9.38822e-05,-0.516905,4.83497,-566714,-1,1.36891e-10,1,0
0.000569637,-0.321736,-0.000621821,-0.516744,4.83442,-564809,-1,1.88671e-09,1,0
0.000570972,-0.321986,-0.00155719,-0.517773,4.83466,-563925,-1,7.70131e-10,1,0
0.000572053,-0.321882,-0.00195026,-0.518027,4.83641,-562678,-1,8.32695e-10,1,0
0.000573007,-0.321586,-0.00201257,-0.517324,4.83777,-561226,-1,2.73283e-10,1,0
0.000574017,-0.32034,-0.00199874,-0.517627,4.83654,-558068,-1,9.56786e-10,1,0
0.000575133,-0.320248,-0.00298967,-0.517362,4.83058,-556824,-1,1.27118e-10,1,0
0.000575803,-0.320555,-0.00334681,-0.516723,4.82898,-556710,-1,1.14903e-09,1,0
0.000577031,-0.321498,-0.00373708,-0.515958,4.82863,-557158,-1,9.713e-10,1,0
0.000577091,-0.321456,-0.00373911,-0.515957,4.82804,-557028,-1,5.64321e-11,1,0
0.000577616,-0.320862,-0.00355905,-0.516215,4.83036,-555494,-1,6.66586e-10,1,0
0.000577727,-0.320809,-0.00351931,-0.516254,4.82612,-555295,-1,3.99151e-11,1,0
0.000578632,-0.31992,-0.00335615,-0.516087,4.82322,-552889,-1,1.75188e-10,1,0
0.00057884,-0.319902,-0.00343723,-0.515946,4.82374,-552661,-1,5.08362e-11,1,0
0.000579691,-0.319791,-0.00351881,-0.5153,4.82308,-551659,-1,5.35279e-10,1,0
0.000580264,-0.319668,-0.00329652,-0.516003,4.82408,-550901,-1,9.57291e-10,1,0
0.000580959,-0.31922,-0.00262523,-0.515627,4.82551,-549471,-1,8.9185e-10,1,0
0.000581589,-0.319071,-0.00258734,-0.516014,4.82612,-548619,-1,4.58044e-10,1,0
0.000582295,-0.318546,-0.00252266,-0.516424,4.82608,-547053,-1,7.21667e-10,1,0
0.000583469,-0.317971,-0.00178684,-0.516466,4.82018,-544967,-1,3.24762e-10,1,0
0.000584617,-0.318745,-0.0012615,-0.516054,4.81604,-545220,-1,1.10868e-10,1,0
0.000584866,-0.31875,-0.001233,-0.516004,4.81887,-544997,-1,1.50226e-10,1,0
0.000585632,-0.318795,-0.00115502,-0.516879,4.81702,-544362,-1,2.57413e-10,1,0
0.000585794,-0.318724,-0.00101781,-0.516881,4.81207,-544088,-1,2.76503e-11,1,0
0.00058645,-0.318281,-0.000309122,-0.517052,4.81254,-542725,-1,8.52966e-10,1,0
0.000587464,-0.318823,4.42622e-05,-0.516311,4.81196,-542711,-1,7.19795e-10,1,0
0.000587744,-0.318814,0.000273804,-0.516047,4.81139,-542438,-1,3.5276e-10,1,0
0.00058917,-0.320017,0.00119414,-0.51665,4.80907,-543166,-1,9.88196e-10,1,0
0.000589703,-0.319556,0.000826947,-0.516755,4.80907,-541893,-1,1.63593e-10,1,0
0.000590314,-0.319174,0.00067715,-0.516545,4.8116,-540685,-1,3.73005e-10,1,0
0.00059091,-0.319822,0.000938444,-0.516558,4.81187,-541237,-1,5.47132e-10,1,0
0.000591469,-0.319941,0.000718817,-0.516382,4.80676,-540927,-1,3.0214e-10,1,0
0.00059185,-0.319858,0.000233541,-0.516329,4.80606,-540437,-1,9.18669e-10,1,0
0.000592895,-0.320127,0.000871276,-0.517384,4.8024,-539938,-1,8.13578e-10,1,0
0.000593071,-0.320073,0.000768142,-0.51723,4.80233,-539687,-1,4.22266e-11,1,0
0.000593434,-0.320038,0.000809416,-0.517132,4.8046,-539299,-1,2.0309e-10,1,0
0.000594277,-0.31958,0.000926902,-0.518113,4.80399,-537763,-1,9.86938e-10,1,0
0.000594579,-0.319606,0.000990243,-0.518043,4.80313,-537534,-1,1.28343e-10,1,0
0.000595532,-0.319982,0.000651655,-0.517108,4.80386,-537305,-1,5.84994e-10,1,0
0.000596048,-0.319927,0.000777296,-0.516727,4.80241,-536747,-1,4.44394e-10,1,0
0.000596787,-0.319677,0.000368195,-0.515932,4.80229,-535664,-1,3.57543e-10,1,0
0.000597708,-0.319913,-6.46773e-05,-0.514841,4.80281,-535233,-1,1.19694e-09,1,0
0.00059848,-0.319809,-0.000331402,-0.515132,4.79892,-534369,-1,5.62421e-10,1,0
0.000598844,-0.320191,-0.00019756,-0.514887,4.79917,-534681,-1,4.72922e-10,1,0
0.000599324,-0.32018,-0.000614794,-0.514422,4.79917,-534235,-1,4.72922e-10,1,0
0.000600487,-0.320119,-0.00200677,-0.514032,4.79927,-533099,-1,9.51784e-10,1,0
0.000601601,-0.319615,-0.00240289,-0.514149,4.80197,-531273,-1,6.49298e-10,1,0
0.000602274,-0.319943,-0.00242839,-0.514308,4.8008,-531225,-1,2.57156e-10,1,0
0.000602406,-0.319919,-0.00241768,-0.514217,4.80053,-531069,-1,1.30039e-10,1,0
0.000602725,-0.320055,-0.00263416,-0.514412,4.79845,-531013,-1,4.48678e-11,1,0
0.000603076,-0.320023,-0.00271743,-0.51429,4.79849,-530651,-1,2.61489e-10,1,0
0.000603284,-0.320247,-0.00273049,-0.514441,4.7962,-530840,-1,2.70332e-10,1,0
0.000603601,-0.320218,-0.00297972,-0.514292,4.79528,-530512,-1,7.07128e-11,1,0
0.000604223,-0.320071,-0.00370652,-0.514467,4.79405,-529723,-1,3.38912e-10,1,0
0.000604533,-0.319902,-0.00397914,-0.514247,4.7925,-529173,-1,1.02684e-10,1,0
0.000604905,-0.319788,-0.00425686,-0.514145,4.78891,-528659,-1,9.39779e-11,1,0
0.000605706,-0.319366,-0.0042562,-0.514597,4.78814,-527262,-1,7.39342e-10,1,0
0.000605883,-0.319296,-0.0041408,-0.514479,4.78947,-526992,-1,7.28192e-11,1,0
0.000606677,-0.319265,-0.00422173,-0.514547,4.78791,-526253,-1,5.63302e-10,1,0
0.000607867,-0.319817,-0.00403238,-0.513323,4.78704,-526129,-1,1.2204e-09,1,0
0.000608105,-0.319829,-0.00388187,-0.51312,4.78674,-525944,-1,2.43425e-10,1,0
0.00060915,-0.319912,-0.00520319,-0.512964,4.78682,-525178,-1,9.88254e-10,1,0
0.000609981,-0.320222,-0.00484147,-0.51257,4.78587,-524969,-1,8.16777e-10,1,0
0.000610779,-0.319752,-0.00491924,-0.511652,4.78541,-523515,-1,1.03494e-09,1,0
0.000611134,-0.319824,-0.00501418,-0.511269,4.78616,-523328,-1,2.70419e-10,1,0
0.000611792,-0.319291,-0.00447289,-0.51113,4.79128,-521894,-1,5.88552e-11,1,0
0.000612343,-0.318755,-0.00411559,-0.511434,4.79089,-520550,-1,6.95916e-10,1,0
0.000613444,-0.318254,-0.0038457,-0.51192,4.78864,-518799,-1,9.79477e-10,1,0
0.000613841,-0.318331,-0.00423452,-0.512171,4.79039,-518589,-1,1.42563e-10,1,0
0.00061469,-0.31764,-0.00417125,-0.512335,4.78937,-516748,-1,2.70395e-10,1,0
0.000615451,-0.317628,-0.00464126,-0.513187,4.78976,-516090,-1,9.63175e-10,1,0
0.000616563,-0.318192,-0.00373035,-0.512307,4.78954,-516073,-1,7.80288e-10,1,0
0.000617376,-0.318392,-0.00356962,-0.512856,4.78968,-515718,-1,9.61581e-10,1,0
0.000618373,-0.318437,-0.00350464,-0.51415,4.78968,-514959,-1,9.61581e-10,1,0
0.000618858,-0.318581,-0.00376783,-0.514598,4.79082,-514788,-1,2.33084e-09,1,0
0.000619622,-0.318959,-0.00454782,-0.515081,4.78856,-514763,-1,1.34485e-09,1,0
0.000619945,-0.319072,-0.00425174,-0.515215,4.78828,-514678,-1,1.61813e-10,1,0
0.000621365,-0.317633,-0.00338056,-0.515455,4.78809,-511187,-1,9.43813e-10,1,0
0.000622174,-0.316711,-0.00346581,-0.515809,4.78799,-509039,-1,4.88313e-10,1,0
0.000623382,-0.315806,-0.00434132,-0.516741,4.78812,-506601,-1,8.37154e-10,1,0
0.00062416,-0.315242,-0.00493516,-0.517304,4.78707,-505065,-1,8.18323e-12,1,0
0.000625211,-0.314515,-0.00592502,-0.517475,4.7897,-503054,-1,1.28791e-09,1,0
0.000625472,-0.314654,-0.00581104,-0.517338,4.79043,-503067,-1,3.72961e-11,1,0
0.000625923,-0.315177,-0.00584977,-0.517412,4.79248,-503540,-1,5.90787e-10,1,0
0.000626592,-0.314989,-0.00545524,-0.516746,4.79169,-502702,-1,1.65399e-10,1,0
0.00062718,-0.314779,-0.00512411,-0.51609,4.7917,-501896,-1,1.65399e-10,1,0
0.000628322,-0.314857,-0.00467308,-0.5166,4.79067,-501108,-1,2.06634e-09,1,0
0.00062897,-0.315379,-0.00476329,-0.517144,4.79225,-501422,-1,5.58777e-10,1,0
0.000629445,-0.31529,-0.00483274,-0.517516,4.79228,-500902,-1,1.91727e-10,1,0
0.000629923,-0.315282,-0.00458019,-0.517797,4.79307,-500508,-1,2.04698e-10,1,0
0.000630574,-0.315928,-0.00487971,-0.51754,4.79242,-501016,-1,1.46985e-10,1,0
0.000631795,-0.317263,-0.00508719,-0.517121,4.79193,-502161,-1,1.85782e-09,1,0
0.000632581,-0.317892,-0.00448428,-0.516612,4.79225,-502532,-1,1.26342e-09,1,0
0.000632625,-0.317896,-0.00444397,-0.516641,4.79037,-502504,-1,4.58986e-11,1,0
0.000633048,-0.318235,-0.00402174,-0.516541,4.79036,-502703,-1,4.58986e-11,1,0
0.000633592,-0.318656,-0.00416019,-0.516401,4.79057,-502935,-1,8.18401e-10,1,0
0.000634283,-0.319029,-0.00493502,-0.516256,4.78982,-502976,-1,3.60961e-10,1,0
0.000634652,-0.319356,-0.00498808,-0.516312,4.79001,-503198,-1,1.92618e-10,1,0
0.000635572,-0.32028,-0.00463229,-0.516762,4.78819,-503924,-1,1.17236e-10,1,0
0.000637006,-0.320986,-0.00537778,-0.516197,4.79006,-503898,-1,5.42757e-10,1,0
0.000638288,-0.3224,-0.0048535,-0.516246,4.79163,-505102,-1,7.97924e-11,1,0
0.0006395,-0.3236,-0.00531393,-0.515913,4.79055,-506021,-1,2.17085e-09,1,0
0.000640047,-0.323768,-0.00537213,-0.515298,4.78964,-505851,-1,1.1266e-09,1,0
0.000640889,-0.324082,-0.00548865,-0.51439,4.79004,-505676,-1,1.38259e-09,1,0
0.000641707,-0.324781,-0.00616751,-0.514413,4.79008,-506121,-1,8.01903e-10,1,0
0.000643216,-0.32594,-0.00603467,-0.514858,4.79054,-506735,-1,9.94329e-10,1,0
0.00064442,-0.325619,-0.00694591,-0.516089,4.79073,-505290,-1,1.56446e-09,1,0
0.00064461,-0.325627,-0.00716693,-0.516035,4.79125,-505154,-1,1.20633e-11,1,0
0.000645038,-0.325398,-0.00699578,-0.516493,4.7917,-504463,-1,5.27017e-10,1,0
0.000645844,-0.326165,-0.00741161,-0.515915,4.79242,-505022,-1,1.0471e-09,1,0
0.000646168,-0.325972,-0.00743091,-0.515544,4.79323,-504469,-1,2.9464e-10,1,0
0.000646591,-0.325811,-0.00740117,-0.51589,4.7939,-503891,-1,4.30587e-10,1,0
0.00064775,-0.325257,-0.00744797,-0.515358,4.79525,-502133,-1,9.88383e-10,1,0
0.000648404,-0.324934,-0.00728447,-0.514956,4.79631,-501129,-1,5.81091e-10,1,0
0.000649419,-0.324261,-0.00673706,-0.515801,4.79598,-499309,-1,1.40318e-09,1,0
0.000650141,-0.324767,-0.00678902,-0.516081,4.79565,-499534,-1,1.12284e-10,1,0
0.00065025,-0.324784,-0.0068127,-0.516189,4.79462,-499476,-1,2.15292e-11,1,0
0.000651131,-0.324715,-0.00669221,-0.516565,4.79647,-498694,-1,5.47635e-10,1,0
0.000651405,-0.324991,-0.00655373,-0.516743,4.79622,-498907,-1,9.536e-10,1,0
0.000652209,-0.325768,-0.00685742,-0.516174,4.79666,-499484,-1,3.78367e-10,1,0
0.000652988,-0.326148,-0.00698129,-0.515434,4.79398,-499469,-1,1.56931e-11,1,0
0.000653986,-0.325766,-0.0071919,-0.514214,4.794,-498123,-1,1.56931e-11,1,0
0.000654973,-0.325684,-0.0077291,-0.513433,4.79331,-497248,-1,4.33739e-10,1,0
0.000655253,-0.325875,-0.0076364,-0.51335,4.79275,-497327,-1,2.92446e-10,1,0
0.000655817,-0.325199,-0.00789179,-0.513235,4.79278,-495869,-1,2.92446e-10,1,0
0.000656127,-0.324827,-0.00803232,-0.513172,4.7928,-495067,-1,2.92446e-10,1,0
0.000656455,-0.324883,-0.00819748,-0.513204,4.79348,-494906,-1,1.05326e-10,1,0
0.000657054,-0.324991,-0.00778378,-0.513473,4.79028,-494618,-1,2.75965e-10,1,0
0.000657424,-0.324947,-0.00792223,-0.513488,4.79049,-494272,-1,8.90365e-11,1,0
0.000658381,-0.324002,-0.00862722,-0.513356,4.79053,-492119,-1,3.44266e-10,1,0
0.000658558,-0.323846,-0.00879499,-0.513325,4.79054,-491750,-1,3.44266e-10,1,0
0.000659266,-0.323227,-0.00946257,-0.5132,4.7878,-490283,-1,2.04782e-09,1,0
0.000659855,-0.323099,-0.0092726,-0.512533,4.78932,-489652,-1,2.45746e-10,1,0
0.000660807,-0.32286,-0.00875768,-0.512085,4.79244,-488585,-1,1.5893e-10,1,0
0.000661252,-0.32271,-0.00867708,-0.511566,4.79152,-488029,-1,4.19802e-10,1,0
0.000661867,-0.322121,-0.00842534,-0.511595,4.79279,-486685,-1,6.50645e-10,1,0
0.000662581,-0.32142,-0.00838165,-0.511944,4.79333,-485103,-1,7.31914e-10,1,0
0.000662699,-0.321477,-0.00830299,-0.511982,4.79949,-485102,-1,2.29829e-11,1,0
0.000664146,-0.320222,-0.00716262,-0.511894,4.80246,-482156,-1,1.02467e-09,1,0
0.000665649,-0.31935,-0.00649663,-0.511825,4.80475,-479758,-1,5.45855e-10,1,0
0.000666343,-0.318955,-0.00599619,-0.511792,4.80361,-478666,-1,1.56228e-10,1,0
0.000667,-0.31833,-0.00562076,-0.511347,4.80541,-477256,-1,8.54501e-10,1,0
0.000667539,-0.318735,-0.00547953,-0.511288,4.80218,-477478,-1,4.95118e-10,1,0
0.000668297,-0.318142,-0.00508447,-0.511353,4.80785,-476050,-1,7.57132e-10,1,0
0.000668916,-0.317935,-0.00539988,-0.511346,4.80724,-475299,-1,2.58557e-10,1,0
0.000669466,-0.317821,-0.00565801,-0.510689,4.80726,-474738,-1,7.15558e-10,1,0
0.000670284,-0.31722,-0.00552406,-0.509992,4.80646,-473262,-1,8.29801e-10,1,0
0.000670838,-0.316977,-0.00597109,-0.509787,4.80695,-472509,-1,7.39365e-10,1,0
0.000671331,-0.316824,-0.00589054,-0.509582,4.80893,-471934,-1,4.18602e-10,1,0
0.000671979,-0.316919,-0.00649852,-0.510157,4.80905,-471620,-1,8.42414e-10,1,0
0.000673278,-0.317094,-0.00736885,-0.511596,4.81081,-470971,-1,1.69036e-09,1,0
0.000673427,-0.316998,-0.00744251,-0.5115,4.80942,-470723,-1,4.83913e-12,1,0
0.000674227,-0.317388,-0.00754734,-0.51122,4.80748,-470744,-1,5.83615e-10,1,0
0.000674838,-0.317284,-0.00756547,-0.511435,4.80859,-470162,-1,4.96075e-10,1,0
0.000675367,-0.317238,-0.00745579,-0.511199,4.81511,-469728,-1,2.43977e-10,1,0
0.000676236,-0.317111,-0.00726083,-0.510226,4.81164,-468935,-1,1.06561e-09,1,0
0.000676863,-0.317322,-0.00769039,-0.509565,4.81163,-468813,-1,1.06561e-09,1,0
0.000677944,-0.317105,-0.00771352,-0.50831,4.81175,-467745,-1,1.22707e-09,1,0
0.000678425,-0.316901,-0.00759235,-0.50773,4.81084,-467113,-1,1.62255e-09,1,0
0.000679069,-0.317675,-0.00790981,-0.507762,4.8123,-467811,-1,8.37299e-10,1,0
0.000679536,-0.317828,-0.00785893,-0.508349,4.81229,-467713,-1,8.37299e-10,1,0
0.000680636,-0.318186,-0.00773926,-0.509729,4.81295,-467484,-1,2.03967e-09,1,0
0.000682192,-0.319025,-0.00604533,-0.510175,4.81386,-467647,-1,1.60106e-09,1,0
0.000683804,-0.319023,-0.00705633,-0.508336,4.81386,-466541,-1,1.60106e-09,1,0
0.000684181,-0.319177,-0.00708361,-0.508353,4.81423,-466510,-1,2.52823e-10,1,0
0.00068488,-0.320083,-0.00708017,-0.508264,4.81375,-467356,-1,9.36986e-10,1,0
0.000685258,-0.320227,-0.0073711,-0.508621,4.81385,-467309,-1,1.20412e-10,1,0
0.000686092,-0.320114,-0.00682235,-0.509552,4.81385,-466576,-1,1.20412e-10,1,0
0.000687626,-0.319907,-0.00581292,-0.511263,4.81446,-465234,-1,3.08388e-09,1,0
0.000687954,-0.320152,-0.00590962,-0.510929,4.81395,-465369,-1,4.26274e-10,1,0
0.000688514,-0.319824,-0.00602133,-0.511308,4.81479,-464513,-1,5.57771e-10,1,0
0.000689903,-0.319585,-0.00593432,-0.513098,4.81566,-463231,-1,1.8082e-09,1,0
0.000690466,-0.319146,-0.00611842,-0.512768,4.81603,-462219,-1,1.43144e-10,1,0
0.000691246,-0.318798,-0.00587528,-0.512609,4.80833,-461193,-1,2.95111e-10,1,0
0.000691755,-0.318517,-0.00581819,-0.512032,4.80856,-460447,-1,1.92251e-10,1,0
0.000693362,-0.317928,-0.00564046,-0.512548,4.80659,-458530,-1,9.88165e-10,1,0
0.000694221,-0.318405,-0.00568671,-0.511587,4.80727,-458652,-1,9.68263e-10,1,0
0.000695099,-0.318198,-0.00602059,-0.510518,4.80727,-457773,-1,5.76647e-12,1,0
0.000696485,-0.318409,-0.00570977,-0.510098,4.81123,-457166,-1,8.42675e-10,1,0
0.000697311,-0.317982,-0.00606567,-0.510314,4.80965,-456012,-1,6.03422e-10,1,0
0.000697595,-0.317914,-0.00641033,-0.510199,4.80965,-455729,-1,6.03422e-10,1,0
0.000697787,-0.31788,-0.00645257,-0.510092,4.80407,-455555,-1,8.14726e-11,1,0
0.000698482,-0.317129,-0.00634462,-0.510164,4.80556,-454025,-1,8.24666e-10,1,0
0.000699302,-0.317332,-0.00553038,-0.509505,4.80555,-453783,-1,8.24666e-10,1,0
0.000699778,-0.317254,-0.00519942,-0.509902,4.8016,-453364,-1,5.30731e-10,1,0
0.000700665,-0.317822,-0.00561152,-0.510113,4.8036,-453600,-1,5.40779e-10,1,0
0.000701029,-0.317612,-0.00594098,-0.510312,4.80024,-453066,-1,4.50381e-10,1,0
0.000701292,-0.317605,-0.00579548,-0.51022,4.79907,-452886,-1,2.46148e-10,1,0
0.00070213,-0.318098,-0.00566187,-0.509257,4.79904,-453046,-1,2.46148e-10,1,0
0.000702741,-0.318052,-0.00625971,-0.5093,4.79815,-452587,-1,6.48611e-10,1,0
0.000703014,-0.318003,-0.00643723,-0.509384,4.79768,-452343,-1,8.69143e-11,1,0
0.000703474,-0.318351,-0.00640598,-0.509223,4.79619,-452541,-1,1.1504e-10,1,0
0.000704255,-0.318293,-0.00660358,-0.508713,4.79637,-451957,-1,7.48135e-10,1,0
0.000704731,-0.318139,-0.00612087,-0.509061,4.79617,-451433,-1,6.67297e-10,1,0
0.000705006,-0.318056,-0.00588949,-0.508809,4.79964,-451139,-1,3.50995e-10,1,0
0.000705433,-0.317667,-0.00550781,-0.508919,4.79966,-450315,-1,3.50995e-10,1,0
0.000705667,-0.317426,-0.00533001,-0.508951,4.79913,-449824,-1,6.72722e-10,1,0
0.000706096,-0.317143,-0.00543107,-0.50932,4.79867,-449149,-1,3.07282e-10,1,0
0.00070663,-0.316742,-0.00533916,-0.509721,4.79624,-448244,-1,3.64428e-10,1,0
0.000707595,-0.317483,-0.00554266,-0.509287,4.79273,-448679,-1,9.88027e-10,1,0
0.000708181,-0.317229,-0.00564515,-0.509293,4.793,-447949,-1,5.75251e-10,1,0
0.000708882,-0.317158,-0.00628921,-0.509744,4.79194,-447405,-1,9.50672e-11,1,0
0.000709828,-0.318071,-0.00633557,-0.50968,4.79238,-448096,-1,1.36912e-10,1,0
0.000710514,-0.317743,-0.00608192,-0.509734,4.79556,-447201,-1,3.03629e-10,1,0
0.0007112,-0.317698,-0.00602814,-0.508846,4.79377,-446707,-1,8.9032e-10,1,0
0.000712067,-0.317252,-0.00653797,-0.50959,4.79308,-445537,-1,1.11578e-10,1,0
0.000712354,-0.317075,-0.00664662,-0.509817,4.79694,-445109,-1,5.05864e-11,1,0
0.00071336,-0.316133,-0.00685406,-0.5107,4.80092,-443161,-1,1.32129e-09,1,0
0.000714406,-0.317277,-0.00742804,-0.510616,4.80206,-444114,-1,6.36071e-11,1,0
0.000714885,-0.317752,-0.00760728,-0.510543,4.80046,-444479,-1,8.68157e-11,1,0
0.000716218,-0.318167,-0.00696275,-0.512098,4.80044,-444231,-1,8.68157e-11,1,0
0.000717097,-0.319135,-0.0067598,-0.512194,4.80035,-445038,-1,9.31494e-10,1,0
0.00071797,-0.319445,-0.00667633,-0.513282,4.80034,-444928,-1,9.31494e-10,1,0
0.000718343,-0.319138,-0.00654883,-0.513601,4.80419,-444269,-1,4.46177e-10,1,0
0.000719215,-0.320185,-0.00684834,-0.513524,4.8041,-445186,-1,6.7706e-11,1,0
0.000719961,-0.320604,-0.00641781,-0.513664,4.80134,-445307,-1,6.58487e-10,1,0
0.000721392,-0.320912,-0.00532966,-0.51306,4.80489,-444851,-1,9.88289e-10,1,0
0.000721711,-0.320548,-0.00552619,-0.513025,4.80743,-444151,-1,4.14461e-10,1,0
0.000722467,-0.320967,-0.00555862,-0.512299,4.8079,-444266,-1,6.4539e-10,1,0
0.000723407,-0.319946,-0.00534916,-0.512497,4.81004,-442277,-1,1.05266e-09,1,0
0.000723868,-0.31981,-0.00560601,-0.51275,4.8066,-441808,-1,3.49693e-10,1,0
0.000724171,-0.319498,-0.00545273,-0.512936,4.80726,-441191,-1,3.94552e-10,1,0
0.000725201,-0.319709,-0.00541489,-0.512851,4.80911,-440856,-1,7.20638e-10,1,0
0.00072647,-0.319393,-0.00550918,-0.513297,4.81117,-439650,-1,1.27567e-09,1,0
0.000726833,-0.319532,-0.00562177,-0.513144,4.81158,-439622,-1,1.29533e-10,1,0
0.000727385,-0.319772,-0.00606087,-0.512688,4.81215,-439618,-1,8.1836e-10,1,0
0.000728151,-0.320321,-0.0061584,-0.511862,4.8115,-439911,-1,1.17117e-09,1,0
0.00072932,-0.318883,-0.00644726,-0.512206,4.81048,-437233,-1,1.41893e-09,1,0
0.000729755,-0.318482,-0.00626562,-0.511909,4.81107,-436424,-1,2.86296e-11,1,0
0.000731153,-0.318892,-0.00558231,-0.512241,4.81606,-436149,-1,2.99848e-10,1,0
0.000732877,-0.320129,-0.00393785,-0.511343,4.816,-436811,-1,2.99848e-10,1,0
0.000733783,-0.320778,-0.00307424,-0.510871,4.81516,-437157,-1,3.42419e-09,1,0
0.000734681,-0.320057,-0.00221185,-0.51108,4.81537,-435640,-1,6.13181e-10,1,0
0.000735148,-0.32001,-0.00206131,-0.510915,4.81571,-435300,-1,2.78266e-10,1,0
0.000735978,-0.319885,-0.00228184,-0.509865,4.81572,-434639,-1,2.78266e-10,1,0
0.000736162,-0.319837,-0.00229643,-0.509713,4.81473,-434466,-1,1.28452e-09,1,0
0.000736912,-0.319333,-0.00181213,-0.510394,4.81475,-433340,-1,1.28452e-09,1,0
0.000738073,-0.319386,-0.00263671,-0.510541,4.815,-432729,-1,1.0834e-09,1,0
0.000738864,-0.320109,-0.00206361,-0.51084,4.81287,-433245,-1,8.22681e-10,1,0
0.00073938,-0.319873,-0.00146663,-0.511037,4.81232,-432623,-1,6.71825e-10,1,0
0.000740698,-0.319415,-0.00169804,-0.512019,4.8132,-431235,-1,1.13028e-09,1,0
0.00074153,-0.32021,-0.00221092,-0.512545,4.81316,-431824,-1,1.13028e-09,1,0
0.000741804,-0.320488,-0.00212116,-0.512687,4.81305,-432039,-1,2.70334e-10,1,0
0.000742149,-0.320407,-0.00200461,-0.512722,4.80797,-431728,-1,2.61886e-10,1,0
0.000743005,-0.320103,-0.00141415,-0.512166,4.80904,-430822,-1,1.51741e-10,1,0
0.000743324,-0.320012,-0.0012062,-0.5121,4.81226,-430515,-1,1.2169e-10,1,0
0.000743998,-0.319402,-0.000720144,-0.512501,4.81229,-429305,-1,1.2169e-10,1,0
0.000744711,-0.318895,-0.000292512,-0.51311,4.81161,-428214,-1,1.28974e-09,1,0
0.000745618,-0.318593,7.41829e-05,-0.514034,4.81107,-427287,-1,1.62913e-10,1,0
0.000745825,-0.318468,0.000182506,-0.514246,4.81044,-427002,-1,2.69181e-10,1,0
0.000746544,-0.319295,-0.000116004,-0.514516,4.81047,-427697,-1,7.40196e-10,1,0
0.000746632,-0.319296,-0.000129572,-0.514582,4.81094,-427649,-1,6.47756e-11,1,0
0.000748142,-0.320162,-0.000144424,-0.516133,4.81164,-427943,-1,6.72422e-10,1,0
0.000748894,-0.320378,-0.000103108,-0.517085,4.8113,-427802,-1,2.32039e-09,1,0
0.000749494,-0.320334,-0.000497586,-0.517625,4.81032,-427401,-1,1.0857e-10,1,0
0.000750919,-0.320207,-0.000648264,-0.516948,4.81181,-426420,-1,1.12143e-09,1,0
0.000752195,-0.320817,0.000271488,-0.517633,4.80855,-426507,-1,1.39342e-09,1,0
0.000752847,-0.321592,-4.94171e-05,-0.517509,4.80851,-427167,-1,1.39342e-09,1,0
0.000753476,-0.322336,-0.000353446,-0.51741,4.80869,-427798,-1,1.63932e-09,1,0
0.000754351,-0.323145,0.000149876,-0.51708,4.80868,-428375,-1,1.979e-10,1,0
0.000755202,-0.32392,0.000327548,-0.51736,4.81075,-428918,-1,6.7119e-10,1,0
0.000756544,-0.323968,0.00155298,-0.516831,4.81068,-428221,-1,5.70681e-10,1,0
0.000757343,-0.323288,0.00173338,-0.517042,4.80885,-426872,-1,4.83468e-10,1,0
0.000758213,-0.323648,0.0016775,-0.517502,4.80803,-426857,-1,8.02584e-10,1,0
0.000759089,-0.323442,0.00206813,-0.518065,4.80763,-426093,-1,5.30065e-10,1,0
0.000759318,-0.323412,0.00194054,-0.518039,4.80176,-425924,-1,3.47014e-11,1,0
0.000759697,-0.323176,0.00152175,-0.517986,4.80199,-425402,-1,3.52692e-10,1,0
0.000759963,-0.323016,0.00122236,-0.518052,4.80199,-425042,-1,3.52692e-10,1,0
0.000760632,-0.32252,0.000597454,-0.518241,4.79995,-424016,-1,1.99189e-10,1,0
0.000761778,-0.323819,-9.28227e-05,-0.518002,4.79993,-425083,-1,1.49002e-09,1,0
0.000761959,-0.32393,-0.000235342,-0.518094,4.79832,-425128,-1,1.40505e-10,1,0
0.000762415,-0.324144,-0.000748687,-0.5183,4.7981,-425154,-1,6.6243e-10,1,0
0.000762836,-0.324175,-0.00112739,-0.518693,4.79725,-424960,-1,4.60723e-10,1,0
0.000763965,-0.324259,-0.00217104,-0.517984,4.79548,-424442,-1,7.59976e-10,1,0
0.000764418,-0.324468,-0.00195351,-0.517478,4.79126,-424463,-1,5.89211e-10,1,0
0.000764749,-0.32478,-0.00189101,-0.517709,4.79252,-424688,-1,5.63176e-11,1,0
0.000765571,-0.325569,-0.00198813,-0.517117,4.79177,-425263,-1,1.72693e-10,1,0
0.000766167,-0.326137,-0.00188353,-0.516698,4.7903,-425674,-1,3.84441e-10,1,0
0.000766784,-0.326168,-0.00154078,-0.516308,4.79067,-425371,-1,5.12183e-10,1,0
0.000767138,-0.326157,-0.00144158,-0.516192,4.78734,-425160,-1,2.23564e-10,1,0
0.000767975,-0.325989,-0.000966649,-0.516379,4.78953,-424479,-1,5.15292e-10,1,0
0.000768851,-0.325978,-0.00120072,-0.517302,4.78906,-423980,-1,8.87964e-10,1,0
0.000769354,-0.325966,-0.00162238,-0.517147,4.79137,-423688,-1,1.0514e-10,1,0
0.000770912,-0.32485,-0.0019747,-0.518746,4.79379,-421384,-1,5.3968e-10,1,0
0.000772004,-0.32406,-0.00219579,-0.519903,4.79389,-419765,-1,3.39474e-09,1,0
0.000772487,-0.323536,-0.00245559,-0.520129,4.79392,-418824,-1,3.39474e-09,1,0
0.000773493,-0.323208,-0.00322536,-0.520549,4.79327,-417855,-1,1.367e-09,1,0
0.000774991,-0.323589,-0.00341881,-0.520061,4.79274,-417539,-1,9.70042e-10,1,0
0.00077536,-0.323309,-0.00321162,-0.520128,4.79358,-416980,-1,3.33174e-10,1,0
0.00077636,-0.323661,-0.00211498,-0.520432,4.79722,-416896,-1,6.79421e-11,1,0
0.00077679,-0.324163,-0.00191233,-0.520575,4.79882,-417311,-1,5.59435e-10,1,0
0.000777792,-0.324191,-0.00270397,-0.5214,4.7994,-416809,-1,2.67211e-10,1,0
0.000778344,-0.323994,-0.00292725,-0.52119,4.80002,-416260,-1,4.70153e-10,1,0
0.000779172,-0.324682,-0.00319727,-0.520662,4.80286,-416701,-1,9.9132e-10,1,0
0.00078024,-0.324163,-0.00279707,-0.521023,4.80221,-415466,-1,8.0569e-11,1,0
0.000781352,-0.325525,-0.00303929,-0.521444,4.80236,-416618,-1,1.44601e-09,1,0
0.000781607,-0.325377,-0.00286751,-0.521396,4.80126,-416292,-1,1.36687e-11,1,0
0.000782373,-0.325403,-0.00227157,-0.521909,4.80171,-415918,-1,7.32093e-10,1,0
0.000782799,-0.325166,-0.00235621,-0.522134,4.80051,-415389,-1,2.64876e-10,1,0
0.000784256,-0.324227,-0.00292192,-0.523669,4.79954,-413420,-1,7.29867e-11,1,0
0.000784887,-0.324692,-0.00355757,-0.523869,4.80039,-413680,-1,7.30706e-11,1,0
0.00078632,-0.324604,-0.00220722,-0.522589,4.80039,-412814,-1,7.30706e-11,1,0
0.000787313,-0.324273,-0.00246213,-0.522853,4.80159,-411873,-1,8.58001e-10,1,0
0.000787496,-0.324306,-0.00265676,-0.522851,4.80078,-411819,-1,1.49376e-10,1,0
0.000787974,-0.324727,-0.00219949,-0.522835,4.80075,-412103,-1,1.49376e-10,1,0
0.000788434,-0.325142,-0.00193707,-0.522865,4.8021,-412390,-1,1.56585e-11,1,0
0.000789555,-0.326298,-0.00266224,-0.523353,4.8023,-413269,-1,1.52293e-11,1,0
0.000789879,-0.326259,-0.00297439,-0.523635,4.80162,-413049,-1,4.22533e-10,1,0
0.000790772,-0.325826,-0.00401244,-0.523349,4.79897,-412036,-1,1.16041e-09,1,0
0.000791678,-0.326481,-0.0041074,-0.524208,4.79864,-412391,-1,6.99945e-10,1,0
0.000792797,-0.326875,-0.00415496,-0.523488,4.79707,-412306,-1,4.06761e-10,1,0
0.000793838,-0.327085,-0.00442771,-0.522179,4.79745,-412030,-1,2.40059e-09,1,0
0.000795265,-0.328,-0.00308811,-0.523011,4.79858,-412442,-1,1.42334e-09,1,0
0.00079578,-0.328466,-0.00279644,-0.522668,4.79745,-412759,-1,6.00086e-10,1,0
0.000795981,-0.328443,-0.00287359,-0.522572,4.79903,-412627,-1,1.11089e-10,1,0
0.000796918,-0.328167,-0.00243969,-0.522373,4.79665,-411796,-1,6.60088e-10,1,0
0.000798611,-0.327416,-0.00301349,-0.520385,4.79599,-409982,-1,2.75859e-09,1,0
0.000799494,-0.327419,-0.00388028,-0.5206,4.7955,-409533,-1,4.83858e-10,1,0
0.000799963,-0.327405,-0.00406812,-0.520598,4.7937,-409275,-1,4.428e-11,1,0
0.0008004,-0.32703,-0.00369355,-0.520783,4.79356,-408584,-1,3.05841e-10,1,0
0.000801195,-0.327586,-0.00303877,-0.520869,4.795,-408872,-1,3.30891e-10,1,0
0.000801543,-0.327627,-0.00337744,-0.521108,4.79197,-408745,-1,3.97065e-10,1,0
0.000801722,-0.327542,-0.00342713,-0.521174,4.7929,-408548,-1,1.49421e-10,1,0
0.000802293,-0.328022,-0.00294269,-0.5211,4.79416,-408856,-1,1.05343e-10,1,0
0.000802929,-0.328407,-0.0027986,-0.520992,4.79458,-409011,-1,2.57229e-10,1,0
0.000803473,-0.327713,-0.00271809,-0.5211,4.79462,-407870,-1,2.57229e-10,1,0
0.000803665,-0.327515,-0.00264898,-0.521014,4.79396,-407527,-1,7.27597e-11,1,0
0.00080421,-0.327381,-0.00240434,-0.520666,4.79383,-407084,-1,5.20349e-10,1,0
0.000804879,-0.327425,-0.00276273,-0.520158,4.7956,-406801,-1,5.39657e-10,1,0
0.000805151,-0.327089,-0.00275374,-0.520229,4.79675,-406246,-1,3.48531e-10,1,0
0.000806085,-0.326278,-0.00273506,-0.520224,4.79778,-404769,-1,1.36157e-10,1,0
0.000806599,-0.325709,-0.00257676,-0.520166,4.79965,-403805,-1,6.47198e-10,1,0
0.000807117,-0.325049,-0.00251144,-0.520283,4.79807,-402729,-1,1.12026e-09,1,0
0.000807417,-0.325159,-0.00237125,-0.520499,4.79684,-402715,-1,2.22805e-10,1,0
0.000808252,-0.325152,-0.00225292,-0.521433,4.79728,-402290,-1,4.09523e-10,1,0
0.000809586,-0.325518,-0.000847207,-0.521372,4.79832,-402080,-1,2.47137e-10,1,0
0.000810737,-0.325415,-0.00132301,-0.522787,4.79832,-401382,-1,2.47137e-10,1,0
0.000811535,-0.325316,-0.00174614,-0.523495,4.79781,-400865,-1,1.85298e-10,1,0
0.000812367,-0.325633,-0.00212732,-0.523803,4.79427,-400844,-1,7.14591e-10,1,0
0.000812935,-0.32517,-0.00235973,-0.523805,4.79476,-399995,-1,4.80903e-10,1,0
0.000813295,-0.324871,-0.00252651,-0.524123,4.79475,-399450,-1,5.12982e-10,1,0
0.000814138,-0.324511,-0.00273518,-0.524686,4.79708,-398595,-1,8.922e-10,1,0
0.000815028,-0.324604,-0.00218992,-0.525337,4.79893,-398273,-1,8.40336e-10,1,0
0.000815753,-0.324662,-0.00275671,-0.526087,4.79652,-397991,-1,1.25856e-09,1,0
0.000816022,-0.324547,-0.00270642,-0.525997,4.79718,-397719,-1,1.52931e-10,1,0
0.000817137,-0.324701,-0.00291136,-0.524807,4.79798,-397364,-1,1.31887e-09,1,0
0.000817957,-0.325348,-0.00266471,-0.525618,4.79859,-397757,-1,1.19978e-09,1,0
0.000818472,-0.324749,-0.00296324,-0.525583,4.79673,-396774,-1,6.70219e-10,1,0
0.000819432,-0.325034,-0.0023541,-0.526634,4.79579,-396657,-1,1.2474e-09,1,0
0.000819722,-0.325308,-0.00255597,-0.526794,4.79577,-396852,-1,1.2474e-09,1,0
0.000820261,-0.32582,-0.00293169,-0.527091,4.79655,-397214,-1,1.07699e-09,1,0
0.000821185,-0.326285,-0.00306319,-0.526837,4.79806,-397334,-1,1.31143e-10,1,0
0.000821598,-0.326611,-0.00312842,-0.52661,4.79795,-397531,-1,1.14539e-11,1,0
0.000821999,-0.326502,-0.00294866,-0.526896,4.79101,-397204,-1,2.16094e-10,1,0
0.00082246,-0.326161,-0.00307172,-0.526507,4.79108,-396568,-1,2.03542e-10,1,0
0.000822721,-0.326175,-0.00301143,-0.526434,4.79141,-396458,-1,2.05903e-10,1,0
0.000823413,-0.326708,-0.00366173,-0.526709,4.78891,-396773,-1,1.01906e-09,1,0
0.000824859,-0.325843,-0.00461385,-0.525341,4.78895,-395029,-1,1.01906e-09,1,0
0.000825582,-0.325568,-0.00446455,-0.524883,4.78868,-394349,-1,4.21279e-10,1,0
0.000826225,-0.325304,-0.00472519,-0.524162,4.78626,-393724,-1,8.21568e-10,1,0
0.00082724,-0.3261,-0.00485516,-0.523898,4.78514,-394203,-1,8.62745e-10,1,0
0.000827555,-0.325865,-0.00502399,-0.523609,4.78515,-393768,-1,8.62745e-10,1,0
0.000828684,-0.325023,-0.00562768,-0.522572,4.78519,-392216,-1,8.62745e-10,1,0
0.000829681,-0.324774,-0.00611945,-0.521942,4.78423,-391445,-1,4.66421e-10,1,0
0.000830356,-0.325301,-0.00661949,-0.522068,4.78518,-391761,-1,7.21275e-11,1,0
0.0008309,-0.325264,-0.00615,-0.521771,4.78893,-391460,-1,1.19944e-10,1,0
0.000832406,-0.325686,-0.00658491,-0.521722,4.78628,-391259,-1,1.2479e-09,1,0
0.00083297,-0.32579,-0.00623347,-0.521088,4.78627,-391118,-1,1.2479e-09,1,0
0.000833371,-0.325525,-0.00594751,-0.521163,4.78173,-390612,-1,1.05705e-10,1,0
0.000834571,-0.325458,-0.00522273,-0.520909,4.78188,-389970,-1,2.21113e-10,1,0
0.000834851,-0.32576,-0.00531716,-0.52073,4.78187,-390201,-1,2.21113e-10,1,0
0.000835536,-0.326499,-0.00554814,-0.520294,4.78183,-390766,-1,2.21113e-10,1,0
0.000836543,-0.327406,-0.00582701,-0.51986,4.78344,-391380,-1,2.75776e-09,1,0
0.000837153,-0.327107,-0.00570923,-0.520583,4.78346,-390738,-1,2.75776e-09,1,0
0.000837581,-0.326897,-0.00562642,-0.521091,4.78347,-390286,-1,2.75776e-09,1,0
0.000838316,-0.326536,-0.00548447,-0.521962,4.78342,-389514,-1,2.4492e-09,1,0
0.000838732,-0.326635,-0.00513605,-0.522269,4.78411,-389439,-1,3.81665e-10,1,0
0.000839752,-0.325941,-0.00518705,-0.521946,4.78197,-388139,-1,3.35855e-10,1,0
0.000840783,-0.324809,-0.00490724,-0.521289,4.78203,-386318,-1,3.35855e-10,1,0
0.000841956,-0.324131,-0.00484388,-0.520387,4.7835,-384973,-1,4.65935e-10,1,0
0.000842172,-0.324254,-0.0049228,-0.520277,4.78463,-385022,-1,1.10636e-10,1,0
0.00084232,-0.324143,-0.00501653,-0.520384,4.78353,-384822,-1,1.80624e-10,1,0
0.000842959,-0.324186,-0.00467199,-0.520978,4.78066,-384581,-1,9.90588e-11,1,0
0.000843564,-0.323786,-0.00529718,-0.521056,4.77957,-383831,-1,2.51008e-10,1,0
0.000843745,-0.323706,-0.00511746,-0.521119,4.77719,-383653,-1,2.05229e-10,1,0
0.000844062,-0.323537,-0.00497186,-0.521353,4.77776,-383310,-1,1.14845e-10,1,0
0.000845092,-0.323014,-0.00443237,-0.520569,4.77836,-382223,-1,2.80905e-10,1,0
0.000846478,-0.321847,-0.00509987,-0.520174,4.77932,-380219,-1,5.73054e-10,1,0
0.000846885,-0.322156,-0.00548535,-0.520198,4.77778,-380401,-1,2.75868e-10,1,0
0.000847818,-0.32254,-0.00513188,-0.519174,4.77744,-380435,-1,9.9217e-10,1,0
0.000848796,-0.322934,-0.00415681,-0.519882,4.77742,-380461,-1,9.9217e-10,1,0
0.000849037,-0.323005,-0.00433277,-0.520082,4.7785,-380437,-1,1.30285e-09,1,0
0.00084972,-0.323092,-0.00447459,-0.520933,4.77852,-380233,-1,3.52221e-10,1,0
0.000850425,-0.322925,-0.00465137,-0.521795,4.77829,-379721,-1,1.12371e-09,1,0
0.000851772,-0.322305,-0.00497895,-0.523066,4.77773,-378393,-1,1.97063e-10,1,0
0.000852082,-0.322307,-0.00466673,-0.522945,4.77754,-378258,-1,4.70558e-11,1,0
0.000853448,-0.322084,-0.00406849,-0.52203,4.78257,-377391,-1,7.55558e-10,1,0
0.000854428,-0.321214,-0.0043686,-0.521151,4.78261,-375941,-1,7.55558e-10,1,0
0.000855174,-0.320553,-0.00459684,-0.520483,4.78265,-374840,-1,7.55558e-10,1,0
0.000855658,-0.320264,-0.00494785,-0.520134,4.7846,-374290,-1,3.17576e-10,1,0
0.000857091,-0.319085,-0.00501395,-0.518733,4.78391,-372289,-1,9.88228e-10,1,0
0.000857577,-0.318896,-0.00444546,-0.518536,4.78392,-371857,-1,9.88228e-10,1,0
0.000858115,-0.318591,-0.00404047,-0.518318,4.78621,-371269,-1,1.69845e-10,1,0
0.000858469,-0.318707,-0.00420481,-0.517965,4.78574,-371251,-1,1.97257e-10,1,0
0.000859736,-0.318531,-0.00377318,-0.517322,4.78434,-370499,-1,9.10621e-10,1,0
0.000860402,-0.318246,-0.00298281,-0.517121,4.78304,-369881,-1,1.85991e-09,1,0
0.000861153,-0.317837,-0.00278974,-0.517985,4.78306,-369083,-1,1.85991e-09,1,0
0.000862122,-0.31731,-0.00254078,-0.519099,4.78458,-368057,-1,2.23263e-09,1,0
0.000862931,-0.316651,-0.00207481,-0.519423,4.78462,-366948,-1,8.12821e-10,1,0
0.00086342,-0.316931,-0.00235391,-0.519076,4.78715,-367065,-1,4.5505e-10,1,0
0.000864786,-0.316616,-0.00252333,-0.520088,4.78515,-366121,-1,9.883e-10,1,0
0.000865478,-0.31638,-0.00289416,-0.519867,4.78683,-365555,-1,1.30054e-09,1,0
0.000866049,-0.316739,-0.00292052,-0.519219,4.78681,-365728,-1,1.30054e-09,1,0
0.000866516,-0.316977,-0.00300239,-0.51945,4.78125,-365806,-1,1.53268e-10,1,0
0.000866836,-0.317041,-0.00310987,-0.519334,4.78176,-365745,-1,1.75786e-10,1,0
0.000867155,-0.316794,-0.00331815,-0.519556,4.779,-365325,-1,2.27572e-10,1,0
0.000868303,-0.316546,-0.00353869,-0.518902,4.78023,-364557,-1,3.42309e-10,1,0
0.00086839,-0.316438,-0.00355729,-0.51892,4.77982,-364396,-1,6.10339e-10,1,0
0.000869338,-0.315971,-0.00365057,-0.519388,4.78045,-363462,-1,5.49654e-10,1,0
0.000870018,-0.316415,-0.0040168,-0.518768,4.78009,-363687,-1,5.50109e-10,1,0
0.000870696,-0.316173,-0.00348956,-0.518726,4.78204,-363126,-1,1.72441e-10,1,0
0.000871626,-0.315627,-0.00270435,-0.518539,4.78161,-362113,-1,3.83263e-10,1,0
0.000873373,-0.315509,-0.00261398,-0.517504,4.77751,-361254,-1,5.70674e-10,1,0
0.000874023,-0.315559,-0.00193688,-0.517888,4.77462,-361042,-1,6.4839e-10,1,0
0.000875195,-0.316825,-0.0013884,-0.518525,4.77456,-362005,-1,6.4839e-10,1,0
0.000875411,-0.316812,-0.00153093,-0.518706,4.76967,-361901,-1,2.32648e-10,1,0
0.000876319,-0.317675,-0.00128902,-0.519035,4.76648,-362510,-1,2.85983e-10,1,0
0.000877297,-0.317434,-0.00151278,-0.520107,4.76879,-361832,-1,5.88524e-10,1,0
0.000877814,-0.317498,-0.00150171,-0.520494,4.77133,-361691,-1,3.30169e-10,1,0
0.000878213,-0.317649,-0.00181773,-0.520605,4.77129,-361700,-1,2.15112e-10,1,0
0.000878764,-0.31805,-0.00164788,-0.52044,4.77263,-361929,-1,5.69161e-10,1,0
0.000879498,-0.318523,-0.00112597,-0.519929,4.77219,-362164,-1,1.15002e-09,1,0
0.000880395,-0.319622,-0.00124184,-0.519709,4.77209,-363044,-1,3.46303e-10,1,0
0.000880685,-0.319664,-0.00130098,-0.51986,4.77423,-362972,-1,1.89624e-10,1,0
0.000881752,-0.318367,-0.00162719,-0.52022,4.77389,-361062,-1,1.41538e-09,1,0
0.000883314,-0.317604,-0.000819538,-0.520795,4.77206,-359560,-1,4.54708e-10,1,0
0.000884117,-0.317235,-0.000756127,-0.520392,4.76903,-358816,-1,4.16903e-10,1,0
0.000884431,-0.316904,-0.000560183,-0.520351,4.76974,-358314,-1,1.00334e-09,1,0
0.000885137,-0.316665,-0.000125807,-0.520858,4.77431,-357758,-1,7.64425e-11,1,0
0.000885712,-0.316209,-0.00029173,-0.520821,4.77396,-357011,-1,7.68439e-10,1,0
0.000886028,-0.316183,-0.000591224,-0.520885,4.77541,-356855,-1,3.00632e-10,1,0
0.000886705,-0.315534,-0.000332002,-0.520612,4.77805,-355850,-1,1.05411e-10,1,0
0.000887434,-0.315371,0.000582373,-0.520571,4.77839,-355374,-1,1.32361e-10,1,0
0.000888167,-0.315504,0.00130673,-0.521174,4.77959,-355230,-1,9.51798e-10,1,0
0.000888757,-0.315359,0.00142879,-0.520433,4.7796,-354832,-1,7.65033e-10,1,0
0.000889099,-0.315399,0.0017437,-0.52071,4.7784,-354740,-1,4.09291e-10,1,0
0.000889516,-0.315258,0.00212158,-0.520542,4.77924,-354415,-1,4.50633e-10,1,0
0.000890118,-0.314555,0.00208565,-0.520598,4.77891,-353386,-1,8.43095e-10,1,0
0.000890878,-0.314627,0.00133227,-0.520078,4.77804,-353165,-1,2.82787e-10,1,0
0.000891363,-0.315164,0.00100522,-0.520097,4.77801,-353575,-1,2.82787e-10,1,0
0.000891874,-0.315474,0.00059434,-0.520217,4.77804,-353721,-1,1.9779e-10,1,0
0.000893575,-0.313457,0.000600698,-0.520497,4.7782,-350790,-1,1.30327e-09,1,0
0.00089418,-0.313404,0.000506601,-0.520882,4.77835,-350493,-1,2.23255e-10,1,0
0.000894796,-0.313218,0.000471509,-0.521658,4.77836,-350043,-1,2.23255e-10,1,0
0.00089535,-0.31305,0.00043998,-0.522355,4.77837,-349640,-1,2.23255e-10,1,0
0.000896575,-0.313138,0.000979155,-0.52088,4.7728,-349260,-1,1.93034e-09,1,0
0.000897563,-0.312635,0.000363052,-0.521395,4.77093,-348315,-1,1.52755e-10,1,0
0.000898213,-0.312192,-0.000266191,-0.521549,4.76989,-347570,-1,5.53602e-10,1,0
0.000899246,-0.31211,-0.00103619,-0.520457,4.77027,-347079,-1,1.33862e-09,1,0
0.000900607,-0.311172,-0.00246473,-0.52089,4.77286,-345514,-1,1.76302e-09,1,0
0.000902069,-0.310299,-0.00320872,-0.521012,4.77087,-343986,-1,7.74434e-10,1,0
0.000902456,-0.310289,-0.00333119,-0.520963,4.76463,-343827,-1,2.38384e-10,1,0
0.000903845,-0.309079,-0.00209084,-0.520881,4.76575,-341961,-1,1.7555e-09,1,0
0.000904918,-0.308108,-0.00132258,-0.521393,4.76728,-340481,-1,3.60601e-11,1,0
0.000905064,-0.307934,-0.00127448,-0.521368,4.76833,-340235,-1,1.84135e-10,1,0
0.000905557,-0.307595,-0.00157181,-0.521452,4.76879,-339675,-1,3.96516e-10,1,0
0.000906189,-0.307069,-0.00203131,-0.521022,4.76726,-338857,-1,8.19914e-10,1,0
0.000907404,-0.307557,-0.00195158,-0.519529,4.76904,-338942,-1,1.57369e-09,1,0
0.000908353,-0.306822,-0.00252501,-0.51919,4.76958,-337779,-1,1.04991e-09,1,0
0.00090893,-0.306634,-0.00200177,-0.518764,4.76956,-337357,-1,7.12208e-10,1,0
0.000910282,-0.305552,-0.00186997,-0.517441,4.76906,-335667,-1,9.88255e-10,1,0
0.00091078,-0.305998,-0.00154945,-0.517103,4.76846,-335974,-1,6.45041e-10,1,0
0.000911658,-0.304945,-0.00128514,-0.517443,4.76852,-334495,-1,6.45041e-10,1,0
0.00091227,-0.304521,-0.00112714,-0.517609,4.76589,-333805,-1,1.62097e-10,1,0
0.000912665,-0.304635,-0.000977921,-0.518046,4.76484,-333787,-1,5.28895e-11,1,0
0.000913344,-0.304282,-0.00107768,-0.517889,4.76333,-333152,-1,1.02816e-10,1,0
0.000914065,-0.303489,-0.00123925,-0.518274,4.76303,-332021,-1,3.48773e-10,1,0
0.00091494,-0.304067,-0.00147872,-0.518951,4.76186,-332336,-1,9.88177e-10,1,0
0.000915826,-0.30466,-0.000660966,-0.519493,4.75955,-332662,-1,1.14615e-09,1,0
0.00091679,-0.305075,-0.00152547,-0.520264,4.75822,-332764,-1,2.06755e-11,1,0
0.000917326,-0.304677,-0.00160864,-0.520391,4.75725,-332136,-1,4.425e-10,1,0
0.00091806,-0.305162,-0.00143619,-0.521189,4.75722,-332399,-1,4.425e-10,1,0
0.000919032,-0.305805,-0.00120788,-0.522246,4.75719,-332746,-1,4.425e-10,1,0
0.00091973,-0.30536,-0.00109811,-0.522168,4.75072,-332011,-1,5.34234e-10,1,0
0.000920127,-0.305291,-0.000766827,-0.521806,4.75007,-331792,-1,3.86524e-10,1,0
0.000920495,-0.304898,-0.000774199,-0.522007,4.74874,-331233,-1,4.33028e-10,1,0
0.000921225,-0.3046,-0.000739911,-0.522831,4.74909,-330646,-1,6.12256e-10,1,0
0.000921865,-0.304077,-0.000926144,-0.523314,4.74785,-329849,-1,1.39621e-10,1,0
0.000922583,-0.303486,-0.00133111,-0.523766,4.75082,-328953,-1,8.78763e-10,1,0
0.000923395,-0.302861,-0.00165753,-0.524544,4.75085,-327986,-1,8.78763e-10,1,0
0.00092397,-0.302418,-0.00188875,-0.525095,4.75087,-327302,-1,8.78763e-10,1,0
0.000924377,-0.302097,-0.00199983,-0.525287,4.74924,-326811,-1,7.7774e-11,1,0
0.000925084,-0.301649,-0.00232397,-0.525691,4.74879,-326077,-1,4.43958e-10,1,0
0.000925543,-0.301721,-0.00230864,-0.526064,4.74635,-325994,-1,2.52649e-10,1,0
0.000926337,-0.301943,-0.00288964,-0.526851,4.74679,-325954,-1,8.44488e-10,1,0
0.000927763,-0.303623,-0.00293661,-0.52713,4.74608,-327263,-1,2.67687e-10,1,0
0.000928325,-0.303347,-0.00261955,-0.526872,4.74655,-326768,-1,5.50156e-10,1,0
0.000929194,-0.302441,-0.00246919,-0.526925,4.74718,-325488,-1,2.08347e-10,1,0
0.000929567,-0.302387,-0.00271216,-0.526825,4.75281,-325299,-1,4.5641e-11,1,0
0.000930247,-0.302427,-0.00195567,-0.527273,4.75281,-325104,-1,4.5641e-11,1,0
0.00093192,-0.301953,-0.00202967,-0.528384,4.75405,-324012,-1,1.20842e-09,1,0
0.000932673,-0.301887,-0.00220397,-0.529218,4.75525,-323680,-1,7.76511e-10,1,0
0.00093309,-0.301881,-0.00215164,-0.529173,4.75309,-323528,-1,2.65718e-10,1,0
0.000933558,-0.301606,-0.00201626,-0.528906,4.75541,-323071,-1,3.60673e-10,1,0
0.000935608,-0.300715,-0.00236476,-0.529893,4.75206,-321411,-1,8.42108e-10,1,0
0.000936418,-0.300561,-0.00178732,-0.53,4.75044,-320969,-1,1.34558e-09,1,0
0.000937572,-0.299984,-0.000505423,-0.529498,4.75047,-319958,-1,1.34558e-09,1,0
0.000938939,-0.2993,0.00101199,-0.528904,4.7505,-318764,-1,1.34558e-09,1,0
0.000940015,-0.298276,0.00162728,-0.529094,4.75298,-317310,-1,9.4383e-10,1,0
0.000940873,-0.29832,0.00207933,-0.529901,4.75337,-317067,-1,6.78326e-10,1,0
0.000941569,-0.298107,0.00165341,-0.530624,4.7553,-316606,-1,5.20175e-10,1,0
0.000942163,-0.298122,0.00223339,-0.530725,4.75532,-316423,-1,4.60802e-10,1,0
0.000942997,-0.297314,0.00208154,-0.530025,4.75584,-315286,-1,1.07902e-09,1,0
0.000944103,-0.296923,0.00144591,-0.530107,4.75373,-314503,-1,2.9811e-10,1,0
0.000944462,-0.297259,0.00131228,-0.529833,4.75363,-314739,-1,3.99951e-10,1,0
0.000945639,-0.298109,0.00102808,-0.530267,4.75541,-315246,-1,3.3856e-10,1,0
0.000946571,-0.297822,0.0013954,-0.530422,4.75499,-314633,-1,7.57322e-10,1,0
0.000947622,-0.299007,0.00194123,-0.530036,4.75407,-315534,-1,1.80948e-09,1,0
0.000947917,-0.299245,0.00189831,-0.529935,4.75413,-315687,-1,2.25048e-10,1,0
0.000948648,-0.299146,0.00233463,-0.529952,4.75559,-315339,-1,3.77385e-11,1,0
0.000949379,-0.299038,0.00314556,-0.530427,4.75559,-314983,-1,3.77385e-11,1,0
0.000950136,-0.298704,0.0035098,-0.531235,4.75489,-314380,-1,1.70662e-09,1,0
0.000950493,-0.29828,0.00353858,-0.531189,4.75467,-313816,-1,4.16571e-10,1,0
0.000951151,-0.298633,0.00390804,-0.530993,4.75164,-313970,-1,6.45925e-10,1,0
0.000951877,-0.298125,0.00420047,-0.531151,4.75166,-313197,-1,3.65426e-10,1,0
0.000952794,-0.297079,0.00459443,-0.530754,4.75171,-311798,-1,3.65426e-10,1,0
0.000953665,-0.296353,0.00489595,-0.530348,4.74717,-310752,-1,2.73215e-09,1,0
0.000954757,-0.297546,0.00470037,-0.529617,4.74333,-311645,-1,1.56693e-09,1,0
0.000955124,-0.297464,0.00454416,-0.529894,4.74177,-311440,-1,1.53507e-10,1,0
0.000955646,-0.297715,0.00505423,-0.529654,4.74204,-311533,-1,5.238e-10,1,0
0.000955873,-0.297783,0.00533845,-0.529629,4.73799,-311530,-1,2.93353e-10,1,0
0.00095663,-0.298014,0.0059174,-0.529653,4.7381,-311525,-1,2.67281e-10,1,0
0.00095754,-0.298497,0.00691596,-0.529263,4.73808,-311733,-1,2.67281e-10,1,0
0.000957863,-0.29833,0.00701143,-0.529227,4.7392,-311454,-1,3.34047e-11,1,0
0.00095798,-0.298284,0.00690989,-0.529248,4.74281,-311368,-1,1.03788e-10,1,0
0.000958609,-0.297944,0.00626438,-0.529606,4.74282,-310808,-1,1.03788e-10,1,0
0.000958942,-0.298118,0.00597986,-0.529762,4.73931,-310882,-1,9.32153e-10,1,0
0.000959351,-0.298499,0.00601087,-0.529757,4.7377,-311146,-1,3.64557e-10,1,0
0.000960024,-0.298753,0.00611846,-0.529522,4.73856,-311193,-1,5.36227e-10,1,0
0.000961103,-0.29796,0.00575796,-0.530219,4.74014,-310019,-1,6.4681e-10,1,0
0.000961578,-0.297962,0.00574278,-0.530532,4.73854,-309867,-1,2.99028e-10,1,0
0.000962238,-0.29765,0.00564517,-0.530606,4.73892,-309331,-1,7.07336e-10,1,0
0.000963748,-0.298467,0.00477133,-0.529064,4.73888,-309694,-1,7.07336e-10,1,0
0.00096436,-0.298804,0.00461068,-0.528676,4.73668,-309847,-1,2.32142e-10,1,0
0.000965155,-0.298917,0.00491015,-0.529191,4.739,-309709,-1,7.17972e-10,1,0
0.000966782,-0.297861,0.00466438,-0.528799,4.73534,-308096,-1,1.00569e-09,1,0
0.000967821,-0.298153,0.00449052,-0.527705,4.73527,-308066,-1,6.52896e-10,1,0
0.000968169,-0.298126,0.0046536,-0.527305,4.73564,-307927,-1,4.4367e-12,1,0
0.000968906,-0.297636,0.00492513,-0.526887,4.73533,-307188,-1,2.01233e-10,1,0
0.000970417,-0.296099,0.00504694,-0.52635,4.73289,-305125,-1,1.42042e-09,1,0
0.000971656,-0.295112,0.00492972,-0.526837,4.73352,-303721,-1,4.34636e-10,1,0
0.000972277,-0.294505,0.00494114,-0.526802,4.7353,-302903,-1,1.36134e-10,1,0
0.000973731,-0.29266,0.00526758,-0.526908,4.73539,-300555,-1,1.36134e-10,1,0
0.000973994,-0.292326,0.00532653,-0.526928,4.7354,-300132,-1,1.36134e-10,1,0
0.00097487,-0.292929,0.00443032,-0.527067,4.73385,-300480,-1,2.90696e-09,1,0
0.000975912,-0.293847,0.00455593,-0.526454,4.73287,-301100,-1,1.39252e-09,1,0
0.000976293,-0.294013,0.00474005,-0.526259,4.73632,-301152,-1,1.43076e-09,1,0
0.000977757,-0.292447,0.00565457,-0.526796,4.7364,-299100,-1,1.43076e-09,1,0
0.000978462,-0.292134,0.00548368,-0.526764,4.73522,-298565,-1,4.281e-10,1,0
0.000978735,-0.291865,0.00526153,-0.52681,4.73427,-298206,-1,3.68824e-10,1,0
0.000979686,-0.292321,0.00427611,-0.527129,4.73285,-298383,-1,7.16097e-11,1,0
0.0009807,-0.293294,0.00399221,-0.526951,4.73214,-299066,-1,8.24996e-10,1,0
0.00098138,-0.293306,0.00375801,-0.526671,4.7303,-298871,-1,4.84384e-10,1,0
0.000981793,-0.293778,0.00388307,-0.526457,4.73028,-299226,-1,4.84384e-10,1,0
0.000982541,-0.294307,0.00379661,-0.526658,4.73011,-299536,-1,1.43164e-09,1,0
0.000983569,-0.29454,0.00320428,-0.527822,4.7301,-299461,-1,1.43164e-09,1,0
0.000983771,-0.294586,0.0030876,-0.528051,4.73009,-299446,-1,1.43164e-09,1,0
0.000984785,-0.295399,0.00254547,-0.52759,4.73058,-299963,-1,1.10276e-09,1,0
0.000986028,-0.295299,0.00329788,-0.528965,4.7293,-299483,-1,1.53887e-09,1,0
0.000986326,-0.295188,0.00355651,-0.529083,4.72862,-299281,-1,2.47433e-10,1,0
0.000986959,-0.294881,0.00338803,-0.528675,4.73184,-298778,-1,4.72623e-10,1,0
0.000987196,-0.294922,0.00361552,-0.528753,4.73263,-298747,-1,7.92957e-11,1,0
0.000987886,-0.295654,0.00334025,-0.529178,4.73259,-299280,-1,7.92957e-11,1,0
0.000988691,-0.296509,0.00301874,-0.529675,4.73223,-299900,-1,1.9295e-09,1,0
0.000989622,-0.296987,0.00381411,-0.529436,4.73228,-300102,-1,4.85918e-10,1,0
0.000990046,-0.296948,0.0035275,-0.528985,4.73019,-299934,-1,5.10056e-11,1,0
0.00099083,-0.296765,0.0040402,-0.529546,4.73043,-299512,-1,2.94866e-10,1,0
0.000991493,-0.296927,0.00430348,-0.530283,4.73095,-299475,-1,6.71368e-10,1,0
0.000993332,-0.298413,0.00458863,-0.530211,4.73192,-300417,-1,9.28973e-10,1,0
0.000993473,-0.298456,0.00475606,-0.530204,4.732,-300417,-1,1.42387e-10,1,0
0.000994293,-0.298632,0.00531869,-0.529359,4.73397,-300346,-1,2.31488e-11,1,0
0.00099489,-0.299141,0.00541845,-0.52949,4.73309,-300678,-1,5.28569e-10,1,0
0.000995161,-0.299162,0.00576697,-0.529506,4.73309,-300617,-1,5.28569e-10,1,0
0.000996068,-0.299231,0.00693529,-0.529562,4.73385,-300412,-1,1.76337e-09,1,0
0.000996336,-0.298906,0.00682942,-0.529518,4.73221,-300005,-1,3.43111e-10,1,0
0.000997191,-0.298279,0.00769233,-0.5298,4.73221,-299120,-1,1.10327e-09,1,0
0.000997668,-0.298041,0.00735778,-0.529677,4.72784,-298738,-1,1.58077e-10,1,0
0.000998949,-0.297435,0.00615932,-0.528713,4.72457,-297748,-1,2.10872e-09,1,0
0.000999271,-0.297555,0.00625538,-0.528786,4.72594,-297772,-1,2.57686e-10,1,0
0.000999998,-0.297356,0.00621945,-0.528653,4.72556,-297357,-1,6.178e-10,1,0
0.00100054,-0.297533,0.00623375,-0.527972,4.72461,-297371,-1,1.18133e-09,1,0
0.0010014,-0.2966,0.00665953,-0.52837,4.7245,-296185,-1,3.41477e-11,1,0
0.00100192,-0.296388,0.00693431,-0.528425,4.72611,-295821,-1,2.26082e-10,1,0
0.00100285,-0.296249,0.00610795,-0.528865,4.72722,-295408,-1,1.38579e-10,1,0
0.00100388,-0.295513,0.00504699,-0.529093,4.72791,-294372,-1,1.57389e-09,1,0
0.00100415,-0.295539,0.00486791,-0.529224,4.72432,-294319,-1,2.20874e-10,1,0
0.00100524,-0.294777,0.00552157,-0.529197,4.72413,-293241,-1,1.08146e-09,1,0
0.00100634,-0.295842,0.00552456,-0.528273,4.72377,-293977,-1,1.41558e-09,1,0
0.00100678,-0.29604,0.00541726,-0.528569,4.72237,-294047,-1,3.1042e-10,1,0
0.00100766,-0.294963,0.00508872,-0.528428,4.72243,-292722,-1,3.1042e-10,1,0
0.00100824,-0.294635,0.00460125,-0.528473,4.72263,-292226,-1,1.57068e-09,1,0
0.00100893,-0.294289,0.00533107,-0.528582,4.7247,-291684,-1,8.48982e-10,1,0
0.00100912,-0.294115,0.0052897,-0.528427,4.72471,-291458,-1,8.48982e-10,1,0
0.0010096,-0.294157,0.00513636,-0.528023,4.72499,-291361,-1,5.08797e-10,1,0
0.00101061,-0.294863,0.00462636,-0.527535,4.72458,-291767,-1,3.45144e-10,1,0
0.00101112,-0.295079,0.00476494,-0.526935,4.72457,-291834,-1,3.45144e-10,1,0
0.00101176,-0.295319,0.00493945,-0.526514,4.72452,-291886,-1,1.66932e-10,1,0
0.0010126,-0.295713,0.0053691,-0.525676,4.72465,-292035,-1,1.22891e-09,1,0
0.00101371,-0.294601,0.00511048,-0.526547,4.72477,-290616,-1,1.46778e-09,1,0
0.001015,-0.294749,0.00599607,-0.526546,4.724,-290393,-1,4.30609e-10,1,0
0.00101562,-0.295354,0.00601391,-0.526576,4.72389,-290810,-1,7.48374e-10,1,0
0.00101583,-0.295241,0.00598321,-0.526716,4.72395,-290640,-1,3.74182e-10,1,0
0.0010165,-0.294457,0.0060426,-0.527078,4.72391,-289677,-1,1.03966e-09,1,0
0.00101729,-0.294431,0.00576334,-0.526271,4.72291,-289425,-1,2.82014e-10,1,0
0.00101758,-0.294328,0.00551897,-0.526159,4.72014,-289242,-1,2.60988e-10,1,0
0.001018,-0.294109,0.00587631,-0.526464,4.72278,-288910,-1,2.05756e-11,1,0
0.00101815,-0.294086,0.00567784,-0.52647,4.72442,-288843,-1,1.97105e-10,1,0
0.00101908,-0.294759,0.00504282,-0.526529,4.72521,-289240,-1,3.89521e-10,1,0
0.00101965,-0.294689,0.00477479,-0.525844,4.72521,-289009,-1,3.89521e-10,1,0
0.0010204,-0.294894,0.00461236,-0.525095,4.72758,-288998,-1,3.12872e-10,1,0
0.00102128,-0.29579,0.00437992,-0.524991,4.72504,-289626,-1,6.7013e-10,1,0
0.00102268,-0.295966,0.00502282,-0.525463,4.72685,-289401,-1,5.89387e-10,1,0
0.00102413,-0.294288,0.00551325,-0.526001,4.7264,-287354,-1,6.73933e-11,1,0
0.00102432,-0.294068,0.00559632,-0.525992,4.72633,-287085,-1,1.52619e-10,1,0
0.00102455,-0.294163,0.0056939,-0.525889,4.72518,-287114,-1,1.49099e-10,1,0
0.00102479,-0.294058,0.00590013,-0.526093,4.72329,-286944,-1,3.08876e-10,1,0
0.00102595,-0.295273,0.00597066,-0.526717,4.72779,-287805,-1,1.00589e-09,1,0
0.00102626,-0.295545,0.0060849,-0.52684,4.72757,-287984,-1,5.1692e-11,1,0
0.00102679,-0.295357,0.00592758,-0.526198,4.72758,-287652,-1,5.1692e-11,1,0
0.00102691,-0.295301,0.00598402,-0.526135,4.72442,-287562,-1,5.93425e-11,1,0
0.0010273,-0.295459,0.00550932,-0.526144,4.72441,-287607,-1,5.93425e-11,1,0
0.00102807,-0.295772,0.00457007,-0.526162,4.72439,-287696,-1,5.93425e-11,1,0
0.00102923,-0.29641,0.0038306,-0.526013,4.72399,-287993,-1,2.54875e-09,1,0
0.00102992,-0.296579,0.00463628,-0.525912,4.72444,-287964,-1,8.82521e-13,1,0
0.00103002,-0.296585,0.00477527,-0.525908,4.72324,-287939,-1,8.22111e-10,1,0
0.0010309,-0.296847,0.0049924,-0.525085,4.72102,-287949,-1,5.69833e-10,1,0
0.00103172,-0.296126,0.00478918,-0.524358,4.7207,-287023,-1,5.72336e-10,1,0
0.00103244,-0.296507,0.00471717,-0.523779,4.72208,-287189,-1,6.86854e-10,1,0
0.00103334,-0.297615,0.00461155,-0.523601,4.72219,-288013,-1,1.00562e-09,1,0
0.00103359,-0.297775,0.00457204,-0.523865,4.72395,-288097,-1,3.15339e-10,1,0
0.00103439,-0.296984,0.00426242,-0.523976,4.72365,-287111,-1,8.79975e-10,1,0
0.00103532,-0.296944,0.00327862,-0.523461,4.7226,-286815,-1,8.99108e-10,1,0
0.00103607,-0.296284,0.00352162,-0.52368,4.7227,-285970,-1,2.60103e-10,1,0
0.00103694,-0.295208,0.00373298,-0.523966,4.72331,-284691,-1,1.71593e-09,1,0
0.00103768,-0.295412,0.0042779,-0.524147,4.72355,-284684,-1,3.44247e-10,1,0
0.00103798,-0.295284,0.00452533,-0.524208,4.72266,-284480,-1,1.11336e-10,1,0
0.00103832,-0.295228,0.00466784,-0.524354,4.72198,-284331,-1,1.54871e-10,1,0
0.00103908,-0.2946,0.00496742,-0.525039,4.72201,-283520,-1,1.54871e-10,1,0
0.00104025,-0.293546,0.00509354,-0.526053,4.72196,-282187,-1,2.04035e-09,1,0
0.00104074,-0.293161,0.005051,-0.526125,4.72287,-281686,-1,2.07088e-10,1,0
0.00104222,-0.293587,0.0039376,-0.524624,4.72285,-281693,-1,2.07088e-10,1,0
0.00104234,-0.29362,0.00384978,-0.524505,4.72277,-281693,-1,2.06843e-09,1,0
0.0010439,-0.292192,0.00471347,-0.525343,4.72187,-279905,-1,8.18796e-10,1,0
0.00104429,-0.291967,0.00496121,-0.52567,4.72202,-279585,-1,1.6141e-09,1,0
0.00104448,-0.292037,0.00518082,-0.525775,4.72264,-279599,-1,3.32084e-10,1,0
0.00104471,-0.291965,0.00526491,-0.525855,4.72054,-279470,-1,8.49207e-11,1,0
0.00104527,-0.291828,0.00590141,-0.526184,4.72054,-279188,-1,8.49207e-11,1,0
0.0010456,-0.291936,0.0059853,-0.526496,4.72143,-279203,-1,1.06508e-09,1,0
0.00104603,-0.291822,0.00611409,-0.52685,4.71925,-278982,-1,2.41435e-10,1,0
0.00104645,-0.291674,0.0059385,-0.52734,4.71926,-278728,-1,2.41435e-10,1,0
0.00104713,-0.291784,0.00562568,-0.527798,4.71711,-278651,-1,3.03532e-10,1,0
0.00104799,-0.292209,0.00548366,-0.527184,4.71776,-278828,-1,5.13801e-10,1,0
0.0010485,-0.292177,0.00508286,-0.526697,4.71647,-278662,-1,1.6741e-12,1,0
0.00104908,-0.291851,0.00480847,-0.526485,4.71487,-278196,-1,3.33699e-10,1,0
0.00104966,-0.29212,0.00479354,-0.527174,4.71485,-278300,-1,3.33699e-10,1,0
0.00105028,-0.291919,0.0049793,-0.527351,4.71706,-277945,-1,4.24571e-10,1,0
0.0010512,-0.292233,0.00472499,-0.527019,4.71696,-277999,-1,4.06703e-10,1,0
0.00105182,-0.291847,0.0041389,-0.526724,4.71707,-277470,-1,1.27e-10,1,0
0.00105204,-0.291742,0.00391678,-0.526664,4.71954,-277310,-1,9.25863e-10,1,0
0.00105278,-0.292299,0.00357429,-0.526894,4.72055,-277646,-1,2.37954e-10,1,0
0.00105339,-0.292112,0.00358177,-0.526198,4.72041,-277307,-1,5.08387e-11,1,0
0.00105425,-0.292379,0.00366143,-0.525446,4.72068,-277335,-1,4.75332e-10,1,0
0.0010553,-0.292853,0.00373877,-0.525116,4.71886,-277507,-1,3.90045e-10,1,0
0.0010558,-0.293243,0.00371973,-0.52562,4.71885,-277747,-1,3.90045e-10,1,0
0.00105667,-0.293908,0.00372976,-0.526375,4.71616,-278145,-1,8.70204e-11,1,0
0.00105773,-0.29353,0.00420474,-0.526173,4.71731,-277508,-1,7.83433e-10,1,0
0.00105951,-0.293009,0.00397111,-0.526808,4.71593,-276551,-1,2.07018e-09,1,0
0.00106054,-0.293503,0.00321532,-0.525838,4.71558,-276749,-1,2.12848e-09,1,0
0.00106108,-0.293772,0.00300031,-0.525723,4.71784,-276862,-1,9.82983e-11,1,0
0.00106158,-0.293564,0.00250773,-0.525844,4.71966,-276534,-1,2.80019e-10,1,0
0.00106261,-0.292931,0.00162809,-0.525847,4.72071,-275671,-1,3.19464e-10,1,0
0.00106377,-0.291973,0.00216058,-0.524829,4.72076,-274469,-1,3.19464e-10,1,0
0.00106416,-0.291742,0.00230577,-0.524432,4.72106,-274153,-1,2.40721e-10,1,0
0.00106587,-0.291109,0.00164853,-0.522835,4.72021,-273119,-1,1.20347e-09,1,0
0.00106601,-0.291007,0.00158969,-0.522703,4.72021,-272988,-1,1.20347e-09,1,0
0.00106668,-0.290574,0.00134321,-0.522134,4.71965,-272409,-1,9.91107e-10,1,0
0.00106747,-0.290552,0.00214731,-0.522194,4.72189,-272188,-1,6.96879e-10,1,0
0.00106822,-0.291176,0.0018419,-0.522748,4.72123,-272581,-1,9.05358e-10,1,0
0.00106846,-0.291142,0.00187077,-0.522948,4.72253,-272487,-1,2.38734e-10,1,0
0.00106865,-0.290984,0.00178646,-0.523,4.72659,-272290,-1,4.58369e-11,1,0
0.0010695,-0.290455,0.000912824,-0.523354,4.72671,-271580,-1,1.23568e-10,1,0
0.00107031,-0.28995,5.81609e-05,-0.52368,4.72943,-270903,-1,2.10957e-09,1,0
0.00107059,-0.289714,0.000221498,-0.52346,4.72944,-270611,-1,2.10957e-09,1,0
0.00107145,-0.290136,0.000386323,-0.523376,4.72704,-270788,-1,6.75465e-10,1,0
0.00107181,-0.290139,9.71626e-05,-0.523078,4.72996,-270701,-1,6.25919e-11,1,0
0.00107232,-0.290611,-0.000304375,-0.522844,4.72878,-271011,-1,6.77908e-10,1,0
0.00107266,-0.290855,-0.000664865,-0.522806,4.7287,-271152,-1,3.78823e-10,1,0
0.00107317,-0.291305,-0.00037665,-0.523098,4.72696,-271444,-1,5.24056e-10,1,0
0.00107357,-0.291233,-0.000217603,-0.522992,4.72318,-271276,-1,3.17785e-10,1,0
0.00107497,-0.290622,-0.00165515,-0.523917,4.72369,-270353,-1,1.81495e-09,1,0
0.00107516,-0.290711,-0.00179849,-0.52409,4.72369,-270389,-1,1.81495e-09,1,0
0.00107605,-0.291133,-0.00247372,-0.524905,4.72263,-270558,-1,1.38162e-09,1,0
0.00107712,-0.291189,-0.00342636,-0.525207,4.71958,-270340,-1,4.78229e-12,1,0
0.00107757,-0.290777,-0.00323372,-0.524874,4.71604,-269844,-1,5.71545e-10,1,0
0.00107831,-0.29146,-0.00277328,-0.524434,4.7144,-270294,-1,8.81727e-10,1,0
0.00107975,-0.291293,-0.00179081,-0.523984,4.71207,-269777,-1,1.37391e-09,1,0
0.00108049,-0.290537,-0.00184802,-0.524552,4.71211,-268895,-1,1.37391e-09,1,0
0.00108175,-0.289236,-0.00194654,-0.525531,4.71217,-267377,-1,1.37391e-09,1,0
0.00108234,-0.288679,-0.00206997,-0.525976,4.71331,-266716,-1,1.00659e-10,1,0
0.00108372,-0.287878,-0.00170993,-0.525798,4.71366,-265639,-1,7.60669e-10,1,0
0.00108397,-0.287715,-0.00164766,-0.525519,4.71367,-265427,-1,7.60669e-10,1,0
0.00108429,-0.287672,-0.00173669,-0.525317,4.71122,-265308,-1,1.5895e-09,1,0
0.00108557,-0.286854,-0.00190108,-0.525937,4.70982,-264242,-1,5.97284e-10,1,0
0.0010859,-0.286482,-0.00183267,-0.52612,4.7093,-263819,-1,9.16428e-11,1,0
0.00108657,-0.28705,-0.00214684,-0.525806,4.70809,-264180,-1,7.72256e-10,1,0
0.00108765,-0.286398,-0.00299615,-0.526689,4.70777,-263317,-1,1.00564e-09,1,0
0.00108806,-0.286446,-0.00290968,-0.526825,4.7058,-263262,-1,1.49849e-10,1,0
0.00108844,-0.286351,-0.0025711,-0.52655,4.70633,-263083,-1,3.40198e-10,1,0
0.00108884,-0.286393,-0.00223534,-0.526557,4.70579,-263026,-1,3.10289e-10,1,0
0.00109009,-0.286476,-0.00231583,-0.52649,4.70223,-262800,-1,9.56415e-11,1,0
0.00109084,-0.286373,-0.00207741,-0.527192,4.70036,-262525,-1,2.27245e-10,1,0
0.00109236,-0.287392,-0.00168613,-0.527118,4.70156,-263094,-1,8.92375e-10,1,0
0.00109311,-0.287458,-0.00181784,-0.527206,4.70411,-262973,-1,4.79303e-10,1,0
0.00109342,-0.287785,-0.0020184,-0.527335,4.70409,-263196,-1,4.79303e-10,1,0
0.001094,-0.28775,-0.00241379,-0.527754,4.70242,-263026,-1,1.67691e-10,1,0
0.00109506,-0.288061,-0.00295846,-0.527163,4.7036,-263055,-1,1.00577e-09,1,0
0.00109564,-0.2879,-0.00353091,-0.526823,4.7034,-262770,-1,4.26439e-10,1,0
0.00109595,-0.287832,-0.00378215,-0.52652,4.70385,-262631,-1,4.18924e-10,1,0
0.00109606,-0.287794,-0.00386042,-0.526417,4.70475,-262572,-1,2.90442e-12,1,0
0.00109648,-0.287707,-0.00409643,-0.526621,4.70474,-262391,-1,8.54608e-11,1,0
0.00109783,-0.287173,-0.00367576,-0.526489,4.69979,-261583,-1,7.39993e-10,1,0
0.00109877,-0.287724,-0.00336839,-0.526532,4.69904,-261861,-1,2.70353e-11,1,0
0.00110016,-0.288294,-0.00269363,-0.528087,4.69901,-262049,-1,2.70353e-11,1,0
0.00110109,-0.288591,-0.00199795,-0.528873,4.69956,-262095,-1,4.10849e-10,1,0
0.00110167,-0.288525,-0.002094,-0.529405,4.70045,-261898,-1,4.05883e-10,1,0
0.00110285,-0.289817,-0.00176434,-0.530121,4.70038,-262790,-1,4.05883e-10,1,0
0.00110339,-0.290415,-0.00161179,-0.530452,4.70174,-263202,-1,2.41032e-09,1,0
0.00110423,-0.290065,-0.000910727,-0.529826,4.70318,-262684,-1,8.12934e-10,1,0
0.00110476,-0.290144,-0.000412276,-0.529377,4.70318,-262631,-1,8.12934e-10,1,0
0.0011055,-0.290132,8.84946e-05,-0.528771,4.70471,-262443,-1,1.58326e-10,1,0
0.00110587,-0.290227,-3.66197e-05,-0.52921,4.70518,-262443,-1,4.66612e-10,1,0
0.00110684,-0.290026,-0.000561319,-0.530061,4.70189,-262031,-1,7.55511e-10,1,0
0.00110716,-0.290235,-0.000532412,-0.530135,4.69822,-262143,-1,1.86616e-10,1,0
0.00110802,-0.290721,-0.00044078,-0.531125,4.69815,-262378,-1,1.24929e-09,1,0
0.00110856,-0.290793,-0.000826015,-0.531568,4.69837,-262316,-1,3.00922e-10,1,0
0.00110978,-0.290229,-0.000851243,-0.532304,4.6996,-261519,-1,1.39906e-09,1,0
0.00111024,-0.290002,-0.000314544,-0.532269,4.69939,-261207,-1,2.49092e-11,1,0
0.00111111,-0.289104,0.000310293,-0.532041,4.69943,-260193,-1,2.49092e-11,1,0
0.00111161,-0.289031,0.000738841,-0.532118,4.70015,-260011,-1,3.99562e-10,1,0
0.00111254,-0.290006,0.00118179,-0.531597,4.7001,-260670,-1,3.99562e-10,1,0
0.00111302,-0.29051,0.00140861,-0.531328,4.70058,-261011,-1,1.20048e-11,1,0
0.00111395,-0.290457,0.00166672,-0.532329,4.7009,-260744,-1,1.00568e-09,1,0
0.00111424,-0.290368,0.00154272,-0.532579,4.69846,-260597,-1,1.66731e-10,1,0
0.00111514,-0.290771,0.00154892,-0.533621,4.69499,-260749,-1,1.11434e-09,1,0
0.00111554,-0.290454,0.00123676,-0.533731,4.69574,-260372,-1,3.65703e-10,1,0
0.00111642,-0.289862,0.000695065,-0.534233,4.69284,-259635,-1,1.08553e-10,1,0
0.00111697,-0.289382,0.000313903,-0.534571,4.69287,-259079,-1,1.08553e-10,1,0
0.00111774,-0.288704,0.000201147,-0.535089,4.69331,-258292,-1,6.69409e-10,1,0
0.00111798,-0.288801,0.000325313,-0.53529,4.69231,-258324,-1,7.59248e-11,1,0
0.00111874,-0.289419,5.67263e-05,-0.534604,4.69174,-258701,-1,7.9278e-10,1,0
0.00112004,-0.289781,-0.000938237,-0.534735,4.69399,-258725,-1,1.00574e-09,1,0
0.00112036,-0.28995,-0.00124352,-0.534602,4.69415,-258800,-1,1.60515e-10,1,0
0.00112109,-0.290333,-0.000780513,-0.534609,4.69345,-258974,-1,4.82173e-10,1,0
0.00112179,-0.28988,-0.000593938,-0.53441,4.68828,-258407,-1,4.71047e-10,1,0
0.00112345,-0.289145,-0.0024502,-0.535146,4.68831,-257372,-1,4.71047e-10,1,0
0.00112449,-0.288888,-0.00190752,-0.535812,4.689,-256907,-1,2.45447e-09,1,0
0.00112532,-0.288707,-0.00121126,-0.535863,4.68749,-256555,-1,3.66037e-10,1,0
0.00112566,-0.288839,-0.00106999,-0.535532,4.68852,-256595,-1,1.91819e-10,1,0
0.00112614,-0.288811,-0.000920516,-0.53543,4.69157,-256461,-1,2.30513e-10,1,0
0.00112666,-0.288967,-0.000676285,-0.535191,4.69299,-256481,-1,4.5038e-10,1,0
0.00112718,-0.288776,-0.00067102,-0.535025,4.6942,-256192,-1,9.67617e-11,1,0
0.00112821,-0.28976,-0.000652755,-0.53574,4.69407,-256831,-1,8.56414e-11,1,0
0.00112896,-0.290173,-0.000865401,-0.535287,4.69293,-257028,-1,4.74003e-10,1,0
0.00112928,-0.290349,-0.000796767,-0.535013,4.69277,-257109,-1,1.77195e-11,1,0
0.00112954,-0.290286,-0.000774399,-0.535142,4.68968,-256994,-1,2.3588e-10,1,0
0.00113033,-0.290585,-0.000495964,-0.534825,4.69257,-257081,-1,4.43847e-10,1,0
0.0011309,-0.290898,-8.16749e-05,-0.534841,4.69473,-257228,-1,2.13744e-10,1,0
0.00113194,-0.291479,-6.71121e-05,-0.534068,4.69387,-257504,-1,8.85914e-10,1,0
0.00113262,-0.291363,-0.000292961,-0.534881,4.69299,-257248,-1,3.14031e-10,1,0
0.00113334,-0.291872,8.70154e-05,-0.534209,4.69297,-257533,-1,3.14031e-10,1,0
0.0011338,-0.29192,0.000137605,-0.533951,4.69211,-257472,-1,1.31436e-09,1,0
0.00113428,-0.291484,-0.000212523,-0.534012,4.68947,-256978,-1,5.25245e-11,1,0
0.00113594,-0.291275,2.44008e-05,-0.532034,4.6879,-256418,-1,4.57761e-10,1,0
0.00113617,-0.291384,0.000305356,-0.532064,4.68752,-256461,-1,3.02947e-10,1,0
0.0011365,-0.29121,0.000178598,-0.531876,4.6911,-256234,-1,3.13981e-11,1,0
0.00113673,-0.291062,0.000136172,-0.531833,4.69296,-256053,-1,1.17517e-10,1,0
0.00113706,-0.290935,0.000432851,-0.531593,4.69165,-255867,-1,4.1189e-10,1,0
0.00113798,-0.291712,8.11009e-05,-0.532422,4.69129,-256341,-1,1.20025e-09,1,0
0.00113847,-0.291544,0.000103267,-0.532936,4.68931,-256083,-1,5.2708e-10,1,0
0.00113979,-0.291205,-0.00150892,-0.533337,4.68933,-255489,-1,5.2708e-10,1,0
0.00114068,-0.290984,-0.00236578,-0.533593,4.68802,-255097,-1,5.47667e-11,1,0
0.00114199,-0.291109,-0.00133133,-0.533576,4.68705,-254914,-1,3.72975e-10,1,0
0.00114274,-0.291484,-0.000442374,-0.533639,4.68693,-255075,-1,1.99024e-09,1,0
0.00114425,-0.291358,0.000377313,-0.532641,4.68583,-254628,-1,8.39001e-10,1,0
0.00114465,-0.291009,0.00053944,-0.532314,4.68608,-254235,-1,1.60921e-09,1,0
0.00114543,-0.290505,-1.76324e-05,-0.532026,4.68606,-253622,-1,3.49946e-11,1,0
0.00114703,-0.288821,-0.000921325,-0.532183,4.68705,-251800,-1,1.02348e-09,1,0
0.00114773,-0.288339,-0.00102098,-0.531609,4.68741,-251224,-1,4.81575e-10,1,0
0.0011483,-0.288362,-0.000857277,-0.531151,4.68705,-251119,-1,2.05487e-10,1,0
0.00114861,-0.28853,-0.000744582,-0.530818,4.68766,-251200,-1,9.17212e-10,1,0
0.0011491,-0.289146,-0.000796123,-0.53067,4.68721,-251628,-1,6.36232e-10,1,0
0.0011493,-0.289071,-0.000704217,-0.530718,4.69047,-251519,-1,1.20313e-10,1,0
0.00115044,-0.289223,-0.00156293,-0.530364,4.69131,-251402,-1,5.89628e-10,1,0
0.00115093,-0.289591,-0.00190399,-0.530302,4.6908,-251616,-1,8.67915e-11,1,0
0.00115201,-0.289554,-0.00176066,-0.528912,4.6908,-251346,-1,8.67915e-11,1,0
0.00115275,-0.289373,-0.00171939,-0.528244,4.68816,-251029,-1,2.30437e-10,1,0
0.00115372,-0.29048,-0.00169153,-0.527669,4.68811,-251777,-1,2.30437e-10,1,0
0.00115472,-0.291623,-0.00166275,-0.527076,4.68805,-252548,-1,2.30437e-10,1,0
0.00115492,-0.291688,-0.00171443,-0.527067,4.68781,-252560,-1,6.8773e-11,1,0
0.00115513,-0.291617,-0.00183173,-0.527156,4.68917,-252454,-1,6.66425e-11,1,0
0.00115626,-0.290671,-0.00271455,-0.527814,4.6902,-251388,-1,1.54582e-09,1,0
0.00115674,-0.290779,-0.00285328,-0.528338,4.68973,-251377,-1,3.08338e-10,1,0
0.00115766,-0.29057,-0.00318724,-0.529135,4.68896,-250998,-1,1.36987e-10,1,0
0.00115879,-0.291329,-0.00225494,-0.52995,4.69045,-251408,-1,1.4525e-09,1,0
0.00115936,-0.29114,-0.00211316,-0.529445,4.69325,-251122,-1,4.29007e-10,1,0
0.00116041,-0.290561,-0.00129951,-0.529474,4.69432,-250394,-1,3.32925e-10,1,0
0.00116138,-0.291321,-0.00119564,-0.530212,4.69284,-250842,-1,4.70778e-10,1,0
0.00116267,-0.291936,-0.00124023,-0.529238,4.6915,-251092,-1,1.07762e-09,1,0
0.00116323,-0.29203,-0.00113901,-0.528698,4.69108,-251052,-1,1.88175e-09,1,0
0.00116357,-0.291914,-0.000741579,-0.528609,4.69139,-250878,-1,3.50775e-10,1,0
0.00116394,-0.291861,-0.000267465,-0.52852,4.6914,-250751,-1,3.50775e-10,1,0
0.00116443,-0.291753,0.000200286,-0.528142,4.69157,-250554,-1,8.58531e-10,1,0
0.00116492,-0.292072,0.00069962,-0.528077,4.68879,-250724,-1,5.63202e-10,1,0
0.00116645,-0.290397,0.000554801,-0.528896,4.6884,-248958,-1,2.87618e-10,1,0
0.00116779,-0.289239,0.000182428,-0.527728,4.68886,-247680,-1,7.52444e-10,1,0
0.00116812,-0.289028,0.000127002,-0.527433,4.68829,-247430,-1,4.08567e-11,1,0
0.00116888,-0.289,0.000596399,-0.526583,4.687,-247246,-1,9.8889e-10,1,0
0.00116931,-0.289298,0.000727579,-0.526692,4.6877,-247409,-1,1.36853e-10,1,0
0.0011699,-0.289445,0.00100399,-0.526698,4.68592,-247409,-1,2.06799e-10,1,0
0.0011709,-0.289765,0.00077512,-0.525817,4.68531,-247471,-1,5.86998e-10,1,0
0.00117171,-0.289243,0.000301974,-0.525818,4.68516,-246857,-1,9.29912e-10,1,0
0.00117227,-0.288808,0.00074129,-0.525635,4.68627,-246367,-1,9.37816e-10,1,0
0.00117273,-0.289116,0.00118634,-0.525413,4.68568,-246533,-1,4.40423e-12,1,0
0.0011731,-0.289019,0.00159222,-0.525425,4.68654,-246372,-1,1.09142e-10,1,0
0.00117334,-0.288923,0.00179117,-0.525564,4.68534,-246239,-1,9.29554e-12,1,0
0.00117372,-0.288684,0.0015812,-0.525882,4.68696,-245957,-1,4.5728e-10,1,0
0.0011744,-0.289186,0.000977232,-0.525499,4.68556,-246242,-1,8.9724e-10,1,0
0.00117534,-0.288991,-8.36479e-05,-0.525511,4.68549,-245878,-1,2.58541e-10,1,0
0.00117581,-0.288842,-0.000500852,-0.525359,4.68684,-245654,-1,2.36056e-10,1,0
0.00117651,-0.28815,-0.0010172,-0.525135,4.6872,-244920,-1,7.19076e-10,1,0
0.00117695,-0.287798,-0.00140307,-0.524918,4.68722,-244529,-1,7.19076e-10,1,0
0.00117738,-0.28743,-0.00127249,-0.52515,4.68732,-244127,-1,8.43253e-10,1,0
0.0011783,-0.286521,-0.000720335,-0.525444,4.68592,-243166,-1,1.02784e-09,1,0
0.00117935,-0.285364,-6.85685e-05,-0.525434,4.6852,-241967,-1,1.53859e-10,1,0
0.00118029,-0.285216,0.000350432,-0.524621,4.68543,-241650,-1,3.32591e-10,1,0
0.00118093,-0.284845,1.12004e-06,-0.524468,4.68659,-241204,-1,1.18967e-09,1,0
0.00118138,-0.28451,-0.000432264,-0.524644,4.68661,-240828,-1,1.18967e-09,1,0
0.00118199,-0.284344,-0.000776807,-0.524951,4.68568,-240564,-1,2.22085e-10,1,0
0.00118322,-0.284937,-0.000597743,-0.525578,4.68367,-240815,-1,3.93056e-10,1,0
0.00118453,-0.284373,-0.00156955,-0.525703,4.683,-240073,-1,5.39202e-10,1,0
0.00118531,-0.284024,-0.00110438,-0.525657,4.6833,-239621,-1,6.08626e-10,1,0
0.00118609,-0.283711,-0.00201929,-0.525384,4.68292,-239198,-1,1.00477e-09,1,0
0.00118624,-0.283617,-0.00204252,-0.525483,4.68285,-239089,-1,6.50563e-11,1,0
0.00118636,-0.283673,-0.00208518,-0.525472,4.68106,-239111,-1,1.1232e-10,1,0
0.00118708,-0.2838,-0.00174224,-0.524629,4.68105,-239074,-1,1.1232e-10,1,0
0.00118764,-0.283898,-0.0014761,-0.523974,4.68152,-239045,-1,1.63263e-09,1,0
0.0011888,-0.284627,-0.00151664,-0.522714,4.68165,-239423,-1,3.85657e-11,1,0
0.00118937,-0.28466,-0.00147475,-0.522116,4.68152,-239336,-1,2.74684e-10,1,0
0.00118968,-0.284451,-0.00122473,-0.522327,4.68199,-239099,-1,3.88148e-10,1,0
0.00119026,-0.284541,-0.000984653,-0.521949,4.68357,-239057,-1,3.00254e-10,1,0
0.00119046,-0.284614,-0.00105036,-0.522094,4.68516,-239078,-1,1.37501e-11,1,0
0.00119073,-0.284555,-0.00122733,-0.522386,4.68586,-238975,-1,3.46514e-10,1,0
0.00119154,-0.284325,-0.00041721,-0.522857,4.68427,-238620,-1,2.51657e-10,1,0
0.00119241,-0.284791,0.000261734,-0.5229,4.68469,-238836,-1,6.68121e-10,1,0
0.00119333,-0.285406,-0.000544973,-0.522987,4.68608,-239168,-1,1.02361e-09,1,0
0.00119373,-0.285556,-0.000260387,-0.522892,4.6846,-239213,-1,2.79042e-10,1,0
0.00119406,-0.285768,-0.000191291,-0.522706,4.68483,-239325,-1,1.1158e-12,1,0
0.00119454,-0.286069,0.00019424,-0.522991,4.68316,-239480,-1,6.19005e-11,1,0
0.00119487,-0.286222,0.000408261,-0.522895,4.68342,-239542,-1,7.45997e-10,1,0
0.00119536,-0.286394,0.000643816,-0.522345,4.68341,-239589,-1,7.45997e-10,1,0
0.00119569,-0.286397,0.000500797,-0.52212,4.68592,-239525,-1,2.69352e-10,1,0
0.00119648,-0.285591,0.000568511,-0.522675,4.68572,-238692,-1,1.62557e-10,1,0
0.00119709,-0.284932,0.000537134,-0.523087,4.68319,-238020,-1,1.63845e-09,1,0
0.00119759,-0.285174,0.00021232,-0.523213,4.68373,-238123,-1,9.94213e-11,1,0
0.00119818,-0.284461,0.000445204,-0.523184,4.68377,-237412,-1,9.94213e-11,1,0
0.00119869,-0.284524,0.00039793,-0.523735,4.68422,-237362,-1,8.62556e-10,1,0
0.0011997,-0.284743,0.000183384,-0.524944,4.68641,-237345,-1,2.81496e-10,1,0
0.00120074,-0.283913,-1.64223e-05,-0.525754,4.68725,-236449,-1,1.0235e-09,1,0
0.00120128,-0.283532,-0.00054613,-0.526001,4.68729,-236026,-1,7.03122e-10,1,0
0.00120219,-0.283919,-0.000295256,-0.526185,4.68553,-236169,-1,3.39519e-10,1,0
0.00120327,-0.284138,-0.000818957,-0.5256,4.6852,-236139,-1,1.20583e-09,1,0
0.00120374,-0.28421,-0.000687491,-0.52555,4.68437,-236106,-1,1.47494e-10,1,0
0.00120414,-0.284026,-0.000753709,-0.526025,4.68329,-235874,-1,1.09698e-11,1,0
0.00120457,-0.283925,-0.00122587,-0.526137,4.68286,-235706,-1,5.93009e-10,1,0
0.00120498,-0.283859,-0.00116051,-0.526617,4.68495,-235571,-1,4.90754e-10,1,0
0.00120557,-0.283386,-0.00110903,-0.526829,4.68483,-235064,-1,2.23349e-10,1,0
0.00120597,-0.283157,-0.00103746,-0.526588,4.68835,-234795,-1,2.98178e-10,1,0
0.00120626,-0.282826,-0.000898548,-0.526681,4.68837,-234465,-1,2.98178e-10,1,0
0.00120719,-0.282559,-0.000410596,-0.527344,4.69111,-234064,-1,6.36438e-10,1,0
0.00120747,-0.282357,-0.000296651,-0.527166,4.69479,-233843,-1,8.6292e-11,1,0
0.00120794,-0.282132,-0.000777452,-0.527471,4.6961,-233565,-1,6.12334e-10,1,0
0.00120841,-0.282378,-0.000503084,-0.52785,4.69359,-233677,-1,5.15923e-10,1,0
0.00120963,-0.282168,-6.97318e-05,-0.527334,4.68915,-233268,-1,6.03978e-10,1,0
0.00120994,-0.282227,-0.000187683,-0.52709,4.68991,-233258,-1,6.80845e-10,1,0
0.00121035,-0.282405,-0.000430225,-0.527307,4.69006,-233326,-1,3.48943e-10,1,0
0.00121078,-0.282408,-0.000642293,-0.527765,4.68893,-233244,-1,2.54528e-10,1,0
0.00121126,-0.282208,-0.000901483,-0.52738,4.68778,-232987,-1,2.40231e-10,1,0
0.00121222,-0.282182,0.000241559,-0.526986,4.68547,-232781,-1,1.21855e-09,1,0
0.00121318,-0.282138,-0.000533143,-0.526935,4.68494,-232560,-1,7.98185e-10,1,0
0.00121368,-0.282132,-0.000618326,-0.526612,4.68374,-232459,-1,2.23097e-10,1,0
0.00121496,-0.280995,-0.000922115,-0.526062,4.68269,-231278,-1,6.28865e-10,1,0
0.00121566,-0.281129,-0.00151284,-0.526487,4.68443,-231257,-1,5.13342e-11,1,0
0.00121602,-0.28121,-0.00194971,-0.526455,4.68418,-231255,-1,5.95112e-11,1,0
0.00121651,-0.281076,-0.00177446,-0.52586,4.68419,-231052,-1,5.95112e-11,1,0
0.00121708,-0.280922,-0.00157129,-0.52517,4.6832,-230816,-1,1.36964e-09,1,0
0.001218,-0.280597,-0.00112471,-0.524699,4.68611,-230375,-1,2.43786e-12,1,0
0.0012182,-0.28078,-0.000961633,-0.524654,4.68475,-230488,-1,1.6918e-10,1,0
0.00121945,-0.280918,-0.000227352,-0.52527,4.67619,-230364,-1,1.02312e-09,1,0
0.00122033,-0.280838,-0.00109201,-0.524666,4.67648,-230133,-1,2.31968e-10,1,0
0.00122061,-0.280725,-0.00115587,-0.524379,4.67766,-229988,-1,3.21972e-10,1,0
0.00122158,-0.281369,-0.00180167,-0.525029,4.67724,-230332,-1,1.02336e-09,1,0
0.00122217,-0.281427,-0.00206604,-0.52506,4.67528,-230269,-1,1.14884e-10,1,0
0.00122256,-0.281591,-0.00202583,-0.525139,4.67706,-230329,-1,4.61536e-10,1,0
0.00122295,-0.281878,-0.00175947,-0.525307,4.67418,-230490,-1,7.64423e-10,1,0
0.00122349,-0.28174,-0.00137042,-0.524898,4.67474,-230275,-1,6.88263e-10,1,0
0.00122405,-0.282179,-0.00180538,-0.524758,4.67478,-230528,-1,7.45863e-10,1,0
0.00122487,-0.282094,-0.00261374,-0.524994,4.67304,-230304,-1,8.6233e-10,1,0
0.00122519,-0.282248,-0.00231377,-0.525228,4.67266,-230370,-1,4.10542e-10,1,0
0.00122561,-0.281988,-0.00221801,-0.525527,4.67227,-230080,-1,2.36174e-10,1,0
0.00122676,-0.281367,-0.00284636,-0.526604,4.67283,-229359,-1,1.33465e-09,1,0
0.00122724,-0.281144,-0.00228695,-0.526729,4.67285,-229087,-1,1.33465e-09,1,0
0.001228,-0.28061,-0.00162533,-0.526924,4.67402,-228510,-1,2.94395e-10,1,0
0.00122913,-0.2808,-0.0010839,-0.527109,4.67435,-228454,-1,4.43999e-10,1,0
0.00122958,-0.280465,-0.00148994,-0.526922,4.67496,-228098,-1,1.6858e-10,1,0
0.00123008,-0.28041,-0.00195981,-0.527133,4.67407,-227961,-1,2.51099e-10,1,0
0.00123065,-0.280392,-0.00205799,-0.526426,4.6728,-227841,-1,3.20952e-10,1,0
0.00123168,-0.279445,-0.00285597,-0.526089,4.67325,-226881,-1,9.55311e-10,1,0
0.00123186,-0.27923,-0.00293442,-0.526066,4.67326,-226674,-1,9.55311e-10,1,0
0.00123276,-0.279108,-0.00333991,-0.525291,4.6741,-226408,-1,6.41568e-10,1,0
0.00123327,-0.27923,-0.00329297,-0.525319,4.67874,-226414,-1,2.95256e-10,1,0
0.00123428,-0.278928,-0.00425255,-0.52613,4.67875,-225985,-1,2.95256e-10,1,0
0.00123487,-0.279136,-0.00381405,-0.525782,4.67881,-226045,-1,6.71938e-10,1,0
0.00123547,-0.279808,-0.00376007,-0.525702,4.67786,-226479,-1,3.78496e-10,1,0
0.0012364,-0.280102,-0.0041471,-0.524604,4.67742,-226546,-1,1.20127e-09,1,0
0.00123674,-0.280202,-0.00412894,-0.524649,4.6762,-226564,-1,7.10304e-11,1,0
0.00123771,-0.280467,-0.0031361,-0.525121,4.67595,-226602,-1,8.96147e-10,1,0
0.00123812,-0.280523,-0.00263035,-0.525121,4.67789,-226572,-1,1.76293e-10,1,0
0.00123856,-0.280177,-0.00268372,-0.525565,4.67791,-226212,-1,1.76293e-10,1,0
0.00123944,-0.279926,-0.00303429,-0.526528,4.6768,-225848,-1,6.84762e-10,1,0
0.00123997,-0.279853,-0.00261337,-0.527015,4.67694,-225693,-1,3.86507e-10,1,0
0.00124042,-0.279718,-0.00245535,-0.527163,4.67929,-225503,-1,1.06169e-10,1,0
0.00124117,-0.279281,-0.00257216,-0.527481,4.6793,-225014,-1,5.51756e-10,1,0
0.00124171,-0.279122,-0.00306453,-0.527395,4.6824,-224787,-1,9.97597e-10,1,0
0.00124266,-0.278749,-0.00231106,-0.52659,4.68104,-224316,-1,1.23583e-09,1,0
0.00124272,-0.278739,-0.00232979,-0.526531,4.68203,-224297,-1,1.07862e-10,1,0
0.00124304,-0.278969,-0.00228997,-0.526272,4.67778,-224424,-1,2.73921e-10,1,0
0.00124328,-0.278759,-0.00249187,-0.526354,4.67778,-224213,-1,3.02459e-10,1,0
0.00124453,-0.277704,-0.0018966,-0.526054,4.67855,-223140,-1,1.3468e-09,1,0
0.00124588,-0.278198,-0.00278546,-0.524643,4.67853,-223294,-1,1.3468e-09,1,0
0.00124602,-0.27817,-0.00288158,-0.524535,4.68029,-223246,-1,7.80554e-11,1,0
0.00124646,-0.278437,-0.00259965,-0.524878,4.68154,-223382,-1,3.87325e-10,1,0
0.0012477,-0.278333,-0.00144111,-0.525952,4.68217,-223077,-1,1.76191e-09,1,0
0.0012482,-0.277735,-0.00169101,-0.525884,4.6822,-222507,-1,6.51639e-10,1,0
0.00124864,-0.277395,-0.00195042,-0.526067,4.68244,-222158,-1,3.79926e-10,1,0
0.00124926,-0.277017,-0.00186549,-0.526762,4.68195,-221746,-1,9.70435e-10,1,0
0.00125055,-0.275917,-0.000912257,-0.52701,4.68047,-220636,-1,1.03005e-09,1,0
0.00125187,-0.275596,-0.00108702,-0.52763,4.67971,-220148,-1,4.46889e-10,1,0
0.00125231,-0.27543,-0.00103753,-0.527847,4.67451,-219938,-1,2.15884e-10,1,0
0.00125321,-0.275308,-0.0017424,-0.528038,4.67456,-219683,-1,6.39337e-10,1,0
0.00125441,-0.275056,-0.00201409,-0.528862,4.67367,-219271,-1,8.03011e-10,1,0
0.00125528,-0.275727,-0.0019502,-0.528836,4.67425,-219654,-1,1.29619e-09,1,0
0.00125633,-0.2753,-0.00235924,-0.528228,4.67444,-219130,-1,8.47091e-10,1,0
0.00125805,-0.273982,-0.0013392,-0.529052,4.67524,-217783,-1,1.02343e-09,1,0
0.00125858,-0.274608,-0.00107869,-0.529093,4.67268,-218188,-1,8.38618e-10,1,0
0.0012594,-0.274682,-0.00117789,-0.529139,4.67155,-218105,-1,5.85979e-10,1,0
0.00126092,-0.274336,-0.000920355,-0.530116,4.66498,-217567,-1,1.09147e-10,1,0
0.0012616,-0.274233,-0.000190875,-0.530197,4.66514,-217369,-1,1.59168e-09,1,0
0.00126215,-0.274862,-0.000330348,-0.530497,4.66533,-217772,-1,8.04619e-10,1,0
0.00126272,-0.274615,-0.000467754,-0.530742,4.66348,-217478,-1,5.36228e-10,1,0
0.00126314,-0.274715,1.78736e-05,-0.530542,4.66342,-217485,-1,5.34552e-10,1,0
0.00126368,-0.274909,0.000504322,-0.530387,4.66497,-217546,-1,4.44288e-11,1,0
0.00126427,-0.274997,-0.000186202,-0.53026,4.66636,-217514,-1,5.32311e-10,1,0
0.00126473,-0.274728,5.52752e-05,-0.529797,4.66637,-217223,-1,5.32311e-10,1,0
0.00126569,-0.274053,0.000520411,-0.528905,4.66663,-216525,-1,1.37553e-09,1,0
0.00126666,-0.273162,0.000928066,-0.528123,4.66667,-215655,-1,1.37553e-09,1,0
0.00126737,-0.272516,0.00122328,-0.527558,4.6667,-215025,-1,1.37553e-09,1,0
0.00126819,-0.271773,0.00156352,-0.526906,4.66652,-214300,-1,3.65595e-09,1,0
0.00126953,-0.270489,0.00265737,-0.526536,4.66659,-213062,-1,3.65595e-09,1,0
0.0012709,-0.270508,0.00251063,-0.527066,4.66425,-212847,-1,1.02336e-09,1,0
0.00127122,-0.270602,0.00281301,-0.526987,4.66559,-212868,-1,8.6513e-10,1,0
0.0012717,-0.270798,0.00266279,-0.527128,4.66615,-212942,-1,3.75635e-10,1,0
0.00127226,-0.270829,0.00286862,-0.52772,4.66643,-212872,-1,5.7022e-11,1,0
0.00127318,-0.270478,0.00262279,-0.528812,4.66646,-212443,-1,1.17295e-09,1,0
0.00127484,-0.271826,0.00258137,-0.529297,4.66377,-213224,-1,1.71887e-09,1,0
0.00127572,-0.272179,0.00269774,-0.52873,4.66075,-213353,-1,3.75053e-10,1,0
0.00127633,-0.271756,0.00312262,-0.528289,4.6597,-212920,-1,6.69904e-10,1,0
0.00127708,-0.272014,0.00223766,-0.528519,4.65997,-212996,-1,1.52631e-10,1,0
0.00127784,-0.272205,0.00132139,-0.528786,4.65908,-213019,-1,1.78914e-09,1,0
0.00127889,-0.27209,0.000751577,-0.529759,4.65879,-212755,-1,9.48609e-10,1,0
0.00127913,-0.271861,0.000870736,-0.529905,4.65641,-212536,-1,2.87861e-10,1,0
0.00128008,-0.27227,0.00115728,-0.530695,4.65514,-212698,-1,1.89402e-10,1,0
0.00128095,-0.272506,0.00103365,-0.531026,4.65,-212737,-1,4.28313e-10,1,0
0.00128149,-0.27283,0.00125772,-0.531502,4.64909,-212901,-1,1.02052e-09,1,0
0.00128249,-0.272414,0.00143985,-0.531708,4.6499,-212410,-1,8.69781e-10,1,0
0.001283,-0.27248,0.00136991,-0.532016,4.65268,-212377,-1,2.20672e-10,1,0
0.00128371,-0.271869,0.00135797,-0.531468,4.65026,-211783,-1,6.64792e-11,1,0
0.00128427,-0.271984,0.00132732,-0.531393,4.64728,-211781,-1,3.81413e-10,1,0
0.00128482,-0.271689,0.00133994,-0.530753,4.64729,-211460,-1,3.81413e-10,1,0
0.00128613,-0.27099,0.00136986,-0.529235,4.64538,-210702,-1,2.42304e-09,1,0
0.00128787,-0.271205,0.000373315,-0.530401,4.63797,-210584,-1,1.02305e-09,1,0
0.00128894,-0.270249,-0.000155842,-0.53005,4.63834,-209668,-1,2.12006e-10,1,0
0.00129015,-0.26961,0.00021901,-0.530498,4.64092,-208977,-1,6.27701e-10,1,0
0.00129113,-0.270018,0.000204241,-0.530274,4.63885,-209134,-1,1.04715e-09,1,0
0.0012915,-0.269866,7.06195e-05,-0.530594,4.63843,-208956,-1,5.83193e-10,1,0
0.0012922,-0.269849,0.000371491,-0.531435,4.63752,-208829,-1,8.85094e-10,1,0
0.001293,-0.26914,0.000284209,-0.531504,4.63649,-208152,-1,2.78396e-10,1,0
0.00129461,-0.268794,-0.000332456,-0.53037,4.63806,-207625,-1,1.24659e-09,1,0
0.00129565,-0.269752,-9.6373e-05,-0.53071,4.63811,-208198,-1,7.61371e-10,1,0
0.00129695,-0.270904,-0.000426766,-0.529684,4.64012,-208878,-1,7.16351e-10,1,0
0.00129798,-0.270194,-0.000608421,-0.530008,4.64377,-208165,-1,6.80334e-10,1,0
0.00129841,-0.270218,-0.000162273,-0.529697,4.64381,-208115,-1,6.73707e-10,1,0
0.00129909,-0.270365,-0.000526418,-0.529046,4.64428,-208119,-1,9.49119e-11,1,0
0.00129976,-0.27047,0.000222754,-0.528647,4.64428,-208093,-1,9.49119e-11,1,0
0.00130049,-0.270079,0.000887831,-0.529021,4.64353,-207675,-1,8.16131e-10,1,0
0.00130146,-0.269631,0.000899919,-0.530181,4.64355,-207176,-1,8.16131e-10,1,0
0.00130209,-0.269341,0.000907731,-0.53093,4.6451,-206853,-1,2.04648e-09,1,0
0.00130294,-0.269683,0.00165495,-0.530363,4.6455,-206981,-1,1.1076e-10,1,0
0.00130319,-0.269758,0.00164551,-0.530054,4.64549,-206999,-1,1.1076e-10,1,0
0.00130349,-0.269843,0.0015894,-0.529712,4.64558,-207015,-1,6.63547e-10,1,0
0.00130417,-0.269916,0.000732712,-0.529585,4.64558,-206963,-1,6.63547e-10,1,0
0.0013045,-0.269951,0.000321057,-0.529524,4.64549,-206939,-1,1.33323e-09,1,0
0.0013055,-0.270771,-0.000659717,-0.529632,4.64536,-207408,-1,1.28312e-09,1,0
0.00130643,-0.271578,-0.00136446,-0.529125,4.64532,-207879,-1,1.28312e-09,1,0
0.00130709,-0.271924,-0.0015033,-0.529093,4.64517,-208038,-1,2.84218e-10,1,0
0.00130771,-0.271345,-0.00106844,-0.529289,4.64491,-207496,-1,4.82015e-10,1,0
0.00130813,-0.27092,-0.000800402,-0.529475,4.64558,-207104,-1,3.88237e-10,1,0
0.00130868,-0.270761,-0.00084274,-0.52998,4.64744,-206896,-1,1.71538e-10,1,0
0.00131015,-0.270865,-0.00221774,-0.529795,4.64257,-206744,-1,1.51217e-09,1,0
0.00131067,-0.271159,-0.00239656,-0.530334,4.64055,-206886,-1,4.73812e-11,1,0
0.00131105,-0.271547,-0.00232034,-0.530583,4.638,-207123,-1,2.71733e-10,1,0
0.00131191,-0.271806,-0.00278737,-0.531553,4.63799,-207183,-1,2.71733e-10,1,0
0.00131284,-0.272108,-0.00322415,-0.532584,4.63731,-207266,-1,2.2135e-09,1,0
0.00131313,-0.272086,-0.00332811,-0.532833,4.63699,-207204,-1,2.99126e-11,1,0
0.00131381,-0.272037,-0.0037958,-0.533039,4.63591,-207060,-1,2.29847e-10,1,0
0.00131427,-0.272236,-0.00349766,-0.532819,4.63484,-207139,-1,1.53143e-10,1,0
0.0013149,-0.271917,-0.00330334,-0.53354,4.63486,-206796,-1,1.53143e-10,1,0
0.00131531,-0.271713,-0.00317992,-0.533998,4.63316,-206578,-1,1.32915e-09,1,0
0.00131631,-0.27228,-0.00254166,-0.533052,4.63053,-206851,-1,1.27469e-09,1,0
0.00131653,-0.272438,-0.00249253,-0.533285,4.63111,-206936,-1,2.7655e-10,1,0
0.001317,-0.272501,-0.00206313,-0.533481,4.63231,-206910,-1,1.66957e-10,1,0
0.00131792,-0.272173,-0.00203504,-0.532669,4.63144,-206516,-1,2.24633e-10,1,0
0.00131851,-0.271937,-0.00217997,-0.531971,4.63145,-206246,-1,2.24633e-10,1,0
0.00131941,-0.271636,-0.00258283,-0.531324,4.62981,-205877,-1,9.97187e-11,1,0
0.00131993,-0.271576,-0.00310129,-0.531664,4.63019,-205750,-1,3.72237e-10,1,0
0.00132041,-0.271456,-0.00261206,-0.532014,4.62891,-205585,-1,6.13204e-10,1,0
0.00132129,-0.271859,-0.00329491,-0.532627,4.62673,-205752,-1,3.11378e-10,1,0
0.00132173,-0.271727,-0.00376236,-0.532905,4.62674,-205584,-1,3.11378e-10,1,0
0.00132216,-0.271751,-0.00408895,-0.53311,4.62658,-205536,-1,1.26482e-10,1,0
0.00132273,-0.271754,-0.00401234,-0.533418,4.62346,-205450,-1,3.18706e-10,1,0
0.00132309,-0.27149,-0.00385434,-0.53344,4.62273,-205194,-1,1.49549e-10,1,0
0.00132371,-0.270966,-0.00444806,-0.53348,4.62381,-204701,-1,7.87548e-10,1,0
0.00132402,-0.270607,-0.00447523,-0.533344,4.62216,-204383,-1,2.54431e-10,1,0
0.00132441,-0.270524,-0.0045566,-0.532909,4.62214,-204260,-1,4.36795e-11,1,0
0.00132503,-0.270031,-0.00491297,-0.533027,4.62009,-203792,-1,3.73276e-10,1,0
0.00132609,-0.269219,-0.0040194,-0.533024,4.62089,-203016,-1,8.39236e-10,1,0
0.00132658,-0.268619,-0.00388096,-0.532981,4.62084,-202490,-1,1.13127e-09,1,0
0.00132698,-0.268696,-0.00390514,-0.532829,4.62091,-202487,-1,2.31856e-11,1,0
0.00132782,-0.269151,-0.00398312,-0.532605,4.61745,-202702,-1,6.35895e-10,1,0
0.00132904,-0.268576,-0.00486646,-0.533396,4.61552,-202082,-1,4.61611e-10,1,0
0.00132985,-0.267599,-0.00487345,-0.533733,4.61694,-201224,-1,1.03295e-09,1,0
0.00133112,-0.268258,-0.00585785,-0.532767,4.61723,-201527,-1,8.49747e-11,1,0
0.00133155,-0.268621,-0.00580769,-0.532854,4.61883,-201736,-1,3.48405e-10,1,0
0.00133364,-0.26791,-0.00430892,-0.534811,4.61909,-200886,-1,9.60605e-10,1,0
0.00133529,-0.267735,-0.00428327,-0.5369,4.61638,-200507,-1,2.09712e-09,1,0
0.00133592,-0.268428,-0.004165,-0.536497,4.61367,-200931,-1,8.10552e-10,1,0
0.00133743,-0.26895,-0.00379869,-0.536479,4.61404,-201095,-1,8.80468e-10,1,0
0.00133802,-0.269315,-0.00364973,-0.535847,4.61402,-201280,-1,8.80468e-10,1,0
0.00133825,-0.269459,-0.0035908,-0.535597,4.61347,-201353,-1,2.08135e-09,1,0
0.0013388,-0.269929,-0.00381283,-0.53518,4.61332,-201621,-1,5.65954e-10,1,0
0.00133973,-0.269885,-0.00282754,-0.534522,4.61177,-201447,-1,1.17998e-09,1,0
0.00134063,-0.269041,-0.00241105,-0.534895,4.61076,-200683,-1,6.16091e-11,1,0
0.00134123,-0.2685,-0.00235613,-0.535153,4.61065,-200189,-1,2.28381e-10,1,0
0.00134173,-0.268733,-0.00256875,-0.534605,4.61225,-200289,-1,5.82193e-11,1,0
0.0013422,-0.268928,-0.00264973,-0.534748,4.6121,-200365,-1,1.73621e-10,1,0
0.00134262,-0.269264,-0.0025715,-0.535148,4.61325,-200550,-1,4.42276e-10,1,0
0.00134306,-0.268875,-0.00233748,-0.535251,4.61377,-200195,-1,3.85784e-10,1,0
0.00134341,-0.268827,-0.00246449,-0.534996,4.61393,-200108,-1,4.14728e-10,1,0
0.00134459,-0.2682,-0.00254766,-0.53625,4.61396,-199466,-1,1.12731e-09,1,0
0.00134495,-0.268381,-0.00246417,-0.536035,4.61198,-199547,-1,3.76621e-10,1,0
0.00134578,-0.268113,-0.0017901,-0.536659,4.61107,-199225,-1,1.5767e-10,1,0
0.00134661,-0.268073,-0.00188516,-0.537208,4.61025,-199073,-1,1.73394e-10,1,0
0.00134782,-0.268012,-0.00335077,-0.537697,4.61084,-198849,-1,1.98358e-09,1,0
0.00134811,-0.267701,-0.00315949,-0.537654,4.6099,-198575,-1,3.6779e-10,1,0
0.00134926,-0.268306,-0.00263801,-0.538754,4.60812,-198854,-1,1.04153e-09,1,0
0.00134985,-0.268362,-0.00336979,-0.538894,4.60812,-198809,-1,1.04153e-09,1,0
0.00135063,-0.268413,-0.0042686,-0.538951,4.60789,-198731,-1,1.6934e-09,1,0
0.00135098,-0.268444,-0.00438444,-0.538622,4.60851,-198704,-1,2.73906e-10,1,0
0.0013518,-0.268804,-0.00480242,-0.538247,4.60844,-198849,-1,2.99828e-10,1,0
0.00135262,-0.268543,-0.00437315,-0.538516,4.60552,-198535,-1,2.02409e-10,1,0
0.00135327,-0.268006,-0.00377961,-0.538625,4.60971,-198044,-1,6.86389e-12,1,0
0.0013549,-0.266639,-0.00446958,-0.538299,4.61098,-196796,-1,1.73059e-09,1,0
0.00135525,-0.26686,-0.00478623,-0.538483,4.61117,-196908,-1,6.28761e-11,1,0
0.00135636,-0.265902,-0.00547562,-0.538625,4.61028,-196042,-1,4.14538e-10,1,0
0.00135688,-0.265358,-0.00575727,-0.538739,4.60962,-195564,-1,9.5393e-11,1,0
0.00135767,-0.26488,-0.00627521,-0.538018,4.60965,-195099,-1,9.5393e-11,1,0
0.00135818,-0.264573,-0.00660865,-0.537554,4.60966,-194799,-1,9.5393e-11,1,0
0.00135934,-0.264776,-0.00554839,-0.537081,4.60652,-194783,-1,1.04133e-09,1,0
0.00136009,-0.263893,-0.00516567,-0.537107,4.60523,-194026,-1,9.61968e-10,1,0
0.00136046,-0.263563,-0.00544056,-0.537287,4.60525,-193731,-1,9.61968e-10,1,0
0.00136165,-0.262489,-0.00633336,-0.53787,4.60531,-192773,-1,9.61968e-10,1,0
0.00136296,-0.261302,-0.00732096,-0.538515,4.60533,-191716,-1,3.65298e-09,1,0
0.00136332,-0.261428,-0.00776339,-0.538533,4.60638,-191758,-1,4.6052e-10,1,0
0.00136393,-0.261662,-0.00708418,-0.538807,4.6038,-191844,-1,7.68921e-10,1,0
0.00136461,-0.261411,-0.0074237,-0.538974,4.60361,-191564,-1,9.81963e-11,1,0
0.00136535,-0.260516,-0.00769765,-0.539009,4.60442,-190805,-1,3.68788e-10,1,0
0.00136618,-0.259509,-0.00800642,-0.539048,4.60447,-189952,-1,3.68788e-10,1,0
0.00136708,-0.258412,-0.00834244,-0.53909,4.60453,-189025,-1,3.68788e-10,1,0
0.00136775,-0.257593,-0.00859365,-0.539121,4.60457,-188333,-1,3.68788e-10,1,0
0.00136834,-0.256992,-0.00856782,-0.539173,4.60355,-187813,-1,2.04261e-10,1,0
0.00136896,-0.257047,-0.00847448,-0.539886,4.60184,-187768,-1,5.11341e-11,1,0
0.00137002,-0.257569,-0.00863429,-0.539523,4.601,-188004,-1,5.6039e-10,1,0
0.00137102,-0.258678,-0.00837009,-0.539367,4.60164,-188676,-1,1.77901e-10,1,0
0.00137213,-0.259476,-0.00948114,-0.539015,4.6016,-189105,-1,1.77901e-10,1,0
0.00137258,-0.259637,-0.00982828,-0.53882,4.60014,-189161,-1,1.85773e-09,1,0
0.00137345,-0.258821,-0.00980193,-0.538063,4.60137,-188446,-1,1.2373e-09,1,0
0.00137416,-0.258291,-0.00908816,-0.538207,4.60139,-187963,-1,1.2373e-09,1,0
0.00137517,-0.258148,-0.00885364,-0.537119,4.6003,-187721,-1,7.7796e-10,1,0
0.00137607,-0.257259,-0.00885028,-0.536534,4.598,-186952,-1,5.92831e-10,1,0
0.00137633,-0.257158,-0.00873718,-0.536784,4.59856,-186843,-1,6.7651e-11,1,0
0.00137738,-0.25743,-0.00778527,-0.536631,4.59746,-186898,-1,5.9184e-11,1,0
0.00137865,-0.258325,-0.00714434,-0.535881,4.59695,-187375,-1,1.85972e-09,1,0
0.00137915,-0.25885,-0.00715639,-0.53564,4.59893,-187689,-1,1.29747e-09,1,0
0.00137984,-0.258803,-0.00773127,-0.535551,4.59913,-187560,-1,3.26892e-10,1,0
0.0013811,-0.258288,-0.00919575,-0.535192,4.59843,-187017,-1,2.28314e-09,1,0
0.00138161,-0.257901,-0.00955194,-0.53518,4.59608,-186667,-1,5.15415e-10,1,0
0.00138329,-0.258154,-0.0110982,-0.534098,4.5961,-186623,-1,1.18328e-09,1,0
0.00138373,-0.257976,-0.0114647,-0.533817,4.59418,-186435,-1,1.26453e-10,1,0
0.00138442,-0.257852,-0.0115932,-0.53352,4.59514,-186253,-1,4.65995e-10,1,0
0.00138552,-0.256929,-0.0120877,-0.534242,4.59297,-185438,-1,2.33926e-10,1,0
0.00138644,-0.257563,-0.0127519,-0.534949,4.5922,-185773,-1,1.15896e-09,1,0
0.00138748,-0.257735,-0.0127842,-0.536267,4.59219,-185758,-1,1.15896e-09,1,0
0.00138809,-0.257609,-0.0126151,-0.536853,4.59185,-185586,-1,1.53027e-10,1,0
0.00138875,-0.257402,-0.0126722,-0.536577,4.59456,-185348,-1,5.75545e-10,1,0
0.00138974,-0.25712,-0.0134148,-0.536595,4.59374,-185013,-1,4.37444e-10,1,0
0.00139043,-0.256632,-0.0140095,-0.536333,4.59462,-184571,-1,6.98037e-10,1,0
0.00139113,-0.25671,-0.013496,-0.535789,4.5948,-184534,-1,2.37766e-10,1,0
0.00139192,-0.25653,-0.0129111,-0.534986,4.59481,-184299,-1,2.37766e-10,1,0
0.00139342,-0.256687,-0.0115786,-0.534165,4.59604,-184214,-1,7.69441e-10,1,0
0.00139407,-0.25672,-0.0113306,-0.534892,4.59636,-184152,-1,2.78286e-11,1,0
0.00139485,-0.256723,-0.0111016,-0.535871,4.59653,-184050,-1,1.73988e-09,1,0
0.00139568,-0.256817,-0.0107525,-0.536862,4.59578,-184008,-1,1.05561e-09,1,0
0.00139659,-0.256052,-0.011374,-0.536832,4.59229,-183342,-1,8.62507e-10,1,0
0.00139704,-0.256308,-0.0118546,-0.537008,4.59265,-183465,-1,6.01715e-10,1,0
0.00139773,-0.256222,-0.0116055,-0.536892,4.59246,-183313,-1,4.35727e-10,1,0
0.00139836,-0.255958,-0.0115001,-0.536988,4.59278,-183041,-1,5.43283e-10,1,0
0.00139973,-0.25767,-0.0116741,-0.537223,4.59268,-184086,-1,2.0001e-09,1,0
0.00140044,-0.257733,-0.0116695,-0.537839,4.59272,-184037,-1,5.00738e-10,1,0
0.00140097,-0.257569,-0.0114335,-0.537332,4.59404,-183850,-1,4.64217e-10,1,0
0.00140122,-0.257553,-0.0114981,-0.537345,4.59524,-183806,-1,1.77674e-10,1,0
0.00140169,-0.25737,-0.0110086,-0.537633,4.59494,-183614,-1,5.96445e-10,1,0
0.00140244,-0.256974,-0.0109974,-0.537773,4.59309,-183234,-1,4.19562e-10,1,0
0.00140349,-0.257152,-0.0104084,-0.538862,4.59242,-183223,-1,4.48499e-10,1,0
0.0014039,-0.256707,-0.0101963,-0.538998,4.59164,-182853,-1,5.11079e-10,1,0
0.00140491,-0.256099,-0.0103258,-0.539742,4.59038,-182289,-1,1.00526e-09,1,0
0.00140536,-0.256076,-0.0104802,-0.539788,4.58882,-182213,-1,5.82461e-10,1,0
0.00140567,-0.255856,-0.0105631,-0.53989,4.58884,-182017,-1,6.55698e-12,1,0
0.00140629,-0.255639,-0.0104756,-0.540612,4.59101,-181783,-1,5.68999e-10,1,0
0.00140641,-0.255615,-0.0104164,-0.540555,4.59123,-181750,-1,1.01321e-10,1,0
0.00140743,-0.256192,-0.00982799,-0.539606,4.58911,-182029,-1,1.77953e-10,1,0
0.00140857,-0.255471,-0.0101075,-0.540308,4.5917,-181370,-1,2.3042e-10,1,0
0.00140909,-0.254995,-0.0104171,-0.539969,4.59157,-180965,-1,8.3997e-10,1,0
0.00140943,-0.255098,-0.0104215,-0.540182,4.59106,-180994,-1,2.58426e-10,1,0
0.00141031,-0.255492,-0.0101394,-0.539605,4.58992,-181160,-1,5.8303e-10,1,0
0.00141078,-0.255964,-0.0099977,-0.539724,4.59109,-181435,-1,3.94725e-10,1,0
0.00141168,-0.256839,-0.0104318,-0.539753,4.59063,-181938,-1,1.24864e-09,1,0
0.00141274,-0.255831,-0.0100125,-0.540507,4.5879,-181089,-1,8.91878e-12,1,0
0.00141342,-0.256467,-0.00965433,-0.540029,4.58621,-181451,-1,8.72878e-10,1,0
0.00141429,-0.256776,-0.0104071,-0.540632,4.58451,-181559,-1,1.044e-09,1,0
0.00141511,-0.257397,-0.009882,-0.540483,4.58442,-181892,-1,2.93824e-10,1,0
0.00141531,-0.25749,-0.00983781,-0.54045,4.58318,-181932,-1,6.97252e-11,1,0
0.0014161,-0.257183,-0.010789,-0.540456,4.58236,-181614,-1,1.07503e-09,1,0
0.00141655,-0.256708,-0.0110741,-0.540306,4.58168,-181220,-1,5.74077e-10,1,0
0.0014176,-0.256223,-0.0109943,-0.541164,4.58033,-180744,-1,9.40526e-10,1,0
0.00141831,-0.256729,-0.0115663,-0.540729,4.57964,-181010,-1,2.46663e-11,1,0
0.00141895,-0.257205,-0.0120797,-0.540359,4.57941,-181265,-1,1.668e-09,1,0
0.00141994,-0.257987,-0.0114374,-0.540363,4.58267,-181689,-1,7.21693e-11,1,0
0.00142163,-0.258168,-0.0116162,-0.539721,4.58244,-181601,-1,1.29469e-10,1,0
0.00142202,-0.25838,-0.0120747,-0.539752,4.58222,-181699,-1,1.48124e-09,1,0
0.00142233,-0.258477,-0.0122177,-0.539704,4.58298,-181728,-1,1.27425e-10,1,0
0.00142307,-0.258762,-0.0130524,-0.539366,4.58244,-181833,-1,9.44681e-10,1,0
0.00142387,-0.259035,-0.0128509,-0.538407,4.58243,-181923,-1,9.44681e-10,1,0
0.00142432,-0.259188,-0.0127386,-0.537872,4.58242,-181973,-1,9.44681e-10,1,0
0.00142583,-0.259761,-0.0124801,-0.537462,4.58021,-182183,-1,6.46644e-10,1,0
0.00142679,-0.259623,-0.0116628,-0.538151,4.58117,-181962,-1,9.09566e-10,1,0
0.00142698,-0.259645,-0.011613,-0.537986,4.58149,-181955,-1,7.65271e-11,1,0
0.00142813,-0.260293,-0.011556,-0.536804,4.58166,-182262,-1,1.03009e-09,1,0
0.00142901,-0.2596,-0.0122741,-0.537181,4.58052,-181664,-1,8.66454e-10,1,0
0.00143016,-0.259674,-0.0127929,-0.538187,4.57923,-181570,-1,9.24891e-10,1,0
0.00143054,-0.259578,-0.0127626,-0.537858,4.57712,-181455,-1,7.88949e-11,1,0
0.00143131,-0.259099,-0.0130601,-0.53749,4.5748,-181023,-1,6.27295e-10,1,0
0.00143311,-0.259886,-0.0129019,-0.535343,4.57476,-181344,-1,6.27295e-10,1,0
0.00143401,-0.260277,-0.0128235,-0.534277,4.57343,-181503,-1,3.67163e-09,1,0
0.00143491,-0.259658,-0.0121819,-0.534155,4.57325,-180957,-1,3.32183e-10,1,0
0.0014357,-0.260541,-0.0123421,-0.534348,4.57173,-181474,-1,3.68634e-10,1,0
0.00143714,-0.260407,-0.0126434,-0.535108,4.57111,-181198,-1,3.60695e-10,1,0
0.00143824,-0.259383,-0.0126169,-0.535945,4.5716,-180348,-1,1.85678e-09,1,0
0.00143878,-0.258722,-0.012771,-0.536043,4.57167,-179821,-1,9.91489e-10,1,0
0.00144027,-0.258032,-0.0120949,-0.534409,4.57162,-179155,-1,1.89857e-09,1,0
0.00144068,-0.258046,-0.0122317,-0.534041,4.57034,-179115,-1,4.50335e-10,1,0
0.00144198,-0.258244,-0.0112727,-0.535365,4.57428,-179090,-1,1.7097e-09,1,0
0.00144269,-0.257565,-0.0111582,-0.535013,4.57259,-178531,-1,1.11523e-10,1,0
0.00144281,-0.257484,-0.0112067,-0.535032,4.57447,-178460,-1,1.10216e-10,1,0
0.00144331,-0.257568,-0.0109383,-0.535596,4.57316,-178457,-1,6.70606e-10,1,0
0.00144362,-0.257334,-0.011228,-0.535604,4.57217,-178256,-1,1.4051e-11,1,0
0.00144446,-0.256647,-0.0120409,-0.535615,4.56964,-177677,-1,1.44705e-09,1,0
0.00144522,-0.256993,-0.0116363,-0.534808,4.56962,-177823,-1,1.44705e-09,1,0
0.00144565,-0.25719,-0.0114066,-0.534349,4.5707,-177905,-1,1.51552e-09,1,0
0.001446,-0.257277,-0.0113145,-0.534066,4.56852,-177922,-1,1.19142e-10,1,0
0.00144637,-0.257269,-0.011459,-0.534188,4.56783,-177872,-1,2.20378e-10,1,0
0.00144725,-0.256987,-0.010891,-0.533385,4.5669,-177569,-1,1.28017e-10,1,0
0.00144821,-0.256696,-0.0103293,-0.532344,4.56755,-177250,-1,2.21189e-09,1,0
0.00144874,-0.257119,-0.0104504,-0.532111,4.56061,-177477,-1,4.18618e-11,1,0
0.00144902,-0.25713,-0.0102583,-0.532311,4.55895,-177451,-1,3.03622e-10,1,0
0.00145045,-0.257843,-0.00944242,-0.532069,4.55766,-177768,-1,2.5588e-10,1,0
0.00145121,-0.258427,-0.00878781,-0.532212,4.55584,-178077,-1,2.42738e-10,1,0
0.00145166,-0.258899,-0.00900256,-0.531992,4.55483,-178347,-1,5.52212e-10,1,0
0.00145254,-0.259562,-0.00949461,-0.53189,4.55523,-178695,-1,4.54232e-10,1,0
0.00145342,-0.260044,-0.0101745,-0.53173,4.55883,-178919,-1,3.42085e-10,1,0
0.00145461,-0.259898,-0.0106928,-0.530524,4.55936,-178672,-1,1.27351e-09,1,0
0.00145563,-0.259138,-0.0108274,-0.530632,4.55939,-178024,-1,8.09053e-10,1,0
0.00145617,-0.259149,-0.0113936,-0.530437,4.56095,-177966,-1,4.2752e-10,1,0
0.0014567,-0.258648,-0.0117668,-0.530177,4.56097,-177557,-1,4.2752e-10,1,0
0.00145729,-0.258489,-0.011761,-0.529939,4.56465,-177377,-1,2.2399e-10,1,0
0.00145788,-0.258604,-0.0113123,-0.529724,4.56706,-177384,-1,4.67491e-10,1,0
0.00145916,-0.2574,-0.0118733,-0.529361,4.56456,-176403,-1,1.04136e-09,1,0
0.00146002,-0.256348,-0.011678,-0.529565,4.56849,-175579,-1,1.65558e-09,1,0
0.00146046,-0.255977,-0.0117558,-0.52973,4.5693,-175272,-1,8.54601e-11,1,0
0.00146091,-0.255648,-0.011958,-0.529992,4.56926,-174992,-1,8.56273e-10,1,0
0.00146156,-0.255685,-0.0127032,-0.530342,4.56727,-174939,-1,1.01844e-09,1,0
0.00146248,-0.256108,-0.0124229,-0.530965,4.5686,-175119,-1,7.02613e-10,1,0
0.00146281,-0.256122,-0.0126794,-0.531029,4.56982,-175089,-1,2.93836e-10,1,0
0.00146363,-0.255976,-0.0126838,-0.530797,4.56468,-174891,-1,4.63061e-10,1,0
0.00146415,-0.255903,-0.0132025,-0.530946,4.56625,-174779,-1,8.4921e-11,1,0
0.00146436,-0.255951,-0.0129972,-0.53083,4.56815,-174787,-1,7.4156e-11,1,0
0.00146517,-0.255853,-0.0124557,-0.530034,4.56762,-174623,-1,1.24286e-10,1,0
0.0014657,-0.255781,-0.0125731,-0.530083,4.57097,-174512,-1,1.09205e-09,1,0
0.00146635,-0.255771,-0.0131866,-0.530651,4.57097,-174426,-1,1.09205e-09,1,0
0.00146759,-0.256368,-0.0142642,-0.531152,4.57202,-174687,-1,1.9903e-09,1,0
0.00146865,-0.257396,-0.0151348,-0.531116,4.57197,-175260,-1,1.9903e-09,1,0
0.00146943,-0.257309,-0.0146268,-0.530287,4.57141,-175108,-1,9.81593e-10,1,0
0.00147041,-0.257644,-0.0141013,-0.529867,4.56961,-175220,-1,5.5911e-10,1,0
0.00147129,-0.25787,-0.0144692,-0.530898,4.5696,-175268,-1,5.5911e-10,1,0
0.00147147,-0.257915,-0.0145433,-0.531105,4.56959,-175278,-1,5.5911e-10,1,0
0.00147234,-0.257968,-0.0145419,-0.531743,4.57199,-175210,-1,3.03021e-10,1,0
0.00147373,-0.25829,-0.0154383,-0.531699,4.57212,-175263,-1,7.80609e-10,1,0
0.00147526,-0.257308,-0.0158404,-0.530567,4.5729,-174415,-1,1.75734e-09,1,0
0.00147575,-0.257404,-0.0162953,-0.530319,4.5739,-174422,-1,5.45072e-10,1,0
0.00147609,-0.257619,-0.0166173,-0.530144,4.57123,-174528,-1,4.25274e-10,1,0
0.00147707,-0.258661,-0.0164535,-0.530135,4.57261,-175117,-1,3.61873e-10,1,0
0.0014776,-0.259206,-0.0161848,-0.530432,4.57258,-175423,-1,3.61873e-10,1,0
0.001478,-0.259553,-0.0163012,-0.530604,4.57241,-175611,-1,2.74016e-10,1,0
0.00147887,-0.260074,-0.0170152,-0.530926,4.57236,-175859,-1,5.48037e-10,1,0
0.00148009,-0.259126,-0.0178026,-0.531442,4.57175,-175075,-1,8.87928e-10,1,0
0.00148077,-0.258688,-0.0181554,-0.531098,4.57238,-174698,-1,4.18346e-10,1,0
0.00148101,-0.258447,-0.0181781,-0.531212,4.57474,-174507,-1,2.88828e-10,1,0
0.00148125,-0.258274,-0.018205,-0.531375,4.57495,-174362,-1,5.21537e-10,1,0
0.0014823,-0.259059,-0.0186015,-0.532375,4.57492,-174768,-1,5.21537e-10,1,0
0.0014827,-0.259346,-0.0186747,-0.532758,4.57485,-174914,-1,1.79073e-09,1,0
0.00148365,-0.260011,-0.0179504,-0.533046,4.57859,-175250,-1,4.59312e-10,1,0
0.0014837,-0.259985,-0.0179379,-0.533029,4.57897,-175227,-1,3.08705e-11,1,0
0.00148397,-0.259935,-0.0181718,-0.532972,4.57918,-175162,-1,2.35014e-10,1,0
0.00148504,-0.260371,-0.0189844,-0.533493,4.57422,-175330,-1,4.2181e-10,1,0
0.00148634,-0.260245,-0.020357,-0.532812,4.57386,-175091,-1,4.44846e-10,1,0
0.00148707,-0.260418,-0.0211863,-0.533203,4.57385,-175121,-1,4.44846e-10,1,0
0.00148761,-0.260543,-0.0217863,-0.533487,4.57385,-175142,-1,4.44846e-10,1,0
0.00148845,-0.260495,-0.0221112,-0.533689,4.57173,-175012,-1,2.31238e-09,1,0
0.00148918,-0.259933,-0.021484,-0.533626,4.56994,-174548,-1,3.15038e-10,1,0
0.00149008,-0.260123,-0.0209415,-0.534259,4.56782,-174570,-1,5.26788e-10,1,0
0.00149104,-0.260044,-0.0201981,-0.533548,4.56537,-174404,-1,1.36464e-10,1,0
0.00149185,-0.259868,-0.0194302,-0.532906,4.56651,-174193,-1,2.10566e-09,1,0
0.00149198,-0.25992,-0.0194332,-0.532876,4.56653,-174211,-1,9.74973e-11,1,0
0.00149297,-0.26012,-0.0189896,-0.532062,4.56471,-174230,-1,3.78367e-10,1,0
0.0014939,-0.260609,-0.0185669,-0.532025,4.56248,-174449,-1,6.13501e-10,1,0
0.0014946,-0.260055,-0.0187545,-0.53173,4.56137,-173996,-1,3.8353e-10,1,0
0.00149502,-0.259871,-0.0182944,-0.53165,4.56174,-173824,-1,4.0877e-10,1,0
0.0014965,-0.259395,-0.0164913,-0.53145,4.56177,-173334,-1,4.0877e-10,1,0
0.00149769,-0.259012,-0.0150428,-0.53129,4.56179,-172941,-1,4.0877e-10,1,0
0.00149808,-0.258828,-0.0146101,-0.531184,4.56237,-172773,-1,2.07092e-10,1,0
0.00149909,-0.2594,-0.013896,-0.53035,4.56127,-173038,-1,1.18383e-09,1,0
0.00149937,-0.259495,-0.0135619,-0.530367,4.56136,-173069,-1,3.33685e-10,1,0
0.00149981,-0.259053,-0.0137272,-0.530316,4.56118,-172724,-1,3.47922e-10,1,0
0.00150078,-0.258349,-0.014254,-0.529449,4.56115,-172143,-1,1.43834e-09,1,0
0.00150192,-0.25813,-0.0142664,-0.528866,4.56308,-171867,-1,9.64911e-10,1,0
0.00150241,-0.25848,-0.0146032,-0.528987,4.56493,-172044,-1,1.00737e-09,1,0
0.00150271,-0.258263,-0.0147946,-0.528808,4.56104,-171865,-1,6.43329e-11,1,0
0.00150372,-0.258694,-0.0139065,-0.529305,4.56005,-172037,-1,2.22545e-10,1,0
0.00150428,-0.258355,-0.0133717,-0.529638,4.56117,-171747,-1,7.15186e-10,1,0
0.0015051,-0.2584,-0.0136659,-0.530081,4.55931,-171683,-1,4.67171e-10,1,0
0.00150562,-0.258375,-0.013229,-0.52966,4.55926,-171606,-1,2.18691e-10,1,0
0.00150659,-0.258548,-0.0129555,-0.529124,4.55511,-171611,-1,3.33773e-10,1,0
0.00150709,-0.258218,-0.0128008,-0.529636,4.55421,-171336,-1,1.33166e-11,1,0
0.00150822,-0.257646,-0.0125726,-0.53075,4.55442,-170828,-1,1.91229e-09,1,0
0.00150857,-0.257619,-0.0125241,-0.530883,4.55338,-170770,-1,1.48261e-10,1,0
0.00150995,-0.257384,-0.0123409,-0.530784,4.54876,-170459,-1,7.54624e-10,1,0
0.00151056,-0.257873,-0.0126938,-0.53076,4.54877,-170713,-1,6.11965e-11,1,0
0.00151123,-0.258218,-0.013094,-0.530339,4.54996,-170866,-1,1.12144e-09,1,0
0.00151145,-0.258355,-0.0131708,-0.530173,4.55142,-170932,-1,1.53659e-10,1,0
0.00151183,-0.258417,-0.0134672,-0.530071,4.55234,-170929,-1,1.93789e-10,1,0
0.00151285,-0.2582,-0.0143364,-0.52971,4.55254,-170671,-1,1.26381e-10,1,0
0.0015133,-0.257845,-0.0139228,-0.529859,4.55256,-170386,-1,1.26381e-10,1,0
0.0015135,-0.257715,-0.0137463,-0.529952,4.55381,-170277,-1,7.8971e-10,1,0
0.00151469,-0.25817,-0.013444,-0.531346,4.55347,-170444,-1,7.12475e-10,1,0
0.00151539,-0.258436,-0.0139799,-0.531527,4.55196,-170541,-1,1.11169e-09,1,0
0.00151592,-0.258435,-0.0136415,-0.531164,4.55189,-170481,-1,5.61335e-10,1,0
0.00151693,-0.259486,-0.0140062,-0.531706,4.54975,-171059,-1,1.17917e-09,1,0
0.00151853,-0.259984,-0.0127987,-0.532762,4.54903,-171208,-1,1.21521e-09,1,0
0.00151988,-0.260881,-0.0128079,-0.533357,4.54964,-171645,-1,7.92516e-10,1,0
0.00152054,-0.260263,-0.0132157,-0.53296,4.54919,-171165,-1,8.39908e-10,1,0
0.00152138,-0.26014,-0.0140844,-0.533309,4.54772,-170990,-1,1.8589e-10,1,0
0.00152224,-0.259609,-0.0147442,-0.532728,4.54612,-170543,-1,9.13103e-10,1,0
0.00152267,-0.259513,-0.0146324,-0.533171,4.54729,-170433,-1,5.01017e-10,1,0
0.00152334,-0.259667,-0.0140492,-0.533248,4.54599,-170459,-1,1.55381e-10,1,0
0.00152458,-0.2603,-0.0126211,-0.533201,4.54756,-170736,-1,2.16764e-09,1,0
0.00152527,-0.259987,-0.0122774,-0.532573,4.5495,-170453,-1,7.96372e-11,1,0
0.00152621,-0.260524,-0.0128716,-0.533052,4.55265,-170700,-1,3.22206e-10,1,0
0.00152664,-0.26045,-0.0127181,-0.533276,4.5496,-170604,-1,6.05645e-11,1,0
0.00152794,-0.260678,-0.012975,-0.534889,4.54959,-170607,-1,6.05645e-11,1,0
0.00152884,-0.26077,-0.013116,-0.536003,4.5489,-170567,-1,3.12111e-10,1,0
0.00152925,-0.260966,-0.0129661,-0.536249,4.54774,-170650,-1,1.69891e-11,1,0
0.00153039,-0.261896,-0.0134009,-0.535304,4.54644,-171130,-1,1.36845e-09,1,0
0.00153065,-0.261853,-0.0134705,-0.535049,4.54661,-171073,-1,3.16374e-11,1,0
0.00153121,-0.261383,-0.0133557,-0.535061,4.54649,-170703,-1,3.67431e-10,1,0
0.00153223,-0.260337,-0.0126588,-0.534794,4.54718,-169908,-1,1.5008e-09,1,0
0.00153272,-0.260573,-0.0127371,-0.534773,4.55098,-170007,-1,3.94803e-10,1,0
0.00153356,-0.260722,-0.0122695,-0.534127,4.55194,-170011,-1,9.34233e-10,1,0
0.00153481,-0.260391,-0.0114119,-0.534913,4.54978,-169658,-1,1.06014e-09,1,0
0.00153573,-0.259977,-0.0106215,-0.534948,4.55003,-169285,-1,9.2266e-10,1,0
0.001536,-0.260178,-0.0108014,-0.534924,4.55342,-169387,-1,1.26481e-10,1,0
0.00153687,-0.259873,-0.0100101,-0.535633,4.55311,-169092,-1,1.10532e-09,1,0
0.00153828,-0.259026,-0.0105306,-0.535958,4.55342,-168387,-1,1.06031e-09,1,0
0.00153928,-0.259305,-0.0112161,-0.536856,4.55369,-168459,-1,8.27752e-10,1,0
0.00154034,-0.259148,-0.0114032,-0.538107,4.55463,-168241,-1,8.12571e-10,1,0
0.00154135,-0.259166,-0.0118169,-0.53771,4.55419,-168142,-1,2.18178e-10,1,0
0.00154182,-0.259361,-0.0115926,-0.537697,4.55473,-168218,-1,9.86229e-11,1,0
0.00154215,-0.259555,-0.0115461,-0.537333,4.55472,-168307,-1,9.86229e-11,1,0
0.00154251,-0.259301,-0.0115828,-0.537373,4.55416,-168103,-1,5.33518e-10,1,0
0.00154386,-0.257771,-0.0118303,-0.538089,4.55318,-166965,-1,2.05189e-09,1,0
0.00154511,-0.257547,-0.0124128,-0.538136,4.55139,-166686,-1,8.12408e-10,1,0
0.00154549,-0.257358,-0.0126759,-0.538276,4.55357,-166522,-1,1.07407e-10,1,0
0.00154626,-0.257653,-0.0130364,-0.538946,4.55334,-166630,-1,5.68271e-10,1,0
0.00154726,-0.25691,-0.0135649,-0.538884,4.5503,-166042,-1,7.12299e-10,1,0
0.00154803,-0.25708,-0.0130038,-0.538104,4.55029,-166069,-1,7.12299e-10,1,0
0.00154887,-0.256721,-0.0136738,-0.537607,4.55108,-165747,-1,9.11396e-10,1,0
0.00154908,-0.256544,-0.0136877,-0.537566,4.55083,-165611,-1,1.90879e-10,1,0
0.00155034,-0.255573,-0.014085,-0.538778,4.55178,-164849,-1,1.69755e-09,1,0
0.0015513,-0.255414,-0.0137505,-0.539191,4.55441,-164645,-1,4.88175e-10,1,0
0.00155286,-0.255272,-0.0127044,-0.539641,4.55464,-164389,-1,7.61313e-10,1,0
0.00155314,-0.255374,-0.0125137,-0.539718,4.556,-164424,-1,1.34578e-10,1,0
0.00155453,-0.255037,-0.0128654,-0.540717,4.55428,-164061,-1,6.97927e-10,1,0
0.00155559,-0.255938,-0.0123009,-0.540928,4.5519,-164528,-1,1.26673e-09,1,0
0.00155715,-0.255501,-0.0116994,-0.539412,4.55444,-164082,-1,1.73364e-09,1,0
0.00155815,-0.255675,-0.011464,-0.539442,4.55946,-164088,-1,4.38935e-10,1,0
0.00155854,-0.255518,-0.011801,-0.539745,4.55763,-163947,-1,4.74885e-10,1,0
0.00155908,-0.255026,-0.011674,-0.539391,4.56335,-163574,-1,3.87063e-11,1,0
0.00155964,-0.254606,-0.0114611,-0.539571,4.56098,-163246,-1,3.18934e-10,1,0
0.00156016,-0.254016,-0.0113571,-0.539502,4.56009,-162814,-1,8.57659e-11,1,0
0.00156146,-0.253696,-0.0127189,-0.539244,4.55945,-162473,-1,5.16557e-10,1,0
0.00156255,-0.253769,-0.0135918,-0.540303,4.55965,-162407,-1,1.37466e-09,1,0
0.0015635,-0.25394,-0.0124423,-0.540631,4.55964,-162417,-1,1.37466e-09,1,0
0.00156459,-0.254035,-0.0114182,-0.540417,4.55827,-162365,-1,2.10126e-09,1,0
0.00156481,-0.25403,-0.0113042,-0.540251,4.55957,-162339,-1,4.14504e-11,1,0
0.00156523,-0.253879,-0.0108284,-0.540404,4.55958,-162199,-1,4.14504e-11,1,0
0.00156592,-0.253345,-0.010264,-0.540406,4.55939,-161786,-1,9.56788e-10,1,0
0.00156628,-0.252952,-0.0100879,-0.54029,4.56196,-161499,-1,9.13617e-10,1,0
0.00156755,-0.253893,-0.00914374,-0.540398,4.56041,-161968,-1,1.04145e-09,1,0
0.0015684,-0.254536,-0.00833451,-0.540115,4.56038,-162291,-1,1.04145e-09,1,0
0.0015694,-0.255254,-0.00747902,-0.539869,4.56073,-162645,-1,1.02991e-10,1,0
0.00157007,-0.255382,-0.00716418,-0.539408,4.55919,-162656,-1,3.62099e-13,1,0
0.00157134,-0.255306,-0.00724015,-0.540277,4.55847,-162477,-1,9.26242e-10,1,0
0.00157211,-0.255123,-0.006726,-0.540515,4.55671,-162280,-1,1.46092e-10,1,0
0.00157242,-0.255369,-0.0066961,-0.540288,4.55595,-162405,-1,1.4928e-10,1,0
0.00157331,-0.255232,-0.00707641,-0.53961,4.5549,-162226,-1,5.10439e-11,1,0
0.00157437,-0.254524,-0.00653119,-0.539552,4.55702,-161667,-1,1.17998e-09,1,0
0.00157482,-0.254889,-0.00670139,-0.539319,4.55516,-161853,-1,5.48778e-10,1,0
0.00157505,-0.254832,-0.00653929,-0.539128,4.55484,-161793,-1,4.22363e-10,1,0
0.00157589,-0.254373,-0.00607251,-0.538339,4.55505,-161416,-1,7.63594e-10,1,0
0.00157596,-0.254322,-0.00605063,-0.53827,4.55097,-161376,-1,6.52124e-10,1,0
0.00157689,-0.254607,-0.00608903,-0.539412,4.55096,-161462,-1,6.52124e-10,1,0
0.00157798,-0.255203,-0.00569552,-0.540223,4.55093,-161728,-1,5.82774e-10,1,0
0.00157872,-0.255499,-0.00507775,-0.539574,4.55114,-161839,-1,9.43222e-10,1,0
0.00157934,-0.255928,-0.0050671,-0.539569,4.5504,-162048,-1,4.82862e-10,1,0
0.00157953,-0.255905,-0.00518532,-0.539547,4.54999,-162013,-1,5.18737e-11,1,0
0.0015808,-0.255407,-0.00560623,-0.539239,4.5538,-161568,-1,9.05923e-10,1,0
0.00158144,-0.254871,-0.00559417,-0.539725,4.55137,-161164,-1,7.5383e-10,1,0
0.00158203,-0.254934,-0.00598148,-0.539509,4.55215,-161143,-1,3.51233e-10,1,0
0.00158262,-0.255089,-0.00608624,-0.538868,4.54962,-161182,-1,6.27836e-10,1,0
0.00158304,-0.255384,-0.00572821,-0.538669,4.55004,-161325,-1,1.84561e-10,1,0
0.0015835,-0.255771,-0.00572224,-0.539037,4.54868,-161522,-1,5.3497e-10,1,0
0.0015836,-0.255764,-0.00572656,-0.539064,4.54789,-161508,-1,7.7305e-11,1,0
0.00158407,-0.25532,-0.00592723,-0.538867,4.54687,-161179,-1,9.81816e-11,1,0
0.00158469,-0.255248,-0.00617358,-0.53906,4.5454,-161071,-1,1.68628e-10,1,0
0.00158537,-0.255916,-0.00658546,-0.539418,4.5464,-161423,-1,1.17323e-09,1,0
0.00158641,-0.256753,-0.00722979,-0.538884,4.54673,-161845,-1,1.00677e-09,1,0
0.00158703,-0.257083,-0.00771692,-0.538443,4.54443,-161990,-1,1.62137e-11,1,0
0.00158908,-0.255901,-0.00583094,-0.538112,4.54672,-161038,-1,4.74798e-10,1,0
0.00158969,-0.255426,-0.00526183,-0.537875,4.54689,-160676,-1,2.89912e-09,1,0
0.00159012,-0.255547,-0.00525247,-0.537422,4.54693,-160709,-1,3.74908e-10,1,0
0.00159115,-0.254802,-0.00607048,-0.538042,4.54554,-160137,-1,1.28591e-09,1,0
0.00159134,-0.254898,-0.00608914,-0.538013,4.54542,-160179,-1,1.51012e-10,1,0
0.0015925,-0.255284,-0.00716777,-0.538932,4.54238,-160304,-1,1.46857e-09,1,0
0.00159342,-0.256196,-0.007523,-0.538601,4.5423,-160784,-1,1.0461e-09,1,0
0.001595,-0.257019,-0.00639991,-0.54005,4.5422,-161140,-1,2.12402e-09,1,0
0.00159648,-0.258133,-0.00506719,-0.539636,4.54258,-161688,-1,1.14097e-09,1,0
0.00159751,-0.258714,-0.00443372,-0.539245,4.54233,-161948,-1,2.40191e-10,1,0
0.00159839,-0.259249,-0.00460164,-0.539861,4.54136,-162194,-1,8.23476e-10,1,0
0.00159926,-0.259783,-0.00407344,-0.539494,4.54337,-162439,-1,1.84862e-10,1,0
0.00160095,-0.25903,-0.00335271,-0.539519,4.54401,-161798,-1,1.0602e-09,1,0
0.00160126,-0.259009,-0.00324797,-0.539255,4.54147,-161753,-1,1.55434e-10,1,0
0.00160231,-0.258581,-0.0039339,-0.538997,4.54369,-161380,-1,9.07053e-10,1,0
0.00160386,-0.259979,-0.00287556,-0.539885,4.54404,-162095,-1,2.05683e-09,1,0
0.00160433,-0.259713,-0.00307429,-0.539694,4.54424,-161882,-1,1.63617e-10,1,0
0.00160534,-0.260074,-0.00188426,-0.539398,4.54422,-162005,-1,1.63617e-10,1,0
0.0016065,-0.259964,-0.00120469,-0.538363,4.54281,-161820,-1,9.8122e-10,1,0
0.00160796,-0.259372,-0.000993415,-0.540089,4.54284,-161305,-1,9.8122e-10,1,0
0.00160902,-0.25894,-0.00083919,-0.541349,4.54286,-160930,-1,9.8122e-10,1,0
0.00160986,-0.258597,-0.000716977,-0.542348,4.54123,-160634,-1,4.24053e-09,1,0
0.00161067,-0.257858,-0.000310443,-0.542626,4.54365,-160094,-1,8.59558e-10,1,0
0.00161095,-0.257752,-0.000471446,-0.542865,4.54412,-160000,-1,2.16259e-11,1,0
0.00161114,-0.257572,-0.000410298,-0.543025,4.54413,-159869,-1,2.16259e-11,1,0
0.00161169,-0.257066,-0.000238822,-0.543474,4.54415,-159500,-1,2.16259e-11,1,0
0.001612,-0.256791,-0.000133025,-0.543723,4.54537,-159300,-1,3.17571e-11,1,0
0.00161258,-0.256998,-0.000337738,-0.543929,4.54494,-159370,-1,4.94351e-10,1,0
0.0016133,-0.257016,-0.000225425,-0.544667,4.54514,-159310,-1,3.2415e-10,1,0
0.00161382,-0.256733,-0.000462588,-0.544655,4.54984,-159085,-1,4.93149e-10,1,0
0.00161559,-0.255838,-1.56608e-05,-0.544297,4.54858,-158356,-1,1.06e-09,1,0
0.00161604,-0.255504,0.000119163,-0.544467,4.54814,-158105,-1,4.68129e-10,1,0
0.00161745,-0.256688,-0.000565964,-0.54489,4.54492,-158699,-1,5.05351e-10,1,0
0.00161855,-0.255844,0.00016579,-0.544489,4.54545,-158070,-1,4.49939e-10,1,0
0.0016189,-0.255551,0.000506016,-0.544481,4.54514,-157855,-1,1.38202e-09,1,0
0.00161949,-0.255038,0.000846696,-0.544518,4.54492,-157481,-1,1.77107e-10,1,0
0.0016203,-0.254188,0.00127019,-0.544683,4.5446,-156877,-1,1.01874e-09,1,0
0.00162053,-0.253985,0.00147977,-0.544617,4.54464,-156729,-1,6.18274e-10,1,0
0.00162167,-0.254184,0.00237012,-0.544672,4.54631,-156742,-1,3.17858e-10,1,0
0.00162224,-0.254212,0.00248483,-0.545193,4.54805,-156704,-1,1.13493e-10,1,0
0.00162301,-0.254101,0.00179982,-0.545552,4.54598,-156562,-1,6.01448e-10,1,0
0.00162373,-0.253538,0.0021469,-0.545155,4.54604,-156145,-1,2.07698e-10,1,0
0.00162407,-0.253532,0.00220183,-0.544954,4.54836,-156109,-1,1.57187e-10,1,0
0.0016247,-0.253654,0.00247405,-0.544302,4.55044,-156124,-1,4.07327e-11,1,0
0.0016252,-0.253672,0.00238814,-0.544879,4.55068,-156087,-1,5.05387e-10,1,0
0.00162674,-0.254331,0.00346337,-0.546361,4.55065,-156344,-1,5.05387e-10,1,0
0.00162764,-0.254718,0.00409488,-0.547232,4.54914,-156495,-1,3.21587e-09,1,0
0.00162837,-0.255419,0.00469511,-0.547206,4.54879,-156856,-1,9.23232e-10,1,0
0.00162869,-0.25538,0.00498071,-0.546914,4.5484,-156800,-1,4.10386e-10,1,0
0.00162981,-0.255025,0.00506155,-0.546018,4.54776,-156476,-1,8.8846e-10,1,0
0.0016312,-0.25333,0.00507543,-0.546143,4.54392,-155303,-1,1.06002e-09,1,0
0.00163174,-0.253457,0.00442397,-0.545995,4.54305,-155329,-1,6.79936e-10,1,0
0.00163283,-0.253144,0.00317086,-0.546473,4.54306,-155034,-1,6.79936e-10,1,0
0.0016336,-0.252922,0.00228216,-0.546811,4.54232,-154825,-1,2.35361e-09,1,0
0.00163495,-0.252521,0.00239688,-0.547543,4.5409,-154452,-1,6.40448e-10,1,0
0.00163625,-0.251723,0.00168153,-0.54825,4.54206,-153841,-1,7.35841e-10,1,0
0.00163722,-0.251675,0.000985911,-0.549259,4.54196,-153721,-1,2.03559e-09,1,0
0.00163884,-0.250917,0.000302138,-0.549503,4.53802,-153107,-1,4.49475e-10,1,0
0.00163924,-0.250611,0.000378087,-0.549389,4.53555,-152883,-1,2.00304e-10,1,0
0.00163974,-0.250246,4.37935e-06,-0.549657,4.53481,-152613,-1,3.45588e-10,1,0
0.00164071,-0.249625,-0.000925503,-0.550171,4.53484,-152144,-1,3.45588e-10,1,0
0.00164135,-0.249344,-0.00135404,-0.550171,4.53491,-151914,-1,2.3154e-09,1,0
0.00164268,-0.250035,-0.000850865,-0.550195,4.53475,-152211,-1,7.44814e-10,1,0
0.00164394,-0.250886,-0.000490957,-0.549445,4.53415,-152613,-1,8.41719e-10,1,0
0.00164494,-0.25173,0.000372088,-0.549062,4.53375,-153033,-1,1.68946e-09,1,0
0.00164522,-0.251647,0.000444108,-0.548908,4.53311,-152956,-1,1.86848e-10,1,0
0.00164703,-0.250129,-0.00016183,-0.549052,4.53515,-151867,-1,7.25914e-10,1,0
0.00164824,-0.250008,-0.00110132,-0.549291,4.53524,-151682,-1,4.41922e-10,1,0
0.00164882,-0.250327,-0.000541119,-0.549561,4.53693,-151822,-1,6.9762e-10,1,0
0.00164925,-0.249949,-0.00049631,-0.54956,4.53348,-151553,-1,2.73154e-10,1,0
0.00164981,-0.249374,-0.000744686,-0.54987,4.53351,-151154,-1,2.73154e-10,1,0
0.00165095,-0.249952,-0.00203049,-0.549741,4.53304,-151399,-1,6.87596e-10,1,0
0.00165173,-0.249683,-0.00171699,-0.549608,4.53574,-151165,-1,6.97219e-10,1,0
0.00165295,-0.250238,-0.00210095,-0.549396,4.53451,-151389,-1,5.45626e-10,1,0
0.00165332,-0.250396,-0.00172563,-0.549271,4.5365,-151451,-1,3.56741e-10,1,0
0.00165368,-0.250603,-0.00197542,-0.548952,4.53672,-151543,-1,1.20942e-10,1,0
0.00165461,-0.251079,-0.0026143,-0.548084,4.53643,-151745,-1,1.51513e-09,1,0
0.00165519,-0.251594,-0.00306634,-0.547838,4.53575,-152003,-1,7.27671e-10,1,0
0.00165638,-0.252218,-0.00327466,-0.546825,4.53665,-152271,-1,1.06008e-09,1,0
0.00165686,-0.252015,-0.00297898,-0.546334,4.53673,-152104,-1,7.38706e-10,1,0
0.00165721,-0.251649,-0.00282935,-0.54626,4.53611,-151851,-1,4.19525e-11,1,0
0.00165778,-0.251953,-0.00293735,-0.546573,4.53303,-151982,-1,5.25812e-10,1,0
0.00165825,-0.251975,-0.00268452,-0.54679,4.53491,-151953,-1,2.14109e-10,1,0
0.00165877,-0.252102,-0.00238845,-0.546849,4.53574,-151981,-1,4.46896e-10,1,0
0.00165914,-0.252394,-0.00269528,-0.546874,4.53532,-152124,-1,6.35478e-10,1,0
0.00166014,-0.25327,-0.00263879,-0.54743,4.53634,-152560,-1,2.47797e-10,1,0
0.00166178,-0.254873,-0.00279847,-0.54756,4.53627,-153373,-1,6.20847e-10,1,0
0.00166205,-0.254905,-0.00261224,-0.547713,4.53583,-153368,-1,1.52124e-10,1,0
0.00166242,-0.254922,-0.00254517,-0.547852,4.53305,-153344,-1,4.89462e-10,1,0
0.00166295,-0.25502,-0.0025474,-0.54719,4.53305,-153354,-1,4.89462e-10,1,0
0.0016639,-0.255642,-0.00298924,-0.54644,4.53541,-153640,-1,9.10793e-10,1,0
0.00166422,-0.25553,-0.00275841,-0.546225,4.53786,-153543,-1,8.33275e-11,1,0
0.00166474,-0.255897,-0.0028978,-0.54654,4.53679,-153716,-1,4.58752e-10,1,0
0.00166539,-0.256191,-0.00283504,-0.546412,4.53715,-153832,-1,3.4542e-10,1,0
0.00166632,-0.256037,-0.00316861,-0.546641,4.53605,-153654,-1,2.92268e-10,1,0
0.00166669,-0.256074,-0.00326106,-0.546183,4.53605,-153642,-1,2.92268e-10,1,0
0.00166736,-0.256139,-0.00342784,-0.545357,4.53605,-153619,-1,2.92268e-10,1,0
0.00166826,-0.256875,-0.00375983,-0.545944,4.53313,-153978,-1,1.04224e-09,1,0
0.00167006,-0.256624,-0.00486801,-0.54774,4.53216,-153662,-1,8.1984e-10,1,0
0.00167047,-0.256826,-0.00453299,-0.54751,4.53164,-153745,-1,3.10131e-11,1,0
0.00167131,-0.256267,-0.00463152,-0.54747,4.53103,-153333,-1,4.21524e-11,1,0
0.00167176,-0.256009,-0.00439549,-0.547218,4.53453,-153137,-1,3.87601e-10,1,0
0.00167369,-0.257311,-0.00591873,-0.54835,4.53308,-153739,-1,1.38592e-09,1,0
0.00167395,-0.25714,-0.00597096,-0.54819,4.53245,-153613,-1,2.54276e-10,1,0
0.0016746,-0.25702,-0.00648946,-0.548809,4.53245,-153482,-1,2.54276e-10,1,0
0.00167555,-0.256911,-0.0070838,-0.549716,4.53032,-153329,-1,1.41002e-10,1,0
0.00167712,-0.257291,-0.00867522,-0.548594,4.5303,-153413,-1,1.41002e-10,1,0
0.00167809,-0.257666,-0.00905893,-0.548153,4.53386,-153547,-1,1.06341e-10,1,0
0.00167867,-0.257176,-0.00864022,-0.547857,4.53454,-153202,-1,3.73114e-10,1,0
0.00167964,-0.256322,-0.00811613,-0.547198,4.53411,-152605,-1,1.44699e-09,1,0
0.00168076,-0.256032,-0.00695815,-0.546451,4.53372,-152332,-1,1.55172e-09,1,0
0.00168138,-0.256239,-0.00662363,-0.54671,4.53139,-152398,-1,1.47685e-10,1,0
0.00168256,-0.25628,-0.00731293,-0.5476,4.52814,-152315,-1,5.648e-10,1,0
0.00168305,-0.256206,-0.00777533,-0.547499,4.52953,-152227,-1,5.2056e-10,1,0
0.00168395,-0.255988,-0.00754469,-0.547409,4.53004,-152016,-1,5.81553e-10,1,0
0.00168423,-0.256183,-0.007529,-0.547678,4.5297,-152107,-1,2.17747e-10,1,0
0.00168441,-0.256182,-0.00755831,-0.547793,4.52793,-152089,-1,8.46258e-11,1,0
0.00168532,-0.255795,-0.00723803,-0.548819,4.52795,-151778,-1,8.46258e-11,1,0
0.00168615,-0.255703,-0.00755999,-0.548638,4.52949,-151648,-1,6.76118e-10,1,0
0.00168657,-0.256181,-0.00759705,-0.548863,4.52998,-151894,-1,5.29979e-10,1,0
0.00168698,-0.256531,-0.00766723,-0.548977,4.53266,-152065,-1,2.28684e-10,1,0
0.00168738,-0.256591,-0.00811375,-0.549207,4.53211,-152064,-1,5.05782e-10,1,0
0.00168899,-0.255914,-0.00978095,-0.549893,4.53139,-151519,-1,8.71224e-10,1,0
0.00168933,-0.255817,-0.00995198,-0.550212,4.5305,-151431,-1,1.4208e-09,1,0
0.00169057,-0.255953,-0.00977471,-0.551758,4.53167,-151401,-1,1.73141e-09,1,0
0.00169091,-0.25614,-0.00975057,-0.551843,4.53175,-151481,-1,2.12219e-10,1,0
0.00169172,-0.256025,-0.0103046,-0.552379,4.53268,-151340,-1,2.58356e-10,1,0
0.00169268,-0.255964,-0.0104097,-0.551975,4.53458,-151218,-1,6.9521e-10,1,0
0.00169299,-0.256109,-0.0101888,-0.551686,4.53456,-151276,-1,3.91557e-10,1,0
0.00169478,-0.255063,-0.00835487,-0.550849,4.53588,-150499,-1,2.27137e-09,1,0
0.00169538,-0.255574,-0.00854135,-0.55036,4.53798,-150747,-1,2.84688e-11,1,0
0.0016964,-0.256727,-0.00897281,-0.550055,4.53616,-151336,-1,4.40435e-10,1,0
0.00169719,-0.257026,-0.00953103,-0.549656,4.53488,-151442,-1,1.55036e-10,1,0
0.00169795,-0.257125,-0.0100569,-0.549556,4.53502,-151432,-1,6.0246e-10,1,0
0.00169845,-0.256671,-0.00992294,-0.5496,4.53655,-151120,-1,7.29552e-11,1,0
0.00169902,-0.256685,-0.00994981,-0.549823,4.53988,-151078,-1,3.34083e-10,1,0
0.00169992,-0.255736,-0.0105699,-0.549871,4.53993,-150440,-1,3.34083e-10,1,0
0.00170137,-0.254733,-0.0114541,-0.549617,4.5434,-149722,-1,3.87795e-10,1,0
0.00170169,-0.254614,-0.0116213,-0.549453,4.55212,-149624,-1,8.3908e-11,1,0
0.00170218,-0.254501,-0.0114325,-0.54936,4.55442,-149515,-1,3.60612e-10,1,0
0.00170289,-0.254589,-0.0109111,-0.550066,4.55409,-149504,-1,2.99158e-10,1,0
0.00170359,-0.254544,-0.010577,-0.549458,4.55083,-149417,-1,7.29208e-10,1,0
0.00170432,-0.254212,-0.0111522,-0.549364,4.55075,-149158,-1,3.03906e-10,1,0
0.00170492,-0.254748,-0.0114947,-0.548944,4.54981,-149419,-1,7.62206e-10,1,0
0.00170531,-0.254857,-0.0114609,-0.549224,4.54957,-149449,-1,1.96855e-10,1,0
0.0017056,-0.254893,-0.0116928,-0.549291,4.54688,-149444,-1,2.69325e-10,1,0
0.00170651,-0.255428,-0.0121297,-0.549046,4.54357,-149678,-1,2.37517e-10,1,0
0.0017075,-0.254946,-0.0116497,-0.548896,4.54322,-149309,-1,7.05274e-10,1,0
0.00170765,-0.254872,-0.0116604,-0.548844,4.5452,-149253,-1,7.07432e-11,1,0
0.00170826,-0.254163,-0.0114519,-0.548721,4.54455,-148785,-1,8.15152e-10,1,0
0.00170922,-0.253715,-0.0110607,-0.548418,4.54337,-148438,-1,1.76575e-10,1,0
0.00170967,-0.253868,-0.0107383,-0.548356,4.54261,-148490,-1,1.05503e-10,1,0
0.00170974,-0.253918,-0.0106594,-0.548343,4.54374,-148512,-1,5.50059e-10,1,0
0.00171037,-0.253815,-0.0104449,-0.548808,4.54229,-148397,-1,5.94893e-10,1,0
0.00171138,-0.253555,-0.00939512,-0.548447,4.5414,-148158,-1,7.56674e-10,1,0
0.001712,-0.253571,-0.00942675,-0.548299,4.54065,-148114,-1,8.83947e-11,1,0
0.00171219,-0.253392,-0.00942383,-0.548359,4.54165,-147993,-1,4.90695e-11,1,0
0.00171247,-0.253406,-0.00951129,-0.54848,4.53874,-147977,-1,1.49645e-10,1,0
0.00171298,-0.253787,-0.00952428,-0.547956,4.53735,-148155,-1,6.48332e-10,1,0
0.00171358,-0.25397,-0.00927067,-0.548138,4.53673,-148210,-1,4.2863e-10,1,0
0.00171392,-0.254119,-0.00936224,-0.547978,4.53653,-148268,-1,6.74127e-11,1,0
0.0017147,-0.254478,-0.00906166,-0.547586,4.53602,-148409,-1,4.16902e-10,1,0
0.00171544,-0.254638,-0.00904695,-0.548032,4.53688,-148439,-1,5.30807e-10,1,0
0.00171691,-0.253938,-0.00984456,-0.549555,4.53691,-147904,-1,5.30807e-10,1,0
0.00171715,-0.253826,-0.00997205,-0.549798,4.53692,-147819,-1,5.30807e-10,1,0
0.00171895,-0.252965,-0.0109542,-0.551673,4.53677,-147162,-1,4.4378e-09,1,0
0.00171935,-0.252955,-0.0109231,-0.552161,4.53593,-147123,-1,3.57437e-10,1,0
0.00171983,-0.252946,-0.0106955,-0.552704,4.53775,-147076,-1,5.84161e-10,1,0
0.00172066,-0.251921,-0.0108409,-0.552795,4.5383,-146410,-1,1.064e-09,1,0
0.00172209,-0.251995,-0.012012,-0.551554,4.53707,-146331,-1,1.56722e-09,1,0
0.00172277,-0.252475,-0.0124552,-0.551508,4.53555,-146552,-1,6.56739e-10,1,0
0.00172356,-0.252183,-0.01156,-0.551305,4.53601,-146315,-1,1.04027e-10,1,0
0.00172412,-0.252041,-0.0108933,-0.551163,4.53437,-146185,-1,2.64837e-11,1,0
0.00172438,-0.25228,-0.0108999,-0.550977,4.53381,-146302,-1,1.04977e-10,1,0
0.00172506,-0.253,-0.0110976,-0.550538,4.53377,-146661,-1,1.04977e-10,1,0
0.00172657,-0.254584,-0.0115324,-0.549571,4.53369,-147450,-1,1.04977e-10,1,0
0.00172666,-0.254631,-0.0115316,-0.549622,4.53616,-147470,-1,7.37355e-11,1,0
0.00172805,-0.255144,-0.012082,-0.548045,4.53627,-147649,-1,1.74696e-09,1,0
0.0017295,-0.256492,-0.0119079,-0.546809,4.53463,-148304,-1,1.83797e-09,1,0
0.00173098,-0.257185,-0.0133785,-0.54773,4.53379,-148578,-1,1.86859e-09,1,0
0.00173221,-0.257122,-0.0138377,-0.549219,4.53181,-148435,-1,1.55965e-09,1,0
0.00173242,-0.257305,-0.0139033,-0.549256,4.53221,-148524,-1,6.724e-11,1,0
0.00173299,-0.257659,-0.0140133,-0.549267,4.52912,-148679,-1,3.17006e-10,1,0
0.00173396,-0.256552,-0.014132,-0.548808,4.52578,-147958,-1,1.80554e-11,1,0
0.00173471,-0.255681,-0.0142391,-0.548449,4.52582,-147391,-1,1.80554e-11,1,0
0.00173529,-0.255007,-0.0143217,-0.548173,4.52586,-146954,-1,1.80554e-11,1,0
0.00173629,-0.254161,-0.0148331,-0.547412,4.52607,-146382,-1,3.02068e-09,1,0
0.00173698,-0.254338,-0.0151372,-0.546909,4.52302,-146426,-1,4.1047e-10,1,0
0.00173812,-0.255383,-0.0157983,-0.546166,4.52297,-146930,-1,4.1047e-10,1,0
0.00173898,-0.256133,-0.0164233,-0.546095,4.5232,-147289,-1,2.0472e-09,1,0
0.00173979,-0.256649,-0.016297,-0.546773,4.52051,-147518,-1,7.49461e-10,1,0
0.00174042,-0.255926,-0.0162596,-0.547046,4.52094,-147049,-1,3.2907e-11,1,0
0.001741,-0.25598,-0.0166119,-0.546731,4.51922,-147031,-1,5.87234e-10,1,0
0.00174188,-0.255762,-0.0161689,-0.546859,4.52099,-146831,-1,3.40591e-10,1,0
0.00174298,-0.255537,-0.0173477,-0.546502,4.52105,-146609,-1,9.57518e-11,1,0
0.00174393,-0.25573,-0.0165294,-0.545669,4.52564,-146640,-1,1.16487e-09,1,0
0.00174499,-0.256139,-0.0177115,-0.545455,4.52516,-146786,-1,6.6178e-11,1,0
0.00174583,-0.256161,-0.0182012,-0.544512,4.5266,-146727,-1,1.27556e-09,1,0
0.00174799,-0.256308,-0.0188847,-0.54206,4.52708,-146630,-1,7.21369e-10,1,0
0.00174897,-0.256468,-0.0199483,-0.542057,4.52614,-146640,-1,5.50498e-10,1,0
0.00174931,-0.256707,-0.0198259,-0.541826,4.52739,-146747,-1,2.16234e-10,1,0
0.00174957,-0.256845,-0.0199729,-0.541735,4.52599,-146804,-1,7.94346e-11,1,0
0.00175094,-0.257239,-0.0194872,-0.54254,4.52154,-146915,-1,7.71219e-10,1,0
0.00175146,-0.25713,-0.0195543,-0.542684,4.52157,-146809,-1,3.44401e-10,1,0
0.00175163,-0.257228,-0.019663,-0.542526,4.52157,-146851,-1,3.44401e-10,1,0
0.0017526,-0.257621,-0.0201023,-0.541871,4.51878,-146993,-1,1.89458e-10,1,0
0.001753,-0.257497,-0.0203478,-0.54181,4.51743,-146889,-1,2.64068e-10,1,0
0.00175426,-0.256996,-0.0194349,-0.542781,4.51976,-146498,-1,1.4014e-09,1,0
0.00175471,-0.257384,-0.0193146,-0.54305,4.51513,-146682,-1,5.22444e-11,1,0
0.00175615,-0.257265,-0.0192775,-0.541232,4.51399,-146494,-1,1.82254e-09,1,0
0.00175738,-0.257442,-0.0187979,-0.540637,4.51023,-146492,-1,4.08276e-10,1,0
0.00175848,-0.256934,-0.019068,-0.539615,4.51009,-146111,-1,4.87552e-10,1,0
0.00175947,-0.257414,-0.0184567,-0.53865,4.51073,-146302,-1,1.23871e-09,1,0
0.00176053,-0.258518,-0.0182445,-0.538864,4.508,-146841,-1,1.08971e-09,1,0
0.00176127,-0.258417,-0.0177314,-0.53899,4.50891,-146722,-1,6.19714e-10,1,0
0.00176239,-0.257286,-0.0177309,-0.538149,4.51077,-145987,-1,1.72371e-09,1,0
0.00176285,-0.257304,-0.0175578,-0.538497,4.51005,-145959,-1,1.56022e-11,1,0
0.00176335,-0.257122,-0.0180126,-0.538482,4.51093,-145815,-1,5.21669e-10,1,0
0.00176437,-0.256009,-0.0185858,-0.538538,4.51181,-145099,-1,4.5183e-11,1,0
0.00176481,-0.256341,-0.0184808,-0.538328,4.51301,-145252,-1,1.92965e-10,1,0
0.00176551,-0.25603,-0.017658,-0.538195,4.51316,-145017,-1,9.80651e-10,1,0
0.00176613,-0.255861,-0.0183025,-0.538496,4.51347,-144871,-1,4.76355e-10,1,0
0.00176663,-0.255421,-0.0184111,-0.538114,4.51383,-144580,-1,4.24169e-11,1,0
0.00176681,-0.255252,-0.0185112,-0.53802,4.51554,-144471,-1,2.87322e-10,1,0
0.00176779,-0.256106,-0.0191782,-0.538181,4.51634,-144874,-1,8.61346e-10,1,0
0.00176883,-0.257418,-0.0190939,-0.538095,4.51602,-145530,-1,1.69375e-09,1,0
0.00177038,-0.257773,-0.0182763,-0.537085,4.51386,-145603,-1,2.59169e-10,1,0
0.00177139,-0.25825,-0.0177125,-0.537154,4.51211,-145789,-1,5.02985e-10,1,0
0.00177186,-0.258336,-0.0182572,-0.536943,4.50989,-145799,-1,5.90394e-10,1,0
0.00177277,-0.258224,-0.018313,-0.538067,4.50948,-145662,-1,5.02735e-10,1,0
0.00177391,-0.25815,-0.0191962,-0.538635,4.51189,-145526,-1,3.61944e-10,1,0
0.00177424,-0.257973,-0.0195551,-0.53872,4.51297,-145399,-1,6.79395e-12,1,0
0.00177575,-0.257857,-0.0192956,-0.538684,4.51173,-145210,-1,9.00856e-10,1,0
0.0017767,-0.258654,-0.0184588,-0.538665,4.51129,-145581,-1,9.66511e-10,1,0
0.00177707,-0.25903,-0.0185205,-0.538399,4.51286,-145763,-1,4.64665e-10,1,0
0.00177796,-0.258249,-0.0178191,-0.538622,4.51133,-145250,-1,9.67197e-10,1,0
0.00177823,-0.258007,-0.0177117,-0.538461,4.51116,-145093,-1,4.5332e-10,1,0
0.00177931,-0.257305,-0.0188012,-0.538051,4.51119,-144610,-1,4.5332e-10,1,0
0.00177958,-0.257127,-0.0190771,-0.537948,4.5112,-144488,-1,4.5332e-10,1,0
0.0017802,-0.256841,-0.0190754,-0.538097,4.51043,-144276,-1,4.10486e-10,1,0
0.00178169,-0.255763,-0.0189655,-0.537188,4.50987,-143551,-1,9.83161e-10,1,0
0.00178284,-0.255606,-0.0188889,-0.535752,4.50988,-143371,-1,9.83161e-10,1,0
0.00178292,-0.255623,-0.0188695,-0.535786,4.50924,-143373,-1,7.19534e-11,1,0
0.00178378,-0.255203,-0.0191387,-0.535171,4.50421,-143068,-1,3.20209e-10,1,0
0.00178468,-0.255997,-0.0193317,-0.535077,4.50421,-143441,-1,8.62716e-10,1,0
0.00178567,-0.255978,-0.0188929,-0.533912,4.50449,-143351,-1,1.51271e-09,1,0
0.00178683,-0.257028,-0.0193673,-0.534287,4.50263,-143846,-1,6.93326e-10,1,0
0.00178846,-0.257856,-0.0201176,-0.532773,4.50163,-144178,-1,6.69933e-10,1,0
0.00178888,-0.257499,-0.0203186,-0.532937,4.5008,-143945,-1,1.11905e-09,1,0
0.00178952,-0.257077,-0.0208979,-0.533071,4.50005,-143657,-1,4.7986e-10,1,0
0.00179068,-0.257836,-0.0207395,-0.531972,4.50039,-143988,-1,1.35484e-09,1,0
0.00179094,-0.257976,-0.0207324,-0.532209,4.49781,-144045,-1,1.13718e-10,1,0
0.00179247,-0.259201,-0.0217706,-0.531143,4.49742,-144605,-1,1.92776e-09,1,0
0.00179399,-0.260073,-0.0215429,-0.531249,4.50011,-144969,-1,3.38387e-11,1,0
0.00179425,-0.260082,-0.0215034,-0.53112,4.50134,-144953,-1,1.21481e-10,1,0
0.00179486,-0.260118,-0.0218635,-0.5313,4.50139,-144924,-1,5.7645e-10,1,0
0.00179576,-0.26065,-0.021047,-0.531697,4.50109,-145147,-1,6.02697e-10,1,0
0.00179701,-0.259939,-0.0213331,-0.531826,4.49673,-144651,-1,1.079e-09,1,0
0.00179804,-0.259414,-0.0201685,-0.531572,4.49675,-144276,-1,1.079e-09,1,0
0.00179866,-0.259099,-0.0194705,-0.53142,4.49602,-144051,-1,2.08297e-09,1,0
0.00179995,-0.259138,-0.0182065,-0.531869,4.495,-143970,-1,1.07903e-09,1,0
0.00180098,-0.258352,-0.0180521,-0.532867,4.49284,-143451,-1,1.22668e-09,1,0
0.00180185,-0.257586,-0.0178129,-0.533402,4.49227,-142957,-1,9.23997e-10,1,0
0.001802,-0.257738,-0.0177516,-0.533408,4.49264,-143029,-1,7.1466e-11,1,0
0.00180271,-0.257064,-0.0182687,-0.5332,4.48921,-142599,-1,6.94497e-12,1,0
0.00180332,-0.256863,-0.0184416,-0.533302,4.48807,-142439,-1,4.29939e-10,1,0
0.00180373,-0.256651,-0.0184462,-0.532968,4.48872,-142289,-1,6.72081e-11,1,0
0.001805,-0.255708,-0.0176428,-0.531973,4.48789,-141667,-1,1.87942e-09,1,0
0.00180557,-0.256081,-0.0174615,-0.532166,4.48854,-141828,-1,4.11437e-10,1,0
0.00180607,-0.256462,-0.017385,-0.531967,4.48746,-142000,-1,2.46133e-10,1,0
0.00180687,-0.25619,-0.0173235,-0.53287,4.48439,-141787,-1,4.85885e-11,1,0
0.00180718,-0.256212,-0.0175764,-0.53257,4.48506,-141774,-1,3.93224e-10,1,0
0.00180825,-0.255846,-0.0171499,-0.532963,4.48309,-141488,-1,9.49842e-10,1,0
0.00180887,-0.255936,-0.0165357,-0.532802,4.48295,-141490,-1,9.79417e-11,1,0
0.00180946,-0.255508,-0.0168324,-0.533069,4.48369,-141206,-1,5.19401e-10,1,0
0.00180972,-0.255731,-0.0166595,-0.533115,4.48104,-141310,-1,2.85458e-10,1,0
0.00181097,-0.255701,-0.0171618,-0.532452,4.48004,-141196,-1,6.28596e-10,1,0
0.0018118,-0.255848,-0.0169219,-0.531457,4.47985,-141212,-1,1.34447e-09,1,0
0.00181285,-0.257117,-0.0171813,-0.531458,4.47907,-141830,-1,6.6627e-10,1,0
0.00181397,-0.258489,-0.0174708,-0.53148,4.479,-142499,-1,6.6627e-10,1,0
0.00181466,-0.258425,-0.0177863,-0.530742,4.47945,-142410,-1,6.33247e-11,1,0
0.00181553,-0.258509,-0.0185011,-0.529991,4.47937,-142388,-1,1.10135e-09,1,0
0.00181653,-0.258827,-0.0190588,-0.529478,4.47837,-142484,-1,2.66792e-10,1,0
0.00181759,-0.258339,-0.0181139,-0.528687,4.4784,-142133,-1,2.66792e-10,1,0
0.00181854,-0.258822,-0.0184095,-0.528305,4.4803,-142324,-1,8.09026e-10,1,0
0.00181952,-0.258117,-0.0177808,-0.528379,4.48133,-141860,-1,2.4214e-10,1,0
0.00182129,-0.257979,-0.017026,-0.527745,4.48206,-141646,-1,1.079e-09,1,0
0.00182211,-0.257689,-0.0170799,-0.527201,4.48049,-141423,-1,7.70288e-10,1,0
0.00182238,-0.25746,-0.0171663,-0.52736,4.47831,-141277,-1,1.38186e-10,1,0
0.00182333,-0.258028,-0.0174603,-0.528232,4.47845,-141514,-1,9.85464e-10,1,0
0.00182481,-0.258638,-0.0174365,-0.527716,4.48364,-141734,-1,6.7062e-10,1,0
0.00182589,-0.259427,-0.017492,-0.527488,4.48879,-142083,-1,1.66156e-10,1,0
0.00182753,-0.25938,-0.0171003,-0.525597,4.49078,-141929,-1,6.32126e-10,1,0
0.00182879,-0.259305,-0.0168839,-0.524153,4.48914,-141791,-1,3.69145e-10,1,0
0.00182901,-0.259194,-0.0168766,-0.524,4.48729,-141713,-1,2.03766e-10,1,0
0.00182952,-0.259358,-0.0166607,-0.523998,4.48711,-141763,-1,2.41635e-10,1,0
0.00182972,-0.259573,-0.0165537,-0.52391,4.48535,-141865,-1,2.49891e-10,1,0
0.00182992,-0.259739,-0.0164189,-0.523797,4.48534,-141940,-1,2.49891e-10,1,0
0.00183071,-0.26031,-0.0166989,-0.52358,4.48347,-142191,-1,6.48048e-10,1,0
0.00183163,-0.260826,-0.0171846,-0.524055,4.48657,-142401,-1,1.75796e-10,1,0
0.00183305,-0.260506,-0.0169897,-0.523468,4.48312,-142116,-1,7.67464e-10,1,0
0.00183444,-0.261513,-0.0175508,-0.52392,4.48521,-142557,-1,8.60183e-10,1,0
0.00183457,-0.26156,-0.0176768,-0.523845,4.48408,-142573,-1,2.67073e-11,1,0
0.00183523,-0.261204,-0.0181836,-0.523675,4.48318,-142328,-1,4.57404e-10,1,0
0.0018358,-0.261228,-0.0180591,-0.524108,4.48185,-142297,-1,1.48546e-10,1,0
0.00183685,-0.261602,-0.0181109,-0.524359,4.48416,-142419,-1,6.40223e-10,1,0
0.00183752,-0.26178,-0.0176782,-0.523816,4.48547,-142463,-1,1.76451e-10,1,0
0.0018377,-0.261884,-0.0175102,-0.523892,4.47948,-142507,-1,2.11038e-10,1,0
0.00183946,-0.262682,-0.0160162,-0.522461,4.47944,-142803,-1,2.11038e-10,1,0
0.00184083,-0.263298,-0.0148608,-0.521354,4.47941,-143032,-1,2.11038e-10,1,0
0.0018413,-0.263509,-0.0144657,-0.520975,4.48073,-143110,-1,4.51889e-09,1,0
0.00184181,-0.263563,-0.0146631,-0.521032,4.47678,-143100,-1,2.32386e-10,1,0
0.00184246,-0.263092,-0.0152126,-0.520841,4.47705,-142794,-1,8.11015e-11,1,0
0.00184278,-0.26297,-0.0153079,-0.520842,4.47637,-142703,-1,2.21685e-10,1,0
0.00184346,-0.262757,-0.0157138,-0.521421,4.47389,-142535,-1,7.4832e-10,1,0
0.00184443,-0.26331,-0.0163844,-0.521326,4.47171,-142759,-1,3.03409e-10,1,0
0.0018458,-0.263076,-0.0178481,-0.52163,4.47152,-142527,-1,9.90549e-10,1,0
0.0018476,-0.264295,-0.0190916,-0.522083,4.47146,-143048,-1,1.5207e-09,1,0
0.00184918,-0.265504,-0.0194426,-0.52269,4.47325,-143580,-1,8.9351e-10,1,0
0.00185013,-0.265243,-0.0204109,-0.522735,4.47535,-143365,-1,1.03283e-09,1,0
0.00185061,-0.265278,-0.0202956,-0.522345,4.47533,-143346,-1,3.84146e-11,1,0
0.00185088,-0.265386,-0.019974,-0.522311,4.47665,-143384,-1,3.41035e-10,1,0
0.00185178,-0.264915,-0.0199283,-0.523227,4.47909,-143060,-1,1.67565e-10,1,0
0.0018531,-0.264612,-0.0203892,-0.524487,4.47726,-142794,-1,5.80075e-10,1,0
0.00185508,-0.265058,-0.0185438,-0.525278,4.47849,-142882,-1,3.28792e-10,1,0
0.00185569,-0.265628,-0.0180992,-0.525426,4.47835,-143142,-1,6.02667e-10,1,0
0.0018569,-0.266877,-0.0183292,-0.524597,4.47829,-143722,-1,6.02667e-10,1,0
0.00185791,-0.267823,-0.0185025,-0.524142,4.4761,-144153,-1,1.64452e-10,1,0
0.00185828,-0.26761,-0.018801,-0.523862,4.4738,-144010,-1,4.86115e-10,1,0
0.00186003,-0.268663,-0.0194201,-0.525344,4.47236,-144440,-1,2.18652e-10,1,0
0.00186037,-0.268858,-0.0195636,-0.525696,4.47331,-144519,-1,2.41136e-09,1,0
0.00186154,-0.267819,-0.0198185,-0.526695,4.47336,-143869,-1,2.41136e-09,1,0
0.00186188,-0.267511,-0.019894,-0.526992,4.47337,-143677,-1,2.41136e-09,1,0
0.0018621,-0.267362,-0.0199334,-0.527163,4.47415,-143581,-1,2.14443e-09,1,0
0.00186342,-0.268906,-0.0196426,-0.527301,4.47429,-144308,-1,1.57181e-09,1,0
0.00186368,-0.268967,-0.0196824,-0.527225,4.47364,-144320,-1,1.70553e-10,1,0
0.0018649,-0.269636,-0.0195677,-0.528027,4.47517,-144584,-1,2.47522e-10,1,0
0.00186599,-0.269748,-0.0190424,-0.529289,4.47517,-144560,-1,2.47522e-10,1,0
0.00186727,-0.2691,-0.0188369,-0.529867,4.47353,-144114,-1,8.24858e-10,1,0
0.00186853,-0.270152,-0.0192337,-0.530729,4.47214,-144580,-1,9.61517e-10,1,0
0.00186924,-0.271034,-0.0191731,-0.530762,4.47136,-144997,-1,8.33534e-10,1,0
0.00186995,-0.271881,-0.0191174,-0.530795,4.47013,-145395,-1,2.32612e-11,1,0
0.00187108,-0.272869,-0.0190092,-0.529791,4.47185,-145835,-1,3.009e-12,1,0
0.00187155,-0.273278,-0.0189634,-0.529375,4.47183,-146017,-1,3.009e-12,1,0
0.0018718,-0.273496,-0.0189389,-0.529153,4.47182,-146114,-1,3.009e-12,1,0
0.00187275,-0.273827,-0.0187322,-0.5292,4.47657,-146217,-1,6.12495e-10,1,0
0.00187409,-0.273827,-0.0185061,-0.52882,4.47651,-146112,-1,9.75668e-10,1,0
0.00187454,-0.273725,-0.0180437,-0.528846,4.4756,-146023,-1,1.23081e-10,1,0
0.00187563,-0.274186,-0.0171415,-0.528822,4.475,-146183,-1,1.17009e-09,1,0
0.00187669,-0.275428,-0.0167264,-0.529079,4.47384,-146762,-1,1.97717e-09,1,0
0.00187794,-0.275272,-0.0181174,-0.529772,4.47341,-146582,-1,1.56184e-09,1,0
0.00187898,-0.275137,-0.0181021,-0.530834,4.4712,-146429,-1,1.58836e-10,1,0
0.00187987,-0.274448,-0.0186857,-0.531046,4.47093,-145993,-1,8.88342e-10,1,0
0.00188033,-0.274502,-0.0187233,-0.531491,4.47131,-145986,-1,2.41275e-10,1,0
0.00188124,-0.27467,-0.0182079,-0.532504,4.47131,-146005,-1,2.41275e-10,1,0
0.00188199,-0.274983,-0.0180772,-0.532687,4.47234,-146113,-1,2.02223e-09,1,0
0.00188231,-0.275304,-0.0181163,-0.53254,4.47114,-146258,-1,6.07909e-10,1,0
0.00188341,-0.276492,-0.0181607,-0.532243,4.46885,-146804,-1,1.3379e-10,1,0
0.00188413,-0.276028,-0.0173999,-0.53213,4.46887,-146502,-1,1.3379e-10,1,0
0.00188474,-0.275982,-0.016776,-0.531846,4.46572,-146429,-1,4.37932e-10,1,0
0.00188606,-0.275359,-0.0176559,-0.530847,4.4656,-145997,-1,1.07903e-09,1,0
0.00188689,-0.275075,-0.0169133,-0.531027,4.46542,-145782,-1,4.14573e-10,1,0
0.00188726,-0.274985,-0.016595,-0.530812,4.46468,-145706,-1,2.06641e-10,1,0
0.0018879,-0.274911,-0.0157993,-0.530702,4.46468,-145617,-1,2.06641e-10,1,0
0.00189011,-0.274661,-0.0130733,-0.530328,4.46469,-145315,-1,2.06641e-10,1,0
0.00189085,-0.274581,-0.0121643,-0.530251,4.46359,-145215,-1,4.68907e-09,1,0
0.00189224,-0.275006,-0.012253,-0.530593,4.46331,-145334,-1,8.92492e-10,1,0
0.00189256,-0.275148,-0.0121585,-0.530892,4.46443,-145384,-1,7.76623e-11,1,0
0.0018934,-0.275487,-0.011241,-0.530515,4.46441,-145499,-1,7.76623e-11,1,0
0.00189413,-0.275863,-0.0105527,-0.530333,4.46148,-145641,-1,1.81118e-09,1,0
0.00189499,-0.276735,-0.0104115,-0.530954,4.46016,-146035,-1,1.23934e-09,1,0
0.00189579,-0.276338,-0.01124,-0.531104,4.46025,-145764,-1,9.22688e-10,1,0
0.00189753,-0.276535,-0.0107593,-0.530729,4.45631,-145734,-1,1.07535e-09,1,0
0.0018987,-0.277954,-0.0104697,-0.530527,4.45624,-146392,-1,1.07535e-09,1,0
0.00189965,-0.278088,-0.011078,-0.531168,4.45367,-146389,-1,6.58192e-10,1,0
0.00189998,-0.278089,-0.0111334,-0.53103,4.45066,-146364,-1,2.04405e-10,1,0
0.00190015,-0.277909,-0.0111391,-0.531036,4.44919,-146256,-1,3.59285e-10,1,0
0.00190104,-0.277649,-0.0102324,-0.531623,4.44926,-146051,-1,1.14733e-09,1,0
0.00190268,-0.277436,-0.0104606,-0.531843,4.44582,-145813,-1,9.93578e-10,1,0
0.0019043,-0.275933,-0.0103244,-0.530501,4.44598,-144900,-1,2.00488e-09,1,0
0.00190505,-0.275789,-0.00982489,-0.530121,4.44302,-144768,-1,3.47978e-10,1,0
0.00190533,-0.27573,-0.00977649,-0.529779,4.44095,-144715,-1,3.49821e-10,1,0
0.00190589,-0.275735,-0.00971398,-0.529219,4.44134,-144676,-1,8.29386e-11,1,0
0.00190745,-0.275615,-0.00894072,-0.527576,4.44205,-144494,-1,6.22969e-10,1,0
0.00190845,-0.275488,-0.00787801,-0.527936,4.44097,-144352,-1,2.78153e-10,1,0
0.00190888,-0.275324,-0.0083863,-0.527964,4.44116,-144233,-1,2.8132e-10,1,0
0.00190989,-0.274883,-0.00955283,-0.528105,4.44123,-143926,-1,1.51025e-09,1,0
0.00191062,-0.274504,-0.00951255,-0.527849,4.44166,-143672,-1,8.38961e-11,1,0
0.00191162,-0.274318,-0.00829208,-0.527958,4.44189,-143500,-1,1.23947e-09,1,0
0.0019122,-0.274309,-0.00757786,-0.528127,4.44189,-143452,-1,1.23947e-09,1,0
0.00191257,-0.27434,-0.0077374,-0.528153,4.44012,-143441,-1,2.7593e-10,1,0
0.00191395,-0.274664,-0.00765403,-0.528191,4.43967,-143506,-1,5.56583e-10,1,0
0.00191504,-0.274223,-0.00844095,-0.528887,4.44009,-143194,-1,7.24798e-10,1,0
0.00191627,-0.274287,-0.009926,-0.529296,4.43986,-143135,-1,2.17835e-09,1,0
0.00191717,-0.274537,-0.0105452,-0.530012,4.44152,-143199,-1,5.27571e-10,1,0
0.00191776,-0.274948,-0.010259,-0.529583,4.44154,-143370,-1,3.51522e-10,1,0
0.00191855,-0.275233,-0.0108276,-0.529041,4.44101,-143459,-1,4.0349e-10,1,0
0.00191929,-0.275081,-0.0114688,-0.529637,4.44089,-143324,-1,4.19164e-10,1,0
0.00192011,-0.274999,-0.0114635,-0.529795,4.43959,-143220,-1,4.1555e-10,1,0
0.00192048,-0.27474,-0.0115665,-0.529948,4.43693,-143058,-1,1.24312e-10,1,0
0.00192168,-0.274933,-0.0122734,-0.528992,4.43904,-143069,-1,1.28542e-09,1,0
0.00192258,-0.27501,-0.0122331,-0.529773,4.43826,-143042,-1,8.06339e-10,1,0
0.00192356,-0.274362,-0.0132272,-0.530054,4.4383,-142632,-1,8.06339e-10,1,0
0.00192523,-0.274161,-0.0135101,-0.531025,4.43929,-142404,-1,2.29862e-09,1,0
0.00192563,-0.274256,-0.0133934,-0.531368,4.44158,-142424,-1,1.34119e-10,1,0
0.00192665,-0.274835,-0.0129241,-0.530581,4.44245,-142649,-1,4.34677e-10,1,0
0.00192754,-0.275043,-0.0125871,-0.531631,4.44244,-142691,-1,4.34677e-10,1,0
0.00192854,-0.275323,-0.0118849,-0.532346,4.4431,-142762,-1,4.96784e-10,1,0
0.00192938,-0.275237,-0.0124308,-0.531896,4.44299,-142656,-1,1.99617e-10,1,0
0.00193007,-0.27481,-0.0119757,-0.531301,4.4428,-142384,-1,8.62921e-10,1,0
0.001931,-0.275213,-0.0111684,-0.531093,4.44397,-142523,-1,4.11605e-10,1,0
0.00193169,-0.275407,-0.0111034,-0.530259,4.44356,-142573,-1,8.58555e-10,1,0
0.00193272,-0.275099,-0.012355,-0.530282,4.44358,-142338,-1,8.58555e-10,1,0
0.00193312,-0.275331,-0.0125367,-0.529954,4.44675,-142429,-1,4.26159e-10,1,0
0.00193357,-0.275383,-0.0129417,-0.529568,4.44675,-142422,-1,4.26159e-10,1,0
0.00193433,-0.275092,-0.0132961,-0.529365,4.44459,-142216,-1,1.12491e-09,1,0
0.0019356,-0.273697,-0.0130953,-0.530104,4.44466,-141402,-1,1.12491e-09,1,0
0.00193585,-0.273483,-0.0130738,-0.530231,4.4447,-141273,-1,3.23258e-11,1,0
0.00193654,-0.273159,-0.0124868,-0.530169,4.44442,-141055,-1,2.55543e-10,1,0
0.00193693,-0.273376,-0.012749,-0.530062,4.44378,-141139,-1,2.83283e-10,1,0
0.00193775,-0.273854,-0.0120576,-0.529642,4.44717,-141326,-1,9.65902e-10,1,0
0.00193848,-0.273785,-0.0125452,-0.528907,4.44833,-141237,-1,2.37981e-10,1,0
0.00193925,-0.273808,-0.0124763,-0.528161,4.44706,-141193,-1,1.87685e-10,1,0
0.0019409,-0.274517,-0.0132641,-0.528666,4.44884,-141438,-1,8.35453e-10,1,0
0.00194121,-0.27431,-0.0135028,-0.528496,4.4525,-141309,-1,3.34292e-10,1,0
0.00194182,-0.274952,-0.013781,-0.528361,4.45307,-141595,-1,3.65929e-10,1,0
0.00194231,-0.275526,-0.0139734,-0.528458,4.45304,-141854,-1,3.65929e-10,1,0
0.00194288,-0.276193,-0.014197,-0.528571,4.45335,-142157,-1,1.72741e-09,1,0
0.00194372,-0.275589,-0.0146598,-0.527853,4.45277,-141785,-1,1.04632e-09,1,0
0.0019441,-0.275633,-0.0150363,-0.527925,4.4556,-141779,-1,1.4225e-11,1,0
0.00194572,-0.275804,-0.0165906,-0.528418,4.45264,-141749,-1,2.63359e-10,1,0
0.0019472,-0.276779,-0.0181208,-0.528053,4.45259,-142142,-1,2.63359e-10,1,0
0.00194766,-0.277084,-0.0185997,-0.527939,4.45215,-142265,-1,2.4298e-09,1,0
0.00194788,-0.277293,-0.0187729,-0.527931,4.45214,-142357,-1,2.4298e-09,1,0
0.00194902,-0.278183,-0.019194,-0.527058,4.44987,-142730,-1,1.07901e-09,1,0
0.00194957,-0.278286,-0.0190031,-0.527371,4.45184,-142742,-1,3.04845e-10,1,0
0.00195093,-0.27931,-0.0183932,-0.527452,4.44902,-143168,-1,8.44687e-10,1,0
0.00195167,-0.279141,-0.0188457,-0.526661,4.44843,-143027,-1,1.139e-09,1,0
0.00195224,-0.278976,-0.0193233,-0.526156,4.44674,-142900,-1,7.14721e-10,1,0
0.00195287,-0.279275,-0.0194951,-0.526049,4.44423,-143008,-1,4.58761e-10,1,0
0.00195386,-0.279302,-0.0193774,-0.525829,4.44549,-142949,-1,3.85689e-10,1,0
0.00195446,-0.279383,-0.0188454,-0.525457,4.44383,-142947,-1,7.48387e-11,1,0
0.00195457,-0.279445,-0.0187291,-0.525425,4.44312,-142970,-1,2.15295e-12,1,0
0.00195516,-0.279958,-0.0189692,-0.525355,4.44109,-143189,-1,5.81081e-10,1,0
0.00195555,-0.279712,-0.0186017,-0.525531,4.43896,-143035,-1,6.22987e-13,1,0
0.00195654,-0.278491,-0.0185759,-0.525569,4.43819,-142339,-1,1.21403e-09,1,0
0.00195735,-0.277647,-0.0184098,-0.525527,4.43923,-141848,-1,8.63807e-10,1,0
0.00195777,-0.277701,-0.0180118,-0.525203,4.43923,-141846,-1,8.63807e-10,1,0
0.00195791,-0.27772,-0.0178694,-0.525086,4.43901,-141845,-1,8.56682e-10,1,0
0.00195857,-0.277624,-0.0173257,-0.524604,4.43929,-141749,-1,7.14938e-10,1,0
0.00195892,-0.277702,-0.0171937,-0.524374,4.44014,-141763,-1,2.20509e-10,1,0
0.0019593,-0.277857,-0.0171382,-0.523929,4.43782,-141815,-1,7.92816e-10,1,0
0.0019599,-0.277128,-0.0172674,-0.523828,4.43926,-141399,-1,2.78768e-10,1,0
0.00196046,-0.277496,-0.0176025,-0.523768,4.43935,-141546,-1,5.10677e-10,1,0
0.00196151,-0.276911,-0.0186324,-0.524339,4.43938,-141172,-1,5.10677e-10,1,0
0.0019626,-0.27612,-0.0193189,-0.524939,4.44078,-140691,-1,4.27683e-10,1,0
0.00196301,-0.275913,-0.0194488,-0.524647,4.44129,-140556,-1,2.83453e-10,1,0
0.00196381,-0.275669,-0.0187146,-0.525081,4.43981,-140375,-1,5.69857e-10,1,0
0.00196435,-0.275203,-0.0184924,-0.525525,4.4389,-140099,-1,6.80535e-10,1,0
0.0019656,-0.274026,-0.0175674,-0.525066,4.43895,-139411,-1,6.80535e-10,1,0
0.00196668,-0.273222,-0.0170225,-0.52476,4.43926,-138926,-1,2.73823e-09,1,0
0.0019675,-0.273684,-0.017912,-0.524989,4.43895,-139102,-1,1.19871e-09,1,0
0.00196826,-0.274391,-0.0183229,-0.525476,4.43726,-139408,-1,9.52163e-10,1,0
0.00196949,-0.274855,-0.0196018,-0.524767,4.43966,-139557,-1,1.53418e-09,1,0
0.0019705,-0.274583,-0.0185377,-0.525201,4.43878,-139347,-1,1.84957e-10,1,0
0.0019707,-0.274507,-0.0183395,-0.525217,4.43861,-139294,-1,1.25446e-09,1,0
0.00197144,-0.273921,-0.0179394,-0.524754,4.4381,-138945,-1,9.41684e-10,1,0
0.00197301,-0.27554,-0.0172259,-0.524545,4.43796,-139655,-1,1.82936e-09,1,0
0.00197495,-0.276746,-0.0193386,-0.524664,4.4379,-140128,-1,1.82936e-09,1,0
0.0019752,-0.276972,-0.0193875,-0.52466,4.43558,-140225,-1,1.73892e-10,1,0
0.00197571,-0.276632,-0.0194305,-0.524828,4.43872,-140017,-1,2.84212e-10,1,0
0.00197618,-0.276384,-0.0196751,-0.5251,4.43779,-139858,-1,4.45537e-10,1,0
0.00197657,-0.276491,-0.0199634,-0.524723,4.43802,-139884,-1,4.85986e-10,1,0
0.00197876,-0.279009,-0.0201696,-0.523683,4.43789,-141002,-1,4.85986e-10,1,0
0.00197889,-0.279169,-0.0201828,-0.523616,4.43996,-141073,-1,2.90603e-09,1,0
0.00197943,-0.279106,-0.0207837,-0.523845,4.4422,-141003,-1,1.37447e-10,1,0
0.00198015,-0.279614,-0.0202816,-0.524192,4.44402,-141209,-1,5.68035e-10,1,0
0.00198028,-0.279643,-0.020416,-0.524288,4.44402,-141214,-1,5.68035e-10,1,0
0.00198165,-0.27883,-0.0214617,-0.52512,4.44417,-140707,-1,9.80138e-10,1,0
0.00198199,-0.278755,-0.0215984,-0.525396,4.44303,-140644,-1,9.14854e-10,1,0
0.00198237,-0.278994,-0.021329,-0.525125,4.44351,-140738,-1,3.9743e-10,1,0
0.00198265,-0.279242,-0.021243,-0.524889,4.44376,-140843,-1,1.33425e-11,1,0
0.00198298,-0.279539,-0.0211044,-0.524641,4.44375,-140969,-1,1.33425e-11,1,0
0.00198348,-0.279544,-0.0208879,-0.524962,4.44225,-140936,-1,5.72915e-10,1,0
0.00198396,-0.279185,-0.0206979,-0.524902,4.44204,-140721,-1,6.50645e-10,1,0
0.00198419,-0.278988,-0.0206345,-0.524727,4.43978,-140606,-1,3.36985e-11,1,0
0.00198486,-0.279056,-0.0211438,-0.52539,4.44119,-140592,-1,8.38751e-10,1,0
0.00198524,-0.278978,-0.0209427,-0.525809,4.4412,-140526,-1,8.38751e-10,1,0
0.00198547,-0.278929,-0.020818,-0.526068,4.4412,-140485,-1,8.38751e-10,1,0
0.0019872,-0.278308,-0.0195879,-0.527572,4.44251,-140050,-1,8.4504e-10,1,0
0.001988,-0.278981,-0.0195856,-0.526958,4.44506,-140333,-1,7.91868e-11,1,0
0.00198876,-0.278942,-0.0200173,-0.52664,4.44507,-140259,-1,7.13137e-10,1,0
0.00198941,-0.279354,-0.020241,-0.5273,4.44442,-140421,-1,1.08673e-09,1,0
0.00199072,-0.278217,-0.0207908,-0.528346,4.44606,-139757,-1,1.63998e-09,1,0
0.0019916,-0.278927,-0.0200917,-0.528014,4.44392,-140051,-1,3.57354e-11,1,0
0.00199237,-0.278346,-0.0200875,-0.528678,4.4451,-139706,-1,3.00485e-10,1,0
0.00199324,-0.277829,-0.0199932,-0.52963,4.44316,-139386,-1,1.73294e-09,1,0
0.00199366,-0.277815,-0.0203151,-0.529475,4.44056,-139349,-1,2.67112e-10,1,0
0.00199381,-0.277816,-0.0203258,-0.529283,4.44056,-139339,-1,2.67112e-10,1,0
0.00199491,-0.279095,-0.0204386,-0.529696,4.43543,-139904,-1,1.35226e-09,1,0
0.00199558,-0.278783,-0.0199873,-0.530257,4.433,-139700,-1,3.77191e-11,1,0
0.0019966,-0.27938,-0.0193254,-0.530678,4.4355,-139928,-1,1.63059e-10,1,0
0.00199732,-0.279709,-0.0189417,-0.530939,4.43727,-140042,-1,4.8787e-10,1,0
0.00199845,-0.280015,-0.0193033,-0.530491,4.43589,-140116,-1,5.20521e-10,1,0
0.00199928,-0.279791,-0.0203072,-0.530342,4.4359,-139946,-1,5.20521e-10,1,0
0.00199976,-0.279781,-0.0207731,-0.530092,4.43558,-139907,-1,2.32088e-10,1,0
0.00200034,-0.279693,-0.020726,-0.529417,4.4314,-139823,-1,6.39812e-10,1,0
0.00200156,-0.279087,-0.0213097,-0.528141,4.43143,-139434,-1,6.39812e-10,1,0
0.00200194,-0.278914,-0.0213546,-0.527874,4.43012,-139322,-1,1.89509e-09,1,0
0.00200237,-0.278919,-0.021018,-0.527603,4.42935,-139295,-1,2.54132e-10,1,0
0.00200275,-0.278954,-0.0207679,-0.527222,4.42799,-139285,-1,8.46373e-10,1,0
0.00200313,-0.278547,-0.0205871,-0.52738,4.42801,-139056,-1,8.46373e-10,1,0
0.00200405,-0.277561,-0.0201484,-0.527764,4.42806,-138500,-1,8.46373e-10,1,0
0.00200508,-0.277209,-0.020318,-0.52784,4.43,-138253,-1,5.56898e-10,1,0
0.00200557,-0.277253,-0.020425,-0.527918,4.42813,-138242,-1,3.00014e-10,1,0
0.00200617,-0.276638,-0.0207837,-0.52779,4.42602,-137893,-1,6.21165e-10,1,0
0.00200686,-0.277074,-0.0202776,-0.528061,4.42687,-138063,-1,7.65517e-10,1,0
0.00200834,-0.27675,-0.0202431,-0.526806,4.42877,-137800,-1,4.99614e-10,1,0
0.00200912,-0.276439,-0.0208701,-0.526789,4.42963,-137592,-1,7.17255e-10,1,0
0.00200964,-0.276941,-0.0208442,-0.527003,4.42978,-137806,-1,4.10059e-10,1,0
0.00201129,-0.276149,-0.0202497,-0.525761,4.42646,-137299,-1,2.70792e-10,1,0
0.00201216,-0.27658,-0.0195523,-0.525778,4.42388,-137454,-1,9.00312e-10,1,0
0.00201355,-0.277797,-0.0183282,-0.525891,4.42382,-137964,-1,9.00312e-10,1,0
0.00201407,-0.278257,-0.0178645,-0.525935,4.4238,-138157,-1,9.00312e-10,1,0
0.00201527,-0.279351,-0.0171558,-0.525616,4.42326,-138617,-1,4.15249e-09,1,0
0.00201662,-0.280472,-0.0174943,-0.524694,4.42345,-139080,-1,1.6762e-09,1,0
0.00201801,-0.281601,-0.0187641,-0.524956,4.42301,-139544,-1,1.67086e-09,1,0
0.00201831,-0.281455,-0.0188413,-0.524992,4.42228,-139451,-1,1.14169e-10,1,0
0.00201903,-0.281406,-0.0194815,-0.524687,4.42702,-139377,-1,6.94135e-10,1,0
0.00201962,-0.281255,-0.0190416,-0.524346,4.43092,-139261,-1,2.92938e-10,1,0
0.0020202,-0.280923,-0.0188658,-0.524241,4.43175,-139057,-1,1.84488e-10,1,0
0.00202159,-0.281445,-0.0201286,-0.523824,4.43126,-139219,-1,4.72348e-10,1,0
0.00202193,-0.281489,-0.0205356,-0.523828,4.43199,-139218,-1,1.03079e-10,1,0
0.00202255,-0.281326,-0.0206101,-0.52439,4.43387,-139095,-1,1.92134e-10,1,0
0.0020231,-0.281328,-0.0210157,-0.524919,4.43429,-139057,-1,1.06991e-10,1,0
0.00202402,-0.280728,-0.0218694,-0.524495,4.43564,-138698,-1,2.52175e-11,1,0
0.00202456,-0.280352,-0.0222062,-0.524182,4.43643,-138475,-1,1.68122e-10,1,0
0.00202504,-0.279991,-0.0217825,-0.523998,4.4364,-138265,-1,4.53262e-10,1,0
0.00202557,-0.280541,-0.0219795,-0.52415,4.43631,-138500,-1,1.79223e-10,1,0
0.00202632,-0.281389,-0.0222886,-0.524393,4.43568,-138867,-1,1.57032e-09,1,0
0.00202674,-0.281714,-0.0226552,-0.52424,4.43576,-138999,-1,7.84543e-11,1,0
0.00202715,-0.281895,-0.0228499,-0.524094,4.43492,-139060,-1,8.36307e-10,1,0
0.00202848,-0.280602,-0.022522,-0.524038,4.43515,-138331,-1,1.14542e-09,1,0
0.00202873,-0.280467,-0.0226944,-0.523854,4.43581,-138248,-1,2.76737e-10,1,0
0.00202962,-0.280097,-0.0217127,-0.523715,4.43355,-138005,-1,3.43313e-11,1,0
0.00202993,-0.280009,-0.021922,-0.523944,4.43354,-137940,-1,3.57895e-11,1,0
0.00203049,-0.279356,-0.0220852,-0.523729,4.43291,-137580,-1,7.06215e-10,1,0
0.00203129,-0.279125,-0.0226251,-0.524517,4.43314,-137412,-1,3.6826e-10,1,0
0.00203188,-0.278845,-0.0230066,-0.525083,4.43316,-137235,-1,3.6826e-10,1,0
0.00203246,-0.278611,-0.0233516,-0.525636,4.43277,-137081,-1,4.04081e-11,1,0
0.00203364,-0.277825,-0.0227015,-0.52566,4.43373,-136615,-1,3.72616e-10,1,0
0.00203405,-0.277553,-0.0222664,-0.52574,4.43293,-136453,-1,1.61794e-09,1,0
0.00203505,-0.27678,-0.021813,-0.524956,4.43137,-136007,-1,6.95808e-11,1,0
0.00203573,-0.276683,-0.0216481,-0.525399,4.43017,-135914,-1,2.37131e-11,1,0
0.00203631,-0.276711,-0.0222125,-0.525734,4.42785,-135889,-1,3.5789e-10,1,0
0.00203741,-0.276509,-0.0225638,-0.526197,4.42225,-135716,-1,2.80569e-10,1,0
0.00203834,-0.277129,-0.0234061,-0.526701,4.42147,-135958,-1,1.16108e-09,1,0
0.00204084,-0.276935,-0.0243172,-0.525607,4.42263,-135697,-1,1.09834e-09,1,0
0.00204242,-0.277002,-0.0258161,-0.52541,4.42448,-135625,-1,7.31883e-11,1,0
0.00204407,-0.277348,-0.0271384,-0.523859,4.42447,-135684,-1,7.31883e-11,1,0
0.00204466,-0.27723,-0.0276323,-0.523903,4.42742,-135587,-1,3.16539e-09,1,0
0.00204568,-0.276745,-0.0285103,-0.524677,4.42496,-135283,-1,1.705e-09,1,0
0.00204632,-0.277058,-0.0285931,-0.523943,4.42495,-135393,-1,1.705e-09,1,0
0.00204836,-0.277984,-0.027962,-0.522922,4.42269,-135711,-1,9.5469e-10,1,0
0.00204943,-0.277607,-0.0267631,-0.522753,4.4232,-135456,-1,1.29198e-09,1,0
0.00204994,-0.277787,-0.0265403,-0.52326,4.42178,-135510,-1,5.33846e-10,1,0
0.00205084,-0.277921,-0.0263197,-0.524355,4.42181,-135515,-1,1.01152e-11,1,0
0.00205216,-0.277203,-0.0264672,-0.52526,4.42032,-135079,-1,1.87363e-09,1,0
0.00205263,-0.276818,-0.0266472,-0.525422,4.41905,-134860,-1,4.26701e-11,1,0
0.00205351,-0.276311,-0.0263937,-0.526312,4.41913,-134555,-1,1.0117e-09,1,0
0.00205393,-0.27631,-0.0267389,-0.526279,4.4203,-134528,-1,3.52305e-10,1,0
0.00205411,-0.276315,-0.0267381,-0.526087,4.41884,-134518,-1,4.74483e-11,1,0
0.00205537,-0.276296,-0.0276219,-0.527315,4.41517,-134426,-1,4.65931e-10,1,0
0.00205668,-0.275959,-0.0262158,-0.527896,4.41352,-134177,-1,6.05622e-11,1,0
0.00205795,-0.275626,-0.0263113,-0.528166,4.41416,-133933,-1,6.06443e-10,1,0
0.00205882,-0.275575,-0.0261227,-0.529241,4.41416,-133851,-1,6.06443e-10,1,0
0.00205976,-0.274646,-0.0256779,-0.529256,4.41363,-133339,-1,1.24041e-09,1,0
0.0020609,-0.275213,-0.0258872,-0.529784,4.41194,-133541,-1,1.0878e-09,1,0
0.00206151,-0.274644,-0.0260608,-0.529754,4.41043,-133225,-1,5.37256e-10,1,0
0.00206204,-0.274345,-0.0263338,-0.52928,4.4133,-133045,-1,7.40867e-11,1,0
0.00206226,-0.274588,-0.0263816,-0.529168,4.41329,-133149,-1,7.40867e-11,1,0
0.002063,-0.275247,-0.0269102,-0.529161,4.41316,-133421,-1,5.66709e-10,1,0
0.00206336,-0.2752,-0.0267329,-0.528972,4.41697,-133375,-1,3.43532e-10,1,0
0.00206387,-0.275285,-0.0261162,-0.529126,4.41696,-133383,-1,3.43532e-10,1,0
0.00206478,-0.275272,-0.0251031,-0.529557,4.41674,-133318,-1,1.32612e-09,1,0
0.00206516,-0.275167,-0.0247414,-0.529829,4.41675,-133243,-1,1.32612e-09,1,0
0.00206607,-0.275422,-0.023835,-0.530044,4.41606,-133307,-1,1.41185e-09,1,0
0.00206717,-0.275357,-0.022647,-0.530564,4.4169,-133205,-1,1.16509e-09,1,0
0.00206839,-0.27681,-0.0225292,-0.530559,4.41733,-133829,-1,7.02887e-10,1,0
0.00206984,-0.277281,-0.0231415,-0.530961,4.42066,-133963,-1,1.25686e-09,1,0
0.00207041,-0.277532,-0.0236147,-0.530925,4.42312,-134047,-1,5.74422e-11,1,0
0.00207102,-0.27828,-0.0236459,-0.530903,4.42311,-134368,-1,4.17636e-10,1,0
0.00207155,-0.278622,-0.023634,-0.530886,4.42563,-134499,-1,1.88572e-10,1,0
0.0020725,-0.277761,-0.0243864,-0.530737,4.42754,-134022,-1,3.18158e-11,1,0
0.00207313,-0.277259,-0.0238899,-0.530975,4.42687,-133739,-1,5.64377e-10,1,0
0.00207421,-0.27678,-0.0239332,-0.530467,4.42986,-133439,-1,9.81949e-10,1,0
0.00207444,-0.276724,-0.0240813,-0.530551,4.42743,-133397,-1,1.47999e-10,1,0
0.0020749,-0.27717,-0.0238722,-0.530861,4.42854,-133582,-1,5.82336e-10,1,0
0.00207537,-0.276849,-0.0241297,-0.530862,4.42906,-133397,-1,1.51595e-10,1,0
0.00207613,-0.277004,-0.0244903,-0.530336,4.42994,-133423,-1,7.21577e-10,1,0
0.00207638,-0.276936,-0.0245003,-0.530613,4.4301,-133375,-1,3.08442e-10,1,0
0.00207732,-0.276546,-0.024552,-0.530803,4.42839,-133126,-1,8.02737e-10,1,0
0.00207819,-0.276778,-0.0254048,-0.530178,4.42941,-133182,-1,1.53483e-09,1,0
0.0020786,-0.276828,-0.0253104,-0.530051,4.42597,-133180,-1,2.23464e-10,1,0
0.00207974,-0.275772,-0.0246446,-0.530539,4.42399,-132599,-1,1.17611e-09,1,0
0.00208043,-0.276377,-0.0249724,-0.530591,4.42371,-132846,-1,1.64015e-10,1,0
0.00208162,-0.276622,-0.0252748,-0.531022,4.42309,-132888,-1,2.0175e-10,1,0
0.0020821,-0.276176,-0.0248921,-0.530902,4.42164,-132643,-1,5.99363e-10,1,0
0.00208336,-0.276514,-0.0250858,-0.53138,4.42214,-132725,-1,6.6203e-10,1,0
0.00208368,-0.276694,-0.0248186,-0.531486,4.42918,-132791,-1,3.45722e-10,1,0
0.0020844,-0.276836,-0.0253323,-0.532097,4.4275,-132813,-1,2.32024e-10,1,0
0.00208512,-0.276363,-0.0246906,-0.531911,4.42968,-132540,-1,1.01228e-10,1,0
0.00208605,-0.276526,-0.0252094,-0.531285,4.43137,-132559,-1,4.60175e-10,1,0
0.0020877,-0.276216,-0.0245917,-0.530602,4.43152,-132306,-1,1.52964e-10,1,0
0.00208873,-0.276298,-0.0245965,-0.529646,4.42798,-132280,-1,5.87107e-10,1,0
0.00209005,-0.276321,-0.0251546,-0.528162,4.42793,-132208,-1,5.47574e-10,1,0
0.00209084,-0.276697,-0.025311,-0.527816,4.42836,-132337,-1,1.90248e-10,1,0
0.00209199,-0.277186,-0.025547,-0.527155,4.42543,-132499,-1,7.90122e-10,1,0
0.00209232,-0.277171,-0.0251605,-0.527062,4.4251,-132471,-1,1.69313e-10,1,0
0.00209293,-0.277372,-0.0254924,-0.527704,4.42509,-132528,-1,1.69313e-10,1,0
0.00209333,-0.277506,-0.0257155,-0.528135,4.42509,-132567,-1,1.69313e-10,1,0
0.00209448,-0.277698,-0.0260058,-0.528943,4.42733,-132585,-1,2.39714e-09,1,0
0.00209521,-0.277354,-0.0253523,-0.528425,4.42735,-132376,-1,2.39714e-09,1,0
0.00209606,-0.276949,-0.0245821,-0.527815,4.43039,-132128,-1,2.26309e-09,1,0
0.00209634,-0.276934,-0.024549,-0.528098,4.43001,-132103,-1,2.24081e-10,1,0
0.00209691,-0.277186,-0.0249302,-0.528547,4.43034,-132188,-1,7.89621e-10,1,0
0.00209742,-0.276866,-0.025302,-0.528145,4.43277,-132003,-1,6.67403e-12,1,0
0.00209766,-0.277028,-0.0255433,-0.528197,4.43276,-132065,-1,6.67403e-12,1,0
0.00209785,-0.277199,-0.0256966,-0.52822,4.43205,-132135,-1,1.67735e-10,1,0
0.00209923,-0.278343,-0.0263665,-0.527285,4.43161,-132593,-1,1.27617e-10,1,0
0.00210054,-0.279403,-0.0273999,-0.527414,4.4316,-133015,-1,2.06261e-09,1,0
0.00210161,-0.28021,-0.028373,-0.527834,4.43156,-133331,-1,2.06261e-09,1,0
0.00210227,-0.280714,-0.0289813,-0.528097,4.428,-133529,-1,3.33942e-09,1,0
0.00210275,-0.280152,-0.0290203,-0.528058,4.43031,-133231,-1,5.28357e-10,1,0
0.00210382,-0.279167,-0.0296778,-0.527588,4.43016,-132695,-1,1.04224e-09,1,0
0.0021052,-0.280134,-0.0287725,-0.526576,4.43067,-133068,-1,6.28506e-10,1,0
0.00210549,-0.280116,-0.0287029,-0.526318,4.43056,-133041,-1,1.28142e-09,1,0
0.00210686,-0.280095,-0.0293588,-0.525249,4.4299,-132944,-1,2.07599e-10,1,0
0.00210714,-0.280107,-0.0296999,-0.525153,4.4299,-132932,-1,2.07599e-10,1,0
0.00210843,-0.280159,-0.0312474,-0.524718,4.4299,-132876,-1,2.07599e-10,1,0
0.00210916,-0.280064,-0.0321179,-0.524596,4.42997,-132785,-1,2.48538e-09,1,0
0.00210963,-0.280484,-0.0321356,-0.524642,4.43208,-132954,-1,7.7654e-11,1,0
0.00211035,-0.28139,-0.0321339,-0.524617,4.43406,-133338,-1,1.33877e-09,1,0
0.0021113,-0.28037,-0.0322432,-0.524017,4.43411,-132795,-1,1.33877e-09,1,0
0.00211232,-0.279635,-0.0331078,-0.524067,4.43554,-132383,-1,9.89277e-10,1,0
0.00211425,-0.280061,-0.0341597,-0.525443,4.43431,-132464,-1,1.08759e-09,1,0
0.00211596,-0.279487,-0.0359634,-0.526451,4.43673,-132085,-1,3.45961e-09,1,0
0.0021168,-0.279059,-0.0361758,-0.52669,4.43768,-131831,-1,6.86067e-10,1,0
0.0021178,-0.279082,-0.0367588,-0.525829,4.44032,-131779,-1,1.75896e-10,1,0
0.00211831,-0.279295,-0.0368187,-0.525233,4.43932,-131848,-1,6.35989e-10,1,0
0.00211914,-0.279319,-0.0362316,-0.525286,4.4428,-131808,-1,4.68888e-10,1,0
0.00211951,-0.279082,-0.0360697,-0.525137,4.44266,-131673,-1,2.47114e-10,1,0
0.00212048,-0.2801,-0.0355654,-0.525557,4.44261,-132093,-1,2.47114e-10,1,0
0.00212194,-0.28072,-0.0357567,-0.526306,4.4392,-132294,-1,7.56478e-10,1,0
0.00212307,-0.281435,-0.0363423,-0.527101,4.43788,-132560,-1,1.05615e-10,1,0
0.00212376,-0.280617,-0.0363539,-0.527288,4.43683,-132132,-1,1.42213e-11,1,0
0.00212489,-0.280046,-0.0359588,-0.52708,4.43628,-131793,-1,1.65824e-09,1,0
0.00212674,-0.281587,-0.0354422,-0.526037,4.43426,-132403,-1,1.21656e-09,1,0
0.00212729,-0.281399,-0.0351643,-0.525455,4.43789,-132281,-1,7.56207e-12,1,0
0.00212842,-0.281944,-0.0345217,-0.525037,4.43809,-132467,-1,1.1147e-09,1,0
0.0021289,-0.282195,-0.0346395,-0.52534,4.43914,-132555,-1,3.69069e-10,1,0
0.00212949,-0.282294,-0.0343272,-0.524814,4.43854,-132564,-1,2.30007e-10,1,0
0.00212992,-0.282655,-0.034255,-0.524541,4.4398,-132707,-1,2.98185e-10,1,0
0.00213042,-0.283123,-0.0346083,-0.524496,4.4392,-132896,-1,5.42589e-10,1,0
0.00213084,-0.28349,-0.0349342,-0.524456,4.43869,-133041,-1,5.68926e-11,1,0
0.00213215,-0.282044,-0.0342084,-0.524504,4.44245,-132282,-1,1.98218e-11,1,0
0.00213264,-0.282018,-0.0340771,-0.524853,4.4412,-132239,-1,4.58278e-10,1,0
0.00213352,-0.282174,-0.0349485,-0.524869,4.44277,-132257,-1,8.19351e-10,1,0
0.00213471,-0.282611,-0.0352617,-0.525615,4.43963,-132389,-1,3.85171e-10,1,0
0.002135,-0.282644,-0.0351277,-0.525794,4.44142,-132386,-1,7.6742e-11,1,0
0.00213547,-0.283228,-0.0350489,-0.525818,4.44139,-132630,-1,7.6742e-11,1,0
0.00213671,-0.282144,-0.0351424,-0.525684,4.43685,-132046,-1,3.2692e-10,1,0
0.00213709,-0.282022,-0.0355449,-0.525488,4.43789,-131965,-1,2.41201e-11,1,0
0.0021377,-0.281992,-0.0360105,-0.525236,4.43618,-131913,-1,1.34038e-10,1,0
0.00213905,-0.28338,-0.035996,-0.524801,4.43589,-132479,-1,6.06001e-10,1,0
0.00214023,-0.283041,-0.0368224,-0.525209,4.43634,-132248,-1,1.09256e-09,1,0
0.00214193,-0.281789,-0.0377496,-0.525966,4.43535,-131558,-1,1.07888e-09,1,0
0.00214341,-0.281807,-0.0393025,-0.526411,4.43556,-131476,-1,2.42726e-09,1,0
0.00214398,-0.282018,-0.0395784,-0.526639,4.43452,-131539,-1,5.26597e-10,1,0
0.0021453,-0.282082,-0.0387517,-0.527482,4.43452,-131488,-1,6.10995e-10,1,0
0.00214613,-0.281775,-0.0389648,-0.526852,4.43345,-131294,-1,1.53166e-10,1,0
0.00214856,-0.282625,-0.0381434,-0.5264,4.4339,-131542,-1,1.09837e-09,1,0
0.0021494,-0.281988,-0.0376985,-0.526716,4.43501,-131194,-1,7.89867e-10,1,0
0.00214996,-0.282653,-0.0379392,-0.52679,4.43426,-131469,-1,7.11869e-10,1,0
0.00215085,-0.282305,-0.0373193,-0.526878,4.43418,-131253,-1,6.37204e-10,1,0
0.00215124,-0.282186,-0.037738,-0.526941,4.43468,-131174,-1,2.7701e-10,1,0
0.00215167,-0.28211,-0.0377431,-0.527285,4.43275,-131112,-1,2.40197e-10,1,0
0.00215227,-0.282201,-0.0379194,-0.526709,4.43317,-131118,-1,3.54898e-10,1,0
0.00215286,-0.282118,-0.0373152,-0.526712,4.43366,-131043,-1,3.38182e-10,1,0
0.00215455,-0.280605,-0.0367409,-0.528069,4.43374,-130238,-1,3.38182e-10,1,0
0.00215491,-0.280502,-0.0368199,-0.528293,4.43205,-130169,-1,1.81709e-10,1,0
0.00215606,-0.280684,-0.035405,-0.528464,4.43204,-130184,-1,1.81709e-10,1,0
0.0021572,-0.280805,-0.0353825,-0.528485,4.43143,-130171,-1,3.49708e-10,1,0
0.0021579,-0.28106,-0.0354365,-0.527977,4.43042,-130247,-1,8.14966e-10,1,0
0.00215839,-0.280959,-0.0354234,-0.527585,4.42837,-130170,-1,3.85761e-10,1,0
0.00215894,-0.280343,-0.0352821,-0.527387,4.42594,-129853,-1,3.7478e-10,1,0
0.00216037,-0.280419,-0.0369338,-0.527187,4.42602,-129801,-1,1.09813e-09,1,0
0.00216122,-0.280398,-0.0374702,-0.527706,4.42485,-129740,-1,2.70917e-10,1,0
0.00216151,-0.280431,-0.0375818,-0.527905,4.42632,-129738,-1,9.9925e-11,1,0
0.00216254,-0.280982,-0.0365326,-0.52741,4.4263,-129931,-1,9.9925e-11,1,0
0.00216271,-0.280986,-0.0365154,-0.527309,4.42482,-129923,-1,2.18152e-12,1,0
0.00216321,-0.281335,-0.036151,-0.526969,4.42624,-130055,-1,6.05656e-10,1,0
0.00216422,-0.281734,-0.0362154,-0.527112,4.42536,-130178,-1,4.06844e-10,1,0
0.00216538,-0.281091,-0.0360541,-0.528266,4.42456,-129811,-1,1.17687e-09,1,0
0.00216611,-0.280952,-0.0366513,-0.528931,4.42334,-129703,-1,1.17889e-09,1,0
0.00216693,-0.281329,-0.037225,-0.529542,4.42397,-129828,-1,9.37004e-10,1,0
0.00216702,-0.281264,-0.0373039,-0.529496,4.42336,-129793,-1,1.12081e-10,1,0
0.00216822,-0.280764,-0.0372821,-0.529895,4.41903,-129491,-1,4.65297e-10,1,0
0.0021686,-0.280579,-0.0375384,-0.530026,4.41828,-129382,-1,2.55228e-10,1,0
0.00216915,-0.280771,-0.0380593,-0.530342,4.41855,-129438,-1,6.55552e-10,1,0
0.00216991,-0.280645,-0.0377723,-0.53091,4.41735,-129335,-1,5.23237e-11,1,0
0.00217117,-0.280349,-0.0366587,-0.531917,4.41828,-129123,-1,2.95685e-10,1,0
0.00217163,-0.279868,-0.0363532,-0.531853,4.41845,-128874,-1,5.74126e-10,1,0
0.00217234,-0.279693,-0.0360243,-0.532578,4.41692,-128752,-1,1.91652e-10,1,0
0.00217302,-0.279272,-0.0362611,-0.531926,4.41505,-128518,-1,7.97358e-10,1,0
0.00217349,-0.279114,-0.0362337,-0.532127,4.41534,-128418,-1,1.60742e-10,1,0
0.00217488,-0.278179,-0.0367098,-0.532369,4.41557,-127906,-1,7.48955e-10,1,0
0.00217621,-0.277527,-0.037696,-0.532388,4.41641,-127528,-1,1.09867e-09,1,0
0.00217659,-0.277796,-0.0376338,-0.532088,4.41377,-127629,-1,4.2971e-10,1,0
0.00217824,-0.277076,-0.0378905,-0.531253,4.41579,-127202,-1,1.44069e-09,1,0
0.00217929,-0.276471,-0.0370446,-0.532042,4.41582,-126863,-1,1.44069e-09,1,0
0.00218017,-0.276035,-0.036741,-0.531973,4.41505,-126612,-1,4.42556e-10,1,0
0.00218058,-0.275868,-0.0372236,-0.532043,4.41547,-126511,-1,6.1063e-10,1,0
0.00218129,-0.275213,-0.0376667,-0.531637,4.41551,-126170,-1,6.1063e-10,1,0
0.00218255,-0.274684,-0.038278,-0.530904,4.41405,-125854,-1,2.06428e-09,1,0
0.00218286,-0.274933,-0.0382733,-0.530698,4.41333,-125950,-1,7.24414e-10,1,0
0.00218411,-0.274155,-0.0378464,-0.530184,4.41563,-125522,-1,3.13614e-10,1,0
0.00218465,-0.274501,-0.0377929,-0.5298,4.41496,-125650,-1,5.39493e-10,1,0
0.00218529,-0.274169,-0.0374369,-0.530394,4.41716,-125461,-1,6.7454e-10,1,0
0.00218614,-0.273134,-0.0375656,-0.53018,4.41728,-124939,-1,1.06391e-09,1,0
0.00218749,-0.273037,-0.0386501,-0.53045,4.41329,-124817,-1,3.17432e-10,1,0
0.00218779,-0.273077,-0.038859,-0.530676,4.4125,-124819,-1,6.73174e-11,1,0
0.00218857,-0.273015,-0.0395638,-0.531316,4.4108,-124746,-1,9.68879e-12,1,0
0.00218889,-0.272628,-0.0396111,-0.531247,4.41053,-124551,-1,8.53733e-12,1,0
0.00218987,-0.271994,-0.0398904,-0.530957,4.41111,-124206,-1,3.1417e-10,1,0
0.00219044,-0.271563,-0.0398641,-0.530836,4.40873,-123976,-1,3.97384e-11,1,0
0.00219119,-0.272255,-0.0404618,-0.530716,4.40824,-124250,-1,8.31785e-10,1,0
0.0021918,-0.272707,-0.0399139,-0.53079,4.40955,-124421,-1,1.03501e-10,1,0
0.00219315,-0.27328,-0.0405014,-0.531984,4.40644,-124606,-1,1.53176e-09,1,0
0.00219387,-0.273152,-0.04001,-0.531497,4.40598,-124507,-1,5.05394e-10,1,0
0.00219513,-0.273673,-0.0411903,-0.531979,4.40644,-124673,-1,1.47543e-09,1,0
0.00219583,-0.274011,-0.0411987,-0.531587,4.40668,-124787,-1,1.76197e-10,1,0
0.00219662,-0.273504,-0.0408527,-0.530823,4.40513,-124512,-1,9.80049e-10,1,0
0.00219741,-0.273135,-0.0405254,-0.531467,4.40561,-124298,-1,7.07237e-10,1,0
0.00219784,-0.273384,-0.0405349,-0.53121,4.40858,-124387,-1,2.9061e-10,1,0
0.00219826,-0.273577,-0.0405859,-0.530785,4.40706,-124452,-1,4.49878e-11,1,0
0.00219885,-0.273435,-0.0407161,-0.530343,4.40734,-124354,-1,2.95793e-10,1,0
0.00219942,-0.273304,-0.040018,-0.530364,4.40689,-124262,-1,7.10607e-10,1,0
0.00220081,-0.273549,-0.0389859,-0.531427,4.40231,-124295,-1,1.85422e-10,1,0
0.00220172,-0.273473,-0.0388608,-0.532467,4.40207,-124209,-1,1.20843e-10,1,0
0.0022027,-0.273736,-0.0379804,-0.532855,4.40228,-124273,-1,6.29836e-10,1,0
0.00220378,-0.272435,-0.037686,-0.5327,4.40206,-123622,-1,1.45481e-09,1,0
0.0022043,-0.272105,-0.0374938,-0.532348,4.40408,-123443,-1,4.47416e-10,1,0
0.00220537,-0.271489,-0.0379008,-0.531234,4.40475,-123103,-1,1.33599e-09,1,0
0.00220601,-0.271969,-0.0378842,-0.531728,4.40737,-123285,-1,6.50276e-10,1,0
0.00220644,-0.272239,-0.0374911,-0.531964,4.40735,-123384,-1,6.50276e-10,1,0
0.00220669,-0.272341,-0.0373548,-0.53202,4.40897,-123416,-1,6.5232e-11,1,0
0.00220759,-0.272683,-0.0373782,-0.53243,4.40806,-123521,-1,3.12401e-10,1,0
0.00220823,-0.273279,-0.0373189,-0.532942,4.41143,-123755,-1,3.44564e-11,1,0
0.00220963,-0.272485,-0.036021,-0.532082,4.41147,-123317,-1,3.44564e-11,1,0
0.00221034,-0.272161,-0.0357841,-0.532434,4.40857,-123131,-1,2.08608e-09,1,0
0.00221084,-0.272681,-0.036025,-0.532631,4.41079,-123338,-1,5.64077e-10,1,0
0.00221163,-0.273082,-0.0366442,-0.532665,4.4105,-123476,-1,2.31259e-10,1,0
0.00221205,-0.27318,-0.0370985,-0.532434,4.40895,-123496,-1,2.45465e-10,1,0
0.00221336,-0.272053,-0.036429,-0.531675,4.41151,-122914,-1,1.09858e-09,1,0
0.00221473,-0.273335,-0.037284,-0.531799,4.40769,-123417,-1,1.60918e-09,1,0
0.00221518,-0.272807,-0.0374492,-0.531748,4.40772,-123154,-1,1.60918e-09,1,0
0.00221545,-0.272768,-0.0374663,-0.532059,4.40706,-123121,-1,3.13111e-10,1,0
0.0022158,-0.27314,-0.0373616,-0.532251,4.40746,-123269,-1,4.3177e-10,1,0
0.00221653,-0.2728,-0.0373138,-0.532947,4.40947,-123075,-1,2.27106e-10,1,0
0.00221752,-0.272083,-0.0378375,-0.53363,4.41522,-122697,-1,9.43796e-10,1,0
0.00221874,-0.271386,-0.0377539,-0.53238,4.41517,-122316,-1,1.09877e-09,1,0
0.00222019,-0.270971,-0.0385415,-0.530803,4.41519,-122049,-1,1.09877e-09,1,0
0.00222096,-0.2712,-0.0388108,-0.530681,4.41529,-122109,-1,2.73273e-09,1,0
0.00222123,-0.271444,-0.0388481,-0.530902,4.41534,-122204,-1,7.97992e-10,1,0
0.00222157,-0.271439,-0.0390188,-0.530641,4.41625,-122184,-1,3.47734e-10,1,0
0.00222225,-0.272179,-0.0386563,-0.530839,4.41731,-122479,-1,8.46801e-10,1,0
0.00222325,-0.271441,-0.03826,-0.530302,4.41889,-122092,-1,1.07783e-09,1,0
0.00222428,-0.270572,-0.038981,-0.529668,4.41894,-121645,-1,1.07783e-09,1,0
0.00222584,-0.269265,-0.0400651,-0.528715,4.41867,-120972,-1,3.24214e-09,1,0
0.00222752,-0.269493,-0.0396095,-0.528768,4.4172,-120983,-1,9.96873e-10,1,0
0.00222806,-0.269236,-0.0401152,-0.528822,4.41622,-120839,-1,6.51153e-11,1,0
0.00222856,-0.269186,-0.039823,-0.528612,4.41359,-120789,-1,6.51286e-10,1,0
0.00222912,-0.268942,-0.0402922,-0.528285,4.41473,-120649,-1,6.45677e-10,1,0
0.00223009,-0.268348,-0.0399879,-0.527367,4.41627,-120331,-1,5.55988e-11,1,0
0.00223127,-0.268641,-0.0389586,-0.527534,4.41504,-120399,-1,5.59355e-10,1,0
0.00223198,-0.269025,-0.0391192,-0.527478,4.41651,-120532,-1,4.80845e-10,1,0
0.00223236,-0.269317,-0.0391228,-0.527462,4.41355,-120642,-1,2.7564e-10,1,0
0.00223293,-0.269143,-0.0395523,-0.527743,4.4122,-120534,-1,4.91509e-10,1,0
0.00223349,-0.269641,-0.0395536,-0.527315,4.41362,-120727,-1,4.84561e-10,1,0
0.00223507,-0.269225,-0.039025,-0.52755,4.40886,-120455,-1,1.24784e-09,1,0
0.0022362,-0.268978,-0.0398838,-0.527926,4.40926,-120284,-1,1.04458e-10,1,0
0.0022367,-0.268511,-0.0401584,-0.527975,4.40996,-120048,-1,7.02798e-10,1,0
0.00223744,-0.267976,-0.0407899,-0.528399,4.40999,-119769,-1,7.02798e-10,1,0
0.00223784,-0.267608,-0.0408295,-0.528671,4.41093,-119583,-1,3.58094e-10,1,0
0.0022392,-0.266456,-0.0398052,-0.529346,4.41098,-118996,-1,3.58094e-10,1,0
0.00223951,-0.266545,-0.0395109,-0.529562,4.41142,-119019,-1,3.5826e-10,1,0
0.00224115,-0.267926,-0.0396244,-0.52977,4.4119,-119549,-1,3.2585e-10,1,0
0.00224199,-0.267991,-0.0396134,-0.529707,4.41123,-119533,-1,9.04833e-11,1,0
0.00224289,-0.267097,-0.0390853,-0.529446,4.40888,-119086,-1,1.82492e-11,1,0
0.00224327,-0.266961,-0.0391139,-0.529166,4.40977,-119005,-1,1.51369e-10,1,0
0.00224401,-0.266617,-0.0390394,-0.529957,4.40911,-118813,-1,1.21226e-10,1,0
0.00224442,-0.266442,-0.0390452,-0.530442,4.40918,-118713,-1,1.30943e-09,1,0
0.0022449,-0.266343,-0.0387388,-0.530696,4.40867,-118643,-1,2.92647e-10,1,0
0.00224555,-0.266667,-0.038961,-0.530819,4.41235,-118753,-1,1.30807e-10,1,0
0.00224589,-0.267059,-0.0390493,-0.530834,4.41015,-118910,-1,3.73961e-11,1,0
0.00224653,-0.267835,-0.039262,-0.530779,4.41072,-119222,-1,1.13636e-09,1,0
0.00224701,-0.268374,-0.0391956,-0.530558,4.41166,-119436,-1,5.86163e-10,1,0
0.0022474,-0.268477,-0.039009,-0.530163,4.41371,-119461,-1,4.64216e-10,1,0
0.00224807,-0.267982,-0.0387787,-0.530803,4.41374,-119205,-1,4.64216e-10,1,0
0.0022489,-0.267369,-0.0384935,-0.531594,4.41326,-118889,-1,1.88102e-09,1,0
0.00224935,-0.267602,-0.0388067,-0.531518,4.41289,-118968,-1,4.63426e-10,1,0
0.00224993,-0.267603,-0.0380925,-0.531608,4.41289,-118938,-1,4.63426e-10,1,0
0.00225086,-0.267603,-0.0369381,-0.531752,4.41289,-118889,-1,4.63426e-10,1,0
0.00225147,-0.267804,-0.0364238,-0.532149,4.41297,-118946,-1,2.15329e-09,1,0
0.00225226,-0.267428,-0.0362227,-0.531947,4.42144,-118738,-1,5.09653e-10,1,0
0.00225245,-0.267372,-0.0363334,-0.532,4.4222,-118703,-1,1.15506e-10,1,0
0.00225337,-0.266482,-0.0367516,-0.532129,4.42116,-118260,-1,1.03862e-09,1,0
0.00225411,-0.266462,-0.0364095,-0.532879,4.42287,-118212,-1,1.63924e-10,1,0
0.00225513,-0.266354,-0.0360276,-0.534058,4.42043,-118110,-1,1.81831e-10,1,0
0.00225545,-0.266109,-0.0360608,-0.534348,4.4181,-117985,-1,3.86634e-10,1,0
0.00225666,-0.265173,-0.0356196,-0.533777,4.41911,-117507,-1,3.6248e-10,1,0
0.00225729,-0.264931,-0.0352075,-0.533392,4.41797,-117367,-1,2.14733e-10,1,0
0.00225914,-0.265079,-0.0338561,-0.531515,4.41622,-117336,-1,2.31705e-09,1,0
0.00226051,-0.263833,-0.0328796,-0.530868,4.41615,-116714,-1,1.70971e-09,1,0
0.00226149,-0.264629,-0.0335379,-0.530232,4.41611,-117016,-1,1.70971e-09,1,0
0.00226203,-0.264599,-0.033108,-0.530371,4.41414,-116974,-1,5.48197e-10,1,0
0.00226319,-0.265499,-0.0334196,-0.529788,4.414,-117312,-1,5.19039e-10,1,0
0.00226427,-0.266212,-0.0338993,-0.528738,4.41396,-117571,-1,5.19039e-10,1,0
0.00226483,-0.266492,-0.0339276,-0.528433,4.41286,-117665,-1,1.79467e-10,1,0
0.00226587,-0.266574,-0.0326706,-0.528152,4.4126,-117648,-1,1.29061e-09,1,0
0.00226697,-0.266271,-0.0319712,-0.528433,4.4124,-117457,-1,7.07652e-10,1,0
0.00226771,-0.26589,-0.0320172,-0.528168,4.41537,-117250,-1,1.65091e-10,1,0
0.00226849,-0.265863,-0.0317087,-0.527249,4.41626,-117198,-1,9.6945e-10,1,0
0.00226953,-0.266005,-0.0313445,-0.526469,4.41555,-117207,-1,1.02649e-09,1,0
0.00227009,-0.26571,-0.0317457,-0.525989,4.41582,-117048,-1,6.85006e-10,1,0
0.00227092,-0.264957,-0.0314691,-0.526561,4.41597,-116674,-1,5.57205e-10,1,0
0.0022719,-0.264035,-0.0308099,-0.527013,4.41464,-116218,-1,1.69786e-09,1,0
0.00227291,-0.264367,-0.0310046,-0.527644,4.41504,-116312,-1,6.60119e-10,1,0
0.00227324,-0.26426,-0.0306401,-0.527692,4.41409,-116248,-1,3.89879e-10,1,0
0.00227375,-0.264296,-0.0300901,-0.527809,4.41511,-116238,-1,2.0347e-10,1,0
0.00227441,-0.264807,-0.0304714,-0.528103,4.41549,-116429,-1,3.17429e-10,1,0
0.00227497,-0.26462,-0.030921,-0.528528,4.41507,-116318,-1,1.93357e-10,1,0
0.00227535,-0.264502,-0.0313191,-0.528751,4.41508,-116247,-1,1.93357e-10,1,0
0.00227624,-0.26449,-0.0322705,-0.529252,4.41542,-116196,-1,5.27098e-10,1,0
0.00227705,-0.264678,-0.031515,-0.529352,4.41526,-116237,-1,3.59639e-11,1,0
0.00227747,-0.264731,-0.031016,-0.529487,4.41526,-116239,-1,3.59639e-11,1,0
0.00227804,-0.264735,-0.0305016,-0.529437,4.41611,-116212,-1,1.91209e-10,1,0
0.00227887,-0.26425,-0.0298678,-0.529754,4.41653,-115957,-1,7.55219e-10,1,0
0.00227991,-0.263945,-0.0299562,-0.529067,4.41967,-115770,-1,3.58403e-10,1,0
0.00228137,-0.263286,-0.0313374,-0.528743,4.42039,-115407,-1,1.09056e-09,1,0
0.00228171,-0.263552,-0.0314887,-0.529039,4.42037,-115506,-1,1.09056e-09,1,0
0.0022826,-0.264241,-0.0318809,-0.529807,4.42034,-115763,-1,1.09056e-09,1,0
0.00228291,-0.264146,-0.0319003,-0.529556,4.42097,-115706,-1,1.79416e-10,1,0
0.00228378,-0.263711,-0.0311773,-0.529811,4.42057,-115471,-1,7.70454e-10,1,0
0.00228471,-0.263223,-0.031207,-0.530151,4.41959,-115211,-1,2.37107e-10,1,0
0.00228564,-0.263518,-0.0314132,-0.52957,4.41803,-115293,-1,5.43618e-10,1,0
0.00228689,-0.264128,-0.0313435,-0.529335,4.41771,-115497,-1,9.70692e-10,1,0
0.00228752,-0.263603,-0.0317169,-0.529802,4.41774,-115235,-1,9.70692e-10,1,0
0.00228873,-0.262851,-0.0322925,-0.530806,4.41935,-114846,-1,2.96433e-10,1,0
0.0022898,-0.262599,-0.0322072,-0.530218,4.41919,-114682,-1,3.71835e-10,1,0
0.00229031,-0.26256,-0.0324389,-0.530683,4.41826,-114640,-1,4.96578e-10,1,0
0.00229118,-0.262535,-0.0315248,-0.53044,4.41452,-114585,-1,1.30023e-10,1,0
0.00229156,-0.262841,-0.0317074,-0.530753,4.41451,-114700,-1,1.30023e-10,1,0
0.00229289,-0.263913,-0.0323451,-0.531849,4.41451,-115101,-1,2.13476e-09,1,0
0.00229368,-0.264594,-0.0329203,-0.532283,4.41447,-115358,-1,2.13476e-09,1,0
0.00229523,-0.266043,-0.0340176,-0.531873,4.41458,-115911,-1,1.25222e-09,1,0
0.0022963,-0.26706,-0.0347755,-0.531454,4.41453,-116300,-1,1.25222e-09,1,0
0.00229681,-0.267542,-0.0351351,-0.531255,4.41457,-116484,-1,3.63737e-09,1,0
0.00229794,-0.266836,-0.0352089,-0.531681,4.41283,-116120,-1,3.13815e-10,1,0
0.00229871,-0.267208,-0.0353594,-0.532127,4.41088,-116242,-1,3.78603e-10,1,0
0.00229896,-0.26749,-0.0354112,-0.532122,4.41158,-116353,-1,1.16491e-10,1,0
0.0023001,-0.268764,-0.0349202,-0.532531,4.41152,-116849,-1,1.16491e-10,1,0
0.0023007,-0.269408,-0.0346766,-0.532765,4.41172,-117098,-1,3.03958e-11,1,0
0.00230189,-0.269088,-0.0358727,-0.532661,4.4105,-116899,-1,1.1033e-09,1,0
0.00230347,-0.270417,-0.0370691,-0.532216,4.4113,-117396,-1,1.48162e-09,1,0
0.00230387,-0.270211,-0.0369836,-0.531924,4.41194,-117286,-1,3.66948e-10,1,0
0.00230419,-0.270193,-0.0370224,-0.53199,4.41122,-117262,-1,2.1711e-10,1,0
0.00230438,-0.270062,-0.0370369,-0.531817,4.41256,-117195,-1,4.83316e-11,1,0
0.00230512,-0.269664,-0.037229,-0.531638,4.41314,-116985,-1,7.91838e-10,1,0
0.00230583,-0.269772,-0.0378269,-0.532277,4.41233,-116996,-1,1.20264e-09,1,0
0.00230697,-0.269253,-0.037007,-0.53333,4.41235,-116712,-1,1.20264e-09,1,0
0.00230718,-0.269208,-0.0369002,-0.533536,4.41092,-116683,-1,8.96015e-11,1,0
0.00230787,-0.269327,-0.0364063,-0.533813,4.41189,-116699,-1,2.68435e-10,1,0
0.00230862,-0.270091,-0.0359007,-0.533973,4.41233,-116993,-1,9.30478e-10,1,0
0.00230966,-0.271181,-0.0362802,-0.533377,4.41228,-117412,-1,9.30478e-10,1,0
0.00231016,-0.271676,-0.0365504,-0.533292,4.41412,-117600,-1,2.69313e-10,1,0
0.00231123,-0.271309,-0.0372465,-0.534202,4.41458,-117387,-1,5.65462e-10,1,0
0.00231204,-0.270963,-0.0374845,-0.535124,4.4146,-117196,-1,5.65462e-10,1,0
0.0023128,-0.271161,-0.0372787,-0.535308,4.41497,-117244,-1,2.21453e-09,1,0
0.00231381,-0.272024,-0.0365128,-0.534789,4.41493,-117565,-1,2.21453e-09,1,0
0.00231532,-0.270568,-0.0361567,-0.535353,4.41767,-116860,-1,1.71348e-09,1,0
0.00231588,-0.270371,-0.0358361,-0.535244,4.41785,-116746,-1,3.5796e-10,1,0
0.00231659,-0.269845,-0.0357094,-0.535465,4.41434,-116484,-1,7.66522e-10,1,0
0.00231765,-0.268814,-0.0361107,-0.535693,4.41243,-115985,-1,1.09846e-09,1,0
0.00231802,-0.268998,-0.035929,-0.535795,4.4143,-116047,-1,1.21129e-10,1,0
0.00231903,-0.268722,-0.0361819,-0.535058,4.41559,-115877,-1,4.12219e-10,1,0
0.00231991,-0.268723,-0.0355352,-0.534354,4.41336,-115833,-1,8.56079e-11,1,0
0.00232043,-0.26925,-0.0357179,-0.534388,4.41466,-116034,-1,5.6615e-10,1,0
0.00232076,-0.269398,-0.0355812,-0.534037,4.41465,-116082,-1,5.6615e-10,1,0
0.00232136,-0.269692,-0.0353318,-0.533872,4.41437,-116178,-1,8.74386e-10,1,0
0.00232169,-0.269864,-0.0352041,-0.534211,4.41436,-116236,-1,8.74386e-10,1,0
0.00232231,-0.269694,-0.0353646,-0.533842,4.41271,-116132,-1,8.56706e-10,1,0
0.00232372,-0.268988,-0.0359876,-0.532357,4.41227,-115757,-1,2.36458e-09,1,0
0.00232486,-0.268175,-0.0359387,-0.531464,4.41309,-115351,-1,6.65417e-10,1,0
0.00232624,-0.268186,-0.0343765,-0.530721,4.41327,-115287,-1,1.98454e-09,1,0
0.00232797,-0.269412,-0.0340477,-0.530003,4.41345,-115729,-1,1.18218e-09,1,0
0.00232835,-0.26967,-0.0338185,-0.529864,4.41559,-115820,-1,1.69364e-10,1,0
0.00232991,-0.269496,-0.0326793,-0.528474,4.41467,-115668,-1,9.45246e-10,1,0
0.00233176,-0.269259,-0.0323677,-0.527347,4.41484,-115475,-1,4.99386e-10,1,0
0.00233261,-0.269038,-0.0330346,-0.528129,4.41404,-115338,-1,1.02632e-09,1,0
0.00233346,-0.268826,-0.0325781,-0.528941,4.41469,-115205,-1,9.99687e-10,1,0
0.00233433,-0.269306,-0.0334954,-0.528603,4.41467,-115368,-1,9.99687e-10,1,0
0.00233524,-0.269805,-0.0344475,-0.528253,4.41464,-115536,-1,9.99687e-10,1,0
0.00233677,-0.268983,-0.0335769,-0.52896,4.41354,-115109,-1,2.54305e-09,1,0
0.00233711,-0.268743,-0.033296,-0.529163,4.41355,-114989,-1,2.54305e-09,1,0
0.00233861,-0.269096,-0.0339495,-0.529461,4.41394,-115066,-1,1.26913e-09,1,0
0.00233984,-0.26895,-0.0339823,-0.528391,4.41276,-114944,-1,3.46839e-10,1,0
0.00234077,-0.269477,-0.0344982,-0.528226,4.4139,-115123,-1,2.03235e-10,1,0
0.00234149,-0.269969,-0.0348067,-0.527759,4.41381,-115298,-1,5.31901e-11,1,0
0.0023419,-0.27005,-0.0351833,-0.527425,4.41425,-115312,-1,3.08069e-12,1,0
0.00234267,-0.270204,-0.0358927,-0.526798,4.41425,-115340,-1,3.08069e-12,1,0
0.00234373,-0.270444,-0.036621,-0.526231,4.41558,-115391,-1,2.584e-09,1,0
0.0023456,-0.270609,-0.0367175,-0.526075,4.41483,-115369,-1,1.29791e-09,1,0
0.00234612,-0.270524,-0.0370482,-0.52553,4.41483,-115307,-1,1.29791e-09,1,0
0.00234652,-0.270458,-0.0373065,-0.525104,4.41,-115259,-1,2.38716e-09,1,0
0.00234712,-0.271063,-0.037285,-0.525544,4.40735,-115487,-1,7.47313e-10,1,0
0.00234723,-0.271052,-0.0372907,-0.525563,4.40613,-115477,-1,6.67002e-11,1,0
0.00234784,-0.270988,-0.0370041,-0.524908,4.4057,-115420,-1,3.11441e-10,1,0
0.0023492,-0.271076,-0.0366895,-0.523251,4.40494,-115391,-1,8.94676e-11,1,0
0.00234978,-0.270993,-0.0363945,-0.523418,4.40156,-115327,-1,4.59547e-10,1,0
0.00235024,-0.270843,-0.0369306,-0.523257,4.40085,-115240,-1,5.79356e-10,1,0
0.00235105,-0.27061,-0.0371763,-0.522456,4.4009,-115102,-1,8.07607e-10,1,0
0.0023515,-0.270605,-0.0366338,-0.522544,4.40407,-115078,-1,5.49685e-10,1,0
0.0023525,-0.270553,-0.0377315,-0.523127,4.40342,-115007,-1,1.24285e-09,1,0
0.00235414,-0.270978,-0.0377767,-0.524997,4.40402,-115107,-1,1.4215e-09,1,0
0.00235502,-0.271624,-0.0382297,-0.525111,4.4021,-115338,-1,9.17708e-12,1,0
0.00235512,-0.271597,-0.0382929,-0.525106,4.39991,-115322,-1,3.59335e-11,1,0
0.00235624,-0.272178,-0.038092,-0.525302,4.39845,-115514,-1,2.5853e-10,1,0
0.00235713,-0.272041,-0.0382711,-0.524939,4.39648,-115412,-1,6.85463e-10,1,0
0.00235749,-0.272398,-0.0381864,-0.525107,4.39864,-115546,-1,6.57504e-12,1,0
0.00235823,-0.272301,-0.0376169,-0.524856,4.40292,-115469,-1,7.23675e-10,1,0
0.00235889,-0.272944,-0.0377209,-0.52476,4.40161,-115709,-1,2.33451e-10,1,0
0.00235903,-0.272947,-0.0375743,-0.524693,4.40012,-115703,-1,1.03937e-10,1,0
0.00235943,-0.272604,-0.0374912,-0.524494,4.39964,-115538,-1,4.34685e-11,1,0
0.00236063,-0.271209,-0.0372619,-0.523993,4.39866,-114888,-1,1.88206e-09,1,0
0.00236172,-0.27026,-0.0380388,-0.523831,4.39725,-114434,-1,1.88234e-10,1,0
0.00236215,-0.270062,-0.0383367,-0.523996,4.39495,-114329,-1,2.209e-10,1,0
0.00236315,-0.269743,-0.0390034,-0.524643,4.39352,-114145,-1,3.75159e-10,1,0
0.00236351,-0.269706,-0.039402,-0.524841,4.39404,-114112,-1,1.31749e-09,1,0
0.00236389,-0.26937,-0.0393892,-0.524783,4.39324,-113952,-1,3.47856e-10,1,0
0.00236468,-0.268913,-0.0401825,-0.52458,4.3934,-113721,-1,2.04588e-10,1,0
0.00236495,-0.268902,-0.0405122,-0.524584,4.39224,-113703,-1,8.35021e-10,1,0
0.00236532,-0.269042,-0.0407571,-0.524626,4.39025,-113744,-1,1.10671e-10,1,0
0.00236647,-0.269566,-0.0408319,-0.523448,4.39214,-113911,-1,5.66425e-11,1,0
0.00236654,-0.269539,-0.0408792,-0.523492,4.39412,-113896,-1,9.51442e-12,1,0
0.00236717,-0.26944,-0.0412796,-0.523583,4.3949,-113824,-1,5.50067e-10,1,0
0.00236798,-0.269522,-0.0409181,-0.524182,4.39172,-113819,-1,8.18684e-10,1,0
0.00236817,-0.269516,-0.0408458,-0.524332,4.38811,-113808,-1,4.81999e-11,1,0
0.00236875,-0.269691,-0.0406586,-0.524418,4.38869,-113854,-1,8.34011e-11,1,0
0.00237004,-0.271014,-0.0401615,-0.523658,4.39047,-114350,-1,1.60419e-09,1,0
0.00237147,-0.27209,-0.0412339,-0.524587,4.39323,-114735,-1,1.78107e-09,1,0
0.00237217,-0.272422,-0.0408677,-0.524184,4.39008,-114841,-1,1.39464e-10,1,0
0.00237279,-0.272298,-0.0404459,-0.523538,4.39009,-114758,-1,1.39464e-10,1,0
0.00237318,-0.272546,-0.0402088,-0.523323,4.38995,-114844,-1,9.31091e-10,1,0
0.00237397,-0.273294,-0.0397338,-0.523072,4.38854,-115121,-1,1.26664e-09,1,0
0.00237418,-0.273358,-0.039739,-0.523117,4.38842,-115138,-1,1.60748e-10,1,0
0.00237498,-0.273374,-0.0388077,-0.523456,4.3884,-115106,-1,9.91308e-10,1,0
0.00237569,-0.273129,-0.0395687,-0.523167,4.38946,-114969,-1,7.39451e-11,1,0
0.00237709,-0.27256,-0.041138,-0.522669,4.38949,-114662,-1,7.39451e-11,1,0
0.0023779,-0.27223,-0.0420483,-0.522381,4.3895,-114484,-1,7.39451e-11,1,0
0.00237843,-0.271948,-0.0425518,-0.522213,4.38626,-114339,-1,2.33387e-11,1,0
0.00238006,-0.271368,-0.0406407,-0.522591,4.38659,-114017,-1,2.0326e-09,1,0
0.002381,-0.270818,-0.0398206,-0.523155,4.38521,-113742,-1,9.62505e-10,1,0
0.00238163,-0.270188,-0.0393917,-0.523373,4.38525,-113447,-1,9.62505e-10,1,0
0.00238279,-0.269048,-0.0386161,-0.523768,4.38454,-112913,-1,2.42198e-09,1,0
0.00238437,-0.269708,-0.0404562,-0.523921,4.38543,-113115,-1,1.96086e-09,1,0
0.00238571,-0.271126,-0.0397094,-0.523867,4.38569,-113646,-1,7.82254e-11,1,0
0.00238756,-0.272159,-0.039196,-0.52507,4.38641,-113991,-1,1.02568e-10,1,0
0.00238882,-0.272367,-0.0392082,-0.525639,4.38655,-114017,-1,2.95944e-10,1,0
0.00238999,-0.273124,-0.0387559,-0.524857,4.38612,-114278,-1,1.21409e-09,1,0
0.00239103,-0.2738,-0.0381469,-0.525532,4.38558,-114511,-1,5.82638e-10,1,0
0.0023917,-0.274209,-0.0381942,-0.525322,4.3845,-114650,-1,2.38129e-10,1,0
0.00239354,-0.27385,-0.0378031,-0.525156,4.38453,-114412,-1,1.0679e-09,1,0
0.00239388,-0.273817,-0.03777,-0.52533,4.3873,-114382,-1,2.52955e-10,1,0
0.00239439,-0.273435,-0.0380743,-0.52547,4.39001,-114199,-1,1.42919e-10,1,0
0.00239531,-0.27245,-0.0383121,-0.524929,4.39006,-113743,-1,1.42919e-10,1,0
0.00239668,-0.270991,-0.0386639,-0.524129,4.39013,-113070,-1,1.42919e-10,1,0
0.00239768,-0.270112,-0.0386584,-0.523465,4.38814,-112656,-1,3.11695e-10,1,0
0.00239843,-0.270121,-0.0392747,-0.524176,4.38805,-112624,-1,9.40828e-10,1,0
0.0023996,-0.270481,-0.0378681,-0.524184,4.38803,-112719,-1,9.40828e-10,1,0
0.00240095,-0.270583,-0.0377899,-0.524883,4.39143,-112698,-1,9.41307e-10,1,0
0.00240121,-0.270742,-0.0379606,-0.524662,4.39033,-112752,-1,6.62334e-11,1,0
0.0024024,-0.269973,-0.0372144,-0.525064,4.38835,-112377,-1,1.14792e-09,1,0
0.00240337,-0.270559,-0.0367344,-0.525419,4.39028,-112575,-1,7.61783e-10,1,0
0.00240468,-0.271542,-0.0364491,-0.526689,4.38954,-112922,-1,2.40234e-09,1,0
0.00240585,-0.27089,-0.0363168,-0.526758,4.38972,-112596,-1,7.44121e-10,1,0
0.00240702,-0.27135,-0.0366486,-0.527676,4.3891,-112733,-1,9.66259e-10,1,0
0.00240795,-0.27194,-0.0367915,-0.528647,4.38907,-112934,-1,9.66259e-10,1,0
0.00240915,-0.272709,-0.0369777,-0.529912,4.38903,-113197,-1,9.66259e-10,1,0
0.00240963,-0.272987,-0.0371604,-0.530372,4.38992,-113290,-1,4.28075e-09,1,0
0.00241045,-0.273326,-0.0377132,-0.53099,4.38921,-113392,-1,2.45555e-10,1,0
0.00241115,-0.273231,-0.0377564,-0.531774,4.38798,-113320,-1,3.28399e-10,1,0
0.00241221,-0.273751,-0.0369748,-0.530836,4.38789,-113485,-1,5.20108e-10,1,0
0.00241342,-0.274011,-0.0375063,-0.529531,4.38817,-113536,-1,9.34904e-10,1,0
0.00241431,-0.273834,-0.0378634,-0.528659,4.38758,-113422,-1,4.07969e-10,1,0
0.00241478,-0.273347,-0.0378497,-0.528694,4.3881,-113197,-1,5.27725e-10,1,0
0.00241598,-0.2735,-0.0384672,-0.52924,4.38827,-113205,-1,1.09829e-09,1,0
0.00241643,-0.273113,-0.038074,-0.529187,4.38829,-113023,-1,1.09829e-09,1,0
0.002417,-0.272616,-0.0375696,-0.529119,4.38831,-112791,-1,1.09829e-09,1,0
0.0024177,-0.272425,-0.0373479,-0.528516,4.3828,-112679,-1,5.74719e-10,1,0
0.00241913,-0.272034,-0.0377691,-0.529824,4.38323,-112451,-1,7.42701e-10,1,0
0.00241959,-0.272015,-0.0381425,-0.530076,4.38003,-112422,-1,1.62416e-10,1,0
0.00242054,-0.271352,-0.0374407,-0.530774,4.38006,-112104,-1,1.62416e-10,1,0
0.00242073,-0.27125,-0.037352,-0.530883,4.37633,-112053,-1,1.4136e-11,1,0
0.00242122,-0.271622,-0.0378185,-0.530961,4.37631,-112184,-1,1.4136e-11,1,0
0.00242209,-0.272292,-0.0386579,-0.531102,4.37627,-112420,-1,1.4136e-11,1,0
0.00242268,-0.272564,-0.0393121,-0.531117,4.37609,-112505,-1,3.94566e-10,1,0
0.00242314,-0.272549,-0.0397595,-0.53081,4.37599,-112478,-1,4.18777e-10,1,0
0.00242453,-0.273341,-0.0397859,-0.530669,4.37639,-112740,-1,1.01913e-09,1,0
0.00242578,-0.274146,-0.0384878,-0.530969,4.37635,-113013,-1,1.01913e-09,1,0
0.00242596,-0.274261,-0.0383014,-0.531012,4.37635,-113053,-1,1.01913e-09,1,0
0.00242692,-0.274743,-0.03895,-0.531153,4.38112,-113206,-1,8.19265e-10,1,0
0.00242835,-0.275233,-0.0376307,-0.531826,4.38003,-113341,-1,4.78877e-10,1,0
0.00242865,-0.275208,-0.0372724,-0.53192,4.38077,-113317,-1,5.72568e-10,1,0
0.00243013,-0.275909,-0.0383128,-0.532373,4.37654,-113537,-1,2.61332e-10,1,0
0.00243131,-0.276615,-0.0374763,-0.531953,4.3759,-113772,-1,8.57784e-10,1,0
0.00243237,-0.276435,-0.0365089,-0.531675,4.37798,-113648,-1,1.62032e-10,1,0
0.00243369,-0.276659,-0.035945,-0.53319,4.37898,-113679,-1,1.6321e-09,1,0
0.00243454,-0.276354,-0.0349814,-0.533043,4.37834,-113514,-1,9.91254e-10,1,0
0.00243577,-0.276718,-0.0347294,-0.532808,4.37851,-113606,-1,4.66273e-10,1,0
0.00243692,-0.27635,-0.0357322,-0.532307,4.37509,-113402,-1,1.22509e-09,1,0
0.00243772,-0.276509,-0.0358238,-0.532986,4.37654,-113429,-1,3.9525e-10,1,0
0.00243867,-0.277008,-0.0360487,-0.533857,4.37358,-113590,-1,3.69935e-12,1,0
0.00244038,-0.277082,-0.0339856,-0.533456,4.37252,-113541,-1,2.36247e-11,1,0
0.00244151,-0.277303,-0.0328739,-0.533596,4.37351,-113578,-1,2.59224e-10,1,0
0.00244159,-0.277389,-0.0328454,-0.533649,4.3735,-113610,-1,2.59224e-10,1,0
0.00244231,-0.277467,-0.0329062,-0.533124,4.37342,-113609,-1,1.16863e-10,1,0
0.00244362,-0.277274,-0.0320927,-0.534511,4.3712,-113469,-1,1.61902e-09,1,0
0.00244467,-0.277718,-0.0319799,-0.535358,4.37126,-113601,-1,1.11805e-09,1,0
0.00244548,-0.27745,-0.0325468,-0.535924,4.36936,-113454,-1,8.9843e-10,1,0
0.00244649,-0.278006,-0.0326264,-0.536012,4.37128,-113634,-1,6.57424e-10,1,0
0.0024472,-0.277793,-0.0319486,-0.535635,4.37288,-113514,-1,8.33836e-11,1,0
0.00244914,-0.277237,-0.0300297,-0.534295,4.37291,-113198,-1,8.33836e-11,1,0
0.00245079,-0.275996,-0.0294521,-0.534909,4.37217,-112615,-1,1.11815e-09,1,0
0.00245198,-0.274941,-0.0299181,-0.535828,4.37222,-112130,-1,1.11815e-09,1,0
0.00245289,-0.274131,-0.0302764,-0.536534,4.37446,-111758,-1,2.98329e-09,1,0
0.00245377,-0.273659,-0.0297304,-0.536043,4.37485,-111526,-1,9.17789e-10,1,0
0.00245455,-0.27426,-0.0291729,-0.536568,4.37474,-111736,-1,1.11654e-09,1,0
0.0024561,-0.275274,-0.0282115,-0.536242,4.37188,-112078,-1,1.23101e-09,1,0
0.00245734,-0.275999,-0.0287945,-0.537464,4.37177,-112316,-1,1.53595e-09,1,0
0.00245778,-0.27616,-0.029245,-0.537725,4.36959,-112361,-1,5.45096e-10,1,0
0.00245873,-0.275143,-0.0297895,-0.537489,4.36964,-111905,-1,5.45096e-10,1,0
0.00245911,-0.275418,-0.0298766,-0.5376,4.36885,-111999,-1,6.38075e-12,1,0
0.00246019,-0.275175,-0.0287282,-0.536947,4.36887,-111851,-1,6.38075e-12,1,0
0.00246139,-0.274906,-0.0274574,-0.536224,4.36888,-111687,-1,6.38075e-12,1,0
0.00246195,-0.274825,-0.0273118,-0.535952,4.3722,-111629,-1,3.81042e-10,1,0
0.00246317,-0.275421,-0.0280686,-0.537119,4.37021,-111815,-1,1.69108e-09,1,0
0.0024645,-0.275305,-0.0265763,-0.536753,4.37102,-111708,-1,1.4271e-09,1,0
0.00246597,-0.274891,-0.0271864,-0.536032,4.37082,-111474,-1,9.2271e-10,1,0
0.0024663,-0.275028,-0.0271988,-0.536368,4.37212,-111514,-1,3.54501e-10,1,0
0.00246702,-0.274996,-0.0271467,-0.53726,4.37247,-111469,-1,1.09673e-09,1,0
0.00246801,-0.273952,-0.0269452,-0.536926,4.37228,-111001,-1,8.9259e-10,1,0
0.00246909,-0.27328,-0.0275052,-0.536473,4.36928,-110681,-1,2.1777e-10,1,0
0.00247049,-0.271818,-0.0282864,-0.536996,4.36935,-110026,-1,2.1777e-10,1,0
0.00247172,-0.270534,-0.0289723,-0.537455,4.36889,-109452,-1,3.2649e-09,1,0
0.00247261,-0.271281,-0.028725,-0.53694,4.36568,-109715,-1,4.15261e-11,1,0
0.00247354,-0.271612,-0.0291653,-0.536067,4.36831,-109807,-1,2.18463e-10,1,0
0.00247413,-0.271473,-0.0297465,-0.536317,4.36996,-109725,-1,1.02776e-10,1,0
0.00247559,-0.27158,-0.0301729,-0.537244,4.37206,-109703,-1,1.75147e-09,1,0
0.00247684,-0.272335,-0.0290538,-0.538005,4.37202,-109953,-1,1.75147e-09,1,0
0.00247794,-0.272369,-0.0289928,-0.538311,4.37064,-109917,-1,6.04145e-10,1,0
0.00247869,-0.272689,-0.0286688,-0.538958,4.36997,-110013,-1,4.54614e-10,1,0
0.00247882,-0.27282,-0.0286142,-0.539035,4.36996,-110060,-1,4.54614e-10,1,0
0.00247986,-0.272229,-0.0291225,-0.539194,4.37141,-109776,-1,1.01385e-09,1,0
0.00248157,-0.272871,-0.0292827,-0.539905,4.36962,-109959,-1,9.27463e-10,1,0
0.00248326,-0.272379,-0.0300279,-0.541803,4.36964,-109686,-1,9.27463e-10,1,0
0.00248412,-0.272114,-0.0304497,-0.542533,4.36913,-109541,-1,4.13605e-09,1,0
0.00248481,-0.271659,-0.0308412,-0.542409,4.37194,-109328,-1,6.28027e-10,1,0
0.0024851,-0.271486,-0.0308855,-0.542595,4.37562,-109246,-1,8.78324e-11,1,0
0.00248628,-0.271596,-0.0304401,-0.542097,4.37646,-109238,-1,9.92567e-10,1,0
0.00248658,-0.27159,-0.0304121,-0.542404,4.376,-109222,-1,6.83585e-11,1,0
0.00248709,-0.271998,-0.0308642,-0.542614,4.37598,-109364,-1,6.83585e-11,1,0
0.00248757,-0.272372,-0.0312785,-0.542807,4.37596,-109493,-1,6.83585e-11,1,0
0.0024887,-0.273119,-0.0317075,-0.542898,4.37512,-109744,-1,2.25448e-09,1,0
0.00248983,-0.272288,-0.0319612,-0.542007,4.3752,-109360,-1,1.23516e-09,1,0
0.00249113,-0.271013,-0.0311772,-0.541413,4.37439,-108791,-1,1.61002e-09,1,0
0.00249294,-0.271783,-0.03062,-0.539388,4.37443,-109021,-1,2.23637e-09,1,0
0.00249373,-0.271732,-0.0307954,-0.538997,4.37305,-108966,-1,2.56319e-10,1,0
0.00249442,-0.271661,-0.0308063,-0.538137,4.3736,-108907,-1,1.37452e-09,1,0
0.00249539,-0.2721,-0.0302047,-0.538073,4.37323,-109041,-1,9.4278e-10,1,0
0.00249667,-0.270547,-0.0304149,-0.5383,4.37278,-108363,-1,1.83873e-09,1,0
0.00249701,-0.270443,-0.0304024,-0.538691,4.37276,-108307,-1,2.39662e-10,1,0
0.00249861,-0.270365,-0.0312643,-0.540269,4.37705,-108206,-1,5.72646e-10,1,0
0.00249953,-0.270247,-0.0310528,-0.539533,4.37589,-108119,-1,6.0076e-10,1,0
0.00250039,-0.270693,-0.0307271,-0.539525,4.37451,-108261,-1,4.57884e-10,1,0
0.00250123,-0.270802,-0.0310018,-0.539635,4.37301,-108268,-1,2.16159e-10,1,0
0.00250175,-0.270894,-0.0309305,-0.539464,4.37398,-108282,-1,2.43069e-10,1,0
0.00250282,-0.270737,-0.0318786,-0.539084,4.37386,-108173,-1,3.17318e-10,1,0
0.00250348,-0.270723,-0.0323907,-0.5393,4.37115,-108138,-1,4.0453e-10,1,0
0.00250466,-0.271834,-0.031611,-0.538909,4.37134,-108531,-1,1.11821e-09,1,0
0.00250515,-0.271747,-0.0310168,-0.538949,4.37135,-108475,-1,1.11821e-09,1,0
0.00250636,-0.27153,-0.0295372,-0.539049,4.37136,-108337,-1,1.11821e-09,1,0
0.00250666,-0.271555,-0.0293173,-0.538989,4.36895,-108334,-1,1.10403e-10,1,0
0.00250795,-0.271634,-0.0295581,-0.540573,4.36895,-108309,-1,1.10403e-10,1,0
0.00250844,-0.272011,-0.0295789,-0.540545,4.37047,-108438,-1,1.78438e-09,1,0
0.00250921,-0.27258,-0.0291464,-0.540661,4.36994,-108632,-1,6.71648e-10,1,0
0.00250982,-0.272197,-0.0291063,-0.540313,4.37298,-108453,-1,3.58051e-10,1,0
0.00251099,-0.272611,-0.0287318,-0.539197,4.37495,-108567,-1,2.54897e-10,1,0
0.00251125,-0.272803,-0.0287243,-0.539012,4.37488,-108632,-1,5.26032e-11,1,0
0.00251268,-0.273939,-0.0283676,-0.537691,4.37483,-109023,-1,5.26032e-11,1,0
0.00251369,-0.274741,-0.0281156,-0.536757,4.37473,-109298,-1,3.30108e-09,1,0
0.00251434,-0.27432,-0.0281476,-0.537046,4.37309,-109102,-1,3.17153e-10,1,0
0.00251521,-0.274728,-0.0278171,-0.536837,4.37195,-109227,-1,5.1109e-10,1,0
0.0025163,-0.27511,-0.0278313,-0.537961,4.37038,-109331,-1,7.13477e-10,1,0
0.00251836,-0.276578,-0.0273981,-0.54001,4.37031,-109825,-1,7.13477e-10,1,0
0.00251869,-0.276467,-0.0273489,-0.540111,4.37251,-109766,-1,1.86058e-10,1,0
0.00251893,-0.276488,-0.0275818,-0.540302,4.37266,-109764,-1,3.01982e-10,1,0
0.00251899,-0.276498,-0.0275355,-0.540368,4.37266,-109765,-1,3.01982e-10,1,0
0.00252038,-0.276705,-0.0265528,-0.541769,4.37265,-109787,-1,3.01982e-10,1,0
0.00252161,-0.277197,-0.0258245,-0.542656,4.37396,-109929,-1,2.96642e-09,1,0
0.0025222,-0.277323,-0.0253692,-0.54269,4.37142,-109953,-1,1.44904e-10,1,0
0.00252303,-0.276834,-0.0256129,-0.542859,4.37412,-109723,-1,6.98269e-10,1,0
0.0025242,-0.276026,-0.0257134,-0.542964,4.37251,-109352,-1,3.30816e-10,1,0
0.00252533,-0.275913,-0.0257555,-0.542321,4.37001,-109258,-1,7.19933e-10,1,0
0.00252567,-0.27605,-0.0253947,-0.542313,4.37132,-109298,-1,3.25718e-10,1,0
0.00252593,-0.276365,-0.0254119,-0.54225,4.37131,-109412,-1,3.25718e-10,1,0
0.00252721,-0.276883,-0.0247924,-0.541639,4.37026,-109561,-1,1.07811e-09,1,0
0.00252766,-0.276736,-0.0243552,-0.541332,4.37259,-109483,-1,1.3905e-09,1,0
0.00252876,-0.276721,-0.0240594,-0.540613,4.37588,-109429,-1,5.33581e-10,1,0
0.00252892,-0.276784,-0.0240596,-0.540654,4.37588,-109448,-1,5.41351e-11,1,0
0.00252954,-0.27643,-0.0246331,-0.540808,4.37597,-109281,-1,3.3005e-10,1,0
0.00253011,-0.27626,-0.0245648,-0.54126,4.37613,-109189,-1,1.25994e-10,1,0
0.00253082,-0.275898,-0.0253257,-0.541119,4.37706,-109015,-1,8.33442e-10,1,0
0.0025313,-0.275869,-0.025167,-0.541318,4.37637,-108983,-1,2.75178e-10,1,0
0.00253228,-0.276424,-0.0240923,-0.541443,4.37634,-109160,-1,2.75178e-10,1,0
0.00253277,-0.276682,-0.0238439,-0.541052,4.37791,-109241,-1,1.68764e-09,1,0
0.00253306,-0.276842,-0.0237082,-0.541333,4.3779,-109292,-1,3.51651e-10,1,0
0.00253398,-0.276498,-0.0244907,-0.540924,4.37503,-109116,-1,9.20948e-10,1,0
0.0025343,-0.276896,-0.0244756,-0.540831,4.37313,-109259,-1,4.08755e-10,1,0
0.00253524,-0.276878,-0.0234866,-0.540894,4.37113,-109212,-1,1.15695e-10,1,0
0.00253607,-0.277853,-0.0231813,-0.541063,4.37108,-109560,-1,1.15695e-10,1,0
0.00253631,-0.278133,-0.0230937,-0.541112,4.3716,-109660,-1,1.33279e-09,1,0
0.00253692,-0.277856,-0.0227029,-0.541689,4.37042,-109525,-1,3.65142e-10,1,0
0.00253753,-0.277255,-0.0224287,-0.541342,4.37045,-109262,-1,3.65142e-10,1,0
0.00253864,-0.276109,-0.0225373,-0.542085,4.37145,-108763,-1,1.36354e-09,1,0
0.00253939,-0.27623,-0.0227009,-0.541422,4.37452,-108778,-1,7.04393e-10,1,0
0.00254055,-0.275787,-0.0234162,-0.542374,4.37578,-108554,-1,1.11845e-09,1,0
0.00254093,-0.276016,-0.023813,-0.542328,4.37551,-108628,-1,4.31793e-10,1,0
0.00254149,-0.275375,-0.0238954,-0.542151,4.37326,-108352,-1,6.56835e-10,1,0
0.00254212,-0.275713,-0.0245307,-0.542432,4.37357,-108458,-1,7.72707e-10,1,0
0.0025426,-0.27601,-0.0241748,-0.542554,4.37273,-108555,-1,3.80124e-10,1,0
0.00254386,-0.27748,-0.0238392,-0.542992,4.37266,-109078,-1,3.80124e-10,1,0
0.00254499,-0.278786,-0.0235408,-0.543382,4.37259,-109543,-1,3.80124e-10,1,0
0.00254607,-0.279156,-0.0235436,-0.543839,4.36973,-109642,-1,5.05377e-10,1,0
0.00254661,-0.278906,-0.0231714,-0.544227,4.37041,-109520,-1,3.23002e-10,1,0
0.00254722,-0.279384,-0.0237454,-0.544277,4.37039,-109682,-1,3.23002e-10,1,0
0.00254858,-0.280555,-0.0242721,-0.544304,4.36806,-110083,-1,5.67093e-10,1,0
0.00254884,-0.280322,-0.0244406,-0.544153,4.36686,-109980,-1,3.25618e-10,1,0
0.00254957,-0.280465,-0.024849,-0.544745,4.36642,-110005,-1,4.10625e-10,1,0
0.00254998,-0.280281,-0.025118,-0.545146,4.36608,-109915,-1,1.00564e-09,1,0
0.0025504,-0.280113,-0.0254737,-0.544845,4.36616,-109831,-1,3.50894e-10,1,0
0.00255057,-0.280098,-0.0255966,-0.544778,4.36821,-109818,-1,4.06033e-11,1,0
0.00255139,-0.279671,-0.0258765,-0.544984,4.36459,-109615,-1,2.79557e-10,1,0
0.00255163,-0.279903,-0.026017,-0.544907,4.36953,-109696,-1,2.8775e-10,1,0
0.00255189,-0.279743,-0.0262621,-0.544844,4.36924,-109622,-1,3.10015e-10,1,0
0.00255315,-0.27862,-0.0267305,-0.54557,4.36923,-109128,-1,1.02026e-10,1,0
0.00255341,-0.278407,-0.0268296,-0.545634,4.37089,-109033,-1,1.29648e-10,1,0
0.00255378,-0.278409,-0.0267467,-0.545988,4.36831,-109018,-1,3.24116e-10,1,0
0.00255505,-0.278701,-0.0273881,-0.545244,4.36883,-109079,-1,1.11827e-09,1,0
0.00255609,-0.279094,-0.0269448,-0.545342,4.3688,-109188,-1,6.61987e-10,1,0
0.00255727,-0.278262,-0.0257699,-0.545514,4.36911,-108812,-1,6.31958e-10,1,0
0.00255765,-0.278154,-0.0256009,-0.545493,4.36979,-108754,-1,1.65428e-11,1,0
0.00255917,-0.279537,-0.0261457,-0.546651,4.36788,-109230,-1,1.88414e-09,1,0
0.00256009,-0.279868,-0.0263281,-0.54612,4.36811,-109320,-1,2.99818e-10,1,0
0.0025604,-0.280163,-0.0264719,-0.546314,4.36711,-109421,-1,3.80942e-10,1,0
0.00256099,-0.280612,-0.0258994,-0.546316,4.36708,-109572,-1,3.80942e-10,1,0
0.00256131,-0.280857,-0.025586,-0.546318,4.36707,-109654,-1,3.80942e-10,1,0
0.00256218,-0.281504,-0.0247368,-0.546362,4.36628,-109869,-1,6.60886e-11,1,0
0.00256338,-0.280873,-0.0237576,-0.546032,4.36653,-109571,-1,4.98159e-10,1,0
0.00256372,-0.281115,-0.0236454,-0.546186,4.3676,-109651,-1,8.06478e-11,1,0
0.00256416,-0.281379,-0.0237819,-0.54611,4.36486,-109735,-1,3.32048e-10,1,0
0.00256489,-0.280991,-0.0245747,-0.546118,4.36635,-109553,-1,8.16507e-10,1,0
0.00256584,-0.281217,-0.0256768,-0.545794,4.36812,-109601,-1,1.26088e-09,1,0
0.00256716,-0.282352,-0.0254759,-0.544819,4.36683,-109986,-1,1.02012e-09,1,0
0.00256794,-0.281866,-0.0254437,-0.545665,4.36686,-109763,-1,1.02012e-09,1,0
0.00256861,-0.281591,-0.0255018,-0.546049,4.36447,-109628,-1,1.61491e-09,1,0
0.0025694,-0.281414,-0.0257673,-0.545512,4.36286,-109525,-1,3.25531e-10,1,0
0.00257104,-0.28118,-0.0253686,-0.543927,4.36446,-109364,-1,1.28698e-09,1,0
0.00257158,-0.280861,-0.0256909,-0.543431,4.3643,-109217,-1,1.419e-09,1,0
0.00257265,-0.281083,-0.0262481,-0.542259,4.36429,-109258,-1,1.419e-09,1,0
0.00257371,-0.281306,-0.0268066,-0.541084,4.36444,-109300,-1,2.63644e-09,1,0
0.00257428,-0.281388,-0.0269162,-0.540651,4.36835,-109308,-1,5.41546e-10,1,0
0.00257557,-0.281789,-0.026302,-0.540823,4.36499,-109409,-1,4.6765e-11,1,0
0.00257597,-0.28154,-0.0258858,-0.540686,4.36747,-109295,-1,5.04031e-10,1,0
0.00257662,-0.282164,-0.0263436,-0.540459,4.36744,-109509,-1,5.04031e-10,1,0
0.00257758,-0.281671,-0.0254335,-0.540155,4.36965,-109277,-1,8.68077e-10,1,0
0.00257855,-0.281364,-0.024595,-0.539872,4.36862,-109117,-1,4.99273e-11,1,0
0.00257982,-0.280561,-0.024466,-0.540306,4.36911,-108752,-1,1.11802e-09,1,0
0.00258109,-0.281976,-0.0238206,-0.540499,4.36919,-109247,-1,1.67029e-09,1,0
0.00258175,-0.281884,-0.0236988,-0.539695,4.37085,-109184,-1,8.17969e-10,1,0
0.00258219,-0.282322,-0.0237913,-0.540009,4.37045,-109335,-1,5.46444e-10,1,0
0.00258264,-0.282621,-0.0236706,-0.540471,4.36867,-109431,-1,5.63697e-10,1,0
0.00258292,-0.282389,-0.0235878,-0.540387,4.36684,-109330,-1,8.12568e-11,1,0
0.00258382,-0.281294,-0.0233968,-0.540227,4.3669,-108867,-1,8.12568e-11,1,0
0.00258499,-0.280657,-0.022177,-0.540303,4.36425,-108572,-1,1.11815e-09,1,0
0.0025858,-0.281067,-0.021831,-0.539991,4.36279,-108696,-1,3.86243e-10,1,0
0.00258654,-0.280476,-0.022422,-0.539633,4.36223,-108437,-1,9.0901e-10,1,0
0.0025867,-0.28056,-0.0224916,-0.539457,4.36223,-108462,-1,9.0901e-10,1,0
0.00258744,-0.280926,-0.0227976,-0.538685,4.36221,-108573,-1,9.0901e-10,1,0
0.00258787,-0.281088,-0.0227311,-0.538186,4.3622,-108618,-1,1.20391e-09,1,0
0.00258845,-0.281423,-0.02249,-0.537835,4.36122,-108722,-1,2.63576e-10,1,0
0.00258903,-0.281622,-0.0218473,-0.537988,4.36189,-108775,-1,4.17662e-10,1,0
0.00258924,-0.281603,-0.021929,-0.538129,4.36191,-108759,-1,1.9538e-10,1,0
0.00259063,-0.280579,-0.022978,-0.537275,4.36331,-108305,-1,1.69774e-09,1,0
0.00259149,-0.2811,-0.0222501,-0.537047,4.36312,-108470,-1,9.80827e-10,1,0
0.00259203,-0.281611,-0.0223885,-0.536904,4.36223,-108645,-1,5.56786e-10,1,0
0.00259219,-0.28163,-0.0224583,-0.536774,4.36097,-108646,-1,1.76865e-10,1,0
0.00259284,-0.281434,-0.0218267,-0.537117,4.36062,-108543,-1,4.23133e-10,1,0
0.00259379,-0.282383,-0.0224091,-0.537468,4.36109,-108869,-1,5.45465e-11,1,0
0.00259473,-0.282996,-0.0231702,-0.537908,4.36252,-109065,-1,4.91536e-10,1,0
0.00259633,-0.283988,-0.0237874,-0.539502,4.36247,-109381,-1,4.91536e-10,1,0
0.00259702,-0.284418,-0.0240551,-0.540193,4.36245,-109517,-1,4.91536e-10,1,0
0.00259752,-0.284731,-0.0242499,-0.540696,4.36239,-109616,-1,3.45648e-09,1,0
0.00259787,-0.284828,-0.0240583,-0.540954,4.36004,-109639,-1,3.12436e-10,1,0
0.00259853,-0.284516,-0.0238615,-0.540293,4.35902,-109491,-1,3.88746e-11,1,0
0.00259896,-0.284032,-0.0239335,-0.540095,4.35788,-109287,-1,5.27496e-10,1,0
0.00259939,-0.2842,-0.0234948,-0.539853,4.35783,-109333,-1,1.69253e-11,1,0
0.00259989,-0.284119,-0.0233132,-0.540373,4.35844,-109281,-1,4.04048e-10,1,0
0.0026015,-0.283855,-0.0224948,-0.538891,4.36354,-109112,-1,1.79511e-09,1,0
0.00260316,-0.283173,-0.0238463,-0.539185,4.36526,-108780,-1,5.53197e-10,1,0
0.00260432,-0.282221,-0.0249182,-0.539093,4.36533,-108366,-1,2.94899e-09,1,0
0.00260538,-0.281625,-0.0256836,-0.539984,4.36357,-108093,-1,1.3173e-09,1,0
0.00260678,-0.282049,-0.0267354,-0.538676,4.36244,-108198,-1,1.73118e-09,1,0
0.00260794,-0.282281,-0.0272851,-0.539626,4.36299,-108239,-1,5.09365e-10,1,0
0.00260887,-0.28144,-0.0275934,-0.539386,4.35978,-107878,-1,9.8568e-10,1,0
0.00260975,-0.280942,-0.0285297,-0.539623,4.3598,-107651,-1,9.8568e-10,1,0
0.00261015,-0.280705,-0.0289298,-0.539724,4.35957,-107544,-1,2.46163e-11,1,0
0.0026117,-0.280368,-0.0280882,-0.539899,4.3556,-107351,-1,1.11814e-09,1,0
0.00261256,-0.280357,-0.0288945,-0.540258,4.35885,-107311,-1,9.68959e-10,1,0
0.00261321,-0.279881,-0.0294611,-0.540599,4.35888,-107102,-1,9.68959e-10,1,0
0.00261413,-0.279083,-0.0295373,-0.541398,4.35877,-106759,-1,1.12197e-09,1,0
0.00261434,-0.279218,-0.0294469,-0.541317,4.35938,-106803,-1,1.5945e-10,1,0
0.00261489,-0.279015,-0.0298254,-0.540988,4.35704,-106702,-1,1.88501e-10,1,0
0.0026164,-0.279449,-0.0295982,-0.541492,4.3555,-106807,-1,1.11808e-09,1,0
0.00261779,-0.278611,-0.0284929,-0.542342,4.35346,-106430,-1,1.35672e-09,1,0
0.00261915,-0.278044,-0.0289498,-0.541207,4.35428,-106158,-1,6.58524e-10,1,0
0.00262051,-0.278133,-0.029695,-0.539691,4.35428,-106137,-1,6.58524e-10,1,0
0.00262167,-0.277279,-0.0295124,-0.539044,4.35315,-105764,-1,3.15322e-09,1,0
0.00262274,-0.276117,-0.0289872,-0.53877,4.35422,-105278,-1,8.58407e-11,1,0
0.00262321,-0.276426,-0.0287211,-0.539013,4.35546,-105377,-1,3.71257e-10,1,0
0.002624,-0.276694,-0.0291855,-0.538295,4.35635,-105448,-1,1.6975e-11,1,0
0.00262456,-0.276575,-0.0289424,-0.538117,4.35922,-105380,-1,2.90903e-10,1,0
0.00262538,-0.276373,-0.0292443,-0.537227,4.35928,-105270,-1,1.49258e-10,1,0
0.00262604,-0.276178,-0.0285252,-0.536988,4.35435,-105169,-1,7.62534e-10,1,0
0.00262702,-0.275916,-0.0288309,-0.538089,4.35394,-105030,-1,6.99165e-10,1,0
0.00262791,-0.275503,-0.0281996,-0.537932,4.3493,-104837,-1,6.66141e-11,1,0
0.00262918,-0.276102,-0.0278552,-0.538334,4.34868,-105015,-1,8.39869e-10,1,0
0.0026297,-0.276613,-0.0282419,-0.538257,4.34688,-105188,-1,1.08047e-09,1,0
0.00263009,-0.276741,-0.0280254,-0.53826,4.34687,-105221,-1,2.88866e-10,1,0
0.00263101,-0.27636,-0.027597,-0.537404,4.34612,-105040,-1,3.05923e-10,1,0
0.0026325,-0.277035,-0.0270753,-0.538302,4.34856,-105237,-1,7.91063e-10,1,0
0.00263368,-0.277994,-0.0265983,-0.538099,4.34681,-105553,-1,2.20338e-10,1,0
0.0026341,-0.277848,-0.0269541,-0.538449,4.34682,-105481,-1,2.20338e-10,1,0
0.00263512,-0.277103,-0.0273942,-0.538995,4.34642,-105157,-1,1.23458e-09,1,0
0.00263553,-0.276692,-0.0274165,-0.539015,4.34327,-104985,-1,9.85308e-10,1,0
0.00263606,-0.27717,-0.0272427,-0.538833,4.34021,-105145,-1,5.40756e-10,1,0
0.00263741,-0.277501,-0.0287314,-0.538388,4.3398,-105217,-1,6.56694e-10,1,0
0.00263856,-0.277672,-0.0276281,-0.538253,4.33685,-105236,-1,3.04487e-10,1,0
0.00263959,-0.278087,-0.0287892,-0.537927,4.33595,-105353,-1,1.27577e-09,1,0
0.00264123,-0.278948,-0.0284971,-0.539741,4.33591,-105613,-1,1.27577e-09,1,0
0.00264156,-0.278947,-0.0283135,-0.53979,4.33418,-105599,-1,2.03153e-10,1,0
0.00264249,-0.279555,-0.0275935,-0.539759,4.33418,-105792,-1,6.78012e-10,1,0
0.0026439,-0.281092,-0.027623,-0.540261,4.33397,-106317,-1,5.18796e-10,1,0
0.00264515,-0.281341,-0.0277766,-0.539961,4.33504,-106361,-1,2.07007e-09,1,0
0.00264572,-0.281002,-0.027733,-0.540027,4.33239,-106210,-1,1.10924e-09,1,0
0.00264649,-0.280973,-0.027523,-0.540917,4.33057,-106168,-1,1.21647e-09,1,0
0.00264715,-0.280366,-0.0278207,-0.540861,4.32808,-105912,-1,7.26181e-10,1,0
0.00264798,-0.280479,-0.0286615,-0.541119,4.32827,-105922,-1,3.57847e-10,1,0
0.00264825,-0.280564,-0.0287655,-0.541248,4.32505,-105943,-1,2.23431e-10,1,0
0.0026488,-0.280728,-0.0291671,-0.540723,4.32469,-105983,-1,6.81015e-10,1,0
0.00264973,-0.281527,-0.0295655,-0.540934,4.32515,-106248,-1,3.72878e-10,1,0
0.00265136,-0.283425,-0.0295078,-0.541304,4.32373,-106898,-1,1.75937e-10,1,0
0.00265214,-0.283101,-0.0295245,-0.541698,4.32004,-106744,-1,6.91881e-10,1,0
0.00265334,-0.284348,-0.0300781,-0.541849,4.31879,-107166,-1,1.347e-09,1,0
0.00265358,-0.284122,-0.030136,-0.541884,4.31808,-107071,-1,1.68569e-10,1,0
0.00265495,-0.282542,-0.030432,-0.542398,4.31816,-106421,-1,1.68569e-10,1,0
0.00265634,-0.280933,-0.0307332,-0.542921,4.31765,-105759,-1,3.66008e-09,1,0
0.00265729,-0.280837,-0.0312566,-0.542825,4.31717,-105686,-1,7.74447e-10,1,0
0.00265827,-0.280863,-0.031456,-0.541923,4.31981,-105656,-1,6.58997e-10,1,0
0.00265948,-0.281839,-0.0304595,-0.54248,4.31976,-105975,-1,6.58997e-10,1,0
0.0026604,-0.28224,-0.0301696,-0.543044,4.31887,-106089,-1,3.65819e-10,1,0
0.00266252,-0.282339,-0.0290791,-0.545088,4.3186,-106042,-1,1.71768e-09,1,0
0.00266285,-0.282311,-0.0288229,-0.54532,4.32035,-106018,-1,7.64091e-11,1,0
0.00266379,-0.282705,-0.028637,-0.546391,4.32033,-106129,-1,7.64091e-11,1,0
0.00266449,-0.282997,-0.0284993,-0.547185,4.32025,-106211,-1,2.15508e-09,1,0
0.00266515,-0.283574,-0.0289291,-0.547311,4.32014,-106401,-1,2.44256e-10,1,0
0.00266651,-0.284798,-0.0297605,-0.548084,4.32019,-106806,-1,1.6693e-09,1,0
0.00266714,-0.28495,-0.0298,-0.548511,4.32008,-106837,-1,2.86989e-10,1,0
0.00266859,-0.285951,-0.0296395,-0.549377,4.31706,-107154,-1,1.44425e-09,1,0
0.00267046,-0.287252,-0.0287658,-0.550265,4.31392,-107566,-1,1.77763e-09,1,0
0.00267156,-0.288506,-0.0291303,-0.55031,4.31367,-107992,-1,5.71326e-10,1,0
0.00267205,-0.288696,-0.0293342,-0.550524,4.31136,-108043,-1,1.99304e-10,1,0
0.0026726,-0.288537,-0.0294534,-0.549909,4.31132,-107961,-1,2.32979e-10,1,0
0.00267311,-0.288315,-0.0298293,-0.549987,4.3064,-107857,-1,1.86917e-11,1,0
0.00267363,-0.288393,-0.0292875,-0.549722,4.30708,-107866,-1,5.4957e-10,1,0
0.00267406,-0.288442,-0.0291163,-0.549678,4.30682,-107867,-1,1.87205e-10,1,0
0.00267543,-0.288434,-0.0290998,-0.550422,4.30987,-107808,-1,4.99976e-10,1,0
0.00267602,-0.288781,-0.0291445,-0.551058,4.30986,-107914,-1,4.99976e-10,1,0
0.00267702,-0.289367,-0.0292171,-0.552122,4.30945,-108093,-1,5.25612e-12,1,0
0.00267821,-0.289804,-0.0293497,-0.551755,4.30726,-108208,-1,5.00139e-10,1,0
0.00267871,-0.289368,-0.029269,-0.551661,4.31272,-108025,-1,5.1801e-10,1,0
0.00267887,-0.289404,-0.0291704,-0.551755,4.31328,-108032,-1,4.83497e-11,1,0
0.00268018,-0.289949,-0.0304116,-0.551318,4.31012,-108183,-1,1.48893e-09,1,0
0.00268134,-0.288873,-0.0304028,-0.550371,4.30871,-107735,-1,1.43279e-09,1,0
0.00268164,-0.289227,-0.0305119,-0.550334,4.30869,-107854,-1,1.43279e-09,1,0
0.00268224,-0.289605,-0.0304,-0.550785,4.30866,-107971,-1,5.80926e-10,1,0
0.00268248,-0.2897,-0.0303073,-0.551036,4.30726,-107997,-1,8.17089e-10,1,0
0.00268297,-0.289095,-0.0302831,-0.551085,4.30729,-107752,-1,8.17089e-10,1,0
0.00268338,-0.28864,-0.0302136,-0.550986,4.30775,-107566,-1,8.97401e-10,1,0
0.00268391,-0.28813,-0.0300356,-0.550609,4.3065,-107355,-1,8.7341e-10,1,0
0.00268476,-0.288869,-0.0300358,-0.549878,4.30646,-107596,-1,8.7341e-10,1,0
0.00268521,-0.289269,-0.0300359,-0.549483,4.30644,-107727,-1,8.7341e-10,1,0
0.00268591,-0.289839,-0.0302093,-0.549264,4.30816,-107911,-1,3.05168e-10,1,0
0.00268648,-0.289548,-0.0301667,-0.549909,4.30817,-107780,-1,3.05168e-10,1,0
0.00268683,-0.289321,-0.0301449,-0.550278,4.30822,-107681,-1,3.68562e-10,1,0
0.00268775,-0.289693,-0.0294362,-0.549538,4.3054,-107783,-1,1.10156e-09,1,0
0.00268838,-0.289926,-0.0295193,-0.550236,4.30716,-107844,-1,7.51637e-10,1,0
0.00268891,-0.290009,-0.0294882,-0.550692,4.30548,-107854,-1,1.33472e-10,1,0
0.00269063,-0.290258,-0.0294122,-0.551738,4.30861,-107877,-1,1.78647e-10,1,0
0.00269148,-0.289442,-0.0292387,-0.551878,4.30725,-107540,-1,7.97645e-10,1,0
0.00269235,-0.289128,-0.0294309,-0.552639,4.30584,-107389,-1,1.02409e-10,1,0
0.00269336,-0.289195,-0.0290404,-0.553376,4.30528,-107373,-1,2.37704e-10,1,0
0.00269411,-0.289441,-0.0296885,-0.553106,4.30472,-107435,-1,4.96355e-10,1,0
0.00269522,-0.290079,-0.0308691,-0.55326,4.30458,-107627,-1,7.77337e-10,1,0
0.00269565,-0.290122,-0.0309332,-0.553079,4.30379,-107626,-1,1.20733e-09,1,0
0.0026963,-0.289941,-0.030527,-0.552417,4.3038,-107533,-1,3.52287e-10,1,0
0.00269684,-0.28979,-0.0301967,-0.551865,4.3042,-107455,-1,1.37326e-09,1,0
0.00269766,-0.288878,-0.0303204,-0.55144,4.30402,-107085,-1,1.02616e-09,1,0
0.00269885,-0.289083,-0.0299144,-0.550354,4.30396,-107113,-1,1.54238e-10,1,0
0.00270044,-0.289514,-0.0293289,-0.54854,4.30422,-107210,-1,3.26285e-09,1,0
0.00270166,-0.288905,-0.0296535,-0.547855,4.30511,-106936,-1,8.31607e-11,1,0
0.00270268,-0.288548,-0.0300499,-0.548106,4.30328,-106764,-1,1.77387e-09,1,0
0.00270315,-0.288756,-0.0299845,-0.548306,4.29522,-106822,-1,2.5164e-10,1,0
0.00270457,-0.287063,-0.0299927,-0.547892,4.29531,-106140,-1,2.5164e-10,1,0
0.00270484,-0.286733,-0.0299943,-0.547811,4.29533,-106007,-1,2.12502e-09,1,0
0.00270507,-0.286693,-0.0300396,-0.547846,4.29557,-105984,-1,1.41935e-10,1,0
0.00270637,-0.287735,-0.0291294,-0.548653,4.29789,-106317,-1,1.71148e-09,1,0
0.00270802,-0.287987,-0.0293696,-0.548822,4.29458,-106346,-1,6.15638e-10,1,0
0.00270907,-0.289018,-0.0290279,-0.549527,4.29453,-106685,-1,6.15638e-10,1,0
0.00271012,-0.290094,-0.0286161,-0.549802,4.29368,-107041,-1,3.45442e-10,1,0
0.00271091,-0.289684,-0.0282262,-0.549909,4.29651,-106859,-1,6.89379e-10,1,0
0.00271122,-0.289449,-0.0285158,-0.550003,4.29652,-106760,-1,6.89379e-10,1,0
0.00271182,-0.289407,-0.0285879,-0.550577,4.2948,-106721,-1,6.90047e-10,1,0
0.00271256,-0.288936,-0.0290223,-0.550741,4.29737,-106518,-1,6.90397e-10,1,0
0.0027143,-0.287847,-0.0305502,-0.549885,4.29936,-106048,-1,6.23431e-11,1,0
0.00271475,-0.287528,-0.0308431,-0.549554,4.29797,-105913,-1,3.26363e-10,1,0
0.00271534,-0.287266,-0.0308322,-0.549376,4.29777,-105794,-1,3.2938e-10,1,0
0.00271609,-0.287862,-0.0306531,-0.549789,4.29872,-105984,-1,1.0825e-10,1,0
0.00271658,-0.28827,-0.0303267,-0.549949,4.29879,-106115,-1,2.14415e-10,1,0
0.00271688,-0.288469,-0.030027,-0.550037,4.29914,-106177,-1,7.53049e-10,1,0
0.00271772,-0.288453,-0.0298846,-0.550758,4.29911,-106138,-1,1.54716e-10,1,0
0.00271839,-0.288783,-0.0296655,-0.551189,4.30045,-106233,-1,1.36855e-10,1,0
0.00272011,-0.287607,-0.0282442,-0.552218,4.29968,-105734,-1,2.14636e-09,1,0
0.00272042,-0.2874,-0.0284581,-0.552284,4.30311,-105645,-1,1.03305e-10,1,0
0.00272188,-0.286054,-0.027926,-0.55172,4.29855,-105094,-1,5.7172e-10,1,0
0.00272262,-0.286881,-0.0282373,-0.5515,4.29863,-105370,-1,9.10868e-10,1,0
0.00272354,-0.287294,-0.0287621,-0.552014,4.29861,-105486,-1,3.53439e-10,1,0
0.00272428,-0.286494,-0.0285737,-0.552307,4.30057,-105163,-1,8.82341e-10,1,0
0.0027251,-0.286312,-0.029039,-0.553195,4.30058,-105065,-1,8.82341e-10,1,0
0.00272537,-0.286253,-0.0291901,-0.553483,4.30027,-105033,-1,1.34911e-09,1,0
0.00272566,-0.286181,-0.029383,-0.55377,4.30028,-104995,-1,1.34911e-09,1,0
0.00272641,-0.286038,-0.0292981,-0.554583,4.29963,-104914,-1,6.7124e-10,1,0
0.00272694,-0.285499,-0.0294997,-0.554895,4.29966,-104696,-1,6.7124e-10,1,0
0.00272776,-0.284992,-0.029731,-0.555297,4.29638,-104478,-1,1.57162e-09,1,0
0.00272817,-0.285494,-0.0296625,-0.555314,4.29635,-104647,-1,1.57162e-09,1,0
0.00272909,-0.285542,-0.0290786,-0.555877,4.29662,-104629,-1,1.00172e-09,1,0
0.0027303,-0.284652,-0.0284724,-0.555869,4.2978,-104256,-1,1.47557e-09,1,0
0.00273082,-0.284947,-0.0279413,-0.555874,4.29548,-104345,-1,6.12993e-10,1,0
0.0027313,-0.285205,-0.0284631,-0.555941,4.29547,-104421,-1,6.12993e-10,1,0
0.00273192,-0.285159,-0.0288323,-0.556148,4.29533,-104381,-1,2.98697e-10,1,0
0.00273223,-0.284792,-0.0289291,-0.556183,4.29534,-104234,-1,3.81627e-10,1,0
0.00273277,-0.28468,-0.0289309,-0.556555,4.29345,-104173,-1,2.85142e-10,1,0
0.00273351,-0.283797,-0.0288383,-0.556484,4.29522,-103821,-1,3.9581e-10,1,0
0.00273398,-0.283683,-0.0292238,-0.5565,4.29517,-103762,-1,1.06416e-09,1,0
0.00273441,-0.283845,-0.0291489,-0.55606,4.29359,-103805,-1,4.82855e-10,1,0
0.00273564,-0.284563,-0.0279752,-0.555885,4.29289,-104021,-1,3.92303e-10,1,0
0.00273613,-0.28465,-0.0278375,-0.556123,4.29434,-104034,-1,8.70947e-11,1,0
0.00273688,-0.284449,-0.0276421,-0.55579,4.29365,-103932,-1,4.10046e-10,1,0
0.00273756,-0.284515,-0.0271034,-0.556229,4.29385,-103930,-1,6.9209e-10,1,0
0.00273849,-0.284546,-0.0264213,-0.557139,4.29385,-103906,-1,6.9209e-10,1,0
0.00273864,-0.284551,-0.0263104,-0.557288,4.29385,-103902,-1,6.9209e-10,1,0
0.00273955,-0.28451,-0.0256778,-0.558065,4.29191,-103853,-1,8.62518e-11,1,0
0.00273982,-0.284609,-0.0254336,-0.558243,4.29192,-103879,-1,3.13719e-10,1,0
0.00274066,-0.283971,-0.024846,-0.557927,4.29262,-103614,-1,8.26605e-10,1,0
0.00274111,-0.283429,-0.0249403,-0.557865,4.2907,-103399,-1,7.80318e-10,1,0
0.00274156,-0.283421,-0.0254256,-0.557774,4.2911,-103380,-1,4.02211e-10,1,0
0.00274291,-0.282572,-0.0244334,-0.557847,4.29103,-103019,-1,2.57658e-10,1,0
0.00274515,-0.28349,-0.0255418,-0.559625,4.29015,-103269,-1,8.63727e-10,1,0
0.00274638,-0.283554,-0.0263794,-0.560883,4.29021,-103246,-1,3.40409e-09,1,0
0.00274749,-0.283251,-0.0274099,-0.561728,4.28731,-103094,-1,1.36667e-09,1,0
0.00274783,-0.28313,-0.0275116,-0.561363,4.28486,-103038,-1,3.66085e-10,1,0
0.00274868,-0.283814,-0.0274916,-0.560583,4.28486,-103255,-1,1.03833e-09,1,0
0.00274956,-0.284693,-0.0273406,-0.559963,4.28481,-103541,-1,1.03833e-09,1,0
0.0027499,-0.284995,-0.027297,-0.55973,4.28464,-103639,-1,2.10887e-11,1,0
0.00275048,-0.284849,-0.0277614,-0.55989,4.282,-103563,-1,4.25007e-10,1,0
0.00275113,-0.284773,-0.0274776,-0.559292,4.28165,-103511,-1,4.88481e-10,1,0
0.00275148,-0.284711,-0.0271977,-0.559215,4.28286,-103475,-1,2.70027e-10,1,0
0.00275164,-0.284757,-0.027211,-0.55932,4.28431,-103486,-1,1.43676e-10,1,0
0.00275207,-0.284678,-0.027649,-0.559595,4.28431,-103441,-1,1.43676e-10,1,0
0.00275267,-0.284567,-0.0282641,-0.559981,4.28382,-103379,-1,1.25807e-09,1,0
0.00275382,-0.283958,-0.0287962,-0.561127,4.28243,-103114,-1,1.40397e-09,1,0
0.00275421,-0.284181,-0.028928,-0.561526,4.28242,-103181,-1,1.40397e-09,1,0
0.00275497,-0.28489,-0.028997,-0.561282,4.28193,-103409,-1,2.6614e-10,1,0
0.00275566,-0.285583,-0.0292379,-0.561115,4.28223,-103635,-1,1.46595e-10,1,0
0.00275592,-0.285586,-0.0290888,-0.561106,4.28113,-103627,-1,1.85149e-10,1,0
0.00275672,-0.285417,-0.0289012,-0.562059,4.27754,-103535,-1,1.11602e-09,1,0
0.00275711,-0.28507,-0.0290216,-0.561963,4.27568,-103395,-1,2.35878e-10,1,0
0.00275793,-0.284524,-0.0297642,-0.561556,4.27589,-103166,-1,7.34332e-10,1,0
0.00275898,-0.28439,-0.0305754,-0.560951,4.27615,-103078,-1,1.3395e-09,1,0
0.00275964,-0.284615,-0.0311869,-0.561011,4.27546,-103135,-1,4.68786e-10,1,0
0.00276031,-0.284631,-0.031013,-0.561361,4.26891,-103116,-1,3.36229e-10,1,0
0.00276139,-0.284555,-0.0304435,-0.560982,4.26384,-103048,-1,2.73421e-10,1,0
0.00276297,-0.285742,-0.0305879,-0.561273,4.26243,-103418,-1,2.9261e-10,1,0
0.0027637,-0.286152,-0.030685,-0.562003,4.26367,-103539,-1,1.02823e-09,1,0
0.00276457,-0.286854,-0.0303883,-0.562013,4.26372,-103761,-1,2.32764e-10,1,0
0.00276561,-0.287656,-0.030518,-0.562264,4.26394,-104012,-1,2.32269e-10,1,0
0.00276647,-0.287859,-0.0302902,-0.563267,4.26443,-104053,-1,9.66048e-10,1,0
0.00276697,-0.288228,-0.0303605,-0.563672,4.26518,-104168,-1,4.92403e-10,1,0
0.00276718,-0.288357,-0.0304579,-0.563857,4.26353,-104206,-1,3.02308e-11,1,0
0.00276823,-0.289353,-0.0306845,-0.563997,4.26616,-104526,-1,4.49799e-10,1,0
0.00276903,-0.289227,-0.030953,-0.563609,4.26555,-104451,-1,6.16266e-10,1,0
0.00276994,-0.289826,-0.0314017,-0.56363,4.26595,-104633,-1,1.28093e-09,1,0
0.00277086,-0.288802,-0.0315774,-0.563788,4.26547,-104228,-1,9.83925e-10,1,0
0.00277146,-0.28894,-0.0314838,-0.563911,4.26462,-104255,-1,6.2874e-10,1,0
0.00277169,-0.289017,-0.0314508,-0.563829,4.26459,-104275,-1,1.04271e-10,1,0
0.00277251,-0.289536,-0.0317148,-0.564,4.26228,-104431,-1,1.4e-10,1,0
0.00277395,-0.289552,-0.0304746,-0.564172,4.26178,-104382,-1,1.13815e-09,1,0
0.00277543,-0.290401,-0.0289135,-0.564501,4.26173,-104633,-1,1.13815e-09,1,0
0.00277655,-0.291084,-0.0296854,-0.564419,4.25819,-104836,-1,2.04385e-09,1,0
0.00277743,-0.291625,-0.0306102,-0.564302,4.25816,-104998,-1,2.04385e-09,1,0
0.0027786,-0.292343,-0.0318375,-0.564146,4.25581,-105212,-1,3.64647e-09,1,0
0.00277914,-0.292869,-0.0317064,-0.56421,4.25585,-105381,-1,1.23847e-10,1,0
0.00278011,-0.29358,-0.0315282,-0.563994,4.25639,-105600,-1,1.25556e-09,1,0
0.0027803,-0.293665,-0.0314893,-0.563852,4.25546,-105624,-1,7.5178e-11,1,0
0.00278154,-0.293566,-0.0308624,-0.565063,4.25644,-105541,-1,2.07751e-10,1,0
0.00278167,-0.293663,-0.0309762,-0.565124,4.25644,-105571,-1,2.07751e-10,1,0
0.00278269,-0.293835,-0.031097,-0.565958,4.25612,-105594,-1,6.97315e-10,1,0
0.00278399,-0.293644,-0.0301811,-0.566113,4.25561,-105476,-1,4.36302e-10,1,0
0.00278571,-0.293057,-0.028203,-0.565708,4.25558,-105200,-1,3.26171e-09,1,0
0.00278596,-0.293064,-0.0282694,-0.565412,4.25558,-105193,-1,3.26171e-09,1,0
0.00278705,-0.293084,-0.0285333,-0.564151,4.25518,-105159,-1,1.61125e-09,1,0
0.00278802,-0.292589,-0.0276573,-0.564728,4.25506,-104945,-1,2.65585e-11,1,0
0.00278956,-0.29208,-0.0283939,-0.564327,4.25371,-104705,-1,6.84354e-10,1,0
0.00279034,-0.292132,-0.0292476,-0.563926,4.25364,-104694,-1,2.15321e-09,1,0
0.00279079,-0.292363,-0.029442,-0.563883,4.2498,-104760,-1,1.09152e-10,1,0
0.00279179,-0.292022,-0.0287363,-0.563091,4.24979,-104600,-1,8.67056e-10,1,0
0.0027922,-0.292408,-0.0284843,-0.563013,4.25117,-104723,-1,3.54156e-10,1,0
0.00279282,-0.292266,-0.028469,-0.562654,4.24991,-104649,-1,2.01282e-10,1,0
0.00279353,-0.29206,-0.0286909,-0.561893,4.25268,-104549,-1,1.02526e-10,1,0
0.00279478,-0.291832,-0.0295208,-0.561948,4.2524,-104420,-1,7.43058e-10,1,0
0.0027955,-0.291078,-0.0298812,-0.561656,4.25244,-104124,-1,7.43058e-10,1,0
0.00279598,-0.290584,-0.0301172,-0.561465,4.25246,-103929,-1,7.43058e-10,1,0
0.00279664,-0.289897,-0.0304144,-0.561186,4.25357,-103659,-1,3.02345e-09,1,0
0.00279774,-0.290147,-0.0297517,-0.56091,4.25388,-103708,-1,7.60137e-10,1,0
0.00279953,-0.289408,-0.0297823,-0.56223,4.25286,-103377,-1,1.15905e-09,1,0
0.00280026,-0.289446,-0.0303846,-0.562793,4.25264,-103364,-1,1.76933e-09,1,0
0.00280087,-0.290031,-0.0306222,-0.563169,4.25425,-103551,-1,8.95015e-10,1,0
0.00280287,-0.292371,-0.0305389,-0.562437,4.25315,-104311,-1,2.45289e-09,1,0
0.00280381,-0.292381,-0.0303444,-0.561314,4.25154,-104280,-1,1.14246e-09,1,0
0.0028054,-0.291487,-0.031015,-0.562178,4.24917,-103902,-1,3.42513e-10,1,0
0.00280577,-0.291777,-0.0307324,-0.562213,4.2521,-103992,-1,3.1131e-10,1,0
0.00280645,-0.291239,-0.0307608,-0.56163,4.25285,-103775,-1,6.45435e-11,1,0
0.0028075,-0.290436,-0.0309244,-0.560845,4.25231,-103450,-1,1.01646e-10,1,0
0.00280889,-0.289652,-0.0296123,-0.561058,4.25194,-103120,-1,1.75679e-10,1,0
0.00281022,-0.290176,-0.0297984,-0.559793,4.25045,-103257,-1,3.20224e-10,1,0
0.00281104,-0.290388,-0.0298909,-0.559,4.24997,-103303,-1,2.03042e-09,1,0
0.00281189,-0.29039,-0.0297057,-0.55997,4.25248,-103272,-1,9.87669e-10,1,0
0.00281265,-0.290549,-0.0300872,-0.559369,4.25176,-103301,-1,1.50233e-10,1,0
0.00281387,-0.291096,-0.0309777,-0.560067,4.24942,-103451,-1,1.42936e-10,1,0
0.00281437,-0.290896,-0.0305693,-0.56015,4.25155,-103361,-1,3.56393e-10,1,0
0.00281519,-0.291074,-0.0307331,-0.560989,4.25004,-103394,-1,8.11561e-11,1,0
0.00281541,-0.291253,-0.0306101,-0.560961,4.25036,-103450,-1,9.45618e-12,1,0
0.00281575,-0.291471,-0.0303384,-0.56077,4.24885,-103515,-1,2.41189e-10,1,0
0.00281717,-0.292222,-0.0302431,-0.561809,4.2495,-103729,-1,2.81931e-11,1,0
0.00281846,-0.292358,-0.0291315,-0.561338,4.24901,-103730,-1,6.90456e-10,1,0
0.00281895,-0.292387,-0.0292929,-0.560756,4.24844,-103722,-1,6.03996e-10,1,0
0.00281975,-0.292771,-0.0298065,-0.560388,4.2506,-103829,-1,5.58003e-10,1,0
0.00281993,-0.29286,-0.0297576,-0.560255,4.25302,-103854,-1,3.8354e-11,1,0
0.00282102,-0.292304,-0.0297977,-0.560791,4.25207,-103617,-1,7.66087e-10,1,0
0.00282165,-0.291599,-0.0297141,-0.56049,4.2521,-103344,-1,7.66087e-10,1,0
0.00282317,-0.289996,-0.0294577,-0.559782,4.25092,-102720,-1,7.06929e-11,1,0
0.0028242,-0.289672,-0.0294651,-0.560216,4.25121,-102568,-1,5.73978e-10,1,0
0.00282513,-0.290275,-0.0299155,-0.560451,4.24931,-102747,-1,7.76621e-10,1,0
0.00282533,-0.290343,-0.0296948,-0.560395,4.24886,-102764,-1,4.65471e-11,1,0
0.00282663,-0.291725,-0.029965,-0.560415,4.25103,-103206,-1,3.81732e-10,1,0
0.00282771,-0.292974,-0.0303736,-0.560517,4.25092,-103608,-1,2.66041e-09,1,0
0.00282909,-0.294196,-0.0307311,-0.560986,4.25169,-103990,-1,1.9714e-10,1,0
0.00282941,-0.294506,-0.0305466,-0.561002,4.25039,-104087,-1,3.87867e-11,1,0
0.00283048,-0.295185,-0.0299454,-0.561289,4.24888,-104288,-1,2.97727e-10,1,0
0.00283135,-0.294469,-0.0298947,-0.560511,4.24684,-104003,-1,1.05896e-09,1,0
0.0028316,-0.294618,-0.0300295,-0.56034,4.2453,-104046,-1,8.18097e-11,1,0
0.00283293,-0.294885,-0.0306941,-0.558968,4.24436,-104092,-1,3.00531e-11,1,0
0.00283384,-0.295118,-0.0309575,-0.559168,4.24767,-104141,-1,6.09659e-10,1,0
0.00283508,-0.29593,-0.0309777,-0.557925,4.25017,-104381,-1,1.96837e-10,1,0
0.00283582,-0.295135,-0.0313956,-0.558069,4.25438,-104074,-1,9.09307e-10,1,0
0.00283689,-0.296176,-0.0317455,-0.558282,4.25908,-104402,-1,1.49825e-10,1,0
0.0028379,-0.295273,-0.032587,-0.558347,4.25931,-104046,-1,1.23574e-09,1,0
0.00283822,-0.295037,-0.0328887,-0.558236,4.25883,-103951,-1,3.98883e-10,1,0
0.00283856,-0.295382,-0.03283,-0.558005,4.26019,-104060,-1,4.18882e-10,1,0
0.00283909,-0.295809,-0.0331049,-0.558401,4.26017,-104192,-1,4.18882e-10,1,0
0.00283942,-0.295823,-0.0330655,-0.558427,4.25964,-104184,-1,1.99451e-10,1,0
0.00283985,-0.296087,-0.0329763,-0.55855,4.25891,-104261,-1,2.72146e-10,1,0
0.00284034,-0.29602,-0.0332038,-0.558155,4.25727,-104220,-1,4.41122e-10,1,0
0.00284066,-0.296125,-0.0329058,-0.558149,4.2566,-104245,-1,7.47106e-11,1,0
0.00284184,-0.295128,-0.0326632,-0.557405,4.25548,-103851,-1,1.26631e-09,1,0
0.00284258,-0.294616,-0.0327635,-0.558137,4.25551,-103644,-1,1.26631e-09,1,0
0.00284352,-0.294243,-0.0334267,-0.558024,4.25189,-103479,-1,8.43199e-11,1,0
0.00284405,-0.293756,-0.0337905,-0.558162,4.25287,-103288,-1,8.23104e-10,1,0
0.00284454,-0.293276,-0.0340978,-0.55833,4.25212,-103102,-1,1.1768e-09,1,0
0.00284656,-0.292731,-0.0352641,-0.55857,4.25138,-102837,-1,5.6273e-10,1,0
0.00284691,-0.292739,-0.035355,-0.558659,4.2511,-102827,-1,7.37682e-11,1,0
0.00284747,-0.292284,-0.0357711,-0.558955,4.2512,-102647,-1,2.45614e-10,1,0
0.00284891,-0.291111,-0.036846,-0.559713,4.25126,-102183,-1,2.45614e-10,1,0
0.00284937,-0.290736,-0.0371895,-0.559955,4.25082,-102035,-1,2.99159e-09,1,0
0.00285042,-0.291361,-0.0383135,-0.55993,4.24974,-102217,-1,1.28657e-09,1,0
0.0028517,-0.291321,-0.0367542,-0.560119,4.24909,-102157,-1,1.57119e-09,1,0
0.00285223,-0.291015,-0.0365578,-0.560131,4.25081,-102031,-1,4.72147e-10,1,0
0.00285311,-0.291874,-0.0361604,-0.55963,4.25121,-102300,-1,1.24202e-09,1,0
0.00285352,-0.292205,-0.0360207,-0.559271,4.25025,-102401,-1,5.0831e-10,1,0
0.00285438,-0.2924,-0.0366221,-0.55909,4.2492,-102439,-1,2.76735e-10,1,0
0.00285493,-0.292228,-0.0363687,-0.558662,4.24816,-102359,-1,1.89257e-10,1,0
0.00285654,-0.292806,-0.0367413,-0.558376,4.24984,-102504,-1,6.44126e-10,1,0
0.00285738,-0.29285,-0.0375786,-0.557974,4.24969,-102489,-1,3.11862e-10,1,0
0.00285863,-0.293805,-0.0365821,-0.557311,4.24964,-102778,-1,3.11862e-10,1,0
0.00286026,-0.29505,-0.0352832,-0.556447,4.24958,-103155,-1,3.11862e-10,1,0
0.00286058,-0.295074,-0.0351678,-0.556126,4.24873,-103152,-1,2.87481e-10,1,0
0.00286121,-0.294703,-0.035531,-0.555828,4.24785,-102999,-1,3.60672e-10,1,0
0.00286174,-0.294844,-0.0357679,-0.555243,4.24784,-103030,-1,3.60672e-10,1,0
0.00286277,-0.29466,-0.0353852,-0.554724,4.2465,-102928,-1,6.73846e-10,1,0
0.00286309,-0.294772,-0.0353872,-0.554872,4.24546,-102956,-1,2.26775e-10,1,0
0.00286464,-0.296199,-0.0345847,-0.553915,4.24796,-103399,-1,2.04757e-09,1,0
0.00286487,-0.296052,-0.0344107,-0.554079,4.24924,-103339,-1,2.80533e-10,1,0
0.00286577,-0.29652,-0.0350839,-0.553347,4.24782,-103470,-1,1.09877e-09,1,0
0.00286618,-0.296088,-0.035155,-0.553414,4.2474,-103304,-1,3.90601e-10,1,0
0.00286699,-0.295561,-0.0354524,-0.554122,4.24811,-103091,-1,3.43483e-10,1,0
0.00286821,-0.294523,-0.0346091,-0.554797,4.24777,-102685,-1,1.49769e-09,1,0
0.0028684,-0.294484,-0.0345763,-0.55501,4.24606,-102665,-1,6.64107e-11,1,0
0.00287,-0.295058,-0.035236,-0.556494,4.24563,-102808,-1,6.71087e-10,1,0
0.00287034,-0.295057,-0.0354034,-0.556883,4.24563,-102795,-1,6.71087e-10,1,0
0.00287139,-0.294384,-0.0355949,-0.556602,4.24351,-102523,-1,9.1468e-10,1,0
0.00287214,-0.295092,-0.0350342,-0.55645,4.24348,-102743,-1,9.1468e-10,1,0
0.00287337,-0.294511,-0.0341175,-0.556274,4.24191,-102497,-1,1.30447e-09,1,0
0.00287439,-0.293534,-0.0333648,-0.55615,4.24227,-102120,-1,2.35821e-09,1,0
0.00287505,-0.293159,-0.0327099,-0.555857,4.24229,-101966,-1,2.35821e-09,1,0
0.00287648,-0.29291,-0.0311136,-0.555944,4.24001,-101829,-1,1.15905e-09,1,0
0.00287724,-0.293594,-0.031056,-0.556031,4.23767,-102040,-1,1.89911e-10,1,0
0.002878,-0.293647,-0.0319313,-0.556155,4.2379,-102032,-1,8.55689e-10,1,0
0.0028792,-0.294274,-0.0328492,-0.556118,4.23638,-102207,-1,2.83899e-10,1,0
0.00288059,-0.295762,-0.0336671,-0.55613,4.23631,-102674,-1,2.83899e-10,1,0
0.00288132,-0.296463,-0.0332039,-0.556084,4.23613,-102891,-1,6.82214e-10,1,0
0.00288161,-0.296463,-0.0331938,-0.555885,4.23697,-102881,-1,1.5567e-10,1,0
0.00288167,-0.296424,-0.0332407,-0.555859,4.23756,-102865,-1,5.15142e-11,1,0
0.00288339,-0.29606,-0.0322478,-0.55662,4.23746,-102678,-1,3.89437e-10,1,0
0.00288423,-0.295898,-0.0324003,-0.555804,4.23799,-102592,-1,1.46642e-10,1,0
0.0028847,-0.295716,-0.0325277,-0.556072,4.23423,-102512,-1,3.3239e-11,1,0
0.00288659,-0.29591,-0.0337733,-0.556884,4.23537,-102512,-1,8.41422e-10,1,0
0.00288719,-0.295703,-0.033166,-0.556794,4.23367,-102419,-1,6.92574e-10,1,0
0.00288766,-0.295333,-0.0327705,-0.556814,4.22895,-102274,-1,5.46733e-10,1,0
0.00288901,-0.294586,-0.0332459,-0.557709,4.23039,-101968,-1,1.1217e-09,1,0
0.0028905,-0.295545,-0.0342366,-0.558659,4.23076,-102247,-1,6.64997e-10,1,0
0.00289103,-0.296124,-0.0342236,-0.558361,4.23011,-102428,-1,6.50998e-10,1,0
0.00289203,-0.295947,-0.0346718,-0.558331,4.22962,-102332,-1,4.81911e-10,1,0
0.00289313,-0.295484,-0.0349356,-0.559494,4.22954,-102133,-1,8.46781e-10,1,0
0.00289427,-0.295444,-0.0354454,-0.560184,4.22716,-102079,-1,1.84545e-09,1,0
0.00289504,-0.296048,-0.0360108,-0.560089,4.22565,-102261,-1,4.29698e-11,1,0
0.00289593,-0.296441,-0.0359171,-0.560334,4.22411,-102365,-1,6.67879e-10,1,0
0.00289736,-0.296134,-0.0364007,-0.560518,4.22443,-102208,-1,1.55405e-09,1,0
0.00289835,-0.295916,-0.0370001,-0.559828,4.22652,-102098,-1,9.29867e-10,1,0
0.00289951,-0.296056,-0.0383593,-0.560068,4.22655,-102106,-1,3.23029e-11,1,0
0.00289971,-0.296089,-0.0386022,-0.560092,4.22642,-102110,-1,3.95018e-11,1,0
0.00290063,-0.295899,-0.0397065,-0.560038,4.22643,-102012,-1,3.95018e-11,1,0
0.00290153,-0.295553,-0.0405448,-0.56024,4.22392,-101861,-1,3.34874e-10,1,0
0.00290225,-0.296424,-0.0404335,-0.560291,4.22388,-102136,-1,3.34874e-10,1,0
0.00290378,-0.297178,-0.0400586,-0.559138,4.22153,-102342,-1,1.2336e-09,1,0
0.00290535,-0.297168,-0.0404028,-0.557685,4.22198,-102283,-1,9.47264e-10,1,0
0.00290577,-0.29721,-0.0403255,-0.558067,4.2216,-102282,-1,4.54085e-10,1,0
0.00290687,-0.296904,-0.0407879,-0.557101,4.2237,-102139,-1,1.24215e-10,1,0
0.00290821,-0.2968,-0.0406131,-0.558725,4.22314,-102056,-1,1.63647e-09,1,0
0.00290869,-0.296434,-0.041021,-0.558819,4.22291,-101913,-1,1.81639e-10,1,0
0.00290921,-0.296537,-0.0414378,-0.558773,4.22256,-101930,-1,1.48868e-10,1,0
0.00291124,-0.297123,-0.0423531,-0.560109,4.22083,-102061,-1,2.49715e-10,1,0
0.00291196,-0.296514,-0.0426777,-0.559563,4.21811,-101826,-1,8.79879e-10,1,0
0.00291314,-0.297938,-0.0424852,-0.559509,4.22074,-102274,-1,1.43784e-09,1,0
0.0029142,-0.29698,-0.0417964,-0.559281,4.22094,-101908,-1,7.15761e-10,1,0
0.00291447,-0.296754,-0.0418899,-0.559055,4.22095,-101821,-1,7.15761e-10,1,0
0.0029151,-0.296277,-0.0420883,-0.558558,4.21885,-101636,-1,2.43365e-11,1,0
0.00291687,-0.295223,-0.0414021,-0.559003,4.2218,-101212,-1,4.3536e-10,1,0
0.00291748,-0.294807,-0.041152,-0.559366,4.22255,-101048,-1,1.57613e-10,1,0
0.00291909,-0.295689,-0.0413648,-0.561103,4.22323,-101295,-1,1.9602e-09,1,0
0.00292011,-0.295991,-0.0420862,-0.560155,4.22369,-101363,-1,9.91476e-10,1,0
0.00292277,-0.297612,-0.0438501,-0.557973,4.22467,-101825,-1,3.48336e-09,1,0
0.00292387,-0.296883,-0.0442658,-0.558166,4.22667,-101538,-1,2.91302e-10,1,0
0.00292521,-0.296211,-0.0447056,-0.556922,4.22589,-101262,-1,1.23284e-09,1,0
0.0029264,-0.295969,-0.0442585,-0.55577,4.22556,-101138,-1,1.2782e-10,1,0
0.00292701,-0.296192,-0.0438895,-0.555653,4.22713,-101193,-1,5.24985e-10,1,0
0.00292837,-0.296514,-0.0450119,-0.55634,4.2265,-101255,-1,2.84431e-10,1,0
0.00292903,-0.296861,-0.0456227,-0.556731,4.2249,-101351,-1,2.18198e-09,1,0
0.00293146,-0.298597,-0.0454091,-0.556687,4.22545,-101859,-1,6.42783e-10,1,0
0.00293184,-0.298337,-0.0452143,-0.556359,4.22547,-101758,-1,6.42783e-10,1,0
0.00293241,-0.297942,-0.0449174,-0.555858,4.22549,-101603,-1,6.42783e-10,1,0
0.00293375,-0.29821,-0.0442106,-0.556705,4.22451,-101648,-1,4.95155e-10,1,0
0.00293448,-0.2982,-0.0436718,-0.557157,4.22367,-101619,-1,1.07392e-10,1,0
0.00293549,-0.298064,-0.0446238,-0.556585,4.22529,-101538,-1,1.15084e-10,1,0
0.00293602,-0.298118,-0.0442069,-0.5565,4.2244,-101538,-1,3.33119e-10,1,0
0.00293741,-0.298614,-0.0430758,-0.556051,4.22695,-101659,-1,5.97658e-10,1,0
0.00293825,-0.299374,-0.042671,-0.555532,4.22708,-101888,-1,1.64408e-09,1,0
0.00293885,-0.299895,-0.0425467,-0.555033,4.22706,-102045,-1,1.64408e-09,1,0
0.00294026,-0.301117,-0.0422554,-0.553865,4.227,-102412,-1,1.64408e-09,1,0
0.00294074,-0.301423,-0.0423065,-0.553685,4.22197,-102499,-1,1.44065e-10,1,0
0.00294222,-0.301964,-0.0409351,-0.553135,4.22005,-102632,-1,1.43339e-09,1,0
0.00294363,-0.30199,-0.0408437,-0.5547,4.21897,-102591,-1,5.72985e-10,1,0
0.00294458,-0.302088,-0.0410537,-0.555753,4.21933,-102591,-1,1.98257e-09,1,0
0.00294506,-0.30203,-0.0411321,-0.555416,4.21728,-102555,-1,4.06653e-10,1,0
0.00294537,-0.302211,-0.0410611,-0.555508,4.21876,-102606,-1,2.13028e-10,1,0
0.00294616,-0.302502,-0.041217,-0.556421,4.21875,-102677,-1,2.13028e-10,1,0
0.00294667,-0.302844,-0.0414842,-0.556311,4.22001,-102775,-1,1.12729e-09,1,0
0.00294776,-0.302897,-0.041763,-0.556171,4.22154,-102755,-1,1.23557e-09,1,0
0.0029484,-0.303513,-0.0420828,-0.556435,4.22164,-102942,-1,5.77039e-10,1,0
0.00294879,-0.303474,-0.0422812,-0.556469,4.21993,-102915,-1,9.8182e-10,1,0
0.00294991,-0.302524,-0.0431046,-0.556091,4.22006,-102554,-1,8.41193e-10,1,0
0.00295033,-0.302245,-0.0434914,-0.5559,4.22008,-102445,-1,8.41193e-10,1,0
0.00295104,-0.301917,-0.0440889,-0.555771,4.2211,-102309,-1,1.58018e-10,1,0
0.00295289,-0.300855,-0.0445755,-0.554254,4.2231,-101885,-1,1.15908e-09,1,0
0.00295443,-0.300446,-0.0433623,-0.554427,4.22364,-101693,-1,6.38636e-10,1,0
0.0029557,-0.300985,-0.0445018,-0.554448,4.22795,-101832,-1,1.38746e-09,1,0
0.00295642,-0.301289,-0.0445934,-0.554295,4.22804,-101910,-1,2.18e-10,1,0
0.00295716,-0.301594,-0.0451105,-0.55402,4.22926,-101988,-1,2.35595e-10,1,0
0.00295796,-0.302059,-0.0447285,-0.553661,4.23011,-102117,-1,2.05687e-10,1,0
0.0029588,-0.302035,-0.04554,-0.553707,4.23278,-102080,-1,7.62832e-10,1,0
0.00296013,-0.303546,-0.0452169,-0.554214,4.23184,-102545,-1,1.62584e-09,1,0
0.00296108,-0.303271,-0.0444371,-0.5535,4.23244,-102419,-1,1.88685e-10,1,0
0.00296256,-0.303262,-0.0431527,-0.552563,4.23421,-102365,-1,7.1458e-10,1,0
0.00296447,-0.301884,-0.0428322,-0.552022,4.23385,-101834,-1,1.02523e-11,1,0
0.00296527,-0.301817,-0.0421086,-0.55233,4.23286,-101784,-1,4.59908e-10,1,0
0.00296621,-0.302103,-0.0412226,-0.552996,4.23192,-101848,-1,1.14516e-09,1,0
0.00296752,-0.301529,-0.0416767,-0.553725,4.22952,-101610,-1,2.55109e-10,1,0
0.00296767,-0.301602,-0.0416497,-0.553772,4.22824,-101629,-1,1.09391e-10,1,0
0.00296828,-0.301503,-0.0415592,-0.553966,4.23112,-101575,-1,1.40865e-10,1,0
0.0029687,-0.30189,-0.0415431,-0.553634,4.2311,-101691,-1,1.40865e-10,1,0
0.00296914,-0.302284,-0.0415404,-0.553288,4.23457,-101808,-1,7.23492e-12,1,0
0.00297018,-0.303063,-0.041276,-0.553732,4.23514,-102035,-1,6.932e-10,1,0
0.00297159,-0.304342,-0.0402055,-0.553296,4.23507,-102417,-1,6.932e-10,1,0
0.00297242,-0.304945,-0.0394389,-0.553121,4.23486,-102591,-1,2.82495e-09,1,0
0.00297349,-0.305503,-0.0382687,-0.553013,4.23483,-102742,-1,2.82495e-09,1,0
0.00297421,-0.305731,-0.0375052,-0.55279,4.23235,-102794,-1,4.49809e-11,1,0
0.00297521,-0.305993,-0.0369907,-0.551818,4.23198,-102847,-1,7.44202e-10,1,0
0.00297591,-0.306236,-0.0367644,-0.551107,4.23121,-102905,-1,8.37814e-11,1,0
0.00297716,-0.30689,-0.0353922,-0.551077,4.23118,-103081,-1,8.37814e-11,1,0
0.00297792,-0.306867,-0.0352297,-0.550652,4.23255,-103047,-1,3.18384e-10,1,0
0.00297849,-0.306754,-0.0347513,-0.550631,4.23178,-102990,-1,5.80488e-10,1,0
0.0029794,-0.306602,-0.0350074,-0.549568,4.23179,-102907,-1,5.80488e-10,1,0
0.00298107,-0.307534,-0.0353216,-0.548201,4.23132,-103162,-1,1.95408e-09,1,0
0.00298174,-0.30814,-0.035426,-0.547912,4.22542,-103342,-1,7.62501e-11,1,0
0.00298207,-0.307818,-0.0353123,-0.547791,4.22622,-103223,-1,3.33478e-10,1,0
0.00298287,-0.308383,-0.0347775,-0.548392,4.22619,-103385,-1,3.33478e-10,1,0
0.00298396,-0.308095,-0.0352027,-0.548948,4.22829,-103250,-1,1.40786e-09,1,0
0.00298516,-0.307218,-0.0362824,-0.549436,4.22833,-102915,-1,1.40786e-09,1,0
0.00298629,-0.306666,-0.0366378,-0.549796,4.2269,-102691,-1,3.36275e-09,1,0
0.00298711,-0.30657,-0.0360047,-0.549658,4.2272,-102631,-1,2.75502e-10,1,0
0.00298757,-0.30683,-0.0359981,-0.549395,4.23017,-102702,-1,3.85248e-10,1,0
0.00298854,-0.306678,-0.0370042,-0.548775,4.23193,-102618,-1,1.3766e-09,1,0
0.00298981,-0.306538,-0.0380616,-0.549905,4.23194,-102527,-1,1.3766e-09,1,0
0.00299079,-0.306177,-0.0387802,-0.550688,4.23267,-102373,-1,1.11123e-11,1,0
0.00299163,-0.30551,-0.0392903,-0.550735,4.23277,-102121,-1,1.00412e-09,1,0
0.00299204,-0.305243,-0.0395739,-0.550422,4.23278,-102018,-1,1.00412e-09,1,0
0.00299274,-0.30553,-0.0398372,-0.550768,4.23317,-102091,-1,6.13e-10,1,0
0.00299415,-0.305731,-0.0383181,-0.551548,4.23096,-102110,-1,1.71948e-09,1,0
0.00299482,-0.305709,-0.0382208,-0.551436,4.22626,-102079,-1,4.57153e-10,1,0
0.00299671,-0.305579,-0.0389741,-0.551093,4.22675,-101971,-1,8.57255e-10,1,0
0.00299709,-0.305798,-0.0393293,-0.550909,4.22621,-102032,-1,1.12447e-09,1,0
0.0029972,-0.30586,-0.0393719,-0.550926,4.22677,-102049,-1,3.53959e-11,1,0
0.00299809,-0.305267,-0.0393345,-0.550397,4.22442,-101820,-1,9.31391e-10,1,0
0.00299822,-0.305415,-0.0393055,-0.550438,4.22441,-101866,-1,9.31391e-10,1,0
0.00299986,-0.306174,-0.0386631,-0.550402,4.22763,-102063,-1,7.17338e-10,1,0
0.00300102,-0.306516,-0.0399865,-0.550062,4.22686,-102137,-1,2.69031e-11,1,0
0.00300161,-0.306687,-0.0406569,-0.54988,4.22691,-102174,-1,2.10445e-09,1,0
0.00300319,-0.306936,-0.041994,-0.548715,4.22797,-102203,-1,1.73322e-09,1,0
0.00300458,-0.306717,-0.0413847,-0.547137,4.22766,-102083,-1,1.70553e-09,1,0
0.00300629,-0.30727,-0.0426998,-0.545615,4.22763,-102209,-1,1.70553e-09,1,0
0.00300725,-0.306784,-0.0436194,-0.545587,4.22748,-102015,-1,2.28583e-09,1,0
0.00300754,-0.306488,-0.0437386,-0.545697,4.22748,-101907,-1,1.02517e-09,1,0
0.003009,-0.304876,-0.0441724,-0.546322,4.22756,-101322,-1,1.02517e-09,1,0
0.00300927,-0.304576,-0.0442534,-0.546439,4.22757,-101212,-1,1.02517e-09,1,0
0.00301123,-0.302414,-0.0448351,-0.547278,4.22768,-100429,-1,1.02517e-09,1,0
0.00301168,-0.301914,-0.0449697,-0.547472,4.22869,-100248,-1,5.34942e-09,1,0
0.00301227,-0.302497,-0.044549,-0.547511,4.22866,-100421,-1,5.34942e-09,1,0
0.00301308,-0.301851,-0.0442273,-0.547896,4.22697,-100180,-1,8.35863e-10,1,0
0.00301379,-0.301443,-0.0437743,-0.548285,4.22637,-100021,-1,3.43705e-10,1,0
0.00301535,-0.29977,-0.0442348,-0.548766,4.22735,-99414.8,-1,1.00393e-09,1,0
0.00301583,-0.29997,-0.0441677,-0.548728,4.22876,-99465.2,-1,7.09604e-10,1,0
0.00301722,-0.299686,-0.0445485,-0.547472,4.22969,-99324.9,-1,1.41784e-09,1,0
0.00301791,-0.299833,-0.044229,-0.547012,4.2298,-99351.2,-1,6.76241e-10,1,0
0.00301919,-0.300907,-0.0446641,-0.548058,4.22954,-99665,-1,1.72321e-09,1,0
0.00301992,-0.300509,-0.0446116,-0.547263,4.22962,-99508.9,-1,8.90786e-10,1,0
0.00302019,-0.300537,-0.0449311,-0.54731,4.22937,-99509.5,-1,3.24118e-10,1,0
0.00302099,-0.301233,-0.0451319,-0.547975,4.22934,-99713.4,-1,3.24118e-10,1,0
0.00302145,-0.301371,-0.0450961,-0.548077,4.23076,-99744,-1,2.05685e-10,1,0
0.00302212,-0.301642,-0.0455461,-0.548704,4.22868,-99811.5,-1,8.17666e-10,1,0
0.0030224,-0.301465,-0.0456344,-0.548708,4.23006,-99743.6,-1,3.40895e-11,1,0
0.00302325,-0.301023,-0.0462851,-0.548866,4.22838,-99569.1,-1,2.43232e-10,1,0
0.00302447,-0.299784,-0.0456117,-0.548491,4.22729,-99119.5,-1,9.33903e-10,1,0
0.00302582,-0.2989,-0.0464474,-0.548143,4.22742,-98783,-1,1.15932e-09,1,0
0.00302753,-0.298812,-0.0444745,-0.548782,4.2273,-98698.5,-1,2.07561e-09,1,0
0.00302835,-0.297988,-0.0445722,-0.549057,4.22643,-98399.6,-1,8.39851e-10,1,0
0.00302896,-0.298339,-0.0444802,-0.549046,4.22405,-98495.5,-1,5.02671e-10,1,0
0.00302966,-0.297785,-0.0449416,-0.549505,4.22408,-98289.8,-1,5.02671e-10,1,0
0.00303053,-0.298185,-0.0448153,-0.549546,4.22528,-98393.8,-1,1.27477e-09,1,0
0.00303147,-0.299184,-0.044315,-0.549315,4.22523,-98692.8,-1,1.27477e-09,1,0
0.00303237,-0.300147,-0.0438326,-0.549092,4.22406,-98981,-1,2.95485e-09,1,0
0.00303334,-0.300151,-0.0431132,-0.550024,4.2235,-98950.6,-1,6.00168e-10,1,0
0.00303438,-0.300763,-0.0431223,-0.550194,4.22097,-99118.4,-1,1.04387e-11,1,0
0.00303553,-0.301596,-0.0435729,-0.54984,4.22026,-99355.3,-1,4.14539e-10,1,0
0.00303636,-0.301209,-0.0435027,-0.550764,4.22028,-99200.8,-1,4.14539e-10,1,0
0.00303678,-0.30101,-0.0434667,-0.551238,4.22029,-99121.5,-1,4.14539e-10,1,0
0.00303747,-0.300872,-0.0435287,-0.551165,4.22221,-99053.4,-1,1.91904e-09,1,0
0.00303846,-0.300914,-0.0437701,-0.549983,4.22221,-99035,-1,1.91904e-09,1,0
0.00303991,-0.301124,-0.0431086,-0.548482,4.22135,-99056.8,-1,2.10118e-09,1,0
0.00304088,-0.301298,-0.0424354,-0.547526,4.22286,-99082.5,-1,2.49952e-09,1,0
0.00304132,-0.301556,-0.0421472,-0.547903,4.22416,-99153,-1,5.40283e-10,1,0
0.00304175,-0.30129,-0.0423985,-0.547878,4.22307,-99051.5,-1,4.28681e-10,1,0
0.00304267,-0.301734,-0.0425132,-0.5489,4.22284,-99167.4,-1,1.12017e-09,1,0
0.00304301,-0.301813,-0.0426728,-0.549122,4.22273,-99182.3,-1,1.87649e-10,1,0
0.00304422,-0.301069,-0.043837,-0.549625,4.22212,-98898.8,-1,1.47e-09,1,0
0.00304497,-0.300683,-0.0433799,-0.550326,4.22214,-98747.2,-1,1.47e-09,1,0
0.00304534,-0.300495,-0.0431576,-0.550666,4.22215,-98673.6,-1,1.47e-09,1,0
0.00304657,-0.300021,-0.0426068,-0.551684,4.22253,-98478.3,-1,1.50936e-10,1,0
0.00304759,-0.300886,-0.0431937,-0.551428,4.22077,-98729.2,-1,1.06962e-10,1,0
0.00304782,-0.30096,-0.043139,-0.551696,4.22456,-98745.9,-1,2.85371e-10,1,0
0.00304873,-0.301149,-0.0427873,-0.551759,4.22236,-98778.4,-1,4.3643e-11,1,0
0.00305049,-0.302385,-0.0420715,-0.553353,4.22306,-99126.8,-1,2.76958e-09,1,0
0.00305106,-0.301902,-0.0420405,-0.553816,4.22134,-98949.9,-1,1.65581e-11,1,0
0.00305172,-0.301906,-0.0416563,-0.553117,4.22103,-98929.9,-1,7.98022e-10,1,0
0.00305211,-0.302222,-0.0414982,-0.553069,4.22152,-99020.8,-1,4.09498e-10,1,0
0.00305259,-0.301834,-0.0418669,-0.55298,4.22182,-98878,-1,4.89188e-10,1,0
0.0030537,-0.301798,-0.0427415,-0.553086,4.22301,-98830.3,-1,6.83492e-10,1,0
0.00305438,-0.301757,-0.0430725,-0.55266,4.2282,-98794.9,-1,4.406e-11,1,0
0.00305543,-0.302192,-0.0441686,-0.553039,4.22961,-98903.4,-1,1.22487e-09,1,0
0.0030559,-0.302189,-0.0444504,-0.552551,4.22932,-98887,-1,4.36795e-10,1,0
0.00305614,-0.302048,-0.0443371,-0.552633,4.22765,-98833.2,-1,1.81923e-12,1,0
0.00305648,-0.302151,-0.0439655,-0.552485,4.22765,-98855.8,-1,1.81923e-12,1,0
0.00305737,-0.302844,-0.0438397,-0.551988,4.22887,-99053.8,-1,8.53115e-10,1,0
0.00305813,-0.302546,-0.0445809,-0.551745,4.22926,-98931.4,-1,8.33011e-10,1,0
0.00305857,-0.302816,-0.0443425,-0.551352,4.22925,-99005.6,-1,8.33011e-10,1,0
0.00305942,-0.301934,-0.044328,-0.551631,4.22896,-98690.2,-1,5.95578e-10,1,0
0.00305952,-0.301884,-0.0443498,-0.551689,4.22881,-98670.4,-1,4.07675e-11,1,0
0.00306051,-0.302435,-0.0443436,-0.551261,4.23159,-98818.6,-1,5.14218e-10,1,0
0.00306087,-0.302563,-0.0446977,-0.551276,4.23235,-98848.5,-1,2.23735e-10,1,0
0.00306225,-0.303444,-0.0435998,-0.550368,4.23184,-99092,-1,1.67472e-09,1,0
0.00306367,-0.302218,-0.042899,-0.550825,4.23119,-98645.8,-1,1.09263e-09,1,0
0.00306433,-0.302048,-0.0426568,-0.550676,4.23329,-98569.1,-1,4.64695e-10,1,0
0.00306493,-0.302118,-0.0422703,-0.551077,4.23308,-98572.7,-1,3.86907e-10,1,0
0.00306526,-0.302311,-0.0425743,-0.550947,4.23116,-98624.8,-1,2.6242e-11,1,0
0.00306605,-0.302804,-0.0433121,-0.550559,4.23656,-98760.2,-1,1.34898e-09,1,0
0.00306822,-0.300927,-0.041721,-0.551526,4.23616,-98078.9,-1,2.64356e-09,1,0
0.00306908,-0.300428,-0.0423973,-0.550944,4.23722,-97888.6,-1,1.29524e-10,1,0
0.00307015,-0.300541,-0.0432875,-0.550757,4.23613,-97891.3,-1,6.04329e-10,1,0
0.00307147,-0.300944,-0.0445367,-0.550734,4.23941,-97980.2,-1,1.40405e-09,1,0
0.00307274,-0.299548,-0.0446832,-0.550738,4.23647,-97485.4,-1,1.46996e-09,1,0
0.0030738,-0.300014,-0.044478,-0.550754,4.23185,-97603.6,-1,3.84425e-10,1,0
0.00307508,-0.300433,-0.0456843,-0.550329,4.2326,-97699.3,-1,3.81345e-10,1,0
0.00307679,-0.298793,-0.046466,-0.549752,4.23242,-97111.8,-1,7.83562e-10,1,0
0.00307776,-0.299382,-0.0474753,-0.549865,4.23129,-97272.6,-1,1.65053e-11,1,0
0.00307875,-0.299341,-0.0486282,-0.549804,4.2317,-97227.9,-1,1.11947e-09,1,0
0.0030801,-0.299968,-0.0490083,-0.549072,4.23371,-97388.9,-1,1.16341e-09,1,0
0.00308062,-0.300536,-0.0489983,-0.549353,4.23412,-97557,-1,1.2109e-09,1,0
0.0030809,-0.300649,-0.0492345,-0.549578,4.23351,-97584.5,-1,3.44903e-10,1,0
0.00308196,-0.301128,-0.0483086,-0.55009,4.23195,-97706.8,-1,7.01628e-10,1,0
0.00308233,-0.30152,-0.0481431,-0.550241,4.23102,-97821.8,-1,5.52677e-10,1,0
0.00308366,-0.302501,-0.0479328,-0.551473,4.23057,-98098,-1,1.47615e-09,1,0
0.0030851,-0.302768,-0.0482129,-0.55238,4.22894,-98138.8,-1,8.62906e-11,1,0
0.00308549,-0.30306,-0.0484029,-0.552712,4.23096,-98220.8,-1,1.6404e-09,1,0
0.00308626,-0.303088,-0.0479586,-0.551959,4.23037,-98205.5,-1,5.35664e-10,1,0
0.00308808,-0.304043,-0.046974,-0.551884,4.2297,-98457,-1,1.69575e-09,1,0
0.0030883,-0.304232,-0.0467952,-0.551934,4.23093,-98511.1,-1,9.33995e-10,1,0
0.00308869,-0.304573,-0.0464705,-0.552018,4.23099,-98608.9,-1,7.4017e-10,1,0
0.0030898,-0.304127,-0.0466123,-0.550929,4.22981,-98429.4,-1,9.58196e-10,1,0
0.00309052,-0.304508,-0.0462712,-0.5506,4.22978,-98529.7,-1,3.69486e-10,1,0
0.00309098,-0.304469,-0.0465746,-0.551069,4.22987,-98502.4,-1,2.20107e-10,1,0
0.0030915,-0.304354,-0.0468616,-0.551618,4.22824,-98448.6,-1,9.79821e-10,1,0
0.00309217,-0.303722,-0.0467279,-0.551211,4.22925,-98222.9,-1,4.81008e-10,1,0
0.0030935,-0.302238,-0.0461141,-0.550962,4.22932,-97700.9,-1,4.81008e-10,1,0
0.00309489,-0.300863,-0.0453723,-0.551095,4.23262,-97212.8,-1,5.37164e-10,1,0
0.00309567,-0.301382,-0.0453851,-0.550345,4.23384,-97356.1,-1,5.19432e-11,1,0
0.00309691,-0.300077,-0.0447261,-0.550727,4.23304,-96895.3,-1,1.63972e-10,1,0
0.00309707,-0.299934,-0.0446611,-0.550701,4.23061,-96844.4,-1,1.38508e-11,1,0
0.00309839,-0.298879,-0.0437579,-0.55151,4.23066,-96462.7,-1,1.38508e-11,1,0
0.00309959,-0.297973,-0.0429314,-0.552153,4.23071,-96133.1,-1,2.9997e-09,1,0
0.00310081,-0.298143,-0.0420323,-0.550977,4.2307,-96149.9,-1,2.9997e-09,1,0
0.00310155,-0.298245,-0.0414908,-0.550268,4.23049,-96160.1,-1,2.4605e-09,1,0
0.00310237,-0.298336,-0.0419975,-0.549982,4.23012,-96163.6,-1,7.84345e-10,1,0
0.00310351,-0.297637,-0.0409693,-0.549589,4.22992,-95903.3,-1,1.57797e-10,1,0
0.00310467,-0.296835,-0.0402096,-0.549509,4.22886,-95609,-1,4.48393e-10,1,0
0.00310614,-0.297725,-0.0389844,-0.550451,4.22882,-95850.6,-1,4.48393e-10,1,0
0.00310709,-0.296792,-0.0385292,-0.550978,4.23021,-95520.8,-1,1.1641e-09,1,0
0.00310815,-0.297296,-0.0380544,-0.549882,4.23018,-95650.2,-1,1.1641e-09,1,0
0.00310911,-0.297429,-0.0381496,-0.54956,4.23206,-95663.7,-1,4.68216e-10,1,0
0.00311084,-0.298654,-0.0395415,-0.550557,4.232,-96004.3,-1,4.68216e-10,1,0
0.0031121,-0.299553,-0.0405633,-0.551289,4.23168,-96254,-1,3.65011e-09,1,0
0.00311288,-0.299544,-0.0406453,-0.551865,4.22711,-96227.5,-1,1.08949e-11,1,0
0.00311456,-0.298115,-0.0404921,-0.552296,4.22543,-95716.5,-1,1.48704e-09,1,0
0.00311554,-0.298741,-0.0404239,-0.551759,4.22065,-95887.3,-1,1.48358e-09,1,0
0.00311656,-0.299818,-0.0403617,-0.551147,4.2206,-96201.6,-1,1.48358e-09,1,0
0.00311702,-0.300306,-0.0403335,-0.550869,4.22086,-96343.9,-1,2.77083e-09,1,0
0.00311765,-0.300988,-0.0406268,-0.551073,4.22076,-96543.3,-1,7.70088e-10,1,0
0.00311961,-0.302655,-0.0416863,-0.55154,4.22116,-97016.9,-1,2.17393e-09,1,0
0.00311979,-0.302469,-0.041737,-0.551628,4.22187,-96951.8,-1,3.14657e-10,1,0
0.00312111,-0.300952,-0.0420303,-0.551802,4.22165,-96424.6,-1,5.52171e-11,1,0
0.0031215,-0.300926,-0.0424957,-0.551817,4.22179,-96404.3,-1,3.80092e-10,1,0
0.00312286,-0.300562,-0.0417686,-0.551475,4.22008,-96245.9,-1,5.59244e-10,1,0
0.00312414,-0.300227,-0.040669,-0.550936,4.22023,-96098.9,-1,9.9506e-11,1,0
0.00312446,-0.300207,-0.0406578,-0.550601,4.21852,-96082.9,-1,3.56599e-11,1,0
0.00312519,-0.299698,-0.0401134,-0.550128,4.21841,-95897.5,-1,9.16715e-10,1,0
0.00312604,-0.299822,-0.0408662,-0.549421,4.21753,-95911,-1,1.04015e-09,1,0
0.00312725,-0.298803,-0.0401859,-0.548596,4.21758,-95548.2,-1,1.04015e-09,1,0
0.0031284,-0.297835,-0.039539,-0.547812,4.21653,-95203.5,-1,2.88037e-09,1,0
0.00312941,-0.298385,-0.0393574,-0.548138,4.22063,-95348.5,-1,2.88354e-10,1,0
0.00312976,-0.298215,-0.0393553,-0.548431,4.22303,-95283.7,-1,3.78042e-10,1,0
0.00313078,-0.298018,-0.0392573,-0.548356,4.22013,-95189.7,-1,6.2403e-10,1,0
0.00313193,-0.29702,-0.0389539,-0.548966,4.22046,-94836,-1,1.74275e-09,1,0
0.00313212,-0.297107,-0.0390314,-0.549039,4.21752,-94858.1,-1,1.80089e-10,1,0
0.00313249,-0.297176,-0.0388894,-0.548726,4.21606,-94869,-1,6.82626e-11,1,0
0.00313318,-0.297491,-0.0387199,-0.547973,4.21616,-94948.6,-1,6.7971e-10,1,0
0.00313343,-0.297574,-0.0387073,-0.547689,4.21736,-94967.6,-1,6.80956e-10,1,0
0.00313474,-0.297465,-0.0383988,-0.546462,4.21526,-94893,-1,4.3739e-10,1,0
0.00313631,-0.296393,-0.0373045,-0.545993,4.2157,-94503.7,-1,1.23149e-09,1,0
0.00313823,-0.295175,-0.039246,-0.545526,4.21577,-94057.7,-1,1.23149e-09,1,0
0.00313853,-0.294989,-0.0395351,-0.545456,4.21414,-93989.7,-1,6.35823e-12,1,0
0.00313904,-0.294897,-0.0400293,-0.545139,4.21468,-93944.9,-1,4.16512e-11,1,0
0.00313942,-0.294875,-0.0403766,-0.54487,4.21529,-93926.6,-1,9.75481e-10,1,0
0.00313984,-0.294969,-0.0405184,-0.544382,4.21529,-93944,-1,9.75481e-10,1,0
0.00314047,-0.295159,-0.0406789,-0.543788,4.21492,-93985.4,-1,1.19061e-10,1,0
0.00314097,-0.294861,-0.041149,-0.544013,4.21401,-93875.8,-1,6.0048e-10,1,0
0.00314294,-0.295926,-0.0421962,-0.545902,4.21365,-94155.8,-1,2.40846e-09,1,0
0.00314377,-0.295587,-0.0422796,-0.545307,4.21354,-94023,-1,8.24596e-10,1,0
0.0031443,-0.296004,-0.0420898,-0.545061,4.21373,-94139.6,-1,1.82465e-10,1,0
0.00314536,-0.296115,-0.0418238,-0.54566,4.21017,-94143.5,-1,7.87777e-10,1,0
0.00314627,-0.295996,-0.0418351,-0.544726,4.20784,-94078.4,-1,6.40899e-10,1,0
0.00314744,-0.296117,-0.0425315,-0.543661,4.20875,-94081.9,-1,1.15887e-09,1,0
0.00314815,-0.296233,-0.0430415,-0.543735,4.20646,-94097.6,-1,6.91636e-10,1,0
0.00314901,-0.295548,-0.0435198,-0.544329,4.20674,-93854.1,-1,1.02348e-09,1,0
0.00315015,-0.294843,-0.0432925,-0.543632,4.2087,-93596.5,-1,2.05149e-10,1,0
0.00315128,-0.293597,-0.0428842,-0.544039,4.20877,-93167.6,-1,2.05149e-10,1,0
0.00315161,-0.293316,-0.0430457,-0.544073,4.20998,-93068.5,-1,2.51144e-10,1,0
0.00315345,-0.293473,-0.0441274,-0.542911,4.20571,-93064.2,-1,1.59401e-09,1,0
0.0031539,-0.293408,-0.043805,-0.542731,4.20597,-93030.3,-1,3.42794e-10,1,0
0.00315544,-0.293707,-0.0428737,-0.542136,4.20855,-93079.4,-1,7.62132e-10,1,0
0.00315627,-0.293167,-0.0428025,-0.542171,4.20806,-92884,-1,1.40569e-09,1,0
0.00315771,-0.291903,-0.0439798,-0.542479,4.20785,-92441.3,-1,2.29963e-09,1,0
0.00315858,-0.290918,-0.043874,-0.54285,4.20556,-92103.9,-1,1.05818e-09,1,0
0.0031606,-0.292501,-0.0447224,-0.541175,4.20492,-92546,-1,2.45532e-09,1,0
0.00316166,-0.291623,-0.0437942,-0.541084,4.20504,-92237.1,-1,6.01296e-10,1,0
0.00316253,-0.29177,-0.0430154,-0.5412,4.20692,-92258.2,-1,7.02542e-10,1,0
0.00316304,-0.292325,-0.0428986,-0.540955,4.2069,-92418.9,-1,7.02542e-10,1,0
0.003164,-0.293025,-0.042763,-0.540953,4.20579,-92612.2,-1,1.20243e-10,1,0
0.00316446,-0.293351,-0.0430202,-0.541314,4.20577,-92701.9,-1,1.20243e-10,1,0
0.00316545,-0.294092,-0.0435322,-0.542053,4.20856,-92907,-1,1.69189e-09,1,0
0.00316595,-0.294658,-0.0433457,-0.541963,4.20853,-93071.1,-1,1.69189e-09,1,0
0.00316677,-0.295544,-0.0431478,-0.541917,4.20571,-93326.7,-1,1.3026e-10,1,0
0.00316847,-0.297022,-0.0416994,-0.542074,4.20743,-93742.7,-1,2.07482e-09,1,0
0.00316906,-0.297439,-0.041913,-0.54254,4.20638,-93857,-1,3.13896e-10,1,0
0.0031695,-0.297856,-0.0418936,-0.542872,4.20704,-93975.8,-1,6.6431e-10,1,0
0.00317012,-0.297812,-0.041644,-0.542661,4.20605,-93943.6,-1,3.59132e-10,1,0
0.00317144,-0.297656,-0.0402442,-0.541882,4.20606,-93855.1,-1,3.59132e-10,1,0
0.00317338,-0.297426,-0.0381875,-0.540738,4.20607,-93725.3,-1,3.59132e-10,1,0
0.00317393,-0.297361,-0.0376039,-0.540413,4.20607,-93688.5,-1,3.59132e-10,1,0
0.00317465,-0.297487,-0.0376104,-0.540767,4.20914,-93706.9,-1,9.54128e-11,1,0
0.00317605,-0.298214,-0.0382995,-0.54214,4.2091,-93894.5,-1,9.54128e-11,1,0
0.00317697,-0.297966,-0.0383018,-0.542105,4.20907,-93789.6,-1,8.59648e-11,1,0
0.00317982,-0.297485,-0.0383043,-0.542706,4.20784,-93554,-1,1.15911e-09,1,0
0.00318027,-0.297163,-0.0381138,-0.542913,4.2034,-93439.6,-1,3.38484e-11,1,0
0.00318089,-0.297612,-0.0382751,-0.542343,4.20341,-93562.5,-1,7.4188e-10,1,0
0.00318163,-0.297821,-0.0377175,-0.541948,4.20343,-93606.6,-1,5.31397e-10,1,0
0.00318216,-0.297964,-0.0371237,-0.542117,4.20362,-93635.8,-1,3.44322e-10,1,0
0.00318307,-0.297061,-0.0365905,-0.542176,4.20345,-93325.2,-1,4.66549e-10,1,0
0.00318514,-0.295313,-0.0359245,-0.543166,4.20541,-92715.8,-1,2.68227e-09,1,0
0.0031856,-0.295178,-0.0354091,-0.543075,4.20156,-92660.1,-1,5.43595e-10,1,0
0.0031859,-0.295479,-0.0355511,-0.543087,4.20208,-92746,-1,1.64504e-10,1,0
0.00318681,-0.294921,-0.0349848,-0.542849,4.20209,-92544.4,-1,9.48733e-10,1,0
0.00318741,-0.294272,-0.0347998,-0.542586,4.20249,-92323.2,-1,5.86319e-10,1,0
0.00318935,-0.293709,-0.0348996,-0.5442,4.20266,-92090.5,-1,1.85433e-09,1,0
0.0031904,-0.293062,-0.0356539,-0.544105,4.20401,-91857.2,-1,9.56125e-10,1,0
0.003192,-0.293761,-0.0367771,-0.542905,4.2036,-92030.5,-1,3.93117e-10,1,0
0.00319404,-0.293785,-0.0385318,-0.543035,4.20557,-91979,-1,1.60994e-09,1,0
0.00319464,-0.293752,-0.0385469,-0.543595,4.2061,-91951.6,-1,8.5243e-11,1,0
0.00319498,-0.293528,-0.038209,-0.543485,4.20611,-91871.5,-1,8.5243e-11,1,0
0.00319626,-0.294282,-0.038838,-0.544162,4.20767,-92070.9,-1,1.15916e-09,1,0
0.00319776,-0.29558,-0.0378662,-0.543304,4.20603,-92433.3,-1,1.834e-09,1,0
0.0031985,-0.296063,-0.0376465,-0.543304,4.20818,-92563.2,-1,1.3778e-10,1,0
0.00319898,-0.29625,-0.0370928,-0.543339,4.20883,-92607.9,-1,9.24901e-10,1,0
0.00319948,-0.296569,-0.0371232,-0.543383,4.21073,-92692.8,-1,3.73757e-10,1,0
0.00319962,-0.296408,-0.0371375,-0.543402,4.21571,-92638.7,-1,1.62394e-10,1,0
0.00320003,-0.296702,-0.0374305,-0.543114,4.21442,-92718.4,-1,5.0459e-10,1,0
0.00320236,-0.296053,-0.0363162,-0.544863,4.21328,-92448.4,-1,5.17672e-10,1,0
0.00320323,-0.295897,-0.0370215,-0.544206,4.21431,-92374.6,-1,9.51449e-10,1,0
0.00320372,-0.296003,-0.0365538,-0.544228,4.2128,-92393.4,-1,3.21008e-10,1,0
0.00320428,-0.296525,-0.0366579,-0.544037,4.21215,-92540.5,-1,8.79123e-11,1,0
0.00320502,-0.29662,-0.0358595,-0.544098,4.21258,-92548.6,-1,8.09241e-10,1,0
0.00320552,-0.296706,-0.035855,-0.544691,4.21164,-92561,-1,5.99752e-10,1,0
0.00320634,-0.296113,-0.0358617,-0.544399,4.21299,-92352.4,-1,6.35244e-11,1,0
0.00320788,-0.295718,-0.0341087,-0.544384,4.215,-92184.9,-1,1.15918e-09,1,0
0.00320985,-0.294751,-0.0346747,-0.542419,4.21373,-91826.8,-1,1.1592e-09,1,0
0.00321002,-0.294821,-0.0345869,-0.542448,4.21325,-91844,-1,4.32044e-11,1,0
0.00321099,-0.295421,-0.0342497,-0.542939,4.21553,-92003.1,-1,1.7005e-10,1,0
0.00321138,-0.295878,-0.0341666,-0.543006,4.21551,-92134.4,-1,1.7005e-10,1,0
0.00321209,-0.296545,-0.0341315,-0.542682,4.2144,-92321.4,-1,8.62262e-10,1,0
0.00321304,-0.297098,-0.0343167,-0.542262,4.2165,-92466.4,-1,3.09814e-10,1,0
0.00321414,-0.296295,-0.0339145,-0.541285,4.21528,-92184.7,-1,1.66807e-10,1,0
0.00321459,-0.296037,-0.0336594,-0.541222,4.21395,-92091.9,-1,2.32237e-10,1,0
0.00321518,-0.296179,-0.0340422,-0.541347,4.21478,-92119,-1,3.84024e-10,1,0
0.0032156,-0.295695,-0.0338818,-0.541399,4.21636,-91956.3,-1,1.28798e-10,1,0
0.00321624,-0.295619,-0.0338535,-0.541317,4.21738,-91914.2,-1,3.59349e-10,1,0
0.00321758,-0.295092,-0.0331968,-0.542402,4.21693,-91712.5,-1,9.50747e-10,1,0
0.00321884,-0.29585,-0.0339083,-0.542931,4.21524,-91911.9,-1,8.47672e-10,1,0
0.00321993,-0.296984,-0.0337841,-0.543571,4.21519,-92233.2,-1,1.54605e-09,1,0
0.00322123,-0.296479,-0.0337607,-0.542919,4.21671,-92038.9,-1,1.20733e-10,1,0
0.00322246,-0.295721,-0.0335234,-0.541844,4.21743,-91768.7,-1,2.84766e-10,1,0
0.00322338,-0.295317,-0.0343813,-0.541356,4.21641,-91617.2,-1,3.77223e-10,1,0
0.00322524,-0.294067,-0.0335923,-0.540413,4.2159,-91176.9,-1,7.74154e-10,1,0
0.00322647,-0.294295,-0.0341377,-0.540844,4.21296,-91212.5,-1,9.56228e-10,1,0
0.00322693,-0.294155,-0.0344641,-0.540413,4.21297,-91156.4,-1,9.56228e-10,1,0
0.00322804,-0.294618,-0.0348079,-0.540445,4.20994,-91268.3,-1,6.16988e-10,1,0
0.00322919,-0.294111,-0.0342916,-0.539623,4.2057,-91078.9,-1,8.53605e-10,1,0
0.00323043,-0.293616,-0.0336048,-0.539063,4.20638,-90890.7,-1,3.23988e-10,1,0
0.00323124,-0.293861,-0.0332456,-0.538804,4.20453,-90943.7,-1,2.53428e-10,1,0
0.00323245,-0.294685,-0.0321687,-0.538234,4.20431,-91164.4,-1,2.21391e-09,1,0
0.00323329,-0.295529,-0.0320806,-0.537802,4.20404,-91401.9,-1,1.55888e-10,1,0
0.00323409,-0.296203,-0.0317061,-0.537204,4.20401,-91587.7,-1,1.55888e-10,1,0
0.00323426,-0.29634,-0.03163,-0.537083,4.2047,-91625.4,-1,1.66107e-09,1,0
0.00323547,-0.29697,-0.0319605,-0.53615,4.20232,-91785.7,-1,8.45816e-10,1,0
0.00323667,-0.297751,-0.0322931,-0.536081,4.20317,-91993.1,-1,1.58075e-09,1,0
0.00323744,-0.298447,-0.031784,-0.536103,4.20185,-92186.3,-1,6.66302e-11,1,0
0.00323815,-0.298126,-0.0314552,-0.536169,4.20065,-92066.7,-1,2.82957e-10,1,0
0.0032392,-0.29717,-0.0307693,-0.536066,4.20175,-91741.7,-1,3.14397e-10,1,0
0.00324071,-0.295646,-0.0304057,-0.537014,4.20182,-91228.7,-1,3.14397e-10,1,0
0.0032412,-0.295145,-0.0303024,-0.537254,4.20569,-91060.2,-1,7.00891e-11,1,0
0.003242,-0.295557,-0.0298203,-0.536845,4.20534,-91164.9,-1,3.61003e-10,1,0
0.00324316,-0.296714,-0.0303608,-0.536586,4.2041,-91489.4,-1,2.45863e-10,1,0
0.00324391,-0.296717,-0.029925,-0.53662,4.20414,-91468.8,-1,5.12794e-10,1,0
0.00324476,-0.296598,-0.0304016,-0.53705,4.20652,-91408.4,-1,3.6847e-10,1,0
0.00324555,-0.296745,-0.0309241,-0.537349,4.2079,-91431.4,-1,1.81405e-10,1,0
0.00324637,-0.295961,-0.0308336,-0.537607,4.20538,-91166.8,-1,8.65395e-10,1,0
0.00324692,-0.295954,-0.0309436,-0.537226,4.20527,-91149.4,-1,6.62337e-11,1,0
0.00324742,-0.296278,-0.0314694,-0.537241,4.20525,-91234.7,-1,6.62337e-11,1,0
0.00324778,-0.296208,-0.0317169,-0.537197,4.20582,-91203.3,-1,1.87953e-10,1,0
0.00324865,-0.296614,-0.03172,-0.537114,4.20593,-91303.8,-1,5.86638e-10,1,0
0.00325013,-0.296544,-0.0319299,-0.538303,4.20218,-91240.9,-1,6.94794e-10,1,0
0.00325099,-0.297214,-0.0325007,-0.538855,4.20138,-91422.5,-1,9.78421e-10,1,0
0.00325219,-0.297844,-0.0314158,-0.539011,4.20189,-91582.3,-1,3.67166e-10,1,0
0.00325352,-0.298444,-0.0299235,-0.538923,4.20102,-91729.6,-1,2.78143e-09,1,0
0.00325483,-0.299205,-0.0290356,-0.53783,4.2004,-91926.2,-1,1.60086e-09,1,0
0.00325625,-0.298754,-0.0304149,-0.53875,4.20064,-91747.8,-1,1.71802e-09,1,0
0.00325726,-0.297826,-0.0311601,-0.538922,4.20068,-91434.3,-1,1.20883e-09,1,0
0.00325781,-0.298337,-0.0314876,-0.539204,4.19939,-91575.8,-1,6.95899e-10,1,0
0.00325816,-0.298438,-0.0316292,-0.539123,4.19906,-91597.2,-1,2.00455e-10,1,0
0.00326,-0.299324,-0.0315617,-0.541007,4.19847,-91817.3,-1,1.1802e-09,1,0
0.00326065,-0.299801,-0.0314623,-0.541626,4.19527,-91945.1,-1,1.79384e-09,1,0
0.00326196,-0.299145,-0.0317023,-0.540506,4.19667,-91707.2,-1,5.0198e-10,1,0
0.00326332,-0.300451,-0.0319031,-0.540234,4.19116,-92069,-1,1.17993e-09,1,0
0.00326541,-0.300972,-0.0327963,-0.540554,4.19081,-92169.8,-1,1.1803e-09,1,0
0.003267,-0.30251,-0.032132,-0.541528,4.19073,-92595.7,-1,1.1803e-09,1,0
0.00326767,-0.303162,-0.0318457,-0.54192,4.19068,-92776.2,-1,1.97504e-09,1,0
0.00326862,-0.303538,-0.0321734,-0.541914,4.18917,-92864.4,-1,5.78648e-10,1,0
0.00326919,-0.303314,-0.0319266,-0.541749,4.18623,-92779.4,-1,1.03875e-10,1,0
0.00326954,-0.303062,-0.0316857,-0.541804,4.18769,-92692.7,-1,7.23802e-11,1,0
0.0032709,-0.302573,-0.0304628,-0.541324,4.18758,-92504.6,-1,6.88963e-10,1,0
0.00327107,-0.302592,-0.0302835,-0.541225,4.18933,-92505.4,-1,1.17404e-09,1,0
0.00327134,-0.302631,-0.030367,-0.541232,4.18884,-92509.8,-1,1.76251e-10,1,0
0.00327246,-0.30303,-0.030245,-0.539928,4.18882,-92600,-1,1.76251e-10,1,0
0.00327377,-0.303494,-0.0301033,-0.538412,4.18879,-92704.8,-1,1.76251e-10,1,0
0.00327541,-0.304065,-0.0307564,-0.537729,4.19065,-92832.5,-1,4.22009e-09,1,0
0.00327623,-0.304344,-0.0316096,-0.538156,4.19064,-92894.5,-1,4.22009e-09,1,0
0.00327667,-0.304077,-0.0317187,-0.538139,4.19235,-92800.6,-1,3.41092e-10,1,0
0.0032779,-0.305106,-0.0323181,-0.538123,4.19654,-93079.5,-1,1.18067e-09,1,0
0.00327876,-0.305762,-0.0325913,-0.53873,4.19451,-93255.3,-1,8.43471e-10,1,0
0.00327987,-0.30596,-0.033863,-0.539098,4.1945,-93284.1,-1,9.493e-10,1,0
0.00328093,-0.305849,-0.0340949,-0.538114,4.19641,-93220.2,-1,1.0576e-09,1,0
0.003282,-0.305009,-0.0348696,-0.538739,4.19645,-92934,-1,1.0576e-09,1,0
0.00328315,-0.304107,-0.0357024,-0.539411,4.19517,-92626.6,-1,2.7017e-09,1,0
0.0032839,-0.304772,-0.0356861,-0.53878,4.19514,-92807.8,-1,2.7017e-09,1,0
0.00328563,-0.3056,-0.0343007,-0.539182,4.19427,-93011,-1,1.0204e-09,1,0
0.00328608,-0.305607,-0.0343868,-0.539189,4.19066,-93000.3,-1,1.99108e-10,1,0
0.00328657,-0.305789,-0.034757,-0.539184,4.1915,-93042.2,-1,2.91504e-10,1,0
0.00328747,-0.305205,-0.0345239,-0.538288,4.19285,-92839,-1,1.09454e-09,1,0
0.00328897,-0.305147,-0.0349105,-0.539701,4.1906,-92778.8,-1,3.94165e-10,1,0
0.00328983,-0.305258,-0.0345747,-0.540473,4.19125,-92788.2,-1,1.8881e-09,1,0
0.00329033,-0.305267,-0.034087,-0.540829,4.19085,-92776.9,-1,1.19768e-09,1,0
0.00329132,-0.306179,-0.0336683,-0.540182,4.19069,-93026.3,-1,5.42941e-10,1,0
0.00329171,-0.306464,-0.0335399,-0.540005,4.19008,-93101.7,-1,6.34679e-11,1,0
0.0032923,-0.306816,-0.0330158,-0.539675,4.189,-93192.2,-1,7.12797e-10,1,0
0.00329394,-0.308018,-0.0331918,-0.54033,4.18689,-93510.5,-1,7.87893e-10,1,0
0.00329557,-0.30898,-0.0338591,-0.539357,4.18688,-93756.1,-1,1.18001e-09,1,0
0.00329573,-0.309146,-0.0339387,-0.539416,4.18738,-93801.9,-1,3.14635e-10,1,0
0.00329709,-0.30862,-0.0327539,-0.540433,4.1874,-93603.8,-1,3.14635e-10,1,0
0.0032977,-0.308675,-0.0324236,-0.540711,4.18322,-93603,-1,2.09357e-10,1,0
0.00329919,-0.309214,-0.031002,-0.540609,4.1826,-93724.3,-1,9.46894e-10,1,0
0.00329989,-0.308495,-0.0306635,-0.540294,4.18264,-93486.3,-1,9.46894e-10,1,0
0.00330052,-0.308281,-0.0307297,-0.54013,4.18111,-93403.9,-1,7.32247e-11,1,0
0.00330105,-0.30842,-0.030834,-0.539906,4.17964,-93430.8,-1,4.16125e-10,1,0
0.00330176,-0.308334,-0.0314604,-0.540484,4.17939,-93385,-1,2.27339e-10,1,0
0.0033023,-0.308274,-0.031933,-0.540926,4.17885,-93351.1,-1,9.33316e-12,1,0
0.0033026,-0.308479,-0.0317918,-0.540747,4.17939,-93404.8,-1,4.00182e-11,1,0
0.00330362,-0.30879,-0.0311098,-0.540279,4.1831,-93470.4,-1,4.62212e-10,1,0
0.00330473,-0.309102,-0.0306112,-0.540354,4.18205,-93533.2,-1,3.65482e-10,1,0
0.00330707,-0.307571,-0.0296545,-0.539455,4.18245,-93004,-1,9.36195e-10,1,0
0.00330769,-0.307716,-0.0298189,-0.538829,4.18036,-93030.4,-1,1.99277e-09,1,0
0.00330854,-0.308118,-0.0301157,-0.538008,4.17666,-93128.3,-1,4.44119e-11,1,0
0.00330967,-0.308129,-0.0298781,-0.536739,4.17874,-93099.7,-1,9.93072e-10,1,0
0.00331145,-0.307411,-0.0306345,-0.536032,4.17435,-92832.7,-1,1.17975e-09,1,0
0.00331266,-0.307688,-0.0295905,-0.535945,4.17609,-92882.4,-1,1.22824e-09,1,0
0.00331363,-0.308288,-0.0300913,-0.535067,4.17606,-93036.4,-1,1.22824e-09,1,0
0.00331558,-0.309499,-0.0311017,-0.533295,4.176,-93346.6,-1,1.22824e-09,1,0
0.003316,-0.309724,-0.0312717,-0.532925,4.17325,-93402.9,-1,3.81076e-11,1,0
0.00331773,-0.30904,-0.0316695,-0.531608,4.17301,-93148.1,-1,2.87524e-10,1,0
0.00331894,-0.308833,-0.0318854,-0.530467,4.17289,-93051.6,-1,4.4783e-10,1,0
0.00332021,-0.307612,-0.0319314,-0.530041,4.17345,-92648.2,-1,1.18029e-09,1,0
0.00332185,-0.306068,-0.0307244,-0.530354,4.17353,-92137.9,-1,1.18029e-09,1,0
0.00332345,-0.305539,-0.0305647,-0.530079,4.17656,-91934.3,-1,1.54718e-10,1,0
0.00332461,-0.305147,-0.0312113,-0.530953,4.16904,-91784.4,-1,9.73587e-10,1,0
0.00332518,-0.305507,-0.0310707,-0.530579,4.16901,-91876.8,-1,4.44627e-10,1,0
0.00332621,-0.30547,-0.0304187,-0.531093,4.16782,-91837.2,-1,2.99363e-10,1,0
0.00332827,-0.305462,-0.0303706,-0.53155,4.17013,-91778.1,-1,1.18078e-09,1,0
0.00332928,-0.306657,-0.0301511,-0.531735,4.17007,-92108.9,-1,1.18078e-09,1,0
0.00333196,-0.307649,-0.029349,-0.532456,4.17129,-92332.7,-1,3.78529e-09,1,0
0.00333298,-0.306509,-0.0294652,-0.53263,4.17093,-91962.5,-1,8.60554e-10,1,0
0.00333524,-0.305109,-0.0309235,-0.531676,4.17014,-91480.4,-1,2.27397e-09,1,0
0.00333672,-0.305474,-0.0309606,-0.533268,4.16867,-91549.4,-1,1.09316e-09,1,0
0.00333806,-0.305846,-0.0305084,-0.534686,4.17059,-91623.9,-1,3.91849e-10,1,0
0.00333873,-0.305301,-0.0309098,-0.534676,4.17055,-91442.3,-1,1.76679e-10,1,0
0.00333982,-0.30438,-0.0312896,-0.534106,4.17049,-91136.7,-1,3.96564e-11,1,0
0.00334021,-0.304625,-0.03124,-0.534392,4.16957,-91199.5,-1,1.5822e-10,1,0
0.00334072,-0.304182,-0.0309192,-0.534657,4.17119,-91052.9,-1,6.04567e-10,1,0
0.00334107,-0.304218,-0.0305303,-0.534647,4.16934,-91054,-1,6.20334e-11,1,0
0.0033422,-0.304683,-0.0304658,-0.534535,4.16826,-91162.3,-1,7.20099e-10,1,0
0.00334257,-0.304679,-0.0300558,-0.534364,4.16794,-91151.4,-1,1.08767e-09,1,0
0.00334411,-0.30374,-0.0284408,-0.534255,4.17203,-90828.3,-1,1.87158e-09,1,0
0.00334536,-0.304393,-0.0284629,-0.534903,4.17075,-90989.7,-1,5.02252e-10,1,0
0.0033461,-0.304659,-0.028537,-0.534539,4.16839,-91049,-1,1.0265e-10,1,0
0.0033468,-0.304598,-0.0290093,-0.535144,4.16927,-91011.6,-1,2.86346e-10,1,0
0.00334734,-0.304523,-0.0296337,-0.534977,4.16927,-90974.6,-1,2.86346e-10,1,0
0.0033478,-0.304557,-0.0301346,-0.534964,4.16973,-90972.3,-1,1.59824e-10,1,0
0.00334806,-0.304527,-0.0304255,-0.535056,4.16973,-90956.3,-1,1.59824e-10,1,0
0.00334919,-0.304662,-0.0315959,-0.535387,4.1686,-90965.8,-1,2.74382e-10,1,0
0.00335032,-0.304649,-0.0314466,-0.534713,4.16882,-90931.3,-1,7.16126e-10,1,0
0.00335076,-0.305013,-0.0317029,-0.534413,4.16881,-91028,-1,7.16126e-10,1,0
0.00335159,-0.305524,-0.0320722,-0.533752,4.1702,-91158,-1,1.95592e-09,1,0
0.00335304,-0.305436,-0.032087,-0.531993,4.1702,-91092.2,-1,1.95592e-09,1,0
0.00335357,-0.305404,-0.0320924,-0.531353,4.17311,-91068.3,-1,2.63289e-09,1,0
0.00335414,-0.305155,-0.032077,-0.531959,4.173,-90978.6,-1,4.31038e-10,1,0
0.0033548,-0.305135,-0.0320191,-0.532666,4.17001,-90954.9,-1,5.55956e-10,1,0
0.00335661,-0.30626,-0.0322647,-0.532041,4.16999,-91241.1,-1,1.18058e-09,1,0
0.00335744,-0.30557,-0.0320334,-0.531952,4.16966,-91013,-1,1.95755e-10,1,0
0.00335796,-0.305537,-0.0316029,-0.532195,4.16584,-90988.9,-1,4.89697e-10,1,0
0.00335967,-0.305925,-0.0311367,-0.530206,4.1667,-91057.9,-1,2.14635e-09,1,0
0.00336021,-0.306343,-0.0310617,-0.52973,4.168,-91167.6,-1,6.4398e-10,1,0
0.00336099,-0.306045,-0.0307017,-0.529194,4.16484,-91057.9,-1,6.67504e-10,1,0
0.00336173,-0.306348,-0.0301606,-0.529826,4.16483,-91128.1,-1,6.67504e-10,1,0
0.00336304,-0.307125,-0.0305802,-0.529386,4.16796,-91323.6,-1,1.18025e-09,1,0
0.00336463,-0.308087,-0.0312561,-0.530893,4.16804,-91566.3,-1,1.91075e-09,1,0
0.00336536,-0.308254,-0.0305924,-0.53106,4.1671,-91596.2,-1,4.18394e-10,1,0
0.00336726,-0.308418,-0.0300893,-0.531547,4.16538,-91593.2,-1,1.12098e-09,1,0
0.00336817,-0.307497,-0.0297947,-0.532054,4.16289,-91295.2,-1,1.09198e-09,1,0
0.00336973,-0.308637,-0.0287978,-0.53123,4.16116,-91591.2,-1,9.23899e-10,1,0
0.00337049,-0.308928,-0.028596,-0.53064,4.1577,-91656.7,-1,1.49337e-10,1,0
0.00337138,-0.309629,-0.0278966,-0.530602,4.15992,-91840.5,-1,7.23485e-11,1,0
0.00337188,-0.310059,-0.0275905,-0.530878,4.15948,-91954.4,-1,3.5651e-12,1,0
0.00337254,-0.3102,-0.0283807,-0.530798,4.15947,-91978.1,-1,3.5651e-12,1,0
0.00337344,-0.310595,-0.0283515,-0.529874,4.1589,-92070.5,-1,9.97168e-10,1,0
0.00337377,-0.310821,-0.0284867,-0.529981,4.15745,-92128.8,-1,1.27896e-10,1,0
0.0033746,-0.31167,-0.028252,-0.529481,4.15741,-92357.4,-1,1.27896e-10,1,0
0.00337521,-0.312283,-0.0280824,-0.529118,4.15738,-92522.6,-1,1.27896e-10,1,0
0.00337631,-0.313402,-0.0277731,-0.528458,4.15733,-92823.6,-1,1.27896e-10,1,0
0.00337705,-0.31415,-0.0275662,-0.528017,4.15729,-93024.9,-1,1.27896e-10,1,0
0.00337859,-0.314351,-0.0279806,-0.527966,4.15599,-93042.1,-1,9.41558e-10,1,0
0.00337957,-0.314601,-0.0275939,-0.527153,4.15283,-93089.1,-1,1.00151e-09,1,0
0.00338093,-0.313621,-0.0264074,-0.52748,4.15279,-92761.9,-1,1.08909e-09,1,0
0.00338252,-0.312926,-0.0258889,-0.526258,4.15296,-92512.8,-1,1.3474e-09,1,0
0.00338426,-0.311901,-0.0269455,-0.52536,4.15204,-92162.2,-1,6.97189e-10,1,0
0.00338572,-0.31202,-0.0281728,-0.525235,4.1548,-92157.6,-1,1.17376e-09,1,0
0.00338637,-0.312564,-0.0284959,-0.525044,4.15539,-92300.6,-1,6.07543e-10,1,0
0.00338777,-0.31315,-0.0287015,-0.523464,4.15554,-92435.4,-1,1.69788e-09,1,0
0.00338879,-0.313433,-0.0286652,-0.524615,4.15466,-92491.3,-1,1.18021e-09,1,0
0.00339,-0.313092,-0.0288484,-0.526025,4.15481,-92357.5,-1,1.46305e-09,1,0
0.00339041,-0.312911,-0.0285397,-0.525789,4.1545,-92292.8,-1,4.58888e-10,1,0
0.00339167,-0.313046,-0.0296921,-0.526544,4.15414,-92298.5,-1,4.22281e-10,1,0
0.00339301,-0.313302,-0.029121,-0.527234,4.15287,-92337.6,-1,1.0512e-09,1,0
0.00339503,-0.315637,-0.0290113,-0.527941,4.15276,-92970.3,-1,1.0512e-09,1,0
0.00339552,-0.315609,-0.0289562,-0.528098,4.15504,-92948.4,-1,1.94142e-10,1,0
0.00339665,-0.315046,-0.0296105,-0.528031,4.15612,-92751.8,-1,1.85583e-10,1,0
0.00339721,-0.314496,-0.0295205,-0.52767,4.15373,-92575,-1,1.06844e-11,1,0
0.0033987,-0.315435,-0.0293876,-0.527062,4.15153,-92810.6,-1,6.23597e-10,1,0
0.00339896,-0.315664,-0.029513,-0.526874,4.15152,-92870.5,-1,6.23597e-10,1,0
0.00340001,-0.316563,-0.0300065,-0.526137,4.14887,-93106.4,-1,1.58402e-09,1,0
0.00340061,-0.316111,-0.0294482,-0.526003,4.14763,-92957,-1,7.30875e-10,1,0
0.00340178,-0.315904,-0.0283419,-0.526562,4.14768,-92864.2,-1,1.26364e-09,1,0
0.00340279,-0.316019,-0.0286312,-0.526656,4.14429,-92870.7,-1,5.18173e-10,1,0
0.00340364,-0.315253,-0.0291368,-0.526186,4.14433,-92622.3,-1,5.18173e-10,1,0
0.00340402,-0.315013,-0.0293978,-0.525914,4.14598,-92541.5,-1,3.2829e-10,1,0
0.00340481,-0.315486,-0.0287839,-0.525884,4.14569,-92658.8,-1,9.58494e-11,1,0
0.00340495,-0.315404,-0.0288149,-0.525871,4.14638,-92631,-1,2.47292e-11,1,0
0.00340594,-0.315309,-0.0279852,-0.525709,4.14598,-92576,-1,6.24139e-10,1,0
0.00340719,-0.314237,-0.0271973,-0.52501,4.14748,-92227.6,-1,1.50269e-09,1,0
0.00340743,-0.31409,-0.0270064,-0.525073,4.14672,-92178.1,-1,3.12174e-11,1,0
0.00340855,-0.313442,-0.0276433,-0.525514,4.14677,-91957.6,-1,5.45392e-10,1,0
0.00341051,-0.31258,-0.0279697,-0.526865,4.14529,-91652,-1,1.19414e-09,1,0
0.00341094,-0.312111,-0.0281349,-0.526901,4.1459,-91502.8,-1,2.29077e-11,1,0
0.00341211,-0.311482,-0.0276428,-0.526668,4.14624,-91287.1,-1,3.38166e-10,1,0
0.0034131,-0.311085,-0.0285876,-0.526207,4.14484,-91144.4,-1,6.98044e-10,1,0
0.00341352,-0.311457,-0.0285764,-0.526276,4.14581,-91242.4,-1,9.2377e-11,1,0
0.00341438,-0.312475,-0.0283612,-0.526329,4.14619,-91517.3,-1,1.45077e-09,1,0
0.00341583,-0.31261,-0.0289967,-0.527504,4.1474,-91517.9,-1,1.44433e-09,1,0
0.00341754,-0.312315,-0.030388,-0.527627,4.14734,-91385.9,-1,8.67852e-10,1,0
0.00341802,-0.312647,-0.0306014,-0.528056,4.14725,-91470.1,-1,1.11071e-09,1,0
0.00341829,-0.312632,-0.0305854,-0.528188,4.14735,-91458.4,-1,1.02091e-10,1,0
0.00341862,-0.312465,-0.0306053,-0.527898,4.14638,-91400.7,-1,1.22714e-10,1,0
0.00341954,-0.312147,-0.0311664,-0.527222,4.14436,-91283.3,-1,3.01431e-10,1,0
0.00342018,-0.312003,-0.030964,-0.527833,4.14399,-91224.1,-1,2.97588e-10,1,0
0.00342199,-0.312109,-0.0310083,-0.527663,4.14371,-91207.1,-1,1.47432e-09,1,0
0.00342423,-0.313032,-0.0310165,-0.525367,4.14411,-91416.7,-1,1.1804e-09,1,0
0.00342469,-0.313149,-0.0308287,-0.525215,4.14448,-91438.6,-1,1.43374e-10,1,0
0.00342511,-0.313112,-0.0305357,-0.525546,4.1445,-91416.4,-1,4.69183e-10,1,0
0.00342588,-0.312798,-0.030005,-0.525927,4.1425,-91304.3,-1,8.14086e-11,1,0
0.00342661,-0.312341,-0.0296267,-0.525823,4.13968,-91151.8,-1,4.40947e-11,1,0
0.00342764,-0.312817,-0.0297638,-0.526254,4.13822,-91263,-1,3.55747e-10,1,0
0.00342777,-0.312903,-0.0297016,-0.526376,4.13805,-91284.5,-1,9.1265e-10,1,0
0.00342822,-0.312952,-0.0294513,-0.526717,4.13648,-91287,-1,1.838e-10,1,0
0.00342895,-0.312612,-0.0289005,-0.526625,4.13897,-91168.2,-1,2.7328e-11,1,0
0.00342927,-0.312264,-0.0289336,-0.526459,4.13928,-91058.4,-1,2.42736e-10,1,0
0.00343012,-0.312076,-0.0288549,-0.526817,4.14048,-90981.1,-1,5.61076e-10,1,0
0.00343126,-0.313167,-0.0287716,-0.527655,4.13861,-91268.7,-1,1.83898e-09,1,0
0.00343282,-0.312507,-0.0298016,-0.528013,4.14157,-91034.8,-1,1.36881e-09,1,0
0.00343411,-0.311167,-0.0290388,-0.527871,4.14098,-90610.8,-1,1.11912e-09,1,0
0.00343556,-0.310941,-0.0288928,-0.527499,4.14252,-90506.7,-1,8.2783e-10,1,0
0.00343638,-0.310553,-0.0297063,-0.527081,4.14254,-90372,-1,8.2783e-10,1,0
0.00343703,-0.310733,-0.0293116,-0.52736,4.13867,-90407.4,-1,6.48275e-10,1,0
0.00343768,-0.311323,-0.0292056,-0.527199,4.14027,-90561.9,-1,1.21009e-10,1,0
0.00343881,-0.312679,-0.0291176,-0.527027,4.14021,-90926.4,-1,1.21009e-10,1,0
0.00344009,-0.312994,-0.0290795,-0.525734,4.13908,-90984.2,-1,1.20176e-09,1,0
0.00344077,-0.313314,-0.0284836,-0.525279,4.13906,-91059.3,-1,1.20176e-09,1,0
0.0034418,-0.313804,-0.0275705,-0.524582,4.13904,-91174.3,-1,1.20176e-09,1,0
0.00344281,-0.31478,-0.0279318,-0.524625,4.13856,-91431,-1,3.0365e-10,1,0
0.00344355,-0.315351,-0.0278672,-0.525036,4.13627,-91577.1,-1,5.2414e-11,1,0
0.00344449,-0.315833,-0.0268989,-0.525212,4.13731,-91692.2,-1,1.10013e-09,1,0
0.00344493,-0.316196,-0.0268487,-0.52491,4.13658,-91785.8,-1,2.41488e-10,1,0
0.00344619,-0.317045,-0.0277347,-0.524787,4.1392,-91998.6,-1,9.49103e-11,1,0
0.00344695,-0.317035,-0.0284034,-0.524656,4.13876,-91975.4,-1,8.50929e-11,1,0
0.0034484,-0.316321,-0.0294366,-0.524498,4.13759,-91729.7,-1,1.2179e-09,1,0
0.00344973,-0.315706,-0.0307728,-0.524462,4.13748,-91516.2,-1,1.20182e-09,1,0
0.00345025,-0.31616,-0.030773,-0.524462,4.13986,-91633.9,-1,2.41274e-10,1,0
0.00345105,-0.316573,-0.0304504,-0.523768,4.13968,-91732.4,-1,8.69805e-10,1,0
0.00345195,-0.316013,-0.0301572,-0.524205,4.14289,-91546.2,-1,4.15111e-11,1,0
0.00345277,-0.315741,-0.0304431,-0.52427,4.14421,-91445.7,-1,5.06191e-10,1,0
0.00345352,-0.315084,-0.03062,-0.524282,4.14583,-91235.5,-1,3.03855e-10,1,0
0.00345462,-0.315245,-0.0306381,-0.523684,4.14935,-91253.2,-1,1.4303e-10,1,0
0.00345602,-0.315458,-0.0302456,-0.522044,4.14934,-91277.6,-1,1.4303e-10,1,0
0.0034564,-0.315388,-0.0301982,-0.52163,4.14961,-91247.5,-1,3.49376e-11,1,0
0.00345756,-0.315138,-0.0299584,-0.520279,4.15205,-91144.5,-1,1.7426e-09,1,0
0.00345845,-0.315168,-0.0305301,-0.520401,4.15267,-91129.8,-1,8.04624e-10,1,0
0.00345933,-0.314456,-0.0298428,-0.519988,4.15271,-90900.7,-1,8.04624e-10,1,0
0.0034604,-0.313358,-0.0294563,-0.519775,4.15435,-90555.6,-1,1.90864e-09,1,0
0.0034612,-0.312549,-0.02981,-0.520059,4.15456,-90300.9,-1,9.61098e-10,1,0
0.00346152,-0.312258,-0.0300032,-0.520206,4.15484,-90208.3,-1,1.10093e-09,1,0
0.00346274,-0.311677,-0.0310757,-0.520509,4.15393,-90008.8,-1,1.19161e-09,1,0
0.00346318,-0.31146,-0.0310371,-0.520529,4.15416,-89934.7,-1,2.17574e-10,1,0
0.00346436,-0.311933,-0.0307603,-0.520945,4.15213,-90040.6,-1,9.70932e-10,1,0
0.0034646,-0.311844,-0.0308926,-0.521157,4.15287,-90008.7,-1,3.67668e-11,1,0
0.00346593,-0.311297,-0.0323986,-0.521075,4.15181,-89816.4,-1,1.60447e-09,1,0
0.00346668,-0.311315,-0.0322246,-0.521916,4.15218,-89802.2,-1,8.00031e-10,1,0
0.00346728,-0.31078,-0.0323296,-0.522395,4.1522,-89632.2,-1,8.00031e-10,1,0
0.00346863,-0.310306,-0.0331815,-0.522899,4.15188,-89460.4,-1,9.14611e-10,1,0
0.00346961,-0.310769,-0.0332465,-0.522187,4.15169,-89568.7,-1,9.36503e-10,1,0
0.00346982,-0.310871,-0.0330421,-0.522303,4.15168,-89592.8,-1,9.36503e-10,1,0
0.00347008,-0.310944,-0.0329366,-0.522287,4.15213,-89606.9,-1,6.9793e-10,1,0
0.00347131,-0.310855,-0.033591,-0.520956,4.15214,-89549.7,-1,6.9793e-10,1,0
0.00347206,-0.310666,-0.0335036,-0.52124,4.14821,-89476,-1,1.89686e-09,1,0
0.00347281,-0.310413,-0.0331843,-0.522047,4.14822,-89383.8,-1,1.89686e-09,1,0
0.0034738,-0.310396,-0.0325528,-0.522961,4.14792,-89353.4,-1,1.7865e-10,1,0
0.00347506,-0.310581,-0.0314866,-0.522971,4.14901,-89374.4,-1,3.69729e-10,1,0
0.00347652,-0.310379,-0.0297571,-0.52327,4.14935,-89278.6,-1,2.91333e-09,1,0
0.00347734,-0.310001,-0.0300991,-0.523799,4.14886,-89149.1,-1,3.46183e-10,1,0
0.00347752,-0.309867,-0.030063,-0.523782,4.14741,-89105.8,-1,1.33069e-10,1,0
0.00347801,-0.309891,-0.0302362,-0.524341,4.14719,-89100.1,-1,5.72244e-10,1,0
0.00347849,-0.309968,-0.030321,-0.524564,4.14759,-89109.8,-1,3.58434e-10,1,0
0.00347903,-0.310197,-0.0301141,-0.524195,4.14911,-89161.9,-1,3.48319e-10,1,0
0.0034796,-0.310146,-0.0301181,-0.52412,4.14849,-89132.5,-1,3.31986e-10,1,0
0.00348038,-0.309564,-0.0307275,-0.524028,4.14804,-88945.4,-1,8.66167e-10,1,0
0.00348088,-0.309347,-0.0308245,-0.523474,4.14856,-88870.4,-1,6.02676e-10,1,0
0.00348134,-0.309156,-0.0313008,-0.52357,4.14908,-88803.7,-1,1.28022e-10,1,0
0.0034824,-0.308104,-0.031763,-0.523172,4.14758,-88474.4,-1,3.69382e-11,1,0
0.00348321,-0.307419,-0.0324546,-0.523144,4.14762,-88257.3,-1,3.69382e-11,1,0
0.00348359,-0.307168,-0.032789,-0.523124,4.14841,-88175.7,-1,8.3374e-12,1,0
0.00348422,-0.306977,-0.0331458,-0.523767,4.14842,-88105.2,-1,8.3374e-12,1,0
0.00348457,-0.306868,-0.03335,-0.524135,4.14843,-88064.8,-1,8.3374e-12,1,0
0.00348558,-0.306563,-0.0339223,-0.525167,4.14909,-87951.8,-1,2.41315e-09,1,0
0.00348713,-0.306857,-0.0329594,-0.524467,4.1489,-87997.1,-1,2.52551e-10,1,0
0.00348775,-0.306599,-0.032901,-0.523818,4.15047,-87907.6,-1,3.80055e-11,1,0
0.00348846,-0.306179,-0.0327091,-0.523299,4.15103,-87769.3,-1,1.32446e-09,1,0
0.00348904,-0.305679,-0.0322255,-0.523433,4.15106,-87611.2,-1,1.32446e-09,1,0
0.00348974,-0.305171,-0.0316628,-0.523653,4.15344,-87448,-1,9.40726e-11,1,0
0.00349026,-0.30549,-0.0315212,-0.523906,4.15272,-87526.3,-1,1.81372e-10,1,0
0.00349247,-0.30526,-0.030505,-0.524195,4.15317,-87405.3,-1,1.93138e-09,1,0
0.00349366,-0.304217,-0.0302489,-0.523227,4.15323,-87076.7,-1,1.93138e-09,1,0
0.00349427,-0.303731,-0.0301338,-0.52272,4.1538,-86922.5,-1,3.30992e-09,1,0
0.00349555,-0.303607,-0.031218,-0.522469,4.15176,-86855.2,-1,5.34008e-10,1,0
0.00349695,-0.303674,-0.0308075,-0.523755,4.14982,-86839.5,-1,1.35055e-09,1,0
0.00349806,-0.303785,-0.0301576,-0.524926,4.14981,-86843.8,-1,1.35055e-09,1,0
0.00349861,-0.303852,-0.0303289,-0.524968,4.15263,-86849.3,-1,3.25859e-10,1,0
0.00349955,-0.304633,-0.0303329,-0.525797,4.15181,-87049.1,-1,1.37589e-09,1,0
0.0035,-0.304202,-0.030542,-0.526036,4.15183,-86914.8,-1,1.37589e-09,1,0
0.00350095,-0.303539,-0.0308077,-0.526376,4.15294,-86701.9,-1,1.50457e-09,1,0
0.00350179,-0.302746,-0.0305411,-0.526655,4.15711,-86454.7,-1,9.31245e-10,1,0
0.0035032,-0.301319,-0.0311257,-0.52737,4.15664,-86012.6,-1,1.69997e-09,1,0
0.003504,-0.300549,-0.0308503,-0.527881,4.15552,-85773.1,-1,9.64897e-10,1,0
0.00350418,-0.300423,-0.0309582,-0.52785,4.15427,-85732.7,-1,5.98664e-11,1,0
0.00350452,-0.300336,-0.0308952,-0.527931,4.15408,-85699.7,-1,1.6999e-10,1,0
0.00350569,-0.299764,-0.0307789,-0.529145,4.15425,-85507.9,-1,1.13838e-09,1,0
0.00350617,-0.299497,-0.0311701,-0.528994,4.15703,-85420,-1,5.79668e-10,1,0
0.00350728,-0.298892,-0.032244,-0.528486,4.15706,-85220.5,-1,5.79668e-10,1,0
0.00350886,-0.297039,-0.0323477,-0.528232,4.15667,-84653.9,-1,1.94945e-09,1,0
0.00350968,-0.296656,-0.0316982,-0.528388,4.15492,-84524.9,-1,7.11654e-10,1,0
0.0035104,-0.297267,-0.0317362,-0.52875,4.15504,-84681.8,-1,5.41167e-10,1,0
0.00351075,-0.297093,-0.0317941,-0.528497,4.15424,-84623.8,-1,1.58768e-10,1,0
0.00351117,-0.297107,-0.0314107,-0.528386,4.15628,-84617.9,-1,3.42307e-10,1,0
0.00351254,-0.296397,-0.0315346,-0.528301,4.15427,-84382.5,-1,1.15462e-09,1,0
0.00351405,-0.297406,-0.0314158,-0.528245,4.15275,-84633.3,-1,1.21777e-09,1,0
0.00351483,-0.297431,-0.0309969,-0.528572,4.15334,-84621.6,-1,6.6261e-10,1,0
0.00351537,-0.2971,-0.0315406,-0.528433,4.15336,-84514.5,-1,6.6261e-10,1,0
0.00351685,-0.296056,-0.0325042,-0.528389,4.1542,-84182.2,-1,4.6526e-10,1,0
0.00351756,-0.296331,-0.0329516,-0.52879,4.15349,-84243.3,-1,5.85784e-10,1,0
0.00351908,-0.295971,-0.0321942,-0.529986,4.15145,-84104.7,-1,2.59673e-10,1,0
0.00352075,-0.296919,-0.032759,-0.530917,4.15292,-84334,-1,1.59606e-09,1,0
0.00352117,-0.297131,-0.0323133,-0.530774,4.15224,-84384,-1,3.95592e-12,1,0
0.00352167,-0.296792,-0.0321542,-0.530611,4.14987,-84276,-1,3.8987e-11,1,0
0.00352256,-0.297173,-0.0317938,-0.530568,4.15208,-84362.8,-1,3.42015e-10,1,0
0.00352266,-0.297157,-0.0317808,-0.5305,4.15625,-84355.7,-1,1.42588e-11,1,0
0.00352496,-0.296808,-0.0310601,-0.529871,4.15601,-84201.8,-1,1.59994e-09,1,0
0.00352609,-0.296534,-0.0302425,-0.530218,4.15786,-84097.2,-1,4.95806e-10,1,0
0.00352782,-0.296682,-0.0281492,-0.530177,4.16011,-84097.7,-1,2.96253e-09,1,0
0.00352885,-0.296189,-0.0291871,-0.530019,4.15736,-83933.6,-1,8.4982e-11,1,0
0.00352971,-0.296912,-0.0288897,-0.530177,4.15922,-84117.8,-1,1.51554e-10,1,0
0.00353043,-0.296348,-0.0289008,-0.53025,4.16072,-83941,-1,2.18246e-10,1,0
0.00353128,-0.296773,-0.0287578,-0.529552,4.15911,-84041.2,-1,7.38929e-10,1,0
0.00353308,-0.29786,-0.0269149,-0.529139,4.15906,-84306,-1,7.38929e-10,1,0
0.00353428,-0.298585,-0.0256852,-0.528862,4.15902,-84482.6,-1,7.38929e-10,1,0
0.00353516,-0.298889,-0.0251643,-0.528669,4.15969,-84547.5,-1,4.47599e-09,1,0
0.00353652,-0.298662,-0.0262993,-0.528825,4.15826,-84451,-1,5.93871e-10,1,0
0.00353789,-0.298885,-0.0271052,-0.528542,4.15556,-84481.2,-1,3.14877e-10,1,0
0.00354011,-0.299295,-0.0284057,-0.526225,4.15649,-84543.9,-1,2.68785e-09,1,0
0.00354058,-0.299298,-0.0286628,-0.52647,4.15464,-84533.4,-1,2.86921e-10,1,0
0.00354224,-0.299796,-0.0273471,-0.525035,4.15409,-84634.4,-1,2.00957e-09,1,0
0.00354401,-0.300717,-0.0268226,-0.525659,4.15409,-84852.2,-1,8.84399e-10,1,0
0.00354427,-0.301003,-0.0269431,-0.525677,4.15408,-84926.7,-1,8.84399e-10,1,0
0.00354511,-0.301668,-0.0274059,-0.525623,4.15486,-85094.3,-1,6.49063e-11,1,0
0.00354601,-0.302185,-0.028229,-0.525146,4.15659,-85218.5,-1,1.03575e-09,1,0
0.00354644,-0.301892,-0.0282987,-0.525328,4.15717,-85125.3,-1,4.10205e-10,1,0
0.00354672,-0.301657,-0.0284064,-0.525295,4.15732,-85052.5,-1,1.36268e-10,1,0
0.0035472,-0.301292,-0.028741,-0.524993,4.15508,-84938.1,-1,7.91769e-10,1,0
0.00354842,-0.301371,-0.0288845,-0.525131,4.15598,-84931.1,-1,7.47489e-10,1,0
0.00354871,-0.301196,-0.0288766,-0.525127,4.15851,-84874.6,-1,1.8537e-10,1,0
0.00354916,-0.301375,-0.0285722,-0.52547,4.15866,-84914.5,-1,1.62145e-11,1,0
0.00354968,-0.301112,-0.0284544,-0.525243,4.15924,-84828.1,-1,4.79387e-10,1,0
0.00355024,-0.301132,-0.0284489,-0.525925,4.15742,-84820.3,-1,6.82826e-10,1,0
0.00355243,-0.300117,-0.0279101,-0.523535,4.15747,-84482.1,-1,6.82826e-10,1,0
0.00355299,-0.300504,-0.0280694,-0.523161,4.16162,-84577.7,-1,5.39012e-10,1,0
0.00355398,-0.299488,-0.028095,-0.523069,4.16403,-84268.2,-1,1.0035e-09,1,0
0.00355437,-0.299247,-0.0278458,-0.523267,4.16304,-84191.1,-1,3.66636e-10,1,0
0.00355588,-0.297439,-0.0276163,-0.523282,4.16313,-83647.1,-1,3.66636e-10,1,0
0.00355612,-0.29732,-0.0275097,-0.523228,4.1646,-83607.9,-1,1.34819e-10,1,0
0.00355722,-0.296032,-0.0278,-0.523455,4.16467,-83220.1,-1,1.34819e-10,1,0
0.00355743,-0.295932,-0.0278715,-0.52354,4.16728,-83187,-1,6.28965e-11,1,0
0.00355855,-0.297068,-0.0278337,-0.524272,4.16722,-83480.2,-1,6.28965e-11,1,0
0.00355964,-0.297699,-0.0272174,-0.524841,4.16563,-83631.7,-1,2.35276e-10,1,0
0.00356144,-0.298273,-0.0264707,-0.52309,4.16625,-83750.6,-1,8.42908e-10,1,0
0.00356225,-0.29769,-0.0265043,-0.523019,4.16592,-83567.9,-1,1.1115e-10,1,0
0.00356276,-0.298045,-0.0269979,-0.523151,4.1659,-83655.5,-1,1.1115e-10,1,0
0.00356288,-0.298071,-0.0268918,-0.52308,4.16583,-83660.3,-1,1.326e-10,1,0
0.00356323,-0.297883,-0.026983,-0.522847,4.16478,-83599,-1,3.69677e-10,1,0
0.00356419,-0.297283,-0.0271129,-0.522643,4.16479,-83408.5,-1,8.47129e-10,1,0
0.00356532,-0.296114,-0.0270563,-0.522429,4.16236,-83054,-1,1.2228e-09,1,0
0.00356656,-0.296279,-0.0285478,-0.522432,4.16236,-83071.2,-1,1.2228e-09,1,0
0.00356772,-0.296357,-0.0298958,-0.522478,4.16282,-83066.1,-1,2.96759e-09,1,0
0.00356819,-0.296692,-0.0298014,-0.522664,4.16666,-83149.1,-1,4.36898e-10,1,0
0.00356877,-0.296489,-0.0299231,-0.522965,4.16732,-83078.7,-1,2.85488e-10,1,0
0.00356952,-0.296682,-0.0305876,-0.52352,4.16763,-83115.5,-1,6.81152e-10,1,0
0.00357028,-0.296378,-0.0305779,-0.5233,4.16811,-83012.5,-1,3.04099e-10,1,0
0.00357138,-0.2955,-0.0312243,-0.523751,4.16563,-82741.2,-1,7.8511e-10,1,0
0.00357198,-0.295786,-0.0311275,-0.52326,4.16817,-82807.4,-1,3.88705e-11,1,0
0.0035728,-0.295434,-0.0306861,-0.522711,4.16648,-82689.7,-1,6.55401e-10,1,0
0.00357312,-0.295425,-0.0306852,-0.522508,4.16499,-82679.9,-1,1.21291e-10,1,0
0.00357429,-0.295068,-0.0302735,-0.521271,4.16504,-82553,-1,5.72957e-10,1,0
0.00357502,-0.29509,-0.0300014,-0.520533,4.168,-82542.2,-1,1.67188e-09,1,0
0.00357735,-0.296624,-0.0317124,-0.521939,4.16806,-82917.4,-1,2.33763e-09,1,0
0.00357853,-0.297403,-0.0314814,-0.522356,4.16333,-83107.6,-1,8.78397e-10,1,0
0.00357965,-0.297745,-0.0306809,-0.523392,4.16331,-83177.3,-1,8.78397e-10,1,0
0.00358025,-0.29793,-0.0302502,-0.523949,4.1633,-83214.7,-1,8.78397e-10,1,0
0.00358063,-0.298038,-0.0299695,-0.524299,4.16333,-83236.1,-1,2.60537e-09,1,0
0.00358174,-0.298076,-0.0292997,-0.5251,4.16309,-83221.1,-1,1.2541e-09,1,0
0.00358279,-0.29702,-0.0297125,-0.525327,4.16305,-82901.8,-1,8.4502e-10,1,0
0.00358328,-0.296549,-0.0297993,-0.525667,4.16308,-82759.1,-1,8.4502e-10,1,0
0.00358486,-0.295567,-0.0292704,-0.526564,4.16145,-82448.6,-1,8.5409e-10,1,0
0.00358602,-0.296048,-0.0290683,-0.527864,4.16143,-82556.2,-1,8.5409e-10,1,0
0.0035866,-0.296288,-0.0289674,-0.528513,4.16141,-82609.8,-1,8.5409e-10,1,0
0.003588,-0.296712,-0.0285444,-0.529729,4.15919,-82695.5,-1,2.53214e-10,1,0
0.0035889,-0.296865,-0.027814,-0.530477,4.15735,-82717.5,-1,1.052e-09,1,0
0.00358967,-0.296513,-0.0271313,-0.53031,4.15607,-82601.7,-1,3.33217e-10,1,0
0.00359076,-0.295624,-0.0263121,-0.530254,4.15548,-82329.2,-1,4.46761e-10,1,0
0.0035911,-0.295282,-0.0260941,-0.530276,4.15455,-82226,-1,2.22218e-10,1,0
0.00359167,-0.294989,-0.0256309,-0.530189,4.15393,-82131.3,-1,1.60242e-10,1,0
0.00359232,-0.294751,-0.0249339,-0.529927,4.15308,-82050.4,-1,7.81624e-10,1,0
0.00359278,-0.294875,-0.0247658,-0.529413,4.15509,-82074.3,-1,5.5483e-10,1,0
0.00359322,-0.29489,-0.0243532,-0.529756,4.15509,-82068.5,-1,5.5483e-10,1,0
0.00359369,-0.294809,-0.0239381,-0.530109,4.15553,-82035,-1,9.1744e-10,1,0
0.00359459,-0.294131,-0.0241169,-0.53064,4.15556,-81826,-1,7.21242e-10,1,0
0.00359535,-0.294308,-0.0243766,-0.530317,4.15703,-81857.9,-1,6.45385e-10,1,0
0.00359709,-0.293903,-0.0226254,-0.530566,4.15645,-81705.8,-1,2.41599e-10,1,0
0.00359829,-0.29475,-0.0221933,-0.530965,4.15788,-81913.9,-1,2.39343e-10,1,0
0.00359977,-0.293346,-0.0222371,-0.531966,4.15933,-81490.4,-1,2.4251e-10,1,0
0.00360127,-0.292418,-0.0219759,-0.530958,4.16025,-81198.4,-1,8.34577e-10,1,0
0.00360256,-0.291654,-0.0219411,-0.530547,4.16308,-80957.5,-1,7.02034e-10,1,0
0.00360377,-0.291549,-0.0205562,-0.53011,4.16291,-80901.2,-1,4.94287e-10,1,0
0.00360509,-0.29266,-0.0202792,-0.529916,4.16226,-81179.7,-1,1.18027e-09,1,0
0.0036071,-0.293987,-0.0195456,-0.531473,4.16028,-81502.4,-1,1.18027e-09,1,0
0.00360798,-0.293659,-0.0204805,-0.531258,4.16149,-81391.7,-1,9.83032e-10,1,0
0.0036084,-0.29327,-0.0206557,-0.531184,4.1594,-81274.3,-1,1.67665e-10,1,0
0.00360918,-0.293325,-0.0197146,-0.53132,4.15939,-81271.8,-1,1.67665e-10,1,0
0.00360967,-0.293359,-0.0191289,-0.531405,4.15772,-81270.2,-1,1.54545e-09,1,0
0.00361042,-0.293402,-0.0185021,-0.531154,4.15613,-81265.2,-1,3.46127e-10,1,0
0.00361087,-0.293362,-0.0183631,-0.531161,4.15006,-81244.2,-1,2.47301e-10,1,0
0.00361201,-0.294056,-0.0189009,-0.530096,4.14998,-81410.7,-1,1.38025e-09,1,0
0.00361272,-0.293952,-0.0196212,-0.529993,4.14908,-81365.8,-1,6.29259e-10,1,0
0.0036134,-0.293724,-0.0196864,-0.529871,4.14839,-81287.4,-1,3.91455e-10,1,0
0.00361445,-0.293479,-0.0192314,-0.528977,4.14734,-81195.9,-1,1.4671e-09,1,0
0.00361548,-0.292887,-0.018508,-0.529393,4.14445,-81009.1,-1,3.70321e-11,1,0
0.00361583,-0.292489,-0.0185744,-0.529508,4.14447,-80891.4,-1,3.70321e-11,1,0
0.00361664,-0.292203,-0.0184228,-0.529386,4.14265,-80794,-1,3.28552e-10,1,0
0.0036172,-0.292041,-0.0180196,-0.529461,4.14067,-80736.9,-1,1.24641e-10,1,0
0.00361812,-0.291776,-0.0184063,-0.530173,4.14115,-80642.9,-1,5.20349e-10,1,0
0.00361914,-0.29208,-0.0187732,-0.53028,4.13962,-80704.3,-1,5.25292e-10,1,0
0.00362053,-0.291852,-0.0190628,-0.531438,4.14021,-80610.2,-1,5.81603e-10,1,0
0.00362098,-0.291688,-0.0190531,-0.531428,4.14062,-80555.2,-1,2.08402e-10,1,0
0.0036221,-0.291323,-0.0179569,-0.531617,4.14021,-80429.4,-1,8.83071e-10,1,0
0.0036238,-0.292009,-0.0188329,-0.532808,4.1393,-80581,-1,7.52961e-10,1,0
0.00362417,-0.291948,-0.0186604,-0.532504,4.14096,-80556,-1,1.06684e-10,1,0
0.00362481,-0.291629,-0.0180918,-0.53226,4.14209,-80453.6,-1,2.41916e-10,1,0
0.00362565,-0.292459,-0.0183149,-0.532343,4.13857,-80663.8,-1,1.19384e-10,1,0
0.00362646,-0.292535,-0.0176734,-0.532448,4.13655,-80667,-1,7.1912e-10,1,0
0.00362696,-0.292612,-0.0181334,-0.532514,4.13631,-80676.8,-1,4.686e-10,1,0
0.00362805,-0.292473,-0.0188504,-0.533239,4.13475,-80614.4,-1,2.85816e-10,1,0
0.00362952,-0.291392,-0.0181927,-0.53265,4.13414,-80283.8,-1,2.07953e-10,1,0
0.0036302,-0.290876,-0.0182332,-0.532311,4.13156,-80126.9,-1,3.92954e-10,1,0
0.00363087,-0.290463,-0.018151,-0.532753,4.13078,-79998,-1,1.87398e-10,1,0
0.00363227,-0.289312,-0.0174557,-0.533776,4.13084,-79650.4,-1,1.87398e-10,1,0
0.00363433,-0.28869,-0.0169109,-0.533387,4.13369,-79434.1,-1,3.60534e-09,1,0
0.00363477,-0.288761,-0.0168315,-0.532952,4.13572,-79444,-1,7.8739e-11,1,0
0.00363586,-0.289182,-0.0169308,-0.53253,4.1343,-79536,-1,3.93469e-10,1,0
0.00363753,-0.289246,-0.0168746,-0.532642,4.12971,-79517.2,-1,8.86887e-10,1,0
0.00363926,-0.288139,-0.0160506,-0.533037,4.13215,-79175.2,-1,1.01255e-09,1,0
0.00363989,-0.287543,-0.0161337,-0.533501,4.13218,-78997.8,-1,1.01255e-09,1,0
0.00364056,-0.286908,-0.0162222,-0.533996,4.13221,-78808.8,-1,1.01255e-09,1,0
0.00364186,-0.285667,-0.0162362,-0.534837,4.12991,-78439.9,-1,5.16464e-10,1,0
0.00364259,-0.285868,-0.0169718,-0.535258,4.12969,-78479.1,-1,6.35513e-10,1,0
0.00364389,-0.285725,-0.0167559,-0.534283,4.12805,-78412,-1,1.20164e-09,1,0
0.00364459,-0.285359,-0.01665,-0.534506,4.12625,-78296.7,-1,2.80698e-10,1,0
0.00364578,-0.284263,-0.0162005,-0.534464,4.1272,-77970.5,-1,2.02391e-10,1,0
0.00364777,-0.283337,-0.0163277,-0.534659,4.12556,-77674,-1,1.20143e-09,1,0
0.00364848,-0.28396,-0.0161266,-0.535135,4.12555,-77829.7,-1,7.4688e-10,1,0
0.00364968,-0.283641,-0.016233,-0.535193,4.12432,-77716.7,-1,8.61319e-10,1,0
0.00365095,-0.284225,-0.015904,-0.534496,4.12551,-77849.7,-1,9.71744e-10,1,0
0.00365138,-0.284078,-0.0159875,-0.534152,4.12601,-77800.2,-1,1.07417e-10,1,0
0.00365236,-0.28436,-0.0164154,-0.534055,4.12891,-77856.6,-1,5.42239e-10,1,0
0.00365263,-0.28468,-0.0163638,-0.534048,4.12911,-77938.4,-1,1.54199e-11,1,0
0.00365494,-0.287407,-0.0163742,-0.534406,4.12874,-78635.4,-1,1.22011e-09,1,0
0.00365573,-0.288222,-0.0165284,-0.534455,4.12984,-78841.2,-1,1.3449e-10,1,0
0.00365598,-0.288412,-0.0166997,-0.534391,4.12858,-78887.6,-1,6.44182e-11,1,0
0.00365668,-0.288801,-0.016388,-0.534056,4.12627,-78979,-1,6.26481e-10,1,0
0.00365765,-0.289703,-0.0163652,-0.534011,4.12877,-79204.7,-1,1.84292e-10,1,0
0.0036597,-0.289559,-0.0157185,-0.53446,4.13039,-79121,-1,1.20203e-09,1,0
0.00366073,-0.290438,-0.0154241,-0.534438,4.12812,-79338.8,-1,1.0084e-09,1,0
0.00366196,-0.290018,-0.0141367,-0.534244,4.12915,-79197.7,-1,5.27303e-10,1,0
0.00366304,-0.290198,-0.0138196,-0.534421,4.12873,-79223.4,-1,8.49095e-10,1,0
0.00366347,-0.29017,-0.0141373,-0.533999,4.12683,-79206.1,-1,5.28857e-10,1,0
0.0036651,-0.291614,-0.0134804,-0.534951,4.12375,-79565.1,-1,1.43735e-09,1,0
0.00366677,-0.290626,-0.0145807,-0.533589,4.1238,-79259.3,-1,1.43735e-09,1,0
0.00366767,-0.29016,-0.0151816,-0.53282,4.12392,-79112.8,-1,2.69541e-09,1,0
0.00366867,-0.289774,-0.0158568,-0.531912,4.12394,-78986.2,-1,2.69541e-09,1,0
0.00366939,-0.289494,-0.0163466,-0.531253,4.12395,-78894.4,-1,2.69541e-09,1,0
0.0036697,-0.289372,-0.0165596,-0.530967,4.12324,-78854.4,-1,2.84161e-09,1,0
0.00367153,-0.289393,-0.0175978,-0.531293,4.12418,-78820.7,-1,1.06928e-10,1,0
0.00367318,-0.28908,-0.0183915,-0.532036,4.12473,-78700,-1,1.20211e-09,1,0
0.00367375,-0.288524,-0.0184297,-0.532008,4.12561,-78536.6,-1,6.65517e-10,1,0
0.00367439,-0.288749,-0.0184701,-0.532068,4.12054,-78584.3,-1,3.00879e-10,1,0
0.00367484,-0.28875,-0.0183415,-0.531916,4.11855,-78574.9,-1,2.99566e-10,1,0
0.00367532,-0.288416,-0.0186504,-0.531561,4.11706,-78473.6,-1,8.26363e-10,1,0
0.00367637,-0.287693,-0.0183985,-0.532559,4.1171,-78254.6,-1,8.26363e-10,1,0
0.00367685,-0.287618,-0.018151,-0.53293,4.11564,-78224.1,-1,1.60404e-09,1,0
0.00367709,-0.287738,-0.0181171,-0.532834,4.11439,-78251.5,-1,2.58563e-11,1,0
0.00367756,-0.287895,-0.0179737,-0.532547,4.11615,-78284.3,-1,2.50003e-10,1,0
0.0036784,-0.28802,-0.0182048,-0.532529,4.11909,-78300.3,-1,3.81848e-10,1,0
0.00367988,-0.287248,-0.017751,-0.531855,4.11901,-78059,-1,3.43518e-10,1,0
0.0036812,-0.286439,-0.0179504,-0.531139,4.1168,-77811.3,-1,1.20159e-09,1,0
0.00368196,-0.285747,-0.0178609,-0.530534,4.11684,-77607.1,-1,1.20159e-09,1,0
0.00368297,-0.284839,-0.0177164,-0.529752,4.11563,-77339.5,-1,2.02561e-10,1,0
0.00368402,-0.284679,-0.0183253,-0.529513,4.11528,-77274,-1,2.02816e-10,1,0
0.00368497,-0.284048,-0.0186038,-0.528789,4.11782,-77083,-1,1.48411e-09,1,0
0.00368532,-0.283761,-0.0184414,-0.528648,4.11687,-76997.7,-1,2.33873e-10,1,0
0.00368581,-0.283348,-0.0182952,-0.528346,4.11685,-76875.3,-1,1.47814e-10,1,0
0.00368681,-0.283298,-0.0172505,-0.528399,4.11743,-76841,-1,1.09581e-09,1,0
0.00368763,-0.283728,-0.0166311,-0.52867,4.11713,-76940.3,-1,7.03531e-10,1,0
0.00368894,-0.284627,-0.0168033,-0.529945,4.11708,-77156.9,-1,7.03531e-10,1,0
0.00369039,-0.283885,-0.0170724,-0.52893,4.1164,-76925.5,-1,2.09323e-09,1,0
0.00369109,-0.283396,-0.017208,-0.528259,4.11452,-76778.6,-1,2.3516e-09,1,0
0.00369161,-0.28395,-0.0169043,-0.528304,4.1145,-76917.6,-1,2.3516e-09,1,0
0.00369236,-0.284244,-0.0164389,-0.528582,4.11483,-76981.6,-1,8.10484e-11,1,0
0.00369294,-0.284229,-0.0159785,-0.529101,4.1128,-76965.6,-1,1.10333e-09,1,0
0.00369395,-0.284199,-0.0163177,-0.529522,4.11185,-76936.4,-1,5.48225e-10,1,0
0.00369484,-0.284691,-0.0170254,-0.529095,4.11062,-77050.9,-1,5.90756e-10,1,0
0.0036959,-0.285516,-0.0169487,-0.530065,4.11186,-77252.2,-1,1.27622e-09,1,0
0.00369632,-0.285107,-0.0169534,-0.529791,4.11155,-77132.5,-1,3.69356e-10,1,0
0.00369636,-0.285073,-0.0169591,-0.52978,4.11033,-77122.5,-1,1.78726e-10,1,0
0.00369708,-0.285745,-0.0168352,-0.529378,4.11065,-77289.4,-1,1.76448e-10,1,0
0.00369748,-0.285931,-0.0167747,-0.529222,4.11033,-77331.3,-1,1.41512e-10,1,0
0.00369862,-0.286584,-0.0168027,-0.528613,4.10898,-77483.9,-1,2.99855e-10,1,0
0.00369956,-0.285958,-0.0168118,-0.528458,4.11098,-77295.3,-1,8.7699e-10,1,0
0.0037003,-0.286262,-0.017029,-0.528014,4.11023,-77361.8,-1,2.30631e-10,1,0
0.00370106,-0.286061,-0.0172948,-0.527835,4.11231,-77291.5,-1,6.11407e-11,1,0
0.00370315,-0.28615,-0.0174128,-0.52817,4.11426,-77272.1,-1,9.77456e-10,1,0
0.00370379,-0.286111,-0.0177413,-0.528875,4.11323,-77248.2,-1,1.87619e-09,1,0
0.00370524,-0.286485,-0.0190086,-0.527953,4.11085,-77318.8,-1,1.14819e-09,1,0
0.0037059,-0.28629,-0.019208,-0.527785,4.10837,-77252.6,-1,3.49744e-10,1,0
0.00370632,-0.28641,-0.0194995,-0.527835,4.10703,-77276.2,-1,7.42808e-11,1,0
0.00370773,-0.286472,-0.0206919,-0.528377,4.10543,-77263.6,-1,3.43165e-10,1,0
0.00370895,-0.285589,-0.019906,-0.529194,4.10654,-77000.2,-1,2.54851e-10,1,0
0.00371066,-0.28656,-0.019713,-0.52944,4.11153,-77226.1,-1,1.20259e-09,1,0
0.00371122,-0.286893,-0.0198792,-0.529993,4.10927,-77304.2,-1,1.14883e-10,1,0
0.00371185,-0.287197,-0.0191966,-0.530093,4.10925,-77373,-1,1.14883e-10,1,0
0.00371271,-0.287157,-0.0182563,-0.529861,4.1082,-77344.3,-1,7.40405e-10,1,0
0.00371369,-0.28751,-0.0183443,-0.529033,4.10857,-77418.9,-1,2.38847e-10,1,0
0.00371414,-0.287649,-0.0182816,-0.528524,4.10857,-77447,-1,2.38847e-10,1,0
0.00371505,-0.287554,-0.0181147,-0.527506,4.10929,-77402.5,-1,5.80536e-10,1,0
0.00371587,-0.288149,-0.0186108,-0.527274,4.10868,-77545.4,-1,5.90068e-10,1,0
0.00371731,-0.288302,-0.0174165,-0.526702,4.10989,-77556.7,-1,7.21618e-10,1,0
0.00371838,-0.28839,-0.0171025,-0.52712,4.10706,-77557.8,-1,8.90922e-10,1,0
0.00371934,-0.287528,-0.0167821,-0.526435,4.1071,-77306.3,-1,8.90922e-10,1,0
0.00372056,-0.286646,-0.0164205,-0.525632,4.10534,-77043.8,-1,2.49174e-09,1,0
0.00372141,-0.287168,-0.0165341,-0.52492,4.10418,-77166.6,-1,7.76848e-10,1,0
0.00372293,-0.28729,-0.0171814,-0.526175,4.10394,-77167.6,-1,3.5892e-11,1,0
0.00372456,-0.287215,-0.0172689,-0.52599,4.10239,-77113.8,-1,1.51055e-09,1,0
0.00372517,-0.287007,-0.0173696,-0.52541,4.10326,-77045.2,-1,2.20379e-10,1,0
0.00372622,-0.287298,-0.0164583,-0.525978,4.1031,-77101.7,-1,3.82271e-10,1,0
0.00372665,-0.28704,-0.016235,-0.52607,4.10004,-77023.5,-1,3.34661e-10,1,0
0.00372678,-0.287022,-0.0161625,-0.526089,4.09657,-77016.1,-1,3.47882e-12,1,0
0.00372822,-0.285803,-0.0165086,-0.526348,4.09666,-76659.4,-1,1.09462e-09,1,0
0.0037292,-0.284813,-0.0168818,-0.526206,4.09521,-76373.7,-1,5.1675e-11,1,0
0.00373017,-0.285317,-0.0174193,-0.525839,4.09493,-76488.9,-1,5.27225e-10,1,0
0.00373053,-0.285441,-0.017807,-0.525726,4.0979,-76514.9,-1,9.33232e-10,1,0
0.00373179,-0.286845,-0.0174051,-0.525328,4.0989,-76865.3,-1,1.51395e-09,1,0
0.00373331,-0.286767,-0.0170147,-0.526008,4.09719,-76812.9,-1,1.02187e-09,1,0
0.00373367,-0.287069,-0.0169431,-0.526059,4.09625,-76886.7,-1,1.63838e-10,1,0
0.00373465,-0.288028,-0.016616,-0.526127,4.09653,-77123.1,-1,2.2601e-10,1,0
0.00373588,-0.287827,-0.0168798,-0.525975,4.09537,-77043.9,-1,1.41166e-09,1,0
0.00373674,-0.286989,-0.0173853,-0.526075,4.09395,-76802,-1,1.73004e-09,1,0
0.00373798,-0.286514,-0.0178791,-0.525222,4.09134,-76649.4,-1,1.15848e-09,1,0
0.00373891,-0.286768,-0.0187338,-0.525171,4.09346,-76698.5,-1,2.57241e-10,1,0
0.00373995,-0.286394,-0.0194547,-0.524224,4.09348,-76577,-1,2.57241e-10,1,0
0.00374012,-0.286375,-0.0195141,-0.524089,4.09453,-76568.3,-1,4.60452e-11,1,0
0.00374032,-0.286255,-0.0194252,-0.524069,4.09519,-76532.1,-1,1.04854e-10,1,0
0.00374212,-0.28526,-0.0196928,-0.52256,4.09327,-76229.5,-1,1.57518e-09,1,0
0.00374303,-0.285116,-0.0199347,-0.52289,4.09023,-76172.4,-1,3.22154e-10,1,0
0.00374348,-0.285088,-0.0195689,-0.522535,4.08984,-76155.8,-1,1.1514e-10,1,0
0.00374473,-0.285334,-0.0194521,-0.522633,4.08958,-76196.3,-1,7.51315e-10,1,0
0.00374648,-0.284978,-0.0193636,-0.523498,4.08729,-76065.7,-1,1.20198e-09,1,0
0.00374725,-0.284859,-0.0185477,-0.523934,4.08586,-76018,-1,9.32872e-10,1,0
0.00374807,-0.284757,-0.0184459,-0.524903,4.08646,-75974.4,-1,9.78705e-10,1,0
0.00374883,-0.285178,-0.0178025,-0.524917,4.08725,-76071.3,-1,5.25714e-10,1,0
0.00374914,-0.285491,-0.0176581,-0.525072,4.08724,-76148.3,-1,5.25714e-10,1,0
0.00374988,-0.28501,-0.0172944,-0.525013,4.08722,-76004.9,-1,9.42134e-10,1,0
0.00375049,-0.284751,-0.0176193,-0.524863,4.08787,-75923.6,-1,9.83117e-10,1,0
0.00375138,-0.284719,-0.0186668,-0.524628,4.08722,-75897.1,-1,1.5258e-09,1,0
0.00375224,-0.284423,-0.0189291,-0.524805,4.08923,-75800.7,-1,4.42261e-10,1,0
0.00375299,-0.283891,-0.019029,-0.524358,4.08908,-75643.9,-1,3.00975e-10,1,0
0.00375428,-0.284944,-0.0200936,-0.524082,4.09048,-75898.5,-1,1.50317e-09,1,0
0.00375597,-0.284641,-0.0206648,-0.523825,4.08797,-75783.6,-1,1.20146e-09,1,0
0.0037562,-0.284609,-0.0204065,-0.523848,4.0869,-75770.4,-1,2.61493e-10,1,0
0.00375681,-0.285153,-0.0204355,-0.523805,4.08544,-75902.9,-1,6.12174e-10,1,0
0.00375762,-0.284749,-0.0213065,-0.523611,4.08579,-75778.9,-1,1.10665e-09,1,0
0.00375886,-0.285462,-0.020092,-0.523572,4.08685,-75943.9,-1,8.61109e-10,1,0
0.00376045,-0.286668,-0.0187504,-0.522933,4.08585,-76232.4,-1,2.47811e-09,1,0
0.00376197,-0.285961,-0.0173211,-0.523803,4.08459,-76013.8,-1,1.8165e-09,1,0
0.00376335,-0.284889,-0.0178382,-0.523818,4.0823,-75700.8,-1,1.31058e-09,1,0
0.0037646,-0.284541,-0.0163893,-0.523659,4.08232,-75583.2,-1,1.31058e-09,1,0
0.00376625,-0.284083,-0.0144853,-0.523449,4.08235,-75428.7,-1,1.31058e-09,1,0
0.00376793,-0.284619,-0.0139418,-0.523983,4.08281,-75537.4,-1,4.77493e-09,1,0
0.00376963,-0.285713,-0.015146,-0.525154,4.08277,-75793.4,-1,1.65911e-09,1,0
0.00377102,-0.286877,-0.0147825,-0.525025,4.08304,-76074,-1,8.94245e-10,1,0
0.00377178,-0.287412,-0.0152874,-0.524484,4.08298,-76200.6,-1,9.13224e-10,1,0
0.00377239,-0.28797,-0.0151645,-0.524081,4.08191,-76336.4,-1,8.79315e-11,1,0
0.00377407,-0.289482,-0.0148697,-0.52278,4.08183,-76702.9,-1,8.79315e-11,1,0
0.00377551,-0.290777,-0.0146172,-0.521665,4.08083,-77016.6,-1,4.37751e-09,1,0
0.00377688,-0.289988,-0.0144981,-0.522411,4.08034,-76779.6,-1,2.02979e-10,1,0
0.00377752,-0.289307,-0.0146515,-0.522735,4.082,-76586.3,-1,7.69752e-10,1,0
0.00377856,-0.288791,-0.0137832,-0.52228,4.08384,-76428.7,-1,3.4447e-10,1,0
0.00377929,-0.288406,-0.0137922,-0.522131,4.08448,-76312.1,-1,5.15283e-10,1,0
0.00378003,-0.287682,-0.0133301,-0.521887,4.0843,-76105.6,-1,8.92829e-10,1,0
0.00378154,-0.287094,-0.0141445,-0.523381,4.08516,-75920,-1,1.80055e-09,1,0
0.00378344,-0.287311,-0.0159602,-0.522885,4.08654,-75939.1,-1,1.22396e-09,1,0
0.00378456,-0.287281,-0.0168,-0.521838,4.08586,-75908.8,-1,2.40093e-09,1,0
0.003785,-0.287319,-0.0167331,-0.522365,4.08591,-75909.9,-1,5.32467e-10,1,0
0.00378587,-0.286863,-0.0165102,-0.523268,4.08581,-75772.1,-1,1.03648e-09,1,0
0.00378745,-0.288077,-0.0172451,-0.52388,4.08323,-76060.9,-1,7.65409e-10,1,0
0.00378921,-0.288151,-0.0164839,-0.522128,4.08442,-76045.2,-1,1.96448e-09,1,0
0.00379019,-0.288546,-0.0172187,-0.522192,4.08185,-76129.8,-1,9.41669e-10,1,0
0.00379085,-0.288356,-0.0166245,-0.522411,4.08278,-76066.3,-1,5.87526e-10,1,0
0.00379199,-0.288043,-0.0167502,-0.523255,4.0784,-75960.8,-1,2.68589e-10,1,0
0.00379356,-0.287503,-0.0166467,-0.521793,4.07486,-75787.1,-1,1.03135e-09,1,0
0.00379411,-0.288011,-0.0166604,-0.522173,4.07681,-75910,-1,5.89391e-10,1,0
0.0037947,-0.288026,-0.0159866,-0.522364,4.07677,-75902.3,-1,6.93137e-10,1,0
0.00379534,-0.287591,-0.0163117,-0.522751,4.07601,-75774.8,-1,1.87286e-10,1,0
0.00379578,-0.287741,-0.016449,-0.523065,4.07682,-75805.4,-1,3.27825e-10,1,0
0.0037971,-0.288786,-0.016844,-0.523985,4.07669,-76054.6,-1,3.63278e-10,1,0
0.00379743,-0.289094,-0.0169728,-0.524205,4.07742,-76128.9,-1,1.81514e-09,1,0
0.00379937,-0.288233,-0.0156284,-0.523789,4.07804,-75863.6,-1,1.13319e-09,1,0
0.00380012,-0.288419,-0.0157005,-0.524197,4.07832,-75897.3,-1,6.09935e-10,1,0
0.00380074,-0.288827,-0.0160233,-0.524068,4.08264,-75992.3,-1,1.24644e-10,1,0
0.00380225,-0.289692,-0.0173316,-0.523754,4.08304,-76189.7,-1,1.53932e-10,1,0
0.00380305,-0.289878,-0.0178425,-0.523034,4.08303,-76222.5,-1,8.78324e-10,1,0
0.00380461,-0.291096,-0.0169562,-0.521932,4.08297,-76511.6,-1,8.78324e-10,1,0
0.0038059,-0.291879,-0.0165303,-0.521271,4.07963,-76691,-1,2.41009e-10,1,0
0.00380641,-0.291866,-0.0161583,-0.521255,4.07838,-76677.5,-1,4.06901e-11,1,0
0.00380756,-0.291795,-0.0149438,-0.521381,4.07731,-76635.6,-1,1.58652e-10,1,0
0.00380914,-0.291805,-0.0163584,-0.52011,4.07731,-76606.6,-1,1.58652e-10,1,0
0.00381031,-0.291803,-0.0173123,-0.519687,4.07633,-76582.4,-1,5.89264e-10,1,0
0.00381194,-0.293465,-0.0179597,-0.519044,4.0778,-76985.8,-1,1.88428e-09,1,0
0.00381289,-0.293944,-0.0177377,-0.519528,4.07827,-77092.3,-1,8.68841e-10,1,0
0.0038147,-0.295064,-0.018185,-0.520425,4.07847,-77349.2,-1,1.22357e-09,1,0
0.00381612,-0.295463,-0.0174961,-0.521934,4.07819,-77425,-1,2.64894e-09,1,0
0.00381692,-0.294546,-0.0173111,-0.521728,4.07596,-77168.5,-1,9.58054e-10,1,0
0.00381792,-0.293758,-0.0181287,-0.521868,4.07825,-76942,-1,1.06807e-09,1,0
0.00381891,-0.294943,-0.0180283,-0.521838,4.07694,-77232.1,-1,1.1891e-09,1,0
0.00381977,-0.294564,-0.0189238,-0.522146,4.07696,-77115.8,-1,1.1891e-09,1,0
0.0038204,-0.294131,-0.0186309,-0.522207,4.0784,-76989.5,-1,1.49978e-10,1,0
0.00382087,-0.29396,-0.0185642,-0.522032,4.07786,-76935.5,-1,3.34215e-10,1,0
0.0038211,-0.293904,-0.0188042,-0.52217,4.07786,-76916.2,-1,3.34215e-10,1,0
0.00382152,-0.293771,-0.0191854,-0.522402,4.07427,-76872.8,-1,4.60597e-11,1,0
0.00382202,-0.294106,-0.0190421,-0.522658,4.07308,-76950.5,-1,2.08529e-10,1,0
0.00382239,-0.294092,-0.019175,-0.522379,4.07002,-76939.4,-1,9.37891e-11,1,0
0.00382312,-0.294112,-0.0193904,-0.521931,4.07078,-76929.9,-1,6.58454e-10,1,0
0.00382506,-0.294762,-0.0193418,-0.523192,4.06818,-77060.7,-1,3.82316e-10,1,0
0.00382629,-0.295156,-0.0202348,-0.523058,4.06481,-77138.9,-1,1.6673e-10,1,0
0.00382713,-0.295702,-0.021037,-0.522951,4.06718,-77264.9,-1,8.9087e-10,1,0
0.00382898,-0.295755,-0.0200161,-0.524625,4.06603,-77241.4,-1,6.36122e-10,1,0
0.00382965,-0.29573,-0.0198064,-0.525402,4.06621,-77221.2,-1,2.38557e-09,1,0
0.00383019,-0.295422,-0.0201974,-0.525021,4.06555,-77129.8,-1,2.37489e-11,1,0
0.00383156,-0.295822,-0.0196076,-0.525488,4.06438,-77206.9,-1,1.79564e-10,1,0
0.00383224,-0.295475,-0.0198967,-0.524826,4.06526,-77102.5,-1,1.21543e-10,1,0
0.00383253,-0.295303,-0.0200042,-0.524555,4.06527,-77051.8,-1,1.21543e-10,1,0
0.00383281,-0.295206,-0.0199735,-0.524245,4.06485,-77020.8,-1,1.11282e-09,1,0
0.00383322,-0.295095,-0.0198731,-0.523778,4.06485,-76983.7,-1,1.11282e-09,1,0
0.00383392,-0.294903,-0.0205693,-0.523604,4.06407,-76919.5,-1,7.51318e-10,1,0
0.00383443,-0.294992,-0.0208506,-0.523543,4.06266,-76932.4,-1,1.81606e-10,1,0
0.00383468,-0.294735,-0.0208532,-0.523576,4.06121,-76860.6,-1,1.06646e-10,1,0
0.0038353,-0.294911,-0.0204393,-0.524171,4.06262,-76893.9,-1,7.4618e-10,1,0
0.00383662,-0.294102,-0.0200642,-0.52287,4.06266,-76656.5,-1,7.4618e-10,1,0
0.00383716,-0.293785,-0.0200675,-0.522376,4.06484,-76563,-1,2.63253e-11,1,0
0.00383836,-0.292475,-0.0194976,-0.522539,4.06498,-76197.8,-1,1.43795e-09,1,0
0.00383906,-0.291748,-0.0193123,-0.522905,4.06346,-75994.6,-1,8.3468e-10,1,0
0.00383997,-0.292564,-0.0193477,-0.522801,4.06138,-76189,-1,2.63153e-10,1,0
0.00384031,-0.292641,-0.0191879,-0.522684,4.06174,-76202.5,-1,8.52027e-11,1,0
0.00384143,-0.293369,-0.0185432,-0.523441,4.06069,-76369.6,-1,9.41607e-11,1,0
0.00384406,-0.295067,-0.0176102,-0.525677,4.06075,-76759.2,-1,2.44773e-09,1,0
0.00384479,-0.295255,-0.0180493,-0.526289,4.05927,-76793.7,-1,8.92691e-10,1,0
0.00384527,-0.295423,-0.0184668,-0.52665,4.05926,-76827.6,-1,8.92691e-10,1,0
0.00384552,-0.295281,-0.0185126,-0.526457,4.05587,-76785.7,-1,1.28402e-09,1,0
0.00384771,-0.293856,-0.0173249,-0.526076,4.05953,-76371.5,-1,1.58495e-09,1,0
0.00384931,-0.294818,-0.0187805,-0.525805,4.05988,-76589.9,-1,6.80619e-10,1,0
0.00384971,-0.294773,-0.018805,-0.526021,4.056,-76570.3,-1,4.1872e-11,1,0
0.00385063,-0.294396,-0.0185555,-0.525156,4.05885,-76453.9,-1,3.58993e-10,1,0
0.00385227,-0.29431,-0.0185532,-0.524623,4.06011,-76399.1,-1,1.22407e-09,1,0
0.00385319,-0.294198,-0.0175329,-0.524219,4.05944,-76351.9,-1,1.10308e-09,1,0
0.00385413,-0.29505,-0.0168038,-0.524248,4.0594,-76554.4,-1,1.10308e-09,1,0
0.00385542,-0.29423,-0.0173828,-0.523663,4.06165,-76315.9,-1,1.3262e-09,1,0
0.00385652,-0.293733,-0.0172288,-0.524518,4.05904,-76165.4,-1,1.05614e-09,1,0
0.00385762,-0.294782,-0.0164337,-0.524439,4.05994,-76415.3,-1,5.01351e-12,1,0
0.00385885,-0.294995,-0.0169203,-0.524032,4.06008,-76446.3,-1,4.36117e-10,1,0
0.00386015,-0.294906,-0.0158603,-0.525081,4.06002,-76397.7,-1,8.02532e-10,1,0
0.00386155,-0.294028,-0.015494,-0.52595,4.06157,-76142.4,-1,1.82288e-09,1,0
0.00386331,-0.292082,-0.0160171,-0.525656,4.06176,-75604,-1,1.26354e-09,1,0
0.00386408,-0.291204,-0.0161548,-0.525405,4.0618,-75361.8,-1,1.26354e-09,1,0
0.00386462,-0.290739,-0.0163436,-0.525447,4.06182,-75231,-1,2.08859e-10,1,0
0.00386565,-0.291696,-0.0165244,-0.525397,4.06262,-75458.6,-1,6.46592e-10,1,0
0.00386733,-0.292004,-0.0183134,-0.525477,4.06153,-75505.2,-1,8.53218e-10,1,0
0.00386885,-0.292395,-0.0199198,-0.526211,4.06152,-75576.9,-1,8.53218e-10,1,0
0.00386895,-0.292378,-0.0200085,-0.526285,4.06147,-75570.3,-1,8.14536e-11,1,0
0.00386995,-0.29142,-0.0201123,-0.526161,4.05975,-75303.2,-1,2.57658e-10,1,0
0.00387116,-0.290951,-0.0202676,-0.526933,4.05723,-75158.6,-1,1.01734e-09,1,0
0.00387139,-0.291136,-0.0203365,-0.52702,4.05776,-75202.1,-1,1.96879e-10,1,0
0.00387197,-0.291252,-0.020851,-0.527202,4.0596,-75220.7,-1,1.35473e-10,1,0
0.00387251,-0.291332,-0.0213772,-0.527563,4.06156,-75230.9,-1,6.43017e-10,1,0
0.00387332,-0.291378,-0.0219055,-0.527775,4.06,-75226.9,-1,6.20723e-10,1,0
0.00387366,-0.291606,-0.0219508,-0.52743,4.06068,-75279,-1,4.15335e-10,1,0
0.0038743,-0.29109,-0.0215498,-0.527196,4.05684,-75133.6,-1,3.38663e-11,1,0
0.00387473,-0.290746,-0.0213075,-0.527004,4.05694,-75036.5,-1,6.02861e-11,1,0
0.00387626,-0.289988,-0.0203862,-0.527001,4.05664,-74811.4,-1,2.08527e-10,1,0
0.00387758,-0.289534,-0.0196931,-0.527283,4.05596,-74668.7,-1,3.4898e-10,1,0
0.00387908,-0.288751,-0.0197423,-0.527392,4.05893,-74438.1,-1,1.99021e-10,1,0
0.00387959,-0.289097,-0.0202314,-0.527249,4.05891,-74517.3,-1,1.99021e-10,1,0
0.00388022,-0.289059,-0.0197683,-0.527412,4.05895,-74495.7,-1,4.57473e-10,1,0
0.00388087,-0.289404,-0.019639,-0.528102,4.05889,-74571.8,-1,7.81352e-10,1,0
0.00388167,-0.289933,-0.020428,-0.528218,4.05853,-74692.8,-1,9.57171e-10,1,0
0.00388308,-0.291231,-0.0204204,-0.5284,4.05877,-75000.1,-1,3.5821e-10,1,0
0.00388428,-0.29262,-0.0200512,-0.528316,4.05858,-75334.4,-1,1.81072e-09,1,0
0.00388511,-0.293442,-0.0196595,-0.528267,4.05866,-75530,-1,1.38357e-10,1,0
0.00388719,-0.292838,-0.0191022,-0.526231,4.05991,-75334.1,-1,1.26338e-09,1,0
0.00388869,-0.292255,-0.0191584,-0.525973,4.05991,-75155,-1,8.05604e-10,1,0
0.0038895,-0.29162,-0.0198698,-0.526156,4.05995,-74976.1,-1,8.05604e-10,1,0
0.00389064,-0.290568,-0.0201667,-0.526143,4.06282,-74683.9,-1,3.58164e-10,1,0
0.00389127,-0.290933,-0.0204197,-0.525834,4.06324,-74765.6,-1,6.24092e-10,1,0
0.00389219,-0.291436,-0.020197,-0.525316,4.05938,-74877.1,-1,6.95895e-11,1,0
0.00389308,-0.290789,-0.0199098,-0.525038,4.06143,-74693.7,-1,2.13327e-10,1,0
0.00389367,-0.290825,-0.0194146,-0.525507,4.05993,-74691.8,-1,6.31634e-10,1,0
0.00389462,-0.29059,-0.0189929,-0.524942,4.0584,-74613.4,-1,8.30661e-10,1,0
0.00389578,-0.2895,-0.0191883,-0.524556,4.05906,-74311,-1,7.50403e-10,1,0
0.00389634,-0.289798,-0.018871,-0.524135,4.05734,-74377.1,-1,5.78154e-10,1,0
0.00389693,-0.290073,-0.0186836,-0.524202,4.05789,-74436.3,-1,5.56039e-10,1,0
0.00389837,-0.290207,-0.0195414,-0.523267,4.0591,-74443.2,-1,4.60809e-10,1,0
0.00389875,-0.290251,-0.0194549,-0.522813,4.05909,-74447,-1,4.60809e-10,1,0
0.00389962,-0.291148,-0.0195637,-0.523103,4.0605,-74660.5,-1,5.89481e-10,1,0
0.00390005,-0.290753,-0.0192386,-0.523076,4.06188,-74550.9,-1,9.29403e-12,1,0
0.00390187,-0.289403,-0.0192114,-0.52227,4.05998,-74170.4,-1,1.1257e-09,1,0
0.00390229,-0.288927,-0.0191049,-0.522264,4.06008,-74040.3,-1,2.60138e-10,1,0
0.00390372,-0.288049,-0.0193335,-0.523231,4.05912,-73788.3,-1,1.47222e-09,1,0
0.0039043,-0.288408,-0.0195261,-0.52331,4.06127,-73869.4,-1,1.68397e-10,1,0
0.00390479,-0.287889,-0.0197392,-0.52349,4.06129,-73727.1,-1,1.68397e-10,1,0
0.00390634,-0.286943,-0.0205491,-0.523407,4.06229,-73455.8,-1,1.83565e-09,1,0
0.00390682,-0.286852,-0.0206061,-0.52309,4.0641,-73423.5,-1,2.46426e-11,1,0
0.00390815,-0.28612,-0.0204374,-0.522835,4.06208,-73211.3,-1,1.36252e-09,1,0
0.00390889,-0.286549,-0.0207362,-0.522632,4.05963,-73306.9,-1,7.06552e-11,1,0
0.00391018,-0.285906,-0.0200334,-0.522482,4.06256,-73118.3,-1,2.77003e-10,1,0
0.00391113,-0.285148,-0.0192133,-0.522671,4.06158,-72907,-1,2.17882e-09,1,0
0.00391188,-0.284463,-0.019171,-0.523161,4.06193,-72717.7,-1,8.58674e-10,1,0
0.00391245,-0.28496,-0.0188221,-0.523456,4.06175,-72834.3,-1,7.19961e-10,1,0
0.00391378,-0.285906,-0.0196311,-0.523514,4.06057,-73051.2,-1,4.98802e-10,1,0
0.00391442,-0.286284,-0.0202837,-0.523372,4.06055,-73135.7,-1,4.98802e-10,1,0
0.0039156,-0.286948,-0.0214814,-0.523074,4.05973,-73283.2,-1,1.82851e-10,1,0
0.00391664,-0.288008,-0.0208649,-0.522858,4.05967,-73534.5,-1,1.82851e-10,1,0
0.0039176,-0.288631,-0.0207323,-0.523228,4.05896,-73675.4,-1,5.1937e-10,1,0
0.00391815,-0.28846,-0.020699,-0.523765,4.05585,-73621.5,-1,2.80865e-10,1,0
0.0039186,-0.28826,-0.0202344,-0.523628,4.05648,-73562.1,-1,3.99834e-10,1,0
0.0039191,-0.288168,-0.0202932,-0.523175,4.0548,-73529.3,-1,1.06639e-10,1,0
0.00392032,-0.28765,-0.0208615,-0.524019,4.05331,-73374.2,-1,2.38734e-10,1,0
0.00392157,-0.287912,-0.0205406,-0.525183,4.05145,-73417.6,-1,1.01103e-09,1,0
0.00392212,-0.288068,-0.0204502,-0.525191,4.05237,-73447,-1,3.36898e-10,1,0
0.00392272,-0.287418,-0.0205146,-0.525326,4.05105,-73270.1,-1,3.26078e-10,1,0
0.00392433,-0.287362,-0.0198978,-0.525551,4.05057,-73225.7,-1,1.02885e-09,1,0
0.00392555,-0.287606,-0.0201285,-0.524613,4.04755,-73265.2,-1,2.02481e-10,1,0
0.00392606,-0.287667,-0.0200392,-0.524182,4.04665,-73271.3,-1,1.81456e-10,1,0
0.00392744,-0.287823,-0.0202093,-0.523253,4.04496,-73285.2,-1,3.85725e-10,1,0
0.00392809,-0.287508,-0.0198057,-0.523605,4.04257,-73192.7,-1,5.98954e-10,1,0
0.00392863,-0.28786,-0.0196719,-0.523896,4.04287,-73272.4,-1,1.38307e-10,1,0
0.00392922,-0.288478,-0.0196008,-0.524218,4.04284,-73418.7,-1,1.38307e-10,1,0
0.00392986,-0.289153,-0.0195231,-0.52457,4.0428,-73578.4,-1,1.38307e-10,1,0
0.00393122,-0.290267,-0.0202304,-0.524467,4.04022,-73836.3,-1,1.04427e-09,1,0
0.00393257,-0.291554,-0.0209999,-0.525056,4.041,-74138.3,-1,1.49895e-09,1,0
0.00393359,-0.291115,-0.0215051,-0.525841,4.03993,-74007.6,-1,8.55787e-10,1,0
0.00393406,-0.29064,-0.0214008,-0.525568,4.03995,-73878,-1,8.55787e-10,1,0
0.0039344,-0.290391,-0.0216536,-0.525711,4.03767,-73808,-1,3.74808e-10,1,0
0.00393474,-0.290367,-0.0219147,-0.52554,4.03607,-73795.8,-1,3.31801e-10,1,0
0.00393562,-0.290217,-0.0213347,-0.524734,4.03676,-73741.1,-1,3.0829e-10,1,0
0.0039364,-0.289877,-0.0211327,-0.52397,4.03939,-73640.3,-1,1.03406e-09,1,0
0.00393825,-0.290903,-0.0220525,-0.524516,4.04095,-73866.1,-1,1.26135e-09,1,0
0.00393912,-0.291648,-0.0223078,-0.524297,4.04096,-74039,-1,1.69124e-09,1,0
0.00394047,-0.291419,-0.0219218,-0.525016,4.04376,-73955.3,-1,8.92974e-10,1,0
0.00394104,-0.291237,-0.0215029,-0.524794,4.04518,-73898.5,-1,1.33812e-10,1,0
0.0039422,-0.290419,-0.0210939,-0.523819,4.04518,-73669.2,-1,6.77464e-10,1,0
0.00394355,-0.289441,-0.0207074,-0.522599,4.04489,-73396.1,-1,2.85924e-09,1,0
0.00394403,-0.289858,-0.0204997,-0.52251,4.04153,-73493,-1,1.42909e-10,1,0
0.00394563,-0.29083,-0.0211542,-0.524021,4.04014,-73709.4,-1,1.91209e-09,1,0
0.00394706,-0.291817,-0.0224452,-0.524371,4.03895,-73932.9,-1,4.58998e-11,1,0
0.00394914,-0.291845,-0.0219512,-0.523751,4.03765,-73901,-1,1.22372e-09,1,0
0.00394952,-0.292163,-0.0218576,-0.523441,4.03764,-73974.3,-1,1.22372e-09,1,0
0.00395082,-0.291761,-0.0222777,-0.523926,4.03652,-73848.1,-1,8.89348e-10,1,0
0.00395198,-0.291793,-0.0233011,-0.524201,4.03587,-73834.7,-1,2.41663e-10,1,0
0.00395284,-0.291634,-0.0242914,-0.524376,4.03289,-73778.4,-1,2.1598e-09,1,0
0.00395329,-0.291981,-0.0238976,-0.52451,4.03312,-73857.6,-1,5.416e-10,1,0
0.00395425,-0.292873,-0.0236805,-0.524883,4.03311,-74065.4,-1,1.00542e-10,1,0
0.00395515,-0.293454,-0.0233937,-0.525064,4.0365,-74195.4,-1,1.40237e-10,1,0
0.00395564,-0.293443,-0.0229513,-0.525141,4.03821,-74183.5,-1,4.4857e-10,1,0
0.00395711,-0.293701,-0.0243127,-0.526223,4.03896,-74221.2,-1,1.75847e-09,1,0
0.0039582,-0.294387,-0.0245514,-0.526249,4.03997,-74373.8,-1,3.0427e-10,1,0
0.00395975,-0.295084,-0.0228402,-0.526221,4.03994,-74520.8,-1,3.0427e-10,1,0
0.00396055,-0.295436,-0.0219791,-0.526104,4.03992,-74594.7,-1,2.42985e-09,1,0
0.00396147,-0.295836,-0.0210043,-0.525779,4.0399,-74678.3,-1,2.42985e-09,1,0
0.00396192,-0.295587,-0.0206885,-0.525508,4.03983,-74607,-1,4.34484e-10,1,0
0.00396249,-0.295865,-0.0203073,-0.525265,4.03905,-74666.4,-1,4.00498e-10,1,0
0.00396288,-0.296233,-0.0201584,-0.525447,4.0386,-74751.9,-1,3.37065e-10,1,0
0.0039635,-0.296611,-0.0198138,-0.525978,4.03936,-74835.8,-1,7.37575e-10,1,0
0.00396385,-0.296756,-0.019422,-0.525912,4.03936,-74865.6,-1,7.37575e-10,1,0
0.00396484,-0.297157,-0.0183348,-0.525731,4.03934,-74948.2,-1,7.37575e-10,1,0
0.00396575,-0.297677,-0.0180598,-0.526161,4.03954,-75061.8,-1,7.32256e-11,1,0
0.00396692,-0.298028,-0.0178976,-0.524902,4.04031,-75128.3,-1,1.38289e-10,1,0
0.00396812,-0.298976,-0.0175336,-0.523986,4.04052,-75344.4,-1,9.95663e-10,1,0
0.00396925,-0.29839,-0.0164473,-0.523471,4.03883,-75175.3,-1,2.68737e-10,1,0
0.00397182,-0.297063,-0.0164889,-0.524444,4.04358,-74792.6,-1,1.22419e-09,1,0
0.00397237,-0.296506,-0.016794,-0.524317,4.04459,-74642,-1,1.87244e-09,1,0
0.00397337,-0.296702,-0.016066,-0.525067,4.04307,-74672.6,-1,1.07973e-09,1,0
0.0039749,-0.295178,-0.0152699,-0.524466,4.04402,-74260.6,-1,1.93599e-09,1,0
0.00397571,-0.294765,-0.0159227,-0.524521,4.04657,-74141.3,-1,1.46545e-10,1,0
0.00397624,-0.294279,-0.0162749,-0.524567,4.04608,-74009.4,-1,2.8509e-10,1,0
0.00397662,-0.294099,-0.0163103,-0.524493,4.04679,-73957,-1,2.45902e-10,1,0
0.00397697,-0.293968,-0.0165961,-0.524218,4.04931,-73917.6,-1,4.07427e-10,1,0
0.00397832,-0.292912,-0.0163507,-0.523165,4.05004,-73627,-1,6.5375e-11,1,0
0.00397874,-0.292808,-0.0160666,-0.522856,4.05017,-73593.2,-1,2.33937e-10,1,0
0.00398009,-0.29394,-0.0153447,-0.522478,4.04914,-73852.5,-1,1.20629e-09,1,0
0.00398094,-0.294175,-0.0153904,-0.522926,4.05045,-73895.7,-1,4.33636e-10,1,0
0.00398137,-0.294552,-0.0153251,-0.522904,4.04993,-73982.5,-1,3.44768e-10,1,0
0.00398212,-0.294271,-0.0151384,-0.522335,4.05183,-73898.1,-1,1.9536e-10,1,0
0.00398348,-0.293906,-0.0143598,-0.520959,4.05185,-73781.2,-1,1.9536e-10,1,0
0.00398394,-0.293781,-0.0140931,-0.520487,4.05185,-73741.2,-1,1.9536e-10,1,0
0.00398576,-0.293706,-0.0129141,-0.518834,4.05201,-73688.9,-1,5.98908e-10,1,0
0.00398721,-0.293797,-0.0127691,-0.520247,4.04889,-73684.7,-1,7.3285e-10,1,0
0.00398782,-0.294383,-0.0127075,-0.520559,4.04807,-73820.7,-1,6.57416e-10,1,0
0.00398875,-0.294791,-0.0129832,-0.520683,4.04666,-73905.7,-1,1.79282e-10,1,0
0.00398998,-0.296023,-0.0137126,-0.520361,4.04632,-74191.6,-1,2.13638e-09,1,0
0.00399134,-0.29666,-0.0150335,-0.521067,4.04629,-74325.8,-1,2.13638e-09,1,0
0.0039937,-0.297761,-0.017318,-0.522288,4.04432,-74557.7,-1,4.44218e-09,1,0
0.00399508,-0.297211,-0.0187301,-0.521646,4.04518,-74394.2,-1,1.646e-09,1,0
0.00399565,-0.296714,-0.0185976,-0.522085,4.04315,-74259.5,-1,6.76078e-10,1,0
0.00399635,-0.296542,-0.0189643,-0.522275,4.0436,-74203.2,-1,5.25676e-10,1,0
0.00399727,-0.296192,-0.0184491,-0.523172,4.04361,-74098.6,-1,1.40827e-09,1,0
0.00399846,-0.29619,-0.0180557,-0.523981,4.04397,-74076,-1,4.26687e-10,1,0
0.00399902,-0.296192,-0.0178176,-0.523734,4.04365,-74066.1,-1,3.62909e-10,1,0
0.00399973,-0.296421,-0.0177738,-0.523601,4.04544,-74110.2,-1,3.4128e-10,1,0
0.00400016,-0.296437,-0.0172612,-0.523575,4.04544,-74106.4,-1,3.4128e-10,1,0
0.0040019,-0.295332,-0.0177937,-0.524632,4.0453,-73798.1,-1,9.56516e-10,1,0
0.00400288,-0.295099,-0.0182446,-0.524227,4.04573,-73721.7,-1,1.63827e-09,1,0
0.00400457,-0.29533,-0.0181941,-0.522415,4.04572,-73748.3,-1,1.30733e-09,1,0
0.00400561,-0.2952,-0.0182205,-0.522279,4.04135,-73696.7,-1,5.11903e-10,1,0
0.00400632,-0.295052,-0.0189375,-0.522108,4.04076,-73646.6,-1,7.65317e-10,1,0
0.00400758,-0.293852,-0.0184061,-0.521578,4.04133,-73324.2,-1,1.06391e-09,1,0
0.00400763,-0.293801,-0.0183606,-0.521582,4.04133,-73310.4,-1,1.06391e-09,1,0
0.00400803,-0.293516,-0.0182978,-0.521432,4.04027,-73231.9,-1,9.73035e-12,1,0
0.00400847,-0.293415,-0.0182433,-0.5213,4.03828,-73198.7,-1,3.17237e-10,1,0
0.00400941,-0.293067,-0.0179931,-0.521489,4.03778,-73094.8,-1,5.6469e-10,1,0
0.00401061,-0.293464,-0.0167327,-0.520945,4.03507,-73172,-1,1.4292e-09,1,0
0.00401118,-0.293267,-0.0165324,-0.520556,4.03809,-73112.3,-1,4.1233e-10,1,0
0.00401171,-0.293346,-0.016928,-0.520924,4.03769,-73122.3,-1,4.72474e-10,1,0
0.00401195,-0.293319,-0.0172102,-0.52087,4.03769,-73111.2,-1,4.72474e-10,1,0
0.00401307,-0.293893,-0.0173326,-0.520451,4.03599,-73234,-1,8.01966e-10,1,0
0.00401342,-0.293933,-0.0173221,-0.520867,4.03665,-73237.6,-1,2.72903e-10,1,0
0.00401348,-0.293934,-0.0173332,-0.520939,4.03703,-73236.7,-1,2.23014e-10,1,0
0.00401457,-0.29433,-0.0178444,-0.521428,4.03667,-73315.5,-1,4.78633e-10,1,0
0.00401578,-0.295594,-0.0179595,-0.520746,4.0366,-73608,-1,4.78633e-10,1,0
0.00401685,-0.296387,-0.0181863,-0.519982,4.03552,-73786,-1,2.34735e-09,1,0
0.00401789,-0.296642,-0.0188698,-0.519007,4.03544,-73830.2,-1,8.29641e-10,1,0
0.00401857,-0.296839,-0.0194509,-0.518829,4.03519,-73866.9,-1,3.25642e-10,1,0
0.00402002,-0.296222,-0.0198417,-0.517274,4.03589,-73686.9,-1,1.7183e-09,1,0
0.00402055,-0.295994,-0.0195015,-0.517034,4.0355,-73620.5,-1,7.10485e-11,1,0
0.00402093,-0.296031,-0.0194299,-0.517236,4.0342,-73622.6,-1,2.84143e-10,1,0
0.00402215,-0.295335,-0.0182616,-0.516936,4.03354,-73427.1,-1,6.07765e-11,1,0
0.00402282,-0.295786,-0.0179153,-0.516368,4.03482,-73526.9,-1,8.03766e-10,1,0
0.00402342,-0.295657,-0.0183136,-0.516126,4.03221,-73484.1,-1,2.23521e-10,1,0
0.00402385,-0.295666,-0.0185414,-0.515829,4.03453,-73478.4,-1,7.90979e-11,1,0
0.00402414,-0.295716,-0.0187227,-0.515542,4.03442,-73485.5,-1,3.82902e-11,1,0
0.00402492,-0.296198,-0.0184591,-0.515605,4.02983,-73591.2,-1,2.66014e-10,1,0
0.0040251,-0.296184,-0.0182883,-0.515651,4.0299,-73584.2,-1,1.32553e-10,1,0
0.00402704,-0.294698,-0.0189402,-0.515055,4.03101,-73179.9,-1,1.59016e-09,1,0
0.00402754,-0.294346,-0.01853,-0.514808,4.03151,-73083.3,-1,1.31235e-09,1,0
0.00402782,-0.294136,-0.0182572,-0.514807,4.03152,-73026,-1,1.31235e-09,1,0
0.00402859,-0.293864,-0.0180694,-0.515248,4.03025,-72944.5,-1,2.77917e-10,1,0
0.00402903,-0.293862,-0.0183027,-0.515702,4.02911,-72936.1,-1,3.06489e-10,1,0
0.00403105,-0.29452,-0.0205914,-0.516032,4.02907,-73062.9,-1,3.06489e-10,1,0
0.00403184,-0.295277,-0.0206997,-0.515756,4.03043,-73236.3,-1,2.57246e-09,1,0
0.00403364,-0.29461,-0.0218887,-0.516835,4.03065,-73038.2,-1,1.01868e-09,1,0
0.00403497,-0.293867,-0.0228905,-0.517812,4.03068,-72830,-1,1.01868e-09,1,0
0.00403579,-0.293709,-0.0235954,-0.517719,4.03151,-72776,-1,3.89314e-09,1,0
0.00403638,-0.293615,-0.0240782,-0.517335,4.03094,-72742.1,-1,1.32349e-10,1,0
0.00403676,-0.293834,-0.024112,-0.517479,4.03004,-72789.5,-1,3.27488e-10,1,0
0.00403739,-0.293788,-0.0237123,-0.517952,4.0304,-72766.9,-1,2.25053e-10,1,0
0.00403924,-0.293571,-0.0225725,-0.519825,4.03041,-72679.8,-1,2.25053e-10,1,0
0.00403983,-0.293631,-0.0221198,-0.520255,4.02991,-72684.1,-1,6.79553e-12,1,0
0.00404145,-0.294142,-0.020721,-0.52066,4.03072,-72781.3,-1,1.922e-09,1,0
0.00404206,-0.29427,-0.0207894,-0.5211,4.03413,-72802,-1,1.84964e-11,1,0
0.00404329,-0.295342,-0.0198069,-0.520864,4.03747,-73045,-1,1.47396e-09,1,0
0.00404416,-0.294536,-0.0201057,-0.520458,4.04083,-72829.9,-1,2.53242e-10,1,0
0.00404564,-0.294522,-0.0196191,-0.520426,4.04403,-72799.8,-1,6.64017e-10,1,0
0.00404588,-0.294498,-0.0198678,-0.5204,4.04262,-72789.7,-1,2.35429e-10,1,0
0.00404684,-0.295211,-0.0206973,-0.520562,4.04382,-72948.5,-1,9.23308e-10,1,0
0.00404706,-0.295349,-0.0205221,-0.520594,4.04373,-72978.5,-1,1.30058e-10,1,0
0.00404813,-0.295515,-0.0192618,-0.52061,4.04372,-73000.3,-1,1.30058e-10,1,0
0.00404832,-0.295545,-0.0190325,-0.520613,4.04372,-73004.2,-1,1.30058e-10,1,0
0.00404927,-0.295064,-0.0184393,-0.520698,4.04434,-72868.4,-1,2.2671e-10,1,0
0.00405038,-0.296117,-0.0179938,-0.520311,4.04475,-73108.5,-1,1.90803e-10,1,0
0.00405116,-0.296714,-0.0180815,-0.520886,4.04127,-73241.8,-1,8.63864e-10,1,0
0.00405244,-0.296308,-0.0187936,-0.521592,4.04088,-73118.4,-1,7.59221e-10,1,0
0.00405313,-0.296706,-0.0191831,-0.522001,4.04201,-73204.1,-1,5.26493e-10,1,0
0.00405359,-0.296545,-0.0197052,-0.521972,4.04202,-73156.3,-1,5.26493e-10,1,0
0.00405476,-0.296019,-0.0199596,-0.521264,4.03991,-73005.2,-1,1.79677e-10,1,0
0.00405529,-0.296009,-0.0202972,-0.521563,4.03449,-72993.4,-1,3.49723e-10,1,0
0.00405571,-0.296333,-0.0202674,-0.521862,4.03415,-73065.7,-1,1.41312e-10,1,0
0.00405655,-0.297216,-0.0203195,-0.522327,4.03545,-73268.1,-1,1.35629e-09,1,0
0.00405782,-0.297788,-0.0206177,-0.521077,4.03625,-73386.4,-1,1.33935e-09,1,0
0.00405826,-0.298067,-0.0202313,-0.520852,4.03624,-73447.1,-1,1.33935e-09,1,0
0.00405914,-0.298621,-0.0194634,-0.520405,4.03621,-73567.7,-1,1.33935e-09,1,0
0.00406023,-0.298518,-0.0203406,-0.521172,4.03931,-73522.6,-1,1.15035e-09,1,0
0.0040607,-0.299068,-0.0204527,-0.521245,4.03928,-73649.3,-1,1.15035e-09,1,0
0.00406319,-0.300223,-0.0197503,-0.520802,4.0401,-73888.5,-1,5.46271e-10,1,0
0.00406406,-0.29962,-0.0190511,-0.520394,4.04048,-73724.3,-1,4.04842e-10,1,0
0.00406467,-0.299361,-0.0184336,-0.520697,4.04049,-73649.5,-1,4.04842e-10,1,0
0.00406537,-0.298808,-0.0179413,-0.520753,4.04152,-73500.8,-1,1.09138e-09,1,0
0.00406721,-0.296845,-0.0170578,-0.520338,4.04173,-72985,-1,2.66981e-09,1,0
0.00406812,-0.296466,-0.0166735,-0.520965,4.0396,-72875.6,-1,3.33854e-10,1,0
0.00406858,-0.296151,-0.0164762,-0.521093,4.04155,-72789.9,-1,1.06383e-09,1,0
0.00406995,-0.29636,-0.0166831,-0.519867,4.03859,-72816.5,-1,8.46172e-10,1,0
0.00407122,-0.294878,-0.0169765,-0.519716,4.04032,-72429.7,-1,1.51837e-09,1,0
0.00407195,-0.29519,-0.0162819,-0.519665,4.04227,-72493.5,-1,6.18876e-10,1,0
0.00407367,-0.295773,-0.0173474,-0.519365,4.0392,-72606.1,-1,2.08836e-10,1,0
0.00407525,-0.297356,-0.0182956,-0.519721,4.03935,-72966.4,-1,3.07533e-09,1,0
0.0040767,-0.29758,-0.0199082,-0.520099,4.04111,-72995.4,-1,8.8568e-10,1,0
0.00407745,-0.297164,-0.0202546,-0.520156,4.04258,-72879.8,-1,3.52105e-10,1,0
0.00407861,-0.295783,-0.0202669,-0.520267,4.0405,-72520.5,-1,1.81994e-09,1,0
0.004079,-0.295979,-0.0201719,-0.520579,4.04231,-72561.5,-1,6.91962e-11,1,0
0.00407958,-0.295785,-0.0196208,-0.52071,4.04045,-72503.8,-1,4.30962e-11,1,0
0.00408133,-0.295623,-0.018288,-0.522311,4.04045,-72433,-1,4.30962e-11,1,0
0.0040821,-0.295669,-0.0182115,-0.522025,4.04126,-72430.5,-1,5.82656e-10,1,0
0.00408313,-0.296067,-0.0184117,-0.520885,4.04124,-72509.9,-1,5.82656e-10,1,0
0.0040841,-0.296662,-0.0186383,-0.520006,4.04103,-72638.3,-1,1.99449e-09,1,0
0.00408449,-0.297069,-0.018757,-0.519816,4.04101,-72731,-1,1.99449e-09,1,0
0.00408465,-0.2971,-0.0186931,-0.519726,4.03676,-72735.7,-1,4.74925e-11,1,0
0.00408603,-0.296907,-0.0186212,-0.519343,4.03691,-72663.9,-1,7.87291e-10,1,0
0.00408675,-0.296539,-0.0184745,-0.519068,4.03526,-72561,-1,3.9375e-10,1,0
0.00408778,-0.296965,-0.0174847,-0.518735,4.03252,-72647,-1,8.22762e-10,1,0
0.004089,-0.296649,-0.017722,-0.517455,4.03188,-72548,-1,2.27852e-10,1,0
0.00408941,-0.296721,-0.018027,-0.517209,4.03,-72558.3,-1,4.36283e-10,1,0
0.00409003,-0.296069,-0.017834,-0.517508,4.02791,-72388,-1,8.00386e-10,1,0
0.00409149,-0.29684,-0.0164011,-0.51809,4.02909,-72550.7,-1,1.7279e-09,1,0
0.00409244,-0.296502,-0.0161642,-0.517358,4.02931,-72451,-1,1.04574e-10,1,0
0.00409317,-0.296788,-0.0156495,-0.517407,4.02681,-72508,-1,2.20477e-10,1,0
0.0040937,-0.297021,-0.0150925,-0.517579,4.02428,-72555.7,-1,6.27628e-10,1,0
0.00409576,-0.298609,-0.0148624,-0.518859,4.02504,-72907,-1,2.16756e-09,1,0
0.00409637,-0.299017,-0.015172,-0.519265,4.02518,-72995.6,-1,6.43212e-10,1,0
0.00409747,-0.300037,-0.0153757,-0.518468,4.02513,-73224.8,-1,6.43212e-10,1,0
0.00409864,-0.300497,-0.0150233,-0.51738,4.02877,-73316.4,-1,9.03304e-10,1,0
0.00409933,-0.300809,-0.0154921,-0.517978,4.02652,-73380.1,-1,8.2061e-10,1,0
0.00409958,-0.30068,-0.0152913,-0.517996,4.02325,-73344.1,-1,4.32788e-11,1,0
0.0041011,-0.300418,-0.0167028,-0.518656,4.02459,-73253.1,-1,3.57205e-10,1,0
0.004102,-0.299577,-0.0169182,-0.519088,4.02279,-73032.1,-1,4.65422e-11,1,0
0.00410279,-0.298902,-0.0165496,-0.519576,4.02106,-72853.5,-1,9.22831e-10,1,0
0.0041034,-0.298345,-0.0168006,-0.519348,4.02233,-72706.7,-1,1.3292e-10,1,0
0.00410456,-0.297833,-0.0175152,-0.520333,4.02144,-72561.6,-1,1.30981e-10,1,0
0.00410517,-0.297876,-0.0174148,-0.520071,4.02545,-72561.1,-1,1.75742e-10,1,0
0.00410623,-0.296854,-0.0173681,-0.520445,4.02522,-72293.6,-1,7.36514e-10,1,0
0.00410734,-0.296506,-0.0172677,-0.521456,4.02523,-72189.4,-1,1.77638e-10,1,0
0.00410816,-0.296151,-0.0180182,-0.521013,4.02555,-72088.5,-1,8.11952e-10,1,0
0.00410995,-0.296063,-0.0184318,-0.521501,4.02537,-72035.6,-1,5.66947e-10,1,0
0.00411018,-0.295834,-0.0183956,-0.52144,4.02346,-71976,-1,2.40445e-10,1,0
0.00411148,-0.295106,-0.0191533,-0.521012,4.02237,-71776.2,-1,1.09814e-09,1,0
0.00411363,-0.296027,-0.0190338,-0.519288,4.01945,-71962.5,-1,7.85833e-10,1,0
0.00411409,-0.296204,-0.0190978,-0.519789,4.02256,-71997.6,-1,5.36498e-10,1,0
0.0041143,-0.29612,-0.0190052,-0.520015,4.02256,-71973.2,-1,5.36498e-10,1,0
0.00411462,-0.29615,-0.0187106,-0.52008,4.02118,-71975.2,-1,5.05435e-11,1,0
0.00411527,-0.296155,-0.0179557,-0.520133,4.02009,-71965,-1,1.06052e-09,1,0
0.00411735,-0.294836,-0.0160973,-0.52005,4.02093,-71608.2,-1,8.34374e-10,1,0
0.0041196,-0.29725,-0.014958,-0.519809,4.02038,-72155,-1,2.68019e-09,1,0
0.00412033,-0.297621,-0.0145796,-0.519128,4.02037,-72232.3,-1,2.68019e-09,1,0
0.00412081,-0.297937,-0.0141916,-0.519028,4.02064,-72300.7,-1,1.03337e-09,1,0
0.00412164,-0.29841,-0.013752,-0.518393,4.02137,-72400.9,-1,7.93892e-10,1,0
0.00412347,-0.297324,-0.0132416,-0.51711,4.02026,-72105.3,-1,1.24525e-09,1,0
0.00412409,-0.296915,-0.0133682,-0.516727,4.0188,-71995.1,-1,9.81237e-10,1,0
0.00412468,-0.297048,-0.0137466,-0.516456,4.01682,-72017.3,-1,1.03816e-10,1,0
0.00412708,-0.295716,-0.0161838,-0.516301,4.01733,-71652.5,-1,1.60718e-09,1,0
0.00412831,-0.294815,-0.0161073,-0.517439,4.01837,-71413.1,-1,3.02276e-11,1,0
0.00413001,-0.29498,-0.0180518,-0.518001,4.01963,-71423.4,-1,2.03072e-09,1,0
0.00413163,-0.294428,-0.0168772,-0.517878,4.02039,-71261.8,-1,4.49111e-10,1,0
0.00413235,-0.294647,-0.0171644,-0.517377,4.02186,-71302.4,-1,4.06694e-11,1,0
0.00413354,-0.293843,-0.0178526,-0.516489,4.02271,-71087.6,-1,5.22575e-10,1,0
0.0041354,-0.293006,-0.0184357,-0.516523,4.02417,-70853,-1,5.22504e-10,1,0
0.00413559,-0.292914,-0.0183453,-0.516684,4.02297,-70827.6,-1,7.46109e-11,1,0
0.00413604,-0.293224,-0.0179965,-0.516792,4.02353,-70895,-1,9.52282e-11,1,0
0.00413628,-0.293219,-0.0181602,-0.516636,4.02312,-70889.6,-1,2.3886e-10,1,0
0.00413763,-0.293195,-0.01759,-0.516531,4.02309,-70860.6,-1,1.62579e-10,1,0
0.00413913,-0.294436,-0.0184101,-0.516308,4.02088,-71134.7,-1,2.32462e-10,1,0
0.00414042,-0.293193,-0.0187095,-0.515728,4.02142,-70812.3,-1,6.24191e-10,1,0
0.00414261,-0.291519,-0.0173776,-0.516107,4.02269,-70370.8,-1,1.90643e-09,1,0
0.00414289,-0.291226,-0.0172279,-0.516162,4.02363,-70295.3,-1,3.34068e-10,1,0
0.00414322,-0.291443,-0.0169614,-0.516331,4.02362,-70342.1,-1,3.34068e-10,1,0
0.00414353,-0.291692,-0.0169468,-0.516516,4.0243,-70397,-1,1.4577e-10,1,0
0.00414463,-0.292309,-0.0169606,-0.517205,4.02178,-70527.2,-1,7.85193e-10,1,0
0.00414664,-0.292308,-0.0162706,-0.519493,4.02163,-70492.7,-1,3.04399e-09,1,0
0.00414829,-0.291411,-0.0153062,-0.520953,4.02125,-70248.4,-1,1.96705e-09,1,0
0.00414959,-0.292057,-0.0155568,-0.521618,4.01906,-70382.2,-1,2.9231e-10,1,0
0.00415179,-0.293546,-0.0156186,-0.523403,4.01893,-70703.5,-1,1.24561e-09,1,0
0.00415234,-0.293409,-0.0151113,-0.523785,4.01996,-70661.1,-1,6.16294e-10,1,0
0.0041536,-0.293893,-0.0152464,-0.523851,4.02102,-70756.2,-1,6.28675e-10,1,0
0.00415458,-0.294149,-0.015973,-0.523298,4.02284,-70801.2,-1,9.31166e-11,1,0
0.00415541,-0.294275,-0.0159272,-0.524014,4.02619,-70817.4,-1,3.18695e-10,1,0
0.00415568,-0.294449,-0.0159914,-0.524024,4.02581,-70854.5,-1,1.78484e-10,1,0
0.00415754,-0.294837,-0.016401,-0.523621,4.02725,-70916.1,-1,8.89652e-10,1,0
0.00415974,-0.295885,-0.0164145,-0.523398,4.02729,-71130.7,-1,1.45031e-09,1,0
0.00416068,-0.296378,-0.0156527,-0.522862,4.02574,-71233.1,-1,4.47105e-10,1,0
0.00416149,-0.297162,-0.0155801,-0.522475,4.0262,-71407.7,-1,8.89994e-10,1,0
0.00416332,-0.297225,-0.0158426,-0.522444,4.02127,-71391.3,-1,1.17532e-10,1,0
0.00416493,-0.297712,-0.0152878,-0.520749,4.02133,-71480.8,-1,3.84565e-10,1,0
0.00416602,-0.29804,-0.0147407,-0.519612,4.02131,-71540.7,-1,3.84565e-10,1,0
0.00416722,-0.298258,-0.0141589,-0.518381,4.02152,-71572.2,-1,4.07956e-09,1,0
0.00416763,-0.298007,-0.0140044,-0.518,4.02153,-71505.1,-1,4.07956e-09,1,0
0.00416882,-0.297476,-0.0135512,-0.517049,4.01966,-71357.4,-1,1.93654e-09,1,0
0.00416916,-0.297365,-0.0136446,-0.5169,4.02158,-71325,-1,2.8409e-10,1,0
0.00417,-0.297349,-0.0143276,-0.5176,4.02136,-71306.6,-1,1.5149e-10,1,0
0.00417111,-0.297179,-0.0151507,-0.51803,4.02096,-71247,-1,3.38705e-10,1,0
0.00417127,-0.297149,-0.0150719,-0.518159,4.02158,-71237.2,-1,2.40795e-11,1,0
0.0041727,-0.295832,-0.0142209,-0.517614,4.02183,-70897.1,-1,2.05746e-10,1,0
0.00417389,-0.294956,-0.0135705,-0.517234,4.02082,-70667,-1,1.48129e-10,1,0
0.0041743,-0.295028,-0.0131491,-0.516991,4.02113,-70677.3,-1,4.9172e-10,1,0
0.00417504,-0.294592,-0.0128849,-0.516658,4.01677,-70560.2,-1,3.87827e-10,1,0
0.00417718,-0.295637,-0.0121583,-0.515864,4.01674,-70774.2,-1,1.18662e-09,1,0
0.0041775,-0.295782,-0.0121954,-0.515704,4.01705,-70803.6,-1,7.82881e-11,1,0
0.00417857,-0.296356,-0.0128889,-0.516427,4.01661,-70922.8,-1,8.1665e-10,1,0
0.00417951,-0.295288,-0.012985,-0.516283,4.01716,-70651.3,-1,1.09817e-09,1,0
0.00418002,-0.295523,-0.0132632,-0.516242,4.01536,-70699,-1,2.5267e-10,1,0
0.00418077,-0.29575,-0.013676,-0.516729,4.01559,-70740.4,-1,6.1135e-10,1,0
0.00418157,-0.295578,-0.0140608,-0.517481,4.00784,-70686,-1,1.07762e-11,1,0
0.00418227,-0.295409,-0.0143211,-0.518229,4.00969,-70633.5,-1,1.58813e-12,1,0
0.00418351,-0.296515,-0.014303,-0.518184,4.0098,-70877.1,-1,3.66627e-11,1,0
0.0041852,-0.298483,-0.0143894,-0.517812,4.0097,-71318.6,-1,3.66627e-11,1,0
0.00418545,-0.298779,-0.0144024,-0.517756,4.00969,-71385.1,-1,3.66627e-11,1,0
0.00418617,-0.29902,-0.0147266,-0.518004,4.01033,-71430.5,-1,3.91849e-09,1,0
0.00418669,-0.29888,-0.015083,-0.518477,4.00944,-71388,-1,1.79161e-10,1,0
0.00418789,-0.298379,-0.0151356,-0.519049,4.00902,-71247.9,-1,7.18625e-10,1,0
0.00418832,-0.298035,-0.015299,-0.519185,4.00684,-71158.5,-1,1.8908e-10,1,0
0.00418893,-0.297771,-0.0159802,-0.519213,4.00683,-71085,-1,7.8126e-10,1,0
0.00418997,-0.298241,-0.0159503,-0.518989,4.00291,-71179.7,-1,8.40003e-10,1,0
0.00419112,-0.298198,-0.0151839,-0.519774,4.00121,-71149.9,-1,9.69849e-10,1,0
0.00419224,-0.298667,-0.0139911,-0.520151,4.00104,-71242.7,-1,1.33606e-09,1,0
0.0041939,-0.298863,-0.0143772,-0.51859,4.00034,-71261.5,-1,3.54843e-10,1,0
0.00419431,-0.298547,-0.014066,-0.518398,4.00035,-71179.1,-1,3.54843e-10,1,0
0.00419566,-0.297805,-0.0138675,-0.517843,3.997,-70979.4,-1,5.17174e-10,1,0
0.00419689,-0.296495,-0.0132439,-0.517642,3.99707,-70646.3,-1,5.17174e-10,1,0
0.00419856,-0.295242,-0.0128685,-0.517991,3.99378,-70319.9,-1,5.8193e-10,1,0
0.00420031,-0.294306,-0.0142429,-0.51759,3.99322,-70067.7,-1,3.37094e-10,1,0
0.00420181,-0.295259,-0.0149123,-0.517745,3.99319,-70269.4,-1,5.49674e-10,1,0
0.00420203,-0.295366,-0.0149461,-0.517798,3.99332,-70291.2,-1,8.02579e-11,1,0
0.00420355,-0.296936,-0.0152562,-0.516967,3.99324,-70639.3,-1,8.02579e-11,1,0
0.00420538,-0.298513,-0.0153598,-0.517155,3.99206,-70983.6,-1,9.14522e-10,1,0
0.00420731,-0.299811,-0.0139741,-0.517767,3.99366,-71259.5,-1,9.62839e-10,1,0
0.00420858,-0.300245,-0.0126858,-0.518431,3.99606,-71341.1,-1,1.51265e-09,1,0
0.00420996,-0.299334,-0.0133661,-0.518284,3.99844,-71101.3,-1,4.30796e-10,1,0
0.00421115,-0.299895,-0.0138971,-0.517107,3.99795,-71214.5,-1,1.40834e-09,1,0
0.00421201,-0.299701,-0.0141734,-0.516861,3.99752,-71153.9,-1,2.55116e-10,1,0
0.00421378,-0.29814,-0.0145452,-0.51728,3.99906,-70753.6,-1,4.25612e-10,1,0
0.00421409,-0.297826,-0.0146844,-0.517297,3.99953,-70673.9,-1,1.56815e-09,1,0
0.00421467,-0.297792,-0.0143712,-0.516911,4.00061,-70656.1,-1,2.84316e-11,1,0
0.00421607,-0.296767,-0.0138865,-0.516596,4.00175,-70389.4,-1,1.08971e-09,1,0
0.0042165,-0.296589,-0.0137351,-0.516945,3.99865,-70340.2,-1,2.37923e-10,1,0
0.00421692,-0.296374,-0.0138079,-0.516512,3.99844,-70282.3,-1,4.17393e-10,1,0
0.00421782,-0.295546,-0.0140415,-0.51587,3.99838,-70070.8,-1,1.01886e-09,1,0
0.00421938,-0.295447,-0.0156448,-0.51604,4.00009,-70021.3,-1,4.80947e-10,1,0
0.00422029,-0.295088,-0.0159043,-0.516022,3.99938,-69921.2,-1,3.30293e-10,1,0
0.00422191,-0.295808,-0.0147067,-0.514901,3.99752,-70065,-1,1.67808e-09,1,0
0.00422432,-0.294667,-0.0168637,-0.514526,3.99753,-69755,-1,2.34844e-09,1,0
0.0042248,-0.294862,-0.0171533,-0.51467,3.99678,-69793.1,-1,5.75865e-12,1,0
0.0042263,-0.295376,-0.016772,-0.515679,3.9954,-69889.8,-1,4.25156e-11,1,0
0.00422744,-0.2964,-0.0164707,-0.516492,3.99534,-70113.4,-1,4.25156e-11,1,0
0.00422816,-0.296377,-0.016308,-0.51687,3.99339,-70096,-1,3.92105e-10,1,0
0.00422857,-0.296151,-0.0166934,-0.517025,3.99326,-70035.9,-1,3.88419e-10,1,0
0.00422898,-0.296172,-0.0171556,-0.517033,3.99223,-70034,-1,4.67931e-10,1,0
0.00422954,-0.295813,-0.0172587,-0.51686,3.9919,-69939.7,-1,3.25359e-10,1,0
0.00423129,-0.293798,-0.0169577,-0.516454,3.992,-69434.5,-1,3.25359e-10,1,0
0.0042326,-0.293709,-0.0177492,-0.515282,3.9917,-69392.2,-1,2.68102e-09,1,0
0.00423353,-0.293751,-0.0183878,-0.514383,3.99219,-69386.8,-1,2.50749e-09,1,0
0.00423423,-0.293057,-0.0186008,-0.513981,3.99222,-69211.5,-1,2.50749e-09,1,0
0.00423569,-0.294015,-0.0187558,-0.513457,3.98918,-69413.7,-1,4.70661e-10,1,0
0.00423712,-0.293787,-0.0185702,-0.512036,3.9871,-69336.5,-1,1.10503e-09,1,0
0.00423848,-0.293452,-0.0179013,-0.512802,3.98735,-69235.3,-1,1.19797e-09,1,0
0.00423961,-0.292718,-0.0182109,-0.511728,3.98651,-69043.6,-1,7.22704e-12,1,0
0.00424021,-0.292731,-0.0178151,-0.511534,3.98685,-69036.8,-1,3.17626e-10,1,0
0.00424141,-0.293433,-0.0175987,-0.511192,3.98359,-69182.9,-1,8.62695e-10,1,0
0.00424195,-0.293234,-0.0181752,-0.510999,3.9836,-69127.1,-1,8.62695e-10,1,0
0.00424269,-0.293325,-0.0186421,-0.510793,3.97933,-69136.6,-1,2.81832e-10,1,0
0.00424344,-0.293013,-0.0183127,-0.510232,3.97842,-69050.9,-1,4.07344e-10,1,0
0.0042449,-0.29263,-0.0181953,-0.508772,3.97995,-68936.8,-1,1.4518e-09,1,0
0.00424576,-0.292966,-0.0183287,-0.508017,3.9795,-69002,-1,1.10871e-10,1,0
0.00424632,-0.293008,-0.0182043,-0.507889,3.98013,-69002.8,-1,3.69985e-10,1,0
0.00424745,-0.294135,-0.0186325,-0.507973,3.97946,-69249.6,-1,1.25038e-09,1,0
0.00424882,-0.293174,-0.0193763,-0.50843,3.97812,-69001.2,-1,7.2809e-10,1,0
0.00425099,-0.294373,-0.0187797,-0.509996,3.97665,-69248.2,-1,2.7363e-10,1,0
0.00425197,-0.294558,-0.0183314,-0.509171,3.97645,-69275.6,-1,3.52783e-11,1,0
0.00425235,-0.294473,-0.0183548,-0.508858,3.97412,-69249.5,-1,1.20656e-10,1,0
0.00425389,-0.293392,-0.0176769,-0.507546,3.97417,-68970.3,-1,1.20656e-10,1,0
0.00425483,-0.292737,-0.0172654,-0.50675,3.9742,-68801,-1,1.20656e-10,1,0
0.00425502,-0.292569,-0.0171766,-0.506708,3.97559,-68758.5,-1,1.15224e-11,1,0
0.00425633,-0.291604,-0.0165164,-0.506693,3.97589,-68510.8,-1,1.67023e-10,1,0
0.00425682,-0.291729,-0.0169006,-0.506978,3.97572,-68532.2,-1,1.23188e-10,1,0
0.00425803,-0.290647,-0.0172018,-0.50675,3.97592,-68258.6,-1,1.1567e-09,1,0
0.00425847,-0.29102,-0.0174708,-0.506805,3.97177,-68339.3,-1,3.66074e-10,1,0
0.00426037,-0.28946,-0.0189232,-0.506079,3.97184,-67942.5,-1,3.66074e-10,1,0
0.00426139,-0.288623,-0.0197026,-0.50569,3.97481,-67729.7,-1,3.46021e-09,1,0
0.0042616,-0.288792,-0.0196583,-0.505604,3.97633,-67766,-1,1.52073e-10,1,0
0.00426274,-0.289425,-0.0191754,-0.505439,3.97423,-67896.5,-1,3.40478e-10,1,0
0.00426323,-0.289551,-0.0189418,-0.505106,3.97007,-67918.3,-1,4.40713e-10,1,0
0.00426433,-0.289245,-0.0196865,-0.504083,3.97008,-67829,-1,4.40713e-10,1,0
0.0042648,-0.288891,-0.0198239,-0.504229,3.97309,-67738.4,-1,1.86882e-10,1,0
0.00426591,-0.28837,-0.0194832,-0.504462,3.97214,-67598.7,-1,4.74303e-10,1,0
0.00426635,-0.288144,-0.0195063,-0.504912,3.97204,-67538.7,-1,5.92509e-10,1,0
0.00426918,-0.290832,-0.0188508,-0.506261,3.97278,-68123.6,-1,1.3039e-09,1,0
0.00427081,-0.291911,-0.0173048,-0.506649,3.973,-68350.2,-1,1.91663e-09,1,0
0.00427166,-0.291741,-0.0178783,-0.507444,3.97305,-68296.9,-1,9.19692e-10,1,0
0.0042723,-0.292333,-0.0180655,-0.507034,3.97155,-68425.2,-1,9.45326e-12,1,0
0.00427301,-0.29297,-0.0184888,-0.507381,3.97152,-68562.9,-1,9.45326e-12,1,0
0.00427339,-0.293327,-0.0186086,-0.507565,3.97199,-68640.2,-1,1.3018e-10,1,0
0.00427489,-0.29475,-0.0177533,-0.507528,3.97125,-68949.2,-1,1.18255e-09,1,0
0.00427557,-0.295257,-0.0177324,-0.507101,3.97225,-69056.8,-1,2.3468e-10,1,0
0.00427737,-0.294646,-0.0164766,-0.508714,3.97228,-68884.9,-1,2.3468e-10,1,0
0.0042786,-0.29553,-0.0175058,-0.509217,3.97321,-69071.6,-1,2.13549e-09,1,0
0.00427901,-0.295831,-0.0178574,-0.509388,3.97312,-69135.4,-1,1.94119e-09,1,0
0.00428026,-0.2952,-0.0180182,-0.510129,3.9705,-68967.8,-1,6.27783e-10,1,0
0.00428058,-0.295177,-0.0181439,-0.509866,3.97232,-68957.3,-1,2.46114e-10,1,0
0.00428183,-0.294334,-0.0186647,-0.510659,3.97265,-68740.3,-1,1.42185e-10,1,0
0.00428254,-0.29489,-0.0186901,-0.511286,3.97258,-68858.8,-1,8.38434e-10,1,0
0.00428371,-0.296143,-0.0189955,-0.511796,3.97252,-69132.4,-1,8.38434e-10,1,0
0.00428384,-0.296207,-0.0190802,-0.511707,3.97095,-69145.2,-1,1.3398e-10,1,0
0.00428497,-0.296594,-0.019669,-0.510746,3.97298,-69217.3,-1,2.92104e-11,1,0
0.00428573,-0.296886,-0.0200826,-0.510235,3.9729,-69273.1,-1,9.32769e-11,1,0
0.00428674,-0.297177,-0.0207123,-0.509957,3.96748,-69324.7,-1,9.29427e-10,1,0
0.00428753,-0.29764,-0.0210826,-0.51018,3.96469,-69420,-1,6.68389e-10,1,0
0.00428799,-0.297739,-0.0212308,-0.510411,3.96401,-69435.5,-1,3.50719e-10,1,0
0.00428928,-0.29832,-0.0219969,-0.509492,3.96367,-69550.2,-1,1.01323e-09,1,0
0.00428992,-0.297756,-0.0224217,-0.509515,3.9632,-69408.2,-1,7.24655e-10,1,0
0.00429063,-0.298326,-0.0229974,-0.509454,3.96252,-69529.7,-1,6.68348e-10,1,0
0.00429166,-0.299254,-0.0236657,-0.50924,3.96345,-69729.1,-1,1.97394e-11,1,0
0.00429185,-0.299082,-0.0236119,-0.509381,3.96301,-69686.1,-1,2.28209e-10,1,0
0.00429254,-0.299402,-0.0233434,-0.509163,3.96668,-69749.3,-1,5.77921e-10,1,0
0.00429345,-0.299534,-0.0243685,-0.509486,3.96903,-69765.2,-1,1.0829e-09,1,0
0.0042941,-0.299171,-0.024111,-0.509317,3.97104,-69670.2,-1,2.98248e-10,1,0
0.00429496,-0.299697,-0.0243571,-0.509263,3.97211,-69778.8,-1,2.5557e-10,1,0
0.00429698,-0.300264,-0.0263742,-0.50904,3.9698,-69877.8,-1,1.26504e-09,1,0
0.00429824,-0.300107,-0.0263475,-0.508503,3.96874,-69820.8,-1,5.65285e-10,1,0
0.00429865,-0.300166,-0.0261748,-0.508547,3.97006,-69828,-1,1.68401e-10,1,0
0.00430013,-0.300746,-0.0256448,-0.506985,3.97004,-69938.8,-1,1.68401e-10,1,0
0.00430042,-0.300956,-0.0255708,-0.506765,3.97175,-69982.9,-1,1.68539e-10,1,0
0.0043019,-0.300911,-0.0270634,-0.50584,3.97175,-69948.3,-1,1.68539e-10,1,0
0.00430203,-0.300924,-0.0270855,-0.505816,3.96611,-69949.4,-1,1.84634e-09,1,0
0.00430426,-0.302388,-0.025323,-0.506622,3.96671,-70253.2,-1,1.26517e-09,1,0
0.00430537,-0.301888,-0.0252622,-0.506684,3.96374,-70118.9,-1,6.71696e-10,1,0
0.00430651,-0.301807,-0.0251181,-0.506901,3.96357,-70081.6,-1,6.99488e-10,1,0
0.00430716,-0.301459,-0.0254552,-0.506731,3.96234,-69990.3,-1,3.79352e-10,1,0
0.004308,-0.301989,-0.0259599,-0.506704,3.963,-70099.6,-1,5.11309e-10,1,0
0.00430884,-0.301236,-0.026347,-0.507079,3.96236,-69911.1,-1,4.06441e-11,1,0
0.00430988,-0.30036,-0.0259518,-0.507558,3.96143,-69690.9,-1,4.77385e-10,1,0
0.00431001,-0.300301,-0.0259385,-0.507683,3.96148,-69675.3,-1,8.61282e-10,1,0
0.00431071,-0.300336,-0.0262071,-0.508467,3.96148,-69672.1,-1,8.61282e-10,1,0
0.00431178,-0.301428,-0.0259465,-0.508891,3.95956,-69907.9,-1,9.67918e-10,1,0
0.00431257,-0.302283,-0.0258257,-0.508858,3.95835,-70093.6,-1,4.40116e-10,1,0
0.00431399,-0.302117,-0.0248398,-0.508005,3.95597,-70032,-1,2.01496e-10,1,0
0.00431631,-0.300497,-0.0259426,-0.509394,3.95432,-69618.8,-1,1.89941e-09,1,0
0.00431838,-0.299026,-0.0256061,-0.51122,3.9551,-69244.8,-1,1.31914e-09,1,0
0.0043188,-0.299047,-0.025681,-0.510957,3.95217,-69243.1,-1,1.40037e-10,1,0
0.00431948,-0.298636,-0.0254763,-0.511611,3.95219,-69137.1,-1,1.40037e-10,1,0
0.00432073,-0.29785,-0.0247504,-0.511961,3.95322,-68935.1,-1,1.56391e-09,1,0
0.00432232,-0.29798,-0.0240265,-0.510352,3.95232,-68939.8,-1,9.53442e-10,1,0
0.00432367,-0.296635,-0.0239939,-0.509737,3.95069,-68607.1,-1,1.44973e-09,1,0
0.0043245,-0.297519,-0.0242292,-0.509964,3.95137,-68798.6,-1,6.12724e-11,1,0
0.00432552,-0.297479,-0.0246203,-0.509973,3.95265,-68773,-1,6.47036e-10,1,0
0.00432714,-0.297519,-0.0233136,-0.511353,3.95306,-68756.5,-1,1.90076e-09,1,0
0.00432769,-0.297857,-0.0234257,-0.511074,3.95449,-68825.9,-1,1.25542e-10,1,0
0.00432954,-0.297521,-0.0245978,-0.51165,3.95483,-68718.7,-1,1.02042e-09,1,0
0.00432989,-0.297725,-0.0249506,-0.511644,3.95734,-68760.4,-1,3.67376e-10,1,0
0.00433114,-0.298997,-0.0243088,-0.511411,3.9574,-69034.1,-1,1.42805e-09,1,0
0.004332,-0.298947,-0.0239726,-0.511376,3.95659,-69009.2,-1,6.27576e-10,1,0
0.00433257,-0.298858,-0.0234703,-0.511638,3.95935,-68979.3,-1,1.20655e-10,1,0
0.00433301,-0.298436,-0.0233289,-0.511879,3.9594,-68875,-1,4.3951e-11,1,0
0.00433402,-0.29746,-0.023051,-0.512504,3.96022,-68633.6,-1,1.66955e-09,1,0
0.00433506,-0.297449,-0.0222381,-0.512901,3.9626,-68614.7,-1,8.51399e-10,1,0
0.00433607,-0.297748,-0.0228287,-0.513233,3.96195,-68667.7,-1,7.12221e-10,1,0
0.00433681,-0.297763,-0.0233886,-0.513848,3.95993,-68659.4,-1,4.60334e-10,1,0
0.004338,-0.296491,-0.023977,-0.513849,3.95999,-68347.3,-1,4.60334e-10,1,0
0.00433933,-0.296495,-0.0248025,-0.51382,3.95699,-68327.5,-1,5.72863e-10,1,0
0.00434093,-0.295672,-0.0247256,-0.512294,3.95468,-68112.6,-1,3.67218e-10,1,0
0.00434186,-0.295678,-0.0253109,-0.512454,3.9548,-68099.3,-1,5.16994e-10,1,0
0.00434323,-0.294598,-0.0255846,-0.512414,3.95536,-67829.3,-1,9.21719e-10,1,0
0.00434465,-0.295159,-0.0249017,-0.512341,3.95383,-67936.4,-1,6.07625e-10,1,0
0.00434527,-0.295442,-0.024588,-0.512717,3.95055,-67991.5,-1,4.68514e-11,1,0
0.00434588,-0.295567,-0.0244037,-0.512736,3.94875,-68010.8,-1,2.79905e-10,1,0
0.00434678,-0.296281,-0.0250284,-0.513126,3.95213,-68160.9,-1,1.03538e-09,1,0
0.00434753,-0.296786,-0.0244057,-0.512751,3.95017,-68265.4,-1,8.85481e-10,1,0
0.00434791,-0.296925,-0.024577,-0.513003,3.95122,-68291.3,-1,3.67223e-10,1,0
0.00434891,-0.297569,-0.0238591,-0.513297,3.94982,-68423.9,-1,1.02643e-09,1,0
0.00435003,-0.296472,-0.0241628,-0.513089,3.95071,-68154,-1,6.76845e-10,1,0
0.00435037,-0.296386,-0.0239493,-0.513176,3.95278,-68129,-1,2.56724e-10,1,0
0.00435162,-0.296308,-0.0229962,-0.513309,3.95263,-68091.4,-1,5.59018e-10,1,0
0.00435183,-0.296312,-0.0230897,-0.513127,3.95453,-68089.1,-1,2.25224e-10,1,0
0.00435372,-0.297376,-0.0235484,-0.514469,3.95582,-68303.9,-1,1.20201e-09,1,0
0.00435499,-0.298164,-0.024266,-0.513619,3.9565,-68464.9,-1,4.79674e-12,1,0
0.00435635,-0.29814,-0.0234947,-0.515031,3.9572,-68438,-1,1.60851e-09,1,0
0.00435709,-0.297627,-0.0237144,-0.515702,3.95722,-68308.7,-1,1.60851e-09,1,0
0.00435841,-0.296713,-0.0241063,-0.516898,3.95727,-68078.2,-1,1.60851e-09,1,0
0.00436019,-0.295479,-0.024635,-0.518513,3.95733,-67767.4,-1,1.60851e-09,1,0
0.00436177,-0.29438,-0.0251059,-0.519951,3.95757,-67490.9,-1,6.39837e-09,1,0
0.00436256,-0.29378,-0.024866,-0.520614,3.95888,-67341.3,-1,9.2595e-10,1,0
0.00436351,-0.293425,-0.0244063,-0.520255,3.95813,-67245.2,-1,3.39842e-10,1,0
0.00436368,-0.293571,-0.0244926,-0.520368,3.95812,-67276,-1,3.39842e-10,1,0
0.00436514,-0.293548,-0.0246173,-0.521081,3.95773,-67248.3,-1,1.09604e-10,1,0
0.00436627,-0.29278,-0.0235694,-0.521158,3.95761,-67055.1,-1,2.16867e-11,1,0
0.00436731,-0.292284,-0.0226689,-0.520933,3.95627,-66925.4,-1,1.73981e-10,1,0
0.00436833,-0.29183,-0.022748,-0.519884,3.95946,-66805.9,-1,3.73165e-10,1,0
0.00436991,-0.292233,-0.0234562,-0.520794,3.95867,-66874,-1,5.85804e-10,1,0
0.00437052,-0.291604,-0.0233236,-0.520526,3.95793,-66720.6,-1,6.2159e-10,1,0
0.00437168,-0.291168,-0.0222559,-0.52004,3.95554,-66603.2,-1,1.09747e-09,1,0
0.0043728,-0.290494,-0.0213301,-0.520401,3.9558,-66432,-1,6.49282e-10,1,0
0.00437434,-0.292166,-0.0220207,-0.520498,3.95668,-66790.8,-1,1.81734e-09,1,0
0.00437475,-0.292017,-0.0223192,-0.520248,3.95746,-66750.5,-1,3.95708e-10,1,0
0.0043757,-0.292314,-0.0234054,-0.520369,3.95744,-66803.8,-1,3.95708e-10,1,0
0.0043769,-0.292684,-0.0247601,-0.52052,3.95743,-66870.2,-1,3.95708e-10,1,0
0.00437836,-0.293195,-0.024936,-0.521743,3.95755,-66964.4,-1,1.2651e-09,1,0
0.00438073,-0.293175,-0.0257229,-0.519947,3.95744,-66923.8,-1,1.26494e-09,1,0
0.00438286,-0.292648,-0.0279083,-0.518807,3.95769,-66771,-1,4.04579e-09,1,0
0.00438502,-0.29183,-0.0263553,-0.518479,3.95397,-66551.6,-1,1.2647e-09,1,0
0.00438545,-0.292138,-0.0265274,-0.518706,3.95273,-66615.1,-1,9.22985e-11,1,0
0.00438586,-0.292436,-0.0265414,-0.518997,3.95167,-66676.9,-1,1.81071e-10,1,0
0.00438662,-0.292919,-0.0266353,-0.519048,3.95286,-66775.4,-1,1.32262e-10,1,0
0.00438733,-0.293097,-0.0270507,-0.518528,3.9529,-66805.3,-1,4.58613e-10,1,0
0.00438942,-0.292149,-0.0254504,-0.520149,3.95295,-66557.4,-1,4.58613e-10,1,0
0.00439023,-0.292125,-0.0248669,-0.520223,3.95009,-66539.8,-1,4.05461e-10,1,0
0.00439175,-0.292991,-0.026406,-0.520357,3.95019,-66714,-1,7.11941e-10,1,0
0.00439298,-0.293785,-0.0266757,-0.520169,3.94711,-66876,-1,4.54829e-10,1,0
0.00439423,-0.293622,-0.026479,-0.51916,3.95079,-66819.9,-1,2.48752e-10,1,0
0.00439506,-0.294174,-0.0270186,-0.518731,3.95406,-66932.9,-1,1.21451e-10,1,0
0.00439592,-0.294534,-0.0274364,-0.51837,3.95524,-67001.6,-1,1.6914e-09,1,0
0.00439676,-0.293902,-0.0272251,-0.519099,3.95838,-66845.2,-1,1.17424e-09,1,0
0.00439855,-0.292986,-0.0280166,-0.517973,3.95707,-66609.7,-1,1.40626e-09,1,0
0.00440009,-0.292434,-0.0275336,-0.518299,3.95835,-66460.9,-1,1.4124e-09,1,0
0.00440022,-0.292454,-0.0274142,-0.518299,3.95668,-66463.6,-1,1.21773e-09,1,0
0.00440179,-0.293698,-0.028209,-0.518598,3.95707,-66722.4,-1,1.26524e-09,1,0
0.00440228,-0.293563,-0.028481,-0.519018,3.95693,-66684.3,-1,1.87156e-11,1,0
0.00440291,-0.293335,-0.0286026,-0.519093,3.95466,-66623,-1,2.9856e-10,1,0
0.00440363,-0.292561,-0.0285851,-0.51944,3.95501,-66436.4,-1,2.07995e-11,1,0
0.00440569,-0.291997,-0.0298027,-0.520455,3.95166,-66277.3,-1,1.98738e-10,1,0
0.00440647,-0.291528,-0.0299923,-0.520877,3.95046,-66159.2,-1,3.11146e-10,1,0
0.00440775,-0.290737,-0.0309839,-0.521686,3.94962,-65960.3,-1,2.0533e-09,1,0
0.00440918,-0.291496,-0.031739,-0.520721,3.9485,-66111.1,-1,3.95105e-10,1,0
0.00441022,-0.292121,-0.0310702,-0.520688,3.95048,-66237.1,-1,9.61117e-10,1,0
0.00441052,-0.292172,-0.030771,-0.520775,3.94984,-66244.3,-1,1.75331e-10,1,0
0.00441127,-0.292716,-0.030938,-0.521151,3.95069,-66356.3,-1,1.69618e-10,1,0
0.00441239,-0.293911,-0.0313671,-0.521516,3.95063,-66610.4,-1,1.69618e-10,1,0
0.00441267,-0.29421,-0.0314742,-0.521607,3.95061,-66673.8,-1,1.69618e-10,1,0
0.00441357,-0.295166,-0.0318175,-0.521899,3.95057,-66876.9,-1,1.69618e-10,1,0
0.00441363,-0.295204,-0.0318141,-0.521897,3.94938,-66884.6,-1,3.41937e-09,1,0
0.00441424,-0.295118,-0.0312488,-0.52145,3.94939,-66855.9,-1,3.41937e-09,1,0
0.00441439,-0.295129,-0.031297,-0.521354,3.95095,-66856,-1,1.14623e-10,1,0
0.00441599,-0.294448,-0.0324256,-0.520667,3.95236,-66677.6,-1,2.68411e-10,1,0
0.0044178,-0.29478,-0.0310735,-0.521456,3.95371,-66725.5,-1,2.60791e-10,1,0
0.00441833,-0.294496,-0.0313679,-0.521931,3.95313,-66653.2,-1,6.26905e-10,1,0
0.00441949,-0.294632,-0.0302906,-0.522761,3.95077,-66666.5,-1,1.36661e-09,1,0
0.00442143,-0.294547,-0.0305004,-0.520481,3.95078,-66617.9,-1,1.36661e-09,1,0
0.00442207,-0.294699,-0.03064,-0.519844,3.95044,-66642.8,-1,2.8129e-09,1,0
0.00442327,-0.295045,-0.0307284,-0.519177,3.95118,-66702.8,-1,4.62185e-10,1,0
0.00442408,-0.294823,-0.0299295,-0.518719,3.95119,-66640.5,-1,4.62185e-10,1,0
0.00442595,-0.294449,-0.0294464,-0.518839,3.95013,-66527.9,-1,2.21262e-09,1,0
0.0044262,-0.294424,-0.0296355,-0.519076,3.95013,-66518.3,-1,2.21262e-09,1,0
0.00442716,-0.294189,-0.0299765,-0.519941,3.95008,-66451,-1,2.0364e-09,1,0
0.00442819,-0.293579,-0.0294308,-0.520835,3.95011,-66297.7,-1,2.0364e-09,1,0
0.00442949,-0.293548,-0.029014,-0.522045,3.95038,-66271.4,-1,2.35661e-09,1,0
0.00443034,-0.294038,-0.0289316,-0.522855,3.95188,-66369.2,-1,1.69635e-09,1,0
0.00443246,-0.29271,-0.0290862,-0.52169,3.95276,-66037.7,-1,1.68737e-09,1,0
0.00443317,-0.292624,-0.0294253,-0.521962,3.95143,-66007.9,-1,3.55271e-10,1,0
0.00443408,-0.29249,-0.0304409,-0.522017,3.95661,-65964.1,-1,1.12501e-09,1,0
0.0044349,-0.291905,-0.0308059,-0.521447,3.95764,-65819.9,-1,1.69968e-10,1,0
0.00443621,-0.290991,-0.0315164,-0.520437,3.95836,-65594.3,-1,2.52091e-10,1,0
0.00443753,-0.290136,-0.0312323,-0.519176,3.95793,-65382.3,-1,1.54962e-09,1,0
0.00443854,-0.289312,-0.0320777,-0.519273,3.95853,-65181.9,-1,1.17863e-09,1,0
0.00443877,-0.289206,-0.0320423,-0.519415,3.95862,-65154.6,-1,1.278e-10,1,0
0.00443939,-0.289121,-0.0315647,-0.519958,3.95881,-65126.1,-1,5.38656e-10,1,0
0.00444003,-0.288974,-0.031251,-0.520341,3.95903,-65083.8,-1,9.48961e-10,1,0
0.00444085,-0.289102,-0.0308479,-0.519869,3.95862,-65100.6,-1,5.93057e-10,1,0
0.0044423,-0.289289,-0.0294825,-0.519107,3.95858,-65121.3,-1,1.22264e-09,1,0
0.00444329,-0.288897,-0.0290117,-0.518785,3.9576,-65018.7,-1,2.7875e-10,1,0
0.00444523,-0.290033,-0.0291545,-0.517193,3.95781,-65245.9,-1,1.1431e-09,1,0
0.00444584,-0.290509,-0.0292577,-0.516658,3.95882,-65344,-1,2.75691e-09,1,0
0.00444754,-0.292048,-0.0294347,-0.51669,3.95768,-65665.2,-1,1.26508e-09,1,0
0.00444871,-0.290853,-0.0289242,-0.516206,3.9578,-65379.1,-1,1.3871e-09,1,0
0.00444979,-0.290235,-0.0279272,-0.516166,3.95804,-65224.3,-1,6.62719e-11,1,0
0.00445031,-0.289983,-0.0280901,-0.516581,3.96088,-65160.2,-1,5.13772e-10,1,0
0.00445064,-0.289888,-0.0283549,-0.516846,3.96183,-65134.1,-1,6.48792e-13,1,0
0.00445157,-0.289705,-0.0290682,-0.517671,3.96184,-65079.2,-1,6.48792e-13,1,0
0.00445167,-0.289685,-0.0291448,-0.51776,3.96033,-65073.3,-1,1.2249e-09,1,0
0.00445205,-0.289869,-0.029232,-0.517531,3.95899,-65109,-1,2.21802e-11,1,0
0.00445356,-0.28971,-0.0303267,-0.518921,3.95762,-65051.4,-1,1.77665e-09,1,0
0.00445438,-0.289657,-0.0297663,-0.518695,3.95813,-65027.4,-1,4.34811e-10,1,0
0.00445485,-0.28938,-0.0296948,-0.518563,3.95975,-64958.5,-1,2.64035e-10,1,0
0.00445547,-0.289397,-0.0291673,-0.519038,3.95921,-64953.1,-1,3.64346e-10,1,0
0.00445668,-0.289688,-0.0286602,-0.518566,3.95719,-65000.8,-1,3.55642e-10,1,0
0.00445713,-0.289703,-0.0287151,-0.51843,3.95967,-64997.6,-1,5.62253e-11,1,0
0.00445759,-0.28959,-0.0288784,-0.518931,3.95753,-64965.5,-1,7.25045e-10,1,0
0.00445817,-0.289897,-0.0293047,-0.519004,3.95911,-65025.9,-1,7.31459e-11,1,0
0.00445903,-0.290306,-0.0286587,-0.519574,3.96025,-65105.1,-1,8.15832e-11,1,0
0.00446058,-0.290123,-0.0288698,-0.518645,3.96156,-65041.6,-1,6.19635e-10,1,0
0.00446112,-0.290082,-0.0294857,-0.518818,3.96025,-65024.5,-1,6.40976e-10,1,0
0.00446233,-0.290266,-0.0282373,-0.519168,3.95862,-65048.1,-1,7.51211e-10,1,0
0.004463,-0.290546,-0.0282823,-0.519602,3.96049,-65101,-1,3.44188e-10,1,0
0.00446347,-0.290174,-0.0279719,-0.519789,3.96029,-65010.9,-1,4.66205e-10,1,0
0.00446454,-0.290328,-0.0274612,-0.519976,3.95747,-65029.7,-1,7.70846e-10,1,0
0.00446655,-0.290987,-0.0282297,-0.518642,3.9559,-65147.9,-1,1.26496e-09,1,0
0.00446808,-0.29005,-0.0297607,-0.518739,3.95695,-64916,-1,1.79751e-09,1,0
0.00447,-0.288205,-0.0294512,-0.517819,3.95559,-64475.4,-1,9.96336e-11,1,0
0.00447188,-0.287699,-0.0305064,-0.518333,3.95573,-64335.1,-1,1.22172e-09,1,0
0.0044732,-0.286999,-0.0309798,-0.517236,3.95504,-64159.7,-1,1.05229e-09,1,0
0.0044747,-0.285662,-0.0302619,-0.516323,3.95511,-63839.2,-1,1.05229e-09,1,0
0.00447544,-0.285475,-0.0301033,-0.515798,3.9512,-63787.1,-1,2.61943e-09,1,0
0.00447707,-0.286717,-0.0304344,-0.514366,3.95114,-64041.1,-1,2.61943e-09,1,0
0.00447836,-0.287042,-0.0313707,-0.514279,3.94897,-64095.4,-1,9.11169e-10,1,0
0.00448021,-0.286311,-0.0323378,-0.512927,3.94889,-63905.8,-1,4.4795e-10,1,0
0.00448087,-0.286732,-0.0325257,-0.512289,3.94639,-63990.2,-1,7.87294e-10,1,0
0.00448169,-0.287086,-0.0326941,-0.512704,3.94764,-64057.5,-1,3.12007e-11,1,0
0.00448226,-0.286965,-0.0325077,-0.513238,3.94812,-64022.5,-1,5.98577e-10,1,0
0.00448388,-0.287811,-0.0333082,-0.512115,3.94722,-64188.1,-1,1.4585e-09,1,0
0.004485,-0.287636,-0.0331335,-0.512712,3.95125,-64133,-1,2.23455e-10,1,0
0.00448564,-0.287876,-0.0326626,-0.512767,3.95071,-64177.3,-1,2.26743e-10,1,0
0.00448658,-0.287254,-0.0331183,-0.512692,3.94991,-64025.2,-1,2.00397e-10,1,0
0.00448736,-0.286438,-0.0335582,-0.512709,3.94995,-63832,-1,2.00397e-10,1,0
0.00448781,-0.285985,-0.0338063,-0.512723,3.94974,-63724.9,-1,5.66451e-12,1,0
0.00448895,-0.287001,-0.0330409,-0.512278,3.94994,-63935.1,-1,1.3479e-09,1,0
0.00448936,-0.287353,-0.0331362,-0.511989,3.94669,-64007.6,-1,4.61001e-10,1,0
0.00449055,-0.287528,-0.034428,-0.512457,3.94634,-64029.5,-1,3.08885e-10,1,0
0.0044919,-0.287552,-0.0353809,-0.513207,3.94448,-64015.5,-1,3.08366e-10,1,0
0.00449295,-0.286942,-0.0348813,-0.513539,3.94409,-63865.1,-1,1.0438e-09,1,0
0.00449419,-0.287555,-0.0352617,-0.512264,3.94406,-63983.7,-1,1.0438e-09,1,0
0.00449521,-0.288057,-0.0355736,-0.511219,3.94409,-64080.9,-1,2.87162e-09,1,0
0.00449664,-0.287737,-0.036488,-0.510216,3.94379,-63989.3,-1,1.21907e-09,1,0
0.00449719,-0.287435,-0.0363021,-0.509675,3.94458,-63914.5,-1,1.11113e-09,1,0
0.00449792,-0.287318,-0.036318,-0.509559,3.94384,-63877.9,-1,4.81131e-10,1,0
0.00449881,-0.287348,-0.0360892,-0.510137,3.94348,-63872,-1,3.27196e-10,1,0
0.00449925,-0.287675,-0.0362649,-0.509856,3.94256,-63938.5,-1,2.63873e-10,1,0
0.00449998,-0.287699,-0.0370177,-0.509857,3.94217,-63933.3,-1,7.97418e-10,1,0
0.00450025,-0.287727,-0.0368508,-0.510113,3.94339,-63935.8,-1,9.99535e-11,1,0
0.00450112,-0.288084,-0.0368672,-0.510708,3.94482,-64002.7,-1,4.67756e-10,1,0
0.00450207,-0.287953,-0.0359118,-0.510193,3.94508,-63960.1,-1,7.61282e-10,1,0
0.00450256,-0.287666,-0.0354118,-0.510176,3.94303,-63889.5,-1,5.76567e-10,1,0
0.004503,-0.28788,-0.0357476,-0.510382,3.94277,-63930.7,-1,5.54451e-11,1,0
0.00450337,-0.287836,-0.0357323,-0.5108,3.93884,-63915.7,-1,4.19982e-10,1,0
0.00450387,-0.287721,-0.0356293,-0.510234,3.93741,-63883.2,-1,5.85557e-10,1,0
0.00450526,-0.287092,-0.0342869,-0.510735,3.93668,-63723.8,-1,3.17698e-10,1,0
0.00450556,-0.287083,-0.0345465,-0.510652,3.93347,-63717.4,-1,4.71458e-11,1,0
0.0045061,-0.287089,-0.0349914,-0.510515,3.93502,-63711.2,-1,6.91211e-11,1,0
0.00450759,-0.286032,-0.0348983,-0.509913,3.9356,-63455.6,-1,9.57839e-10,1,0
0.00450903,-0.285022,-0.0356093,-0.509466,3.93304,-63211.3,-1,1.26493e-09,1,0
0.00451054,-0.284628,-0.0367057,-0.510299,3.93325,-63102.9,-1,5.08742e-10,1,0
0.00451195,-0.285019,-0.0352351,-0.510955,3.93323,-63169.9,-1,5.08742e-10,1,0
0.00451223,-0.285162,-0.0349567,-0.511003,3.93216,-63197.5,-1,1.54859e-10,1,0
0.00451315,-0.285452,-0.0355747,-0.511841,3.93215,-63249,-1,1.54859e-10,1,0
0.00451474,-0.285955,-0.0366454,-0.513292,3.93212,-63338.1,-1,1.54859e-10,1,0
0.00451594,-0.286047,-0.037169,-0.51284,3.93383,-63341.6,-1,8.88907e-10,1,0
0.00451611,-0.286004,-0.0370855,-0.512675,3.9319,-63329.6,-1,1.83505e-10,1,0
0.00451722,-0.286183,-0.0368126,-0.513367,3.92865,-63353.9,-1,2.61103e-10,1,0
0.00451809,-0.286096,-0.0367204,-0.514388,3.92627,-63322.2,-1,1.0281e-09,1,0
0.00451917,-0.286677,-0.0359438,-0.513663,3.92618,-63435.8,-1,7.0345e-10,1,0
0.00452082,-0.286983,-0.0344765,-0.512432,3.92389,-63480.3,-1,2.50777e-09,1,0
0.00452201,-0.285906,-0.0350191,-0.512408,3.92251,-63225.5,-1,2.66722e-10,1,0
0.00452244,-0.28578,-0.0352442,-0.512664,3.92363,-63191.5,-1,8.42201e-11,1,0
0.00452376,-0.284859,-0.0346049,-0.512784,3.92326,-62969.6,-1,8.17727e-10,1,0
0.00452589,-0.284354,-0.0329099,-0.513865,3.92311,-62828.2,-1,9.54679e-10,1,0
0.00452673,-0.283724,-0.0329218,-0.513842,3.92305,-62677.5,-1,1.28105e-10,1,0
0.00452892,-0.281827,-0.0345093,-0.513162,3.92314,-62228.4,-1,1.28105e-10,1,0
0.00453019,-0.282242,-0.034972,-0.513468,3.92198,-62302.4,-1,2.09442e-11,1,0
0.00453085,-0.282493,-0.0346188,-0.513963,3.92005,-62348.7,-1,1.867e-10,1,0
0.00453208,-0.282302,-0.0351475,-0.514306,3.92312,-62289.7,-1,3.96787e-10,1,0
0.00453264,-0.281992,-0.0352339,-0.514368,3.92137,-62213.6,-1,1.04012e-10,1,0
0.0045333,-0.281494,-0.0357377,-0.514684,3.92139,-62094.6,-1,1.04012e-10,1,0
0.00453381,-0.281534,-0.0362103,-0.514738,3.92246,-62096.6,-1,3.7806e-10,1,0
0.00453602,-0.281183,-0.0381255,-0.516289,3.91997,-61989,-1,1.26491e-09,1,0
0.00453651,-0.281403,-0.0386466,-0.516183,3.91996,-62030.7,-1,1.26491e-09,1,0
0.00453779,-0.281974,-0.0400015,-0.515906,3.9194,-62139.1,-1,2.07142e-09,1,0
0.00453827,-0.281592,-0.0403841,-0.515816,3.91897,-62048.3,-1,4.88682e-10,1,0
0.00453939,-0.281352,-0.0410232,-0.51661,3.92022,-61980.2,-1,1.10719e-09,1,0
0.00454054,-0.281258,-0.0421622,-0.516907,3.91807,-61943.7,-1,1.11137e-09,1,0
0.00454169,-0.281244,-0.0417159,-0.515635,3.91807,-61925,-1,1.11137e-09,1,0
0.00454182,-0.28121,-0.0416547,-0.515497,3.91834,-61915.8,-1,1.36796e-09,1,0
0.00454288,-0.281062,-0.042725,-0.515838,3.91765,-61868.6,-1,3.86746e-10,1,0
0.00454385,-0.280135,-0.0430678,-0.515501,3.91696,-61651.4,-1,1.08811e-09,1,0
0.00454455,-0.27962,-0.0426978,-0.515322,3.91474,-61528.7,-1,4.18407e-10,1,0
0.00454556,-0.280072,-0.0420332,-0.515886,3.91429,-61614.5,-1,2.18941e-10,1,0
0.00454686,-0.280076,-0.0425807,-0.514466,3.91429,-61597.7,-1,2.18941e-10,1,0
0.00454701,-0.280114,-0.0426594,-0.514381,3.91247,-61604,-1,5.71002e-11,1,0
0.00454792,-0.279735,-0.0435608,-0.513945,3.91218,-61508.4,-1,1.07054e-09,1,0
0.00455041,-0.280179,-0.0460106,-0.512414,3.91216,-61572.4,-1,1.07054e-09,1,0
0.00455203,-0.280469,-0.0476075,-0.511416,3.91206,-61614,-1,4.82791e-09,1,0
0.00455289,-0.280206,-0.0474553,-0.510457,3.91208,-61544.7,-1,4.82791e-09,1,0
0.00455375,-0.279943,-0.0473032,-0.509498,3.91283,-61475.4,-1,2.01211e-09,1,0
0.00455389,-0.280035,-0.0473314,-0.509451,3.91054,-61493.6,-1,6.60734e-11,1,0
0.00455531,-0.281487,-0.047247,-0.510047,3.90687,-61793.2,-1,8.08433e-10,1,0
0.00455641,-0.280426,-0.0478261,-0.509589,3.90776,-61545.5,-1,1.29247e-09,1,0
0.00455712,-0.280062,-0.0472515,-0.510073,3.90721,-61456,-1,8.34776e-10,1,0
0.0045576,-0.279581,-0.0471461,-0.510346,3.90955,-61344,-1,5.63043e-10,1,0
0.00455894,-0.279035,-0.0459456,-0.509865,3.91118,-61206,-1,8.05814e-10,1,0
0.00455976,-0.278823,-0.0463094,-0.510265,3.91155,-61148.6,-1,1.03639e-09,1,0
0.00456021,-0.278721,-0.0462946,-0.51019,3.90897,-61120.2,-1,2.32052e-10,1,0
0.0045605,-0.27866,-0.0462373,-0.510421,3.90685,-61103,-1,6.03653e-11,1,0
0.00456182,-0.277909,-0.0455193,-0.510127,3.90689,-60920.6,-1,5.8362e-11,1,0
0.00456281,-0.277098,-0.0455639,-0.510277,3.9012,-60729.7,-1,4.64091e-10,1,0
0.00456318,-0.277258,-0.045214,-0.51033,3.90156,-60759.7,-1,2.45055e-10,1,0
0.00456545,-0.278974,-0.0433372,-0.509552,3.90148,-61105.4,-1,2.45055e-10,1,0
0.00456559,-0.278944,-0.0431956,-0.509605,3.90177,-61097,-1,1.50405e-10,1,0
0.00456631,-0.278823,-0.0432397,-0.50947,3.89681,-61060.8,-1,4.52873e-10,1,0
0.00456691,-0.278835,-0.0433431,-0.509722,3.89667,-61055.5,-1,3.81754e-10,1,0
0.00456722,-0.278962,-0.0435217,-0.509934,3.89515,-61079.3,-1,2.61272e-10,1,0
0.00456837,-0.278514,-0.0435175,-0.50982,3.89538,-60965.8,-1,5.56079e-10,1,0
0.00456865,-0.278379,-0.0435884,-0.509574,3.89473,-60932.6,-1,1.53759e-10,1,0
0.00456993,-0.278085,-0.0421891,-0.51002,3.89397,-60851.1,-1,1.4978e-09,1,0
0.0045708,-0.277537,-0.042739,-0.510046,3.89339,-60719.6,-1,4.95884e-10,1,0
0.0045727,-0.276438,-0.0434669,-0.509126,3.88802,-60454.2,-1,1.32231e-10,1,0
0.00457382,-0.276328,-0.0431151,-0.510063,3.89025,-60415.2,-1,1.64426e-10,1,0
0.00457406,-0.276276,-0.0430041,-0.510319,3.89029,-60400.7,-1,1.33083e-09,1,0
0.004575,-0.276057,-0.0425711,-0.511305,3.89207,-60340.3,-1,1.19981e-09,1,0
0.00457555,-0.276515,-0.0423407,-0.510919,3.89217,-60433.3,-1,6.42543e-10,1,0
0.00457611,-0.276986,-0.042048,-0.510729,3.89186,-60528.8,-1,2.48595e-10,1,0
0.00457704,-0.277976,-0.0416111,-0.510802,3.89289,-60732.8,-1,1.30887e-09,1,0
0.00457832,-0.277912,-0.0425318,-0.510483,3.88904,-60701.6,-1,6.64826e-10,1,0
0.00457901,-0.277631,-0.0418744,-0.510549,3.88964,-60631.2,-1,4.8272e-11,1,0
0.00458062,-0.277211,-0.0419279,-0.511795,3.89,-60518.2,-1,1.31058e-09,1,0
0.00458169,-0.277852,-0.0413548,-0.512647,3.8891,-60643.9,-1,1.03374e-09,1,0
0.00458312,-0.27694,-0.0402631,-0.512411,3.88932,-60426.1,-1,1.54383e-09,1,0
0.00458439,-0.277116,-0.0403305,-0.511106,3.88964,-60447.7,-1,1.32973e-09,1,0
0.00458492,-0.277146,-0.0400424,-0.511439,3.88525,-60447.4,-1,1.2467e-10,1,0
0.0045856,-0.2766,-0.0405905,-0.511249,3.88528,-60319.3,-1,1.2467e-10,1,0
0.00458696,-0.275631,-0.0414995,-0.510863,3.88441,-60090.2,-1,2.26745e-09,1,0
0.0045885,-0.276149,-0.0401305,-0.510295,3.88251,-60182.8,-1,1.39031e-10,1,0
0.0045894,-0.276388,-0.0402288,-0.509711,3.88297,-60223.2,-1,3.55627e-10,1,0
0.00459047,-0.276571,-0.0400913,-0.509472,3.88456,-60248.9,-1,4.97676e-10,1,0
0.00459165,-0.277273,-0.0401489,-0.508467,3.88578,-60386.2,-1,2.99254e-10,1,0
0.00459333,-0.277015,-0.0401347,-0.510294,3.88618,-60308.2,-1,9.68772e-11,1,0
0.0045943,-0.276947,-0.039861,-0.511045,3.88503,-60280.5,-1,2.73856e-09,1,0
0.00459529,-0.276803,-0.0406956,-0.511647,3.88608,-60236.3,-1,1.10182e-09,1,0
0.00459601,-0.276454,-0.0399431,-0.511781,3.88473,-60150.8,-1,8.40368e-10,1,0
0.00459731,-0.277599,-0.0400177,-0.512694,3.88503,-60383,-1,1.27523e-10,1,0
0.00459983,-0.279499,-0.0410577,-0.514177,3.88602,-60762.9,-1,3.37204e-09,1,0
0.00460166,-0.278027,-0.0416036,-0.512949,3.88901,-60418.8,-1,7.52209e-10,1,0
0.0046022,-0.277531,-0.0417924,-0.512597,3.89112,-60303.9,-1,3.13295e-12,1,0
0.00460308,-0.27735,-0.0417725,-0.511986,3.88888,-60253,-1,4.99172e-10,1,0
0.00460471,-0.278159,-0.0420583,-0.511338,3.88619,-60407.6,-1,2.75043e-11,1,0
0.0046055,-0.278163,-0.0425736,-0.510599,3.8854,-60398,-1,8.21345e-10,1,0
0.00460719,-0.277152,-0.0440286,-0.509721,3.88542,-60156.3,-1,2.08303e-09,1,0
0.00460855,-0.27642,-0.0440086,-0.510942,3.88441,-59979.8,-1,1.28329e-09,1,0
0.00461047,-0.276953,-0.0436867,-0.511729,3.88405,-60070.4,-1,9.53531e-10,1,0
0.00461191,-0.276866,-0.0450281,-0.512749,3.88376,-60032.9,-1,1.68736e-09,1,0
0.0046122,-0.276983,-0.0450932,-0.512971,3.883,-60054.4,-1,2.48981e-10,1,0
0.00461364,-0.276628,-0.0450977,-0.513889,3.88356,-59958.8,-1,6.25177e-10,1,0
0.00461438,-0.276142,-0.0447504,-0.513747,3.88273,-59843.7,-1,3.56877e-10,1,0
0.00461468,-0.275889,-0.0447865,-0.513516,3.88274,-59785.1,-1,3.56877e-10,1,0
0.00461683,-0.27404,-0.045051,-0.511821,3.88283,-59356.7,-1,3.56877e-10,1,0
0.00461739,-0.274225,-0.0451556,-0.512007,3.88107,-59389.6,-1,3.92224e-10,1,0
0.00461768,-0.274295,-0.045186,-0.511911,3.87793,-59401.1,-1,1.59981e-10,1,0
0.00461808,-0.274709,-0.045381,-0.511982,3.87813,-59485.5,-1,6.3392e-10,1,0
0.00461961,-0.276346,-0.0458221,-0.511479,3.87789,-59820.1,-1,1.66258e-11,1,0
0.00462068,-0.276794,-0.0457822,-0.510869,3.87816,-59903.2,-1,1.23486e-10,1,0
0.00462183,-0.275461,-0.0457748,-0.510705,3.87823,-59600,-1,1.23486e-10,1,0
0.00462202,-0.275324,-0.0458396,-0.510658,3.87627,-59567.9,-1,3.02482e-11,1,0
0.00462338,-0.275271,-0.0467291,-0.509549,3.87527,-59538.9,-1,1.49239e-09,1,0
0.00462397,-0.274897,-0.0471093,-0.509363,3.87242,-59450.5,-1,5.80824e-10,1,0
0.00462436,-0.274917,-0.0472819,-0.509064,3.86995,-59449.8,-1,1.36362e-10,1,0
0.00462542,-0.275379,-0.0478067,-0.508044,3.86993,-59536,-1,1.36362e-10,1,0
0.00462582,-0.275556,-0.0480071,-0.507655,3.87064,-59569,-1,2.05347e-09,1,0
0.00462667,-0.275214,-0.0473085,-0.507313,3.86987,-59484.3,-1,5.61367e-11,1,0
0.0046269,-0.275305,-0.0474581,-0.507456,3.87002,-59501.1,-1,2.35374e-11,1,0
0.00462834,-0.274988,-0.0473028,-0.508485,3.8697,-59414,-1,2.5437e-10,1,0
0.00462868,-0.27493,-0.0472001,-0.508383,3.86884,-59396.9,-1,7.80224e-10,1,0
0.00462973,-0.274754,-0.0476765,-0.507835,3.87097,-59345.6,-1,9.78842e-10,1,0
0.00463002,-0.274865,-0.047642,-0.507731,3.8714,-59365.8,-1,2.38115e-10,1,0
0.00463066,-0.27516,-0.0481151,-0.507222,3.87139,-59421.3,-1,2.38115e-10,1,0
0.00463197,-0.275758,-0.0490714,-0.506194,3.87139,-59533.6,-1,2.28155e-09,1,0
0.0046342,-0.277893,-0.0485463,-0.50481,3.87129,-59965.7,-1,2.28155e-09,1,0
0.00463522,-0.278872,-0.0483054,-0.504175,3.87124,-60163.7,-1,2.28155e-09,1,0
0.00463656,-0.280232,-0.047957,-0.503508,3.87139,-60439.7,-1,4.45794e-09,1,0
0.00463731,-0.280059,-0.0476847,-0.504131,3.87269,-60392.7,-1,1.22409e-10,1,0
0.00463873,-0.279855,-0.0482085,-0.502815,3.87011,-60330.2,-1,1.42017e-09,1,0
0.00463947,-0.279371,-0.0479858,-0.50309,3.87409,-60216.2,-1,5.88048e-10,1,0
0.00464072,-0.279332,-0.0487405,-0.504342,3.87297,-60191.4,-1,1.46285e-09,1,0
0.00464129,-0.279668,-0.0488724,-0.504139,3.87534,-60256.6,-1,4.19613e-10,1,0
0.00464333,-0.279099,-0.0487817,-0.506235,3.87628,-60107.6,-1,1.50727e-10,1,0
0.00464392,-0.278961,-0.0487597,-0.506914,3.87698,-60070.1,-1,2.91627e-09,1,0
0.0046457,-0.279838,-0.0482806,-0.508126,3.87708,-60236,-1,9.825e-10,1,0
0.00464714,-0.280261,-0.0496354,-0.507296,3.87777,-60308.2,-1,6.08588e-10,1,0
0.00464813,-0.28122,-0.0491713,-0.506953,3.87925,-60501.8,-1,1.12189e-09,1,0
0.00464896,-0.282035,-0.0487358,-0.506671,3.87943,-60666.3,-1,2.08499e-09,1,0
0.00464995,-0.28167,-0.0492672,-0.506232,3.87761,-60574.8,-1,6.16236e-10,1,0
0.004651,-0.280764,-0.0496795,-0.50593,3.87874,-60366.4,-1,1.28494e-10,1,0
0.00465183,-0.280847,-0.0495517,-0.506847,3.88024,-60373.5,-1,9.45777e-10,1,0
0.00465449,-0.278519,-0.0488247,-0.506197,3.87686,-59838.7,-1,9.64836e-10,1,0
0.00465482,-0.278238,-0.0490294,-0.506353,3.8764,-59774.3,-1,3.80172e-10,1,0
0.00465619,-0.276816,-0.0491653,-0.50576,3.87626,-59451.2,-1,3.18259e-10,1,0
0.00465632,-0.276677,-0.0491272,-0.505722,3.87644,-59419.7,-1,5.60372e-11,1,0
0.00465668,-0.276326,-0.0490606,-0.505827,3.87905,-59339.7,-1,3.18396e-10,1,0
0.00465722,-0.276813,-0.0486518,-0.505823,3.87903,-59437.4,-1,3.18396e-10,1,0
0.00465819,-0.277709,-0.0489248,-0.506254,3.87962,-59617.4,-1,8.9629e-11,1,0
0.00465928,-0.278264,-0.0488728,-0.506961,3.8816,-59722.5,-1,1.67337e-09,1,0
0.00466047,-0.278213,-0.0479093,-0.507924,3.88119,-59696.4,-1,1.81432e-09,1,0
0.00466187,-0.279198,-0.047807,-0.508898,3.88158,-59889.8,-1,1.36778e-09,1,0
0.00466334,-0.280051,-0.0478621,-0.508624,3.88359,-60053.7,-1,1.64008e-09,1,0
0.0046647,-0.278756,-0.0472419,-0.50849,3.88422,-59758.7,-1,1.21628e-09,1,0
0.00466542,-0.278174,-0.0473955,-0.50804,3.88217,-59624.7,-1,9.09759e-11,1,0
0.00466716,-0.277386,-0.0471422,-0.507976,3.88509,-59433.7,-1,7.45513e-10,1,0
0.00466865,-0.277088,-0.0454975,-0.507485,3.88511,-59350.8,-1,7.45513e-10,1,0
0.00466974,-0.277476,-0.0448128,-0.507209,3.8829,-59420.1,-1,5.2217e-10,1,0
0.00467146,-0.277636,-0.0449578,-0.507501,3.88353,-59432.4,-1,1.03238e-10,1,0
0.00467207,-0.278075,-0.0450825,-0.507793,3.87948,-59518.5,-1,8.74184e-11,1,0
0.0046727,-0.277671,-0.0448149,-0.507534,3.87869,-59424,-1,4.73034e-10,1,0
0.00467429,-0.276208,-0.045056,-0.507512,3.87946,-59091,-1,1.61841e-09,1,0
0.00467535,-0.276508,-0.044247,-0.507041,3.88068,-59141.6,-1,6.92208e-11,1,0
0.00467639,-0.275651,-0.044274,-0.507864,3.88122,-58945.3,-1,1.16978e-09,1,0
0.00467728,-0.275144,-0.0448233,-0.508398,3.88095,-58825.7,-1,5.61981e-10,1,0
0.00467872,-0.27622,-0.0443618,-0.509298,3.8786,-59037.4,-1,1.49874e-09,1,0
0.00468044,-0.276233,-0.0436687,-0.509376,3.87685,-59018.5,-1,1.15242e-09,1,0
0.00468168,-0.275388,-0.0435101,-0.508275,3.87997,-58822.5,-1,2.18748e-10,1,0
0.00468226,-0.275372,-0.0435502,-0.508387,3.88165,-58811.9,-1,3.16346e-10,1,0
0.00468332,-0.275669,-0.0446895,-0.508792,3.88163,-58861.8,-1,3.16346e-10,1,0
0.0046843,-0.275906,-0.0456426,-0.508501,3.88083,-58900.2,-1,7.30157e-10,1,0
0.00468479,-0.276384,-0.045379,-0.508703,3.88278,-58996,-1,5.8201e-10,1,0
0.0046857,-0.276101,-0.046008,-0.508105,3.88305,-58924.1,-1,3.89027e-10,1,0
0.0046866,-0.275503,-0.0467841,-0.507721,3.88308,-58785.2,-1,3.89027e-10,1,0
0.00468732,-0.275673,-0.047158,-0.507843,3.88268,-58812.5,-1,4.71042e-10,1,0
0.00468831,-0.275126,-0.0472426,-0.507721,3.88111,-58683.4,-1,5.13389e-10,1,0
0.00468951,-0.274549,-0.0471388,-0.507032,3.8774,-58545.4,-1,1.1202e-09,1,0
0.00468972,-0.274684,-0.0473256,-0.507119,3.87778,-58571.5,-1,5.19631e-10,1,0
0.00469068,-0.274068,-0.0480205,-0.506843,3.87772,-58428.3,-1,2.09408e-10,1,0
0.00469146,-0.273933,-0.0488799,-0.506686,3.87886,-58389.7,-1,7.17265e-10,1,0
0.00469337,-0.27312,-0.0480314,-0.506705,3.8783,-58192.6,-1,8.83422e-10,1,0
0.00469476,-0.272796,-0.0488512,-0.50585,3.88018,-58106.4,-1,1.14233e-09,1,0
0.00469626,-0.272903,-0.0485519,-0.504188,3.87867,-58110.7,-1,1.97529e-09,1,0
0.00469825,-0.274879,-0.0482551,-0.503999,3.87758,-58506.8,-1,7.97334e-10,1,0
0.00469983,-0.2749,-0.04788,-0.505091,3.87578,-58491.5,-1,1.28336e-09,1,0
0.00470006,-0.27503,-0.0477743,-0.505117,3.87527,-58516.2,-1,1.64648e-10,1,0
0.00470128,-0.274203,-0.0471609,-0.504874,3.87309,-58325.3,-1,1.04778e-09,1,0
0.00470422,-0.275523,-0.0467646,-0.508022,3.87355,-58569.2,-1,3.43565e-09,1,0
0.00470486,-0.27561,-0.0465206,-0.508028,3.87313,-58579.8,-1,8.4124e-11,1,0
0.00470532,-0.27577,-0.0461083,-0.507899,3.87588,-58608.2,-1,3.97442e-10,1,0
0.00470755,-0.276103,-0.0446299,-0.508885,3.87683,-58651.1,-1,1.89322e-10,1,0
0.00470883,-0.275247,-0.0434247,-0.509124,3.87621,-58453.3,-1,2.70352e-09,1,0
0.0047092,-0.275416,-0.0431138,-0.508924,3.8764,-58484.6,-1,7.73749e-11,1,0
0.00471041,-0.276109,-0.042275,-0.508274,3.87888,-58616.7,-1,1.08076e-10,1,0
0.0047116,-0.275173,-0.0415824,-0.508971,3.87888,-58403.2,-1,1.28369e-09,1,0
0.00471207,-0.275022,-0.0416571,-0.50943,3.88097,-58365.4,-1,1.08952e-10,1,0
0.00471315,-0.2756,-0.0412858,-0.508376,3.88217,-58474.6,-1,1.25606e-09,1,0
0.00471462,-0.275114,-0.0423928,-0.507172,3.88263,-58353.3,-1,1.49031e-09,1,0
0.00471588,-0.276017,-0.0429754,-0.507044,3.88186,-58529.3,-1,8.38003e-10,1,0
0.00471705,-0.276047,-0.0428393,-0.507408,3.8823,-58521,-1,7.34963e-10,1,0
0.00471827,-0.275608,-0.0425756,-0.507587,3.88301,-58412.9,-1,4.94822e-11,1,0
0.00471908,-0.275593,-0.043094,-0.507403,3.88003,-58399.7,-1,3.93173e-10,1,0
0.00472037,-0.276415,-0.0423621,-0.506371,3.88052,-58558,-1,1.5088e-09,1,0
0.00472152,-0.276519,-0.0412035,-0.506418,3.8795,-58565.6,-1,6.22285e-11,1,0
0.0047234,-0.276611,-0.0396909,-0.507001,3.87943,-58561.9,-1,4.06299e-10,1,0
0.00472497,-0.276776,-0.0383632,-0.507803,3.88048,-58577.3,-1,1.89126e-10,1,0
0.00472615,-0.276825,-0.0380968,-0.508819,3.88029,-58573.1,-1,1.15677e-09,1,0
0.00472667,-0.276786,-0.038305,-0.508475,3.87901,-58558.4,-1,1.58408e-10,1,0
0.00472739,-0.27678,-0.0388438,-0.508131,3.87927,-58548.2,-1,1.4357e-10,1,0
0.00472863,-0.276857,-0.0400064,-0.507449,3.87769,-58549.2,-1,4.32252e-11,1,0
0.0047302,-0.276158,-0.0413737,-0.508471,3.87772,-58381.8,-1,4.32252e-11,1,0
0.00473091,-0.276278,-0.0417318,-0.507815,3.87442,-58398.6,-1,7.70075e-10,1,0
0.00473123,-0.276517,-0.0416303,-0.507703,3.87264,-58445.1,-1,8.97071e-11,1,0
0.00473195,-0.277237,-0.0411928,-0.507608,3.8726,-58588.3,-1,8.97071e-11,1,0
0.00473305,-0.27813,-0.0408865,-0.50765,3.87532,-58763.3,-1,2.69374e-10,1,0
0.00473352,-0.278638,-0.040745,-0.507631,3.87554,-58864.8,-1,1.597e-10,1,0
0.00473401,-0.279184,-0.0406344,-0.507511,3.87377,-58974,-1,9.62438e-10,1,0
0.00473537,-0.279841,-0.040598,-0.508316,3.87215,-59095.8,-1,8.44658e-10,1,0
0.0047362,-0.280048,-0.0401087,-0.509078,3.87211,-59129.2,-1,8.62702e-10,1,0
0.00473703,-0.280385,-0.0393152,-0.509473,3.8738,-59190.1,-1,5.31064e-11,1,0
0.00473825,-0.280084,-0.0381719,-0.508681,3.87643,-59111.2,-1,1.42294e-09,1,0
0.00473863,-0.280093,-0.0382686,-0.508932,3.87668,-59108.3,-1,2.51637e-10,1,0
0.00474011,-0.279612,-0.0397369,-0.508158,3.8767,-58988.5,-1,2.51637e-10,1,0
0.00474056,-0.279876,-0.0399819,-0.508379,3.87506,-59038.4,-1,1.82839e-09,1,0
0.00474181,-0.280856,-0.0404775,-0.509283,3.87257,-59229.6,-1,2.45987e-11,1,0
0.00474218,-0.281039,-0.0407325,-0.509167,3.87243,-59263.6,-1,6.81497e-11,1,0
0.00474345,-0.279693,-0.0402734,-0.50933,3.87248,-58964.1,-1,1.23298e-10,1,0
0.00474429,-0.278941,-0.0398536,-0.509595,3.87064,-58795.1,-1,1.89812e-10,1,0
0.00474527,-0.279456,-0.0402053,-0.508634,3.87052,-58891.4,-1,1.14541e-09,1,0
0.00474653,-0.279275,-0.0405063,-0.508691,3.86923,-58837.7,-1,5.91828e-10,1,0
0.00474725,-0.278789,-0.0410888,-0.508986,3.86812,-58726.5,-1,4.72739e-10,1,0
0.00474841,-0.279318,-0.0410989,-0.510229,3.86839,-58823.6,-1,9.68975e-10,1,0
0.00474918,-0.279974,-0.0406176,-0.510098,3.86732,-58952.1,-1,7.65691e-10,1,0
0.00475021,-0.28086,-0.0405118,-0.510841,3.86648,-59125.9,-1,2.01257e-10,1,0
0.00475066,-0.280698,-0.040359,-0.51092,3.86774,-59086.1,-1,2.88341e-10,1,0
0.00475191,-0.28013,-0.0412393,-0.510903,3.86952,-58951.1,-1,5.0859e-10,1,0
0.00475347,-0.280754,-0.0417338,-0.511947,3.86957,-59063,-1,1.05469e-09,1,0
0.00475386,-0.280732,-0.0419171,-0.51203,3.87041,-59053.4,-1,1.13291e-10,1,0
0.00475559,-0.279811,-0.0429324,-0.513195,3.86617,-58838.3,-1,2.05105e-09,1,0
0.00475626,-0.279467,-0.0425258,-0.513085,3.86568,-58757.7,-1,1.88539e-10,1,0
0.00475797,-0.278251,-0.0427097,-0.512955,3.86572,-58480.9,-1,6.05621e-11,1,0
0.00475967,-0.278039,-0.0410852,-0.511837,3.86574,-58415.5,-1,6.05621e-11,1,0
0.00476098,-0.278041,-0.0404617,-0.510866,3.86506,-58400,-1,3.05133e-09,1,0
0.00476321,-0.277527,-0.0399499,-0.509776,3.86457,-58264.8,-1,1.63751e-09,1,0
0.00476378,-0.277198,-0.0394508,-0.509752,3.85936,-58188.6,-1,4.94607e-11,1,0
0.00476418,-0.276863,-0.0392221,-0.509728,3.85976,-58113.5,-1,2.93098e-10,1,0
0.00476514,-0.277279,-0.039207,-0.509285,3.86103,-58188.9,-1,8.27882e-10,1,0
0.00476539,-0.277386,-0.039115,-0.509542,3.8615,-58208.5,-1,2.93581e-10,1,0
0.00476681,-0.277839,-0.0386777,-0.51004,3.86107,-58286.2,-1,1.21467e-09,1,0
0.00476859,-0.277629,-0.0393339,-0.51121,3.86233,-58220.5,-1,1.03249e-09,1,0
0.00476882,-0.277652,-0.0394794,-0.511416,3.86185,-58222.4,-1,1.35551e-11,1,0
0.00476958,-0.277604,-0.0401293,-0.511785,3.86324,-58203,-1,1.50398e-10,1,0
0.0047718,-0.275907,-0.0409962,-0.511648,3.86549,-57820.3,-1,1.29064e-09,1,0
0.00477387,-0.27446,-0.0416535,-0.51009,3.86445,-57492.1,-1,7.2685e-10,1,0
0.00477395,-0.274399,-0.0416574,-0.510026,3.86446,-57478.4,-1,7.2685e-10,1,0
0.00477587,-0.273436,-0.0423773,-0.50849,3.86441,-57253.7,-1,6.68351e-10,1,0
0.00477664,-0.273542,-0.0431336,-0.508318,3.86467,-57266.6,-1,3.4217e-10,1,0
0.00477718,-0.273237,-0.0426717,-0.508331,3.86263,-57196.4,-1,5.69676e-10,1,0
0.00477881,-0.273279,-0.0412883,-0.508812,3.86127,-57185.5,-1,1.29259e-09,1,0
0.00478055,-0.274804,-0.0407379,-0.510018,3.86119,-57483.8,-1,1.29259e-09,1,0
0.00478171,-0.275831,-0.0403673,-0.510831,3.85943,-57684.6,-1,3.99493e-09,1,0
0.004782,-0.275756,-0.0404177,-0.510822,3.85983,-57665.3,-1,7.59552e-11,1,0
0.00478233,-0.275685,-0.0401084,-0.510626,3.85735,-57646.6,-1,4.5696e-10,1,0
0.00478294,-0.275303,-0.0403582,-0.510447,3.85799,-57559.3,-1,5.66244e-10,1,0
0.00478378,-0.27555,-0.0400345,-0.510226,3.85965,-57600.9,-1,3.70071e-10,1,0
0.00478427,-0.275657,-0.0403365,-0.510039,3.85891,-57617.4,-1,3.79302e-10,1,0
0.00478561,-0.275557,-0.0407152,-0.50943,3.85668,-57580.5,-1,1.51539e-10,1,0
0.00478632,-0.275995,-0.0400234,-0.509291,3.85553,-57663.3,-1,8.30427e-10,1,0
0.00478923,-0.27271,-0.0392954,-0.509745,3.85398,-56942.4,-1,3.39497e-09,1,0
0.00478964,-0.273102,-0.0391301,-0.509951,3.85396,-57019.2,-1,3.39497e-09,1,0
0.00479043,-0.273298,-0.0391091,-0.509769,3.8506,-57050.8,-1,9.39845e-10,1,0
0.00479121,-0.272929,-0.0394392,-0.509019,3.8508,-56964.4,-1,1.28462e-09,1,0
0.00479405,-0.272166,-0.0421643,-0.507318,3.84907,-56771.7,-1,3.38511e-09,1,0
0.00479468,-0.272673,-0.0421209,-0.507763,3.84852,-56870,-1,1.51171e-10,1,0
0.00479625,-0.272189,-0.0412571,-0.50835,3.84664,-56750.3,-1,1.11924e-09,1,0
0.00479777,-0.272693,-0.0405392,-0.508883,3.8483,-56837.3,-1,7.19568e-10,1,0
0.00479889,-0.273049,-0.0405333,-0.509998,3.84785,-56898.3,-1,1.53271e-10,1,0
0.00479991,-0.272469,-0.0401683,-0.509593,3.84165,-56765.5,-1,3.25504e-11,1,0
0.00480078,-0.272071,-0.0396436,-0.508996,3.84245,-56672.2,-1,1.34276e-10,1,0
0.00480266,-0.271655,-0.0391282,-0.507494,3.83917,-56563.4,-1,5.67621e-10,1,0
0.00480306,-0.271583,-0.0389108,-0.507618,3.83469,-56543.8,-1,7.83798e-11,1,0
0.00480405,-0.271697,-0.0391371,-0.508741,3.83388,-56555.7,-1,1.15137e-09,1,0
0.00480457,-0.272192,-0.0390983,-0.508827,3.8352,-56652.8,-1,1.44093e-10,1,0
0.00480607,-0.273353,-0.0387667,-0.5083,3.83659,-56876.7,-1,1.0129e-09,1,0
0.00480808,-0.273553,-0.0395126,-0.507464,3.83691,-56894.3,-1,2.04726e-09,1,0
0.00480879,-0.273375,-0.0402963,-0.507455,3.83691,-56849.1,-1,2.09143e-09,1,0
0.00480902,-0.273529,-0.0401756,-0.507529,3.83694,-56878.3,-1,8.23141e-11,1,0
0.00480938,-0.273667,-0.0399485,-0.507615,3.83915,-56902.7,-1,1.76538e-10,1,0
0.00481039,-0.273286,-0.0391813,-0.507924,3.83997,-56811.7,-1,2.87534e-10,1,0
0.00481096,-0.273088,-0.039338,-0.507641,3.84309,-56763.7,-1,4.88547e-10,1,0
0.00481223,-0.272268,-0.0383648,-0.507431,3.84275,-56578.3,-1,3.88396e-10,1,0
0.00481309,-0.271426,-0.0379283,-0.507416,3.84396,-56393.3,-1,4.72557e-11,1,0
0.00481396,-0.271431,-0.038411,-0.507473,3.84199,-56384.1,-1,3.70484e-10,1,0
0.0048159,-0.27277,-0.0369748,-0.507519,3.84149,-56639.4,-1,3.58724e-10,1,0
0.00481676,-0.27361,-0.0364242,-0.507448,3.84145,-56803.7,-1,3.58724e-10,1,0
0.00481824,-0.274134,-0.0368964,-0.508527,3.84131,-56894.9,-1,1.15327e-09,1,0
0.00481906,-0.274554,-0.0377446,-0.508415,3.84136,-56972.4,-1,9.53101e-10,1,0
0.00482063,-0.274924,-0.0394613,-0.508904,3.84134,-57030.7,-1,9.53101e-10,1,0
0.00482187,-0.274811,-0.0394113,-0.509405,3.83739,-56992.7,-1,1.01156e-10,1,0
0.00482277,-0.275357,-0.0401147,-0.508847,3.83736,-57095.2,-1,1.01156e-10,1,0
0.00482307,-0.27554,-0.0403513,-0.50866,3.83892,-57129.6,-1,1.40419e-09,1,0
0.00482464,-0.274778,-0.041243,-0.508453,3.83974,-56953,-1,9.71798e-10,1,0
0.00482504,-0.275134,-0.0412706,-0.50842,3.83922,-57022.1,-1,3.4962e-10,1,0
0.00482592,-0.275693,-0.0420572,-0.508788,3.84125,-57127.5,-1,1.03282e-09,1,0
0.00482695,-0.276019,-0.0429418,-0.508476,3.84211,-57183,-1,3.02623e-10,1,0
0.00482809,-0.276382,-0.0430852,-0.508302,3.84368,-57244.7,-1,1.63536e-09,1,0
0.00482905,-0.276974,-0.0426491,-0.507782,3.84495,-57355.8,-1,1.0426e-09,1,0
0.00482983,-0.277499,-0.0425236,-0.507264,3.84461,-57455.3,-1,1.39252e-09,1,0
0.00483059,-0.277479,-0.0424513,-0.506609,3.84545,-57442.1,-1,5.24915e-10,1,0
0.00483163,-0.27712,-0.0435111,-0.50616,3.84547,-57355.5,-1,5.24915e-10,1,0
0.00483252,-0.276812,-0.044421,-0.505775,3.84548,-57281.2,-1,2.42393e-09,1,0
0.00483342,-0.275885,-0.0439958,-0.506006,3.84561,-57078.7,-1,2.72632e-10,1,0
0.00483503,-0.274173,-0.0433143,-0.506318,3.84566,-56705.5,-1,2.65082e-09,1,0
0.00483628,-0.274365,-0.0427792,-0.504972,3.84453,-56730.6,-1,1.46145e-09,1,0
0.00483709,-0.273874,-0.0421436,-0.504486,3.84455,-56619.7,-1,1.46145e-09,1,0
0.00483802,-0.274518,-0.0426466,-0.504536,3.84129,-56741.8,-1,1.58309e-11,1,0
0.00483898,-0.274274,-0.0431539,-0.503903,3.84183,-56680.1,-1,1.1769e-09,1,0
0.0048402,-0.275229,-0.0434814,-0.503302,3.8408,-56863.2,-1,1.10893e-09,1,0
0.00484098,-0.27597,-0.0438777,-0.503074,3.83861,-57007.2,-1,4.59019e-10,1,0
0.0048427,-0.274634,-0.0433831,-0.502994,3.83625,-56710.9,-1,7.82658e-10,1,0
0.00484396,-0.275083,-0.0447827,-0.502935,3.83453,-56788.9,-1,1.47116e-09,1,0
0.00484471,-0.275022,-0.0449081,-0.50273,3.83101,-56767.5,-1,4.07598e-10,1,0
0.00484506,-0.275109,-0.044814,-0.502494,3.83654,-56781.3,-1,2.36614e-10,1,0
0.00484629,-0.275549,-0.0454331,-0.501441,3.837,-56857.8,-1,1.29264e-09,1,0
0.00484707,-0.275742,-0.046212,-0.501615,3.83743,-56888.3,-1,9.10217e-10,1,0
0.00484824,-0.276951,-0.0461279,-0.501013,3.83731,-57124.1,-1,1.19785e-09,1,0
0.00484957,-0.278096,-0.0460471,-0.500172,3.83713,-57344.6,-1,1.56231e-09,1,0
0.00485029,-0.277957,-0.0461626,-0.499707,3.83653,-57307.3,-1,8.64875e-10,1,0
0.00485209,-0.277756,-0.0465892,-0.49984,3.8376,-57244.6,-1,1.09283e-09,1,0
0.00485292,-0.278179,-0.0459145,-0.499299,3.83883,-57321.9,-1,9.62332e-10,1,0
0.00485544,-0.279081,-0.0460956,-0.498269,3.84058,-57478,-1,1.29268e-09,1,0
0.00485763,-0.280637,-0.0469509,-0.497056,3.83848,-57772.4,-1,6.41875e-10,1,0
0.00485794,-0.280992,-0.0469077,-0.496989,3.83744,-57841.7,-1,3.08566e-10,1,0
0.00485889,-0.280273,-0.0467185,-0.497601,3.83778,-57682.5,-1,1.7873e-10,1,0
0.00485992,-0.280437,-0.0455571,-0.49736,3.83777,-57704.2,-1,1.7873e-10,1,0
0.00486041,-0.280132,-0.0458474,-0.497214,3.83397,-57635.4,-1,9.86621e-11,1,0
0.00486091,-0.280058,-0.0455643,-0.497713,3.83397,-57614.4,-1,9.86621e-11,1,0
0.00486238,-0.279841,-0.0447278,-0.499186,3.83398,-57552.2,-1,9.86621e-11,1,0
0.00486288,-0.279625,-0.0445762,-0.499484,3.83318,-57501.9,-1,1.77899e-10,1,0
0.00486389,-0.280587,-0.0452103,-0.499707,3.83313,-57687.7,-1,1.77899e-10,1,0
0.00486451,-0.280754,-0.0449285,-0.50027,3.83251,-57714.7,-1,1.25329e-09,1,0
0.00486575,-0.281901,-0.0445594,-0.499654,3.83197,-57935.8,-1,1.36442e-09,1,0
0.00486753,-0.282215,-0.0429747,-0.500095,3.83046,-57979.1,-1,4.21022e-10,1,0
0.00486994,-0.282152,-0.0418689,-0.50208,3.83043,-57937.5,-1,1.49839e-09,1,0
0.00487043,-0.282328,-0.0414809,-0.501784,3.82907,-57967.8,-1,1.26165e-11,1,0
0.00487176,-0.281724,-0.0427636,-0.502282,3.82881,-57827.9,-1,2.99929e-11,1,0
0.00487301,-0.281631,-0.0432017,-0.500897,3.82881,-57794,-1,2.99929e-11,1,0
0.00487387,-0.281568,-0.0435008,-0.499953,3.82779,-57770.9,-1,2.44799e-09,1,0
0.00487487,-0.282083,-0.0435768,-0.500335,3.82615,-57864.7,-1,5.45794e-10,1,0
0.00487599,-0.28213,-0.044016,-0.501562,3.82585,-57861,-1,1.91737e-09,1,0
0.00487672,-0.282013,-0.0444062,-0.502089,3.82682,-57828.5,-1,1.00009e-10,1,0
0.00487733,-0.281861,-0.0448955,-0.502566,3.82397,-57790,-1,1.34009e-09,1,0
0.00487904,-0.28208,-0.0430362,-0.501899,3.82429,-57814.7,-1,1.98752e-09,1,0
0.00487962,-0.282424,-0.0433408,-0.50239,3.82444,-57878.4,-1,5.80438e-10,1,0
0.00488081,-0.282972,-0.0433756,-0.502892,3.8254,-57976.5,-1,1.68667e-10,1,0
0.00488196,-0.282348,-0.0431438,-0.502562,3.82461,-57835,-1,8.73775e-10,1,0
0.00488227,-0.282423,-0.0429849,-0.502368,3.82511,-57846.7,-1,2.45719e-10,1,0
0.00488264,-0.282375,-0.0432579,-0.502252,3.82885,-57832.4,-1,3.40477e-10,1,0
0.00488301,-0.282501,-0.0428918,-0.502061,3.82999,-57853.8,-1,4.31938e-10,1,0
0.00488408,-0.283205,-0.043367,-0.502248,3.82772,-57985.3,-1,7.81896e-10,1,0
0.00488591,-0.283738,-0.0436919,-0.501861,3.82768,-58072.6,-1,9.00024e-10,1,0
0.00488675,-0.282786,-0.0438065,-0.501993,3.82772,-57867.9,-1,9.00024e-10,1,0
0.00488783,-0.281665,-0.0439718,-0.502213,3.82905,-57625.7,-1,7.6162e-11,1,0
0.00488859,-0.280817,-0.0437991,-0.502166,3.82949,-57443.4,-1,4.00021e-10,1,0
0.00488926,-0.280031,-0.0437599,-0.502139,3.82953,-57274.8,-1,4.00021e-10,1,0
0.00489005,-0.279116,-0.0437141,-0.502108,3.82958,-57078.2,-1,4.00021e-10,1,0
0.00489049,-0.278773,-0.0434427,-0.502141,3.82878,-57003.1,-1,3.13348e-10,1,0
0.00489172,-0.278331,-0.0429314,-0.502767,3.82846,-56898.3,-1,9.48597e-10,1,0
0.00489321,-0.277283,-0.0437199,-0.503315,3.82858,-56666.7,-1,1.37514e-09,1,0
0.00489387,-0.276673,-0.0441211,-0.503109,3.82799,-56534.6,-1,7.58239e-10,1,0
0.0048949,-0.2765,-0.044064,-0.503386,3.82795,-56487.4,-1,7.27688e-10,1,0
0.00489579,-0.277326,-0.0443817,-0.503119,3.82866,-56645.7,-1,5.12114e-10,1,0
0.00489757,-0.277993,-0.0440659,-0.503102,3.82814,-56761.3,-1,1.55067e-09,1,0
0.00489794,-0.278053,-0.044002,-0.502833,3.82745,-56769.5,-1,1.18704e-10,1,0
0.00489826,-0.277903,-0.0440148,-0.502772,3.82964,-56734.9,-1,2.35572e-11,1,0
0.00489877,-0.277771,-0.0439483,-0.502662,3.83033,-56702.2,-1,2.28697e-10,1,0
0.00489925,-0.277307,-0.0440349,-0.50235,3.83057,-56601.8,-1,5.66129e-10,1,0
0.00489996,-0.277098,-0.0438402,-0.502572,3.82879,-56551.2,-1,1.17413e-10,1,0
0.00490096,-0.276535,-0.0431801,-0.502317,3.82816,-56424.8,-1,7.20127e-10,1,0
0.0049017,-0.27665,-0.0434878,-0.502043,3.82669,-56439.5,-1,2.73441e-10,1,0
0.0049027,-0.276716,-0.043525,-0.501609,3.82583,-56441.5,-1,1.05621e-09,1,0
0.00490304,-0.276817,-0.0438913,-0.501573,3.82872,-56458.2,-1,5.00533e-10,1,0
0.00490442,-0.278281,-0.0444089,-0.501643,3.82811,-56740.9,-1,1.49125e-09,1,0
0.00490524,-0.278326,-0.0445069,-0.502345,3.82858,-56740.5,-1,7.34078e-10,1,0
0.00490613,-0.278036,-0.0441814,-0.503026,3.8325,-56671.1,-1,8.32379e-11,1,0
0.00490744,-0.278352,-0.0431654,-0.502655,3.83534,-56720.3,-1,2.23696e-10,1,0
0.0049091,-0.279669,-0.0419343,-0.50333,3.83528,-56969.5,-1,2.23696e-10,1,0
0.00491055,-0.281039,-0.0421259,-0.502778,3.83444,-57231.6,-1,1.39249e-09,1,0
0.00491144,-0.281587,-0.0423682,-0.503226,3.83539,-57332.9,-1,6.00158e-10,1,0
0.00491333,-0.281441,-0.0427736,-0.50538,3.83377,-57281.2,-1,2.63115e-09,1,0
0.00491413,-0.281571,-0.043163,-0.505749,3.83409,-57298.1,-1,2.88085e-10,1,0
0.00491463,-0.281586,-0.043034,-0.506041,3.83392,-57295.4,-1,2.36077e-10,1,0
0.00491597,-0.28279,-0.0437822,-0.505772,3.8341,-57524.9,-1,1.31543e-09,1,0
0.00491664,-0.283219,-0.0442779,-0.50621,3.83422,-57604.1,-1,7.88106e-10,1,0
0.0049173,-0.282868,-0.0444083,-0.506872,3.83393,-57525,-1,7.11681e-13,1,0
0.00491856,-0.284128,-0.0443166,-0.5076,3.83386,-57766.4,-1,7.11681e-13,1,0
0.00491948,-0.284752,-0.0439844,-0.507485,3.83618,-57882.5,-1,2.017e-09,1,0
0.00491974,-0.284708,-0.0438632,-0.50731,3.83869,-57870.6,-1,1.27663e-11,1,0
0.00492024,-0.284589,-0.0436705,-0.507143,3.83808,-57840.5,-1,2.17825e-10,1,0
0.00492249,-0.284429,-0.0420852,-0.50603,3.83798,-57781.5,-1,1.29269e-09,1,0
0.00492419,-0.283825,-0.0423122,-0.506591,3.83906,-57638.9,-1,1.40392e-09,1,0
0.00492553,-0.28443,-0.0428236,-0.505326,3.83997,-57746.2,-1,1.0181e-10,1,0
0.00492718,-0.284683,-0.0421286,-0.506017,3.8372,-57778.1,-1,1.15233e-09,1,0
0.00492807,-0.284283,-0.0425552,-0.506459,3.83586,-57686.5,-1,6.51343e-10,1,0
0.00492865,-0.284279,-0.0428235,-0.506684,3.83435,-57678.8,-1,2.87065e-10,1,0
0.00492976,-0.283073,-0.0423825,-0.506818,3.83441,-57421.2,-1,2.87065e-10,1,0
0.00493007,-0.282794,-0.0421914,-0.506799,3.83343,-57361.1,-1,5.85257e-11,1,0
0.00493148,-0.281818,-0.0409952,-0.506606,3.83302,-57146.7,-1,1.29252e-09,1,0
0.0049329,-0.281748,-0.041898,-0.507135,3.82904,-57116.1,-1,4.24267e-10,1,0
0.00493364,-0.282048,-0.0416045,-0.506882,3.82918,-57168.3,-1,3.30384e-10,1,0
0.00493477,-0.282179,-0.0411897,-0.505984,3.83088,-57181.8,-1,1.13326e-09,1,0
0.00493627,-0.282287,-0.0406755,-0.506057,3.82927,-57186.4,-1,9.15779e-10,1,0
0.00493746,-0.282252,-0.0415698,-0.505891,3.83201,-57165.4,-1,1.09745e-09,1,0
0.00493943,-0.281357,-0.0433891,-0.504827,3.83205,-56961.6,-1,1.09745e-09,1,0
0.00494029,-0.280967,-0.0441846,-0.504362,3.83131,-56872.5,-1,3.29043e-09,1,0
0.00494178,-0.280668,-0.0455483,-0.505005,3.83145,-56795,-1,1.47926e-09,1,0
0.00494315,-0.280823,-0.0465798,-0.506086,3.83152,-56810.6,-1,1.22049e-09,1,0
0.00494436,-0.281573,-0.0469559,-0.50721,3.83148,-56948.3,-1,1.22049e-09,1,0
0.00494537,-0.28159,-0.0462476,-0.506892,3.83236,-56940.2,-1,9.34859e-10,1,0
0.00494643,-0.281301,-0.0463443,-0.50657,3.83096,-56869.6,-1,6.44328e-10,1,0
0.00494682,-0.28115,-0.0466751,-0.506338,3.83046,-56834.5,-1,3.94524e-10,1,0
0.00494714,-0.281137,-0.0470031,-0.50649,3.82978,-56828.1,-1,2.03748e-10,1,0
0.0049482,-0.280467,-0.0479708,-0.506852,3.82982,-56680.5,-1,2.03748e-10,1,0
0.00494926,-0.280392,-0.0485316,-0.506496,3.82536,-56653.2,-1,6.04914e-10,1,0
0.00494989,-0.279865,-0.0482672,-0.506924,3.82482,-56539.7,-1,7.28721e-10,1,0
0.00495152,-0.278115,-0.0484867,-0.506248,3.82436,-56167.6,-1,1.88928e-09,1,0
0.00495253,-0.279088,-0.0489199,-0.506514,3.82309,-56352.6,-1,1.21817e-10,1,0
0.00495346,-0.280031,-0.049294,-0.506876,3.82728,-56532.3,-1,2.12968e-09,1,0
0.00495452,-0.279589,-0.0488505,-0.506181,3.82743,-56431,-1,1.37598e-10,1,0
0.0049562,-0.281101,-0.0488733,-0.507192,3.8276,-56717.1,-1,1.79955e-09,1,0
0.00495837,-0.281253,-0.0464262,-0.507786,3.8276,-56722.9,-1,1.79955e-09,1,0
0.00496037,-0.282037,-0.0446285,-0.508768,3.82747,-56858.2,-1,1.29257e-09,1,0
0.00496114,-0.281485,-0.04448,-0.509074,3.82787,-56737.9,-1,4.13638e-10,1,0
0.00496169,-0.281464,-0.0442509,-0.509496,3.82774,-56727.5,-1,6.24365e-11,1,0
0.00496208,-0.281533,-0.044032,-0.509879,3.82701,-56737,-1,9.67684e-10,1,0
0.00496279,-0.281813,-0.0436537,-0.509324,3.82717,-56785.2,-1,9.68174e-11,1,0
0.00496349,-0.281662,-0.0440888,-0.509167,3.82661,-56746.7,-1,2.67761e-10,1,0
0.00496479,-0.280618,-0.0441226,-0.508414,3.8257,-56521.7,-1,7.87207e-10,1,0
0.00496509,-0.280688,-0.0440283,-0.508352,3.82306,-56532.3,-1,1.11791e-10,1,0
0.0049668,-0.280886,-0.0436388,-0.509755,3.81916,-56552.6,-1,1.29249e-09,1,0
0.00496781,-0.281231,-0.0445434,-0.510418,3.81892,-56610.7,-1,1.75584e-09,1,0
0.00496882,-0.281889,-0.0447714,-0.509954,3.8178,-56731.6,-1,4.10902e-10,1,0
0.00496922,-0.281817,-0.0449634,-0.510151,3.82112,-56712.5,-1,2.48323e-11,1,0
0.00496946,-0.281712,-0.045081,-0.510381,3.82113,-56688.6,-1,2.48323e-11,1,0
0.00497045,-0.281279,-0.0455653,-0.511326,3.82115,-56590.3,-1,2.48323e-11,1,0
0.00497191,-0.281335,-0.0449686,-0.512541,3.82441,-56585,-1,5.35482e-10,1,0
0.00497367,-0.281585,-0.0443185,-0.514461,3.8244,-56615.1,-1,5.35482e-10,1,0
0.00497572,-0.281876,-0.0435585,-0.516705,3.82439,-56650.3,-1,5.35482e-10,1,0
0.00497604,-0.281965,-0.0434727,-0.516479,3.82566,-56664.5,-1,3.06392e-10,1,0
0.0049764,-0.282087,-0.0437325,-0.516401,3.82716,-56684.9,-1,3.4642e-10,1,0
0.00497774,-0.28089,-0.0435527,-0.515425,3.82722,-56429.3,-1,3.4642e-10,1,0
0.00497886,-0.279998,-0.0430973,-0.514802,3.82699,-56237.5,-1,2.42717e-09,1,0
0.00498038,-0.280581,-0.0429591,-0.513739,3.82068,-56337.2,-1,4.69576e-10,1,0
0.00498134,-0.280574,-0.0435677,-0.513613,3.82173,-56324.9,-1,4.73991e-10,1,0
0.00498187,-0.280831,-0.0439821,-0.513359,3.8178,-56370.6,-1,4.07392e-11,1,0
0.00498274,-0.279973,-0.0442209,-0.513282,3.81858,-56188.5,-1,8.79111e-10,1,0
0.00498334,-0.280372,-0.0439414,-0.513734,3.8186,-56261.8,-1,5.76825e-10,1,0
0.00498356,-0.280503,-0.0440695,-0.513743,3.81574,-56285.6,-1,1.74382e-10,1,0
0.00498425,-0.280261,-0.0447744,-0.513464,3.81619,-56229.3,-1,8.58705e-10,1,0
0.00498539,-0.279105,-0.0451302,-0.51393,3.81683,-55984.5,-1,1.19541e-09,1,0
0.00498665,-0.278227,-0.0453737,-0.512845,3.81583,-55794.4,-1,3.71091e-11,1,0
0.00498811,-0.277289,-0.0453228,-0.51206,3.81404,-55590,-1,2.71238e-09,1,0
0.00498952,-0.27742,-0.04531,-0.51198,3.81664,-55600.5,-1,7.24348e-10,1,0
0.00499056,-0.277834,-0.0453066,-0.511386,3.81513,-55671.9,-1,4.90065e-10,1,0
0.00499116,-0.277284,-0.0456922,-0.511551,3.81601,-55555,-1,6.91622e-10,1,0
0.00499191,-0.276963,-0.0461302,-0.511418,3.81499,-55482.3,-1,1.04346e-12,1,0
0.00499283,-0.277072,-0.0468228,-0.512181,3.81311,-55494,-1,1.48355e-11,1,0
0.00499388,-0.276547,-0.047808,-0.512671,3.81287,-55377.1,-1,1.21939e-09,1,0
0.00499614,-0.276244,-0.0490831,-0.514703,3.80901,-55291.4,-1,1.97861e-09,1,0
0.00499728,-0.276282,-0.0477804,-0.514538,3.81182,-55286.5,-1,1.31374e-09,1,0
0.00499804,-0.275716,-0.0479161,-0.513919,3.81167,-55164.8,-1,3.37238e-10,1,0
0.00499926,-0.274627,-0.0481294,-0.513211,3.81041,-54933.5,-1,1.84034e-09,1,0
0.00499943,-0.274467,-0.0480807,-0.513273,3.81151,-54899.8,-1,1.77813e-10,1,0
0.00499989,-0.274044,-0.048127,-0.513314,3.81117,-54809.9,-1,1.3387e-10,1,0
0.00500111,-0.273172,-0.0470448,-0.513059,3.81121,-54622.4,-1,1.3387e-10,1,0
0.00500156,-0.273008,-0.0469824,-0.51309,3.81027,-54584.6,-1,2.97872e-10,1,0
0.00500268,-0.274014,-0.0474709,-0.513661,3.80977,-54773.4,-1,1.23418e-09,1,0
0.00500466,-0.273684,-0.0492925,-0.51374,3.80855,-54685.8,-1,3.20546e-10,1,0
0.00500558,-0.272889,-0.0488499,-0.513189,3.80859,-54517,-1,3.20546e-10,1,0
0.00500714,-0.272308,-0.0490207,-0.512582,3.81002,-54384,-1,2.1862e-09,1,0
0.0050075,-0.272462,-0.0494019,-0.512567,3.80991,-54410.9,-1,1.09987e-09,1,0
0.00500777,-0.272444,-0.0496115,-0.512695,3.81032,-54404.2,-1,1.08283e-10,1,0
0.00500887,-0.271816,-0.0494915,-0.512811,3.80879,-54267,-1,1.1729e-10,1,0
0.00500922,-0.271528,-0.0492191,-0.512714,3.8088,-54205.6,-1,1.1729e-10,1,0
0.00500978,-0.271111,-0.0488484,-0.51259,3.80975,-54116.3,-1,1.7206e-09,1,0
0.00501086,-0.271463,-0.0491793,-0.512639,3.80798,-54174.9,-1,4.80706e-10,1,0
0.00501189,-0.270946,-0.048625,-0.51172,3.80901,-54060.6,-1,1.19174e-09,1,0
0.00501256,-0.270964,-0.049198,-0.511572,3.80908,-54056.9,-1,4.28188e-10,1,0
0.00501281,-0.270786,-0.049193,-0.511536,3.80926,-54018.7,-1,4.67314e-10,1,0
0.00501382,-0.269957,-0.0485106,-0.51106,3.80852,-53842.5,-1,1.34337e-09,1,0
0.00501523,-0.268978,-0.0488095,-0.509787,3.81017,-53632.2,-1,1.63381e-09,1,0
0.0050173,-0.267912,-0.047661,-0.511574,3.81246,-53397.7,-1,1.98878e-10,1,0
0.00501801,-0.26837,-0.0470985,-0.511507,3.81191,-53481.3,-1,7.06202e-10,1,0
0.00501932,-0.268056,-0.0470662,-0.511193,3.80853,-53404.9,-1,9.91463e-10,1,0
0.00502054,-0.268418,-0.048432,-0.511281,3.80851,-53463.9,-1,9.91463e-10,1,0
0.00502078,-0.268489,-0.0487021,-0.511298,3.8085,-53475.6,-1,9.91463e-10,1,0
0.00502249,-0.268174,-0.0498693,-0.511153,3.80771,-53394.6,-1,6.82278e-10,1,0
0.0050231,-0.268023,-0.049534,-0.511038,3.80825,-53358,-1,2.8163e-10,1,0
0.0050236,-0.268249,-0.0491367,-0.511012,3.80842,-53397.7,-1,6.3649e-11,1,0
0.00502443,-0.26763,-0.0497984,-0.511058,3.80845,-53265.8,-1,2.12535e-10,1,0
0.00502533,-0.266736,-0.0502519,-0.511207,3.80862,-53078.4,-1,8.45479e-10,1,0
0.00502561,-0.266616,-0.0500858,-0.511078,3.80922,-53051.5,-1,6.19708e-11,1,0
0.00502729,-0.265235,-0.0507051,-0.512169,3.8086,-52759,-1,1.75727e-09,1,0
0.00502887,-0.263654,-0.049879,-0.512591,3.80868,-52428.1,-1,1.75727e-09,1,0
0.00502967,-0.262994,-0.0495233,-0.512183,3.80879,-52288.6,-1,7.08157e-10,1,0
0.00503017,-0.262882,-0.0495143,-0.512342,3.8077,-52261.1,-1,3.18271e-10,1,0
0.0050312,-0.263327,-0.0491449,-0.511571,3.80729,-52338.7,-1,1.38316e-10,1,0
0.00503163,-0.263329,-0.0489325,-0.511996,3.80638,-52334.7,-1,1.99744e-11,1,0
0.00503274,-0.263301,-0.0483207,-0.513126,3.80638,-52317.6,-1,1.99744e-11,1,0
0.00503395,-0.263321,-0.0471837,-0.513394,3.80534,-52308.9,-1,6.38108e-11,1,0
0.00503643,-0.260756,-0.0461692,-0.512585,3.80547,-51773.9,-1,6.38108e-11,1,0
0.00503826,-0.258977,-0.0453979,-0.512509,3.80502,-51402,-1,2.02747e-10,1,0
0.00503965,-0.257781,-0.0448381,-0.513427,3.80508,-51150.6,-1,2.02747e-10,1,0
0.00504004,-0.257688,-0.0448271,-0.513656,3.80614,-51128.1,-1,1.03315e-10,1,0
0.00504043,-0.258021,-0.0449799,-0.513916,3.80612,-51190.3,-1,1.03315e-10,1,0
0.00504097,-0.258488,-0.0451939,-0.514279,3.8061,-51277.4,-1,1.03315e-10,1,0
0.00504295,-0.260138,-0.0460431,-0.515606,3.80597,-51584.6,-1,2.37138e-09,1,0
0.00504427,-0.261376,-0.0465553,-0.516301,3.80656,-51816.4,-1,1.75913e-09,1,0
0.00504461,-0.261707,-0.0466316,-0.516324,3.80748,-51878.5,-1,1.0642e-09,1,0
0.00504611,-0.262195,-0.0479167,-0.516253,3.80644,-51959.9,-1,1.32048e-09,1,0
0.00504672,-0.261692,-0.0483729,-0.516197,3.80592,-51853.9,-1,2.27555e-10,1,0
0.00504718,-0.261554,-0.0485853,-0.516635,3.80603,-51821.8,-1,4.92281e-10,1,0
0.00504824,-0.260666,-0.0484667,-0.51676,3.80583,-51635,-1,5.15854e-10,1,0
0.00504883,-0.260357,-0.0489605,-0.517106,3.80459,-51567.7,-1,6.77641e-10,1,0
0.00505015,-0.260944,-0.0475532,-0.517238,3.80504,-51670.5,-1,1.5306e-09,1,0
0.00505056,-0.261198,-0.0474926,-0.517034,3.80466,-51716.6,-1,1.2705e-10,1,0
0.00505148,-0.260967,-0.0483877,-0.516846,3.80466,-51661.4,-1,4.69548e-10,1,0
0.00505351,-0.262547,-0.0499004,-0.516815,3.80747,-51953.5,-1,1.63694e-10,1,0
0.00505452,-0.263254,-0.050207,-0.516714,3.80597,-52082.8,-1,7.14791e-11,1,0
0.00505541,-0.262791,-0.0503411,-0.516654,3.80852,-51982.2,-1,3.31178e-10,1,0
0.00505644,-0.262259,-0.049299,-0.516884,3.80855,-51866.3,-1,3.31178e-10,1,0
0.00505848,-0.261206,-0.0472371,-0.517339,3.81075,-51637.3,-1,3.55208e-09,1,0
0.00505971,-0.262022,-0.0475588,-0.516242,3.80947,-51786,-1,1.15702e-10,1,0
0.00506077,-0.261792,-0.0467628,-0.516198,3.81394,-51729.7,-1,5.17623e-10,1,0
0.00506126,-0.261654,-0.0472558,-0.516301,3.81426,-51697.4,-1,2.46291e-10,1,0
0.00506319,-0.260552,-0.048952,-0.517243,3.8132,-51460,-1,2.56117e-09,1,0
0.00506512,-0.260672,-0.0504114,-0.516025,3.81434,-51464,-1,3.7494e-10,1,0
0.00506736,-0.260633,-0.0513243,-0.517621,3.81475,-51433.6,-1,1.27636e-09,1,0
0.00506852,-0.261109,-0.0524068,-0.518241,3.81481,-51515.9,-1,2.45377e-09,1,0
0.00506914,-0.261216,-0.0522667,-0.518543,3.81583,-51530.5,-1,4.09491e-10,1,0
0.00506996,-0.261318,-0.0519398,-0.518655,3.81698,-51542.4,-1,2.1362e-10,1,0
0.00507098,-0.261893,-0.0527956,-0.519242,3.81638,-51645.4,-1,1.18653e-09,1,0
0.00507146,-0.261856,-0.0529967,-0.519435,3.81773,-51633.3,-1,1.41498e-10,1,0
0.00507321,-0.261337,-0.0545767,-0.520596,3.81827,-51513.2,-1,2.43721e-09,1,0
0.00507509,-0.261554,-0.0534875,-0.522475,3.81826,-51536.9,-1,2.43721e-09,1,0
0.00507685,-0.261757,-0.0524664,-0.524237,3.81825,-51559,-1,2.43721e-09,1,0
0.00507826,-0.261748,-0.0527993,-0.524363,3.82186,-51542.9,-1,3.25446e-10,1,0
0.00507889,-0.261799,-0.0526338,-0.524027,3.82221,-51546.6,-1,2.5345e-10,1,0
0.00507945,-0.261781,-0.0526966,-0.523383,3.82428,-51537.3,-1,1.11143e-09,1,0
0.00508151,-0.261889,-0.0519224,-0.521569,3.82331,-51537.7,-1,1.00376e-09,1,0
0.00508235,-0.261221,-0.0522586,-0.521182,3.82527,-51397.7,-1,1.60784e-09,1,0
0.00508354,-0.260806,-0.0520779,-0.520509,3.82589,-51304.1,-1,7.15064e-10,1,0
0.00508555,-0.261603,-0.0523177,-0.518938,3.82915,-51440.4,-1,1.29267e-09,1,0
0.0050866,-0.262004,-0.0527971,-0.519616,3.82952,-51508.8,-1,2.06407e-10,1,0
0.005088,-0.263241,-0.0537479,-0.520005,3.82629,-51737.7,-1,1.51517e-09,1,0
0.00508932,-0.263371,-0.0530844,-0.518679,3.8247,-51749.8,-1,5.22529e-11,1,0
0.00509057,-0.263563,-0.0525899,-0.517396,3.82515,-51774.7,-1,1.14153e-10,1,0
0.00509262,-0.263342,-0.0516627,-0.515383,3.82611,-51710.5,-1,6.6428e-10,1,0
0.00509386,-0.263664,-0.0522682,-0.516653,3.82596,-51761.1,-1,1.44341e-09,1,0
0.00509433,-0.263572,-0.0525594,-0.516878,3.82515,-51738.3,-1,2.7761e-10,1,0
0.00509517,-0.264099,-0.0532286,-0.517349,3.82513,-51833.3,-1,2.7761e-10,1,0
0.00509661,-0.264829,-0.0543285,-0.517652,3.82568,-51961.8,-1,3.85803e-10,1,0
0.005098,-0.26463,-0.0532837,-0.517893,3.82596,-51908.6,-1,2.77678e-10,1,0
0.00509906,-0.264023,-0.0523956,-0.518081,3.82884,-51778.7,-1,3.89944e-10,1,0
0.00510007,-0.264334,-0.052064,-0.518928,3.82879,-51829.6,-1,7.43842e-10,1,0
0.00510054,-0.264108,-0.0519458,-0.518921,3.82986,-51780.4,-1,3.54792e-11,1,0
0.00510188,-0.264034,-0.0530917,-0.518199,3.83058,-51752.3,-1,9.26559e-10,1,0
0.00510318,-0.264174,-0.051815,-0.518484,3.82679,-51766.5,-1,6.41433e-11,1,0
0.00510377,-0.264012,-0.0518988,-0.518218,3.82963,-51728.8,-1,1.58468e-10,1,0
0.00510472,-0.264141,-0.0516894,-0.517719,3.82965,-51744.5,-1,4.51469e-10,1,0
0.00510554,-0.264656,-0.0508977,-0.517629,3.82962,-51837.1,-1,4.51469e-10,1,0
0.00510643,-0.265216,-0.0500367,-0.517532,3.8296,-51937.8,-1,4.51469e-10,1,0
0.00510766,-0.265229,-0.0500087,-0.516668,3.83067,-51927.6,-1,8.86258e-10,1,0
0.00511017,-0.267878,-0.0510486,-0.516079,3.83019,-52420.5,-1,3.32036e-09,1,0
0.00511102,-0.267075,-0.0505772,-0.516237,3.83017,-52254.8,-1,9.49292e-10,1,0
0.00511196,-0.267442,-0.0505964,-0.517232,3.83149,-52317,-1,1.05993e-09,1,0
0.00511337,-0.267955,-0.0504815,-0.518431,3.83195,-52402.9,-1,9.14719e-10,1,0
0.00511477,-0.26765,-0.0495771,-0.519754,3.83196,-52328.8,-1,9.14719e-10,1,0
0.00511614,-0.267479,-0.0497361,-0.51957,3.83219,-52281.3,-1,9.10376e-10,1,0
0.00511728,-0.267979,-0.0497631,-0.519498,3.83098,-52367.3,-1,3.05192e-10,1,0
0.00511954,-0.26648,-0.0477671,-0.520299,3.83106,-52051.6,-1,3.05192e-10,1,0
0.00512039,-0.266487,-0.0469177,-0.520474,3.83155,-52044.3,-1,2.99957e-09,1,0
0.00512201,-0.267188,-0.0472785,-0.52085,3.83143,-52164.7,-1,1.33438e-09,1,0
0.0051225,-0.267172,-0.0473851,-0.520752,3.82949,-52156.5,-1,1.45752e-09,1,0
0.00512363,-0.266686,-0.0467094,-0.520501,3.82944,-52050.3,-1,3.82995e-10,1,0
0.00512465,-0.265737,-0.0469094,-0.519821,3.83039,-51854.8,-1,1.18438e-09,1,0
0.00512659,-0.264607,-0.0465736,-0.518487,3.83108,-51614.6,-1,1.81722e-09,1,0
0.00512728,-0.264656,-0.0473233,-0.518214,3.83109,-51617.2,-1,1.24066e-09,1,0
0.00512874,-0.264395,-0.0481542,-0.517403,3.83017,-51551.6,-1,1.32503e-09,1,0
0.0051292,-0.264761,-0.0481033,-0.517124,3.82887,-51618.4,-1,4.30429e-10,1,0
0.00513041,-0.263717,-0.0479311,-0.516366,3.83037,-51402.7,-1,3.32266e-10,1,0
0.00513155,-0.26418,-0.0487809,-0.516094,3.82801,-51481.4,-1,1.1221e-09,1,0
0.00513306,-0.264247,-0.0480444,-0.517138,3.82854,-51479.4,-1,1.49784e-09,1,0
0.00513373,-0.26436,-0.0478351,-0.516868,3.82916,-51494.7,-1,2.44823e-10,1,0
0.00513446,-0.264706,-0.0486115,-0.516878,3.82914,-51554.8,-1,2.44823e-10,1,0
0.00513508,-0.264832,-0.0487186,-0.517172,3.82914,-51573.1,-1,2.19036e-10,1,0
0.00513699,-0.265046,-0.0481239,-0.518034,3.82681,-51595.7,-1,7.15699e-10,1,0
0.00513847,-0.264795,-0.0492258,-0.518036,3.82525,-51531.8,-1,8.87383e-10,1,0
0.00513908,-0.264715,-0.0496597,-0.518582,3.82605,-51510.3,-1,1.53994e-09,1,0
0.0051412,-0.264924,-0.0485314,-0.519261,3.82604,-51529.7,-1,7.77522e-10,1,0
0.00514205,-0.265216,-0.0480206,-0.520059,3.82603,-51577.8,-1,7.77522e-10,1,0
0.00514328,-0.26551,-0.0487636,-0.52035,3.82437,-51622.6,-1,3.031e-10,1,0
0.00514491,-0.265472,-0.0494728,-0.519331,3.82124,-51598.9,-1,7.96693e-10,1,0
0.00514562,-0.265411,-0.0491844,-0.52007,3.82092,-51580,-1,3.81014e-10,1,0
0.0051468,-0.265486,-0.0487167,-0.52116,3.82234,-51582.7,-1,1.76037e-10,1,0
0.00514828,-0.265398,-0.0487581,-0.519731,3.81948,-51550.8,-1,1.02929e-09,1,0
0.00514834,-0.265425,-0.0486988,-0.519719,3.82009,-51555.5,-1,6.6858e-11,1,0
0.00514883,-0.265904,-0.048983,-0.5196,3.81934,-51643.5,-1,5.72736e-10,1,0
0.00514945,-0.265915,-0.0496338,-0.519907,3.8182,-51639.4,-1,7.19536e-10,1,0
0.00515015,-0.265815,-0.0493903,-0.520518,3.81783,-51613.1,-1,4.43935e-10,1,0
0.00515249,-0.267096,-0.0487927,-0.52041,3.81612,-51838.2,-1,1.07926e-09,1,0
0.00515313,-0.267282,-0.048927,-0.520081,3.81402,-51867.8,-1,3.83963e-10,1,0
0.00515419,-0.268171,-0.0493354,-0.520329,3.81543,-52029.6,-1,3.16e-10,1,0
0.00515586,-0.268681,-0.0481331,-0.521752,3.8154,-52111.8,-1,3.16e-10,1,0
0.00515648,-0.268872,-0.0476816,-0.522286,3.8154,-52142.6,-1,3.16e-10,1,0
0.00515668,-0.268837,-0.0477697,-0.522235,3.8144,-52133.8,-1,2.71798e-09,1,0
0.00515739,-0.268586,-0.0483874,-0.521763,3.8123,-52078,-1,9.84169e-10,1,0
0.00515846,-0.268837,-0.0488069,-0.522828,3.81195,-52115.8,-1,6.19363e-10,1,0
0.00515934,-0.268607,-0.04878,-0.5236,3.81198,-52062.2,-1,2.38147e-10,1,0
0.00516017,-0.269313,-0.0481826,-0.523825,3.81195,-52190.8,-1,2.38147e-10,1,0
0.00516054,-0.269631,-0.0479139,-0.523926,3.81193,-52248.6,-1,2.38147e-10,1,0
0.0051615,-0.269565,-0.0478631,-0.52286,3.81133,-52226.1,-1,1.07921e-09,1,0
0.00516308,-0.271342,-0.0482084,-0.522595,3.81039,-52554.3,-1,2.66197e-11,1,0
0.00516429,-0.271217,-0.0491762,-0.522121,3.81162,-52517.7,-1,4.28088e-10,1,0
0.00516488,-0.271358,-0.0486609,-0.522295,3.8116,-52539.1,-1,2.69667e-10,1,0
0.00516558,-0.271704,-0.0479301,-0.522201,3.81303,-52598.9,-1,1.21798e-09,1,0
0.00516774,-0.274172,-0.0476465,-0.522561,3.8129,-53054.4,-1,1.21798e-09,1,0
0.00516855,-0.274291,-0.0474197,-0.522085,3.80875,-53069.2,-1,5.58195e-10,1,0
0.00516931,-0.274042,-0.0466805,-0.522388,3.81092,-53013.3,-1,8.42153e-10,1,0
0.00517104,-0.273483,-0.0470478,-0.523503,3.80917,-52887.4,-1,1.25779e-09,1,0
0.00517318,-0.273737,-0.0453749,-0.525064,3.80938,-52914.7,-1,1.47047e-09,1,0
0.00517431,-0.273197,-0.0458251,-0.526165,3.80941,-52798.7,-1,1.47047e-09,1,0
0.0051752,-0.272767,-0.0461827,-0.52704,3.80943,-52706.5,-1,1.47047e-09,1,0
0.00517618,-0.272933,-0.0464631,-0.526983,3.80828,-52728.6,-1,2.85312e-09,1,0
0.0051774,-0.273755,-0.0467387,-0.525893,3.8089,-52875,-1,1.98158e-09,1,0
0.00517829,-0.273956,-0.0476274,-0.525549,3.80879,-52904.8,-1,5.90748e-10,1,0
0.00517955,-0.273303,-0.0473636,-0.526527,3.80897,-52765.9,-1,1.29235e-09,1,0
0.00518036,-0.272578,-0.0476982,-0.526892,3.80847,-52617.6,-1,2.14884e-10,1,0
0.0051823,-0.27295,-0.0467544,-0.528463,3.81007,-52669.7,-1,1.49671e-09,1,0
0.00518254,-0.272757,-0.0466637,-0.528598,3.81339,-52630,-1,1.06953e-10,1,0
0.00518367,-0.272919,-0.0475552,-0.529101,3.81237,-52649.7,-1,7.23079e-10,1,0
0.00518445,-0.272655,-0.048164,-0.529505,3.8135,-52590.9,-1,7.45026e-10,1,0
0.00518531,-0.271845,-0.0480985,-0.52977,3.81282,-52426.1,-1,7.04008e-10,1,0
0.00518603,-0.271888,-0.0475292,-0.529809,3.81236,-52426.9,-1,6.02886e-10,1,0
0.00518697,-0.272685,-0.047175,-0.529852,3.81038,-52571.1,-1,2.44344e-10,1,0
0.00518751,-0.272837,-0.047483,-0.530268,3.80843,-52594.9,-1,5.26616e-10,1,0
0.00518896,-0.273298,-0.0473998,-0.531447,3.8061,-52669.2,-1,1.28821e-09,1,0
0.0051891,-0.273416,-0.0472851,-0.531419,3.80706,-52690.3,-1,3.608e-10,1,0
0.00519002,-0.273132,-0.0466098,-0.531649,3.80751,-52626.4,-1,8.10776e-10,1,0
0.00519104,-0.272193,-0.0467036,-0.530953,3.80741,-52435.2,-1,1.07389e-09,1,0
0.0051926,-0.272195,-0.0453423,-0.531451,3.80947,-52419.9,-1,4.61731e-10,1,0
0.00519347,-0.271973,-0.0448095,-0.530999,3.80869,-52368.3,-1,1.81949e-10,1,0
0.00519485,-0.271673,-0.0436471,-0.530661,3.80917,-52296.6,-1,4.73282e-10,1,0
0.00519539,-0.271625,-0.0437659,-0.530724,3.80917,-52281.9,-1,2.05493e-10,1,0
0.00519669,-0.271634,-0.0452269,-0.5311,3.80871,-52270.5,-1,1.7559e-09,1,0
0.00519792,-0.272863,-0.0452882,-0.530626,3.80686,-52494.7,-1,2.46895e-10,1,0
0.00519895,-0.271891,-0.0448459,-0.530102,3.80688,-52297.4,-1,1.18938e-09,1,0
0.00519942,-0.272234,-0.0447157,-0.529692,3.80752,-52358.6,-1,2.19749e-12,1,0
0.0052005,-0.272219,-0.045447,-0.529707,3.80752,-52344.8,-1,9.00795e-10,1,0
0.00520179,-0.272016,-0.0467337,-0.530317,3.80736,-52292.7,-1,3.94831e-10,1,0
0.00520286,-0.272832,-0.0470986,-0.530636,3.80747,-52438.8,-1,9.68046e-10,1,0
0.0052044,-0.271194,-0.0475868,-0.530145,3.80757,-52108.6,-1,1.77808e-09,1,0
0.00520542,-0.270919,-0.0481964,-0.529631,3.80599,-52045.6,-1,4.41328e-10,1,0
0.00520623,-0.270951,-0.0484192,-0.529213,3.80545,-52043.6,-1,4.41495e-12,1,0
0.0052071,-0.270783,-0.04873,-0.530051,3.80834,-52002.7,-1,7.0953e-10,1,0
0.00520844,-0.270415,-0.0495744,-0.529683,3.80781,-51918.7,-1,1.26365e-09,1,0
0.00520916,-0.269788,-0.0494816,-0.530219,3.80779,-51791,-1,7.47258e-11,1,0
0.00520999,-0.26957,-0.0492024,-0.530564,3.80653,-51741,-1,3.47199e-10,1,0
0.00521112,-0.270157,-0.0489608,-0.530651,3.80381,-51842.5,-1,7.72689e-10,1,0
0.00521245,-0.271119,-0.0487482,-0.530278,3.80381,-52013.7,-1,6.85473e-10,1,0
0.00521385,-0.272588,-0.0494069,-0.530073,3.80201,-52281.6,-1,2.41637e-09,1,0
0.00521489,-0.27192,-0.0485583,-0.530612,3.80205,-52143,-1,2.41637e-09,1,0
0.00521528,-0.271647,-0.0484424,-0.530764,3.80333,-52086.7,-1,1.50789e-09,1,0
0.0052172,-0.269988,-0.0493962,-0.531031,3.80427,-51749.6,-1,4.00579e-10,1,0
0.00521868,-0.269465,-0.0477852,-0.531262,3.80487,-51634.7,-1,1.70955e-09,1,0
0.00521926,-0.269633,-0.047519,-0.530979,3.80426,-51661.1,-1,2.89936e-10,1,0
0.00522045,-0.270519,-0.047498,-0.531603,3.80319,-51819,-1,1.77308e-10,1,0
0.00522133,-0.271383,-0.0473758,-0.53213,3.80159,-51975.8,-1,2.21653e-09,1,0
0.00522152,-0.271283,-0.047501,-0.53198,3.80094,-51954.9,-1,2.19218e-10,1,0
0.00522238,-0.271216,-0.0468704,-0.531227,3.80021,-51933.4,-1,2.13441e-10,1,0
0.00522424,-0.271204,-0.046355,-0.530707,3.79909,-51912.7,-1,2.68246e-10,1,0
0.0052253,-0.271393,-0.0454745,-0.530048,3.79746,-51938.1,-1,9.80577e-11,1,0
0.00522662,-0.271795,-0.046718,-0.530836,3.79444,-52002,-1,1.52632e-09,1,0
0.00522703,-0.271372,-0.0467566,-0.530649,3.79283,-51917.1,-1,4.3344e-10,1,0
0.00522941,-0.272914,-0.0488453,-0.529726,3.79276,-52188.3,-1,4.3344e-10,1,0
0.0052302,-0.272943,-0.0493585,-0.530025,3.79285,-52185.9,-1,5.17123e-10,1,0
0.00523104,-0.272778,-0.0485227,-0.529562,3.79286,-52146,-1,5.17123e-10,1,0
0.00523278,-0.271511,-0.0471654,-0.52902,3.79288,-51886.7,-1,1.38768e-09,1,0
0.00523513,-0.27372,-0.047404,-0.530108,3.79313,-52285.2,-1,1.7275e-09,1,0
0.00523664,-0.274793,-0.0472135,-0.53035,3.79051,-52475.1,-1,4.72063e-10,1,0
0.00523753,-0.275689,-0.0476823,-0.530228,3.78946,-52637.3,-1,1.01876e-09,1,0
0.00523858,-0.275639,-0.0480385,-0.531368,3.78961,-52617.1,-1,3.16464e-11,1,0
0.0052405,-0.274671,-0.0475497,-0.533097,3.78999,-52413.2,-1,2.65557e-10,1,0
0.00524078,-0.274559,-0.0474724,-0.533278,3.7899,-52389,-1,1.55472e-09,1,0
0.00524182,-0.274515,-0.0480187,-0.533118,3.78964,-52370.3,-1,8.07674e-10,1,0
0.0052437,-0.274614,-0.0483376,-0.533738,3.79297,-52370.2,-1,9.07756e-10,1,0
0.00524496,-0.275255,-0.0490207,-0.532835,3.79209,-52479.9,-1,1.29275e-09,1,0
0.00524607,-0.274768,-0.0499976,-0.533135,3.79131,-52376,-1,6.93046e-10,1,0
0.005247,-0.273944,-0.0494257,-0.533503,3.79135,-52209.7,-1,6.93046e-10,1,0
0.00524856,-0.272555,-0.0484617,-0.534123,3.79142,-51929.5,-1,6.93046e-10,1,0
0.00524985,-0.271616,-0.0473404,-0.534234,3.79065,-51737.9,-1,1.23132e-09,1,0
0.00525059,-0.271224,-0.047215,-0.534667,3.79207,-51655.9,-1,1.81257e-10,1,0
0.00525226,-0.271983,-0.0470822,-0.534869,3.79261,-51784,-1,1.29266e-09,1,0
0.0052536,-0.273488,-0.0470666,-0.534509,3.79253,-52057.3,-1,1.29266e-09,1,0
0.00525475,-0.274782,-0.0470531,-0.534199,3.79247,-52292.2,-1,1.29266e-09,1,0
0.00525609,-0.274588,-0.0460182,-0.534663,3.79038,-52241.9,-1,7.58499e-10,1,0
0.0052566,-0.274559,-0.0457579,-0.534473,3.7867,-52231.2,-1,1.00987e-10,1,0
0.0052571,-0.274054,-0.0457238,-0.534204,3.78693,-52130.2,-1,7.25454e-10,1,0
0.00525823,-0.273417,-0.0447472,-0.534147,3.7862,-51998,-1,1.13011e-09,1,0
0.00525854,-0.273487,-0.0447608,-0.534021,3.7841,-52008.2,-1,1.06744e-10,1,0
0.00525905,-0.273974,-0.0449301,-0.534186,3.78317,-52095.7,-1,7.54606e-11,1,0
0.00526087,-0.273872,-0.0446647,-0.535746,3.7851,-52058.4,-1,1.62321e-09,1,0
0.00526245,-0.274078,-0.0428529,-0.535911,3.78509,-52081.8,-1,1.62321e-09,1,0
0.00526443,-0.274334,-0.0405935,-0.536118,3.78641,-52110.9,-1,4.11407e-09,1,0
0.0052659,-0.273989,-0.0414776,-0.537064,3.78438,-52030.8,-1,4.88309e-10,1,0
0.00526691,-0.273462,-0.0424941,-0.537009,3.78298,-51920.8,-1,7.03547e-10,1,0
0.00526916,-0.275065,-0.0428782,-0.539014,3.7829,-52202.8,-1,7.03547e-10,1,0
0.00527023,-0.275925,-0.0428767,-0.539778,3.78311,-52355.5,-1,3.59366e-10,1,0
0.00527112,-0.275549,-0.042823,-0.5398,3.78225,-52275.2,-1,3.24778e-10,1,0
0.00527159,-0.275473,-0.0422899,-0.53982,3.78243,-52256.2,-1,5.3889e-10,1,0
0.0052722,-0.275732,-0.0417343,-0.539704,3.78435,-52299.2,-1,9.60686e-11,1,0
0.00527325,-0.275945,-0.0418092,-0.539553,3.7848,-52329.3,-1,4.08892e-10,1,0
0.0052745,-0.275349,-0.0427668,-0.539849,3.78389,-52203.9,-1,1.20947e-09,1,0
0.00527626,-0.275061,-0.0422,-0.538978,3.78443,-52131.7,-1,1.29267e-09,1,0
0.00527786,-0.274969,-0.0420069,-0.539889,3.78437,-52098.5,-1,1.29249e-09,1,0
0.00527852,-0.275023,-0.0419359,-0.539297,3.78588,-52102.4,-1,1.2098e-10,1,0
0.00527921,-0.275011,-0.0418216,-0.538982,3.78545,-52093.3,-1,7.14522e-10,1,0
0.00528036,-0.274758,-0.0415987,-0.540258,3.78583,-52034,-1,1.07822e-10,1,0
0.00528138,-0.275641,-0.0410897,-0.539837,3.78334,-52191,-1,1.12768e-09,1,0
0.00528286,-0.276218,-0.0422442,-0.540915,3.78274,-52285.7,-1,1.25666e-09,1,0
0.00528367,-0.276706,-0.0429582,-0.541261,3.78314,-52370.1,-1,2.75092e-10,1,0
0.00528455,-0.276852,-0.042111,-0.541728,3.78323,-52388.9,-1,7.40877e-10,1,0
0.00528518,-0.276901,-0.0417353,-0.542054,3.78339,-52392,-1,1.4486e-10,1,0
0.00528563,-0.277154,-0.0416696,-0.542141,3.78376,-52435.4,-1,5.32043e-11,1,0
0.00528657,-0.277047,-0.042337,-0.542535,3.78547,-52405.8,-1,1.41077e-10,1,0
0.00528821,-0.278779,-0.0417411,-0.543022,3.78538,-52717.1,-1,1.41077e-10,1,0
0.00528886,-0.27946,-0.0415068,-0.543214,3.78535,-52839.5,-1,1.41077e-10,1,0
0.00528952,-0.279989,-0.041498,-0.543093,3.78476,-52932.7,-1,5.28523e-10,1,0
0.0052911,-0.279609,-0.0402726,-0.541801,3.78556,-52845.2,-1,2.00143e-09,1,0
0.0052923,-0.279873,-0.0414712,-0.54205,3.78356,-52883.1,-1,4.03938e-10,1,0
0.00529251,-0.279874,-0.0417001,-0.54214,3.78624,-52881.1,-1,1.22612e-09,1,0
0.00529341,-0.279651,-0.0418446,-0.541337,3.78577,-52830.1,-1,4.33861e-10,1,0
0.00529423,-0.279666,-0.0425476,-0.541257,3.78568,-52824.7,-1,7.43432e-10,1,0
0.00529508,-0.280159,-0.0424326,-0.540563,3.78794,-52909.4,-1,8.75994e-10,1,0
0.00529732,-0.28094,-0.0406651,-0.539367,3.78787,-53034.3,-1,2.37894e-09,1,0
0.00529813,-0.280935,-0.0411318,-0.540181,3.78944,-53025.2,-1,9.38827e-10,1,0
0.0052987,-0.28086,-0.0406883,-0.540516,3.7869,-53005.5,-1,1.11736e-11,1,0
0.00529922,-0.281151,-0.0410362,-0.54048,3.78544,-53055.2,-1,1.64912e-10,1,0
0.00530009,-0.281743,-0.0414179,-0.540815,3.78642,-53158.1,-1,5.37467e-10,1,0
0.00530041,-0.282053,-0.0413334,-0.541006,3.78509,-53213.4,-1,8.39382e-10,1,0
0.00530119,-0.281945,-0.0406856,-0.540963,3.78292,-53185.2,-1,5.26413e-10,1,0
0.00530336,-0.280737,-0.0407986,-0.538774,3.78298,-52935.6,-1,5.26413e-10,1,0
0.00530431,-0.280204,-0.0408485,-0.537808,3.78287,-52825.7,-1,3.60646e-09,1,0
0.00530523,-0.280582,-0.0410948,-0.537197,3.783,-52887.8,-1,5.87221e-10,1,0
0.00530681,-0.280967,-0.0421651,-0.536494,3.78332,-52944.6,-1,2.62178e-10,1,0
0.00530808,-0.281039,-0.0416508,-0.536722,3.78142,-52945.6,-1,8.35695e-10,1,0
0.00530986,-0.282032,-0.0421816,-0.536548,3.78229,-53114.7,-1,4.91069e-10,1,0
0.00531048,-0.282268,-0.0421762,-0.535874,3.78228,-53153,-1,4.91069e-10,1,0
0.00531111,-0.282318,-0.042092,-0.53525,3.78354,-53156.3,-1,5.63602e-10,1,0
0.0053123,-0.28232,-0.0412767,-0.53549,3.78575,-53144.7,-1,1.04308e-10,1,0
0.00531343,-0.282386,-0.040082,-0.536,3.78673,-53145.8,-1,2.33669e-09,1,0
0.00531363,-0.282458,-0.039976,-0.535823,3.78715,-53157.2,-1,1.55857e-11,1,0
0.00531491,-0.282385,-0.0406465,-0.536861,3.78721,-53130.6,-1,1.26391e-10,1,0
0.00531589,-0.28284,-0.0414077,-0.536767,3.78786,-53206.6,-1,3.6933e-10,1,0
0.00531765,-0.2836,-0.0414551,-0.537163,3.79096,-53331.8,-1,8.63634e-10,1,0
0.00531881,-0.284361,-0.0419049,-0.538111,3.79396,-53463.3,-1,1.95154e-11,1,0
0.00532071,-0.285091,-0.0399176,-0.538109,3.79274,-53581.4,-1,3.719e-10,1,0
0.00532251,-0.284261,-0.0390066,-0.538555,3.79307,-53407.3,-1,3.34453e-10,1,0
0.00532399,-0.285053,-0.039533,-0.539331,3.79264,-53541.2,-1,9.27052e-10,1,0
0.00532447,-0.285045,-0.0394865,-0.53988,3.79258,-53534.9,-1,5.51163e-10,1,0
0.00532618,-0.285869,-0.0407075,-0.541214,3.79423,-53672.3,-1,1.98712e-09,1,0
0.00532655,-0.285628,-0.0405627,-0.541222,3.79518,-53623.4,-1,1.32012e-10,1,0
0.00532696,-0.28565,-0.0405529,-0.541211,3.79524,-53623.6,-1,2.32311e-10,1,0
0.00532919,-0.28552,-0.0404014,-0.541618,3.79257,-53576.6,-1,1.29254e-09,1,0
0.00532962,-0.285716,-0.0407502,-0.541901,3.79109,-53609.1,-1,4.99881e-12,1,0
0.00532993,-0.285464,-0.0404944,-0.541912,3.79111,-53558.7,-1,4.99881e-12,1,0
0.00533061,-0.285556,-0.0408251,-0.542558,3.78755,-53569.2,-1,7.46374e-10,1,0
0.00533088,-0.285473,-0.0406094,-0.542339,3.78448,-53550.7,-1,3.18222e-10,1,0
0.00533176,-0.28639,-0.0405899,-0.542555,3.78534,-53714,-1,7.13652e-11,1,0
0.00533382,-0.285631,-0.0421799,-0.543764,3.78482,-53550.9,-1,5.2102e-10,1,0
0.00533482,-0.285015,-0.0427702,-0.544263,3.78324,-53425.5,-1,1.50074e-10,1,0
0.00533537,-0.28521,-0.0427925,-0.54442,3.78084,-53456.5,-1,3.89076e-10,1,0
0.00533692,-0.285777,-0.0424307,-0.545797,3.77835,-53547.2,-1,1.29248e-09,1,0
0.00533752,-0.285887,-0.0426596,-0.545639,3.78026,-53561.8,-1,2.69218e-10,1,0
0.00533762,-0.285896,-0.0427068,-0.545634,3.77605,-53562.5,-1,3.81684e-12,1,0
0.00533826,-0.285768,-0.0422525,-0.545539,3.77843,-53532,-1,4.99156e-11,1,0
0.00533981,-0.286634,-0.0416784,-0.544779,3.77563,-53678.8,-1,7.74727e-10,1,0
0.00534135,-0.28651,-0.0417549,-0.546305,3.7754,-53639.9,-1,1.62934e-10,1,0
0.00534238,-0.287285,-0.0420933,-0.545872,3.77517,-53774.6,-1,1.38682e-09,1,0
0.00534402,-0.288669,-0.042705,-0.544752,3.77467,-54017.3,-1,2.89817e-09,1,0
0.00534498,-0.288125,-0.0431546,-0.544201,3.77448,-53905.8,-1,7.28378e-12,1,0
0.00534529,-0.288083,-0.043203,-0.544316,3.77322,-53894.7,-1,2.30379e-10,1,0
0.00534551,-0.288066,-0.0433252,-0.544094,3.77322,-53889.4,-1,2.30379e-10,1,0
0.00534703,-0.288348,-0.0422953,-0.544689,3.77259,-53926.8,-1,6.66413e-10,1,0
0.0053477,-0.28829,-0.0418249,-0.545248,3.77277,-53909.2,-1,1.76312e-09,1,0
0.00534868,-0.287813,-0.0414793,-0.545338,3.77314,-53810,-1,1.08211e-09,1,0
0.00535016,-0.287025,-0.041,-0.544858,3.77396,-53648,-1,7.16718e-10,1,0
0.00535107,-0.286984,-0.0406681,-0.543855,3.77396,-53631.1,-1,7.16718e-10,1,0
0.00535275,-0.28707,-0.0397959,-0.542383,3.77514,-53630.3,-1,4.2541e-10,1,0
0.00535421,-0.28636,-0.039549,-0.541728,3.77297,-53483.1,-1,5.57363e-10,1,0
0.00535512,-0.286421,-0.0392162,-0.541318,3.76787,-53485.4,-1,8.76095e-11,1,0
0.00535691,-0.286757,-0.0401424,-0.54221,3.77119,-53530.3,-1,5.72655e-10,1,0
0.00535764,-0.286955,-0.0402308,-0.542473,3.77226,-53560,-1,2.32984e-10,1,0
0.00535811,-0.287397,-0.0404348,-0.542418,3.77284,-53637.7,-1,4.22459e-10,1,0
0.00535821,-0.287446,-0.0404919,-0.542357,3.77278,-53645.9,-1,5.31029e-10,1,0
0.00535939,-0.287397,-0.0402877,-0.542988,3.77399,-53625,-1,1.00771e-09,1,0
0.0053611,-0.287607,-0.0389921,-0.541519,3.77398,-53647,-1,1.00771e-09,1,0
0.0053623,-0.288421,-0.038776,-0.540569,3.77427,-53786.8,-1,2.30781e-09,1,0
0.00536309,-0.288752,-0.0386306,-0.53989,3.77149,-53840.6,-1,3.44198e-10,1,0
0.0053635,-0.289044,-0.0386482,-0.540109,3.77259,-53890.9,-1,3.64167e-10,1,0
0.00536395,-0.289211,-0.038187,-0.539954,3.77154,-53917.6,-1,4.88539e-10,1,0
0.00536697,-0.291011,-0.0387722,-0.537038,3.77107,-54222.5,-1,3.47633e-09,1,0
0.005368,-0.290444,-0.0387855,-0.536577,3.77389,-54106.5,-1,2.17702e-10,1,0
0.00536911,-0.290928,-0.0395906,-0.535928,3.77004,-54185.5,-1,1.19705e-09,1,0
0.00536965,-0.291288,-0.039325,-0.536043,3.77141,-54247.1,-1,2.45385e-10,1,0
0.00537087,-0.290263,-0.0385135,-0.535957,3.7716,-54043.9,-1,3.64985e-10,1,0
0.00537138,-0.290111,-0.0386219,-0.535941,3.77325,-54010.5,-1,2.27473e-10,1,0
0.00537215,-0.289381,-0.038893,-0.536319,3.77401,-53866.9,-1,1.21995e-09,1,0
0.00537335,-0.289758,-0.038791,-0.536743,3.77241,-53925,-1,3.63973e-10,1,0
0.00537494,-0.289557,-0.0402095,-0.537269,3.76861,-53871.7,-1,1.61462e-09,1,0
0.00537622,-0.289759,-0.0412021,-0.538189,3.76938,-53896.4,-1,9.83461e-10,1,0
0.00537719,-0.289668,-0.0421692,-0.538149,3.76935,-53869.8,-1,6.57874e-10,1,0
0.00537888,-0.289651,-0.0421109,-0.539334,3.77035,-53849.6,-1,1.48048e-09,1,0
0.00538008,-0.289536,-0.0413959,-0.540243,3.77158,-53816.3,-1,2.47867e-09,1,0
0.00538059,-0.28928,-0.0408779,-0.540141,3.77312,-53763.5,-1,9.10057e-10,1,0
0.00538119,-0.289814,-0.0412067,-0.540261,3.77386,-53856.9,-1,5.81041e-10,1,0
0.0053818,-0.290319,-0.0412802,-0.539874,3.77332,-53944.6,-1,9.44598e-11,1,0
0.00538253,-0.289859,-0.0410551,-0.540534,3.77228,-53851.9,-1,8.35577e-10,1,0
0.00538341,-0.290371,-0.0410417,-0.540527,3.7754,-53938.1,-1,2.873e-10,1,0
0.00538479,-0.291445,-0.0407622,-0.539675,3.77674,-54123.8,-1,1.41355e-09,1,0
0.00538571,-0.291945,-0.0406777,-0.538751,3.77498,-54207.4,-1,1.44155e-09,1,0
0.00538674,-0.292563,-0.0405465,-0.537947,3.77489,-54311.7,-1,1.54775e-09,1,0
0.00538798,-0.293685,-0.0401317,-0.538737,3.77483,-54507.4,-1,1.54775e-09,1,0
0.00538878,-0.293666,-0.0396634,-0.538785,3.77972,-54495.8,-1,3.17902e-10,1,0
0.00539006,-0.294411,-0.0399472,-0.538703,3.77876,-54621.1,-1,7.53491e-10,1,0
0.00539159,-0.293983,-0.04052,-0.537749,3.77807,-54526.1,-1,4.13245e-10,1,0
0.00539354,-0.293174,-0.0410895,-0.536352,3.77704,-54356.5,-1,1.29251e-09,1,0
0.00539417,-0.292897,-0.040598,-0.535991,3.77621,-54298.8,-1,7.03248e-11,1,0
0.00539496,-0.293052,-0.0409811,-0.535185,3.7762,-54319.6,-1,7.03248e-11,1,0
0.00539631,-0.293426,-0.0405434,-0.533819,3.77627,-54375.2,-1,1.15205e-09,1,0
0.00539672,-0.293402,-0.0404444,-0.533494,3.77604,-54366.8,-1,1.65809e-09,1,0
0.00539691,-0.293314,-0.0404817,-0.533334,3.776,-54348.5,-1,2.04034e-10,1,0
0.00539792,-0.29321,-0.0405394,-0.532178,3.776,-54319,-1,2.04034e-10,1,0
0.00539946,-0.29305,-0.0406272,-0.530418,3.77484,-54274,-1,3.077e-09,1,0
0.00540112,-0.291727,-0.0395397,-0.529569,3.77538,-54012.3,-1,1.91195e-09,1,0
0.0054031,-0.291985,-0.0414379,-0.530739,3.77545,-54040.3,-1,1.02804e-10,1,0
0.00540372,-0.291642,-0.0410063,-0.530759,3.77707,-53970.6,-1,3.65865e-10,1,0
0.00540496,-0.290864,-0.0414346,-0.531868,3.77672,-53814.4,-1,1.42066e-09,1,0
0.00540635,-0.290326,-0.0411872,-0.532301,3.77853,-53700.8,-1,7.28733e-10,1,0
0.00540668,-0.290082,-0.0409954,-0.532275,3.77571,-53652.4,-1,5.67243e-11,1,0
0.00540753,-0.29022,-0.0407886,-0.531943,3.77099,-53669.6,-1,4.81088e-10,1,0
0.00540977,-0.289786,-0.0408319,-0.534302,3.77163,-53567.2,-1,1.28994e-09,1,0
0.00541098,-0.289718,-0.0404651,-0.535238,3.76901,-53542.7,-1,5.07581e-10,1,0
0.00541183,-0.290575,-0.040111,-0.535372,3.7684,-53692.4,-1,9.38691e-10,1,0
0.00541265,-0.290854,-0.0407633,-0.534765,3.76809,-53735.9,-1,7.29389e-10,1,0
0.00541406,-0.29122,-0.0417441,-0.535514,3.77036,-53789.6,-1,3.03444e-10,1,0
0.00541483,-0.291367,-0.0423325,-0.53615,3.76985,-53809.1,-1,5.32676e-11,1,0
0.00541643,-0.292709,-0.0429312,-0.535616,3.76908,-54041,-1,5.66734e-10,1,0
0.0054178,-0.293713,-0.0437747,-0.534733,3.76881,-54212.7,-1,2.85925e-09,1,0
0.00541926,-0.294584,-0.0443603,-0.533823,3.76904,-54358.7,-1,1.29269e-09,1,0
0.00541973,-0.294448,-0.0444884,-0.533572,3.76404,-54328.9,-1,2.24424e-10,1,0
0.00542066,-0.294434,-0.04449,-0.533054,3.76687,-54317.1,-1,5.75249e-10,1,0
0.0054212,-0.294725,-0.0440138,-0.532855,3.7635,-54365.3,-1,5.98443e-10,1,0
0.00542286,-0.294279,-0.0442191,-0.532798,3.76286,-54266.4,-1,8.30093e-10,1,0
0.00542361,-0.293977,-0.0447341,-0.532401,3.76371,-54203.2,-1,1.81537e-09,1,0
0.0054243,-0.293923,-0.0446904,-0.532373,3.76128,-54186.3,-1,4.19365e-10,1,0
0.0054252,-0.29289,-0.0447709,-0.532396,3.76097,-53986.8,-1,1.03692e-09,1,0
0.00542743,-0.291762,-0.0428115,-0.531195,3.76103,-53756.9,-1,1.03692e-09,1,0
0.00542808,-0.291462,-0.04224,-0.530978,3.75997,-53695.3,-1,1.24213e-10,1,0
0.00542926,-0.291811,-0.0411397,-0.531709,3.76087,-53747.9,-1,1.36605e-09,1,0
0.00543015,-0.291967,-0.0405534,-0.531937,3.76044,-53767.7,-1,3.92951e-10,1,0
0.00543073,-0.292428,-0.0409115,-0.531747,3.75879,-53846.9,-1,2.1742e-10,1,0
0.00543127,-0.292574,-0.040888,-0.531561,3.75769,-53868.4,-1,8.38891e-10,1,0
0.00543267,-0.292519,-0.0395504,-0.531065,3.7577,-53844.5,-1,1.16648e-09,1,0
0.00543318,-0.292348,-0.0394277,-0.531287,3.75681,-53808,-1,4.25612e-10,1,0
0.00543365,-0.292421,-0.0394486,-0.530974,3.75711,-53816.7,-1,3.84108e-10,1,0
0.00543465,-0.29319,-0.0388065,-0.531218,3.75807,-53948.2,-1,1.36561e-10,1,0
0.00543667,-0.295458,-0.0384643,-0.531545,3.75677,-54345.4,-1,2.3169e-09,1,0
0.00543712,-0.295388,-0.0387218,-0.531492,3.75533,-54328.1,-1,3.09187e-10,1,0
0.00543816,-0.295165,-0.0391282,-0.532597,3.75535,-54276.6,-1,1.17039e-09,1,0
0.00543946,-0.294822,-0.0381679,-0.532765,3.75522,-54200.6,-1,5.3954e-10,1,0
0.00544059,-0.29421,-0.0372168,-0.53212,3.75525,-54076.8,-1,5.3954e-10,1,0
0.00544113,-0.293921,-0.0367613,-0.531819,3.75491,-54018.4,-1,2.37277e-09,1,0
0.00544196,-0.293539,-0.0362742,-0.531402,3.75365,-53939.9,-1,2.39578e-10,1,0
0.00544274,-0.29411,-0.0364663,-0.53139,3.75214,-54037.2,-1,3.04883e-10,1,0
0.00544334,-0.294212,-0.0363713,-0.531865,3.75019,-54049.8,-1,7.94753e-11,1,0
0.00544485,-0.294276,-0.035755,-0.533477,3.75108,-54046.7,-1,2.26045e-09,1,0
0.00544566,-0.294188,-0.0358537,-0.534178,3.74995,-54022.5,-1,5.37644e-10,1,0
0.00544596,-0.293908,-0.035933,-0.534343,3.74958,-53968.1,-1,3.23993e-10,1,0
0.00544779,-0.293083,-0.0358519,-0.534856,3.7495,-53798.6,-1,5.61386e-10,1,0
0.00544862,-0.293434,-0.0365087,-0.535156,3.74851,-53854.7,-1,6.89994e-10,1,0
0.00544947,-0.293653,-0.0358399,-0.534738,3.74865,-53886.5,-1,9.61272e-11,1,0
0.00544962,-0.293696,-0.0358378,-0.534765,3.7533,-53893,-1,6.70679e-11,1,0
0.00545085,-0.294569,-0.0364677,-0.533857,3.75355,-54041,-1,1.408e-09,1,0
0.0054523,-0.295605,-0.0372151,-0.53278,3.7535,-54216.6,-1,1.408e-09,1,0
0.0054524,-0.295646,-0.03714,-0.532785,3.75403,-54223.2,-1,1.7555e-11,1,0
0.00545442,-0.295879,-0.0356947,-0.53428,3.75388,-54245.7,-1,1.0312e-09,1,0
0.00545623,-0.295829,-0.0337978,-0.535142,3.75527,-54218.5,-1,3.37665e-09,1,0
0.00545806,-0.296934,-0.0324715,-0.536043,3.75681,-54402.8,-1,1.69423e-09,1,0
0.00545962,-0.295774,-0.03295,-0.535631,3.75783,-54174.7,-1,4.93561e-10,1,0
0.00546188,-0.295761,-0.0329932,-0.535722,3.76135,-54150,-1,2.9812e-10,1,0
0.0054623,-0.295425,-0.0326572,-0.53586,3.76105,-54084.4,-1,4.94133e-10,1,0
0.0054646,-0.293825,-0.0323043,-0.537934,3.76101,-53768.8,-1,2.64328e-09,1,0
0.00546549,-0.293997,-0.0318698,-0.537737,3.76515,-53791.6,-1,2.59742e-10,1,0
0.00546671,-0.294532,-0.0309348,-0.537707,3.76619,-53877.3,-1,1.14955e-09,1,0
0.00546728,-0.294009,-0.0307768,-0.538079,3.76621,-53776,-1,1.14955e-09,1,0
0.00546766,-0.293761,-0.0305533,-0.538219,3.76719,-53727,-1,9.41536e-10,1,0
0.00546909,-0.293494,-0.0289439,-0.538032,3.76627,-53664.1,-1,1.80169e-09,1,0
0.00546968,-0.294135,-0.0287139,-0.538032,3.76623,-53775.5,-1,1.80169e-09,1,0
0.00547084,-0.293837,-0.028515,-0.538815,3.76453,-53709.7,-1,1.71167e-10,1,0
0.00547164,-0.293839,-0.0280431,-0.539362,3.76532,-53702.2,-1,4.61996e-10,1,0
0.00547255,-0.293335,-0.0280995,-0.539113,3.76351,-53601.2,-1,4.55236e-10,1,0
0.00547406,-0.29294,-0.0269553,-0.540007,3.76211,-53514.2,-1,1.29242e-09,1,0
0.00547567,-0.294079,-0.0270232,-0.538867,3.76355,-53706.4,-1,3.97129e-10,1,0
0.00547772,-0.29541,-0.0275263,-0.536989,3.76313,-53929.4,-1,3.81925e-09,1,0
0.00547868,-0.295743,-0.0285779,-0.537046,3.76283,-53980.7,-1,1.10439e-09,1,0
0.00547948,-0.295348,-0.0278809,-0.537016,3.76189,-53900.8,-1,3.39126e-10,1,0
0.00548004,-0.295623,-0.0280016,-0.536699,3.7606,-53945.4,-1,5.40304e-10,1,0
0.00548071,-0.295817,-0.0285137,-0.536904,3.76057,-53974.2,-1,1.86482e-10,1,0
0.00548241,-0.297005,-0.0300066,-0.537356,3.76051,-54174.1,-1,1.86482e-10,1,0
0.00548342,-0.297679,-0.0308332,-0.537355,3.76192,-54287.2,-1,3.23893e-10,1,0
0.00548433,-0.297948,-0.0314317,-0.538101,3.76331,-54327.1,-1,6.19068e-11,1,0
0.00548577,-0.298311,-0.0323957,-0.539395,3.76431,-54379.1,-1,2.64587e-09,1,0
0.00548709,-0.299178,-0.0323952,-0.539618,3.76481,-54524,-1,1.12247e-09,1,0
0.00548728,-0.299322,-0.0323185,-0.539496,3.76524,-54548.3,-1,2.08835e-10,1,0
0.005489,-0.29805,-0.0330247,-0.538153,3.76676,-54299.5,-1,1.97915e-09,1,0
0.00549049,-0.296957,-0.0328532,-0.538838,3.76544,-54085.7,-1,3.99761e-10,1,0
0.00549303,-0.294927,-0.0307925,-0.538416,3.76548,-53691.1,-1,8.38677e-10,1,0
0.00549582,-0.293363,-0.0314355,-0.539128,3.76263,-53379.3,-1,1.91493e-09,1,0
0.00549664,-0.293792,-0.0307837,-0.539587,3.76407,-53449.3,-1,9.88289e-11,1,0
0.00549786,-0.292979,-0.0296629,-0.539689,3.76474,-53289.7,-1,3.19705e-11,1,0
0.0054994,-0.29204,-0.029933,-0.540815,3.76396,-53103.9,-1,1.06215e-09,1,0
0.0055,-0.291912,-0.0294482,-0.540967,3.76325,-53075,-1,3.30181e-10,1,0
0.00550061,-0.291408,-0.0292422,-0.540916,3.76473,-52977.4,-1,3.32694e-10,1,0
0.00550185,-0.291794,-0.0287715,-0.541975,3.76427,-53035.6,-1,3.49406e-10,1,0
0.00550283,-0.291645,-0.028097,-0.542863,3.76324,-52999,-1,1.6269e-09,1,0
0.0055046,-0.291854,-0.0274219,-0.544374,3.76663,-53020,-1,1.60538e-09,1,0
0.00550606,-0.292342,-0.0275428,-0.543948,3.7649,-53094.6,-1,6.71061e-10,1,0
0.00550668,-0.292927,-0.0272315,-0.543695,3.76382,-53194.8,-1,1.72706e-09,1,0
0.00550815,-0.291873,-0.0268387,-0.544266,3.76576,-52989.3,-1,1.21079e-09,1,0
0.00550928,-0.291994,-0.0260507,-0.545291,3.76559,-53000.5,-1,1.59188e-09,1,0
0.00551079,-0.291547,-0.0244314,-0.545601,3.76507,-52904.8,-1,1.69698e-09,1,0
0.00551149,-0.291611,-0.0241259,-0.546292,3.76489,-52909.6,-1,5.36088e-10,1,0
0.00551318,-0.292281,-0.0229219,-0.547314,3.76586,-53015.1,-1,7.53214e-10,1,0
0.00551348,-0.292288,-0.0229772,-0.547565,3.76934,-53013.4,-1,8.00769e-11,1,0
0.00551446,-0.292302,-0.0223844,-0.547261,3.76892,-53006.5,-1,3.29858e-10,1,0
0.00551504,-0.291961,-0.0220615,-0.547034,3.7702,-52939,-1,1.27532e-09,1,0
0.00551792,-0.288852,-0.0224679,-0.548121,3.77036,-52347.9,-1,1.27532e-09,1,0
0.00551919,-0.28928,-0.0234033,-0.548815,3.7709,-52413.4,-1,3.93591e-11,1,0
0.00552023,-0.289321,-0.024408,-0.54857,3.77206,-52411.1,-1,1.01865e-10,1,0
0.00552294,-0.289198,-0.0274301,-0.547789,3.77207,-52363,-1,1.01865e-10,1,0
0.00552397,-0.289086,-0.0281124,-0.547511,3.77145,-52333.1,-1,2.4353e-10,1,0
0.00552539,-0.289578,-0.0277198,-0.546875,3.7717,-52408.6,-1,9.71777e-10,1,0
0.00552785,-0.291212,-0.0291251,-0.548733,3.77162,-52680.9,-1,9.71777e-10,1,0
0.00552839,-0.291568,-0.0294311,-0.549137,3.77277,-52740.2,-1,3.46494e-09,1,0
0.00552926,-0.292021,-0.028965,-0.548379,3.77182,-52813.8,-1,9.98552e-10,1,0
0.00553023,-0.291722,-0.0285791,-0.548026,3.77004,-52750.4,-1,7.46471e-10,1,0
0.00553075,-0.292316,-0.0286025,-0.548092,3.77139,-52852.9,-1,5.98171e-10,1,0
0.00553204,-0.292449,-0.0291649,-0.546721,3.77179,-52864.5,-1,1.48748e-09,1,0
0.00553334,-0.293857,-0.0295769,-0.547019,3.77172,-53106.6,-1,1.48748e-09,1,0
0.00553461,-0.295239,-0.0299814,-0.547312,3.77165,-53344,-1,1.48748e-09,1,0
0.00553567,-0.296065,-0.0302525,-0.547687,3.77113,-53483.1,-1,2.12176e-10,1,0
0.00553764,-0.298199,-0.0308527,-0.548148,3.77102,-53849.4,-1,2.12176e-10,1,0
0.00553827,-0.298886,-0.0310462,-0.548297,3.77099,-53967.5,-1,2.12176e-10,1,0
0.00553918,-0.299876,-0.0313246,-0.54851,3.77127,-54137.2,-1,4.04357e-09,1,0
0.0055404,-0.300783,-0.0321375,-0.547814,3.77055,-54289.1,-1,1.40314e-09,1,0
0.00554136,-0.301582,-0.0316455,-0.547694,3.76997,-54423.8,-1,2.53002e-10,1,0
0.0055416,-0.30146,-0.031543,-0.547844,3.76943,-54399.4,-1,1.16734e-10,1,0
0.00554339,-0.300623,-0.0317828,-0.549369,3.76732,-54230.9,-1,1.29261e-09,1,0
0.00554472,-0.301123,-0.0319349,-0.549008,3.76835,-54308.1,-1,1.02129e-09,1,0
0.00554554,-0.300432,-0.0313401,-0.54876,3.76635,-54175.4,-1,1.45788e-09,1,0
0.00554657,-0.301007,-0.0307189,-0.549597,3.76632,-54269.1,-1,1.45788e-09,1,0
0.0055477,-0.301841,-0.0305865,-0.549761,3.76304,-54408.4,-1,1.85633e-09,1,0
0.00554887,-0.302931,-0.0310427,-0.549113,3.76298,-54593.3,-1,1.85633e-09,1,0
0.00554969,-0.303692,-0.031361,-0.548661,3.76295,-54722.3,-1,1.85633e-09,1,0
0.0055519,-0.305749,-0.0322221,-0.547438,3.76284,-55071,-1,1.85633e-09,1,0
0.00555306,-0.306479,-0.0327586,-0.547836,3.76241,-55191.1,-1,5.99338e-09,1,0
0.00555419,-0.306975,-0.0332916,-0.548561,3.76274,-55269,-1,1.91425e-09,1,0
0.00555458,-0.307149,-0.0333792,-0.548158,3.76271,-55296.5,-1,6.45389e-10,1,0
0.00555645,-0.307283,-0.0336895,-0.547917,3.76009,-55302,-1,8.92265e-10,1,0
0.00555741,-0.307996,-0.0344576,-0.547552,3.76006,-55420.7,-1,8.92265e-10,1,0
0.00555906,-0.30893,-0.0347743,-0.546186,3.76026,-55572.3,-1,2.97068e-09,1,0
0.00556078,-0.309077,-0.0348202,-0.544509,3.75879,-55581.5,-1,5.04496e-10,1,0
0.00556212,-0.309646,-0.0353646,-0.543348,3.75865,-55670.5,-1,1.26502e-09,1,0
0.00556448,-0.310089,-0.0342175,-0.542013,3.75883,-55726.4,-1,2.16691e-09,1,0
0.0055649,-0.309971,-0.0343405,-0.542431,3.75931,-55701,-1,9.56335e-11,1,0
0.00556556,-0.309832,-0.0344396,-0.543172,3.75932,-55669.4,-1,9.56335e-11,1,0
0.00556668,-0.309668,-0.0345768,-0.544402,3.75917,-55628.9,-1,2.33721e-09,1,0
0.00556842,-0.309888,-0.0340064,-0.545946,3.75834,-55651,-1,1.22965e-09,1,0
0.00556873,-0.310072,-0.0339496,-0.546122,3.76079,-55680.9,-1,1.66923e-10,1,0
0.00556913,-0.309958,-0.0343634,-0.546284,3.76079,-55656.5,-1,1.66923e-10,1,0
0.00556953,-0.310161,-0.0345439,-0.546495,3.7595,-55689,-1,2.89331e-10,1,0
0.00557037,-0.31031,-0.034954,-0.545625,3.7595,-55707.3,-1,2.89331e-10,1,0
0.00557069,-0.310367,-0.0351099,-0.545294,3.75782,-55714.3,-1,1.04117e-09,1,0
0.00557111,-0.310015,-0.0354117,-0.545342,3.75655,-55647,-1,4.65414e-10,1,0
0.00557249,-0.308971,-0.0364859,-0.545043,3.75617,-55445.8,-1,1.43704e-09,1,0
0.00557348,-0.30993,-0.0366463,-0.544458,3.75522,-55608,-1,6.51391e-10,1,0
0.00557472,-0.308958,-0.0359373,-0.54387,3.75509,-55421.4,-1,7.86312e-10,1,0
0.00557578,-0.308069,-0.0362992,-0.54357,3.75736,-55251.2,-1,1.10728e-09,1,0
0.00557793,-0.308769,-0.0358304,-0.543111,3.75416,-55355.6,-1,7.17069e-10,1,0
0.005578,-0.308704,-0.0358145,-0.543151,3.751,-55343.2,-1,3.5375e-11,1,0
0.00557972,-0.309174,-0.0351123,-0.54138,3.75136,-55410.4,-1,1.26536e-09,1,0
0.00558129,-0.310476,-0.0347502,-0.54147,3.75023,-55628,-1,9.02833e-10,1,0
0.00558145,-0.310322,-0.0347853,-0.541556,3.75024,-55598.7,-1,9.02833e-10,1,0
0.00558245,-0.309528,-0.0347225,-0.542252,3.75037,-55446.6,-1,8.46052e-10,1,0
0.00558262,-0.309428,-0.0346552,-0.542408,3.7504,-55426.9,-1,6.3081e-10,1,0
0.00558327,-0.308987,-0.034609,-0.542954,3.7472,-55341.6,-1,7.4489e-10,1,0
0.00558455,-0.309101,-0.0356292,-0.54261,3.74897,-55349.4,-1,9.22246e-10,1,0
0.00558591,-0.309965,-0.0361039,-0.54258,3.74766,-55490.5,-1,1.03202e-09,1,0
0.00558709,-0.309285,-0.0353043,-0.543231,3.74675,-55357.2,-1,3.08275e-10,1,0
0.00558823,-0.308571,-0.0351162,-0.542207,3.7464,-55218,-1,2.09173e-10,1,0
0.00558947,-0.307982,-0.0357422,-0.541067,3.74692,-55100.4,-1,1.42766e-09,1,0
0.00559012,-0.307337,-0.0357981,-0.540702,3.74696,-54978.5,-1,1.42766e-09,1,0
0.00559083,-0.30663,-0.0358594,-0.540302,3.74699,-54845.2,-1,1.42766e-09,1,0
0.00559173,-0.306333,-0.0353849,-0.539777,3.74758,-54783.2,-1,5.71291e-10,1,0
0.005593,-0.307106,-0.0345194,-0.539913,3.74516,-54909,-1,9.5978e-10,1,0
0.00559381,-0.30752,-0.0351875,-0.539442,3.74133,-54975,-1,8.5932e-10,1,0
0.00559407,-0.307428,-0.0349166,-0.539362,3.74347,-54956.1,-1,1.26291e-10,1,0
0.00559464,-0.3071,-0.0349931,-0.53941,3.74343,-54891.8,-1,4.50455e-10,1,0
0.00559514,-0.3071,-0.0344554,-0.539236,3.74262,-54886.9,-1,8.49058e-11,1,0
0.00559579,-0.307129,-0.03375,-0.539033,3.74096,-54885.7,-1,1.21569e-09,1,0
0.00559634,-0.306614,-0.0338164,-0.539316,3.74005,-54788.3,-1,7.14847e-11,1,0
0.00559727,-0.306482,-0.0345689,-0.539931,3.74056,-54755.7,-1,9.92909e-10,1,0
0.00559851,-0.306187,-0.0352892,-0.540948,3.73893,-54690.7,-1,5.75073e-10,1,0
0.0056,-0.305642,-0.0356603,-0.542526,3.73888,-54578.9,-1,2.14848e-09,1,0
0.00560086,-0.305708,-0.0355689,-0.542259,3.74159,-54582.3,-1,6.07074e-10,1,0
0.00560143,-0.305632,-0.0356052,-0.541955,3.74089,-54563.2,-1,1.88631e-10,1,0
0.00560175,-0.305502,-0.0354896,-0.542066,3.74436,-54537,-1,1.26473e-10,1,0
0.00560479,-0.302213,-0.035136,-0.54318,3.74393,-53920.5,-1,3.68868e-09,1,0
0.0056051,-0.302367,-0.0351614,-0.543338,3.74268,-53944.9,-1,3.08209e-11,1,0
0.00560548,-0.302575,-0.0352044,-0.543495,3.74118,-53978.5,-1,9.93976e-11,1,0
0.00560643,-0.303398,-0.0351623,-0.543502,3.74094,-54116.1,-1,2.11621e-10,1,0
0.0056068,-0.303132,-0.0351342,-0.543506,3.73941,-54065.1,-1,2.06288e-10,1,0
0.00560801,-0.302041,-0.0357353,-0.543166,3.73884,-53858.8,-1,8.0423e-10,1,0
0.00560885,-0.301274,-0.0362864,-0.542998,3.74014,-53714.1,-1,9.81649e-10,1,0
0.00560964,-0.300643,-0.0368258,-0.542638,3.73996,-53593.9,-1,1.53335e-10,1,0
0.00560994,-0.300751,-0.0365105,-0.542722,3.74057,-53610.3,-1,3.44168e-10,1,0
0.0056112,-0.301281,-0.0357656,-0.543279,3.74198,-53692.8,-1,1.03048e-09,1,0
0.00561165,-0.301354,-0.0362642,-0.54318,3.74131,-53701.6,-1,3.72922e-10,1,0
0.00561285,-0.30157,-0.0356351,-0.542209,3.74062,-53728.5,-1,6.12084e-10,1,0
0.00561333,-0.301381,-0.0360514,-0.542106,3.73773,-53690.2,-1,1.67368e-10,1,0
0.00561418,-0.301506,-0.036504,-0.542334,3.73813,-53704.4,-1,4.32957e-10,1,0
0.00561484,-0.301217,-0.0361165,-0.542793,3.7378,-53646.7,-1,5.4768e-10,1,0
0.0056151,-0.301063,-0.0361545,-0.542645,3.73905,-53616.6,-1,4.13181e-11,1,0
0.00561644,-0.301871,-0.0354047,-0.542762,3.73823,-53747.8,-1,1.29206e-09,1,0
0.0056176,-0.302517,-0.0358001,-0.542469,3.7351,-53851.6,-1,5.12137e-10,1,0
0.00561799,-0.302688,-0.0354487,-0.542548,3.73407,-53878.4,-1,4.02656e-10,1,0
0.00561989,-0.30133,-0.0355507,-0.542051,3.73361,-53618.4,-1,3.02483e-10,1,0
0.00562113,-0.300422,-0.0364998,-0.541511,3.73366,-53445.1,-1,3.02483e-10,1,0
0.00562176,-0.300312,-0.0370885,-0.541478,3.73334,-53419.6,-1,1.74624e-09,1,0
0.00562248,-0.299754,-0.03733,-0.541938,3.73346,-53313.4,-1,4.70612e-10,1,0
0.00562397,-0.298434,-0.037692,-0.542963,3.73384,-53064.6,-1,8.67879e-11,1,0
0.0056254,-0.298102,-0.036301,-0.543226,3.73253,-52992.2,-1,2.71243e-11,1,0
0.00562672,-0.296794,-0.036359,-0.543871,3.73143,-52747.2,-1,1.29261e-09,1,0
0.00562723,-0.296969,-0.0362348,-0.544109,3.72706,-52773.5,-1,1.80981e-10,1,0
0.00562831,-0.297572,-0.0362342,-0.545188,3.72737,-52870.5,-1,1.59398e-09,1,0
0.00563036,-0.296775,-0.0381734,-0.545144,3.72856,-52709.8,-1,1.04747e-09,1,0
0.00563187,-0.295443,-0.0389907,-0.545882,3.72696,-52459.1,-1,1.61403e-09,1,0
0.00563218,-0.295431,-0.0388587,-0.545699,3.7266,-52454.2,-1,2.84204e-10,1,0
0.00563336,-0.295179,-0.038434,-0.545425,3.7245,-52398.4,-1,8.94506e-10,1,0
0.00563367,-0.295358,-0.0383558,-0.545302,3.72222,-52427.2,-1,1.2806e-11,1,0
0.00563415,-0.295474,-0.0384014,-0.545784,3.72027,-52443.4,-1,4.97069e-10,1,0
0.00563528,-0.296466,-0.0386912,-0.546458,3.722,-52608.9,-1,8.1379e-10,1,0
0.00563679,-0.295416,-0.0388811,-0.5453,3.72309,-52408.5,-1,1.28229e-10,1,0
0.00563762,-0.295553,-0.0390923,-0.544969,3.7223,-52425.1,-1,2.76248e-10,1,0
0.00563848,-0.29572,-0.0382641,-0.545384,3.72077,-52446.7,-1,7.11977e-10,1,0
0.00563905,-0.295894,-0.0380673,-0.545916,3.71898,-52472.2,-1,1.7091e-10,1,0
0.00563936,-0.296,-0.0380731,-0.546164,3.7207,-52488.3,-1,4.29304e-12,1,0
0.00563961,-0.295851,-0.0382926,-0.546131,3.72069,-52459.5,-1,4.83626e-11,1,0
0.00564015,-0.296434,-0.0384323,-0.545972,3.72266,-52557.7,-1,6.20112e-10,1,0
0.00564107,-0.296199,-0.0388603,-0.545041,3.72355,-52507.5,-1,3.99514e-12,1,0
0.00564237,-0.295605,-0.0385712,-0.543714,3.72118,-52390.2,-1,1.48258e-09,1,0
0.00564356,-0.296136,-0.0380129,-0.543658,3.71817,-52473.3,-1,6.54466e-10,1,0
0.00564433,-0.296298,-0.0386898,-0.543475,3.71584,-52494.8,-1,6.37574e-10,1,0
0.00564594,-0.297229,-0.039173,-0.544948,3.71544,-52644.7,-1,1.76018e-09,1,0
0.00564728,-0.297428,-0.0380386,-0.545763,3.71445,-52667.4,-1,1.39912e-10,1,0
0.0056492,-0.299613,-0.0381878,-0.545906,3.71405,-53036.3,-1,2.19451e-09,1,0
0.00565046,-0.300995,-0.0378991,-0.545655,3.71423,-53269.2,-1,2.60775e-10,1,0
0.00565125,-0.300937,-0.0382637,-0.546015,3.70932,-53251.4,-1,1.874e-10,1,0
0.00565159,-0.301031,-0.0383406,-0.546234,3.70792,-53264.7,-1,7.3268e-11,1,0
0.00565289,-0.299806,-0.0380696,-0.546146,3.70579,-53035.9,-1,1.34005e-09,1,0
0.00565349,-0.300193,-0.0377684,-0.546186,3.7043,-53098.6,-1,2.24676e-10,1,0
0.00565411,-0.300889,-0.0378418,-0.546085,3.70331,-53216,-1,7.0773e-10,1,0
0.00565459,-0.300801,-0.0378818,-0.546183,3.70235,-53195.8,-1,2.67021e-10,1,0
0.00565567,-0.300923,-0.0370805,-0.546954,3.70233,-53207.3,-1,5.21967e-10,1,0
0.00565726,-0.301565,-0.0364367,-0.546548,3.70407,-53305.8,-1,1.29275e-09,1,0
0.00565853,-0.302289,-0.035465,-0.546888,3.70501,-53421.7,-1,1.29273e-09,1,0
0.00565978,-0.302925,-0.0343343,-0.546468,3.70526,-53522.3,-1,1.29259e-10,1,0
0.00566038,-0.303025,-0.034942,-0.54676,3.70502,-53534.4,-1,1.87708e-11,1,0
0.00566225,-0.302614,-0.0358919,-0.546761,3.7066,-53444.2,-1,1.9624e-09,1,0
0.00566421,-0.30244,-0.0341307,-0.546834,3.70659,-53394.9,-1,1.29256e-09,1,0
0.00566487,-0.302432,-0.0334269,-0.546568,3.70563,-53387.3,-1,2.51319e-10,1,0
0.00566586,-0.302721,-0.0326672,-0.546496,3.70349,-53428.9,-1,1.83392e-10,1,0
0.0056664,-0.303151,-0.0326906,-0.546821,3.70113,-53499.7,-1,8.56858e-11,1,0
0.00566725,-0.302354,-0.0330942,-0.546712,3.69964,-53351.1,-1,9.08105e-10,1,0
0.00566881,-0.302565,-0.0331744,-0.546945,3.702,-53373.6,-1,8.30046e-10,1,0
0.00566964,-0.301886,-0.0326336,-0.546562,3.70119,-53246,-1,9.48852e-10,1,0
0.00566996,-0.301999,-0.0327445,-0.546424,3.70014,-53263,-1,1.86952e-10,1,0
0.00567145,-0.302799,-0.0325862,-0.545717,3.70246,-53390.1,-1,4.00259e-10,1,0
0.00567222,-0.303346,-0.0330744,-0.545221,3.70315,-53479.2,-1,1.05312e-13,1,0
0.00567294,-0.30407,-0.0330239,-0.544975,3.70272,-53600.1,-1,1.04795e-09,1,0
0.00567392,-0.305131,-0.032785,-0.544711,3.70266,-53777.8,-1,1.04795e-09,1,0
0.00567554,-0.30652,-0.032129,-0.544715,3.70873,-54007.3,-1,4.34184e-11,1,0
0.00567738,-0.30661,-0.0326553,-0.546746,3.70872,-54005.5,-1,4.34184e-11,1,0
0.00567899,-0.306688,-0.0331149,-0.548521,3.70872,-54003.9,-1,4.34184e-11,1,0
0.00567953,-0.306687,-0.0333006,-0.549086,3.70908,-53998.7,-1,5.08024e-11,1,0
0.00568064,-0.306008,-0.0327692,-0.54961,3.70667,-53868.6,-1,3.80476e-11,1,0
0.00568094,-0.306208,-0.0325648,-0.54979,3.70712,-53901,-1,3.01853e-10,1,0
0.00568313,-0.307849,-0.0332717,-0.548114,3.70654,-54168.8,-1,1.2927e-09,1,0
0.00568354,-0.30817,-0.0332498,-0.548001,3.70476,-54221.5,-1,1.36517e-10,1,0
0.00568388,-0.307894,-0.0331202,-0.548164,3.7033,-54169.6,-1,1.79357e-10,1,0
0.00568473,-0.307642,-0.032898,-0.54735,3.7039,-54117.2,-1,8.87537e-11,1,0
0.00568596,-0.308253,-0.0339344,-0.548071,3.70386,-54213.1,-1,8.87537e-11,1,0
0.00568657,-0.307838,-0.0340909,-0.548406,3.7042,-54134.2,-1,3.0501e-10,1,0
0.00568792,-0.308428,-0.0347406,-0.54796,3.70315,-54225.1,-1,6.31133e-10,1,0
0.00568861,-0.308691,-0.0349391,-0.547531,3.70199,-54264.7,-1,1.82144e-09,1,0
0.00569089,-0.308793,-0.033102,-0.548661,3.70328,-54260.9,-1,2.13958e-09,1,0
0.00569185,-0.308951,-0.0323107,-0.549393,3.70386,-54279.6,-1,1.0897e-09,1,0
0.0056928,-0.308587,-0.0315906,-0.548931,3.70186,-54206.6,-1,9.24627e-10,1,0
0.00569413,-0.307219,-0.0318329,-0.549069,3.7047,-53953.7,-1,7.47398e-10,1,0
0.0056944,-0.307284,-0.0318698,-0.549239,3.70399,-53962.4,-1,1.41229e-10,1,0
0.00569637,-0.307309,-0.0308903,-0.548932,3.70573,-53948.2,-1,1.23806e-09,1,0
0.00569705,-0.307547,-0.0308707,-0.549067,3.70769,-53983.6,-1,5.04153e-10,1,0
0.00569805,-0.306695,-0.030388,-0.549142,3.70765,-53824.6,-1,1.28193e-09,1,0
0.0056989,-0.30612,-0.0302028,-0.54909,3.70699,-53715.6,-1,2.29548e-11,1,0
0.00569951,-0.306499,-0.0307649,-0.549253,3.70698,-53776.4,-1,2.29548e-11,1,0
0.00570059,-0.307171,-0.0317604,-0.549542,3.70822,-53884,-1,1.93294e-09,1,0
0.00570212,-0.308118,-0.0315089,-0.548711,3.70864,-54035.8,-1,4.54734e-10,1,0
0.00570368,-0.307884,-0.0330433,-0.549479,3.70827,-53979.8,-1,1.64945e-09,1,0
0.00570549,-0.306542,-0.0322613,-0.549464,3.70944,-53727.6,-1,1.00801e-09,1,0
0.00570627,-0.307388,-0.0323279,-0.549203,3.7094,-53868.5,-1,1.00801e-09,1,0
0.00570775,-0.309066,-0.03245,-0.54905,3.71151,-54148.4,-1,1.59446e-09,1,0
0.00570953,-0.308593,-0.0337241,-0.548093,3.71158,-54048.8,-1,3.03078e-10,1,0
0.00571072,-0.308106,-0.0345969,-0.547164,3.71159,-53952.3,-1,2.83727e-09,1,0
0.00571201,-0.3075,-0.035506,-0.54618,3.71162,-53834,-1,2.83727e-09,1,0
0.00571299,-0.307342,-0.0356144,-0.545503,3.70895,-53797,-1,6.1939e-12,1,0
0.00571518,-0.3089,-0.0356904,-0.547433,3.70662,-54049,-1,2.36199e-10,1,0
0.00571551,-0.309018,-0.0353386,-0.547384,3.70662,-54066.5,-1,2.36199e-10,1,0
0.00571775,-0.309281,-0.0356393,-0.54733,3.70613,-54091.4,-1,1.29258e-09,1,0
0.00571914,-0.309111,-0.0359498,-0.547339,3.70466,-54048.4,-1,4.31481e-10,1,0
0.00572043,-0.309099,-0.0360275,-0.54841,3.70631,-54034.2,-1,1.01162e-09,1,0
0.00572164,-0.308224,-0.0352747,-0.548343,3.70548,-53870,-1,1.00832e-09,1,0
0.00572307,-0.30878,-0.0347269,-0.547391,3.70765,-53953.6,-1,1.34752e-09,1,0
0.00572389,-0.309032,-0.0350078,-0.547706,3.70925,-53989.8,-1,2.79594e-13,1,0
0.00572466,-0.308386,-0.0344435,-0.547881,3.70929,-53869.7,-1,2.79594e-13,1,0
0.00572496,-0.308258,-0.0342122,-0.547761,3.70712,-53844.6,-1,7.42506e-11,1,0
0.00572607,-0.308119,-0.033343,-0.546842,3.70712,-53809.8,-1,7.42506e-11,1,0
0.00572657,-0.308057,-0.0329582,-0.546435,3.70706,-53794.3,-1,1.61807e-09,1,0
0.00572839,-0.306775,-0.0323834,-0.545431,3.70684,-53553.4,-1,1.25883e-09,1,0
0.00572922,-0.307692,-0.0324863,-0.545622,3.70766,-53705.8,-1,9.42538e-10,1,0
0.00573052,-0.307582,-0.0311035,-0.545094,3.70767,-53674.4,-1,9.42538e-10,1,0
0.00573236,-0.308022,-0.0298822,-0.543538,3.70674,-53733.9,-1,1.74807e-09,1,0
0.00573382,-0.307164,-0.0303303,-0.542286,3.70754,-53570.6,-1,1.39836e-09,1,0
0.00573425,-0.307043,-0.0299548,-0.54217,3.70764,-53545.4,-1,2.8102e-10,1,0
0.0057356,-0.307497,-0.0301254,-0.540708,3.70819,-53612,-1,1.54091e-09,1,0
0.00573643,-0.308284,-0.0297807,-0.541108,3.70833,-53741.3,-1,8.08677e-10,1,0
0.00573735,-0.309037,-0.0297212,-0.541711,3.70911,-53864.2,-1,4.90337e-10,1,0
0.00573889,-0.307648,-0.0301498,-0.541752,3.70878,-53607.6,-1,5.00997e-11,1,0
0.00573969,-0.307975,-0.0300791,-0.541515,3.71059,-53657.2,-1,1.51998e-10,1,0
0.0057406,-0.308555,-0.0304178,-0.542313,3.71056,-53749.6,-1,1.51998e-10,1,0
0.00574166,-0.309239,-0.0310311,-0.542983,3.71026,-53858.9,-1,4.85846e-10,1,0
0.00574232,-0.308969,-0.0312713,-0.542888,3.71111,-53805.6,-1,1.24749e-10,1,0
0.00574246,-0.308909,-0.0312261,-0.542941,3.70822,-53793.9,-1,8.30191e-11,1,0
0.00574324,-0.309524,-0.0311961,-0.543567,3.71011,-53893.6,-1,3.71177e-10,1,0
0.00574367,-0.309507,-0.0316857,-0.543541,3.71196,-53886.6,-1,4.90502e-10,1,0
0.00574587,-0.307948,-0.0303692,-0.542756,3.71174,-53594.8,-1,1.21789e-09,1,0
0.0057471,-0.307282,-0.0291288,-0.542791,3.71177,-53467.3,-1,1.21789e-09,1,0
0.0057486,-0.306863,-0.0282733,-0.542867,3.71216,-53380.4,-1,3.81373e-10,1,0
0.0057503,-0.306914,-0.0272943,-0.542798,3.71362,-53373.6,-1,6.53016e-10,1,0
0.00575182,-0.307584,-0.0270647,-0.543519,3.71293,-53476,-1,1.2922e-09,1,0
0.0057526,-0.308381,-0.0271129,-0.543189,3.71221,-53607.2,-1,8.28105e-10,1,0
0.00575447,-0.308027,-0.0258864,-0.543044,3.71096,-53528.2,-1,1.3847e-09,1,0
0.00575513,-0.308523,-0.0258423,-0.542852,3.71252,-53608.4,-1,1.79128e-10,1,0
0.0057563,-0.307842,-0.0248536,-0.543427,3.71256,-53479.3,-1,1.79128e-10,1,0
0.00575722,-0.307311,-0.0242168,-0.543975,3.71225,-53378.4,-1,2.18353e-09,1,0
0.0057586,-0.306798,-0.0238016,-0.545298,3.71189,-53276.4,-1,1.16834e-09,1,0
0.00576009,-0.306142,-0.0235486,-0.545102,3.71575,-53148.8,-1,8.25346e-10,1,0
0.00576044,-0.306096,-0.0231577,-0.545111,3.71647,-53137.6,-1,1.00876e-09,1,0
0.00576115,-0.306066,-0.0224878,-0.545107,3.71605,-53125.9,-1,1.54724e-10,1,0
0.00576314,-0.304539,-0.0210697,-0.54475,3.71586,-52842.5,-1,4.14761e-10,1,0
0.00576354,-0.304417,-0.0206595,-0.544623,3.71615,-52817.7,-1,1.56675e-10,1,0
0.00576479,-0.304121,-0.0193463,-0.544143,3.71617,-52754.9,-1,1.56675e-10,1,0
0.00576589,-0.30386,-0.0181903,-0.54372,3.71618,-52699.6,-1,1.56675e-10,1,0
0.00576715,-0.304653,-0.0174778,-0.544623,3.71779,-52825.6,-1,3.03183e-09,1,0
0.00576765,-0.304899,-0.0173553,-0.545061,3.7169,-52863.7,-1,1.97545e-10,1,0
0.00576822,-0.304983,-0.0176314,-0.545598,3.7167,-52873,-1,1.3773e-10,1,0
0.00576966,-0.305078,-0.0168973,-0.546452,3.71567,-52876.2,-1,1.29236e-09,1,0
0.00577128,-0.304375,-0.0152823,-0.547021,3.71482,-52739.6,-1,1.85093e-09,1,0
0.00577333,-0.302589,-0.0167009,-0.546451,3.71394,-52411.6,-1,2.35081e-09,1,0
0.00577411,-0.302549,-0.015904,-0.546615,3.71373,-52397.5,-1,6.68724e-10,1,0
0.00577522,-0.301593,-0.0157641,-0.545798,3.71378,-52221.9,-1,6.68724e-10,1,0
0.00577616,-0.300794,-0.0156403,-0.545115,3.71372,-52075,-1,9.13562e-12,1,0
0.00577738,-0.300799,-0.0152191,-0.545256,3.71339,-52065,-1,8.37344e-10,1,0
0.0057785,-0.30107,-0.0154658,-0.545212,3.71527,-52101.8,-1,1.08466e-09,1,0
0.00577874,-0.30097,-0.015488,-0.545214,3.71454,-52082.2,-1,8.48611e-10,1,0
0.00578013,-0.299796,-0.0157484,-0.544909,3.71459,-51866.6,-1,2.93011e-10,1,0
0.00578049,-0.300017,-0.0159721,-0.544822,3.71255,-51901.7,-1,4.90174e-11,1,0
0.00578104,-0.300588,-0.0160309,-0.544852,3.71165,-51995.5,-1,2.75525e-10,1,0
0.00578206,-0.301683,-0.0161288,-0.544474,3.71159,-52175.7,-1,2.75525e-10,1,0
0.00578285,-0.302527,-0.0162042,-0.544182,3.71155,-52314.5,-1,2.75525e-10,1,0
0.00578539,-0.304697,-0.0160137,-0.542947,3.70986,-52666.6,-1,1.23413e-09,1,0
0.00578695,-0.304884,-0.0177673,-0.543176,3.71139,-52684.7,-1,1.77836e-09,1,0
0.00578785,-0.304735,-0.01814,-0.542245,3.71538,-52650.8,-1,9.15816e-10,1,0
0.00578904,-0.305129,-0.0186406,-0.541418,3.71346,-52708.1,-1,2.08356e-10,1,0
0.00578947,-0.304949,-0.0189228,-0.541752,3.71546,-52673.1,-1,8.55314e-11,1,0
0.00579081,-0.306102,-0.0189856,-0.542322,3.71773,-52860.1,-1,1.28686e-09,1,0
0.0057919,-0.305101,-0.0187482,-0.541614,3.72024,-52677.2,-1,1.24894e-09,1,0
0.00579313,-0.306324,-0.0188585,-0.542299,3.72017,-52877.2,-1,1.24894e-09,1,0
0.00579349,-0.30669,-0.0188915,-0.542504,3.72016,-52937.1,-1,1.24894e-09,1,0
0.00579494,-0.308141,-0.0191473,-0.543122,3.72059,-53174.2,-1,3.11038e-10,1,0
0.00579649,-0.309643,-0.0199873,-0.542709,3.72088,-53419,-1,1.82079e-09,1,0
0.00579731,-0.310017,-0.0203282,-0.542413,3.72054,-53476.1,-1,1.83147e-10,1,0
0.00579814,-0.309947,-0.0212686,-0.542336,3.72054,-53456.4,-1,1.83147e-10,1,0
0.00579919,-0.309858,-0.0224678,-0.542237,3.72054,-53431.2,-1,1.83147e-10,1,0
0.00579978,-0.309762,-0.0230435,-0.542121,3.72037,-53409.3,-1,8.61039e-11,1,0
0.00580029,-0.309892,-0.0228064,-0.541694,3.72091,-53426.9,-1,4.69319e-11,1,0
0.00580206,-0.30981,-0.0211859,-0.541796,3.72072,-53396.5,-1,5.53519e-10,1,0
0.00580328,-0.309239,-0.0200145,-0.541836,3.72373,-53286.9,-1,1.02337e-10,1,0
0.00580437,-0.308769,-0.0204675,-0.542051,3.72559,-53195.9,-1,2.71415e-10,1,0
0.00580515,-0.307976,-0.0206829,-0.542369,3.72657,-53052.3,-1,4.65708e-10,1,0
0.00580635,-0.307721,-0.0209288,-0.542395,3.7291,-52997.3,-1,1.66641e-09,1,0
0.00580857,-0.308832,-0.0210795,-0.542017,3.72664,-53168.4,-1,6.96788e-10,1,0
0.00581044,-0.308298,-0.0218192,-0.542996,3.7261,-53059.2,-1,8.66118e-10,1,0
0.00581136,-0.30764,-0.0213139,-0.543639,3.72614,-52937.8,-1,8.66118e-10,1,0
0.00581246,-0.306645,-0.0210517,-0.544163,3.7221,-52756.5,-1,1.26885e-10,1,0
0.00581326,-0.306821,-0.0208573,-0.543285,3.72263,-52779.6,-1,9.16175e-10,1,0
0.00581427,-0.307627,-0.0214471,-0.542748,3.72084,-52908.9,-1,9.22511e-11,1,0
0.00581451,-0.307648,-0.0213244,-0.542701,3.72267,-52910.4,-1,1.15956e-09,1,0
0.00581566,-0.307267,-0.0200632,-0.542694,3.72259,-52834.5,-1,1.37477e-09,1,0
0.00581595,-0.307127,-0.0198916,-0.542895,3.72284,-52807.6,-1,2.62227e-10,1,0
0.0058174,-0.30591,-0.0195472,-0.54395,3.72274,-52585.4,-1,1.14531e-10,1,0
0.00581957,-0.306063,-0.0197797,-0.542756,3.7258,-52592,-1,2.23018e-09,1,0
0.00582028,-0.306383,-0.0198439,-0.5422,3.72379,-52640.6,-1,1.21364e-10,1,0
0.00582094,-0.305917,-0.020142,-0.54209,3.72179,-52554.6,-1,3.14472e-10,1,0
0.00582152,-0.306583,-0.020145,-0.54205,3.72191,-52663.7,-1,2.35974e-11,1,0
0.00582258,-0.307772,-0.0201032,-0.541992,3.72259,-52858.4,-1,2.44266e-11,1,0
0.00582309,-0.307705,-0.0196579,-0.542366,3.7223,-52842.3,-1,5.85678e-10,1,0
0.0058242,-0.308114,-0.0187161,-0.541856,3.72287,-52902.3,-1,1.8553e-10,1,0
0.00582547,-0.309118,-0.0192157,-0.541989,3.72387,-53063.3,-1,1.35204e-09,1,0
0.00582725,-0.309137,-0.019241,-0.541246,3.72288,-53050.3,-1,2.00769e-09,1,0
0.00582864,-0.308703,-0.0189767,-0.540198,3.72175,-52963.2,-1,3.1235e-10,1,0
0.00582941,-0.308144,-0.0193086,-0.540086,3.72173,-52860.3,-1,4.09112e-10,1,0
0.00583008,-0.30819,-0.0197519,-0.540319,3.72294,-52861.9,-1,6.35154e-10,1,0
0.00583043,-0.308456,-0.0195643,-0.540315,3.72385,-52904.5,-1,1.17265e-10,1,0
0.0058317,-0.309404,-0.0186037,-0.540518,3.72221,-53055.6,-1,3.04485e-10,1,0
0.00583243,-0.309687,-0.0190141,-0.541038,3.72413,-53097.5,-1,8.12403e-11,1,0
0.00583405,-0.309825,-0.0206137,-0.541592,3.72359,-53106.4,-1,2.1879e-10,1,0
0.00583524,-0.309253,-0.0210969,-0.540784,3.72074,-52997.5,-1,1.92472e-09,1,0
0.00583624,-0.308656,-0.0213198,-0.539836,3.72077,-52886.2,-1,1.92472e-09,1,0
0.00583859,-0.306963,-0.0213797,-0.540752,3.72226,-52574.8,-1,2.00193e-09,1,0
0.0058393,-0.30724,-0.021477,-0.541062,3.72381,-52615.8,-1,3.45441e-12,1,0
0.00584009,-0.30654,-0.0213685,-0.541252,3.7261,-52488.9,-1,6.76619e-10,1,0
0.00584033,-0.306599,-0.0211745,-0.541069,3.72516,-52496.9,-1,2.53951e-10,1,0
0.00584179,-0.306958,-0.0199936,-0.540047,3.7237,-52545.3,-1,6.94525e-11,1,0
0.00584346,-0.306917,-0.0217297,-0.539726,3.72266,-52523.2,-1,1.55716e-09,1,0
0.00584373,-0.306827,-0.0218715,-0.539494,3.71954,-52505.4,-1,6.53555e-10,1,0
0.00584425,-0.307085,-0.0217198,-0.539558,3.72235,-52544.8,-1,5.08406e-11,1,0
0.00584481,-0.306574,-0.0219261,-0.53922,3.72393,-52452.3,-1,1.3941e-10,1,0
0.00584554,-0.305926,-0.0221823,-0.538794,3.72581,-52334.9,-1,3.31233e-11,1,0
0.00584622,-0.305533,-0.0220734,-0.538749,3.72541,-52261.6,-1,5.076e-10,1,0
0.00584694,-0.305907,-0.0218694,-0.538038,3.72539,-52319.1,-1,5.076e-10,1,0
0.00584829,-0.305569,-0.0212708,-0.537192,3.72644,-52249.3,-1,8.17786e-10,1,0
0.00584941,-0.305034,-0.0204396,-0.536388,3.7266,-52147.8,-1,9.26124e-10,1,0
0.00585073,-0.304995,-0.0206497,-0.537325,3.72873,-52129.3,-1,5.97195e-10,1,0
0.00585153,-0.304934,-0.0201123,-0.537771,3.72691,-52111.8,-1,5.03737e-10,1,0
0.00585233,-0.304425,-0.0201056,-0.538383,3.72793,-52017.7,-1,4.59481e-10,1,0
0.0058537,-0.303862,-0.0211211,-0.538797,3.72761,-51909.3,-1,9.40304e-10,1,0
0.00585525,-0.304704,-0.0201167,-0.537589,3.72757,-52039.4,-1,9.40304e-10,1,0
0.00585614,-0.304892,-0.0195416,-0.537098,3.72716,-52063.7,-1,3.67439e-10,1,0
0.00585648,-0.304504,-0.0195518,-0.537152,3.72759,-51994.4,-1,5.47553e-10,1,0
0.00585725,-0.30488,-0.0201354,-0.536609,3.72757,-52051.7,-1,5.47553e-10,1,0
0.00585829,-0.305388,-0.0209238,-0.535875,3.72717,-52129.2,-1,2.07232e-09,1,0
0.00586044,-0.306189,-0.0217531,-0.535805,3.7277,-52246.7,-1,4.79631e-10,1,0
0.00586075,-0.306239,-0.0219005,-0.535931,3.72676,-52252.5,-1,1.46846e-09,1,0
0.00586144,-0.306586,-0.0216278,-0.535909,3.72349,-52305.5,-1,3.63698e-10,1,0
0.00586169,-0.306812,-0.0214594,-0.535833,3.72348,-52341.9,-1,3.63698e-10,1,0
0.00586211,-0.306867,-0.0217354,-0.535717,3.72213,-52347.4,-1,2.1563e-10,1,0
0.0058626,-0.307018,-0.0221674,-0.535851,3.72244,-52368.8,-1,3.47796e-10,1,0
0.00586319,-0.307193,-0.0224622,-0.535764,3.72519,-52393.6,-1,4.08658e-10,1,0
0.00586441,-0.308032,-0.0234329,-0.535286,3.72576,-52525.7,-1,1.12862e-09,1,0
0.00586519,-0.30767,-0.0233784,-0.535683,3.7263,-52456.9,-1,6.96802e-10,1,0
0.00586696,-0.306572,-0.0220459,-0.536574,3.72591,-52254,-1,1.9481e-09,1,0
0.00586729,-0.3064,-0.0220853,-0.536818,3.72471,-52221.8,-1,3.32435e-10,1,0
0.00586823,-0.307064,-0.0216343,-0.536351,3.72581,-52326.5,-1,4.57013e-11,1,0
0.00586984,-0.306351,-0.0212661,-0.536547,3.72408,-52190.8,-1,1.20357e-09,1,0
0.005871,-0.307083,-0.0204796,-0.535759,3.72404,-52305,-1,1.20357e-09,1,0
0.00587211,-0.307782,-0.0197277,-0.535006,3.72243,-52414.2,-1,3.23822e-09,1,0
0.00587415,-0.305985,-0.0190772,-0.536347,3.72252,-52090.1,-1,3.23822e-09,1,0
0.00587582,-0.304578,-0.018567,-0.537425,3.72067,-51835.9,-1,5.82863e-10,1,0
0.0058766,-0.304629,-0.0190907,-0.537642,3.72012,-51837.6,-1,3.81864e-10,1,0
0.00587771,-0.304094,-0.0193381,-0.53802,3.72097,-51736.7,-1,3.70315e-10,1,0
0.00587847,-0.303634,-0.0192403,-0.537296,3.72099,-51651.9,-1,3.70315e-10,1,0
0.00588005,-0.302669,-0.0190351,-0.535776,3.72029,-51473.8,-1,2.6753e-09,1,0
0.00588044,-0.302236,-0.0189248,-0.535798,3.72031,-51396.8,-1,2.6753e-09,1,0
0.00588121,-0.302196,-0.0186774,-0.535724,3.72311,-51383.4,-1,3.34205e-10,1,0
0.00588224,-0.302558,-0.0193252,-0.536651,3.72127,-51435.8,-1,1.18682e-09,1,0
0.0058828,-0.302657,-0.0191129,-0.536849,3.72223,-51447.8,-1,4.13557e-10,1,0
0.00588392,-0.303782,-0.019742,-0.536901,3.72212,-51629.1,-1,1.38429e-09,1,0
0.00588504,-0.304015,-0.0196616,-0.536808,3.72486,-51659,-1,2.51114e-11,1,0
0.00588564,-0.30368,-0.0200177,-0.536986,3.72587,-51596.7,-1,4.12003e-10,1,0
0.00588708,-0.302983,-0.0210806,-0.536396,3.72678,-51465.8,-1,1.01549e-10,1,0
0.00588771,-0.303056,-0.0214171,-0.536182,3.72525,-51472.6,-1,3.91715e-10,1,0
0.00588845,-0.30295,-0.020609,-0.535951,3.72526,-51448.2,-1,3.91715e-10,1,0
0.00588966,-0.302778,-0.0192911,-0.535573,3.72616,-51408.4,-1,2.39916e-09,1,0
0.00589039,-0.302308,-0.0187982,-0.5353,3.72776,-51322.3,-1,4.90014e-10,1,0
0.00589231,-0.303181,-0.018454,-0.535494,3.72704,-51453.6,-1,1.24926e-09,1,0
0.00589344,-0.30328,-0.0193749,-0.53514,3.73126,-51460.7,-1,1.4885e-10,1,0
0.00589406,-0.302915,-0.019338,-0.534765,3.73164,-51393.2,-1,6.73086e-11,1,0
0.00589515,-0.302819,-0.0199693,-0.534274,3.73136,-51367.5,-1,6.13731e-10,1,0
0.00589693,-0.304837,-0.0202207,-0.534374,3.73126,-51694.2,-1,6.13731e-10,1,0
0.00589895,-0.307129,-0.0205061,-0.534487,3.72912,-52065,-1,4.34789e-09,1,0
0.00590018,-0.308088,-0.0211509,-0.535215,3.72822,-52216.7,-1,1.24734e-10,1,0
0.00590154,-0.308979,-0.0212643,-0.535681,3.72406,-52355.7,-1,5.13761e-10,1,0
0.00590242,-0.309367,-0.0212729,-0.535438,3.72252,-52413.5,-1,3.83695e-10,1,0
0.00590369,-0.310778,-0.0209591,-0.535504,3.72327,-52641.4,-1,2.07993e-09,1,0
0.00590482,-0.310035,-0.0204426,-0.535865,3.72212,-52505.5,-1,5.71182e-10,1,0
0.00590572,-0.309234,-0.0202209,-0.536094,3.72322,-52361.8,-1,1.49555e-09,1,0
0.00590659,-0.309038,-0.0196628,-0.536098,3.72358,-52321,-1,2.16284e-10,1,0
0.00590729,-0.30873,-0.0198999,-0.536173,3.71955,-52262.6,-1,5.25725e-10,1,0
0.0059094,-0.309461,-0.0212791,-0.537897,3.71872,-52367.5,-1,1.29261e-09,1,0
0.00591022,-0.309005,-0.0205944,-0.538074,3.7167,-52283.2,-1,1.38598e-10,1,0
0.00591169,-0.309873,-0.0197886,-0.5389,3.71687,-52416.9,-1,1.42168e-09,1,0
0.00591186,-0.309772,-0.0197042,-0.538923,3.71506,-52398.5,-1,7.29681e-11,1,0
0.00591223,-0.309604,-0.0197263,-0.539312,3.71402,-52366.7,-1,1.19011e-10,1,0
0.00591296,-0.309276,-0.0197695,-0.540072,3.71404,-52304.7,-1,1.19011e-10,1,0
0.0059148,-0.308439,-0.0198794,-0.542007,3.71408,-52147,-1,1.19011e-10,1,0
0.00591676,-0.307551,-0.0199962,-0.544063,3.71487,-51979.6,-1,5.4882e-09,1,0
0.00591809,-0.30881,-0.019439,-0.54469,3.71345,-52180.7,-1,1.51301e-09,1,0
0.0059195,-0.308794,-0.0178537,-0.545,3.71508,-52165.6,-1,1.61532e-09,1,0
0.00592089,-0.308646,-0.0187301,-0.54368,3.71537,-52128.2,-1,1.59167e-09,1,0
0.00592191,-0.308644,-0.019685,-0.543009,3.71693,-52119,-1,2.33803e-10,1,0
0.00592292,-0.308103,-0.019723,-0.544032,3.71695,-52018.7,-1,2.33803e-10,1,0
0.00592425,-0.308015,-0.0201093,-0.544913,3.71366,-51992.2,-1,2.56192e-10,1,0
0.00592569,-0.307764,-0.0210417,-0.543902,3.71179,-51937.3,-1,1.27419e-09,1,0
0.00592636,-0.307908,-0.0217922,-0.544009,3.71249,-51955.6,-1,1.03432e-09,1,0
0.00592812,-0.306861,-0.0231118,-0.544428,3.71094,-51763.6,-1,3.17437e-10,1,0
0.00592851,-0.306662,-0.0234658,-0.544534,3.71033,-51726.6,-1,2.06677e-09,1,0
0.00593048,-0.305956,-0.025259,-0.543373,3.71041,-51590.4,-1,7.26332e-10,1,0
0.00593124,-0.30617,-0.0255322,-0.5431,3.70934,-51619.9,-1,2.0899e-09,1,0
0.00593232,-0.30719,-0.0249275,-0.543046,3.70862,-51782.4,-1,6.0809e-10,1,0
0.00593342,-0.308077,-0.0240399,-0.542946,3.70857,-51922.4,-1,6.0809e-10,1,0
0.0059337,-0.308217,-0.0238625,-0.543022,3.70913,-51943.6,-1,8.94841e-11,1,0
0.00593425,-0.308021,-0.0240702,-0.542514,3.7061,-51905.7,-1,5.23171e-10,1,0
0.00593535,-0.307772,-0.0243983,-0.542749,3.70915,-51854,-1,6.85628e-10,1,0
0.00593602,-0.307758,-0.0236546,-0.542949,3.70915,-51845.7,-1,6.85628e-10,1,0
0.00593714,-0.307734,-0.0224267,-0.543281,3.70915,-51832.1,-1,6.85628e-10,1,0
0.00593808,-0.307768,-0.0220047,-0.54329,3.70826,-51829.5,-1,2.7743e-09,1,0
0.0059389,-0.307521,-0.0221524,-0.543341,3.70986,-51780.8,-1,4.88798e-10,1,0
0.00594005,-0.307743,-0.0217209,-0.544041,3.70972,-51808.2,-1,9.93092e-10,1,0
0.00594105,-0.308879,-0.0216938,-0.544215,3.71266,-51990.7,-1,1.14952e-09,1,0
0.00594174,-0.309447,-0.0217546,-0.544488,3.71192,-52080.2,-1,5.82793e-10,1,0
0.00594298,-0.309212,-0.0220156,-0.545077,3.71184,-52029.8,-1,3.89407e-10,1,0
0.00594404,-0.308975,-0.0209592,-0.544808,3.7118,-51980.7,-1,8.87513e-10,1,0
0.00594531,-0.307834,-0.0204585,-0.545547,3.71267,-51777.6,-1,1.44887e-09,1,0
0.00594695,-0.307983,-0.0186294,-0.545906,3.71266,-51788.4,-1,1.44887e-09,1,0
0.00594748,-0.308232,-0.0183545,-0.545904,3.71708,-51825.6,-1,2.45516e-10,1,0
0.0059488,-0.307812,-0.0190342,-0.545444,3.71549,-51743.6,-1,1.01604e-09,1,0
0.00594921,-0.307964,-0.0188714,-0.545161,3.71757,-51765.5,-1,2.58899e-10,1,0
0.00594991,-0.308271,-0.0185262,-0.545249,3.71838,-51811.1,-1,5.65238e-10,1,0
0.00595103,-0.308357,-0.0185251,-0.544034,3.71904,-51815.8,-1,1.44708e-09,1,0
0.00595192,-0.30833,-0.0182866,-0.544378,3.71744,-51803.5,-1,5.65e-10,1,0
0.00595347,-0.308227,-0.0199814,-0.543843,3.71708,-51772.7,-1,2.03161e-09,1,0
0.00595366,-0.308082,-0.0199847,-0.543829,3.71646,-51746.5,-1,5.54387e-12,1,0
0.00595589,-0.306349,-0.0183754,-0.542873,3.71963,-51436.3,-1,2.66215e-09,1,0
0.00595783,-0.305349,-0.0193717,-0.544582,3.71968,-51251.6,-1,2.66215e-09,1,0
0.00595923,-0.30546,-0.02019,-0.545203,3.71863,-51258.2,-1,3.22679e-10,1,0
0.0059601,-0.306264,-0.0202362,-0.544623,3.71859,-51385.7,-1,3.22679e-10,1,0
0.00596175,-0.306955,-0.0198906,-0.545088,3.71703,-51487.5,-1,1.0343e-09,1,0
0.00596255,-0.306237,-0.0201322,-0.545603,3.71707,-51360.1,-1,1.0343e-09,1,0
0.00596328,-0.305575,-0.0203547,-0.546078,3.71867,-51242.8,-1,1.7606e-09,1,0
0.00596545,-0.305409,-0.0202615,-0.548372,3.71795,-51196.3,-1,1.94422e-09,1,0
0.00596574,-0.305213,-0.0203754,-0.548608,3.71768,-51161,-1,2.35288e-11,1,0
0.00596777,-0.305204,-0.020885,-0.548853,3.71534,-51142,-1,1.29249e-09,1,0
0.00596883,-0.305635,-0.0206465,-0.548405,3.7177,-51205.3,-1,2.47108e-10,1,0
0.00596951,-0.305577,-0.0206977,-0.548606,3.71708,-51189.6,-1,3.63401e-10,1,0
0.00597064,-0.30615,-0.0216974,-0.5492,3.71829,-51275.9,-1,1.71355e-09,1,0
0.00597156,-0.305483,-0.0221272,-0.548936,3.71752,-51156.3,-1,7.64973e-10,1,0
0.00597288,-0.305217,-0.0228663,-0.548798,3.71747,-51100.4,-1,2.71338e-10,1,0
0.00597366,-0.304774,-0.0225939,-0.549021,3.71368,-51019.6,-1,6.15308e-10,1,0
0.00597437,-0.305023,-0.023025,-0.549114,3.71146,-51055.2,-1,3.05571e-11,1,0
0.00597555,-0.304853,-0.0220727,-0.550046,3.71146,-51016.7,-1,1.34328e-09,1,0
0.00597615,-0.305493,-0.0222297,-0.550158,3.71287,-51118.6,-1,4.41102e-11,1,0
0.00597772,-0.306559,-0.0233107,-0.55042,3.71439,-51283.7,-1,8.29884e-10,1,0
0.0059789,-0.306198,-0.0227551,-0.550744,3.7158,-51213.1,-1,3.01571e-10,1,0
0.0059798,-0.306315,-0.0221315,-0.551384,3.71638,-51225,-1,1.43736e-10,1,0
0.00598048,-0.306967,-0.022171,-0.551548,3.71547,-51328.1,-1,2.03659e-10,1,0
0.00598179,-0.307822,-0.022533,-0.552325,3.71097,-51459.9,-1,1.16514e-10,1,0
0.00598403,-0.306779,-0.0217846,-0.550916,3.71021,-51266.3,-1,7.76839e-10,1,0
0.00598503,-0.305651,-0.021874,-0.551109,3.70999,-51069.3,-1,1.69654e-09,1,0
0.00598683,-0.304223,-0.02126,-0.551117,3.71082,-50815.3,-1,1.34283e-09,1,0
0.00598829,-0.303874,-0.019689,-0.550654,3.71084,-50744.7,-1,1.34283e-09,1,0
0.00598978,-0.303646,-0.0183033,-0.549935,3.70897,-50694,-1,4.02228e-10,1,0
0.00599058,-0.304257,-0.0178127,-0.550339,3.7091,-50789.2,-1,5.08893e-10,1,0
0.00599189,-0.303756,-0.0189249,-0.549866,3.70543,-50694.6,-1,1.23837e-09,1,0
0.00599433,-0.30224,-0.0211501,-0.549123,3.70551,-50420.9,-1,1.23837e-09,1,0
0.0059958,-0.30137,-0.0223911,-0.548666,3.70536,-50263.5,-1,4.41185e-09,1,0
0.0059964,-0.301451,-0.0218147,-0.548347,3.70569,-50272,-1,1.91022e-11,1,0
0.00599685,-0.301585,-0.0217053,-0.548794,3.70337,-50290.6,-1,5.13539e-12,1,0
0.0059973,-0.301139,-0.0219399,-0.548718,3.70421,-50212.5,-1,5.0992e-10,1,0
0.00599779,-0.300934,-0.0214722,-0.548472,3.70358,-50174.1,-1,5.66803e-10,1,0
0.00599822,-0.301377,-0.0214184,-0.548322,3.70374,-50244.3,-1,4.19301e-10,1,0
0.00599903,-0.301746,-0.0212687,-0.547772,3.70514,-50299,-1,5.83602e-10,1,0
0.00600049,-0.301267,-0.0207607,-0.546261,3.70487,-50207,-1,1.66438e-09,1,0
0.00600136,-0.300484,-0.0202396,-0.545955,3.70491,-50069.3,-1,1.66438e-09,1,0
0.00600303,-0.298968,-0.0192301,-0.545362,3.70499,-49802.9,-1,1.66438e-09,1,0
0.00600371,-0.298748,-0.0190871,-0.545154,3.70333,-49760.5,-1,2.45727e-10,1,0
0.00600466,-0.298257,-0.0193265,-0.544225,3.70253,-49671,-1,3.06833e-10,1,0
0.00600644,-0.298406,-0.0196418,-0.54623,3.70298,-49680.9,-1,2.03575e-09,1,0
0.00600724,-0.298931,-0.0196467,-0.545545,3.7032,-49761.9,-1,2.49189e-10,1,0
0.00600943,-0.298181,-0.0186865,-0.544534,3.70233,-49618.8,-1,1.29251e-09,1,0
0.00601061,-0.297035,-0.0180462,-0.544819,3.70253,-49418.4,-1,8.80798e-10,1,0
0.00601103,-0.296627,-0.0178353,-0.544885,3.70092,-49347,-1,2.41924e-11,1,0
0.0060118,-0.297264,-0.0184138,-0.545043,3.70089,-49446.8,-1,2.41924e-11,1,0
0.00601314,-0.297919,-0.0182908,-0.546166,3.69705,-49544.7,-1,1.29219e-09,1,0
0.00601521,-0.299288,-0.0169598,-0.54478,3.7006,-49755.2,-1,7.05373e-10,1,0
0.0060168,-0.299401,-0.0172524,-0.543012,3.69857,-49760.8,-1,8.44225e-10,1,0
0.00601792,-0.299424,-0.0176946,-0.542512,3.69763,-49755.5,-1,8.06569e-11,1,0
0.00601986,-0.300238,-0.0195122,-0.543479,3.69759,-49874.7,-1,8.06569e-11,1,0
0.0060204,-0.300467,-0.0200233,-0.543751,3.69759,-49908.2,-1,3.26359e-09,1,0
0.00602132,-0.300853,-0.0208844,-0.544209,3.69826,-49964.6,-1,1.04886e-09,1,0
0.00602258,-0.301205,-0.0219077,-0.544866,3.69843,-50012.6,-1,1.16098e-09,1,0
0.0060232,-0.301458,-0.0217251,-0.544971,3.69652,-50049.4,-1,4.82719e-10,1,0
0.00602355,-0.301374,-0.0218579,-0.544756,3.69764,-50032.6,-1,3.28627e-10,1,0
0.00602499,-0.302767,-0.0222492,-0.54438,3.69622,-50251.9,-1,2.1982e-10,1,0
0.00602585,-0.302574,-0.022504,-0.543622,3.69617,-50212.7,-1,1.5131e-10,1,0
0.00602697,-0.303032,-0.0220969,-0.543975,3.69822,-50279.3,-1,4.59215e-11,1,0
0.00602808,-0.302404,-0.0222683,-0.543077,3.69876,-50165.8,-1,1.10198e-10,1,0
0.0060301,-0.300729,-0.0217958,-0.543647,3.70128,-49871.3,-1,9.6624e-10,1,0
0.00603144,-0.301753,-0.0225728,-0.542907,3.69986,-50030,-1,9.56636e-11,1,0
0.00603187,-0.302098,-0.0228375,-0.542689,3.7001,-50083.6,-1,1.63669e-09,1,0
0.00603217,-0.30216,-0.0229039,-0.542418,3.70006,-50091.4,-1,4.10036e-10,1,0
0.00603321,-0.302922,-0.0226986,-0.54193,3.70169,-50209,-1,8.37062e-10,1,0
0.00603364,-0.303397,-0.0225755,-0.541848,3.70167,-50284.2,-1,8.37062e-10,1,0
0.00603512,-0.304929,-0.0224452,-0.542015,3.70297,-50525.8,-1,7.98053e-11,1,0
0.00603609,-0.304535,-0.0234181,-0.541639,3.70193,-50452.4,-1,1.11518e-09,1,0
0.0060374,-0.304915,-0.0232225,-0.541214,3.70164,-50504.4,-1,5.35377e-10,1,0
0.00603913,-0.30632,-0.0230674,-0.539835,3.70056,-50722.5,-1,1.97451e-09,1,0
0.00603981,-0.306609,-0.0233774,-0.540417,3.69912,-50764.8,-1,6.45769e-10,1,0
0.00604057,-0.305989,-0.0230615,-0.540896,3.69716,-50655.7,-1,7.56975e-10,1,0
0.00604139,-0.306068,-0.0230158,-0.541833,3.69707,-50661.8,-1,9.41132e-10,1,0
0.00604262,-0.305959,-0.0241337,-0.542676,3.69707,-50633.4,-1,9.41132e-10,1,0
0.0060437,-0.305842,-0.0250511,-0.543333,3.69513,-50605.1,-1,2.57288e-09,1,0
0.00604603,-0.305845,-0.0247442,-0.541815,3.69059,-50586.1,-1,8.73712e-10,1,0
0.0060485,-0.304756,-0.0247842,-0.539218,3.68988,-50385.4,-1,2.81593e-09,1,0
0.00604951,-0.305334,-0.024018,-0.538883,3.69132,-50472.5,-1,9.8707e-10,1,0
0.00605082,-0.306446,-0.0246738,-0.538139,3.69296,-50645.4,-1,1.5443e-11,1,0
0.00605205,-0.307539,-0.0241023,-0.537875,3.69254,-50815.7,-1,8.69023e-10,1,0
0.00605345,-0.307851,-0.0239983,-0.538178,3.69237,-50855.4,-1,1.42415e-09,1,0
0.00605452,-0.308201,-0.0235382,-0.539046,3.69481,-50904.3,-1,1.00396e-09,1,0
0.00605515,-0.307626,-0.0234063,-0.538634,3.69546,-50804,-1,7.19538e-10,1,0
0.00605685,-0.307273,-0.0249821,-0.537561,3.69548,-50731.5,-1,7.19538e-10,1,0
0.00605731,-0.307177,-0.0254087,-0.537271,3.69526,-50711.8,-1,2.46389e-09,1,0
0.00605793,-0.30718,-0.0254564,-0.536575,3.69308,-50707.1,-1,3.24619e-12,1,0
0.00605908,-0.306887,-0.0242888,-0.537109,3.69285,-50649.1,-1,1.31696e-09,1,0
0.00606004,-0.306094,-0.0244789,-0.537744,3.69193,-50510.2,-1,1.04692e-09,1,0
0.00606097,-0.306499,-0.0247795,-0.53714,3.69118,-50569.3,-1,7.41354e-10,1,0
0.00606294,-0.307164,-0.0241635,-0.535863,3.69199,-50662.5,-1,4.7952e-10,1,0
0.00606459,-0.306653,-0.0233398,-0.534801,3.69264,-50564.6,-1,2.73322e-09,1,0
0.00606522,-0.306166,-0.0230355,-0.534471,3.69154,-50478.9,-1,1.01215e-10,1,0
0.00606706,-0.307667,-0.0225798,-0.534471,3.69189,-50710.9,-1,4.81118e-10,1,0
0.00606786,-0.308028,-0.0224846,-0.535181,3.69011,-50763.8,-1,7.36849e-10,1,0
0.00606867,-0.308301,-0.0231342,-0.534802,3.6908,-50802,-1,2.40755e-10,1,0
0.00606914,-0.308339,-0.0234446,-0.53476,3.69288,-50804.3,-1,2.07665e-10,1,0
0.00606957,-0.308749,-0.0234464,-0.5345,3.69286,-50868.4,-1,2.07665e-10,1,0
0.00607032,-0.309336,-0.0237331,-0.533998,3.6924,-50958.8,-1,2.59911e-11,1,0
0.00607094,-0.309779,-0.024046,-0.533545,3.69124,-51026.6,-1,1.4185e-10,1,0
0.00607102,-0.309784,-0.0240501,-0.533516,3.69054,-51026.6,-1,1.51058e-11,1,0
0.00607193,-0.309746,-0.0238012,-0.533952,3.69155,-51012.7,-1,7.69487e-10,1,0
0.00607342,-0.309429,-0.0236297,-0.53539,3.69204,-50948.1,-1,9.07611e-10,1,0
0.00607383,-0.309509,-0.0237728,-0.53521,3.69553,-50957.8,-1,1.61225e-10,1,0
0.00607481,-0.310072,-0.024381,-0.53471,3.69455,-51042.3,-1,2.14515e-10,1,0
0.00607543,-0.31045,-0.0246564,-0.535127,3.69363,-51099.3,-1,1.0313e-09,1,0
0.00607623,-0.310989,-0.0242969,-0.535621,3.69239,-51181.3,-1,8.19445e-10,1,0
0.00607773,-0.312352,-0.0248546,-0.53592,3.69124,-51392.9,-1,8.16486e-11,1,0
0.00607818,-0.312177,-0.0249159,-0.535839,3.68801,-51360.3,-1,3.33683e-10,1,0
0.00607889,-0.311774,-0.0250436,-0.535498,3.68649,-51287.9,-1,6.54104e-10,1,0
0.0060797,-0.311882,-0.0242587,-0.535969,3.68648,-51298.8,-1,6.54104e-10,1,0
0.00608121,-0.312083,-0.0228003,-0.536844,3.6852,-51319.2,-1,2.79523e-09,1,0
0.00608151,-0.3122,-0.0228603,-0.536746,3.68559,-51336,-1,1.31744e-10,1,0
0.00608356,-0.311587,-0.0232455,-0.538296,3.68506,-51217.9,-1,9.23938e-10,1,0
0.00608387,-0.311478,-0.0233141,-0.53845,3.68745,-51197.3,-1,1.25838e-10,1,0
0.00608441,-0.311305,-0.0232083,-0.539012,3.6871,-51164.5,-1,8.1817e-10,1,0
0.00608477,-0.311325,-0.0229663,-0.538997,3.68642,-51164.6,-1,1.23038e-10,1,0
0.0060859,-0.312025,-0.0231685,-0.53829,3.68633,-51270.2,-1,6.58776e-10,1,0
0.00608831,-0.311334,-0.0253275,-0.537385,3.68655,-51136.3,-1,7.39348e-10,1,0
0.00608872,-0.311213,-0.02516,-0.53706,3.687,-51113,-1,3.82718e-10,1,0
0.00608892,-0.311083,-0.0249689,-0.537029,3.687,-51090,-1,3.82718e-10,1,0
0.00609017,-0.311206,-0.024988,-0.53689,3.68657,-51099.7,-1,2.54963e-10,1,0
0.00609178,-0.3115,-0.0249209,-0.537937,3.68615,-51134.6,-1,1.11675e-09,1,0
0.00609256,-0.31125,-0.0249135,-0.537887,3.6846,-51086.8,-1,8.41364e-11,1,0
0.00609431,-0.309468,-0.0249393,-0.538032,3.68562,-50779.8,-1,2.03886e-10,1,0
0.00609501,-0.308686,-0.0250369,-0.538123,3.68285,-50645.6,-1,2.58081e-09,1,0
0.00609608,-0.309668,-0.0253645,-0.538775,3.6828,-50797.9,-1,2.58081e-09,1,0
0.00609744,-0.310908,-0.0257779,-0.539596,3.68132,-50989.9,-1,2.7668e-09,1,0
0.00609816,-0.310618,-0.0263666,-0.539409,3.67808,-50936.4,-1,1.16421e-11,1,0
0.0061001,-0.310051,-0.0253722,-0.538371,3.6757,-50827.2,-1,1.05125e-09,1,0
0.00610214,-0.309622,-0.0260753,-0.539522,3.67877,-50739.9,-1,9.57952e-10,1,0
0.00610354,-0.309893,-0.0259512,-0.540242,3.6802,-50772.7,-1,5.1245e-10,1,0
0.00610481,-0.311021,-0.0251459,-0.539819,3.68015,-50946.8,-1,5.1245e-10,1,0
0.00610571,-0.311523,-0.0252334,-0.539373,3.67652,-51021.7,-1,4.89484e-10,1,0
0.00610595,-0.311273,-0.0253368,-0.539327,3.67653,-50978.7,-1,4.89484e-10,1,0
0.00610624,-0.310966,-0.0254639,-0.539271,3.67654,-50925.9,-1,4.89484e-10,1,0
0.00610684,-0.311138,-0.0256867,-0.539556,3.67377,-50949.1,-1,1.70066e-10,1,0
0.00610839,-0.310569,-0.0242076,-0.538797,3.6738,-50843.1,-1,1.70066e-10,1,0
0.00610888,-0.310408,-0.0237991,-0.538555,3.67212,-50812.5,-1,6.79177e-11,1,0
0.00611028,-0.309509,-0.0230156,-0.537668,3.67207,-50653.8,-1,7.86839e-10,1,0
0.00611174,-0.308193,-0.0222628,-0.536979,3.67214,-50426.3,-1,7.86839e-10,1,0
0.00611411,-0.306467,-0.0218298,-0.537738,3.67291,-50124.5,-1,3.8705e-09,1,0
0.00611499,-0.305949,-0.0219071,-0.538586,3.67091,-50032.7,-1,1.89008e-10,1,0
0.00611624,-0.304995,-0.0218273,-0.537664,3.66884,-49866.3,-1,6.08579e-10,1,0
0.00611802,-0.304557,-0.0225604,-0.537764,3.67221,-49780.3,-1,7.73041e-10,1,0
0.00611838,-0.304596,-0.022866,-0.537872,3.6738,-49783.8,-1,3.11155e-10,1,0
0.00611925,-0.304823,-0.0234321,-0.537096,3.67414,-49813.8,-1,1.08423e-09,1,0
0.00612023,-0.304903,-0.0236578,-0.536656,3.67334,-49818.9,-1,2.33756e-10,1,0
0.00612076,-0.305424,-0.0235506,-0.536947,3.67331,-49899.6,-1,2.33756e-10,1,0
0.0061217,-0.304775,-0.0236299,-0.536103,3.67138,-49786,-1,1.06713e-09,1,0
0.00612268,-0.305511,-0.0236909,-0.535509,3.67064,-49898.3,-1,1.13665e-11,1,0
0.00612273,-0.305547,-0.0236902,-0.535471,3.66879,-49903.8,-1,1.00532e-09,1,0
0.00612386,-0.305685,-0.024908,-0.535592,3.6683,-49917,-1,4.87146e-10,1,0
0.00612584,-0.304352,-0.0262404,-0.536575,3.66591,-49683.3,-1,9.60701e-10,1,0
0.00612687,-0.303534,-0.0256997,-0.536828,3.66736,-49541.5,-1,7.97902e-10,1,0
0.00612783,-0.303866,-0.0254493,-0.536418,3.67103,-49587.8,-1,7.91284e-10,1,0
0.00612876,-0.30378,-0.0264777,-0.53621,3.67087,-49566.3,-1,1.05288e-09,1,0
0.00613001,-0.3044,-0.0265153,-0.537446,3.67183,-49657.4,-1,1.98038e-11,1,0
0.00613178,-0.303753,-0.0262169,-0.536973,3.6684,-49537.5,-1,8.48854e-10,1,0
0.00613341,-0.302581,-0.0255489,-0.535697,3.66845,-49333.2,-1,8.48854e-10,1,0
0.0061337,-0.302371,-0.0254335,-0.535473,3.66765,-49296.6,-1,2.3276e-09,1,0
0.00613509,-0.300934,-0.0259928,-0.535534,3.6684,-49051.3,-1,1.44858e-09,1,0
0.00613652,-0.300281,-0.0259655,-0.534314,3.66629,-48933.4,-1,2.97591e-10,1,0
0.0061383,-0.299608,-0.0262466,-0.532438,3.6661,-48809.6,-1,3.28685e-09,1,0
0.00613961,-0.299718,-0.026527,-0.532272,3.66863,-48817.2,-1,7.89649e-10,1,0
0.00614052,-0.300259,-0.0267495,-0.53309,3.6698,-48897.9,-1,1.71626e-09,1,0
0.00614083,-0.300004,-0.0267066,-0.532899,3.66721,-48853.9,-1,3.12141e-10,1,0
0.0061417,-0.299105,-0.0268956,-0.533134,3.66694,-48700.7,-1,1.18641e-10,1,0
0.00614227,-0.299292,-0.0267711,-0.533193,3.6657,-48726.6,-1,2.07405e-10,1,0
0.00614402,-0.300447,-0.0253763,-0.532658,3.66885,-48900.7,-1,6.72021e-11,1,0
0.00614509,-0.301389,-0.0248616,-0.533223,3.6688,-49045.5,-1,6.72021e-11,1,0
0.00614544,-0.301705,-0.024689,-0.533413,3.66879,-49094.1,-1,6.72021e-11,1,0
0.00614639,-0.302014,-0.02498,-0.53377,3.67025,-49136.9,-1,5.38379e-10,1,0
0.00614714,-0.301902,-0.025793,-0.534021,3.67025,-49112.6,-1,5.38379e-10,1,0
0.00614825,-0.302586,-0.0266797,-0.533872,3.67096,-49214.9,-1,1.1369e-09,1,0
0.00614969,-0.301722,-0.0274504,-0.534729,3.67119,-49062.9,-1,1.13546e-09,1,0
0.00615034,-0.301486,-0.0278896,-0.534968,3.67243,-49019.4,-1,1.30569e-10,1,0
0.00615262,-0.301033,-0.0296139,-0.535635,3.6704,-48927.6,-1,1.29254e-09,1,0
0.00615317,-0.300802,-0.0290488,-0.535738,3.66818,-48885.7,-1,3.93625e-10,1,0
0.00615335,-0.300848,-0.0292336,-0.535685,3.66845,-48891.8,-1,5.64885e-11,1,0
0.00615498,-0.300641,-0.0306323,-0.535315,3.66829,-48845.2,-1,2.51342e-10,1,0
0.00615561,-0.300393,-0.0313015,-0.535352,3.66831,-48799.9,-1,2.51342e-10,1,0
0.00615661,-0.300236,-0.0321415,-0.535077,3.66588,-48766.4,-1,2.77084e-10,1,0
0.00615762,-0.300542,-0.0312077,-0.535187,3.66447,-48808.1,-1,1.00301e-09,1,0
0.00615909,-0.299712,-0.0309651,-0.534602,3.66403,-48661.7,-1,1.28505e-09,1,0
0.00615945,-0.299891,-0.0307158,-0.534419,3.66333,-48687.9,-1,3.12629e-10,1,0
0.00616063,-0.300786,-0.0312753,-0.534413,3.66356,-48823.9,-1,4.10876e-10,1,0
0.00616162,-0.301663,-0.0313739,-0.534683,3.66156,-48958.4,-1,1.63631e-09,1,0
0.00616224,-0.301231,-0.0309808,-0.534901,3.66089,-48883.3,-1,2.42797e-10,1,0
0.00616327,-0.300487,-0.0301445,-0.535219,3.66178,-48754.4,-1,1.78441e-09,1,0
0.00616397,-0.300611,-0.0305484,-0.535402,3.65986,-48769.1,-1,2.55741e-10,1,0
0.00616432,-0.300806,-0.0306624,-0.535346,3.65841,-48797.9,-1,6.8572e-10,1,0
0.00616527,-0.299838,-0.0302161,-0.535481,3.65906,-48633.3,-1,1.15992e-09,1,0
0.00616688,-0.300813,-0.0307453,-0.535188,3.65668,-48778.8,-1,1.2925e-09,1,0
0.00616861,-0.30039,-0.030855,-0.536413,3.65612,-48696.5,-1,5.72245e-10,1,0
0.00616951,-0.299697,-0.0308469,-0.537161,3.65498,-48577.2,-1,2.41014e-09,1,0
0.00616991,-0.299901,-0.0311824,-0.537151,3.65526,-48607.1,-1,3.89062e-10,1,0
0.00617026,-0.300111,-0.0308577,-0.5372,3.65579,-48638.3,-1,6.2268e-11,1,0
0.00617104,-0.300061,-0.0315275,-0.537079,3.65583,-48624,-1,7.00019e-10,1,0
0.00617255,-0.300808,-0.0319413,-0.538566,3.65537,-48733.2,-1,5.36666e-10,1,0
0.00617296,-0.300865,-0.0319451,-0.538498,3.65563,-48739.2,-1,2.43307e-10,1,0
0.00617354,-0.301239,-0.0321512,-0.538968,3.65587,-48795.2,-1,2.72236e-11,1,0
0.00617546,-0.302216,-0.033338,-0.5405,3.65347,-48938.3,-1,8.20071e-10,1,0
0.00617655,-0.303177,-0.0337118,-0.540688,3.65429,-49085.2,-1,1.21024e-10,1,0
0.00617672,-0.30335,-0.0337325,-0.540701,3.65639,-49111.9,-1,7.86102e-12,1,0
0.00617882,-0.304491,-0.0342678,-0.540364,3.65824,-49279.8,-1,5.13446e-10,1,0
0.00617966,-0.305032,-0.0349039,-0.539892,3.65821,-49360.6,-1,5.13446e-10,1,0
0.00618053,-0.305134,-0.035176,-0.539315,3.65604,-49370.2,-1,3.93466e-10,1,0
0.00618091,-0.305072,-0.0352636,-0.539073,3.65008,-49357.1,-1,8.46132e-11,1,0
0.00618236,-0.304605,-0.0347802,-0.54011,3.6472,-49270,-1,1.36693e-09,1,0
0.00618307,-0.305311,-0.0346133,-0.539754,3.64769,-49378.5,-1,6.47459e-11,1,0
0.00618485,-0.306074,-0.0347773,-0.540063,3.64513,-49487.7,-1,7.17411e-10,1,0
0.00618636,-0.306569,-0.0349386,-0.540145,3.6469,-49555.6,-1,7.5376e-10,1,0
0.00618817,-0.305927,-0.0347453,-0.541523,3.64659,-49437.4,-1,1.4708e-09,1,0
0.00619027,-0.30435,-0.035138,-0.541879,3.64732,-49165.9,-1,1.08698e-09,1,0
0.00619106,-0.303604,-0.0349495,-0.54142,3.64736,-49039.2,-1,1.08698e-09,1,0
0.00619222,-0.302515,-0.0346742,-0.540749,3.64741,-48854.1,-1,1.08698e-09,1,0
0.00619336,-0.301481,-0.0345264,-0.540126,3.64829,-48678.1,-1,3.3892e-09,1,0
0.00619396,-0.301196,-0.0351366,-0.540031,3.64842,-48627.3,-1,7.93698e-10,1,0
0.00619475,-0.300819,-0.0359404,-0.539906,3.64955,-48560.3,-1,8.96268e-10,1,0
0.00619618,-0.299623,-0.0365869,-0.53912,3.64785,-48356.1,-1,6.79234e-11,1,0
0.00619733,-0.300175,-0.0372526,-0.538152,3.64819,-48436.2,-1,7.53565e-10,1,0
0.00619881,-0.300889,-0.0381126,-0.536901,3.64815,-48539.7,-1,7.53565e-10,1,0
0.00620071,-0.301879,-0.037443,-0.536041,3.64477,-48684.6,-1,1.29232e-09,1,0
0.00620124,-0.302211,-0.0372167,-0.535588,3.64475,-48734,-1,1.29232e-09,1,0
0.00620187,-0.302565,-0.0370957,-0.535086,3.64714,-48786.1,-1,1.19906e-09,1,0
0.00620219,-0.302657,-0.0373986,-0.53491,3.64522,-48798.5,-1,6.34149e-12,1,0
0.00620278,-0.302502,-0.0376617,-0.534987,3.64375,-48768.8,-1,4.84403e-10,1,0
0.00620369,-0.302006,-0.0384553,-0.535419,3.64558,-48681.6,-1,6.08934e-10,1,0
0.00620493,-0.301983,-0.0375772,-0.536294,3.64677,-48668.3,-1,6.72204e-10,1,0
0.00620567,-0.302102,-0.0367897,-0.536533,3.64703,-48681.6,-1,8.31539e-10,1,0
0.00620684,-0.302487,-0.0371537,-0.536097,3.64512,-48734.4,-1,3.66797e-10,1,0
0.00620784,-0.30299,-0.0380013,-0.53555,3.6451,-48807.7,-1,3.66797e-10,1,0
0.00620834,-0.303245,-0.0384302,-0.535273,3.64638,-48844.7,-1,2.33196e-10,1,0
0.00620931,-0.303495,-0.0380931,-0.536232,3.64769,-48877.5,-1,4.4271e-10,1,0
0.00621112,-0.304457,-0.0396924,-0.535382,3.64764,-49018.1,-1,4.4271e-10,1,0
0.00621153,-0.304676,-0.0400573,-0.535189,3.64879,-49050.1,-1,8.10466e-11,1,0
0.00621226,-0.304967,-0.0406801,-0.534837,3.64818,-49091.2,-1,8.67193e-11,1,0
0.00621416,-0.303154,-0.0398397,-0.535174,3.64874,-48784.3,-1,6.29221e-10,1,0
0.00621535,-0.303322,-0.0391162,-0.536307,3.64873,-48802.1,-1,6.29221e-10,1,0
0.00621652,-0.303486,-0.0384114,-0.537411,3.64873,-48819.3,-1,6.29221e-10,1,0
0.00621721,-0.303573,-0.0379862,-0.537969,3.6485,-48827.8,-1,3.40026e-09,1,0
0.00621772,-0.303542,-0.0376349,-0.53752,3.6485,-48818.8,-1,3.40026e-09,1,0
0.00621957,-0.302392,-0.0363765,-0.537978,3.64797,-48619.5,-1,1.13446e-09,1,0
0.00622058,-0.301283,-0.0362995,-0.537856,3.64825,-48433.3,-1,9.19546e-10,1,0
0.00622083,-0.301237,-0.0362623,-0.537672,3.6453,-48424,-1,6.51292e-11,1,0
0.00622303,-0.302017,-0.0358741,-0.537809,3.64674,-48532.1,-1,1.43574e-09,1,0
0.00622366,-0.302291,-0.0364637,-0.537507,3.64673,-48571.2,-1,1.43574e-09,1,0
0.00622448,-0.302375,-0.0365875,-0.536858,3.64568,-48578.3,-1,2.17346e-09,1,0
0.00622539,-0.302538,-0.0363797,-0.535926,3.64515,-48597.4,-1,1.06621e-09,1,0
0.00622639,-0.303068,-0.0363839,-0.534927,3.64512,-48674.7,-1,1.06621e-09,1,0
0.00622814,-0.302721,-0.0377144,-0.533892,3.64309,-48605.5,-1,6.29356e-10,1,0
0.0062295,-0.303102,-0.0391623,-0.533503,3.64319,-48655.9,-1,6.19945e-12,1,0
0.00623157,-0.303678,-0.0413588,-0.53292,3.64316,-48732.2,-1,6.19945e-12,1,0
0.00623261,-0.303966,-0.0424571,-0.532628,3.64305,-48770.3,-1,5.05975e-09,1,0
0.0062332,-0.303632,-0.0418893,-0.532506,3.64307,-48712,-1,5.05975e-09,1,0
0.00623424,-0.302838,-0.0412889,-0.53307,3.64383,-48576.5,-1,7.64467e-10,1,0
0.00623438,-0.302727,-0.0412117,-0.533156,3.64259,-48557.6,-1,1.24032e-09,1,0
0.00623658,-0.300942,-0.0400324,-0.534214,3.64308,-48254.3,-1,2.14287e-09,1,0
0.00623898,-0.298582,-0.0388888,-0.533483,3.64102,-47857.5,-1,3.07104e-09,1,0
0.00624041,-0.299805,-0.0396107,-0.533543,3.64135,-48042.5,-1,3.95081e-10,1,0
0.00624106,-0.299887,-0.039854,-0.533559,3.63792,-48050.6,-1,2.1661e-10,1,0
0.00624275,-0.298189,-0.0393934,-0.533578,3.63753,-47765.7,-1,1.41847e-09,1,0
0.00624338,-0.298403,-0.0391486,-0.533736,3.63706,-47795.2,-1,2.54969e-10,1,0
0.00624524,-0.299623,-0.0397803,-0.53361,3.63543,-47976.2,-1,1.3178e-10,1,0
0.00624639,-0.299864,-0.0398796,-0.533235,3.6369,-48006.1,-1,4.42372e-10,1,0
0.00624699,-0.300133,-0.0394597,-0.532802,3.63842,-48044.4,-1,2.22701e-10,1,0
0.00624752,-0.300262,-0.0393778,-0.532376,3.63787,-48060.9,-1,3.97495e-11,1,0
0.00624811,-0.300323,-0.0389077,-0.531909,3.63763,-48066.1,-1,2.21402e-11,1,0
0.00624889,-0.300772,-0.0386167,-0.532007,3.63805,-48132.1,-1,5.39668e-10,1,0
0.006249,-0.300682,-0.0386814,-0.532063,3.63805,-48116.9,-1,5.39668e-10,1,0
0.00624963,-0.300553,-0.0392537,-0.531892,3.63762,-48091.3,-1,2.96885e-10,1,0
0.00625008,-0.30074,-0.0391637,-0.531788,3.63725,-48117.8,-1,2.81653e-10,1,0
0.00625053,-0.300734,-0.0394732,-0.531399,3.63566,-48113.4,-1,7.04044e-10,1,0
0.00625121,-0.300907,-0.0393761,-0.531762,3.63657,-48135.8,-1,5.84449e-10,1,0
0.00625264,-0.300121,-0.0396211,-0.531071,3.63515,-47999.1,-1,3.34534e-10,1,0
0.00625409,-0.299783,-0.0383947,-0.530464,3.63547,-47933.8,-1,1.69151e-10,1,0
0.00625564,-0.299917,-0.0381115,-0.529093,3.63459,-47943.4,-1,6.14157e-11,1,0
0.00625653,-0.300211,-0.0372048,-0.529402,3.63457,-47983.7,-1,6.14157e-11,1,0
0.00625746,-0.299972,-0.0372291,-0.528452,3.63859,-47938.4,-1,1.00152e-09,1,0
0.00625791,-0.299986,-0.0373082,-0.528954,3.63781,-47937.1,-1,5.07791e-10,1,0
0.00625806,-0.299978,-0.0371535,-0.52901,3.63678,-47934.7,-1,1.64866e-10,1,0
0.00625859,-0.299512,-0.0372907,-0.528643,3.63681,-47856.1,-1,1.64866e-10,1,0
0.00625908,-0.299095,-0.0374137,-0.528315,3.63641,-47785.7,-1,1.15374e-09,1,0
0.00626062,-0.298472,-0.0369273,-0.528724,3.63482,-47674.5,-1,1.01994e-09,1,0
0.00626173,-0.297993,-0.0362389,-0.527947,3.63658,-47589.6,-1,3.35143e-10,1,0
0.00626287,-0.297628,-0.0369628,-0.527082,3.63847,-47522.6,-1,1.02576e-09,1,0
0.00626467,-0.296973,-0.0355631,-0.527009,3.63888,-47404.4,-1,7.46485e-10,1,0
0.00626491,-0.296782,-0.0354287,-0.527063,3.63956,-47372.1,-1,5.66631e-11,1,0
0.00626552,-0.296347,-0.0353626,-0.527464,3.64044,-47298.1,-1,6.08591e-10,1,0
0.00626644,-0.296812,-0.0348181,-0.527483,3.63989,-47365.3,-1,5.73171e-10,1,0
0.00626724,-0.296256,-0.0347787,-0.527294,3.63964,-47270.6,-1,3.1756e-10,1,0
0.00626871,-0.296926,-0.0339697,-0.526532,3.63996,-47366.4,-1,1.02935e-09,1,0
0.00627051,-0.298357,-0.032878,-0.525583,3.64308,-47581.1,-1,3.38328e-09,1,0
0.00627078,-0.298423,-0.0330386,-0.525839,3.64357,-47589.4,-1,3.09437e-10,1,0
0.00627156,-0.298667,-0.0327912,-0.526259,3.64463,-47622.5,-1,3.36606e-10,1,0
0.0062728,-0.29888,-0.0329133,-0.525185,3.64306,-47647,-1,3.41247e-10,1,0
0.00627367,-0.298901,-0.0329946,-0.524382,3.64369,-47643.6,-1,2.03607e-09,1,0
0.00627448,-0.299229,-0.0332885,-0.524011,3.64466,-47689.8,-1,3.38973e-10,1,0
0.00627578,-0.300237,-0.033881,-0.52319,3.64397,-47840.6,-1,1.20334e-11,1,0
0.00627656,-0.300891,-0.0340886,-0.52266,3.64361,-47938.8,-1,1.81394e-09,1,0
0.00627671,-0.301022,-0.0340629,-0.522549,3.64476,-47958.6,-1,3.70582e-10,1,0
0.00627718,-0.300713,-0.034123,-0.522364,3.64485,-47905.8,-1,6.31864e-11,1,0
0.00627821,-0.300661,-0.0339163,-0.522795,3.64465,-47889.7,-1,2.83955e-10,1,0
0.00627886,-0.30056,-0.0345519,-0.523162,3.64513,-47868.6,-1,7.4108e-10,1,0
0.00628028,-0.300877,-0.0359961,-0.522962,3.64653,-47908.1,-1,3.17133e-10,1,0
0.00628159,-0.300873,-0.0351463,-0.522962,3.64457,-47897.5,-1,9.95611e-10,1,0
0.00628205,-0.300893,-0.0351554,-0.523474,3.64446,-47897.2,-1,6.29449e-10,1,0
0.00628268,-0.300675,-0.0354045,-0.524099,3.6436,-47857.8,-1,7.58183e-10,1,0
0.00628396,-0.301503,-0.0359504,-0.525168,3.64356,-47979.8,-1,7.58183e-10,1,0
0.00628508,-0.301336,-0.0355484,-0.525776,3.64454,-47944.7,-1,7.7479e-10,1,0
0.00628647,-0.301141,-0.0362009,-0.525252,3.6453,-47903.1,-1,1.04605e-09,1,0
0.00628715,-0.30067,-0.0361435,-0.524769,3.64362,-47822.9,-1,1.51023e-11,1,0
0.00628766,-0.300403,-0.0356624,-0.524952,3.64364,-47776.6,-1,1.51023e-11,1,0
0.00628977,-0.300537,-0.0349118,-0.523642,3.63894,-47781.9,-1,1.41638e-09,1,0
0.00629084,-0.30057,-0.0346276,-0.522694,3.63801,-47778.9,-1,3.31841e-10,1,0
0.00629177,-0.300537,-0.0355528,-0.522481,3.63866,-47766.8,-1,8.31811e-10,1,0
0.00629281,-0.301623,-0.0353968,-0.522477,3.63814,-47931.4,-1,6.05352e-10,1,0
0.00629329,-0.301925,-0.0350344,-0.522221,3.63809,-47975.7,-1,4.77879e-10,1,0
0.00629434,-0.30194,-0.0339672,-0.52192,3.64026,-47970,-1,4.00855e-10,1,0
0.00629494,-0.301958,-0.0345273,-0.521999,3.63839,-47968.4,-1,3.98426e-10,1,0
0.00629626,-0.300962,-0.0341718,-0.521539,3.63008,-47800.1,-1,6.44365e-10,1,0
0.00629737,-0.301066,-0.0354008,-0.521305,3.62983,-47808.2,-1,6.16575e-10,1,0
0.00629854,-0.301629,-0.0354616,-0.520135,3.63032,-47888.8,-1,6.67191e-10,1,0
0.00630023,-0.302458,-0.0355105,-0.518416,3.63028,-48007.4,-1,6.67191e-10,1,0
0.00630063,-0.302596,-0.0355835,-0.518017,3.63066,-48026.3,-1,1.04635e-10,1,0
0.00630101,-0.302718,-0.0356242,-0.517962,3.62716,-48042.8,-1,7.64886e-12,1,0
0.00630175,-0.301963,-0.0352514,-0.517903,3.6272,-47917.4,-1,7.64886e-12,1,0
0.00630227,-0.301441,-0.0349934,-0.517863,3.62723,-47830.5,-1,7.64886e-12,1,0
0.00630292,-0.300787,-0.0346707,-0.517812,3.62726,-47721.9,-1,7.64886e-12,1,0
0.00630374,-0.30051,-0.0342265,-0.517595,3.62638,-47671.7,-1,3.46057e-10,1,0
0.00630445,-0.301038,-0.0337428,-0.517601,3.62698,-47750.1,-1,1.50324e-10,1,0
0.00630516,-0.300922,-0.0335589,-0.517603,3.62878,-47726.3,-1,1.21529e-10,1,0
0.00630609,-0.30088,-0.0339467,-0.518057,3.63002,-47712.5,-1,6.62342e-10,1,0
0.00630749,-0.301252,-0.0343311,-0.516895,3.63199,-47761.1,-1,3.09425e-10,1,0
0.00630821,-0.30153,-0.0343368,-0.516987,3.63594,-47799.6,-1,2.96837e-10,1,0
0.0063096,-0.300734,-0.0331984,-0.517713,3.63598,-47662.9,-1,2.96837e-10,1,0
0.00631061,-0.300149,-0.0323624,-0.518246,3.63545,-47562.6,-1,2.71842e-09,1,0
0.00631137,-0.299715,-0.0317426,-0.518641,3.63546,-47488.2,-1,8.53428e-10,1,0
0.00631335,-0.301457,-0.0314783,-0.517796,3.63781,-47749.2,-1,1.46148e-09,1,0
0.00631493,-0.302169,-0.0314727,-0.516149,3.63778,-47849.8,-1,1.46148e-09,1,0
0.0063156,-0.301916,-0.0314336,-0.515766,3.6403,-47804.9,-1,1.29484e-10,1,0
0.00631623,-0.301417,-0.031215,-0.515387,3.64012,-47721,-1,5.68636e-10,1,0
0.0063176,-0.300518,-0.0307644,-0.514206,3.63974,-47568.4,-1,2.02412e-09,1,0
0.00631836,-0.300722,-0.0303812,-0.514774,3.63984,-47595,-1,4.48789e-10,1,0
0.00632008,-0.302011,-0.0298075,-0.515784,3.63922,-47785.9,-1,2.80047e-10,1,0
0.00632082,-0.302267,-0.0295107,-0.516524,3.63921,-47820.8,-1,2.80047e-10,1,0
0.00632197,-0.302564,-0.0290646,-0.517529,3.64067,-47859.2,-1,2.6319e-09,1,0
0.00632226,-0.302343,-0.0289018,-0.517396,3.64095,-47821.9,-1,1.46437e-10,1,0
0.00632348,-0.302272,-0.0282573,-0.518105,3.64138,-47801.6,-1,1.7164e-10,1,0
0.00632531,-0.303449,-0.0294807,-0.518121,3.63993,-47973.7,-1,1.73288e-09,1,0
0.00632586,-0.303165,-0.0295388,-0.518426,3.64061,-47924.7,-1,4.31415e-10,1,0
0.00632607,-0.303177,-0.0297451,-0.518463,3.63963,-47925.1,-1,1.84058e-11,1,0
0.00632724,-0.303695,-0.0302122,-0.519525,3.63689,-47998.1,-1,2.29068e-11,1,0
0.00632829,-0.303486,-0.0300831,-0.51836,3.6369,-47956.9,-1,2.29068e-11,1,0
0.00632855,-0.303434,-0.0300516,-0.518076,3.63604,-47946.9,-1,1.48101e-09,1,0
0.00633009,-0.303866,-0.0286505,-0.518927,3.63453,-48003.5,-1,1.66613e-09,1,0
0.00633117,-0.303071,-0.0291308,-0.519329,3.63414,-47869.6,-1,2.0683e-10,1,0
0.00633215,-0.302732,-0.0282963,-0.519478,3.63423,-47808.8,-1,9.57929e-10,1,0
0.00633311,-0.302379,-0.0281867,-0.51846,3.63425,-47745.7,-1,9.57929e-10,1,0
0.00633412,-0.302004,-0.0280703,-0.51738,3.63317,-47678.9,-1,2.23228e-09,1,0
0.00633574,-0.301267,-0.0268368,-0.517334,3.63535,-47550.4,-1,1.56622e-09,1,0
0.00633675,-0.300498,-0.0263931,-0.516749,3.63448,-47421.4,-1,8.15484e-10,1,0
0.00633804,-0.30059,-0.025119,-0.516684,3.63456,-47426.3,-1,9.43729e-10,1,0
0.00633853,-0.300583,-0.0251518,-0.516495,3.63644,-47421.6,-1,2.8862e-10,1,0
0.00633969,-0.301548,-0.0252537,-0.516015,3.63603,-47565.1,-1,8.56061e-10,1,0
0.00634013,-0.301711,-0.0250998,-0.515568,3.63485,-47587.5,-1,9.50754e-10,1,0
0.00634069,-0.301998,-0.0254216,-0.515715,3.63737,-47628.6,-1,1.81668e-10,1,0
0.00634108,-0.302104,-0.0257961,-0.515925,3.63752,-47642.3,-1,8.00023e-10,1,0
0.00634247,-0.302634,-0.026843,-0.516322,3.63596,-47715.5,-1,3.06848e-10,1,0
0.00634311,-0.302149,-0.0268211,-0.515977,3.63671,-47634.2,-1,9.22673e-11,1,0
0.00634406,-0.301345,-0.026106,-0.515935,3.63757,-47500.4,-1,1.07658e-09,1,0
0.00634514,-0.300616,-0.0257251,-0.515293,3.63553,-47377.3,-1,3.83051e-10,1,0
0.00634597,-0.30067,-0.0256076,-0.514766,3.6417,-47379.7,-1,5.53585e-10,1,0
0.00634748,-0.299694,-0.0267508,-0.51554,3.63961,-47214.7,-1,1.58486e-09,1,0
0.00634808,-0.299658,-0.0269281,-0.515105,3.64043,-47204.5,-1,9.73816e-11,1,0
0.0063493,-0.298823,-0.0277961,-0.514442,3.64047,-47064,-1,9.73816e-11,1,0
0.00635077,-0.298342,-0.0268768,-0.514291,3.64074,-46977.3,-1,1.82314e-09,1,0
0.00635121,-0.298325,-0.0265674,-0.514319,3.64045,-46971.3,-1,9.75244e-11,1,0
0.00635168,-0.2979,-0.0266018,-0.514151,3.64293,-46900.9,-1,1.17408e-10,1,0
0.00635226,-0.297948,-0.0267803,-0.513658,3.64224,-46904.2,-1,5.70307e-10,1,0
0.00635243,-0.297935,-0.0267336,-0.51358,3.64176,-46901,-1,3.49386e-11,1,0
0.00635416,-0.298103,-0.0264763,-0.514467,3.64231,-46914.6,-1,3.49104e-10,1,0
0.00635489,-0.298026,-0.0264069,-0.513651,3.64195,-46897.2,-1,7.02238e-10,1,0
0.00635592,-0.298486,-0.0273508,-0.514178,3.64195,-46961.9,-1,2.26957e-10,1,0
0.0063581,-0.296628,-0.0260337,-0.513982,3.64413,-46653.6,-1,1.04424e-09,1,0
0.00635894,-0.296234,-0.0254091,-0.514271,3.6441,-46585.4,-1,2.84484e-09,1,0
0.00635993,-0.296209,-0.0246159,-0.515052,3.64283,-46574.3,-1,5.88745e-10,1,0
0.00636122,-0.296178,-0.0235728,-0.516079,3.64246,-46559.9,-1,2.46926e-09,1,0
0.00636158,-0.296319,-0.0232778,-0.516318,3.64245,-46579.5,-1,2.46926e-09,1,0
0.00636248,-0.296391,-0.0233627,-0.517258,3.64191,-46584.2,-1,8.7753e-10,1,0
0.00636338,-0.295651,-0.0236112,-0.517286,3.64151,-46461.3,-1,3.49523e-10,1,0
0.00636436,-0.296592,-0.0237342,-0.517135,3.64202,-46602.1,-1,9.60084e-10,1,0
0.0063649,-0.296973,-0.0235692,-0.516679,3.64172,-46657.9,-1,2.35013e-10,1,0
0.00636546,-0.297455,-0.0233456,-0.516363,3.64184,-46729.5,-1,6.91423e-10,1,0
0.0063665,-0.298447,-0.0228734,-0.515943,3.64255,-46877.7,-1,7.41453e-10,1,0
0.00636851,-0.300173,-0.0222128,-0.514705,3.64183,-47134,-1,1.29255e-09,1,0
0.00637008,-0.300041,-0.0236418,-0.514272,3.64088,-47101.6,-1,3.04565e-10,1,0
0.00637082,-0.299891,-0.0243001,-0.51399,3.64176,-47072.5,-1,3.80592e-10,1,0
0.00637185,-0.299456,-0.0243864,-0.513452,3.63794,-46996.8,-1,5.71156e-10,1,0
0.0063724,-0.299505,-0.0244485,-0.51325,3.63633,-47000.4,-1,3.66548e-10,1,0
0.00637344,-0.298539,-0.0244233,-0.513931,3.63612,-46841,-1,1.18232e-09,1,0
0.00637457,-0.297446,-0.0240507,-0.51431,3.63708,-46661.4,-1,7.24657e-10,1,0
0.00637574,-0.297928,-0.0234142,-0.513991,3.63491,-46728.4,-1,1.04408e-09,1,0
0.00637634,-0.297949,-0.0233313,-0.513379,3.63409,-46727.3,-1,5.48142e-10,1,0
0.00637662,-0.298073,-0.0235546,-0.513216,3.6342,-46744.8,-1,4.36718e-11,1,0
0.00637819,-0.298505,-0.0250876,-0.512621,3.63397,-46801,-1,1.05717e-09,1,0
0.00637997,-0.298882,-0.0259741,-0.511891,3.63225,-46847,-1,7.00664e-10,1,0
0.00638077,-0.299518,-0.0265633,-0.512164,3.6285,-46940.8,-1,9.09149e-10,1,0
0.00638228,-0.300712,-0.0276685,-0.512676,3.62844,-47116.7,-1,9.09149e-10,1,0
0.00638297,-0.301289,-0.028039,-0.512901,3.62427,-47202,-1,2.06899e-10,1,0
0.00638479,-0.300631,-0.0271556,-0.511212,3.62511,-47085.5,-1,1.73719e-09,1,0
0.00638581,-0.300884,-0.0271244,-0.511709,3.62624,-47117.6,-1,4.50987e-10,1,0
0.00638677,-0.300735,-0.0274117,-0.512745,3.62883,-47087.2,-1,4.73678e-10,1,0
0.00638749,-0.30063,-0.0276054,-0.513488,3.6283,-47065.5,-1,1.77882e-11,1,0
0.00638858,-0.300679,-0.0265043,-0.513192,3.62864,-47065,-1,5.10671e-10,1,0
0.00639018,-0.301015,-0.0256053,-0.511993,3.6281,-47105.9,-1,5.34799e-10,1,0
0.00639059,-0.301285,-0.0256576,-0.511879,3.62973,-47145.1,-1,4.52023e-12,1,0
0.00639122,-0.301827,-0.0260191,-0.512174,3.6297,-47225.2,-1,4.52023e-12,1,0
0.00639194,-0.302217,-0.0265215,-0.512315,3.63002,-47281,-1,1.28819e-09,1,0
0.00639263,-0.301912,-0.0266045,-0.511621,3.62775,-47228.1,-1,7.36462e-10,1,0
0.00639385,-0.301359,-0.0266731,-0.510362,3.62578,-47132.6,-1,1.37642e-09,1,0
0.0063948,-0.301795,-0.0276501,-0.510387,3.62395,-47193.7,-1,1.06994e-09,1,0
0.00639609,-0.300468,-0.02804,-0.510021,3.62465,-46976.9,-1,1.30577e-09,1,0
0.00639754,-0.29902,-0.028667,-0.510483,3.62257,-46739.8,-1,1.79328e-09,1,0
0.00639795,-0.299159,-0.0287754,-0.510178,3.62165,-46758.5,-1,1.50418e-10,1,0
0.00639965,-0.298376,-0.0283207,-0.51112,3.62007,-46623.8,-1,1.56625e-10,1,0
0.0064018,-0.29908,-0.0294142,-0.509726,3.61965,-46718.1,-1,1.13342e-09,1,0
0.00640262,-0.29931,-0.0302704,-0.509491,3.61906,-46748.1,-1,1.5178e-09,1,0
0.00640316,-0.299131,-0.0304332,-0.50914,3.61747,-46716.1,-1,9.29472e-10,1,0
0.00640385,-0.299369,-0.029919,-0.508832,3.61988,-46748.2,-1,5.29269e-10,1,0
0.00640493,-0.299637,-0.0299845,-0.509704,3.61952,-46782.3,-1,8.55903e-10,1,0
0.00640564,-0.299736,-0.0304583,-0.510015,3.61916,-46792.5,-1,1.40589e-09,1,0
0.00640707,-0.299892,-0.0319933,-0.509643,3.61947,-46806.3,-1,1.58027e-11,1,0
0.00640855,-0.298945,-0.0318917,-0.510279,3.61731,-46647.9,-1,1.16961e-09,1,0
0.00641067,-0.300494,-0.0312798,-0.512004,3.61724,-46874.1,-1,1.16961e-09,1,0
0.00641116,-0.300851,-0.0311387,-0.512402,3.61607,-46926.2,-1,2.46136e-09,1,0
0.00641314,-0.302206,-0.0306007,-0.513632,3.61786,-47123,-1,2.51687e-09,1,0
0.0064138,-0.302519,-0.0309759,-0.513114,3.61801,-47167,-1,6.30266e-10,1,0
0.0064158,-0.303422,-0.0321715,-0.511518,3.61818,-47293,-1,1.85611e-09,1,0
0.00641659,-0.303304,-0.0317841,-0.511735,3.6161,-47268.6,-1,6.4326e-10,1,0
0.00641719,-0.302714,-0.0314659,-0.511767,3.61449,-47172.4,-1,6.70908e-10,1,0
0.00641897,-0.303662,-0.031836,-0.511073,3.61357,-47306.9,-1,1.49354e-09,1,0
0.00642053,-0.304549,-0.032626,-0.50997,3.61544,-47433.7,-1,4.23097e-10,1,0
0.00642174,-0.305145,-0.0332371,-0.508904,3.61521,-47517.5,-1,1.32878e-10,1,0
0.00642195,-0.305011,-0.0334227,-0.508852,3.61522,-47495.2,-1,1.32878e-10,1,0
0.00642299,-0.304525,-0.0343921,-0.508492,3.61552,-47411.7,-1,9.89394e-10,1,0
0.00642634,-0.303304,-0.0373488,-0.507728,3.61555,-47197,-1,1.19369e-09,1,0
0.00642755,-0.30243,-0.0375835,-0.508754,3.61559,-47052.1,-1,1.19369e-09,1,0
0.00642809,-0.302243,-0.0376194,-0.5092,3.61333,-47019.1,-1,1.53136e-10,1,0
0.00642962,-0.302405,-0.0389509,-0.509734,3.61221,-47033.1,-1,1.29246e-09,1,0
0.00643028,-0.302459,-0.0392847,-0.509086,3.61255,-47036.6,-1,6.50438e-10,1,0
0.00643177,-0.301776,-0.0384968,-0.51029,3.61205,-46919.5,-1,2.17224e-10,1,0
0.00643296,-0.301298,-0.0379161,-0.511393,3.61207,-46836.6,-1,2.17224e-10,1,0
0.00643364,-0.300967,-0.0378512,-0.511775,3.61133,-46780.2,-1,3.34328e-09,1,0
0.00643507,-0.300068,-0.0388916,-0.511486,3.61141,-46630.1,-1,1.69445e-09,1,0
0.0064365,-0.29963,-0.0395092,-0.512884,3.61078,-46551.7,-1,1.53724e-09,1,0
0.00643793,-0.299181,-0.0401895,-0.514279,3.6108,-46471.5,-1,1.53724e-09,1,0
0.00643918,-0.299512,-0.040698,-0.515484,3.61055,-46514,-1,1.95373e-09,1,0
0.00643982,-0.2998,-0.0409453,-0.5161,3.60947,-46554,-1,5.40347e-10,1,0
0.00644101,-0.298943,-0.0404085,-0.515937,3.60865,-46412.4,-1,2.12675e-10,1,0
0.00644263,-0.300489,-0.0399297,-0.516306,3.6069,-46640.8,-1,1.22243e-09,1,0
0.00644381,-0.301741,-0.0395953,-0.516614,3.60556,-46826.5,-1,3.06031e-09,1,0
0.0064442,-0.301815,-0.0391801,-0.516509,3.60565,-46835.1,-1,4.88591e-13,1,0
0.00644443,-0.30173,-0.0389562,-0.51642,3.60565,-46820.3,-1,4.88591e-13,1,0
0.00644474,-0.301612,-0.0386453,-0.516297,3.6051,-46799.7,-1,5.45129e-11,1,0
0.00644497,-0.301648,-0.0385924,-0.516204,3.60675,-46803.6,-1,3.78221e-11,1,0
0.00644613,-0.301602,-0.0388796,-0.514924,3.60675,-46788,-1,3.78221e-11,1,0
0.00644712,-0.301747,-0.0390748,-0.514181,3.60617,-46803.3,-1,2.16904e-10,1,0
0.00644761,-0.302114,-0.0394705,-0.514161,3.60509,-46856.7,-1,1.06117e-10,1,0
0.00644857,-0.302469,-0.0395828,-0.515178,3.60275,-46904.8,-1,4.5925e-11,1,0
0.00644967,-0.302421,-0.0391628,-0.516096,3.60462,-46889.3,-1,1.08209e-09,1,0
0.00645072,-0.302655,-0.0394263,-0.517071,3.60636,-46918.1,-1,1.04342e-09,1,0
0.00645237,-0.304157,-0.0384431,-0.516913,3.60518,-47138.8,-1,1.77926e-09,1,0
0.0064543,-0.304285,-0.0377848,-0.515014,3.60531,-47144.6,-1,1.83863e-09,1,0
0.00645453,-0.304449,-0.0378838,-0.514831,3.6053,-47168.2,-1,1.83863e-09,1,0
0.00645598,-0.305136,-0.0378337,-0.514025,3.60447,-47264.2,-1,4.02913e-10,1,0
0.00645674,-0.305301,-0.0374087,-0.513289,3.60447,-47284.1,-1,4.02913e-10,1,0
0.00645776,-0.305519,-0.0368457,-0.512314,3.60445,-47310.4,-1,4.02913e-10,1,0
0.00645817,-0.305608,-0.0366183,-0.51192,3.60445,-47321.1,-1,4.02913e-10,1,0
0.00645908,-0.305793,-0.0360261,-0.511132,3.6029,-47343.1,-1,2.81027e-10,1,0
0.00646005,-0.305474,-0.0360621,-0.510509,3.60482,-47286.6,-1,4.25975e-10,1,0
0.00646133,-0.305563,-0.0348305,-0.510687,3.60911,-47291,-1,1.29275e-09,1,0
0.00646158,-0.305493,-0.0351018,-0.510667,3.60797,-47278.4,-1,2.1954e-10,1,0
0.00646313,-0.304893,-0.0359058,-0.511944,3.6097,-47174.3,-1,1.67881e-09,1,0
0.00646334,-0.30489,-0.0357696,-0.51175,3.60986,-47172.1,-1,1.95115e-10,1,0
0.00646391,-0.304927,-0.0352436,-0.511387,3.60939,-47173.8,-1,2.93807e-10,1,0
0.00646477,-0.30484,-0.0356781,-0.511094,3.60789,-47153.9,-1,6.77213e-10,1,0
0.00646672,-0.30481,-0.0372582,-0.510595,3.60651,-47135.2,-1,2.62293e-10,1,0
0.00646716,-0.305092,-0.0374995,-0.510263,3.60617,-47175.5,-1,8.03548e-10,1,0
0.00646876,-0.305892,-0.0384341,-0.509423,3.60493,-47287.6,-1,2.69976e-10,1,0
0.00646936,-0.306434,-0.0387533,-0.509687,3.60485,-47367,-1,7.36058e-11,1,0
0.00647089,-0.307855,-0.0393038,-0.510049,3.60521,-47575.4,-1,3.46314e-10,1,0
0.00647215,-0.307756,-0.0391895,-0.511323,3.60628,-47550.7,-1,6.1163e-10,1,0
0.0064726,-0.307614,-0.0392192,-0.511567,3.60758,-47525.6,-1,1.54222e-10,1,0
0.00647341,-0.307347,-0.0393658,-0.512426,3.60765,-47478.4,-1,1.00894e-09,1,0
0.00647561,-0.307155,-0.0413248,-0.511422,3.60754,-47432.5,-1,4.70911e-10,1,0
0.00647644,-0.307116,-0.0420268,-0.510853,3.60693,-47420.5,-1,1.37466e-11,1,0
0.00647822,-0.308202,-0.0404187,-0.511369,3.60374,-47575,-1,7.8313e-11,1,0
0.00647934,-0.307107,-0.0399471,-0.511769,3.60379,-47397.9,-1,7.8313e-11,1,0
0.00648005,-0.306411,-0.0396473,-0.512023,3.6065,-47285.3,-1,2.05629e-09,1,0
0.00648143,-0.304989,-0.0393504,-0.512409,3.60602,-47055.9,-1,5.58732e-10,1,0
0.00648302,-0.303911,-0.0401637,-0.513579,3.60607,-46878,-1,5.58732e-10,1,0
0.0064843,-0.303042,-0.0408196,-0.514523,3.60612,-46734.7,-1,5.58732e-10,1,0
0.00648507,-0.302518,-0.0412145,-0.515092,3.60606,-46648.4,-1,4.055e-09,1,0
0.00648662,-0.302208,-0.0408872,-0.515628,3.60361,-46589.5,-1,2.29616e-10,1,0
0.00648884,-0.301092,-0.0414396,-0.515052,3.60404,-46401.5,-1,2.62628e-10,1,0
0.00648934,-0.300908,-0.0409721,-0.515206,3.60427,-46369.6,-1,3.49577e-10,1,0
0.00648989,-0.301323,-0.041408,-0.515139,3.60516,-46429.6,-1,6.11365e-10,1,0
0.00649042,-0.301425,-0.0409216,-0.515115,3.60212,-46441.6,-1,4.98541e-11,1,0
0.00649117,-0.301038,-0.0404621,-0.51513,3.60202,-46376.5,-1,2.35447e-10,1,0
0.00649266,-0.301658,-0.0403198,-0.514301,3.60294,-46461.4,-1,6.43646e-10,1,0
0.00649336,-0.302221,-0.0402559,-0.514327,3.60247,-46543.1,-1,1.34402e-09,1,0
0.00649419,-0.303027,-0.0405442,-0.514696,3.60243,-46661.2,-1,1.34402e-09,1,0
0.00649564,-0.304446,-0.0410522,-0.515347,3.6032,-46869.2,-1,3.04931e-09,1,0
0.00649702,-0.303748,-0.0417262,-0.514663,3.60298,-46751.8,-1,1.12827e-09,1,0
0.00649829,-0.304127,-0.0411396,-0.513451,3.60088,-46801,-1,1.74184e-11,1,0
0.00649957,-0.304199,-0.0397952,-0.513652,3.59787,-46802.9,-1,1.29259e-09,1,0
0.00650106,-0.304285,-0.0381473,-0.513973,3.59793,-46805.4,-1,4.84939e-10,1,0
0.00650181,-0.303865,-0.0382647,-0.513615,3.59835,-46735.4,-1,4.37841e-10,1,0
0.00650281,-0.30434,-0.0376779,-0.514395,3.59708,-46801.3,-1,4.81588e-10,1,0
0.00650375,-0.305224,-0.0376729,-0.514983,3.59848,-46930.4,-1,3.55582e-11,1,0
0.00650531,-0.306677,-0.036961,-0.515592,3.59621,-47142.6,-1,3.0655e-10,1,0
0.00650644,-0.306802,-0.0378523,-0.516243,3.5962,-47153.6,-1,4.44583e-10,1,0
0.00650849,-0.306924,-0.0387358,-0.515137,3.59639,-47157.5,-1,9.29961e-10,1,0
0.00651005,-0.308287,-0.0378795,-0.515838,3.59632,-47355.6,-1,9.29961e-10,1,0
0.00651071,-0.308292,-0.037515,-0.516195,3.59695,-47351.5,-1,2.11111e-09,1,0
0.00651153,-0.307665,-0.0370724,-0.516694,3.59757,-47249.3,-1,7.6949e-10,1,0
0.00651246,-0.307803,-0.0374296,-0.516658,3.60326,-47263.7,-1,2.35769e-10,1,0
0.00651299,-0.30767,-0.0374553,-0.516361,3.60031,-47239.5,-1,2.1814e-10,1,0
0.0065136,-0.307899,-0.0372947,-0.51618,3.60298,-47270.3,-1,1.01536e-10,1,0
0.00651475,-0.30694,-0.0376221,-0.515559,3.60394,-47114.6,-1,4.36138e-10,1,0
0.00651629,-0.305566,-0.038287,-0.514721,3.60401,-46892.6,-1,4.36138e-10,1,0
0.0065168,-0.305115,-0.0385055,-0.514446,3.60346,-46819.7,-1,3.47031e-09,1,0
0.00651805,-0.304195,-0.0382057,-0.515206,3.6038,-46669.6,-1,9.4669e-10,1,0
0.00651948,-0.302614,-0.038504,-0.515318,3.60388,-46416.9,-1,9.4669e-10,1,0
0.00652154,-0.301061,-0.0373011,-0.51433,3.60331,-46164.1,-1,2.32662e-09,1,0
0.0065219,-0.300702,-0.0374446,-0.5144,3.60338,-46106.5,-1,2.08017e-09,1,0
0.00652296,-0.300026,-0.0378294,-0.514691,3.60408,-45995.4,-1,2.21369e-10,1,0
0.00652436,-0.301488,-0.0383084,-0.514348,3.60234,-46209.7,-1,1.57677e-09,1,0
0.00652493,-0.301649,-0.0385596,-0.514897,3.60335,-46230.3,-1,1.10421e-10,1,0
0.00652538,-0.301539,-0.0388641,-0.514509,3.60336,-46210.1,-1,1.10421e-10,1,0
0.00652612,-0.301378,-0.0392161,-0.513794,3.60313,-46180.3,-1,8.47533e-10,1,0
0.00652672,-0.3013,-0.0392956,-0.513233,3.60354,-46164.1,-1,1.05922e-09,1,0
0.0065283,-0.301488,-0.0384789,-0.513366,3.60378,-46181.7,-1,1.33843e-09,1,0
0.00652883,-0.301354,-0.0388202,-0.513817,3.60552,-46157.4,-1,9.70225e-11,1,0
0.00652899,-0.301285,-0.0388676,-0.513985,3.60341,-46145.8,-1,5.25803e-11,1,0
0.0065305,-0.30126,-0.0394816,-0.512503,3.60244,-46131.3,-1,2.81017e-10,1,0
0.00653197,-0.301457,-0.0400631,-0.51096,3.60312,-46150.9,-1,3.07517e-09,1,0
0.00653321,-0.301058,-0.0391999,-0.511132,3.60233,-46081.1,-1,5.79719e-10,1,0
0.00653379,-0.300755,-0.0388917,-0.510643,3.60234,-46030.7,-1,5.79719e-10,1,0
0.00653506,-0.300651,-0.038124,-0.509799,3.60338,-46005.8,-1,1.59911e-09,1,0
0.00653596,-0.301355,-0.0374518,-0.509515,3.60334,-46107.2,-1,1.59911e-09,1,0
0.00653637,-0.301358,-0.0376496,-0.509427,3.59965,-46104.8,-1,1.84103e-10,1,0
0.00653706,-0.301574,-0.0377192,-0.509027,3.60128,-46133,-1,3.28808e-10,1,0
0.00653748,-0.301956,-0.0377673,-0.508752,3.60126,-46188.5,-1,3.28808e-10,1,0
0.00653873,-0.302891,-0.0380811,-0.507801,3.59985,-46322.5,-1,4.86153e-10,1,0
0.00654008,-0.303473,-0.0390218,-0.506933,3.59954,-46401.9,-1,1.44814e-09,1,0
0.00654153,-0.304797,-0.0398897,-0.507182,3.60042,-46594.1,-1,1.54977e-09,1,0
0.00654225,-0.305214,-0.0398787,-0.507594,3.59995,-46652.7,-1,5.8605e-10,1,0
0.00654404,-0.306717,-0.0390915,-0.506577,3.59837,-46869.7,-1,2.21689e-09,1,0
0.00654431,-0.30662,-0.0390488,-0.506373,3.59928,-46852.9,-1,1.3173e-10,1,0
0.00654641,-0.307539,-0.0384479,-0.505012,3.60316,-46978.3,-1,2.41283e-10,1,0
0.00654838,-0.306976,-0.0370172,-0.505355,3.60171,-46878.2,-1,1.78559e-09,1,0
0.00654951,-0.306364,-0.03668,-0.506135,3.60123,-46776.6,-1,2.36455e-09,1,0
0.00654999,-0.306086,-0.0369543,-0.506509,3.60161,-46730.8,-1,9.8564e-10,1,0
0.00655107,-0.305842,-0.0371383,-0.506556,3.60223,-46685.9,-1,6.38289e-10,1,0
0.00655232,-0.305241,-0.0358969,-0.506565,3.59853,-46585.1,-1,2.25828e-10,1,0
0.0065542,-0.305609,-0.0353275,-0.507274,3.59883,-46627.9,-1,1.29253e-09,1,0
0.00655508,-0.306001,-0.0345767,-0.506943,3.59922,-46681.6,-1,4.08168e-10,1,0
0.00655682,-0.306679,-0.0340352,-0.507144,3.59977,-46772.5,-1,6.27129e-10,1,0
0.00655832,-0.306704,-0.0350692,-0.505819,3.59977,-46765.7,-1,6.27129e-10,1,0
0.00655944,-0.306674,-0.0357338,-0.505896,3.59919,-46753,-1,6.0092e-10,1,0
0.00656144,-0.304746,-0.0366776,-0.505213,3.59929,-46444.9,-1,6.0092e-10,1,0
0.00656191,-0.304802,-0.0364312,-0.505418,3.59664,-46450.2,-1,3.19959e-10,1,0
0.00656218,-0.304653,-0.0365455,-0.505429,3.59895,-46425.6,-1,1.82237e-10,1,0
0.0065627,-0.304529,-0.0363359,-0.505471,3.59864,-46403,-1,2.86445e-10,1,0
0.00656367,-0.304109,-0.0357849,-0.50462,3.59866,-46332.2,-1,2.86445e-10,1,0
0.00656431,-0.304147,-0.0362948,-0.504375,3.59272,-46333.5,-1,5.28746e-11,1,0
0.00656593,-0.304983,-0.0379168,-0.504374,3.59348,-46449.2,-1,1.8245e-09,1,0
0.00656703,-0.305419,-0.0387497,-0.503771,3.59355,-46508,-1,7.62006e-10,1,0
0.00656927,-0.304443,-0.0395819,-0.503486,3.59446,-46343.5,-1,5.53648e-10,1,0
0.00657005,-0.303921,-0.0396129,-0.504195,3.59449,-46258.6,-1,5.53648e-10,1,0
0.00657107,-0.303563,-0.0398347,-0.504712,3.59452,-46196.8,-1,8.76103e-11,1,0
0.00657136,-0.303721,-0.0399167,-0.504447,3.59457,-46218.8,-1,3.12295e-10,1,0
0.00657252,-0.303685,-0.0392188,-0.504105,3.59389,-46205.3,-1,5.24944e-10,1,0
0.0065729,-0.303532,-0.0390112,-0.504183,3.59328,-46179.4,-1,3.29604e-10,1,0
0.0065733,-0.303547,-0.0389775,-0.503814,3.59397,-46178.8,-1,1.25167e-10,1,0
0.00657378,-0.303679,-0.0387794,-0.504299,3.59397,-46195.4,-1,1.25167e-10,1,0
0.00657489,-0.304265,-0.0385619,-0.505254,3.59631,-46276.8,-1,1.84964e-10,1,0
0.00657687,-0.305156,-0.0393593,-0.505669,3.59514,-46398.3,-1,1.74429e-09,1,0
0.00657734,-0.305457,-0.0397555,-0.505747,3.59517,-46440.8,-1,4.93919e-10,1,0
0.00657807,-0.30605,-0.0399231,-0.50533,3.59402,-46525.8,-1,1.33694e-10,1,0
0.00657924,-0.305008,-0.0398095,-0.50456,3.59603,-46359.2,-1,1.17753e-09,1,0
0.00658042,-0.305529,-0.0392762,-0.505629,3.59566,-46430,-1,6.55984e-11,1,0
0.00658113,-0.305849,-0.0390131,-0.506174,3.59519,-46473.6,-1,5.71772e-11,1,0
0.00658197,-0.306608,-0.0390277,-0.506634,3.59577,-46583,-1,5.69616e-10,1,0
0.00658375,-0.305045,-0.0399691,-0.505825,3.59579,-46333,-1,1.99601e-09,1,0
0.00658463,-0.30512,-0.0399597,-0.505651,3.59379,-46338.3,-1,1.65894e-10,1,0
0.00658511,-0.305251,-0.039597,-0.505805,3.59501,-46354.8,-1,5.91585e-10,1,0
0.00658631,-0.305023,-0.0392815,-0.50675,3.59473,-46311.7,-1,8.94467e-10,1,0
0.00658717,-0.304911,-0.0395231,-0.50728,3.59538,-46288.7,-1,1.4934e-09,1,0
0.00658798,-0.30451,-0.0396264,-0.506524,3.59393,-46222.1,-1,3.69722e-11,1,0
0.00658911,-0.304357,-0.0399334,-0.507698,3.59313,-46190.9,-1,2.79094e-10,1,0
0.00658959,-0.304284,-0.0404525,-0.507569,3.59321,-46176.5,-1,3.1494e-10,1,0
0.00659013,-0.303866,-0.0404023,-0.507332,3.5945,-46109.2,-1,4.82805e-10,1,0
0.00659111,-0.303542,-0.0399872,-0.506604,3.59269,-46053.2,-1,9.71302e-10,1,0
0.00659159,-0.30402,-0.0400738,-0.506833,3.59267,-46122.5,-1,9.71302e-10,1,0
0.00659401,-0.305806,-0.0417282,-0.506822,3.59195,-46376.3,-1,9.60805e-10,1,0
0.00659586,-0.307002,-0.0400859,-0.507271,3.59338,-46544.6,-1,2.08037e-09,1,0
0.00659664,-0.307128,-0.0395533,-0.506679,3.59198,-46558.3,-1,4.36633e-11,1,0
0.00659744,-0.307199,-0.0394923,-0.505938,3.59141,-46563.4,-1,1.22574e-09,1,0
0.0065988,-0.30731,-0.0396911,-0.506097,3.5954,-46570.6,-1,1.2228e-09,1,0
0.00660012,-0.307487,-0.0395366,-0.507555,3.59539,-46588.1,-1,1.2228e-09,1,0
0.00660167,-0.307696,-0.0393537,-0.509281,3.59538,-46608.7,-1,1.2228e-09,1,0
0.00660302,-0.308046,-0.0392094,-0.509851,3.59477,-46652.3,-1,3.89333e-10,1,0
0.00660548,-0.309809,-0.0389505,-0.511016,3.59169,-46901.8,-1,4.48988e-10,1,0
0.00660585,-0.310187,-0.0387743,-0.511094,3.592,-46956.4,-1,2.23999e-10,1,0
0.00660684,-0.310145,-0.0385591,-0.511105,3.58992,-46943.1,-1,5.80398e-10,1,0
0.00660849,-0.31186,-0.0391918,-0.510732,3.58947,-47190.7,-1,2.20782e-09,1,0
0.00660909,-0.312288,-0.039623,-0.511012,3.589,-47251.3,-1,6.69147e-10,1,0
0.00661017,-0.312277,-0.040821,-0.511221,3.58772,-47241.9,-1,1.19376e-09,1,0
0.006611,-0.311767,-0.0408416,-0.511536,3.58771,-47158.8,-1,1.47275e-10,1,0
0.00661206,-0.312008,-0.0399501,-0.512144,3.58922,-47187.7,-1,1.71424e-10,1,0
0.00661434,-0.311691,-0.0389139,-0.512867,3.59569,-47123.5,-1,8.01067e-10,1,0
0.00661564,-0.311973,-0.0403258,-0.512602,3.59665,-47156.9,-1,9.06197e-12,1,0
0.00661677,-0.312038,-0.0413671,-0.512367,3.59492,-47158.6,-1,1.6137e-10,1,0
0.00661777,-0.311402,-0.0414168,-0.511441,3.59318,-47055.4,-1,1.02988e-09,1,0
0.00661947,-0.310754,-0.0429714,-0.510552,3.59321,-46945.5,-1,1.02988e-09,1,0
0.00662,-0.310743,-0.0433101,-0.510295,3.59571,-46940,-1,1.05613e-10,1,0
0.00662098,-0.310615,-0.043879,-0.510379,3.59131,-46913.8,-1,2.80471e-10,1,0
0.00662132,-0.310587,-0.0442568,-0.510364,3.59139,-46907.1,-1,1.14289e-09,1,0
0.00662255,-0.311054,-0.0452871,-0.510454,3.5929,-46968.9,-1,1.77085e-10,1,0
0.0066249,-0.31336,-0.046273,-0.511294,3.59279,-47300.3,-1,1.77085e-10,1,0
0.00662631,-0.314053,-0.0458536,-0.510483,3.5952,-47394.9,-1,8.85844e-10,1,0
0.00662777,-0.314458,-0.0448391,-0.511077,3.59541,-47445.4,-1,3.57779e-10,1,0
0.00663022,-0.312301,-0.0449674,-0.51278,3.59552,-47102.7,-1,3.57779e-10,1,0
0.00663125,-0.311558,-0.0450074,-0.513429,3.59215,-46983.3,-1,3.82058e-09,1,0
0.0066329,-0.313377,-0.0448197,-0.513178,3.59206,-47246,-1,3.82058e-09,1,0
0.00663303,-0.31326,-0.0448943,-0.513201,3.59246,-47227.3,-1,1.94664e-09,1,0
0.00663418,-0.312288,-0.0453859,-0.513591,3.59295,-47072.6,-1,4.37615e-10,1,0
0.00663546,-0.312642,-0.0459875,-0.512403,3.59285,-47116.8,-1,1.39193e-09,1,0
0.00663674,-0.311487,-0.0461011,-0.51177,3.59182,-46933.8,-1,4.15227e-11,1,0
0.00663775,-0.310538,-0.0462728,-0.511184,3.59187,-46783.6,-1,4.15227e-11,1,0
0.0066391,-0.309255,-0.0465047,-0.510393,3.59158,-46580.9,-1,1.11781e-09,1,0
0.00663966,-0.309787,-0.046694,-0.510375,3.59073,-46657.1,-1,3.61232e-10,1,0
0.00664093,-0.311118,-0.0466564,-0.510889,3.59066,-46848.6,-1,3.61232e-10,1,0
0.00664138,-0.311326,-0.0465408,-0.51109,3.58903,-46876.7,-1,1.68528e-10,1,0
0.00664243,-0.31055,-0.0472921,-0.511587,3.58907,-46752.4,-1,1.68528e-10,1,0
0.00664319,-0.309995,-0.0478295,-0.511942,3.5891,-46663.6,-1,1.68528e-10,1,0
0.00664456,-0.308991,-0.0488014,-0.512584,3.58942,-46502.9,-1,3.57659e-09,1,0
0.00664549,-0.309686,-0.0485739,-0.513307,3.58897,-46600.9,-1,3.58857e-11,1,0
0.00664665,-0.310582,-0.0483236,-0.514207,3.58852,-46727.6,-1,2.30983e-09,1,0
0.00664731,-0.310458,-0.0485992,-0.514784,3.58839,-46704.3,-1,1.60679e-10,1,0
0.00664868,-0.309225,-0.0484428,-0.514064,3.58938,-46509.2,-1,3.31992e-10,1,0
0.00665033,-0.307663,-0.0482519,-0.513075,3.58946,-46262.8,-1,3.31992e-10,1,0
0.0066525,-0.305612,-0.0480012,-0.511775,3.59028,-45939.3,-1,4.57119e-09,1,0
0.00665407,-0.304168,-0.0478086,-0.510893,3.59058,-45711.6,-1,4.0577e-11,1,0
0.00665474,-0.303557,-0.0480491,-0.510746,3.59073,-45615.1,-1,6.61796e-10,1,0
0.00665566,-0.303427,-0.048235,-0.51,3.59162,-45589.4,-1,2.57372e-10,1,0
0.00665622,-0.303816,-0.0481615,-0.510023,3.59068,-45644,-1,4.48457e-10,1,0
0.00665668,-0.303962,-0.0484653,-0.509692,3.59145,-45662.7,-1,2.69889e-10,1,0
0.00665789,-0.304673,-0.0486015,-0.508994,3.59203,-45761.2,-1,5.36449e-10,1,0
0.00665895,-0.30409,-0.0479352,-0.508521,3.59265,-45666.4,-1,7.67864e-10,1,0
0.0066602,-0.303137,-0.0476929,-0.508381,3.59107,-45514.7,-1,1.93313e-10,1,0
0.0066617,-0.303034,-0.0477191,-0.509952,3.59161,-45489,-1,2.55347e-10,1,0
0.00666294,-0.303054,-0.0475846,-0.511339,3.59001,-45483.5,-1,2.81963e-09,1,0
0.00666411,-0.303196,-0.0484784,-0.510711,3.59049,-45496.9,-1,1.01025e-09,1,0
0.00666442,-0.303394,-0.0486964,-0.510818,3.59045,-45524.5,-1,4.69912e-11,1,0
0.00666504,-0.303648,-0.0489582,-0.511212,3.58901,-45558.4,-1,3.40778e-10,1,0
0.00666697,-0.304952,-0.0486448,-0.512624,3.59046,-45740.7,-1,1.36752e-09,1,0
0.00666843,-0.304045,-0.0491839,-0.512888,3.58826,-45594.7,-1,1.29236e-09,1,0
0.00666892,-0.304026,-0.0494889,-0.513207,3.58716,-45588.5,-1,2.48488e-10,1,0
0.00666964,-0.304263,-0.0487753,-0.513502,3.58721,-45619.1,-1,1.78779e-10,1,0
0.00667035,-0.304111,-0.0484528,-0.514041,3.58557,-45591.5,-1,2.03075e-10,1,0
0.00667184,-0.304847,-0.0489383,-0.512844,3.58152,-45691.6,-1,2.5793e-10,1,0
0.00667246,-0.3049,-0.049296,-0.513434,3.58291,-45695.3,-1,6.92263e-10,1,0
0.00667413,-0.303646,-0.0484373,-0.514352,3.58365,-45496,-1,7.70108e-10,1,0
0.00667613,-0.302076,-0.0488706,-0.513972,3.58297,-45247.1,-1,7.7509e-10,1,0
0.00667775,-0.301741,-0.0488516,-0.513438,3.58302,-45186.1,-1,9.47118e-10,1,0
0.00667887,-0.302608,-0.0496728,-0.513237,3.58254,-45308.3,-1,7.81734e-10,1,0
0.00667938,-0.303083,-0.0499835,-0.513169,3.58631,-45375.9,-1,4.01577e-10,1,0
0.00668018,-0.303826,-0.05047,-0.513062,3.58627,-45481.7,-1,4.01577e-10,1,0
0.00668206,-0.305319,-0.0508133,-0.51229,3.58587,-45692.3,-1,2.47193e-09,1,0
0.00668236,-0.305338,-0.0510653,-0.512207,3.58405,-45693.1,-1,2.71327e-10,1,0
0.00668378,-0.305774,-0.0502226,-0.512808,3.58244,-45748.6,-1,1.34363e-09,1,0
0.00668473,-0.306621,-0.0495704,-0.512777,3.58351,-45868.9,-1,1.06959e-09,1,0
0.00668681,-0.307051,-0.0493449,-0.511044,3.58095,-45918.9,-1,5.49242e-10,1,0
0.00668804,-0.307461,-0.0485637,-0.50998,3.58233,-45971.8,-1,6.53526e-11,1,0
0.00668842,-0.307783,-0.0484724,-0.51004,3.58256,-46017.2,-1,2.42251e-10,1,0
0.0066892,-0.308013,-0.0484395,-0.509913,3.58495,-46046.3,-1,3.57041e-10,1,0
0.00668958,-0.30817,-0.0482887,-0.509716,3.58321,-46067.2,-1,6.96037e-10,1,0
0.00669058,-0.308405,-0.0484073,-0.510807,3.58276,-46095.5,-1,2.19427e-10,1,0
0.00669309,-0.307506,-0.0490237,-0.5134,3.5822,-45943.8,-1,2.81345e-09,1,0
0.00669408,-0.3076,-0.0492871,-0.513905,3.58304,-45951.1,-1,2.69069e-10,1,0
0.00669583,-0.307623,-0.049632,-0.514739,3.58365,-45942.5,-1,1.29271e-09,1,0
0.00669653,-0.307482,-0.0501054,-0.51441,3.58428,-45916.6,-1,3.43064e-10,1,0
0.00669781,-0.306565,-0.049272,-0.5137,3.58479,-45770.9,-1,7.36358e-10,1,0
0.00669866,-0.307079,-0.0496039,-0.514269,3.58273,-45841.9,-1,4.07013e-10,1,0
0.00669938,-0.306963,-0.0503136,-0.513894,3.58274,-45819.6,-1,4.07013e-10,1,0
0.00670019,-0.306833,-0.051105,-0.513476,3.58128,-45794.7,-1,1.71569e-09,1,0
0.00670148,-0.306398,-0.0501632,-0.51246,3.58054,-45721,-1,1.45188e-09,1,0
0.00670259,-0.306808,-0.0498025,-0.512396,3.58007,-45774.5,-1,5.81947e-10,1,0
0.00670434,-0.307653,-0.0482102,-0.511614,3.58015,-45888.6,-1,1.46383e-09,1,0
0.00670545,-0.307355,-0.0473493,-0.511428,3.58041,-45836.6,-1,7.57304e-10,1,0
0.00670658,-0.307052,-0.0469754,-0.510879,3.57483,-45783.7,-1,3.97006e-10,1,0
0.00670761,-0.307699,-0.0477754,-0.511416,3.5748,-45873,-1,3.97006e-10,1,0
0.00670884,-0.308156,-0.0487686,-0.511111,3.57572,-45932.8,-1,8.52958e-10,1,0
0.00671024,-0.308461,-0.0499363,-0.510102,3.5757,-45968.7,-1,8.52958e-10,1,0
0.00671182,-0.307386,-0.049051,-0.509394,3.57627,-45797.8,-1,1.72939e-09,1,0
0.00671282,-0.306611,-0.0483485,-0.508968,3.57533,-45675.4,-1,7.19261e-10,1,0
0.00671391,-0.306846,-0.0473367,-0.508514,3.57742,-45703,-1,6.57431e-10,1,0
0.00671464,-0.306418,-0.0480353,-0.508504,3.57739,-45634.2,-1,2.00195e-10,1,0
0.00671487,-0.306287,-0.0482488,-0.5085,3.58155,-45613.2,-1,6.71671e-11,1,0
0.00671528,-0.306655,-0.0483692,-0.508367,3.58051,-45665.3,-1,3.00291e-10,1,0
0.00671631,-0.306628,-0.0491167,-0.507501,3.58334,-45654.3,-1,1.03839e-09,1,0
0.00671808,-0.308311,-0.0498942,-0.508224,3.58312,-45892.7,-1,1.98971e-09,1,0
0.00671912,-0.307558,-0.0507101,-0.507878,3.58606,-45773.7,-1,2.51404e-10,1,0
0.00671933,-0.307405,-0.050877,-0.507808,3.58401,-45749.3,-1,2.37751e-10,1,0
0.00672026,-0.30703,-0.0504942,-0.50846,3.58551,-45687.2,-1,8.42313e-10,1,0
0.0067211,-0.306839,-0.0497242,-0.508972,3.58552,-45653.1,-1,8.42313e-10,1,0
0.00672177,-0.306499,-0.0498459,-0.509228,3.58639,-45597.9,-1,4.65522e-10,1,0
0.00672198,-0.306596,-0.0496741,-0.509127,3.58605,-45611,-1,7.05417e-11,1,0
0.00672232,-0.30671,-0.0493767,-0.509095,3.58344,-45625.6,-1,4.81018e-10,1,0
0.00672281,-0.306774,-0.0492038,-0.509101,3.58171,-45631.8,-1,2.82339e-10,1,0
0.00672447,-0.305663,-0.048668,-0.509142,3.57881,-45455.3,-1,7.38146e-10,1,0
0.0067249,-0.305722,-0.0484439,-0.508805,3.57659,-45461.2,-1,3.87752e-11,1,0
0.00672599,-0.306302,-0.0478621,-0.507897,3.57538,-45540,-1,1.22413e-09,1,0
0.00672622,-0.306425,-0.0477381,-0.507704,3.57537,-45556.8,-1,1.22413e-09,1,0
0.00672745,-0.307059,-0.0484576,-0.507209,3.57629,-45642.7,-1,6.09033e-10,1,0
0.00672884,-0.307488,-0.0484019,-0.506684,3.57686,-45697,-1,7.96748e-10,1,0
0.00672985,-0.307607,-0.0486406,-0.505577,3.57726,-45707.8,-1,1.13873e-09,1,0
0.0067322,-0.308398,-0.0490473,-0.504143,3.57645,-45809.4,-1,7.26024e-10,1,0
0.00673292,-0.30847,-0.0496273,-0.50396,3.57688,-45815.1,-1,1.43399e-09,1,0
0.00673407,-0.308557,-0.0495108,-0.504526,3.5782,-45820.2,-1,9.23751e-10,1,0
0.00673462,-0.308821,-0.0499607,-0.504211,3.57819,-45855.7,-1,9.23751e-10,1,0
0.00673598,-0.309632,-0.0503367,-0.503327,3.5757,-45966.9,-1,6.71734e-10,1,0
0.00673832,-0.308333,-0.049251,-0.505327,3.57577,-45758.1,-1,6.71734e-10,1,0
0.00673988,-0.307761,-0.0482741,-0.506395,3.57611,-45662.6,-1,3.91329e-09,1,0
0.0067401,-0.307798,-0.0480302,-0.50644,3.57797,-45666.7,-1,4.84981e-10,1,0
0.00674161,-0.30805,-0.0463883,-0.506742,3.58097,-45693.8,-1,2.49954e-12,1,0
0.00674271,-0.308703,-0.0470719,-0.506649,3.57889,-45783.2,-1,1.08078e-09,1,0
0.00674475,-0.307282,-0.0457684,-0.505411,3.57717,-45558.7,-1,2.45232e-09,1,0
0.00674623,-0.306526,-0.0449231,-0.504453,3.5781,-45436.7,-1,1.42423e-09,1,0
0.00674704,-0.306084,-0.0447299,-0.50373,3.57707,-45365.8,-1,8.42682e-10,1,0
0.00674729,-0.306178,-0.044753,-0.503794,3.57747,-45377.9,-1,1.93409e-10,1,0
0.006748,-0.306339,-0.0454113,-0.503459,3.5781,-45397,-1,3.14355e-11,1,0
0.00674943,-0.3059,-0.0468982,-0.503037,3.57809,-45322.4,-1,1.60661e-09,1,0
0.00674984,-0.306131,-0.0468394,-0.503366,3.57835,-45353.8,-1,2.75474e-10,1,0
0.00675044,-0.306392,-0.0470252,-0.503688,3.57942,-45388.5,-1,1.09976e-10,1,0
0.00675151,-0.307088,-0.047156,-0.504656,3.58095,-45484.4,-1,6.02512e-10,1,0
0.00675385,-0.305342,-0.0472773,-0.503582,3.58128,-45210,-1,1.49732e-09,1,0
0.00675464,-0.305587,-0.0472099,-0.503555,3.58182,-45241,-1,3.11748e-10,1,0
0.00675711,-0.304544,-0.047698,-0.501823,3.58095,-45070.2,-1,1.17419e-09,1,0
0.00675769,-0.304505,-0.0481717,-0.501607,3.57726,-45060.5,-1,1.61444e-10,1,0
0.00675888,-0.304786,-0.0480973,-0.500669,3.57752,-45094.2,-1,1.06878e-09,1,0
0.00675952,-0.304409,-0.047739,-0.500242,3.57727,-45034.1,-1,5.76868e-10,1,0
0.00676038,-0.304741,-0.047021,-0.500292,3.58087,-45077.4,-1,4.2603e-10,1,0
0.00676141,-0.304991,-0.047687,-0.501208,3.58085,-45107.6,-1,4.2603e-10,1,0
0.00676317,-0.305416,-0.048817,-0.502762,3.58083,-45158.7,-1,4.2603e-10,1,0
0.00676419,-0.305525,-0.0492443,-0.503402,3.57944,-45168.1,-1,1.93201e-10,1,0
0.00676595,-0.305554,-0.0491213,-0.502261,3.57758,-45160.6,-1,1.50266e-09,1,0
0.0067674,-0.304975,-0.0487773,-0.502822,3.57153,-45065.4,-1,3.93693e-10,1,0
0.00676885,-0.304618,-0.0490314,-0.50126,3.57115,-45002.9,-1,2.45964e-11,1,0
0.00676974,-0.304173,-0.0489638,-0.50045,3.57114,-44931.2,-1,7.23014e-11,1,0
0.00677102,-0.305363,-0.049206,-0.500264,3.56786,-45098.5,-1,1.41396e-10,1,0
0.0067718,-0.306015,-0.0488896,-0.500717,3.56781,-45189.6,-1,1.344e-09,1,0
0.0067724,-0.306274,-0.0492516,-0.50116,3.5674,-45223.9,-1,1.72459e-10,1,0
0.00677383,-0.306301,-0.0502472,-0.501725,3.56502,-45218.2,-1,1.13428e-09,1,0
0.00677547,-0.30492,-0.0511904,-0.500973,3.56509,-45003.5,-1,1.13428e-09,1,0
0.00677725,-0.303413,-0.0522191,-0.500151,3.56382,-44769.3,-1,4.2999e-09,1,0
0.00677849,-0.302368,-0.0529329,-0.499581,3.56541,-44606.9,-1,1.37185e-09,1,0
0.00677929,-0.301731,-0.0535093,-0.499562,3.56548,-44507.8,-1,2.74705e-10,1,0
0.00678145,-0.30029,-0.0531345,-0.500138,3.56679,-44281.2,-1,1.27849e-09,1,0
0.00678262,-0.300466,-0.0529082,-0.499877,3.56844,-44299.3,-1,6.02092e-10,1,0
0.00678365,-0.300666,-0.053127,-0.498756,3.56843,-44322.1,-1,6.02092e-10,1,0
0.00678566,-0.299835,-0.0529736,-0.497763,3.5668,-44186.5,-1,2.3119e-09,1,0
0.00678687,-0.298574,-0.0525193,-0.49791,3.56624,-43992.8,-1,2.44961e-09,1,0
0.00678861,-0.296753,-0.0518633,-0.498124,3.56416,-43713.4,-1,1.94715e-09,1,0
0.0067896,-0.296441,-0.0520229,-0.49707,3.5633,-43661.1,-1,1.04969e-09,1,0
0.00679122,-0.296837,-0.0525463,-0.495973,3.56169,-43708.9,-1,1.70346e-10,1,0
0.00679213,-0.296418,-0.0521232,-0.495416,3.56264,-43641.3,-1,1.45549e-10,1,0
0.0067934,-0.295373,-0.0523896,-0.494651,3.56065,-43479.4,-1,4.85103e-11,1,0
0.00679484,-0.293883,-0.0525042,-0.495255,3.56266,-43250.9,-1,1.69242e-09,1,0
0.00679598,-0.294186,-0.0536959,-0.495537,3.5642,-43288.2,-1,9.63074e-10,1,0
0.00679732,-0.294666,-0.0540454,-0.495117,3.56631,-43350.3,-1,5.28726e-10,1,0
0.0067976,-0.294565,-0.0540137,-0.494814,3.56512,-43333.6,-1,8.12461e-10,1,0
0.00679904,-0.294059,-0.053855,-0.493298,3.56587,-43250.1,-1,1.60605e-09,1,0
0.0068008,-0.295169,-0.0539853,-0.491676,3.5672,-43402.2,-1,1.97037e-09,1,0
0.00680212,-0.296004,-0.0540832,-0.490457,3.56459,-43516.4,-1,9.01695e-10,1,0
0.00680307,-0.296603,-0.0541536,-0.489581,3.56502,-43598.4,-1,1.64209e-09,1,0
0.00680499,-0.296347,-0.053524,-0.489529,3.5663,-43548.5,-1,4.40553e-10,1,0
0.00680551,-0.296201,-0.0531824,-0.489442,3.56381,-43523.7,-1,4.70121e-11,1,0
0.00680696,-0.295017,-0.0522463,-0.489217,3.56454,-43340.6,-1,3.28603e-10,1,0
0.00680778,-0.295528,-0.0518921,-0.488922,3.5633,-43410.3,-1,5.21492e-10,1,0
0.00680917,-0.296401,-0.0506008,-0.489015,3.56326,-43529.7,-1,5.21492e-10,1,0
0.00681147,-0.297253,-0.0482337,-0.488746,3.56435,-43640.1,-1,1.89503e-09,1,0
0.00681276,-0.296327,-0.0482016,-0.487641,3.56331,-43496,-1,3.66534e-10,1,0
0.00681494,-0.296223,-0.0458876,-0.487619,3.56245,-43466.7,-1,1.55017e-09,1,0
0.00681659,-0.296195,-0.0443992,-0.486531,3.56456,-43452.1,-1,1.84374e-09,1,0
0.00681738,-0.296462,-0.0444638,-0.486626,3.56378,-43486.2,-1,3.40957e-10,1,0
0.00681775,-0.296224,-0.0445758,-0.486569,3.56345,-43448.9,-1,1.97367e-10,1,0
0.0068189,-0.295616,-0.0438654,-0.487429,3.56303,-43352.5,-1,1.27702e-09,1,0
0.0068201,-0.296274,-0.0433942,-0.488513,3.563,-43441.3,-1,1.27702e-09,1,0
0.00682105,-0.296788,-0.0430259,-0.489361,3.56322,-43510.6,-1,2.4107e-09,1,0
0.00682192,-0.296076,-0.0433103,-0.489641,3.56295,-43400.8,-1,7.90167e-10,1,0
0.00682353,-0.296401,-0.0447922,-0.490435,3.5622,-43438.1,-1,8.05537e-10,1,0
0.00682375,-0.296367,-0.0449396,-0.49051,3.56133,-43431.7,-1,8.26445e-11,1,0
0.00682475,-0.296651,-0.0438548,-0.490467,3.55789,-43467,-1,1.14783e-09,1,0
0.00682527,-0.29656,-0.0444213,-0.490384,3.55859,-43450.3,-1,3.66669e-10,1,0
0.00682639,-0.296362,-0.0456487,-0.490203,3.5586,-43414.2,-1,3.66669e-10,1,0
0.00682833,-0.29513,-0.046957,-0.489832,3.55499,-43221.4,-1,1.1277e-09,1,0
0.00682965,-0.293732,-0.0473345,-0.489543,3.55429,-43008.3,-1,1.47687e-09,1,0
0.00683037,-0.293409,-0.0471598,-0.488829,3.55478,-42956.5,-1,2.34252e-10,1,0
0.00683158,-0.294062,-0.0459952,-0.488979,3.55504,-43044.6,-1,5.7593e-10,1,0
0.00683263,-0.294639,-0.0449727,-0.489116,3.55528,-43122.4,-1,5.08127e-10,1,0
0.0068336,-0.295275,-0.0448438,-0.489829,3.5521,-43209.2,-1,3.48758e-11,1,0
0.00683452,-0.295481,-0.0438775,-0.489741,3.55389,-43233.6,-1,9.59892e-10,1,0
0.00683599,-0.294881,-0.0453328,-0.489258,3.55392,-43136.6,-1,9.59892e-10,1,0
0.00683662,-0.294625,-0.0459537,-0.489052,3.55521,-43095.2,-1,5.14579e-10,1,0
0.0068371,-0.295049,-0.0460301,-0.488736,3.55307,-43154.1,-1,3.91157e-11,1,0
0.00683812,-0.294614,-0.047083,-0.488753,3.55309,-43084.1,-1,3.91157e-11,1,0
0.00683966,-0.294142,-0.0469942,-0.489313,3.55515,-43005.3,-1,7.84455e-10,1,0
0.00684078,-0.293498,-0.0462279,-0.488953,3.55523,-42904.1,-1,4.89915e-11,1,0
0.00684161,-0.294029,-0.0457187,-0.488511,3.55611,-42976.5,-1,5.34737e-10,1,0
0.00684258,-0.294522,-0.0450383,-0.487963,3.55344,-43042.6,-1,1.27091e-10,1,0
0.00684371,-0.294384,-0.0453027,-0.488318,3.55272,-43015.2,-1,7.49773e-10,1,0
0.00684567,-0.295125,-0.0442656,-0.489862,3.54916,-43111.2,-1,6.87458e-10,1,0
0.00684656,-0.295198,-0.0449719,-0.489396,3.54643,-43116.2,-1,8.56453e-11,1,0
0.00684788,-0.296214,-0.0452248,-0.488917,3.54473,-43256.3,-1,7.9698e-10,1,0
0.006849,-0.296252,-0.0451747,-0.48924,3.54062,-43254.7,-1,5.79714e-10,1,0
0.00685044,-0.295302,-0.0441718,-0.488431,3.54096,-43107,-1,7.53112e-10,1,0
0.00685324,-0.29606,-0.0440656,-0.490281,3.54338,-43200,-1,1.83963e-09,1,0
0.0068561,-0.296619,-0.0434675,-0.492923,3.5426,-43263.5,-1,1.16037e-09,1,0
0.0068571,-0.296708,-0.0429503,-0.493756,3.54337,-43270.2,-1,3.39727e-10,1,0
0.00685809,-0.29765,-0.0426275,-0.493636,3.54141,-43401.4,-1,5.83527e-10,1,0
0.006859,-0.297402,-0.0436155,-0.4937,3.54246,-43359.4,-1,1.02067e-09,1,0
0.0068594,-0.297356,-0.0434487,-0.494089,3.54113,-43350.1,-1,2.71639e-10,1,0
0.00686098,-0.296654,-0.0443223,-0.49412,3.54187,-43237.8,-1,6.7142e-10,1,0
0.00686145,-0.296223,-0.0445264,-0.494359,3.54301,-43172,-1,1.62145e-09,1,0
0.00686234,-0.295752,-0.0448745,-0.494778,3.54077,-43097.8,-1,7.9766e-10,1,0
0.00686412,-0.297579,-0.0453222,-0.49544,3.54134,-43352.8,-1,1.7856e-09,1,0
0.0068647,-0.297735,-0.0454117,-0.49567,3.5418,-43371.8,-1,1.41076e-10,1,0
0.00686595,-0.297553,-0.0452673,-0.495622,3.54312,-43337.5,-1,6.29245e-10,1,0
0.00686706,-0.298594,-0.0455614,-0.496022,3.54203,-43482.1,-1,2.44288e-10,1,0
0.00686844,-0.299293,-0.0453162,-0.496635,3.54162,-43575.1,-1,1.45527e-09,1,0
0.00686941,-0.299984,-0.0455173,-0.497187,3.54108,-43669.6,-1,3.9939e-10,1,0
0.00687006,-0.300179,-0.0455475,-0.497046,3.53961,-43693.8,-1,4.64471e-11,1,0
0.00687123,-0.30089,-0.0460016,-0.496544,3.54051,-43789.8,-1,8.54397e-10,1,0
0.00687216,-0.301155,-0.0451682,-0.49711,3.5405,-43822.4,-1,8.54397e-10,1,0
0.00687392,-0.301654,-0.0435968,-0.498176,3.53884,-43883.9,-1,2.49217e-09,1,0
0.00687497,-0.300721,-0.042977,-0.497902,3.53935,-43741.5,-1,5.29844e-10,1,0
0.00687681,-0.299685,-0.0422567,-0.497153,3.54087,-43579,-1,5.48605e-10,1,0
0.00687836,-0.298097,-0.0423,-0.497516,3.54095,-43338.5,-1,3.61503e-11,1,0
0.00687937,-0.2991,-0.042131,-0.498007,3.53872,-43477.9,-1,1.129e-09,1,0
0.00687958,-0.299295,-0.0421113,-0.497893,3.53913,-43504.8,-1,1.95789e-10,1,0
0.00688096,-0.299899,-0.0415361,-0.497267,3.53955,-43583.8,-1,1.15646e-09,1,0
0.00688215,-0.299764,-0.0409841,-0.497581,3.53956,-43556.8,-1,2.73225e-10,1,0
0.00688355,-0.300779,-0.0421132,-0.497983,3.53931,-43695.3,-1,1.90109e-09,1,0
0.00688448,-0.300326,-0.042613,-0.498378,3.53725,-43623.6,-1,5.35918e-10,1,0
0.00688484,-0.300298,-0.0429912,-0.498298,3.53691,-43617.3,-1,6.93982e-10,1,0
0.00688614,-0.300934,-0.0441752,-0.497888,3.53844,-43701.4,-1,8.57062e-10,1,0
0.0068865,-0.301264,-0.0441209,-0.498102,3.53715,-43747,-1,3.96354e-10,1,0
0.00688802,-0.302259,-0.0429618,-0.497642,3.5353,-43881.8,-1,1.59802e-09,1,0
0.0068887,-0.302725,-0.0426666,-0.497247,3.53406,-43945.1,-1,3.24077e-10,1,0
0.00688973,-0.302902,-0.0420394,-0.496295,3.53405,-43964.3,-1,3.24077e-10,1,0
0.0068905,-0.303167,-0.0413199,-0.496297,3.53323,-43997.9,-1,5.88524e-10,1,0
0.00689207,-0.304306,-0.0405555,-0.497254,3.53094,-44153.1,-1,2.5596e-10,1,0
0.00689359,-0.303559,-0.0415663,-0.496166,3.52921,-44035,-1,1.29265e-09,1,0
0.00689387,-0.303502,-0.0415834,-0.496204,3.53035,-44024.9,-1,1.61016e-10,1,0
0.00689455,-0.304252,-0.0414992,-0.496118,3.53045,-44129.4,-1,7.59959e-10,1,0
0.00689537,-0.303697,-0.0411465,-0.496496,3.53057,-44043.7,-1,1.16475e-10,1,0
0.00689661,-0.303619,-0.040565,-0.497751,3.53057,-44024.3,-1,1.16475e-10,1,0
0.00689758,-0.303557,-0.0401102,-0.498732,3.53058,-44009.2,-1,1.16475e-10,1,0
0.00689964,-0.303784,-0.0393821,-0.50084,3.53022,-44028.9,-1,3.88449e-09,1,0
0.0069002,-0.303599,-0.039355,-0.501198,3.52921,-43998.5,-1,1.37389e-10,1,0
0.00690076,-0.303047,-0.0391803,-0.500951,3.52882,-43915,-1,6.29e-10,1,0
0.00690232,-0.302236,-0.0390562,-0.501078,3.5312,-43787.6,-1,1.09414e-09,1,0
0.0069032,-0.301648,-0.0391296,-0.501088,3.53027,-43696.9,-1,4.49224e-10,1,0
0.00690404,-0.30208,-0.0389779,-0.50126,3.53182,-43754.1,-1,6.53349e-10,1,0
0.00690479,-0.302677,-0.0390447,-0.501737,3.53113,-43835.8,-1,1.08071e-10,1,0
0.00690554,-0.302656,-0.0390711,-0.502567,3.53113,-43828,-1,1.08071e-10,1,0
0.00690733,-0.302605,-0.0391347,-0.504568,3.53189,-43809.2,-1,2.83384e-09,1,0
0.00690796,-0.302313,-0.039538,-0.505057,3.53148,-43763,-1,1.01339e-10,1,0
0.00690827,-0.30221,-0.0397727,-0.505048,3.53146,-43746.1,-1,2.81721e-10,1,0
0.0069095,-0.301503,-0.0407788,-0.50447,3.5321,-43636,-1,4.22635e-11,1,0
0.00691096,-0.3007,-0.0418029,-0.503482,3.53214,-43510.6,-1,4.22635e-11,1,0
0.0069117,-0.300297,-0.0423166,-0.502986,3.53044,-43447.7,-1,2.55269e-09,1,0
0.00691217,-0.299896,-0.0420916,-0.502931,3.52985,-43386.7,-1,1.87261e-10,1,0
0.00691308,-0.2989,-0.0422647,-0.50282,3.53,-43236.9,-1,1.01699e-09,1,0
0.00691444,-0.299173,-0.0407965,-0.502558,3.52986,-43267.9,-1,1.51615e-09,1,0
0.00691513,-0.299171,-0.0405901,-0.50182,3.52918,-43263.3,-1,6.61831e-10,1,0
0.00691572,-0.299199,-0.0404142,-0.501189,3.52918,-43263.7,-1,6.61831e-10,1,0
0.00691631,-0.299228,-0.0402367,-0.500552,3.52918,-43264.1,-1,6.61831e-10,1,0
0.00691768,-0.299185,-0.0398009,-0.499147,3.53073,-43249.3,-1,1.40008e-10,1,0
0.0069203,-0.29863,-0.0397443,-0.498657,3.52991,-43152.8,-1,6.24253e-10,1,0
0.00692096,-0.298979,-0.039166,-0.49836,3.53019,-43199.1,-1,1.89252e-09,1,0
0.00692192,-0.299256,-0.0400338,-0.498518,3.52943,-43233.1,-1,1.61367e-10,1,0
0.00692282,-0.300012,-0.0402233,-0.498767,3.52871,-43336.6,-1,7.13988e-10,1,0
0.0069246,-0.30091,-0.0419667,-0.499062,3.52767,-43455.2,-1,1.0269e-09,1,0
0.00692702,-0.300986,-0.0418632,-0.500994,3.52839,-43450.9,-1,1.01125e-09,1,0
0.00692779,-0.30053,-0.0425776,-0.501112,3.52926,-43380.4,-1,3.11168e-10,1,0
0.00692853,-0.300606,-0.0429937,-0.501025,3.52951,-43386.7,-1,1.01151e-09,1,0
0.00692944,-0.301422,-0.0428812,-0.500982,3.52965,-43498.8,-1,1.01266e-09,1,0
0.00693048,-0.30192,-0.0423179,-0.500928,3.52807,-43564.1,-1,5.13565e-11,1,0
0.00693159,-0.301833,-0.0419296,-0.500154,3.5269,-43544.5,-1,1.42157e-09,1,0
0.00693284,-0.300838,-0.0419874,-0.499351,3.52666,-43393.1,-1,9.9257e-10,1,0
0.00693351,-0.30134,-0.0418043,-0.498931,3.52701,-43461.5,-1,5.59101e-10,1,0
0.00693379,-0.301388,-0.0417857,-0.498625,3.52701,-43466.5,-1,5.59101e-10,1,0
0.00693514,-0.301527,-0.0417857,-0.497379,3.52505,-43478.2,-1,1.45132e-10,1,0
0.00693637,-0.302651,-0.0417923,-0.496604,3.52345,-43632.5,-1,1.66047e-10,1,0
0.00693729,-0.303497,-0.0417972,-0.496021,3.5234,-43748.6,-1,1.66047e-10,1,0
0.00693849,-0.304602,-0.0418037,-0.495259,3.5228,-43900.3,-1,2.36999e-09,1,0
0.00694043,-0.305156,-0.0405895,-0.494435,3.52021,-43967.9,-1,1.29236e-09,1,0
0.00694081,-0.304787,-0.0404458,-0.494305,3.51925,-43912.3,-1,2.87533e-10,1,0
0.00694186,-0.304147,-0.0404517,-0.494117,3.52074,-43813.5,-1,1.07353e-11,1,0
0.00694279,-0.304485,-0.0413895,-0.494385,3.52072,-43856.3,-1,1.07353e-11,1,0
0.00694424,-0.305013,-0.0428542,-0.494802,3.52301,-43923.2,-1,2.96146e-09,1,0
0.00694561,-0.304793,-0.042222,-0.493786,3.52274,-43882.8,-1,4.09372e-10,1,0
0.00694795,-0.304429,-0.0426618,-0.491871,3.52455,-43815.7,-1,5.6e-10,1,0
0.00694936,-0.304266,-0.0437937,-0.490801,3.52565,-43783.3,-1,1.34552e-09,1,0
0.00695111,-0.304339,-0.0453384,-0.491056,3.52577,-43782.8,-1,1.13835e-09,1,0
0.00695324,-0.304953,-0.0440437,-0.489763,3.52744,-43857.7,-1,1.29265e-09,1,0
0.00695367,-0.304819,-0.0435987,-0.489716,3.52623,-43835.7,-1,4.60599e-10,1,0
0.00695494,-0.304851,-0.0438511,-0.489863,3.52761,-43832.3,-1,5.61372e-10,1,0
0.0069557,-0.304852,-0.0443039,-0.490382,3.52767,-43827.7,-1,1.51872e-09,1,0
0.0069567,-0.30467,-0.0437586,-0.491235,3.52781,-43795.2,-1,1.03256e-10,1,0
0.00695788,-0.304365,-0.0437523,-0.492122,3.5284,-43744,-1,4.09438e-10,1,0
0.00696048,-0.304829,-0.0443205,-0.492687,3.52901,-43794.2,-1,2.20252e-09,1,0
0.00696261,-0.306548,-0.0458407,-0.492052,3.52881,-44027.7,-1,3.98267e-09,1,0
0.00696495,-0.308287,-0.0448274,-0.493697,3.52872,-44262.7,-1,3.98267e-09,1,0
0.00696647,-0.309236,-0.0442274,-0.494887,3.52889,-44389.1,-1,3.42584e-10,1,0
0.00696824,-0.308877,-0.0447755,-0.496754,3.52926,-44326.4,-1,1.97854e-09,1,0
0.00696872,-0.308752,-0.0445975,-0.496297,3.5303,-44305.4,-1,2.25717e-10,1,0
0.00697117,-0.310003,-0.0459584,-0.498305,3.53089,-44469.3,-1,2.32801e-10,1,0
0.00697257,-0.310099,-0.0457076,-0.497045,3.52888,-44474.2,-1,6.67298e-10,1,0
0.0069733,-0.309956,-0.0464529,-0.497124,3.52667,-44448.9,-1,2.7951e-10,1,0
0.00697476,-0.310394,-0.0474365,-0.497326,3.52781,-44502.4,-1,1.01251e-09,1,0
0.00697547,-0.310972,-0.0473518,-0.497658,3.52743,-44580.8,-1,1.03766e-09,1,0
0.00697615,-0.310663,-0.0468312,-0.497914,3.52777,-44532.2,-1,4.98784e-10,1,0
0.00697669,-0.310309,-0.0463579,-0.498049,3.52776,-44477.9,-1,7.63155e-10,1,0
0.00697754,-0.310256,-0.0456243,-0.497711,3.52735,-44465,-1,7.43448e-10,1,0
0.00697906,-0.310531,-0.0442918,-0.496688,3.52734,-44494.7,-1,7.43448e-10,1,0
0.00697979,-0.311102,-0.0440261,-0.496544,3.52881,-44571.9,-1,2.64377e-09,1,0
0.00698058,-0.311212,-0.0439485,-0.497288,3.52967,-44582.5,-1,4.27708e-10,1,0
0.00698101,-0.311435,-0.0439062,-0.497706,3.5288,-44611.8,-1,8.6225e-10,1,0
0.00698359,-0.312273,-0.0446941,-0.498208,3.52823,-44715.3,-1,1.16338e-09,1,0
0.00698376,-0.312331,-0.0447657,-0.498099,3.52738,-44722.4,-1,1.28956e-10,1,0
0.00698442,-0.312503,-0.0449614,-0.498241,3.52777,-44742.8,-1,2.75885e-10,1,0
0.00698579,-0.313163,-0.0455896,-0.49773,3.53058,-44828.5,-1,8.64805e-10,1,0
0.00698772,-0.311487,-0.0453862,-0.496551,3.52933,-44576.4,-1,1.29242e-09,1,0
0.00698942,-0.310415,-0.0460558,-0.4969,3.52822,-44412.1,-1,1.51996e-09,1,0
0.00698991,-0.310018,-0.0464226,-0.496976,3.53007,-44352.2,-1,2.58744e-10,1,0
0.00699115,-0.309882,-0.0457669,-0.498181,3.53007,-44324.9,-1,2.58744e-10,1,0
0.00699166,-0.310007,-0.046098,-0.498436,3.52626,-44339.5,-1,4.76952e-10,1,0
0.00699205,-0.309797,-0.0461781,-0.49807,3.5256,-44307.1,-1,4.29372e-10,1,0
0.00699327,-0.310615,-0.045847,-0.499114,3.52555,-44416.3,-1,4.29372e-10,1,0
0.0069943,-0.311495,-0.045955,-0.499655,3.52378,-44535.6,-1,1.3577e-10,1,0
0.00699511,-0.312318,-0.0460591,-0.500025,3.52116,-44648.1,-1,1.26216e-09,1,0
0.00699622,-0.312837,-0.0463491,-0.500262,3.52423,-44715.1,-1,7.30108e-11,1,0
0.00699692,-0.313117,-0.0460444,-0.499811,3.52163,-44750.7,-1,6.91794e-10,1,0
0.00699742,-0.312839,-0.0456043,-0.499973,3.52312,-44707.8,-1,5.29687e-10,1,0
0.00699916,-0.313845,-0.0472132,-0.499584,3.52355,-44840.4,-1,1.937e-09,1,0
0.00700009,-0.314383,-0.0480728,-0.499376,3.52352,-44911.3,-1,1.937e-09,1,0
0.00700072,-0.314828,-0.048441,-0.499371,3.52265,-44970.8,-1,1.52091e-09,1,0
0.00700135,-0.314716,-0.0482797,-0.499058,3.52123,-44950.8,-1,5.02251e-10,1,0
0.00700309,-0.315715,-0.0479136,-0.500567,3.52236,-45082.2,-1,1.63183e-09,1,0
0.00700356,-0.316005,-0.0480235,-0.500901,3.52353,-45120.6,-1,3.64304e-10,1,0
0.00700424,-0.316755,-0.0479432,-0.501017,3.52349,-45223.4,-1,3.64304e-10,1,0
0.00700508,-0.317676,-0.0478423,-0.501153,3.5237,-45349.3,-1,2.13521e-11,1,0
0.00700616,-0.316996,-0.0486771,-0.501682,3.52374,-45245.4,-1,2.13521e-11,1,0
0.0070077,-0.315607,-0.0487715,-0.502428,3.52555,-45037.2,-1,1.29405e-09,1,0
0.00701024,-0.31649,-0.0496638,-0.499891,3.52349,-45146.8,-1,2.83091e-09,1,0
0.00701144,-0.316462,-0.0493891,-0.498834,3.52363,-45135.1,-1,1.5185e-10,1,0
0.00701397,-0.315418,-0.0499687,-0.498434,3.52513,-44970,-1,1.52455e-09,1,0
0.0070154,-0.316105,-0.0513723,-0.498696,3.52615,-45058.7,-1,1.58429e-09,1,0
0.00701683,-0.314611,-0.0509205,-0.498379,3.52597,-44836.6,-1,2.99752e-10,1,0
0.00701725,-0.314407,-0.0508072,-0.49802,3.52569,-44804.8,-1,1.15335e-10,1,0
0.00701849,-0.31507,-0.0511377,-0.497607,3.52552,-44891.4,-1,8.33945e-10,1,0
0.00702089,-0.314966,-0.0505701,-0.497725,3.52628,-44861.4,-1,2.73966e-10,1,0
0.00702115,-0.314757,-0.0503599,-0.497767,3.52672,-44829.9,-1,1.59182e-09,1,0
0.00702288,-0.315173,-0.0496103,-0.498345,3.52471,-44878,-1,7.47537e-10,1,0
0.00702388,-0.314808,-0.0498644,-0.498725,3.53051,-44819.8,-1,3.03053e-10,1,0
0.00702556,-0.313812,-0.0502162,-0.497531,3.53108,-44667.3,-1,9.6282e-10,1,0
0.00702695,-0.31356,-0.0510408,-0.496244,3.53109,-44622.5,-1,9.6282e-10,1,0
0.00702766,-0.313429,-0.051467,-0.495579,3.53176,-44599.4,-1,4.01332e-10,1,0
0.00702811,-0.313571,-0.0516514,-0.495442,3.53206,-44616.7,-1,1.74986e-10,1,0
0.00702988,-0.314931,-0.0518669,-0.494267,3.53298,-44798.9,-1,1.93335e-09,1,0
0.00703146,-0.314741,-0.0506783,-0.493061,3.53233,-44761.8,-1,8.00885e-10,1,0
0.00703229,-0.314384,-0.0503836,-0.492902,3.53034,-44705.8,-1,2.82984e-10,1,0
0.007033,-0.314453,-0.0501567,-0.493522,3.53062,-44711.1,-1,2.6737e-10,1,0
0.00703475,-0.315135,-0.0490257,-0.49496,3.5276,-44797,-1,2.44209e-09,1,0
0.00703598,-0.314718,-0.0490362,-0.494908,3.5262,-44729.8,-1,3.94083e-10,1,0
0.0070364,-0.314901,-0.0489793,-0.49465,3.52751,-44753.2,-1,3.72843e-12,1,0
0.00703807,-0.315247,-0.0502283,-0.493307,3.52915,-44791.7,-1,1.06674e-09,1,0
0.00703873,-0.315382,-0.0507171,-0.492781,3.52915,-44806.7,-1,1.06674e-09,1,0
0.00703972,-0.315587,-0.0514563,-0.491986,3.52841,-44829.4,-1,2.83146e-09,1,0
0.00704129,-0.317259,-0.051943,-0.491833,3.52854,-45056.9,-1,9.54678e-11,1,0
0.00704221,-0.318229,-0.0522345,-0.491721,3.52711,-45188.8,-1,2.68081e-09,1,0
0.00704257,-0.318123,-0.051967,-0.491881,3.5273,-45171.4,-1,2.99634e-10,1,0
0.007044,-0.31798,-0.0510398,-0.491408,3.52485,-45142,-1,3.7164e-11,1,0
0.00704489,-0.31873,-0.0507615,-0.491984,3.527,-45242.7,-1,9.56501e-10,1,0
0.00704554,-0.318644,-0.0505154,-0.492536,3.52734,-45226.3,-1,5.66887e-10,1,0
0.00704596,-0.318896,-0.0507996,-0.492632,3.52774,-45259.5,-1,2.08185e-10,1,0
0.00704774,-0.320011,-0.052391,-0.493074,3.52414,-45406.1,-1,2.40397e-09,1,0
0.00704874,-0.319775,-0.0521536,-0.493397,3.52568,-45366.3,-1,4.13638e-10,1,0
0.00704921,-0.32024,-0.0520441,-0.493388,3.52419,-45429.2,-1,6.3227e-10,1,0
0.00704999,-0.321019,-0.0522818,-0.49307,3.52064,-45534.7,-1,1.02448e-09,1,0
0.00705134,-0.320228,-0.0516492,-0.491963,3.52237,-45413.7,-1,1.50041e-09,1,0
0.00705148,-0.320345,-0.0516496,-0.491979,3.5217,-45429.5,-1,8.21074e-11,1,0
0.00705247,-0.321259,-0.0519839,-0.492468,3.52179,-45552.7,-1,1.36064e-10,1,0
0.00705335,-0.322024,-0.0518811,-0.49251,3.52099,-45655.5,-1,4.41446e-10,1,0
0.00705431,-0.321467,-0.0517764,-0.493407,3.51849,-45570.3,-1,3.75798e-10,1,0
0.00705462,-0.321284,-0.0517421,-0.493701,3.5185,-45542.3,-1,3.75798e-10,1,0
0.007055,-0.321059,-0.0517,-0.494062,3.51851,-45508.1,-1,3.75798e-10,1,0
0.00705675,-0.320941,-0.0514012,-0.49544,3.51619,-45480.1,-1,2.5714e-09,1,0
0.00705779,-0.320379,-0.0515224,-0.495836,3.51915,-45393.7,-1,5.52277e-10,1,0
0.00705885,-0.320636,-0.0509881,-0.495654,3.51861,-45423.3,-1,5.32172e-10,1,0
0.00706141,-0.321435,-0.0526632,-0.497817,3.51857,-45519.9,-1,5.32172e-10,1,0
0.00706307,-0.321145,-0.0517487,-0.497675,3.5193,-45468.2,-1,8.38736e-10,1,0
0.00706497,-0.320573,-0.0530058,-0.497495,3.51909,-45375,-1,1.00278e-09,1,0
0.00706626,-0.319859,-0.0537983,-0.498229,3.51476,-45265.7,-1,7.01255e-11,1,0
0.00706753,-0.320747,-0.05358,-0.498367,3.51762,-45383.2,-1,1.10957e-09,1,0
0.00706844,-0.320608,-0.0538114,-0.498039,3.51389,-45357.6,-1,6.55735e-10,1,0
0.00706988,-0.319818,-0.0524272,-0.498201,3.51237,-45236.6,-1,1.96352e-09,1,0
0.0070707,-0.319092,-0.0528162,-0.498607,3.51244,-45128.8,-1,9.17694e-10,1,0
0.00707231,-0.317463,-0.0531509,-0.497958,3.51098,-44888.1,-1,5.12301e-10,1,0
0.00707331,-0.316999,-0.0528202,-0.498515,3.50867,-44816.2,-1,3.56961e-10,1,0
0.00707446,-0.317434,-0.0534038,-0.499312,3.51117,-44870.4,-1,3.96403e-10,1,0
0.0070757,-0.316902,-0.0523634,-0.498755,3.5095,-44787.4,-1,1.33253e-09,1,0
0.00707687,-0.315974,-0.0527271,-0.499196,3.50896,-44648.8,-1,4.87261e-10,1,0
0.00707798,-0.314809,-0.0526344,-0.499582,3.50901,-44477.2,-1,4.87261e-10,1,0
0.00707916,-0.314409,-0.0525339,-0.499199,3.51037,-44413.3,-1,6.39611e-10,1,0
0.00708041,-0.31535,-0.0531854,-0.499923,3.51031,-44538.4,-1,2.19689e-11,1,0
0.00708095,-0.315776,-0.0534696,-0.500248,3.51126,-44595.1,-1,1.97014e-09,1,0
0.00708232,-0.315086,-0.054478,-0.499882,3.5136,-44489.1,-1,1.1786e-09,1,0
0.00708387,-0.314373,-0.0543923,-0.500857,3.51426,-44378.7,-1,1.58e-09,1,0
0.00708464,-0.314492,-0.0539636,-0.500686,3.51236,-44390.7,-1,3.38587e-10,1,0
0.00708525,-0.314656,-0.0546121,-0.500828,3.51276,-44410,-1,6.8373e-10,1,0
0.0070866,-0.31521,-0.0539069,-0.500394,3.51128,-44479.7,-1,3.94384e-10,1,0
0.00708872,-0.316329,-0.0519954,-0.500216,3.51324,-44624.2,-1,2.47164e-10,1,0
0.0070898,-0.316859,-0.0527744,-0.500158,3.51077,-44692.3,-1,6.52292e-10,1,0
0.0070902,-0.317096,-0.0531412,-0.500222,3.51057,-44723.1,-1,6.67189e-10,1,0
0.00709116,-0.317291,-0.0532094,-0.499406,3.51057,-44744.5,-1,3.52652e-10,1,0
0.00709286,-0.31739,-0.0544725,-0.499255,3.50863,-44747.8,-1,1.29264e-09,1,0
0.00709441,-0.318462,-0.0557147,-0.498749,3.50805,-44889.2,-1,5.52009e-10,1,0
0.00709471,-0.318674,-0.0559598,-0.498649,3.50804,-44917.1,-1,5.52009e-10,1,0
0.00709572,-0.319434,-0.0566289,-0.498293,3.50932,-45017.9,-1,2.29701e-10,1,0
0.00709705,-0.320423,-0.0572732,-0.498518,3.50807,-45148.7,-1,1.51352e-10,1,0
0.00709806,-0.321345,-0.0578424,-0.498796,3.50803,-45272.2,-1,1.51352e-10,1,0
0.00709897,-0.322076,-0.0577434,-0.498891,3.50535,-45369.4,-1,1.30082e-10,1,0
0.00709946,-0.322248,-0.0573538,-0.498972,3.5046,-45390.5,-1,2.30513e-10,1,0
0.00710071,-0.322928,-0.0561786,-0.498679,3.5042,-45478.3,-1,1.58806e-09,1,0
0.00710181,-0.323527,-0.0551436,-0.498421,3.50406,-45555.6,-1,1.22335e-09,1,0
0.00710275,-0.324038,-0.0550428,-0.498731,3.50614,-45621.5,-1,4.87488e-10,1,0
0.00710368,-0.323977,-0.055169,-0.499141,3.5031,-45607,-1,6.59937e-10,1,0
0.00710516,-0.324694,-0.053684,-0.499079,3.50356,-45698.4,-1,2.01807e-09,1,0
0.0071066,-0.324813,-0.0529625,-0.497664,3.50355,-45705.9,-1,2.01807e-09,1,0
0.0071078,-0.324913,-0.0523585,-0.49648,3.50261,-45712.2,-1,2.22103e-09,1,0
0.00710933,-0.32504,-0.0515892,-0.494971,3.50261,-45720.2,-1,2.22103e-09,1,0
0.00711053,-0.325297,-0.0510483,-0.493831,3.50205,-45748.6,-1,3.47785e-09,1,0
0.00711222,-0.326562,-0.0506593,-0.492498,3.50287,-45915.6,-1,1.70949e-09,1,0
0.00711341,-0.326569,-0.0494356,-0.492015,3.50252,-45909,-1,1.31571e-09,1,0
0.00711446,-0.327358,-0.049428,-0.491514,3.50235,-46013.1,-1,4.3641e-10,1,0
0.00711627,-0.328862,-0.0501174,-0.491029,3.50725,-46212.6,-1,8.33548e-10,1,0
0.00711692,-0.32848,-0.0497231,-0.491238,3.50832,-46154.8,-1,4.93371e-10,1,0
0.0071176,-0.328197,-0.0494352,-0.490908,3.50845,-46110.6,-1,6.42927e-10,1,0
0.00711892,-0.327457,-0.049324,-0.48964,3.5085,-45998.1,-1,9.13537e-10,1,0
0.00711999,-0.326765,-0.0488484,-0.489724,3.50802,-45894.1,-1,1.43663e-09,1,0
0.00712036,-0.326657,-0.0488638,-0.489877,3.50935,-45876.4,-1,7.1757e-11,1,0
0.00712189,-0.32538,-0.0477713,-0.490139,3.50942,-45687.3,-1,7.1757e-11,1,0
0.00712206,-0.325234,-0.0476464,-0.490169,3.50943,-45665.7,-1,7.1757e-11,1,0
0.00712366,-0.325619,-0.0464247,-0.489843,3.50894,-45709.5,-1,1.24637e-09,1,0
0.0071251,-0.32662,-0.0452836,-0.489319,3.50889,-45840.7,-1,1.24637e-09,1,0
0.00712572,-0.326912,-0.0450475,-0.489061,3.50947,-45877.8,-1,1.63793e-10,1,0
0.0071265,-0.327072,-0.0453549,-0.488821,3.50826,-45895.2,-1,1.9776e-10,1,0
0.00712817,-0.326556,-0.0461782,-0.487689,3.5072,-45812,-1,1.18756e-09,1,0
0.0071295,-0.325822,-0.0466205,-0.486703,3.50755,-45700.5,-1,9.20121e-11,1,0
0.00713037,-0.325936,-0.0475717,-0.486616,3.50662,-45710.9,-1,7.72543e-10,1,0
0.00713079,-0.326127,-0.0473178,-0.486628,3.50769,-45735,-1,3.83212e-10,1,0
0.0071315,-0.326502,-0.0466186,-0.486667,3.50767,-45783,-1,3.83212e-10,1,0
0.00713234,-0.326899,-0.0457835,-0.486745,3.50805,-45833.4,-1,1.48375e-09,1,0
0.00713334,-0.326922,-0.0452647,-0.485822,3.50733,-45830.1,-1,7.37601e-10,1,0
0.00713508,-0.328329,-0.0449809,-0.485128,3.50695,-46016.1,-1,3.15283e-10,1,0
0.00713637,-0.329453,-0.0453076,-0.485668,3.50884,-46165.4,-1,3.19396e-10,1,0
0.00713712,-0.329953,-0.0456278,-0.486247,3.50653,-46230.6,-1,9.42878e-11,1,0
0.00713824,-0.330551,-0.046121,-0.487145,3.50734,-46307.1,-1,1.16672e-09,1,0
0.00713868,-0.33043,-0.0463421,-0.487562,3.50734,-46287.3,-1,1.16672e-09,1,0
0.00714083,-0.329835,-0.047426,-0.489606,3.50803,-46190.1,-1,3.05623e-09,1,0
0.0071429,-0.329261,-0.0484726,-0.491581,3.50806,-46096.2,-1,3.05623e-09,1,0
0.00714424,-0.329506,-0.0489761,-0.492837,3.50733,-46122,-1,1.11852e-11,1,0
0.00714478,-0.329771,-0.0487246,-0.492448,3.50743,-46155.5,-1,1.18996e-10,1,0
0.00714552,-0.330014,-0.048307,-0.491795,3.50742,-46184.8,-1,1.18996e-10,1,0
0.00714598,-0.329561,-0.0483189,-0.491777,3.50387,-46118.3,-1,3.67497e-10,1,0
0.00714724,-0.329615,-0.0483815,-0.491559,3.50318,-46117.8,-1,6.89881e-10,1,0
0.00715007,-0.329749,-0.0470265,-0.492796,3.50468,-46118.3,-1,9.51219e-10,1,0
0.00715114,-0.330619,-0.0466449,-0.492992,3.50401,-46233.1,-1,2.71353e-09,1,0
0.00715275,-0.330894,-0.0472922,-0.492177,3.50209,-46261,-1,1.05269e-09,1,0
0.00715406,-0.331212,-0.0475163,-0.493474,3.50183,-46297.1,-1,6.02934e-10,1,0
0.00715567,-0.331145,-0.0470379,-0.493868,3.5034,-46277.3,-1,7.9863e-10,1,0
0.00715693,-0.331455,-0.0470262,-0.494904,3.50539,-46312.4,-1,9.98838e-10,1,0
0.00715775,-0.331944,-0.0475309,-0.495122,3.50662,-46375.4,-1,1.0816e-09,1,0
0.00716098,-0.335279,-0.0462482,-0.495479,3.50645,-46820.3,-1,1.0816e-09,1,0
0.00716254,-0.336476,-0.0468724,-0.496396,3.5077,-46977.3,-1,4.02983e-09,1,0
0.00716396,-0.336821,-0.0474637,-0.496939,3.50951,-47016.1,-1,2.66028e-09,1,0
0.00716486,-0.336365,-0.0475281,-0.496684,3.5074,-46946.5,-1,1.6338e-10,1,0
0.00716591,-0.336954,-0.0478831,-0.496588,3.50605,-47021.8,-1,5.88006e-10,1,0
0.00716677,-0.337256,-0.0486514,-0.497068,3.50441,-47058.3,-1,8.30123e-10,1,0
0.00716834,-0.33715,-0.0500458,-0.496367,3.50467,-47033.3,-1,1.02154e-10,1,0
0.00716894,-0.337094,-0.0506311,-0.496044,3.50507,-47021.5,-1,2.31283e-09,1,0
0.00717025,-0.336577,-0.0504416,-0.495859,3.5028,-46940.8,-1,8.55172e-10,1,0
0.00717204,-0.336068,-0.0505249,-0.494628,3.50324,-46858.1,-1,1.2926e-09,1,0
0.0071738,-0.335613,-0.0516062,-0.495579,3.49808,-46783.1,-1,4.68572e-11,1,0
0.00717397,-0.335584,-0.0516168,-0.495724,3.49628,-46778,-1,4.81344e-11,1,0
0.00717523,-0.335978,-0.0508015,-0.496385,3.49058,-46824.7,-1,1.11866e-09,1,0
0.00717556,-0.335844,-0.0510605,-0.496194,3.49063,-46803.8,-1,1.6967e-10,1,0
0.00717583,-0.335718,-0.0512082,-0.496003,3.49203,-46784.5,-1,1.25942e-10,1,0
0.00717637,-0.335515,-0.0512462,-0.49645,3.4906,-46752.8,-1,3.07184e-10,1,0
0.00717811,-0.335557,-0.051325,-0.497305,3.49233,-46747.3,-1,1.01619e-09,1,0
0.00717901,-0.335971,-0.051307,-0.496752,3.48967,-46799.1,-1,3.35385e-10,1,0
0.00717959,-0.336391,-0.0511802,-0.496273,3.4907,-46853.7,-1,1.14951e-09,1,0
0.00718126,-0.335128,-0.0520524,-0.495361,3.49051,-46667.1,-1,5.4312e-11,1,0
0.007182,-0.334635,-0.0521484,-0.494935,3.48918,-46593.6,-1,6.24241e-10,1,0
0.00718414,-0.333069,-0.0524527,-0.496376,3.49126,-46361.7,-1,3.8948e-10,1,0
0.00718491,-0.332457,-0.0523187,-0.495786,3.49129,-46271.6,-1,3.8948e-10,1,0
0.0071854,-0.332197,-0.0521339,-0.49587,3.48917,-46232.3,-1,2.78312e-10,1,0
0.00718612,-0.332791,-0.0524117,-0.495414,3.48914,-46310.3,-1,2.78312e-10,1,0
0.00718644,-0.332675,-0.0522905,-0.495659,3.48623,-46292,-1,3.22314e-10,1,0
0.00718751,-0.332285,-0.0520805,-0.496184,3.48673,-46230.9,-1,2.72213e-10,1,0
0.00718811,-0.332207,-0.0520494,-0.495763,3.4871,-46216.1,-1,3.14519e-12,1,0
0.00718911,-0.332098,-0.0526471,-0.494838,3.48724,-46194.5,-1,3.73499e-10,1,0
0.00718985,-0.332018,-0.0530854,-0.49416,3.48725,-46178.7,-1,3.73499e-10,1,0
0.00719095,-0.332701,-0.0533182,-0.493466,3.48719,-46266.6,-1,1.96712e-09,1,0
0.00719256,-0.334318,-0.0533277,-0.492704,3.48742,-46481.1,-1,2.26551e-10,1,0
0.00719403,-0.333733,-0.0541023,-0.491397,3.48731,-46390.2,-1,1.62866e-09,1,0
0.0071946,-0.333685,-0.0544841,-0.490902,3.48731,-46379.9,-1,1.62866e-09,1,0
0.00719638,-0.333534,-0.0556833,-0.489345,3.48732,-46347.5,-1,1.62866e-09,1,0
0.00719661,-0.333487,-0.0556139,-0.489283,3.48688,-46339.5,-1,1.11219e-10,1,0
0.00719736,-0.332894,-0.0554559,-0.48938,3.48567,-46252.2,-1,1.8992e-10,1,0
0.00719891,-0.332443,-0.0548221,-0.488326,3.48163,-46179.7,-1,2.86048e-10,1,0
0.00720016,-0.331697,-0.0543205,-0.487346,3.4807,-46068,-1,7.72141e-12,1,0
0.00720031,-0.331545,-0.0543925,-0.487311,3.48144,-46045.9,-1,1.13272e-11,1,0
0.00720203,-0.330421,-0.0531462,-0.488212,3.4815,-45878.8,-1,1.13272e-11,1,0
0.00720374,-0.329646,-0.0539277,-0.489239,3.47939,-45760.4,-1,1.44188e-09,1,0
0.00720473,-0.330533,-0.0544927,-0.48954,3.47724,-45877.2,-1,9.25658e-11,1,0
0.00720623,-0.331254,-0.0553328,-0.489592,3.47232,-45967.8,-1,1.25671e-09,1,0
0.00720746,-0.332085,-0.0556087,-0.488739,3.47068,-46075.1,-1,1.87803e-10,1,0
0.00720936,-0.332746,-0.0555633,-0.487302,3.47243,-46154.7,-1,2.6142e-09,1,0
0.0072101,-0.332132,-0.055516,-0.486869,3.47236,-46064.9,-1,6.82031e-10,1,0
0.00721259,-0.331585,-0.0558108,-0.48682,3.46951,-45973.1,-1,1.15063e-09,1,0
0.00721328,-0.331251,-0.0558329,-0.487428,3.47009,-45922.3,-1,6.47382e-10,1,0
0.00721379,-0.330778,-0.0559929,-0.487278,3.46974,-45853.6,-1,1.41261e-10,1,0
0.00721551,-0.329288,-0.0562913,-0.486711,3.46957,-45636.1,-1,4.73558e-10,1,0
0.0072172,-0.330933,-0.0571203,-0.486415,3.4701,-45853.3,-1,2.00827e-09,1,0
0.00721767,-0.33075,-0.0574027,-0.486494,3.47323,-45825,-1,3.95303e-11,1,0
0.00721915,-0.329353,-0.057878,-0.48632,3.47266,-45622.1,-1,1.29244e-09,1,0
0.00722026,-0.329679,-0.0580531,-0.486571,3.47584,-45660.2,-1,5.68526e-10,1,0
0.00722077,-0.330057,-0.0580317,-0.48688,3.47569,-45709.4,-1,3.00168e-10,1,0
0.00722224,-0.328872,-0.0579839,-0.487861,3.47442,-45535.9,-1,2.60673e-10,1,0
0.00722269,-0.329173,-0.0577337,-0.487825,3.47149,-45574.9,-1,5.50699e-11,1,0
0.00722369,-0.328972,-0.0582032,-0.487726,3.46769,-45540.8,-1,8.03064e-10,1,0
0.00722461,-0.328734,-0.0575923,-0.486939,3.4677,-45502,-1,8.03064e-10,1,0
0.00722695,-0.329654,-0.0569376,-0.485549,3.46696,-45614.6,-1,2.31686e-09,1,0
0.00722838,-0.331154,-0.0570805,-0.485061,3.46498,-45813,-1,1.93742e-09,1,0
0.00722972,-0.330848,-0.0577719,-0.484741,3.46308,-45762.2,-1,1.40023e-09,1,0
0.00723109,-0.329717,-0.0587541,-0.484475,3.46154,-45597.2,-1,2.12175e-09,1,0
0.00723173,-0.329198,-0.0592051,-0.484352,3.46098,-45521.4,-1,2.96034e-10,1,0
0.00723267,-0.330233,-0.0591476,-0.48448,3.46012,-45658.5,-1,1.0439e-09,1,0
0.00723279,-0.330126,-0.0591645,-0.48448,3.459,-45642.9,-1,4.2267e-11,1,0
0.00723322,-0.329671,-0.0590716,-0.484398,3.45903,-45577.4,-1,4.2267e-11,1,0
0.00723426,-0.328563,-0.0588448,-0.484199,3.45908,-45417.6,-1,4.2267e-11,1,0
0.00723488,-0.328124,-0.0586873,-0.48414,3.4597,-45353.1,-1,2.08682e-10,1,0
0.00723528,-0.328098,-0.0582987,-0.48435,3.45901,-45347,-1,4.42472e-10,1,0
0.00723651,-0.328041,-0.0590621,-0.485482,3.45898,-45331.3,-1,1.36611e-09,1,0
0.00723764,-0.32887,-0.058648,-0.484676,3.46073,-45438.9,-1,1.15523e-09,1,0
0.00723942,-0.3284,-0.0568902,-0.485422,3.46124,-45362.7,-1,1.68315e-10,1,0
0.00724106,-0.328916,-0.0563915,-0.485326,3.46203,-45423.7,-1,9.10909e-10,1,0
0.00724262,-0.328218,-0.0551305,-0.486259,3.46206,-45317.5,-1,9.10909e-10,1,0
0.00724444,-0.327399,-0.0536529,-0.487352,3.4651,-45193.1,-1,2.8969e-09,1,0
0.00724638,-0.327413,-0.052203,-0.487832,3.46241,-45182.9,-1,1.29246e-09,1,0
0.00724721,-0.32748,-0.0513586,-0.487666,3.46264,-45187,-1,9.31306e-10,1,0
0.00724785,-0.327432,-0.0506673,-0.487563,3.46264,-45176.5,-1,9.31306e-10,1,0
0.00724832,-0.327454,-0.0503246,-0.487539,3.46461,-45176.5,-1,1.00354e-10,1,0
0.00724974,-0.326984,-0.0490334,-0.487577,3.46392,-45102.9,-1,1.42721e-09,1,0
0.0072511,-0.326865,-0.0499727,-0.487078,3.46239,-45078.1,-1,1.09709e-09,1,0
0.00725192,-0.326652,-0.0503952,-0.48724,3.46285,-45043.6,-1,5.55307e-10,1,0
0.00725289,-0.326378,-0.0507928,-0.486863,3.46214,-44999.7,-1,2.60784e-10,1,0
0.00725308,-0.326273,-0.0506946,-0.486922,3.46142,-44984,-1,2.37452e-10,1,0
0.00725323,-0.326367,-0.0506304,-0.48691,3.45882,-44996.1,-1,1.88988e-11,1,0
0.00725459,-0.327715,-0.0508607,-0.486497,3.46051,-45173.5,-1,1.53235e-09,1,0
0.00725528,-0.3271,-0.0509438,-0.486667,3.46161,-45084.3,-1,1.24342e-10,1,0
0.00725647,-0.32579,-0.0509116,-0.486574,3.45862,-44896.4,-1,1.33101e-09,1,0
0.00725691,-0.325983,-0.0510034,-0.4864,3.45119,-44920.4,-1,1.99984e-10,1,0
0.00725805,-0.327062,-0.0503486,-0.486441,3.45095,-45062,-1,8.59565e-10,1,0
0.00725965,-0.327552,-0.0513999,-0.487763,3.45092,-45119.5,-1,8.59565e-10,1,0
0.00725991,-0.327632,-0.0515717,-0.487979,3.45034,-45129,-1,2.04623e-09,1,0
0.00726191,-0.328242,-0.0516619,-0.488961,3.4477,-45200.5,-1,9.15503e-10,1,0
0.00726285,-0.328758,-0.0510996,-0.48927,3.4478,-45265.8,-1,4.56351e-10,1,0
0.00726384,-0.329313,-0.0507344,-0.490136,3.44914,-45335.9,-1,1.66923e-09,1,0
0.00726492,-0.329043,-0.0498566,-0.489375,3.44915,-45291.9,-1,1.66923e-09,1,0
0.00726631,-0.328655,-0.0487508,-0.488442,3.44908,-45230,-1,5.82238e-11,1,0
0.00726657,-0.328509,-0.0486604,-0.488281,3.4497,-45208.3,-1,1.67341e-10,1,0
0.00726722,-0.328413,-0.04921,-0.488178,3.44797,-45190.9,-1,6.0139e-10,1,0
0.00726832,-0.327534,-0.049087,-0.487999,3.45039,-45063.3,-1,2.06081e-10,1,0
0.0072692,-0.327713,-0.0481953,-0.487787,3.45353,-45082.4,-1,4.23851e-10,1,0
0.00727039,-0.328194,-0.0488478,-0.487926,3.45251,-45141.2,-1,6.51531e-12,1,0
0.00727273,-0.328571,-0.0493034,-0.489029,3.45197,-45178.5,-1,1.56608e-09,1,0
0.00727352,-0.329284,-0.0491938,-0.488929,3.44819,-45271.7,-1,5.35402e-12,1,0
0.00727406,-0.329844,-0.0490099,-0.488799,3.44992,-45345.2,-1,9.75272e-11,1,0
0.0072746,-0.329612,-0.048563,-0.488495,3.44994,-45310,-1,4.92301e-10,1,0
0.00727532,-0.329713,-0.0486618,-0.487713,3.44993,-45319.4,-1,2.44019e-10,1,0
0.00727622,-0.329602,-0.0485873,-0.486898,3.44881,-45298.5,-1,1.26328e-09,1,0
0.00727719,-0.329686,-0.0479998,-0.487201,3.44882,-45304,-1,6.68638e-10,1,0
0.00727812,-0.329695,-0.0483434,-0.488068,3.44907,-45299.5,-1,8.83228e-10,1,0
0.00727921,-0.329951,-0.0490796,-0.488229,3.44909,-45327.8,-1,2.4586e-10,1,0
0.00727972,-0.330149,-0.0494246,-0.48784,3.44949,-45351.9,-1,8.48445e-11,1,0
0.00728143,-0.330821,-0.0505938,-0.48652,3.44948,-45433.6,-1,3.42137e-10,1,0
0.00728189,-0.331003,-0.0509104,-0.486162,3.45032,-45455.7,-1,2.07936e-09,1,0
0.00728402,-0.332173,-0.0519133,-0.484475,3.45028,-45603,-1,1.05742e-09,1,0
0.00728541,-0.333123,-0.0523299,-0.483341,3.45091,-45724.6,-1,2.11939e-09,1,0
0.00728641,-0.333803,-0.0527212,-0.48293,3.45141,-45811.8,-1,3.13475e-10,1,0
0.00728693,-0.333494,-0.0531926,-0.483007,3.45149,-45766,-1,2.38786e-10,1,0
0.00728789,-0.332714,-0.053811,-0.482723,3.45128,-45653.1,-1,4.80456e-10,1,0
0.00728814,-0.332665,-0.0538699,-0.482897,3.44929,-45644.8,-1,1.68598e-11,1,0
0.00728984,-0.332886,-0.0540144,-0.484601,3.44808,-45664.4,-1,1.5316e-10,1,0
0.00729141,-0.333591,-0.0532598,-0.483942,3.45206,-45751.3,-1,1.38845e-09,1,0
0.00729225,-0.333615,-0.0528942,-0.483729,3.44844,-45749.3,-1,3.78488e-10,1,0
0.0072942,-0.331596,-0.0523316,-0.483535,3.44822,-45460.2,-1,3.21226e-10,1,0
0.00729458,-0.331371,-0.0523647,-0.483683,3.45134,-45427,-1,1.27144e-10,1,0
0.00729577,-0.331323,-0.0530537,-0.484793,3.45186,-45413,-1,2.83312e-10,1,0
0.00729714,-0.332211,-0.0536788,-0.485279,3.45047,-45526.2,-1,3.22077e-10,1,0
0.00729775,-0.332449,-0.053496,-0.48469,3.45102,-45554.9,-1,1.20736e-09,1,0
0.00729941,-0.333082,-0.0529058,-0.483137,3.44916,-45631.4,-1,1.29867e-10,1,0
0.00730154,-0.334318,-0.0509943,-0.482568,3.44618,-45787.3,-1,2.34613e-09,1,0
0.00730249,-0.333765,-0.0512188,-0.48296,3.44734,-45705.6,-1,5.73466e-10,1,0
0.00730291,-0.333466,-0.0508834,-0.482917,3.44672,-45662,-1,5.51273e-10,1,0
0.00730411,-0.332635,-0.0498984,-0.482659,3.44679,-45540.8,-1,1.70402e-09,1,0
0.00730469,-0.332136,-0.0503085,-0.482619,3.44965,-45468.9,-1,2.64462e-10,1,0
0.0073057,-0.331282,-0.0510115,-0.48255,3.44968,-45345.7,-1,1.49075e-09,1,0
0.00730688,-0.330753,-0.0518525,-0.482888,3.45264,-45266,-1,9.31266e-10,1,0
0.00730741,-0.330881,-0.0516736,-0.482553,3.45098,-45280.1,-1,3.81338e-10,1,0
0.00730834,-0.331067,-0.0509459,-0.48187,3.45056,-45299.9,-1,3.09985e-10,1,0
0.0073087,-0.331347,-0.0507914,-0.48211,3.45055,-45336,-1,3.09985e-10,1,0
0.00730911,-0.331665,-0.0506168,-0.482381,3.45047,-45376.9,-1,6.5827e-10,1,0
0.00731012,-0.332024,-0.0510265,-0.48264,3.45064,-45419.7,-1,7.02669e-10,1,0
0.00731077,-0.332027,-0.0517372,-0.482586,3.45064,-45416.1,-1,7.02669e-10,1,0
0.00731186,-0.331679,-0.0525959,-0.482509,3.44988,-45361.8,-1,7.71628e-10,1,0
0.00731275,-0.332266,-0.0521537,-0.482696,3.44834,-45436.6,-1,8.57713e-10,1,0
0.00731384,-0.332399,-0.0511029,-0.483082,3.44807,-45448,-1,8.65836e-11,1,0
0.00731587,-0.332623,-0.0489574,-0.48369,3.44781,-45465.9,-1,2.40989e-09,1,0
0.00731635,-0.332558,-0.0486035,-0.483839,3.44746,-45454.2,-1,3.03159e-11,1,0
0.00731788,-0.331462,-0.0492339,-0.48473,3.44733,-45294.8,-1,7.66754e-10,1,0
0.0073187,-0.331194,-0.0491041,-0.485027,3.44736,-45253.1,-1,2.02738e-10,1,0
0.00731969,-0.330719,-0.0496636,-0.484285,3.44744,-45182.1,-1,6.67064e-10,1,0
0.00732109,-0.330054,-0.0504963,-0.483157,3.44683,-45082.6,-1,2.51684e-09,1,0
0.00732213,-0.329564,-0.0511099,-0.482326,3.44686,-45009.4,-1,1.2315e-09,1,0
0.00732276,-0.329268,-0.0514816,-0.481823,3.44688,-44965,-1,1.2315e-09,1,0
0.0073236,-0.328873,-0.0519758,-0.481153,3.44672,-44906,-1,4.52537e-10,1,0
0.00732478,-0.328452,-0.0527215,-0.481979,3.4469,-44841.2,-1,1.21337e-09,1,0
0.00732506,-0.328502,-0.0525792,-0.482164,3.44979,-44846.3,-1,2.99312e-10,1,0
0.0073259,-0.328883,-0.0529241,-0.482939,3.44861,-44893.2,-1,1.02894e-09,1,0
0.00732647,-0.329394,-0.0531524,-0.482651,3.44859,-44959.5,-1,1.02894e-09,1,0
0.0073288,-0.329819,-0.05357,-0.481899,3.44557,-45003.1,-1,3.32696e-10,1,0
0.00732921,-0.32948,-0.0532876,-0.481853,3.44531,-44954.4,-1,3.56632e-11,1,0
0.00732984,-0.328941,-0.0528591,-0.481783,3.44489,-44877,-1,1.00056e-09,1,0
0.00733122,-0.32775,-0.051913,-0.481626,3.44538,-44706,-1,3.64613e-10,1,0
0.00733178,-0.327276,-0.0515367,-0.481564,3.44515,-44638,-1,1.87395e-09,1,0
0.00733246,-0.32672,-0.0510829,-0.481527,3.44625,-44558.1,-1,7.16909e-10,1,0
0.0073326,-0.326739,-0.0510194,-0.481579,3.44592,-44559.7,-1,5.36536e-11,1,0
0.00733379,-0.327046,-0.0499318,-0.480915,3.44638,-44594.5,-1,1.31067e-09,1,0
0.00733514,-0.326511,-0.0495496,-0.479578,3.44637,-44513.3,-1,1.20828e-10,1,0
0.00733611,-0.326126,-0.0492748,-0.478616,3.4465,-44454.9,-1,6.29952e-10,1,0
0.00733657,-0.325999,-0.0492055,-0.478379,3.44653,-44434.8,-1,1.25412e-09,1,0
0.0073384,-0.326225,-0.0497327,-0.48031,3.44652,-44454.5,-1,1.25412e-09,1,0
0.00733995,-0.326722,-0.0492904,-0.479054,3.44635,-44512.9,-1,1.5574e-09,1,0
0.00734146,-0.327168,-0.0501801,-0.477728,3.44622,-44564.4,-1,1.65777e-09,1,0
0.00734242,-0.327236,-0.0503425,-0.477282,3.44742,-44567.9,-1,3.54674e-10,1,0
0.00734318,-0.326813,-0.0509596,-0.477355,3.44815,-44505.7,-1,7.74399e-10,1,0
0.00734453,-0.327915,-0.0507195,-0.477716,3.4474,-44647.5,-1,9.1086e-11,1,0
0.00734561,-0.327503,-0.0509794,-0.476661,3.44541,-44584.9,-1,1.16207e-09,1,0
0.00734723,-0.328553,-0.0524091,-0.47676,3.44493,-44718,-1,1.7093e-09,1,0
0.00734873,-0.328071,-0.0532305,-0.476139,3.44462,-44643.2,-1,4.05535e-10,1,0
0.00735035,-0.32726,-0.0525332,-0.475242,3.44401,-44523.1,-1,1.29247e-09,1,0
0.00735086,-0.327083,-0.0521212,-0.474917,3.44402,-44495.9,-1,1.29247e-09,1,0
0.00735104,-0.327059,-0.0519382,-0.474852,3.44238,-44491.6,-1,4.67376e-11,1,0
0.0073521,-0.328179,-0.0522196,-0.475005,3.44233,-44637.5,-1,4.67376e-11,1,0
0.00735269,-0.328802,-0.0523761,-0.47509,3.4423,-44718.7,-1,4.67376e-11,1,0
0.00735403,-0.330223,-0.052731,-0.475284,3.44074,-44903.7,-1,6.69121e-12,1,0
0.0073544,-0.32992,-0.0528355,-0.47523,3.44182,-44860.1,-1,3.91212e-11,1,0
0.00735482,-0.329524,-0.0527454,-0.475213,3.4422,-44803.8,-1,9.23105e-11,1,0
0.00735711,-0.32721,-0.0519726,-0.474613,3.44232,-44475.4,-1,9.23105e-11,1,0
0.00735814,-0.32689,-0.0527735,-0.47395,3.44358,-44425.7,-1,7.24455e-11,1,0
0.00736003,-0.326378,-0.0543555,-0.472698,3.44361,-44344.7,-1,7.24455e-11,1,0
0.00736042,-0.326353,-0.054564,-0.472332,3.44014,-44338.9,-1,1.47827e-10,1,0
0.00736272,-0.325541,-0.0564033,-0.472698,3.43997,-44214.8,-1,9.77473e-10,1,0
0.00736381,-0.325752,-0.0562214,-0.472767,3.43959,-44236.9,-1,6.24932e-10,1,0
0.00736435,-0.325923,-0.056534,-0.472303,3.4403,-44256.8,-1,2.21266e-12,1,0
0.00736577,-0.326401,-0.056188,-0.471436,3.43911,-44313.2,-1,8.3381e-10,1,0
0.0073672,-0.326804,-0.0562333,-0.471595,3.44109,-44359.3,-1,7.84276e-10,1,0
0.0073691,-0.325411,-0.0560711,-0.470125,3.44125,-44158.9,-1,2.34642e-09,1,0
0.00736973,-0.325031,-0.0557927,-0.470287,3.44142,-44103.5,-1,6.56746e-10,1,0
0.00737049,-0.325286,-0.0557951,-0.469983,3.43983,-44133.6,-1,3.41304e-10,1,0
0.0073721,-0.326666,-0.0554261,-0.469686,3.43951,-44311.1,-1,1.72351e-10,1,0
0.00737279,-0.326345,-0.0554228,-0.469641,3.4416,-44263.5,-1,1.67239e-10,1,0
0.00737353,-0.326874,-0.0549427,-0.469507,3.44172,-44330.8,-1,7.54e-10,1,0
0.00737412,-0.327,-0.0551671,-0.469137,3.44047,-44344.3,-1,3.00162e-10,1,0
0.00737479,-0.327594,-0.0553078,-0.468867,3.44211,-44420.8,-1,6.91429e-10,1,0
0.00737629,-0.327503,-0.0561976,-0.469468,3.44081,-44399.4,-1,4.09737e-10,1,0
0.00737771,-0.327955,-0.0571509,-0.469689,3.44001,-44452.2,-1,2.32885e-09,1,0
0.00737889,-0.328659,-0.0575115,-0.468651,3.43922,-44540.4,-1,1.82387e-09,1,0
0.00738132,-0.328436,-0.058417,-0.466761,3.44045,-44495.6,-1,1.37433e-09,1,0
0.00738283,-0.327322,-0.0590815,-0.465717,3.44139,-44335.6,-1,1.66554e-09,1,0
0.00738429,-0.326952,-0.0589063,-0.464166,3.44157,-44276.8,-1,2.37539e-10,1,0
0.00738509,-0.326779,-0.0588994,-0.463373,3.44172,-44248.4,-1,2.16489e-09,1,0
0.0073867,-0.326992,-0.0606106,-0.46294,3.44462,-44267.7,-1,2.13916e-10,1,0
0.00738937,-0.325065,-0.0599374,-0.460915,3.44756,-43990.9,-1,7.94107e-10,1,0
0.00739177,-0.325696,-0.0619252,-0.459288,3.44819,-44062,-1,2.6446e-09,1,0
0.00739333,-0.325405,-0.0617717,-0.458415,3.44846,-44013.4,-1,4.95381e-10,1,0
0.00739424,-0.325692,-0.0621918,-0.458779,3.44619,-44046.7,-1,3.73202e-10,1,0
0.00739587,-0.325538,-0.0637756,-0.459621,3.44697,-44016.2,-1,1.349e-09,1,0
0.00739894,-0.325641,-0.0657073,-0.458219,3.44509,-44011.8,-1,1.13135e-09,1,0
0.0074014,-0.32689,-0.0673414,-0.456455,3.4451,-44165.9,-1,4.00209e-09,1,0
0.00740414,-0.327582,-0.0666156,-0.453618,3.44506,-44243.1,-1,4.00209e-09,1,0
0.00740584,-0.326989,-0.0665987,-0.452573,3.44527,-44152.8,-1,4.02811e-09,1,0
0.00740758,-0.325227,-0.0672812,-0.452386,3.44414,-43904.6,-1,7.09404e-10,1,0
0.00740846,-0.324413,-0.0670105,-0.452505,3.44382,-43789.6,-1,2.14055e-10,1,0
0.00740894,-0.324184,-0.0669847,-0.452796,3.44234,-43755.8,-1,2.57518e-10,1,0
0.00741031,-0.324196,-0.0677227,-0.453783,3.44188,-43749.3,-1,2.90088e-10,1,0
0.00741082,-0.32407,-0.0680951,-0.453383,3.44189,-43729.3,-1,2.90088e-10,1,0
0.00741194,-0.324088,-0.0672863,-0.45311,3.44231,-43725.2,-1,9.78929e-10,1,0
0.00741448,-0.321562,-0.0661974,-0.452568,3.44057,-43369.5,-1,3.65167e-10,1,0
0.00741577,-0.320439,-0.0657294,-0.45217,3.44047,-43210.4,-1,1.26666e-09,1,0
0.00741654,-0.320604,-0.0655954,-0.451448,3.4425,-43228.3,-1,3.3016e-10,1,0
0.00741761,-0.320982,-0.0648102,-0.450657,3.44359,-43273,-1,1.17731e-09,1,0
0.00742035,-0.320597,-0.0647295,-0.45365,3.44361,-43205.1,-1,1.17731e-09,1,0
0.00742162,-0.320684,-0.0645431,-0.452998,3.44633,-43209.4,-1,3.14568e-10,1,0
0.00742264,-0.32115,-0.0642725,-0.45201,3.44631,-43266.3,-1,3.14568e-10,1,0
0.00742417,-0.321848,-0.0638678,-0.450532,3.44597,-43351.4,-1,3.22513e-09,1,0
0.00742433,-0.321923,-0.0638243,-0.450373,3.44704,-43360.5,-1,4.56704e-10,1,0
0.00742555,-0.322477,-0.0635026,-0.449199,3.44643,-43428.1,-1,3.85576e-10,1,0
0.00742793,-0.324073,-0.0626265,-0.447833,3.44687,-43629,-1,2.59539e-09,1,0
0.00742897,-0.324838,-0.0626022,-0.447459,3.44701,-43725.8,-1,4.97754e-10,1,0
0.00742955,-0.325326,-0.0623545,-0.447304,3.44775,-43788.2,-1,2.29951e-10,1,0
0.00743041,-0.326106,-0.0618043,-0.447328,3.44771,-43888,-1,2.29951e-10,1,0
0.00743087,-0.326522,-0.0615106,-0.44734,3.45306,-43941.3,-1,1.0847e-11,1,0
0.00743153,-0.32696,-0.0616197,-0.446776,3.45304,-43996.3,-1,1.0847e-11,1,0
0.00743237,-0.327376,-0.0615407,-0.446023,3.45569,-44047.4,-1,3.4724e-10,1,0
0.00743336,-0.327138,-0.0604814,-0.44599,3.45571,-44009.5,-1,3.4724e-10,1,0
0.00743466,-0.326918,-0.060009,-0.446313,3.45453,-43972.1,-1,7.57755e-11,1,0
0.00743682,-0.327106,-0.061713,-0.446956,3.45372,-43984.6,-1,5.1559e-10,1,0
0.00743847,-0.326753,-0.0621852,-0.447338,3.45449,-43927.4,-1,1.01446e-09,1,0
0.00744,-0.326555,-0.0611834,-0.448681,3.45208,-43891.8,-1,2.36869e-09,1,0
0.00744097,-0.327116,-0.0611745,-0.449183,3.45197,-43961.5,-1,2.52105e-10,1,0
0.00744151,-0.327399,-0.0612205,-0.4494,3.45139,-43996.3,-1,1.00441e-10,1,0
0.0074428,-0.327625,-0.0613487,-0.448004,3.45138,-44019.1,-1,1.00441e-10,1,0
0.00744387,-0.327812,-0.0614547,-0.44685,3.45099,-44037.9,-1,3.1849e-10,1,0
0.00744515,-0.32758,-0.0608061,-0.447574,3.4506,-43999.1,-1,1.1809e-09,1,0
0.00744654,-0.327935,-0.0607962,-0.446083,3.45097,-44038.6,-1,1.17365e-09,1,0
0.00744822,-0.327337,-0.060788,-0.446557,3.44843,-43948.4,-1,5.8061e-10,1,0
0.00744925,-0.326678,-0.060784,-0.447492,3.44847,-43853.8,-1,5.8061e-10,1,0
0.0074499,-0.3263,-0.0607105,-0.447645,3.4491,-43799.2,-1,2.86717e-09,1,0
0.00745036,-0.326067,-0.0605684,-0.447218,3.44604,-43765.3,-1,7.6334e-10,1,0
0.00745257,-0.324946,-0.0598841,-0.445161,3.44756,-43601.8,-1,1.14754e-09,1,0
0.00745419,-0.324709,-0.0600881,-0.443675,3.4493,-43560.6,-1,2.18561e-10,1,0
0.00745548,-0.324332,-0.0601588,-0.44275,3.4482,-43502.5,-1,6.94391e-10,1,0
0.0074565,-0.324352,-0.0593205,-0.443138,3.44801,-43499.3,-1,6.89933e-10,1,0
0.00745734,-0.324852,-0.0586629,-0.443271,3.44803,-43561.3,-1,2.51902e-10,1,0
0.00745786,-0.325186,-0.058214,-0.443185,3.44811,-43603.1,-1,6.70394e-10,1,0
0.0074588,-0.325459,-0.05795,-0.44266,3.44829,-43634.2,-1,1.05823e-09,1,0
0.0074606,-0.325218,-0.0587043,-0.440838,3.45154,-43591.4,-1,1.41908e-09,1,0
0.00746105,-0.325159,-0.0588909,-0.440386,3.45155,-43580.9,-1,1.41908e-09,1,0
0.00746235,-0.324853,-0.0588295,-0.441516,3.44972,-43532.2,-1,1.29238e-09,1,0
0.00746316,-0.324653,-0.0587515,-0.442381,3.44826,-43500.8,-1,8.91166e-10,1,0
0.00746406,-0.324345,-0.059284,-0.442564,3.4487,-43454.3,-1,5.79747e-10,1,0
0.00746476,-0.324363,-0.0594793,-0.443247,3.45056,-43452.6,-1,3.38581e-11,1,0
0.00746644,-0.324492,-0.0588992,-0.441492,3.45055,-43460.1,-1,3.38581e-11,1,0
0.00746789,-0.324603,-0.0583983,-0.439977,3.45017,-43466.5,-1,3.45317e-09,1,0
0.00746803,-0.324614,-0.0583503,-0.439831,3.45017,-43467.1,-1,3.45317e-09,1,0
0.00746847,-0.324647,-0.0581992,-0.439374,3.4518,-43469.1,-1,8.12795e-12,1,0
0.00746985,-0.324617,-0.0579421,-0.439635,3.45398,-43457,-1,6.01771e-10,1,0
0.00747076,-0.325252,-0.0577702,-0.440082,3.4554,-43536.6,-1,7.05052e-10,1,0
0.00747245,-0.326398,-0.0564245,-0.439507,3.45372,-43680.2,-1,5.04751e-10,1,0
0.00747376,-0.325113,-0.0560852,-0.438943,3.45002,-43500.6,-1,1.44393e-09,1,0
0.00747641,-0.326613,-0.0578018,-0.43712,3.45007,-43685.9,-1,1.62651e-09,1,0
0.00747732,-0.327098,-0.0583646,-0.436463,3.44911,-43745.4,-1,9.18393e-11,1,0
0.00747943,-0.324827,-0.0578683,-0.436432,3.44946,-43429.4,-1,2.32521e-09,1,0
0.00748073,-0.32472,-0.056989,-0.435464,3.44774,-43407.5,-1,1.09976e-09,1,0
0.00748225,-0.323769,-0.0556054,-0.435498,3.44568,-43271.6,-1,1.92332e-09,1,0
0.0074827,-0.323488,-0.0551963,-0.435508,3.44569,-43231.4,-1,1.92332e-09,1,0
0.00748374,-0.322989,-0.0542644,-0.435664,3.44263,-43158.8,-1,2.16255e-10,1,0
0.0074844,-0.322638,-0.0542035,-0.436116,3.44104,-43108,-1,5.0222e-10,1,0
0.00748692,-0.322382,-0.0543664,-0.435785,3.44071,-43059.3,-1,1.29254e-09,1,0
0.00748877,-0.321322,-0.0551035,-0.435382,3.43898,-42907.2,-1,7.71424e-10,1,0
0.00748926,-0.32083,-0.0552827,-0.435507,3.43786,-42838.7,-1,1.80125e-09,1,0
0.00749118,-0.318899,-0.0559862,-0.435999,3.43729,-42569.9,-1,6.08586e-10,1,0
0.00749181,-0.318496,-0.0564973,-0.435891,3.43652,-42512.5,-1,1.27842e-09,1,0
0.00749245,-0.318231,-0.0560666,-0.435882,3.4364,-42473.6,-1,6.90713e-10,1,0
0.00749433,-0.317856,-0.055104,-0.435272,3.434,-42412.9,-1,7.30043e-10,1,0
0.00749476,-0.317596,-0.0549289,-0.434929,3.43295,-42375.7,-1,1.27839e-11,1,0
0.00749526,-0.317612,-0.0547764,-0.434542,3.43339,-42375,-1,2.48141e-10,1,0
0.00749693,-0.318951,-0.0544322,-0.433343,3.43308,-42544.2,-1,1.83001e-09,1,0
0.00749842,-0.320299,-0.0551192,-0.433751,3.43209,-42715.6,-1,1.54923e-09,1,0
0.00749917,-0.320094,-0.0555195,-0.434434,3.43299,-42684,-1,1.56892e-10,1,0
0.00750068,-0.319853,-0.0557199,-0.435298,3.43215,-42643.2,-1,4.35368e-10,1,0
0.00750159,-0.319425,-0.0555687,-0.434922,3.43308,-42581,-1,2.51064e-10,1,0
0.00750262,-0.319281,-0.0557551,-0.434369,3.43335,-42555.9,-1,5.05407e-10,1,0
0.00750391,-0.319951,-0.0560914,-0.43323,3.43349,-42637.9,-1,8.31915e-10,1,0
0.00750589,-0.321417,-0.0569886,-0.431893,3.43363,-42821.9,-1,8.84805e-10,1,0
0.00750747,-0.322412,-0.0557755,-0.431641,3.43171,-42945.6,-1,1.51172e-10,1,0
0.00750972,-0.323937,-0.053943,-0.431691,3.43157,-43135.7,-1,3.31453e-09,1,0
0.00751135,-0.324696,-0.0524686,-0.432375,3.43153,-43227.4,-1,3.31453e-09,1,0
0.0075131,-0.325508,-0.0508932,-0.433106,3.43149,-43325.4,-1,3.31453e-09,1,0
0.00751371,-0.325494,-0.0503444,-0.43303,3.43077,-43320,-1,4.73632e-09,1,0
0.00751431,-0.325269,-0.0498107,-0.43272,3.42957,-43286.6,-1,4.62623e-10,1,0
0.00751541,-0.324512,-0.0490408,-0.432248,3.42983,-43179.6,-1,4.54838e-10,1,0
0.00751567,-0.324427,-0.0490489,-0.43216,3.42967,-43166.7,-1,1.18998e-10,1,0
0.00751679,-0.325195,-0.049492,-0.432274,3.43099,-43262.5,-1,9.14878e-10,1,0
0.00751771,-0.32507,-0.0498012,-0.432086,3.4273,-43240.5,-1,9.14196e-10,1,0
0.00751807,-0.324985,-0.0496186,-0.432006,3.42521,-43227.2,-1,1.82516e-10,1,0
0.00751957,-0.325996,-0.0507487,-0.431415,3.42532,-43353,-1,1.75993e-11,1,0
0.00752027,-0.32648,-0.0512817,-0.431141,3.4245,-43413.4,-1,2.00698e-09,1,0
0.00752108,-0.327043,-0.0519007,-0.430822,3.42438,-43483.5,-1,1.28792e-09,1,0
0.00752276,-0.32601,-0.0534227,-0.430883,3.42724,-43336.5,-1,9.05047e-10,1,0
0.00752483,-0.323804,-0.0530888,-0.430454,3.42364,-43031.4,-1,3.43811e-10,1,0
0.0075262,-0.322531,-0.05303,-0.430183,3.42304,-42854.5,-1,3.29003e-09,1,0
0.0075272,-0.322913,-0.0534774,-0.429886,3.42239,-42899.4,-1,8.82636e-10,1,0
0.00752822,-0.322461,-0.0538926,-0.43077,3.42501,-42833.6,-1,3.86278e-10,1,0
0.00752977,-0.323007,-0.0542151,-0.431616,3.42596,-42897.3,-1,9.70854e-10,1,0
0.0075309,-0.322067,-0.0539233,-0.430864,3.42575,-42766.1,-1,6.48236e-10,1,0
0.00753287,-0.321723,-0.0541772,-0.429509,3.42445,-42709.2,-1,9.95569e-10,1,0
0.00753351,-0.321289,-0.0546854,-0.429265,3.42447,-42647.9,-1,9.95569e-10,1,0
0.0075343,-0.3217,-0.0552115,-0.429192,3.42551,-42698.1,-1,9.14e-10,1,0
0.007536,-0.322985,-0.0561507,-0.428922,3.42394,-42859,-1,2.63344e-10,1,0
0.00753785,-0.322338,-0.0562295,-0.429949,3.42507,-42762.5,-1,1.5883e-09,1,0
0.00753838,-0.322733,-0.0562677,-0.429617,3.42399,-42812,-1,2.88945e-11,1,0
0.00753992,-0.324049,-0.05582,-0.428651,3.42479,-42977.7,-1,2.03078e-09,1,0
0.00754069,-0.324458,-0.0553616,-0.428528,3.42376,-43027.7,-1,7.58194e-11,1,0
0.00754335,-0.323568,-0.0531196,-0.42912,3.42521,-42894.4,-1,1.29268e-09,1,0
0.00754497,-0.322235,-0.0533361,-0.428867,3.42558,-42708.6,-1,8.93009e-11,1,0
0.00754588,-0.321574,-0.0530951,-0.428535,3.42367,-42615.8,-1,4.06369e-10,1,0
0.00754607,-0.321781,-0.0531014,-0.428508,3.42231,-42642.2,-1,2.09174e-10,1,0
0.0075464,-0.322056,-0.0531422,-0.428334,3.42045,-42676.8,-1,1.68721e-11,1,0
0.00754772,-0.321526,-0.0532552,-0.427829,3.42225,-42599.1,-1,1.24909e-10,1,0
0.00754889,-0.321979,-0.0537511,-0.426728,3.42496,-42652.5,-1,1.28995e-09,1,0
0.00754993,-0.321233,-0.0540442,-0.426196,3.4237,-42547.8,-1,4.70738e-11,1,0
0.00755012,-0.321105,-0.0540108,-0.426354,3.4237,-42529.8,-1,4.70738e-11,1,0
0.00755159,-0.32228,-0.0544389,-0.42685,3.42401,-42677.2,-1,4.00747e-10,1,0
0.00755348,-0.324179,-0.055112,-0.427358,3.42264,-42917.8,-1,1.78564e-09,1,0
0.00755411,-0.324809,-0.0553353,-0.427526,3.42261,-42997.7,-1,1.78564e-09,1,0
0.00755607,-0.326781,-0.0560346,-0.428054,3.42251,-43247.5,-1,1.78564e-09,1,0
0.0075565,-0.327208,-0.0561858,-0.428168,3.42249,-43301.5,-1,1.78564e-09,1,0
0.00755707,-0.327779,-0.0563884,-0.428321,3.42224,-43373.9,-1,5.65021e-09,1,0
0.00755794,-0.327654,-0.0557627,-0.427642,3.42154,-43352.3,-1,3.67083e-10,1,0
0.00755952,-0.32796,-0.0547465,-0.428563,3.42205,-43383.7,-1,2.81938e-10,1,0
0.00756055,-0.328178,-0.0537899,-0.429133,3.42372,-43406.6,-1,1.54814e-09,1,0
0.00756074,-0.328143,-0.0536997,-0.429291,3.4248,-43400.9,-1,1.27469e-10,1,0
0.00756184,-0.327753,-0.0536106,-0.43027,3.42481,-43343.1,-1,9.54284e-11,1,0
0.00756346,-0.328375,-0.0549093,-0.430571,3.42556,-43416,-1,2.21355e-10,1,0
0.00756439,-0.328431,-0.0554039,-0.43147,3.42556,-43418,-1,2.21355e-10,1,0
0.00756615,-0.327969,-0.055981,-0.432305,3.42454,-43346.9,-1,2.60126e-10,1,0
0.00756741,-0.327008,-0.0564073,-0.432557,3.42585,-43212.6,-1,7.85685e-10,1,0
0.00756854,-0.327009,-0.0559047,-0.432729,3.4239,-43206.3,-1,3.51556e-10,1,0
0.00757022,-0.327642,-0.054611,-0.432868,3.42413,-43280.3,-1,9.55006e-10,1,0
0.00757089,-0.327722,-0.0541433,-0.432974,3.42332,-43287.1,-1,1.64957e-09,1,0
0.00757162,-0.327158,-0.0536751,-0.432653,3.42316,-43208.5,-1,1.07217e-09,1,0
0.00757319,-0.32624,-0.0527763,-0.431997,3.42406,-43078.2,-1,1.5481e-09,1,0
0.00757464,-0.327797,-0.0528413,-0.431692,3.42399,-43275.6,-1,1.5481e-09,1,0
0.00757592,-0.329185,-0.0528992,-0.43142,3.42392,-43451.4,-1,1.5481e-09,1,0
0.00757654,-0.32985,-0.052927,-0.43129,3.42215,-43535.7,-1,3.85721e-09,1,0
0.00757774,-0.331136,-0.0529806,-0.431038,3.42161,-43698.6,-1,1.31198e-09,1,0
0.00757903,-0.330801,-0.0528728,-0.431029,3.42132,-43646.9,-1,8.40709e-10,1,0
0.00757926,-0.33094,-0.0526752,-0.431082,3.42096,-43664,-1,6.36593e-10,1,0
0.00758022,-0.331192,-0.0519634,-0.43137,3.42192,-43691.6,-1,6.60993e-10,1,0
0.00758108,-0.331764,-0.0518659,-0.43067,3.41865,-43762.1,-1,5.60739e-10,1,0
0.00758224,-0.332641,-0.0515343,-0.430221,3.41934,-43871,-1,4.67314e-10,1,0
0.00758298,-0.33327,-0.0511137,-0.430511,3.41901,-43949.7,-1,8.10465e-10,1,0
0.00758476,-0.334092,-0.0522604,-0.429169,3.41944,-44047.8,-1,3.70478e-10,1,0
0.00758552,-0.333887,-0.0525526,-0.428531,3.4199,-44016.3,-1,7.76361e-10,1,0
0.00758662,-0.333462,-0.0523188,-0.42964,3.41992,-43954,-1,7.76361e-10,1,0
0.00758847,-0.332931,-0.0519535,-0.431507,3.41983,-43873.2,-1,2.6392e-10,1,0
0.00759037,-0.332157,-0.0518801,-0.430679,3.41955,-43760.2,-1,1.22894e-09,1,0
0.00759161,-0.332313,-0.0518587,-0.429625,3.41987,-43773.8,-1,1.82355e-10,1,0
0.00759253,-0.331825,-0.051671,-0.429145,3.41941,-43704.2,-1,4.53527e-10,1,0
0.00759272,-0.331687,-0.0515488,-0.429038,3.41821,-43684.8,-1,1.15991e-10,1,0
0.00759489,-0.331631,-0.0528307,-0.43104,3.41839,-43665,-1,1.90172e-09,1,0
0.00759556,-0.331377,-0.0528145,-0.431183,3.41854,-43627.8,-1,7.77222e-11,1,0
0.00759741,-0.330028,-0.0516232,-0.430254,3.41809,-43439.5,-1,2.31583e-09,1,0
0.00759812,-0.330516,-0.0512638,-0.429961,3.41689,-43499.8,-1,1.25507e-10,1,0
0.00759933,-0.331599,-0.0507713,-0.429363,3.4164,-43635.3,-1,1.98314e-09,1,0
0.00759979,-0.331257,-0.0505084,-0.429527,3.41668,-43587.7,-1,4.40647e-10,1,0
0.00760116,-0.331655,-0.0508701,-0.429822,3.41665,-43632.2,-1,3.74568e-10,1,0
0.00760294,-0.330618,-0.049207,-0.429809,3.41631,-43485.6,-1,1.95971e-09,1,0
0.00760396,-0.330304,-0.049234,-0.430332,3.41673,-43438.4,-1,5.01021e-10,1,0
0.00760468,-0.329979,-0.049147,-0.430593,3.41948,-43391.6,-1,1.45771e-11,1,0
0.00760589,-0.330286,-0.0494331,-0.42939,3.41852,-43425,-1,5.37875e-10,1,0
0.0076075,-0.330359,-0.0499675,-0.427793,3.41903,-43425.5,-1,6.92635e-11,1,0
0.00760803,-0.33022,-0.0502014,-0.427275,3.41904,-43404.1,-1,6.92635e-11,1,0
0.00760907,-0.32971,-0.0509936,-0.427005,3.41988,-43331.1,-1,1.76852e-09,1,0
0.00761064,-0.329259,-0.0500241,-0.428243,3.41812,-43262.9,-1,8.37651e-10,1,0
0.00761144,-0.329038,-0.0494806,-0.428898,3.41813,-43229.4,-1,8.37651e-10,1,0
0.0076126,-0.329544,-0.0497561,-0.428504,3.41532,-43289.3,-1,9.68946e-10,1,0
0.007613,-0.329199,-0.0499311,-0.428479,3.41578,-43241.7,-1,1.51426e-10,1,0
0.00761368,-0.329035,-0.050179,-0.428021,3.41551,-43216.3,-1,1.85179e-10,1,0
0.00761456,-0.329049,-0.0498043,-0.42718,3.41645,-43213.1,-1,7.57003e-11,1,0
0.00761564,-0.329696,-0.0502632,-0.427481,3.41541,-43292,-1,9.44482e-10,1,0
0.00761631,-0.329877,-0.0496731,-0.427072,3.4154,-43311.9,-1,9.44482e-10,1,0
0.00761755,-0.330171,-0.0486317,-0.426299,3.41618,-43343.4,-1,2.03253e-09,1,0
0.00761878,-0.329725,-0.0484098,-0.425044,3.41163,-43278,-1,6.77748e-10,1,0
0.00762088,-0.328968,-0.0480323,-0.42291,3.41275,-43166.7,-1,1.36762e-09,1,0
0.00762326,-0.328105,-0.0476025,-0.42048,3.4149,-43040,-1,9.69223e-10,1,0
0.00762411,-0.328916,-0.0471547,-0.420489,3.41487,-43141.6,-1,4.75467e-10,1,0
0.00762455,-0.329198,-0.0472878,-0.420602,3.41461,-43176,-1,6.6275e-10,1,0
0.00762727,-0.330232,-0.0498152,-0.421797,3.41455,-43296.2,-1,6.6275e-10,1,0
0.00762789,-0.330292,-0.0501137,-0.422177,3.41334,-43300.6,-1,3.69652e-09,1,0
0.00762893,-0.329793,-0.0498416,-0.422969,3.41305,-43229.3,-1,1.24118e-09,1,0
0.00762935,-0.329432,-0.0499204,-0.422708,3.4116,-43179.5,-1,1.78171e-10,1,0
0.00762992,-0.328897,-0.0497171,-0.422962,3.409,-43106.3,-1,5.06143e-10,1,0
0.00763112,-0.32779,-0.0498099,-0.422253,3.41049,-42954.4,-1,1.3088e-09,1,0
0.00763205,-0.326934,-0.0498816,-0.421705,3.41053,-42837,-1,1.3088e-09,1,0
0.00763279,-0.32625,-0.0499389,-0.421267,3.41237,-42743.3,-1,5.92867e-10,1,0
0.00763328,-0.326398,-0.0498612,-0.420808,3.4122,-42759.8,-1,9.37394e-11,1,0
0.00763505,-0.327694,-0.0501023,-0.419522,3.41284,-42919.7,-1,1.26857e-10,1,0
0.00763547,-0.327416,-0.0502697,-0.419336,3.41246,-42880.9,-1,2.43632e-10,1,0
0.00763616,-0.327066,-0.0502873,-0.419297,3.41083,-42831.3,-1,3.61634e-10,1,0
0.00763758,-0.326918,-0.0505873,-0.418708,3.40378,-42803.9,-1,1.05416e-09,1,0
0.00763855,-0.326602,-0.0511394,-0.417926,3.4048,-42757,-1,9.27107e-10,1,0
0.00763929,-0.327201,-0.0515152,-0.418301,3.40335,-42831.4,-1,8.47917e-10,1,0
0.00764039,-0.326099,-0.0519576,-0.418095,3.40268,-42681,-1,1.20516e-09,1,0
0.00764155,-0.326531,-0.0507676,-0.417944,3.40289,-42731,-1,1.27499e-09,1,0
0.00764276,-0.327536,-0.050158,-0.418136,3.40062,-42855.7,-1,7.09383e-10,1,0
0.00764468,-0.326366,-0.0495723,-0.418358,3.39971,-42691.9,-1,6.47636e-10,1,0
0.00764682,-0.324217,-0.0494667,-0.419269,3.3979,-42398.9,-1,1.04456e-09,1,0
0.00764787,-0.32372,-0.0495936,-0.418717,3.39758,-42328.1,-1,4.31864e-10,1,0
0.00764897,-0.323948,-0.0505476,-0.41865,3.39613,-42351.9,-1,2.85364e-10,1,0
0.00764951,-0.324345,-0.0507177,-0.41847,3.39607,-42400.7,-1,2.7997e-10,1,0
0.00765081,-0.323831,-0.0512016,-0.419656,3.39533,-42326.4,-1,7.16642e-10,1,0
0.00765235,-0.324308,-0.0500773,-0.420821,3.39663,-42380.1,-1,7.03087e-10,1,0
0.00765455,-0.324987,-0.0484731,-0.422483,3.39383,-42456.7,-1,3.92538e-10,1,0
0.00765502,-0.325167,-0.0481473,-0.422485,3.39378,-42477.6,-1,7.08999e-11,1,0
0.00765718,-0.326237,-0.0461453,-0.422517,3.39349,-42605.4,-1,1.29259e-09,1,0
0.00765832,-0.326206,-0.0452873,-0.423406,3.39349,-42595,-1,1.29259e-09,1,0
0.00765935,-0.327074,-0.0446009,-0.423619,3.3925,-42702.5,-1,1.24669e-09,1,0
0.00766052,-0.328076,-0.0442958,-0.423758,3.39338,-42826.8,-1,2.0019e-09,1,0
0.0076624,-0.329642,-0.0456124,-0.423803,3.39311,-43020.8,-1,1.07968e-09,1,0
0.00766346,-0.33054,-0.0453402,-0.423653,3.39148,-43132,-1,8.3816e-10,1,0
0.00766431,-0.329818,-0.0453171,-0.423589,3.3919,-43033,-1,1.43002e-10,1,0
0.00766546,-0.329349,-0.044419,-0.422847,3.38979,-42965.4,-1,8.30566e-10,1,0
0.00766723,-0.328625,-0.0430311,-0.421701,3.38977,-42861,-1,1.94057e-09,1,0
0.00766949,-0.327138,-0.0422531,-0.42351,3.38985,-42654.4,-1,1.94057e-09,1,0
0.007671,-0.326142,-0.0417321,-0.424721,3.38596,-42516.1,-1,4.12049e-09,1,0
0.00767192,-0.325547,-0.0414992,-0.423978,3.38584,-42433.6,-1,8.62412e-10,1,0
0.00767334,-0.325082,-0.042347,-0.42332,3.38532,-42365.2,-1,6.95407e-10,1,0
0.00767413,-0.325266,-0.04319,-0.423219,3.38531,-42384.7,-1,6.95407e-10,1,0
0.00767464,-0.325615,-0.0434877,-0.423454,3.38486,-42427.4,-1,9.49085e-10,1,0
0.00767555,-0.326321,-0.0439547,-0.423975,3.38482,-42514.3,-1,9.49085e-10,1,0
0.0076761,-0.326752,-0.0442402,-0.424293,3.38505,-42567.5,-1,2.06854e-09,1,0
0.00767666,-0.326508,-0.0439265,-0.42409,3.38443,-42532.6,-1,1.24307e-10,1,0
0.00767692,-0.326726,-0.0437747,-0.424175,3.38399,-42559.6,-1,1.60762e-10,1,0
0.00767738,-0.326919,-0.0442345,-0.424254,3.38496,-42582.1,-1,2.6043e-10,1,0
0.00767781,-0.327,-0.04465,-0.424345,3.38332,-42590.3,-1,3.30528e-10,1,0
0.0076782,-0.326776,-0.0449812,-0.424481,3.3838,-42559,-1,1.78387e-10,1,0
0.00767863,-0.326526,-0.0453525,-0.424634,3.38381,-42523.9,-1,1.78387e-10,1,0
0.00767912,-0.326243,-0.0457705,-0.424805,3.38228,-42484.5,-1,1.00609e-09,1,0
0.00767979,-0.326629,-0.0460184,-0.42538,3.3842,-42531,-1,4.18337e-10,1,0
0.00767992,-0.326703,-0.046066,-0.42549,3.38613,-42539.9,-1,9.93245e-11,1,0
0.00768096,-0.327298,-0.0464487,-0.426378,3.38509,-42611.6,-1,9.18193e-10,1,0
0.00768154,-0.326991,-0.0465963,-0.426902,3.3851,-42568.4,-1,9.18193e-10,1,0
0.0076821,-0.327055,-0.0466477,-0.427207,3.38791,-42573.6,-1,2.09389e-10,1,0
0.0076829,-0.327915,-0.0465223,-0.427189,3.38716,-42681.1,-1,1.11776e-09,1,0
0.00768313,-0.327918,-0.0463008,-0.427154,3.38583,-42680.3,-1,1.78478e-11,1,0
0.00768345,-0.328242,-0.0462873,-0.427046,3.39,-42720.7,-1,2.54252e-10,1,0
0.0076838,-0.328506,-0.046318,-0.426883,3.38929,-42753,-1,3.16779e-10,1,0
0.0076856,-0.32664,-0.0466304,-0.426443,3.38979,-42500.3,-1,8.80762e-11,1,0
0.0076861,-0.326198,-0.0464417,-0.426333,3.39098,-42440,-1,4.43946e-10,1,0
0.00768708,-0.326759,-0.0461343,-0.425994,3.39048,-42507.5,-1,6.09106e-10,1,0
0.0076876,-0.32632,-0.0461527,-0.425777,3.39395,-42447.6,-1,4.20357e-10,1,0
0.00768867,-0.326426,-0.045853,-0.425834,3.3923,-42455.5,-1,4.22279e-10,1,0
0.00769066,-0.326895,-0.0459823,-0.426075,3.38981,-42505.4,-1,9.78677e-10,1,0
0.00769229,-0.327188,-0.0446378,-0.425671,3.39031,-42534.6,-1,1.13574e-09,1,0
0.00769282,-0.327277,-0.0442888,-0.42555,3.38906,-42543.2,-1,2.82491e-10,1,0
0.00769309,-0.327396,-0.0441674,-0.425373,3.38725,-42557.2,-1,8.33115e-11,1,0
0.00769566,-0.329813,-0.0452592,-0.426279,3.38894,-42857.1,-1,1.51013e-09,1,0
0.00769774,-0.331788,-0.0461089,-0.427013,3.38772,-43102,-1,9.59742e-11,1,0
0.00769806,-0.331678,-0.0458857,-0.426967,3.38801,-43086,-1,2.22121e-10,1,0
0.0076989,-0.331146,-0.0451899,-0.427229,3.39108,-43012.1,-1,4.35159e-10,1,0
0.00770031,-0.331244,-0.0452968,-0.428633,3.39124,-43017,-1,2.56708e-10,1,0
0.00770228,-0.331059,-0.0453213,-0.430775,3.39125,-42981.9,-1,2.56708e-10,1,0
0.00770318,-0.330912,-0.0448531,-0.431625,3.39046,-42957.8,-1,9.69295e-10,1,0
0.00770398,-0.33134,-0.0452498,-0.430982,3.39061,-43009,-1,8.68078e-10,1,0
0.00770535,-0.331957,-0.0453614,-0.429623,3.39058,-43081.5,-1,8.68078e-10,1,0
0.00770647,-0.332462,-0.0454525,-0.428512,3.39055,-43140.7,-1,8.68078e-10,1,0
0.00770906,-0.33363,-0.0456637,-0.42594,3.38941,-43277.7,-1,5.55399e-09,1,0
0.00771107,-0.333117,-0.0452018,-0.423857,3.38887,-43199.8,-1,2.19388e-09,1,0
0.00771167,-0.333003,-0.0451135,-0.423281,3.3878,-43181.6,-1,4.80194e-11,1,0
0.0077133,-0.332145,-0.0458153,-0.423964,3.3876,-43061.3,-1,8.24817e-10,1,0
0.00771382,-0.331754,-0.0454099,-0.423904,3.38798,-43007.7,-1,2.80365e-12,1,0
0.00771441,-0.331739,-0.0447758,-0.423854,3.38834,-43002.6,-1,1.55499e-10,1,0
0.00771518,-0.33172,-0.0439305,-0.423788,3.38784,-42995.8,-1,8.24867e-10,1,0
0.00771672,-0.331882,-0.044714,-0.424674,3.38653,-43008.2,-1,2.76945e-10,1,0
0.00771759,-0.330973,-0.0446574,-0.424946,3.38657,-42885.5,-1,2.76945e-10,1,0
0.0077193,-0.330014,-0.0447344,-0.424806,3.38397,-42751.8,-1,1.15646e-10,1,0
0.00772087,-0.329974,-0.0439896,-0.4251,3.38285,-42737.9,-1,2.82109e-10,1,0
0.00772152,-0.32993,-0.0445018,-0.424657,3.38332,-42728.6,-1,4.60935e-10,1,0
0.00772234,-0.330197,-0.0452525,-0.424272,3.38401,-42758.7,-1,6.04365e-10,1,0
0.00772304,-0.330449,-0.0452067,-0.424515,3.38323,-42787.4,-1,2.4075e-10,1,0
0.00772386,-0.329643,-0.0455151,-0.424724,3.38465,-42678.6,-1,2.93289e-10,1,0
0.00772409,-0.329493,-0.0454217,-0.424719,3.38571,-42657.8,-1,1.54945e-10,1,0
0.00772455,-0.329555,-0.0454777,-0.424412,3.38807,-42663.4,-1,3.36843e-10,1,0
0.00772542,-0.329246,-0.0456538,-0.423972,3.39055,-42618.6,-1,5.33687e-10,1,0
0.00772604,-0.329214,-0.0459539,-0.424473,3.39037,-42611,-1,6.31139e-10,1,0
0.00772778,-0.327942,-0.0469505,-0.424967,3.39367,-42436.8,-1,4.58608e-10,1,0
0.00772832,-0.327486,-0.0473008,-0.425097,3.39109,-42374.9,-1,4.3128e-10,1,0
0.00772973,-0.328656,-0.0471355,-0.424095,3.39223,-42518.4,-1,7.53667e-10,1,0
0.00773017,-0.329042,-0.0468864,-0.424069,3.3922,-42565.9,-1,4.20558e-10,1,0
0.00773104,-0.328615,-0.0474449,-0.423985,3.39355,-42505.9,-1,1.64154e-10,1,0
0.00773219,-0.329526,-0.0473856,-0.423129,3.39584,-42617.5,-1,1.16859e-09,1,0
0.00773363,-0.330677,-0.0473107,-0.422047,3.39376,-42758.3,-1,1.29251e-09,1,0
0.00773392,-0.330914,-0.0474851,-0.422096,3.39185,-42787.4,-1,1.81193e-10,1,0
0.00773474,-0.331279,-0.0475498,-0.422862,3.39183,-42830.1,-1,2.16578e-10,1,0
0.00773724,-0.332272,-0.0476189,-0.425412,3.39178,-42944.5,-1,2.16578e-10,1,0
0.00773922,-0.332787,-0.0472015,-0.427423,3.39003,-43000,-1,1.28147e-09,1,0
0.00774064,-0.333305,-0.0484247,-0.428162,3.3922,-43059.1,-1,1.53087e-09,1,0
0.00774141,-0.332793,-0.0477648,-0.428243,3.39074,-42988.6,-1,8.39432e-10,1,0
0.00774271,-0.332629,-0.047134,-0.426987,3.39043,-42960.4,-1,1.41489e-09,1,0
0.0077447,-0.331392,-0.0485809,-0.425991,3.39119,-42789.5,-1,3.32734e-10,1,0
0.00774616,-0.330233,-0.0495667,-0.426467,3.39219,-42631.8,-1,7.65988e-10,1,0
0.00774754,-0.330923,-0.0497194,-0.42748,3.39047,-42713.2,-1,1.29227e-09,1,0
0.00774979,-0.331681,-0.0512198,-0.429276,3.39074,-42798.6,-1,2.10985e-09,1,0
0.00775168,-0.330317,-0.0518583,-0.430268,3.39188,-42612.3,-1,7.08909e-10,1,0
0.00775302,-0.32904,-0.0522216,-0.430901,3.3913,-42440.2,-1,2.82685e-09,1,0
0.00775446,-0.327674,-0.05261,-0.431577,3.39091,-42256.2,-1,1.91414e-09,1,0
0.00775501,-0.327379,-0.0528367,-0.432046,3.39058,-42215.1,-1,5.99151e-10,1,0
0.00775649,-0.325891,-0.0532387,-0.431715,3.38828,-42015.3,-1,3.95165e-11,1,0
0.0077586,-0.325559,-0.0528203,-0.432127,3.3888,-41961,-1,1.01019e-09,1,0
0.00776014,-0.325738,-0.0541062,-0.433187,3.38879,-41975.8,-1,1.01019e-09,1,0
0.00776216,-0.325879,-0.0559293,-0.434185,3.3888,-41983,-1,5.62151e-10,1,0
0.00776395,-0.326886,-0.056944,-0.434593,3.38769,-42103,-1,1.29237e-09,1,0
0.00776563,-0.328104,-0.0575251,-0.433715,3.3843,-42250.8,-1,1.60098e-09,1,0
0.0077665,-0.327728,-0.0581964,-0.434262,3.38432,-42197.7,-1,1.60098e-09,1,0
0.00776765,-0.327229,-0.0590899,-0.43499,3.3859,-42127.1,-1,1.05991e-09,1,0
0.00776888,-0.326287,-0.0594023,-0.434078,3.3829,-41999.3,-1,1.25958e-09,1,0
0.00776921,-0.326041,-0.0593224,-0.434265,3.38171,-41965.7,-1,1.84966e-10,1,0
0.00777039,-0.325481,-0.058626,-0.435184,3.38174,-41887.4,-1,1.84966e-10,1,0
0.00777173,-0.32484,-0.0578282,-0.436237,3.38255,-41797.6,-1,1.03928e-09,1,0
0.00777353,-0.322906,-0.0578498,-0.43655,3.38268,-41539.2,-1,4.42608e-10,1,0
0.00777471,-0.322881,-0.0566353,-0.43698,3.38598,-41529.7,-1,1.11629e-09,1,0
0.0077755,-0.323715,-0.0565758,-0.437049,3.38581,-41632.8,-1,6.86624e-10,1,0
0.00777639,-0.324523,-0.0570003,-0.437346,3.38705,-41731.8,-1,4.60459e-10,1,0
0.00777679,-0.324172,-0.0567484,-0.437445,3.38779,-41684.5,-1,3.79521e-10,1,0
0.0077776,-0.323477,-0.05625,-0.437643,3.38783,-41590.9,-1,3.79521e-10,1,0
0.00777784,-0.323344,-0.0560451,-0.437722,3.38796,-41572.5,-1,9.44059e-10,1,0
0.00777884,-0.322944,-0.0554405,-0.437901,3.38811,-41515.7,-1,1.09067e-09,1,0
0.00778013,-0.323717,-0.0546472,-0.438507,3.38795,-41608.2,-1,1.33499e-09,1,0
0.00778086,-0.323882,-0.0550473,-0.439101,3.38477,-41625.4,-1,3.02839e-11,1,0
0.00778279,-0.325157,-0.0547102,-0.440746,3.38409,-41778.9,-1,1.58706e-09,1,0
0.00778292,-0.325238,-0.0546888,-0.44085,3.38327,-41788.7,-1,8.14891e-10,1,0
0.0077842,-0.326387,-0.054083,-0.440318,3.38322,-41929.4,-1,8.14891e-10,1,0
0.00778499,-0.327068,-0.0537081,-0.44001,3.38277,-42012.6,-1,3.6756e-10,1,0
0.00778533,-0.326898,-0.0534698,-0.440245,3.38258,-41988.9,-1,1.33509e-10,1,0
0.00778607,-0.326845,-0.0531388,-0.440441,3.38505,-41978.2,-1,1.46021e-10,1,0
0.00778653,-0.326721,-0.0534613,-0.440308,3.38869,-41959.8,-1,9.42292e-11,1,0
0.00778836,-0.327902,-0.0537734,-0.441881,3.38655,-42101.6,-1,1.99169e-09,1,0
0.00778993,-0.327099,-0.0548294,-0.441237,3.38664,-41990,-1,5.68087e-10,1,0
0.00779111,-0.326695,-0.0560109,-0.440914,3.38684,-41931.8,-1,1.15079e-09,1,0
0.00779157,-0.326448,-0.0561969,-0.440521,3.38531,-41897.6,-1,1.3112e-09,1,0
0.00779225,-0.326087,-0.0564482,-0.439929,3.38554,-41847.7,-1,1.10158e-11,1,0
0.00779386,-0.325999,-0.0567682,-0.438207,3.38554,-41827.7,-1,1.10158e-11,1,0
0.00779515,-0.326232,-0.0566677,-0.437821,3.3828,-41850.7,-1,7.67056e-11,1,0
0.00779686,-0.327099,-0.0556227,-0.439107,3.38127,-41952.7,-1,2.43179e-09,1,0
0.00779708,-0.326903,-0.0555663,-0.43899,3.38147,-41926.3,-1,2.35148e-10,1,0
0.0077992,-0.327592,-0.0562105,-0.437442,3.38037,-42003.3,-1,1.86759e-09,1,0
0.0078001,-0.327372,-0.0571231,-0.437693,3.38005,-41970.2,-1,1.08556e-09,1,0
0.00780173,-0.327814,-0.0582209,-0.437638,3.38128,-42018.1,-1,1.36783e-09,1,0
0.00780236,-0.328419,-0.0583415,-0.43735,3.38194,-42092.3,-1,1.44004e-09,1,0
0.00780286,-0.328154,-0.0587292,-0.437637,3.38276,-42055.6,-1,4.83491e-10,1,0
0.00780378,-0.327673,-0.0594327,-0.438158,3.38251,-41989.1,-1,2.00209e-10,1,0
0.00780408,-0.327513,-0.0596664,-0.438331,3.38204,-41967,-1,1.13043e-09,1,0
0.00780564,-0.326694,-0.0608651,-0.439219,3.38169,-41853.6,-1,1.70204e-09,1,0
0.00780664,-0.326389,-0.0608042,-0.440216,3.38121,-41809.1,-1,3.92782e-11,1,0
0.00780768,-0.326248,-0.0606919,-0.441295,3.38238,-41785.5,-1,1.79656e-10,1,0
0.00780946,-0.326545,-0.0602563,-0.443167,3.38477,-41814.1,-1,8.14114e-10,1,0
0.00781025,-0.326678,-0.0600622,-0.444002,3.38634,-41826.8,-1,7.40629e-10,1,0
0.00781067,-0.32625,-0.060219,-0.443996,3.3846,-41769.8,-1,4.55962e-10,1,0
0.00781112,-0.325789,-0.0603878,-0.44399,3.3852,-41708.4,-1,4.90481e-10,1,0
0.00781145,-0.325585,-0.0606659,-0.444082,3.38555,-41680.5,-1,3.56611e-10,1,0
0.00781276,-0.325275,-0.0614526,-0.444359,3.38614,-41633.8,-1,1.10837e-09,1,0
0.00781396,-0.326497,-0.0610305,-0.444344,3.38739,-41783.7,-1,1.60655e-10,1,0
0.0078147,-0.326291,-0.0610152,-0.445124,3.3874,-41753.4,-1,1.60655e-10,1,0
0.00781631,-0.325338,-0.0608605,-0.446234,3.38573,-41622.9,-1,1.86007e-09,1,0
0.00781706,-0.32469,-0.0608743,-0.446202,3.38735,-41536.1,-1,3.94739e-11,1,0
0.00781832,-0.324473,-0.0619115,-0.445323,3.38736,-41501.7,-1,3.94739e-11,1,0
0.00781918,-0.323865,-0.0620959,-0.445211,3.38678,-41419.3,-1,4.89417e-10,1,0
0.00782026,-0.323636,-0.0619421,-0.445487,3.38515,-41384.4,-1,4.73869e-10,1,0
0.00782141,-0.322704,-0.0614533,-0.444807,3.38658,-41259.1,-1,1.2537e-09,1,0
0.00782195,-0.322414,-0.0613529,-0.444595,3.38708,-41219.2,-1,1.16873e-10,1,0
0.00782256,-0.322726,-0.0614223,-0.444603,3.38288,-41255.8,-1,2.36019e-10,1,0
0.00782275,-0.322735,-0.0613259,-0.444719,3.38221,-41256,-1,4.90786e-11,1,0
0.00782378,-0.322715,-0.0602641,-0.444504,3.38344,-41248,-1,3.02686e-10,1,0
0.00782408,-0.322732,-0.0600216,-0.444345,3.38545,-41248.5,-1,6.37293e-10,1,0
0.00782524,-0.323552,-0.0608421,-0.444725,3.38621,-41347.3,-1,1.1912e-09,1,0
0.00782604,-0.323235,-0.0615609,-0.445023,3.38778,-41302.5,-1,4.2183e-11,1,0
0.00782731,-0.323094,-0.0603265,-0.444652,3.38789,-41277.8,-1,1.2663e-09,1,0
0.00782952,-0.32303,-0.0579855,-0.444046,3.38652,-41257.9,-1,9.81468e-10,1,0
0.00783221,-0.320751,-0.056132,-0.444017,3.38543,-40952.8,-1,1.01582e-09,1,0
0.00783273,-0.320316,-0.0557784,-0.444012,3.38502,-40894.6,-1,5.60356e-10,1,0
0.00783485,-0.318536,-0.0546364,-0.443957,3.38337,-40656.3,-1,2.08028e-09,1,0
0.00783653,-0.318158,-0.0556954,-0.443827,3.38397,-40599.3,-1,1.53291e-09,1,0
0.0078371,-0.318597,-0.0557921,-0.443961,3.38439,-40652.4,-1,1.04796e-09,1,0
0.0078382,-0.319005,-0.0551802,-0.444113,3.38359,-40698.8,-1,5.23758e-10,1,0
0.00784025,-0.320749,-0.0538646,-0.4436,3.38113,-40910.5,-1,3.02889e-09,1,0
0.00784101,-0.320231,-0.05443,-0.443786,3.3815,-40840.6,-1,7.83926e-11,1,0
0.00784182,-0.319914,-0.0540646,-0.444276,3.38222,-40795.9,-1,5.19168e-10,1,0
0.00784267,-0.320065,-0.0532207,-0.44461,3.38221,-40810.7,-1,5.19168e-10,1,0
0.00784451,-0.320394,-0.0513758,-0.445339,3.38211,-40843.1,-1,4.42657e-10,1,0
0.0078448,-0.320527,-0.0511033,-0.445375,3.38334,-40858.6,-1,1.85086e-10,1,0
0.00784589,-0.321237,-0.0501624,-0.44529,3.3818,-40943.4,-1,1.09995e-09,1,0
0.00784736,-0.321978,-0.0487525,-0.445507,3.3822,-41030.1,-1,1.29261e-09,1,0
0.0078477,-0.321979,-0.0487009,-0.445416,3.3824,-41028.5,-1,1.04412e-10,1,0
0.00784886,-0.321389,-0.0494773,-0.444605,3.38342,-40947.3,-1,6.2319e-10,1,0
0.00785028,-0.320667,-0.0504281,-0.443613,3.38321,-40847.9,-1,1.55249e-09,1,0
0.00785151,-0.320046,-0.0512463,-0.442759,3.38324,-40762.4,-1,1.55249e-09,1,0
0.00785442,-0.318568,-0.0531924,-0.440728,3.38065,-40559.1,-1,6.91363e-10,1,0
0.00785588,-0.318547,-0.0538001,-0.439305,3.38146,-40548.8,-1,1.34079e-09,1,0
0.00785635,-0.318573,-0.053404,-0.439635,3.38146,-40549.7,-1,1.34079e-09,1,0
0.00785788,-0.318658,-0.0521258,-0.440698,3.38145,-40552.6,-1,1.34079e-09,1,0
0.0078599,-0.318859,-0.0505713,-0.442223,3.38232,-40567.9,-1,3.44057e-11,1,0
0.00786111,-0.319222,-0.050532,-0.442597,3.38519,-40607.8,-1,3.57791e-11,1,0
0.00786244,-0.318457,-0.050449,-0.442781,3.38963,-40503.5,-1,3.45023e-10,1,0
0.00786416,-0.320119,-0.0498255,-0.442168,3.39058,-40706.1,-1,1.87844e-09,1,0
0.00786485,-0.319764,-0.0504577,-0.442381,3.3896,-40657.4,-1,7.55643e-10,1,0
0.00786555,-0.319434,-0.0511147,-0.442499,3.3897,-40611.8,-1,5.09529e-10,1,0
0.00786632,-0.319243,-0.0517215,-0.442406,3.39034,-40583.5,-1,1.10333e-10,1,0
0.00786786,-0.318307,-0.0516328,-0.442259,3.38891,-40456.6,-1,1.29261e-09,1,0
0.00786844,-0.318907,-0.0515851,-0.442031,3.38779,-40529.8,-1,1.02472e-09,1,0
0.00787069,-0.32088,-0.0505277,-0.443033,3.38785,-40769,-1,2.45299e-09,1,0
0.00787241,-0.321597,-0.0506297,-0.443967,3.38785,-40851.1,-1,8.42467e-10,1,0
0.00787388,-0.321564,-0.0510487,-0.442412,3.38827,-40839.3,-1,1.75848e-09,1,0
0.00787493,-0.32142,-0.050255,-0.44167,3.38965,-40815.6,-1,1.0587e-09,1,0
0.00787585,-0.321867,-0.0507017,-0.441669,3.3878,-40867.6,-1,5.74835e-10,1,0
0.00787697,-0.321397,-0.0504465,-0.442037,3.38992,-40802.2,-1,2.58886e-11,1,0
0.00787843,-0.322741,-0.0504153,-0.442901,3.38986,-40965.1,-1,2.58886e-11,1,0
0.0078793,-0.323539,-0.0503967,-0.443414,3.38982,-41061.9,-1,2.58886e-11,1,0
0.00788016,-0.32433,-0.0503783,-0.443923,3.38963,-41157.8,-1,2.68922e-09,1,0
0.00788037,-0.324523,-0.0503738,-0.444047,3.39446,-41181.2,-1,2.04405e-11,1,0
0.00788079,-0.32427,-0.0501529,-0.444152,3.39252,-41146.9,-1,7.13057e-11,1,0
0.00788245,-0.322802,-0.0491213,-0.444461,3.39522,-40951.9,-1,5.71353e-10,1,0
0.00788271,-0.322654,-0.0491344,-0.44468,3.39408,-40931.8,-1,2.57892e-11,1,0
0.00788339,-0.322999,-0.0490717,-0.44487,3.39418,-40972.2,-1,5.01613e-10,1,0
0.00788407,-0.323049,-0.0497045,-0.444959,3.39595,-40975,-1,6.57893e-10,1,0
0.00788599,-0.3244,-0.0490786,-0.444742,3.39241,-41136.3,-1,5.52196e-10,1,0
0.00788685,-0.324116,-0.0492408,-0.443852,3.39243,-41095.7,-1,5.52196e-10,1,0
0.00788779,-0.323212,-0.049555,-0.443659,3.38856,-40976.2,-1,9.34732e-10,1,0
0.0078885,-0.323673,-0.0492147,-0.443804,3.38934,-41031,-1,1.90764e-10,1,0
0.00789009,-0.32444,-0.0504868,-0.443583,3.38864,-41120,-1,1.56245e-09,1,0
0.00789118,-0.324746,-0.0506831,-0.444104,3.38948,-41153.1,-1,3.10478e-10,1,0
0.00789235,-0.32573,-0.0509894,-0.444863,3.38878,-41271.6,-1,7.97299e-10,1,0
0.00789292,-0.325274,-0.0509919,-0.445106,3.38854,-41210.9,-1,1.32655e-10,1,0
0.00789402,-0.325606,-0.0517635,-0.444833,3.38619,-41247.2,-1,7.45842e-12,1,0
0.00789443,-0.325444,-0.0515298,-0.445031,3.3849,-41224.6,-1,1.08448e-09,1,0
0.00789521,-0.32486,-0.0512204,-0.445554,3.38429,-41146.5,-1,2.03417e-10,1,0
0.00789535,-0.324755,-0.0511759,-0.445645,3.3843,-41132.4,-1,2.03417e-10,1,0
0.00789663,-0.323749,-0.0507508,-0.446515,3.38708,-40998.4,-1,2.17351e-10,1,0
0.00789838,-0.322366,-0.050166,-0.447712,3.38715,-40814.1,-1,2.17351e-10,1,0
0.00789966,-0.321366,-0.0497436,-0.448577,3.38595,-40681,-1,3.3081e-09,1,0
0.00790056,-0.320652,-0.0494419,-0.449195,3.38631,-40586,-1,2.56712e-10,1,0
0.00790133,-0.320045,-0.0491855,-0.44972,3.38482,-40505.2,-1,3.37065e-10,1,0
0.00790229,-0.319556,-0.0491364,-0.450402,3.38833,-40438.4,-1,1.69385e-10,1,0
0.00790364,-0.318586,-0.0492963,-0.451505,3.38818,-40308.7,-1,2.35255e-09,1,0
0.00790518,-0.319306,-0.049201,-0.453017,3.38667,-40392,-1,1.67704e-09,1,0
0.00790738,-0.32095,-0.0509482,-0.453016,3.38658,-40588.7,-1,1.67704e-09,1,0
0.00790782,-0.32128,-0.0512983,-0.453015,3.38643,-40628.1,-1,2.78998e-09,1,0
0.00791006,-0.321209,-0.0523995,-0.453635,3.38571,-40607.7,-1,1.15329e-09,1,0
0.00791164,-0.322239,-0.0521896,-0.453406,3.38499,-40729.8,-1,3.8813e-10,1,0
0.00791174,-0.32233,-0.0522407,-0.453355,3.38498,-40740.7,-1,3.8813e-10,1,0
0.00791238,-0.322303,-0.052189,-0.453335,3.38563,-40734,-1,4.46064e-10,1,0
0.00791401,-0.320931,-0.0512369,-0.453944,3.38532,-40552.2,-1,4.48357e-10,1,0
0.00791529,-0.320233,-0.0508057,-0.453803,3.3881,-40457.6,-1,3.93233e-10,1,0
0.00791708,-0.319365,-0.0496042,-0.453175,3.38673,-40338.7,-1,1.01363e-09,1,0
0.00791809,-0.319467,-0.0497937,-0.453327,3.38576,-40346.5,-1,5.21859e-10,1,0
0.00791868,-0.31995,-0.049628,-0.453707,3.38517,-40404.4,-1,1.21989e-09,1,0
0.00791981,-0.319914,-0.0486375,-0.454445,3.3842,-40394.2,-1,1.05235e-09,1,0
0.00792157,-0.319486,-0.0472603,-0.454862,3.38273,-40331.2,-1,3.87653e-10,1,0
0.00792255,-0.318925,-0.0468723,-0.454371,3.38431,-40255.4,-1,4.46684e-11,1,0
0.0079233,-0.319311,-0.0466664,-0.454454,3.38697,-40300.3,-1,2.81664e-10,1,0
0.00792416,-0.320229,-0.0466621,-0.454669,3.38697,-40411.8,-1,9.42836e-10,1,0
0.0079248,-0.320606,-0.0463708,-0.455017,3.38597,-40456.1,-1,5.55314e-10,1,0
0.00792676,-0.321053,-0.0471263,-0.456841,3.38583,-40502.5,-1,9.58498e-10,1,0
0.007928,-0.321652,-0.0477271,-0.457897,3.38609,-40571.6,-1,8.39069e-10,1,0
0.00792903,-0.321299,-0.0476786,-0.458503,3.3853,-40521.9,-1,6.5881e-10,1,0
0.00792971,-0.320843,-0.0481216,-0.45856,3.3845,-40460.9,-1,5.961e-10,1,0
0.007931,-0.321545,-0.0491887,-0.459068,3.38415,-40542.9,-1,4.35488e-11,1,0
0.007932,-0.32212,-0.05004,-0.459444,3.38412,-40610.2,-1,4.35488e-11,1,0
0.00793228,-0.32228,-0.0501287,-0.459413,3.38523,-40629,-1,1.23888e-10,1,0
0.00793499,-0.323865,-0.0489359,-0.457214,3.38552,-40814.8,-1,1.21618e-09,1,0
0.00793521,-0.324027,-0.0489406,-0.45709,3.38655,-40834.1,-1,5.94052e-11,1,0
0.00793607,-0.324697,-0.0495366,-0.456806,3.38655,-40914.1,-1,5.4773e-10,1,0
0.00793761,-0.325623,-0.0503317,-0.457332,3.38538,-41022.8,-1,2.89644e-10,1,0
0.00793841,-0.325978,-0.0506191,-0.458075,3.3879,-41063.4,-1,3.99866e-10,1,0
0.00793937,-0.325127,-0.0500413,-0.457907,3.385,-40951.3,-1,2.45493e-10,1,0
0.00793981,-0.325094,-0.0500546,-0.457537,3.38455,-40944.8,-1,6.92976e-11,1,0
0.00794184,-0.323291,-0.0494916,-0.456379,3.38464,-40707.3,-1,6.92976e-11,1,0
0.00794343,-0.321875,-0.0490497,-0.45547,3.38394,-40520.9,-1,3.95573e-09,1,0
0.00794491,-0.322243,-0.050059,-0.456675,3.38392,-40559.7,-1,3.95573e-09,1,0
0.00794594,-0.32199,-0.0502826,-0.457433,3.38649,-40522.6,-1,5.20236e-10,1,0
0.00794786,-0.322412,-0.0507035,-0.459437,3.38647,-40565.9,-1,5.20236e-10,1,0
0.00794995,-0.322874,-0.0511641,-0.461629,3.38541,-40613.3,-1,4.3777e-09,1,0
0.00795111,-0.321752,-0.051328,-0.461967,3.38649,-40466.3,-1,4.0107e-10,1,0
0.00795258,-0.322777,-0.0505395,-0.461008,3.38632,-40587.6,-1,5.12415e-10,1,0
0.00795366,-0.322939,-0.0498115,-0.461014,3.38595,-40602.5,-1,2.07988e-10,1,0
0.00795515,-0.321875,-0.0500756,-0.460619,3.382,-40461.2,-1,1.1246e-09,1,0
0.00795745,-0.319893,-0.0502239,-0.459087,3.38151,-40200.5,-1,2.50933e-09,1,0
0.00795874,-0.31914,-0.0494763,-0.459677,3.37827,-40099.3,-1,1.75902e-10,1,0
0.00795958,-0.318636,-0.0495964,-0.459054,3.37896,-40031.7,-1,6.94534e-11,1,0
0.00796055,-0.318219,-0.0490086,-0.459347,3.37552,-39974.4,-1,7.58445e-10,1,0
0.00796191,-0.318568,-0.0500504,-0.460329,3.37626,-40011.6,-1,1.66371e-09,1,0
0.00796298,-0.318099,-0.0504763,-0.461052,3.37457,-39947.3,-1,1.03699e-09,1,0
0.00796345,-0.318046,-0.0506813,-0.460853,3.37486,-39938.2,-1,2.97801e-10,1,0
0.00796409,-0.317372,-0.0508352,-0.460844,3.37492,-39850.4,-1,6.26632e-10,1,0
0.00796563,-0.316431,-0.0519086,-0.461086,3.37375,-39724.6,-1,1.1311e-09,1,0
0.00796721,-0.317279,-0.0511734,-0.461382,3.3754,-39823,-1,1.44107e-09,1,0
0.00796835,-0.316499,-0.0512157,-0.460641,3.37581,-39719.5,-1,1.29381e-10,1,0
0.00796975,-0.315696,-0.0524233,-0.461064,3.37599,-39611.8,-1,8.5153e-10,1,0
0.00797109,-0.314918,-0.0518249,-0.461093,3.37671,-39507.6,-1,9.21616e-10,1,0
0.00797225,-0.315022,-0.0510606,-0.462096,3.37745,-39514.8,-1,1.71789e-09,1,0
0.00797405,-0.315153,-0.0504847,-0.460508,3.37875,-39522.3,-1,3.17565e-10,1,0
0.00797525,-0.315845,-0.0508544,-0.460413,3.37831,-39603.1,-1,2.50459e-10,1,0
0.00797563,-0.316062,-0.0510631,-0.460337,3.37965,-39628.5,-1,1.78772e-10,1,0
0.00797589,-0.316179,-0.0511693,-0.460139,3.37972,-39641.8,-1,2.47249e-10,1,0
0.00797822,-0.314823,-0.0503353,-0.458153,3.38047,-39460.3,-1,1.2927e-09,1,0
0.00797901,-0.314368,-0.0500712,-0.457511,3.37923,-39399.4,-1,4.23054e-11,1,0
0.00798106,-0.313103,-0.0512931,-0.458517,3.38051,-39230.7,-1,2.53029e-10,1,0
0.00798196,-0.312836,-0.0507096,-0.459262,3.38146,-39192.9,-1,2.83352e-10,1,0
0.00798257,-0.312654,-0.050311,-0.45977,3.38147,-39167.1,-1,2.83352e-10,1,0
0.00798269,-0.312621,-0.050239,-0.459862,3.38113,-39162.4,-1,1.49165e-09,1,0
0.00798481,-0.313425,-0.0508583,-0.457782,3.38387,-39252.6,-1,8.53477e-10,1,0
0.00798593,-0.312978,-0.0510183,-0.458235,3.38225,-39191.2,-1,6.31465e-10,1,0
0.00798733,-0.313213,-0.049592,-0.457737,3.38029,-39213.7,-1,1.14986e-09,1,0
0.00798793,-0.313775,-0.0497716,-0.45803,3.37995,-39281.1,-1,6.58609e-10,1,0
0.00798835,-0.314039,-0.0496147,-0.458052,3.37869,-39312.1,-1,2.08388e-10,1,0
0.00798931,-0.314283,-0.0487957,-0.458098,3.37792,-39337.9,-1,3.08673e-10,1,0
0.00798973,-0.314439,-0.0485996,-0.458267,3.37947,-39355.4,-1,3.55753e-10,1,0
0.00799108,-0.315199,-0.048968,-0.457064,3.37944,-39443.9,-1,3.55753e-10,1,0
0.00799167,-0.315529,-0.049128,-0.456542,3.37875,-39482.3,-1,2.21648e-09,1,0
0.00799295,-0.315253,-0.0499627,-0.45615,3.3817,-39441.3,-1,1.10069e-09,1,0
0.00799447,-0.314112,-0.0488947,-0.456694,3.38176,-39291.1,-1,1.10069e-09,1,0
0.00799534,-0.314149,-0.0487318,-0.457127,3.38291,-39291.5,-1,4.75668e-10,1,0
0.00799678,-0.314443,-0.0489798,-0.458655,3.38289,-39321.2,-1,4.75668e-10,1,0
0.00799762,-0.315233,-0.0487987,-0.458306,3.38253,-39415.8,-1,1.14757e-10,1,0
0.00799825,-0.315351,-0.0487759,-0.458981,3.38253,-39427.5,-1,1.14757e-10,1,0
0.00799971,-0.315557,-0.0496382,-0.458287,3.38296,-39446.1,-1,9.6695e-10,1,0
