3.11955e-07,0.425255,-0.000343305,0.735511,4.99926,1.36319e+09,-1,3.97581e-10,1,0
1.34745e-06,0.424453,-0.000165796,0.736199,4.99986,3.15004e+08,-1,8.59756e-10,1,0
2.94587e-06,0.423401,-0.00159456,0.737361,4.99932,1.43727e+08,-1,2.63491e-09,1,0
3.54743e-06,0.423181,-0.00217259,0.737345,4.9966,1.19292e+08,-1,2.78797e-10,1,0
4.42008e-06,0.422943,-0.00229228,0.737906,4.99819,9.56869e+07,-1,3.33159e-10,1,0
5.05248e-06,0.422667,-0.00269345,0.738585,4.99742,8.36553e+07,-1,8.35024e-10,1,0
5.34002e-06,0.422777,-0.00297613,0.738403,4.9994,7.91714e+07,-1,3.37902e-10,1,0
6.38544e-06,0.422953,-0.00336762,0.737855,5.0012,6.62371e+07,-1,5.62013e-10,1,0
6.6656e-06,0.422898,-0.00358101,0.738153,5.00142,6.34449e+07,-1,2.87682e-10,1,0
7.40729e-06,0.422692,-0.00391026,0.739006,5.00048,5.70643e+07,-1,9.07548e-10,1,0
7.74746e-06,0.422384,-0.00396368,0.73931,5.00025,5.4519e+07,-1,2.87298e-10,1,0
9.01351e-06,0.422046,-0.0046367,0.73893,4.99984,4.68237e+07,-1,9.72601e-10,1,0
1.02788e-05,0.422088,-0.00445097,0.737377,4.9994,4.10638e+07,-1,1.07679e-09,1,0
1.06344e-05,0.422341,-0.00425968,0.737684,4.99954,3.97148e+07,-1,3.86426e-11,1,0
1.13088e-05,0.423018,-0.00407941,0.737781,4.99999,3.7406e+07,-1,6.28769e-10,1,0
1.19435e-05,0.423577,-0.00421712,0.737826,5.00622,3.5465e+07,-1,5.26163e-10,1,0
1.26133e-05,0.42361,-0.00421124,0.738303,5.00398,3.35845e+07,-1,3.07375e-10,1,0
1.35138e-05,0.423845,-0.00417957,0.737696,5.00534,3.13639e+07,-1,2.74592e-10,1,0
1.37404e-05,0.423973,-0.00416914,0.737479,5.00879,3.08559e+07,-1,4.37626e-11,1,0
1.43344e-05,0.424151,-0.00489091,0.737523,5.00845,2.95897e+07,-1,4.70026e-10,1,0
1.50508e-05,0.424903,-0.00437283,0.73748,5.00835,2.82312e+07,-1,6.01752e-10,1,0
1.62854e-05,0.426455,-0.00388983,0.737269,5.00843,2.61864e+07,-1,6.01752e-10,1,0
1.70026e-05,0.426631,-0.00384885,0.737333,5.00738,2.50921e+07,-1,9.13312e-11,1,0
1.82686e-05,0.426343,-0.00335781,0.738878,5.00748,2.33374e+07,-1,8.40898e-10,1,0
1.89132e-05,0.426261,-0.00325704,0.739724,5.00748,2.25377e+07,-1,8.40898e-10,1,0
1.96075e-05,0.426484,-0.00291138,0.740282,5.00485,2.17511e+07,-1,2.22193e-09,1,0
1.99856e-05,0.426778,-0.00285459,0.740069,5.0045,2.13543e+07,-1,6.05156e-10,1,0
2.07521e-05,0.427417,-0.00278344,0.740312,5.00128,2.05964e+07,-1,6.01888e-10,1,0
2.09274e-05,0.427576,-0.00272764,0.740474,5.0011,2.04313e+07,-1,9.40665e-10,1,0
2.15104e-05,0.427302,-0.00233572,0.740177,5.00296,1.98649e+07,-1,6.16273e-10,1,0
2.29064e-05,0.428678,-0.00230224,0.739822,5.00266,1.87143e+07,-1,1.13979e-09,1,0
2.38172e-05,0.429312,-0.00295107,0.739024,5.00328,1.80253e+07,-1,1.98174e-09,1,0
2.4283e-05,0.429354,-0.00258472,0.73952,5.00328,1.76813e+07,-1,1.98174e-09,1,0
2.47162e-05,0.429393,-0.002244,0.739981,5.00251,1.7373e+07,-1,1.19313e-09,1,0
2.54554e-05,0.42864,-0.00225861,0.739445,5.00529,1.68389e+07,-1,1.25398e-10,1,0
2.57572e-05,0.428882,-0.00254479,0.739561,5.00331,1.6651e+07,-1,4.57195e-11,1,0
2.66077e-05,0.429726,-0.00305712,0.739826,5.00503,1.61505e+07,-1,3.60624e-10,1,0
2.72571e-05,0.429796,-0.00329748,0.739876,5.00594,1.57683e+07,-1,4.33936e-10,1,0
2.8862e-05,0.428558,-0.00183899,0.738938,5.00415,1.48485e+07,-1,2.13074e-09,1,0
2.91256e-05,0.428557,-0.0018855,0.738976,5.00118,1.47141e+07,-1,1.78188e-10,1,0
3.08929e-05,0.428942,-0.00317212,0.738763,5.0025,1.38848e+07,-1,1.40722e-09,1,0
3.17869e-05,0.429196,-0.00384959,0.739624,5.00232,1.35023e+07,-1,1.38924e-09,1,0
3.21347e-05,0.429403,-0.00413312,0.739923,5.00233,1.33626e+07,-1,1.38924e-09,1,0
3.23538e-05,0.42953,-0.00431338,0.74011,5.00063,1.3276e+07,-1,1.48277e-09,1,0
3.26842e-05,0.429428,-0.00472176,0.740194,4.99828,1.31387e+07,-1,1.27405e-11,1,0
3.3409e-05,0.429587,-0.00533595,0.740381,4.99016,1.28584e+07,-1,4.34547e-10,1,0
3.40434e-05,0.429229,-0.00543511,0.740275,4.99085,1.26083e+07,-1,2.23419e-11,1,0
3.53966e-05,0.427891,-0.00573745,0.741268,4.99238,1.20885e+07,-1,1.68267e-10,1,0
3.5557e-05,0.427872,-0.00577605,0.741183,4.99207,1.20334e+07,-1,6.09501e-11,1,0
3.59538e-05,0.427623,-0.0053138,0.741215,4.99283,1.18937e+07,-1,5.26051e-10,1,0
3.63806e-05,0.427647,-0.00534352,0.741779,4.99283,1.17548e+07,-1,5.26051e-10,1,0
3.66716e-05,0.42764,-0.00535398,0.74213,4.991,1.16613e+07,-1,2.55249e-11,1,0
3.69442e-05,0.427464,-0.00532947,0.742075,4.99065,1.15705e+07,-1,1.93195e-10,1,0
3.71401e-05,0.427574,-0.00524273,0.742053,4.9913,1.15125e+07,-1,2.35192e-10,1,0
3.84906e-05,0.427616,-0.00601552,0.743458,4.98944,1.11096e+07,-1,9.90947e-10,1,0
3.92138e-05,0.428027,-0.00659843,0.744098,4.98936,1.09152e+07,-1,1.82687e-09,1,0
3.97149e-05,0.428477,-0.00672148,0.744489,4.98819,1.07888e+07,-1,4.94179e-11,1,0
4.00559e-05,0.428261,-0.00690345,0.744777,4.98858,1.06916e+07,-1,1.14956e-10,1,0
4.07194e-05,0.427846,-0.00728574,0.745281,4.98895,1.05072e+07,-1,1.0771e-09,1,0
4.11432e-05,0.428052,-0.00705521,0.745433,4.9902,1.0404e+07,-1,2.54903e-10,1,0
4.15917e-05,0.428503,-0.00680382,0.745138,4.99023,1.03026e+07,-1,2.54903e-10,1,0
4.2083e-05,0.428981,-0.0065404,0.744796,4.98945,1.01937e+07,-1,4.62032e-11,1,0
4.34257e-05,0.429883,-0.00505411,0.744417,4.98949,9.89927e+06,-1,4.62032e-11,1,0
4.40739e-05,0.430384,-0.00441343,0.744453,4.98893,9.76505e+06,-1,3.76482e-10,1,0
4.53673e-05,0.429956,-0.00549406,0.744642,4.98785,9.47721e+06,-1,9.38001e-10,1,0
4.53949e-05,0.429951,-0.00552021,0.744618,4.98712,9.47134e+06,-1,4.85001e-12,1,0
4.59411e-05,0.43004,-0.00621854,0.744617,4.98789,9.36068e+06,-1,4.36323e-10,1,0
4.70913e-05,0.429533,-0.00618364,0.744141,4.9865,9.12129e+06,-1,8.41645e-10,1,0
4.76054e-05,0.429517,-0.00586315,0.744741,4.98469,9.02245e+06,-1,9.30015e-10,1,0
4.81221e-05,0.429513,-0.00594675,0.744637,4.98499,8.9255e+06,-1,2.81869e-10,1,0
4.84308e-05,0.429542,-0.0061687,0.744384,4.98506,8.86919e+06,-1,1.90931e-11,1,0
4.88584e-05,0.430036,-0.00623701,0.744379,4.98502,8.80168e+06,-1,7.68382e-11,1,0
4.96459e-05,0.429804,-0.00712086,0.744602,4.9855,8.65739e+06,-1,9.37987e-10,1,0
4.98281e-05,0.429713,-0.00709255,0.74439,4.98535,8.6239e+06,-1,2.21858e-11,1,0
5.0719e-05,0.429036,-0.00646541,0.744664,4.98543,8.45906e+06,-1,9.37919e-10,1,0
5.08915e-05,0.429159,-0.00635545,0.744821,4.98632,8.43283e+06,-1,3.71718e-10,1,0
5.16559e-05,0.428292,-0.00656848,0.745299,4.98628,8.29125e+06,-1,3.71718e-10,1,0
5.2009e-05,0.427892,-0.00666687,0.74552,4.9854,8.22727e+06,-1,1.48067e-09,1,0
5.31171e-05,0.42772,-0.00803737,0.745495,4.98496,8.05239e+06,-1,1.42368e-09,1,0
5.35741e-05,0.427982,-0.00753189,0.745535,4.98543,7.9886e+06,-1,6.20425e-10,1,0
5.41563e-05,0.428388,-0.00784561,0.745032,4.9832,7.91021e+06,-1,7.44243e-10,1,0
5.50223e-05,0.427589,-0.00783963,0.744209,4.98316,7.77118e+06,-1,7.44243e-10,1,0
5.60533e-05,0.426637,-0.0078325,0.74323,4.98124,7.61126e+06,-1,2.56943e-09,1,0
5.67903e-05,0.426132,-0.00747881,0.742699,4.98127,7.50361e+06,-1,8.50519e-11,1,0
5.72787e-05,0.42613,-0.00756924,0.743249,4.97903,7.43959e+06,-1,9.41508e-10,1,0
5.79698e-05,0.426164,-0.00745154,0.744003,4.9781,7.35149e+06,-1,1.60907e-10,1,0
5.87056e-05,0.425531,-0.00806035,0.74439,4.97844,7.24856e+06,-1,1.48351e-10,1,0
5.9485e-05,0.424834,-0.00873718,0.744738,4.97679,7.14188e+06,-1,1.85772e-09,1,0
6.03218e-05,0.425463,-0.00935247,0.744177,4.97868,7.05322e+06,-1,1.69996e-10,1,0
6.10605e-05,0.426028,-0.00910047,0.744935,4.97774,6.97715e+06,-1,9.78019e-10,1,0
6.16812e-05,0.425758,-0.0086268,0.745453,4.97613,6.90256e+06,-1,5.82603e-10,1,0
6.21185e-05,0.4256,-0.00831162,0.745113,4.97734,6.85143e+06,-1,4.16864e-10,1,0
6.30847e-05,0.425437,-0.00775674,0.743973,4.97733,6.7439e+06,-1,4.16864e-10,1,0
6.42613e-05,0.4253,-0.00719802,0.742772,4.97614,6.6183e+06,-1,3.12053e-09,1,0
6.46335e-05,0.425513,-0.00733109,0.743128,4.97688,6.58347e+06,-1,1.40148e-10,1,0
6.48612e-05,0.425476,-0.00747392,0.743028,4.97553,6.55979e+06,-1,8.03904e-11,1,0
6.5584e-05,0.425503,-0.00673639,0.743637,4.97533,6.4879e+06,-1,9.5671e-10,1,0
6.58853e-05,0.42563,-0.00641507,0.743784,4.97662,6.46017e+06,-1,3.03872e-10,1,0
6.67444e-05,0.425206,-0.00562142,0.743153,4.97727,6.37066e+06,-1,2.97952e-11,1,0
6.75528e-05,0.424775,-0.00486731,0.742528,4.97722,6.28804e+06,-1,2.1776e-09,1,0
6.80005e-05,0.424997,-0.00486259,0.742491,4.98188,6.24991e+06,-1,2.758e-10,1,0
6.88394e-05,0.425486,-0.00586025,0.742474,4.98138,6.18085e+06,-1,1.11099e-09,1,0
6.99111e-05,0.4259,-0.00610138,0.741781,4.97906,6.09202e+06,-1,9.31372e-10,1,0
7.09466e-05,0.426453,-0.00588765,0.742844,4.97893,6.0109e+06,-1,6.30279e-10,1,0
7.15312e-05,0.426785,-0.00572868,0.742547,4.97706,5.96641e+06,-1,5.78873e-10,1,0
7.18734e-05,0.42699,-0.00598666,0.742237,4.976,5.94086e+06,-1,2.57412e-10,1,0
7.27702e-05,0.427062,-0.00695791,0.741774,4.97567,5.86864e+06,-1,8.77928e-10,1,0
7.3387e-05,0.426517,-0.00698099,0.741889,4.97766,5.81189e+06,-1,5.72392e-10,1,0
7.46424e-05,0.427332,-0.00673657,0.741885,4.97707,5.72506e+06,-1,2.86373e-10,1,0
7.5218e-05,0.427779,-0.00640823,0.74194,4.97802,5.68719e+06,-1,1.39808e-09,1,0
7.59271e-05,0.42779,-0.00575842,0.742553,4.97828,5.63421e+06,-1,7.10213e-10,1,0
7.64361e-05,0.427813,-0.00541077,0.74313,4.97808,5.59701e+06,-1,1.20447e-09,1,0
7.69177e-05,0.428254,-0.00511388,0.743482,4.97798,5.56769e+06,-1,6.37671e-10,1,0
7.79615e-05,0.427836,-0.00405911,0.744271,4.97919,5.48779e+06,-1,1.3818e-09,1,0
7.83046e-05,0.428141,-0.00415599,0.744316,4.97968,5.46764e+06,-1,2.06926e-10,1,0
7.90834e-05,0.428187,-0.00457172,0.745164,4.98153,5.41438e+06,-1,5.43673e-10,1,0
7.97445e-05,0.428057,-0.00447379,0.745769,4.98047,5.36785e+06,-1,8.48546e-11,1,0
8.02445e-05,0.428545,-0.00460609,0.745365,4.98082,5.34049e+06,-1,6.18155e-10,1,0
8.11253e-05,0.428313,-0.00528014,0.744442,4.98032,5.27965e+06,-1,1.16638e-09,1,0
8.15859e-05,0.427915,-0.00557241,0.744557,4.98156,5.24496e+06,-1,3.53663e-10,1,0
8.21809e-05,0.42811,-0.00523214,0.744907,4.97992,5.20936e+06,-1,4.75488e-10,1,0
8.30863e-05,0.428373,-0.00455146,0.745675,4.97931,5.15577e+06,-1,1.1612e-09,1,0
8.34671e-05,0.428361,-0.0043891,0.746152,4.97931,5.13209e+06,-1,1.1612e-09,1,0
8.39035e-05,0.428775,-0.00450043,0.746004,4.97708,5.11033e+06,-1,4.94044e-10,1,0
8.45443e-05,0.428844,-0.00392596,0.74566,4.97525,5.07241e+06,-1,1.07181e-10,1,0
8.53638e-05,0.429047,-0.00288396,0.745882,4.97486,5.0261e+06,-1,1.0847e-09,1,0
8.55262e-05,0.429047,-0.0028782,0.746017,4.97305,5.01655e+06,-1,4.68014e-11,1,0
8.65655e-05,0.430035,-0.00365628,0.746574,4.96972,4.96774e+06,-1,1.37523e-09,1,0
8.7762e-05,0.429169,-0.00306645,0.745913,4.97024,4.89015e+06,-1,1.0697e-09,1,0
8.86272e-05,0.429828,-0.00328731,0.745488,4.96921,4.84984e+06,-1,7.78348e-11,1,0
8.88978e-05,0.430025,-0.00345732,0.745491,4.97118,4.8373e+06,-1,9.2838e-11,1,0
8.93233e-05,0.430074,-0.00401223,0.745572,4.97119,4.8148e+06,-1,9.2838e-11,1,0
8.97178e-05,0.430162,-0.00438527,0.745391,4.97221,4.79461e+06,-1,2.74903e-10,1,0
8.98866e-05,0.430067,-0.0044369,0.745238,4.96905,4.78455e+06,-1,5.99749e-11,1,0
9.04727e-05,0.430052,-0.00422294,0.745377,4.96649,4.75339e+06,-1,9.19045e-11,1,0
9.1642e-05,0.429229,-0.00416534,0.745843,4.9626,4.68375e+06,-1,6.08377e-10,1,0
9.25395e-05,0.428659,-0.00459988,0.745028,4.96346,4.63217e+06,-1,1.01884e-09,1,0
9.26478e-05,0.428793,-0.00459246,0.74498,4.96347,4.6282e+06,-1,1.01884e-09,1,0
9.40248e-05,0.429884,-0.00475007,0.74383,4.96269,4.57203e+06,-1,8.82206e-10,1,0
9.48746e-05,0.430623,-0.00390955,0.743735,4.96273,4.53886e+06,-1,8.82206e-10,1,0
9.53505e-05,0.430966,-0.00341615,0.743736,4.9609,4.51982e+06,-1,1.24903e-10,1,0
9.61583e-05,0.43078,-0.00344015,0.744418,4.96122,4.47991e+06,-1,7.6166e-10,1,0
9.6957e-05,0.430236,-0.00326596,0.744192,4.9604,4.43739e+06,-1,3.99167e-10,1,0
9.78047e-05,0.430502,-0.00240539,0.744849,4.96152,4.40164e+06,-1,1.10366e-09,1,0
9.90866e-05,0.431602,-0.00161863,0.74536,4.96327,4.3558e+06,-1,1.41979e-09,1,0
0.00010002,0.432678,-0.00128293,0.745324,4.96636,4.32592e+06,-1,1.15173e-09,1,0
0.000100525,0.432381,-0.000867494,0.74551,4.96714,4.30124e+06,-1,5.80375e-10,1,0
0.000101157,0.432499,-0.00117883,0.745818,4.96973,4.27551e+06,-1,6.08975e-10,1,0
0.00010175,0.432079,-0.00139749,0.745217,4.96962,4.24648e+06,-1,8.94609e-10,1,0
0.000102262,0.432452,-0.00107222,0.745122,4.97122,4.22887e+06,-1,5.12642e-10,1,0
0.000103226,0.432973,-0.00193263,0.745293,4.97377,4.19441e+06,-1,3.82482e-10,1,0
0.000104253,0.432316,-0.00172941,0.744616,4.97219,4.1468e+06,-1,7.58601e-10,1,0
0.00010458,0.432122,-0.00163624,0.744385,4.9728,4.13197e+06,-1,7.44236e-10,1,0
0.000105019,0.432115,-0.00199982,0.744757,4.97506,4.11462e+06,-1,2.11347e-10,1,0
0.000105505,0.432527,-0.0016518,0.745107,4.97554,4.09959e+06,-1,6.42623e-10,1,0
0.000105694,0.43253,-0.00179891,0.745113,4.97527,4.09229e+06,-1,1.90984e-10,1,0
0.000106173,0.432465,-0.001217,0.745358,4.97526,4.0732e+06,-1,1.90984e-10,1,0
0.000106507,0.432278,-0.00087424,0.745368,4.97842,4.05867e+06,-1,2.37822e-10,1,0
0.000107401,0.433304,-0.00142759,0.745574,4.97847,4.03444e+06,-1,2.37822e-10,1,0
0.000107862,0.433698,-0.0013724,0.745564,4.9808,4.02087e+06,-1,2.49059e-10,1,0
0.00010854,0.43402,-0.0014569,0.745301,4.98208,3.9987e+06,-1,5.33726e-10,1,0
0.000108623,0.434084,-0.00137913,0.745339,4.98132,3.99626e+06,-1,2.09874e-11,1,0
0.000109011,0.43395,-0.00186098,0.745463,4.98246,3.98078e+06,-1,5.15014e-10,1,0
0.000109156,0.433954,-0.00177676,0.745626,4.98217,3.97554e+06,-1,9.86771e-11,1,0
0.00011057,0.433769,-0.00122171,0.747165,4.98288,3.92304e+06,-1,8.4801e-10,1,0
0.000111238,0.434134,-0.00199461,0.746934,4.98609,3.90275e+06,-1,8.85173e-10,1,0
0.000111714,0.433984,-0.00140552,0.746771,4.9853,3.88477e+06,-1,2.17213e-11,1,0
0.000112788,0.433584,-0.00133867,0.747282,4.98456,3.84423e+06,-1,8.17474e-10,1,0
0.000113418,0.433281,-0.0010134,0.747455,4.98343,3.8202e+06,-1,4.03554e-10,1,0
0.000113787,0.432797,-0.00108042,0.747448,4.98207,3.80357e+06,-1,8.87962e-10,1,0
0.000114874,0.43347,-0.00107299,0.747492,4.98276,3.77344e+06,-1,3.66978e-11,1,0
0.000115351,0.433503,-0.000830625,0.748074,4.98197,3.75812e+06,-1,1.21265e-09,1,0
0.000115764,0.433963,-0.00099588,0.748321,4.98199,3.74867e+06,-1,1.21265e-09,1,0
0.000116227,0.434469,-0.00107625,0.748388,4.97492,3.73812e+06,-1,2.12977e-10,1,0
0.00011698,0.433916,-0.000267771,0.748198,4.9749,3.70932e+06,-1,2.12977e-10,1,0
0.000117735,0.433335,0.00050508,0.748062,4.97204,3.6806e+06,-1,1.04097e-10,1,0
0.000119056,0.43445,0.000508127,0.749317,4.96795,3.64912e+06,-1,1.59674e-09,1,0
0.000119243,0.434504,0.000454748,0.749081,4.96795,3.64384e+06,-1,1.59674e-09,1,0
0.000119967,0.435307,0.000632516,0.749284,4.96409,3.62857e+06,-1,8.65722e-10,1,0
0.000120925,0.434331,0.00133928,0.748896,4.96404,3.59174e+06,-1,8.65722e-10,1,0
0.000121441,0.434108,0.00171214,0.749249,4.96456,3.57463e+06,-1,1.45272e-09,1,0
0.000121785,0.434044,0.00182428,0.749033,4.96277,3.56403e+06,-1,1.58011e-11,1,0
0.000123379,0.434314,0.00140448,0.7478,4.96458,3.52017e+06,-1,9.38061e-10,1,0
0.000124617,0.433268,0.000504307,0.746967,4.96483,3.47679e+06,-1,2.50669e-10,1,0
0.000125253,0.43255,0.000488304,0.746964,4.96319,3.45342e+06,-1,1.61265e-10,1,0
0.000125831,0.432463,0.000314343,0.746626,4.96242,3.43685e+06,-1,3.38439e-10,1,0
0.000127479,0.434587,0.000127868,0.747071,4.96204,3.40908e+06,-1,2.17873e-09,1,0
0.000127595,0.434512,0.000157176,0.747005,4.9641,3.40541e+06,-1,7.1899e-11,1,0
0.000127998,0.434409,0.000537247,0.747219,4.96545,3.39387e+06,-1,1.84649e-11,1,0
0.000128501,0.433968,0.000858115,0.7476,4.96481,3.37715e+06,-1,9.12908e-10,1,0
0.000129354,0.433697,0.000357381,0.748333,4.96181,3.3528e+06,-1,9.37954e-10,1,0
0.000129692,0.433678,0.000213952,0.748238,4.96248,3.34392e+06,-1,1.28703e-10,1,0
0.00013046,0.434532,-0.00031586,0.748086,4.96263,3.33077e+06,-1,1.01567e-09,1,0
0.000131013,0.434106,-0.000100461,0.74818,4.96269,3.31346e+06,-1,2.10814e-10,1,0
0.000131084,0.434107,-0.000131729,0.748121,4.96091,3.31167e+06,-1,1.71205e-11,1,0
0.000131438,0.434039,-0.000403403,0.747874,4.95784,3.30224e+06,-1,8.16596e-11,1,0
0.000132354,0.43436,-0.00023369,0.747857,4.95621,3.28181e+06,-1,5.33779e-10,1,0
0.000133079,0.434427,0.000527372,0.748085,4.95686,3.26443e+06,-1,7.12615e-10,1,0
0.000133462,0.434177,0.000744699,0.748178,4.95496,3.25319e+06,-1,3.55434e-10,1,0
0.000134023,0.433978,0.000450246,0.748206,4.9515,3.23808e+06,-1,3.90663e-10,1,0
0.000134509,0.43412,0.000619402,0.748598,4.95309,3.22745e+06,-1,4.7237e-10,1,0
0.000135091,0.433768,0.000808107,0.749256,4.95288,3.21092e+06,-1,7.69641e-10,1,0
0.000135761,0.43422,0.000751768,0.750014,4.9529,3.19841e+06,-1,7.69641e-10,1,0
0.000135964,0.434148,0.000819242,0.750013,4.95427,3.19312e+06,-1,9.54729e-11,1,0
0.000137177,0.435729,0.00107969,0.749992,4.95548,3.1764e+06,-1,1.60216e-09,1,0
0.000138417,0.434576,-8.34024e-05,0.75001,4.95542,3.13962e+06,-1,1.60216e-09,1,0
0.000138785,0.434649,0.000134284,0.749631,4.95445,3.13181e+06,-1,4.37876e-10,1,0
0.000139267,0.434937,-4.58122e-05,0.749127,4.9559,3.12305e+06,-1,7.92385e-11,1,0
0.000140259,0.434069,-0.000664845,0.74989,4.95599,3.09476e+06,-1,1.31132e-09,1,0
0.000140865,0.434085,-0.000529142,0.749102,4.95599,3.08157e+06,-1,1.31132e-09,1,0
0.000141596,0.434103,-0.000365235,0.748151,4.95599,3.06578e+06,-1,1.31132e-09,1,0
0.000142378,0.434232,-0.000263345,0.748465,4.95294,3.04986e+06,-1,2.12073e-09,1,0
0.000143424,0.434354,-0.000706617,0.749605,4.95164,3.02846e+06,-1,2.84555e-10,1,0
0.000144174,0.434393,-0.000503234,0.750177,4.95373,3.01298e+06,-1,5.23476e-10,1,0
0.000144899,0.434087,-0.00126898,0.75039,4.95401,2.99579e+06,-1,3.12563e-10,1,0
0.000145124,0.434108,-0.0015268,0.750393,4.9526,2.99128e+06,-1,9.84261e-10,1,0
0.000145941,0.434617,-0.00246614,0.750249,4.95263,2.97804e+06,-1,9.84261e-10,1,0
0.000146353,0.434874,-0.0029409,0.750176,4.95264,2.9714e+06,-1,9.84261e-10,1,0
0.000146823,0.435251,-0.00333094,0.750108,4.9512,2.96446e+06,-1,1.59603e-10,1,0
0.000148107,0.434934,-0.00426707,0.750103,4.95232,2.93662e+06,-1,9.6921e-10,1,0
0.000148885,0.434503,-0.00454384,0.749212,4.9523,2.91838e+06,-1,9.6921e-10,1,0
0.000150156,0.435164,-0.00491489,0.748043,4.95021,2.89809e+06,-1,7.88273e-10,1,0
0.000151055,0.435023,-0.0045148,0.74906,4.95587,2.87989e+06,-1,1.14266e-09,1,0
0.000151228,0.435244,-0.00446014,0.749047,4.95588,2.87807e+06,-1,1.14266e-09,1,0
0.00015177,0.435607,-0.00436388,0.748897,4.95557,2.87019e+06,-1,7.52129e-10,1,0
0.000152333,0.435042,-0.00447805,0.748426,4.95875,2.85586e+06,-1,9.36018e-10,1,0
0.000154011,0.435857,-0.00620472,0.748591,4.95902,2.83004e+06,-1,3.41125e-10,1,0
0.000154814,0.436186,-0.00721225,0.748546,4.95902,2.81749e+06,-1,2.93704e-09,1,0
0.000155466,0.436576,-0.00737291,0.748319,4.95872,2.80818e+06,-1,7.85237e-11,1,0
0.000155969,0.436819,-0.00730835,0.74865,4.95844,2.80068e+06,-1,4.90195e-10,1,0
0.000157561,0.436762,-0.00894016,0.748523,4.95988,2.77202e+06,-1,1.16522e-09,1,0
0.000157902,0.436823,-0.0088977,0.748653,4.95572,2.76641e+06,-1,8.07976e-11,1,0
0.00015843,0.437102,-0.00903655,0.749215,4.95488,2.75896e+06,-1,8.61199e-10,1,0
0.000159348,0.438128,-0.00964103,0.749255,4.95098,2.7495e+06,-1,8.10223e-10,1,0
0.000159745,0.438318,-0.0094992,0.749576,4.95131,2.74387e+06,-1,4.5482e-10,1,0
0.000159898,0.438457,-0.00940757,0.749459,4.95132,2.7421e+06,-1,4.5482e-10,1,0
0.000160332,0.438881,-0.00909649,0.749341,4.95032,2.73733e+06,-1,3.26829e-10,1,0
0.000160864,0.439138,-0.00886374,0.749198,4.94821,2.72988e+06,-1,2.43643e-10,1,0
0.000161746,0.43893,-0.00907994,0.748118,4.94829,2.7137e+06,-1,6.76642e-10,1,0
0.000162379,0.438783,-0.00900741,0.74767,4.94942,2.70221e+06,-1,2.32085e-10,1,0
0.00016294,0.438489,-0.0087635,0.747037,4.95068,2.69111e+06,-1,7.39998e-10,1,0
0.00016352,0.438064,-0.00897546,0.746731,4.95067,2.67896e+06,-1,4.21519e-10,1,0
0.000164619,0.438829,-0.00944276,0.747506,4.95022,2.66573e+06,-1,7.49444e-10,1,0
0.000165142,0.438812,-0.00996168,0.747766,4.94831,2.65719e+06,-1,1.72329e-10,1,0
0.000165938,0.438858,-0.0107424,0.747063,4.94832,2.6447e+06,-1,1.72329e-10,1,0
0.000166338,0.438851,-0.0111445,0.746738,4.94503,2.63831e+06,-1,7.31087e-11,1,0
0.000167353,0.438409,-0.0112975,0.746108,4.94926,2.61967e+06,-1,9.54881e-10,1,0
0.000167866,0.438049,-0.0115898,0.746153,4.95187,2.60951e+06,-1,3.80904e-10,1,0
0.00016866,0.438571,-0.0122003,0.746771,4.95059,2.60033e+06,-1,8.0714e-10,1,0
0.00017004,0.438654,-0.0131045,0.748345,4.95005,2.57971e+06,-1,9.54505e-10,1,0
0.000171761,0.43896,-0.0108651,0.748117,4.95006,2.55565e+06,-1,9.54505e-10,1,0
0.00017282,0.438851,-0.0103257,0.748424,4.94913,2.53935e+06,-1,3.12564e-09,1,0
0.000172901,0.43887,-0.0103217,0.748503,4.94863,2.53828e+06,-1,5.84008e-10,1,0
0.000173394,0.439215,-0.0100693,0.748994,4.95085,2.53304e+06,-1,7.18524e-10,1,0
0.000174086,0.439888,-0.00960233,0.748743,4.95193,2.52684e+06,-1,6.49654e-11,1,0
0.000174401,0.439906,-0.0093347,0.748485,4.95323,2.52238e+06,-1,3.40026e-10,1,0
0.000174804,0.440339,-0.00942873,0.748438,4.9551,2.51904e+06,-1,3.21009e-10,1,0
0.000175737,0.43973,-0.0101312,0.747999,4.9543,2.50221e+06,-1,1.12066e-10,1,0
0.000176682,0.438934,-0.0109652,0.747517,4.95426,2.48431e+06,-1,1.12066e-10,1,0
0.00017713,0.438693,-0.0111332,0.747335,4.95833,2.47667e+06,-1,1.40635e-10,1,0
0.000178218,0.439549,-0.0115602,0.748403,4.95775,2.46635e+06,-1,1.39539e-09,1,0
0.000178638,0.439806,-0.0115623,0.748883,4.95913,2.462e+06,-1,5.48261e-10,1,0
0.000179119,0.439804,-0.012078,0.748534,4.95615,2.45538e+06,-1,6.85928e-11,1,0
0.000179725,0.439489,-0.0116186,0.749109,4.95745,2.44534e+06,-1,8.00714e-10,1,0
0.000180286,0.4397,-0.0116116,0.749041,4.9574,2.4389e+06,-1,9.62631e-11,1,0
0.000181411,0.439606,-0.0107813,0.748413,4.9527,2.42326e+06,-1,3.1535e-10,1,0
0.00018163,0.439496,-0.0106189,0.748295,4.95324,2.41973e+06,-1,5.39615e-11,1,0
0.000182206,0.438898,-0.0102808,0.748011,4.95587,2.40879e+06,-1,7.41568e-10,1,0
0.000182546,0.438665,-0.0101582,0.748271,4.95541,2.40304e+06,-1,3.5846e-10,1,0
0.000182746,0.438547,-0.0100494,0.748158,4.95622,2.39976e+06,-1,2.01612e-10,1,0
0.000183231,0.438751,-0.00962711,0.748521,4.95659,2.39452e+06,-1,2.00472e-11,1,0
0.000183678,0.438644,-0.00922103,0.748665,4.95644,2.38811e+06,-1,3.39371e-10,1,0
0.000184817,0.438491,-0.00993401,0.749747,4.95638,2.37256e+06,-1,2.33778e-10,1,0
0.00018585,0.438707,-0.0100526,0.749396,4.95656,2.36054e+06,-1,6.65688e-10,1,0
0.000186287,0.4385,-0.00962969,0.749062,4.95655,2.35389e+06,-1,6.65688e-10,1,0
0.000187503,0.437923,-0.00845324,0.748133,4.95652,2.33555e+06,-1,6.65688e-10,1,0
0.000188568,0.436681,-0.00783781,0.748218,4.95734,2.31577e+06,-1,2.83306e-09,1,0
0.000189267,0.43751,-0.00823324,0.748205,4.96126,2.3116e+06,-1,1.36376e-09,1,0
0.000189887,0.438249,-0.00858561,0.748193,4.96129,2.30795e+06,-1,1.36376e-09,1,0
0.000190713,0.439235,-0.00905551,0.748178,4.96134,2.30312e+06,-1,1.36376e-09,1,0
0.0001916,0.439117,-0.00986122,0.748424,4.96279,2.29184e+06,-1,8.24084e-10,1,0
0.00019229,0.439066,-0.0106918,0.748387,4.9604,2.28336e+06,-1,4.09554e-10,1,0
0.000193022,0.43971,-0.0106194,0.748028,4.95722,2.27803e+06,-1,2.89849e-10,1,0
0.000193538,0.44021,-0.0107888,0.747597,4.95961,2.27454e+06,-1,1.35958e-09,1,0
0.000194705,0.440539,-0.00975229,0.74869,4.95963,2.2626e+06,-1,1.35958e-09,1,0
0.000195522,0.440769,-0.00902636,0.749456,4.95964,2.25431e+06,-1,1.35958e-09,1,0
0.000196304,0.440034,-0.00903336,0.74975,4.95625,2.2416e+06,-1,2.84487e-09,1,0
0.000197245,0.438985,-0.00937038,0.749988,4.95549,2.22558e+06,-1,1.91856e-09,1,0
0.000197804,0.439111,-0.0100435,0.750266,4.9555,2.21992e+06,-1,1.91856e-09,1,0
0.000198552,0.439279,-0.0109423,0.750637,4.9555,2.21242e+06,-1,1.91856e-09,1,0
0.000198885,0.439471,-0.0111461,0.750794,4.95533,2.20967e+06,-1,1.62446e-10,1,0
0.000199185,0.439341,-0.0115016,0.750909,4.95669,2.20569e+06,-1,3.95755e-10,1,0
0.000199567,0.439693,-0.011542,0.750778,4.95562,2.20323e+06,-1,3.91105e-10,1,0
0.000200242,0.439404,-0.0116222,0.749938,4.95561,2.19436e+06,-1,3.91105e-10,1,0
0.00020041,0.439332,-0.0116422,0.749729,4.95561,2.19217e+06,-1,3.91105e-10,1,0
0.000201666,0.438795,-0.0117915,0.748167,4.95481,2.17585e+06,-1,2.88607e-09,1,0
0.000202813,0.438973,-0.0121881,0.747566,4.95209,2.16443e+06,-1,9.37965e-10,1,0
0.000203382,0.439152,-0.0124801,0.748235,4.94974,2.15925e+06,-1,7.51605e-10,1,0
0.000203988,0.439018,-0.0125192,0.7477,4.94612,2.15217e+06,-1,4.13187e-10,1,0
0.000204887,0.440096,-0.0130143,0.747721,4.94618,2.14799e+06,-1,4.13187e-10,1,0
0.000206031,0.440014,-0.0125609,0.747419,4.94266,2.13567e+06,-1,9.5418e-10,1,0
0.000207188,0.439673,-0.0123248,0.747773,4.94217,2.12209e+06,-1,7.26643e-10,1,0
0.000208599,0.440142,-0.0126303,0.747176,4.95189,2.10999e+06,-1,2.95552e-10,1,0
0.000210184,0.438638,-0.0116234,0.746964,4.95244,2.08692e+06,-1,1.1972e-09,1,0
0.000210733,0.438027,-0.0112349,0.746992,4.95241,2.07859e+06,-1,1.1972e-09,1,0
0.000211571,0.437815,-0.0119541,0.746503,4.95329,2.06936e+06,-1,4.32988e-11,1,0
0.000212016,0.437622,-0.0123143,0.746685,4.95288,2.0641e+06,-1,3.76196e-10,1,0
0.000212256,0.437693,-0.0124231,0.746798,4.9495,2.0621e+06,-1,2.01142e-10,1,0
0.000212584,0.438076,-0.0122918,0.746645,4.94985,2.06072e+06,-1,2.40304e-10,1,0
0.000213337,0.438203,-0.0118717,0.747488,4.95116,2.05404e+06,-1,9.54478e-10,1,0
0.000215115,0.439351,-0.011415,0.746128,4.95078,2.0424e+06,-1,1.84717e-09,1,0
0.000216301,0.439637,-0.010929,0.744936,4.95136,2.03252e+06,-1,6.9181e-10,1,0
0.000216984,0.439481,-0.0114837,0.745057,4.94942,2.02541e+06,-1,2.74258e-10,1,0
0.000217068,0.439489,-0.0114491,0.745158,4.95114,2.02466e+06,-1,1.05422e-10,1,0
0.000217823,0.438964,-0.0120363,0.745771,4.95111,2.01523e+06,-1,1.05422e-10,1,0
0.000218012,0.438833,-0.0121832,0.745924,4.95035,2.01288e+06,-1,1.24758e-09,1,0
0.000218347,0.438753,-0.0123432,0.746328,4.95034,2.00943e+06,-1,1.24758e-09,1,0
0.000218875,0.438435,-0.0124655,0.746642,4.95044,2.00313e+06,-1,1.95751e-11,1,0
0.000219756,0.437441,-0.0123475,0.746309,4.94565,1.99058e+06,-1,1.24035e-10,1,0
0.000221188,0.437584,-0.0128563,0.746571,4.94362,1.97833e+06,-1,5.20289e-10,1,0
0.000221685,0.437813,-0.013085,0.746525,4.9454,1.97493e+06,-1,2.6879e-10,1,0
0.000222272,0.437365,-0.012477,0.746375,4.94528,1.9677e+06,-1,2.43482e-12,1,0
0.000223249,0.437396,-0.0131535,0.745678,4.94425,1.95923e+06,-1,4.93993e-10,1,0
0.000223863,0.437714,-0.0135249,0.745042,4.9441,1.95527e+06,-1,5.97486e-10,1,0
0.000223967,0.43764,-0.0135179,0.744988,4.94329,1.95404e+06,-1,3.83736e-12,1,0
0.000224124,0.437614,-0.0135756,0.74479,4.94116,1.95256e+06,-1,2.68263e-10,1,0
0.00022455,0.437679,-0.0137358,0.7449,4.93911,1.94914e+06,-1,2.01929e-10,1,0
0.000225454,0.437318,-0.0146844,0.745178,4.93961,1.93972e+06,-1,9.54752e-10,1,0
0.000226546,0.437363,-0.0152019,0.745554,4.9391,1.93057e+06,-1,1.67994e-10,1,0
0.000227569,0.436864,-0.014909,0.744824,4.94163,1.9197e+06,-1,9.54597e-10,1,0
0.000228318,0.437123,-0.0158197,0.745106,4.94226,1.91454e+06,-1,1.2118e-09,1,0
0.000228857,0.437628,-0.0159947,0.744917,4.94152,1.91223e+06,-1,2.21001e-10,1,0
0.000229915,0.438018,-0.0157493,0.744501,4.93831,1.90513e+06,-1,1.318e-09,1,0
0.000231014,0.437481,-0.0147205,0.744899,4.9374,1.89374e+06,-1,3.25646e-10,1,0
0.000231582,0.43696,-0.0150246,0.744455,4.93738,1.88684e+06,-1,3.25646e-10,1,0
0.000232432,0.436268,-0.0152436,0.743738,4.93699,1.87697e+06,-1,1.60688e-09,1,0
0.000232963,0.436227,-0.0146534,0.74363,4.93735,1.87252e+06,-1,4.93681e-10,1,0
0.000233277,0.436457,-0.0145212,0.743849,4.93754,1.87098e+06,-1,4.81715e-11,1,0
0.000234395,0.4356,-0.0156766,0.743526,4.9375,1.8584e+06,-1,4.81715e-11,1,0
0.000234836,0.436115,-0.0155966,0.743514,4.94048,1.8571e+06,-1,5.46325e-10,1,0
0.000235014,0.43609,-0.0156082,0.743692,4.94145,1.85559e+06,-1,1.25822e-10,1,0
0.000236032,0.43523,-0.0162272,0.744518,4.94141,1.84394e+06,-1,1.25822e-10,1,0
0.000236631,0.434992,-0.0167535,0.744494,4.94421,1.83827e+06,-1,5.13724e-10,1,0
0.000237799,0.43565,-0.0162464,0.744481,4.94585,1.83201e+06,-1,2.25047e-10,1,0
0.000238842,0.43523,-0.0157748,0.745705,4.94386,1.82225e+06,-1,1.37684e-09,1,0
0.000239621,0.435634,-0.0165586,0.745176,4.94111,1.81801e+06,-1,1.02823e-09,1,0
0.000239881,0.435771,-0.0166963,0.745458,4.94155,1.81662e+06,-1,3.42206e-10,1,0
0.000240375,0.435547,-0.016335,0.745952,4.9412,1.81194e+06,-1,6.52334e-10,1,0
0.00024139,0.435173,-0.0172894,0.745345,4.93989,1.80278e+06,-1,1.14275e-09,1,0
0.000242525,0.436045,-0.0181384,0.746048,4.94127,1.79794e+06,-1,3.83474e-11,1,0
0.000243331,0.43582,-0.0189138,0.745656,4.93681,1.79106e+06,-1,2.58961e-10,1,0
0.000243631,0.436121,-0.0189348,0.745812,4.9388,1.79009e+06,-1,3.53163e-10,1,0
0.000244049,0.436437,-0.0187608,0.746001,4.93904,1.78831e+06,-1,1.48688e-10,1,0
0.000245105,0.437137,-0.0178534,0.74679,4.93951,1.78347e+06,-1,1.79453e-09,1,0
0.00024603,0.43647,-0.0170203,0.746282,4.94011,1.77405e+06,-1,1.15752e-09,1,0
0.000247156,0.437148,-0.0165688,0.745972,4.94015,1.76871e+06,-1,4.49588e-10,1,0
0.00024788,0.437735,-0.0161969,0.745317,4.94018,1.76592e+06,-1,4.49588e-10,1,0
0.000249226,0.437673,-0.0154598,0.744694,4.93702,1.75613e+06,-1,1.96302e-09,1,0
0.000249795,0.437099,-0.0150732,0.74479,4.93477,1.74983e+06,-1,1.04752e-10,1,0
0.000251215,0.437437,-0.0147827,0.743929,4.93515,1.74129e+06,-1,9.54587e-10,1,0
0.000252659,0.437515,-0.0161427,0.742779,4.93681,1.73164e+06,-1,1.62383e-10,1,0
0.000253132,0.437474,-0.0164127,0.742293,4.93526,1.72825e+06,-1,2.5748e-10,1,0
0.000253695,0.437801,-0.0162808,0.742541,4.9316,1.7257e+06,-1,2.77373e-10,1,0
0.000254051,0.438093,-0.0161741,0.742696,4.93024,1.72443e+06,-1,1.68653e-10,1,0
0.0002545,0.43768,-0.0162586,0.742757,4.92739,1.71976e+06,-1,4.47068e-10,1,0
0.000255146,0.437977,-0.0156389,0.742591,4.92731,1.71657e+06,-1,1.85745e-10,1,0
0.000255451,0.438193,-0.0159766,0.742613,4.92732,1.71537e+06,-1,1.85745e-10,1,0
0.000255982,0.438527,-0.0165078,0.74259,4.92466,1.71312e+06,-1,5.8751e-11,1,0
0.000256591,0.439206,-0.0165227,0.742222,4.92507,1.7117e+06,-1,2.73371e-11,1,0
0.000257109,0.439511,-0.0166262,0.741658,4.92581,1.70943e+06,-1,5.13676e-10,1,0
0.00025774,0.439567,-0.0168044,0.740849,4.92581,1.70547e+06,-1,5.13676e-10,1,0
0.000258784,0.439674,-0.0172839,0.739887,4.92571,1.699e+06,-1,1.6475e-10,1,0
0.0002593,0.439867,-0.0172611,0.739887,4.92168,1.69636e+06,-1,2.92684e-10,1,0
0.000260042,0.439795,-0.0170095,0.740418,4.91928,1.69124e+06,-1,5.85707e-10,1,0
0.000260611,0.440027,-0.0165259,0.740393,4.91707,1.68844e+06,-1,5.7716e-10,1,0
0.000260743,0.439959,-0.0165939,0.740436,4.91527,1.68733e+06,-1,4.10506e-11,1,0
0.000261735,0.438751,-0.0168174,0.740209,4.91587,1.67632e+06,-1,9.54478e-10,1,0
0.000262269,0.439065,-0.017182,0.740549,4.91773,1.6741e+06,-1,4.49722e-11,1,0
0.000262886,0.438965,-0.017246,0.740414,4.91703,1.66979e+06,-1,7.46659e-11,1,0
0.000263929,0.440257,-0.0172003,0.740875,4.91768,1.66809e+06,-1,1.37199e-09,1,0
0.00026438,0.440767,-0.0169564,0.740793,4.91599,1.66717e+06,-1,5.94316e-11,1,0
0.000265276,0.441501,-0.0172758,0.740156,4.91533,1.66431e+06,-1,8.96447e-10,1,0
0.00026551,0.441274,-0.017126,0.740043,4.91547,1.66199e+06,-1,3.38104e-11,1,0
0.000265682,0.441328,-0.0171467,0.739951,4.91428,1.66111e+06,-1,1.42557e-10,1,0
0.000266669,0.441013,-0.0174812,0.740696,4.91581,1.65378e+06,-1,3.44251e-10,1,0
0.000267124,0.440935,-0.016979,0.74038,4.91594,1.65068e+06,-1,5.98326e-10,1,0
0.000268032,0.441352,-0.0161367,0.739783,4.9159,1.64663e+06,-1,1.78974e-10,1,0
0.000269123,0.442321,-0.015144,0.739544,4.91581,1.64357e+06,-1,6.51186e-10,1,0
0.000269638,0.442812,-0.0146793,0.739492,4.91584,1.64225e+06,-1,6.51186e-10,1,0
0.000270382,0.442216,-0.0150989,0.738967,4.91343,1.63552e+06,-1,3.23462e-11,1,0
0.000270926,0.442814,-0.0149583,0.738617,4.91268,1.63445e+06,-1,6.78359e-10,1,0
0.000271344,0.443085,-0.0149669,0.738632,4.91319,1.63293e+06,-1,1.44743e-10,1,0
0.000271492,0.443059,-0.0150852,0.738536,4.9117,1.63194e+06,-1,1.33478e-10,1,0
0.000272501,0.441976,-0.0154957,0.73848,4.91255,1.62193e+06,-1,4.38706e-10,1,0
0.000273486,0.44173,-0.0152381,0.737648,4.90775,1.61518e+06,-1,9.5415e-10,1,0
0.000274464,0.442071,-0.0159258,0.737458,4.90813,1.61067e+06,-1,2.58888e-10,1,0
0.000275468,0.442542,-0.0157119,0.738486,4.90582,1.60651e+06,-1,1.11793e-09,1,0
0.000275809,0.442757,-0.0155101,0.738706,4.9055,1.60531e+06,-1,6.89856e-10,1,0
0.000276082,0.44296,-0.0154614,0.738971,4.90438,1.60445e+06,-1,2.45042e-10,1,0
0.000276671,0.442945,-0.0158257,0.739308,4.90475,1.60098e+06,-1,5.37e-10,1,0
0.000277481,0.443118,-0.0163313,0.7399,4.90276,1.59693e+06,-1,8.53702e-10,1,0
0.000278081,0.443143,-0.0161311,0.739885,4.90002,1.59358e+06,-1,3.81674e-10,1,0
0.00027852,0.443369,-0.0166258,0.740059,4.90062,1.59187e+06,-1,2.27685e-10,1,0
0.000279397,0.442968,-0.0173743,0.740472,4.89902,1.58545e+06,-1,3.57776e-10,1,0
0.000280072,0.443432,-0.0172889,0.739777,4.90485,1.58328e+06,-1,1.22063e-10,1,0
0.00028066,0.443299,-0.017742,0.739343,4.90216,1.57949e+06,-1,2.61476e-10,1,0
0.000281063,0.443365,-0.0174519,0.73897,4.90185,1.57746e+06,-1,4.49629e-10,1,0
0.000281613,0.443409,-0.0170584,0.739384,4.9032,1.57454e+06,-1,6.89983e-11,1,0
0.000281707,0.44342,-0.0170466,0.739422,4.90042,1.57405e+06,-1,5.34656e-11,1,0
0.000282495,0.444041,-0.0170613,0.739548,4.89995,1.57186e+06,-1,5.29127e-10,1,0
0.000283106,0.444149,-0.0164922,0.739947,4.8989,1.56884e+06,-1,5.84341e-10,1,0
0.000283421,0.443965,-0.0163679,0.740296,4.89783,1.56645e+06,-1,6.32023e-10,1,0
0.000283884,0.444445,-0.016189,0.739969,4.89786,1.56559e+06,-1,6.32023e-10,1,0
0.000284691,0.443768,-0.0166108,0.739387,4.90023,1.55877e+06,-1,6.60477e-10,1,0
0.000285473,0.443428,-0.0171137,0.73879,4.89911,1.55331e+06,-1,1.70054e-09,1,0
0.000286102,0.443812,-0.0176141,0.738257,4.89913,1.55124e+06,-1,1.70054e-09,1,0
0.000286641,0.443914,-0.0172765,0.738188,4.8992,1.54867e+06,-1,1.31332e-10,1,0
0.000287431,0.444,-0.0166095,0.738867,4.89913,1.54472e+06,-1,5.83829e-10,1,0
0.000288,0.443765,-0.0170004,0.738286,4.89835,1.54085e+06,-1,6.37834e-11,1,0
0.000288774,0.443719,-0.0174895,0.738235,4.89827,1.53656e+06,-1,1.59988e-10,1,0
0.000290547,0.442886,-0.0174636,0.738814,4.89453,1.52432e+06,-1,9.54579e-10,1,0
0.000291674,0.44337,-0.0174808,0.739696,4.89533,1.52008e+06,-1,1.32796e-09,1,0
0.00029232,0.444071,-0.0178185,0.739988,4.89544,1.51913e+06,-1,7.28987e-10,1,0
0.000292793,0.443814,-0.0176411,0.739791,4.89478,1.51579e+06,-1,3.55424e-10,1,0
0.000293769,0.442687,-0.0175429,0.739946,4.8945,1.50692e+06,-1,9.54622e-10,1,0
0.000294283,0.442853,-0.0174504,0.740101,4.89445,1.50485e+06,-1,3.90247e-10,1,0
0.000295015,0.443378,-0.016987,0.739583,4.89575,1.5029e+06,-1,8.44032e-10,1,0
0.000295863,0.443658,-0.0164281,0.739833,4.89395,1.49954e+06,-1,1.60032e-10,1,0
0.000296947,0.443265,-0.0170869,0.740534,4.88873,1.49274e+06,-1,4.67892e-10,1,0
0.000297886,0.443603,-0.0177168,0.739972,4.88749,1.48917e+06,-1,9.54612e-10,1,0
0.000299239,0.442898,-0.0176285,0.739384,4.885,1.48008e+06,-1,4.08129e-10,1,0
0.000300237,0.442801,-0.018,0.740012,4.88369,1.47484e+06,-1,5.31973e-10,1,0
0.000300772,0.442478,-0.0185094,0.740369,4.88367,1.47114e+06,-1,5.31973e-10,1,0
0.000301913,0.441463,-0.019245,0.740711,4.88712,1.46222e+06,-1,6.3475e-10,1,0
0.000302721,0.442108,-0.0189316,0.7405,4.88732,1.46045e+06,-1,5.31891e-10,1,0
0.000303052,0.442131,-0.0188448,0.74065,4.88476,1.45893e+06,-1,1.73489e-10,1,0
0.000303906,0.441513,-0.0186554,0.740589,4.88533,1.4528e+06,-1,4.45539e-11,1,0
0.000304816,0.442347,-0.0194075,0.740972,4.88582,1.4512e+06,-1,2.152e-10,1,0
0.000305452,0.441789,-0.0194387,0.740903,4.88715,1.44635e+06,-1,1.10369e-10,1,0
0.000305968,0.441942,-0.0188345,0.741168,4.88715,1.44441e+06,-1,1.10369e-10,1,0
0.000306786,0.442184,-0.0178767,0.741588,4.88717,1.44134e+06,-1,1.10369e-10,1,0
0.000307575,0.441871,-0.0176265,0.740733,4.88731,1.43663e+06,-1,9.61559e-10,1,0
0.000307875,0.441911,-0.0172668,0.740579,4.88921,1.43536e+06,-1,3.93219e-10,1,0
0.000309157,0.442317,-0.0180488,0.73955,4.89152,1.43072e+06,-1,5.69399e-10,1,0
0.000310177,0.44317,-0.0182847,0.738995,4.89119,1.42877e+06,-1,9.9656e-10,1,0
0.000311351,0.442671,-0.0171372,0.738495,4.89002,1.42177e+06,-1,7.40614e-10,1,0
0.000312082,0.44228,-0.0162778,0.738577,4.89099,1.41719e+06,-1,2.63757e-11,1,0
0.000312642,0.442523,-0.01559,0.738668,4.89328,1.41543e+06,-1,7.35306e-10,1,0
0.000313565,0.443131,-0.0160669,0.7396,4.89402,1.41321e+06,-1,1.21099e-09,1,0
0.000314062,0.442689,-0.0160716,0.740023,4.89216,1.40956e+06,-1,1.07597e-10,1,0
0.000314882,0.44238,-0.0151904,0.739792,4.89366,1.40491e+06,-1,7.07002e-11,1,0
0.000315537,0.442032,-0.0158413,0.739354,4.89436,1.40089e+06,-1,8.58568e-10,1,0
0.000316525,0.441111,-0.0163466,0.739461,4.89312,1.39361e+06,-1,1.0267e-09,1,0
0.000317378,0.441376,-0.0172425,0.740078,4.8937,1.39069e+06,-1,1.39067e-09,1,0
0.000317697,0.441634,-0.0173412,0.739824,4.89382,1.39011e+06,-1,1.13735e-10,1,0
0.000318057,0.441498,-0.01713,0.739425,4.89382,1.38811e+06,-1,1.13735e-10,1,0
0.000318676,0.441262,-0.0167661,0.738737,4.89281,1.38467e+06,-1,1.28419e-09,1,0
0.000319196,0.441315,-0.0169353,0.739276,4.89475,1.38258e+06,-1,5.7725e-10,1,0
0.000319883,0.441664,-0.0173637,0.738631,4.89749,1.3807e+06,-1,4.3456e-10,1,0
0.00032112,0.441838,-0.0162893,0.739624,4.89933,1.37593e+06,-1,2.66605e-10,1,0
0.000322175,0.441253,-0.0159868,0.740711,4.89888,1.36961e+06,-1,2.88846e-10,1,0
0.000322559,0.440845,-0.0157891,0.740931,4.89857,1.36671e+06,-1,5.03919e-10,1,0
0.000323133,0.441063,-0.0150904,0.741109,4.89858,1.36496e+06,-1,5.03919e-10,1,0
0.000323575,0.441103,-0.0150283,0.740591,4.89548,1.36322e+06,-1,4.41159e-10,1,0
0.000323768,0.44102,-0.0151947,0.740421,4.89646,1.36215e+06,-1,9.42018e-11,1,0
0.000324365,0.441589,-0.0147776,0.740438,4.89694,1.3614e+06,-1,5.69586e-10,1,0
0.000325278,0.441964,-0.0139543,0.740786,4.89843,1.35873e+06,-1,2.36814e-10,1,0
0.000325938,0.441412,-0.0133099,0.740956,4.89726,1.35428e+06,-1,3.06665e-12,1,0
0.000326752,0.440812,-0.0127049,0.741178,4.8985,1.34907e+06,-1,1.81969e-09,1,0
0.000327271,0.440408,-0.0128703,0.741223,4.89697,1.3457e+06,-1,3.90113e-10,1,0
0.000328041,0.441063,-0.0123119,0.741027,4.89836,1.34453e+06,-1,9.0508e-10,1,0
0.000329175,0.439878,-0.0131654,0.740845,4.89863,1.33631e+06,-1,2.09869e-11,1,0
0.000330249,0.440143,-0.012175,0.739876,4.89864,1.33276e+06,-1,2.09869e-11,1,0
0.000330501,0.440043,-0.0120192,0.739967,4.90013,1.33144e+06,-1,9.21788e-11,1,0
0.000331897,0.439478,-0.0112261,0.73925,4.90203,1.32414e+06,-1,1.16381e-09,1,0
0.000332742,0.439437,-0.0113976,0.738311,4.90123,1.32065e+06,-1,1.59897e-10,1,0
0.000333546,0.439846,-0.0119335,0.73844,4.90074,1.3187e+06,-1,5.78007e-11,1,0
0.000333769,0.439899,-0.0120701,0.738539,4.89941,1.31798e+06,-1,1.21644e-10,1,0
0.000334308,0.440057,-0.0122395,0.739191,4.90015,1.31632e+06,-1,2.69945e-10,1,0
0.000335376,0.439256,-0.0123094,0.739971,4.90055,1.30974e+06,-1,9.30037e-10,1,0
0.000335777,0.43925,-0.0118747,0.740256,4.90155,1.30816e+06,-1,3.12172e-12,1,0
0.00033641,0.439137,-0.0113253,0.740871,4.90155,1.30536e+06,-1,3.12172e-12,1,0
0.000337061,0.439811,-0.0110416,0.741172,4.90327,1.30484e+06,-1,9.31799e-10,1,0
0.000337831,0.440512,-0.0109682,0.741601,4.90299,1.30394e+06,-1,2.46113e-10,1,0
0.000338455,0.44016,-0.0116453,0.741301,4.90293,1.3005e+06,-1,8.30511e-10,1,0
0.000339323,0.439059,-0.011354,0.741356,4.90468,1.29393e+06,-1,1.14053e-09,1,0
0.000339981,0.439009,-0.011841,0.742068,4.90468,1.29128e+06,-1,1.14053e-09,1,0
0.000341031,0.438332,-0.0108157,0.741622,4.90373,1.28531e+06,-1,9.07548e-10,1,0
0.000342255,0.437895,-0.0100681,0.740398,4.90448,1.27944e+06,-1,1.80979e-09,1,0
0.000342842,0.43797,-0.0098478,0.740008,4.90761,1.27747e+06,-1,1.69166e-09,1,0
0.000343138,0.438281,-0.00978238,0.740233,4.90805,1.27727e+06,-1,6.04753e-10,1,0
0.000343523,0.4382,-0.0102747,0.740149,4.90773,1.27561e+06,-1,5.0599e-10,1,0
0.000344002,0.438024,-0.0106573,0.740134,4.90559,1.27332e+06,-1,4.76517e-10,1,0
0.00034471,0.438927,-0.0108653,0.740051,4.90564,1.27332e+06,-1,4.76517e-10,1,0
0.000345583,0.438481,-0.0104019,0.739991,4.90309,1.26881e+06,-1,4.85931e-10,1,0
0.000345806,0.438344,-0.0101605,0.740003,4.90421,1.2676e+06,-1,2.72188e-11,1,0
0.000346706,0.437713,-0.0101218,0.740695,4.90446,1.26249e+06,-1,2.28337e-10,1,0
0.000347488,0.438042,-0.0103785,0.740067,4.90552,1.26059e+06,-1,8.53381e-10,1,0
0.00034849,0.437351,-0.0114358,0.739697,4.90548,1.25499e+06,-1,8.53381e-10,1,0
0.000349974,0.43671,-0.01271,0.740112,4.90453,1.24784e+06,-1,2.24846e-10,1,0
0.000350584,0.43697,-0.0127591,0.740042,4.90525,1.24641e+06,-1,4.43646e-10,1,0
0.00035146,0.437718,-0.0132292,0.740693,4.9061,1.24543e+06,-1,3.25707e-11,1,0
0.000352292,0.438389,-0.0136185,0.741464,4.90419,1.24439e+06,-1,1.77258e-09,1,0
0.000353187,0.437871,-0.0134737,0.740756,4.90342,1.23977e+06,-1,3.90568e-10,1,0
0.00035397,0.437122,-0.0133689,0.740396,4.90418,1.23491e+06,-1,1.70879e-09,1,0
0.000355033,0.436659,-0.0135814,0.739843,4.90533,1.22991e+06,-1,4.83894e-10,1,0
0.000355703,0.436078,-0.0135613,0.739182,4.90545,1.22596e+06,-1,1.89805e-09,1,0
0.000356356,0.435586,-0.0140838,0.739234,4.90642,1.22233e+06,-1,6.41102e-10,1,0
0.000356878,0.435152,-0.013765,0.739379,4.90625,1.21933e+06,-1,8.93617e-11,1,0
0.00035713,0.435182,-0.0138019,0.73924,4.90488,1.21855e+06,-1,2.24408e-10,1,0
0.00035803,0.43453,-0.0135913,0.738784,4.90366,1.21367e+06,-1,1.71084e-10,1,0
0.000359038,0.434418,-0.0148175,0.738295,4.90365,1.20995e+06,-1,1.71084e-10,1,0
0.000359845,0.434328,-0.0157985,0.737904,4.90365,1.20699e+06,-1,1.71084e-10,1,0
0.000360228,0.434217,-0.0162791,0.737815,4.90126,1.20539e+06,-1,4.32986e-10,1,0
0.00036141,0.433843,-0.0168095,0.73773,4.8983,1.20042e+06,-1,6.38078e-10,1,0
0.000362818,0.432275,-0.0164487,0.73783,4.89978,1.19144e+06,-1,8.51042e-10,1,0
0.000364127,0.432641,-0.017063,0.737982,4.89823,1.18816e+06,-1,9.12613e-10,1,0
0.000364816,0.431844,-0.0173793,0.738276,4.89819,1.18373e+06,-1,9.12613e-10,1,0
0.000365814,0.430885,-0.017898,0.73878,4.89429,1.17788e+06,-1,1.9353e-10,1,0
0.000366184,0.431021,-0.0177174,0.738362,4.89486,1.17706e+06,-1,9.56647e-11,1,0
0.000366618,0.430761,-0.0173047,0.738067,4.89484,1.17496e+06,-1,9.56647e-11,1,0
0.000367234,0.430394,-0.0167369,0.737691,4.89591,1.17199e+06,-1,1.34862e-09,1,0
0.000367587,0.430214,-0.0166782,0.738114,4.89733,1.17038e+06,-1,4.92464e-10,1,0
0.000367712,0.430206,-0.0167157,0.737954,4.89733,1.16995e+06,-1,4.92464e-10,1,0
0.000368737,0.430134,-0.0170224,0.736645,4.89624,1.1665e+06,-1,1.51114e-09,1,0
0.000369966,0.429797,-0.0177745,0.736715,4.89764,1.16172e+06,-1,1.24018e-10,1,0
0.000370379,0.429701,-0.0182665,0.736562,4.89555,1.16017e+06,-1,1.41512e-10,1,0
0.000370864,0.43003,-0.0181799,0.736925,4.89461,1.15954e+06,-1,5.28902e-10,1,0
0.000371237,0.430221,-0.0185813,0.736719,4.89462,1.15888e+06,-1,5.28902e-10,1,0
0.00037281,0.430743,-0.0197695,0.735561,4.89329,1.1554e+06,-1,2.14356e-09,1,0
0.000373608,0.430804,-0.0196298,0.735674,4.89395,1.15309e+06,-1,2.08783e-10,1,0
0.0003743,0.430763,-0.0188973,0.735621,4.8941,1.15085e+06,-1,6.41475e-10,1,0
0.000375053,0.431262,-0.0182516,0.735064,4.89392,1.14987e+06,-1,9.88551e-10,1,0
0.000375639,0.431969,-0.0182673,0.734885,4.89716,1.14996e+06,-1,4.12534e-11,1,0
0.000376566,0.431336,-0.0175805,0.735612,4.89708,1.14544e+06,-1,1.1452e-09,1,0
0.000377255,0.430905,-0.0180799,0.736195,4.89666,1.14221e+06,-1,4.788e-10,1,0
0.000377595,0.430938,-0.0181145,0.73648,4.89846,1.14127e+06,-1,2.45474e-10,1,0
0.000377802,0.431122,-0.0181773,0.736605,4.9002,1.14113e+06,-1,7.64431e-11,1,0
0.000378494,0.4306,-0.0175305,0.736491,4.9001,1.13767e+06,-1,3.16012e-10,1,0
0.000379185,0.429873,-0.0169856,0.736491,4.90006,1.13368e+06,-1,3.16012e-10,1,0
0.000380222,0.428784,-0.0161689,0.73649,4.90001,1.12772e+06,-1,3.16012e-10,1,0
0.000380755,0.428955,-0.015706,0.736756,4.89993,1.12659e+06,-1,5.55697e-10,1,0
0.000381957,0.428372,-0.0148008,0.735601,4.90101,1.12152e+06,-1,1.579e-09,1,0
0.000382978,0.42802,-0.0141807,0.735145,4.90205,1.11761e+06,-1,2.15388e-10,1,0
0.000383668,0.427296,-0.0140293,0.734722,4.90125,1.11371e+06,-1,1.06381e-09,1,0
0.000384025,0.42693,-0.0137572,0.734659,4.90296,1.11172e+06,-1,7.26955e-10,1,0
0.000384629,0.426993,-0.0130144,0.734436,4.90414,1.11014e+06,-1,6.48685e-10,1,0
0.000385168,0.426737,-0.013111,0.734983,4.90434,1.10793e+06,-1,3.96451e-10,1,0
0.000386264,0.425921,-0.0128417,0.734889,4.90398,1.10267e+06,-1,7.58344e-10,1,0
0.000386823,0.425824,-0.0125184,0.734773,4.90497,1.10082e+06,-1,3.65613e-10,1,0
0.00038772,0.426325,-0.0120967,0.734206,4.90275,1.09957e+06,-1,7.46847e-10,1,0
0.000389166,0.425723,-0.0107802,0.734449,4.90177,1.09394e+06,-1,9.44294e-10,1,0
0.000390153,0.424608,-0.0106217,0.734294,4.90457,1.08831e+06,-1,4.78821e-10,1,0
0.000391059,0.425359,-0.0111572,0.73464,4.90358,1.08771e+06,-1,1.04142e-09,1,0
0.000391847,0.425062,-0.0118602,0.733994,4.90767,1.08476e+06,-1,2.7555e-11,1,0
0.000392286,0.425019,-0.0118673,0.733765,4.91124,1.08344e+06,-1,1.61585e-10,1,0
0.000392825,0.424886,-0.0122252,0.734362,4.91157,1.08162e+06,-1,7.08807e-10,1,0
0.000393475,0.424421,-0.0117425,0.734895,4.91095,1.07865e+06,-1,8.55825e-10,1,0
0.000393638,0.42436,-0.0115395,0.734899,4.90869,1.07805e+06,-1,1.035e-12,1,0
0.000394344,0.424177,-0.0120423,0.735353,4.9068,1.07565e+06,-1,6.03821e-10,1,0
0.000394861,0.424026,-0.0114141,0.735142,4.9068,1.07386e+06,-1,6.03821e-10,1,0
0.000395335,0.424218,-0.011612,0.734757,4.90996,1.07306e+06,-1,7.92508e-10,1,0
0.000395994,0.4243,-0.0121779,0.734155,4.90999,1.07148e+06,-1,8.67867e-10,1,0
0.000396578,0.42468,-0.0124807,0.733572,4.90979,1.07086e+06,-1,5.46878e-10,1,0
0.00039764,0.425416,-0.013009,0.73251,4.90983,1.06985e+06,-1,5.46878e-10,1,0
0.000398932,0.426037,-0.0140362,0.731967,4.9049,1.06795e+06,-1,6.89727e-10,1,0
0.000399347,0.425724,-0.0138583,0.731938,4.90578,1.06605e+06,-1,1.61976e-10,1,0
0.000399603,0.42569,-0.0136015,0.731766,4.90586,1.06528e+06,-1,1.80992e-10,1,0
0.000400592,0.425674,-0.0129038,0.73067,4.90586,1.06261e+06,-1,1.80992e-10,1,0
0.000400803,0.425611,-0.0129677,0.730519,4.90708,1.06189e+06,-1,1.12881e-10,1,0
0.000401074,0.425807,-0.0130522,0.730276,4.9076,1.06167e+06,-1,3.25146e-10,1,0
0.000401869,0.425971,-0.012875,0.729517,4.90811,1.05998e+06,-1,6.15206e-10,1,0
0.000402573,0.425361,-0.0125652,0.72908,4.91215,1.05661e+06,-1,6.2674e-11,1,0
0.000403268,0.424738,-0.0123804,0.729161,4.91091,1.05324e+06,-1,2.43609e-10,1,0
0.000403667,0.424744,-0.0125562,0.729279,4.91012,1.05221e+06,-1,2.72792e-10,1,0
0.00040493,0.423932,-0.0129951,0.730403,4.91234,1.04693e+06,-1,1.05752e-09,1,0
0.000405752,0.423114,-0.0136619,0.730638,4.9123,1.04279e+06,-1,1.05752e-09,1,0
0.00040598,0.422895,-0.0135707,0.730796,4.91325,1.04166e+06,-1,2.71082e-10,1,0
0.000406574,0.423275,-0.0139655,0.730613,4.91644,1.04108e+06,-1,3.5089e-10,1,0
0.000407668,0.423656,-0.0133654,0.729571,4.91667,1.03922e+06,-1,1.00722e-09,1,0
0.000407963,0.423652,-0.0135947,0.729403,4.91849,1.03846e+06,-1,1.39414e-11,1,0
0.000408214,0.423612,-0.013742,0.729566,4.91458,1.03772e+06,-1,1.46091e-10,1,0
0.000409287,0.422487,-0.012987,0.72956,4.9144,1.03225e+06,-1,2.4386e-10,1,0
0.000410033,0.422047,-0.0127143,0.730259,4.91581,1.0293e+06,-1,7.80869e-10,1,0
0.000410392,0.422415,-0.0128069,0.730257,4.91952,1.0293e+06,-1,2.26822e-10,1,0
0.000410825,0.422643,-0.0131225,0.730304,4.92,1.02877e+06,-1,3.92699e-10,1,0
0.000411588,0.422274,-0.0137675,0.729629,4.92002,1.02596e+06,-1,1.18083e-09,1,0
0.000412273,0.422274,-0.0132325,0.729199,4.92211,1.02426e+06,-1,1.08485e-11,1,0
0.000413027,0.422515,-0.0125173,0.728744,4.92285,1.02297e+06,-1,2.48558e-10,1,0
0.000413559,0.422565,-0.0122647,0.728146,4.92274,1.02178e+06,-1,2.62032e-11,1,0
0.000413693,0.422615,-0.0121989,0.72812,4.92419,1.02157e+06,-1,5.30133e-11,1,0
0.000414463,0.422697,-0.0127583,0.727603,4.92347,1.01987e+06,-1,7.99493e-10,1,0
0.000415597,0.422875,-0.0115156,0.72833,4.92532,1.01751e+06,-1,2.74705e-11,1,0
0.000416244,0.423367,-0.0117991,0.728229,4.92597,1.01711e+06,-1,6.87762e-10,1,0
0.000417085,0.422361,-0.0120571,0.727845,4.92621,1.01265e+06,-1,1.27173e-09,1,0
0.000418262,0.422174,-0.0127572,0.728062,4.92544,1.00935e+06,-1,2.75277e-10,1,0
0.000419153,0.422923,-0.0124381,0.728907,4.92566,1.00899e+06,-1,1.17332e-09,1,0
0.000419728,0.422718,-0.0118358,0.728515,4.92536,1.00712e+06,-1,6.90299e-10,1,0
0.000420493,0.422439,-0.0108683,0.728504,4.92352,1.00463e+06,-1,1.07418e-09,1,0
0.000421214,0.422424,-0.0111825,0.728106,4.92155,1.00287e+06,-1,3.64324e-10,1,0
0.000421929,0.422635,-0.0108153,0.728598,4.92052,1.00167e+06,-1,3.64547e-10,1,0
0.000422587,0.422018,-0.0113742,0.728358,4.91966,998652,-1,8.66379e-10,1,0
0.000423183,0.421897,-0.0112512,0.728782,4.92205,996959,-1,2.71311e-10,1,0
0.000424333,0.422328,-0.011258,0.729437,4.92012,995274,-1,9.54238e-10,1,0
0.000425127,0.421966,-0.0104054,0.728952,4.9201,992564,-1,9.54238e-10,1,0
0.000426069,0.421537,-0.00939487,0.728378,4.92008,989364,-1,9.54238e-10,1,0
0.000427002,0.422194,-0.010187,0.728193,4.92286,988739,-1,2.38782e-09,1,0
0.000427812,0.423059,-0.0107894,0.728241,4.92312,988891,-1,1.28041e-09,1,0
0.000428323,0.423629,-0.0111454,0.72829,4.92314,989040,-1,1.28041e-09,1,0
0.000429743,0.424444,-0.012117,0.728958,4.92251,987670,-1,2.87488e-10,1,0
0.000430799,0.424643,-0.0119513,0.729345,4.92374,985710,-1,1.50595e-09,1,0
0.000432247,0.425157,-0.0101723,0.729238,4.92233,983598,-1,1.99723e-10,1,0
0.000433113,0.425453,-0.00981353,0.729924,4.9195,982313,-1,8.42759e-10,1,0
0.000434616,0.42618,-0.0116462,0.730075,4.91953,980591,-1,8.42759e-10,1,0
0.00043498,0.426357,-0.01209,0.730111,4.91914,980176,-1,2.45662e-09,1,0
0.000436452,0.42556,-0.0118732,0.728559,4.91913,975045,-1,9.54509e-10,1,0
0.00043719,0.425498,-0.0121932,0.729174,4.91853,973257,-1,1.03577e-09,1,0
0.000437613,0.425517,-0.0122033,0.729713,4.91734,972358,-1,4.28392e-10,1,0
0.000437805,0.425747,-0.0122846,0.729654,4.91932,972458,-1,1.47485e-12,1,0
0.000439266,0.427508,-0.0129042,0.729195,4.91941,973233,-1,1.47485e-12,1,0
0.000439832,0.427438,-0.0127657,0.72963,4.91737,971821,-1,3.56692e-10,1,0
0.000440572,0.427806,-0.0120051,0.729146,4.91739,971025,-1,3.56692e-10,1,0
0.000441226,0.428204,-0.0113249,0.729142,4.91713,970488,-1,1.31152e-09,1,0
0.000441611,0.428466,-0.0109209,0.729301,4.91649,970234,-1,1.02919e-09,1,0
0.00044204,0.428675,-0.0106117,0.729272,4.91393,969767,-1,8.75459e-11,1,0
0.000442857,0.427928,-0.0113249,0.729295,4.91283,966288,-1,9.54648e-10,1,0
0.000443371,0.427832,-0.0118397,0.729548,4.9133,964952,-1,2.12435e-10,1,0
0.000443923,0.428083,-0.0115358,0.729579,4.91456,964317,-1,7.69946e-10,1,0
0.000444617,0.428308,-0.0107528,0.729255,4.91468,963318,-1,9.1183e-10,1,0
0.000445402,0.428451,-0.0103363,0.729464,4.91811,961941,-1,2.85049e-10,1,0
0.000446053,0.429075,-0.010361,0.728887,4.91605,961937,-1,3.47485e-11,1,0
0.000446348,0.429253,-0.0101937,0.729113,4.91469,961701,-1,2.60382e-10,1,0
0.000447084,0.429828,-0.0108861,0.729416,4.91452,961404,-1,1.35476e-10,1,0
0.000447909,0.430685,-0.011545,0.729518,4.9148,961546,-1,1.08601e-09,1,0
0.000448484,0.431259,-0.0114415,0.729313,4.91702,961593,-1,1.64779e-10,1,0
0.000449047,0.431708,-0.0116017,0.728798,4.91544,961389,-1,7.14757e-10,1,0
0.000449865,0.4319,-0.0121454,0.729538,4.91619,960065,-1,2.63049e-10,1,0
0.00045099,0.431098,-0.011748,0.728676,4.91834,955893,-1,7.86883e-10,1,0
0.000451445,0.430709,-0.0116073,0.728518,4.91846,954070,-1,4.75913e-10,1,0
0.000452531,0.430219,-0.0126328,0.729386,4.91843,950696,-1,4.75913e-10,1,0
0.000453131,0.430739,-0.0127081,0.729229,4.91537,950584,-1,1.71249e-09,1,0
0.000453578,0.431276,-0.0126712,0.728992,4.91539,950831,-1,1.71249e-09,1,0
0.000454228,0.432056,-0.0126177,0.728647,4.91543,951188,-1,1.71249e-09,1,0
0.000455,0.432963,-0.0125377,0.728207,4.9141,951565,-1,1.22092e-10,1,0
0.00045584,0.432508,-0.0131938,0.728792,4.91413,948816,-1,1.4952e-10,1,0
0.000456369,0.432861,-0.0128714,0.728977,4.91453,948487,-1,5.72557e-10,1,0
0.000456696,0.43323,-0.0130896,0.728969,4.91314,948619,-1,4.29208e-10,1,0
0.000456914,0.433334,-0.0129242,0.728771,4.9132,948393,-1,4.53107e-11,1,0
0.000457241,0.433219,-0.0131736,0.72868,4.912,947462,-1,3.28216e-10,1,0
0.000457424,0.433139,-0.0131525,0.728781,4.91249,946910,-1,5.87744e-11,1,0
0.000458328,0.432669,-0.0129142,0.729313,4.91526,944016,-1,3.41765e-10,1,0
0.000459431,0.432057,-0.0119547,0.730213,4.91255,940419,-1,2.29834e-09,1,0
0.000460598,0.431588,-0.0111158,0.731008,4.91264,937017,-1,9.62048e-10,1,0
0.000460974,0.431133,-0.0111889,0.730828,4.91262,935265,-1,9.62048e-10,1,0
0.000461456,0.431442,-0.0110616,0.73083,4.91087,934958,-1,6.48949e-10,1,0
0.000461663,0.43138,-0.0109352,0.730925,4.90912,934405,-1,1.45783e-10,1,0
0.00046203,0.431528,-0.011323,0.730784,4.90907,933983,-1,3.15043e-10,1,0
0.00046242,0.431788,-0.011611,0.730853,4.9087,933757,-1,2.88252e-10,1,0
0.000463049,0.432417,-0.0121414,0.730765,4.90873,933847,-1,2.88252e-10,1,0
0.000463783,0.432831,-0.0126525,0.730532,4.90836,933262,-1,1.68288e-09,1,0
0.000464436,0.432233,-0.0127832,0.729929,4.90833,930662,-1,1.68288e-09,1,0
0.000465605,0.431931,-0.0132084,0.730944,4.90853,927676,-1,1.34661e-09,1,0
0.000466038,0.431548,-0.0131649,0.730801,4.90961,925993,-1,1.38127e-09,1,0
0.000466289,0.431277,-0.0131086,0.73062,4.9096,924915,-1,1.38127e-09,1,0
0.000467684,0.430069,-0.0135897,0.730235,4.90745,919573,-1,7.6926e-10,1,0
0.000468249,0.429352,-0.0136841,0.730063,4.90648,916932,-1,7.43034e-10,1,0
0.000469802,0.430758,-0.0129622,0.729645,4.90525,916893,-1,1.72738e-09,1,0
0.000470109,0.430618,-0.0131866,0.729818,4.90466,915997,-1,4.59452e-11,1,0
0.00047084,0.429866,-0.0133789,0.729554,4.90372,912978,-1,8.62578e-10,1,0
0.000472012,0.429103,-0.0133319,0.728681,4.90246,909093,-1,4.80688e-10,1,0
0.000472524,0.428988,-0.0135164,0.729023,4.90158,907866,-1,6.98448e-12,1,0
0.000473186,0.428991,-0.014011,0.729299,4.8992,906601,-1,4.18823e-10,1,0
0.000474105,0.427887,-0.0143956,0.729604,4.8983,902516,-1,1.48168e-09,1,0
0.000474574,0.427484,-0.0145497,0.729762,4.89771,900776,-1,3.98827e-10,1,0
0.000474836,0.427437,-0.0148691,0.729882,4.89584,900177,-1,3.44648e-10,1,0
0.000475554,0.427115,-0.0149042,0.730767,4.89502,898144,-1,9.42059e-10,1,0
0.000476551,0.428404,-0.014777,0.730572,4.89509,898968,-1,9.42059e-10,1,0
0.000477543,0.429089,-0.0151999,0.72998,4.89342,898535,-1,1.90923e-09,1,0
0.000477987,0.429167,-0.0155986,0.729563,4.89178,897865,-1,1.28471e-09,1,0
0.000478866,0.428604,-0.0154442,0.729758,4.89488,895039,-1,5.79286e-10,1,0
0.000479669,0.428458,-0.0158178,0.730374,4.89174,893236,-1,4.26211e-10,1,0
0.000480207,0.428356,-0.0162217,0.730818,4.88927,892023,-1,4.87013e-10,1,0
0.000481779,0.429664,-0.0160271,0.7324,4.88919,891828,-1,2.06217e-09,1,0
0.000482285,0.429418,-0.0159799,0.732794,4.88519,890383,-1,1.24124e-10,1,0
0.000482435,0.429312,-0.0159176,0.732918,4.88515,889887,-1,2.27997e-11,1,0
0.000482895,0.429162,-0.0156197,0.732504,4.88694,888727,-1,4.89385e-10,1,0
0.000484059,0.429167,-0.0147487,0.732593,4.88772,886600,-1,9.4475e-10,1,0
0.000485282,0.430385,-0.0146157,0.732022,4.88692,886875,-1,5.37266e-11,1,0
0.000486203,0.431269,-0.0145163,0.731797,4.88814,887014,-1,1.85269e-10,1,0
0.000486533,0.430851,-0.0144456,0.731867,4.88758,885553,-1,4.27964e-10,1,0
0.000486965,0.430824,-0.0140492,0.732105,4.88492,884714,-1,5.19354e-11,1,0
0.000487175,0.430922,-0.0138016,0.73205,4.88483,884532,-1,2.68598e-10,1,0
0.000488245,0.430106,-0.0129696,0.73127,4.88627,880923,-1,1.41002e-09,1,0
0.000488806,0.429832,-0.0136408,0.731397,4.88625,879351,-1,1.41002e-09,1,0
0.000489353,0.429565,-0.0142956,0.731521,4.88712,877821,-1,1.4541e-09,1,0
0.000489801,0.429926,-0.0146319,0.731202,4.88602,877756,-1,5.87583e-10,1,0
0.000490488,0.430315,-0.0148387,0.730774,4.8808,877320,-1,7.24936e-10,1,0
0.000490738,0.430517,-0.014741,0.730818,4.88215,877286,-1,2.32117e-10,1,0
0.000490934,0.430512,-0.0147596,0.730958,4.87864,876925,-1,7.21308e-11,1,0
0.000492447,0.429431,-0.0153595,0.732368,4.8757,872035,-1,1.9477e-09,1,0
0.000493591,0.429269,-0.0150005,0.732323,4.87224,869684,-1,8.75873e-10,1,0
0.000494873,0.429291,-0.0163414,0.731373,4.87227,867476,-1,1.51103e-09,1,0
0.000495639,0.429441,-0.0171308,0.731105,4.8727,866438,-1,7.16783e-10,1,0
0.000496464,0.428823,-0.0169322,0.731036,4.8755,863754,-1,7.37161e-10,1,0
0.000497473,0.429643,-0.0170982,0.731011,4.87402,863652,-1,9.50934e-10,1,0
0.000499169,0.429344,-0.0185353,0.731777,4.87442,860118,-1,3.94597e-10,1,0
0.00049952,0.42924,-0.0183918,0.731353,4.87442,859306,-1,3.94597e-10,1,0
0.000500071,0.429154,-0.0180426,0.731054,4.87429,858187,-1,9.35428e-10,1,0
0.000500263,0.429246,-0.0180311,0.731258,4.87355,858041,-1,1.95883e-10,1,0
0.000501059,0.429897,-0.0184168,0.730605,4.87471,857977,-1,5.71462e-11,1,0
0.000501759,0.430515,-0.0186651,0.729982,4.87516,858012,-1,1.3554e-09,1,0
0.000501999,0.430708,-0.0187182,0.729752,4.87798,857985,-1,6.05625e-11,1,0
0.000502228,0.43056,-0.0189014,0.729931,4.87847,857299,-1,1.83205e-10,1,0
0.000503535,0.430009,-0.020205,0.730896,4.87844,853979,-1,1.83205e-10,1,0
0.000504327,0.430267,-0.020047,0.731473,4.87599,853152,-1,2.18623e-09,1,0
0.000505229,0.430914,-0.0193044,0.732127,4.87603,852909,-1,2.18623e-09,1,0
0.000505969,0.431445,-0.0186951,0.732663,4.87647,852710,-1,2.83379e-09,1,0
0.000507129,0.430479,-0.0189308,0.733475,4.87425,848855,-1,3.69124e-11,1,0
0.000507563,0.43017,-0.0190042,0.733937,4.87422,847520,-1,1.43316e-09,1,0
0.000507698,0.430108,-0.0189415,0.733925,4.87089,847175,-1,5.70796e-11,1,0
0.000507997,0.429929,-0.0189395,0.734078,4.87107,846322,-1,1.72499e-10,1,0
0.000508663,0.430231,-0.0194419,0.733973,4.87018,845808,-1,3.71041e-10,1,0
0.000509306,0.430122,-0.0195679,0.733148,4.87018,844526,-1,3.71041e-10,1,0
0.000510785,0.429737,-0.0196238,0.733385,4.87291,841327,-1,1.91097e-09,1,0
0.000511618,0.429181,-0.0194971,0.733844,4.87516,838870,-1,4.36714e-10,1,0
0.000511997,0.429002,-0.0196143,0.733769,4.87512,837899,-1,1.67976e-10,1,0
0.000512909,0.428002,-0.0197072,0.733123,4.87507,834460,-1,1.67976e-10,1,0
0.000513281,0.427846,-0.0200017,0.733035,4.87574,833551,-1,2.79968e-10,1,0
0.000514082,0.428687,-0.0196781,0.732499,4.87583,833888,-1,1.04031e-09,1,0
0.000515169,0.428746,-0.019398,0.733294,4.87521,832243,-1,8.93654e-10,1,0
0.000515907,0.428941,-0.0190598,0.733101,4.87456,831431,-1,6.68729e-10,1,0
0.000516765,0.429575,-0.0182883,0.733161,4.8769,831276,-1,1.30997e-10,1,0
0.000517362,0.429955,-0.0189359,0.732978,4.87699,831051,-1,1.18606e-11,1,0
0.000517855,0.429768,-0.0189556,0.733359,4.87669,829900,-1,4.9454e-10,1,0
0.000518612,0.428972,-0.0187101,0.73342,4.87777,827155,-1,4.71364e-10,1,0
0.000519325,0.428793,-0.0181764,0.732842,4.87627,825675,-1,8.15875e-10,1,0
0.000520363,0.429171,-0.0172753,0.732791,4.87881,824752,-1,9.04313e-10,1,0
0.000520852,0.428904,-0.0170257,0.733317,4.87879,823466,-1,9.04313e-10,1,0
0.000521231,0.428504,-0.0171594,0.733434,4.8786,822100,-1,4.00746e-10,1,0
0.000522212,0.428181,-0.0167038,0.734592,4.87859,819937,-1,4.00746e-10,1,0
0.000522549,0.42807,-0.0165472,0.734991,4.87848,819195,-1,1.72846e-09,1,0
0.000523094,0.428436,-0.0169928,0.735331,4.87891,819042,-1,6.82302e-10,1,0
0.00052429,0.428451,-0.0173478,0.734199,4.88008,817202,-1,5.56509e-10,1,0
0.000524923,0.428717,-0.0179983,0.733798,4.88025,816724,-1,1.3314e-09,1,0
0.000525258,0.428451,-0.0179611,0.733815,4.87599,815696,-1,9.69302e-11,1,0
0.000526542,0.429044,-0.01765,0.73475,4.87472,814835,-1,6.42988e-10,1,0
0.000526956,0.428566,-0.0178562,0.734614,4.87248,813287,-1,5.40167e-10,1,0
0.000527709,0.429159,-0.0184486,0.734852,4.87005,813249,-1,9.19047e-10,1,0
0.000528381,0.428827,-0.0189565,0.734864,4.87053,811587,-1,5.82328e-10,1,0
0.000529088,0.429074,-0.0194594,0.734815,4.87271,810969,-1,2.12592e-10,1,0
0.000529777,0.428888,-0.0197883,0.734146,4.87416,809562,-1,3.37822e-10,1,0
0.000530062,0.428719,-0.0199477,0.733976,4.87342,808810,-1,8.38153e-10,1,0
0.000530457,0.428658,-0.0203424,0.734184,4.87633,808093,-1,1.60986e-10,1,0
0.000531248,0.428714,-0.0199288,0.733559,4.87509,806995,-1,2.45181e-10,1,0
0.000531811,0.428308,-0.0198257,0.733737,4.87605,805375,-1,1.83282e-10,1,0
0.000532257,0.42783,-0.0196034,0.733943,4.87615,803804,-1,5.10935e-10,1,0
0.000532689,0.427451,-0.0192856,0.734217,4.87613,802440,-1,5.10935e-10,1,0
0.000533458,0.426774,-0.0187191,0.734705,4.87647,800014,-1,1.8473e-09,1,0
0.000534178,0.426256,-0.0190982,0.734911,4.87388,797966,-1,1.51639e-10,1,0
0.00053468,0.426456,-0.0192481,0.735139,4.87551,797592,-1,2.19806e-10,1,0
0.000535124,0.426822,-0.0194261,0.73524,4.87681,797613,-1,7.07871e-10,1,0
0.00053534,0.426845,-0.0193939,0.735115,4.88421,797334,-1,1.50475e-10,1,0
0.000535765,0.427136,-0.0196287,0.735224,4.88167,797246,-1,3.51452e-10,1,0
0.000536347,0.427159,-0.0197052,0.734826,4.88351,796423,-1,3.21166e-10,1,0
0.000536527,0.427205,-0.0197966,0.734762,4.88191,796240,-1,5.63315e-11,1,0
0.000537165,0.427494,-0.0196406,0.734397,4.88137,795834,-1,2.56596e-10,1,0
0.000537891,0.42788,-0.0192019,0.733711,4.88335,795477,-1,2.73041e-10,1,0
0.000538844,0.428737,-0.0190427,0.734606,4.8834,795661,-1,2.73041e-10,1,0
0.000539446,0.429278,-0.0189421,0.735172,4.88342,795776,-1,2.73041e-10,1,0
0.000540613,0.430054,-0.018975,0.735314,4.88113,795493,-1,2.99302e-09,1,0
0.000540676,0.430054,-0.019029,0.735289,4.88205,795399,-1,6.13596e-10,1,0
0.000541018,0.430054,-0.0193878,0.735354,4.88091,794897,-1,6.89585e-11,1,0
0.000541698,0.430685,-0.0198561,0.735223,4.88088,795065,-1,5.92499e-10,1,0
0.000542523,0.431122,-0.0200576,0.735594,4.87629,794661,-1,5.28056e-10,1,0
0.000543502,0.430294,-0.019893,0.734933,4.87376,791707,-1,9.71199e-10,1,0
0.000544032,0.430528,-0.0198136,0.735527,4.87238,791366,-1,2.74665e-11,1,0
0.000544886,0.430916,-0.0196841,0.736568,4.8724,790837,-1,2.74665e-11,1,0
0.000545311,0.431109,-0.0196196,0.737086,4.8731,790574,-1,2.34239e-09,1,0
0.000545907,0.431515,-0.0192585,0.737646,4.87312,790455,-1,2.34239e-09,1,0
0.000547127,0.432213,-0.0201227,0.738362,4.87144,789968,-1,1.23798e-09,1,0
0.000547727,0.432708,-0.0195491,0.738513,4.87069,790007,-1,2.07555e-10,1,0
0.000548636,0.432434,-0.0187848,0.738236,4.87083,788197,-1,5.52095e-10,1,0
0.000549085,0.432548,-0.0184013,0.737809,4.87145,787761,-1,5.84713e-10,1,0
0.00054961,0.432758,-0.0182644,0.737305,4.87275,787391,-1,5.13671e-10,1,0
0.000550106,0.432963,-0.0177951,0.737407,4.87328,787054,-1,1.40355e-10,1,0
0.000551041,0.432555,-0.0178296,0.738239,4.86629,784978,-1,9.7071e-10,1,0
0.000552381,0.430979,-0.0170764,0.738407,4.86622,780221,-1,9.7071e-10,1,0
0.000553022,0.430942,-0.0165574,0.737833,4.86166,779249,-1,7.84731e-10,1,0
0.000553273,0.43112,-0.0167753,0.737739,4.8639,779218,-1,2.91588e-10,1,0
0.000553988,0.431731,-0.0166828,0.738171,4.86199,779314,-1,8.43229e-10,1,0
0.00055435,0.431784,-0.0164519,0.73783,4.86196,778901,-1,1.51804e-10,1,0
0.000555618,0.432676,-0.0158003,0.738673,4.86249,778728,-1,9.63658e-10,1,0
0.000556299,0.432707,-0.0150552,0.738278,4.86289,777831,-1,8.47182e-10,1,0
0.000556662,0.432563,-0.0150357,0.737826,4.86333,777066,-1,4.74426e-10,1,0
0.000557158,0.4329,-0.0150162,0.737477,4.86735,776980,-1,4.39096e-10,1,0
0.000557453,0.432936,-0.0149284,0.737673,4.86845,776633,-1,1.7436e-10,1,0
0.000558542,0.434082,-0.01538,0.738391,4.86809,777171,-1,1.42602e-09,1,0
0.000559836,0.434417,-0.0153643,0.739143,4.86808,775972,-1,8.37258e-10,1,0
0.000560163,0.434559,-0.0155985,0.73927,4.86984,775772,-1,9.41482e-10,1,0
0.000561787,0.435135,-0.0172373,0.739105,4.86965,774556,-1,2.59788e-10,1,0
0.000562268,0.434982,-0.017295,0.73905,4.86725,773620,-1,2.38976e-10,1,0
0.000563115,0.434938,-0.0170115,0.738995,4.8674,772379,-1,3.17275e-10,1,0
0.000563679,0.435613,-0.0167354,0.739104,4.86739,772804,-1,1.22604e-09,1,0
0.000564748,0.436434,-0.0169331,0.739083,4.8635,772794,-1,2.00147e-10,1,0
0.000565295,0.436358,-0.0167197,0.738966,4.86562,771913,-1,4.7553e-11,1,0
0.000565449,0.436389,-0.0165427,0.738873,4.86562,771756,-1,4.7553e-11,1,0
0.000566292,0.436384,-0.0157083,0.738346,4.86637,770600,-1,1.55801e-09,1,0
0.000566816,0.435905,-0.0156166,0.737938,4.86601,769042,-1,8.09744e-10,1,0
0.000567341,0.436249,-0.0156126,0.737368,4.86487,768936,-1,1.28214e-11,1,0
0.000568395,0.435258,-0.0157318,0.737426,4.8628,765768,-1,9.71019e-10,1,0
0.000568891,0.434756,-0.0156081,0.737639,4.86303,764217,-1,6.69456e-11,1,0
0.000569317,0.434904,-0.0157087,0.737171,4.86503,763905,-1,5.77631e-11,1,0
0.000569952,0.434477,-0.0156565,0.737602,4.86122,762303,-1,5.45321e-10,1,0
0.000570405,0.434251,-0.0158601,0.737393,4.85894,761302,-1,3.11602e-10,1,0
0.000571406,0.434601,-0.0169529,0.736762,4.85955,760581,-1,1.59001e-09,1,0
0.000572222,0.435327,-0.0172914,0.736928,4.8557,760766,-1,2.1229e-10,1,0
0.000573006,0.435847,-0.0172972,0.736428,4.8532,760633,-1,7.81032e-10,1,0
0.000573385,0.436014,-0.0170752,0.736785,4.85339,760422,-1,1.19256e-10,1,0
0.000574201,0.437057,-0.0169586,0.736979,4.85403,761157,-1,1.06737e-09,1,0
0.000574977,0.437508,-0.0177185,0.736944,4.85365,760913,-1,1.18726e-10,1,0
0.000575953,0.438213,-0.0182976,0.73649,4.84911,760848,-1,1.13362e-09,1,0
0.000577551,0.437731,-0.0180178,0.737575,4.85016,757909,-1,1.32688e-09,1,0
0.000577854,0.437748,-0.0180628,0.737686,4.85095,757541,-1,1.57916e-10,1,0
0.00057903,0.438448,-0.0169819,0.736846,4.85098,757211,-1,1.57916e-10,1,0
0.000579285,0.438641,-0.0170603,0.736668,4.85012,757211,-1,2.44757e-10,1,0
0.000580053,0.438264,-0.016815,0.736727,4.84989,755558,-1,5.04532e-10,1,0
0.000580201,0.438212,-0.0167211,0.736638,4.85077,755276,-1,2.98092e-11,1,0
0.000580461,0.438215,-0.0164896,0.736415,4.85033,754943,-1,1.73375e-10,1,0
0.000581005,0.438306,-0.0161554,0.735794,4.85034,754393,-1,1.73375e-10,1,0
0.000581776,0.438422,-0.0156243,0.735025,4.85041,753593,-1,1.60827e-09,1,0
0.000582743,0.438356,-0.0144848,0.735322,4.84971,752229,-1,1.17888e-09,1,0
0.000583121,0.438149,-0.0142819,0.735724,4.84816,751386,-1,6.89638e-10,1,0
0.000583899,0.438893,-0.0145477,0.735601,4.84943,751659,-1,1.14868e-10,1,0
0.000584139,0.439172,-0.0146793,0.735547,4.85123,751829,-1,1.18189e-09,1,0
0.000584271,0.439178,-0.0146325,0.735498,4.85232,751669,-1,8.2157e-11,1,0
0.000585274,0.438819,-0.0149387,0.734274,4.85231,749768,-1,8.2157e-11,1,0
0.000586172,0.438531,-0.0152166,0.733212,4.85258,748127,-1,2.54766e-09,1,0
0.000587181,0.439717,-0.0156941,0.733536,4.85274,748861,-1,1.34661e-09,1,0
0.000587326,0.4398,-0.0155625,0.733562,4.85229,748817,-1,1.13285e-10,1,0
0.000588258,0.439835,-0.0145695,0.734119,4.85361,747690,-1,2.34084e-10,1,0
0.000588902,0.440288,-0.0152205,0.734331,4.85398,747642,-1,1.26248e-11,1,0
0.000590066,0.441,-0.0154877,0.7347,4.85417,747374,-1,1.79983e-09,1,0
0.00059079,0.441118,-0.0147843,0.734968,4.85311,746657,-1,1.00698e-10,1,0
0.000592417,0.441691,-0.0132557,0.736138,4.85382,745575,-1,1.74316e-09,1,0
0.000592942,0.441802,-0.0135207,0.735639,4.85326,745101,-1,4.05549e-10,1,0
0.000593715,0.442266,-0.0135746,0.736536,4.85328,744913,-1,4.05549e-10,1,0
0.000594337,0.44264,-0.013618,0.737257,4.8533,744762,-1,4.05549e-10,1,0
0.000594831,0.442936,-0.0136525,0.737829,4.85492,744642,-1,2.46992e-09,1,0
0.00059604,0.44236,-0.013718,0.736934,4.85237,742165,-1,7.86621e-10,1,0
0.000597185,0.442328,-0.0129897,0.737213,4.84573,740689,-1,4.53575e-10,1,0
0.000598089,0.4419,-0.0139334,0.736647,4.84571,738853,-1,4.53575e-10,1,0
0.000598617,0.441539,-0.0142907,0.736245,4.84322,737598,-1,6.77498e-11,1,0
0.000599213,0.441466,-0.0138742,0.736162,4.83798,736743,-1,2.60213e-10,1,0
0.000600059,0.441346,-0.0128504,0.736521,4.83883,735505,-1,1.47217e-09,1,0
0.000601062,0.440405,-0.0121678,0.736796,4.83356,732712,-1,7.34802e-10,1,0
0.00060164,0.440236,-0.0115498,0.736717,4.83364,731726,-1,4.98403e-10,1,0
0.000601999,0.440675,-0.0116114,0.736868,4.83277,732019,-1,4.68464e-10,1,0
0.000602309,0.440656,-0.0117458,0.736732,4.83473,731612,-1,1.91379e-10,1,0
0.000603806,0.440565,-0.0125697,0.736668,4.833,729647,-1,8.38927e-10,1,0
0.000604483,0.441121,-0.012141,0.736424,4.83382,729749,-1,8.8219e-11,1,0
0.000604901,0.441041,-0.0120161,0.736193,4.83787,729113,-1,3.14121e-10,1,0
0.000605613,0.440969,-0.0124758,0.736489,4.83819,728136,-1,6.76155e-10,1,0
0.000606822,0.440579,-0.013784,0.73598,4.83615,726043,-1,1.0709e-10,1,0
0.000607574,0.439892,-0.0134299,0.736531,4.83812,724014,-1,9.57825e-10,1,0
0.000608094,0.440095,-0.0136211,0.736102,4.83817,723728,-1,5.66425e-11,1,0
0.000608539,0.440201,-0.0135672,0.736089,4.83878,723375,-1,2.37929e-10,1,0
0.000608884,0.439821,-0.013332,0.736146,4.83876,722340,-1,2.37929e-10,1,0
0.00060963,0.438999,-0.0128235,0.73627,4.83872,720107,-1,2.37929e-10,1,0
0.000609975,0.438612,-0.0126417,0.73622,4.83705,719065,-1,2.07574e-10,1,0
0.000610535,0.438342,-0.012881,0.736786,4.83513,717963,-1,6.92107e-10,1,0
0.000610785,0.438627,-0.0129721,0.736705,4.83668,718136,-1,2.61709e-11,1,0
0.000611592,0.437897,-0.0128367,0.736412,4.83746,715995,-1,6.36907e-10,1,0
0.000611856,0.43769,-0.0128051,0.736367,4.8374,715348,-1,1.47256e-10,1,0
0.000612755,0.437252,-0.0120008,0.735636,4.83946,713585,-1,1.17218e-09,1,0
0.000613422,0.43727,-0.0121069,0.734801,4.83937,712837,-1,2.10818e-11,1,0
0.000613729,0.437385,-0.0119588,0.735106,4.8415,712668,-1,1.69245e-10,1,0
0.000614723,0.437574,-0.0116834,0.734311,4.83744,711824,-1,5.40037e-11,1,0
0.000615278,0.437893,-0.0110777,0.734086,4.83464,711700,-1,2.80942e-12,1,0
0.000616545,0.437592,-0.0119348,0.732843,4.83544,709749,-1,1.54554e-09,1,0
0.000617155,0.437044,-0.0121208,0.733214,4.83041,708159,-1,8.17197e-10,1,0
0.000617726,0.43719,-0.0115147,0.733472,4.8284,707742,-1,4.86002e-11,1,0
0.000618627,0.436348,-0.0111895,0.733486,4.82853,705349,-1,5.2296e-11,1,0
0.000619044,0.436808,-0.0109039,0.733434,4.82855,705616,-1,5.2296e-11,1,0
0.000620301,0.437569,-0.0105896,0.733963,4.82801,705415,-1,1.52295e-09,1,0
0.000620723,0.437514,-0.0107575,0.734485,4.828,704845,-1,1.52295e-09,1,0
0.000621776,0.437816,-0.0106941,0.735314,4.82872,704138,-1,2.07393e-09,1,0
0.000622183,0.43809,-0.0105141,0.73537,4.83079,704118,-1,1.18072e-10,1,0
0.000623695,0.4398,-0.00954359,0.735222,4.83059,705152,-1,2.33404e-09,1,0
0.000624073,0.440013,-0.00966803,0.735311,4.82823,705066,-1,2.67246e-10,1,0
0.000625131,0.441179,-0.00940543,0.734737,4.82918,705738,-1,1.47866e-09,1,0
0.000625572,0.441685,-0.00948124,0.734995,4.82919,706050,-1,4.79059e-10,1,0
0.00062637,0.441572,-0.00962318,0.73571,4.83004,704970,-1,1.64892e-10,1,0
0.000627571,0.440889,-0.0107766,0.735237,4.83035,702532,-1,4.24285e-10,1,0
0.000628504,0.440766,-0.0100183,0.735905,4.82927,701293,-1,9.67679e-10,1,0
0.000629735,0.440879,-0.00999887,0.734737,4.83307,700103,-1,4.26952e-10,1,0
0.000630651,0.44016,-0.0101739,0.734919,4.83473,697945,-1,2.2378e-10,1,0
0.000631249,0.440204,-0.0102263,0.73561,4.83351,697354,-1,6.83439e-10,1,0
0.000631783,0.440111,-0.0106206,0.735501,4.83225,696618,-1,4.73827e-10,1,0
0.000632435,0.440625,-0.0109825,0.734927,4.83396,696712,-1,8.50397e-10,1,0
0.000632895,0.440936,-0.0109997,0.734845,4.83314,696697,-1,2.08426e-10,1,0
0.000633457,0.440697,-0.0107835,0.734968,4.83479,695702,-1,4.6955e-10,1,0
0.000633709,0.440375,-0.0107763,0.735028,4.83477,694917,-1,4.6955e-10,1,0
0.000634091,0.439885,-0.0107543,0.735071,4.8368,693725,-1,1.28858e-10,1,0
0.000634441,0.439952,-0.0107659,0.735255,4.83581,693449,-1,2.85723e-10,1,0
0.000635179,0.439616,-0.0113843,0.734827,4.83509,692113,-1,4.21368e-10,1,0
0.000635503,0.439487,-0.0117096,0.734641,4.83566,691558,-1,2.7951e-11,1,0
0.000635859,0.439298,-0.0120295,0.734422,4.83502,690874,-1,7.89191e-10,1,0
0.000636267,0.438969,-0.0119663,0.734007,4.83492,689913,-1,6.02582e-10,1,0
0.000636786,0.438422,-0.0118042,0.733755,4.83213,688493,-1,4.0047e-10,1,0
0.000637612,0.439056,-0.0109524,0.733671,4.83212,688594,-1,1.06571e-09,1,0
0.000638376,0.438489,-0.0110277,0.733988,4.83101,686882,-1,3.54363e-10,1,0
0.000639244,0.437921,-0.0113799,0.734901,4.83086,685060,-1,1.78629e-09,1,0
0.000640195,0.437247,-0.0114463,0.734162,4.82764,682991,-1,1.55538e-10,1,0
0.000640565,0.4369,-0.0114861,0.73383,4.82763,682055,-1,1.55538e-10,1,0
0.000641004,0.436706,-0.0112391,0.733722,4.82547,681285,-1,1.73946e-09,1,0
0.00064143,0.436881,-0.011331,0.733776,4.82536,681105,-1,5.01461e-10,1,0
0.000642422,0.43734,-0.011669,0.73342,4.82876,680768,-1,4.89595e-10,1,0
0.000643914,0.438341,-0.0104935,0.732271,4.82763,680745,-1,5.57711e-10,1,0
0.000645374,0.439004,-0.00957457,0.731246,4.82706,680232,-1,9.71252e-10,1,0
0.000646334,0.438178,-0.00899662,0.730814,4.82853,677943,-1,7.61742e-10,1,0
0.000646552,0.437972,-0.00896731,0.730786,4.82864,677395,-1,6.89218e-12,1,0
0.00064744,0.437928,-0.00973128,0.730124,4.82749,676400,-1,9.50591e-10,1,0
0.00064784,0.438197,-0.00953785,0.729988,4.8237,676397,-1,4.05698e-10,1,0
0.000648623,0.438051,-0.0103367,0.730409,4.8269,675356,-1,7.53336e-10,1,0
0.000649178,0.438462,-0.0106386,0.730791,4.83104,675411,-1,8.99253e-10,1,0
0.00064992,0.438697,-0.00987674,0.730678,4.8299,675001,-1,5.3944e-10,1,0
0.000650422,0.439046,-0.00938801,0.73076,4.82812,675017,-1,4.45068e-10,1,0
0.000651097,0.438896,-0.00874614,0.730396,4.82801,674086,-1,4.38917e-10,1,0
0.000652044,0.439314,-0.00937106,0.730096,4.8226,673748,-1,7.84087e-10,1,0
0.000652707,0.438969,-0.0099844,0.730044,4.82401,672537,-1,2.13558e-10,1,0
0.000653095,0.439061,-0.0103386,0.730389,4.82381,672278,-1,6.97649e-10,1,0
0.000654334,0.438837,-0.0113334,0.731331,4.81933,670662,-1,6.34569e-10,1,0
0.000654528,0.438764,-0.0111003,0.731304,4.82022,670352,-1,2.852e-11,1,0
0.000655474,0.438485,-0.00991034,0.731144,4.8202,668958,-1,2.852e-11,1,0
0.000656229,0.438262,-0.00896097,0.731017,4.81917,667849,-1,2.4398e-09,1,0
0.000656793,0.438014,-0.00905101,0.731073,4.82056,666898,-1,2.80127e-10,1,0
0.000657864,0.439007,-0.00885201,0.731086,4.8229,667322,-1,9.71482e-10,1,0
0.000658606,0.439586,-0.00836759,0.730481,4.82293,667449,-1,9.71482e-10,1,0
0.000659942,0.439391,-0.00761303,0.729451,4.82023,665802,-1,9.71202e-10,1,0
0.000662056,0.438499,-0.0101017,0.730192,4.81873,662329,-1,9.71184e-10,1,0
0.000662949,0.437502,-0.0106562,0.729965,4.81967,659933,-1,1.16328e-09,1,0
0.000663459,0.437756,-0.0101596,0.730029,4.8201,659808,-1,4.09205e-10,1,0
0.000664015,0.438207,-0.0101285,0.729691,4.82048,659936,-1,4.33327e-10,1,0
0.000664556,0.437871,-0.00955687,0.729931,4.82104,658893,-1,7.05066e-10,1,0
0.000665474,0.437414,-0.0105755,0.730359,4.82101,657297,-1,7.05066e-10,1,0
0.0006661,0.437102,-0.011271,0.730651,4.821,656210,-1,7.05066e-10,1,0
0.000666945,0.437041,-0.0115857,0.731269,4.82243,655288,-1,2.63003e-09,1,0
0.000667285,0.437202,-0.0113915,0.731634,4.8235,655195,-1,9.26286e-10,1,0
0.000667547,0.437056,-0.0112687,0.731651,4.81901,654719,-1,7.37739e-11,1,0
0.000667862,0.437004,-0.0112536,0.731557,4.8199,654333,-1,5.13614e-11,1,0
0.00066895,0.436801,-0.0116194,0.732719,4.8203,652965,-1,7.28475e-10,1,0
0.0006696,0.436745,-0.0123974,0.732928,4.81928,652247,-1,7.90455e-10,1,0
0.000670328,0.437034,-0.011949,0.733669,4.81869,651971,-1,2.04285e-10,1,0
0.000670898,0.436876,-0.0112241,0.733673,4.81822,651180,-1,8.0109e-10,1,0
0.000671526,0.436701,-0.0104261,0.733676,4.81821,650311,-1,8.0109e-10,1,0
0.000671998,0.4364,-0.0100182,0.733373,4.8181,649406,-1,2.13953e-11,1,0
0.000672918,0.435728,-0.00944262,0.732938,4.81377,647520,-1,1.66209e-10,1,0
0.000673631,0.435655,-0.00935466,0.732959,4.81537,646726,-1,4.89093e-10,1,0
0.000674588,0.436233,-0.00977109,0.733981,4.8169,646665,-1,1.3658e-09,1,0
0.000675115,0.436074,-0.0100739,0.734263,4.81992,645926,-1,3.20458e-10,1,0
0.000675638,0.436335,-0.00997667,0.733693,4.81784,645812,-1,6.57621e-10,1,0
0.000676002,0.436524,-0.00987736,0.733637,4.81378,645743,-1,3.31098e-10,1,0
0.000676373,0.436107,-0.00966958,0.733512,4.81376,644773,-1,3.31098e-10,1,0
0.000676841,0.43561,-0.00943451,0.733514,4.81006,643592,-1,5.72502e-11,1,0
0.000677849,0.435552,-0.00977586,0.734739,4.8082,642550,-1,5.07732e-10,1,0
0.000679299,0.435042,-0.0108818,0.736181,4.80944,640427,-1,1.88746e-09,1,0
0.000679948,0.434477,-0.0106521,0.735668,4.81071,638986,-1,7.06534e-11,1,0
0.000680752,0.433814,-0.0104308,0.735002,4.80958,637258,-1,7.97729e-11,1,0
0.000681691,0.433437,-0.0107813,0.735794,4.80896,635826,-1,1.07763e-09,1,0
0.000682371,0.433594,-0.0107053,0.735034,4.80784,635422,-1,9.53887e-10,1,0
0.000683878,0.435279,-0.0103274,0.735673,4.80929,636487,-1,9.88242e-10,1,0
0.000684257,0.435394,-0.0104707,0.73613,4.8093,636302,-1,9.88242e-10,1,0
0.000686014,0.436191,-0.0104352,0.735909,4.81014,635834,-1,1.30553e-09,1,0
0.000686336,0.435814,-0.0105207,0.735954,4.80633,634986,-1,1.31274e-11,1,0
0.000686748,0.435599,-0.0102845,0.736003,4.81078,634293,-1,3.84007e-10,1,0
0.000688096,0.435129,-0.00923054,0.737325,4.81056,632367,-1,1.75464e-09,1,0
0.00068962,0.434296,-0.00812065,0.73874,4.8073,629761,-1,1.98268e-09,1,0
0.000691088,0.433665,-0.00803587,0.73864,4.81111,627510,-1,2.22614e-10,1,0
0.000692618,0.434307,-0.006478,0.739702,4.81115,627050,-1,2.22614e-10,1,0
0.000693758,0.434515,-0.00668162,0.740766,4.81218,626320,-1,9.95309e-10,1,0
0.000694221,0.434583,-0.0072204,0.740505,4.81218,626001,-1,9.95309e-10,1,0
0.000695396,0.434618,-0.00771087,0.741571,4.80833,624993,-1,1.21927e-09,1,0
0.000696558,0.434072,-0.0087899,0.740663,4.80831,623167,-1,1.21927e-09,1,0
0.000697074,0.433864,-0.00925055,0.740291,4.80813,622408,-1,2.15538e-09,1,0
0.000697947,0.434372,-0.00907519,0.739337,4.80891,622356,-1,6.75461e-11,1,0
0.000699442,0.434534,-0.00808589,0.73867,4.81077,621258,-1,2.97825e-10,1,0
0.000699909,0.434247,-0.00758454,0.738806,4.81092,620434,-1,4.39855e-11,1,0
0.000700479,0.434179,-0.00721148,0.739444,4.81092,619831,-1,4.39855e-11,1,0
0.000700693,0.434254,-0.0071546,0.739677,4.81066,619749,-1,1.59367e-11,1,0
0.000701394,0.434771,-0.00700219,0.740216,4.81125,619868,-1,8.35041e-10,1,0
0.000702344,0.435846,-0.00711992,0.739935,4.81276,620559,-1,1.20313e-09,1,0
0.000703319,0.436534,-0.00711315,0.738976,4.81269,620677,-1,6.61788e-10,1,0
0.00070388,0.436455,-0.00672447,0.738365,4.8129,620070,-1,6.6664e-10,1,0
0.000704299,0.436251,-0.00675563,0.738392,4.81079,619411,-1,2.16238e-10,1,0
0.000704756,0.436527,-0.0067122,0.738865,4.81135,619402,-1,1.51578e-10,1,0
0.000704973,0.436605,-0.00659667,0.739046,4.80977,619321,-1,1.74984e-10,1,0
0.000705707,0.437396,-0.00658172,0.739506,4.80882,619798,-1,1.25723e-10,1,0
0.000706161,0.437808,-0.00640932,0.73915,4.80898,619983,-1,1.18401e-10,1,0
0.000706733,0.438394,-0.00614776,0.738838,4.80723,620311,-1,1.39192e-10,1,0
0.000707416,0.438565,-0.0067626,0.73873,4.80738,619954,-1,5.26552e-10,1,0
0.000707756,0.438261,-0.00655923,0.738483,4.80879,619227,-1,4.41531e-10,1,0
0.000708304,0.437736,-0.00620256,0.73881,4.80876,618006,-1,4.41531e-10,1,0
0.000709209,0.437045,-0.00536526,0.739159,4.80887,616243,-1,5.07219e-10,1,0
0.00070987,0.436435,-0.00484689,0.739473,4.80884,614809,-1,5.07219e-10,1,0
0.000711257,0.435626,-0.00363677,0.739705,4.81058,612473,-1,2.42237e-10,1,0
0.000712352,0.434975,-0.00377883,0.740259,4.81134,610618,-1,9.88398e-10,1,0
0.000712601,0.43497,-0.00408754,0.740358,4.81134,610398,-1,9.88398e-10,1,0
0.000713411,0.434968,-0.00495907,0.740341,4.81037,609702,-1,3.58851e-10,1,0
0.000714537,0.434926,-0.00352897,0.740657,4.81037,608682,-1,3.58851e-10,1,0
0.000715559,0.434851,-0.00271727,0.740954,4.81206,607708,-1,2.26255e-10,1,0
0.000715991,0.434964,-0.00276263,0.74147,4.81292,607498,-1,3.5594e-10,1,0
0.000716509,0.434442,-0.0029719,0.741244,4.81212,606331,-1,1.74464e-10,1,0
0.00071792,0.435145,-0.00269928,0.742737,4.81323,606119,-1,9.09647e-10,1,0
0.000718192,0.435029,-0.00262107,0.7426,4.81128,605727,-1,1.14217e-10,1,0
0.000719259,0.435527,-0.00308042,0.742765,4.81058,605522,-1,9.88181e-10,1,0
0.000720462,0.434134,-0.00303552,0.742447,4.80782,602577,-1,5.77212e-10,1,0
0.000721014,0.434193,-0.00338652,0.742154,4.80774,602197,-1,2.05453e-10,1,0
0.000722061,0.433923,-0.00247065,0.743017,4.80785,600951,-1,4.85212e-10,1,0
0.000722538,0.433642,-0.00276303,0.743222,4.80297,600165,-1,2.61444e-10,1,0
0.000723443,0.433347,-0.00285684,0.742087,4.80295,599007,-1,2.61444e-10,1,0
0.000724311,0.433408,-0.00313807,0.742156,4.80114,598373,-1,6.30078e-10,1,0
0.000724913,0.433698,-0.00282592,0.742237,4.80187,598276,-1,4.3713e-10,1,0
0.000725441,0.433975,-0.0027617,0.741879,4.80229,598223,-1,1.66077e-10,1,0
0.000726283,0.434201,-0.00365051,0.741852,4.80194,597840,-1,5.90159e-10,1,0
0.000726417,0.434203,-0.00375094,0.741876,4.79907,597731,-1,9.25767e-11,1,0
0.000726869,0.434343,-0.00364089,0.741317,4.80082,597554,-1,6.14569e-10,1,0
0.000727321,0.434467,-0.00356363,0.741887,4.8011,597353,-1,5.88493e-10,1,0
0.000727746,0.434709,-0.00335723,0.742339,4.80111,597336,-1,5.88493e-10,1,0
0.000728369,0.434317,-0.00285168,0.742444,4.80338,596287,-1,7.199e-10,1,0
0.000729224,0.434778,-0.00326216,0.74214,4.80551,596220,-1,7.76361e-10,1,0
0.000730112,0.435049,-0.00430782,0.742528,4.80529,595866,-1,1.845e-10,1,0
0.000730674,0.434783,-0.00482895,0.742565,4.80527,595044,-1,1.43189e-09,1,0
0.000731467,0.434695,-0.00551459,0.74213,4.80332,594279,-1,8.01345e-10,1,0
0.000732249,0.434687,-0.00603135,0.741255,4.80332,593633,-1,8.01345e-10,1,0
0.000732622,0.434683,-0.00627801,0.740837,4.80331,593325,-1,8.01345e-10,1,0
0.000733073,0.434678,-0.00657643,0.740331,4.80284,592953,-1,2.08905e-09,1,0
0.000733395,0.43473,-0.00687312,0.740052,4.80188,592764,-1,4.06584e-10,1,0
0.000734013,0.434141,-0.00739422,0.740216,4.80275,591462,-1,8.03942e-10,1,0
0.000735278,0.434094,-0.00602277,0.739308,4.80275,590380,-1,8.03942e-10,1,0
0.000735944,0.434069,-0.00530043,0.73883,4.80275,589812,-1,8.03942e-10,1,0
0.000736835,0.43382,-0.00456995,0.738313,4.7993,588761,-1,7.18027e-10,1,0
0.000737841,0.434424,-0.00379893,0.737446,4.80015,588777,-1,1.30814e-09,1,0
0.000738247,0.434243,-0.00407884,0.737812,4.80224,588208,-1,3.52226e-11,1,0
0.000739715,0.434967,-0.00497079,0.738871,4.80408,588019,-1,9.20806e-10,1,0
0.000740946,0.434433,-0.00568255,0.740078,4.80145,586323,-1,3.70137e-10,1,0
0.000741098,0.434239,-0.00571766,0.740069,4.80052,585940,-1,1.97704e-10,1,0
0.00074218,0.434869,-0.00652094,0.740137,4.80114,585934,-1,4.18327e-10,1,0
0.000742358,0.434921,-0.00663267,0.740002,4.7997,585864,-1,1.49765e-10,1,0
0.000742563,0.435018,-0.00652237,0.739813,4.79875,585833,-1,6.91681e-11,1,0
0.000742795,0.435228,-0.0064236,0.739792,4.79832,585934,-1,1.43819e-10,1,0
0.000743238,0.435221,-0.00584849,0.73983,4.79911,585574,-1,6.61508e-10,1,0
0.000743871,0.434856,-0.00609956,0.740524,4.79862,584585,-1,8.22905e-10,1,0
0.000744822,0.434501,-0.00617365,0.739639,4.79893,583363,-1,5.90408e-11,1,0
0.000745254,0.434072,-0.00597153,0.739336,4.79823,582448,-1,5.62521e-10,1,0
0.000746319,0.435102,-0.00518208,0.739338,4.79877,582998,-1,4.21493e-11,1,0
0.000746585,0.435209,-0.0054895,0.739389,4.80027,582933,-1,3.31495e-10,1,0
0.000747191,0.434882,-0.00528508,0.73933,4.7991,582022,-1,3.19273e-10,1,0
0.000747561,0.434667,-0.00532487,0.738925,4.79913,581447,-1,1.17906e-10,1,0
0.000748852,0.433555,-0.00493284,0.74012,4.79908,578959,-1,1.17906e-10,1,0
0.000749542,0.432957,-0.00485704,0.740556,4.80125,577629,-1,1.69901e-10,1,0
0.000750878,0.433266,-0.00559076,0.741027,4.79547,577013,-1,9.88361e-10,1,0
0.000751354,0.432855,-0.00566024,0.741386,4.79711,576099,-1,1.13651e-09,1,0
0.000752191,0.433277,-0.00469389,0.741489,4.79639,576021,-1,3.86472e-10,1,0
0.000752637,0.433551,-0.00437685,0.741487,4.79551,576043,-1,1.25065e-10,1,0
0.000753048,0.433507,-0.00388909,0.741701,4.79625,575670,-1,5.34461e-10,1,0
0.000753953,0.434041,-0.00331809,0.741023,4.79742,575687,-1,7.89002e-11,1,0
0.000754954,0.434705,-0.0025546,0.740205,4.79969,575803,-1,2.39859e-09,1,0
0.000755289,0.435009,-0.00286463,0.740208,4.7987,575951,-1,4.34735e-10,1,0
0.000756453,0.434581,-0.00201139,0.741065,4.80171,574499,-1,1.37423e-09,1,0
0.000757016,0.434886,-0.00161521,0.740787,4.80345,574475,-1,4.0696e-10,1,0
0.000757363,0.435213,-0.00141196,0.740757,4.80368,574642,-1,6.73506e-11,1,0
0.000758226,0.436295,-0.00167816,0.740887,4.80374,575415,-1,6.73506e-11,1,0
0.000759121,0.436447,-0.00256322,0.741319,4.80613,574938,-1,2.34011e-10,1,0
0.000760485,0.437676,-0.00200306,0.741031,4.80741,575522,-1,4.96159e-10,1,0
0.000760773,0.437741,-0.00217922,0.741257,4.80615,575390,-1,1.2613e-10,1,0
0.000761303,0.437725,-0.00278746,0.741458,4.80626,574968,-1,4.91274e-10,1,0
0.000762113,0.437803,-0.00383585,0.741524,4.80609,574459,-1,1.50009e-09,1,0
0.000763387,0.437626,-0.00232864,0.741067,4.80628,573268,-1,9.75404e-10,1,0
0.000763807,0.437204,-0.00200704,0.740937,4.80626,572402,-1,9.75404e-10,1,0
0.000764715,0.436819,-0.00214039,0.741803,4.80984,571218,-1,9.76146e-10,1,0
0.000765209,0.436835,-0.00248893,0.742185,4.81122,570871,-1,8.55675e-11,1,0
0.000765602,0.436881,-0.00278165,0.742602,4.81134,570637,-1,1.06866e-09,1,0
0.000766315,0.436789,-0.00198973,0.743076,4.81133,569986,-1,1.06866e-09,1,0
0.000767005,0.436699,-0.00122269,0.743535,4.81133,569356,-1,1.06866e-09,1,0
0.000767534,0.436635,-0.000823545,0.743692,4.81193,568880,-1,2.3734e-09,1,0
0.000768241,0.436945,-0.000955469,0.743631,4.81274,568761,-1,4.77846e-10,1,0
0.000768558,0.436978,-0.00107223,0.74376,4.81135,568568,-1,1.78873e-10,1,0
0.000769102,0.436453,-0.000987619,0.744164,4.81149,567484,-1,3.66194e-10,1,0
0.000770278,0.435127,-0.000578031,0.74481,4.81142,564896,-1,3.66194e-10,1,0
0.000770691,0.435015,-0.000349284,0.744804,4.80882,564447,-1,2.15056e-09,1,0
0.000771775,0.435838,0.000519413,0.744057,4.80853,564721,-1,1.65456e-09,1,0
0.000772544,0.436465,0.00100799,0.744029,4.80848,564972,-1,7.04604e-10,1,0
0.000773621,0.437737,0.000416156,0.74401,4.80774,565828,-1,1.40246e-09,1,0
0.000774219,0.437412,0.00061544,0.743541,4.80807,564972,-1,3.26722e-10,1,0
0.000775013,0.437125,-0.000169654,0.743106,4.80785,564022,-1,9.14209e-10,1,0
0.000775944,0.436851,-0.000139364,0.741926,4.81053,562993,-1,1.21141e-09,1,0
0.00077636,0.436822,2.57631e-05,0.742142,4.80984,562654,-1,3.74576e-10,1,0
0.000776416,0.436809,-4.87684e-07,0.742102,4.81108,562596,-1,3.09947e-12,1,0
0.000777316,0.436837,-0.000139204,0.74143,4.80883,561981,-1,2.97923e-10,1,0
0.000777639,0.436632,-0.000184362,0.741144,4.809,561485,-1,1.75562e-10,1,0
0.000778439,0.436458,-0.000165238,0.740228,4.80827,560684,-1,7.43764e-10,1,0
0.000778604,0.436507,-0.000189416,0.740076,4.80977,560628,-1,1.43839e-10,1,0
0.000778982,0.436838,-2.75941e-06,0.739894,4.81239,560781,-1,6.38576e-11,1,0
0.000780137,0.437254,0.000131269,0.739849,4.81024,560484,-1,6.05057e-10,1,0
0.000781293,0.437932,0.000488244,0.739279,4.80859,560522,-1,1.05184e-09,1,0
0.000781851,0.437933,0.00116779,0.739431,4.80901,560124,-1,7.80995e-10,1,0
0.000782322,0.437712,0.00151133,0.739497,4.80777,559503,-1,3.05652e-10,1,0
0.000783253,0.437547,0.000377442,0.739293,4.80788,558629,-1,1.06731e-09,1,0
0.000783677,0.437887,0.000488635,0.739705,4.80245,558759,-1,5.47325e-10,1,0
0.000784626,0.437728,0.00123683,0.738861,4.80308,557881,-1,3.0996e-10,1,0
0.000785805,0.43799,0.00174971,0.738579,4.80417,557377,-1,1.91473e-09,1,0
0.000786098,0.438036,0.001461,0.738624,4.8007,557229,-1,7.65844e-11,1,0
0.000786745,0.438285,0.00184681,0.739243,4.80009,557087,-1,4.74395e-11,1,0
0.000787052,0.438063,0.00204261,0.738979,4.80093,556587,-1,3.48153e-12,1,0
0.000788154,0.438316,0.00243846,0.739503,4.80352,556130,-1,7.31088e-10,1,0
0.000788571,0.438164,0.00226295,0.739964,4.80478,555643,-1,9.54761e-11,1,0
0.000789888,0.439283,0.00185648,0.739132,4.80367,556133,-1,1.29959e-09,1,0
0.000791121,0.439982,0.00284872,0.738083,4.80428,556150,-1,1.60375e-09,1,0
0.000791278,0.440171,0.00286922,0.738108,4.80506,556278,-1,1.78217e-10,1,0
0.000792702,0.440963,0.00355872,0.73859,4.80348,556278,-1,1.04113e-09,1,0
0.000793889,0.441378,0.0048619,0.737981,4.80305,555969,-1,1.82567e-09,1,0
0.000794092,0.441421,0.00499302,0.73794,4.80117,555882,-1,7.49722e-10,1,0
0.000794712,0.441802,0.00440083,0.737966,4.79937,555927,-1,8.08214e-10,1,0
0.000795394,0.441921,0.00501789,0.738574,4.80055,555600,-1,1.89293e-11,1,0
0.000796086,0.442369,0.00491779,0.738719,4.80145,555680,-1,4.66052e-10,1,0
0.000797236,0.441574,0.00436036,0.738434,4.79877,553881,-1,1.06365e-11,1,0
0.000797751,0.440947,0.0043069,0.738205,4.79874,552737,-1,1.06365e-11,1,0
0.000798764,0.440255,0.00445531,0.738918,4.80007,551170,-1,2.47727e-10,1,0
0.000800103,0.439077,0.00349777,0.739721,4.79855,548776,-1,1.58792e-09,1,0
0.000800753,0.439073,0.0038005,0.740483,4.79861,548325,-1,8.23233e-10,1,0
0.000801205,0.438979,0.00396032,0.740213,4.80015,547899,-1,4.07148e-10,1,0
0.000802305,0.439392,0.00325288,0.740449,4.79922,547662,-1,9.22021e-10,1,0
0.000803322,0.439781,0.00271888,0.741082,4.79317,547453,-1,1.94752e-10,1,0
0.000803766,0.440114,0.00232513,0.74134,4.79367,547565,-1,4.68089e-12,1,0
0.000804162,0.440151,0.00230605,0.741267,4.79445,547341,-1,2.45805e-10,1,0
0.000804551,0.440014,0.00260738,0.741151,4.79407,546906,-1,1.85323e-10,1,0
0.000805005,0.439534,0.00293802,0.741057,4.79616,546002,-1,9.09814e-10,1,0
0.000806442,0.440597,0.00408648,0.741688,4.79712,546347,-1,1.38436e-10,1,0
0.000806895,0.440327,0.00392401,0.741306,4.79841,545705,-1,5.37852e-10,1,0
0.000807422,0.440319,0.00373011,0.741064,4.7985,545340,-1,3.31e-10,1,0
0.000808242,0.440609,0.00372592,0.740497,4.80017,545144,-1,3.77433e-10,1,0
0.000808595,0.440442,0.00338933,0.740235,4.80022,544701,-1,4.58056e-10,1,0
0.000809572,0.440362,0.00439389,0.739512,4.8018,543945,-1,1.21452e-09,1,0
0.000810977,0.440374,0.00437597,0.73937,4.80188,543016,-1,8.95339e-10,1,0
0.00081145,0.440828,0.00425589,0.739242,4.8019,543260,-1,5.31354e-10,1,0
0.000812408,0.441533,0.00451624,0.739688,4.80355,543487,-1,5.12916e-10,1,0
0.000814687,0.440925,0.00473896,0.739782,4.80607,541220,-1,9.88263e-10,1,0
0.000814858,0.440759,0.00477978,0.739822,4.80513,540903,-1,1.51399e-10,1,0
0.00081563,0.441641,0.00437985,0.740086,4.80312,541473,-1,1.00359e-09,1,0
0.000816074,0.442025,0.00426169,0.739953,4.80461,541648,-1,3.68224e-10,1,0
0.000816518,0.441994,0.00420772,0.740526,4.80607,541316,-1,6.61395e-10,1,0
0.000816723,0.441821,0.00436873,0.740484,4.80496,540968,-1,2.71023e-11,1,0
0.000817719,0.441539,0.00452875,0.741701,4.8043,539965,-1,2.65074e-10,1,0
0.000819677,0.442096,0.00504336,0.742125,4.80443,539354,-1,1.55894e-09,1,0
0.000819874,0.442219,0.00500169,0.742223,4.80561,539375,-1,1.05704e-10,1,0
0.000821103,0.441006,0.00398261,0.74243,4.80558,537089,-1,1.59821e-09,1,0
0.0008213,0.440866,0.00380642,0.742554,4.8031,536791,-1,2.56542e-10,1,0
0.000821952,0.441104,0.00361339,0.742921,4.80078,536655,-1,6.28949e-10,1,0
0.000822824,0.441233,0.00394742,0.743333,4.79779,536242,-1,3.75508e-10,1,0
0.00082295,0.441223,0.00404256,0.743421,4.7972,536148,-1,6.39139e-12,1,0
0.000823799,0.441998,0.00435743,0.743081,4.79993,536536,-1,1.08507e-10,1,0
0.000824216,0.44198,0.00415585,0.743583,4.79993,536243,-1,1.08507e-10,1,0
0.000824622,0.441962,0.00395905,0.744073,4.79993,535957,-1,1.08507e-10,1,0
0.000825216,0.441936,0.00367161,0.744789,4.79993,535540,-1,1.08507e-10,1,0
0.000826337,0.441887,0.00312907,0.746141,4.79992,534754,-1,1.08507e-10,1,0
0.000826886,0.441863,0.00286335,0.746803,4.80043,534370,-1,4.01245e-09,1,0
0.000827817,0.442102,0.00321614,0.747017,4.80027,534057,-1,2.639e-10,1,0
0.000828417,0.442393,0.00374445,0.747085,4.79983,534022,-1,1.28583e-10,1,0
0.000828833,0.442647,0.00345103,0.746835,4.79976,534061,-1,2.66876e-10,1,0
0.000829605,0.443086,0.0032189,0.745963,4.79978,534093,-1,2.66876e-10,1,0
0.000830516,0.44367,0.00317216,0.74512,4.79856,534211,-1,4.00604e-11,1,0
0.000831477,0.44343,0.0032001,0.743997,4.79699,533305,-1,9.88224e-10,1,0
0.000832157,0.443414,0.00286803,0.743764,4.79839,532849,-1,2.79327e-10,1,0
0.000833247,0.443929,0.00402619,0.743494,4.79802,532770,-1,1.91257e-10,1,0
0.000833633,0.443923,0.00362454,0.743703,4.79999,532516,-1,4.75007e-10,1,0
0.000833908,0.443976,0.00367065,0.743997,4.80227,532404,-1,1.35642e-10,1,0
0.000834715,0.444602,0.00420268,0.744068,4.80838,532639,-1,5.31896e-10,1,0
0.000836315,0.445491,0.00546277,0.74267,4.81026,532683,-1,2.08173e-09,1,0
0.000836633,0.445332,0.00542025,0.742606,4.81221,532291,-1,2.14317e-10,1,0
0.000837671,0.445406,0.00440706,0.742905,4.81199,531720,-1,1.13894e-09,1,0
0.000837855,0.445587,0.00442911,0.742918,4.8103,531819,-1,5.08775e-10,1,0
0.000839147,0.446305,0.00473912,0.741945,4.81121,531856,-1,1.05098e-09,1,0
0.000839807,0.44583,0.00515936,0.742154,4.81212,530872,-1,7.63348e-10,1,0
0.000840582,0.445308,0.00534274,0.741354,4.8108,529762,-1,1.51716e-11,1,0
0.000841585,0.444531,0.00527551,0.740444,4.80877,528206,-1,8.89599e-11,1,0
0.000842861,0.443846,0.00585518,0.739315,4.81041,526594,-1,6.72088e-10,1,0
0.000843478,0.44374,0.00605348,0.739505,4.81067,526084,-1,3.41119e-10,1,0
0.000843723,0.443581,0.00600436,0.739777,4.8085,525743,-1,3.18921e-10,1,0
0.000845093,0.444366,0.00469328,0.740374,4.80982,525819,-1,8.63897e-10,1,0
0.000845721,0.444205,0.00389436,0.740426,4.80505,525238,-1,8.1675e-10,1,0
0.000846513,0.444037,0.00395031,0.739932,4.80639,524548,-1,6.28382e-10,1,0
0.000847275,0.443663,0.00406783,0.740589,4.80257,523635,-1,5.2669e-10,1,0
0.000848265,0.443822,0.00316919,0.741481,4.8007,523211,-1,1.27011e-09,1,0
0.000849469,0.443575,0.00360241,0.741302,4.80033,522180,-1,6.95544e-10,1,0
0.000850092,0.443218,0.00369483,0.740582,4.80032,521377,-1,6.95544e-10,1,0
0.000851344,0.442346,0.00431629,0.740191,4.80016,519586,-1,7.88216e-10,1,0
0.0008519,0.441978,0.00490047,0.740233,4.79739,518814,-1,5.47508e-10,1,0
0.000852355,0.442301,0.00521797,0.740613,4.79859,518917,-1,5.91499e-10,1,0
0.00085317,0.44182,0.00464002,0.740793,4.79979,517857,-1,3.40594e-10,1,0
0.000853683,0.441221,0.00445867,0.740908,4.79978,516844,-1,1.25017e-09,1,0
0.000855207,0.439963,0.00486238,0.739596,4.79998,514452,-1,1.79799e-09,1,0
0.000855575,0.439609,0.00484623,0.739279,4.79787,513817,-1,1.67437e-10,1,0
0.00085594,0.439783,0.00454148,0.738984,4.79974,513801,-1,8.5333e-12,1,0
0.000857067,0.439912,0.00448817,0.738458,4.80051,513276,-1,5.63951e-10,1,0
0.00085885,0.440153,0.00546037,0.739242,4.79912,512490,-1,9.88259e-10,1,0
0.000859627,0.439992,0.00590608,0.739259,4.79984,511841,-1,1.08962e-09,1,0
0.000860359,0.439742,0.00555061,0.739268,4.80203,511115,-1,6.30743e-10,1,0
0.000861445,0.440317,0.00592604,0.740503,4.79988,511137,-1,1.71795e-09,1,0
0.000861815,0.440207,0.00638306,0.740402,4.80095,510791,-1,4.80526e-10,1,0
0.000862027,0.440134,0.00662138,0.740521,4.80095,510580,-1,4.80526e-10,1,0
0.000862174,0.440033,0.00674603,0.740529,4.80266,510376,-1,5.59451e-11,1,0
0.000862637,0.440404,0.00705189,0.740372,4.80377,510532,-1,2.13088e-10,1,0
0.000863341,0.44082,0.00733663,0.740157,4.80021,510597,-1,8.21743e-11,1,0
0.000864427,0.441325,0.00720668,0.739074,4.79592,510541,-1,1.29701e-09,1,0
0.000865083,0.441457,0.00740186,0.739894,4.79437,510306,-1,9.6642e-10,1,0
0.000865671,0.441142,0.0070764,0.73974,4.79656,509596,-1,2.98383e-11,1,0
0.000865961,0.440865,0.00707794,0.739747,4.79729,509105,-1,1.80979e-10,1,0
0.00086661,0.440995,0.00718608,0.739233,4.79274,508874,-1,7.10961e-11,1,0
0.000866813,0.441196,0.00733749,0.73931,4.79156,508986,-1,4.30771e-10,1,0
0.000867265,0.441065,0.00764637,0.739792,4.79155,508571,-1,4.30771e-10,1,0
0.000867447,0.441107,0.00750141,0.739816,4.78906,508511,-1,1.82619e-10,1,0
0.000868038,0.440853,0.0072367,0.739774,4.78709,507873,-1,2.68764e-10,1,0
0.000868625,0.441484,0.00689074,0.739523,4.78789,508256,-1,7.6172e-10,1,0
0.000868906,0.441648,0.00668324,0.739774,4.7879,508280,-1,7.6172e-10,1,0
0.000869466,0.441975,0.00626951,0.740274,4.78866,508329,-1,1.09186e-09,1,0
0.000870126,0.442132,0.00573171,0.740439,4.79012,508124,-1,5.46413e-10,1,0
0.000870612,0.442308,0.0057061,0.741045,4.78973,508042,-1,9.42127e-10,1,0
0.000871708,0.440942,0.00534822,0.740876,4.78967,505837,-1,9.42127e-10,1,0
0.000872268,0.440419,0.00492751,0.740813,4.79016,504912,-1,3.94012e-10,1,0
0.000873337,0.439204,0.00456492,0.740252,4.78887,502903,-1,1.32852e-09,1,0
0.000874307,0.439255,0.00549843,0.741097,4.78888,502404,-1,1.32852e-09,1,0
0.000874726,0.439286,0.00577348,0.741384,4.78834,502198,-1,7.69236e-11,1,0
0.000875494,0.439116,0.0055567,0.74234,4.78868,501564,-1,9.95618e-10,1,0
0.00087628,0.438879,0.00458955,0.742116,4.78867,500843,-1,9.95618e-10,1,0
0.000877224,0.439773,0.00415533,0.742355,4.78911,501323,-1,1.23443e-09,1,0
0.000877686,0.440331,0.00401807,0.742525,4.78914,501696,-1,1.23443e-09,1,0
0.000877872,0.440489,0.00415131,0.74247,4.78911,501768,-1,1.65879e-09,1,0
0.000878404,0.440851,0.00454575,0.74237,4.79137,501878,-1,1.40127e-10,1,0
0.000879581,0.44107,0.00602652,0.742676,4.79138,501455,-1,1.40127e-10,1,0
0.000879985,0.441362,0.00625994,0.742438,4.7924,501556,-1,1.75523e-10,1,0
0.000881239,0.442149,0.00730754,0.74147,4.79244,501735,-1,1.75523e-10,1,0
0.000882178,0.443243,0.00780201,0.741339,4.79373,502442,-1,1.17041e-09,1,0
0.000882764,0.443405,0.00725419,0.741579,4.79263,502291,-1,3.41044e-10,1,0
0.000883024,0.443458,0.00752003,0.741533,4.79187,502204,-1,1.50857e-11,1,0
0.000883722,0.443196,0.00683165,0.741844,4.79005,501510,-1,8.15838e-10,1,0
0.000884296,0.443686,0.0070264,0.741959,4.78869,501739,-1,1.71568e-10,1,0
0.000884721,0.443327,0.00674552,0.741646,4.79101,501093,-1,5.52506e-10,1,0
0.000885602,0.442971,0.00782013,0.741811,4.79099,500192,-1,5.52506e-10,1,0
0.000886428,0.442837,0.00869074,0.742027,4.79366,499575,-1,2.04573e-09,1,0
0.000887878,0.444049,0.00799717,0.741024,4.79871,500124,-1,1.67752e-09,1,0
0.000888164,0.444013,0.0081735,0.741349,4.80054,499922,-1,3.71145e-10,1,0
0.000889087,0.443845,0.00911662,0.740733,4.79956,499214,-1,9.24334e-11,1,0
0.000889587,0.443828,0.00909663,0.741329,4.79953,498914,-1,5.91327e-10,1,0
0.000890991,0.444558,0.00989628,0.741534,4.80181,498948,-1,5.97356e-10,1,0
0.000891437,0.444073,0.0100626,0.741756,4.80191,498154,-1,1.05122e-10,1,0
0.000891734,0.443903,0.00996918,0.741874,4.80037,497798,-1,1.73972e-10,1,0
0.000893044,0.445121,0.011121,0.741578,4.79984,498432,-1,1.70233e-09,1,0
0.000893915,0.445005,0.0103999,0.741744,4.79876,497816,-1,6.68005e-12,1,0
0.00089547,0.444764,0.0113507,0.739976,4.799,496682,-1,2.02193e-09,1,0
0.000895976,0.445121,0.0109316,0.739768,4.79839,496801,-1,1.01251e-10,1,0
0.000896813,0.445858,0.0101394,0.739647,4.79843,497158,-1,1.01251e-10,1,0
0.000897304,0.44565,0.00977984,0.739443,4.79923,496655,-1,1.57801e-09,1,0
0.000898384,0.444573,0.00909079,0.738865,4.79918,494859,-1,1.57801e-09,1,0
0.000898677,0.444317,0.00890584,0.738704,4.79986,494412,-1,2.44397e-11,1,0
0.000899619,0.443756,0.00828751,0.739144,4.79941,493271,-1,9.88127e-10,1,0
0.000900159,0.443729,0.00892284,0.738848,4.80149,492946,-1,8.51923e-10,1,0
0.000900964,0.443898,0.00806324,0.738608,4.79754,492692,-1,6.60542e-10,1,0
0.000901094,0.44375,0.00806152,0.738689,4.79754,492457,-1,6.60542e-10,1,0
0.00090165,0.443985,0.00839817,0.738504,4.7992,492413,-1,5.66005e-10,1,0
0.00090183,0.444163,0.00838078,0.738598,4.80028,492513,-1,1.14886e-10,1,0
0.00090213,0.444434,0.00829577,0.73843,4.7975,492650,-1,7.92419e-11,1,0
0.000903174,0.444907,0.00808318,0.738962,4.79787,492604,-1,4.97406e-10,1,0
0.000903955,0.445389,0.00875178,0.73853,4.79814,492711,-1,1.17484e-09,1,0
0.000904022,0.445473,0.00873768,0.738514,4.80055,492768,-1,2.29924e-10,1,0
0.000904713,0.44556,0.00957427,0.738275,4.80003,492488,-1,1.37103e-10,1,0
0.000905139,0.445516,0.00934909,0.738614,4.79849,492207,-1,3.57496e-10,1,0
0.00090533,0.445506,0.00937938,0.73864,4.79611,492093,-1,1.12628e-10,1,0
0.00090655,0.445006,0.0104674,0.738448,4.79484,490878,-1,1.12345e-09,1,0
0.000906978,0.444785,0.0103834,0.738262,4.79712,490403,-1,2.21782e-10,1,0
0.000908552,0.444549,0.00976045,0.737848,4.79827,489294,-1,1.05659e-09,1,0
0.000908929,0.444956,0.009732,0.737991,4.79618,489539,-1,4.21565e-10,1,0
0.000909544,0.445338,0.0102111,0.737647,4.79678,489628,-1,2.77002e-10,1,0
0.000909689,0.445348,0.0103832,0.737603,4.79587,489561,-1,1.15033e-10,1,0
0.000909751,0.445386,0.0103343,0.737586,4.79405,489569,-1,1.85143e-11,1,0
0.000910754,0.445404,0.0111207,0.737682,4.79409,489050,-1,9.88335e-10,1,0
0.000911094,0.445439,0.0109772,0.737265,4.79258,488905,-1,6.73702e-10,1,0
0.000911775,0.446216,0.0113602,0.737443,4.79154,489393,-1,8.84484e-10,1,0
0.00091227,0.445653,0.0112895,0.737141,4.79152,488511,-1,6.42379e-10,1,0
0.000912602,0.445525,0.011252,0.736741,4.79101,488192,-1,2.63601e-11,1,0
0.000913594,0.445256,0.0113998,0.735843,4.7889,487368,-1,3.74528e-11,1,0
0.000914409,0.445792,0.0106143,0.735499,4.78767,487519,-1,2.82751e-10,1,0
0.000915247,0.445754,0.0101385,0.735317,4.78633,487032,-1,2.56827e-10,1,0
0.000915459,0.445686,0.00991431,0.735345,4.78565,486845,-1,1.23792e-10,1,0
0.000915642,0.445577,0.00971784,0.735379,4.78654,486627,-1,3.20391e-10,1,0
0.000916048,0.445387,0.00990571,0.735368,4.7877,486205,-1,1.32792e-10,1,0
0.000916939,0.444577,0.0106906,0.735514,4.78711,484849,-1,5.63073e-10,1,0
0.000917457,0.444324,0.0110343,0.735625,4.78762,484299,-1,1.40919e-10,1,0
0.000917916,0.444843,0.0109179,0.735534,4.78792,484622,-1,3.42726e-10,1,0
0.000918749,0.445873,0.0109987,0.735215,4.78952,485304,-1,1.08119e-09,1,0
0.000920204,0.447155,0.0100422,0.736222,4.78959,485930,-1,1.08119e-09,1,0
0.000921312,0.447831,0.00985642,0.737039,4.78795,486080,-1,1.27055e-11,1,0
0.000922013,0.44872,0.00969218,0.736932,4.78799,486674,-1,1.27055e-11,1,0
0.000922173,0.448857,0.00961468,0.736854,4.78709,486738,-1,8.62776e-11,1,0
0.000922731,0.448378,0.00943303,0.736356,4.78696,485925,-1,6.79073e-10,1,0
0.000923695,0.447634,0.0093881,0.73601,4.78839,484612,-1,2.72439e-10,1,0
0.000923957,0.447609,0.00905317,0.73596,4.78628,484448,-1,3.39481e-10,1,0
0.000924717,0.447559,0.00878811,0.736721,4.78824,483995,-1,7.96792e-10,1,0
0.000925579,0.44704,0.00833732,0.737592,4.78777,482984,-1,1.09813e-09,1,0
0.000926192,0.446738,0.00807016,0.738278,4.78776,482339,-1,1.09813e-09,1,0
0.000926759,0.447271,0.00825328,0.738221,4.79136,482618,-1,2.47026e-10,1,0
0.000927045,0.447265,0.00803563,0.738208,4.79239,482463,-1,1.0475e-10,1,0
0.000927626,0.447829,0.00810272,0.737969,4.79079,482768,-1,4.01187e-10,1,0
0.000927964,0.447812,0.00780646,0.737856,4.79383,482575,-1,2.42546e-10,1,0
0.000928414,0.447705,0.00738326,0.73768,4.79305,482225,-1,4.42744e-10,1,0
0.000928831,0.447576,0.00701669,0.737715,4.79189,481870,-1,7.48388e-10,1,0
0.000929446,0.446818,0.00726995,0.737697,4.79045,480736,-1,9.30501e-10,1,0
0.000930413,0.447749,0.00694323,0.736926,4.79047,481237,-1,8.02306e-10,1,0
0.000931186,0.448474,0.00691801,0.736352,4.78959,481615,-1,1.29584e-09,1,0
0.000932591,0.448693,0.00775279,0.735879,4.79057,481125,-1,1.36238e-09,1,0
0.000932865,0.448392,0.00770006,0.735737,4.79061,480661,-1,2.17332e-11,1,0
0.000933325,0.448195,0.00721796,0.735456,4.7903,480213,-1,1.48368e-10,1,0
0.000933552,0.448115,0.00697874,0.735302,4.79045,480011,-1,7.44327e-10,1,0
0.00093488,0.447179,0.00743501,0.734793,4.78955,478328,-1,4.52406e-10,1,0
0.000935182,0.447405,0.00746104,0.7346,4.78683,478415,-1,1.32893e-09,1,0
0.000935629,0.44788,0.00746807,0.734282,4.78586,478695,-1,9.0987e-10,1,0
0.000935868,0.447826,0.00761159,0.734552,4.78402,478514,-1,3.15635e-10,1,0
0.000936306,0.448302,0.00767508,0.734856,4.78404,478798,-1,3.15635e-10,1,0
0.0009369,0.448528,0.00725237,0.735182,4.78665,478737,-1,4.58087e-10,1,0
0.000938016,0.449103,0.00657859,0.736329,4.78668,478780,-1,4.58087e-10,1,0
0.000938947,0.449172,0.0062886,0.737121,4.78669,478378,-1,2.33614e-09,1,0
0.000939936,0.44991,0.00579726,0.737637,4.78465,478660,-1,3.61553e-10,1,0
0.000940762,0.450648,0.00566066,0.736871,4.78468,479025,-1,3.61553e-10,1,0
0.000941326,0.451211,0.00583358,0.73659,4.78384,479335,-1,1.4046e-09,1,0
0.000941694,0.45153,0.00612024,0.736525,4.78462,479487,-1,7.45325e-11,1,0
0.00094273,0.450848,0.00630169,0.735749,4.78343,478236,-1,1.99978e-10,1,0
0.000943096,0.450447,0.0065134,0.735892,4.78408,477626,-1,4.74776e-10,1,0
0.000943846,0.4509,0.00575166,0.735488,4.78411,477726,-1,4.74776e-10,1,0
0.000944817,0.450968,0.00504724,0.73469,4.78294,477307,-1,6.11115e-10,1,0
0.000945408,0.451531,0.00465826,0.73452,4.78153,477604,-1,6.69618e-10,1,0
0.000946098,0.451345,0.00426849,0.73407,4.78418,477059,-1,2.37649e-10,1,0
0.000946575,0.45128,0.00458991,0.733545,4.78186,476750,-1,6.19016e-10,1,0
0.00094768,0.452048,0.00468697,0.734253,4.77808,477005,-1,2.55247e-11,1,0
0.000947803,0.452103,0.00483327,0.734284,4.77808,477001,-1,2.55247e-11,1,0
0.000948674,0.451986,0.00450269,0.73479,4.77729,476440,-1,7.49353e-10,1,0
0.000949332,0.45236,0.00399833,0.734239,4.77333,476504,-1,8.34848e-10,1,0
0.000949996,0.451557,0.00368828,0.734244,4.77329,475325,-1,8.34848e-10,1,0
0.000950527,0.450891,0.00356791,0.734217,4.7736,474359,-1,3.77949e-10,1,0
0.0009511,0.450291,0.00398507,0.734083,4.77357,473443,-1,3.77949e-10,1,0
0.000951488,0.449886,0.00426745,0.733992,4.77355,472823,-1,3.77949e-10,1,0
0.000952005,0.449515,0.00480865,0.734024,4.7749,472177,-1,5.3771e-10,1,0
0.000952737,0.449356,0.00493001,0.733125,4.77419,471647,-1,9.32066e-10,1,0
0.000954156,0.450282,0.00463527,0.73305,4.77051,471917,-1,6.70978e-10,1,0
0.000954718,0.450262,0.00396568,0.732791,4.77051,471618,-1,6.73097e-10,1,0
0.000954883,0.450239,0.00401522,0.732851,4.77044,471512,-1,7.10726e-11,1,0
0.000955349,0.45014,0.00427072,0.733382,4.77118,471179,-1,9.71926e-11,1,0
0.000955574,0.450045,0.00451549,0.733374,4.77254,470968,-1,2.7679e-10,1,0
0.000956482,0.450245,0.0034171,0.733729,4.77229,470730,-1,1.16253e-09,1,0
0.000956982,0.450446,0.00291404,0.733375,4.77015,470695,-1,6.61601e-10,1,0
0.000957866,0.451013,0.00367397,0.733718,4.7687,470851,-1,8.51203e-10,1,0
0.000958909,0.451008,0.00489664,0.734186,4.77065,470335,-1,1.56453e-09,1,0
0.000959467,0.450794,0.00447907,0.734371,4.77127,469837,-1,2.48125e-10,1,0
0.000959976,0.450387,0.00428255,0.734763,4.76971,469165,-1,3.01538e-10,1,0
0.000960179,0.450322,0.00419653,0.734986,4.77101,468998,-1,5.83674e-10,1,0
0.00096077,0.45067,0.00367737,0.735429,4.77103,469071,-1,5.83674e-10,1,0
0.000961152,0.450845,0.00369953,0.735574,4.76928,469067,-1,2.16807e-10,1,0
0.000962232,0.451776,0.00265432,0.73556,4.76845,469509,-1,1.40023e-09,1,0
0.000962632,0.452016,0.00231274,0.735437,4.7693,469562,-1,4.01047e-10,1,0
0.00096301,0.452041,0.00254859,0.735683,4.77126,469405,-1,3.49928e-10,1,0
0.000963492,0.45214,0.00268009,0.735155,4.76849,469272,-1,5.7427e-10,1,0
0.000964044,0.452121,0.0030031,0.734987,4.76799,468984,-1,5.22575e-10,1,0
0.000964595,0.452321,0.00243879,0.735196,4.76598,468923,-1,9.31276e-11,1,0
0.000966171,0.450958,0.00260714,0.73382,4.76548,466748,-1,1.05768e-09,1,0
0.000966986,0.450482,0.0026716,0.7344,4.76648,465862,-1,6.48837e-10,1,0
0.000967751,0.450883,0.00292152,0.7337,4.76617,465908,-1,3.98544e-10,1,0
0.000967884,0.450944,0.00293005,0.733766,4.76674,465907,-1,3.44005e-11,1,0
0.000968407,0.45097,0.00304835,0.733659,4.76886,465682,-1,3.92409e-10,1,0
0.000969448,0.450166,0.00362673,0.734338,4.76895,464353,-1,2.4468e-10,1,0
0.000970196,0.450501,0.00298222,0.734291,4.77071,464340,-1,1.67501e-10,1,0
0.000971177,0.45127,0.0019702,0.734343,4.77174,464663,-1,2.01043e-09,1,0
0.00097195,0.451515,0.00099905,0.734308,4.77175,464545,-1,2.01043e-09,1,0
0.000972492,0.451708,0.000926031,0.734609,4.77085,464485,-1,1.30466e-09,1,0
0.000973042,0.451866,0.00105382,0.735032,4.77146,464385,-1,1.16221e-10,1,0
0.000973519,0.452084,0.00157271,0.734794,4.7716,464381,-1,8.27919e-11,1,0
0.000973937,0.452293,0.0020377,0.734613,4.77161,464396,-1,8.27919e-11,1,0
0.000974608,0.452194,0.0025469,0.734517,4.76831,463975,-1,1.62338e-09,1,0
0.000975591,0.451454,0.00258212,0.734351,4.76727,462749,-1,2.33477e-10,1,0
0.000976236,0.451278,0.00292974,0.734556,4.76782,462263,-1,5.86189e-10,1,0
0.000976834,0.451852,0.00244191,0.734733,4.7649,462568,-1,9.06485e-10,1,0
0.000977847,0.450758,0.0019827,0.734913,4.76359,460969,-1,9.88198e-10,1,0
0.000978062,0.450648,0.002045,0.734954,4.7681,460756,-1,1.6348e-10,1,0
0.000978846,0.451072,0.00255923,0.73572,4.76645,460820,-1,1.12413e-09,1,0
0.000979796,0.450864,0.00325987,0.734798,4.76576,460162,-1,1.36465e-10,1,0
0.000980369,0.450909,0.00330202,0.734928,4.76304,459938,-1,5.4825e-11,1,0
0.00098077,0.450787,0.00367372,0.73485,4.76366,459625,-1,7.08516e-11,1,0
0.00098123,0.450564,0.00421867,0.734779,4.76687,459183,-1,2.38747e-11,1,0
0.000982147,0.450717,0.00344041,0.735665,4.76792,458910,-1,1.1891e-09,1,0
0.000983155,0.451165,0.00376441,0.736747,4.76896,458895,-1,1.73358e-10,1,0
0.00098409,0.451415,0.0044153,0.737065,4.76802,458713,-1,3.7565e-10,1,0
0.000984262,0.451507,0.00437314,0.736866,4.76963,458726,-1,2.2329e-10,1,0
0.000985198,0.450617,0.00440321,0.736718,4.76718,457387,-1,2.24698e-10,1,0
0.000985963,0.450418,0.00450749,0.736768,4.76357,456830,-1,4.32402e-10,1,0
0.000986732,0.450549,0.00448916,0.735781,4.76345,456607,-1,9.9588e-10,1,0
0.000986926,0.450588,0.00442503,0.735908,4.75847,456557,-1,7.95701e-11,1,0
0.000987869,0.450549,0.0032806,0.735536,4.75973,456082,-1,1.19853e-09,1,0
0.000988555,0.449796,0.00360704,0.735364,4.75938,455003,-1,6.62072e-10,1,0
0.000989603,0.448927,0.00360884,0.735681,4.7614,453644,-1,4.91812e-10,1,0
0.000989951,0.448917,0.00389657,0.735356,4.76157,453475,-1,1.99314e-11,1,0
0.000990078,0.448984,0.00394406,0.735351,4.76225,453483,-1,6.2125e-11,1,0
0.000990854,0.448435,0.00320517,0.735505,4.76272,452575,-1,6.31544e-10,1,0
0.000991127,0.44826,0.00305617,0.735423,4.75935,452273,-1,1.90083e-10,1,0
0.000992103,0.44767,0.00228397,0.736219,4.75958,451233,-1,7.77366e-10,1,0
0.000992983,0.447314,0.00159455,0.736874,4.76237,450475,-1,1.7517e-10,1,0
0.000993548,0.447126,0.00170109,0.737495,4.75824,450030,-1,5.6673e-10,1,0
0.000994335,0.44777,0.00183026,0.737481,4.75769,450321,-1,3.41823e-10,1,0
0.000994852,0.448367,0.00184551,0.737783,4.75816,450687,-1,1.34638e-09,1,0
0.000995629,0.448451,0.00215645,0.738315,4.75852,450420,-1,3.93624e-10,1,0
0.00099675,0.448681,0.00223235,0.738052,4.76058,450144,-1,1.32589e-09,1,0
0.000997346,0.448381,0.0026308,0.737484,4.7619,449574,-1,7.41838e-10,1,0
0.000997496,0.448296,0.00256656,0.737349,4.76105,449421,-1,1.58264e-10,1,0
0.000998089,0.447577,0.00236209,0.737461,4.76138,448434,-1,4.94187e-11,1,0
0.000998721,0.447849,0.00239163,0.737906,4.75908,448423,-1,6.11024e-10,1,0
0.000999578,0.447606,0.00231525,0.738553,4.75843,447795,-1,7.49127e-10,1,0
0.000999973,0.447453,0.0023676,0.738593,4.75498,447465,-1,3.00064e-10,1,0
0.00100071,0.44801,0.00287439,0.738002,4.755,447691,-1,3.00064e-10,1,0
0.00100174,0.448542,0.00363857,0.737188,4.75504,447764,-1,2.09414e-09,1,0
0.00100219,0.448871,0.00385677,0.737364,4.75292,447889,-1,2.08341e-13,1,0
0.0010027,0.448907,0.00424131,0.736837,4.75292,447699,-1,2.08341e-13,1,0
0.00100329,0.448265,0.00424658,0.737089,4.75498,446797,-1,7.04071e-10,1,0
0.001004,0.447427,0.00421483,0.737469,4.75543,445646,-1,1.62943e-09,1,0
0.00100464,0.447058,0.00373562,0.73705,4.75531,444993,-1,1.36205e-10,1,0
0.00100541,0.447427,0.00372883,0.737833,4.75673,445020,-1,2.95956e-10,1,0
0.00100649,0.447082,0.00355976,0.738618,4.7539,444200,-1,6.76434e-10,1,0
0.00100719,0.446331,0.00386373,0.738196,4.75386,443143,-1,6.76434e-10,1,0
0.00100754,0.44596,0.00401391,0.737988,4.75385,442622,-1,6.76434e-10,1,0
0.00100777,0.44586,0.00404119,0.737803,4.75366,442423,-1,1.89545e-09,1,0
0.00100831,0.44605,0.00398511,0.73725,4.75546,442373,-1,5.93016e-11,1,0
0.00100875,0.446017,0.00363263,0.736891,4.7566,442146,-1,4.35871e-10,1,0
0.00100935,0.446369,0.00420816,0.737266,4.75769,442234,-1,7.7186e-10,1,0
0.00101026,0.446445,0.00530028,0.736858,4.75971,441912,-1,1.58257e-11,1,0
0.00101075,0.446387,0.00544281,0.736238,4.75971,441639,-1,1.58257e-11,1,0
0.001011,0.446347,0.00557875,0.736059,4.76419,441490,-1,9.67435e-11,1,0
0.00101162,0.445756,0.00580922,0.736484,4.76349,440635,-1,7.07588e-10,1,0
0.00101244,0.445586,0.00561867,0.736643,4.7643,440112,-1,4.24902e-10,1,0
0.00101291,0.445347,0.00555651,0.737178,4.76222,439673,-1,2.69571e-10,1,0
0.00101376,0.445128,0.00461377,0.737702,4.76321,439085,-1,6.50236e-11,1,0
0.00101403,0.444814,0.00467422,0.737554,4.7632,438658,-1,6.50236e-11,1,0
0.00101435,0.444454,0.00474352,0.737384,4.76318,438168,-1,6.50236e-11,1,0
0.00101529,0.444135,0.0041889,0.737364,4.76528,437447,-1,7.86617e-10,1,0
0.00101579,0.443873,0.00456525,0.737804,4.76404,436974,-1,3.44716e-10,1,0
0.00101605,0.444015,0.00438338,0.738061,4.76453,436999,-1,3.45423e-10,1,0
0.00101744,0.443942,0.00360154,0.737646,4.76324,436331,-1,9.8829e-10,1,0
0.00101895,0.444648,0.00357457,0.736447,4.76233,436379,-1,8.57391e-10,1,0
0.00101925,0.444582,0.00389172,0.736337,4.76182,436186,-1,2.19291e-10,1,0
0.00101953,0.444468,0.00366728,0.736518,4.76249,435954,-1,2.04516e-10,1,0
0.00102017,0.443893,0.00329051,0.736927,4.76145,435117,-1,6.50287e-10,1,0
0.00102102,0.443227,0.00357257,0.736569,4.7585,434103,-1,2.26819e-10,1,0
0.00102146,0.442753,0.0038607,0.736434,4.75858,433451,-1,1.44429e-09,1,0
0.00102214,0.441977,0.00418001,0.736234,4.75815,432404,-1,2.61597e-11,1,0
0.00102236,0.441916,0.00427356,0.736177,4.76397,432250,-1,1.68008e-10,1,0
0.00102307,0.441255,0.00396428,0.736679,4.76352,431306,-1,6.58677e-10,1,0
0.00102335,0.441043,0.00380072,0.73692,4.76317,430979,-1,6.59026e-10,1,0
0.0010249,0.439602,0.00361718,0.738267,4.76423,428924,-1,2.41236e-11,1,0
0.00102596,0.440283,0.00357452,0.737077,4.76414,429142,-1,1.29441e-09,1,0
0.00102682,0.439895,0.00354502,0.737892,4.76364,428404,-1,7.32551e-11,1,0
0.00102761,0.439459,0.00283204,0.737974,4.76527,427651,-1,2.56779e-10,1,0
0.00102863,0.438767,0.00244469,0.737359,4.76711,426554,-1,2.25684e-10,1,0
0.0010295,0.438384,0.00202496,0.736663,4.76528,425823,-1,1.62113e-10,1,0
0.00103074,0.437995,0.00265622,0.735338,4.76801,424932,-1,6.86706e-10,1,0
0.00103166,0.437046,0.00214596,0.735197,4.7688,423635,-1,2.41257e-10,1,0
0.00103247,0.436196,0.00153065,0.735205,4.76876,422479,-1,2.41257e-10,1,0
0.00103274,0.435989,0.00155245,0.73544,4.77068,422169,-1,2.05297e-09,1,0
0.00103286,0.436077,0.00148576,0.735461,4.7712,422205,-1,1.27539e-10,1,0
0.00103323,0.436084,0.00146884,0.735249,4.7721,422059,-1,2.93819e-10,1,0
0.00103421,0.435244,0.00112473,0.734763,4.77176,420845,-1,1.62508e-10,1,0
0.00103426,0.435222,0.00115342,0.734784,4.77182,420803,-1,3.8829e-11,1,0
0.00103491,0.435437,0.000989003,0.734191,4.77471,420747,-1,6.05635e-10,1,0
0.00103538,0.43533,0.00121592,0.734559,4.77278,420454,-1,3.28112e-10,1,0
0.0010366,0.433981,0.00118375,0.734642,4.77012,418658,-1,3.93905e-10,1,0
0.00103737,0.433089,0.00116362,0.734937,4.76994,417488,-1,2.12197e-09,1,0
0.00103866,0.432738,-0.000426397,0.734542,4.76992,416631,-1,2.12197e-09,1,0
0.00103971,0.432455,-0.00171316,0.734223,4.7671,415939,-1,3.09186e-09,1,0
0.00104006,0.432151,-0.00163388,0.734226,4.76561,415506,-1,2.3941e-11,1,0
0.00104029,0.432193,-0.00149617,0.73413,4.76731,415454,-1,5.99275e-11,1,0
0.00104091,0.432204,-0.000863339,0.733736,4.76666,415218,-1,6.91002e-10,1,0
0.00104203,0.431881,0.000505692,0.733535,4.76679,414461,-1,7.79755e-10,1,0
0.00104248,0.431769,0.00094784,0.733539,4.764,414176,-1,1.02588e-10,1,0
0.00104333,0.430727,0.00117788,0.733655,4.76364,412840,-1,9.45469e-10,1,0
0.00104355,0.430524,0.00137855,0.733661,4.76363,412558,-1,9.45469e-10,1,0
0.00104552,0.429214,0.00283641,0.733046,4.76201,410528,-1,5.72936e-10,1,0
0.00104645,0.428606,0.00241251,0.733918,4.76068,409581,-1,4.80038e-10,1,0
0.00104767,0.429942,0.00206987,0.733657,4.76136,410377,-1,9.93024e-11,1,0
0.00104885,0.431195,0.00199845,0.733565,4.76274,411113,-1,5.52407e-10,1,0
0.00104963,0.431049,0.00191474,0.734291,4.76863,410669,-1,1.44525e-10,1,0
0.00105003,0.431143,0.00197101,0.734744,4.7647,410600,-1,2.43679e-11,1,0
0.00105041,0.430897,0.00188411,0.734946,4.76657,410218,-1,8.03586e-11,1,0
0.00105083,0.431284,0.00221923,0.73513,4.76924,410422,-1,5.44111e-10,1,0
0.00105194,0.431392,0.00192515,0.736529,4.76838,410094,-1,1.43309e-09,1,0
0.00105243,0.431078,0.00154978,0.736116,4.76836,409602,-1,1.43309e-09,1,0
0.00105286,0.430703,0.0014852,0.735969,4.76618,409079,-1,2.57929e-10,1,0
0.00105308,0.430896,0.00141007,0.735777,4.76207,409176,-1,2.06212e-11,1,0
0.00105328,0.430844,0.00135916,0.735947,4.76366,409049,-1,9.77177e-11,1,0
0.00105457,0.430033,0.00264636,0.735266,4.7626,407782,-1,1.66652e-09,1,0
0.00105526,0.430878,0.00289678,0.735375,4.76202,408314,-1,2.39456e-10,1,0
0.00105631,0.432205,0.00320194,0.735441,4.76208,409163,-1,2.39456e-10,1,0
0.00105681,0.432412,0.00279108,0.7355,4.76088,409166,-1,5.52983e-11,1,0
0.00105797,0.432429,0.00130253,0.735683,4.76088,408735,-1,5.52983e-11,1,0
0.00105872,0.432018,0.00178539,0.735159,4.76015,408056,-1,1.99296e-09,1,0
0.00105916,0.432305,0.00216094,0.735359,4.76028,408156,-1,2.1643e-10,1,0
0.00105972,0.432277,0.00147857,0.735262,4.75856,407918,-1,7.00072e-10,1,0
0.00106069,0.432549,0.000819787,0.736186,4.75847,407801,-1,4.39695e-10,1,0
0.00106221,0.43439,0.00134577,0.735903,4.75958,408950,-1,1.09303e-09,1,0
0.00106272,0.434094,0.00130268,0.736354,4.75443,408475,-1,4.20124e-10,1,0
0.00106319,0.434189,0.000836316,0.735982,4.75448,408385,-1,6.04105e-10,1,0
0.0010638,0.434682,0.000309166,0.735655,4.75435,408612,-1,8.64431e-11,1,0
0.00106499,0.43483,0.000990973,0.735783,4.75452,408297,-1,5.41807e-10,1,0
0.00106535,0.43481,0.00144124,0.735654,4.75452,408139,-1,5.41807e-10,1,0
0.00106604,0.434183,0.00168266,0.735335,4.75553,407287,-1,6.68663e-10,1,0
0.00106623,0.433998,0.00167027,0.73517,4.75774,407040,-1,2.48278e-10,1,0
0.00106645,0.433925,0.00156892,0.734918,4.75738,406887,-1,9.15561e-11,1,0
0.00106658,0.433895,0.00152544,0.734774,4.75632,406811,-1,4.38936e-11,1,0
0.00106688,0.434103,0.00122288,0.734895,4.75697,406889,-1,4.87135e-11,1,0
0.00106781,0.434812,0.000345882,0.735306,4.757,407200,-1,4.87135e-11,1,0
0.00106825,0.435148,-6.91397e-05,0.735501,4.75702,407346,-1,4.87135e-11,1,0
0.00106932,0.435859,-0.000950335,0.735967,4.75966,407604,-1,8.84159e-11,1,0
0.00107021,0.436405,-0.00109499,0.735225,4.76071,407775,-1,2.43742e-10,1,0
0.00107089,0.43683,-0.00144346,0.734545,4.7603,407915,-1,1.78378e-09,1,0
0.00107117,0.436983,-0.00137158,0.734386,4.75895,407948,-1,7.51193e-11,1,0
0.00107209,0.436715,-0.00108958,0.733259,4.75894,407348,-1,7.51193e-11,1,0
0.00107378,0.436568,-0.000726357,0.733403,4.75457,406571,-1,9.88142e-10,1,0
0.00107471,0.436397,0.000314644,0.732819,4.75448,406060,-1,1.20562e-09,1,0
0.00107538,0.436488,0.000267568,0.733082,4.75608,405893,-1,3.63808e-10,1,0
0.0010758,0.436109,-3.74857e-06,0.732812,4.75799,405381,-1,2.89131e-10,1,0
0.00107654,0.435886,-0.000309773,0.733115,4.75975,404896,-1,5.93209e-10,1,0
0.00107686,0.436001,-0.000405097,0.733396,4.75963,404881,-1,5.27111e-10,1,0
0.00107752,0.43609,-0.000984975,0.732804,4.75797,404716,-1,8.31016e-10,1,0
0.00107842,0.435749,-0.00111091,0.732034,4.75224,404064,-1,1.11638e-10,1,0
0.00107904,0.435635,-0.00122573,0.731282,4.75187,403726,-1,1.6455e-09,1,0
0.00107981,0.436098,-0.000995433,0.730422,4.75295,403865,-1,1.11052e-09,1,0
0.00108041,0.436035,-0.00124839,0.730021,4.75207,403583,-1,4.9181e-10,1,0
0.00108167,0.435469,-0.00225299,0.730727,4.7509,402591,-1,1.4848e-09,1,0
0.0010821,0.435203,-0.00242077,0.73119,4.75233,402184,-1,5.59679e-10,1,0
0.00108299,0.43514,-0.00343605,0.731253,4.75107,401794,-1,1.30394e-10,1,0
0.00108504,0.434727,-0.00604263,0.731194,4.75105,400657,-1,1.30394e-10,1,0
0.00108575,0.434359,-0.00652856,0.730579,4.74727,400054,-1,6.90883e-10,1,0
0.00108626,0.434702,-0.00640439,0.730362,4.74552,400184,-1,2.87906e-10,1,0
0.00108695,0.434669,-0.00660295,0.729746,4.74243,399898,-1,3.49264e-10,1,0
0.00108715,0.434524,-0.00640173,0.729825,4.74242,399690,-1,3.49264e-10,1,0
0.00108803,0.433924,-0.00578217,0.730184,4.74581,398817,-1,1.23564e-09,1,0
0.00108862,0.43365,-0.00643258,0.73048,4.74549,398349,-1,9.20764e-10,1,0
0.00108899,0.433205,-0.00662324,0.730487,4.74547,397803,-1,9.20764e-10,1,0
0.00108951,0.432802,-0.00659126,0.730476,4.74648,397244,-1,9.41476e-10,1,0
0.00109049,0.432753,-0.00542652,0.730197,4.74688,396844,-1,1.11547e-09,1,0
0.00109083,0.432742,-0.00541417,0.729847,4.74461,396710,-1,2.77126e-10,1,0
0.00109173,0.432925,-0.00596762,0.729813,4.74228,396549,-1,4.79136e-10,1,0
0.00109246,0.432942,-0.00592063,0.729915,4.7457,396301,-1,4.37015e-10,1,0
0.00109373,0.432767,-0.00652993,0.730079,4.7444,395680,-1,5.14596e-10,1,0
0.00109501,0.432637,-0.00817338,0.730198,4.74609,395099,-1,1.77508e-09,1,0
0.00109539,0.432276,-0.00844029,0.730384,4.74617,394631,-1,4.90041e-10,1,0
0.00109611,0.432417,-0.0080983,0.730576,4.74557,394502,-1,4.94331e-10,1,0
0.00109634,0.432604,-0.00808445,0.730475,4.74981,394588,-1,2.3739e-11,1,0
0.00109659,0.432758,-0.008319,0.730634,4.7448,394639,-1,3.22817e-10,1,0
0.00109742,0.432272,-0.00776361,0.729941,4.74249,393900,-1,1.00922e-09,1,0
0.00109852,0.432167,-0.00672893,0.730727,4.74136,393409,-1,7.01859e-10,1,0
0.00109863,0.432185,-0.00660635,0.730781,4.74208,393384,-1,2.00463e-11,1,0
0.00109982,0.432249,-0.00697131,0.732205,4.74223,393017,-1,1.00582e-09,1,0
0.0011008,0.432468,-0.00674945,0.733213,4.74354,392866,-1,1.65091e-09,1,0
0.00110186,0.433357,-0.00620887,0.732336,4.74358,393298,-1,1.65091e-09,1,0
0.00110304,0.433709,-0.00555155,0.731599,4.74269,393195,-1,4.47411e-10,1,0
0.00110389,0.434129,-0.00610149,0.730915,4.74117,393273,-1,9.49081e-11,1,0
0.00110417,0.434305,-0.00633652,0.731102,4.7417,393333,-1,3.82392e-11,1,0
0.001105,0.434645,-0.00725863,0.730938,4.74115,393344,-1,1.02338e-09,1,0
0.00110557,0.435119,-0.00674887,0.73118,4.74117,393569,-1,1.02338e-09,1,0
0.00110644,0.43584,-0.00597242,0.731549,4.74027,393912,-1,1.91287e-09,1,0
0.00110714,0.435854,-0.00620814,0.731863,4.73605,393676,-1,4.56506e-10,1,0
0.00110801,0.436184,-0.00583977,0.732136,4.73399,393666,-1,3.24989e-10,1,0
0.00110851,0.436387,-0.00537095,0.731949,4.73394,393669,-1,3.20776e-10,1,0
0.00110966,0.437242,-0.00493661,0.730857,4.73369,394033,-1,6.30623e-10,1,0
0.00111039,0.437223,-0.00542911,0.730161,4.73562,393757,-1,1.3365e-09,1,0
0.00111149,0.437038,-0.00638923,0.729128,4.73402,393201,-1,2.20981e-09,1,0
0.00111174,0.436757,-0.00625012,0.729067,4.73401,392860,-1,2.20981e-09,1,0
0.00111265,0.4371,-0.00537605,0.728592,4.73369,392846,-1,1.00573e-09,1,0
0.00111324,0.437823,-0.00517319,0.728452,4.73169,393287,-1,7.64366e-10,1,0
0.00111387,0.437929,-0.00528075,0.728015,4.73121,393159,-1,4.37912e-11,1,0
0.00111439,0.437972,-0.00495387,0.72853,4.73245,393017,-1,6.29458e-11,1,0
0.00111553,0.438559,-0.0040526,0.728209,4.73029,393140,-1,1.09933e-10,1,0
0.00111629,0.43915,-0.00333926,0.728517,4.72984,393400,-1,9.51786e-10,1,0
0.0011173,0.438988,-0.00379657,0.728169,4.73181,392902,-1,6.18419e-10,1,0
0.00111939,0.438853,-0.00330359,0.729122,4.72844,392045,-1,1.00557e-09,1,0
0.00112027,0.438566,-0.00275645,0.729217,4.72929,391482,-1,5.09305e-10,1,0
0.00112037,0.438453,-0.00271828,0.729182,4.72659,391348,-1,2.34411e-12,1,0
0.00112116,0.437886,-0.00225916,0.729904,4.7266,390565,-1,1.02652e-09,1,0
0.00112219,0.436896,-0.00295265,0.729353,4.72536,389324,-1,1.32843e-09,1,0
0.00112263,0.436741,-0.00309225,0.72945,4.72079,389032,-1,1.48052e-10,1,0
0.00112386,0.437041,-0.00167448,0.728817,4.71947,388875,-1,1.58135e-09,1,0
0.00112446,0.436788,-0.00127391,0.729158,4.71788,388441,-1,1.96129e-10,1,0
0.00112556,0.435904,-0.00160861,0.729891,4.71585,387277,-1,5.25992e-10,1,0
0.0011266,0.436134,-0.00209057,0.729119,4.7168,387125,-1,3.38183e-10,1,0
0.00112746,0.436149,-0.00255739,0.729,4.71636,386843,-1,2.8075e-10,1,0
0.00112829,0.436062,-0.00303611,0.729059,4.72198,386481,-1,2.78327e-10,1,0
0.00112952,0.435888,-0.00224041,0.728557,4.72127,385905,-1,6.5746e-11,1,0
0.00112989,0.435717,-0.00235525,0.72877,4.72181,385627,-1,9.60944e-13,1,0
0.00113019,0.435679,-0.00231885,0.729118,4.72187,385491,-1,4.6123e-10,1,0
0.00113133,0.43515,-0.00205194,0.730147,4.72401,384636,-1,2.27761e-10,1,0
0.00113173,0.435315,-0.00176692,0.729752,4.72524,384645,-1,5.22582e-12,1,0
0.00113205,0.435291,-0.00155171,0.72944,4.7261,384516,-1,7.11782e-10,1,0
0.00113327,0.434626,-0.00076279,0.728252,4.72607,383515,-1,7.11782e-10,1,0
0.00113416,0.434407,-0.000347766,0.727693,4.72475,383021,-1,2.6444e-10,1,0
0.00113498,0.433553,-7.3623e-05,0.72729,4.72543,381993,-1,1.04092e-09,1,0
0.00113551,0.432942,-4.79709e-05,0.727105,4.72656,381275,-1,3.90628e-11,1,0
0.00113684,0.432927,-0.00173958,0.727349,4.72656,380817,-1,3.90628e-11,1,0
0.00113783,0.433726,-0.00204337,0.727996,4.72675,381186,-1,1.99149e-09,1,0
0.0011383,0.433886,-0.00228212,0.728391,4.725,381171,-1,1.26777e-09,1,0
0.00113899,0.43454,-0.00255163,0.72851,4.72464,381514,-1,6.95218e-10,1,0
0.00113927,0.434887,-0.00265922,0.728514,4.72549,381724,-1,3.63256e-10,1,0
0.00114034,0.434677,-0.00244656,0.729822,4.72616,381182,-1,1.20711e-09,1,0
0.001141,0.43435,-0.00206357,0.729289,4.72559,380674,-1,6.03406e-10,1,0
0.00114193,0.433383,-0.00266006,0.72921,4.72579,379517,-1,1.00569e-09,1,0
0.00114256,0.433289,-0.00252889,0.729036,4.72379,379226,-1,1.15443e-10,1,0
0.00114378,0.433971,-0.00161718,0.728939,4.72124,379418,-1,1.00542e-09,1,0
0.00114395,0.433923,-0.00160169,0.728808,4.72043,379319,-1,1.12102e-10,1,0
0.00114437,0.433675,-0.0015395,0.728333,4.71992,378964,-1,5.39128e-10,1,0
0.00114546,0.433921,-0.00257729,0.727713,4.71858,378818,-1,1.31558e-09,1,0
0.00114649,0.434684,-0.0017874,0.727898,4.71914,379144,-1,6.25342e-10,1,0
0.00114692,0.434201,-0.00176299,0.727618,4.72158,378579,-1,5.59077e-10,1,0
0.00114778,0.434547,-0.00243132,0.726804,4.72305,378597,-1,1.10913e-09,1,0
0.00114889,0.433925,-0.00213627,0.72635,4.72126,377691,-1,4.53592e-10,1,0
0.00115005,0.433207,-0.00174646,0.727572,4.72204,376684,-1,1.46876e-09,1,0
0.0011506,0.433471,-0.00175926,0.727655,4.7218,376734,-1,3.66713e-10,1,0
0.00115151,0.433793,-0.00273711,0.727349,4.72216,376716,-1,1.40056e-10,1,0
0.001152,0.433684,-0.00273256,0.726844,4.72384,376462,-1,1.16849e-09,1,0
0.00115258,0.43373,-0.00240911,0.726467,4.72533,376313,-1,3.92534e-10,1,0
0.00115325,0.4339,-0.00196365,0.727039,4.7259,376240,-1,9.26264e-11,1,0
0.00115419,0.433172,-0.00200698,0.727265,4.72488,375304,-1,5.51393e-10,1,0
0.00115601,0.43218,-0.000298798,0.72791,4.7239,373855,-1,1.64898e-09,1,0
0.00115614,0.43217,-0.000222156,0.727935,4.72576,373805,-1,4.39724e-11,1,0
0.00115699,0.431909,-0.000114521,0.726998,4.72777,373306,-1,1.03239e-09,1,0
0.00115759,0.432346,-0.000218479,0.727588,4.72699,373488,-1,4.63925e-10,1,0
0.00115806,0.432628,-0.00064085,0.72789,4.72786,373580,-1,5.09185e-10,1,0
0.00115954,0.433542,-0.002117,0.728685,4.7284,373891,-1,2.38523e-09,1,0
0.00115991,0.433333,-0.00233848,0.728446,4.72539,373592,-1,2.64385e-10,1,0
0.00116091,0.433078,-0.00357533,0.728225,4.72422,373051,-1,9.8547e-12,1,0
0.00116149,0.432693,-0.00354673,0.727579,4.72633,372532,-1,7.52642e-10,1,0
0.00116291,0.43307,-0.00528878,0.727998,4.72182,372401,-1,1.8311e-09,1,0
0.00116361,0.433313,-0.00612986,0.72807,4.72092,372387,-1,8.90137e-10,1,0
0.00116395,0.433045,-0.00608716,0.728412,4.72091,372048,-1,8.90137e-10,1,0
0.00116469,0.432881,-0.0061425,0.728269,4.72204,371671,-1,2.82179e-10,1,0
0.00116625,0.433472,-0.00654301,0.728886,4.72198,371679,-1,8.9278e-10,1,0
0.00116679,0.433659,-0.00654453,0.729458,4.72262,371669,-1,5.42003e-11,1,0
0.0011669,0.433678,-0.0064867,0.729587,4.72234,371650,-1,3.09932e-10,1,0
0.00116774,0.434109,-0.00578969,0.729928,4.72163,371751,-1,6.25841e-10,1,0
0.00116861,0.434542,-0.00536187,0.730239,4.7212,371844,-1,4.31518e-10,1,0
0.00116966,0.435221,-0.00590802,0.73115,4.72158,372092,-1,3.70693e-11,1,0
0.00117015,0.435347,-0.00592809,0.73058,4.72022,372044,-1,3.44787e-10,1,0
0.00117078,0.435162,-0.00581084,0.730339,4.71962,371686,-1,1.04999e-09,1,0
0.00117183,0.434165,-0.00536797,0.73115,4.72153,370500,-1,1.71444e-09,1,0
0.00117258,0.434417,-0.00552086,0.731484,4.72033,370480,-1,3.55042e-10,1,0
0.00117323,0.434633,-0.0048381,0.731546,4.71834,370459,-1,4.72863e-10,1,0
0.00117393,0.435134,-0.00502045,0.731673,4.72003,370664,-1,3.00559e-10,1,0
0.001175,0.436064,-0.00536163,0.732378,4.71923,371119,-1,1.80592e-10,1,0
0.0011754,0.436068,-0.00515792,0.732224,4.7165,370995,-1,3.24668e-10,1,0
0.00117692,0.435793,-0.00664866,0.731223,4.71846,370281,-1,9.29548e-10,1,0
0.00117739,0.43607,-0.00685536,0.730946,4.71519,370370,-1,1.70166e-10,1,0
0.00117787,0.436087,-0.00670257,0.73053,4.71606,370234,-1,2.90456e-10,1,0
0.00117851,0.435272,-0.00686635,0.730464,4.71783,369340,-1,8.33311e-10,1,0
0.00117912,0.434692,-0.00643177,0.73076,4.71721,368658,-1,7.82859e-10,1,0
0.0011799,0.434585,-0.00722939,0.730746,4.71547,368323,-1,2.0132e-10,1,0
0.00118046,0.433977,-0.00699543,0.731036,4.71439,367632,-1,7.14767e-10,1,0
0.00118067,0.433875,-0.00677075,0.731133,4.71439,367482,-1,7.14767e-10,1,0
0.00118151,0.43346,-0.00585395,0.731531,4.71437,366869,-1,7.14767e-10,1,0
0.00118204,0.433197,-0.00527382,0.731782,4.71436,366482,-1,7.14767e-10,1,0
0.00118227,0.43316,-0.00507137,0.731881,4.71475,366379,-1,2.27187e-09,1,0
0.00118316,0.433194,-0.00513244,0.731713,4.71115,366134,-1,5.69553e-10,1,0
0.00118402,0.433312,-0.00414774,0.731727,4.7088,365966,-1,1.48728e-09,1,0
0.0011853,0.43197,-0.00433805,0.732661,4.70873,364439,-1,1.48728e-09,1,0
0.0011856,0.431659,-0.00438216,0.732878,4.70871,364085,-1,1.48728e-09,1,0
0.00118616,0.431583,-0.00468903,0.733172,4.71007,363850,-1,6.10466e-11,1,0
0.00118664,0.431763,-0.00459496,0.733284,4.70712,363853,-1,2.48619e-10,1,0
0.00118752,0.432249,-0.0048074,0.733736,4.70798,363992,-1,3.15297e-10,1,0
0.00118773,0.432112,-0.00483861,0.733835,4.70759,363814,-1,5.22302e-11,1,0
0.00118819,0.431574,-0.00491126,0.734086,4.70701,363220,-1,8.05981e-10,1,0
0.00118937,0.430182,-0.00454116,0.733758,4.70758,361691,-1,1.45876e-09,1,0
0.00119008,0.430832,-0.00392557,0.733585,4.70959,362021,-1,6.72041e-11,1,0
0.00119126,0.429309,-0.00400071,0.733575,4.70963,360382,-1,1.5249e-09,1,0
0.00119202,0.429137,-0.00329275,0.734094,4.71026,360007,-1,3.80643e-10,1,0
0.00119244,0.42905,-0.00290175,0.734347,4.71041,359810,-1,9.8415e-10,1,0
0.00119423,0.430784,-0.0037355,0.73508,4.7105,360722,-1,4.4665e-10,1,0
0.00119523,0.431244,-0.00327198,0.735231,4.71395,360805,-1,2.667e-10,1,0
0.00119612,0.431412,-0.00347282,0.735644,4.71324,360677,-1,7.13067e-10,1,0
0.00119635,0.431551,-0.00365089,0.735788,4.71319,360724,-1,1.5993e-10,1,0
0.00119686,0.431793,-0.00425239,0.735898,4.71371,360772,-1,7.92726e-10,1,0
0.00119736,0.431329,-0.00436431,0.735682,4.71577,360234,-1,2.11063e-10,1,0
0.00119766,0.431144,-0.00421619,0.735572,4.7143,359989,-1,1.90237e-11,1,0
0.00119856,0.431779,-0.00331632,0.735932,4.71434,360248,-1,1.90237e-11,1,0
0.00119918,0.432214,-0.00269923,0.736179,4.71299,360426,-1,2.05431e-09,1,0
0.00119954,0.432458,-0.00269945,0.735934,4.71385,360519,-1,9.18781e-11,1,0
0.00120034,0.432618,-0.00181848,0.735918,4.71437,360412,-1,9.32516e-10,1,0
0.00120116,0.432944,-0.00167558,0.736196,4.71318,360439,-1,5.94995e-10,1,0
0.00120167,0.433243,-0.00163282,0.736204,4.71395,360533,-1,1.79426e-10,1,0
0.00120209,0.433268,-0.00166447,0.73651,4.71581,360429,-1,2.15573e-10,1,0
0.00120272,0.43281,-0.00132044,0.736393,4.71714,359859,-1,4.60354e-10,1,0
0.00120369,0.432532,-0.000598641,0.735413,4.71591,359338,-1,1.2491e-09,1,0
0.00120516,0.431973,-0.00239961,0.735638,4.71575,358435,-1,1.8991e-09,1,0
0.00120631,0.431119,-0.00308596,0.736138,4.71312,357385,-1,9.32643e-10,1,0
0.00120665,0.431223,-0.0034861,0.735989,4.71239,357371,-1,4.39499e-10,1,0
0.00120753,0.430461,-0.00336592,0.735229,4.71255,356482,-1,1.38756e-10,1,0
0.00120801,0.429985,-0.00306838,0.735042,4.71276,355946,-1,4.58791e-10,1,0
0.00120858,0.429747,-0.00267125,0.735295,4.71349,355579,-1,3.74429e-10,1,0
0.00120907,0.429749,-0.00233731,0.735826,4.71579,355438,-1,1.05558e-09,1,0
0.00121045,0.429565,-0.00154142,0.735453,4.71575,354880,-1,3.88173e-10,1,0
0.00121205,0.430287,-0.00105661,0.735838,4.71699,355008,-1,6.35559e-10,1,0
0.00121281,0.430663,-0.0011468,0.736131,4.71626,355094,-1,2.52327e-10,1,0
0.00121321,0.430935,-0.00138275,0.736342,4.71542,355203,-1,5.57403e-10,1,0
0.00121414,0.431812,-0.00165339,0.735596,4.71591,355653,-1,1.96499e-10,1,0
0.00121545,0.433083,-0.00104333,0.73653,4.71595,356314,-1,1.69084e-09,1,0
0.00121651,0.432458,-0.00172224,0.737197,4.71369,355491,-1,3.55976e-10,1,0
0.00121775,0.431785,-0.00167228,0.736078,4.71287,354577,-1,1.23854e-09,1,0
0.00121805,0.431915,-0.00195701,0.735841,4.71287,354594,-1,1.23854e-09,1,0
0.00121831,0.431939,-0.00178134,0.735748,4.71569,354541,-1,8.34603e-10,1,0
0.00121903,0.431802,-0.00100167,0.735597,4.71618,354218,-1,1.04691e-09,1,0
0.00122004,0.430515,-0.00115517,0.735478,4.71441,352870,-1,1.42702e-09,1,0
0.00122037,0.430513,-0.00114643,0.735332,4.71476,352773,-1,2.32897e-10,1,0
0.00122122,0.430909,-0.000793272,0.734448,4.71502,352851,-1,2.82553e-11,1,0
0.0012225,0.430814,-0.00127043,0.7343,4.71154,352403,-1,7.69244e-10,1,0
0.00122336,0.430547,-0.000888531,0.735253,4.71286,351937,-1,2.07127e-11,1,0
0.00122356,0.430474,-0.000790956,0.735471,4.71286,351821,-1,2.07127e-11,1,0
0.0012243,0.430968,-0.000755833,0.736258,4.71091,352011,-1,1.3213e-09,1,0
0.00122497,0.431327,-0.000897137,0.736667,4.71491,352113,-1,1.91938e-10,1,0
0.00122543,0.431074,-0.000545711,0.736264,4.7149,351774,-1,1.91938e-10,1,0
0.00122608,0.430935,-0.000130937,0.735601,4.71551,351475,-1,3.92365e-10,1,0
0.00122639,0.430767,-6.05568e-05,0.735919,4.71568,351249,-1,2.77027e-10,1,0
0.00122663,0.43086,4.13903e-06,0.735625,4.7164,351254,-1,8.48936e-11,1,0
0.00122749,0.431729,3.17208e-05,0.735192,4.71575,351717,-1,7.90011e-10,1,0
0.00122808,0.431814,-0.000658661,0.735203,4.71526,351618,-1,6.51153e-10,1,0
0.00122869,0.431998,-0.000546966,0.735492,4.7187,351594,-1,4.2679e-10,1,0
0.00122925,0.432222,-0.000307183,0.735138,4.71816,351615,-1,4.29117e-10,1,0
0.00123005,0.432499,-0.000709871,0.734362,4.71855,351611,-1,1.1056e-09,1,0
0.0012305,0.432234,-0.00103273,0.733953,4.71854,351266,-1,1.1056e-09,1,0
0.00123115,0.431857,-0.00149102,0.733372,4.71852,350776,-1,1.1056e-09,1,0
0.00123136,0.43172,-0.0016872,0.733289,4.72347,350604,-1,4.01291e-11,1,0
0.00123227,0.431488,-0.00156749,0.732322,4.72147,350156,-1,8.38941e-10,1,0
0.00123311,0.431175,-0.00136261,0.731737,4.72089,349665,-1,5.30663e-10,1,0
0.00123355,0.430999,-0.00160909,0.731319,4.72182,349396,-1,3.21449e-10,1,0
0.00123443,0.431096,-0.00183878,0.730318,4.72408,349227,-1,1.76519e-10,1,0
0.00123536,0.432119,-0.00122355,0.73028,4.7248,349793,-1,1.19381e-09,1,0
0.00123596,0.432205,-0.000453742,0.730283,4.72493,349692,-1,4.29365e-10,1,0
0.00123657,0.432783,-9.32175e-05,0.729976,4.72516,349986,-1,7.03397e-10,1,0
0.00123717,0.43264,0.000536683,0.729555,4.72727,349700,-1,2.09831e-10,1,0
0.00123818,0.433066,-9.98051e-05,0.729561,4.72866,349760,-1,5.82852e-10,1,0
0.00123866,0.432487,2.0595e-05,0.72939,4.72863,349159,-1,5.82852e-10,1,0
0.00123959,0.431353,0.000256813,0.729053,4.72443,347980,-1,1.82151e-09,1,0
0.00124028,0.431518,0.00019409,0.729763,4.72537,347920,-1,5.91977e-10,1,0
0.0012409,0.431983,-0.000342074,0.730122,4.7254,348122,-1,5.91977e-10,1,0
0.00124197,0.432408,-0.00131466,0.730963,4.72525,348163,-1,1.52991e-09,1,0
0.00124298,0.433494,-0.00148808,0.731019,4.72657,348753,-1,1.04644e-09,1,0
0.00124416,0.433146,-0.0029495,0.730813,4.72656,348144,-1,1.04644e-09,1,0
0.00124511,0.432634,-0.0034277,0.731451,4.72242,347467,-1,1.02049e-10,1,0
0.00124619,0.433837,-0.00298009,0.731774,4.7234,348129,-1,3.92548e-10,1,0
0.00124703,0.434597,-0.0023605,0.732114,4.72353,348506,-1,1.6929e-09,1,0
0.0012475,0.434978,-0.00242413,0.732375,4.72065,348680,-1,4.34858e-10,1,0
0.00124832,0.43503,-0.00288444,0.731429,4.71893,348494,-1,1.05326e-09,1,0
0.00124937,0.434346,-0.00334726,0.732072,4.7151,347651,-1,1.18473e-09,1,0
0.00124973,0.434325,-0.00303769,0.732308,4.7128,347535,-1,1.56121e-10,1,0
0.00125044,0.434778,-0.00271127,0.732372,4.71359,347701,-1,4.73949e-10,1,0
0.00125058,0.434826,-0.00282299,0.732356,4.71069,347699,-1,4.84389e-12,1,0
0.0012511,0.435031,-0.00250119,0.732484,4.70971,347719,-1,4.6902e-10,1,0
0.00125197,0.435226,-0.00184319,0.732983,4.71053,347633,-1,1.28753e-10,1,0
0.00125261,0.435256,-0.00261243,0.733067,4.70815,347479,-1,7.88477e-10,1,0
0.00125296,0.435464,-0.0029132,0.732943,4.70965,347549,-1,3.00144e-10,1,0
0.00125382,0.435516,-0.00261419,0.733995,4.70954,347352,-1,9.81447e-10,1,0
0.00125402,0.435435,-0.00260064,0.734237,4.70954,347233,-1,9.81447e-10,1,0
0.0012547,0.434898,-0.00245847,0.734776,4.71096,346616,-1,4.23025e-10,1,0
0.00125517,0.434656,-0.00237729,0.735323,4.70689,346293,-1,6.0421e-10,1,0
0.00125614,0.434657,-0.00314629,0.735142,4.70943,346027,-1,1.09211e-10,1,0
0.00125669,0.434678,-0.00352628,0.735496,4.70839,345891,-1,4.71594e-10,1,0
0.00125713,0.434728,-0.00348125,0.735838,4.70977,345809,-1,3.13036e-10,1,0
0.0012578,0.434957,-0.00396471,0.735573,4.70904,345807,-1,2.06108e-10,1,0
0.00125856,0.434226,-0.00442832,0.736016,4.71069,345018,-1,9.72844e-10,1,0
0.00125916,0.434645,-0.00465647,0.736185,4.71029,345186,-1,1.33551e-10,1,0
0.00125964,0.434878,-0.00429878,0.735751,4.71044,345241,-1,6.82333e-10,1,0
0.00126076,0.435214,-0.00482919,0.735572,4.71056,345199,-1,1.00559e-09,1,0
0.00126102,0.435043,-0.00493655,0.735575,4.71012,344992,-1,1.73054e-10,1,0
0.00126125,0.43477,-0.00489705,0.735621,4.71085,344714,-1,4.6768e-10,1,0
0.00126295,0.43492,-0.00571502,0.737163,4.71087,344369,-1,1.53716e-09,1,0
0.00126354,0.435348,-0.0060477,0.73702,4.70746,344547,-1,2.54361e-10,1,0
0.00126446,0.435268,-0.00615588,0.738102,4.70776,344233,-1,1.90292e-10,1,0
0.00126524,0.435258,-0.00590413,0.738898,4.70713,344012,-1,2.45374e-10,1,0
0.00126626,0.436231,-0.00503963,0.739045,4.70829,344504,-1,1.30974e-09,1,0
0.00126744,0.435738,-0.004328,0.739022,4.70733,343793,-1,2.24875e-10,1,0
0.00126749,0.435728,-0.00437758,0.738993,4.70755,343773,-1,4.54407e-11,1,0
0.00126836,0.435616,-0.00502666,0.739265,4.7051,343450,-1,4.29647e-10,1,0
0.0012687,0.435462,-0.00473345,0.739395,4.70764,343235,-1,1.36628e-10,1,0
0.00126977,0.436021,-0.00584424,0.73879,4.70766,343385,-1,1.36628e-10,1,0
0.00127,0.43614,-0.00608141,0.738661,4.70767,343417,-1,1.36628e-10,1,0
0.00127118,0.437126,-0.00630341,0.739045,4.70935,343874,-1,2.18985e-09,1,0
0.00127154,0.437342,-0.00638509,0.738939,4.70873,343947,-1,2.67187e-10,1,0
0.00127214,0.436822,-0.00643765,0.739013,4.70889,343376,-1,4.39969e-10,1,0
0.00127293,0.43618,-0.00684977,0.73969,4.70886,342657,-1,4.39969e-10,1,0
0.001274,0.435802,-0.00755358,0.740564,4.70895,342074,-1,2.33867e-09,1,0
0.00127493,0.43626,-0.00840945,0.741265,4.70897,342184,-1,2.33867e-09,1,0
0.0012758,0.436659,-0.00920657,0.7419,4.70643,342264,-1,2.54202e-11,1,0
0.00127589,0.436617,-0.00910225,0.741928,4.70581,342205,-1,5.14151e-11,1,0
0.00127636,0.436269,-0.00869384,0.742037,4.70471,341806,-1,1.68967e-10,1,0
0.00127695,0.436206,-0.0084836,0.742219,4.7021,341599,-1,9.97932e-11,1,0
0.00127765,0.436598,-0.0076841,0.742333,4.70212,341720,-1,9.97932e-11,1,0
0.00127858,0.437176,-0.00737524,0.742991,4.70563,341922,-1,2.42837e-10,1,0
0.00127876,0.436981,-0.00744173,0.743003,4.70596,341723,-1,1.04617e-11,1,0
0.00127976,0.43597,-0.00784741,0.743116,4.7033,340666,-1,1.37867e-09,1,0
0.00128007,0.436283,-0.00801935,0.743292,4.70412,340828,-1,5.19557e-10,1,0
0.00128063,0.435914,-0.00825946,0.743191,4.7048,340389,-1,2.10017e-10,1,0
0.00128129,0.436409,-0.00863083,0.743415,4.70401,340602,-1,5.77441e-10,1,0
0.00128255,0.437313,-0.00786603,0.743838,4.70006,340970,-1,6.25357e-10,1,0
0.00128332,0.437582,-0.00720172,0.743968,4.69942,340977,-1,4.39121e-10,1,0
0.00128397,0.437386,-0.00679952,0.744672,4.69941,340653,-1,4.39121e-10,1,0
0.00128443,0.437253,-0.00653296,0.745143,4.70111,340426,-1,1.53928e-09,1,0
0.00128487,0.43727,-0.00682601,0.744826,4.70321,340322,-1,5.01579e-10,1,0
0.00128521,0.437094,-0.006686,0.745033,4.70222,340095,-1,2.68919e-10,1,0
0.00128552,0.437041,-0.00700044,0.744932,4.70165,339972,-1,2.34336e-10,1,0
0.00128638,0.437184,-0.00807795,0.744761,4.70117,339857,-1,1.1003e-09,1,0
0.00128712,0.437445,-0.00784406,0.745646,4.70118,339864,-1,1.1003e-09,1,0
0.00128832,0.437879,-0.00839697,0.745823,4.70501,339885,-1,8.7837e-10,1,0
0.00128883,0.437634,-0.00864241,0.746383,4.70604,339559,-1,6.58844e-10,1,0
0.00128906,0.437426,-0.00844034,0.746296,4.70603,339337,-1,6.58844e-10,1,0
0.00128949,0.437102,-0.00850271,0.746084,4.70715,338973,-1,2.7188e-10,1,0
0.00128961,0.436982,-0.00841327,0.746027,4.7051,338847,-1,4.35402e-10,1,0
0.00129036,0.437468,-0.0086417,0.745609,4.70154,339029,-1,6.00308e-10,1,0
0.00129253,0.438115,-0.00824955,0.745686,4.70183,338959,-1,7.85903e-10,1,0
0.00129357,0.438093,-0.00759566,0.745337,4.70234,338671,-1,4.6112e-10,1,0
0.00129451,0.439107,-0.00737389,0.745033,4.7008,339208,-1,6.62899e-10,1,0
0.00129564,0.438926,-0.00670155,0.745678,4.70217,338771,-1,1.15661e-09,1,0
0.00129655,0.439767,-0.00650561,0.74491,4.70156,339184,-1,2.94432e-10,1,0
0.00129701,0.439822,-0.00655845,0.74532,4.69747,339105,-1,1.31693e-10,1,0
0.00129787,0.439112,-0.00621811,0.745589,4.70187,338334,-1,7.57094e-10,1,0
0.00129885,0.439241,-0.00567275,0.745835,4.70069,338177,-1,3.34722e-10,1,0
0.00129998,0.440421,-0.00646659,0.746121,4.69799,338791,-1,2.21494e-12,1,0
0.00130087,0.441357,-0.00709447,0.746346,4.69852,339277,-1,2.59909e-09,1,0
0.00130195,0.441602,-0.00634622,0.747268,4.69881,339186,-1,1.28232e-09,1,0
0.00130266,0.441355,-0.00718832,0.747118,4.69822,338811,-1,7.9152e-10,1,0
0.00130365,0.440948,-0.00776534,0.748073,4.69938,338242,-1,6.92656e-10,1,0
0.0013037,0.440951,-0.00777748,0.748075,4.69303,338231,-1,4.20835e-12,1,0
0.0013049,0.440889,-0.00809565,0.748343,4.69053,337871,-1,8.98638e-10,1,0
0.00130576,0.440792,-0.00807239,0.747563,4.69327,337575,-1,2.91388e-10,1,0
0.00130625,0.440895,-0.00782786,0.74808,4.69363,337527,-1,3.21354e-10,1,0
0.001307,0.440766,-0.0072687,0.747959,4.69599,337234,-1,5.1295e-10,1,0
0.00130765,0.440317,-0.00740322,0.748345,4.69199,336723,-1,1.23438e-10,1,0
0.00130898,0.441781,-0.00782624,0.747824,4.69265,337501,-1,1.2455e-09,1,0
0.00131009,0.442568,-0.00868129,0.747002,4.69073,337816,-1,1.88253e-09,1,0
0.00131062,0.442551,-0.00881736,0.74761,4.69283,337666,-1,3.22801e-11,1,0
0.00131099,0.442512,-0.00874584,0.747327,4.6956,337540,-1,5.902e-11,1,0
0.00131174,0.442272,-0.00926869,0.747636,4.6973,337165,-1,1.23743e-10,1,0
0.00131265,0.442078,-0.0093355,0.748293,4.69987,336783,-1,3.34023e-10,1,0
0.0013138,0.442407,-0.00887924,0.747941,4.70196,336739,-1,4.72692e-10,1,0
0.0013142,0.442863,-0.00867613,0.747821,4.70095,336983,-1,5.12804e-10,1,0
0.00131515,0.443094,-0.0090358,0.748658,4.70197,336915,-1,2.58007e-10,1,0
0.00131558,0.443062,-0.00873874,0.748724,4.70177,336780,-1,4.18562e-10,1,0
0.00131604,0.442859,-0.00884023,0.748663,4.70088,336509,-1,6.4955e-11,1,0
0.0013172,0.442428,-0.00749353,0.749062,4.70026,335885,-1,1.65164e-09,1,0
0.0013189,0.441066,-0.00686287,0.748177,4.70299,334420,-1,1.18284e-09,1,0
0.00132061,0.442073,-0.00796527,0.746931,4.70279,334750,-1,1.00571e-09,1,0
0.00132213,0.442725,-0.00838392,0.7473,4.70121,334858,-1,3.50828e-10,1,0
0.00132325,0.443522,-0.00797485,0.747912,4.70265,335175,-1,9.38555e-10,1,0
0.00132468,0.444505,-0.00827479,0.748059,4.70411,335557,-1,1.33821e-09,1,0
0.00132533,0.444601,-0.00839442,0.747843,4.70526,335465,-1,2.35195e-10,1,0
0.00132712,0.443597,-0.00791367,0.747855,4.70247,334257,-1,1.00557e-09,1,0
0.0013275,0.443402,-0.00795276,0.747844,4.70296,334013,-1,5.85122e-10,1,0
0.00132792,0.443422,-0.00802645,0.748381,4.7013,333922,-1,7.45178e-10,1,0
0.00132905,0.442323,-0.00889353,0.748385,4.70226,332812,-1,1.33792e-09,1,0
0.00133024,0.442501,-0.00949223,0.74762,4.70358,332648,-1,1.08209e-09,1,0
0.00133178,0.443901,-0.009684,0.748461,4.70126,333313,-1,5.94786e-10,1,0
0.00133307,0.443662,-0.00904206,0.748162,4.69919,332812,-1,1.0055e-09,1,0
0.00133418,0.44284,-0.00977074,0.749064,4.69891,331920,-1,1.42172e-09,1,0
0.00133479,0.442182,-0.0100698,0.749376,4.69779,331276,-1,7.86743e-10,1,0
0.00133639,0.441722,-0.00921366,0.748764,4.69613,330534,-1,1.05437e-09,1,0
0.00133708,0.441562,-0.00932362,0.748767,4.69558,330243,-1,4.08402e-10,1,0
0.00133755,0.442118,-0.00908689,0.748764,4.69561,330543,-1,4.08402e-10,1,0
0.00133877,0.443105,-0.00946571,0.749581,4.69538,330980,-1,5.29332e-10,1,0
0.00133939,0.443453,-0.00964315,0.750153,4.69634,331086,-1,2.01258e-10,1,0
0.00133994,0.443367,-0.0101547,0.749763,4.69106,330886,-1,6.07818e-10,1,0
0.00134059,0.443572,-0.00966561,0.74964,4.69353,330879,-1,2.54502e-10,1,0
0.00134161,0.44314,-0.00881322,0.749236,4.69105,330306,-1,2.03695e-10,1,0
0.00134216,0.443055,-0.00931253,0.749408,4.68937,330107,-1,8.72003e-11,1,0
0.00134325,0.441953,-0.0100571,0.749859,4.68931,329017,-1,8.72003e-11,1,0
0.00134391,0.441292,-0.0105031,0.750129,4.68965,328366,-1,2.24631e-09,1,0
0.00134461,0.440909,-0.010282,0.749443,4.68968,327907,-1,2.70779e-10,1,0
0.00134564,0.44047,-0.0100942,0.750247,4.69118,327332,-1,7.28482e-10,1,0
0.00134659,0.439361,-0.0100539,0.75054,4.69044,326276,-1,1.63262e-09,1,0
0.00134689,0.439404,-0.00993409,0.750325,4.69349,326235,-1,2.74581e-10,1,0
0.0013472,0.439303,-0.00974804,0.750571,4.69408,326086,-1,3.5516e-10,1,0
0.00134814,0.439683,-0.00966218,0.750201,4.69332,326141,-1,7.49413e-10,1,0
0.00134897,0.438786,-0.0100936,0.749827,4.69299,325276,-1,1.06393e-09,1,0
0.00135017,0.439086,-0.00919816,0.750054,4.69475,325209,-1,5.36237e-10,1,0
0.00135105,0.439586,-0.0100015,0.750519,4.69316,325366,-1,3.76781e-10,1,0
0.0013515,0.439085,-0.00977755,0.750356,4.69347,324888,-1,5.7257e-10,1,0
0.00135188,0.439392,-0.0098391,0.749983,4.69436,325024,-1,4.87169e-10,1,0
0.00135204,0.439354,-0.00981065,0.74995,4.69087,324956,-1,9.16773e-12,1,0
0.00135241,0.439212,-0.0101913,0.749814,4.68949,324762,-1,1.46945e-10,1,0
0.00135381,0.439501,-0.0106488,0.74875,4.68948,324641,-1,1.05971e-09,1,0
0.00135524,0.441255,-0.01058,0.748216,4.68925,325592,-1,3.8778e-11,1,0
0.00135684,0.440862,-0.0106776,0.747397,4.69249,324919,-1,1.05235e-09,1,0
0.00135734,0.44075,-0.0101212,0.747097,4.69274,324717,-1,1.64819e-09,1,0
0.00135768,0.440824,-0.00972759,0.746989,4.69275,324688,-1,2.32427e-10,1,0
0.00135791,0.440782,-0.00973009,0.746822,4.69273,324603,-1,4.92697e-11,1,0
0.00135912,0.441936,-0.010361,0.747659,4.69278,325163,-1,4.92697e-11,1,0
0.00135942,0.441922,-0.0107353,0.747641,4.69271,325082,-1,3.73242e-10,1,0
0.00136005,0.442026,-0.0109876,0.748406,4.6929,325007,-1,5.39765e-10,1,0
0.00136067,0.442102,-0.010946,0.749099,4.6938,324914,-1,8.55529e-10,1,0
0.00136251,0.442194,-0.0112311,0.749117,4.69528,324544,-1,1.00552e-09,1,0
0.00136334,0.442105,-0.0122976,0.749173,4.69744,324281,-1,1.41658e-09,1,0
0.00136451,0.441464,-0.0117044,0.749429,4.70602,323534,-1,9.2181e-10,1,0
0.00136498,0.44203,-0.0117218,0.749222,4.70605,323838,-1,9.2181e-10,1,0
0.00136633,0.442976,-0.0118121,0.749608,4.70315,324209,-1,7.33188e-10,1,0
0.001367,0.443171,-0.0118367,0.749562,4.70214,324192,-1,1.42123e-10,1,0
0.00136823,0.44433,-0.0116642,0.750618,4.7022,324748,-1,1.42123e-10,1,0
0.0013687,0.444774,-0.0115981,0.751023,4.70222,324961,-1,1.42123e-10,1,0
0.00136909,0.445144,-0.0115429,0.75136,4.70224,325139,-1,1.42123e-10,1,0
0.0013701,0.446102,-0.0114003,0.752233,4.70273,325598,-1,4.32673e-09,1,0
0.00137137,0.445904,-0.0107013,0.753694,4.70272,325152,-1,4.32673e-09,1,0
0.00137224,0.4462,-0.0108247,0.753533,4.70175,325162,-1,5.74934e-10,1,0
0.00137276,0.445956,-0.0107451,0.753431,4.70093,324862,-1,2.03644e-10,1,0
0.00137313,0.445777,-0.0104397,0.753323,4.70194,324644,-1,3.68661e-10,1,0
0.00137388,0.446459,-0.0100548,0.752751,4.70198,324962,-1,3.68661e-10,1,0
0.00137436,0.446899,-0.00981935,0.752399,4.70092,325169,-1,1.67622e-09,1,0
0.00137567,0.447925,-0.00998187,0.751491,4.6986,325606,-1,5.99885e-10,1,0
0.001377,0.449269,-0.0102298,0.750824,4.6965,326267,-1,1.13298e-09,1,0
0.00137748,0.449192,-0.00975949,0.750758,4.69818,326098,-1,7.7027e-11,1,0
0.00137836,0.448667,-0.00935155,0.74984,4.69815,325508,-1,7.7027e-11,1,0
0.00137867,0.448482,-0.00920754,0.749515,4.69814,325301,-1,7.7027e-11,1,0
0.00137938,0.448228,-0.00974054,0.748843,4.69718,324949,-1,1.34104e-11,1,0
0.00138023,0.447976,-0.0102978,0.748041,4.69702,324567,-1,8.33822e-11,1,0
0.00138109,0.447185,-0.00966119,0.747772,4.69701,323791,-1,1.30291e-10,1,0
0.00138208,0.446689,-0.00933317,0.747109,4.69792,323201,-1,2.7128e-11,1,0
0.00138223,0.446786,-0.00920106,0.747137,4.70245,323237,-1,1.0922e-10,1,0
0.0013828,0.447045,-0.00869563,0.747381,4.70335,323290,-1,2.70252e-10,1,0
0.00138337,0.446815,-0.00837678,0.747975,4.7054,322989,-1,2.76521e-10,1,0
0.00138426,0.446737,-0.00748053,0.747602,4.70469,322726,-1,1.60953e-10,1,0
0.0013846,0.446774,-0.00707768,0.747427,4.70449,322673,-1,1.41903e-09,1,0
0.0013853,0.446149,-0.00753846,0.747757,4.70769,322059,-1,2.64348e-11,1,0
0.00138606,0.445735,-0.00711044,0.748377,4.70743,321585,-1,3.61786e-11,1,0
0.00138627,0.445642,-0.00735782,0.748442,4.70501,321468,-1,8.04264e-12,1,0
0.0013877,0.444024,-0.00686952,0.749175,4.70578,319970,-1,1.84215e-09,1,0
0.00138872,0.443839,-0.00697329,0.750287,4.70515,319604,-1,9.18451e-10,1,0
0.00138959,0.444258,-0.00743225,0.750157,4.70409,319705,-1,6.70495e-10,1,0
0.00139036,0.44484,-0.00809998,0.749716,4.70337,319947,-1,9.64282e-10,1,0
0.00139128,0.44552,-0.00843968,0.749096,4.70539,320223,-1,1.85026e-10,1,0
0.00139226,0.446198,-0.00884648,0.749222,4.70504,320485,-1,1.00545e-09,1,0
0.00139323,0.445891,-0.00926042,0.749329,4.70415,320042,-1,9.71697e-10,1,0
0.00139376,0.446436,-0.00967066,0.749388,4.70417,320311,-1,9.71697e-10,1,0
0.00139468,0.447239,-0.0102803,0.7495,4.70219,320675,-1,8.79714e-11,1,0
0.00139492,0.447394,-0.0102092,0.749494,4.70315,320731,-1,8.97989e-11,1,0
0.00139589,0.447426,-0.0101446,0.749563,4.70519,320530,-1,1.46486e-10,1,0
0.0013965,0.446836,-0.00970197,0.749826,4.70564,319968,-1,7.82767e-10,1,0
0.001397,0.446541,-0.00914067,0.749716,4.70631,319642,-1,2.46489e-12,1,0
0.0013977,0.446173,-0.00841647,0.749637,4.7036,319220,-1,6.36314e-11,1,0
0.00139804,0.446118,-0.00873565,0.749726,4.70561,319102,-1,9.79833e-11,1,0
0.00139876,0.446008,-0.00854439,0.750229,4.70427,318861,-1,2.47282e-10,1,0
0.00139974,0.445523,-0.00830325,0.750289,4.70138,318289,-1,5.27394e-10,1,0
0.00140076,0.446333,-0.00810452,0.751086,4.7033,318636,-1,1.00563e-09,1,0
0.00140118,0.446108,-0.00809595,0.751154,4.69884,318379,-1,8.45496e-11,1,0
0.00140161,0.446514,-0.00809677,0.751158,4.69965,318572,-1,3.32076e-10,1,0
0.00140292,0.446737,-0.00701987,0.750521,4.69516,318433,-1,2.18322e-10,1,0
0.00140353,0.447201,-0.00713679,0.750117,4.6925,318625,-1,5.15209e-11,1,0
0.00140461,0.44685,-0.00649205,0.749452,4.68921,318132,-1,1.00553e-09,1,0
0.00140488,0.447001,-0.00630307,0.749281,4.69003,318177,-1,1.0208e-10,1,0
0.00140557,0.447479,-0.00592286,0.748685,4.69078,318362,-1,2.76621e-10,1,0
0.00140575,0.447678,-0.00588801,0.748561,4.69141,318462,-1,2.3746e-10,1,0
0.00140652,0.447806,-0.00627861,0.748437,4.69202,318378,-1,5.22576e-10,1,0
0.0014069,0.448076,-0.00610732,0.748373,4.69252,318486,-1,8.75285e-11,1,0
0.00140815,0.449266,-0.00505438,0.748122,4.691,319047,-1,2.00033e-09,1,0
0.00140823,0.44927,-0.00500102,0.748143,4.69144,319031,-1,6.13701e-13,1,0
0.0014089,0.44977,-0.00541359,0.748139,4.69154,319235,-1,6.75425e-10,1,0
0.00140939,0.449576,-0.00563911,0.748695,4.69153,318987,-1,6.75425e-10,1,0
0.0014097,0.449452,-0.00578405,0.749052,4.69152,318827,-1,6.75425e-10,1,0
0.00141066,0.449072,-0.00622621,0.750141,4.69151,318341,-1,6.75425e-10,1,0
0.00141229,0.448962,-0.00705739,0.749628,4.69192,317897,-1,1.31993e-09,1,0
0.0014134,0.44911,-0.0067722,0.749673,4.69055,317751,-1,3.54286e-10,1,0
0.0014135,0.449216,-0.00676208,0.749716,4.68874,317803,-1,1.00919e-10,1,0
0.0014151,0.449186,-0.00804091,0.749631,4.69032,317425,-1,1.00576e-09,1,0
0.00141542,0.449102,-0.00797482,0.749657,4.68823,317291,-1,2.16872e-10,1,0
0.00141692,0.448955,-0.00882108,0.748009,4.68887,316853,-1,9.09757e-10,1,0
0.00141747,0.448979,-0.00906101,0.747397,4.68814,316745,-1,8.25425e-11,1,0
0.00141846,0.448636,-0.00955509,0.747493,4.6896,316284,-1,4.68392e-10,1,0
0.0014196,0.448777,-0.01011,0.748845,4.68976,316129,-1,1.46815e-09,1,0
0.00142053,0.448465,-0.0097636,0.748918,4.69156,315702,-1,7.92458e-10,1,0
0.00142098,0.448306,-0.00975032,0.748433,4.69375,315491,-1,8.31317e-11,1,0
0.00142137,0.44821,-0.00975888,0.747944,4.69359,315337,-1,9.3875e-10,1,0
0.00142159,0.448021,-0.00979777,0.747739,4.69358,315156,-1,9.3875e-10,1,0
0.00142284,0.447346,-0.00961214,0.747665,4.69396,314404,-1,1.20844e-09,1,0
0.00142307,0.447329,-0.00951636,0.747905,4.69652,314342,-1,1.75846e-10,1,0
0.0014236,0.447249,-0.00969863,0.747984,4.69766,314167,-1,4.19659e-10,1,0
0.00142415,0.447221,-0.00927477,0.748351,4.69547,314027,-1,1.84125e-11,1,0
0.00142501,0.446898,-0.00864957,0.747578,4.69279,313611,-1,2.48272e-10,1,0
0.00142628,0.446658,-0.0100933,0.747167,4.69188,313162,-1,1.72998e-10,1,0
0.00142697,0.446025,-0.0101686,0.746564,4.69242,312569,-1,8.77444e-10,1,0
0.00142739,0.445888,-0.0105389,0.746901,4.69363,312379,-1,6.48148e-11,1,0
0.00142827,0.446529,-0.0106168,0.746034,4.69336,312636,-1,9.35156e-10,1,0
0.00142938,0.44759,-0.0112249,0.745789,4.69212,313135,-1,9.11555e-10,1,0
0.00143094,0.446924,-0.011485,0.745338,4.69203,312329,-1,4.71496e-10,1,0
0.00143103,0.446981,-0.0114061,0.745283,4.69237,312350,-1,1.11746e-10,1,0
0.00143254,0.44701,-0.0115169,0.745285,4.69268,312041,-1,1.00569e-09,1,0
0.00143313,0.446452,-0.0115254,0.74531,4.69196,311522,-1,1.19941e-09,1,0
0.00143384,0.445667,-0.0117506,0.745717,4.69192,310820,-1,1.19941e-09,1,0
0.00143397,0.445559,-0.0117256,0.745643,4.69237,310718,-1,1.45339e-09,1,0
0.0014348,0.444873,-0.0114362,0.744868,4.69318,310058,-1,1.19892e-09,1,0
0.00143527,0.444936,-0.0114237,0.745464,4.69318,310002,-1,1.19892e-09,1,0
0.0014356,0.444739,-0.0116623,0.74559,4.69883,309792,-1,3.19508e-10,1,0
0.00143591,0.444868,-0.0115845,0.745506,4.6973,309816,-1,5.98806e-11,1,0
0.00143743,0.444067,-0.0113793,0.743831,4.69616,308931,-1,1.00564e-09,1,0
0.00143818,0.443931,-0.0109637,0.743965,4.6964,308676,-1,4.61359e-10,1,0
0.00143878,0.443956,-0.0102827,0.743708,4.69443,308564,-1,4.34771e-11,1,0
0.0014392,0.44401,-0.0100793,0.743649,4.69818,308512,-1,2.26136e-10,1,0
0.00144032,0.444615,-0.0106807,0.744203,4.69851,308691,-1,7.83748e-10,1,0
0.00144176,0.443469,-0.0104267,0.743361,4.69847,307588,-1,1.26463e-10,1,0
0.00144258,0.442777,-0.0102153,0.744102,4.69614,306934,-1,9.17231e-12,1,0
0.00144373,0.441788,-0.00990824,0.745153,4.6961,306005,-1,9.17231e-12,1,0
0.0014454,0.440958,-0.0108123,0.745648,4.69551,305077,-1,1.14584e-09,1,0
0.00144601,0.441611,-0.0107832,0.745209,4.69558,305399,-1,7.49298e-10,1,0
0.00144671,0.441961,-0.0111198,0.745271,4.69266,305494,-1,7.97379e-11,1,0
0.00144715,0.442079,-0.0114954,0.745668,4.6941,305483,-1,1.00617e-09,1,0
0.00144765,0.441981,-0.0108591,0.74567,4.69409,305309,-1,1.00617e-09,1,0
0.00144822,0.441814,-0.0102294,0.745392,4.69448,305073,-1,2.28729e-10,1,0
0.00144931,0.44142,-0.0111152,0.745816,4.69232,304573,-1,1.84373e-10,1,0
0.00144962,0.441153,-0.0108561,0.745654,4.69075,304323,-1,4.05512e-10,1,0
0.00145012,0.441007,-0.0109204,0.746209,4.69318,304118,-1,5.75531e-10,1,0
0.00145048,0.440553,-0.0109064,0.746131,4.693,303730,-1,5.22961e-10,1,0
0.00145156,0.439653,-0.0116708,0.746766,4.69408,302882,-1,5.32055e-11,1,0
0.00145264,0.439346,-0.0120085,0.74698,4.69786,302446,-1,9.17632e-10,1,0
0.00145347,0.439745,-0.011853,0.746539,4.7028,302549,-1,1.61266e-10,1,0
0.00145458,0.439248,-0.0128977,0.745694,4.70209,301976,-1,1.43311e-09,1,0
0.0014554,0.439926,-0.0131791,0.74646,4.70212,302271,-1,1.43311e-09,1,0
0.00145592,0.440347,-0.0133503,0.74694,4.70181,302452,-1,4.88237e-12,1,0
0.00145644,0.440589,-0.0134068,0.747311,4.70475,302511,-1,3.78994e-10,1,0
0.00145669,0.440312,-0.0132656,0.747293,4.70425,302269,-1,2.84142e-10,1,0
0.00145758,0.440087,-0.0131863,0.747158,4.70447,301929,-1,5.50233e-10,1,0
0.00145902,0.440262,-0.013343,0.745316,4.70401,301751,-1,2.45112e-09,1,0
0.00145938,0.440399,-0.0137385,0.74512,4.70621,301771,-1,4.62623e-10,1,0
0.00145951,0.440394,-0.0137293,0.745055,4.70583,301740,-1,7.54562e-11,1,0
0.00145991,0.440278,-0.0140331,0.745126,4.70603,301578,-1,1.69383e-10,1,0
0.00146056,0.441027,-0.0138464,0.744902,4.70505,301957,-1,7.99574e-10,1,0
0.00146097,0.440927,-0.0133898,0.744666,4.70505,301804,-1,7.99574e-10,1,0
0.0014613,0.440674,-0.013067,0.744622,4.7059,301562,-1,3.44646e-10,1,0
0.00146212,0.441148,-0.0130126,0.744955,4.7052,301718,-1,3.39433e-10,1,0
0.00146333,0.441339,-0.0122588,0.74494,4.70638,301598,-1,1.00543e-09,1,0
0.00146355,0.441084,-0.0123555,0.745001,4.70617,301379,-1,4.81605e-10,1,0
0.0014646,0.440682,-0.0117559,0.744478,4.70782,300889,-1,3.39508e-10,1,0
0.00146509,0.440568,-0.0119323,0.744921,4.70871,300711,-1,8.45626e-11,1,0
0.00146551,0.44041,-0.0121717,0.745364,4.71005,300516,-1,1.07945e-09,1,0
0.00146584,0.440272,-0.0120795,0.745128,4.70955,300355,-1,1.62898e-10,1,0
0.00146668,0.440736,-0.0126572,0.744392,4.70972,300498,-1,9.59826e-10,1,0
0.00146799,0.440649,-0.0115029,0.743176,4.71084,300172,-1,1.67891e-09,1,0
0.00146834,0.440806,-0.0116035,0.742899,4.70941,300206,-1,8.26848e-11,1,0
0.0014686,0.44107,-0.0116378,0.742799,4.71242,300334,-1,3.21057e-11,1,0
0.00146917,0.441495,-0.0115944,0.743021,4.71134,300507,-1,2.61174e-10,1,0
0.00147012,0.441352,-0.0119367,0.743261,4.70449,300215,-1,2.97273e-10,1,0
0.00147106,0.441729,-0.0111449,0.743458,4.70806,300279,-1,1.83035e-11,1,0
0.00147177,0.441446,-0.0111529,0.743688,4.70979,299942,-1,4.82768e-10,1,0
0.00147297,0.440449,-0.0113092,0.743132,4.7135,299021,-1,1.12052e-09,1,0
0.00147367,0.439679,-0.011078,0.743536,4.71116,298356,-1,1.43822e-09,1,0
0.00147474,0.439032,-0.0111285,0.744318,4.71159,297701,-1,8.28036e-10,1,0
0.00147564,0.438963,-0.0114511,0.744073,4.71004,297473,-1,4.64568e-10,1,0
0.00147637,0.438443,-0.0110116,0.744434,4.70981,296974,-1,8.33313e-10,1,0
0.00147758,0.438131,-0.0107558,0.745951,4.70992,296519,-1,1.57756e-09,1,0
0.00147772,0.438104,-0.0109049,0.746021,4.70905,296473,-1,2.67188e-12,1,0
0.00147872,0.438083,-0.0105562,0.746806,4.70792,296259,-1,2.26061e-10,1,0
0.00147978,0.43895,-0.00982831,0.746039,4.70796,296632,-1,2.26061e-10,1,0
0.0014807,0.439697,-0.00920155,0.745378,4.708,296953,-1,2.26061e-10,1,0
0.00148115,0.440109,-0.00909634,0.745273,4.70757,297139,-1,1.06635e-10,1,0
0.00148152,0.440107,-0.00897713,0.745013,4.70826,297063,-1,4.77246e-10,1,0
0.00148259,0.439548,-0.00839617,0.743899,4.70824,296473,-1,4.77246e-10,1,0
0.00148311,0.4393,-0.00808407,0.743367,4.70655,296202,-1,1.26966e-10,1,0
0.00148385,0.438833,-0.0074067,0.743387,4.7064,295739,-1,4.49942e-10,1,0
0.00148426,0.438777,-0.00690113,0.743338,4.70631,295619,-1,9.30608e-10,1,0
0.00148492,0.43904,-0.00696097,0.743231,4.70575,295667,-1,4.73178e-10,1,0
0.00148556,0.439287,-0.0067856,0.742981,4.70327,295704,-1,1.09554e-10,1,0
0.00148618,0.439397,-0.00720739,0.74288,4.70255,295656,-1,4.47595e-10,1,0
0.00148689,0.438769,-0.00694571,0.742675,4.7033,295091,-1,6.16524e-10,1,0
0.00148778,0.438103,-0.00697684,0.743558,4.70261,294468,-1,1.32786e-10,1,0
0.00148864,0.437662,-0.00710962,0.74411,4.70389,294001,-1,1.15573e-10,1,0
0.00148913,0.437808,-0.00739485,0.744024,4.70535,294002,-1,1.66283e-10,1,0
0.00149033,0.438035,-0.0085107,0.743501,4.70446,293918,-1,2.38809e-10,1,0
0.0014913,0.437696,-0.00932418,0.743693,4.70663,293499,-1,5.74526e-10,1,0
0.00149167,0.437893,-0.00940874,0.744104,4.70735,293560,-1,1.70202e-10,1,0
0.00149242,0.43865,-0.0088951,0.743769,4.70738,293918,-1,1.70202e-10,1,0
0.00149261,0.438672,-0.0089434,0.74367,4.70676,293896,-1,1.35139e-10,1,0
0.00149343,0.438345,-0.00944859,0.742888,4.7044,293515,-1,1.00577e-09,1,0
0.00149386,0.438725,-0.00940894,0.742898,4.70597,293686,-1,1.79554e-10,1,0
0.00149422,0.438592,-0.00915087,0.74254,4.70596,293527,-1,1.79554e-10,1,0
0.00149455,0.438483,-0.00897269,0.742261,4.7039,293388,-1,4.35898e-11,1,0
0.00149524,0.438409,-0.00975965,0.741866,4.70389,293204,-1,4.35898e-11,1,0
0.00149617,0.438308,-0.0108257,0.74133,4.7037,292954,-1,2.08106e-09,1,0
0.00149646,0.438489,-0.0108494,0.741024,4.70029,293018,-1,3.6083e-10,1,0
0.00149728,0.43895,-0.0111185,0.741397,4.6983,293165,-1,5.86433e-11,1,0
0.00149794,0.439487,-0.0117309,0.741632,4.69833,293395,-1,5.86433e-11,1,0
0.0014987,0.440212,-0.0120541,0.742018,4.69873,293729,-1,2.04271e-09,1,0
0.00149912,0.440598,-0.0117999,0.742222,4.69957,293904,-1,6.74682e-10,1,0
0.00149989,0.441228,-0.0111025,0.742514,4.6996,294175,-1,6.74682e-10,1,0
0.00150058,0.441801,-0.0104693,0.742779,4.69963,294420,-1,6.74682e-10,1,0
0.00150144,0.442506,-0.00969019,0.743106,4.69967,294722,-1,6.74682e-10,1,0
0.00150169,0.442691,-0.0094765,0.743209,4.70538,294796,-1,1.41221e-11,1,0
0.00150219,0.442229,-0.00992489,0.743201,4.70536,294390,-1,1.41221e-11,1,0
0.00150288,0.442325,-0.0106357,0.74284,4.70661,294318,-1,8.10778e-10,1,0
0.00150336,0.442507,-0.0111375,0.742536,4.70662,294345,-1,8.10778e-10,1,0
0.00150397,0.442733,-0.0117664,0.742312,4.70596,294376,-1,1.98399e-09,1,0
0.00150498,0.443276,-0.0113793,0.743115,4.70794,294540,-1,9.77512e-10,1,0
0.00150532,0.443579,-0.0111307,0.743155,4.70713,294673,-1,2.73055e-10,1,0
0.00150686,0.44443,-0.00997338,0.742053,4.70681,294938,-1,1.74627e-09,1,0
0.00150746,0.443838,-0.0102445,0.742323,4.70607,294427,-1,3.88831e-11,1,0
0.00150824,0.443294,-0.0103027,0.742578,4.70773,293915,-1,2.03045e-10,1,0
0.00150866,0.443055,-0.0102515,0.74213,4.70713,293675,-1,1.86245e-10,1,0
0.00150952,0.443259,-0.00922899,0.741763,4.70714,293643,-1,1.86245e-10,1,0
0.00150996,0.443412,-0.00878298,0.741479,4.70684,293659,-1,1.38259e-09,1,0
0.00151091,0.444114,-0.00952825,0.741666,4.70735,293939,-1,4.18152e-10,1,0
0.00151216,0.444949,-0.0106217,0.741778,4.70402,294246,-1,1.52205e-10,1,0
0.00151236,0.444952,-0.0105405,0.741545,4.70003,294211,-1,2.47429e-10,1,0
0.00151275,0.444873,-0.0101399,0.741629,4.70256,294082,-1,3.4469e-10,1,0
0.00151443,0.445551,-0.00841989,0.74052,4.70259,294205,-1,3.4469e-10,1,0
0.00151505,0.445767,-0.00778599,0.74084,4.70151,294226,-1,6.92644e-10,1,0
0.00151614,0.446013,-0.00684963,0.740678,4.69841,294176,-1,1.00577e-09,1,0
0.00151637,0.446142,-0.00693782,0.740817,4.69922,294217,-1,1.23663e-10,1,0
0.00151667,0.446453,-0.00678272,0.740717,4.69899,294364,-1,3.38286e-10,1,0
0.00151704,0.446366,-0.00636734,0.74078,4.6995,294235,-1,1.23373e-10,1,0
0.00151777,0.446069,-0.00547526,0.740816,4.69949,293897,-1,1.23373e-10,1,0
0.00151808,0.446304,-0.00531966,0.740807,4.70206,293992,-1,2.35546e-10,1,0
0.00151992,0.447951,-0.00522487,0.73911,4.70214,294720,-1,2.35546e-10,1,0
0.00152116,0.448607,-0.00463335,0.73874,4.70139,294911,-1,6.37002e-10,1,0
0.00152208,0.449473,-0.00421458,0.738703,4.70031,295303,-1,3.64804e-10,1,0
0.00152322,0.450795,-0.00362045,0.73845,4.70038,295949,-1,3.64804e-10,1,0
0.00152387,0.450628,-0.00373317,0.738712,4.69838,295712,-1,2.20617e-10,1,0
0.00152475,0.450523,-0.00376725,0.739811,4.70051,295474,-1,1.00574e-09,1,0
0.00152586,0.450732,-0.00460467,0.740732,4.7002,295394,-1,4.30281e-10,1,0
0.00152762,0.449218,-0.00364925,0.739402,4.70083,294064,-1,1.35829e-09,1,0
0.00152835,0.449049,-0.0037189,0.738498,4.70054,293814,-1,3.93539e-11,1,0
0.00152875,0.449065,-0.00380067,0.738276,4.70228,293746,-1,3.20914e-10,1,0
0.00152897,0.449254,-0.00385356,0.738289,4.70206,293829,-1,6.84878e-11,1,0
0.00153006,0.44945,-0.00320961,0.73794,4.70291,293748,-1,8.24791e-10,1,0
0.00153078,0.449085,-0.00362242,0.737885,4.70141,293370,-1,4.27257e-10,1,0
0.00153142,0.449743,-0.00314992,0.737959,4.70044,293677,-1,7.28184e-10,1,0
0.00153246,0.448842,-0.00230102,0.737451,4.70171,292890,-1,1.33782e-09,1,0
0.00153308,0.449,-0.00307973,0.737428,4.70384,292875,-1,7.94784e-10,1,0
0.00153412,0.449835,-0.00306709,0.73647,4.70375,293221,-1,9.6336e-10,1,0
0.00153472,0.449871,-0.0029614,0.735694,4.70375,293128,-1,9.6336e-10,1,0
0.00153566,0.449904,-0.00191731,0.735979,4.70259,292971,-1,9.62401e-10,1,0
0.00153672,0.450439,-0.000932007,0.736177,4.70158,293116,-1,1.71018e-10,1,0
0.0015382,0.44964,-0.00091966,0.735684,4.70297,292316,-1,6.83976e-10,1,0
0.00153856,0.449347,-0.000940602,0.735811,4.70232,292056,-1,2.37825e-11,1,0
0.00153895,0.449542,-0.00109315,0.735513,4.70439,292109,-1,3.90254e-10,1,0
0.00153928,0.449236,-0.000862552,0.735379,4.70159,291849,-1,4.05063e-10,1,0
0.00153978,0.449212,-0.000777526,0.735302,4.70034,291737,-1,1.53696e-10,1,0
0.00154002,0.449387,-0.000722645,0.735062,4.70035,291806,-1,1.53696e-10,1,0
0.00154086,0.449541,-0.000200976,0.73565,4.70135,291747,-1,5.98979e-10,1,0
0.00154171,0.449615,0.00078646,0.735435,4.69797,291635,-1,4.13941e-10,1,0
0.00154274,0.449775,0.000565441,0.736229,4.69404,291543,-1,2.95877e-10,1,0
0.001544,0.448322,0.00116248,0.735833,4.69326,290364,-1,1.62049e-09,1,0
0.00154494,0.448618,0.00121188,0.735868,4.69279,290380,-1,5.99358e-10,1,0
0.00154526,0.448377,0.00129193,0.735878,4.69261,290163,-1,2.90566e-10,1,0
0.00154617,0.44827,0.00173723,0.736545,4.69351,289922,-1,5.13774e-10,1,0
0.00154688,0.448583,0.00243862,0.736551,4.68975,289992,-1,4.30975e-11,1,0
0.00154773,0.448494,0.00352233,0.73665,4.68975,289775,-1,4.30975e-11,1,0
0.00154805,0.448781,0.00350357,0.736443,4.68848,289901,-1,1.95116e-10,1,0
0.00154936,0.449532,0.00257653,0.735351,4.68845,290140,-1,6.64028e-10,1,0
0.00154987,0.449923,0.00300213,0.735641,4.68584,290297,-1,6.25517e-10,1,0
0.00155048,0.450133,0.00263419,0.735777,4.68372,290318,-1,1.74597e-10,1,0
0.00155237,0.450451,0.00235592,0.73518,4.68236,290169,-1,9.57698e-10,1,0
0.00155354,0.449938,0.00149867,0.735753,4.68046,289622,-1,8.94136e-10,1,0
0.00155378,0.449908,0.00176118,0.735841,4.67891,289558,-1,2.69865e-10,1,0
0.00155427,0.450275,0.0018778,0.736149,4.67778,289703,-1,5.1421e-10,1,0
0.00155465,0.44994,0.00186733,0.736038,4.67744,289417,-1,8.1566e-11,1,0
0.00155597,0.448672,0.000927948,0.736143,4.67873,288356,-1,1.02345e-09,1,0
0.00155649,0.448802,0.00120007,0.736432,4.67563,288343,-1,3.02379e-10,1,0
0.00155671,0.449025,0.00114326,0.736577,4.67578,288445,-1,2.18381e-10,1,0
0.00155814,0.450744,0.00149155,0.737137,4.67523,289283,-1,1.90392e-09,1,0
0.00155989,0.451243,0.000551389,0.737007,4.67594,289279,-1,5.89664e-10,1,0
0.0015608,0.450489,0.000113647,0.736234,4.67467,288627,-1,1.16496e-09,1,0
0.0015611,0.45071,-4.20323e-05,0.736174,4.6721,288712,-1,9.60967e-11,1,0
0.0015629,0.451093,0.00040372,0.734761,4.66887,288625,-1,3.9669e-10,1,0
0.00156317,0.451039,0.000187773,0.734939,4.66778,288541,-1,1.60033e-10,1,0
0.00156442,0.450962,0.000466342,0.734142,4.66537,288262,-1,2.86394e-10,1,0
0.00156509,0.451635,2.26292e-05,0.73443,4.66603,288569,-1,1.14283e-09,1,0
0.00156538,0.451676,-0.000275341,0.734358,4.66359,288541,-1,1.37556e-10,1,0
0.00156648,0.452362,-0.00133762,0.733741,4.66399,288777,-1,1.60996e-09,1,0
0.0015667,0.452144,-0.00121791,0.733771,4.66343,288597,-1,2.61472e-10,1,0
0.00156695,0.452179,-0.00136806,0.733723,4.66352,288574,-1,4.24033e-11,1,0
0.00156813,0.451479,-0.00225993,0.734741,4.66349,287908,-1,4.24033e-11,1,0
0.00156846,0.45153,-0.0021705,0.734541,4.6624,287880,-1,1.75357e-09,1,0
0.00156884,0.451666,-0.00239099,0.734576,4.66447,287898,-1,3.39048e-10,1,0
0.00156988,0.451422,-0.00251366,0.733311,4.65556,287552,-1,4.38643e-10,1,0
0.0015715,0.451622,-0.0028647,0.733517,4.65666,287384,-1,5.03063e-10,1,0
0.0015727,0.451553,-0.00438961,0.733596,4.65883,287120,-1,2.47066e-10,1,0
0.00157305,0.451355,-0.00407787,0.733447,4.65997,286930,-1,5.58682e-11,1,0
0.00157397,0.450324,-0.00374174,0.733445,4.66081,286108,-1,5.83774e-10,1,0
0.00157422,0.450135,-0.0036762,0.733351,4.66047,285942,-1,8.62315e-10,1,0
0.00157484,0.449878,-0.00306679,0.733131,4.66165,285665,-1,6.83237e-10,1,0
0.00157575,0.450025,-0.00300659,0.732689,4.66362,285594,-1,7.03833e-10,1,0
0.00157596,0.449956,-0.00296038,0.732698,4.66295,285512,-1,5.84324e-10,1,0
0.00157641,0.449763,-0.00325175,0.732529,4.66526,285307,-1,1.99222e-10,1,0
0.00157707,0.449182,-0.00328972,0.732109,4.66547,284821,-1,3.47541e-10,1,0
0.00157774,0.449794,-0.00336016,0.731499,4.66486,285087,-1,8.66541e-10,1,0
0.00157842,0.449899,-0.00374303,0.73137,4.66379,285031,-1,9.245e-11,1,0
0.00157957,0.448999,-0.00263039,0.731056,4.66297,284255,-1,1.63084e-09,1,0
0.00158117,0.448788,-0.00378057,0.731885,4.66212,283833,-1,3.12324e-10,1,0
0.00158207,0.449174,-0.00290958,0.731279,4.6592,283915,-1,1.40774e-11,1,0
0.00158318,0.450478,-0.00282381,0.731841,4.65926,284539,-1,1.40774e-11,1,0
0.00158439,0.451567,-0.0025889,0.731488,4.65771,285009,-1,2.18861e-09,1,0
0.00158576,0.451843,-0.00302788,0.730506,4.65993,284937,-1,7.33108e-10,1,0
0.00158629,0.451991,-0.00282275,0.730073,4.65988,284936,-1,4.00426e-10,1,0
0.00158685,0.452113,-0.00256328,0.730084,4.66177,284912,-1,2.08334e-10,1,0
0.00158726,0.452531,-0.00272309,0.72997,4.66307,285102,-1,1.36014e-10,1,0
0.00158779,0.452817,-0.00281895,0.730318,4.66706,285187,-1,5.49071e-10,1,0
0.00158858,0.452536,-0.00267104,0.730861,4.66701,284868,-1,1.92801e-10,1,0
0.00158989,0.451902,-0.00238782,0.731239,4.66613,284235,-1,4.88662e-10,1,0
0.00159081,0.451772,-0.00257028,0.731971,4.66492,283988,-1,2.30017e-10,1,0
0.00159105,0.45168,-0.00238956,0.731942,4.66661,283889,-1,2.0034e-10,1,0
0.00159241,0.450935,-0.0028971,0.73344,4.66649,283178,-1,1.74829e-09,1,0
0.0015928,0.450783,-0.00317166,0.733824,4.66649,283013,-1,1.74829e-09,1,0
0.00159326,0.4506,-0.00350103,0.734285,4.66648,282816,-1,1.74829e-09,1,0
0.00159354,0.450644,-0.00373678,0.73439,4.6667,282793,-1,1.70811e-10,1,0
0.00159384,0.450804,-0.00341138,0.734269,4.66583,282841,-1,2.24961e-11,1,0
0.00159558,0.451767,-0.00153694,0.733535,4.66588,283136,-1,2.24961e-11,1,0
0.00159611,0.451712,-0.000952288,0.733499,4.66549,283008,-1,2.87431e-09,1,0
0.00159741,0.451142,-0.000252974,0.733403,4.66509,282421,-1,1.02327e-09,1,0
0.00159803,0.450615,0.000338091,0.733298,4.66511,281981,-1,3.01754e-10,1,0
0.00159876,0.450204,0.00114435,0.73316,4.66605,281596,-1,4.98801e-10,1,0
0.00159907,0.449905,0.00105242,0.733293,4.6658,281354,-1,8.14178e-11,1,0
0.00160035,0.449616,4.41887e-05,0.733687,4.66543,280949,-1,3.8884e-10,1,0
0.00160134,0.450327,-0.000174128,0.734534,4.66859,281220,-1,7.39234e-11,1,0
0.00160237,0.449649,-0.000236712,0.734577,4.66795,280616,-1,8.46446e-10,1,0
0.00160351,0.45037,-0.00142008,0.735023,4.66839,280865,-1,9.95233e-10,1,0
0.00160391,0.450236,-0.00172428,0.735204,4.66812,280712,-1,2.85069e-10,1,0
0.00160408,0.450102,-0.00181442,0.735249,4.66972,280598,-1,1.66719e-10,1,0
0.00160467,0.450181,-0.00138571,0.735604,4.67067,280544,-1,6.29339e-10,1,0
0.00160545,0.450198,-0.0010947,0.7348,4.6693,280418,-1,1.36256e-10,1,0
0.00160637,0.449659,-0.00174329,0.735567,4.67361,279923,-1,2.59402e-11,1,0
0.00160663,0.44948,-0.00160757,0.735815,4.6736,279766,-1,2.59402e-11,1,0
0.0016069,0.44928,-0.00145745,0.73598,4.67536,279595,-1,5.99646e-10,1,0
0.00160739,0.448816,-0.0011362,0.735735,4.67847,279221,-1,1.37376e-11,1,0
0.00160828,0.448369,-0.000515205,0.735328,4.67873,278787,-1,6.24107e-10,1,0
0.0016087,0.44837,-0.000394571,0.734868,4.67756,278716,-1,6.43347e-10,1,0
0.00160929,0.448547,-0.000181066,0.734171,4.67757,278724,-1,6.43347e-10,1,0
0.00161031,0.448957,9.81935e-06,0.733304,4.67809,278801,-1,7.49919e-11,1,0
0.00161119,0.448985,-0.000418415,0.732682,4.67848,278666,-1,5.12103e-10,1,0
0.00161189,0.449149,-0.000710866,0.732066,4.68013,278647,-1,3.6785e-10,1,0
0.00161239,0.44946,-0.000953229,0.732091,4.68287,278755,-1,1.80838e-10,1,0
0.00161345,0.45006,-0.000954678,0.732547,4.68379,278942,-1,7.78654e-10,1,0
0.00161402,0.450439,-0.000834261,0.732294,4.67842,279078,-1,2.08641e-11,1,0
0.00161556,0.451035,-0.000351011,0.731621,4.67673,279182,-1,8.09389e-10,1,0
0.00161657,0.450781,-0.000481223,0.731391,4.67595,278850,-1,2.26949e-10,1,0
0.00161681,0.450858,-0.000749402,0.731261,4.67812,278856,-1,3.08081e-10,1,0
0.00161803,0.451139,-0.00161555,0.732529,4.67814,278821,-1,3.08081e-10,1,0
0.00161877,0.451362,-0.00195978,0.733209,4.67942,278829,-1,2.38381e-09,1,0
0.00161912,0.451483,-0.00179103,0.733573,4.67568,278844,-1,3.99568e-10,1,0
0.00161987,0.451368,-0.00234193,0.734354,4.67567,278644,-1,3.99568e-10,1,0
0.00162086,0.451365,-0.00325095,0.735218,4.67611,278472,-1,1.38606e-09,1,0
0.00162186,0.451538,-0.00368306,0.736114,4.67552,278408,-1,1.43085e-10,1,0
0.00162218,0.451765,-0.00371532,0.736111,4.67867,278493,-1,2.3346e-10,1,0
0.00162302,0.451791,-0.0046491,0.736659,4.67867,278364,-1,2.3346e-10,1,0
0.00162417,0.452861,-0.00390464,0.736677,4.67995,278826,-1,1.36152e-09,1,0
0.00162442,0.452574,-0.0038644,0.736534,4.67994,278605,-1,1.36152e-09,1,0
0.00162578,0.45314,-0.00509946,0.735916,4.68002,278722,-1,5.09636e-10,1,0
0.00162615,0.453368,-0.00549002,0.73575,4.68003,278798,-1,5.09636e-10,1,0
0.00162706,0.454157,-0.00618092,0.73571,4.68026,279128,-1,5.90697e-10,1,0
0.00162766,0.45454,-0.00636522,0.735403,4.67981,279259,-1,1.81565e-10,1,0
0.00162858,0.454655,-0.00657515,0.734531,4.67986,279172,-1,1.66437e-10,1,0
0.00162934,0.454186,-0.00695639,0.73415,4.68219,278754,-1,3.85194e-10,1,0
0.00163067,0.453938,-0.00813356,0.732945,4.682,278375,-1,2.29692e-09,1,0
0.00163123,0.453857,-0.00751573,0.732794,4.68332,278231,-1,1.19474e-11,1,0
0.00163194,0.454301,-0.00808991,0.733,4.6856,278381,-1,6.51954e-10,1,0
0.00163309,0.454093,-0.00919248,0.732652,4.68479,278057,-1,1.33445e-09,1,0
0.00163391,0.453575,-0.00994313,0.732124,4.68477,277600,-1,1.33445e-09,1,0
0.00163493,0.453152,-0.0107614,0.73144,4.68305,277168,-1,3.16105e-09,1,0
0.00163549,0.453693,-0.0108037,0.730975,4.6861,277405,-1,8.92864e-10,1,0
0.00163591,0.453699,-0.0110279,0.730952,4.68654,277337,-1,2.4131e-10,1,0
0.0016363,0.45366,-0.0112924,0.730528,4.68654,277247,-1,2.4131e-10,1,0
0.00163696,0.453552,-0.011302,0.729879,4.68442,277070,-1,1.29383e-09,1,0
0.00163771,0.453645,-0.0108533,0.729585,4.68603,276999,-1,1.53998e-10,1,0
0.00163853,0.45279,-0.0110676,0.73016,4.68599,276339,-1,1.53998e-10,1,0
0.00163969,0.452793,-0.0110941,0.731467,4.68464,276145,-1,5.64017e-10,1,0
0.00164076,0.45239,-0.0108936,0.732124,4.68137,275720,-1,6.7828e-10,1,0
0.00164126,0.452735,-0.0108863,0.731925,4.68536,275847,-1,4.95634e-10,1,0
0.00164178,0.452333,-0.0109258,0.731871,4.68521,275513,-1,1.43406e-10,1,0
0.0016428,0.452988,-0.0108916,0.732208,4.68577,275742,-1,5.39109e-10,1,0
0.001643,0.453134,-0.0110254,0.732356,4.68424,275797,-1,2.48882e-10,1,0
0.00164438,0.453946,-0.0105794,0.733781,4.68334,276060,-1,1.10243e-09,1,0
0.00164488,0.4538,-0.0111328,0.734079,4.68333,275887,-1,1.10243e-09,1,0
0.00164507,0.453754,-0.0111295,0.734289,4.68316,275827,-1,6.89989e-10,1,0
0.00164532,0.454027,-0.0111153,0.734354,4.68546,275950,-1,2.43552e-10,1,0
0.00164639,0.454786,-0.0109333,0.735299,4.68235,276232,-1,1.02313e-09,1,0
0.001647,0.454424,-0.0114081,0.735801,4.68051,275910,-1,4.8283e-12,1,0
0.00164814,0.455787,-0.0112282,0.735779,4.68279,276546,-1,1.40504e-09,1,0
0.00164966,0.454722,-0.0125289,0.734959,4.68176,275646,-1,9.76779e-10,1,0
0.00164999,0.454883,-0.0127241,0.73462,4.6776,275688,-1,4.22371e-10,1,0
0.00165046,0.454825,-0.0126886,0.734724,4.6805,275576,-1,2.16223e-10,1,0
0.00165128,0.455245,-0.0121848,0.734403,4.67949,275692,-1,5.0999e-10,1,0
0.00165165,0.455168,-0.0123767,0.734045,4.67603,275584,-1,2.91785e-11,1,0
0.00165211,0.455094,-0.0126121,0.733533,4.67602,275462,-1,8.07653e-10,1,0
0.00165276,0.455533,-0.0126933,0.732869,4.67508,275620,-1,6.43632e-10,1,0
0.00165311,0.455531,-0.0128293,0.732519,4.67618,275560,-1,7.87246e-11,1,0
0.00165352,0.455628,-0.0131524,0.732555,4.67346,275550,-1,1.09868e-10,1,0
0.00165448,0.455572,-0.0138081,0.733027,4.67114,275357,-1,8.70428e-10,1,0
0.00165524,0.45563,-0.013969,0.732723,4.66762,275266,-1,6.80129e-10,1,0
0.0016559,0.456031,-0.0143186,0.732077,4.66723,275397,-1,6.44102e-11,1,0
0.0016563,0.456235,-0.0143283,0.73183,4.66397,275455,-1,4.84084e-10,1,0
0.00165665,0.456319,-0.0140108,0.731618,4.66565,275446,-1,3.28604e-10,1,0
0.00165698,0.456473,-0.0139118,0.731312,4.66332,275485,-1,1.10107e-10,1,0
0.00165722,0.456619,-0.0140921,0.731458,4.6635,275534,-1,2.03454e-10,1,0
0.00165802,0.457492,-0.0146227,0.731448,4.66457,275928,-1,1.12372e-09,1,0
0.00165829,0.457282,-0.0143385,0.731459,4.66522,275755,-1,3.53817e-10,1,0
0.00165928,0.457013,-0.014253,0.730228,4.66744,275429,-1,1.26247e-09,1,0
0.00166048,0.457109,-0.0138999,0.731517,4.66612,275287,-1,1.17545e-09,1,0
0.00166077,0.457109,-0.0138705,0.731326,4.66129,275239,-1,2.53886e-11,1,0
0.00166189,0.456915,-0.0152545,0.731648,4.66128,274938,-1,2.53886e-11,1,0
0.00166238,0.456726,-0.0157909,0.731431,4.6622,274743,-1,5.47724e-10,1,0
0.00166345,0.456032,-0.0146734,0.731535,4.66218,274149,-1,1.33578e-09,1,0
0.00166489,0.456701,-0.0143646,0.731101,4.66238,274314,-1,9.41082e-10,1,0
0.00166539,0.456915,-0.0145563,0.73135,4.66088,274359,-1,1.04017e-09,1,0
0.00166599,0.456954,-0.0145808,0.732116,4.66133,274283,-1,1.12905e-09,1,0
0.00166709,0.456432,-0.0157,0.731657,4.66176,273789,-1,1.2073e-10,1,0
0.00166777,0.456067,-0.0163904,0.731296,4.66174,273460,-1,1.2073e-10,1,0
0.00166803,0.456247,-0.0166512,0.731265,4.65849,273525,-1,2.18185e-09,1,0
0.00166833,0.456508,-0.0168749,0.73122,4.65742,273631,-1,6.93468e-11,1,0
0.00166868,0.456784,-0.0170417,0.73152,4.65743,273740,-1,6.93468e-11,1,0
0.00167,0.457728,-0.0177139,0.732621,4.65941,274089,-1,8.88943e-11,1,0
0.00167102,0.458069,-0.0187529,0.732002,4.66236,274125,-1,2.00162e-10,1,0
0.00167169,0.458036,-0.0192422,0.731473,4.66249,273995,-1,9.64602e-11,1,0
0.00167192,0.458233,-0.0194236,0.731365,4.66157,274076,-1,2.85925e-10,1,0
0.00167236,0.458115,-0.0196183,0.731115,4.65953,273933,-1,2.0515e-10,1,0
0.00167275,0.457838,-0.019896,0.730971,4.65746,273704,-1,2.29976e-10,1,0
0.0016736,0.457589,-0.0209104,0.730652,4.65744,273416,-1,2.29976e-10,1,0
0.00167426,0.457397,-0.0216949,0.730405,4.65743,273194,-1,2.29976e-10,1,0
0.00167567,0.457261,-0.0233677,0.729807,4.65773,272883,-1,3.07422e-09,1,0
0.00167597,0.457254,-0.023559,0.729729,4.6579,272829,-1,8.12402e-11,1,0
0.00167665,0.456978,-0.0241659,0.730173,4.65612,272554,-1,4.87894e-11,1,0
0.00167693,0.456872,-0.0244113,0.730375,4.6562,272445,-1,8.51333e-10,1,0
0.00167764,0.456704,-0.0246706,0.731222,4.65594,272229,-1,1.27091e-10,1,0
0.001679,0.456702,-0.0234289,0.732437,4.65594,272008,-1,1.27091e-10,1,0
0.00168017,0.456528,-0.0240356,0.733196,4.65568,271716,-1,1.04427e-09,1,0
0.00168155,0.457677,-0.0251203,0.733475,4.65535,272176,-1,1.48859e-09,1,0
0.00168218,0.457719,-0.0258869,0.733271,4.65493,272098,-1,7.47793e-10,1,0
0.00168282,0.457587,-0.025601,0.733092,4.65136,271917,-1,2.19555e-10,1,0
0.00168365,0.457145,-0.025165,0.732821,4.65159,271520,-1,3.66808e-10,1,0
0.0016851,0.45623,-0.0266572,0.73333,4.6492,270744,-1,3.9276e-10,1,0
0.00168549,0.456322,-0.0264733,0.733509,4.64882,270735,-1,7.86083e-11,1,0
0.00168626,0.457237,-0.0262342,0.733762,4.64887,271155,-1,7.86083e-11,1,0
0.00168688,0.457003,-0.0264145,0.734242,4.65196,270915,-1,6.2913e-10,1,0
0.00168717,0.456886,-0.0262968,0.734138,4.65329,270799,-1,9.87814e-11,1,0
0.00168745,0.456619,-0.0261587,0.733947,4.65316,270596,-1,6.29811e-10,1,0
0.00168839,0.45691,-0.0268153,0.734223,4.65156,270618,-1,3.47889e-10,1,0
0.00168885,0.457019,-0.0271624,0.734277,4.65166,270609,-1,2.3079e-10,1,0
0.00168946,0.456744,-0.0272554,0.734997,4.65105,270350,-1,7.76361e-10,1,0
0.00169043,0.456168,-0.0266412,0.735229,4.65041,269854,-1,1.3424e-10,1,0
0.00169186,0.455338,-0.0270391,0.734717,4.64946,269134,-1,6.16163e-10,1,0
0.00169253,0.455077,-0.0274731,0.734322,4.64929,268874,-1,3.88674e-10,1,0
0.00169277,0.454787,-0.0275825,0.734387,4.64928,268664,-1,3.88674e-10,1,0
0.00169294,0.454612,-0.0276569,0.734456,4.64754,268534,-1,3.48482e-11,1,0
0.00169335,0.454298,-0.0275516,0.734453,4.64683,268284,-1,1.28884e-10,1,0
0.00169469,0.452841,-0.0267741,0.733976,4.64676,267211,-1,1.28884e-10,1,0
0.00169574,0.451999,-0.0263384,0.733817,4.64399,266550,-1,1.43565e-10,1,0
0.0016961,0.451672,-0.0262707,0.734139,4.64375,266301,-1,4.63909e-10,1,0
0.00169766,0.452983,-0.0273194,0.734107,4.64596,266829,-1,8.63591e-10,1,0
0.00169868,0.452938,-0.0274591,0.733244,4.64483,266641,-1,1.02381e-09,1,0
0.00169952,0.453095,-0.0276427,0.732188,4.64429,266601,-1,1.08375e-09,1,0
0.00170111,0.45208,-0.0275105,0.731489,4.64644,265756,-1,1.68945e-10,1,0
0.00170143,0.451761,-0.0275671,0.731269,4.64397,265518,-1,3.5805e-10,1,0
0.00170158,0.451752,-0.0275532,0.731117,4.64699,265490,-1,1.40141e-10,1,0
0.00170185,0.45182,-0.0276793,0.731051,4.64227,265488,-1,2.79527e-10,1,0
0.00170237,0.451648,-0.0277606,0.731245,4.64201,265305,-1,3.49191e-10,1,0
0.00170351,0.450404,-0.0271276,0.731669,4.64195,264397,-1,3.49191e-10,1,0
0.0017039,0.450041,-0.0271064,0.731836,4.64184,264124,-1,1.63143e-10,1,0
0.00170501,0.44866,-0.0269346,0.732085,4.64177,263143,-1,1.63143e-10,1,0
0.00170584,0.447615,-0.0268047,0.732273,4.64172,262401,-1,1.63143e-10,1,0
0.00170615,0.447235,-0.0267574,0.732342,4.6417,262132,-1,1.63143e-10,1,0
0.00170689,0.446408,-0.0265007,0.732228,4.64141,261533,-1,3.41227e-09,1,0
0.00170774,0.445757,-0.0259083,0.731715,4.64079,261022,-1,2.885e-10,1,0
0.00170828,0.445903,-0.0259782,0.731066,4.64139,261024,-1,4.29195e-10,1,0
0.00170859,0.446068,-0.0259057,0.730725,4.6423,261074,-1,6.5526e-10,1,0
0.00170913,0.44615,-0.025991,0.731403,4.64159,261040,-1,6.88239e-10,1,0
0.00170938,0.446316,-0.0261196,0.731319,4.64011,261098,-1,1.31985e-10,1,0
0.00170955,0.446344,-0.0260682,0.731282,4.64204,261089,-1,8.75804e-11,1,0
0.00171,0.446226,-0.0260057,0.731143,4.64252,260952,-1,2.88724e-10,1,0
0.00171132,0.446569,-0.0260261,0.730377,4.64232,260951,-1,5.23671e-10,1,0
0.00171247,0.447571,-0.025695,0.729338,4.64263,261359,-1,1.48183e-09,1,0
0.00171318,0.447901,-0.0259109,0.729524,4.64248,261444,-1,5.88174e-10,1,0
0.00171397,0.448095,-0.0264003,0.730053,4.64162,261436,-1,1.93058e-10,1,0
0.00171477,0.448036,-0.0256301,0.729386,4.64162,261280,-1,1.93058e-10,1,0
0.00171543,0.448247,-0.0256096,0.729853,4.64253,261303,-1,1.33078e-09,1,0
0.00171649,0.448715,-0.025873,0.731102,4.64356,261414,-1,2.00422e-09,1,0
0.00171719,0.449583,-0.025965,0.730969,4.64365,261813,-1,7.79931e-10,1,0
0.00171788,0.450337,-0.0262268,0.730596,4.64284,262148,-1,9.92677e-10,1,0
0.001719,0.449412,-0.0252958,0.730997,4.63961,261437,-1,1.35163e-09,1,0
0.00172053,0.449373,-0.0271641,0.730441,4.63961,261183,-1,1.35163e-09,1,0
0.00172109,0.449213,-0.0275134,0.729995,4.64123,261005,-1,2.27378e-09,1,0
0.0017214,0.44926,-0.0274492,0.729623,4.64139,260985,-1,4.96139e-10,1,0
0.00172161,0.449326,-0.0273606,0.729393,4.64089,260991,-1,3.74905e-11,1,0
0.00172262,0.449707,-0.0266365,0.728977,4.64129,261060,-1,6.17717e-10,1,0
0.00172429,0.449758,-0.0265294,0.72888,4.64195,260836,-1,9.88404e-10,1,0
0.00172551,0.44979,-0.0265957,0.727956,4.64185,260670,-1,1.02651e-09,1,0
0.00172639,0.449923,-0.0255919,0.728108,4.64252,260616,-1,9.45872e-10,1,0
0.00172723,0.449888,-0.024683,0.72845,4.64335,260468,-1,2.7025e-11,1,0
0.00172791,0.44903,-0.0248737,0.728488,4.64331,259868,-1,2.7025e-11,1,0
0.0017296,0.448214,-0.0261116,0.727585,4.64081,259142,-1,7.80522e-10,1,0
0.00173053,0.448433,-0.0269525,0.728032,4.64211,259131,-1,8.60891e-10,1,0
0.00173093,0.448554,-0.0267818,0.727572,4.64286,259140,-1,9.53145e-12,1,0
0.00173172,0.448041,-0.0261405,0.72797,4.6436,258726,-1,8.45006e-10,1,0
0.00173232,0.447595,-0.0257001,0.727528,4.64358,258379,-1,8.45006e-10,1,0
0.00173307,0.448187,-0.026407,0.727653,4.64431,258608,-1,9.45633e-10,1,0
0.00173322,0.448342,-0.026445,0.727559,4.64432,258676,-1,9.45633e-10,1,0
0.00173387,0.448768,-0.0263831,0.727138,4.64757,258825,-1,2.31634e-10,1,0
0.0017341,0.448491,-0.0264114,0.727038,4.64756,258631,-1,2.31634e-10,1,0
0.00173465,0.447827,-0.0264795,0.726799,4.64752,258166,-1,2.31634e-10,1,0
0.00173496,0.447454,-0.0265247,0.726748,4.64616,257904,-1,1.44689e-10,1,0
0.00173537,0.447168,-0.0263526,0.726342,4.64606,257679,-1,5.25608e-10,1,0
0.0017361,0.447418,-0.027209,0.726173,4.64965,257714,-1,9.0085e-10,1,0
0.00173672,0.448069,-0.0269532,0.726109,4.64616,257998,-1,4.55166e-11,1,0
0.00173727,0.447877,-0.0266103,0.726622,4.64439,257806,-1,5.93468e-10,1,0
0.00173766,0.447918,-0.0264702,0.726999,4.64198,257771,-1,3.66626e-10,1,0
0.00173836,0.447173,-0.0266302,0.727474,4.64115,257239,-1,8.97689e-10,1,0
0.00173967,0.447192,-0.0272039,0.729053,4.6408,257055,-1,1.6801e-09,1,0
0.00174065,0.447377,-0.0273941,0.729564,4.6415,257017,-1,3.29705e-10,1,0
0.00174209,0.447435,-0.0274876,0.730669,4.64046,256839,-1,2.28555e-09,1,0
0.00174288,0.44733,-0.0266104,0.730177,4.64028,256661,-1,1.44656e-09,1,0
0.00174342,0.447233,-0.0272467,0.729949,4.63883,256526,-1,6.84351e-10,1,0
0.00174443,0.446146,-0.0271638,0.730647,4.63877,255754,-1,6.84351e-10,1,0
0.00174571,0.444775,-0.0270592,0.731527,4.64163,254782,-1,2.92619e-09,1,0
0.00174673,0.444847,-0.0259451,0.731592,4.64168,254675,-1,3.0443e-10,1,0
0.00174719,0.444867,-0.0254525,0.73146,4.64201,254618,-1,1.4322e-09,1,0
0.00174803,0.44535,-0.0250439,0.73073,4.64133,254773,-1,1.24315e-10,1,0
0.00174901,0.445444,-0.0249495,0.729648,4.63958,254683,-1,4.46966e-10,1,0
0.0017494,0.445725,-0.0247817,0.729803,4.63821,254788,-1,4.06717e-10,1,0
0.00175009,0.445863,-0.0246049,0.729869,4.63588,254766,-1,4.96377e-10,1,0
0.00175085,0.445757,-0.0251582,0.729847,4.63673,254594,-1,4.07642e-10,1,0
0.00175105,0.445752,-0.025303,0.729795,4.63601,254562,-1,2.35783e-10,1,0
0.00175145,0.445419,-0.024935,0.729706,4.636,254315,-1,2.35783e-10,1,0
0.00175211,0.445188,-0.0245104,0.729741,4.63512,254087,-1,2.28597e-10,1,0
0.00175397,0.443123,-0.0252816,0.730624,4.63765,252640,-1,2.37464e-09,1,0
0.00175452,0.443386,-0.0251633,0.730965,4.63726,252711,-1,7.54468e-11,1,0
0.00175583,0.444257,-0.0240425,0.73099,4.63836,253018,-1,4.07866e-10,1,0
0.0017575,0.443689,-0.0237844,0.731679,4.63651,252455,-1,5.82733e-10,1,0
0.0017588,0.444276,-0.0249073,0.731549,4.63676,252602,-1,8.31132e-10,1,0
0.00175941,0.444294,-0.0249522,0.73198,4.63479,252524,-1,5.25851e-10,1,0
0.00176036,0.444525,-0.0250438,0.73092,4.63531,252520,-1,1.0234e-09,1,0
0.00176115,0.445019,-0.0250448,0.730488,4.63312,252686,-1,3.68716e-10,1,0
0.0017619,0.445834,-0.0247416,0.730186,4.63364,253042,-1,4.61339e-10,1,0
0.00176277,0.44541,-0.0249326,0.730266,4.63709,252677,-1,5.43819e-10,1,0
0.00176331,0.445271,-0.025348,0.73027,4.6403,252521,-1,1.1025e-09,1,0
0.00176403,0.444742,-0.0246816,0.730608,4.63999,252118,-1,1.07026e-09,1,0
0.00176435,0.444627,-0.0244276,0.730448,4.64186,252005,-1,2.90077e-10,1,0
0.00176469,0.444443,-0.0243494,0.730807,4.64189,251853,-1,1.05081e-10,1,0
0.00176514,0.444571,-0.0242859,0.731047,4.64464,251862,-1,3.35503e-10,1,0
0.00176665,0.445162,-0.0256801,0.731399,4.6451,251980,-1,1.2539e-09,1,0
0.00176727,0.44541,-0.0251879,0.731873,4.64483,252032,-1,2.13551e-10,1,0
0.00176864,0.444525,-0.0244064,0.730581,4.64499,251337,-1,1.79634e-09,1,0
0.00176954,0.443596,-0.0244826,0.73126,4.64494,250684,-1,1.79634e-09,1,0
0.00176991,0.443221,-0.0245135,0.731535,4.64492,250420,-1,1.79634e-09,1,0
0.00177026,0.442998,-0.0247116,0.731623,4.64234,250245,-1,1.87799e-09,1,0
0.00177073,0.442976,-0.0248251,0.731853,4.64532,250166,-1,7.56972e-11,1,0
0.00177124,0.442443,-0.0249497,0.732197,4.64341,249794,-1,6.46885e-10,1,0
0.00177232,0.442955,-0.0252702,0.731002,4.64214,249930,-1,6.87139e-10,1,0
0.00177258,0.443032,-0.0254177,0.730804,4.64223,249937,-1,2.12221e-10,1,0
0.00177314,0.442702,-0.0252465,0.730644,4.63907,249671,-1,5.30924e-10,1,0
0.00177407,0.442563,-0.0259772,0.731139,4.63696,249462,-1,7.45959e-11,1,0
0.00177489,0.4421,-0.0265858,0.730478,4.63749,249085,-1,6.5791e-10,1,0
0.00177564,0.442174,-0.0267689,0.729954,4.63748,249023,-1,1.19038e-09,1,0
0.00177609,0.442629,-0.0267947,0.729796,4.63972,249216,-1,3.98877e-10,1,0
0.00177701,0.443231,-0.0261493,0.729799,4.64009,249425,-1,1.72437e-10,1,0
0.00177749,0.443662,-0.0257389,0.729677,4.63914,249600,-1,7.96448e-12,1,0
0.00177822,0.443798,-0.0251481,0.729743,4.63964,249575,-1,3.63096e-10,1,0
0.00177849,0.443776,-0.0248306,0.72968,4.64462,249524,-1,2.76212e-10,1,0
0.00177911,0.444252,-0.0253337,0.729683,4.63887,249705,-1,5.64262e-10,1,0
0.00177961,0.444419,-0.0247745,0.729859,4.63784,249729,-1,6.02494e-11,1,0
0.00178086,0.444769,-0.0235946,0.73014,4.64193,249749,-1,2.10205e-10,1,0
0.00178106,0.444672,-0.0234197,0.730097,4.63867,249667,-1,2.28752e-10,1,0
0.00178195,0.443957,-0.024216,0.730487,4.63864,249141,-1,2.28752e-10,1,0
0.00178301,0.443359,-0.0243828,0.731412,4.64465,248657,-1,8.19232e-10,1,0
0.0017833,0.443129,-0.0243842,0.731319,4.64315,248489,-1,1.81264e-10,1,0
0.0017835,0.443262,-0.0244057,0.731549,4.64384,248535,-1,2.66263e-10,1,0
0.00178386,0.443224,-0.0241671,0.731868,4.6386,248463,-1,3.19486e-11,1,0
0.00178478,0.442114,-0.0240966,0.732221,4.64053,247714,-1,1.16682e-09,1,0
0.00178528,0.442109,-0.0243271,0.732829,4.64053,247641,-1,1.16682e-09,1,0
0.00178545,0.442107,-0.0244022,0.733027,4.64053,247617,-1,1.16682e-09,1,0
0.001787,0.441893,-0.0251068,0.734012,4.6385,247282,-1,4.91527e-10,1,0
0.00178765,0.441733,-0.0244907,0.734164,4.63814,247102,-1,4.0726e-10,1,0
0.00178816,0.441936,-0.0241526,0.73382,4.63619,247146,-1,5.11262e-10,1,0
0.00178926,0.441755,-0.0239683,0.732705,4.63328,246893,-1,1.73074e-10,1,0
0.00178947,0.441742,-0.0239593,0.732521,4.63214,246856,-1,1.44414e-09,1,0
0.00178999,0.442151,-0.0244441,0.732709,4.63216,247013,-1,1.44414e-09,1,0
0.00179092,0.442307,-0.0247734,0.732668,4.63667,246972,-1,4.77837e-10,1,0
0.00179222,0.442802,-0.0252898,0.731287,4.63663,247069,-1,5.09002e-10,1,0
0.00179359,0.442634,-0.026281,0.730647,4.637,246786,-1,9.4097e-10,1,0
0.00179398,0.44223,-0.0264617,0.730855,4.63698,246508,-1,9.4097e-10,1,0
0.00179438,0.441801,-0.0266531,0.731074,4.63695,246213,-1,9.4097e-10,1,0
0.00179575,0.440352,-0.0272997,0.731816,4.63688,245219,-1,9.4097e-10,1,0
0.00179602,0.440137,-0.0272788,0.732077,4.63647,245062,-1,2.7842e-09,1,0
0.0017966,0.43982,-0.0269437,0.732071,4.63476,244806,-1,4.18388e-10,1,0
0.00179701,0.439684,-0.0271115,0.731678,4.63449,244675,-1,3.73068e-10,1,0
0.00179755,0.439445,-0.027085,0.73172,4.63704,244469,-1,2.99327e-10,1,0
0.00179832,0.439346,-0.0268073,0.73251,4.63676,244309,-1,7.79436e-11,1,0
0.0017996,0.438595,-0.026257,0.731761,4.6363,243718,-1,1.05647e-09,1,0
0.00180041,0.439017,-0.0261959,0.731936,4.63116,243843,-1,6.12254e-10,1,0
0.00180202,0.438542,-0.025499,0.733344,4.6291,243361,-1,4.75975e-12,1,0
0.00180284,0.438161,-0.0250505,0.732998,4.62486,243040,-1,1.58202e-10,1,0
0.0018048,0.43809,-0.0232364,0.732053,4.62516,242736,-1,8.8107e-10,1,0
0.00180497,0.438088,-0.0231866,0.732257,4.62627,242711,-1,2.12462e-10,1,0
0.00180652,0.436843,-0.0235989,0.733636,4.62652,241814,-1,1.02344e-09,1,0
0.00180696,0.436581,-0.0237054,0.733963,4.62441,241611,-1,8.22734e-11,1,0
0.00180728,0.436376,-0.0235316,0.73369,4.62477,241455,-1,2.1297e-11,1,0
0.00180787,0.436501,-0.0238966,0.733931,4.62656,241445,-1,1.57193e-10,1,0
0.00180857,0.436756,-0.0233348,0.73329,4.62658,241493,-1,1.57193e-10,1,0
0.00180894,0.436888,-0.0231171,0.732953,4.62911,241516,-1,5.94105e-11,1,0
0.00180966,0.437595,-0.0231965,0.733489,4.62747,241810,-1,2.75582e-10,1,0
0.00181041,0.437345,-0.0224002,0.733946,4.62745,241572,-1,2.75582e-10,1,0
0.00181066,0.43727,-0.0222273,0.734104,4.62608,241498,-1,1.21185e-09,1,0
0.00181125,0.437181,-0.0228316,0.734547,4.62608,241370,-1,1.21185e-09,1,0
0.00181195,0.436918,-0.0225837,0.735191,4.62764,241131,-1,1.00263e-09,1,0
0.00181303,0.436259,-0.0216964,0.735729,4.62763,240625,-1,1.46823e-09,1,0
0.00181461,0.437309,-0.0223166,0.734244,4.62759,240994,-1,1.95826e-09,1,0
0.00181545,0.436353,-0.0219669,0.734522,4.6271,240355,-1,7.69208e-11,1,0
0.00181596,0.436691,-0.0217397,0.734092,4.63105,240473,-1,6.15781e-10,1,0
0.00181657,0.436477,-0.0219942,0.733995,4.63504,240276,-1,3.64156e-10,1,0
0.00181692,0.436467,-0.022055,0.733758,4.63511,240223,-1,1.22681e-10,1,0
0.0018173,0.436003,-0.022073,0.733756,4.63745,239918,-1,4.08047e-11,1,0
0.00181755,0.435836,-0.0222515,0.733793,4.63865,239793,-1,2.48711e-10,1,0
0.00181856,0.435229,-0.0213638,0.733084,4.64018,239326,-1,1.28825e-09,1,0
0.00181942,0.435108,-0.0211864,0.732422,4.64066,239146,-1,7.53816e-10,1,0
0.00181966,0.434925,-0.0210036,0.732265,4.64065,239014,-1,7.53816e-10,1,0
0.00182025,0.434432,-0.0206188,0.731904,4.64073,238666,-1,9.84373e-11,1,0
0.00182118,0.4342,-0.0209343,0.731706,4.63756,238417,-1,5.51199e-10,1,0
0.00182169,0.434275,-0.0213599,0.732042,4.63707,238392,-1,5.81445e-10,1,0
0.00182269,0.433757,-0.0215441,0.731397,4.63715,237976,-1,7.54419e-10,1,0
0.00182355,0.433426,-0.0214766,0.731618,4.63642,237683,-1,2.90964e-10,1,0
0.00182455,0.433992,-0.0218107,0.73261,4.63436,237862,-1,7.25443e-11,1,0
0.00182549,0.434511,-0.0221954,0.73362,4.63396,238024,-1,2.40615e-09,1,0
0.00182635,0.434562,-0.0232143,0.73332,4.63456,237940,-1,8.08572e-11,1,0
0.00182668,0.434304,-0.0231686,0.733559,4.63458,237756,-1,3.70945e-10,1,0
0.0018275,0.43467,-0.0227579,0.734463,4.63228,237849,-1,1.05862e-09,1,0
0.00182836,0.435159,-0.0230261,0.7339,4.63227,238006,-1,7.39535e-10,1,0
0.00182907,0.435061,-0.023592,0.73423,4.63359,237860,-1,4.35468e-10,1,0
0.00182951,0.435144,-0.0234156,0.734313,4.63562,237847,-1,1.07252e-10,1,0
0.00182991,0.435585,-0.0234009,0.734051,4.63565,238036,-1,1.07252e-10,1,0
0.00183072,0.43639,-0.0232997,0.733458,4.63675,238370,-1,1.59106e-09,1,0
0.00183098,0.436429,-0.0231462,0.733445,4.63344,238358,-1,1.36012e-10,1,0
0.00183146,0.436688,-0.0227869,0.733435,4.63501,238437,-1,1.37669e-10,1,0
0.00183216,0.437237,-0.0221955,0.733179,4.62848,238646,-1,5.17377e-11,1,0
0.00183277,0.437729,-0.0224071,0.732968,4.62741,238835,-1,1.15861e-10,1,0
0.00183433,0.438057,-0.0220684,0.733055,4.62241,238811,-1,1.02285e-09,1,0
0.00183486,0.437449,-0.0219726,0.733115,4.62323,238410,-1,5.70634e-10,1,0
0.00183611,0.437093,-0.0215053,0.733971,4.62098,238054,-1,1.04137e-09,1,0
0.00183715,0.436717,-0.0209743,0.733496,4.61897,237715,-1,8.56073e-10,1,0
0.0018376,0.436869,-0.020544,0.733141,4.61898,237739,-1,8.56073e-10,1,0
0.00183941,0.437168,-0.0204787,0.733227,4.61807,237667,-1,2.26972e-10,1,0
0.0018409,0.437514,-0.0215795,0.732497,4.61902,237664,-1,1.02586e-09,1,0
0.00184171,0.438112,-0.0209849,0.731914,4.61924,237884,-1,2.61403e-10,1,0
0.0018427,0.438813,-0.0203017,0.731119,4.61927,238136,-1,2.61403e-10,1,0
0.00184405,0.439209,-0.0194751,0.730417,4.61532,238177,-1,4.09951e-10,1,0
0.00184463,0.43869,-0.0190515,0.730115,4.61529,237820,-1,4.09951e-10,1,0
0.00184613,0.438019,-0.0190654,0.73044,4.61848,237263,-1,6.68169e-10,1,0
0.00184735,0.437952,-0.0202701,0.729459,4.61848,237071,-1,6.68169e-10,1,0
0.0018478,0.437846,-0.020609,0.729267,4.61738,236956,-1,4.94572e-11,1,0
0.00184831,0.438006,-0.0208721,0.729764,4.61823,236976,-1,5.91316e-10,1,0
0.00184869,0.437785,-0.0209691,0.729345,4.61822,236808,-1,5.91316e-10,1,0
0.00184884,0.437699,-0.0210069,0.729182,4.61646,236743,-1,6.7144e-10,1,0
0.00184907,0.437703,-0.0212567,0.729036,4.61646,236716,-1,6.7144e-10,1,0
0.00184939,0.437757,-0.0209666,0.728905,4.61475,236703,-1,2.94278e-10,1,0
0.00184961,0.437756,-0.0209316,0.728627,4.61435,236674,-1,3.86307e-10,1,0
0.00185029,0.437409,-0.0207745,0.729187,4.61244,236400,-1,3.70142e-10,1,0
0.00185106,0.437226,-0.0210873,0.728585,4.61357,236203,-1,4.75349e-10,1,0
0.00185141,0.43702,-0.0207759,0.728395,4.61374,236047,-1,2.4866e-11,1,0
0.00185198,0.436448,-0.0205567,0.728006,4.61317,235666,-1,8.11931e-10,1,0
0.00185295,0.436411,-0.0207331,0.726785,4.61298,235522,-1,1.23452e-09,1,0
0.00185428,0.435321,-0.020938,0.727044,4.61871,234766,-1,1.12209e-09,1,0
0.00185454,0.435547,-0.021035,0.726909,4.61636,234855,-1,6.5183e-11,1,0
0.00185532,0.436353,-0.0215577,0.726868,4.61726,235190,-1,6.49638e-11,1,0
0.00185716,0.438203,-0.0215465,0.726862,4.6176,235953,-1,1.0414e-09,1,0
0.00185821,0.438386,-0.022032,0.727237,4.61374,235918,-1,5.31829e-10,1,0
0.00185867,0.438397,-0.0215234,0.727374,4.61353,235866,-1,9.27605e-11,1,0
0.00185943,0.438262,-0.0206087,0.727664,4.61353,235697,-1,9.27605e-11,1,0
0.00186063,0.437624,-0.0195671,0.728576,4.61338,235202,-1,1.48574e-09,1,0
0.00186127,0.437303,-0.0192953,0.728254,4.61166,234949,-1,1.77634e-09,1,0
0.0018618,0.437657,-0.0191186,0.728794,4.61189,235071,-1,5.44057e-10,1,0
0.00186236,0.437122,-0.0190275,0.729051,4.61187,234714,-1,7.65952e-10,1,0
0.00186251,0.437211,-0.0191742,0.729104,4.61255,234743,-1,6.26074e-10,1,0
0.00186373,0.438154,-0.0202079,0.729022,4.61275,235095,-1,6.17034e-10,1,0
0.00186494,0.438605,-0.0194058,0.72996,4.61277,235184,-1,5.92123e-10,1,0
0.00186583,0.43896,-0.0191281,0.730993,4.61378,235263,-1,2.07092e-09,1,0
0.00186731,0.439254,-0.0187294,0.731201,4.61225,235233,-1,9.4315e-11,1,0
0.00186882,0.441061,-0.0182594,0.730761,4.61243,236011,-1,2.96022e-09,1,0
0.00186971,0.442134,-0.0179461,0.730569,4.61204,236472,-1,1.1337e-09,1,0
0.0018703,0.442138,-0.01841,0.73083,4.61125,236400,-1,2.50203e-10,1,0
0.00187131,0.441899,-0.0195646,0.731113,4.6062,236145,-1,1.23555e-09,1,0
0.00187175,0.441977,-0.0194561,0.731546,4.6041,236131,-1,3.08719e-10,1,0
0.00187201,0.441927,-0.0192733,0.731294,4.60613,236071,-1,3.12153e-10,1,0
0.0018729,0.441956,-0.0187278,0.73057,4.60793,235974,-1,1.26798e-09,1,0
0.00187412,0.441238,-0.0191195,0.731512,4.60103,235438,-1,6.09421e-10,1,0
0.00187538,0.442114,-0.0197138,0.730636,4.60031,235746,-1,8.97379e-10,1,0
0.00187583,0.442664,-0.0198311,0.730539,4.60387,235983,-1,3.08787e-12,1,0
0.00187695,0.441839,-0.0190645,0.730911,4.60425,235403,-1,2.52191e-10,1,0
0.00187813,0.441318,-0.0180333,0.731261,4.60469,234977,-1,2.441e-10,1,0
0.00187938,0.4422,-0.0184871,0.731321,4.60076,235291,-1,7.48005e-10,1,0
0.00187963,0.442339,-0.0185669,0.731235,4.60342,235333,-1,7.08589e-11,1,0
0.00188085,0.441529,-0.0183214,0.730133,4.60296,234750,-1,5.20895e-10,1,0
0.0018815,0.441101,-0.0179261,0.729553,4.60401,234441,-1,1.86385e-09,1,0
0.00188244,0.440702,-0.0170265,0.729834,4.60545,234112,-1,3.65815e-11,1,0
0.00188282,0.440754,-0.0165836,0.729809,4.60505,234093,-1,8.70731e-11,1,0
0.00188369,0.441867,-0.0165984,0.729736,4.6051,234575,-1,8.70731e-11,1,0
0.00188406,0.442335,-0.0166046,0.729705,4.60503,234778,-1,1.58523e-09,1,0
0.00188496,0.441368,-0.0171882,0.729533,4.60606,234153,-1,1.14246e-09,1,0
0.00188526,0.441421,-0.0171171,0.729596,4.60904,234143,-1,1.44445e-10,1,0
0.00188595,0.44106,-0.0176303,0.729834,4.60877,233866,-1,1.65784e-10,1,0
0.00188637,0.44129,-0.0181012,0.729907,4.60666,233937,-1,5.28995e-10,1,0
0.00188741,0.440977,-0.0175003,0.730173,4.60738,233642,-1,7.95802e-10,1,0
0.00188866,0.441746,-0.0164486,0.730043,4.61073,233893,-1,2.21557e-10,1,0
0.00188911,0.441249,-0.0166154,0.729811,4.61035,233575,-1,5.72465e-10,1,0
0.00188991,0.440843,-0.0158384,0.730012,4.61059,233261,-1,8.00051e-11,1,0
0.00189132,0.44015,-0.0142264,0.73039,4.61056,232721,-1,8.00051e-11,1,0
0.00189182,0.440149,-0.0138752,0.730287,4.61424,232659,-1,2.25178e-10,1,0
0.00189213,0.439843,-0.0140679,0.730117,4.61603,232459,-1,3.99297e-10,1,0
0.00189317,0.441012,-0.0135192,0.729818,4.61486,232949,-1,1.32535e-09,1,0
0.00189401,0.441684,-0.0136195,0.729526,4.61638,233200,-1,6.9499e-10,1,0
0.00189448,0.441812,-0.0137845,0.729322,4.61158,233210,-1,1.06706e-10,1,0
0.00189508,0.442002,-0.0131409,0.72906,4.6119,233236,-1,6.34695e-10,1,0
0.00189538,0.442303,-0.0130427,0.729029,4.61469,233358,-1,2.61957e-11,1,0
0.0018964,0.442608,-0.0127679,0.728721,4.61109,233394,-1,3.48612e-10,1,0
0.00189713,0.44347,-0.0129641,0.728819,4.61144,233759,-1,8.44225e-10,1,0
0.00189804,0.443451,-0.0126889,0.728838,4.61384,233637,-1,6.51108e-10,1,0
0.00189832,0.443503,-0.0126402,0.729193,4.61532,233630,-1,3.621e-10,1,0
0.00189904,0.443731,-0.0125175,0.729296,4.61323,233661,-1,3.46695e-10,1,0
0.00190048,0.444697,-0.0132951,0.728426,4.61269,233992,-1,7.55097e-10,1,0
0.00190121,0.445425,-0.013309,0.728164,4.61522,234285,-1,4.86488e-11,1,0
0.00190239,0.444014,-0.0134744,0.728665,4.61515,233397,-1,4.86488e-11,1,0
0.00190465,0.441316,-0.0137905,0.729622,4.61533,231704,-1,4.38672e-09,1,0
0.00190515,0.441287,-0.0142562,0.729523,4.61321,231628,-1,4.24606e-11,1,0
0.00190593,0.441234,-0.0143264,0.728961,4.61638,231506,-1,3.4121e-10,1,0
0.00190636,0.441048,-0.014507,0.728481,4.61818,231356,-1,7.35976e-10,1,0
0.00190686,0.441058,-0.014378,0.728128,4.61809,231300,-1,3.95522e-10,1,0
0.00190783,0.440473,-0.0136834,0.728799,4.61787,230877,-1,1.12076e-10,1,0
0.0019095,0.439434,-0.0122084,0.729949,4.61782,230130,-1,1.12076e-10,1,0
0.00191082,0.438528,-0.011261,0.730883,4.61951,229497,-1,3.05896e-10,1,0
0.00191126,0.438572,-0.0116082,0.730935,4.61831,229467,-1,3.63714e-10,1,0
0.00191222,0.438615,-0.0127014,0.730427,4.6183,229375,-1,8.53702e-10,1,0
0.00191312,0.437628,-0.0125013,0.730001,4.61778,228751,-1,4.16274e-10,1,0
0.001914,0.438187,-0.0126181,0.729554,4.6153,228938,-1,8.73673e-10,1,0
0.00191573,0.437478,-0.0107003,0.730042,4.61529,228362,-1,1.04151e-09,1,0
0.00191619,0.437426,-0.0101478,0.730264,4.61653,228279,-1,1.75876e-09,1,0
0.00191712,0.437506,-0.0108064,0.730582,4.61787,228210,-1,8.34665e-10,1,0
0.00191789,0.437027,-0.0109901,0.730726,4.61458,227869,-1,2.29724e-10,1,0
0.00191805,0.436911,-0.010926,0.730817,4.61576,227789,-1,7.10603e-11,1,0
0.00191873,0.436534,-0.010261,0.730823,4.6159,227511,-1,3.88514e-10,1,0
0.00191982,0.436614,-0.0106355,0.731668,4.61501,227425,-1,6.73448e-10,1,0
0.0019205,0.437189,-0.0111837,0.732035,4.61504,227643,-1,6.73448e-10,1,0
0.0019214,0.438013,-0.0115968,0.731743,4.61422,227966,-1,1.97345e-09,1,0
0.001923,0.439561,-0.0120576,0.7305,4.61483,228582,-1,2.78532e-09,1,0
0.00192322,0.439562,-0.0122519,0.730535,4.61121,228555,-1,3.92368e-11,1,0
0.00192424,0.439491,-0.0117797,0.729804,4.61023,228398,-1,5.60325e-10,1,0
0.0019253,0.439289,-0.0128302,0.729616,4.60839,228166,-1,2.17273e-11,1,0
0.00192569,0.439068,-0.0130777,0.729644,4.60699,228006,-1,3.83096e-10,1,0
0.00192578,0.439113,-0.0130515,0.729753,4.60699,228018,-1,3.83096e-10,1,0
0.00192583,0.439122,-0.0130478,0.729793,4.60343,228017,-1,5.56518e-12,1,0
0.00192625,0.439051,-0.0131955,0.730315,4.60077,227930,-1,5.55577e-10,1,0
0.00192691,0.43852,-0.0134895,0.730046,4.59978,227577,-1,5.19965e-10,1,0
0.001929,0.439439,-0.0127799,0.728615,4.59978,227807,-1,1.04157e-09,1,0
0.00193005,0.439659,-0.0122287,0.727483,4.59935,227797,-1,1.15466e-09,1,0
0.00193109,0.439258,-0.0117289,0.726461,4.59915,227467,-1,9.26705e-11,1,0
0.00193156,0.439344,-0.011958,0.726433,4.59492,227456,-1,1.87143e-10,1,0
0.00193175,0.439383,-0.0119156,0.726338,4.59154,227453,-1,1.07056e-10,1,0
0.00193183,0.439324,-0.0118328,0.726369,4.59153,227413,-1,1.07056e-10,1,0
0.00193233,0.439121,-0.011296,0.726504,4.59214,227249,-1,8.66258e-12,1,0
0.00193337,0.439309,-0.0101315,0.726753,4.59264,227224,-1,1.38375e-10,1,0
0.0019339,0.439374,-0.0101781,0.727382,4.59197,227196,-1,4.48725e-10,1,0
0.00193469,0.439524,-0.0100844,0.728121,4.59091,227180,-1,7.60429e-10,1,0
0.00193593,0.439829,-0.0107103,0.727639,4.59026,227193,-1,8.72916e-10,1,0
0.00193744,0.440061,-0.0122194,0.726489,4.59027,227136,-1,8.72916e-10,1,0
0.00193791,0.440135,-0.0127,0.726123,4.59068,227118,-1,3.68924e-09,1,0
0.00193886,0.43991,-0.0129499,0.724967,4.59066,226891,-1,3.68924e-09,1,0
0.00193973,0.439703,-0.0131793,0.723906,4.59065,226682,-1,3.68924e-09,1,0
0.0019406,0.439643,-0.0132478,0.723663,4.59246,226551,-1,2.98897e-09,1,0
0.00194129,0.440032,-0.0136727,0.723325,4.59204,226670,-1,5.49753e-10,1,0
0.00194145,0.440103,-0.0135308,0.723354,4.59078,226687,-1,1.10932e-10,1,0
0.00194207,0.44038,-0.0134293,0.723741,4.59091,226758,-1,3.02972e-10,1,0
0.00194271,0.44035,-0.0134099,0.723727,4.58955,226668,-1,8.17618e-11,1,0
0.00194319,0.44036,-0.0131211,0.723253,4.58926,226617,-1,7.98428e-10,1,0
0.00194468,0.441354,-0.0125072,0.722772,4.59263,226955,-1,7.50211e-10,1,0
0.00194561,0.441839,-0.0115713,0.722236,4.5924,227096,-1,1.1822e-09,1,0
0.00194646,0.441599,-0.0112421,0.721984,4.58924,226872,-1,4.68514e-10,1,0
0.00194697,0.441901,-0.0111688,0.721812,4.58977,226969,-1,1.26881e-10,1,0
0.00194742,0.441429,-0.011422,0.722033,4.59055,226673,-1,6.67987e-10,1,0
0.00194859,0.440683,-0.0115674,0.720791,4.58995,226154,-1,1.27637e-09,1,0
0.00194921,0.440564,-0.0113813,0.720033,4.58995,226021,-1,1.27637e-09,1,0
0.00194995,0.439963,-0.0115869,0.719645,4.58955,225628,-1,2.42659e-10,1,0
0.00195101,0.439465,-0.0106348,0.71949,4.58815,225250,-1,1.70796e-10,1,0
0.00195281,0.440375,-0.0102395,0.718303,4.58883,225508,-1,1.77963e-09,1,0
0.00195406,0.441501,-0.0103745,0.717188,4.58814,225940,-1,3.27292e-09,1,0
0.00195521,0.442155,-0.010357,0.716801,4.58476,226142,-1,6.8817e-10,1,0
0.00195603,0.44168,-0.0109691,0.716225,4.58443,225805,-1,9.92537e-11,1,0
0.00195774,0.441507,-0.0119406,0.714594,4.57847,225519,-1,1.04141e-09,1,0
0.00195853,0.441447,-0.0110243,0.714542,4.57885,225397,-1,7.81324e-10,1,0
0.00195876,0.441167,-0.0110482,0.714632,4.57884,225227,-1,7.81324e-10,1,0
0.00195925,0.441505,-0.011251,0.714558,4.58179,225344,-1,1.92468e-10,1,0
0.00195955,0.441396,-0.0109328,0.714632,4.58056,225254,-1,3.62258e-10,1,0
0.00196131,0.442503,-0.0095254,0.714467,4.57926,225616,-1,6.53378e-10,1,0
0.0019618,0.442557,-0.00952541,0.714204,4.57598,225587,-1,2.00198e-10,1,0
0.0019627,0.443048,-0.00956089,0.71317,4.575,225734,-1,1.36591e-09,1,0
0.00196396,0.441887,-0.00999968,0.712174,4.57639,224998,-1,1.59157e-09,1,0
0.0019655,0.442479,-0.00874742,0.710785,4.57642,225123,-1,1.59157e-09,1,0
0.00196612,0.442715,-0.00824949,0.710233,4.57626,225172,-1,2.74104e-09,1,0
0.00196678,0.442832,-0.00824232,0.709481,4.57486,225155,-1,4.28582e-11,1,0
0.00196788,0.4416,-0.00766865,0.709472,4.57657,224404,-1,1.36009e-09,1,0
0.00196814,0.441628,-0.00738502,0.709382,4.57554,224389,-1,2.29688e-10,1,0
0.00196889,0.441375,-0.00749356,0.709444,4.5723,224175,-1,4.66466e-10,1,0
0.0019695,0.441488,-0.00803244,0.709861,4.57256,224163,-1,8.88509e-11,1,0
0.00197041,0.441426,-0.00811979,0.708738,4.57282,224027,-1,8.60323e-10,1,0
0.0019718,0.441968,-0.00808187,0.707057,4.57285,224144,-1,8.60323e-10,1,0
0.00197256,0.442264,-0.00806118,0.70614,4.57681,224208,-1,3.0272e-09,1,0
0.00197335,0.442128,-0.00749556,0.706478,4.57409,224049,-1,2.43337e-10,1,0
0.00197435,0.442097,-0.00738071,0.706956,4.57204,223921,-1,1.07838e-09,1,0
0.00197542,0.442768,-0.00856128,0.706971,4.57208,224139,-1,1.07838e-09,1,0
0.00197602,0.44314,-0.00905543,0.706684,4.56901,224258,-1,3.72474e-10,1,0
0.00197771,0.441416,-0.00783046,0.706994,4.56705,223196,-1,2.13755e-09,1,0
0.00197804,0.441702,-0.00765949,0.706902,4.5652,223303,-1,3.76711e-10,1,0
0.00197881,0.442337,-0.00726028,0.707158,4.56588,223537,-1,1.59184e-10,1,0
0.00197942,0.442423,-0.00665695,0.70745,4.56475,223511,-1,1.06695e-09,1,0
0.0019805,0.442343,-0.0071679,0.708165,4.56645,223349,-1,6.91354e-10,1,0
0.00198184,0.442425,-0.00712585,0.708939,4.56632,223239,-1,5.93483e-10,1,0
0.00198237,0.442232,-0.00737327,0.709512,4.5665,223083,-1,1.5556e-09,1,0
0.00198346,0.441255,-0.00787351,0.710371,4.56722,222467,-1,1.4647e-09,1,0
0.00198446,0.440322,-0.00743916,0.710301,4.56533,221885,-1,4.69487e-10,1,0
0.00198519,0.441107,-0.00724893,0.709869,4.56537,222199,-1,4.69487e-10,1,0
0.00198544,0.441224,-0.00719222,0.70971,4.56327,222230,-1,1.62039e-10,1,0
0.00198623,0.441222,-0.00682448,0.70989,4.56432,222141,-1,3.90177e-10,1,0
0.00198663,0.441504,-0.00711526,0.710026,4.56465,222237,-1,8.11645e-11,1,0
0.00198748,0.442038,-0.00796776,0.710369,4.56375,222412,-1,7.51195e-11,1,0
0.00198795,0.441899,-0.00743914,0.710128,4.56205,222289,-1,5.97455e-10,1,0
0.00198846,0.442069,-0.00757828,0.710363,4.56333,222318,-1,4.72486e-10,1,0
0.00198955,0.442077,-0.00686212,0.71097,4.56204,222200,-1,9.24488e-10,1,0
0.00199052,0.44122,-0.00712015,0.710674,4.56183,221661,-1,4.8886e-11,1,0
0.00199099,0.441074,-0.00686779,0.710812,4.56246,221535,-1,1.25119e-09,1,0
0.00199158,0.441196,-0.00625737,0.711205,4.56236,221531,-1,9.93003e-10,1,0
0.00199257,0.441779,-0.00531667,0.711806,4.56239,221713,-1,9.93003e-10,1,0
0.00199334,0.441642,-0.00501453,0.711927,4.56367,221559,-1,1.94548e-09,1,0
0.0019944,0.440886,-0.00573817,0.71138,4.55874,221062,-1,1.15815e-11,1,0
0.00199477,0.44088,-0.00605443,0.711338,4.56126,221018,-1,1.4459e-10,1,0
0.0019965,0.438939,-0.0070962,0.71141,4.56116,219854,-1,1.4459e-10,1,0
0.00199808,0.437456,-0.00736015,0.712192,4.56113,218939,-1,7.93077e-10,1,0
0.00199848,0.437116,-0.00762823,0.711924,4.56067,218725,-1,5.09021e-10,1,0
0.00199916,0.436908,-0.00837178,0.711766,4.56254,218546,-1,7.15004e-10,1,0
0.00199959,0.436902,-0.00862725,0.712248,4.56272,218496,-1,5.45441e-10,1,0
0.00200029,0.437321,-0.0092295,0.71207,4.56219,218629,-1,1.73186e-10,1,0
0.00200154,0.438191,-0.00862643,0.711209,4.56227,218927,-1,1.46567e-09,1,0
0.00200261,0.438341,-0.00748115,0.710556,4.56149,218884,-1,3.00572e-10,1,0
0.00200285,0.438306,-0.00758225,0.710741,4.55661,218841,-1,2.52911e-10,1,0
0.00200383,0.438969,-0.00749422,0.709715,4.55583,219064,-1,5.92029e-10,1,0
0.00200393,0.438856,-0.00752087,0.709727,4.55748,218998,-1,1.16517e-10,1,0
0.00200446,0.43867,-0.00732313,0.709934,4.55609,218847,-1,3.6641e-10,1,0
0.00200548,0.438375,-0.0079413,0.711041,4.55494,218588,-1,1.60724e-09,1,0
0.00200625,0.437694,-0.00779901,0.711615,4.55646,218165,-1,3.86296e-10,1,0
0.00200765,0.438779,-0.00654143,0.711571,4.55483,218554,-1,1.05681e-10,1,0
0.00200817,0.438473,-0.00667911,0.711416,4.55929,218344,-1,2.96179e-10,1,0
0.00200854,0.43842,-0.00648032,0.710995,4.55929,218278,-1,2.96179e-10,1,0
0.00200929,0.438487,-0.00614067,0.710202,4.55862,218230,-1,1.845e-10,1,0
0.00200997,0.437948,-0.00577689,0.709931,4.55738,217888,-1,7.25092e-10,1,0
0.00201087,0.438011,-0.00571812,0.710851,4.5554,217822,-1,9.82772e-10,1,0
0.00201146,0.438593,-0.00580226,0.710767,4.55249,218048,-1,5.18655e-10,1,0
0.0020117,0.438358,-0.00578066,0.710875,4.55487,217904,-1,6.44637e-11,1,0
0.00201292,0.438691,-0.00616334,0.712327,4.55489,217938,-1,6.44637e-11,1,0
0.0020139,0.438961,-0.00647337,0.713504,4.5547,217965,-1,2.78468e-09,1,0
0.00201505,0.438042,-0.0059115,0.713513,4.55471,217385,-1,1.26755e-09,1,0
0.00201536,0.437818,-0.00565123,0.713375,4.55453,217241,-1,9.01424e-11,1,0
0.00201589,0.437762,-0.00553602,0.713338,4.55606,217155,-1,2.83635e-10,1,0
0.0020172,0.436901,-0.00613719,0.712706,4.555,216588,-1,5.03395e-10,1,0
0.00201805,0.437276,-0.00711533,0.712433,4.55502,216682,-1,5.03395e-10,1,0
0.00201846,0.43752,-0.00730183,0.712283,4.55354,216759,-1,1.41911e-09,1,0
0.00201958,0.438096,-0.00722515,0.712011,4.55245,216924,-1,4.43782e-10,1,0
0.00202032,0.437923,-0.00768326,0.711405,4.55231,216759,-1,7.0106e-10,1,0
0.00202072,0.437793,-0.0075898,0.711144,4.5523,216651,-1,1.72974e-10,1,0
0.00202149,0.437434,-0.00843913,0.71093,4.55209,216392,-1,2.76256e-10,1,0
0.0020221,0.437162,-0.00907864,0.710632,4.55219,216192,-1,3.03275e-10,1,0
0.00202393,0.438276,-0.00866536,0.711339,4.55369,216547,-1,7.30087e-10,1,0
0.00202464,0.438069,-0.00859424,0.71221,4.55368,216369,-1,7.30087e-10,1,0
0.00202509,0.437937,-0.00854851,0.712769,4.55367,216255,-1,7.30087e-10,1,0
0.0020263,0.437997,-0.00855951,0.713865,4.55272,216156,-1,2.65299e-09,1,0
0.0020272,0.439072,-0.00889725,0.71371,4.55277,216590,-1,2.65299e-09,1,0
0.00202771,0.439497,-0.00895091,0.713753,4.55254,216745,-1,1.52719e-10,1,0
0.00202804,0.439624,-0.00928387,0.713541,4.55273,216773,-1,4.14546e-10,1,0
0.00202876,0.440365,-0.00949679,0.713154,4.55264,217061,-1,7.24109e-10,1,0
0.00202898,0.440482,-0.00949723,0.71331,4.55031,217095,-1,1.98346e-10,1,0
0.00203017,0.44007,-0.0104759,0.712265,4.55121,216765,-1,6.58318e-10,1,0
0.00203157,0.440773,-0.00900564,0.712687,4.55188,216961,-1,7.1368e-10,1,0
0.00203198,0.440709,-0.00854577,0.712811,4.55205,216886,-1,3.77086e-10,1,0
0.00203327,0.439843,-0.00844131,0.711924,4.55207,216323,-1,1.16552e-09,1,0
0.00203352,0.439978,-0.00859837,0.711942,4.55221,216363,-1,7.40058e-11,1,0
0.00203483,0.4392,-0.00782202,0.71085,4.55286,215841,-1,6.31488e-10,1,0
0.00203513,0.439338,-0.00790531,0.710975,4.55285,215877,-1,7.6442e-11,1,0
0.0020359,0.438712,-0.00850066,0.711419,4.55278,215488,-1,2.52016e-10,1,0
0.00203602,0.438599,-0.00849305,0.711507,4.55335,215420,-1,1.26683e-10,1,0
0.00203691,0.439469,-0.00848227,0.711678,4.55317,215752,-1,6.25973e-10,1,0
0.00203736,0.439854,-0.00875289,0.711891,4.5535,215894,-1,2.8295e-10,1,0
0.00203779,0.439783,-0.00839003,0.711522,4.55349,215814,-1,4.77047e-10,1,0
0.00203866,0.439412,-0.00783694,0.711313,4.55224,215539,-1,3.40565e-11,1,0
0.00203872,0.43945,-0.00784177,0.711254,4.55224,215552,-1,3.40565e-11,1,0
0.00203938,0.439905,-0.00789953,0.710549,4.55202,215705,-1,9.12e-10,1,0
0.00203993,0.43979,-0.00737123,0.710577,4.55342,215590,-1,4.82488e-10,1,0
0.00204099,0.440461,-0.00844661,0.711016,4.55346,215808,-1,1.34192e-09,1,0
0.00204148,0.440231,-0.00856546,0.711029,4.55643,215643,-1,3.72527e-10,1,0
0.00204314,0.439265,-0.00795561,0.709402,4.55468,214995,-1,1.06269e-09,1,0
0.00204393,0.438957,-0.00763798,0.709765,4.55013,214762,-1,7.75945e-10,1,0
0.00204448,0.439443,-0.00810947,0.709605,4.55085,214941,-1,5.42866e-10,1,0
0.00204582,0.439988,-0.00922062,0.709301,4.55167,215066,-1,6.74255e-10,1,0
0.00204645,0.440209,-0.00959199,0.70882,4.54896,215109,-1,9.14422e-11,1,0
0.00204749,0.440965,-0.00914525,0.709238,4.55153,215368,-1,1.06904e-09,1,0
0.00204803,0.441125,-0.00980971,0.709247,4.55153,215390,-1,1.06904e-09,1,0
0.00204947,0.440416,-0.0111543,0.708768,4.54922,214893,-1,6.70189e-10,1,0
0.00204995,0.44035,-0.0117232,0.708673,4.54899,214810,-1,1.63069e-09,1,0
0.00205056,0.440303,-0.0121718,0.708992,4.54672,214723,-1,5.76885e-10,1,0
0.00205096,0.440473,-0.0120142,0.708652,4.54657,214764,-1,7.1227e-11,1,0
0.00205139,0.440269,-0.0121543,0.708491,4.54092,214620,-1,1.54084e-10,1,0
0.00205241,0.439461,-0.011153,0.708588,4.54088,214120,-1,1.54084e-10,1,0
0.00205404,0.438506,-0.0115329,0.708622,4.53882,213484,-1,2.40209e-10,1,0
0.00205462,0.438355,-0.0120927,0.708876,4.54007,213351,-1,3.41306e-10,1,0
0.00205564,0.438647,-0.011424,0.709217,4.53672,213387,-1,8.14467e-10,1,0
0.00205662,0.43974,-0.0117949,0.708923,4.53489,213817,-1,3.14094e-10,1,0
0.0020575,0.43874,-0.0113315,0.709113,4.53484,213239,-1,3.14094e-10,1,0
0.00205806,0.438106,-0.0110378,0.709233,4.53381,212873,-1,1.82723e-09,1,0
0.0020589,0.437473,-0.0107031,0.709549,4.53532,212479,-1,4.55783e-10,1,0
0.0020601,0.436777,-0.00978218,0.709834,4.53511,212018,-1,3.73844e-10,1,0
0.00206084,0.436909,-0.0100251,0.708953,4.53579,212005,-1,8.05638e-10,1,0
0.00206215,0.437174,-0.0104372,0.707857,4.53514,211999,-1,4.98448e-10,1,0
0.00206288,0.437053,-0.0113019,0.708075,4.53441,211865,-1,6.0686e-10,1,0
0.00206296,0.437056,-0.0113397,0.708006,4.5319,211859,-1,7.50688e-11,1,0
0.00206471,0.437152,-0.0126825,0.70786,4.53416,211726,-1,1.3593e-09,1,0
0.00206486,0.437323,-0.012721,0.707795,4.53388,211793,-1,1.03508e-09,1,0
0.00206492,0.43736,-0.0127488,0.707806,4.53159,211805,-1,2.2222e-11,1,0
0.00206597,0.437253,-0.0115914,0.707423,4.53203,211646,-1,1.29644e-10,1,0
0.0020662,0.436976,-0.0116117,0.707514,4.53202,211488,-1,1.29644e-10,1,0
0.00206754,0.438126,-0.0111484,0.708366,4.53388,211907,-1,1.57531e-09,1,0
0.00206798,0.438223,-0.0115973,0.708468,4.53377,211908,-1,1.13297e-10,1,0
0.00206826,0.438288,-0.0115799,0.708528,4.53215,211911,-1,1.27667e-10,1,0
0.00206922,0.439087,-0.0119719,0.708016,4.53121,212199,-1,1.6458e-10,1,0
0.00207055,0.440082,-0.0129546,0.707086,4.53125,212543,-1,1.6458e-10,1,0
0.00207143,0.440502,-0.0137711,0.706548,4.53197,212657,-1,5.75132e-10,1,0
0.00207257,0.440556,-0.014129,0.705472,4.53154,212565,-1,2.19308e-10,1,0
0.00207285,0.440531,-0.0142329,0.705262,4.53372,212524,-1,1.50195e-09,1,0
0.00207419,0.440992,-0.0146914,0.706186,4.53002,212609,-1,1.1808e-09,1,0
0.00207589,0.44111,-0.0143381,0.70717,4.52872,212492,-1,1.17454e-09,1,0
0.00207655,0.440438,-0.0147812,0.707221,4.52892,212101,-1,7.48779e-10,1,0
0.00207756,0.439534,-0.01496,0.708106,4.52887,211563,-1,7.48779e-10,1,0
0.00207841,0.438777,-0.0151097,0.708846,4.52883,211112,-1,7.48779e-10,1,0
0.0020801,0.437683,-0.0147938,0.709453,4.53004,210415,-1,3.90113e-09,1,0
0.00208072,0.437619,-0.0141747,0.708966,4.53004,210320,-1,3.90113e-09,1,0
0.0020813,0.437528,-0.0143032,0.709296,4.53092,210219,-1,2.94607e-10,1,0
0.00208221,0.437451,-0.0152497,0.709944,4.53092,210090,-1,2.94607e-10,1,0
0.00208339,0.437351,-0.0164745,0.710782,4.53091,209923,-1,2.94607e-10,1,0
0.00208378,0.437317,-0.0168879,0.711065,4.52986,209867,-1,3.40151e-09,1,0
0.00208444,0.437567,-0.0176259,0.710773,4.52987,209921,-1,3.40151e-09,1,0
0.00208553,0.437978,-0.0188399,0.710291,4.52989,210009,-1,3.40151e-09,1,0
0.0020861,0.437547,-0.0183738,0.710174,4.53073,209744,-1,2.2473e-09,1,0
0.00208698,0.436791,-0.017637,0.709941,4.53152,209293,-1,1.6191e-09,1,0
0.00208855,0.436147,-0.0177014,0.709373,4.52829,208828,-1,7.9529e-10,1,0
0.00208888,0.436181,-0.0175566,0.709764,4.52829,208811,-1,7.9529e-10,1,0
0.00208913,0.436268,-0.0173906,0.709836,4.52949,208827,-1,7.42981e-11,1,0
0.0020903,0.435866,-0.0171486,0.710414,4.53006,208518,-1,1.06018e-09,1,0
0.0020909,0.435614,-0.0170563,0.710624,4.533,208338,-1,3.9542e-10,1,0
0.00209178,0.435102,-0.0180153,0.710831,4.53183,208006,-1,9.82895e-10,1,0
0.00209263,0.435063,-0.0181924,0.711262,4.53159,207902,-1,6.52008e-10,1,0
0.0020939,0.434298,-0.0194231,0.710748,4.5308,207412,-1,1.48438e-09,1,0
0.00209472,0.433583,-0.0198752,0.710171,4.53087,206989,-1,6.11854e-10,1,0
0.00209632,0.43342,-0.0193855,0.709856,4.53091,206752,-1,1.92851e-09,1,0
0.00209716,0.433924,-0.018489,0.710119,4.52981,206910,-1,2.12155e-09,1,0
0.00209867,0.432959,-0.0192754,0.710367,4.5282,206301,-1,7.1491e-10,1,0
0.00209902,0.432838,-0.0196273,0.710547,4.52971,206209,-1,1.61379e-09,1,0
0.00209928,0.432899,-0.0196423,0.710222,4.52963,206212,-1,3.00546e-10,1,0
0.00210003,0.432704,-0.0193986,0.7095,4.52959,206047,-1,4.58839e-10,1,0
0.00210058,0.432018,-0.0194664,0.709511,4.52956,205666,-1,4.58839e-10,1,0
0.00210127,0.432041,-0.0195353,0.709655,4.53009,205609,-1,4.36941e-10,1,0
0.00210198,0.432344,-0.0191585,0.710212,4.52913,205684,-1,3.65761e-11,1,0
0.0021024,0.432259,-0.019353,0.710494,4.53078,205603,-1,3.7155e-10,1,0
0.00210302,0.431946,-0.0190192,0.710018,4.53125,205393,-1,6.98018e-10,1,0
0.00210378,0.432607,-0.0189436,0.710428,4.53123,205634,-1,6.32398e-10,1,0
0.00210451,0.432902,-0.0191993,0.710791,4.53032,205702,-1,3.50818e-10,1,0
0.00210617,0.431617,-0.0192516,0.710475,4.53476,204930,-1,5.68522e-10,1,0
0.00210714,0.431707,-0.018435,0.710924,4.53576,204878,-1,6.53004e-10,1,0
0.00210808,0.431897,-0.0184403,0.710305,4.53212,204877,-1,6.70054e-11,1,0
0.00210876,0.431718,-0.0179284,0.710607,4.53347,204726,-1,5.85652e-10,1,0
0.00210969,0.430553,-0.0179659,0.710811,4.53551,204083,-1,1.44703e-09,1,0
0.00211066,0.431356,-0.0181551,0.710786,4.53488,204370,-1,2.10978e-10,1,0
0.00211115,0.431332,-0.0183672,0.71097,4.53504,204312,-1,3.38768e-10,1,0
0.00211209,0.430618,-0.017766,0.711576,4.53451,203882,-1,1.10321e-09,1,0
0.00211239,0.430392,-0.0179793,0.711713,4.53223,203747,-1,7.18882e-11,1,0
0.00211277,0.430604,-0.0183421,0.711475,4.53282,203810,-1,9.92371e-12,1,0
0.00211395,0.429585,-0.0186773,0.711959,4.535,203214,-1,4.96525e-10,1,0
0.00211426,0.429287,-0.0186325,0.712001,4.53527,203043,-1,1.05672e-09,1,0
0.00211501,0.428816,-0.0183073,0.711351,4.53559,202749,-1,3.12233e-10,1,0
0.00211605,0.42846,-0.0184041,0.710156,4.53394,202481,-1,1.27675e-09,1,0
0.00211652,0.428676,-0.0186432,0.70986,4.53489,202538,-1,4.43424e-10,1,0
0.00211713,0.428696,-0.0181548,0.709742,4.53137,202490,-1,5.20298e-10,1,0
0.00211889,0.427418,-0.0175122,0.710237,4.53053,201718,-1,1.06007e-09,1,0
0.0021207,0.426514,-0.0170426,0.711412,4.53195,201120,-1,1.22251e-09,1,0
0.00212153,0.426153,-0.0177958,0.711717,4.53066,200871,-1,9.40762e-11,1,0
0.00212209,0.425839,-0.0183712,0.711998,4.53065,200669,-1,9.40762e-11,1,0
0.002123,0.425337,-0.0192903,0.712448,4.53062,200347,-1,9.40762e-11,1,0
0.00212396,0.424993,-0.0200633,0.712831,4.52996,200094,-1,4.25222e-11,1,0
0.00212557,0.426119,-0.0191487,0.712867,4.52681,200473,-1,9.66661e-10,1,0
0.00212601,0.426403,-0.0189162,0.712492,4.52656,200565,-1,5.27177e-10,1,0
0.00212615,0.426293,-0.018809,0.712449,4.52749,200500,-1,3.21164e-11,1,0
0.00212755,0.427018,-0.0188565,0.714063,4.52753,200709,-1,3.21164e-11,1,0
0.00212893,0.427732,-0.0189033,0.715651,4.52573,200914,-1,3.51139e-09,1,0
0.00213005,0.427493,-0.0181639,0.716279,4.52251,200697,-1,3.44082e-10,1,0
0.00213033,0.427409,-0.0178363,0.716393,4.52243,200630,-1,1.05248e-09,1,0
0.00213159,0.427032,-0.0170193,0.717221,4.52057,200335,-1,3.10296e-10,1,0
0.00213291,0.426974,-0.015851,0.718406,4.52057,200184,-1,3.10296e-10,1,0
0.00213398,0.427006,-0.0151539,0.718915,4.51787,200099,-1,9.43597e-11,1,0
0.00213539,0.427707,-0.014409,0.720121,4.51755,200295,-1,1.64857e-09,1,0
0.00213599,0.427317,-0.0137883,0.720149,4.51763,200056,-1,6.67802e-10,1,0
0.00213703,0.427238,-0.0126746,0.719456,4.51701,199921,-1,1.40894e-09,1,0
0.00213737,0.427535,-0.0128254,0.719208,4.50951,200029,-1,4.18245e-10,1,0
0.00213833,0.427117,-0.0136048,0.718953,4.50471,199743,-1,3.11328e-10,1,0
0.00213922,0.426903,-0.0127186,0.719545,4.50134,199561,-1,4.84515e-11,1,0
0.00214093,0.428059,-0.0124999,0.719981,4.50141,199941,-1,1.8459e-09,1,0
0.00214114,0.428175,-0.0124821,0.720083,4.50266,199975,-1,6.99085e-11,1,0
0.00214191,0.428586,-0.0118794,0.720716,4.50423,200096,-1,1.03175e-09,1,0
0.0021424,0.428227,-0.0114354,0.720459,4.50533,199882,-1,6.26112e-10,1,0
0.00214305,0.428369,-0.0116637,0.719983,4.50523,199887,-1,8.24796e-11,1,0
0.00214351,0.428419,-0.012083,0.719593,4.50524,199868,-1,8.24796e-11,1,0
0.00214429,0.428503,-0.0128027,0.718923,4.50313,199834,-1,1.56133e-09,1,0
0.00214511,0.427486,-0.0128406,0.718805,4.50306,199284,-1,1.02433e-09,1,0
0.00214659,0.426182,-0.0129342,0.718163,4.50336,198540,-1,1.3719e-09,1,0
0.00214715,0.425915,-0.0135014,0.718174,4.50211,198363,-1,3.0059e-11,1,0
0.00214754,0.425606,-0.0138022,0.71841,4.5054,198183,-1,7.67042e-10,1,0
0.0021487,0.425795,-0.0129412,0.717826,4.50359,198164,-1,1.24697e-09,1,0
0.00214996,0.425872,-0.0133137,0.718456,4.50217,198083,-1,4.90546e-10,1,0
0.00215023,0.425618,-0.0132438,0.718466,4.49855,197940,-1,5.0049e-11,1,0
0.00215154,0.424585,-0.0123675,0.718862,4.49977,197340,-1,1.84195e-10,1,0
0.00215168,0.424436,-0.0122907,0.718901,4.49911,197258,-1,1.61789e-09,1,0
0.00215217,0.424063,-0.0119905,0.718719,4.49784,197040,-1,3.14498e-10,1,0
0.00215316,0.424213,-0.0112082,0.71839,4.49603,197019,-1,1.16892e-09,1,0
0.00215371,0.424553,-0.0116194,0.718605,4.49686,197126,-1,5.14959e-10,1,0
0.0021548,0.425115,-0.0123192,0.719551,4.49681,197287,-1,9.135e-10,1,0
0.00215535,0.425484,-0.0123709,0.719855,4.49765,197408,-1,5.53409e-10,1,0
0.00215661,0.426391,-0.011549,0.720526,4.49509,197713,-1,4.13459e-10,1,0
0.00215733,0.426543,-0.0118942,0.720598,4.49822,197717,-1,4.08099e-10,1,0
0.00215914,0.424526,-0.0128813,0.720969,4.49569,196618,-1,4.35959e-10,1,0
0.00215965,0.425006,-0.0125482,0.72072,4.49572,196794,-1,4.35959e-10,1,0
0.00216003,0.425374,-0.0122936,0.72053,4.49653,196929,-1,1.12101e-09,1,0
0.0021606,0.425189,-0.0127894,0.720651,4.49356,196792,-1,1.52209e-10,1,0
0.00216129,0.424663,-0.0134065,0.720971,4.49456,196486,-1,1.36304e-09,1,0
0.00216204,0.42479,-0.0136719,0.720149,4.49627,196476,-1,7.87953e-10,1,0
0.00216246,0.425172,-0.0138236,0.719842,4.49754,196615,-1,4.82741e-10,1,0
0.00216283,0.425215,-0.0139414,0.71957,4.49465,196601,-1,2.43408e-11,1,0
0.00216371,0.42595,-0.013244,0.719997,4.49484,196861,-1,1.09971e-09,1,0
0.00216533,0.425216,-0.0116842,0.719287,4.49708,196374,-1,1.75245e-09,1,0
0.00216583,0.425086,-0.0114742,0.719148,4.49609,196269,-1,3.32989e-10,1,0
0.00216658,0.424884,-0.0107377,0.719076,4.49663,196109,-1,4.51127e-10,1,0
0.00216714,0.424958,-0.0105782,0.719247,4.5004,196092,-1,1.17244e-09,1,0
0.00216781,0.425459,-0.0110731,0.71964,4.5015,196262,-1,7.42706e-11,1,0
0.00216894,0.425555,-0.012115,0.719125,4.50446,196204,-1,6.1054e-10,1,0
0.00216982,0.425544,-0.0120368,0.720232,4.50446,196120,-1,6.1054e-10,1,0
0.00217041,0.425725,-0.0121598,0.720425,4.50647,196149,-1,6.61887e-11,1,0
0.0021717,0.425426,-0.0137068,0.72082,4.50335,195895,-1,1.62438e-09,1,0
0.00217243,0.425153,-0.0128541,0.72061,4.50333,195703,-1,1.62438e-09,1,0
0.00217293,0.42545,-0.0125848,0.720467,4.50321,195796,-1,1.16025e-09,1,0
0.00217409,0.426591,-0.0124539,0.720084,4.50296,196216,-1,1.69249e-09,1,0
0.00217486,0.425796,-0.0126387,0.719566,4.50292,195781,-1,1.69249e-09,1,0
0.00217552,0.425327,-0.0125361,0.718932,4.50178,195506,-1,5.92068e-10,1,0
0.00217766,0.425127,-0.0100518,0.718586,4.50016,195221,-1,2.1202e-09,1,0
0.00217816,0.425176,-0.0103245,0.718034,4.49765,195200,-1,6.18162e-10,1,0
0.00217856,0.424847,-0.0105402,0.71809,4.49869,195013,-1,3.52282e-10,1,0
0.00217906,0.42449,-0.0106608,0.717592,4.49867,194804,-1,3.52282e-10,1,0
0.00218003,0.423787,-0.0108982,0.716612,4.49864,194395,-1,3.52282e-10,1,0
0.00218077,0.424487,-0.0108649,0.716718,4.49752,194650,-1,8.03997e-10,1,0
0.00218126,0.424638,-0.011235,0.716601,4.4944,194676,-1,1.93481e-10,1,0
0.00218155,0.424725,-0.0115614,0.716763,4.49441,194689,-1,3.74813e-10,1,0
0.00218204,0.424866,-0.012108,0.717014,4.49442,194710,-1,3.74813e-10,1,0
0.00218344,0.425267,-0.0136599,0.717727,4.49461,194769,-1,2.37239e-09,1,0
0.00218436,0.426321,-0.01318,0.717629,4.49597,195170,-1,1.16239e-09,1,0
0.00218511,0.426672,-0.0129668,0.717659,4.49738,195263,-1,4.90434e-10,1,0
0.0021856,0.427201,-0.0129647,0.717958,4.49552,195462,-1,6.07624e-10,1,0
0.00218748,0.427001,-0.0107339,0.717185,4.4953,195202,-1,2.36948e-09,1,0
0.00218899,0.425363,-0.0102239,0.716409,4.4931,194319,-1,2.55078e-10,1,0
0.00218966,0.425418,-0.0100351,0.716069,4.49199,194285,-1,5.63799e-10,1,0
0.00219144,0.424281,-0.00882195,0.717576,4.49194,193608,-1,5.63799e-10,1,0
0.00219273,0.423027,-0.00814199,0.717701,4.49176,192922,-1,3.06581e-09,1,0
0.00219315,0.422555,-0.00795575,0.717585,4.49076,192671,-1,1.59943e-09,1,0
0.00219427,0.422558,-0.00728833,0.71841,4.49227,192573,-1,6.94293e-10,1,0
0.00219507,0.422283,-0.00723966,0.718379,4.49344,192378,-1,6.23541e-10,1,0
0.00219571,0.422273,-0.00786568,0.718003,4.49305,192317,-1,4.19563e-10,1,0
0.00219606,0.422126,-0.00807024,0.717742,4.49227,192220,-1,7.05818e-10,1,0
0.00219702,0.422467,-0.00825233,0.717627,4.4863,192291,-1,7.69026e-10,1,0
0.00219748,0.422259,-0.00814573,0.718047,4.48209,192156,-1,5.0116e-10,1,0
0.00219873,0.422011,-0.00962499,0.718481,4.48342,191934,-1,1.39489e-11,1,0
0.00219947,0.421573,-0.0104107,0.718379,4.48383,191670,-1,1.7173e-09,1,0
0.00220045,0.421535,-0.0102146,0.718766,4.48294,191567,-1,7.74588e-10,1,0
0.00220098,0.42131,-0.0102929,0.718321,4.48343,191420,-1,3.5336e-10,1,0
0.00220149,0.420728,-0.0104554,0.718135,4.48302,191111,-1,9.20887e-10,1,0
0.00220189,0.420263,-0.0103049,0.718286,4.48087,190865,-1,5.35243e-10,1,0
0.00220243,0.420531,-0.0101177,0.718272,4.48209,190940,-1,2.14929e-10,1,0
0.00220268,0.420475,-0.00996319,0.718352,4.47815,190893,-1,1.93056e-10,1,0
0.00220343,0.421342,-0.0102209,0.71839,4.47858,191221,-1,8.43374e-10,1,0
0.00220433,0.422016,-0.0108001,0.717885,4.47959,191448,-1,1.73822e-10,1,0
0.00220529,0.422766,-0.0115008,0.717263,4.47962,191706,-1,1.73822e-10,1,0
0.0022058,0.423164,-0.0118721,0.716934,4.47914,191842,-1,2.46601e-09,1,0
0.00220655,0.42398,-0.011899,0.716503,4.47851,192146,-1,4.61892e-10,1,0
0.00220766,0.424941,-0.0121826,0.715681,4.47839,192485,-1,1.87138e-10,1,0
0.00220871,0.42576,-0.011735,0.715415,4.47908,192764,-1,5.68825e-10,1,0
0.00220975,0.426743,-0.0115192,0.715506,4.47779,193119,-1,4.58753e-10,1,0
0.00221142,0.425893,-0.0114331,0.716741,4.47613,192588,-1,1.78105e-09,1,0
0.00221236,0.426045,-0.0109142,0.715687,4.47614,192575,-1,1.78105e-09,1,0
0.00221291,0.426214,-0.0110622,0.715181,4.47588,192603,-1,3.90618e-10,1,0
0.00221382,0.426146,-0.0110247,0.716317,4.47377,192494,-1,9.92769e-13,1,0
0.00221416,0.42612,-0.0110106,0.716749,4.47377,192452,-1,9.92769e-13,1,0
0.00221432,0.425956,-0.0109185,0.716773,4.47201,192365,-1,1.57575e-09,1,0
0.00221498,0.425793,-0.0108098,0.71694,4.47451,192234,-1,6.89306e-10,1,0
0.00221614,0.427038,-0.0111985,0.717573,4.47401,192694,-1,8.71199e-10,1,0
0.00221698,0.427949,-0.011385,0.718078,4.47406,193032,-1,8.71199e-10,1,0
0.00221841,0.42884,-0.0117689,0.717916,4.47162,193310,-1,7.46348e-10,1,0
0.00221874,0.428793,-0.0118616,0.717949,4.47072,193260,-1,2.34028e-10,1,0
0.00222054,0.430296,-0.010583,0.717983,4.47154,193780,-1,1.19445e-09,1,0
0.00222087,0.43019,-0.0107935,0.717921,4.47181,193703,-1,1.52608e-10,1,0
0.00222194,0.430845,-0.00988484,0.717598,4.47261,193905,-1,2.56055e-10,1,0
0.00222272,0.431383,-0.00950909,0.717729,4.47318,194079,-1,1.87379e-09,1,0
0.00222405,0.431718,-0.0103362,0.718939,4.47057,194113,-1,5.91077e-10,1,0
0.00222462,0.432064,-0.0104975,0.718653,4.47115,194219,-1,1.52273e-10,1,0
0.00222562,0.433227,-0.0109423,0.718614,4.47095,194654,-1,1.14628e-09,1,0
0.00222603,0.433696,-0.0109862,0.718398,4.47318,194829,-1,6.31398e-10,1,0
0.00222654,0.433675,-0.0114802,0.71801,4.47318,194776,-1,6.31398e-10,1,0
0.00222749,0.433803,-0.0113372,0.719125,4.47528,194750,-1,6.64589e-10,1,0
0.0022281,0.4332,-0.0112198,0.719481,4.47505,194426,-1,1.24504e-09,1,0
0.00222865,0.432511,-0.0112128,0.719472,4.47526,194069,-1,7.30987e-10,1,0
0.00222899,0.432087,-0.0112135,0.719453,4.4757,193849,-1,1.06655e-09,1,0
0.00222921,0.431953,-0.0109722,0.719438,4.47525,193769,-1,3.02075e-11,1,0
0.00222977,0.431677,-0.011064,0.719921,4.47119,193597,-1,1.53383e-10,1,0
0.00223053,0.431513,-0.0119594,0.719992,4.47135,193457,-1,5.42162e-10,1,0
0.00223138,0.431238,-0.0129096,0.720398,4.47133,193260,-1,5.42162e-10,1,0
0.00223182,0.431087,-0.0133711,0.720636,4.47055,193155,-1,1.9404e-09,1,0
0.00223288,0.430912,-0.014676,0.720691,4.47301,192984,-1,1.28782e-09,1,0
0.00223379,0.430871,-0.0153302,0.721623,4.47301,192888,-1,1.28782e-09,1,0
0.00223395,0.430968,-0.0152651,0.721705,4.47487,192918,-1,1.43674e-10,1,0
0.00223457,0.430408,-0.0157994,0.721708,4.47456,192614,-1,7.74211e-10,1,0
0.00223486,0.430704,-0.015902,0.721525,4.47457,192721,-1,7.74211e-10,1,0
0.00223538,0.431074,-0.0160985,0.721161,4.47404,192842,-1,1.23494e-10,1,0
0.00223656,0.43142,-0.0162,0.721675,4.46885,192895,-1,9.09425e-10,1,0
0.00223729,0.431497,-0.0168661,0.721316,4.46761,192866,-1,2.17333e-10,1,0
0.00223804,0.431402,-0.0161323,0.721094,4.46515,192759,-1,2.18259e-10,1,0
0.00223867,0.431504,-0.0153604,0.720963,4.4666,192750,-1,2.30945e-11,1,0
0.00223929,0.430924,-0.0154127,0.720917,4.46762,192437,-1,1.41975e-10,1,0
0.0022407,0.429895,-0.0157765,0.721477,4.46835,191857,-1,1.46059e-09,1,0
0.00224171,0.429824,-0.015745,0.722216,4.4664,191740,-1,7.88448e-10,1,0
0.00224239,0.429588,-0.0149244,0.722291,4.46655,191576,-1,8.68378e-10,1,0
0.00224273,0.429815,-0.0150963,0.722222,4.4656,191648,-1,1.09698e-10,1,0
0.00224323,0.430382,-0.0153481,0.722238,4.4651,191858,-1,9.41041e-10,1,0
0.00224428,0.429761,-0.0145987,0.72173,4.46341,191492,-1,1.079e-09,1,0
0.00224516,0.430068,-0.0149426,0.720729,4.46342,191553,-1,1.079e-09,1,0
0.00224642,0.43011,-0.0154317,0.719967,4.46448,191464,-1,7.03612e-11,1,0
0.00224715,0.43087,-0.0157391,0.720204,4.46402,191741,-1,8.59591e-10,1,0
0.00224749,0.430996,-0.0159792,0.72023,4.46158,191768,-1,3.39876e-10,1,0
0.0022494,0.432371,-0.0148731,0.721853,4.46165,192216,-1,3.39876e-10,1,0
0.00225034,0.433321,-0.0149031,0.721802,4.46267,192558,-1,2.75899e-09,1,0
0.00225106,0.434126,-0.0151165,0.721481,4.46271,192854,-1,2.75899e-09,1,0
0.00225193,0.435115,-0.015378,0.721089,4.46307,193219,-1,3.29828e-12,1,0
0.00225228,0.435464,-0.0152295,0.720866,4.46259,193344,-1,4.40467e-10,1,0
0.00225291,0.435193,-0.0145657,0.72063,4.45901,193169,-1,7.13222e-10,1,0
0.00225401,0.435539,-0.0139422,0.721147,4.46024,193229,-1,1.07913e-09,1,0
0.00225474,0.434657,-0.0140798,0.721245,4.46047,192775,-1,7.66884e-10,1,0
0.00225643,0.434733,-0.0155226,0.722408,4.46168,192664,-1,1.66028e-09,1,0
0.00225682,0.434573,-0.015664,0.722804,4.4603,192560,-1,3.01945e-11,1,0
0.00225766,0.43385,-0.015345,0.723239,4.45807,192168,-1,1.12904e-10,1,0
0.00225832,0.433258,-0.0152834,0.722661,4.45804,191849,-1,1.12904e-10,1,0
0.00225899,0.43266,-0.0152214,0.722078,4.4589,191528,-1,1.66729e-09,1,0
0.00226064,0.432555,-0.015375,0.722555,4.45869,191342,-1,1.11735e-09,1,0
0.00226127,0.432776,-0.0152823,0.721902,4.45765,191387,-1,8.76193e-11,1,0
0.00226167,0.43269,-0.0156049,0.722177,4.45702,191314,-1,7.31357e-11,1,0
0.00226197,0.432576,-0.015903,0.722371,4.45701,191238,-1,7.31357e-11,1,0
0.00226312,0.433132,-0.0155163,0.72207,4.45457,191387,-1,5.97207e-10,1,0
0.0022644,0.433688,-0.0146866,0.721036,4.45378,191524,-1,1.73527e-09,1,0
0.0022662,0.435708,-0.0140167,0.720324,4.45388,192264,-1,1.73527e-09,1,0
0.00226699,0.43665,-0.0138131,0.720092,4.45407,192612,-1,3.08593e-09,1,0
0.00226857,0.438285,-0.0141708,0.720576,4.45507,193199,-1,1.45088e-09,1,0
0.00226863,0.438346,-0.0141733,0.72061,4.4574,193221,-1,3.97597e-11,1,0
0.00226913,0.43786,-0.0142244,0.720889,4.45901,192964,-1,9.87626e-11,1,0
0.00227017,0.437486,-0.0145527,0.721413,4.4609,192711,-1,3.72473e-10,1,0
0.00227142,0.436579,-0.0146914,0.722683,4.45981,192206,-1,2.49363e-09,1,0
0.00227224,0.436587,-0.0147914,0.722298,4.46255,192139,-1,4.45972e-10,1,0
0.00227276,0.436274,-0.01434,0.722526,4.46174,191958,-1,7.7425e-10,1,0
0.00227419,0.43651,-0.013224,0.72243,4.46377,191941,-1,3.48985e-10,1,0
0.00227494,0.435968,-0.0137355,0.721912,4.46202,191639,-1,8.38177e-10,1,0
0.00227601,0.435751,-0.0142596,0.721588,4.45922,191453,-1,6.50798e-10,1,0
0.00227706,0.436771,-0.0135087,0.721495,4.45956,191814,-1,1.24137e-09,1,0
0.00227884,0.438338,-0.0131796,0.72039,4.45826,192351,-1,9.42387e-10,1,0
0.00227918,0.438658,-0.0130414,0.720619,4.45851,192463,-1,3.46486e-10,1,0
0.00227971,0.438612,-0.0129275,0.720512,4.45788,192398,-1,3.60298e-10,1,0
0.00227999,0.438645,-0.0126482,0.720362,4.45485,192389,-1,2.94559e-10,1,0
0.00228042,0.438609,-0.0124258,0.720221,4.46024,192337,-1,1.17819e-10,1,0
0.00228155,0.438803,-0.0124616,0.719585,4.46268,192326,-1,6.59756e-10,1,0
0.00228231,0.438501,-0.0118654,0.720021,4.46337,192130,-1,2.63881e-10,1,0
0.00228359,0.43776,-0.0123802,0.720013,4.46244,191699,-1,1.26081e-09,1,0
0.00228397,0.437577,-0.0128162,0.719922,4.46278,191586,-1,1.50765e-09,1,0
0.00228478,0.438376,-0.0130798,0.719512,4.46274,191868,-1,8.89948e-10,1,0
0.00228572,0.437813,-0.0136215,0.718851,4.46188,191543,-1,5.50488e-10,1,0
0.00228622,0.437749,-0.0139302,0.719365,4.46637,191473,-1,9.128e-11,1,0
0.0022869,0.438329,-0.0133332,0.719335,4.46595,191669,-1,3.92315e-10,1,0
0.00228804,0.438094,-0.0132414,0.719965,4.4681,191471,-1,9.0496e-10,1,0
0.00228828,0.43787,-0.0131198,0.719803,4.46693,191353,-1,3.01913e-10,1,0
0.00228864,0.438087,-0.0130164,0.719762,4.46879,191418,-1,2.08211e-10,1,0
0.00228936,0.437371,-0.0135296,0.719598,4.46938,191045,-1,8.96574e-10,1,0
0.00229041,0.436643,-0.0133124,0.719297,4.464,190639,-1,3.30232e-10,1,0
0.00229124,0.436997,-0.0125432,0.718697,4.46627,190725,-1,1.03751e-09,1,0
0.00229239,0.437507,-0.01312,0.718476,4.46456,190852,-1,3.78442e-10,1,0
0.00229253,0.437585,-0.0130715,0.71846,4.46288,190874,-1,5.49566e-11,1,0
0.00229298,0.437707,-0.0132451,0.718571,4.45831,190890,-1,1.48748e-10,1,0
0.0022937,0.437767,-0.0128076,0.718703,4.45905,190857,-1,3.6209e-10,1,0
0.00229405,0.437694,-0.0131568,0.718505,4.45721,190795,-1,5.60113e-10,1,0
0.00229453,0.437594,-0.0136647,0.718202,4.45776,190712,-1,1.02549e-09,1,0
0.00229555,0.438613,-0.0134792,0.718957,4.4563,191071,-1,1.28117e-09,1,0
0.00229602,0.438158,-0.0131756,0.719169,4.45599,190834,-1,5.8696e-10,1,0
0.00229686,0.437348,-0.0128213,0.719525,4.4579,190411,-1,9.42911e-11,1,0
0.00229759,0.437317,-0.0136902,0.719214,4.4579,190337,-1,9.42911e-11,1,0
0.0022979,0.437305,-0.0140461,0.719086,4.45752,190307,-1,1.3016e-09,1,0
0.00229871,0.437484,-0.0143437,0.719197,4.45717,190317,-1,5.95638e-10,1,0
0.00229975,0.436723,-0.0135855,0.718971,4.45624,189900,-1,1.11414e-09,1,0
0.00230057,0.437207,-0.0133548,0.718104,4.45626,190043,-1,1.11414e-09,1,0
0.00230156,0.437794,-0.013074,0.717049,4.45436,190217,-1,2.45421e-09,1,0
0.0023024,0.438401,-0.0138709,0.716713,4.45439,190410,-1,2.45421e-09,1,0
0.00230274,0.438646,-0.0141919,0.716578,4.45441,190488,-1,2.45421e-09,1,0
0.00230317,0.439035,-0.013824,0.716527,4.45433,190622,-1,1.48236e-09,1,0
0.00230483,0.440189,-0.0123883,0.716721,4.45442,190985,-1,3.91601e-10,1,0
0.00230492,0.440264,-0.0123212,0.716721,4.45345,191010,-1,7.08151e-10,1,0
0.00230577,0.441158,-0.0129008,0.716812,4.45408,191328,-1,1.07898e-09,1,0
0.0023069,0.44244,-0.0130793,0.716264,4.45415,191790,-1,1.07898e-09,1,0
0.00230738,0.442346,-0.0131356,0.716525,4.45528,191709,-1,4.34039e-10,1,0
0.00230776,0.442447,-0.01333,0.716947,4.45541,191721,-1,1.63781e-10,1,0
0.00230825,0.442877,-0.0133872,0.717253,4.4525,191867,-1,6.89289e-11,1,0
0.00231004,0.444519,-0.0139472,0.718574,4.45292,192429,-1,2.69631e-09,1,0
0.00231038,0.44445,-0.0142097,0.718846,4.45341,192371,-1,4.11062e-10,1,0
0.00231151,0.444661,-0.0140249,0.720161,4.45362,192368,-1,2.83439e-10,1,0
0.00231213,0.444173,-0.0137934,0.720696,4.45405,192106,-1,4.57783e-10,1,0
0.00231248,0.44406,-0.0135843,0.720907,4.45553,192028,-1,1.2507e-10,1,0
0.00231276,0.444165,-0.0133814,0.720956,4.45584,192050,-1,1.84643e-10,1,0
0.00231371,0.444146,-0.0130857,0.720736,4.45428,191963,-1,4.12883e-10,1,0
0.00231455,0.444,-0.0135107,0.720857,4.4521,191830,-1,4.07302e-10,1,0
0.00231554,0.443687,-0.014599,0.720355,4.45149,191613,-1,1.88252e-09,1,0
0.00231632,0.443888,-0.0152005,0.71962,4.4515,191635,-1,1.88252e-09,1,0
0.00231674,0.444352,-0.0150025,0.719612,4.45132,191800,-1,9.99031e-10,1,0
0.00231725,0.444774,-0.014756,0.719552,4.44843,191941,-1,3.10973e-10,1,0
0.0023184,0.44464,-0.0133239,0.719593,4.44842,191788,-1,3.10973e-10,1,0
0.00231868,0.444607,-0.0129763,0.719603,4.44929,191751,-1,1.95982e-09,1,0
0.0023191,0.444171,-0.0132284,0.719743,4.44975,191527,-1,5.10226e-10,1,0
0.00231963,0.444374,-0.0132413,0.719706,4.44387,191571,-1,3.45134e-10,1,0
0.00232051,0.444576,-0.0142533,0.719634,4.44039,191585,-1,4.24459e-11,1,0
0.00232196,0.444281,-0.0140916,0.718212,4.43913,191339,-1,7.51525e-10,1,0
0.00232283,0.444257,-0.0134952,0.7173,4.43917,191257,-1,2.05067e-09,1,0
0.0023237,0.444496,-0.0133996,0.716973,4.43669,191288,-1,4.08469e-10,1,0
0.00232484,0.445917,-0.0133153,0.717053,4.43699,191805,-1,1.42595e-09,1,0
0.00232546,0.445598,-0.0127288,0.71679,4.43633,191617,-1,1.68814e-10,1,0
0.00232651,0.445989,-0.0119164,0.71769,4.43204,191698,-1,2.13393e-10,1,0
0.00232831,0.444981,-0.0107519,0.718431,4.4315,191118,-1,1.09858e-09,1,0
0.00232906,0.444517,-0.0111296,0.718864,4.4336,190856,-1,1.38761e-09,1,0
0.00233005,0.444179,-0.0117094,0.719259,4.43574,190631,-1,2.59889e-10,1,0
0.0023306,0.443913,-0.0120571,0.719482,4.43329,190472,-1,4.16188e-11,1,0
0.00233187,0.443455,-0.0122376,0.717978,4.43051,190171,-1,1.09848e-09,1,0
0.00233243,0.443261,-0.0127236,0.717767,4.43005,190043,-1,2.59054e-10,1,0
0.00233282,0.443375,-0.0127035,0.717288,4.43006,190060,-1,2.59054e-10,1,0
0.00233375,0.443231,-0.0127577,0.716857,4.42935,189922,-1,4.28759e-10,1,0
0.0023352,0.4437,-0.0124896,0.716486,4.42865,190005,-1,1.02177e-09,1,0
0.00233664,0.442233,-0.0125331,0.71552,4.42886,189260,-1,8.34373e-10,1,0
0.00233693,0.44207,-0.0124995,0.715562,4.42967,189167,-1,1.9523e-09,1,0
0.00233786,0.441987,-0.0128468,0.716102,4.42844,189056,-1,2.10842e-10,1,0
0.00233854,0.442583,-0.0124507,0.715744,4.42963,189256,-1,3.19703e-11,1,0
0.00233946,0.44197,-0.0133275,0.716122,4.42947,188920,-1,1.09853e-09,1,0
0.00234062,0.442307,-0.0147116,0.716331,4.43038,188970,-1,1.49459e-09,1,0
0.00234117,0.442592,-0.0147877,0.716288,4.42832,189047,-1,2.03238e-10,1,0
0.00234179,0.442332,-0.0142596,0.716675,4.42521,188886,-1,1.11784e-10,1,0
0.0023427,0.442627,-0.0140925,0.717722,4.42491,188939,-1,7.95299e-10,1,0
0.00234517,0.443922,-0.0148414,0.719796,4.42543,189292,-1,2.32849e-09,1,0
0.00234561,0.443822,-0.0146287,0.719663,4.42417,189214,-1,1.33723e-10,1,0
0.00234683,0.443126,-0.0136422,0.719362,4.42162,188819,-1,9.00759e-11,1,0
0.00234743,0.443413,-0.0139839,0.719171,4.42036,188893,-1,3.13563e-10,1,0
0.00234843,0.443623,-0.0138414,0.719606,4.4237,188902,-1,7.72073e-10,1,0
0.00234991,0.444282,-0.0126756,0.718335,4.42374,189064,-1,7.72073e-10,1,0
0.00235047,0.444233,-0.0126994,0.718277,4.4209,188997,-1,3.56663e-10,1,0
0.00235104,0.444627,-0.0129566,0.717966,4.42252,189120,-1,5.96736e-10,1,0
0.00235134,0.444571,-0.0128104,0.718255,4.42283,189071,-1,3.88573e-10,1,0
0.00235221,0.44472,-0.0131794,0.718431,4.42004,189065,-1,4.27534e-10,1,0
0.00235315,0.445087,-0.0139195,0.718362,4.42006,189145,-1,9.47906e-10,1,0
0.0023537,0.445664,-0.0142574,0.718194,4.42009,189346,-1,9.47906e-10,1,0
0.00235404,0.445666,-0.0144187,0.718269,4.41951,189320,-1,1.59735e-09,1,0
0.00235422,0.445479,-0.0144322,0.718394,4.41917,189226,-1,2.35785e-10,1,0
0.00235618,0.444469,-0.0153539,0.718217,4.41845,188639,-1,2.55176e-10,1,0
0.00235738,0.445415,-0.0164748,0.718137,4.41844,188945,-1,2.39612e-10,1,0
0.00235786,0.445879,-0.0168103,0.718245,4.4194,189104,-1,2.5662e-11,1,0
0.00235909,0.445502,-0.0168003,0.719158,4.41818,188845,-1,8.44665e-10,1,0
0.00235954,0.445135,-0.0166827,0.719568,4.41817,188654,-1,8.44665e-10,1,0
0.00236042,0.444517,-0.0163818,0.720339,4.41922,188321,-1,2.66486e-09,1,0
0.00236096,0.444691,-0.0157997,0.720632,4.41923,188352,-1,2.66486e-09,1,0
0.00236231,0.445046,-0.0143152,0.721092,4.41775,188394,-1,3.57819e-10,1,0
0.00236259,0.444887,-0.0142582,0.721341,4.41947,188305,-1,1.28709e-10,1,0
0.00236321,0.444492,-0.0149094,0.721449,4.41847,188088,-1,7.648e-10,1,0
0.00236448,0.443846,-0.0136512,0.721603,4.42075,187714,-1,3.45895e-10,1,0
0.00236465,0.443744,-0.0134827,0.721669,4.42075,187658,-1,3.45895e-10,1,0
0.00236587,0.444464,-0.0131045,0.721629,4.41942,187865,-1,9.99414e-10,1,0
0.00236606,0.444616,-0.0129135,0.721638,4.41943,187914,-1,9.99414e-10,1,0
0.00236701,0.444741,-0.0125924,0.72269,4.41782,187891,-1,3.54431e-10,1,0
0.00236813,0.445726,-0.0128623,0.722949,4.41782,188219,-1,1.43439e-09,1,0
0.00236881,0.445313,-0.0122325,0.7229,4.41798,187990,-1,1.08318e-09,1,0
0.00237026,0.444072,-0.0113,0.72308,4.41744,187352,-1,2.00763e-09,1,0
0.00237067,0.443601,-0.0113448,0.723298,4.41686,187120,-1,1.1159e-09,1,0
0.00237152,0.443023,-0.0116115,0.723392,4.4158,186809,-1,8.34682e-10,1,0
0.00237219,0.443841,-0.0117702,0.723397,4.41445,187102,-1,1.05828e-09,1,0
0.00237294,0.443649,-0.0120895,0.723155,4.4136,186962,-1,4.82616e-10,1,0
0.00237403,0.442481,-0.0117645,0.723597,4.41311,186384,-1,1.02416e-09,1,0
0.00237468,0.441744,-0.0115656,0.723537,4.41259,186023,-1,7.1378e-10,1,0
0.00237499,0.441375,-0.011577,0.723519,4.41327,185843,-1,9.71851e-12,1,0
0.00237606,0.440521,-0.0112435,0.723191,4.41408,185400,-1,7.55987e-10,1,0
0.00237706,0.439402,-0.0112898,0.723729,4.41425,184851,-1,1.82641e-09,1,0
0.00237747,0.439543,-0.0108038,0.723753,4.41426,184879,-1,1.82641e-09,1,0
0.00237872,0.439684,-0.00946316,0.723808,4.4155,184841,-1,2.38279e-10,1,0
0.00238012,0.440544,-0.00871316,0.723668,4.41479,185093,-1,4.40143e-10,1,0
0.00238098,0.44048,-0.00811419,0.724432,4.41362,184999,-1,5.76004e-10,1,0
0.00238181,0.440285,-0.00769076,0.725288,4.41416,184853,-1,1.98206e-10,1,0
0.00238189,0.440251,-0.00775141,0.725364,4.413,184833,-1,1.0258e-10,1,0
0.00238285,0.440297,-0.00726231,0.724988,4.41531,184777,-1,6.67504e-10,1,0
0.00238344,0.439643,-0.00743828,0.724917,4.41484,184457,-1,2.80722e-10,1,0
0.00238386,0.439709,-0.00774597,0.724639,4.41574,184452,-1,4.26603e-10,1,0
0.00238452,0.440146,-0.00803818,0.724635,4.41308,184584,-1,5.10323e-10,1,0
0.00238475,0.440038,-0.00801081,0.724823,4.41156,184521,-1,1.75662e-10,1,0
0.0023857,0.439601,-0.0087866,0.725327,4.41022,184265,-1,1.1815e-09,1,0
0.00238609,0.439664,-0.0084081,0.725183,4.41126,184261,-1,1.23869e-10,1,0
0.00238655,0.439586,-0.00810533,0.724998,4.41118,184193,-1,9.62737e-11,1,0
0.00238755,0.439528,-0.00912001,0.725715,4.41118,184092,-1,9.62737e-11,1,0
0.00238846,0.439149,-0.00999074,0.72584,4.40612,183863,-1,9.85099e-10,1,0
0.00238911,0.439198,-0.00983304,0.726325,4.40198,183833,-1,6.26781e-10,1,0
0.00238995,0.439461,-0.00962575,0.726778,4.40321,183879,-1,6.9076e-10,1,0
0.00239037,0.439687,-0.00984491,0.72691,4.40214,183941,-1,4.81609e-11,1,0
0.00239105,0.439385,-0.00929446,0.727289,4.3997,183763,-1,6.63495e-10,1,0
0.00239144,0.43928,-0.00954427,0.726958,4.39963,183689,-1,4.27795e-10,1,0
0.00239173,0.439462,-0.00924943,0.726912,4.40085,183742,-1,3.08336e-10,1,0
0.00239213,0.439552,-0.00942832,0.727273,4.40098,183749,-1,6.06929e-13,1,0
0.00239347,0.43947,-0.00861455,0.728728,4.40093,183612,-1,1.66966e-09,1,0
0.00239417,0.439495,-0.00926538,0.728511,4.40241,183568,-1,3.91574e-10,1,0
0.00239516,0.439315,-0.0102882,0.727851,4.40247,183417,-1,1.2304e-09,1,0
0.00239578,0.439638,-0.0105993,0.728278,4.40215,183505,-1,1.02059e-10,1,0
0.00239718,0.438958,-0.0108576,0.72918,4.40035,183115,-1,9.15177e-10,1,0
0.00239792,0.43859,-0.0110565,0.728557,4.39803,182904,-1,4.05572e-10,1,0
0.0023986,0.439023,-0.0108669,0.728342,4.39705,183033,-1,4.63282e-11,1,0
0.00239871,0.439028,-0.0107389,0.728311,4.39657,183026,-1,3.55807e-10,1,0
0.00239922,0.439168,-0.0112098,0.728315,4.39565,183046,-1,3.86935e-10,1,0
0.00239997,0.438807,-0.0112745,0.728225,4.39761,182838,-1,6.24809e-10,1,0
0.00240043,0.438813,-0.0109294,0.72777,4.39675,182806,-1,5.71016e-10,1,0
0.00240074,0.439182,-0.0108432,0.727808,4.3966,182936,-1,3.80847e-10,1,0
0.00240124,0.439289,-0.0111008,0.728368,4.396,182942,-1,6.27553e-10,1,0
0.00240152,0.439542,-0.011138,0.728557,4.39455,183026,-1,2.89581e-10,1,0
0.00240202,0.439658,-0.0109313,0.72903,4.39275,183037,-1,6.01153e-10,1,0
0.00240307,0.440227,-0.0107778,0.728585,4.39019,183194,-1,1.41837e-10,1,0
0.00240388,0.440231,-0.0102959,0.728386,4.3913,183133,-1,2.2929e-10,1,0
0.00240482,0.440589,-0.0104623,0.728253,4.3944,183211,-1,5.11976e-10,1,0
0.0024059,0.440682,-0.0102318,0.729573,4.39441,183168,-1,5.11976e-10,1,0
0.00240706,0.440783,-0.00998259,0.731,4.39389,183121,-1,2.79583e-09,1,0
0.00240747,0.440674,-0.00985363,0.731349,4.39444,183045,-1,2.25452e-10,1,0
0.00240884,0.44111,-0.0090152,0.731078,4.39449,183122,-1,8.80134e-10,1,0
0.00240996,0.441883,-0.00842732,0.73029,4.39443,183357,-1,2.20979e-10,1,0
0.00241069,0.442054,-0.00788734,0.730347,4.39688,183373,-1,3.26467e-10,1,0
0.00241205,0.440535,-0.00734839,0.730757,4.39682,182639,-1,4.95638e-10,1,0
0.00241291,0.439522,-0.00708844,0.730973,4.39677,182154,-1,4.95638e-10,1,0
0.0024133,0.439054,-0.00696847,0.731072,4.39671,181931,-1,2.88999e-09,1,0
0.00241356,0.438831,-0.00693351,0.731248,4.39597,181819,-1,2.03143e-10,1,0
0.0024144,0.438913,-0.00617249,0.731951,4.4,181790,-1,1.04128e-09,1,0
0.00241553,0.439921,-0.00693951,0.732564,4.40005,182122,-1,1.04128e-09,1,0
0.00241568,0.440056,-0.00704225,0.732647,4.40006,182166,-1,1.04128e-09,1,0
0.00241696,0.43986,-0.00706963,0.731888,4.40063,181989,-1,1.04748e-09,1,0
0.00241797,0.440462,-0.00658702,0.730881,4.40066,182161,-1,1.04748e-09,1,0
0.00241858,0.440758,-0.0063338,0.73037,4.39928,182239,-1,5.40782e-11,1,0
0.00241932,0.441003,-0.00697122,0.730627,4.39897,182283,-1,5.17121e-10,1,0
0.00242051,0.441859,-0.00725653,0.731515,4.39759,182548,-1,2.92113e-10,1,0
0.00242081,0.441856,-0.00712461,0.731674,4.39797,182524,-1,2.86327e-10,1,0
0.00242173,0.441426,-0.00677284,0.730681,4.39976,182277,-1,1.13412e-09,1,0
0.00242244,0.440711,-0.00671495,0.730839,4.39788,181929,-1,9.67135e-11,1,0
0.00242301,0.440051,-0.00663847,0.731036,4.39779,181613,-1,1.47576e-09,1,0
0.00242327,0.440132,-0.00685108,0.731173,4.39776,181627,-1,1.9709e-10,1,0
0.00242375,0.440473,-0.00716587,0.73117,4.3989,181732,-1,5.54931e-10,1,0
0.00242485,0.440791,-0.00642803,0.730974,4.39848,181781,-1,5.81913e-10,1,0
0.00242642,0.441328,-0.00676545,0.730249,4.40224,181884,-1,1.0985e-09,1,0
0.00242676,0.441558,-0.00661097,0.730542,4.39853,181954,-1,3.73796e-10,1,0
0.00242704,0.441785,-0.00666398,0.730284,4.39854,182026,-1,3.73796e-10,1,0
0.00242718,0.441796,-0.00665909,0.730153,4.39892,182020,-1,7.56328e-12,1,0
0.00242788,0.441426,-0.00710608,0.729684,4.39973,181816,-1,6.37864e-10,1,0
0.00242897,0.440516,-0.00712221,0.730391,4.40174,181359,-1,4.09647e-10,1,0
0.00242916,0.440424,-0.00701874,0.730523,4.39901,181307,-1,1.13042e-09,1,0
0.00242973,0.440734,-0.00638806,0.730626,4.39902,181392,-1,1.13042e-09,1,0
0.00243094,0.441389,-0.00505675,0.730844,4.39906,181572,-1,1.13042e-09,1,0
0.00243121,0.441537,-0.00475577,0.730894,4.39906,181612,-1,1.13042e-09,1,0
0.00243198,0.442421,-0.00488206,0.730961,4.39427,181918,-1,8.70392e-10,1,0
0.00243251,0.442202,-0.00478401,0.731406,4.39442,181788,-1,1.68291e-10,1,0
0.00243323,0.442962,-0.00436035,0.73163,4.39446,182047,-1,1.68291e-10,1,0
0.0024347,0.44422,-0.00400658,0.731314,4.39375,182454,-1,2.51624e-10,1,0
0.0024351,0.444454,-0.00393341,0.731496,4.39197,182520,-1,1.28898e-09,1,0
0.00243609,0.44481,-0.00410635,0.731875,4.3869,182591,-1,2.49485e-10,1,0
0.00243709,0.445575,-0.00421246,0.732016,4.38657,182831,-1,6.52155e-10,1,0
0.00243775,0.445541,-0.00453631,0.731259,4.38656,182767,-1,6.52155e-10,1,0
0.00243875,0.445489,-0.00502346,0.730121,4.38552,182671,-1,2.06339e-09,1,0
0.00243929,0.445705,-0.00473314,0.729732,4.38428,182720,-1,5.70888e-10,1,0
0.00244024,0.445923,-0.00557589,0.729971,4.38538,182738,-1,7.69742e-11,1,0
0.00244162,0.445632,-0.00587645,0.730726,4.38268,182515,-1,7.93142e-11,1,0
0.00244198,0.445704,-0.00574499,0.730928,4.38366,182518,-1,1.72272e-10,1,0
0.00244291,0.445408,-0.00506642,0.731293,4.38274,182327,-1,5.91554e-10,1,0
0.00244324,0.445044,-0.00520215,0.731344,4.38397,182153,-1,3.88729e-10,1,0
0.00244464,0.446142,-0.00633419,0.730593,4.38402,182498,-1,3.88729e-10,1,0
0.00244483,0.446125,-0.00641504,0.730632,4.38587,182477,-1,1.85409e-09,1,0
0.00244593,0.445168,-0.0065454,0.731603,4.38583,182004,-1,1.85409e-09,1,0
0.00244717,0.444421,-0.00730345,0.732122,4.38099,181606,-1,7.02075e-10,1,0
0.00244831,0.444531,-0.00694481,0.731534,4.38217,181566,-1,6.94345e-10,1,0
0.00244931,0.444231,-0.00770752,0.732391,4.38095,181370,-1,7.4879e-10,1,0
0.00245073,0.445062,-0.0080343,0.733125,4.38135,181604,-1,1.43315e-09,1,0
0.00245118,0.444889,-0.00828173,0.732958,4.38221,181500,-1,1.30338e-10,1,0
0.00245186,0.444315,-0.00874962,0.73315,4.38018,181215,-1,6.50589e-10,1,0
0.00245391,0.444808,-0.00684867,0.734455,4.37989,181265,-1,1.44178e-09,1,0
0.00245508,0.444397,-0.00722299,0.734522,4.37556,181012,-1,8.83849e-10,1,0
0.00245533,0.44456,-0.00715997,0.734258,4.37258,181059,-1,3.16991e-10,1,0
0.00245575,0.44431,-0.00704368,0.734281,4.37176,180926,-1,2.70161e-10,1,0
0.00245612,0.444224,-0.00666228,0.734057,4.37115,180864,-1,7.03503e-10,1,0
0.00245667,0.443955,-0.0064374,0.734283,4.37284,180714,-1,2.77595e-10,1,0
0.00245787,0.443769,-0.00729408,0.735497,4.37345,180550,-1,1.4973e-09,1,0
0.00245822,0.443756,-0.00762404,0.735302,4.36978,180519,-1,1.38653e-11,1,0
0.00245941,0.442418,-0.00779857,0.735532,4.37131,179888,-1,1.39039e-09,1,0
0.00246,0.442377,-0.00799496,0.73585,4.37006,179828,-1,3.40012e-10,1,0
0.0024609,0.441459,-0.00800965,0.736473,4.37001,179389,-1,3.40012e-10,1,0
0.00246224,0.440077,-0.00803176,0.737413,4.36992,178730,-1,2.80668e-09,1,0
0.00246298,0.439549,-0.00857484,0.737312,4.37143,178462,-1,7.04227e-10,1,0
0.00246393,0.439412,-0.00841462,0.73806,4.37093,178338,-1,2.25561e-10,1,0
0.00246541,0.438419,-0.00918989,0.737289,4.37145,177828,-1,1.11818e-09,1,0
0.00246577,0.438132,-0.00896377,0.737098,4.36926,177686,-1,2.9077e-10,1,0
0.00246648,0.438377,-0.00926608,0.73657,4.3702,177734,-1,1.15159e-10,1,0
0.00246768,0.43908,-0.00964284,0.735539,4.36814,177932,-1,1.9579e-09,1,0
0.00246892,0.440446,-0.00896726,0.735304,4.36821,178396,-1,1.84242e-09,1,0
0.00246971,0.44108,-0.00892096,0.734838,4.36738,178596,-1,7.78098e-11,1,0
0.00247075,0.440834,-0.00910965,0.733772,4.36837,178422,-1,9.91164e-10,1,0
0.00247131,0.440222,-0.00897013,0.733894,4.37029,178133,-1,3.71528e-10,1,0
0.00247224,0.439351,-0.00863013,0.734249,4.36915,177714,-1,2.40095e-10,1,0
0.00247333,0.439323,-0.00902384,0.734778,4.36587,177624,-1,3.58505e-10,1,0
0.0024741,0.43897,-0.00862754,0.735506,4.36398,177426,-1,2.11498e-10,1,0
0.00247553,0.440224,-0.00859143,0.735744,4.36667,177830,-1,5.54857e-10,1,0
0.0024758,0.440214,-0.00836451,0.735964,4.36659,177807,-1,3.39563e-11,1,0
0.00247669,0.439579,-0.00854447,0.735731,4.36891,177486,-1,8.50533e-10,1,0
0.00247801,0.438874,-0.00754598,0.73594,4.36847,177108,-1,6.38434e-10,1,0
0.00247859,0.438379,-0.00719003,0.735624,4.36875,176866,-1,1.41106e-09,1,0
0.00247864,0.438347,-0.00716241,0.735576,4.37093,176850,-1,3.65098e-10,1,0
0.00248009,0.438918,-0.0059769,0.736811,4.37126,176976,-1,1.80439e-09,1,0
0.00248056,0.439269,-0.00594903,0.73651,4.37155,177085,-1,3.34575e-10,1,0
0.00248117,0.439013,-0.00576743,0.736082,4.37399,176938,-1,1.88498e-10,1,0
0.00248128,0.439125,-0.00579029,0.736075,4.37476,176975,-1,2.75915e-11,1,0
0.00248278,0.440744,-0.00610686,0.735358,4.37465,177520,-1,8.6115e-10,1,0
0.00248338,0.441376,-0.00611621,0.73496,4.37465,177732,-1,1.86469e-09,1,0
0.00248433,0.442396,-0.00664498,0.734747,4.3747,178075,-1,1.86469e-09,1,0
0.00248493,0.443055,-0.00698682,0.734608,4.37473,178296,-1,1.86469e-09,1,0
0.00248594,0.444147,-0.00752544,0.734441,4.37485,178663,-1,3.09337e-09,1,0
0.00248648,0.443877,-0.00713919,0.734151,4.37361,178516,-1,6.03573e-10,1,0
0.00248673,0.443795,-0.00718093,0.734424,4.37277,178465,-1,2.13229e-10,1,0
0.00248712,0.443691,-0.00684206,0.734539,4.37158,178396,-1,3.96833e-10,1,0
0.00248935,0.441767,-0.0080478,0.733939,4.37058,177463,-1,2.23652e-09,1,0
0.0024901,0.441251,-0.00767011,0.73445,4.37204,177202,-1,4.69354e-10,1,0
0.00249146,0.439768,-0.00814473,0.735096,4.37196,176510,-1,4.69354e-10,1,0
0.00249224,0.438912,-0.00841875,0.73547,4.37336,176111,-1,2.65953e-09,1,0
0.0024924,0.438929,-0.00859428,0.735499,4.37238,176107,-1,6.14527e-11,1,0
0.00249366,0.439514,-0.00878261,0.735806,4.37013,176252,-1,1.11771e-09,1,0
0.00249438,0.438824,-0.0082475,0.73595,4.37038,175925,-1,6.72001e-11,1,0
0.0024948,0.438398,-0.00796816,0.736031,4.37038,175725,-1,1.17274e-09,1,0
0.00249538,0.437894,-0.0079003,0.736229,4.3691,175482,-1,1.647e-10,1,0
0.00249659,0.437724,-0.00646125,0.736615,4.3691,175329,-1,1.647e-10,1,0
0.00249709,0.43772,-0.00597865,0.736593,4.36848,175292,-1,1.96035e-09,1,0
0.00249766,0.437941,-0.00588829,0.736534,4.37093,175340,-1,3.14127e-10,1,0
0.00249844,0.437766,-0.00573898,0.737438,4.37048,175215,-1,8.16267e-11,1,0
0.00249932,0.437423,-0.00621948,0.737457,4.37032,175017,-1,1.6921e-10,1,0
0.00249991,0.437226,-0.00634314,0.737464,4.37064,174896,-1,2.90375e-10,1,0
0.00250106,0.436327,-0.00566063,0.736601,4.37033,174457,-1,1.41987e-09,1,0
0.00250224,0.436017,-0.0047972,0.736083,4.37058,174251,-1,9.33969e-11,1,0
0.00250292,0.435649,-0.00415825,0.736491,4.37056,174056,-1,9.33969e-11,1,0
0.00250376,0.435192,-0.00336699,0.736997,4.37054,173815,-1,9.33969e-11,1,0
0.0025044,0.43526,-0.00305286,0.737265,4.3706,173798,-1,2.74625e-10,1,0
0.00250585,0.436056,-0.00399154,0.737073,4.37002,174015,-1,3.14474e-10,1,0
0.00250715,0.436587,-0.00479452,0.737249,4.36919,174137,-1,1.46681e-11,1,0
0.00250751,0.436825,-0.00479658,0.737361,4.3659,174207,-1,2.42688e-10,1,0
0.00250886,0.437522,-0.00571267,0.737406,4.36758,174391,-1,3.36486e-10,1,0
0.00250936,0.437176,-0.00589012,0.737565,4.36675,174218,-1,1.60257e-10,1,0
0.00251003,0.43705,-0.00630091,0.738132,4.36837,174121,-1,4.94593e-10,1,0
0.00251154,0.437594,-0.00512381,0.737695,4.37091,174234,-1,1.11811e-09,1,0
0.00251206,0.437267,-0.0046305,0.737446,4.36993,174067,-1,1.38157e-09,1,0
0.00251258,0.437218,-0.00430892,0.736894,4.3703,174012,-1,5.38049e-10,1,0
0.00251338,0.436966,-0.00396445,0.736903,4.37009,173856,-1,4.4213e-10,1,0
0.00251425,0.437166,-0.00491614,0.737374,4.3701,173875,-1,4.4213e-10,1,0
0.00251453,0.437029,-0.00488207,0.73722,4.3693,173801,-1,2.44352e-11,1,0
0.00251489,0.436839,-0.00470457,0.736918,4.36799,173701,-1,3.61793e-11,1,0
0.0025169,0.436435,-0.00596446,0.737154,4.36894,173402,-1,1.11811e-09,1,0
0.00251814,0.437071,-0.00576566,0.737105,4.36914,173569,-1,3.41189e-10,1,0
0.00251834,0.437076,-0.00583931,0.736945,4.3754,173557,-1,1.64783e-10,1,0
0.00252007,0.438288,-0.00480533,0.738153,4.37629,173919,-1,8.28566e-10,1,0
0.00252076,0.438639,-0.00510315,0.738116,4.37603,174011,-1,4.83855e-10,1,0
0.00252171,0.438902,-0.00541526,0.739219,4.376,174050,-1,6.28463e-10,1,0
0.00252262,0.438291,-0.00474788,0.738638,4.37268,173745,-1,1.0992e-09,1,0
0.00252349,0.439008,-0.00553445,0.738842,4.37159,173968,-1,1.08356e-09,1,0
0.00252458,0.439247,-0.00623436,0.739058,4.37034,173988,-1,5.82627e-10,1,0
0.00252475,0.439328,-0.00637003,0.739106,4.37046,174008,-1,8.44839e-10,1,0
0.00252563,0.439971,-0.00719902,0.739374,4.37023,174203,-1,1.90917e-10,1,0
0.00252612,0.44034,-0.00765475,0.739512,4.36841,174314,-1,2.56823e-11,1,0
0.00252651,0.440538,-0.00794864,0.739537,4.36959,174367,-1,1.91696e-10,1,0
0.00252714,0.439946,-0.00759473,0.739538,4.36845,174089,-1,3.19856e-10,1,0
0.00252835,0.439461,-0.00864838,0.738863,4.36811,173814,-1,1.14733e-09,1,0
0.0025286,0.439658,-0.00859167,0.738938,4.36771,173874,-1,1.55153e-10,1,0
0.00252948,0.440122,-0.00782408,0.738854,4.36923,173997,-1,2.67594e-10,1,0
0.00252982,0.440423,-0.00801161,0.738681,4.36907,174093,-1,6.08808e-11,1,0
0.00253071,0.44124,-0.00794789,0.738613,4.36971,174354,-1,5.36726e-10,1,0
0.00253165,0.441888,-0.00784593,0.739577,4.37047,174545,-1,1.28524e-09,1,0
0.00253289,0.442746,-0.0066437,0.739251,4.36734,174799,-1,3.55257e-11,1,0
0.00253375,0.443242,-0.00702246,0.738935,4.36214,174936,-1,1.88992e-10,1,0
0.00253484,0.444241,-0.00779434,0.738444,4.36265,175254,-1,2.22717e-09,1,0
0.0025351,0.444026,-0.00789965,0.738232,4.36264,175152,-1,2.22717e-09,1,0
0.00253539,0.443791,-0.00792245,0.737978,4.36307,175039,-1,5.33566e-10,1,0
0.00253594,0.443398,-0.00772723,0.738053,4.35926,174845,-1,3.61268e-10,1,0
0.00253635,0.443672,-0.00759777,0.738312,4.35746,174925,-1,4.44074e-10,1,0
0.00253688,0.443324,-0.00786171,0.737982,4.35553,174752,-1,2.70376e-10,1,0
0.00253707,0.443172,-0.00792045,0.737916,4.35581,174679,-1,9.5898e-11,1,0
0.00253753,0.442949,-0.00755041,0.738087,4.35432,174559,-1,1.43406e-10,1,0
0.00253815,0.442746,-0.00735001,0.737443,4.35467,174437,-1,6.49749e-11,1,0
0.00253921,0.441707,-0.00733256,0.736985,4.35393,173954,-1,3.68201e-10,1,0
0.0025403,0.442178,-0.00840208,0.736813,4.34883,174066,-1,1.11811e-09,1,0
0.00254073,0.442464,-0.00813185,0.737038,4.34875,174148,-1,1.04883e-10,1,0
0.0025411,0.442283,-0.00821305,0.737103,4.34637,174052,-1,5.67485e-10,1,0
0.00254176,0.4416,-0.0086565,0.737169,4.34454,173738,-1,1.13708e-09,1,0
0.00254259,0.441594,-0.00809636,0.737531,4.34904,173679,-1,4.29114e-10,1,0
0.00254296,0.441407,-0.0082077,0.73712,4.34933,173580,-1,4.60421e-10,1,0
0.00254364,0.441046,-0.00814648,0.73637,4.34931,173392,-1,4.60421e-10,1,0
0.00254432,0.44068,-0.00808449,0.73561,4.34929,173202,-1,4.60421e-10,1,0
0.00254495,0.440345,-0.00802766,0.734913,4.34702,173027,-1,2.46018e-09,1,0
0.00254634,0.441884,-0.00808096,0.734303,4.34926,173537,-1,8.31533e-10,1,0
0.00254736,0.441611,-0.00750775,0.733744,4.34615,173360,-1,2.51419e-10,1,0
0.00254785,0.441315,-0.00698637,0.7337,4.34613,173211,-1,2.51419e-10,1,0
0.00254848,0.440929,-0.006306,0.733642,4.34611,173016,-1,2.51419e-10,1,0
0.00254959,0.440266,-0.00571261,0.733922,4.34223,172681,-1,4.54867e-10,1,0
0.00255122,0.440407,-0.00470863,0.733819,4.33907,172626,-1,6.44533e-10,1,0
0.00255152,0.440277,-0.00444858,0.733745,4.33745,172555,-1,1.16946e-10,1,0
0.00255266,0.439325,-0.00517223,0.734271,4.3375,172105,-1,2.56967e-10,1,0
0.00255394,0.4387,-0.00517671,0.734665,4.33523,171773,-1,2.5743e-10,1,0
0.0025545,0.438641,-0.00490121,0.734037,4.33471,171713,-1,6.88289e-10,1,0
0.00255566,0.438818,-0.00524676,0.732669,4.33436,171705,-1,1.24879e-09,1,0
0.00255678,0.439282,-0.00506102,0.731902,4.33376,171811,-1,4.83711e-10,1,0
0.0025573,0.439782,-0.00486407,0.731558,4.33303,171971,-1,6.37493e-10,1,0
0.00255793,0.440232,-0.00432495,0.731704,4.33361,172105,-1,3.87733e-10,1,0
0.0025587,0.439324,-0.00406505,0.731763,4.33356,171698,-1,3.87733e-10,1,0
0.00255914,0.438858,-0.00392964,0.731832,4.33228,171486,-1,4.43026e-11,1,0
0.00256025,0.43967,-0.00412396,0.731961,4.33178,171730,-1,8.37309e-10,1,0
0.00256038,0.439538,-0.0041255,0.732012,4.32898,171670,-1,2.40702e-10,1,0
0.00256127,0.438539,-0.00410224,0.732422,4.32824,171219,-1,2.95406e-10,1,0
0.00256162,0.438906,-0.0039455,0.732575,4.32826,171340,-1,2.95406e-10,1,0
0.00256182,0.438911,-0.00387477,0.73275,4.32864,171327,-1,1.81129e-11,1,0
0.00256272,0.438914,-0.00425229,0.733648,4.33135,171269,-1,9.84365e-10,1,0
0.00256374,0.438465,-0.0036665,0.734665,4.3314,171026,-1,1.25674e-09,1,0
0.0025644,0.439206,-0.00335514,0.734497,4.33144,171270,-1,8.20943e-10,1,0
0.00256489,0.439164,-0.00380544,0.734703,4.33281,171222,-1,1.95003e-10,1,0
0.00256516,0.439222,-0.00377113,0.734798,4.33298,171226,-1,1.87853e-10,1,0
0.00256553,0.439537,-0.0040832,0.734696,4.33332,171324,-1,4.54409e-10,1,0
0.00256572,0.4396,-0.00423631,0.734536,4.33107,171336,-1,2.30628e-10,1,0
0.00256629,0.439122,-0.00466152,0.734652,4.32918,171112,-1,6.65577e-10,1,0
0.00256765,0.438832,-0.00398056,0.733197,4.32825,170908,-1,1.08576e-09,1,0
0.00256841,0.438736,-0.00474407,0.73374,4.32862,170820,-1,9.41877e-10,1,0
0.00256913,0.438876,-0.00559048,0.733496,4.32838,170826,-1,8.92004e-10,1,0
0.00256921,0.438796,-0.00561455,0.733541,4.32859,170790,-1,3.31649e-11,1,0
0.00257113,0.437088,-0.00464737,0.734157,4.32831,169998,-1,9.581e-10,1,0
0.00257258,0.435972,-0.00327841,0.734428,4.32825,169469,-1,9.581e-10,1,0
0.00257332,0.435396,-0.00257174,0.734568,4.32566,169196,-1,4.18119e-09,1,0
0.00257362,0.43552,-0.00285531,0.734769,4.32567,169224,-1,4.18119e-09,1,0
0.00257424,0.435773,-0.00343509,0.735181,4.32419,169283,-1,1.12384e-09,1,0
0.00257463,0.436131,-0.0033493,0.735031,4.32265,169395,-1,2.38436e-10,1,0
0.00257531,0.436044,-0.00351379,0.734682,4.31914,169317,-1,2.60044e-10,1,0
0.00257634,0.436247,-0.00476547,0.734811,4.31915,169328,-1,2.60044e-10,1,0
0.00257665,0.436408,-0.00497463,0.734902,4.31904,169370,-1,1.39989e-10,1,0
0.0025777,0.435664,-0.00501243,0.735104,4.3175,169013,-1,5.91479e-10,1,0
0.00257908,0.434391,-0.00552188,0.734279,4.31929,168429,-1,2.25698e-09,1,0
0.0025797,0.434613,-0.00583951,0.733812,4.3214,168475,-1,3.2098e-10,1,0
0.00258117,0.433626,-0.00714871,0.733583,4.3199,167996,-1,1.11817e-09,1,0
0.00258203,0.433937,-0.00770524,0.733183,4.32457,168060,-1,4.31152e-10,1,0
0.00258274,0.433746,-0.00689705,0.733119,4.32679,167940,-1,3.41916e-11,1,0
0.00258357,0.433181,-0.00724894,0.732341,4.32731,167667,-1,1.02425e-09,1,0
0.00258438,0.433265,-0.00713622,0.733324,4.32928,167648,-1,1.31993e-12,1,0
0.00258535,0.433621,-0.00677515,0.733784,4.33105,167722,-1,6.12229e-10,1,0
0.00258566,0.433799,-0.00645783,0.733663,4.33041,167771,-1,3.8315e-10,1,0
0.00258739,0.434204,-0.00583088,0.735646,4.33033,167815,-1,1.46308e-09,1,0
0.002588,0.434435,-0.00573763,0.736355,4.33034,167865,-1,1.46308e-09,1,0
0.00258827,0.434534,-0.00569755,0.73666,4.33054,167886,-1,1.75179e-09,1,0
0.00258893,0.435218,-0.00550946,0.736779,4.3307,168107,-1,3.298e-10,1,0
0.00258985,0.436083,-0.00485748,0.736674,4.33004,168382,-1,1.5316e-09,1,0
0.00259044,0.436103,-0.00468648,0.736026,4.32851,168351,-1,5.26574e-10,1,0
0.00259095,0.435905,-0.00452626,0.735787,4.32876,168242,-1,2.75054e-10,1,0
0.00259225,0.436389,-0.00317252,0.736511,4.32981,168344,-1,1.80917e-09,1,0
0.0025932,0.437469,-0.00273856,0.736444,4.32987,168699,-1,1.80917e-09,1,0
0.00259405,0.438078,-0.00276471,0.735985,4.32968,168878,-1,1.72752e-09,1,0
0.00259515,0.437426,-0.0022123,0.735469,4.33089,168555,-1,8.26099e-10,1,0
0.00259644,0.436334,-0.00112194,0.735114,4.33084,168051,-1,8.26099e-10,1,0
0.00259669,0.436605,-0.00107413,0.735134,4.32936,168139,-1,2.90047e-10,1,0
0.00259786,0.435512,-0.0019987,0.734903,4.3293,167642,-1,2.90047e-10,1,0
0.00259844,0.434978,-0.0024502,0.73479,4.32801,167400,-1,2.15868e-09,1,0
0.00259908,0.435573,-0.00208943,0.734897,4.32921,167587,-1,2.23421e-10,1,0
0.00259932,0.435609,-0.00223341,0.735145,4.32883,167586,-1,6.28142e-11,1,0
0.00259938,0.435638,-0.00224546,0.735137,4.32854,167593,-1,2.73359e-11,1,0
0.00260035,0.435893,-0.00132732,0.734465,4.32714,167629,-1,1.17591e-09,1,0
0.00260143,0.43644,-0.00181486,0.73526,4.32644,167769,-1,9.57652e-10,1,0
0.00260233,0.436588,-0.00292333,0.735272,4.32565,167768,-1,1.5143e-09,1,0
0.00260293,0.436856,-0.00305423,0.735604,4.32355,167833,-1,4.42159e-10,1,0
0.00260323,0.436876,-0.00314031,0.735601,4.32675,167821,-1,2.1929e-10,1,0
0.00260399,0.437304,-0.00231064,0.735719,4.32647,167936,-1,6.32741e-10,1,0
0.00260449,0.437632,-0.00179383,0.735743,4.32645,168030,-1,9.24396e-10,1,0
0.00260567,0.437421,-0.00145776,0.735232,4.32596,167873,-1,9.54927e-10,1,0
0.00260671,0.436705,-0.00222603,0.735625,4.32813,167531,-1,9.54896e-10,1,0
0.00260727,0.436598,-0.00199439,0.735999,4.32767,167454,-1,2.47209e-10,1,0
0.00260914,0.437199,-0.00131563,0.738115,4.3277,167565,-1,2.47209e-10,1,0
0.00260988,0.437234,-0.00134073,0.737734,4.32561,167530,-1,5.77122e-10,1,0
0.00261028,0.437544,-0.00137124,0.737846,4.32594,167624,-1,6.44898e-11,1,0
0.00261082,0.437175,-0.00172635,0.738045,4.32654,167447,-1,5.00813e-10,1,0
0.00261138,0.437087,-0.00189975,0.738701,4.32653,167378,-1,5.00813e-10,1,0
0.00261221,0.436955,-0.0021603,0.739687,4.32653,167274,-1,5.00813e-10,1,0
0.00261278,0.437066,-0.00203565,0.740246,4.32769,167280,-1,3.44452e-10,1,0
0.00261331,0.437135,-0.00173617,0.740825,4.32868,167272,-1,6.53614e-10,1,0
0.00261481,0.437295,-0.00108019,0.7391,4.32869,167237,-1,6.53614e-10,1,0
0.00261565,0.436464,-0.00103401,0.739512,4.32865,166866,-1,1.9238e-09,1,0
0.00261622,0.435852,-0.00101876,0.739862,4.32862,166596,-1,1.9238e-09,1,0
0.00261656,0.436121,-0.00112293,0.739666,4.32634,166677,-1,1.70439e-09,1,0
0.00261727,0.436747,-0.00140566,0.739157,4.32571,166871,-1,1.14237e-09,1,0
0.00261756,0.436853,-0.00163223,0.738905,4.32559,166893,-1,3.75382e-10,1,0
0.00261794,0.436609,-0.00152962,0.739192,4.32912,166775,-1,1.42019e-10,1,0
0.00261872,0.436028,-0.00123955,0.739894,4.32934,166505,-1,1.38648e-09,1,0
0.00261948,0.436384,-0.000400151,0.739661,4.32936,166592,-1,1.38648e-09,1,0
0.00262082,0.43701,0.00107815,0.739251,4.32819,166745,-1,2.5977e-09,1,0
0.00262204,0.435907,0.00177709,0.740002,4.32814,166247,-1,2.5977e-09,1,0
0.00262237,0.435609,0.00196564,0.740205,4.32739,166113,-1,1.91283e-09,1,0
0.00262351,0.435342,0.000831838,0.739423,4.32701,165939,-1,1.4027e-09,1,0
0.00262445,0.43548,5.56162e-05,0.738577,4.32586,165932,-1,1.15682e-09,1,0
0.00262451,0.435513,0.000122045,0.73855,4.32628,165941,-1,3.90706e-13,1,0
0.00262537,0.435762,0.000978867,0.738349,4.32681,165981,-1,1.87305e-10,1,0
0.00262598,0.435417,0.00118553,0.737925,4.32569,165811,-1,3.54476e-10,1,0
0.00262696,0.435891,0.00163694,0.738457,4.32428,165930,-1,9.68374e-10,1,0
0.00262823,0.437099,0.000923017,0.738206,4.32176,166310,-1,1.47272e-09,1,0
0.00262856,0.437062,0.000729114,0.738297,4.31758,166274,-1,2.60051e-10,1,0
0.00263019,0.436732,0.00194575,0.736743,4.31761,166046,-1,8.39323e-10,1,0
0.00263108,0.437299,0.00190434,0.736421,4.31668,166205,-1,2.14723e-10,1,0
0.00263246,0.438553,0.000784123,0.736162,4.31714,166594,-1,2.23185e-09,1,0
0.0026338,0.439534,0.00172644,0.736885,4.3165,166882,-1,2.01458e-10,1,0
0.00263412,0.43968,0.00180796,0.7366,4.31501,166917,-1,3.3467e-10,1,0
0.00263539,0.439709,0.00222402,0.736282,4.31784,166848,-1,5.7839e-10,1,0
0.00263544,0.439697,0.00226813,0.736236,4.31784,166840,-1,5.7839e-10,1,0
0.00263717,0.439321,0.00371479,0.73472,4.31782,166588,-1,5.7839e-10,1,0
0.00263791,0.439106,0.00415451,0.734,4.31737,166460,-1,3.12807e-10,1,0
0.00263847,0.438859,0.00479367,0.734116,4.31788,166331,-1,6.94832e-10,1,0
0.0026403,0.44064,0.00521347,0.735443,4.31797,166890,-1,6.94832e-10,1,0
0.00264153,0.439915,0.00610347,0.73525,4.3139,166538,-1,5.15316e-10,1,0
0.00264247,0.440046,0.00716257,0.735702,4.31391,166528,-1,5.15316e-10,1,0
0.00264289,0.440157,0.00730213,0.735613,4.31272,166543,-1,1.43951e-09,1,0
0.0026432,0.440277,0.00712296,0.735308,4.31272,166570,-1,1.43951e-09,1,0
0.0026437,0.440467,0.00685811,0.734826,4.31275,166610,-1,1.49014e-10,1,0
0.00264436,0.440203,0.00662125,0.735378,4.31351,166469,-1,3.03414e-10,1,0
0.00264533,0.439326,0.00651057,0.736182,4.31346,166076,-1,3.03414e-10,1,0
0.00264634,0.438413,0.00639535,0.737019,4.31342,165668,-1,3.03414e-10,1,0
0.00264658,0.438295,0.00621718,0.73691,4.31645,165608,-1,3.00281e-09,1,0
0.00264722,0.43808,0.00583457,0.736497,4.31403,165487,-1,1.70345e-10,1,0
0.0026479,0.437975,0.00558621,0.736893,4.31052,165405,-1,5.9045e-10,1,0
0.0026483,0.438167,0.00604154,0.736895,4.30964,165452,-1,4.94316e-10,1,0
0.00264856,0.438241,0.00612536,0.736937,4.31098,165464,-1,2.17437e-10,1,0
0.00264868,0.438246,0.00610492,0.736843,4.3086,165458,-1,5.18442e-12,1,0
0.00264905,0.438652,0.00609277,0.736846,4.30916,165588,-1,3.60073e-10,1,0
0.0026508,0.438357,0.00659462,0.737826,4.31162,165368,-1,1.49736e-09,1,0
0.00265202,0.438639,0.00593092,0.738574,4.30926,165398,-1,8.32085e-10,1,0
0.00265292,0.438743,0.00565474,0.739623,4.31012,165381,-1,1.02616e-09,1,0
0.00265351,0.438721,0.00600154,0.739449,4.30827,165336,-1,2.67418e-10,1,0
0.00265483,0.439679,0.00594948,0.738937,4.30742,165615,-1,1.00576e-09,1,0
0.00265515,0.439925,0.00568962,0.738858,4.30769,165687,-1,1.83885e-10,1,0
0.00265564,0.439873,0.00541878,0.7392,4.30516,165637,-1,1.50139e-10,1,0
0.00265614,0.439742,0.00505012,0.739019,4.30196,165556,-1,3.89461e-10,1,0
0.00265671,0.439184,0.00465084,0.73893,4.30193,165311,-1,3.89461e-10,1,0
0.00265759,0.438308,0.00402467,0.738791,4.30189,164927,-1,3.89461e-10,1,0
0.00265892,0.439452,0.00476432,0.73852,4.29927,165275,-1,5.90412e-10,1,0
0.00266039,0.440417,0.00374181,0.739188,4.29819,165546,-1,1.17172e-09,1,0
0.00266208,0.438935,0.00298093,0.739472,4.29823,164884,-1,1.13853e-09,1,0
0.0026625,0.438668,0.00256434,0.739334,4.29822,164758,-1,1.13853e-09,1,0
0.00266334,0.438159,0.0018595,0.738926,4.29933,164515,-1,2.26962e-09,1,0
0.00266463,0.437559,0.00161682,0.737481,4.2993,164210,-1,2.26962e-09,1,0
0.00266565,0.437083,0.00142447,0.736337,4.29928,163969,-1,2.26962e-09,1,0
0.00266729,0.436315,0.00111415,0.73449,4.29924,163580,-1,2.26962e-09,1,0
0.00266874,0.435491,0.000230036,0.734054,4.30053,163182,-1,7.31199e-10,1,0
0.00266998,0.43609,0.000368807,0.735032,4.30421,163331,-1,7.09623e-11,1,0
0.00267103,0.435819,0.00107605,0.735845,4.3024,163165,-1,2.39923e-10,1,0
0.00267177,0.436009,0.00140912,0.736353,4.30488,163191,-1,5.94921e-10,1,0
0.00267313,0.435644,0.00104146,0.737654,4.30571,162972,-1,1.11877e-10,1,0
0.00267436,0.435695,0.000847479,0.73916,4.30571,162915,-1,1.11877e-10,1,0
0.00267502,0.435838,0.000850819,0.739729,4.30753,162929,-1,3.30503e-09,1,0
0.00267568,0.436413,0.00108674,0.740115,4.30848,163103,-1,6.67807e-10,1,0
0.00267776,0.436772,0.00108649,0.739992,4.30755,163111,-1,1.41657e-09,1,0
0.00267814,0.437199,0.00103261,0.740143,4.30523,163247,-1,4.60217e-10,1,0
0.00267917,0.436838,0.000160113,0.7393,4.30626,163050,-1,9.9419e-11,1,0
0.00268003,0.437066,-0.000416146,0.738667,4.30896,163082,-1,6.20137e-10,1,0
0.00268127,0.437957,-0.00053447,0.737981,4.30629,163340,-1,5.52918e-11,1,0
0.00268214,0.438214,-0.000820382,0.738773,4.30779,163382,-1,7.59271e-10,1,0
0.00268235,0.438261,-0.000843172,0.739035,4.30779,163387,-1,7.59271e-10,1,0
0.00268309,0.43863,-0.000744703,0.738287,4.30812,163479,-1,8.69068e-10,1,0
0.00268327,0.438635,-0.000556929,0.738231,4.30818,163470,-1,1.29737e-10,1,0
0.0026841,0.438548,-0.0011509,0.738443,4.31235,163387,-1,3.24556e-10,1,0
0.00268501,0.438956,-0.0012653,0.737959,4.3173,163484,-1,3.67194e-10,1,0
0.00268605,0.438589,-0.000838705,0.738886,4.31891,163284,-1,1.02714e-10,1,0
0.00268782,0.438463,0.000192234,0.73903,4.32009,163129,-1,1.16741e-09,1,0
0.00268939,0.438823,0.00132606,0.73921,4.31552,163168,-1,7.41884e-10,1,0
0.00269038,0.438955,0.00182513,0.739962,4.31132,163157,-1,5.63686e-10,1,0
0.00269153,0.43862,0.000470328,0.740184,4.31314,162963,-1,1.41322e-09,1,0
0.00269258,0.43851,0.00011878,0.739601,4.31193,162859,-1,9.65842e-10,1,0
0.00269357,0.438469,0.000412579,0.73969,4.31022,162784,-1,2.19635e-10,1,0
0.00269484,0.438997,0.000402774,0.73869,4.30835,162903,-1,1.66355e-09,1,0
0.00269647,0.439564,-0.00142093,0.738664,4.30878,163015,-1,1.20319e-10,1,0
0.00269823,0.439375,0.000695017,0.73849,4.30827,162838,-1,2.10369e-09,1,0
0.00269905,0.439131,0.00114384,0.739359,4.30832,162698,-1,9.21055e-10,1,0
0.00269987,0.439641,0.000733115,0.73996,4.30652,162838,-1,8.45468e-10,1,0
0.00270073,0.439406,0.00176246,0.739931,4.30516,162699,-1,1.05623e-09,1,0
0.00270111,0.439854,0.00187584,0.740003,4.305,162842,-1,4.6727e-10,1,0
0.00270198,0.439094,0.00134686,0.739761,4.30441,162508,-1,6.5644e-11,1,0
0.00270301,0.438662,0.00133108,0.73918,4.30245,162287,-1,4.04106e-10,1,0
0.00270397,0.438106,0.00125071,0.739821,4.30305,162023,-1,4.93966e-10,1,0
0.00270452,0.438475,0.00156465,0.739743,4.30367,162127,-1,4.41351e-10,1,0
0.00270519,0.438443,0.00163957,0.739764,4.305,162075,-1,4.06425e-10,1,0
0.00270713,0.437232,0.00152573,0.739977,4.30543,161511,-1,1.13831e-09,1,0
0.00270746,0.437192,0.00150808,0.740378,4.30567,161477,-1,1.19704e-09,1,0
0.00270821,0.437168,0.00151466,0.741214,4.30687,161423,-1,2.00251e-10,1,0
0.00270849,0.437308,0.00179791,0.741052,4.30688,161458,-1,2.00251e-10,1,0
0.00270874,0.437383,0.0019225,0.740788,4.30736,161471,-1,2.93043e-10,1,0
0.0027097,0.438037,0.00181345,0.741669,4.31004,161655,-1,4.30188e-11,1,0
0.00271171,0.439291,0.00292879,0.742577,4.30735,161998,-1,1.32935e-09,1,0
0.00271284,0.44065,0.00267451,0.742386,4.30643,162431,-1,1.39572e-09,1,0
0.00271345,0.440338,0.00268662,0.742541,4.3073,162280,-1,5.09205e-10,1,0
0.00271412,0.440775,0.0029844,0.742007,4.30654,162401,-1,6.37398e-10,1,0
0.00271458,0.441108,0.00292056,0.742008,4.31109,162496,-1,7.70345e-11,1,0
0.00271499,0.441535,0.00277785,0.742241,4.31111,162629,-1,7.70345e-11,1,0
0.00271541,0.441923,0.00263036,0.742519,4.31217,162746,-1,1.23849e-09,1,0
0.00271676,0.441877,0.00199953,0.743891,4.30977,162649,-1,3.86955e-10,1,0
0.00271708,0.441805,0.00234142,0.743831,4.3136,162603,-1,3.66512e-10,1,0
0.00271773,0.441346,0.00218812,0.7444,4.31346,162395,-1,6.42248e-10,1,0
0.00271881,0.440774,0.00258669,0.745122,4.30993,162120,-1,1.80825e-10,1,0
0.00271965,0.440652,0.00278823,0.744468,4.31087,162025,-1,4.08932e-10,1,0
0.00272044,0.440457,0.00356826,0.745006,4.31086,161907,-1,4.08932e-10,1,0
0.00272137,0.440494,0.00448792,0.74564,4.31035,161865,-1,1.5434e-09,1,0
0.00272341,0.43988,0.00562448,0.745965,4.31248,161518,-1,1.09046e-09,1,0
0.00272495,0.439735,0.00465325,0.744702,4.31027,161373,-1,1.24446e-09,1,0
0.00272626,0.440834,0.00549801,0.745276,4.31001,161699,-1,1.39251e-09,1,0
0.00272689,0.440929,0.00624547,0.745101,4.31157,161697,-1,9.92186e-10,1,0
0.00272815,0.440001,0.00685558,0.744014,4.31152,161282,-1,9.92186e-10,1,0
0.0027287,0.439594,0.00712362,0.743536,4.3146,161100,-1,2.23644e-09,1,0
0.00272911,0.439445,0.00693959,0.743843,4.31424,161022,-1,1.00649e-11,1,0
0.00272981,0.439643,0.00677659,0.74309,4.31636,161052,-1,3.96142e-10,1,0
0.00273064,0.439378,0.00691733,0.742367,4.31258,160907,-1,5.83632e-10,1,0
0.00273104,0.43978,0.0070265,0.742103,4.31276,161030,-1,5.74023e-10,1,0
0.00273176,0.439256,0.00668675,0.742402,4.31138,160796,-1,1.52758e-10,1,0
0.00273283,0.439934,0.006629,0.742586,4.30728,160981,-1,3.85939e-10,1,0
0.00273369,0.440155,0.00671222,0.743389,4.30629,161012,-1,1.18836e-09,1,0
0.00273431,0.440141,0.00690786,0.744127,4.30629,160970,-1,1.18836e-09,1,0
0.00273465,0.440358,0.00709788,0.744201,4.30443,161029,-1,2.43678e-10,1,0
0.00273516,0.440929,0.00702204,0.74397,4.30445,161208,-1,2.43678e-10,1,0
0.0027359,0.441602,0.00727226,0.743448,4.30321,161410,-1,8.43545e-10,1,0
0.00273771,0.441485,0.00822625,0.742371,4.30561,161260,-1,9.87189e-10,1,0
0.00273843,0.441202,0.00826273,0.741538,4.3056,161115,-1,9.87189e-10,1,0
0.00273855,0.441189,0.0082445,0.741502,4.30486,161103,-1,6.75419e-11,1,0
0.00273896,0.441008,0.00779149,0.741603,4.30481,161013,-1,5.73774e-10,1,0
0.00273978,0.441466,0.00857591,0.742058,4.30484,161132,-1,5.73774e-10,1,0
0.00274149,0.442414,0.0102004,0.742999,4.30626,161377,-1,3.11843e-09,1,0
0.00274208,0.442044,0.0106632,0.743421,4.30624,161207,-1,3.11843e-09,1,0
0.00274281,0.441591,0.011229,0.743936,4.3059,161000,-1,1.61662e-09,1,0
0.00274337,0.441531,0.0112374,0.743796,4.30512,160945,-1,3.77101e-10,1,0
0.00274479,0.441158,0.0118722,0.744566,4.30892,160725,-1,6.04441e-10,1,0
0.00274509,0.441359,0.0116042,0.744708,4.30893,160781,-1,6.04441e-10,1,0
0.00274548,0.441523,0.0112475,0.744824,4.30885,160818,-1,9.07291e-10,1,0
0.002746,0.441169,0.0107892,0.744572,4.30721,160659,-1,7.2421e-10,1,0
0.0027466,0.441881,0.0109137,0.744434,4.30723,160883,-1,6.05646e-10,1,0
0.00274821,0.442125,0.0110444,0.744299,4.30524,160877,-1,1.27199e-09,1,0
0.002749,0.441323,0.0109967,0.744665,4.30529,160539,-1,1.14585e-10,1,0
0.00274926,0.441296,0.0112375,0.744668,4.30502,160515,-1,8.6095e-11,1,0
0.00274968,0.441634,0.0116264,0.744587,4.30504,160612,-1,8.6095e-11,1,0
0.00275086,0.44132,0.0129781,0.744382,4.30706,160430,-1,1.34553e-09,1,0
0.00275163,0.441805,0.013416,0.744986,4.3071,160561,-1,3.38474e-10,1,0
0.0027529,0.442969,0.0139791,0.74587,4.30783,160910,-1,2.17975e-09,1,0
0.00275326,0.442725,0.0139979,0.745593,4.30873,160800,-1,1.19597e-10,1,0
0.00275364,0.44226,0.0140695,0.745639,4.30873,160609,-1,4.72629e-10,1,0
0.00275496,0.441637,0.0142125,0.746565,4.31009,160306,-1,5.83209e-10,1,0
0.00275596,0.441078,0.0143328,0.745721,4.30977,160045,-1,2.76903e-10,1,0
0.00275627,0.440714,0.0143314,0.745651,4.31191,159895,-1,2.793e-10,1,0
0.00275667,0.440764,0.013871,0.745812,4.31226,159890,-1,4.90306e-10,1,0
0.00275745,0.440432,0.0137491,0.7452,4.31159,159725,-1,7.3529e-10,1,0
0.00275831,0.440089,0.0143347,0.744921,4.30993,159550,-1,8.67742e-10,1,0
0.00275866,0.439885,0.0140256,0.744833,4.30812,159456,-1,3.09428e-10,1,0
0.00275943,0.440167,0.0135434,0.74417,4.30928,159514,-1,6.80537e-10,1,0
0.00276047,0.440786,0.0139756,0.745208,4.30807,159678,-1,1.28279e-09,1,0
0.00276161,0.439719,0.0135532,0.746006,4.30814,159226,-1,1.13529e-09,1,0
0.00276214,0.439485,0.013679,0.746248,4.30801,159110,-1,7.10733e-10,1,0
0.00276287,0.439988,0.0140521,0.746187,4.30613,159251,-1,9.03863e-10,1,0
0.00276394,0.440345,0.0130913,0.745366,4.30752,159318,-1,1.21487e-09,1,0
0.00276445,0.43994,0.013571,0.745329,4.3075,159142,-1,1.21487e-09,1,0
0.00276641,0.439746,0.015275,0.743736,4.30728,158959,-1,2.23288e-09,1,0
0.00276706,0.439841,0.0148486,0.743055,4.30729,158956,-1,2.23288e-09,1,0
0.00276847,0.440398,0.0139847,0.741774,4.30761,159076,-1,1.92765e-09,1,0
0.00276989,0.440216,0.0141494,0.74229,4.3057,158929,-1,2.79372e-10,1,0
0.00277028,0.440245,0.0143554,0.742673,4.30343,158917,-1,1.24026e-10,1,0
0.00277104,0.439719,0.0142602,0.742847,4.3036,158684,-1,2.11681e-10,1,0
0.00277191,0.439476,0.0141049,0.743885,4.30359,158546,-1,2.11681e-10,1,0
0.00277313,0.439514,0.0150628,0.743601,4.30442,158490,-1,1.80703e-09,1,0
0.00277396,0.439631,0.0152776,0.743387,4.30351,158485,-1,1.71991e-10,1,0
0.00277447,0.43961,0.0147576,0.743508,4.30269,158448,-1,2.40658e-10,1,0
0.00277564,0.440685,0.0143399,0.742798,4.30252,158769,-1,4.70489e-10,1,0
0.0027763,0.441303,0.0142517,0.742274,4.30437,158953,-1,1.78359e-09,1,0
0.00277667,0.441431,0.0139861,0.742613,4.30438,158979,-1,1.78359e-09,1,0
0.00277713,0.441496,0.0139663,0.742702,4.30695,158976,-1,2.40248e-10,1,0
0.00277754,0.441442,0.0137817,0.742417,4.30548,158933,-1,2.53584e-10,1,0
0.00277783,0.441618,0.0137597,0.742102,4.305,158979,-1,6.13314e-10,1,0
0.00277928,0.441979,0.0125822,0.741335,4.30538,159027,-1,1.26922e-09,1,0
0.00277967,0.44192,0.0125727,0.740854,4.30538,158983,-1,1.26922e-09,1,0
0.00278127,0.441271,0.012456,0.739096,4.30734,158658,-1,7.353e-10,1,0
0.00278228,0.440184,0.0121517,0.739207,4.30714,158210,-1,1.00629e-09,1,0
0.00278313,0.439518,0.0115241,0.739728,4.30742,157922,-1,1.22013e-09,1,0
0.00278377,0.439789,0.0113511,0.740113,4.30675,157983,-1,6.14802e-10,1,0
0.00278513,0.438555,0.0124904,0.740191,4.30728,157463,-1,1.84719e-09,1,0
0.00278569,0.438393,0.0129354,0.73987,4.30726,157374,-1,1.21193e-10,1,0
0.00278702,0.437333,0.0140587,0.740051,4.30787,156918,-1,3.43734e-10,1,0
0.00278812,0.436377,0.013684,0.739172,4.31083,156513,-1,1.35159e-09,1,0
0.00278919,0.437138,0.0137206,0.739877,4.31093,156726,-1,7.75596e-10,1,0
0.00278983,0.436697,0.0134235,0.739915,4.30674,156532,-1,5.23881e-10,1,0
0.00279009,0.436838,0.0132072,0.740052,4.30908,156567,-1,2.63123e-11,1,0
0.00279038,0.436871,0.0132131,0.740368,4.31092,156564,-1,1.85422e-10,1,0
0.00279117,0.437382,0.0140016,0.740079,4.31236,156702,-1,9.50734e-10,1,0
0.00279165,0.43717,0.0137091,0.740073,4.30999,156599,-1,3.56966e-10,1,0
0.00279183,0.437121,0.0138319,0.740029,4.30963,156572,-1,1.0895e-10,1,0
0.00279214,0.437047,0.0139216,0.739662,4.30962,156527,-1,1.0895e-10,1,0
0.00279304,0.437154,0.0135283,0.739288,4.31055,156515,-1,6.23511e-10,1,0
0.00279431,0.436336,0.0142623,0.739398,4.31193,156152,-1,9.58008e-10,1,0
0.00279535,0.43672,0.0138133,0.73947,4.31133,156231,-1,4.47437e-10,1,0
0.00279652,0.43719,0.0138069,0.740478,4.31008,156333,-1,1.11327e-09,1,0
0.00279785,0.436091,0.014527,0.740224,4.30928,155867,-1,3.58508e-10,1,0
0.00279859,0.436572,0.0140285,0.739836,4.31014,155997,-1,5.73241e-10,1,0
0.00279934,0.436832,0.0136214,0.739562,4.3111,156048,-1,8.55783e-10,1,0
0.00280046,0.436683,0.0133274,0.739319,4.30965,155933,-1,1.13547e-09,1,0
0.00280074,0.436615,0.013521,0.739047,4.31044,155893,-1,9.96119e-10,1,0
0.00280207,0.436305,0.0120528,0.739725,4.31024,155708,-1,1.64635e-09,1,0
0.00280353,0.436254,0.0116037,0.739902,4.30922,155609,-1,8.54339e-10,1,0
0.00280459,0.437402,0.0114391,0.740376,4.30891,155959,-1,3.12502e-11,1,0
0.00280473,0.437433,0.0114448,0.740379,4.3116,155963,-1,4.24509e-11,1,0
0.00280523,0.437466,0.0114512,0.73979,4.30927,155946,-1,9.97996e-11,1,0
0.00280582,0.437004,0.0116163,0.73932,4.30873,155749,-1,6.28977e-10,1,0
0.00280721,0.436292,0.0118333,0.737973,4.30836,155418,-1,3.80064e-10,1,0
0.00280767,0.43612,0.0117844,0.737658,4.30912,155332,-1,1.78157e-10,1,0
0.00280966,0.435397,0.0127607,0.737085,4.30575,154965,-1,1.70033e-10,1,0
0.00280998,0.435275,0.0128779,0.736765,4.3054,154903,-1,1.46614e-09,1,0
0.00281114,0.434594,0.0127127,0.736399,4.30394,154597,-1,6.73909e-10,1,0
0.00281182,0.434199,0.0122354,0.736895,4.30753,154419,-1,7.62527e-10,1,0
0.00281247,0.433952,0.012319,0.736558,4.30432,154295,-1,1.95944e-10,1,0
0.0028135,0.433783,0.0125416,0.735327,4.30431,154179,-1,1.95944e-10,1,0
0.00281502,0.433366,0.0126679,0.734047,4.30584,153948,-1,5.70048e-10,1,0
0.00281578,0.434051,0.0132657,0.734174,4.30468,154150,-1,3.27213e-10,1,0
0.00281696,0.432709,0.0137907,0.733927,4.30312,153608,-1,1.46157e-09,1,0
0.00281891,0.433933,0.0155101,0.735047,4.30318,153937,-1,1.46157e-09,1,0
0.00281922,0.434188,0.015624,0.735133,4.30354,154010,-1,2.6356e-09,1,0
0.00282032,0.435015,0.0148372,0.734643,4.3028,154243,-1,5.46741e-10,1,0
0.00282063,0.435232,0.014795,0.734586,4.29946,154303,-1,2.33625e-10,1,0
0.00282177,0.43554,0.013685,0.734174,4.29727,154350,-1,1.21252e-09,1,0
0.00282246,0.435935,0.0141818,0.73474,4.29719,154452,-1,8.50369e-10,1,0
0.00282314,0.436494,0.0139198,0.735302,4.29798,154613,-1,8.35103e-10,1,0
0.00282374,0.436821,0.0138887,0.734639,4.29665,154696,-1,7.39899e-10,1,0
0.00282473,0.436983,0.0139139,0.73546,4.29693,154699,-1,8.14107e-10,1,0
0.00282613,0.435517,0.0135952,0.736278,4.29804,154104,-1,2.11541e-09,1,0
0.0028274,0.436353,0.0126915,0.736171,4.30145,154330,-1,5.00517e-10,1,0
0.00282787,0.436156,0.0124084,0.736635,4.30054,154235,-1,5.77552e-10,1,0
0.00282919,0.43528,0.0117672,0.736141,4.30042,153853,-1,6.27252e-10,1,0
0.00283019,0.435893,0.0108235,0.736633,4.29772,154016,-1,1.22783e-09,1,0
0.00283109,0.435684,0.011793,0.737022,4.29854,153892,-1,1.74245e-10,1,0
0.00283194,0.436388,0.0124744,0.736662,4.29941,154095,-1,1.04405e-09,1,0
0.00283205,0.436421,0.0124174,0.736577,4.29895,154101,-1,8.64314e-11,1,0
0.00283341,0.436714,0.0108028,0.736355,4.29692,154130,-1,3.08844e-11,1,0
0.00283408,0.436561,0.0107481,0.737081,4.29684,154040,-1,4.60737e-10,1,0
0.00283463,0.436609,0.0109786,0.737728,4.29685,154026,-1,4.60737e-10,1,0
0.00283515,0.436737,0.0110318,0.73809,4.29592,154044,-1,1.60585e-10,1,0
0.00283593,0.437459,0.0108193,0.738119,4.29619,154256,-1,1.74306e-10,1,0
0.00283729,0.438084,0.011487,0.736972,4.29489,154402,-1,1.08235e-09,1,0
0.00283774,0.438287,0.0109942,0.737139,4.29808,154449,-1,5.58601e-10,1,0
0.00283848,0.439059,0.0114674,0.73721,4.2977,154681,-1,9.08402e-10,1,0
0.00283931,0.438758,0.0112293,0.738038,4.29773,154530,-1,3.14245e-10,1,0
0.00283975,0.438538,0.0116263,0.738147,4.29933,154429,-1,7.77034e-10,1,0
0.00283995,0.438576,0.0118075,0.737996,4.29832,154431,-1,2.25482e-10,1,0
0.00284093,0.439092,0.0109136,0.737465,4.29687,154559,-1,1.0578e-10,1,0
0.00284137,0.439234,0.0112835,0.737407,4.29636,154585,-1,3.27712e-10,1,0
0.00284169,0.439389,0.0110828,0.737591,4.29735,154623,-1,3.05426e-10,1,0
0.00284224,0.438781,0.0108055,0.737467,4.29732,154379,-1,3.05426e-10,1,0
0.00284271,0.438451,0.0105968,0.737257,4.29672,154237,-1,1.69778e-10,1,0
0.00284348,0.438653,0.0108945,0.738014,4.29652,154266,-1,1.08495e-10,1,0
0.00284461,0.439377,0.0114672,0.737386,4.29846,154460,-1,1.13886e-09,1,0
0.00284536,0.439433,0.0113822,0.736808,4.29649,154439,-1,1.29832e-11,1,0
0.00284571,0.439262,0.0111531,0.736674,4.29673,154359,-1,2.32664e-10,1,0
0.00284682,0.440098,0.0112907,0.736417,4.29613,154593,-1,6.82259e-10,1,0
0.00284816,0.441372,0.0122209,0.736656,4.2972,154967,-1,1.12441e-09,1,0
0.0028488,0.440993,0.0123532,0.736305,4.30048,154799,-1,5.05649e-10,1,0
0.00284918,0.440813,0.0119294,0.736359,4.29959,154716,-1,4.63696e-10,1,0
0.00285052,0.439997,0.0133355,0.736637,4.29824,154357,-1,1.64943e-09,1,0
0.00285122,0.439438,0.0133733,0.736956,4.29982,154123,-1,2.14174e-10,1,0
0.00285194,0.439984,0.0135556,0.736688,4.30173,154275,-1,6.36358e-10,1,0
0.00285342,0.438303,0.0132335,0.736061,4.30097,153606,-1,1.88092e-09,1,0
0.00285446,0.438253,0.0133507,0.735556,4.30193,153533,-1,7.89026e-10,1,0
0.00285493,0.437775,0.0132539,0.735873,4.30191,153340,-1,7.89026e-10,1,0
0.0028563,0.436392,0.0129742,0.73679,4.30369,152783,-1,2.26452e-09,1,0
0.00285766,0.437346,0.0126069,0.736967,4.30295,153043,-1,3.6884e-10,1,0
0.00285904,0.437641,0.0129569,0.737346,4.30332,153073,-1,1.01138e-09,1,0
0.00285956,0.43814,0.0131373,0.737476,4.30309,153219,-1,4.08277e-10,1,0
0.00286147,0.438174,0.0129024,0.737954,4.30183,153129,-1,1.29882e-10,1,0
0.00286172,0.438279,0.0130252,0.737715,4.30085,153152,-1,3.89796e-11,1,0
0.0028624,0.438596,0.0132883,0.736987,4.29953,153227,-1,1.10446e-09,1,0
0.00286278,0.438794,0.0135501,0.73724,4.29869,153276,-1,5.36476e-11,1,0
0.00286339,0.439197,0.0139511,0.737744,4.29871,153383,-1,5.36476e-11,1,0
0.00286441,0.440076,0.0143175,0.738446,4.29558,153636,-1,6.07718e-10,1,0
0.00286524,0.440338,0.0145218,0.737822,4.29951,153683,-1,4.14125e-10,1,0
0.00286626,0.44136,0.0152183,0.737984,4.29956,153985,-1,4.14125e-10,1,0
0.00286673,0.441835,0.0155426,0.738059,4.29959,154125,-1,4.14125e-10,1,0
0.0028682,0.44194,0.0168026,0.738609,4.29921,154082,-1,1.13839e-09,1,0
0.0028691,0.442884,0.016687,0.739154,4.29962,154364,-1,1.2064e-09,1,0
0.00286919,0.442859,0.0166043,0.739196,4.29577,154350,-1,3.27e-11,1,0
0.00286939,0.442768,0.0167774,0.739273,4.29538,154307,-1,1.44236e-11,1,0
0.00286996,0.44257,0.016898,0.739265,4.29511,154208,-1,2.39937e-10,1,0
0.00287139,0.443276,0.0178322,0.738518,4.29731,154377,-1,1.32969e-09,1,0
0.00287261,0.442026,0.0185756,0.738177,4.29559,153876,-1,1.49367e-09,1,0
0.00287429,0.442474,0.0174993,0.737191,4.29608,153942,-1,9.31779e-10,1,0
0.00287577,0.442221,0.0171148,0.738464,4.29336,153775,-1,3.37982e-10,1,0
0.00287694,0.4421,0.0175484,0.739835,4.29335,153670,-1,3.37982e-10,1,0
0.00287755,0.441956,0.0181875,0.739979,4.29675,153587,-1,2.88284e-11,1,0
0.00287816,0.4414,0.0180868,0.739498,4.29672,153362,-1,2.88284e-11,1,0
0.00287957,0.439813,0.0181322,0.739586,4.29754,152735,-1,1.1507e-09,1,0
0.00288077,0.43842,0.0181134,0.740002,4.2983,152189,-1,2.23599e-11,1,0
0.00288123,0.43824,0.0179878,0.740294,4.29914,152102,-1,1.67802e-10,1,0
0.00288226,0.438659,0.0178695,0.741317,4.29812,152193,-1,1.91124e-10,1,0
0.00288286,0.438877,0.0176337,0.740663,4.29651,152237,-1,4.82343e-11,1,0
0.00288408,0.438655,0.0173402,0.741441,4.29474,152095,-1,8.40804e-10,1,0
0.0028842,0.438737,0.0173895,0.741549,4.29424,152117,-1,8.06549e-10,1,0
0.00288462,0.438442,0.0174915,0.741971,4.29486,151993,-1,5.24706e-10,1,0
0.00288565,0.43771,0.0179085,0.741054,4.28996,151685,-1,1.88275e-10,1,0
0.0028864,0.438239,0.0173387,0.741546,4.28923,151829,-1,9.20661e-10,1,0
0.00288733,0.438576,0.0172682,0.74239,4.28774,151897,-1,3.46735e-10,1,0
0.00288772,0.438479,0.0168613,0.742405,4.28964,151842,-1,6.02848e-11,1,0
0.00288823,0.438554,0.0166407,0.742422,4.28463,151842,-1,2.12423e-10,1,0
0.00288908,0.438848,0.0157461,0.742874,4.28465,151899,-1,2.12423e-10,1,0
0.00289021,0.439237,0.0145598,0.743473,4.28351,151974,-1,2.8149e-09,1,0
0.00289064,0.439497,0.0145127,0.743271,4.28271,152041,-1,2.95153e-10,1,0
0.00289155,0.439776,0.01541,0.743733,4.27994,152090,-1,1.99373e-12,1,0
0.00289281,0.438671,0.0157317,0.744769,4.27989,151642,-1,1.99373e-12,1,0
0.00289341,0.438992,0.0153685,0.744354,4.27993,151721,-1,6.81642e-10,1,0
0.00289445,0.438232,0.0158244,0.743587,4.28029,151404,-1,1.01486e-09,1,0
0.00289523,0.437972,0.0155666,0.742698,4.28028,151274,-1,1.01486e-09,1,0
0.00289628,0.437623,0.0152209,0.741505,4.27908,151098,-1,2.51133e-09,1,0
0.00289702,0.437699,0.01607,0.741295,4.28187,151086,-1,8.77068e-10,1,0
0.00289728,0.4376,0.0158824,0.741519,4.27949,151038,-1,6.20903e-11,1,0
0.0028977,0.437491,0.0162772,0.741757,4.27975,150978,-1,4.90105e-10,1,0
0.00289831,0.437172,0.0162635,0.741386,4.27881,150837,-1,1.97789e-10,1,0
0.00289897,0.437284,0.0167968,0.740869,4.27827,150841,-1,8.26766e-11,1,0
0.00289991,0.437142,0.0169792,0.739761,4.27881,150743,-1,1.14007e-09,1,0
0.00290064,0.43654,0.0164481,0.740138,4.27878,150498,-1,1.14007e-09,1,0
0.00290105,0.436193,0.016141,0.740356,4.28131,150357,-1,1.41703e-09,1,0
0.00290219,0.436057,0.0151189,0.739423,4.28119,150251,-1,1.39098e-09,1,0
0.00290281,0.436384,0.0145193,0.739075,4.2812,150332,-1,1.39098e-09,1,0
0.00290323,0.436189,0.0146532,0.738931,4.28306,150243,-1,3.51045e-10,1,0
0.00290372,0.435597,0.0146022,0.738884,4.28303,150014,-1,3.51045e-10,1,0
0.00290444,0.436197,0.0146639,0.738781,4.28242,150183,-1,1.36936e-10,1,0
0.00290552,0.435662,0.0151408,0.739901,4.28239,149943,-1,1.36936e-10,1,0
0.00290683,0.436295,0.0160802,0.739591,4.28006,150093,-1,1.13833e-09,1,0
0.00290758,0.436644,0.0163788,0.738838,4.27985,150174,-1,7.67482e-10,1,0
0.00290822,0.436884,0.0170418,0.738505,4.27986,150224,-1,7.67482e-10,1,0
0.00290887,0.43712,0.0175755,0.738028,4.28228,150272,-1,2.55611e-12,1,0
0.0029093,0.437008,0.0180549,0.73783,4.28227,150211,-1,2.55611e-12,1,0
0.00290953,0.437218,0.0180789,0.737812,4.27881,150271,-1,1.27216e-10,1,0
0.00291075,0.43675,0.0184238,0.737056,4.27946,150047,-1,3.64263e-10,1,0
0.00291105,0.436662,0.018557,0.736739,4.27992,150002,-1,8.2768e-13,1,0
0.00291206,0.43717,0.0175706,0.737164,4.27778,150124,-1,6.57579e-11,1,0
0.0029125,0.437379,0.017154,0.737274,4.2761,150173,-1,5.87469e-11,1,0
0.00291329,0.437525,0.0168172,0.7378,4.27642,150182,-1,3.8785e-10,1,0
0.00291416,0.437062,0.0177315,0.737489,4.27639,149979,-1,3.8785e-10,1,0
0.00291468,0.436802,0.0180959,0.737257,4.2788,149863,-1,1.18225e-10,1,0
0.00291515,0.436878,0.0175445,0.737084,4.2788,149865,-1,1.18225e-10,1,0
0.00291534,0.436909,0.01732,0.737013,4.27618,149865,-1,8.20473e-10,1,0
0.00291589,0.436535,0.0175025,0.737077,4.27507,149709,-1,5.32718e-10,1,0
0.00291628,0.436815,0.0173053,0.736989,4.27452,149785,-1,3.4265e-10,1,0
0.00291704,0.436644,0.0180845,0.736888,4.27077,149688,-1,6.18988e-10,1,0
0.00291766,0.436686,0.0181232,0.736682,4.27164,149670,-1,8.4905e-11,1,0
0.00291816,0.43657,0.0180627,0.736089,4.27163,149605,-1,8.4905e-11,1,0
0.00291902,0.436152,0.0181359,0.735129,4.27159,149417,-1,8.35703e-10,1,0
0.00292007,0.436296,0.0189871,0.734585,4.26999,149413,-1,1.22682e-09,1,0
0.00292057,0.436732,0.0189666,0.734566,4.27149,149537,-1,7.24603e-11,1,0
0.00292118,0.437308,0.0189144,0.734883,4.26933,149702,-1,4.60823e-10,1,0
0.00292153,0.437234,0.0187982,0.735264,4.27595,149659,-1,2.73842e-11,1,0
0.00292175,0.43725,0.0189107,0.735471,4.27614,149654,-1,1.95112e-10,1,0
0.00292226,0.437139,0.0185113,0.73543,4.2775,149589,-1,5.06107e-10,1,0
0.00292305,0.436684,0.0191386,0.735662,4.27702,149393,-1,5.18659e-10,1,0
0.00292406,0.435966,0.0193745,0.735179,4.28196,149096,-1,1.01519e-09,1,0
0.00292418,0.436031,0.0194489,0.735159,4.2841,149112,-1,6.71296e-11,1,0
0.00292437,0.435872,0.019363,0.735085,4.28378,149048,-1,1.06909e-10,1,0
0.0029245,0.435736,0.0193699,0.735026,4.28456,148995,-1,2.42963e-10,1,0
0.00292637,0.433861,0.0204742,0.734506,4.28447,148259,-1,6.11753e-10,1,0
0.00292762,0.433356,0.0203282,0.733628,4.28639,148023,-1,8.19931e-10,1,0
0.00292885,0.433536,0.0218081,0.733367,4.2864,148022,-1,8.19931e-10,1,0
0.00292944,0.433503,0.0224897,0.733173,4.28859,147981,-1,3.78633e-10,1,0
0.0029298,0.43375,0.0227544,0.73327,4.2884,148047,-1,2.69413e-10,1,0
0.00293086,0.434063,0.0238758,0.733032,4.28803,148101,-1,3.56502e-10,1,0
0.00293187,0.434792,0.0246642,0.733074,4.28506,148298,-1,1.13838e-09,1,0
0.00293286,0.434647,0.024477,0.731879,4.28506,148199,-1,1.13838e-09,1,0
0.00293388,0.434331,0.0245202,0.731916,4.28209,148040,-1,3.94781e-10,1,0
0.00293531,0.434718,0.0256551,0.730978,4.27843,148100,-1,2.99779e-10,1,0
0.00293618,0.435285,0.0255311,0.731874,4.27638,148249,-1,1.0677e-09,1,0
0.002938,0.435063,0.0266914,0.732242,4.27806,148082,-1,7.12779e-10,1,0
0.0029387,0.4342,0.0267588,0.732249,4.27882,147752,-1,8.65489e-10,1,0
0.00293958,0.434529,0.0260629,0.732239,4.27972,147820,-1,1.60668e-10,1,0
0.00294052,0.435163,0.0262801,0.733039,4.27573,147988,-1,3.02603e-10,1,0
0.00294081,0.435057,0.026082,0.73293,4.27337,147938,-1,1.16201e-10,1,0
0.00294247,0.435184,0.0255949,0.734625,4.27265,147897,-1,1.41431e-10,1,0
0.00294319,0.435254,0.025314,0.735397,4.27148,147885,-1,9.14574e-11,1,0
0.00294499,0.437056,0.0245998,0.735369,4.26847,148407,-1,3.38173e-11,1,0
0.00294604,0.43624,0.0248172,0.73468,4.26917,148077,-1,1.15553e-09,1,0
0.00294654,0.436772,0.0248939,0.734963,4.2692,148232,-1,1.15553e-09,1,0
0.00294755,0.437884,0.0244259,0.734682,4.27013,148559,-1,6.15073e-10,1,0
0.0029482,0.43822,0.0239227,0.73504,4.27086,148640,-1,6.24962e-10,1,0
0.00294862,0.438308,0.0239548,0.734875,4.27188,148649,-1,1.80906e-10,1,0
0.00294905,0.43815,0.0241294,0.734693,4.27443,148573,-1,4.15765e-11,1,0
0.0029505,0.436886,0.0240343,0.734642,4.27551,148072,-1,8.86664e-10,1,0
0.00295172,0.436689,0.0233003,0.73405,4.27227,147944,-1,1.3061e-09,1,0
0.00295264,0.436796,0.0226223,0.733152,4.26953,147934,-1,2.21466e-09,1,0
0.00295331,0.436695,0.0231012,0.733313,4.26884,147867,-1,6.27639e-10,1,0
0.00295432,0.437814,0.0226244,0.733559,4.26889,148195,-1,1.43143e-09,1,0
0.00295575,0.438549,0.02275,0.734948,4.2692,148372,-1,2.57003e-10,1,0
0.00295651,0.438934,0.0229637,0.735773,4.26922,148464,-1,2.57003e-10,1,0
0.00295782,0.439453,0.0234654,0.736377,4.27145,148573,-1,3.56799e-09,1,0
0.00295866,0.439513,0.0239727,0.735535,4.27279,148551,-1,1.44829e-09,1,0
0.00296053,0.439442,0.0235644,0.735147,4.27497,148434,-1,1.17388e-09,1,0
0.0029619,0.439842,0.0247391,0.73413,4.27427,148500,-1,1.13833e-09,1,0
0.00296277,0.440008,0.0252547,0.733398,4.27641,148512,-1,8.40487e-10,1,0
0.00296415,0.441648,0.0254229,0.732987,4.27601,148996,-1,1.92013e-09,1,0
0.0029647,0.441604,0.024762,0.733076,4.27303,148954,-1,3.96835e-11,1,0
0.00296569,0.442177,0.0257123,0.732896,4.2728,149097,-1,3.0425e-10,1,0
0.00296635,0.442478,0.0254896,0.732712,4.27355,149166,-1,2.13428e-10,1,0
0.00296719,0.442609,0.0261718,0.732314,4.27342,149168,-1,5.50123e-10,1,0
0.00296792,0.442716,0.0269637,0.73191,4.27394,149167,-1,1.80237e-09,1,0
0.00296894,0.443878,0.0270767,0.73147,4.27396,149507,-1,1.24758e-09,1,0
0.00296948,0.443532,0.0267829,0.731413,4.27333,149364,-1,3.68477e-10,1,0
0.00297032,0.443322,0.0261875,0.731881,4.27206,149250,-1,7.85782e-11,1,0
0.00297122,0.444019,0.0258117,0.731678,4.27166,149440,-1,1.76435e-10,1,0
0.002972,0.444174,0.026283,0.731961,4.26876,149453,-1,1.20153e-09,1,0
0.00297347,0.444458,0.0277751,0.732539,4.26921,149474,-1,1.81113e-09,1,0
0.00297418,0.445041,0.028413,0.732607,4.26858,149635,-1,1.54161e-09,1,0
0.00297445,0.444943,0.0282834,0.732827,4.26925,149589,-1,2.38157e-10,1,0
0.002976,0.44661,0.0274243,0.732993,4.27086,150070,-1,1.44132e-09,1,0
0.00297704,0.447094,0.026339,0.733253,4.27004,150181,-1,1.20861e-09,1,0
0.00297808,0.447361,0.0270187,0.732854,4.27073,150218,-1,2.75302e-10,1,0
0.00297856,0.447829,0.0269615,0.73258,4.26911,150351,-1,9.17513e-10,1,0
0.00297986,0.44924,0.0266254,0.731914,4.26743,150758,-1,2.10244e-09,1,0
0.00298164,0.449925,0.0278512,0.733574,4.26747,150899,-1,2.10244e-09,1,0
0.0029822,0.449565,0.0277691,0.733959,4.26598,150749,-1,5.1795e-10,1,0
0.00298292,0.448945,0.0280119,0.733683,4.26673,150505,-1,7.5702e-11,1,0
0.00298354,0.449039,0.0283088,0.734023,4.26322,150505,-1,4.85409e-10,1,0
0.00298418,0.449124,0.0283125,0.734096,4.26434,150502,-1,3.85969e-10,1,0
0.00298479,0.448615,0.0284651,0.734151,4.26743,150300,-1,8.29581e-11,1,0
0.00298678,0.448103,0.0276906,0.733671,4.26364,150029,-1,9.38474e-10,1,0
0.002988,0.448306,0.0288676,0.732772,4.26341,150036,-1,1.495e-09,1,0
0.00298923,0.447261,0.027927,0.733338,4.26336,149624,-1,1.495e-09,1,0
0.00299036,0.446311,0.0270725,0.733853,4.26331,149250,-1,1.495e-09,1,0
0.00299114,0.446658,0.0270236,0.734328,4.2621,149327,-1,3.18442e-09,1,0
0.00299147,0.446985,0.0271022,0.734547,4.26212,149420,-1,3.18442e-09,1,0
0.00299165,0.446942,0.0271654,0.734615,4.26065,149396,-1,7.03919e-11,1,0
0.00299204,0.447181,0.0272491,0.734907,4.26137,149457,-1,1.31409e-10,1,0
0.00299307,0.446676,0.0265629,0.734779,4.26253,149237,-1,6.40644e-10,1,0
0.0029945,0.446292,0.0258303,0.735037,4.26254,149037,-1,6.15226e-10,1,0
0.00299552,0.446554,0.0257651,0.733819,4.26235,149074,-1,1.24698e-09,1,0
0.00299682,0.446034,0.026621,0.732701,4.26105,148836,-1,5.11473e-11,1,0
0.00299779,0.445606,0.0272794,0.731812,4.26103,148645,-1,5.11473e-11,1,0
0.00299841,0.445644,0.0273011,0.73144,4.26291,148627,-1,2.34846e-10,1,0
0.00299925,0.445864,0.0266999,0.731914,4.2613,148659,-1,1.37312e-10,1,0
0.00300002,0.445046,0.0265518,0.732213,4.26296,148348,-1,1.02793e-09,1,0
0.0030013,0.444783,0.027738,0.732148,4.2648,148197,-1,1.11709e-09,1,0
0.00300182,0.444634,0.0273539,0.732267,4.26557,148121,-1,6.44017e-10,1,0
0.00300286,0.444289,0.0262658,0.732835,4.26555,147955,-1,6.44017e-10,1,0
0.00300317,0.444187,0.0259445,0.733003,4.26724,147906,-1,2.16999e-09,1,0
0.00300378,0.444228,0.0264431,0.73326,4.26816,147890,-1,2.18555e-10,1,0
0.00300481,0.443892,0.0276231,0.733579,4.26814,147727,-1,2.18555e-10,1,0
0.00300613,0.442668,0.0285148,0.73391,4.26771,147255,-1,1.34884e-09,1,0
0.00300676,0.441948,0.0286843,0.733838,4.2682,146985,-1,8.02053e-11,1,0
0.003009,0.439794,0.0294749,0.734707,4.26884,146160,-1,1.13461e-09,1,0
0.0030094,0.439687,0.0293984,0.734301,4.26799,146105,-1,1.30484e-10,1,0
0.00301011,0.439933,0.0294556,0.733564,4.26624,146152,-1,5.40544e-10,1,0
0.00301072,0.440284,0.02889,0.733408,4.26622,146239,-1,1.84084e-10,1,0
0.00301124,0.440615,0.0283504,0.733406,4.2664,146324,-1,1.05373e-09,1,0
0.00301189,0.440323,0.0281604,0.733712,4.26594,146195,-1,5.21559e-10,1,0
0.00301266,0.43981,0.0285279,0.733705,4.26628,145987,-1,1.07786e-10,1,0
0.00301401,0.441226,0.0290076,0.734079,4.26624,146391,-1,5.245e-10,1,0
0.00301495,0.440634,0.0289115,0.735026,4.26747,146150,-1,1.13173e-09,1,0
0.00301626,0.440767,0.0284698,0.736038,4.27071,146130,-1,8.89229e-10,1,0
0.00301687,0.440547,0.0283799,0.736262,4.27285,146028,-1,2.08198e-10,1,0
0.00301724,0.440664,0.0285285,0.73661,4.27397,146048,-1,1.56e-10,1,0
0.00301776,0.440911,0.028745,0.737081,4.27482,146105,-1,4.46081e-12,1,0
0.00301911,0.441458,0.0283152,0.73858,4.27533,146221,-1,1.86132e-09,1,0
0.00301946,0.441832,0.0283205,0.738713,4.27337,146328,-1,4.50951e-11,1,0
0.00302071,0.442573,0.0291113,0.738579,4.27026,146513,-1,1.05052e-09,1,0
0.00302115,0.442128,0.0293582,0.738648,4.26781,146344,-1,5.13912e-10,1,0
0.00302157,0.441735,0.0292451,0.738793,4.26859,146194,-1,1.13248e-10,1,0
0.00302345,0.439841,0.0291271,0.737721,4.26892,145477,-1,6.77376e-10,1,0
0.00302417,0.439245,0.0289455,0.73752,4.27003,145245,-1,2.0743e-10,1,0
0.00302467,0.439446,0.0292578,0.737626,4.2693,145287,-1,3.30403e-10,1,0
0.00302539,0.439147,0.0293903,0.737758,4.26847,145154,-1,3.87558e-10,1,0
0.00302591,0.438921,0.0289974,0.737315,4.26846,145054,-1,3.87558e-10,1,0
0.00302646,0.438681,0.0289037,0.736838,4.27139,144948,-1,2.30959e-10,1,0
0.00302721,0.439096,0.0288887,0.736621,4.27092,145049,-1,2.11776e-10,1,0
0.00302767,0.438892,0.0291919,0.73619,4.27089,144960,-1,5.64464e-10,1,0
0.00302799,0.438731,0.0288756,0.736231,4.2719,144892,-1,3.42897e-10,1,0
0.00302867,0.438438,0.028552,0.73556,4.27058,144763,-1,8.13617e-10,1,0
0.00302895,0.438615,0.0285544,0.735293,4.27103,144808,-1,3.29163e-10,1,0
0.00303011,0.438833,0.027849,0.736448,4.27132,144824,-1,2.16572e-10,1,0
0.00303118,0.4389,0.0271338,0.737542,4.27191,144795,-1,2.51837e-09,1,0
0.00303159,0.439019,0.0269578,0.737284,4.26983,144815,-1,1.3505e-10,1,0
0.00303278,0.439675,0.0269676,0.736534,4.27162,144974,-1,3.56336e-10,1,0
0.00303439,0.439329,0.0264121,0.737723,4.27434,144783,-1,1.13844e-09,1,0
0.00303533,0.440216,0.0260249,0.73824,4.27516,145031,-1,6.29301e-11,1,0
0.00303561,0.440077,0.0260141,0.738565,4.27418,144971,-1,3.5329e-10,1,0
0.00303644,0.439088,0.0260903,0.738436,4.27406,144606,-1,5.64848e-10,1,0
0.00303686,0.439049,0.0261165,0.738257,4.27622,144573,-1,3.31214e-10,1,0
0.00303847,0.437374,0.0258237,0.737609,4.27617,143945,-1,8.30715e-10,1,0
0.0030398,0.436922,0.0270298,0.736737,4.27457,143734,-1,1.58804e-09,1,0
0.00304041,0.436834,0.0270162,0.736096,4.27476,143676,-1,1.29035e-10,1,0
0.00304114,0.437589,0.0268905,0.735796,4.27602,143890,-1,2.7562e-10,1,0
0.00304128,0.437757,0.0268629,0.735776,4.27847,143938,-1,2.8528e-11,1,0
0.00304215,0.436986,0.0266803,0.7351,4.27606,143644,-1,1.04537e-09,1,0
0.00304287,0.436832,0.0270233,0.734537,4.27071,143559,-1,5.0738e-11,1,0
0.00304397,0.437442,0.0273026,0.733808,4.26918,143708,-1,2.08636e-10,1,0
0.00304517,0.438024,0.0274206,0.732979,4.27085,143842,-1,2.26053e-09,1,0
0.00304587,0.437828,0.0265989,0.732853,4.27057,143745,-1,1.20736e-09,1,0
0.003047,0.438084,0.0252758,0.733185,4.27058,143776,-1,1.3881e-09,1,0
0.00304811,0.439183,0.0260364,0.733175,4.27066,144084,-1,1.22031e-09,1,0
0.0030483,0.439252,0.0262537,0.733113,4.27058,144097,-1,1.12585e-10,1,0
0.00304896,0.439632,0.0262511,0.733824,4.27059,144191,-1,1.12585e-10,1,0
0.00305086,0.440935,0.0258502,0.735227,4.26874,144528,-1,2.47572e-09,1,0
0.00305218,0.442217,0.0248721,0.735052,4.26857,144886,-1,2.27779e-09,1,0
0.0030528,0.441998,0.0250424,0.734609,4.27047,144784,-1,2.46911e-10,1,0
0.00305387,0.440975,0.0251312,0.733795,4.27042,144399,-1,2.46911e-10,1,0
0.00305517,0.441459,0.0255775,0.733273,4.2734,144496,-1,8.27456e-10,1,0
0.00305535,0.441567,0.0254288,0.733273,4.27465,144523,-1,5.58346e-10,1,0
0.00305644,0.441495,0.0253504,0.733122,4.27378,144447,-1,4.55877e-10,1,0
0.00305792,0.44247,0.0259904,0.732408,4.27678,144697,-1,7.51858e-10,1,0
0.00305877,0.442739,0.0255491,0.732686,4.27696,144744,-1,1.64556e-09,1,0
0.00306128,0.443966,0.0238526,0.734779,4.27802,145026,-1,2.10876e-09,1,0
0.00306163,0.444362,0.0237929,0.734929,4.27808,145139,-1,1.94312e-10,1,0
0.00306237,0.445089,0.0237171,0.735246,4.27985,145341,-1,1.07658e-09,1,0
0.00306313,0.445535,0.0239272,0.735715,4.28181,145451,-1,2.42881e-10,1,0
0.00306462,0.44378,0.0235009,0.735424,4.28172,144808,-1,2.42881e-10,1,0
0.00306538,0.442884,0.0232835,0.735276,4.28168,144480,-1,2.42881e-10,1,0
0.00306696,0.441793,0.0234132,0.735221,4.28375,144049,-1,3.57962e-10,1,0
0.0030685,0.440986,0.0239803,0.73673,4.2832,143714,-1,1.19653e-09,1,0
0.00306875,0.441093,0.0240582,0.736551,4.28326,143737,-1,1.94312e-10,1,0
0.00306923,0.440716,0.0245101,0.736622,4.28388,143591,-1,5.93402e-10,1,0
0.0030701,0.441519,0.0240334,0.736115,4.28408,143813,-1,1.0627e-09,1,0
0.00307048,0.441958,0.0241748,0.73601,4.28243,143937,-1,4.72991e-10,1,0
0.00307226,0.441424,0.0244227,0.734649,4.28207,143680,-1,8.74031e-10,1,0
0.0030726,0.441393,0.0242332,0.7345,4.28609,143655,-1,4.59426e-11,1,0
0.00307315,0.440986,0.0239547,0.734951,4.28663,143496,-1,1.74725e-11,1,0
0.00307349,0.440728,0.0237847,0.735221,4.28702,143397,-1,1.07844e-09,1,0
0.00307497,0.440342,0.0242059,0.735041,4.287,143202,-1,6.87465e-10,1,0
0.00307559,0.440542,0.0247718,0.735138,4.29104,143238,-1,6.01266e-10,1,0
0.00307609,0.440598,0.0248172,0.735014,4.29148,143233,-1,2.58012e-10,1,0
0.00307684,0.440603,0.0252768,0.73499,4.28743,143200,-1,3.05777e-10,1,0
0.0030782,0.440167,0.0252006,0.735568,4.2874,142995,-1,1.00608e-09,1,0
0.00307955,0.43951,0.0260834,0.736113,4.28593,142719,-1,3.80668e-10,1,0
0.00307991,0.439222,0.026085,0.736071,4.28575,142609,-1,1.2293e-10,1,0
0.00308089,0.439075,0.026948,0.736437,4.28524,142516,-1,8.54507e-11,1,0
0.00308136,0.439089,0.0267202,0.736788,4.28358,142499,-1,8.97013e-11,1,0
0.00308247,0.439391,0.0254365,0.737154,4.28394,142545,-1,1.55922e-09,1,0
0.00308309,0.43908,0.0258765,0.737248,4.28327,142416,-1,5.8196e-10,1,0
0.00308395,0.439938,0.0263455,0.737662,4.28386,142654,-1,1.24017e-09,1,0
0.00308411,0.439931,0.0262662,0.737816,4.28289,142645,-1,1.22705e-10,1,0
0.00308451,0.44019,0.0258768,0.737667,4.2829,142710,-1,1.22705e-10,1,0
0.00308565,0.44093,0.0247632,0.737242,4.28292,142897,-1,1.89338e-09,1,0
0.00308723,0.439944,0.0249707,0.738327,4.28211,142504,-1,9.93913e-10,1,0
0.00308851,0.439146,0.025201,0.738666,4.28257,142187,-1,4.53709e-10,1,0
0.00308909,0.438755,0.0258012,0.738634,4.28045,142034,-1,7.16652e-10,1,0
0.00309021,0.438355,0.0249284,0.739427,4.28072,141853,-1,1.26451e-09,1,0
0.00309044,0.438613,0.0250052,0.73939,4.27937,141926,-1,8.44972e-11,1,0
0.00309127,0.438814,0.0245937,0.738544,4.27882,141953,-1,9.39819e-10,1,0
0.00309222,0.438407,0.0248114,0.739591,4.28056,141777,-1,1.15234e-09,1,0
0.00309327,0.438773,0.0252625,0.739963,4.28437,141848,-1,5.69809e-10,1,0
0.00309475,0.437957,0.0248373,0.741463,4.28485,141516,-1,3.81116e-11,1,0
0.00309554,0.438714,0.0244528,0.741675,4.28445,141724,-1,7.88935e-10,1,0
0.00309592,0.438904,0.0245467,0.742059,4.28218,141768,-1,3.11238e-11,1,0
0.00309667,0.439548,0.0247754,0.742663,4.28221,141942,-1,3.11238e-11,1,0
0.00309739,0.439359,0.0239267,0.742825,4.28368,141848,-1,9.13741e-10,1,0
0.00309869,0.439014,0.0223889,0.743116,4.28366,141677,-1,9.13741e-10,1,0
0.00310019,0.438619,0.0206291,0.74345,4.28364,141481,-1,9.13741e-10,1,0
0.00310125,0.438222,0.0194746,0.743654,4.28509,141305,-1,3.69963e-11,1,0
0.00310193,0.438415,0.0196636,0.744088,4.28373,141336,-1,3.45712e-10,1,0
0.00310227,0.438643,0.0198237,0.744361,4.28418,141394,-1,1.01736e-09,1,0
0.00310302,0.438356,0.0205625,0.744598,4.28764,141267,-1,1.73035e-10,1,0
0.00310393,0.438424,0.0207808,0.745245,4.28489,141248,-1,1.15939e-09,1,0
0.00310496,0.437803,0.020755,0.745441,4.28421,141001,-1,8.19795e-10,1,0
0.00310688,0.438985,0.0220135,0.74642,4.28324,141294,-1,1.13829e-09,1,0
0.00310838,0.438577,0.0208353,0.74507,4.2832,141095,-1,1.83816e-09,1,0
0.00310863,0.438647,0.0206885,0.744824,4.28438,141106,-1,8.77476e-12,1,0
0.00310922,0.437949,0.0208584,0.744809,4.28427,140855,-1,5.49718e-11,1,0
0.00311106,0.435775,0.0214699,0.744792,4.28416,140073,-1,5.49718e-11,1,0
0.00311314,0.433318,0.022161,0.744773,4.28251,139190,-1,5.48139e-09,1,0
0.00311371,0.433448,0.0221446,0.745025,4.27924,139206,-1,2.38818e-10,1,0
0.00311473,0.43456,0.0221586,0.745501,4.27781,139518,-1,1.17788e-09,1,0
0.00311535,0.434282,0.0215156,0.745223,4.27864,139401,-1,3.97117e-11,1,0
0.00311571,0.434493,0.0216991,0.745441,4.27415,139453,-1,3.91939e-10,1,0
0.00311662,0.433923,0.021002,0.746099,4.27282,139229,-1,1.11569e-09,1,0
0.00311713,0.434181,0.0212784,0.746401,4.27183,139289,-1,3.73595e-11,1,0
0.00311849,0.434803,0.0204695,0.746242,4.27313,139427,-1,9.1382e-10,1,0
0.00311953,0.434818,0.0205067,0.745962,4.27146,139385,-1,6.77223e-10,1,0
0.00312014,0.435129,0.020475,0.746052,4.27004,139458,-1,3.55028e-10,1,0
0.00312083,0.434788,0.019752,0.745766,4.27003,139318,-1,3.55028e-10,1,0
0.00312213,0.434524,0.0186467,0.745614,4.2669,139176,-1,3.03894e-10,1,0
0.00312254,0.434304,0.0188761,0.746005,4.26661,139087,-1,5.04425e-10,1,0
0.00312359,0.434601,0.0179345,0.745189,4.26662,139135,-1,5.04425e-10,1,0
0.003125,0.435187,0.0174075,0.745852,4.2626,139259,-1,1.13827e-09,1,0
0.00312573,0.434561,0.0169615,0.745969,4.26204,139027,-1,1.00977e-10,1,0
0.0031262,0.434781,0.0169231,0.74634,4.26238,139076,-1,9.04871e-10,1,0
0.0031265,0.43506,0.0170011,0.746501,4.26273,139152,-1,6.90942e-10,1,0
0.00312717,0.435785,0.0173805,0.746462,4.26276,139354,-1,6.90942e-10,1,0
0.00312756,0.436204,0.0175996,0.746439,4.26409,139471,-1,1.4322e-09,1,0
0.00312834,0.435616,0.0172274,0.746616,4.26424,139248,-1,4.05483e-10,1,0
0.00312895,0.434914,0.0171575,0.74654,4.26325,138997,-1,5.18882e-10,1,0
0.00312987,0.435046,0.0168432,0.746414,4.26257,138998,-1,2.04015e-10,1,0
0.00313105,0.434865,0.0176098,0.747354,4.26565,138888,-1,2.50601e-10,1,0
0.00313211,0.435018,0.0169514,0.747976,4.26607,138890,-1,9.3067e-10,1,0
0.00313287,0.434228,0.0169977,0.748456,4.26603,138604,-1,9.3067e-10,1,0
0.00313342,0.433697,0.0170323,0.748815,4.26606,138410,-1,1.94243e-09,1,0
0.00313383,0.433976,0.0170747,0.749195,4.26494,138481,-1,3.61688e-11,1,0
0.00313455,0.433359,0.0174175,0.74866,4.26491,138252,-1,3.61688e-11,1,0
0.0031356,0.432554,0.0176301,0.749116,4.26373,137949,-1,6.43389e-10,1,0
0.00313639,0.433109,0.0182828,0.749307,4.26524,138092,-1,7.96765e-10,1,0
0.0031368,0.43336,0.0185577,0.749546,4.26418,138153,-1,3.17808e-10,1,0
0.00313709,0.433344,0.0185425,0.749197,4.26248,138136,-1,3.50092e-10,1,0
0.00313749,0.433799,0.0187064,0.749101,4.26084,138263,-1,4.26861e-10,1,0
0.00313782,0.433606,0.018406,0.749012,4.2593,138187,-1,3.337e-10,1,0
0.00313911,0.434427,0.0180151,0.750297,4.25797,138392,-1,1.57391e-09,1,0
0.00314026,0.433519,0.0177806,0.750673,4.25922,138052,-1,4.58184e-10,1,0
0.00314107,0.433549,0.0182918,0.751532,4.25922,138026,-1,4.58184e-10,1,0
0.00314233,0.433921,0.019065,0.752669,4.25723,138089,-1,4.45347e-10,1,0
0.00314381,0.434076,0.0182281,0.751071,4.25464,138073,-1,1.81078e-09,1,0
0.00314512,0.433133,0.0179915,0.752352,4.25624,137716,-1,1.60861e-09,1,0
0.003146,0.433601,0.0176577,0.752202,4.25417,137826,-1,5.6537e-10,1,0
0.00314728,0.434902,0.0175457,0.75307,4.2555,138183,-1,1.56782e-09,1,0
0.00314912,0.434759,0.0187669,0.75126,4.25532,138057,-1,1.83119e-09,1,0
0.00315038,0.433861,0.0182054,0.750537,4.25499,137717,-1,1.15893e-09,1,0
0.00315152,0.432968,0.0179113,0.750403,4.2527,137384,-1,3.11386e-10,1,0
0.00315222,0.432819,0.0180054,0.750618,4.24997,137306,-1,3.41783e-10,1,0
0.00315275,0.432465,0.0180593,0.750681,4.24848,137171,-1,3.48935e-10,1,0
0.00315399,0.431735,0.0170561,0.751557,4.24974,136885,-1,1.82702e-09,1,0
0.00315458,0.432,0.0177141,0.751602,4.24866,136944,-1,7.10711e-10,1,0
0.00315545,0.43112,0.0181589,0.751178,4.24861,136627,-1,7.10711e-10,1,0
0.00315663,0.430144,0.0184166,0.751262,4.2467,136267,-1,1.70588e-11,1,0
0.00315848,0.429051,0.0179359,0.753177,4.24665,135841,-1,1.70588e-11,1,0
0.00316011,0.427907,0.0179131,0.754736,4.247,135409,-1,3.86801e-09,1,0
0.00316204,0.425955,0.0184623,0.755667,4.24588,134709,-1,2.06376e-09,1,0
0.0031629,0.424946,0.0187048,0.755775,4.24596,134353,-1,2.24792e-09,1,0
0.00316307,0.42475,0.018786,0.755827,4.24596,134284,-1,2.1807e-10,1,0
0.00316362,0.424235,0.0191229,0.755633,4.24529,134098,-1,4.63561e-10,1,0
0.00316473,0.424087,0.0192411,0.754687,4.24431,134004,-1,7.2456e-10,1,0
0.00316612,0.425659,0.0196937,0.754628,4.24648,134442,-1,8.05373e-10,1,0
0.00316708,0.425462,0.0197018,0.755787,4.24724,134339,-1,5.67145e-10,1,0
0.00316745,0.425714,0.0200501,0.755669,4.24726,134403,-1,5.67145e-10,1,0
0.00316806,0.426134,0.0196715,0.756065,4.247,134509,-1,1.67701e-10,1,0
0.00316889,0.426466,0.0191881,0.756038,4.2459,134579,-1,1.20144e-09,1,0
0.00317081,0.426602,0.0182276,0.755658,4.24116,134540,-1,1.1591e-09,1,0
0.00317189,0.427589,0.0177781,0.755294,4.24273,134806,-1,2.60773e-10,1,0
0.00317325,0.429073,0.0170475,0.755088,4.24281,135216,-1,2.60773e-10,1,0
0.00317351,0.429218,0.0168389,0.755275,4.24227,135250,-1,3.11302e-10,1,0
0.00317506,0.428134,0.0163871,0.755364,4.24,134843,-1,1.67732e-10,1,0
0.00317626,0.428243,0.0177246,0.754899,4.23848,134826,-1,1.15905e-09,1,0
0.00317757,0.428679,0.0183831,0.755311,4.23655,134908,-1,1.14348e-09,1,0
0.00317911,0.429136,0.0180933,0.754907,4.23519,134986,-1,9.35163e-10,1,0
0.00317999,0.429046,0.0172287,0.755421,4.23376,134921,-1,5.50614e-10,1,0
0.00318041,0.428962,0.0174238,0.755215,4.23441,134876,-1,3.90334e-10,1,0
0.00318081,0.428731,0.0173731,0.755107,4.23241,134787,-1,1.56657e-10,1,0
0.00318157,0.429227,0.0178305,0.754484,4.23308,134910,-1,8.3766e-10,1,0
0.00318234,0.428869,0.0173438,0.75384,4.23033,134765,-1,8.50455e-10,1,0
0.00318432,0.430695,0.015802,0.75421,4.23042,135255,-1,8.50455e-10,1,0
0.00318467,0.430709,0.01549,0.754073,4.23224,135244,-1,2.56643e-09,1,0
0.00318548,0.430731,0.0155121,0.753426,4.23407,135217,-1,5.61034e-10,1,0
0.00318697,0.429219,0.0157381,0.754404,4.23399,134679,-1,2.26099e-10,1,0
0.00318808,0.428288,0.0159367,0.75532,4.23426,134340,-1,2.32321e-09,1,0
0.0031893,0.427839,0.0161566,0.756503,4.23258,134148,-1,1.89248e-09,1,0
0.00318994,0.428281,0.0161968,0.75699,4.23291,134260,-1,7.91098e-10,1,0
0.00319068,0.428138,0.0164516,0.757616,4.22897,134184,-1,1.92215e-10,1,0
0.00319127,0.427862,0.0171055,0.757494,4.22896,134073,-1,1.92215e-10,1,0
0.00319154,0.427666,0.0173131,0.757464,4.23017,134000,-1,1.14473e-10,1,0
0.00319211,0.427797,0.0179414,0.757604,4.22953,134017,-1,9.49794e-11,1,0
0.00319301,0.427567,0.017908,0.757467,4.22991,133907,-1,6.77649e-10,1,0
0.00319313,0.42747,0.0180051,0.757456,4.22982,133872,-1,1.3757e-10,1,0
0.00319443,0.426704,0.0193677,0.757242,4.22602,133578,-1,1.11352e-09,1,0
0.00319493,0.427087,0.0192756,0.756849,4.22654,133676,-1,2.91157e-10,1,0
0.00319654,0.428184,0.0193506,0.758465,4.22659,133952,-1,2.91157e-10,1,0
0.00319838,0.429239,0.0192118,0.760296,4.22489,134205,-1,3.87994e-09,1,0
0.0031986,0.429243,0.0193036,0.760518,4.22334,134197,-1,3.67965e-10,1,0
0.00319978,0.428723,0.019319,0.76176,4.22369,133985,-1,5.53266e-10,1,0
0.00320045,0.428629,0.0193769,0.762221,4.22249,133928,-1,2.3429e-10,1,0
0.00320165,0.427305,0.0189804,0.762007,4.21982,133464,-1,1.15892e-09,1,0
0.00320224,0.427015,0.0189026,0.762109,4.22067,133349,-1,4.12132e-10,1,0
0.00320301,0.427243,0.0189068,0.762984,4.21955,133388,-1,7.34733e-10,1,0
0.00320355,0.427197,0.0191753,0.763584,4.21955,133351,-1,7.34733e-10,1,0
0.00320399,0.426959,0.0195005,0.763597,4.21993,133259,-1,3.24826e-10,1,0
0.00320476,0.426822,0.019331,0.763789,4.21969,133184,-1,1.84931e-10,1,0
0.00320613,0.427786,0.0182465,0.763044,4.21848,133428,-1,5.51591e-10,1,0
0.00320695,0.428382,0.0176249,0.762532,4.21768,133579,-1,2.48281e-09,1,0
0.00320792,0.427452,0.0172646,0.76217,4.21971,133249,-1,4.9642e-10,1,0
0.00320839,0.426951,0.0172704,0.761888,4.22086,133073,-1,1.25898e-09,1,0
0.00320866,0.42666,0.0172287,0.762028,4.22073,132971,-1,2.64376e-10,1,0
0.00320906,0.426592,0.0168619,0.761718,4.22068,132933,-1,4.84941e-10,1,0
0.00321001,0.426562,0.017151,0.761904,4.21718,132885,-1,5.72024e-10,1,0
0.00321034,0.42684,0.017161,0.761982,4.21486,132958,-1,1.56328e-10,1,0
0.00321108,0.426254,0.0172011,0.761529,4.21429,132745,-1,1.51976e-10,1,0
0.00321125,0.426135,0.0171989,0.761549,4.21616,132701,-1,3.4414e-11,1,0
0.00321277,0.426501,0.0164457,0.762175,4.21373,132752,-1,5.29968e-10,1,0
0.00321343,0.427065,0.0166847,0.76218,4.21586,132900,-1,1.73152e-10,1,0
0.00321362,0.427157,0.0168809,0.762262,4.21508,132921,-1,2.32747e-10,1,0
0.00321406,0.42674,0.0168972,0.761945,4.21347,132773,-1,5.30172e-11,1,0
0.00321474,0.426119,0.0169585,0.761497,4.20964,132552,-1,4.14309e-11,1,0
0.00321563,0.426724,0.0176134,0.762095,4.21011,132703,-1,1.07377e-09,1,0
0.00321641,0.425907,0.0171608,0.761903,4.21006,132417,-1,1.07377e-09,1,0
0.00321731,0.425555,0.0175664,0.762708,4.20867,132270,-1,1.07241e-09,1,0
0.00321855,0.42673,0.0171588,0.762762,4.20718,132584,-1,2.08053e-10,1,0
0.00321893,0.42686,0.0171419,0.763077,4.20623,132609,-1,1.61412e-10,1,0
0.00322042,0.427846,0.01768,0.764319,4.20707,132854,-1,1.59759e-09,1,0
0.00322185,0.428096,0.0177066,0.764707,4.20647,132873,-1,6.15396e-10,1,0
0.00322264,0.428107,0.0170141,0.764062,4.20558,132844,-1,6.40023e-10,1,0
0.00322416,0.428942,0.0175256,0.765356,4.20451,133040,-1,1.73048e-09,1,0
0.00322491,0.429141,0.0167256,0.765265,4.20033,133071,-1,2.59749e-11,1,0
0.00322568,0.429018,0.0164505,0.765649,4.19872,133001,-1,2.19288e-10,1,0
0.00322695,0.429176,0.0163543,0.766798,4.1991,132997,-1,1.21554e-09,1,0
0.00322881,0.429422,0.0171601,0.76863,4.20052,132997,-1,2.67897e-09,1,0
0.00322954,0.429266,0.016562,0.769069,4.19701,132919,-1,3.00367e-10,1,0
0.00322991,0.429437,0.016743,0.768773,4.19584,132956,-1,2.70723e-10,1,0
0.00323133,0.430676,0.0172095,0.767979,4.19474,133281,-1,3.55129e-10,1,0
0.00323202,0.430738,0.017395,0.768165,4.19842,133272,-1,3.99146e-10,1,0
0.00323249,0.430545,0.0173725,0.768469,4.19976,133193,-1,1.44224e-10,1,0
0.00323363,0.430827,0.0161772,0.768296,4.19941,133233,-1,1.28211e-10,1,0
0.0032347,0.430894,0.0149657,0.768127,4.20246,133210,-1,2.45256e-09,1,0
0.00323576,0.430979,0.0149943,0.7684,4.19841,133193,-1,1.71347e-10,1,0
0.00323611,0.431131,0.0153664,0.768275,4.19898,133225,-1,4.11989e-10,1,0
0.00323701,0.432204,0.0152223,0.768236,4.19903,133520,-1,4.11989e-10,1,0
0.00323867,0.433653,0.0147752,0.768012,4.19594,133898,-1,2.3762e-10,1,0
0.00323938,0.434071,0.0140561,0.767809,4.19596,133998,-1,2.3762e-10,1,0
0.00324013,0.433857,0.0146952,0.768144,4.19681,133901,-1,1.56636e-09,1,0
0.00324173,0.433387,0.0157281,0.769531,4.19646,133690,-1,1.08061e-09,1,0
0.00324238,0.433343,0.0155925,0.769615,4.20135,133650,-1,1.62388e-10,1,0
0.00324338,0.432456,0.0159168,0.768948,4.20346,133335,-1,1.15925e-09,1,0
0.0032446,0.432328,0.015192,0.767658,4.20146,133245,-1,1.4854e-09,1,0
0.00324546,0.431757,0.0152307,0.76729,4.20061,133034,-1,3.48302e-10,1,0
0.00324559,0.43165,0.0151544,0.767261,4.20093,132996,-1,8.047e-10,1,0
0.00324584,0.431514,0.0149988,0.76743,4.19919,132944,-1,5.42881e-11,1,0
0.00324614,0.431654,0.0149825,0.767385,4.20165,132975,-1,1.95985e-10,1,0
0.0032473,0.431664,0.014312,0.767633,4.2044,132930,-1,4.50747e-10,1,0
0.00324745,0.431724,0.014343,0.767543,4.20517,132942,-1,6.03808e-11,1,0
0.00324881,0.431719,0.0153525,0.766861,4.20454,132885,-1,5.5723e-10,1,0
0.00324983,0.432132,0.0155153,0.76683,4.20682,132971,-1,6.83752e-10,1,0
0.00325077,0.432127,0.0146253,0.766622,4.20601,132931,-1,1.75408e-10,1,0
0.00325177,0.430993,0.0141832,0.766552,4.20424,132541,-1,1.21924e-09,1,0
0.00325296,0.430084,0.0137681,0.767041,4.20463,132213,-1,6.41235e-11,1,0
0.0032534,0.429574,0.0137291,0.766895,4.20755,132038,-1,1.17776e-10,1,0
0.0032545,0.429032,0.0125306,0.767148,4.20779,131827,-1,1.3397e-09,1,0
0.0032555,0.428216,0.0134287,0.767113,4.20775,131536,-1,1.3397e-09,1,0
0.0032565,0.427399,0.0143295,0.767078,4.20894,131245,-1,2.43055e-09,1,0
0.00325737,0.427659,0.0143514,0.768105,4.20889,131290,-1,1.0594e-09,1,0
0.00325791,0.428219,0.0143901,0.76788,4.2107,131440,-1,4.93805e-10,1,0
0.00325845,0.428279,0.0143357,0.767579,4.21034,131437,-1,1.67334e-10,1,0
0.00325902,0.428202,0.0145089,0.76759,4.21019,131390,-1,6.00172e-10,1,0
0.00325939,0.428479,0.0143809,0.767456,4.20702,131460,-1,1.01918e-10,1,0
0.00326182,0.428176,0.014916,0.768125,4.20473,131269,-1,6.37111e-10,1,0
0.00326204,0.428051,0.0148768,0.76836,4.20811,131222,-1,1.42803e-09,1,0
0.00326233,0.428134,0.015023,0.768108,4.21015,131236,-1,2.57552e-11,1,0
0.00326239,0.428135,0.0150762,0.76815,4.20985,131234,-1,5.27375e-12,1,0
0.00326257,0.428129,0.015136,0.768083,4.2111,131224,-1,1.63775e-10,1,0
0.00326351,0.428607,0.0146024,0.767813,4.21026,131333,-1,5.72609e-10,1,0
0.00326415,0.429157,0.0140727,0.76801,4.21124,131476,-1,1.48058e-09,1,0
0.00326466,0.429725,0.0141518,0.768247,4.21127,131629,-1,1.48058e-09,1,0
0.00326534,0.429305,0.014487,0.767875,4.212,131473,-1,7.18229e-10,1,0
0.00326653,0.430344,0.0142973,0.767678,4.21567,131743,-1,1.23102e-09,1,0
0.00326738,0.429704,0.0143421,0.767102,4.21492,131513,-1,8.03373e-10,1,0
0.00326823,0.429191,0.0142121,0.76623,4.21435,131322,-1,9.85505e-10,1,0
0.0032686,0.429063,0.0144379,0.766593,4.21434,131268,-1,9.85505e-10,1,0
0.00327044,0.430174,0.0147846,0.76712,4.21554,131534,-1,1.31202e-09,1,0
0.00327169,0.43086,0.0149063,0.767089,4.21416,131693,-1,3.65122e-10,1,0
0.00327238,0.43157,0.0147526,0.767268,4.21506,131883,-1,7.29087e-10,1,0
0.00327261,0.431482,0.0145769,0.767387,4.21555,131846,-1,3.52257e-11,1,0
0.00327441,0.43214,0.0135645,0.767589,4.21541,131975,-1,9.47075e-10,1,0
0.00327587,0.432222,0.0123601,0.768896,4.21542,131941,-1,9.47075e-10,1,0
0.00327728,0.431155,0.0129873,0.76774,4.21574,131559,-1,1.70297e-09,1,0
0.0032783,0.431832,0.0129777,0.766697,4.21577,131724,-1,1.70297e-09,1,0
0.00327854,0.431901,0.012864,0.766795,4.21414,131736,-1,1.32866e-09,1,0
0.00327993,0.432096,0.0119307,0.768196,4.21411,131739,-1,1.8997e-09,1,0
0.00328047,0.432597,0.0120399,0.768601,4.21409,131871,-1,6.53854e-10,1,0
0.00328189,0.433884,0.0121412,0.768834,4.21585,132206,-1,1.58714e-10,1,0
0.00328251,0.434533,0.0121412,0.769185,4.21673,132379,-1,4.55667e-10,1,0
0.00328345,0.433951,0.0122747,0.768588,4.2118,132163,-1,6.09673e-10,1,0
0.00328423,0.434324,0.0128997,0.768396,4.21032,132245,-1,6.47151e-10,1,0
0.00328629,0.434175,0.0127203,0.770087,4.20724,132117,-1,1.37589e-09,1,0
0.00328704,0.433958,0.0132243,0.77022,4.20788,132021,-1,5.5657e-10,1,0
0.00328731,0.433995,0.013024,0.770419,4.21075,132021,-1,9.69262e-11,1,0
0.00328832,0.433106,0.0121817,0.770375,4.2115,131710,-1,1.22584e-09,1,0
0.00328876,0.432698,0.0125116,0.770494,4.21075,131569,-1,5.37969e-10,1,0
0.00328903,0.432668,0.0122526,0.770435,4.21288,131549,-1,9.7279e-11,1,0
0.00328956,0.432607,0.0125957,0.769988,4.21256,131509,-1,3.29898e-10,1,0
0.00329011,0.43255,0.0130556,0.769593,4.2133,131470,-1,7.42637e-10,1,0
0.00329023,0.432468,0.0131109,0.769554,4.21336,131440,-1,2.85996e-10,1,0
0.00329066,0.432218,0.0129982,0.769614,4.21113,131347,-1,2.31951e-10,1,0
0.00329149,0.432055,0.0135775,0.770274,4.21064,131264,-1,8.45421e-10,1,0
0.00329209,0.432028,0.0136611,0.770702,4.21071,131232,-1,4.2289e-10,1,0
0.00329355,0.432796,0.0124288,0.771731,4.21075,131407,-1,4.2289e-10,1,0
0.00329454,0.433053,0.0114182,0.771407,4.20895,131446,-1,9.88072e-10,1,0
0.00329603,0.432322,0.0126495,0.77064,4.21085,131164,-1,1.1592e-09,1,0
0.00329772,0.430432,0.0120039,0.770444,4.20955,130524,-1,3.06428e-10,1,0
0.0032986,0.429835,0.0124373,0.770933,4.21257,130308,-1,5.80502e-10,1,0
0.00329925,0.430348,0.0121917,0.770426,4.21269,130438,-1,2.14535e-10,1,0
0.0033001,0.430463,0.0125776,0.770457,4.21291,130439,-1,6.99137e-10,1,0
0.00330064,0.430501,0.0120091,0.770293,4.21399,130430,-1,8.5029e-10,1,0
0.0033014,0.429837,0.011375,0.770342,4.21317,130198,-1,1.06353e-09,1,0
0.00330155,0.429824,0.0114293,0.770185,4.21297,130189,-1,1.60514e-10,1,0
0.00330218,0.429968,0.0121737,0.770032,4.21467,130207,-1,7.73475e-10,1,0
0.00330296,0.430012,0.0128996,0.769452,4.21406,130190,-1,5.0922e-12,1,0
0.00330383,0.429984,0.0136702,0.768802,4.21699,130147,-1,7.86726e-11,1,0
0.00330451,0.429512,0.0142087,0.769074,4.21497,129978,-1,7.40507e-10,1,0
0.00330652,0.430856,0.0142561,0.770486,4.21253,130305,-1,1.29852e-09,1,0
0.00330761,0.430569,0.0130283,0.770528,4.21197,130175,-1,1.27413e-09,1,0
0.00330813,0.431113,0.0131608,0.770735,4.21089,130319,-1,3.64128e-11,1,0
0.00330922,0.429981,0.0127366,0.770746,4.21288,129934,-1,6.19885e-10,1,0
0.0033107,0.42839,0.0123513,0.771103,4.21249,129396,-1,5.89811e-10,1,0
0.003312,0.427856,0.0126498,0.771712,4.21465,129184,-1,4.0931e-10,1,0
0.00331247,0.427862,0.012985,0.77125,4.21465,129167,-1,4.0931e-10,1,0
0.00331289,0.42789,0.0133841,0.770942,4.21434,129159,-1,8.08885e-10,1,0
0.00331376,0.428436,0.0137458,0.770265,4.21547,129290,-1,7.77387e-10,1,0
0.00331467,0.427667,0.0141059,0.770938,4.21435,129023,-1,1.08308e-09,1,0
0.00331709,0.428979,0.0149318,0.773039,4.21445,129324,-1,1.98834e-09,1,0
0.00331772,0.429387,0.0145694,0.773073,4.21247,129423,-1,1.51357e-10,1,0
0.00331793,0.429591,0.0144131,0.773142,4.21293,129475,-1,8.40913e-10,1,0
0.00331924,0.4297,0.0128247,0.773046,4.21408,129457,-1,1.59502e-09,1,0
0.00332034,0.428578,0.0132893,0.77269,4.21346,129077,-1,6.76264e-11,1,0
0.00332114,0.428454,0.0139631,0.773029,4.21381,129008,-1,8.54566e-10,1,0
0.00332205,0.428103,0.0131641,0.772567,4.21054,128867,-1,9.21725e-10,1,0
0.00332278,0.427861,0.0133652,0.771902,4.20879,128766,-1,7.56278e-10,1,0
0.003323,0.427879,0.0132035,0.771779,4.20846,128763,-1,1.64695e-10,1,0
0.00332358,0.427936,0.0136201,0.771869,4.20667,128757,-1,5.61606e-10,1,0
0.00332413,0.427573,0.0130691,0.771833,4.20665,128627,-1,5.61606e-10,1,0
0.00332471,0.427141,0.0125385,0.77182,4.20611,128475,-1,1.13124e-10,1,0
0.00332602,0.426081,0.0117868,0.772744,4.20605,128106,-1,1.13124e-10,1,0
0.00332634,0.425869,0.0116484,0.772813,4.20401,128029,-1,1.88824e-09,1,0
0.00332752,0.425825,0.0114302,0.771724,4.20424,127971,-1,1.26186e-09,1,0
0.00332813,0.426048,0.0107901,0.771802,4.20405,128014,-1,2.47756e-10,1,0
0.00332944,0.426235,0.0116001,0.771145,4.20342,128020,-1,8.07191e-10,1,0
0.0033311,0.426033,0.0106552,0.772618,4.20538,127895,-1,4.48359e-10,1,0
0.00333252,0.426314,0.0117789,0.772822,4.20269,127926,-1,1.15933e-09,1,0
0.0033337,0.426392,0.0130831,0.772422,4.20105,127903,-1,1.15907e-09,1,0
0.0033339,0.426383,0.0131835,0.772296,4.20411,127893,-1,1.41107e-10,1,0
0.00333455,0.426574,0.0138088,0.77232,4.20371,127926,-1,6.68255e-11,1,0
0.00333613,0.427717,0.0151083,0.771901,4.20445,128207,-1,1.4464e-09,1,0
0.00333715,0.428324,0.0151101,0.77142,4.20385,128350,-1,4.71808e-10,1,0
0.00333726,0.428308,0.0150225,0.771464,4.20208,128341,-1,8.11111e-11,1,0
0.00333849,0.428061,0.0152974,0.77155,4.19974,128220,-1,6.76795e-10,1,0
0.00333862,0.428197,0.0153565,0.771522,4.19814,128256,-1,5.34235e-11,1,0
0.00333944,0.428408,0.0160244,0.771152,4.20107,128287,-1,5.90368e-10,1,0
0.00334043,0.429098,0.01636,0.771351,4.19859,128456,-1,3.67041e-10,1,0
0.00334184,0.42769,0.0162099,0.770763,4.19801,127980,-1,1.4584e-09,1,0
0.00334298,0.427231,0.0157507,0.769668,4.19831,127800,-1,5.22701e-10,1,0
0.00334486,0.428664,0.0159849,0.769451,4.199,128156,-1,6.75589e-10,1,0
0.00334529,0.42848,0.0160064,0.769353,4.19844,128084,-1,1.89152e-10,1,0
0.00334587,0.428207,0.0159675,0.769567,4.19766,127981,-1,2.3005e-10,1,0
0.00334712,0.427366,0.0160597,0.769508,4.19698,127681,-1,5.04254e-10,1,0
0.0033485,0.425862,0.0154592,0.769076,4.1969,127180,-1,5.04254e-10,1,0
0.00334926,0.425131,0.0150695,0.768853,4.19713,126933,-1,3.51715e-09,1,0
0.00335053,0.424722,0.0140773,0.768533,4.19621,126763,-1,2.10125e-10,1,0
0.00335241,0.423215,0.0147473,0.768463,4.19478,126242,-1,4.51505e-10,1,0
0.00335267,0.42336,0.0147314,0.768333,4.19774,126275,-1,1.87529e-10,1,0
0.00335425,0.424177,0.0142894,0.769091,4.20288,126460,-1,5.21126e-10,1,0
0.00335517,0.424066,0.0143052,0.770096,4.19906,126392,-1,3.42338e-10,1,0
0.00335556,0.424075,0.0147387,0.770142,4.19967,126380,-1,2.15725e-10,1,0
0.0033568,0.423569,0.0147786,0.76889,4.19895,126182,-1,1.08986e-10,1,0
0.00335731,0.423461,0.014714,0.768418,4.19942,126131,-1,1.9195e-09,1,0
0.00335801,0.423181,0.0150053,0.768306,4.19651,126022,-1,6.24702e-10,1,0
0.00335851,0.422889,0.0147156,0.768245,4.1968,125916,-1,3.09571e-10,1,0
0.00335922,0.423038,0.015375,0.768075,4.19602,125934,-1,7.67833e-10,1,0
0.00336001,0.422628,0.0150846,0.768583,4.19549,125782,-1,1.13845e-10,1,0
0.0033606,0.422211,0.0151539,0.76884,4.19546,125636,-1,1.21988e-10,1,0
0.00336101,0.421923,0.0151479,0.76908,4.1945,125535,-1,9.75885e-10,1,0
0.00336193,0.422172,0.0142057,0.769491,4.19544,125575,-1,8.81195e-11,1,0
0.00336213,0.422249,0.0142187,0.769732,4.19545,125589,-1,8.81195e-11,1,0
0.00336223,0.42226,0.0142276,0.769835,4.19795,125590,-1,2.71751e-11,1,0
0.00336315,0.422622,0.0148232,0.770648,4.19952,125663,-1,7.26819e-10,1,0
0.00336404,0.423313,0.0146965,0.769821,4.19956,125835,-1,7.26819e-10,1,0
0.00336522,0.424185,0.0140798,0.76896,4.20335,126050,-1,6.07092e-10,1,0
0.00336648,0.424219,0.0150799,0.769976,4.20246,126013,-1,2.85308e-10,1,0
0.00336726,0.42472,0.0153028,0.770117,4.20523,126132,-1,5.44248e-10,1,0
0.0033685,0.42354,0.0148003,0.769315,4.20548,125735,-1,1.51275e-09,1,0
0.00336918,0.42431,0.0147642,0.769621,4.20552,125939,-1,1.51275e-09,1,0
0.00336981,0.425014,0.0147009,0.769883,4.20636,126124,-1,1.55411e-09,1,0
0.00337122,0.425671,0.0139178,0.769319,4.20697,126266,-1,1.2515e-09,1,0
0.00337251,0.425117,0.0141662,0.767875,4.20694,126054,-1,1.2515e-09,1,0
0.00337303,0.424949,0.0141936,0.767633,4.20619,125984,-1,1.7217e-10,1,0
0.00337427,0.42397,0.0148686,0.767083,4.2053,125648,-1,8.63202e-10,1,0
0.00337511,0.423275,0.0155813,0.76711,4.20471,125411,-1,2.08652e-10,1,0
0.00337599,0.423888,0.0162564,0.766785,4.20386,125560,-1,5.99838e-11,1,0
0.00337754,0.423289,0.0177647,0.767283,4.20347,125325,-1,1.00526e-09,1,0
0.00337821,0.423187,0.0178518,0.76791,4.19962,125269,-1,6.23339e-10,1,0
0.00337923,0.422567,0.017882,0.767755,4.19687,125048,-1,8.29332e-10,1,0
0.00338007,0.422857,0.0174362,0.768108,4.19464,125103,-1,2.14442e-10,1,0
0.0033816,0.422434,0.01711,0.768473,4.19281,124921,-1,8.53442e-10,1,0
0.00338248,0.422843,0.0173445,0.769284,4.19,125010,-1,1.15517e-10,1,0
0.00338404,0.421661,0.017335,0.769043,4.19092,124603,-1,1.18056e-09,1,0
0.00338514,0.421879,0.0162195,0.76969,4.19218,124627,-1,9.89472e-10,1,0
0.00338565,0.421589,0.0157455,0.769789,4.19268,124522,-1,1.04585e-10,1,0
0.00338627,0.421152,0.0153038,0.769367,4.18988,124370,-1,8.86869e-10,1,0
0.00338749,0.42183,0.0150519,0.770413,4.18676,124526,-1,1.18566e-09,1,0
0.00338832,0.422069,0.0141267,0.770266,4.18533,124566,-1,3.05657e-11,1,0
0.00338952,0.422415,0.0127257,0.770077,4.18534,124624,-1,3.05657e-11,1,0
0.00339014,0.422594,0.012002,0.76998,4.18542,124654,-1,3.19144e-09,1,0
0.00339097,0.422791,0.0113055,0.769556,4.18591,124681,-1,5.67993e-10,1,0
0.0033918,0.423212,0.0110445,0.768723,4.18338,124775,-1,3.87678e-10,1,0
0.00339219,0.42331,0.010722,0.768603,4.18246,124790,-1,3.47392e-10,1,0
0.00339296,0.42349,0.0108227,0.767697,4.18248,124814,-1,5.93478e-11,1,0
0.00339315,0.423625,0.010842,0.767636,4.18087,124847,-1,1.4758e-10,1,0
0.00339356,0.423466,0.0105928,0.767893,4.18163,124785,-1,5.34671e-11,1,0
0.00339425,0.424236,0.010782,0.767642,4.18167,124987,-1,5.34671e-11,1,0
0.00339458,0.424589,0.0108561,0.767519,4.17807,125079,-1,1.56261e-11,1,0
0.00339621,0.424042,0.0120243,0.767901,4.17852,124858,-1,3.21349e-10,1,0
0.00339753,0.422855,0.0109526,0.767896,4.17866,124460,-1,1.59939e-09,1,0
0.00339848,0.422823,0.0102197,0.768641,4.18052,124415,-1,2.60368e-10,1,0
0.00339944,0.422568,0.0101849,0.767977,4.17609,124305,-1,8.99302e-10,1,0
0.00339998,0.422016,0.0104921,0.76815,4.17606,124123,-1,8.99302e-10,1,0
0.00340141,0.42055,0.0113066,0.768611,4.17599,123640,-1,8.99302e-10,1,0
0.00340239,0.419546,0.0118642,0.768926,4.17555,123309,-1,3.58533e-09,1,0
0.00340263,0.419639,0.0116657,0.768751,4.17733,123328,-1,2.7249e-10,1,0
0.00340426,0.419557,0.0113393,0.769378,4.1777,123245,-1,8.01574e-10,1,0
0.00340618,0.418073,0.0100688,0.770427,4.17465,122739,-1,1.14611e-09,1,0
0.00340787,0.417836,0.0113186,0.771177,4.1743,122609,-1,4.93448e-10,1,0
0.0034094,0.41869,0.0122661,0.772067,4.1738,122805,-1,1.18019e-09,1,0
0.00341037,0.41965,0.0119739,0.771444,4.17385,123051,-1,1.18019e-09,1,0
0.00341199,0.420111,0.0119239,0.772909,4.17323,123128,-1,1.494e-09,1,0
0.00341249,0.419962,0.0116396,0.773055,4.17382,123066,-1,3.26686e-10,1,0
0.00341266,0.419901,0.0115354,0.773223,4.1737,123042,-1,2.67505e-10,1,0
0.00341359,0.420213,0.0117236,0.772476,4.17425,123100,-1,1.48473e-10,1,0
0.00341489,0.419517,0.0110162,0.773707,4.1747,122849,-1,1.58114e-09,1,0
0.0034162,0.418541,0.0104336,0.774457,4.17569,122517,-1,1.31289e-09,1,0
0.00341707,0.418072,0.0112227,0.774989,4.17566,122348,-1,1.31289e-09,1,0
0.0034182,0.417562,0.0122519,0.775605,4.17351,122158,-1,1.05545e-10,1,0
0.00341856,0.417505,0.0120924,0.775229,4.17297,122129,-1,4.15606e-10,1,0
0.00341899,0.417602,0.0121901,0.775657,4.17569,122142,-1,4.78264e-10,1,0
0.00342008,0.417363,0.0110942,0.775353,4.17524,122033,-1,1.19811e-10,1,0
0.00342061,0.417208,0.0104762,0.775242,4.17523,121969,-1,1.19811e-10,1,0
0.00342163,0.416882,0.00958562,0.775002,4.1745,121837,-1,1.60194e-10,1,0
0.00342256,0.417945,0.00923365,0.775198,4.17455,122115,-1,1.60194e-10,1,0
0.0034229,0.418175,0.00929467,0.775029,4.1762,122170,-1,3.03598e-10,1,0
0.00342308,0.418361,0.00921321,0.774944,4.17229,122218,-1,4.47455e-12,1,0
0.00342409,0.417932,0.00918475,0.774824,4.173,122056,-1,6.66952e-10,1,0
0.00342542,0.417937,0.00849638,0.774071,4.17295,122010,-1,3.25628e-10,1,0
0.00342603,0.417855,0.00806799,0.773472,4.17329,121965,-1,2.0255e-09,1,0
0.00342744,0.41725,0.00746788,0.771991,4.17326,121738,-1,2.0255e-09,1,0
0.00342943,0.416839,0.0057304,0.770594,4.17405,121548,-1,1.65139e-09,1,0
0.00343051,0.417973,0.00528861,0.771058,4.17411,121840,-1,1.65139e-09,1,0
0.00343101,0.417742,0.00520583,0.770699,4.17241,121755,-1,3.50712e-10,1,0
0.0034319,0.418678,0.00560887,0.771064,4.17228,121996,-1,1.08242e-09,1,0
0.0034328,0.419344,0.00530132,0.771834,4.17209,122158,-1,9.42059e-10,1,0
0.00343391,0.418866,0.0050601,0.771091,4.17257,121979,-1,1.12441e-09,1,0
0.00343535,0.418671,0.00583737,0.772215,4.17166,121871,-1,1.71684e-10,1,0
0.00343644,0.418666,0.00710137,0.772597,4.17166,121831,-1,1.71684e-10,1,0
0.00343766,0.418726,0.00835236,0.77325,4.17302,121805,-1,2.93216e-09,1,0
0.00343809,0.418325,0.00837113,0.773258,4.1729,121674,-1,1.76382e-10,1,0
0.00343927,0.417829,0.00826862,0.774467,4.17401,121488,-1,2.93346e-10,1,0
0.00343991,0.418342,0.00814786,0.774329,4.17562,121614,-1,6.85606e-11,1,0
0.00344162,0.417974,0.00894916,0.774771,4.1774,121447,-1,1.45829e-09,1,0
0.00344258,0.418257,0.0090341,0.774251,4.17507,121495,-1,3.93853e-10,1,0
0.00344373,0.419006,0.00953475,0.774999,4.17664,121672,-1,1.16944e-09,1,0
0.00344439,0.418538,0.00977821,0.775508,4.17679,121513,-1,4.58387e-10,1,0
0.00344512,0.418097,0.0103853,0.775447,4.17445,121359,-1,5.3794e-10,1,0
0.00344555,0.418047,0.00987282,0.775541,4.17732,121330,-1,5.23367e-10,1,0
0.0034465,0.417949,0.0101534,0.774986,4.17455,121268,-1,4.52861e-10,1,0
0.00344714,0.417283,0.0103147,0.774801,4.17575,121052,-1,5.47835e-10,1,0
0.00344814,0.416646,0.0113328,0.774802,4.17648,120832,-1,1.19797e-09,1,0
0.00344908,0.416377,0.0110191,0.775271,4.17488,120721,-1,3.67178e-10,1,0
0.0034505,0.415173,0.0122109,0.775557,4.17482,120323,-1,3.67178e-10,1,0
0.00345074,0.415149,0.0123129,0.775714,4.17547,120307,-1,1.86629e-09,1,0
0.00345114,0.415291,0.0122545,0.776029,4.17881,120334,-1,1.60245e-10,1,0
0.00345265,0.415201,0.0128196,0.774986,4.17831,120256,-1,1.08348e-09,1,0
0.00345344,0.41436,0.0132534,0.775138,4.17752,119985,-1,9.56087e-10,1,0
0.00345534,0.413407,0.0140748,0.776208,4.17839,119643,-1,1.12424e-09,1,0
0.00345638,0.41404,0.0140544,0.776657,4.17732,119790,-1,9.32964e-10,1,0
0.0034572,0.413787,0.0142571,0.776091,4.17787,119688,-1,5.82917e-10,1,0
0.00345881,0.413604,0.0156561,0.775966,4.17807,119580,-1,3.2679e-10,1,0
0.00346,0.41287,0.0166089,0.776296,4.17703,119327,-1,1.69299e-10,1,0
0.00346131,0.41261,0.0178967,0.776527,4.17909,119206,-1,2.27644e-09,1,0
0.00346201,0.413071,0.0177242,0.77639,4.18066,119315,-1,8.9294e-10,1,0
0.00346361,0.413553,0.016653,0.777031,4.18569,119400,-1,1.66211e-09,1,0
0.00346486,0.413207,0.0164472,0.778458,4.18629,119256,-1,2.0795e-09,1,0
0.00346549,0.412526,0.0167355,0.778587,4.18818,119038,-1,7.41043e-10,1,0
0.00346586,0.412408,0.016621,0.778603,4.18751,118991,-1,3.27345e-11,1,0
0.00346714,0.41251,0.0176856,0.779736,4.18751,118977,-1,3.27345e-11,1,0
0.00346806,0.412582,0.018443,0.780543,4.18749,118966,-1,2.81322e-09,1,0
0.00346852,0.412175,0.0188145,0.780519,4.18858,118833,-1,4.52467e-10,1,0
0.00346917,0.412084,0.0194101,0.78097,4.18803,118785,-1,3.3252e-10,1,0
0.0034698,0.412497,0.0193191,0.781228,4.19232,118882,-1,8.86088e-11,1,0
0.00347034,0.412904,0.019788,0.781234,4.1922,118981,-1,2.42935e-10,1,0
0.00347139,0.413552,0.0193569,0.781068,4.1922,119132,-1,3.91176e-10,1,0
0.00347184,0.413469,0.019188,0.780809,4.18983,119092,-1,2.76783e-10,1,0
0.0034724,0.413159,0.0185895,0.78082,4.18981,118984,-1,2.76783e-10,1,0
0.00347325,0.413666,0.0177631,0.780796,4.1907,119100,-1,9.13273e-10,1,0
0.00347425,0.414737,0.0180779,0.78031,4.1902,119374,-1,1.21737e-09,1,0
0.0034759,0.415314,0.0180284,0.781206,4.18556,119484,-1,2.8711e-10,1,0
0.00347722,0.415702,0.0187739,0.780336,4.18574,119550,-1,4.28369e-10,1,0
0.0034785,0.416495,0.0192756,0.779099,4.18685,119734,-1,2.73263e-09,1,0
0.00347904,0.416757,0.0186907,0.778991,4.18692,119791,-1,6.50223e-10,1,0
0.00348121,0.414909,0.0185463,0.777651,4.1876,119185,-1,2.36072e-09,1,0
0.00348217,0.415246,0.0183842,0.776661,4.18623,119249,-1,2.84981e-11,1,0
0.00348266,0.415487,0.0188156,0.776668,4.18669,119301,-1,3.73914e-10,1,0
0.00348319,0.415631,0.0190885,0.77722,4.18639,119325,-1,2.54859e-10,1,0
0.00348463,0.415992,0.0198425,0.778764,4.18641,119379,-1,2.54859e-10,1,0
0.00348501,0.415961,0.0200267,0.779156,4.18842,119357,-1,9.6054e-12,1,0
0.00348587,0.415478,0.020373,0.780016,4.18839,119189,-1,9.6054e-12,1,0
0.00348705,0.414779,0.0206516,0.781152,4.1882,118948,-1,2.51941e-10,1,0
0.00348822,0.414266,0.0208289,0.782216,4.18812,118762,-1,2.73105e-10,1,0
0.0034893,0.414693,0.0202866,0.781608,4.1875,118847,-1,9.10981e-10,1,0
0.00349001,0.414446,0.0205403,0.781286,4.19019,118752,-1,9.42809e-10,1,0
0.00349116,0.414371,0.0206481,0.782023,4.18777,118691,-1,2.62867e-10,1,0
0.00349143,0.414585,0.0208358,0.782,4.18735,118744,-1,5.2381e-11,1,0
0.00349259,0.415442,0.0214032,0.781772,4.18802,118949,-1,2.78369e-10,1,0
0.00349372,0.415292,0.0218296,0.782266,4.18845,118868,-1,9.56666e-10,1,0
0.00349474,0.41462,0.0208063,0.782073,4.18975,118641,-1,1.65824e-09,1,0
0.00349587,0.414173,0.0208243,0.782635,4.19055,118475,-1,5.25749e-10,1,0
0.00349743,0.414259,0.0200814,0.782676,4.18907,118446,-1,1.25144e-09,1,0
0.00349932,0.412899,0.0196654,0.782967,4.1886,117994,-1,1.11096e-09,1,0
0.00349997,0.412351,0.0195059,0.782441,4.18627,117816,-1,6.45359e-12,1,0
0.00350155,0.413582,0.0198476,0.781143,4.18589,118114,-1,1.81693e-09,1,0
0.00350302,0.413117,0.0184489,0.780714,4.18433,117932,-1,2.54081e-10,1,0
0.00350354,0.413071,0.0179364,0.780815,4.18567,117901,-1,1.64771e-10,1,0
0.00350423,0.413678,0.0177887,0.780976,4.18238,118051,-1,2.03122e-10,1,0
0.00350463,0.413558,0.0176197,0.780735,4.18453,118003,-1,1.84981e-10,1,0
0.00350585,0.412854,0.0189125,0.780919,4.18449,117761,-1,1.84981e-10,1,0
0.00350691,0.412425,0.0200684,0.781186,4.18448,117604,-1,2.1842e-09,1,0
0.00350791,0.412209,0.0212043,0.781551,4.18372,117509,-1,1.81798e-09,1,0
0.00350955,0.412351,0.0204913,0.782551,4.18623,117494,-1,1.18076e-09,1,0
0.0035102,0.412212,0.0200649,0.782744,4.18607,117432,-1,1.17798e-09,1,0
0.00351057,0.412147,0.0197662,0.782903,4.18464,117402,-1,3.73335e-10,1,0
0.00351096,0.412013,0.0196876,0.78301,4.18222,117350,-1,6.3992e-11,1,0
0.00351179,0.412006,0.0200556,0.78247,4.18262,117321,-1,3.94921e-10,1,0
0.00351268,0.412196,0.0202961,0.781812,4.18351,117345,-1,9.23454e-11,1,0
0.00351416,0.413508,0.0191916,0.781271,4.1837,117669,-1,2.11365e-09,1,0
0.00351538,0.41395,0.0201121,0.781772,4.18592,117754,-1,1.04306e-09,1,0
0.00351653,0.413093,0.0207145,0.781399,4.18656,117472,-1,1.18046e-09,1,0
0.00351696,0.413329,0.0203232,0.781423,4.18246,117524,-1,1.25424e-10,1,0
0.00351755,0.413692,0.020837,0.78121,4.18351,117608,-1,6.33835e-11,1,0
0.00351903,0.414692,0.0213383,0.781492,4.183,117843,-1,1.61705e-09,1,0
0.00351971,0.41514,0.021005,0.781906,4.18457,117947,-1,1.55206e-09,1,0
0.0035214,0.415055,0.0215321,0.781602,4.18285,117866,-1,9.70646e-10,1,0
0.00352214,0.415309,0.0216667,0.781841,4.18405,117914,-1,1.02131e-10,1,0
0.00352331,0.415646,0.0215256,0.781789,4.18746,117970,-1,6.021e-10,1,0
0.00352463,0.416916,0.0216927,0.780819,4.18741,118286,-1,1.35649e-09,1,0
0.00352543,0.416596,0.0217545,0.781362,4.18692,118169,-1,7.33377e-10,1,0
0.00352626,0.417456,0.0213068,0.781621,4.18696,118385,-1,7.33377e-10,1,0
0.00352694,0.418157,0.0209415,0.781833,4.18699,118561,-1,7.33377e-10,1,0
0.00352818,0.41945,0.0202684,0.782222,4.18706,118886,-1,7.33377e-10,1,0
0.00352892,0.419584,0.0200928,0.781483,4.18645,118899,-1,7.56083e-10,1,0
0.00352914,0.419556,0.0200603,0.781678,4.1872,118883,-1,8.27034e-11,1,0
0.00353007,0.419929,0.0204159,0.780785,4.1831,118958,-1,1.37055e-10,1,0
0.00353082,0.419524,0.0206393,0.780917,4.18478,118817,-1,4.89118e-11,1,0
0.00353192,0.418425,0.0203353,0.780775,4.18489,118470,-1,6.28951e-10,1,0
0.00353236,0.418485,0.0203325,0.7811,4.18134,118472,-1,1.43404e-11,1,0
0.00353384,0.417502,0.0192924,0.780218,4.17706,118144,-1,8.6008e-10,1,0
0.00353503,0.41788,0.0201085,0.78134,4.17718,118211,-1,2.84103e-10,1,0
0.00353742,0.418913,0.021119,0.783278,4.17875,118423,-1,5.79186e-10,1,0
0.00353854,0.419793,0.020875,0.784275,4.17879,118635,-1,5.79186e-10,1,0
0.00354008,0.419969,0.0217175,0.78557,4.18391,118633,-1,1.18041e-09,1,0
0.00354075,0.420525,0.0218886,0.785011,4.18431,118767,-1,7.06161e-10,1,0
0.00354367,0.423124,0.0235237,0.783247,4.18444,119403,-1,7.06161e-10,1,0
0.00354438,0.423375,0.0241892,0.783029,4.18516,119450,-1,5.03793e-10,1,0
0.00354536,0.42256,0.0238469,0.782447,4.18378,119187,-1,9.00539e-10,1,0
0.00354588,0.422488,0.0233335,0.782179,4.18312,119149,-1,4.80527e-10,1,0
0.0035466,0.422159,0.0227685,0.78205,4.18301,119032,-1,1.08359e-09,1,0
0.00354669,0.422085,0.022786,0.782086,4.18402,119008,-1,3.07295e-10,1,0
0.00354766,0.422077,0.0228604,0.78326,4.18402,118974,-1,3.07295e-10,1,0
0.00354802,0.422074,0.0228883,0.7837,4.1857,118961,-1,1.64681e-09,1,0
0.00354825,0.422021,0.0228428,0.783665,4.18799,118938,-1,1.418e-10,1,0
0.00354903,0.421853,0.0231639,0.784028,4.19083,118864,-1,2.4087e-10,1,0
0.00354923,0.421931,0.023265,0.784011,4.18753,118879,-1,1.82372e-10,1,0
0.00354989,0.42219,0.0227799,0.78434,4.18747,118930,-1,9.7628e-11,1,0
0.00355134,0.422109,0.0240949,0.784973,4.18887,118859,-1,1.46203e-09,1,0
0.00355192,0.421729,0.0236376,0.785017,4.18914,118733,-1,5.81013e-11,1,0
0.00355331,0.42054,0.022515,0.784989,4.18968,118352,-1,1.70542e-10,1,0
0.00355387,0.420727,0.0225148,0.785194,4.1874,118386,-1,1.07714e-09,1,0
0.00355423,0.420792,0.0226929,0.785426,4.19088,118392,-1,2.07964e-10,1,0
0.00355505,0.421248,0.0220335,0.785178,4.19061,118493,-1,3.27372e-10,1,0
0.00355577,0.421867,0.0221865,0.784698,4.19012,118643,-1,4.01962e-10,1,0
0.00355709,0.422991,0.0214447,0.783835,4.19017,118915,-1,4.01962e-10,1,0
0.00355757,0.423406,0.0211707,0.783516,4.19019,119015,-1,4.01962e-10,1,0
0.0035594,0.425133,0.0211352,0.782917,4.18957,119440,-1,1.85603e-10,1,0
0.00355949,0.425158,0.0211419,0.782862,4.19008,119443,-1,6.20424e-11,1,0
0.00356062,0.425653,0.0206886,0.781669,4.19011,119545,-1,6.20424e-11,1,0
0.00356186,0.426197,0.020175,0.780617,4.19328,119656,-1,2.72356e-09,1,0
0.0035634,0.425776,0.0194473,0.782069,4.19327,119486,-1,1.18019e-09,1,0
0.0035647,0.425376,0.0196123,0.782051,4.19704,119330,-1,6.47865e-10,1,0
0.00356536,0.424912,0.0202298,0.782246,4.19808,119178,-1,1.74227e-09,1,0
0.00356642,0.425413,0.0207701,0.783022,4.19899,119283,-1,1.15936e-09,1,0
0.00356771,0.425628,0.0201797,0.783326,4.20114,119300,-1,9.9885e-10,1,0
0.00356861,0.426039,0.0202702,0.782496,4.19986,119385,-1,1.54692e-10,1,0
0.00357,0.426825,0.0210201,0.783439,4.20146,119559,-1,1.66403e-09,1,0
0.00357067,0.427309,0.0205869,0.783355,4.20131,119672,-1,2.67238e-10,1,0
0.00357133,0.427979,0.0201628,0.783251,4.20094,119837,-1,1.49956e-09,1,0
0.0035724,0.42877,0.0197194,0.783123,4.19966,120023,-1,5.73143e-10,1,0
0.00357392,0.428594,0.0196668,0.782833,4.2011,119923,-1,3.23197e-12,1,0
0.00357454,0.428089,0.0193574,0.782361,4.20198,119760,-1,1.83313e-09,1,0
0.00357525,0.427387,0.0197668,0.782499,4.20048,119540,-1,2.0646e-10,1,0
0.00357676,0.426836,0.0213666,0.782472,4.2004,119336,-1,1.25748e-09,1,0
0.0035779,0.426734,0.0227522,0.782349,4.20126,119269,-1,2.62394e-09,1,0
0.00357868,0.426857,0.0224045,0.781715,4.20251,119278,-1,4.57629e-10,1,0
0.0035795,0.426355,0.0227865,0.781671,4.2025,119110,-1,1.79321e-10,1,0
0.00358032,0.426904,0.0234069,0.781703,4.20466,119236,-1,1.07754e-10,1,0
0.00358172,0.426727,0.022429,0.782951,4.20452,119140,-1,1.88512e-10,1,0
0.00358302,0.426722,0.0214357,0.784181,4.20452,119096,-1,1.88512e-10,1,0
0.00358365,0.426721,0.021112,0.784773,4.20333,119074,-1,3.74548e-09,1,0
0.00358447,0.426703,0.0218235,0.785463,4.20304,119042,-1,9.88639e-10,1,0
0.00358518,0.426512,0.0224583,0.785937,4.20141,118965,-1,2.82788e-10,1,0
0.00358633,0.427426,0.0225702,0.785854,4.19723,119182,-1,9.23503e-10,1,0
0.00358646,0.427303,0.0225319,0.785885,4.19574,119143,-1,6.83603e-11,1,0
0.00358714,0.426873,0.0222897,0.785447,4.19512,119001,-1,3.20012e-10,1,0
0.00358788,0.426496,0.0217163,0.785053,4.19557,118871,-1,2.98392e-10,1,0
0.00358908,0.42661,0.0205675,0.784152,4.19672,118863,-1,1.46377e-09,1,0
0.00359033,0.425381,0.0204061,0.784909,4.19686,118480,-1,2.48338e-10,1,0
0.00359066,0.425255,0.0204165,0.784523,4.19685,118434,-1,2.48338e-10,1,0
0.00359198,0.424747,0.0198156,0.783401,4.1958,118249,-1,7.26136e-10,1,0
0.00359289,0.424398,0.0201432,0.782725,4.19658,118122,-1,4.96447e-11,1,0
0.00359401,0.423426,0.0205307,0.781869,4.19587,117814,-1,4.70791e-11,1,0
0.00359437,0.423326,0.0204798,0.781672,4.19365,117775,-1,2.50177e-10,1,0
0.00359522,0.423426,0.0197865,0.781475,4.19417,117775,-1,8.66306e-10,1,0
0.00359583,0.423671,0.0193317,0.781627,4.1938,117823,-1,1.56063e-10,1,0
0.00359614,0.424026,0.0191833,0.781572,4.19381,117911,-1,1.56063e-10,1,0
0.00359674,0.424684,0.0189077,0.781468,4.19534,118075,-1,1.10956e-09,1,0
0.00359706,0.424833,0.0188122,0.781119,4.19485,118106,-1,3.91314e-10,1,0
0.00359741,0.424556,0.0186855,0.780949,4.19627,118017,-1,1.12286e-10,1,0
0.00359859,0.423649,0.0183217,0.779886,4.19623,117726,-1,1.12286e-10,1,0
0.00359904,0.423312,0.0181863,0.77949,4.19607,117618,-1,2.28868e-09,1,0
0.00359981,0.423011,0.0183092,0.779463,4.19708,117509,-1,1.08499e-10,1,0
0.00360087,0.423289,0.0195692,0.779428,4.19763,117552,-1,1.70834e-09,1,0
0.00360144,0.42275,0.0191317,0.779378,4.1976,117383,-1,1.70834e-09,1,0
0.00360267,0.42159,0.0181905,0.779272,4.19754,117021,-1,1.70834e-09,1,0
0.00360343,0.420873,0.0176089,0.779206,4.19782,116798,-1,3.11915e-09,1,0
0.00360514,0.419913,0.0182619,0.780439,4.1976,116476,-1,1.15286e-09,1,0
0.00360552,0.419863,0.0183803,0.780337,4.19925,116450,-1,3.05645e-11,1,0
0.00360624,0.420515,0.0189101,0.780571,4.19928,116608,-1,3.05645e-11,1,0
0.00360644,0.4207,0.0190486,0.780625,4.20044,116653,-1,1.54057e-11,1,0
0.00360702,0.420641,0.0187101,0.780818,4.20053,116617,-1,3.70368e-11,1,0
0.00360822,0.419843,0.0177899,0.781122,4.2002,116357,-1,4.26691e-10,1,0
0.00360964,0.418602,0.0188253,0.781732,4.20004,115968,-1,1.72729e-09,1,0
0.00361145,0.41924,0.0177188,0.781437,4.19632,116086,-1,1.17979e-09,1,0
0.00361242,0.418433,0.0177089,0.781859,4.19543,115832,-1,9.50815e-10,1,0
0.003614,0.419264,0.0168771,0.782613,4.19584,116011,-1,1.76286e-09,1,0
0.00361421,0.419383,0.0170189,0.78261,4.19493,116037,-1,8.64588e-11,1,0
0.00361554,0.419998,0.0167683,0.781558,4.19531,116165,-1,2.00021e-10,1,0
0.00361695,0.420851,0.0160874,0.782303,4.19652,116355,-1,1.31315e-09,1,0
0.00361799,0.420479,0.0164056,0.78316,4.19768,116219,-1,4.4171e-10,1,0
0.0036194,0.419698,0.0170468,0.784048,4.19739,115958,-1,3.89758e-10,1,0
0.00362064,0.419804,0.0162523,0.784604,4.20188,115947,-1,1.23804e-09,1,0
0.00362083,0.419806,0.016126,0.7846,4.20275,115942,-1,7.56121e-11,1,0
0.00362224,0.419197,0.0146327,0.784994,4.20246,115729,-1,5.63235e-10,1,0
0.00362268,0.419626,0.014375,0.784799,4.20287,115833,-1,5.37102e-10,1,0
0.00362421,0.419836,0.0146357,0.786631,4.20038,115842,-1,1.86206e-09,1,0
0.00362521,0.419385,0.0146121,0.786015,4.19948,115686,-1,8.28346e-10,1,0
0.00362635,0.420091,0.0142194,0.784893,4.19951,115844,-1,8.28346e-10,1,0
0.00362723,0.420796,0.0137593,0.784568,4.1997,116010,-1,1.91487e-09,1,0
0.00362794,0.420772,0.0133898,0.784722,4.20099,115981,-1,1.00046e-09,1,0
0.00362805,0.420791,0.0134594,0.78478,4.20372,115983,-1,4.34248e-10,1,0
0.00362878,0.421159,0.0141177,0.78525,4.20456,116061,-1,9.9149e-10,1,0
0.00362979,0.420845,0.0143536,0.786065,4.20336,115942,-1,4.34705e-10,1,0
0.0036307,0.420538,0.0141327,0.78692,4.20584,115828,-1,1.39854e-10,1,0
0.00363107,0.420735,0.0141567,0.786511,4.20585,115871,-1,1.39854e-10,1,0
0.00363189,0.421539,0.0141862,0.786461,4.20424,116066,-1,7.33798e-10,1,0
0.00363227,0.421698,0.0143128,0.786336,4.2007,116098,-1,5.38066e-11,1,0
0.00363261,0.421735,0.0143265,0.786517,4.19942,116097,-1,2.92361e-11,1,0
0.00363379,0.42213,0.0130872,0.78631,4.20135,116168,-1,8.48282e-11,1,0
0.00363441,0.422384,0.0124013,0.786172,4.20137,116218,-1,8.48282e-11,1,0
0.00363572,0.421471,0.0123053,0.785826,4.19963,115925,-1,2.56005e-09,1,0
0.00363606,0.421399,0.0120049,0.786028,4.19808,115894,-1,3.76272e-10,1,0
0.00363709,0.420934,0.0117725,0.785809,4.19524,115733,-1,6.18932e-10,1,0
0.00363849,0.421031,0.010409,0.785264,4.19609,115716,-1,1.98746e-10,1,0
0.00363935,0.420313,0.0100114,0.785047,4.19329,115491,-1,7.71656e-10,1,0
0.00363991,0.420324,0.0100599,0.785254,4.19602,115476,-1,4.11697e-10,1,0
0.00364026,0.420324,0.009892,0.785003,4.19731,115465,-1,1.97134e-10,1,0
0.00364153,0.421084,0.00968375,0.785834,4.19829,115634,-1,2.80987e-10,1,0
0.00364257,0.421935,0.0098177,0.78676,4.19954,115834,-1,2.44605e-09,1,0
0.0036437,0.420949,0.0101199,0.787034,4.19606,115528,-1,1.94754e-10,1,0
0.0036441,0.421081,0.0101906,0.78703,4.19261,115551,-1,1.42841e-12,1,0
0.00364545,0.421099,0.0102491,0.786786,4.19414,115514,-1,8.10806e-10,1,0
0.00364615,0.421404,0.010525,0.787531,4.19411,115575,-1,9.59391e-10,1,0
0.00364661,0.42163,0.0102665,0.78768,4.19262,115622,-1,3.49748e-10,1,0
0.0036485,0.42238,0.00854651,0.786677,4.19366,115768,-1,1.04692e-09,1,0
0.00364894,0.42265,0.0082219,0.786949,4.19558,115828,-1,4.68855e-10,1,0
0.00364953,0.422753,0.00880567,0.786745,4.19599,115838,-1,4.90134e-10,1,0
0.0036504,0.423183,0.00929309,0.785941,4.19427,115928,-1,1.64532e-10,1,0
0.00365199,0.423713,0.00959593,0.786652,4.19665,116023,-1,9.61246e-10,1,0
0.00365251,0.423462,0.00905798,0.786697,4.19341,115937,-1,6.14064e-10,1,0
0.00365337,0.422755,0.0088789,0.786374,4.19496,115717,-1,3.78243e-10,1,0
0.00365432,0.422333,0.00975551,0.786976,4.19423,115571,-1,1.09529e-09,1,0
0.00365519,0.422747,0.0102995,0.786168,4.19425,115656,-1,1.09529e-09,1,0
0.00365602,0.422114,0.010777,0.786719,4.1942,115457,-1,2.56933e-10,1,0
0.00365668,0.421585,0.0107796,0.786912,4.19372,115292,-1,1.23402e-09,1,0
0.00365818,0.422315,0.0113226,0.78697,4.19408,115444,-1,2.46273e-10,1,0
0.00365969,0.423878,0.0122223,0.787288,4.19404,115823,-1,2.82013e-09,1,0
0.00366051,0.42473,0.0125433,0.787548,4.19407,116030,-1,1.13995e-09,1,0
0.00366153,0.424786,0.0135792,0.786907,4.1935,116013,-1,7.35375e-11,1,0
0.00366252,0.424832,0.0146161,0.786286,4.19516,115994,-1,2.42136e-09,1,0
0.0036637,0.425245,0.014086,0.786893,4.19659,116070,-1,7.85638e-10,1,0
0.00366423,0.424901,0.0137531,0.787287,4.19779,115959,-1,1.55606e-11,1,0
0.00366461,0.424716,0.0137363,0.78713,4.20058,115896,-1,2.74051e-10,1,0
0.00366542,0.424838,0.0147045,0.787181,4.20059,115905,-1,2.74051e-10,1,0
0.00366612,0.424945,0.0155457,0.787225,4.2007,115911,-1,1.82631e-09,1,0
0.00366751,0.426249,0.0156007,0.786601,4.20303,116223,-1,1.55259e-09,1,0
0.00366804,0.4265,0.0156883,0.786561,4.20209,116275,-1,1.58057e-10,1,0
0.0036691,0.426714,0.0155796,0.785587,4.20033,116300,-1,3.70272e-10,1,0
0.00367081,0.426755,0.0159274,0.785157,4.19874,116256,-1,7.19891e-10,1,0
0.00367228,0.426658,0.0142375,0.785738,4.19873,116183,-1,7.19891e-10,1,0
0.00367295,0.426984,0.0144392,0.7863,4.19832,116251,-1,1.63061e-10,1,0
0.00367394,0.426826,0.0143182,0.786165,4.20329,116177,-1,7.19074e-10,1,0
0.00367523,0.426208,0.0137975,0.786349,4.20153,115968,-1,7.68749e-10,1,0
0.00367667,0.425931,0.0134802,0.787175,4.19804,115847,-1,9.84063e-10,1,0
0.00367884,0.424288,0.0126382,0.789055,4.19796,115332,-1,9.84063e-10,1,0
0.00367937,0.424294,0.0121523,0.789085,4.19736,115317,-1,2.82283e-09,1,0
0.00368007,0.424526,0.0113498,0.788889,4.19737,115358,-1,2.82283e-09,1,0
0.00368043,0.424487,0.0110617,0.788654,4.19786,115336,-1,2.3505e-10,1,0
0.00368086,0.424778,0.0110302,0.788457,4.19591,115402,-1,5.28632e-11,1,0
0.00368146,0.425163,0.0111467,0.788197,4.19435,115487,-1,2.65081e-10,1,0
0.00368208,0.425607,0.011033,0.788472,4.19642,115589,-1,4.72658e-11,1,0
0.00368295,0.42665,0.0111403,0.788606,4.19835,115845,-1,1.5009e-09,1,0
0.00368327,0.426812,0.0112761,0.78892,4.19826,115879,-1,9.50973e-11,1,0
0.00368429,0.427439,0.012255,0.78847,4.1983,116017,-1,9.50973e-11,1,0
0.00368456,0.427172,0.0123331,0.78835,4.19849,115936,-1,3.0614e-10,1,0
0.00368566,0.426949,0.0122132,0.788263,4.20324,115841,-1,5.42342e-10,1,0
0.00368659,0.426421,0.0119054,0.787304,4.20321,115668,-1,5.42342e-10,1,0
0.00368735,0.426562,0.0118229,0.786509,4.20289,115683,-1,6.0036e-10,1,0
0.00368841,0.425644,0.0120483,0.786892,4.20639,115400,-1,1.10982e-09,1,0
0.0036897,0.426454,0.0130075,0.787372,4.20737,115580,-1,1.15919e-09,1,0
0.00369036,0.426336,0.0129049,0.788158,4.20736,115527,-1,1.15919e-09,1,0
0.00369079,0.425971,0.0126044,0.788072,4.20481,115414,-1,4.82107e-10,1,0
0.00369132,0.42603,0.012366,0.787489,4.20239,115414,-1,1.84849e-10,1,0
0.00369235,0.425797,0.0122473,0.788715,4.20244,115319,-1,1.76411e-12,1,0
0.00369393,0.425183,0.0138872,0.789225,4.20667,115103,-1,1.79771e-09,1,0
0.0036949,0.425609,0.0145713,0.788385,4.2067,115188,-1,1.16928e-09,1,0
0.00369511,0.425574,0.0145088,0.788141,4.2067,115172,-1,1.16928e-09,1,0
0.00369667,0.425313,0.0140419,0.786321,4.20669,115053,-1,1.16928e-09,1,0
0.00369844,0.425084,0.0140496,0.78457,4.20787,114936,-1,3.87035e-09,1,0
0.00369928,0.424676,0.0148012,0.784334,4.20802,114800,-1,9.63465e-10,1,0
0.0037007,0.423225,0.0156508,0.783929,4.20795,114363,-1,9.63465e-10,1,0
0.0037011,0.422963,0.0154284,0.783793,4.20473,114280,-1,2.37764e-09,1,0
0.0037021,0.422689,0.0148033,0.783429,4.20593,114175,-1,1.93962e-10,1,0
0.00370297,0.423113,0.0151288,0.783737,4.20604,114263,-1,2.64121e-10,1,0
0.0037043,0.424625,0.0156926,0.783591,4.20612,114630,-1,2.64121e-10,1,0
0.00370556,0.425846,0.016571,0.7834,4.20711,114921,-1,1.17644e-09,1,0
0.0037072,0.424989,0.0162927,0.781615,4.20707,114639,-1,1.17644e-09,1,0
0.00370801,0.424416,0.0165155,0.781004,4.2055,114459,-1,5.02473e-10,1,0
0.00370993,0.424377,0.0147792,0.779438,4.20568,114390,-1,2.33843e-09,1,0
0.0037115,0.422666,0.0149252,0.778747,4.2057,113880,-1,1.30311e-10,1,0
0.00371353,0.421164,0.0153944,0.777801,4.20726,113413,-1,3.72354e-09,1,0
0.00371416,0.421278,0.0160926,0.777708,4.20744,113425,-1,8.40883e-10,1,0
0.0037143,0.421302,0.0161864,0.777728,4.20483,113427,-1,7.79082e-11,1,0
0.00371594,0.420734,0.017071,0.779426,4.2048,113224,-1,7.79082e-11,1,0
0.00371709,0.421469,0.0162156,0.778913,4.20543,113387,-1,1.07051e-09,1,0
0.00371812,0.42041,0.0163416,0.77958,4.20538,113071,-1,1.07051e-09,1,0
0.00371855,0.42035,0.0163303,0.779725,4.21092,113041,-1,2.06699e-10,1,0
0.00371956,0.41959,0.017144,0.780255,4.21088,112806,-1,2.06699e-10,1,0
0.00372075,0.418712,0.018062,0.780848,4.21423,112534,-1,2.65311e-09,1,0
0.00372155,0.418584,0.0184403,0.781657,4.21366,112476,-1,9.36724e-10,1,0
0.00372348,0.42008,0.0175628,0.780073,4.21374,112819,-1,9.36724e-10,1,0
0.00372468,0.421016,0.0170142,0.779082,4.21378,113034,-1,9.36724e-10,1,0
0.00372507,0.421266,0.0167953,0.779179,4.21135,113090,-1,6.2782e-11,1,0
0.00372691,0.42212,0.0154604,0.780761,4.21152,113263,-1,2.50155e-09,1,0
0.00372775,0.421894,0.0148242,0.780391,4.21148,113177,-1,2.31132e-11,1,0
0.00372862,0.421352,0.0155711,0.779927,4.21093,113005,-1,8.09557e-10,1,0
0.00372972,0.420381,0.0153132,0.780149,4.20742,112711,-1,1.3279e-10,1,0
0.00373031,0.420292,0.0158786,0.779774,4.20758,112669,-1,1.55161e-10,1,0
0.00373097,0.420549,0.0165417,0.780064,4.20821,112718,-1,3.83163e-11,1,0
0.00373115,0.420417,0.0166094,0.780116,4.20784,112678,-1,1.12673e-10,1,0
0.00373294,0.418631,0.0172402,0.779046,4.20713,112145,-1,1.9831e-10,1,0
0.00373398,0.417816,0.0173782,0.779207,4.20449,111895,-1,6.53684e-10,1,0
0.00373486,0.417435,0.0172584,0.778567,4.20265,111767,-1,8.84708e-10,1,0
0.00373553,0.417962,0.0168831,0.778816,4.20453,111888,-1,7.33667e-10,1,0
0.00373618,0.41818,0.0174439,0.778303,4.20454,111927,-1,7.33667e-10,1,0
0.00373706,0.418269,0.0173602,0.77758,4.20553,111924,-1,2.14669e-10,1,0
0.00373752,0.418079,0.0171313,0.777724,4.20716,111860,-1,2.51219e-10,1,0
0.00373832,0.417909,0.0164213,0.777591,4.20607,111790,-1,2.6126e-10,1,0
0.00374018,0.417552,0.0142201,0.777975,4.20606,111640,-1,2.6126e-10,1,0
0.00374059,0.41747,0.0137493,0.778076,4.20557,111605,-1,1.35413e-11,1,0
0.00374128,0.416916,0.0133166,0.778366,4.20379,111437,-1,3.47734e-10,1,0
0.00374173,0.416817,0.0136139,0.778686,4.20552,111397,-1,4.36114e-10,1,0
0.00374281,0.416567,0.0145605,0.777811,4.20556,111298,-1,1.11497e-09,1,0
0.00374363,0.415747,0.0148124,0.778094,4.20717,111055,-1,3.93656e-10,1,0
0.00374578,0.415621,0.0141187,0.776183,4.20506,110957,-1,7.5501e-10,1,0
0.00374717,0.414959,0.0133585,0.776797,4.20199,110739,-1,7.8114e-10,1,0
0.0037479,0.414687,0.0129455,0.776062,4.2025,110645,-1,8.85891e-10,1,0
0.00374892,0.415066,0.0137382,0.776708,4.20411,110716,-1,1.11322e-10,1,0
0.00374963,0.415556,0.01415,0.777096,4.20333,110826,-1,4.38171e-10,1,0
0.00375097,0.414418,0.0147653,0.777206,4.20302,110483,-1,1.41559e-09,1,0
0.00375182,0.414839,0.0156009,0.777323,4.20272,110570,-1,5.41969e-10,1,0
0.00375277,0.41495,0.0147872,0.776642,4.20454,110572,-1,9.04624e-10,1,0
0.00375376,0.415328,0.0146972,0.775503,4.20343,110643,-1,1.28465e-09,1,0
0.00375506,0.415014,0.0147765,0.773988,4.20397,110521,-1,1.54745e-09,1,0
0.003756,0.414701,0.0154054,0.774901,4.20396,110410,-1,1.54745e-09,1,0
0.00375639,0.414574,0.0156623,0.775273,4.2045,110365,-1,1.62147e-09,1,0
0.00375666,0.414466,0.0158934,0.775398,4.20268,110328,-1,1.58918e-11,1,0
0.00375701,0.414342,0.0155385,0.775325,4.20071,110285,-1,3.796e-10,1,0
0.00375755,0.414635,0.0152406,0.775117,4.20194,110347,-1,4.9041e-10,1,0
0.00375801,0.414824,0.0150473,0.775611,4.20052,110384,-1,7.32844e-10,1,0
0.00375867,0.414663,0.0155936,0.775049,4.20052,110322,-1,7.32844e-10,1,0
0.00375976,0.414234,0.0164923,0.774353,4.19839,110176,-1,3.06695e-10,1,0
0.00376079,0.415347,0.0169095,0.774037,4.19784,110441,-1,1.14743e-09,1,0
0.00376195,0.415482,0.0173391,0.773708,4.19695,110443,-1,5.2224e-10,1,0
0.00376303,0.415712,0.0173259,0.774703,4.19789,110473,-1,9.49492e-10,1,0
0.00376367,0.415962,0.0178769,0.774965,4.19207,110520,-1,9.77599e-11,1,0
0.00376398,0.415992,0.0176323,0.77497,4.19054,110519,-1,1.33112e-10,1,0
0.00376501,0.415554,0.0168911,0.775301,4.1888,110372,-1,4.07373e-10,1,0
0.00376648,0.415128,0.0157115,0.774676,4.18667,110216,-1,2.38114e-10,1,0
0.00376698,0.415001,0.0153747,0.774187,4.18667,110168,-1,2.38114e-10,1,0
0.00376803,0.414736,0.0146687,0.773162,4.18533,110067,-1,2.44758e-09,1,0
0.00376946,0.413868,0.0158746,0.77405,4.18537,109795,-1,1.73096e-09,1,0
0.0037698,0.413648,0.0162255,0.774069,4.18536,109727,-1,1.73096e-09,1,0
0.00377123,0.412934,0.0176096,0.77419,4.18564,109496,-1,2.00635e-09,1,0
0.003772,0.413726,0.0176772,0.774563,4.18543,109684,-1,8.12325e-10,1,0
0.00377324,0.414829,0.0170836,0.775386,4.18539,109940,-1,1.75782e-09,1,0
0.00377417,0.415644,0.0177257,0.774939,4.18483,110129,-1,1.1474e-09,1,0
0.00377492,0.415468,0.0186083,0.774984,4.18585,110060,-1,3.49512e-12,1,0
0.0037765,0.414983,0.0193776,0.776643,4.18459,109886,-1,2.90066e-11,1,0
0.00377702,0.415467,0.0190619,0.776905,4.18569,109998,-1,6.34194e-10,1,0
0.00377819,0.414903,0.0187472,0.77656,4.1834,109815,-1,9.71103e-10,1,0
0.00377884,0.41487,0.0194434,0.776368,4.18244,109788,-1,4.3912e-10,1,0
0.00377909,0.414702,0.0196169,0.77618,4.18243,109736,-1,4.3912e-10,1,0
0.00378045,0.413796,0.0205546,0.775162,4.18239,109457,-1,4.3912e-10,1,0
0.00378066,0.413703,0.0206846,0.775001,4.1809,109426,-1,9.24939e-12,1,0
0.00378197,0.414672,0.0211247,0.775774,4.17807,109644,-1,1.29125e-09,1,0
0.00378244,0.415096,0.021168,0.775405,4.17809,109743,-1,1.29125e-09,1,0
0.00378319,0.414915,0.021122,0.774793,4.17412,109673,-1,5.86892e-10,1,0
0.00378374,0.415204,0.0206646,0.77491,4.17353,109734,-1,3.77308e-10,1,0
0.00378436,0.415094,0.0212661,0.774915,4.17414,109686,-1,6.26804e-10,1,0
0.00378517,0.414849,0.0211636,0.774894,4.17141,109599,-1,6.04524e-10,1,0
0.00378626,0.415291,0.0223409,0.77468,4.17208,109684,-1,4.38181e-10,1,0
0.00378722,0.415449,0.0218865,0.773937,4.17316,109698,-1,9.49277e-10,1,0
0.00378831,0.41555,0.021039,0.773099,4.17446,109693,-1,7.90825e-10,1,0
0.00378915,0.415464,0.021245,0.773543,4.17448,109646,-1,6.02654e-10,1,0
0.00379009,0.414735,0.0217083,0.773286,4.17259,109426,-1,5.10964e-10,1,0
0.0037921,0.412971,0.0231376,0.772433,4.1725,108903,-1,5.10964e-10,1,0
0.00379246,0.412918,0.0235129,0.772473,4.17282,108879,-1,3.15834e-10,1,0
0.00379403,0.412172,0.0224794,0.771647,4.17372,108637,-1,1.66103e-09,1,0
0.00379496,0.412699,0.022617,0.771732,4.17842,108749,-1,4.13259e-10,1,0
0.0037966,0.412889,0.0210831,0.772927,4.17747,108752,-1,1.95207e-09,1,0
0.00379853,0.413434,0.0198193,0.773459,4.17752,108840,-1,1.57437e-09,1,0
0.00380022,0.412034,0.0203605,0.774123,4.17451,108424,-1,8.34577e-10,1,0
0.00380082,0.41255,0.0199027,0.774342,4.17453,108543,-1,8.34577e-10,1,0
0.00380119,0.412541,0.0202563,0.774381,4.17372,108529,-1,3.71417e-10,1,0
0.0038015,0.412525,0.0204934,0.774616,4.17337,108516,-1,3.4363e-10,1,0
0.00380347,0.412509,0.0205076,0.773207,4.1756,108456,-1,1.46481e-09,1,0
0.00380478,0.412449,0.0198944,0.773187,4.17048,108403,-1,5.23866e-10,1,0
0.00380548,0.412595,0.0196373,0.77299,4.16996,108421,-1,4.45822e-10,1,0
0.00380648,0.412799,0.0206169,0.773671,4.17083,108446,-1,1.21083e-09,1,0
0.00380729,0.412079,0.02117,0.773346,4.17086,108234,-1,3.57308e-11,1,0
0.00380804,0.411328,0.0207462,0.77344,4.17239,108016,-1,4.03689e-12,1,0
0.00380932,0.411848,0.0200407,0.772357,4.16987,108116,-1,3.74685e-10,1,0
0.00381007,0.41098,0.0200739,0.772189,4.16896,107867,-1,8.30109e-10,1,0
0.00381174,0.41162,0.0203213,0.771812,4.17023,107988,-1,1.18043e-09,1,0
0.00381297,0.412795,0.0199589,0.770961,4.17051,108261,-1,1.49521e-09,1,0
0.00381351,0.41322,0.0202066,0.771386,4.17094,108357,-1,6.50714e-10,1,0
0.00381423,0.412837,0.0195559,0.770982,4.16936,108236,-1,1.23014e-11,1,0
0.00381622,0.412206,0.0186958,0.77011,4.16761,108014,-1,1.2308e-09,1,0
0.00381772,0.412987,0.0196702,0.769138,4.16814,108176,-1,9.2349e-11,1,0
0.00381852,0.41318,0.0194312,0.769023,4.1687,108204,-1,1.06487e-09,1,0
0.00381987,0.41281,0.0183994,0.77016,4.16905,108069,-1,1.94507e-09,1,0
0.00382043,0.412231,0.0183597,0.770373,4.16971,107902,-1,6.65704e-10,1,0
0.00382111,0.412299,0.0187572,0.770117,4.16662,107900,-1,4.61161e-10,1,0
0.0038214,0.412475,0.0188854,0.76989,4.16513,107938,-1,2.1904e-10,1,0
0.00382236,0.412932,0.0181824,0.769693,4.16478,108031,-1,7.07217e-10,1,0
0.00382273,0.412896,0.0183234,0.769446,4.16395,108011,-1,3.07951e-10,1,0
0.00382331,0.413436,0.0181381,0.769251,4.16474,108136,-1,1.42153e-10,1,0
0.00382422,0.41389,0.0174362,0.768532,4.16546,108228,-1,1.10271e-09,1,0
0.00382467,0.41376,0.0172416,0.768676,4.16572,108182,-1,1.65229e-10,1,0
0.00382588,0.413219,0.0173783,0.769956,4.16831,108006,-1,1.40632e-09,1,0
0.00382632,0.413304,0.0169699,0.769639,4.16785,108016,-1,5.1044e-10,1,0
0.00382719,0.413882,0.0178251,0.769838,4.16787,108142,-1,5.1044e-10,1,0
0.00382843,0.413624,0.0169914,0.769873,4.1654,108040,-1,1.18014e-09,1,0
0.0038298,0.413485,0.0158122,0.769572,4.16655,107965,-1,9.95001e-10,1,0
0.00383123,0.413752,0.0161747,0.76867,4.16378,107995,-1,5.4405e-10,1,0
0.00383274,0.413817,0.0151376,0.767467,4.16383,107969,-1,1.40234e-09,1,0
0.00383344,0.413886,0.0157069,0.768095,4.16383,107967,-1,1.40234e-09,1,0
0.00383408,0.413746,0.0157676,0.768438,4.16135,107913,-1,3.0692e-10,1,0
0.00383476,0.413304,0.015786,0.768391,4.16172,107778,-1,1.04575e-10,1,0
0.00383539,0.413943,0.0153807,0.768259,4.16175,107927,-1,1.04575e-10,1,0
0.00383653,0.41437,0.0152641,0.768793,4.16214,108006,-1,7.02662e-10,1,0
0.00383669,0.4144,0.0153651,0.76882,4.16129,108010,-1,1.37231e-10,1,0
0.0038371,0.41425,0.0155303,0.768805,4.16226,107959,-1,3.33116e-10,1,0
0.00383782,0.414887,0.0151234,0.76839,4.16198,108105,-1,6.36691e-11,1,0
0.00383832,0.41494,0.0149221,0.768307,4.1627,108105,-1,2.34782e-10,1,0
0.00383904,0.414613,0.0157315,0.768384,4.16268,107999,-1,2.34782e-10,1,0
0.00384063,0.41374,0.0171466,0.76834,4.1625,107727,-1,2.46617e-09,1,0
0.00384075,0.413645,0.0171816,0.768386,4.16067,107699,-1,7.58351e-12,1,0
0.0038422,0.412863,0.0175855,0.768197,4.16341,107455,-1,1.85774e-10,1,0
0.00384249,0.413105,0.0175396,0.767945,4.16342,107510,-1,1.85774e-10,1,0
0.00384377,0.413384,0.0172347,0.767467,4.16262,107547,-1,5.22414e-10,1,0
0.00384455,0.41295,0.0169506,0.766866,4.15958,107412,-1,1.47718e-10,1,0
0.0038455,0.413352,0.0178934,0.766718,4.16147,107490,-1,6.65087e-11,1,0
0.00384648,0.413788,0.0189971,0.766582,4.16123,107576,-1,2.1662e-09,1,0
0.00384667,0.413765,0.0188935,0.766399,4.16211,107564,-1,1.19179e-10,1,0
0.00384828,0.413613,0.0184826,0.766225,4.16136,107480,-1,7.61238e-10,1,0
0.00384911,0.413325,0.0183063,0.766671,4.15972,107382,-1,5.18478e-12,1,0
0.00385011,0.413418,0.0185813,0.767827,4.15883,107378,-1,9.25026e-10,1,0
0.00385031,0.413455,0.0186909,0.76791,4.15982,107382,-1,1.23544e-10,1,0
0.0038514,0.413524,0.0199437,0.76751,4.15987,107370,-1,1.43742e-09,1,0
0.00385242,0.414179,0.0194632,0.766574,4.16071,107511,-1,4.37075e-12,1,0
0.00385257,0.414283,0.0195233,0.766687,4.16051,107534,-1,6.78197e-11,1,0
0.00385308,0.414482,0.0196949,0.766169,4.16044,107572,-1,4.24916e-10,1,0
0.00385395,0.414656,0.019756,0.765321,4.16235,107593,-1,2.93634e-10,1,0
0.00385445,0.414411,0.0193733,0.764922,4.16234,107515,-1,2.93634e-10,1,0
0.00385548,0.413875,0.0193867,0.764392,4.16242,107347,-1,1.32493e-09,1,0
0.00385651,0.413156,0.0201276,0.764372,4.16089,107132,-1,3.17332e-10,1,0
0.00385789,0.414221,0.0199121,0.764027,4.16315,107370,-1,5.2045e-10,1,0
0.00385852,0.413589,0.0195622,0.764279,4.16535,107188,-1,7.65043e-10,1,0
0.00385916,0.413953,0.0199649,0.76427,4.16631,107265,-1,6.08637e-10,1,0
0.00386036,0.415292,0.02007,0.764403,4.16675,107579,-1,1.33336e-09,1,0
0.00386148,0.415237,0.0188415,0.764539,4.16818,107533,-1,1.02409e-10,1,0
0.00386236,0.4157,0.0194467,0.765264,4.1694,107628,-1,9.87255e-10,1,0
0.00386314,0.416069,0.0199794,0.76596,4.16833,107702,-1,1.00401e-09,1,0
0.00386409,0.416501,0.0201526,0.766091,4.16915,107788,-1,3.76663e-10,1,0
0.00386491,0.416719,0.0203794,0.76669,4.16708,107821,-1,4.75203e-10,1,0
0.00386602,0.417453,0.0196916,0.766318,4.16764,107980,-1,3.32299e-10,1,0
0.00386629,0.417602,0.0195162,0.766086,4.1685,108011,-1,5.52546e-10,1,0
0.00386734,0.417834,0.018819,0.766175,4.16803,108042,-1,3.05894e-10,1,0
0.00386809,0.417234,0.0183733,0.76567,4.16699,107866,-1,9.0255e-10,1,0
0.00386943,0.417907,0.0179506,0.764976,4.16802,108002,-1,3.20558e-10,1,0
0.00386998,0.418138,0.018186,0.765259,4.16951,108047,-1,5.18315e-10,1,0
0.00387093,0.418393,0.0192242,0.765682,4.16952,108086,-1,5.18315e-10,1,0
0.00387216,0.418454,0.018521,0.765082,4.16713,108067,-1,1.18007e-09,1,0
0.00387315,0.419112,0.0182264,0.766014,4.16472,108210,-1,1.10962e-09,1,0
0.0038745,0.419088,0.0182481,0.766885,4.16136,108166,-1,1.17978e-09,1,0
0.00387596,0.418101,0.0179918,0.767632,4.16059,107870,-1,8.67662e-10,1,0
0.00387631,0.417988,0.0179018,0.767895,4.15847,107831,-1,2.07075e-10,1,0
0.00387689,0.417981,0.0172978,0.768243,4.15847,107814,-1,2.07075e-10,1,0
0.00387773,0.418295,0.0169629,0.768533,4.15764,107871,-1,1.33339e-09,1,0
0.00387836,0.41846,0.0173426,0.768828,4.1587,107896,-1,4.83296e-10,1,0
0.00387941,0.418201,0.0179986,0.768673,4.16003,107800,-1,8.03726e-10,1,0
0.00388,0.417734,0.0180865,0.768488,4.16112,107664,-1,4.38264e-10,1,0
0.00388098,0.418013,0.0180805,0.767334,4.16113,107708,-1,4.38264e-10,1,0
0.00388279,0.418514,0.0175529,0.765845,4.16008,107787,-1,8.9207e-10,1,0
0.00388407,0.417503,0.0174436,0.766782,4.16027,107491,-1,1.39478e-09,1,0
0.00388499,0.417246,0.0175258,0.76713,4.15878,107400,-1,2.79819e-10,1,0
0.00388656,0.417276,0.0179249,0.76696,4.15558,107364,-1,7.82631e-11,1,0
0.00388704,0.416718,0.018056,0.766901,4.15555,107207,-1,7.82631e-11,1,0
0.00388789,0.415737,0.0182953,0.766723,4.15554,106931,-1,1.06216e-09,1,0
0.00388979,0.41393,0.0187934,0.766736,4.15744,106415,-1,4.58815e-10,1,0
0.00389054,0.414274,0.0196335,0.766766,4.15645,106482,-1,9.08074e-10,1,0
0.00389203,0.414348,0.0189174,0.766776,4.15964,106461,-1,4.814e-10,1,0
0.00389269,0.413925,0.0194191,0.766683,4.16002,106334,-1,4.03613e-10,1,0
0.00389391,0.414173,0.0200764,0.766863,4.15985,106364,-1,2.10021e-10,1,0
0.0038952,0.41555,0.0207967,0.767006,4.15951,106683,-1,2.36123e-09,1,0
0.00389565,0.415736,0.0203963,0.766695,4.15952,106718,-1,2.36123e-09,1,0
0.00389671,0.41618,0.0194983,0.76592,4.1593,106803,-1,1.67587e-09,1,0
0.00389732,0.416453,0.019209,0.765287,4.15955,106856,-1,8.91114e-10,1,0
0.0038982,0.416388,0.0202363,0.765095,4.15951,106816,-1,9.27174e-10,1,0
0.00389878,0.416547,0.0208676,0.76522,4.15741,106840,-1,1.87389e-10,1,0
0.00389986,0.41639,0.0207363,0.765663,4.15786,106771,-1,4.16363e-10,1,0
0.00390119,0.415703,0.0217217,0.766288,4.15744,106558,-1,1.18038e-09,1,0
0.00390185,0.415366,0.0218941,0.766947,4.15678,106454,-1,3.81699e-10,1,0
0.00390271,0.41584,0.0225449,0.767594,4.15681,106552,-1,3.81699e-10,1,0
0.00390337,0.416288,0.02291,0.767917,4.1575,106648,-1,2.56069e-10,1,0
0.00390524,0.41646,0.0228423,0.768113,4.15505,106641,-1,1.02435e-09,1,0
0.00390552,0.416509,0.0228667,0.76791,4.15453,106646,-1,2.64707e-10,1,0
0.00390651,0.416296,0.0236272,0.768265,4.15426,106565,-1,1.91643e-10,1,0
0.00390749,0.416105,0.0247581,0.768383,4.15313,106489,-1,4.26458e-10,1,0
0.00390822,0.41614,0.0245205,0.768264,4.15336,106478,-1,5.5244e-10,1,0
0.00390985,0.416204,0.0252644,0.768241,4.15071,106450,-1,1.50882e-09,1,0
0.00391021,0.415913,0.025503,0.768101,4.15165,106366,-1,8.7678e-10,1,0
0.00391081,0.415442,0.026024,0.767906,4.15162,106229,-1,8.7678e-10,1,0
0.00391204,0.414481,0.0270885,0.767507,4.15157,105950,-1,8.7678e-10,1,0
0.00391257,0.414691,0.0271535,0.767686,4.15134,105990,-1,2.19293e-10,1,0
0.00391317,0.41528,0.0275553,0.767828,4.15137,106124,-1,2.19293e-10,1,0
0.00391444,0.416167,0.0280094,0.76834,4.15536,106316,-1,3.50499e-10,1,0
0.00391488,0.415919,0.027737,0.768723,4.15526,106240,-1,4.80787e-10,1,0
0.00391524,0.415849,0.0276043,0.768656,4.15508,106213,-1,2.61064e-10,1,0
0.00391575,0.415553,0.0277621,0.769078,4.155,106123,-1,6.69401e-10,1,0
0.00391628,0.415237,0.0275793,0.768743,4.1557,106029,-1,1.56051e-11,1,0
0.00391722,0.415224,0.0270808,0.768683,4.1584,106000,-1,8.65138e-11,1,0
0.00391853,0.416449,0.0271355,0.76769,4.15846,106277,-1,8.65138e-11,1,0
0.00391928,0.416915,0.0272301,0.767048,4.15942,106375,-1,1.22125e-10,1,0
0.00392077,0.41705,0.027165,0.766952,4.15812,106369,-1,2.66821e-10,1,0
0.00392271,0.419305,0.0267986,0.76748,4.15853,106892,-1,2.34484e-09,1,0
0.00392399,0.419211,0.0276632,0.76741,4.1584,106833,-1,3.68571e-10,1,0
0.00392579,0.417274,0.0282014,0.768228,4.16003,106291,-1,2.16991e-09,1,0
0.00392646,0.418,0.0278771,0.76839,4.16007,106457,-1,2.16991e-09,1,0
0.00392677,0.418176,0.0277436,0.768322,4.16099,106494,-1,1.05629e-09,1,0
0.0039276,0.41784,0.0274675,0.767413,4.16098,106386,-1,1.05629e-09,1,0
0.00392898,0.417283,0.0270095,0.765904,4.16095,106206,-1,1.05629e-09,1,0
0.00392975,0.416971,0.0267535,0.76506,4.16202,106106,-1,3.74512e-09,1,0
0.00393127,0.415894,0.0257334,0.76613,4.16119,105791,-1,1.82932e-09,1,0
0.00393184,0.415703,0.0263215,0.765805,4.16098,105727,-1,4.7539e-12,1,0
0.0039325,0.415377,0.0262342,0.76508,4.16096,105626,-1,4.7539e-12,1,0
0.00393398,0.415244,0.0271541,0.765284,4.16436,105553,-1,1.98196e-10,1,0
0.00393513,0.415353,0.026777,0.765663,4.1662,105550,-1,8.64008e-10,1,0
0.00393565,0.41478,0.026905,0.765683,4.16442,105391,-1,1.11961e-10,1,0
0.00393668,0.414529,0.0270298,0.766869,4.16359,105299,-1,1.21054e-09,1,0
0.00393838,0.41338,0.0254274,0.767325,4.16507,104962,-1,2.0328e-09,1,0
0.00393925,0.413556,0.0253566,0.766715,4.1653,104983,-1,4.19613e-10,1,0
0.0039399,0.413925,0.0253244,0.766067,4.16566,105060,-1,1.08993e-09,1,0
0.00394097,0.414227,0.0254318,0.764881,4.16584,105108,-1,8.55491e-11,1,0
0.00394182,0.415132,0.0252417,0.764747,4.16343,105315,-1,6.34076e-10,1,0
0.0039436,0.415177,0.0249132,0.763736,4.16117,105279,-1,2.35193e-10,1,0
0.00394473,0.415231,0.0237597,0.763886,4.16159,105262,-1,1.24305e-09,1,0
0.00394657,0.415106,0.0233195,0.763623,4.1584,105181,-1,7.18504e-10,1,0
0.00394823,0.416081,0.0239568,0.764981,4.15726,105384,-1,8.17613e-10,1,0
0.00394974,0.415789,0.0256666,0.765571,4.15725,105270,-1,8.17613e-10,1,0
0.00395022,0.415697,0.0262057,0.765757,4.15736,105234,-1,2.40994e-09,1,0
0.00395147,0.415591,0.0276,0.765547,4.15743,105174,-1,5.01684e-11,1,0
0.00395322,0.415068,0.0262458,0.764091,4.15764,104995,-1,1.50505e-09,1,0
0.00395471,0.414617,0.0250369,0.762835,4.15762,104841,-1,1.50505e-09,1,0
0.00395513,0.414271,0.0248148,0.762842,4.15772,104743,-1,2.2861e-11,1,0
0.00395612,0.413767,0.0246992,0.763923,4.15818,104589,-1,1.19761e-09,1,0
0.00395679,0.413289,0.0252759,0.764231,4.15935,104451,-1,8.09798e-10,1,0
0.00395803,0.413145,0.0256691,0.762802,4.1581,104382,-1,1.47264e-09,1,0
0.0039588,0.413007,0.0256799,0.763361,4.1623,104326,-1,7.37257e-10,1,0
0.00395988,0.411879,0.0250495,0.763554,4.16225,104013,-1,1.3063e-09,1,0
0.00396104,0.411085,0.0256489,0.763877,4.16262,103782,-1,2.84756e-11,1,0
0.00396161,0.410569,0.0259787,0.764174,4.1626,103637,-1,2.84756e-11,1,0
0.00396264,0.409632,0.0259628,0.764697,4.16039,103373,-1,1.54633e-10,1,0
0.00396413,0.408629,0.0255712,0.764358,4.16364,103082,-1,1.96377e-10,1,0
0.00396517,0.40851,0.0251744,0.765243,4.1633,103025,-1,3.76215e-10,1,0
0.00396602,0.40832,0.0248447,0.76481,4.1614,102954,-1,7.39408e-10,1,0
0.00396691,0.408624,0.0255321,0.76458,4.15977,103008,-1,3.97519e-10,1,0
0.00396811,0.408286,0.0266211,0.764881,4.16177,102892,-1,1.22289e-09,1,0
0.00396858,0.408561,0.0267455,0.764981,4.15896,102949,-1,4.4016e-11,1,0
0.00396905,0.408567,0.0264018,0.765433,4.15914,102938,-1,5.6858e-10,1,0
0.00396964,0.407936,0.0264441,0.765763,4.15911,102764,-1,5.6858e-10,1,0
0.00397123,0.408823,0.0266502,0.765815,4.15926,102946,-1,1.18023e-09,1,0
0.00397169,0.408845,0.0270884,0.766042,4.15683,102940,-1,3.91064e-10,1,0
0.00397204,0.409117,0.0270765,0.765729,4.15608,102999,-1,7.03519e-11,1,0
0.00397256,0.409015,0.0274524,0.766154,4.15444,102960,-1,5.7094e-10,1,0
0.00397389,0.408604,0.0272689,0.765849,4.15781,102822,-1,1.04946e-09,1,0
0.00397481,0.408961,0.0279739,0.76645,4.15491,102888,-1,5.88068e-10,1,0
0.00397538,0.408589,0.0283364,0.766642,4.15603,102780,-1,1.12629e-11,1,0
0.00397576,0.408371,0.0287227,0.766739,4.15602,102715,-1,1.12629e-11,1,0
0.00397657,0.407931,0.029263,0.767051,4.15653,102584,-1,1.7463e-09,1,0
0.00397691,0.407775,0.0296234,0.767124,4.15709,102536,-1,2.05817e-10,1,0
0.0039772,0.407812,0.0298533,0.767095,4.15449,102537,-1,1.40273e-10,1,0
0.00397777,0.407933,0.0292821,0.767463,4.1545,102553,-1,1.40273e-10,1,0
0.00397803,0.407989,0.029017,0.767634,4.15619,102561,-1,1.01055e-09,1,0
0.00397853,0.408025,0.0293277,0.767674,4.15792,102557,-1,4.11081e-10,1,0
0.00397986,0.408569,0.0302099,0.767139,4.15678,102659,-1,1.36808e-09,1,0
0.00398089,0.408744,0.0293819,0.767872,4.15524,102677,-1,5.98099e-10,1,0
0.0039813,0.408693,0.0290852,0.767656,4.15621,102653,-1,1.06894e-10,1,0
0.00398203,0.408678,0.0291882,0.767426,4.1553,102631,-1,4.18659e-10,1,0
0.00398283,0.409443,0.029345,0.76691,4.15564,102802,-1,8.89207e-10,1,0
0.00398343,0.409273,0.0293085,0.766471,4.15538,102744,-1,5.40134e-10,1,0
0.00398444,0.409072,0.0303509,0.766659,4.15652,102667,-1,1.32632e-09,1,0
0.00398478,0.409261,0.0304598,0.766657,4.15684,102706,-1,2.00508e-10,1,0
0.00398537,0.408851,0.0307985,0.766927,4.15622,102588,-1,5.61137e-10,1,0
0.00398565,0.408743,0.0307013,0.767107,4.15435,102554,-1,8.67339e-11,1,0
0.0039869,0.408652,0.0297208,0.767727,4.15543,102499,-1,8.84538e-10,1,0
0.0039879,0.40893,0.0294073,0.767155,4.15594,102543,-1,4.50559e-10,1,0
0.0039898,0.407512,0.029565,0.768955,4.15587,102138,-1,4.50559e-10,1,0
0.00399126,0.406734,0.0298892,0.770087,4.15174,101906,-1,2.69911e-10,1,0
0.00399237,0.406959,0.029798,0.768763,4.15175,101934,-1,2.69911e-10,1,0
0.00399366,0.407339,0.0295248,0.767328,4.15098,101996,-1,2.52593e-09,1,0
0.00399486,0.407848,0.0294957,0.766564,4.14596,102093,-1,4.69654e-10,1,0
0.00399499,0.407745,0.029444,0.766526,4.14943,102064,-1,1.04361e-10,1,0
0.00399609,0.407475,0.02832,0.76637,4.14945,101968,-1,9.77723e-11,1,0
0.00399699,0.406974,0.0276883,0.766416,4.14882,101820,-1,7.65223e-10,1,0
0.00399992,0.407853,0.0266987,0.764827,4.14712,101965,-1,1.18038e-09,1,0
0.00400105,0.408666,0.0259441,0.76429,4.14553,102140,-1,1.26208e-10,1,0
0.00400133,0.40874,0.0262644,0.764362,4.14554,102151,-1,1.26208e-10,1,0
0.00400301,0.40752,0.0275439,0.764853,4.14397,101803,-1,1.63829e-09,1,0
0.0040051,0.405552,0.0264188,0.765957,4.14388,101259,-1,1.63829e-09,1,0
0.00400715,0.403586,0.0255592,0.765792,4.14373,100717,-1,3.70166e-09,1,0
0.0040075,0.403502,0.0256702,0.766018,4.14394,100687,-1,3.16425e-10,1,0
0.00400881,0.402092,0.0252624,0.765419,4.14161,100302,-1,1.5852e-09,1,0
0.00400969,0.402644,0.0256292,0.765548,4.14057,100418,-1,5.59224e-10,1,0
0.0040104,0.403447,0.0254083,0.765347,4.14061,100600,-1,5.59224e-10,1,0
0.00401104,0.403445,0.0251711,0.765126,4.14112,100584,-1,3.47733e-10,1,0
0.00401174,0.403917,0.0249247,0.765074,4.14249,100684,-1,2.58671e-10,1,0
0.00401371,0.405725,0.0241528,0.765686,4.14395,101085,-1,1.36703e-09,1,0
0.00401466,0.406452,0.0243788,0.766412,4.14205,101242,-1,7.56215e-10,1,0
0.00401508,0.406125,0.0241158,0.766447,4.14237,101150,-1,1.09007e-10,1,0
0.00401627,0.405928,0.0249688,0.765851,4.14208,101071,-1,3.56153e-10,1,0
0.00401738,0.405182,0.0249254,0.766957,4.14144,100857,-1,1.33497e-09,1,0
0.00401853,0.405826,0.0244534,0.766618,4.14241,100989,-1,3.82615e-10,1,0
0.00401983,0.406173,0.0229167,0.766527,4.14243,101042,-1,3.82615e-10,1,0
0.00402016,0.40594,0.022738,0.766448,4.14095,100976,-1,1.71343e-09,1,0
0.00402107,0.404961,0.0223965,0.7662,4.1397,100710,-1,1.09355e-10,1,0
0.0040218,0.404128,0.0221462,0.766354,4.13969,100484,-1,7.39167e-10,1,0
0.00402206,0.403836,0.0220825,0.76642,4.13952,100405,-1,4.51099e-10,1,0
0.0040239,0.40302,0.0221004,0.766395,4.13769,100157,-1,1.02204e-09,1,0
0.00402528,0.402259,0.0208187,0.765805,4.1395,99933.1,-1,1.27181e-09,1,0
0.00402644,0.403621,0.0205232,0.765711,4.13722,100243,-1,1.39702e-09,1,0
0.00402742,0.402912,0.0199436,0.766452,4.13718,100042,-1,1.39702e-09,1,0
0.00402801,0.402476,0.0197331,0.766778,4.13447,99919.4,-1,1.77299e-09,1,0
0.00402942,0.401825,0.020872,0.766404,4.13389,99722.7,-1,3.50817e-10,1,0
0.00403002,0.401848,0.0212916,0.766867,4.13208,99713.8,-1,5.99442e-10,1,0
0.00403075,0.401151,0.0214008,0.767342,4.13134,99522.5,-1,8.12544e-10,1,0
0.00403125,0.400882,0.0210758,0.767714,4.13151,99443.7,-1,5.10546e-10,1,0
0.00403169,0.400777,0.0212576,0.768203,4.1315,99406.7,-1,5.10546e-10,1,0
0.00403192,0.400723,0.021351,0.768455,4.13204,99387.8,-1,8.06029e-10,1,0
0.00403261,0.400906,0.0216049,0.769235,4.13205,99416,-1,8.06029e-10,1,0
0.00403296,0.400998,0.0217319,0.769625,4.13094,99430.1,-1,1.26118e-09,1,0
0.00403459,0.401176,0.0206543,0.770965,4.1291,99434,-1,1.17026e-09,1,0
0.0040353,0.401348,0.0212021,0.77124,4.12792,99459.2,-1,9.36994e-11,1,0
0.00403659,0.401765,0.0218516,0.770983,4.12606,99530.9,-1,1.55978e-09,1,0
0.0040372,0.402029,0.021777,0.770422,4.12693,99581.1,-1,1.56689e-10,1,0
0.00403784,0.402604,0.0212762,0.770493,4.1288,99707.7,-1,7.65604e-10,1,0
0.00403873,0.401874,0.021823,0.771051,4.12876,99505.1,-1,7.65604e-10,1,0
0.00404062,0.400774,0.0226486,0.77063,4.12887,99186.3,-1,1.10061e-09,1,0
0.00404271,0.400016,0.023208,0.771942,4.12513,98947.3,-1,1.20178e-09,1,0
0.00404451,0.399676,0.0215582,0.772647,4.12448,98819.4,-1,2.70636e-10,1,0
0.00404538,0.39976,0.0206104,0.773041,4.12142,98819,-1,5.32546e-12,1,0
0.00404591,0.399896,0.0204492,0.773387,4.11957,98839.5,-1,2.00572e-10,1,0
0.00404681,0.399989,0.0198625,0.772658,4.11882,98840.6,-1,9.65722e-10,1,0
0.00404731,0.400327,0.0196423,0.772807,4.11681,98911.9,-1,1.0859e-10,1,0
0.00404867,0.40008,0.0186881,0.771613,4.11858,98817.7,-1,1.13031e-10,1,0
0.00404917,0.399941,0.0187034,0.771092,4.11809,98771.3,-1,2.88087e-10,1,0
0.00405003,0.399659,0.0186354,0.770174,4.11558,98680.6,-1,5.03835e-10,1,0
0.00405054,0.399613,0.0187304,0.769983,4.12078,98656.8,-1,1.15358e-10,1,0
0.00405208,0.400599,0.0200526,0.769123,4.11994,98862.6,-1,1.86029e-09,1,0
0.00405266,0.400664,0.019503,0.76955,4.11994,98864.4,-1,1.86029e-09,1,0
0.00405294,0.400883,0.0193152,0.769639,4.12226,98911.7,-1,2.42374e-10,1,0
0.00405401,0.400386,0.0192073,0.768633,4.12126,98763,-1,2.95624e-10,1,0
0.00405553,0.400297,0.0192522,0.767998,4.12391,98703.9,-1,7.65281e-10,1,0
0.00405644,0.399551,0.0194802,0.767404,4.11982,98497.8,-1,1.5199e-10,1,0
0.00405733,0.399551,0.0200174,0.766483,4.11991,98476.5,-1,9.93169e-13,1,0
0.00405806,0.399552,0.0204624,0.76572,4.1204,98458.8,-1,1.95048e-09,1,0
0.00405839,0.399847,0.0202449,0.765836,4.12139,98523.6,-1,3.10333e-10,1,0
0.00405944,0.399086,0.0209368,0.766348,4.12193,98310.5,-1,1.77795e-10,1,0
0.00406023,0.398351,0.0214392,0.766576,4.12207,98110.5,-1,1.79389e-09,1,0
0.00406118,0.397292,0.0218588,0.766552,4.12084,97826.7,-1,1.47102e-09,1,0
0.00406239,0.398126,0.0210211,0.767314,4.11936,98003,-1,1.6743e-10,1,0
0.00406335,0.398355,0.0203659,0.767827,4.11902,98036.1,-1,2.24438e-10,1,0
0.00406375,0.398578,0.0203642,0.767709,4.1161,98081.3,-1,2.85242e-10,1,0
0.00406421,0.398712,0.0202752,0.768003,4.1182,98103.2,-1,3.99746e-10,1,0
0.00406498,0.399401,0.0202617,0.767787,4.11817,98254,-1,4.23997e-10,1,0
0.00406588,0.400377,0.0199004,0.767943,4.11885,98472.2,-1,2.6302e-10,1,0
0.00406698,0.400363,0.0209666,0.767493,4.11714,98442.4,-1,6.49803e-11,1,0
0.00406849,0.399829,0.0217791,0.766366,4.118,98274.6,-1,2.16236e-09,1,0
0.00406882,0.40008,0.021861,0.766257,4.11816,98328.3,-1,3.16614e-10,1,0
0.00406931,0.39996,0.0217806,0.766111,4.11997,98286.9,-1,3.74102e-10,1,0
0.00406981,0.399873,0.0219581,0.76602,4.1172,98253.4,-1,2.39609e-10,1,0
0.00407081,0.398973,0.0221924,0.76648,4.11542,98008.2,-1,9.0096e-10,1,0
0.00407123,0.398929,0.0224328,0.766917,4.11542,97987.5,-1,9.0096e-10,1,0
0.00407222,0.398808,0.0228426,0.768002,4.11713,97933.7,-1,3.41895e-10,1,0
0.00407474,0.398091,0.022164,0.76695,4.11745,97697.5,-1,2.17738e-09,1,0
0.0040756,0.398543,0.0218444,0.767051,4.11601,97787.6,-1,2.59338e-10,1,0
0.00407737,0.399506,0.0237352,0.767131,4.11614,97981.2,-1,1.20193e-09,1,0
0.00407819,0.399574,0.024183,0.766388,4.11532,97978.3,-1,1.45354e-10,1,0
0.00407916,0.399335,0.0236738,0.766021,4.1163,97896.2,-1,4.9777e-10,1,0
0.00408042,0.398718,0.0223257,0.766286,4.11634,97715.2,-1,2.1851e-09,1,0
0.00408162,0.397974,0.0224144,0.766419,4.11598,97504,-1,9.9284e-10,1,0
0.00408261,0.397733,0.0225958,0.765847,4.11661,97421.2,-1,4.32054e-10,1,0
0.00408391,0.398003,0.0240963,0.765781,4.116,97456.3,-1,3.62434e-10,1,0
0.0040858,0.397522,0.0237669,0.765601,4.11603,97293.4,-1,1.22787e-09,1,0
0.00408784,0.399059,0.0223705,0.764284,4.1161,97620.9,-1,1.22787e-09,1,0
0.00408924,0.398495,0.0215499,0.765232,4.11348,97449.7,-1,3.72997e-09,1,0
0.00408959,0.398408,0.021335,0.765537,4.11552,97419.9,-1,1.22292e-10,1,0
0.00409073,0.398766,0.022087,0.764982,4.11678,97480.4,-1,4.37378e-10,1,0
0.00409185,0.398716,0.0224925,0.764806,4.11194,97441.3,-1,5.00303e-10,1,0
0.00409207,0.398581,0.022391,0.76461,4.11184,97403.3,-1,2.02639e-11,1,0
0.00409342,0.39876,0.0230097,0.763592,4.11314,97415,-1,1.20206e-09,1,0
0.0040938,0.3989,0.0231243,0.763571,4.11066,97440,-1,2.07346e-10,1,0
0.00409497,0.399772,0.0233839,0.762926,4.11196,97625.2,-1,1.17328e-10,1,0
0.00409606,0.400649,0.023826,0.762153,4.11572,97813.2,-1,8.21954e-11,1,0
0.00409642,0.400677,0.0235161,0.762047,4.11455,97811.4,-1,3.50231e-10,1,0
0.00409728,0.400881,0.0236338,0.762638,4.11553,97840.7,-1,6.81684e-10,1,0
0.00409823,0.400645,0.0241351,0.761887,4.11481,97760.6,-1,6.26113e-10,1,0
0.0040989,0.400309,0.0244734,0.761239,4.11245,97662.7,-1,1.75156e-09,1,0
0.00410017,0.399889,0.02302,0.761503,4.11243,97529.9,-1,1.75156e-09,1,0
0.00410171,0.399383,0.0212696,0.761822,4.1124,97370,-1,1.75156e-09,1,0
0.00410243,0.399263,0.0204906,0.76213,4.11206,97323.7,-1,5.30887e-10,1,0
0.00410348,0.398544,0.0198706,0.761756,4.11378,97123.4,-1,5.33734e-10,1,0
0.00410419,0.398412,0.0200912,0.761754,4.11266,97074.4,-1,2.0537e-10,1,0
0.0041045,0.398451,0.0204501,0.761661,4.11249,97076.5,-1,8.37672e-10,1,0
0.00410544,0.398375,0.0203897,0.762635,4.1115,97035.9,-1,7.6044e-11,1,0
0.00410585,0.398279,0.0204296,0.762552,4.11034,97002.9,-1,8.03707e-11,1,0
0.00410647,0.398896,0.0204765,0.76298,4.10806,97138.3,-1,7.52503e-10,1,0
0.00410798,0.399394,0.021081,0.761351,4.10808,97223.9,-1,7.52503e-10,1,0
0.00410889,0.399695,0.0214473,0.760364,4.1081,97275.8,-1,7.52503e-10,1,0
0.00410953,0.400048,0.0218141,0.760246,4.10979,97346.4,-1,4.09009e-10,1,0
0.00411063,0.399994,0.0218527,0.758919,4.10979,97307.2,-1,4.09009e-10,1,0
0.00411163,0.400044,0.0218559,0.757965,4.10847,97295.8,-1,2.38499e-09,1,0
0.00411307,0.399984,0.0231249,0.758904,4.10859,97247.2,-1,3.26109e-10,1,0
0.00411464,0.399333,0.0230699,0.75998,4.11045,97051.6,-1,1.12573e-09,1,0
0.0041152,0.399711,0.0234335,0.760106,4.11161,97130.3,-1,7.41289e-11,1,0
0.00411559,0.399421,0.0235309,0.760218,4.1109,97050.8,-1,9.7848e-11,1,0
0.00411749,0.397557,0.0235232,0.76115,4.11007,96553.2,-1,2.42118e-09,1,0
0.00411775,0.397653,0.0233977,0.761415,4.11008,96570.4,-1,2.42118e-09,1,0
0.00411802,0.397448,0.0233992,0.761185,4.11063,96514.2,-1,4.47408e-12,1,0
0.00411874,0.396955,0.0238276,0.761485,4.10808,96377.9,-1,7.0312e-10,1,0
0.00411956,0.397071,0.0233057,0.761852,4.10724,96386.9,-1,2.3115e-10,1,0
0.00412025,0.39694,0.0226609,0.762369,4.10722,96338.8,-1,1.32129e-09,1,0
0.00412216,0.39685,0.0241065,0.760875,4.10771,96272.4,-1,2.08849e-09,1,0
0.00412304,0.397561,0.0244196,0.761124,4.1076,96424.4,-1,3.79952e-10,1,0
0.00412551,0.397965,0.0249837,0.761965,4.10695,96464.5,-1,2.19621e-09,1,0
0.00412658,0.396881,0.024481,0.761978,4.10269,96176.8,-1,8.43836e-10,1,0
0.00412825,0.397744,0.0262005,0.761829,4.10305,96346.8,-1,1.9075e-09,1,0
0.00412959,0.398046,0.0260643,0.76218,4.10407,96388.9,-1,2.95489e-10,1,0
0.00413051,0.397912,0.0265506,0.762842,4.10688,96334.9,-1,1.09915e-09,1,0
0.0041317,0.398738,0.0268035,0.763578,4.10759,96506.9,-1,4.73109e-10,1,0
0.00413291,0.398375,0.0268315,0.763475,4.10679,96390.9,-1,2.91043e-10,1,0
0.00413339,0.398447,0.0268818,0.764043,4.10509,96397.1,-1,1.08378e-09,1,0
0.00413469,0.398324,0.0284392,0.764017,4.10793,96337.2,-1,1.56245e-09,1,0
0.00413513,0.398097,0.0283977,0.763653,4.10825,96271.8,-1,4.26104e-10,1,0
0.00413592,0.398546,0.0284708,0.76294,4.10908,96362.3,-1,7.85582e-10,1,0
0.00413645,0.398402,0.0282979,0.762673,4.10793,96315,-1,1.99449e-10,1,0
0.00413697,0.398105,0.0284818,0.762156,4.10792,96231.1,-1,1.99449e-10,1,0
0.00413727,0.398085,0.0284093,0.761903,4.1076,96219.3,-1,1.75747e-10,1,0
0.00413774,0.397844,0.0280178,0.761685,4.10511,96150.1,-1,3.88675e-11,1,0
0.00413842,0.397119,0.0282089,0.762021,4.10508,95959.2,-1,3.88675e-11,1,0
0.00413913,0.396942,0.0274914,0.76233,4.10554,95899.8,-1,5.51139e-10,1,0
0.00414081,0.397168,0.0270211,0.761155,4.10652,95915.6,-1,2.68016e-10,1,0
0.00414173,0.397737,0.0261343,0.760807,4.10897,96031.7,-1,2.08892e-09,1,0
0.00414322,0.397847,0.0256668,0.760173,4.11241,96023.5,-1,6.2158e-10,1,0
0.00414388,0.398272,0.025451,0.759539,4.11297,96110.8,-1,1.96963e-09,1,0
0.00414507,0.397218,0.0253088,0.758791,4.11262,95829,-1,3.34286e-10,1,0
0.00414567,0.397127,0.024675,0.758959,4.11345,95793.1,-1,3.03155e-10,1,0
0.00414722,0.396215,0.0259853,0.758557,4.11534,95537.5,-1,1.21517e-09,1,0
0.00414808,0.395661,0.0263989,0.757964,4.11745,95384.1,-1,1.69618e-10,1,0
0.00414854,0.395978,0.0267436,0.758046,4.11931,95449.9,-1,1.61763e-10,1,0
0.00414974,0.396926,0.0274552,0.758864,4.11901,95650.7,-1,3.30167e-10,1,0
0.00415104,0.397952,0.0282208,0.759763,4.12136,95867.9,-1,2.9944e-09,1,0
0.00415194,0.397805,0.0287279,0.759722,4.1226,95811.9,-1,3.40038e-10,1,0
0.00415385,0.399506,0.0289184,0.760995,4.12252,96177.5,-1,2.10013e-09,1,0
0.00415541,0.398806,0.0295559,0.761395,4.12455,95972.8,-1,2.9012e-10,1,0
0.00415573,0.398865,0.02959,0.761221,4.12733,95979.5,-1,1.56845e-10,1,0
0.00415676,0.398253,0.0287037,0.761832,4.12618,95808.5,-1,3.70061e-12,1,0
0.00415747,0.397999,0.0279662,0.761724,4.1274,95731.1,-1,6.43354e-10,1,0
0.0041579,0.39759,0.0282734,0.761661,4.12738,95622.8,-1,6.43354e-10,1,0
0.00415868,0.397741,0.0282358,0.762472,4.1281,95641.3,-1,1.47761e-10,1,0
0.00415977,0.398126,0.0280651,0.763721,4.12812,95708.7,-1,1.47761e-10,1,0
0.00416049,0.398287,0.0282479,0.763905,4.12493,95731,-1,3.09258e-10,1,0
0.00416232,0.399113,0.0290803,0.762425,4.12234,95887.3,-1,4.79137e-11,1,0
0.00416349,0.398894,0.029599,0.763466,4.12573,95807.5,-1,1.20242e-09,1,0
0.00416452,0.399215,0.0298579,0.764636,4.12575,95861,-1,1.20242e-09,1,0
0.00416479,0.399035,0.0297724,0.764878,4.12743,95811.3,-1,2.84046e-10,1,0
0.00416714,0.397466,0.0295188,0.765165,4.1269,95381.2,-1,1.62409e-09,1,0
0.00416819,0.396994,0.030475,0.764821,4.12682,95243.8,-1,2.20392e-09,1,0
0.00416836,0.396973,0.0304885,0.764726,4.12282,95234.9,-1,5.67368e-11,1,0
0.00416847,0.396887,0.030552,0.764642,4.12317,95211.6,-1,2.28899e-10,1,0
0.0041687,0.396843,0.0303617,0.764552,4.12299,95195.7,-1,9.35666e-11,1,0
0.00416908,0.396585,0.0304774,0.764481,4.12425,95125.3,-1,1.04029e-10,1,0
0.00417064,0.395977,0.0313463,0.764763,4.12103,94944,-1,5.81408e-10,1,0
0.0041723,0.396697,0.0295432,0.764298,4.12141,95078.9,-1,1.99653e-09,1,0
0.00417285,0.39687,0.029758,0.763954,4.11928,95107.8,-1,3.62514e-10,1,0
0.0041738,0.396685,0.0297444,0.763773,4.11783,95041.7,-1,6.45849e-10,1,0
0.00417463,0.396481,0.0294332,0.764591,4.11667,94973.8,-1,9.40221e-10,1,0
0.00417577,0.396082,0.0293292,0.76564,4.11741,94852.5,-1,6.31707e-10,1,0
0.00417644,0.396221,0.029147,0.766411,4.11677,94870.6,-1,1.53852e-09,1,0
0.00417786,0.396081,0.027614,0.765666,4.11676,94804.8,-1,1.53852e-09,1,0
0.00417902,0.395804,0.0275601,0.764989,4.11472,94712.4,-1,3.42181e-10,1,0
0.00417943,0.395558,0.0277173,0.764754,4.11502,94644.1,-1,1.23588e-09,1,0
0.00417991,0.395157,0.0281311,0.764696,4.11614,94537.2,-1,8.53185e-10,1,0
0.00418098,0.395171,0.0271152,0.76451,4.1124,94516.3,-1,1.01174e-09,1,0
0.00418199,0.395131,0.0268712,0.765696,4.11294,94483.9,-1,1.21164e-09,1,0
0.00418369,0.395231,0.0260128,0.766761,4.11339,94469.3,-1,4.99587e-10,1,0
0.0041843,0.395448,0.0260891,0.76686,4.11443,94507.6,-1,1.86168e-09,1,0
0.00418487,0.395839,0.0266446,0.766731,4.11445,94588.1,-1,1.86168e-09,1,0
0.00418543,0.39622,0.0271842,0.766607,4.10888,94666.4,-1,1.77867e-09,1,0
0.00418683,0.39602,0.0274274,0.765293,4.10984,94587.2,-1,2.09926e-10,1,0
0.0041881,0.396753,0.0271453,0.764679,4.1128,94733.4,-1,1.2024e-09,1,0
0.00418973,0.395503,0.0256523,0.764895,4.11338,94398.2,-1,1.9593e-09,1,0
0.00419082,0.395703,0.025506,0.765389,4.11037,94421.2,-1,4.67211e-10,1,0
0.0041912,0.395714,0.0255515,0.764947,4.11119,94415.4,-1,4.35628e-10,1,0
0.00419238,0.395116,0.0258306,0.765418,4.11475,94246.3,-1,6.6196e-10,1,0
0.00419285,0.394726,0.0261765,0.76539,4.11534,94142.7,-1,8.17942e-11,1,0
0.00419409,0.394469,0.0264209,0.765179,4.11256,94053.5,-1,7.14043e-10,1,0
0.00419444,0.394587,0.026158,0.765482,4.11256,94073.8,-1,7.14043e-10,1,0
0.00419478,0.394702,0.0259008,0.765779,4.11257,94093.7,-1,7.14043e-10,1,0
0.00419528,0.394961,0.0260354,0.766269,4.11378,94144.2,-1,5.36917e-10,1,0
0.00419658,0.395113,0.0252395,0.767608,4.11505,94151.2,-1,1.56445e-09,1,0
0.00419769,0.39382,0.0253299,0.767241,4.11648,93818.2,-1,1.34645e-09,1,0
0.00419846,0.394471,0.0249105,0.767078,4.11572,93956.1,-1,4.90513e-10,1,0
0.00419955,0.394726,0.0237034,0.766844,4.11542,93992.4,-1,5.85943e-10,1,0
0.00420035,0.394474,0.023278,0.766671,4.11513,93914.6,-1,2.70119e-10,1,0
0.00420116,0.393672,0.0227336,0.766574,4.11509,93705.5,-1,2.70119e-10,1,0
0.00420181,0.393028,0.0222966,0.766496,4.11506,93537.8,-1,2.70119e-10,1,0
0.00420295,0.392582,0.0217679,0.765748,4.11657,93406.3,-1,7.1371e-10,1,0
0.00420319,0.392557,0.0215719,0.765852,4.11691,93395.2,-1,1.16001e-10,1,0
0.00420369,0.392259,0.021296,0.765938,4.11795,93312.9,-1,1.17404e-10,1,0
0.00420458,0.391873,0.0213841,0.765897,4.11771,93201.5,-1,1.03039e-09,1,0
0.00420521,0.391736,0.0220389,0.765739,4.12186,93154.7,-1,6.11843e-11,1,0
0.00420671,0.390256,0.0227111,0.765001,4.12361,92770,-1,1.77799e-09,1,0
0.00420755,0.391034,0.0229142,0.765003,4.12583,92936.1,-1,1.20242e-10,1,0
0.00420868,0.391449,0.0237334,0.765001,4.1257,93009.9,-1,6.4914e-10,1,0
0.00420909,0.391711,0.0235416,0.765271,4.12708,93063.2,-1,1.00262e-11,1,0
0.00421004,0.391852,0.023807,0.766286,4.12807,93075.7,-1,1.02469e-09,1,0
0.00421149,0.391476,0.0242902,0.767161,4.12904,92954.2,-1,7.29032e-10,1,0
0.00421336,0.392579,0.0239172,0.765745,4.12893,93174.8,-1,1.20194e-09,1,0
0.0042148,0.392573,0.0242124,0.765942,4.12803,93141.4,-1,8.06371e-10,1,0
0.00421637,0.393137,0.0247833,0.767263,4.12898,93240.7,-1,1.20221e-09,1,0
0.00421768,0.3931,0.0246457,0.768643,4.12615,93203.1,-1,1.91939e-09,1,0
0.00421929,0.392498,0.0237713,0.768143,4.12177,93024.7,-1,1.08452e-09,1,0
0.00422012,0.392746,0.0228207,0.768339,4.11936,93065.2,-1,1.40485e-09,1,0
0.004221,0.393041,0.0224948,0.768456,4.12121,93115.6,-1,7.49707e-10,1,0
0.0042214,0.393077,0.0226641,0.76861,4.11839,93115.2,-1,2.32347e-10,1,0
0.00422236,0.392897,0.0216358,0.768612,4.11902,93051.5,-1,1.08954e-09,1,0
0.00422372,0.393448,0.0222966,0.768191,4.11599,93152,-1,1.53843e-10,1,0
0.00422508,0.391846,0.0221587,0.767875,4.11625,92742.8,-1,1.9157e-09,1,0
0.00422609,0.391375,0.0231487,0.768398,4.11763,92609.3,-1,1.21453e-09,1,0
0.00422646,0.391433,0.0233631,0.768385,4.11748,92614.8,-1,2.11428e-10,1,0
0.00422768,0.39147,0.0248151,0.76861,4.11748,92596.9,-1,2.11428e-10,1,0
0.00422793,0.391487,0.0251045,0.768649,4.11784,92595.5,-1,1.70411e-09,1,0
0.00422814,0.39138,0.0253045,0.768698,4.1174,92565.5,-1,1.86739e-10,1,0
0.00422855,0.391434,0.02486,0.768485,4.11666,92569.4,-1,4.95794e-10,1,0
0.00423009,0.390622,0.0237051,0.768888,4.11674,92343.6,-1,7.986e-10,1,0
0.0042306,0.390523,0.0231725,0.768576,4.11674,92309,-1,7.986e-10,1,0
0.00423095,0.390451,0.0228372,0.76835,4.11539,92284.4,-1,9.90838e-10,1,0
0.0042322,0.390092,0.0221665,0.767475,4.11287,92172.4,-1,1.53323e-10,1,0
0.00423365,0.388915,0.0218699,0.76846,4.11616,91862.9,-1,1.62021e-09,1,0
0.0042346,0.388587,0.0207746,0.768513,4.11614,91764.8,-1,1.62021e-09,1,0
0.00423568,0.388222,0.0195819,0.768564,4.11587,91655,-1,3.09068e-11,1,0
0.00423637,0.388431,0.0188121,0.768695,4.11548,91689.5,-1,5.66683e-10,1,0
0.00423743,0.38879,0.0177321,0.769261,4.1155,91751.5,-1,5.66683e-10,1,0
0.00423802,0.388886,0.0172097,0.769528,4.11567,91761.4,-1,8.38542e-11,1,0
0.00423865,0.388748,0.0172117,0.769198,4.11465,91715,-1,5.40292e-10,1,0
0.00424004,0.390309,0.0173201,0.769646,4.11325,92053,-1,4.2782e-10,1,0
0.004241,0.390385,0.0177176,0.770316,4.10835,92050.4,-1,5.62483e-10,1,0
0.00424127,0.39049,0.0176074,0.770274,4.1095,92069.2,-1,1.07404e-10,1,0
0.00424278,0.389634,0.016928,0.771361,4.10645,91834.7,-1,1.42912e-09,1,0
0.00424365,0.38995,0.0170791,0.772203,4.10639,91890.3,-1,2.23825e-10,1,0
0.00424542,0.390837,0.0162316,0.770528,4.10568,92060.8,-1,1.40933e-09,1,0
0.00424652,0.39167,0.0157081,0.770027,4.10568,92233.3,-1,1.82208e-09,1,0
0.00424689,0.391829,0.0154925,0.770387,4.10568,92262.5,-1,1.82208e-09,1,0
0.00424742,0.392052,0.0151889,0.770895,4.1038,92303.6,-1,1.29752e-09,1,0
0.00424747,0.392001,0.0151995,0.770918,4.10268,92290.4,-1,1.31552e-11,1,0
0.00424873,0.390717,0.0155131,0.771667,4.10227,91960.8,-1,1.56142e-09,1,0
0.00425051,0.391147,0.0149549,0.770066,4.10159,92023.5,-1,1.63964e-09,1,0
0.00425201,0.39204,0.0160481,0.769424,4.10254,92201.1,-1,2.14469e-09,1,0
0.00425268,0.39205,0.0157989,0.770095,4.10037,92188.8,-1,8.61686e-10,1,0
0.00425315,0.392373,0.0153471,0.770037,4.10283,92254.7,-1,6.57515e-10,1,0
0.00425428,0.392392,0.0151624,0.770023,4.10625,92234.7,-1,6.35835e-10,1,0
0.00425517,0.391644,0.0144945,0.769649,4.10621,92039.6,-1,6.35835e-10,1,0
0.00425569,0.391426,0.0143027,0.769122,4.10738,91977.2,-1,5.40361e-10,1,0
0.00425692,0.392425,0.014225,0.769258,4.10717,92185.2,-1,1.10525e-09,1,0
0.00425833,0.393169,0.0130537,0.769381,4.1083,92329.5,-1,1.19346e-09,1,0
0.00425905,0.393743,0.0128193,0.769799,4.10959,92448.5,-1,9.26926e-10,1,0
0.00425933,0.393857,0.0126519,0.770039,4.10991,92469.2,-1,1.16985e-11,1,0
0.00426132,0.39411,0.0114366,0.771494,4.10944,92485.3,-1,1.12208e-09,1,0
0.00426217,0.393443,0.0110517,0.770837,4.10939,92310.6,-1,1.01211e-09,1,0
0.00426375,0.392246,0.0124421,0.771371,4.10971,91995.4,-1,1.911e-09,1,0
0.00426523,0.39251,0.013495,0.769962,4.1104,92025.6,-1,1.77834e-09,1,0
0.00426743,0.390719,0.0126745,0.769899,4.11158,91558.5,-1,1.20188e-09,1,0
0.00426832,0.39146,0.0133872,0.769584,4.11294,91712.8,-1,1.07495e-09,1,0
0.00426888,0.391927,0.0133336,0.77007,4.11164,91810.3,-1,6.76506e-10,1,0
0.00427118,0.390519,0.0150578,0.769114,4.11024,91431.1,-1,1.20184e-09,1,0
0.00427147,0.390525,0.015154,0.769026,4.1086,91426.4,-1,1.43426e-09,1,0
0.00427317,0.390711,0.014493,0.770521,4.10711,91433.6,-1,6.47001e-10,1,0
0.00427469,0.390952,0.0141842,0.770233,4.11385,91457.4,-1,5.00477e-10,1,0
0.00427555,0.390992,0.0150744,0.770752,4.11457,91448.4,-1,1.03142e-09,1,0
0.00427638,0.390675,0.0150575,0.77109,4.11785,91356.4,-1,2.81336e-10,1,0
0.00427729,0.391344,0.015359,0.77091,4.11994,91493.6,-1,1.89567e-10,1,0
0.00427783,0.391375,0.0157321,0.771104,4.11961,91489.2,-1,1.10495e-09,1,0
0.00427897,0.390784,0.0163433,0.772021,4.11973,91326.7,-1,1.28989e-09,1,0
0.00427999,0.390499,0.0153499,0.772343,4.11961,91238.4,-1,6.67478e-10,1,0
0.00428099,0.390221,0.0141798,0.772506,4.11959,91151.9,-1,6.67478e-10,1,0
0.00428135,0.390209,0.0137658,0.772556,4.1178,91141.6,-1,1.82494e-10,1,0
0.00428286,0.391283,0.0131364,0.772621,4.11703,91360.4,-1,1.20162e-09,1,0
0.00428305,0.39128,0.0131715,0.772747,4.11829,91355.6,-1,1.12775e-10,1,0
0.00428397,0.39094,0.0133972,0.77375,4.11799,91256.6,-1,5.92099e-10,1,0
0.00428468,0.390929,0.0137637,0.774436,4.11571,91238.8,-1,7.16533e-10,1,0
0.00428574,0.390493,0.013048,0.775151,4.11497,91114.5,-1,8.9662e-10,1,0
0.00428637,0.390491,0.013596,0.77464,4.11529,91100.6,-1,7.48954e-10,1,0
0.00428692,0.389876,0.0137186,0.774869,4.11526,90945.4,-1,7.48954e-10,1,0
0.00428756,0.389171,0.013859,0.775132,4.11522,90767.5,-1,7.48954e-10,1,0
0.00428869,0.388106,0.0142744,0.775717,4.11447,90495,-1,3.52675e-10,1,0
0.00429,0.387393,0.0148999,0.774826,4.11586,90301.4,-1,5.13012e-10,1,0
0.00429105,0.387138,0.0152065,0.77374,4.11682,90219.9,-1,1.09313e-10,1,0
0.00429201,0.386026,0.015473,0.773784,4.11494,89940.8,-1,8.52108e-10,1,0
0.00429483,0.388519,0.0176312,0.772949,4.11506,90462,-1,8.52108e-10,1,0
0.00429508,0.388714,0.0178228,0.772954,4.11675,90502.1,-1,9.12952e-11,1,0
0.00429633,0.389028,0.0169735,0.773474,4.11367,90548.9,-1,9.44765e-10,1,0
0.00429727,0.388265,0.0170058,0.773208,4.11494,90351.3,-1,2.9216e-10,1,0
0.00429824,0.387106,0.0169189,0.773206,4.11489,90061.5,-1,2.9216e-10,1,0
0.00429916,0.386001,0.0168361,0.773205,4.11637,89785.1,-1,3.11653e-09,1,0
0.00430156,0.386824,0.0169397,0.775367,4.11553,89926.5,-1,1.68351e-09,1,0
0.00430402,0.387055,0.0151506,0.777668,4.11496,89928.8,-1,6.62182e-10,1,0
0.00430487,0.38716,0.014433,0.777333,4.11487,89935.2,-1,7.69909e-11,1,0
0.00430538,0.387101,0.0143285,0.777611,4.11371,89911,-1,1.23459e-10,1,0
0.00430676,0.387885,0.0155244,0.778444,4.11442,90064.4,-1,1.65492e-09,1,0
0.00430873,0.387122,0.0150462,0.776619,4.11366,89845.9,-1,4.95769e-10,1,0
0.00431007,0.38839,0.0149166,0.776474,4.11232,90112.3,-1,6.14349e-11,1,0
0.00431036,0.388394,0.0150379,0.776782,4.11308,90107,-1,1.37801e-11,1,0
0.00431154,0.388044,0.0157739,0.77703,4.11157,90001.2,-1,5.17315e-10,1,0
0.00431292,0.387038,0.0156915,0.775718,4.11152,89739.2,-1,5.17315e-10,1,0
0.00431358,0.386552,0.0156516,0.775084,4.11142,89612.7,-1,2.45531e-09,1,0
0.00431534,0.386718,0.0163805,0.773623,4.11231,89614.5,-1,1.20206e-09,1,0
0.00431607,0.38684,0.0156174,0.773822,4.11079,89627.8,-1,7.19744e-11,1,0
0.00431815,0.387139,0.015661,0.77401,4.11135,89653.9,-1,1.20188e-09,1,0
0.00431921,0.386998,0.0163748,0.774347,4.11027,89599.3,-1,1.57059e-09,1,0
0.00432062,0.3866,0.0171046,0.773571,4.11161,89477.9,-1,1.21445e-09,1,0
0.00432082,0.38662,0.0172217,0.773486,4.10815,89478.5,-1,3.47267e-11,1,0
0.00432149,0.386881,0.0176115,0.773154,4.10671,89524.9,-1,6.81508e-10,1,0
0.00432221,0.38638,0.0175016,0.773853,4.1066,89394.1,-1,9.9329e-10,1,0
0.00432304,0.386184,0.0176585,0.774183,4.10679,89331.4,-1,5.92966e-10,1,0
0.00432369,0.386111,0.0169342,0.774438,4.10748,89301.1,-1,1.2771e-11,1,0
0.00432449,0.385844,0.0178152,0.774697,4.10746,89222.9,-1,1.2771e-11,1,0
0.00432513,0.38587,0.0183945,0.774987,4.10729,89215.9,-1,2.48078e-10,1,0
0.00432637,0.38632,0.0172367,0.774787,4.10672,89294.2,-1,2.00533e-10,1,0
0.00432725,0.386217,0.0166057,0.774007,4.10915,89252.3,-1,1.02503e-09,1,0
0.00432836,0.385957,0.0167589,0.775174,4.10736,89169.3,-1,7.1939e-10,1,0
0.00432853,0.385924,0.0165881,0.775076,4.10736,89158.3,-1,7.1939e-10,1,0
0.00432883,0.385863,0.0162729,0.774896,4.10711,89137.9,-1,5.67658e-10,1,0
0.00432972,0.386321,0.0159221,0.774467,4.10537,89225.3,-1,3.13832e-10,1,0
0.00433017,0.386598,0.015807,0.774915,4.10551,89280,-1,5.39229e-10,1,0
0.00433099,0.386333,0.0149659,0.775104,4.10645,89201.9,-1,9.15903e-10,1,0
0.00433162,0.386358,0.015293,0.775324,4.1029,89194.7,-1,2.62739e-10,1,0
0.00433267,0.386435,0.0160066,0.774703,4.10162,89191,-1,2.85745e-10,1,0
0.00433313,0.386614,0.0164471,0.77443,4.10011,89222.9,-1,1.52366e-09,1,0
0.00433438,0.386011,0.0150758,0.77438,4.09868,89058,-1,1.49902e-09,1,0
0.004335,0.38564,0.0156149,0.774651,4.09896,88959.5,-1,7.30585e-11,1,0
0.00433556,0.385234,0.0160916,0.774894,4.09872,88854.6,-1,1.3519e-09,1,0
0.0043364,0.385282,0.0154754,0.774623,4.10055,88848.4,-1,4.23e-10,1,0
0.00433764,0.384461,0.0142642,0.774321,4.1005,88633.7,-1,4.23e-10,1,0
0.004338,0.384538,0.0143742,0.774448,4.09894,88644.2,-1,3.01369e-10,1,0
0.00433949,0.386079,0.0151236,0.774616,4.0992,88968.9,-1,2.81645e-10,1,0
0.00434026,0.386986,0.0151489,0.774735,4.09898,89161.9,-1,8.63299e-11,1,0
0.00434248,0.387019,0.0166953,0.774165,4.09913,89124,-1,1.82983e-09,1,0
0.00434339,0.386958,0.016596,0.774836,4.10048,89091.2,-1,8.10712e-10,1,0
0.00434391,0.386465,0.0169289,0.774663,4.10182,88967.2,-1,9.07663e-10,1,0
0.00434501,0.387354,0.0161817,0.775032,4.10322,89149.3,-1,5.98162e-10,1,0
0.00434549,0.38743,0.0165675,0.774608,4.10158,89156.8,-1,5.78377e-10,1,0
0.00434618,0.38779,0.0170129,0.775201,4.10025,89225.4,-1,3.34218e-12,1,0
0.0043468,0.38788,0.0172171,0.775443,4.10016,89233.6,-1,1.35541e-09,1,0
0.00434805,0.386953,0.0171018,0.774836,4.09708,88994.7,-1,8.88081e-13,1,0
0.00434887,0.386613,0.017502,0.774823,4.09598,88899.6,-1,2.07461e-10,1,0
0.00434975,0.386294,0.0171479,0.774087,4.09367,88808.2,-1,7.41718e-10,1,0
0.00435029,0.386286,0.0171194,0.774334,4.09303,88795.6,-1,3.13718e-10,1,0
0.00435107,0.386593,0.0164139,0.774341,4.09345,88850.1,-1,2.85327e-10,1,0
0.00435231,0.387187,0.0170545,0.773133,4.09302,88961.4,-1,1.49145e-09,1,0
0.00435347,0.387275,0.0162727,0.772831,4.091,88957.7,-1,7.01885e-10,1,0
0.00435574,0.386215,0.0163185,0.773194,4.09195,88668.1,-1,3.2037e-10,1,0
0.00435637,0.386101,0.0165504,0.773138,4.09173,88629.1,-1,1.70005e-09,1,0
0.00435673,0.386092,0.0161503,0.773046,4.09223,88619.8,-1,1.26988e-11,1,0
0.00435786,0.387383,0.0161916,0.772972,4.09222,88892.9,-1,2.89609e-10,1,0
0.00435816,0.387347,0.0161185,0.772873,4.09273,88878.7,-1,1.34005e-10,1,0
0.00435996,0.387453,0.0162931,0.773181,4.09645,88866.2,-1,1.24393e-09,1,0
0.00436074,0.38759,0.0166717,0.773051,4.09572,88881.7,-1,5.11745e-11,1,0
0.00436252,0.387498,0.0160545,0.772908,4.09582,88824.3,-1,1.20182e-09,1,0
0.00436326,0.387182,0.0166305,0.773288,4.09816,88736.8,-1,1.11765e-09,1,0
0.00436406,0.387584,0.016368,0.774118,4.09777,88812.6,-1,1.08577e-09,1,0
0.00436483,0.387131,0.016668,0.773416,4.0963,88693.1,-1,1.61564e-11,1,0
0.00436605,0.386236,0.0170066,0.772506,4.09949,88463.5,-1,1.85313e-09,1,0
0.00436691,0.385319,0.0174241,0.772754,4.09945,88236.1,-1,1.85313e-09,1,0
0.00436741,0.384793,0.0176638,0.772896,4.09864,88105.6,-1,1.88998e-09,1,0
0.00436878,0.385046,0.0191811,0.773121,4.10064,88135.7,-1,1.61595e-10,1,0
0.00436996,0.384168,0.0190575,0.773376,4.10002,87911.1,-1,7.42078e-10,1,0
0.00437126,0.384358,0.0199645,0.773462,4.10587,87928.3,-1,1.20852e-09,1,0
0.00437281,0.385479,0.0199738,0.774267,4.1074,88153.7,-1,5.82056e-10,1,0
0.00437409,0.384179,0.0199963,0.774147,4.1079,87830.6,-1,1.90987e-10,1,0
0.00437509,0.383493,0.0191555,0.774039,4.10833,87653.7,-1,9.40617e-10,1,0
0.00437534,0.383511,0.0190436,0.774317,4.10847,87652.8,-1,2.9426e-10,1,0
0.00437573,0.383205,0.0189731,0.774666,4.10755,87575,-1,4.78063e-10,1,0
0.00437726,0.384187,0.017525,0.774661,4.10794,87768.9,-1,1.20179e-09,1,0
0.00437751,0.384178,0.017276,0.774698,4.11387,87761.7,-1,1.77534e-11,1,0
0.00437842,0.383528,0.0164548,0.775012,4.11482,87595.1,-1,1.17395e-09,1,0
0.00437958,0.38349,0.0170472,0.774428,4.11624,87563.2,-1,8.8221e-10,1,0
0.0043804,0.382586,0.0171763,0.774371,4.11631,87340.5,-1,7.07087e-10,1,0
0.00438087,0.382041,0.0173145,0.774413,4.11628,87206.8,-1,7.07087e-10,1,0
0.00438129,0.381549,0.0174394,0.77445,4.11626,87086,-1,7.07087e-10,1,0
0.00438396,0.38008,0.0165828,0.775327,4.11639,86697.9,-1,1.20183e-09,1,0
0.00438447,0.379817,0.0166362,0.775883,4.11609,86627.8,-1,1.81921e-09,1,0
0.00438518,0.379697,0.0165251,0.776537,4.11665,86586.4,-1,1.52827e-10,1,0
0.00438606,0.379789,0.0162653,0.776826,4.11328,86590,-1,4.78735e-10,1,0
0.00438738,0.379277,0.0172249,0.775668,4.11325,86447.1,-1,4.78735e-10,1,0
0.00438799,0.379039,0.0176693,0.775132,4.11526,86381,-1,2.32443e-09,1,0
0.00438851,0.379157,0.0174232,0.775683,4.11527,86397.8,-1,2.32443e-09,1,0
0.00438944,0.379374,0.0169731,0.776692,4.11553,86428.7,-1,1.74052e-09,1,0
0.00438994,0.378979,0.0165638,0.776686,4.11616,86328.9,-1,4.80366e-10,1,0
0.00439107,0.379081,0.0158393,0.777715,4.11517,86330,-1,2.09496e-10,1,0
0.00439161,0.37876,0.0157113,0.778057,4.11219,86246.3,-1,3.17187e-10,1,0
0.00439271,0.38003,0.0160039,0.778316,4.11221,86513.7,-1,1.32857e-09,1,0
0.00439412,0.380282,0.0156173,0.777607,4.11143,86543.5,-1,1.20191e-09,1,0
0.00439454,0.380578,0.0157439,0.777995,4.11145,86602.5,-1,1.20191e-09,1,0
0.00439501,0.380889,0.0158528,0.778456,4.11113,86663.9,-1,2.74679e-10,1,0
0.00439532,0.380762,0.0155337,0.778418,4.11339,86629,-1,3.52181e-10,1,0
0.00439621,0.38011,0.0160219,0.778528,4.11415,86463.1,-1,1.5153e-10,1,0
0.0043969,0.379839,0.0167646,0.778754,4.11715,86388,-1,8.07707e-10,1,0
0.00439746,0.380192,0.0168026,0.778174,4.11713,86457.3,-1,6.80761e-10,1,0
0.00439784,0.379935,0.0167197,0.778238,4.11786,86391.1,-1,2.01002e-10,1,0
0.00439928,0.379372,0.0171393,0.778123,4.11655,86235,-1,1.13323e-09,1,0
0.00440102,0.378413,0.0170616,0.779498,4.11994,85983.1,-1,1.16275e-09,1,0
0.0044011,0.378426,0.0170569,0.779466,4.11713,85984.4,-1,4.45241e-11,1,0
0.00440144,0.378581,0.0169739,0.779588,4.11458,86013.1,-1,1.35122e-10,1,0
0.00440331,0.378214,0.0175987,0.779517,4.11598,85893.1,-1,6.77606e-10,1,0
0.00440413,0.377932,0.0169231,0.778855,4.11482,85813.2,-1,4.06263e-13,1,0
0.00440548,0.376397,0.0174517,0.77889,4.11528,85438.5,-1,1.62412e-09,1,0
0.00440603,0.376032,0.017518,0.77882,4.11575,85344.8,-1,3.14228e-10,1,0
0.00440645,0.37628,0.0177061,0.778742,4.11661,85393,-1,1.78507e-12,1,0
0.00440815,0.375435,0.0174604,0.778031,4.11831,85168.3,-1,2.481e-10,1,0
0.00440885,0.376211,0.0171955,0.777942,4.11866,85330.8,-1,5.4904e-11,1,0
0.00441011,0.376784,0.0170825,0.778517,4.11759,85436.3,-1,1.08142e-09,1,0
0.0044115,0.37562,0.0182488,0.778737,4.1179,85145.7,-1,7.97444e-10,1,0
0.00441235,0.37543,0.0188525,0.77793,4.11648,85086.2,-1,1.02546e-09,1,0
0.00441359,0.374666,0.0197506,0.777568,4.11536,84889.1,-1,2.89291e-10,1,0
0.004415,0.373878,0.020169,0.77815,4.11319,84683.6,-1,8.15757e-10,1,0
0.00441623,0.373856,0.0209261,0.779302,4.11065,84655,-1,6.55595e-11,1,0
0.00441685,0.373894,0.0203845,0.779313,4.10902,84651.8,-1,2.57893e-10,1,0
0.00441695,0.373871,0.020436,0.779369,4.11086,84644.6,-1,5.16066e-10,1,0
0.00441714,0.373872,0.02061,0.779463,4.11267,84641.3,-1,4.08011e-11,1,0
0.00441738,0.373923,0.0204531,0.779381,4.11298,84648.1,-1,2.03581e-10,1,0
0.00441847,0.372822,0.0208864,0.779123,4.11128,84378.2,-1,7.3816e-11,1,0
0.00441897,0.372328,0.0211509,0.779006,4.11002,84256.6,-1,3.43244e-11,1,0
0.0044202,0.372486,0.0207758,0.77954,4.10988,84269,-1,5.26903e-12,1,0
0.00442055,0.372281,0.0210292,0.779278,4.11035,84216.1,-1,4.18046e-10,1,0
0.00442152,0.371794,0.021207,0.778253,4.11301,84087.2,-1,8.75e-10,1,0
0.0044221,0.37198,0.0205696,0.778438,4.11301,84118.5,-1,8.75e-10,1,0
0.00442261,0.372147,0.0199986,0.778603,4.11013,84146.4,-1,1.30661e-09,1,0
0.00442313,0.371813,0.0204982,0.778622,4.11094,84061.1,-1,5.75726e-10,1,0
0.00442442,0.372806,0.0216544,0.778772,4.108,84260.9,-1,8.26871e-10,1,0
0.00442508,0.372637,0.0210675,0.778539,4.11116,84210.3,-1,4.14508e-10,1,0
0.00442547,0.372762,0.0209666,0.778372,4.11073,84231,-1,2.99678e-10,1,0
0.00442582,0.37298,0.0207921,0.778634,4.10962,84273.6,-1,2.28307e-10,1,0
0.00442611,0.373089,0.0210607,0.778576,4.11109,84292.7,-1,2.32004e-11,1,0
0.0044276,0.373167,0.0220159,0.779265,4.11154,84282,-1,1.20177e-09,1,0
0.0044282,0.372581,0.0216038,0.779182,4.11187,84138.2,-1,7.21472e-10,1,0
0.00442928,0.371878,0.0207623,0.77856,4.11413,83958.9,-1,1.1269e-09,1,0
0.00443089,0.372372,0.022158,0.777321,4.11416,84040,-1,1.1269e-09,1,0
0.00443161,0.372583,0.0227383,0.776772,4.11402,84073.9,-1,3.00382e-11,1,0
0.00443317,0.372622,0.0241743,0.775577,4.11402,84053.3,-1,3.00382e-11,1,0
0.0044351,0.373195,0.0259477,0.776907,4.11329,84145.9,-1,1.91027e-09,1,0
0.00443564,0.373009,0.0258893,0.776371,4.11025,84093.6,-1,2.52748e-10,1,0
0.00443726,0.37306,0.0253724,0.774505,4.11025,84074.6,-1,2.52748e-10,1,0
0.00443839,0.373648,0.0255758,0.773927,4.11085,84185.5,-1,4.99421e-10,1,0
0.00443904,0.373666,0.0258584,0.773598,4.10404,84177.2,-1,1.77179e-10,1,0
0.0044403,0.374806,0.0265739,0.772891,4.1041,84410.1,-1,1.77179e-10,1,0
0.00444059,0.374993,0.0264408,0.773153,4.10526,84446.7,-1,3.48184e-10,1,0
0.00444118,0.374989,0.026348,0.772813,4.107,84434.6,-1,4.93592e-10,1,0
0.0044424,0.374858,0.0257921,0.772343,4.10643,84381.9,-1,1.03964e-09,1,0
0.004444,0.375229,0.0266811,0.770699,4.10621,84435,-1,4.42294e-10,1,0
0.00444457,0.375317,0.0268949,0.770441,4.10807,84444,-1,2.71632e-10,1,0
0.00444608,0.37527,0.0258765,0.770761,4.10715,84404.5,-1,1.20207e-09,1,0
0.00444726,0.375623,0.0246357,0.771346,4.10831,84461.7,-1,1.41679e-09,1,0
0.00444787,0.375186,0.0249865,0.771136,4.10882,84352,-1,7.14871e-11,1,0
0.00444841,0.375506,0.0246199,0.770702,4.11087,84413.6,-1,6.524e-10,1,0
0.0044499,0.375086,0.02528,0.770741,4.11142,84290.9,-1,6.02435e-10,1,0
0.0044507,0.375399,0.0261263,0.771055,4.11119,84346.2,-1,1.81684e-09,1,0
0.00445226,0.37414,0.0274936,0.771301,4.11113,84033.8,-1,1.81684e-09,1,0
0.00445325,0.373338,0.028364,0.771458,4.11131,83835,-1,3.06896e-09,1,0
0.00445485,0.371771,0.0294921,0.771399,4.11123,83452.9,-1,3.06896e-09,1,0
0.0044555,0.371122,0.0296229,0.771186,4.11095,83295.1,-1,2.30518e-09,1,0
0.00445637,0.370987,0.0298836,0.77116,4.10925,83248.8,-1,9.22747e-10,1,0
0.00445698,0.371405,0.0304002,0.771476,4.10923,83331.1,-1,1.26195e-09,1,0
0.00445781,0.372082,0.029997,0.771689,4.10918,83467.5,-1,1.9339e-10,1,0
0.00445858,0.372803,0.0297013,0.772008,4.10681,83614.7,-1,4.29251e-10,1,0
0.00446025,0.373266,0.030446,0.771422,4.10541,83687.3,-1,6.5917e-10,1,0
0.00446078,0.373034,0.0304344,0.771084,4.10437,83625.3,-1,2.7429e-10,1,0
0.00446206,0.373021,0.0310254,0.769656,4.10437,83598.2,-1,2.7429e-10,1,0
0.00446243,0.372919,0.0311655,0.769422,4.10562,83568.5,-1,2.23163e-09,1,0
0.00446305,0.372789,0.031397,0.769637,4.10156,83527.8,-1,5.64063e-10,1,0
0.00446348,0.373211,0.031698,0.769592,4.10158,83614.2,-1,5.64063e-10,1,0
0.00446485,0.374542,0.0326479,0.769451,4.10165,83887,-1,5.64063e-10,1,0
0.00446501,0.374684,0.0327182,0.769407,4.10114,83915.5,-1,2.61891e-09,1,0
0.0044657,0.374631,0.0328356,0.769688,4.10139,83890.8,-1,5.00765e-10,1,0
0.00446609,0.37469,0.0329416,0.769855,4.10201,83896.6,-1,1.83999e-10,1,0
0.00446654,0.375046,0.0332331,0.769832,4.10139,83967.8,-1,4.63095e-10,1,0
0.00446717,0.37545,0.0336836,0.769659,4.10421,84046.4,-1,1.50377e-10,1,0
0.00446835,0.375805,0.0344235,0.76884,4.10528,84103.8,-1,1.61642e-09,1,0
0.00446998,0.374566,0.033477,0.767645,4.10523,83795.9,-1,2.18128e-09,1,0
0.00447141,0.373644,0.0330218,0.768095,4.10589,83562.9,-1,1.20208e-09,1,0
0.00447318,0.371689,0.0328843,0.767535,4.10497,83092.7,-1,2.04704e-10,1,0
0.0044736,0.371611,0.0330284,0.767559,4.10333,83067.7,-1,2.49229e-10,1,0
0.00447431,0.371698,0.0327169,0.768282,4.10092,83073.8,-1,7.38516e-10,1,0
0.0044754,0.371982,0.0334041,0.767869,4.10226,83117.1,-1,2.48673e-10,1,0
0.0044761,0.371381,0.0335068,0.768174,4.10488,82969.7,-1,4.13128e-10,1,0
0.00447725,0.370914,0.0325596,0.767513,4.10979,82844.2,-1,1.559e-10,1,0
0.00447821,0.371459,0.0323408,0.76652,4.11059,82948.1,-1,1.15396e-09,1,0
0.00447915,0.370438,0.03209,0.766726,4.109,82702.7,-1,9.8467e-10,1,0
0.00447946,0.370645,0.032204,0.766732,4.10511,82743.1,-1,2.29312e-10,1,0
0.00448024,0.370211,0.0329094,0.767154,4.10509,82632,-1,2.29312e-10,1,0
0.00448091,0.37009,0.0333228,0.767196,4.10418,82592.5,-1,2.53655e-10,1,0
0.00448211,0.369812,0.0344873,0.766391,4.10485,82508.5,-1,1.44283e-09,1,0
0.00448268,0.370184,0.0344876,0.766238,4.10156,82580.8,-1,1.82273e-10,1,0
0.00448361,0.370111,0.0349155,0.765255,4.10236,82547.6,-1,1.3241e-09,1,0
0.00448375,0.370206,0.034873,0.765394,4.10237,82566.3,-1,1.3241e-09,1,0
0.00448544,0.371325,0.0349464,0.766656,4.10417,82784.4,-1,1.69261e-09,1,0
0.00448675,0.372189,0.0362438,0.766839,4.10421,82953,-1,1.69261e-09,1,0
0.00448708,0.37238,0.0359994,0.767002,4.10482,82989.2,-1,2.14418e-09,1,0
0.00448741,0.372559,0.0356998,0.767171,4.10854,83023.3,-1,7.49835e-10,1,0
0.00448846,0.372205,0.0356606,0.766629,4.10899,82924.8,-1,7.29876e-10,1,0
0.00448921,0.3716,0.0351048,0.766274,4.10947,82776.2,-1,5.6381e-10,1,0
0.00449036,0.37058,0.0346182,0.765734,4.10989,82527.8,-1,1.89333e-09,1,0
0.00449129,0.369616,0.0350055,0.765329,4.11096,82296.1,-1,1.48572e-09,1,0
0.00449152,0.369447,0.034923,0.765242,4.10991,82254.4,-1,9.56746e-11,1,0
0.00449206,0.369215,0.0345904,0.765287,4.11136,82192.8,-1,1.83499e-10,1,0
0.0044931,0.368301,0.0343365,0.765174,4.11003,81970.5,-1,1.69415e-10,1,0
0.00449438,0.368078,0.0330413,0.765114,4.10802,81897.4,-1,1.18838e-09,1,0
0.00449513,0.368866,0.0333905,0.765383,4.10927,82059,-1,9.02541e-10,1,0
0.00449623,0.368598,0.0340459,0.766477,4.11036,81979.3,-1,5.51718e-10,1,0
0.00449627,0.368612,0.0339978,0.766478,4.11036,81981.8,-1,5.51718e-10,1,0
0.00449662,0.36873,0.0336003,0.766484,4.11161,82001.7,-1,4.64819e-10,1,0
0.00449727,0.368533,0.0342296,0.766205,4.11214,81946,-1,5.19469e-10,1,0
0.00449798,0.368129,0.0338334,0.765572,4.11231,81843.2,-1,8.49688e-10,1,0
0.0044992,0.368185,0.0349028,0.765566,4.11505,81833.5,-1,2.67767e-10,1,0
0.00450096,0.368849,0.0338247,0.765536,4.11711,81948.9,-1,7.36832e-10,1,0
0.0045021,0.368925,0.0324595,0.765452,4.1179,81945.2,-1,1.98944e-11,1,0
0.00450266,0.368911,0.0318551,0.765424,4.11611,81931.8,-1,1.9608e-11,1,0
0.00450314,0.368371,0.0319495,0.765582,4.11609,81803.2,-1,1.9608e-11,1,0
0.00450432,0.367023,0.032185,0.765979,4.11597,81482.4,-1,2.05291e-09,1,0
0.00450494,0.367221,0.0322557,0.76602,4.11374,81515.2,-1,1.50646e-10,1,0
0.00450579,0.368005,0.0327144,0.766201,4.11315,81673.8,-1,8.26704e-10,1,0
0.00450691,0.368754,0.0337064,0.766708,4.11319,81819.9,-1,8.26704e-10,1,0
0.00450785,0.369387,0.0345429,0.767135,4.11318,81943,-1,2.99661e-09,1,0
0.00450871,0.368885,0.0349978,0.767694,4.11216,81816.1,-1,4.95241e-10,1,0
0.00450923,0.369051,0.0348189,0.767816,4.11399,81843.4,-1,9.44755e-11,1,0
0.00451057,0.369179,0.034757,0.769053,4.11216,81847.6,-1,2.01758e-10,1,0
0.00451225,0.368664,0.0345138,0.769975,4.11304,81702.8,-1,3.17913e-10,1,0
0.0045139,0.370585,0.0348186,0.769586,4.11257,82098.5,-1,1.98356e-09,1,0
0.00451459,0.369931,0.0343453,0.76977,4.11332,81941.1,-1,8.28165e-10,1,0
0.00451488,0.37025,0.0342554,0.769786,4.1159,82006.6,-1,3.34728e-10,1,0
0.00451534,0.370335,0.033853,0.770163,4.1159,82017.1,-1,3.34728e-10,1,0
0.0045161,0.370053,0.0342361,0.770787,4.11467,81940.8,-1,7.89622e-12,1,0
0.00451696,0.37015,0.0338643,0.771126,4.11494,81946.8,-1,5.52085e-10,1,0
0.00451835,0.371071,0.0344847,0.770675,4.11265,82125.4,-1,2.96278e-10,1,0
0.00451954,0.369731,0.0346204,0.770856,4.11227,81807.1,-1,2.80966e-10,1,0
0.00451965,0.369659,0.0346019,0.770843,4.11372,81789.3,-1,2.94183e-11,1,0
0.00452012,0.369331,0.0346651,0.770705,4.11445,81708.1,-1,9.65685e-11,1,0
0.00452108,0.369998,0.034141,0.771057,4.1157,81838.4,-1,2.47663e-10,1,0
0.00452246,0.368786,0.0332971,0.771801,4.11564,81545.5,-1,2.47663e-10,1,0
0.00452354,0.368409,0.0336847,0.771566,4.11285,81442.6,-1,9.01228e-11,1,0
0.00452545,0.367296,0.034342,0.772712,4.11231,81162.3,-1,1.23262e-09,1,0
0.00452592,0.36691,0.0341181,0.772987,4.11133,81068.5,-1,1.54262e-10,1,0
0.00452747,0.367633,0.0339342,0.773697,4.11066,81200.5,-1,9.72121e-10,1,0
0.00452828,0.368577,0.0340619,0.773479,4.11103,81394.4,-1,1.83983e-09,1,0
0.00452842,0.368641,0.0339722,0.773396,4.11114,81406.1,-1,9.18737e-11,1,0
0.00452955,0.369225,0.0350128,0.773441,4.11167,81514.7,-1,9.82495e-10,1,0
0.00453011,0.369159,0.0345795,0.773412,4.1093,81490.2,-1,5.17798e-10,1,0
0.00453118,0.368676,0.0337563,0.77258,4.10915,81364.2,-1,1.42523e-11,1,0
0.00453284,0.368032,0.0337647,0.773894,4.10875,81192.3,-1,1.02316e-09,1,0
0.00453321,0.367668,0.0338592,0.773913,4.10496,81105.5,-1,3.16173e-11,1,0
0.00453482,0.366874,0.0345027,0.775565,4.10492,80901.5,-1,3.16173e-11,1,0
0.00453502,0.366789,0.0345676,0.775742,4.10759,80879.2,-1,2.16557e-09,1,0
0.00453635,0.365863,0.0344379,0.774565,4.10618,80651.3,-1,1.67146e-10,1,0
0.00453761,0.365023,0.033863,0.774993,4.10414,80443.9,-1,1.00306e-09,1,0
0.00453991,0.365468,0.0361788,0.776442,4.10445,80501.1,-1,2.76759e-09,1,0
0.00454109,0.365942,0.0365252,0.775225,4.10379,80584.5,-1,1.22126e-09,1,0
0.00454152,0.365735,0.0365706,0.774752,4.10378,80531.5,-1,1.22126e-09,1,0
0.00454239,0.365321,0.0366619,0.773803,4.10439,80425,-1,1.75283e-09,1,0
0.00454302,0.364858,0.0369229,0.773645,4.10453,80311.9,-1,2.77742e-10,1,0
0.00454344,0.365339,0.0369569,0.77379,4.10452,80410.3,-1,4.83938e-10,1,0
0.004544,0.365022,0.036885,0.773872,4.10441,80330.5,-1,3.38533e-10,1,0
0.00454478,0.364783,0.0372849,0.774268,4.10257,80264.2,-1,2.15693e-10,1,0
0.00454581,0.364513,0.0381154,0.7744,4.10305,80186.7,-1,9.97165e-10,1,0
0.00454629,0.364797,0.0384416,0.774589,4.10233,80240.6,-1,4.91936e-10,1,0
0.00454671,0.365068,0.0381631,0.774782,4.10617,80292.8,-1,3.4041e-10,1,0
0.0045473,0.365448,0.0375763,0.77466,4.10623,80366,-1,3.51069e-10,1,0
0.00454828,0.365889,0.0372848,0.774343,4.10302,80445.7,-1,3.97504e-10,1,0
0.00454925,0.365514,0.0378568,0.775287,4.103,80346,-1,3.97504e-10,1,0
0.00455066,0.365081,0.0381728,0.774576,4.09768,80226,-1,1.16808e-09,1,0
0.00455183,0.365932,0.037361,0.773913,4.09849,80392.3,-1,1.36312e-09,1,0
0.00455299,0.366099,0.0384395,0.774692,4.09841,80408.5,-1,1.25899e-09,1,0
0.00455338,0.36585,0.0384864,0.774786,4.09699,80346.9,-1,7.32226e-11,1,0
0.00455425,0.36521,0.0387731,0.774409,4.09899,80191,-1,1.39865e-10,1,0
0.00455538,0.364561,0.0379771,0.774539,4.09919,80028.6,-1,6.10364e-10,1,0
0.00455588,0.364317,0.0376132,0.774925,4.09896,79966.2,-1,8.04741e-11,1,0
0.00455645,0.363795,0.0377377,0.774501,4.09893,79841.7,-1,8.04741e-11,1,0
0.00455681,0.363466,0.0378165,0.774232,4.09891,79763.1,-1,8.04741e-11,1,0
0.00455763,0.36308,0.0375598,0.773416,4.09891,79664.2,-1,1.29635e-09,1,0
0.00455892,0.362739,0.0370458,0.772639,4.09984,79566.7,-1,2.03499e-09,1,0
0.00455948,0.362824,0.0369025,0.773288,4.09985,79575.8,-1,2.03499e-09,1,0
0.00455989,0.362689,0.0371445,0.773613,4.10108,79538.9,-1,3.53229e-12,1,0
0.00456064,0.362364,0.0372751,0.774268,4.10084,79454.5,-1,7.89138e-10,1,0
0.00456262,0.361619,0.0364115,0.776348,4.09849,79257,-1,2.85264e-09,1,0
0.00456356,0.361886,0.0374834,0.776587,4.09942,79299,-1,1.13003e-09,1,0
0.00456408,0.361789,0.0375286,0.776225,4.10101,79268.7,-1,2.32768e-10,1,0
0.00456592,0.360142,0.0380551,0.774845,4.10214,78876,-1,2.60572e-09,1,0
0.00456674,0.360237,0.0387396,0.775125,4.10091,78882.7,-1,6.79239e-10,1,0
0.00456786,0.361218,0.0392823,0.774397,4.10096,79078.2,-1,6.79239e-10,1,0
0.00456886,0.361492,0.0397513,0.773895,4.10114,79120.8,-1,2.17205e-09,1,0
0.00456988,0.360358,0.0401859,0.773737,4.10108,78855.1,-1,2.17205e-09,1,0
0.00457022,0.359971,0.0403342,0.773683,4.10106,78764.5,-1,2.17205e-09,1,0
0.00457159,0.359568,0.040183,0.772927,4.10163,78652.8,-1,4.18942e-10,1,0
0.00457194,0.359585,0.0401246,0.7727,4.10432,78650.4,-1,4.26467e-11,1,0
0.00457255,0.359398,0.0401937,0.773193,4.10614,78599.1,-1,1.05897e-10,1,0
0.00457329,0.359467,0.0406675,0.773445,4.10472,78601.4,-1,9.93516e-10,1,0
0.00457377,0.359703,0.0411887,0.773343,4.10569,78644.7,-1,1.09328e-09,1,0
0.00457463,0.36009,0.0411165,0.774238,4.1042,78714.4,-1,9.05836e-10,1,0
0.00457618,0.360682,0.0407849,0.772814,4.10492,78817.2,-1,2.27962e-10,1,0
0.00457769,0.360891,0.039179,0.77225,4.10363,78836.8,-1,1.18514e-10,1,0
0.0045791,0.360688,0.037981,0.771229,4.10513,78768.2,-1,1.24463e-11,1,0
0.00458025,0.360237,0.0386085,0.77055,4.1049,78650.1,-1,1.40686e-10,1,0
0.00458078,0.360147,0.0390861,0.770127,4.1049,78621.3,-1,1.40686e-10,1,0
0.0045818,0.359976,0.039996,0.769322,4.10225,78566.4,-1,2.78737e-09,1,0
0.00458195,0.360044,0.0400899,0.769406,4.10067,78578.7,-1,9.41633e-12,1,0
0.00458266,0.360462,0.0401629,0.768996,4.09875,78657.7,-1,5.42995e-10,1,0
0.00458425,0.359803,0.0412106,0.768126,4.09718,78486.8,-1,7.60016e-11,1,0
0.00458441,0.35983,0.0410792,0.768042,4.09883,78489.8,-1,9.07126e-11,1,0
0.00458548,0.359816,0.0405345,0.76841,4.09328,78468.5,-1,6.86315e-10,1,0
0.00458672,0.359251,0.0395608,0.767814,4.09253,78324.1,-1,2.02654e-10,1,0
0.00458779,0.360267,0.039873,0.767971,4.09022,78527.5,-1,1.16178e-09,1,0
0.00458869,0.360064,0.0395509,0.767061,4.09109,78467.6,-1,3.44903e-11,1,0
0.0045893,0.360078,0.0392997,0.767673,4.09252,78460.3,-1,6.89616e-10,1,0
0.00459041,0.360123,0.0400516,0.767569,4.09058,78451.2,-1,2.75051e-10,1,0
0.00459157,0.360613,0.03968,0.766936,4.09293,78538.1,-1,8.67982e-10,1,0
0.00459312,0.361337,0.0386098,0.765598,4.09387,78669.2,-1,2.95032e-09,1,0
0.00459438,0.361842,0.0384919,0.764275,4.09279,78757.6,-1,1.20175e-09,1,0
0.00459582,0.361676,0.0380354,0.76296,4.09542,78696.7,-1,1.83668e-10,1,0
0.00459619,0.362057,0.0379398,0.762748,4.09544,78773.3,-1,1.83668e-10,1,0
0.0045964,0.362256,0.0379151,0.76264,4.09566,78812.9,-1,6.75687e-10,1,0
0.00459669,0.36232,0.0382598,0.762646,4.09563,78821.9,-1,1.38649e-10,1,0
0.00459784,0.36319,0.0385321,0.762774,4.09528,78991.4,-1,2.78768e-10,1,0
0.00459849,0.363504,0.0383878,0.762891,4.09368,79048.6,-1,9.38749e-12,1,0
0.00459938,0.363616,0.0384426,0.762498,4.092,79057.6,-1,4.74801e-10,1,0
0.0046003,0.364059,0.038648,0.762466,4.09384,79138.3,-1,5.1691e-10,1,0
0.00460096,0.364458,0.0383163,0.762916,4.09655,79213.5,-1,1.04147e-10,1,0
0.00460244,0.365441,0.0376339,0.764118,4.09583,79401.5,-1,4.65002e-10,1,0
0.00460407,0.364094,0.0379521,0.763675,4.09489,79080.8,-1,8.37587e-10,1,0
0.00460463,0.363514,0.0376978,0.763457,4.09419,78945.3,-1,1.79031e-09,1,0
0.00460558,0.364293,0.0373217,0.763183,4.09554,79098.2,-1,1.84798e-10,1,0
0.00460697,0.36463,0.0373934,0.762797,4.09751,79147.4,-1,6.70705e-10,1,0
0.00460771,0.363917,0.0373005,0.763303,4.09837,78980.1,-1,8.79348e-10,1,0
0.0046086,0.364185,0.0373983,0.762895,4.09643,79023,-1,3.29057e-10,1,0
0.00460978,0.364692,0.0383454,0.762466,4.09598,79112.6,-1,5.02641e-10,1,0
0.00461033,0.365154,0.038827,0.762437,4.096,79203.5,-1,5.02641e-10,1,0
0.00461163,0.366104,0.0399013,0.762371,4.09506,79387.2,-1,3.06112e-09,1,0
0.00461179,0.36591,0.0399228,0.762376,4.09508,79342.3,-1,2.38564e-10,1,0
0.00461198,0.365916,0.0400054,0.762503,4.09551,79340.3,-1,1.40483e-10,1,0
0.00461417,0.366093,0.0408851,0.764974,4.09552,79341,-1,1.40483e-10,1,0
0.0046149,0.366174,0.0404123,0.764578,4.09972,79346.1,-1,1.30981e-10,1,0
0.00461568,0.365779,0.0410998,0.764973,4.09961,79247.1,-1,8.15333e-10,1,0
0.00461778,0.36479,0.0412036,0.763854,4.10145,78996.7,-1,6.43873e-10,1,0
0.00461918,0.363592,0.0404839,0.763344,4.10298,78713.6,-1,2.83453e-10,1,0
0.00461951,0.363264,0.040664,0.76347,4.1034,78637,-1,3.94928e-10,1,0
0.00462012,0.363249,0.0406662,0.764159,4.10442,78623.2,-1,2.63231e-11,1,0
0.00462081,0.362803,0.0406596,0.764406,4.10285,78515,-1,4.30991e-10,1,0
0.00462103,0.362917,0.0406213,0.764606,4.10175,78535.9,-1,2.31259e-10,1,0
0.00462134,0.362679,0.040679,0.764705,4.10038,78479.1,-1,2.59728e-10,1,0
0.00462254,0.361743,0.0400811,0.763778,4.09962,78256.2,-1,1.56042e-09,1,0
0.00462371,0.36213,0.0395431,0.764006,4.10192,78320.2,-1,4.49173e-10,1,0
0.00462528,0.363126,0.0398406,0.76502,4.10057,78508.8,-1,1.59902e-09,1,0
0.0046256,0.363224,0.0397054,0.764839,4.1014,78524.8,-1,2.73927e-10,1,0
0.00462671,0.36368,0.0391509,0.76504,4.09835,78604.6,-1,3.56538e-10,1,0
0.00462735,0.363345,0.0388516,0.765037,4.09626,78521.2,-1,2.19372e-10,1,0
0.00462847,0.364001,0.0389121,0.765995,4.09679,78643.8,-1,9.10264e-10,1,0
0.00462921,0.363761,0.0394237,0.766235,4.09533,78579.4,-1,3.43372e-10,1,0
0.00462953,0.363456,0.0394147,0.766004,4.09532,78508.1,-1,3.43372e-10,1,0
0.00463033,0.36269,0.0393919,0.765422,4.09528,78329.2,-1,3.43372e-10,1,0
0.00463211,0.361401,0.0402335,0.764216,4.09552,78020.9,-1,2.27185e-09,1,0
0.00463296,0.361513,0.040196,0.764645,4.09671,78030.7,-1,7.00783e-10,1,0
0.00463359,0.3608,0.0403444,0.764869,4.09667,77866.1,-1,7.00783e-10,1,0
0.00463381,0.36055,0.0403964,0.764947,4.09687,77808.4,-1,1.02919e-09,1,0
0.0046344,0.360823,0.0405936,0.765169,4.09811,77857.6,-1,2.53138e-10,1,0
0.00463625,0.3609,0.0418017,0.766277,4.09482,77843,-1,1.06273e-09,1,0
0.00463717,0.361214,0.0423742,0.766985,4.09696,77895.3,-1,5.61499e-10,1,0
0.00463752,0.361477,0.0426698,0.767088,4.095,77946.2,-1,7.44265e-12,1,0
0.00463834,0.361786,0.0435606,0.767203,4.09419,77999.1,-1,9.20549e-10,1,0
0.0046403,0.362904,0.042315,0.765544,4.09398,78207,-1,1.22781e-11,1,0
0.00464127,0.363606,0.0421727,0.76616,4.09523,78341.9,-1,4.47886e-11,1,0
0.00464189,0.363696,0.0423668,0.766645,4.09422,78350.8,-1,5.29291e-10,1,0
0.00464236,0.364007,0.0422851,0.766699,4.09303,78409.9,-1,1.82087e-10,1,0
0.00464393,0.36397,0.0435283,0.767953,4.09357,78375.4,-1,3.49351e-10,1,0
0.00464502,0.36426,0.0441348,0.768622,4.0903,78419.4,-1,5.01309e-10,1,0
0.00464549,0.364252,0.043958,0.76856,4.08649,78409.7,-1,1.92121e-10,1,0
0.00464668,0.362965,0.0433913,0.768813,4.08778,78112.7,-1,1.4289e-09,1,0
0.00464735,0.362939,0.0432616,0.768332,4.08936,78096,-1,6.33201e-10,1,0
0.00464798,0.363181,0.0431151,0.768366,4.09004,78137.3,-1,2.93638e-10,1,0
0.00464823,0.363286,0.0430908,0.768459,4.09078,78155.8,-1,1.25583e-10,1,0
0.00464936,0.362007,0.0432203,0.768201,4.08976,77861.7,-1,4.1503e-10,1,0
0.00464985,0.361984,0.0434174,0.768703,4.09113,77848.4,-1,4.19312e-10,1,0
0.00465104,0.362092,0.0445726,0.768901,4.08984,77851.9,-1,1.22252e-09,1,0
0.0046526,0.360674,0.0436402,0.768108,4.0876,77520.9,-1,1.87339e-09,1,0
0.00465437,0.362105,0.0440507,0.769179,4.08873,77798.9,-1,6.03861e-10,1,0
0.00465548,0.36219,0.0443806,0.768572,4.08681,77798.5,-1,8.63368e-10,1,0
0.00465636,0.36213,0.0446676,0.769165,4.08415,77771.1,-1,5.12926e-10,1,0
0.00465739,0.362101,0.0435077,0.768824,4.08517,77747.6,-1,1.09695e-09,1,0
0.00465861,0.361674,0.0431961,0.767459,4.08515,77635.6,-1,1.09695e-09,1,0
0.00465881,0.361549,0.0431927,0.767268,4.08733,77605.6,-1,1.735e-10,1,0
0.00465934,0.361877,0.0435882,0.766885,4.08735,77667,-1,1.735e-10,1,0
0.00466034,0.36172,0.0437809,0.767155,4.09011,77616.6,-1,7.13527e-10,1,0
0.00466054,0.361805,0.0437258,0.766958,4.09054,77631.6,-1,1.85097e-10,1,0
0.00466236,0.362582,0.0442433,0.765572,4.09176,77767.8,-1,5.86205e-10,1,0
0.00466295,0.362836,0.0445834,0.766062,4.08936,77812.6,-1,5.84066e-10,1,0
0.00466414,0.363145,0.0437444,0.766746,4.08906,77859,-1,3.27214e-10,1,0
0.00466516,0.363413,0.0426696,0.767124,4.08721,77899.2,-1,1.47839e-10,1,0
0.00466615,0.363055,0.0417758,0.76656,4.0867,77806.1,-1,5.58475e-10,1,0
0.00466711,0.362515,0.0411753,0.766313,4.09001,77674.5,-1,2.04601e-10,1,0
0.00466811,0.363388,0.0403608,0.766384,4.09006,77844.8,-1,2.04601e-10,1,0
0.00466932,0.363791,0.0400785,0.765605,4.08707,77910.9,-1,1.77358e-10,1,0
0.00466987,0.363738,0.0404411,0.76615,4.08558,77890.4,-1,4.50319e-12,1,0
0.00467092,0.363457,0.0413363,0.765334,4.08729,77812.6,-1,1.20201e-09,1,0
0.00467141,0.363335,0.0419022,0.765273,4.08728,77778.4,-1,1.20201e-09,1,0
0.00467253,0.363054,0.0429403,0.764994,4.08708,77699.7,-1,1.84687e-10,1,0
0.00467393,0.363738,0.0441915,0.765787,4.08713,77822.6,-1,1.58312e-09,1,0
0.00467559,0.364706,0.0443531,0.767071,4.08658,78002.2,-1,8.33858e-10,1,0
0.0046769,0.365847,0.0445863,0.767735,4.08676,78224.3,-1,1.76121e-09,1,0
0.00467782,0.366915,0.0447682,0.767913,4.08712,78437.2,-1,2.16969e-09,1,0
0.0046781,0.366931,0.0446865,0.768222,4.08629,78435.9,-1,3.02602e-10,1,0
0.00467901,0.366903,0.0454699,0.768981,4.08574,78414.8,-1,1.09077e-09,1,0
0.00468033,0.366412,0.0455108,0.769486,4.08818,78287.6,-1,3.26133e-10,1,0
0.00468082,0.366042,0.0455774,0.769928,4.08816,78200.5,-1,3.26133e-10,1,0
0.00468105,0.36586,0.0456102,0.770146,4.08932,78157.6,-1,8.66743e-10,1,0
0.00468229,0.365574,0.0449068,0.771108,4.08505,78075.9,-1,1.36261e-10,1,0
0.00468298,0.365116,0.0448432,0.771788,4.08502,77966.8,-1,1.36261e-10,1,0
0.00468377,0.364335,0.0451942,0.772088,4.08253,77786.7,-1,8.10846e-10,1,0
0.00468446,0.364995,0.0448046,0.772227,4.08343,77916.2,-1,5.26242e-11,1,0
0.00468496,0.364982,0.0447026,0.772317,4.08326,77905.1,-1,3.47486e-10,1,0
0.00468603,0.365274,0.0438521,0.772281,4.081,77949.5,-1,1.07788e-09,1,0
0.00468652,0.364894,0.0442626,0.772144,4.08115,77860.3,-1,5.11973e-10,1,0
0.0046881,0.363592,0.0456328,0.772077,4.08109,77556.5,-1,5.11973e-10,1,0
0.00468994,0.362069,0.0472367,0.771998,4.08029,77201.2,-1,4.38906e-09,1,0
0.00469023,0.362194,0.0472522,0.77201,4.08093,77223.2,-1,1.59875e-10,1,0
0.00469119,0.362787,0.0477042,0.772454,4.08,77333.7,-1,3.74391e-10,1,0
0.00469223,0.362247,0.0473017,0.773512,4.07919,77201.3,-1,1.25434e-09,1,0
0.00469243,0.362207,0.0470886,0.773561,4.08085,77189.6,-1,2.04667e-12,1,0
0.00469329,0.362156,0.0473314,0.774407,4.08128,77164.6,-1,7.78683e-10,1,0
0.00469467,0.361493,0.0469399,0.775449,4.07898,77000.9,-1,3.61673e-10,1,0
0.00469484,0.361666,0.0469229,0.775322,4.08173,77034.8,-1,2.15263e-10,1,0
0.00469533,0.361746,0.0473875,0.774973,4.08046,77043.8,-1,5.86745e-10,1,0
0.00469581,0.361972,0.0475354,0.7745,4.07976,77084.1,-1,1.83461e-11,1,0
0.00469769,0.362572,0.0482623,0.772444,4.08245,77180.8,-1,2.6206e-09,1,0
0.00469823,0.362561,0.0488222,0.772732,4.07952,77169.7,-1,6.38136e-10,1,0
0.0046997,0.361929,0.0472096,0.772502,4.07927,77011.1,-1,9.12323e-10,1,0
0.00470047,0.36128,0.0470826,0.771895,4.07717,76860.4,-1,8.94895e-10,1,0
0.00470155,0.361761,0.0481171,0.771669,4.07705,76945,-1,1.1304e-09,1,0
0.00470339,0.360958,0.0476497,0.771523,4.07735,76744.3,-1,5.10141e-10,1,0
0.00470379,0.360786,0.0479288,0.771298,4.07569,76701.1,-1,6.37e-11,1,0
0.00470448,0.360234,0.047767,0.771626,4.07618,76572.4,-1,5.66183e-10,1,0
0.00470546,0.359668,0.047262,0.77235,4.07723,76436.2,-1,1.61537e-09,1,0
0.00470684,0.360727,0.0472444,0.773389,4.07701,76638.9,-1,1.20562e-09,1,0
0.00470829,0.361781,0.0480306,0.774512,4.07707,76839.2,-1,1.20562e-09,1,0
0.00470902,0.362071,0.047596,0.774549,4.07937,76888.9,-1,2.01261e-09,1,0
0.00470981,0.362313,0.0468436,0.774598,4.07865,76927.4,-1,2.65281e-10,1,0
0.00471056,0.362521,0.0473599,0.775244,4.08095,76959.2,-1,7.82435e-10,1,0
0.00471108,0.362707,0.046784,0.775378,4.08149,76990.3,-1,6.19924e-10,1,0
0.00471279,0.362865,0.0465177,0.777258,4.08251,76995.8,-1,6.74016e-10,1,0
0.00471459,0.363368,0.0466522,0.778011,4.0821,77073.2,-1,2.84613e-09,1,0
0.00471533,0.36353,0.0467421,0.777136,4.08211,77095.3,-1,2.84613e-09,1,0
0.00471772,0.364047,0.0470304,0.774331,4.08241,77165.9,-1,4.44534e-09,1,0
0.00471854,0.363918,0.0467446,0.774765,4.08221,77125.2,-1,4.54852e-10,1,0
0.00471965,0.364354,0.0469466,0.775927,4.0833,77199.3,-1,1.28733e-09,1,0
0.00472061,0.364254,0.047526,0.775916,4.08182,77162.6,-1,6.20011e-10,1,0
0.00472341,0.364983,0.0456949,0.774507,4.08152,77271,-1,1.22359e-09,1,0
0.00472471,0.364296,0.0447101,0.773616,4.08259,77104.5,-1,1.18606e-09,1,0
0.00472607,0.365374,0.0436886,0.773949,4.08336,77310.2,-1,3.81258e-10,1,0
0.00472727,0.366297,0.042981,0.774313,4.08424,77486.1,-1,1.24405e-10,1,0
0.00472765,0.365864,0.0429267,0.774178,4.08146,77388.2,-1,4.57094e-10,1,0
0.004729,0.367044,0.0426547,0.775205,4.08015,77615.6,-1,1.53159e-09,1,0
0.0047296,0.367081,0.0426065,0.775386,4.07873,77613.5,-1,3.98142e-10,1,0
0.00473008,0.367437,0.0430558,0.775346,4.07887,77680.9,-1,8.97679e-10,1,0
0.00473116,0.366537,0.0432203,0.77551,4.08023,77472.9,-1,8.63077e-10,1,0
0.00473249,0.365661,0.042091,0.775145,4.07859,77266.2,-1,1.80047e-09,1,0
0.00473272,0.36556,0.0422505,0.7751,4.07643,77240.9,-1,1.51459e-10,1,0
0.00473363,0.364811,0.0428193,0.774557,4.0769,77067.9,-1,9.74963e-11,1,0
0.00473537,0.365541,0.0442795,0.773252,4.07572,77193.7,-1,2.09027e-09,1,0
0.00473679,0.364961,0.0447298,0.774268,4.07635,77048.2,-1,1.44283e-09,1,0
0.00473711,0.36523,0.0447155,0.774508,4.07771,77099.6,-1,3.3915e-10,1,0
0.00473732,0.365271,0.0444991,0.774631,4.07679,77104.8,-1,3.04901e-10,1,0
0.00473877,0.36538,0.0434163,0.773695,4.07769,77104.4,-1,4.55857e-10,1,0
0.00474109,0.364687,0.0430601,0.774701,4.07882,76920.4,-1,9.70673e-10,1,0
0.00474217,0.365096,0.0426878,0.77587,4.07873,76989.3,-1,1.29043e-09,1,0
0.00474269,0.364829,0.0425657,0.776387,4.07795,76924.5,-1,1.27722e-10,1,0
0.0047442,0.364202,0.0422698,0.778059,4.07792,76767.9,-1,1.27722e-10,1,0
0.00474552,0.363653,0.0420108,0.779522,4.07831,76630.9,-1,3.88005e-09,1,0
0.00474638,0.363431,0.0426938,0.780266,4.0783,76570.2,-1,3.88005e-09,1,0
0.00474733,0.363444,0.0433468,0.781062,4.07785,76557.6,-1,2.02956e-10,1,0
0.00474822,0.364253,0.0433022,0.780789,4.07963,76713.5,-1,9.31578e-10,1,0
0.00474931,0.365096,0.0440304,0.780119,4.08058,76873.5,-1,1.29982e-09,1,0
0.00474992,0.36452,0.0442425,0.78016,4.08014,76742.4,-1,1.06502e-12,1,0
0.00475053,0.364002,0.0444958,0.780179,4.0797,76623.4,-1,3.36035e-11,1,0
0.0047509,0.363835,0.0445725,0.780076,4.07793,76582.2,-1,2.45861e-11,1,0
0.00475231,0.364278,0.0441074,0.780742,4.08176,76652.8,-1,1.27913e-09,1,0
0.00475358,0.36456,0.0431407,0.780051,4.08205,76691.6,-1,6.3193e-10,1,0
0.00475469,0.365591,0.043754,0.7806,4.0802,76890.6,-1,1.32263e-09,1,0
0.00475512,0.365991,0.0434448,0.780651,4.08147,76967.8,-1,5.07971e-10,1,0
0.00475738,0.365559,0.0437543,0.779033,4.07922,76840.4,-1,1.21677e-09,1,0
0.00475812,0.36522,0.0431217,0.779459,4.08027,76757.2,-1,7.59123e-10,1,0
0.00475882,0.365909,0.0429014,0.779034,4.08156,76890.7,-1,8.38405e-10,1,0
0.00475966,0.366078,0.0437449,0.778512,4.08157,76912.5,-1,8.38405e-10,1,0
0.00476017,0.36618,0.044259,0.778193,4.08224,76925.9,-1,1.62001e-09,1,0
0.00476155,0.36524,0.0453959,0.777812,4.08133,76706.1,-1,1.53799e-09,1,0
0.00476239,0.364959,0.0454488,0.778718,4.08208,76633.5,-1,4.50985e-10,1,0
0.00476373,0.364962,0.0457706,0.779596,4.08447,76612.7,-1,3.8145e-10,1,0
0.00476519,0.365556,0.0460512,0.778622,4.08394,76713.8,-1,1.22372e-09,1,0
0.00476686,0.366949,0.046518,0.779281,4.08506,76979.2,-1,4.55221e-10,1,0
0.0047673,0.367313,0.0467115,0.779608,4.08699,77048.4,-1,2.06887e-09,1,0
0.00476769,0.367646,0.0468243,0.779442,4.0908,77112,-1,3.3919e-10,1,0
0.00476849,0.368494,0.0467822,0.779137,4.09133,77276.9,-1,7.39359e-10,1,0
0.00476904,0.368671,0.0470887,0.778601,4.09164,77305,-1,3.3557e-10,1,0
0.00476952,0.368598,0.0467861,0.778835,4.0885,77282.1,-1,2.7081e-11,1,0
0.00477041,0.369533,0.0472984,0.778933,4.08865,77463.5,-1,1.06981e-09,1,0
0.00477164,0.370271,0.0475698,0.777681,4.08869,77598.2,-1,1.06981e-09,1,0
0.0047725,0.370753,0.0475668,0.776864,4.08827,77685.3,-1,2.30283e-09,1,0
0.00477323,0.370884,0.0472408,0.776144,4.08807,77700.9,-1,5.55717e-10,1,0
0.00477403,0.370908,0.0471206,0.775196,4.08781,77692.9,-1,1.48025e-09,1,0
0.00477451,0.370493,0.0469313,0.774845,4.08737,77598.1,-1,2.30249e-11,1,0
0.00477508,0.369865,0.0468053,0.775069,4.0852,77457.5,-1,6.78194e-10,1,0
0.00477522,0.369865,0.0468965,0.775207,4.08631,77455.1,-1,1.65941e-10,1,0
0.00477724,0.371619,0.0458009,0.775452,4.08636,77789.5,-1,1.20218e-09,1,0
0.00477781,0.371634,0.0463229,0.775376,4.08558,77783.3,-1,4.48988e-11,1,0
0.00478013,0.370242,0.0469422,0.775038,4.08499,77454.4,-1,1.11057e-09,1,0
0.00478072,0.369833,0.0469561,0.774571,4.08602,77359.2,-1,2.05065e-09,1,0
0.00478226,0.369694,0.0472386,0.772862,4.08606,77305.3,-1,6.39511e-10,1,0
0.00478294,0.369792,0.0472328,0.773291,4.08831,77314.8,-1,4.97731e-10,1,0
0.0047841,0.370264,0.0481545,0.773388,4.08882,77394.8,-1,1.51237e-09,1,0
0.0047858,0.368947,0.0472115,0.773577,4.08701,77091.9,-1,5.24658e-10,1,0
0.00478664,0.369355,0.0472197,0.77398,4.08832,77163.8,-1,1.16479e-10,1,0
0.00478801,0.370415,0.0478027,0.774139,4.08952,77363,-1,8.2137e-10,1,0
0.00478869,0.370325,0.0478542,0.774906,4.08817,77333.1,-1,3.16628e-11,1,0
0.00478997,0.370226,0.0474904,0.775501,4.08645,77291.8,-1,4.31175e-10,1,0
0.0047907,0.369864,0.0479096,0.775674,4.08513,77204.7,-1,1.91858e-10,1,0
0.00479076,0.369834,0.0479347,0.775647,4.08506,77197.4,-1,2.13654e-11,1,0
0.00479119,0.370221,0.048105,0.775633,4.08551,77271.3,-1,2.32637e-10,1,0
0.00479184,0.370268,0.048348,0.775624,4.08999,77270.5,-1,2.02334e-10,1,0
0.00479286,0.371229,0.049084,0.775687,4.09153,77454.6,-1,8.11758e-12,1,0
0.00479361,0.371942,0.0496252,0.775729,4.09157,77591.4,-1,8.11758e-12,1,0
0.00479517,0.371572,0.0492473,0.774919,4.09248,77488.8,-1,4.01829e-10,1,0
0.00479627,0.371956,0.0497509,0.774896,4.0921,77551.1,-1,1.81751e-10,1,0
0.00479775,0.373533,0.0490968,0.774618,4.09316,77855.9,-1,1.6683e-09,1,0
0.004798,0.37375,0.0490711,0.77481,4.09217,77897.1,-1,3.95834e-10,1,0
0.0047995,0.373691,0.0473904,0.774163,4.09217,77860.4,-1,3.95834e-10,1,0
0.0048,0.373671,0.046828,0.773947,4.09169,77848.2,-1,2.40721e-09,1,0
0.00480083,0.374263,0.0465601,0.773635,4.08877,77957.9,-1,7.07138e-10,1,0
0.00480172,0.375098,0.0470316,0.77357,4.08917,78117.4,-1,1.37609e-10,1,0
0.00480281,0.376372,0.047258,0.773442,4.08811,78364.9,-1,1.63591e-09,1,0
0.00480305,0.376346,0.0474316,0.773334,4.08473,78355.5,-1,1.52038e-10,1,0
0.00480435,0.375045,0.0481318,0.772825,4.08256,78063.6,-1,1.56213e-09,1,0
0.00480538,0.374864,0.0474223,0.772882,4.08108,78009.2,-1,6.64484e-10,1,0
0.00480559,0.374782,0.0473331,0.772958,4.07764,77988.8,-1,1.46194e-10,1,0
0.00480626,0.374573,0.0474395,0.77271,4.07786,77934.4,-1,9.886e-11,1,0
0.0048072,0.374821,0.048418,0.772984,4.07889,77970.7,-1,2.27918e-10,1,0
0.00480789,0.374461,0.0490343,0.77306,4.07592,77884.7,-1,5.97814e-10,1,0
0.00480852,0.374528,0.0497494,0.773249,4.07585,77888.4,-1,3.78328e-10,1,0
0.00480927,0.374472,0.0499072,0.773951,4.07677,77864.6,-1,6.36123e-10,1,0
0.00480961,0.374523,0.0502646,0.773924,4.07552,77869.7,-1,1.31433e-10,1,0
0.00481032,0.374575,0.0503186,0.773298,4.07395,77869,-1,3.47837e-10,1,0
0.00481133,0.375181,0.050804,0.77238,4.07338,77978.7,-1,1.70702e-09,1,0
0.00481269,0.37476,0.0515689,0.771283,4.07392,77869.1,-1,1.17631e-09,1,0
0.00481504,0.373496,0.0522385,0.77093,4.0735,77568.8,-1,1.21669e-09,1,0
0.00481686,0.373758,0.0530034,0.770754,4.07077,77593.7,-1,9.92182e-10,1,0
0.00481722,0.37417,0.0530103,0.770838,4.06912,77673.4,-1,8.16695e-10,1,0
0.0048191,0.372801,0.0516354,0.770779,4.06312,77359.1,-1,1.22352e-09,1,0
0.00482088,0.37258,0.0535971,0.771572,4.06332,77284.5,-1,2.12736e-09,1,0
0.00482151,0.372492,0.0541191,0.771036,4.06331,77256.3,-1,2.12736e-09,1,0
0.00482267,0.372926,0.054388,0.77031,4.06235,77327.8,-1,6.13612e-10,1,0
0.00482329,0.372936,0.0541218,0.770087,4.06072,77319.8,-1,4.62329e-10,1,0
0.00482438,0.373147,0.0543698,0.76917,4.06098,77346.1,-1,1.09687e-09,1,0
0.00482675,0.372304,0.0537438,0.767543,4.05982,77133.5,-1,1.88893e-09,1,0
0.0048292,0.372147,0.0530149,0.767385,4.05979,77061.9,-1,1.17763e-09,1,0
0.00483043,0.37167,0.0520682,0.766373,4.05976,76943.5,-1,1.17763e-09,1,0
0.00483164,0.37095,0.0515966,0.767084,4.06077,76775.2,-1,1.22378e-09,1,0
0.00483277,0.369723,0.05187,0.76664,4.06125,76503.3,-1,1.32478e-09,1,0
0.00483395,0.370071,0.0525375,0.766909,4.06173,76556.8,-1,4.57494e-10,1,0
0.0048351,0.370626,0.0514679,0.767364,4.06257,76653.4,-1,1.31304e-09,1,0
0.00483568,0.370342,0.0510158,0.767787,4.06346,76585.2,-1,4.73216e-10,1,0
0.00483672,0.37008,0.0516018,0.768452,4.05582,76514.6,-1,5.9457e-11,1,0
0.00483819,0.371646,0.0513096,0.767828,4.05438,76815,-1,1.72698e-09,1,0
0.00483851,0.371675,0.051443,0.767485,4.05245,76816,-1,1.58983e-10,1,0
0.00483935,0.371479,0.0505729,0.767938,4.05244,76762.3,-1,1.58983e-10,1,0
0.00484035,0.37135,0.0495706,0.767968,4.05146,76719.6,-1,4.82087e-10,1,0
0.00484342,0.370872,0.0492526,0.765371,4.05032,76572.4,-1,1.22375e-09,1,0
0.00484433,0.370604,0.0498009,0.764923,4.04913,76502.7,-1,5.00234e-10,1,0
0.00484591,0.371968,0.0485641,0.764508,4.0492,76759.2,-1,5.00234e-10,1,0
0.00484716,0.373041,0.0475913,0.764181,4.05062,76960.8,-1,3.37214e-09,1,0
0.00484845,0.373625,0.0486021,0.763213,4.04872,77060.7,-1,1.62456e-11,1,0
0.00484932,0.373622,0.0491486,0.763421,4.05005,77046.2,-1,6.93423e-10,1,0
0.00484984,0.373553,0.0492352,0.763529,4.0479,77023.9,-1,3.2011e-10,1,0
0.00485068,0.373073,0.0496524,0.762758,4.04751,76911.5,-1,9.59364e-10,1,0
0.00485174,0.372866,0.0503854,0.763694,4.04756,76852.2,-1,1.22872e-09,1,0
0.0048533,0.372369,0.0499008,0.764446,4.0507,76724.9,-1,5.84761e-10,1,0
0.00485383,0.372234,0.0497064,0.765005,4.0504,76688.7,-1,7.3235e-11,1,0
0.00485479,0.372527,0.0502535,0.765493,4.04979,76733.9,-1,5.84862e-10,1,0
0.00485674,0.374223,0.0505557,0.764377,4.0485,77052.3,-1,4.66921e-10,1,0
0.00485794,0.374605,0.0509371,0.763313,4.04876,77111.8,-1,2.74092e-09,1,0
0.00485837,0.374391,0.0510623,0.762869,4.04875,77061,-1,2.74092e-09,1,0
0.00485909,0.374324,0.0506703,0.762433,4.049,77035.7,-1,5.03365e-10,1,0
0.00486031,0.374222,0.0513523,0.762326,4.0467,76995.4,-1,6.73084e-11,1,0
0.00486159,0.374115,0.0524045,0.762915,4.04669,76953.3,-1,4.78108e-10,1,0
0.00486192,0.374353,0.0524619,0.763134,4.04539,76997,-1,1.92591e-10,1,0
0.00486239,0.374655,0.0525318,0.7636,4.04643,77051.7,-1,6.32496e-10,1,0
0.00486287,0.374679,0.0524536,0.763543,4.0478,77049,-1,3.10401e-10,1,0
0.00486419,0.374571,0.0525641,0.764277,4.04885,77005.8,-1,8.66299e-10,1,0
0.00486473,0.374812,0.0528073,0.76481,4.04795,77046.9,-1,1.07734e-09,1,0
0.00486605,0.374416,0.0531103,0.765164,4.04728,76944.6,-1,1.36282e-09,1,0
0.00486755,0.373143,0.0535109,0.766027,4.04644,76659.4,-1,1.46352e-09,1,0
0.00486891,0.371743,0.0536999,0.766815,4.0466,76350.5,-1,1.61745e-09,1,0
0.00487001,0.372381,0.0532472,0.766032,4.04723,76464.1,-1,1.66526e-10,1,0
0.00487035,0.372146,0.053244,0.76593,4.04898,76410.6,-1,5.48945e-11,1,0
0.0048716,0.372023,0.0521032,0.764974,4.05052,76365.6,-1,1.63664e-09,1,0
0.00487299,0.372048,0.0512134,0.764026,4.05045,76349.1,-1,2.32691e-10,1,0
0.00487319,0.372065,0.0510711,0.763976,4.05271,76349.3,-1,1.57166e-09,1,0
0.00487411,0.372364,0.0504309,0.764815,4.05427,76396.2,-1,1.18986e-09,1,0
0.00487544,0.37269,0.0518269,0.765475,4.05601,76442.3,-1,1.34315e-11,1,0
0.00487616,0.372829,0.0520637,0.766149,4.05983,76459.6,-1,6.79401e-10,1,0
0.00487668,0.37243,0.0523255,0.766411,4.06141,76369.6,-1,4.23816e-11,1,0
0.00487746,0.372673,0.0518415,0.765651,4.06183,76407.2,-1,9.3356e-10,1,0
0.00487791,0.372424,0.0518327,0.765431,4.0606,76349.1,-1,3.1644e-10,1,0
0.00487835,0.372403,0.0515274,0.765532,4.05765,76337.9,-1,6.98087e-11,1,0
0.0048791,0.372603,0.0523768,0.765648,4.05803,76367.2,-1,5.40514e-10,1,0
0.00488019,0.373007,0.0524219,0.766585,4.05759,76433,-1,6.15815e-10,1,0
0.00488131,0.373327,0.0522093,0.767646,4.05651,76480.7,-1,5.98497e-10,1,0
0.00488211,0.372999,0.0515471,0.768011,4.05403,76401.2,-1,5.21835e-10,1,0
0.0048837,0.372778,0.0518172,0.76681,4.05239,76331,-1,1.53139e-09,1,0
0.00488468,0.37331,0.052302,0.767647,4.05328,76424.6,-1,8.45019e-11,1,0
0.00488533,0.373912,0.0520607,0.768052,4.05109,76537.7,-1,2.59564e-10,1,0
0.0048882,0.374124,0.0550993,0.769633,4.05097,76536,-1,3.43146e-09,1,0
0.00488895,0.373626,0.0547265,0.769167,4.05138,76422.5,-1,3.30063e-10,1,0
0.00488964,0.373403,0.0553861,0.769611,4.05137,76366.1,-1,3.30063e-10,1,0
0.00489007,0.373551,0.0556429,0.769537,4.05195,76389.8,-1,2.93441e-10,1,0
0.00489043,0.373704,0.0560151,0.76969,4.05236,76415.5,-1,4.30441e-10,1,0
0.0048915,0.374082,0.0571072,0.769141,4.05238,76475.9,-1,4.30441e-10,1,0
0.00489249,0.373046,0.0573677,0.769614,4.05342,76248.7,-1,1.15847e-09,1,0
0.00489409,0.373632,0.0575819,0.769675,4.0486,76343.5,-1,7.21467e-10,1,0
0.00489539,0.374903,0.0576998,0.768836,4.0487,76582.8,-1,1.22392e-09,1,0
0.00489599,0.374991,0.0581006,0.768687,4.04879,76591.5,-1,1.10263e-10,1,0
0.00489718,0.375048,0.0586623,0.767737,4.04906,76584.6,-1,7.18803e-10,1,0
0.00489777,0.37534,0.0587649,0.76723,4.04798,76634.8,-1,1.51625e-10,1,0
0.00489818,0.375812,0.0588478,0.767116,4.04801,76724.7,-1,1.51625e-10,1,0
0.00489841,0.376073,0.0588937,0.767053,4.0492,76774.4,-1,7.65121e-10,1,0
0.00489879,0.376033,0.0592524,0.766865,4.04788,76760.5,-1,6.82294e-11,1,0
0.00490029,0.374637,0.0592185,0.766626,4.0475,76451.9,-1,5.71706e-10,1,0
0.0049022,0.373792,0.0579345,0.767157,4.04569,76249.9,-1,1.81083e-09,1,0
0.00490269,0.374018,0.0574536,0.767397,4.0457,76288.3,-1,1.81083e-09,1,0
0.0049037,0.374482,0.0564633,0.76789,4.04572,76367.3,-1,1.81083e-09,1,0
0.0049044,0.374375,0.0572175,0.767635,4.04571,76334.6,-1,8.21595e-10,1,0
0.00490602,0.374205,0.0566927,0.767049,4.0436,76274.8,-1,2.25526e-10,1,0
0.00490695,0.373832,0.0573781,0.767112,4.04404,76184.3,-1,1.93344e-10,1,0
0.004908,0.373657,0.0578425,0.766941,4.04487,76132.3,-1,3.50163e-10,1,0
0.00490844,0.373585,0.0575064,0.766743,4.04584,76110.8,-1,3.43482e-10,1,0
0.00490866,0.37376,0.0573816,0.766817,4.04633,76143.1,-1,2.61535e-10,1,0
0.00490948,0.374586,0.0569411,0.767123,4.04637,76298.4,-1,2.61535e-10,1,0
0.00491036,0.375261,0.0561569,0.767113,4.04571,76422.3,-1,9.3445e-10,1,0
0.00491136,0.374784,0.0569064,0.766328,4.04557,76309.6,-1,7.67354e-10,1,0
0.00491178,0.374752,0.0571977,0.766052,4.04591,76296.5,-1,7.99102e-10,1,0
0.00491234,0.375293,0.0575775,0.766156,4.04755,76397.9,-1,5.37648e-10,1,0
0.0049134,0.375431,0.0573365,0.765919,4.04961,76409.6,-1,4.90709e-10,1,0
0.00491406,0.375024,0.0572445,0.765259,4.04869,76316.6,-1,5.63408e-10,1,0
0.00491416,0.37504,0.057129,0.765264,4.04869,76318.2,-1,5.63408e-10,1,0
0.00491519,0.374978,0.0563368,0.765617,4.04737,76289.6,-1,2.37994e-10,1,0
0.00491545,0.374841,0.0564275,0.765682,4.04738,76257.8,-1,1.10193e-10,1,0
0.00491653,0.374873,0.0570426,0.766403,4.04609,76247.5,-1,1.09151e-09,1,0
0.00491806,0.376548,0.057606,0.766119,4.04489,76564.4,-1,8.87659e-13,1,0
0.00491926,0.375602,0.0574862,0.767104,4.04412,76353.3,-1,1.09962e-09,1,0
0.00491977,0.375757,0.0570882,0.766699,4.04275,76376.9,-1,3.48475e-10,1,0
0.00492025,0.375895,0.0567174,0.766297,4.04232,76397.6,-1,4.39796e-11,1,0
0.00492075,0.375789,0.0562065,0.766009,4.04142,76368.2,-1,5.9604e-10,1,0
0.00492223,0.376964,0.0554829,0.765309,4.04287,76584.1,-1,6.26352e-11,1,0
0.00492273,0.376929,0.0550131,0.765572,4.04413,76569.1,-1,5.62104e-10,1,0
0.00492406,0.376019,0.0553741,0.766578,4.04437,76363.7,-1,1.22405e-09,1,0
0.00492433,0.376022,0.0556432,0.76675,4.04571,76360.1,-1,6.78783e-10,1,0
0.00492537,0.376395,0.0558027,0.767257,4.04795,76419.6,-1,1.82253e-10,1,0
0.00492616,0.375579,0.0558219,0.767368,4.04567,76241.8,-1,6.79167e-10,1,0
0.00492806,0.377776,0.0560617,0.767512,4.04386,76658.2,-1,4.07599e-10,1,0
0.00492857,0.377736,0.0559513,0.767888,4.0437,76642.1,-1,3.99491e-10,1,0
0.00492959,0.378825,0.055448,0.768064,4.04376,76847.3,-1,3.99491e-10,1,0
0.00493107,0.37806,0.0547232,0.76675,4.04399,76669.1,-1,5.33072e-10,1,0
0.00493237,0.37836,0.0553238,0.766535,4.04165,76709.6,-1,6.10836e-10,1,0
0.00493309,0.377915,0.055824,0.766272,4.04057,76608.2,-1,7.6655e-10,1,0
0.00493475,0.376733,0.0543981,0.766295,4.04027,76342.9,-1,1.05443e-09,1,0
0.00493575,0.376289,0.0535115,0.766755,4.04104,76237.5,-1,8.60462e-10,1,0
0.00493651,0.376158,0.0532006,0.767322,4.0397,76199.1,-1,3.52511e-10,1,0
0.00493728,0.376882,0.0530087,0.767585,4.0345,76334,-1,3.84767e-10,1,0
0.00493793,0.377191,0.0535006,0.76708,4.03549,76386.5,-1,7.72576e-10,1,0
0.00493865,0.376721,0.0531883,0.767734,4.03547,76280.2,-1,7.72576e-10,1,0
0.00493905,0.37648,0.0529787,0.76803,4.03863,76225.3,-1,6.86643e-11,1,0
0.00494017,0.375907,0.0520244,0.768778,4.04125,76091.9,-1,1.34127e-09,1,0
0.00494114,0.375859,0.0527515,0.769351,4.04181,76067.3,-1,7.05394e-10,1,0
0.00494228,0.375192,0.0533445,0.768361,4.03982,75914.8,-1,1.3009e-09,1,0
0.00494368,0.374835,0.0529749,0.769556,4.03886,75821,-1,6.60701e-10,1,0
0.00494402,0.374732,0.0530975,0.76942,4.0378,75795,-1,1.89075e-10,1,0
0.0049447,0.37399,0.0533914,0.769506,4.03709,75634.5,-1,9.935e-10,1,0
0.00494523,0.374025,0.0532029,0.769509,4.04055,75633.5,-1,3.46514e-10,1,0
0.00494683,0.375933,0.0532574,0.769444,4.0413,75994.8,-1,2.21025e-09,1,0
0.00494717,0.375684,0.0529373,0.769461,4.04129,75939.2,-1,2.21025e-09,1,0
0.00494743,0.375578,0.0527236,0.769577,4.04119,75913.8,-1,5.83906e-11,1,0
0.00494816,0.375171,0.0526326,0.770071,4.04189,75820.2,-1,7.75067e-11,1,0
0.0049496,0.376599,0.0517164,0.770348,4.04196,76086.7,-1,7.75067e-11,1,0
0.00495077,0.37709,0.0520815,0.770475,4.0427,76168,-1,7.26454e-10,1,0
0.00495133,0.376921,0.0522267,0.770959,4.04012,76125.3,-1,8.04924e-11,1,0
0.00495335,0.375828,0.0506736,0.769868,4.03929,75873.5,-1,2.26777e-09,1,0
0.00495374,0.375822,0.050465,0.769455,4.03929,75866.4,-1,2.26777e-09,1,0
0.00495422,0.375726,0.050138,0.769057,4.03856,75839.6,-1,4.67815e-10,1,0
0.00495489,0.375453,0.0506436,0.769269,4.04066,75774.2,-1,1.84001e-10,1,0
0.00495582,0.375123,0.0506671,0.769752,4.03859,75693.3,-1,6.5561e-10,1,0
0.00495669,0.375909,0.0509166,0.770373,4.03863,75838.7,-1,6.5561e-10,1,0
0.00495695,0.376042,0.0509617,0.770579,4.03783,75861.7,-1,7.46913e-11,1,0
0.0049584,0.377344,0.0521106,0.77051,4.03815,76102,-1,1.73771e-09,1,0
0.00496008,0.376063,0.052623,0.770955,4.03992,75818,-1,1.08039e-09,1,0
0.00496052,0.376458,0.052531,0.771303,4.04176,75890.9,-1,5.34996e-10,1,0
0.00496134,0.375661,0.0527263,0.770897,4.04138,75717.5,-1,6.49619e-10,1,0
0.00496169,0.375871,0.0528921,0.770742,4.04208,75754.7,-1,3.30292e-10,1,0
0.00496256,0.375396,0.0531896,0.771493,4.03984,75645.7,-1,7.72542e-10,1,0
0.00496413,0.375411,0.0528339,0.769891,4.04427,75624.8,-1,7.23954e-10,1,0
0.00496609,0.374082,0.0518748,0.770878,4.04553,75327.2,-1,1.62714e-09,1,0
0.00496692,0.374095,0.0513278,0.770746,4.04631,75317.3,-1,7.0321e-10,1,0
0.00496781,0.373836,0.0506152,0.770881,4.04613,75251.7,-1,2.81758e-10,1,0
0.00496874,0.373276,0.0502811,0.770971,4.04645,75124.8,-1,2.41866e-10,1,0
0.00497009,0.37406,0.0499133,0.769614,4.04649,75262.2,-1,2.41866e-10,1,0
0.00497085,0.374504,0.049705,0.768845,4.04684,75340,-1,2.52203e-09,1,0
0.00497161,0.375108,0.049239,0.768366,4.04687,75450,-1,2.52203e-09,1,0
0.00497328,0.376329,0.0492485,0.76821,4.04868,75670.1,-1,7.21308e-10,1,0
0.00497363,0.375998,0.0493069,0.76833,4.04553,75598.3,-1,1.64985e-10,1,0
0.00497397,0.376024,0.048934,0.768316,4.04499,75598.3,-1,2.85112e-10,1,0
0.00497488,0.375467,0.0480076,0.768417,4.04651,75472.5,-1,3.90659e-12,1,0
0.00497561,0.375514,0.0484834,0.767725,4.04727,75471,-1,4.66529e-11,1,0
0.00497632,0.375599,0.0489497,0.767019,4.04727,75477.4,-1,4.66529e-11,1,0
0.00497705,0.375687,0.0494269,0.766296,4.05169,75483.9,-1,2.53778e-09,1,0
0.0049787,0.376356,0.0491312,0.766427,4.05071,75593.2,-1,9.46611e-10,1,0
0.00498015,0.377382,0.0497427,0.767546,4.04938,75777.2,-1,1.68435e-09,1,0
0.00498099,0.378013,0.0495895,0.768024,4.04926,75891.2,-1,2.14719e-10,1,0
0.00498264,0.377777,0.0485564,0.769152,4.05178,75818.7,-1,2.13424e-10,1,0
0.0049832,0.377783,0.0479946,0.769512,4.05178,75811.3,-1,2.13424e-10,1,0
0.00498376,0.377765,0.0474446,0.769822,4.05127,75799.2,-1,4.23907e-11,1,0
0.00498498,0.376837,0.0467834,0.769087,4.05176,75594.4,-1,1.22383e-09,1,0
0.00498648,0.37593,0.047784,0.76844,4.04622,75389.8,-1,1.7066e-10,1,0
0.00498923,0.376942,0.0481588,0.766974,4.04505,75551.2,-1,2.06127e-09,1,0
0.00499042,0.377025,0.0481573,0.766952,4.04659,75549.8,-1,6.90612e-10,1,0
0.00499267,0.374661,0.0483633,0.767966,4.04896,75042.3,-1,1.19363e-09,1,0
0.00499377,0.375839,0.0488338,0.767639,4.04901,75261.6,-1,1.19363e-09,1,0
0.00499513,0.377304,0.0494189,0.767231,4.04909,75534.3,-1,1.19363e-09,1,0
0.0049957,0.377897,0.0495837,0.767037,4.04902,75644.4,-1,3.51519e-09,1,0
0.00499758,0.378882,0.0487494,0.76681,4.04867,75813.1,-1,1.69852e-09,1,0
0.00499816,0.378771,0.0487132,0.767016,4.04972,75782.1,-1,2.10828e-10,1,0
0.00499896,0.378973,0.0489459,0.766105,4.04973,75810.2,-1,2.10828e-10,1,0
0.00499979,0.379181,0.0491858,0.765165,4.04974,75839.2,-1,2.10828e-10,1,0
0.00500077,0.379424,0.0494241,0.764095,4.04856,75873.1,-1,2.46226e-11,1,0
0.00500223,0.379577,0.0488968,0.762448,4.04856,75881.6,-1,6.98393e-10,1,0
0.00500281,0.379682,0.0486731,0.761795,4.04857,75893.7,-1,6.98393e-10,1,0
0.00500362,0.379284,0.0490233,0.761561,4.04732,75802.1,-1,6.37924e-10,1,0
0.00500493,0.378879,0.0501483,0.762348,4.04831,75701.2,-1,3.04415e-10,1,0
0.00500553,0.378699,0.0505396,0.762001,4.04977,75656.1,-1,1.83642e-10,1,0
0.00500609,0.379217,0.0502581,0.762091,4.05108,75751.1,-1,5.70673e-10,1,0
0.00500685,0.379875,0.0507895,0.762029,4.05051,75871.1,-1,6.49927e-10,1,0
0.00500736,0.380468,0.0507766,0.762066,4.0497,75981.7,-1,3.67922e-11,1,0
0.00500807,0.380529,0.0509125,0.762899,4.05168,75983.1,-1,8.46443e-10,1,0
0.00500924,0.380335,0.0522348,0.763284,4.05167,75926.7,-1,8.46443e-10,1,0
0.00500996,0.3805,0.0525583,0.763183,4.05029,75948.7,-1,1.01279e-10,1,0
0.0050107,0.380821,0.0524931,0.762531,4.04896,76001.7,-1,1.30242e-10,1,0
0.00501163,0.381192,0.0517912,0.763283,4.04721,76061.6,-1,6.68654e-11,1,0
0.00501222,0.381658,0.0516639,0.763514,4.04796,76145.6,-1,1.01638e-10,1,0
0.00501306,0.382482,0.0514356,0.763762,4.04583,76297.1,-1,2.9334e-11,1,0
0.00501545,0.383097,0.0500738,0.762592,4.04658,76383.3,-1,7.34253e-10,1,0
0.00501589,0.38317,0.0500831,0.762337,4.04585,76391.2,-1,1.33815e-10,1,0
0.00501708,0.382739,0.0508567,0.761233,4.04583,76287.3,-1,1.33815e-10,1,0
0.00501755,0.382557,0.0511617,0.760938,4.04632,76243.8,-1,1.88916e-09,1,0
0.00501824,0.382234,0.051554,0.761581,4.04459,76169,-1,9.15237e-10,1,0
0.00502036,0.382859,0.0532763,0.763103,4.04527,76261.3,-1,2.40157e-10,1,0
0.00502091,0.383059,0.0536292,0.763551,4.04585,76292.7,-1,2.80836e-09,1,0
0.0050213,0.383407,0.0535781,0.76382,4.04577,76356.1,-1,5.7409e-10,1,0
0.00502173,0.383499,0.0534729,0.763666,4.04577,76367.9,-1,2.06483e-10,1,0
0.00502249,0.38302,0.0538393,0.764359,4.04679,76260.9,-1,9.18219e-10,1,0
0.00502353,0.383183,0.0534308,0.765479,4.04784,76277.5,-1,7.05575e-10,1,0
0.00502476,0.382858,0.0545378,0.766345,4.04813,76194.3,-1,9.65669e-10,1,0
0.0050249,0.382822,0.0545632,0.766381,4.04797,76185.2,-1,5.20483e-11,1,0
0.00502547,0.38227,0.0543078,0.766638,4.04696,76066.4,-1,3.04006e-10,1,0
0.00502716,0.38155,0.054286,0.766108,4.04981,75897.7,-1,3.72461e-10,1,0
0.00502907,0.381218,0.055147,0.764268,4.04976,75802.9,-1,1.88816e-09,1,0
0.00503032,0.381367,0.0561544,0.763816,4.05209,75813.6,-1,5.85121e-10,1,0
0.00503061,0.381504,0.0558758,0.763958,4.0518,75836.6,-1,3.41219e-10,1,0
0.00503212,0.382944,0.0560756,0.76302,4.05045,76099.9,-1,5.50186e-10,1,0
0.00503304,0.383922,0.0565243,0.76286,4.0505,76280.4,-1,5.50186e-10,1,0
0.00503375,0.384371,0.0564954,0.762187,4.04967,76358.8,-1,7.49963e-10,1,0
0.00503432,0.384958,0.056641,0.76201,4.0493,76466.7,-1,6.47702e-10,1,0
0.005035,0.384805,0.0561365,0.762201,4.05088,76425.9,-1,2.48986e-10,1,0
0.00503589,0.384176,0.0567714,0.762433,4.05006,76287.5,-1,1.90209e-10,1,0
0.0050365,0.384854,0.0569373,0.76235,4.04776,76412.9,-1,4.01085e-11,1,0
0.00503802,0.385094,0.056936,0.761377,4.04453,76437.5,-1,8.67474e-10,1,0
0.00503823,0.385001,0.0567076,0.761419,4.04433,76415.9,-1,2.59081e-10,1,0
0.00503914,0.384138,0.0573072,0.761608,4.04234,76230.8,-1,1.06996e-09,1,0
0.00504028,0.384845,0.0584053,0.76141,4.04302,76353.8,-1,1.31582e-09,1,0
0.00504084,0.384456,0.0583529,0.761625,4.04265,76268.1,-1,3.78067e-10,1,0
0.00504236,0.383482,0.0577613,0.761819,4.04651,76052.2,-1,1.7037e-09,1,0
0.0050431,0.383358,0.0579736,0.762259,4.04669,76016.5,-1,3.04933e-10,1,0
0.00504396,0.38407,0.057446,0.762406,4.04667,76144.5,-1,7.71702e-11,1,0
0.00504436,0.38427,0.0572132,0.762194,4.04371,76178.2,-1,2.95399e-10,1,0
0.0050454,0.385056,0.0572332,0.762145,4.03874,76318.2,-1,2.7101e-10,1,0
0.0050462,0.385276,0.056373,0.761817,4.03875,76349.8,-1,2.7101e-10,1,0
0.00504811,0.384786,0.0560364,0.761554,4.03988,76223.8,-1,2.14317e-09,1,0
0.00504852,0.384443,0.0563714,0.761622,4.03986,76149.8,-1,2.14317e-09,1,0
0.00504957,0.384392,0.0572171,0.761165,4.04128,76123.6,-1,2.04248e-09,1,0
0.00505072,0.384881,0.0581112,0.760262,4.04131,76203.2,-1,2.04248e-09,1,0
0.00505186,0.38511,0.0582797,0.760005,4.04082,76231.3,-1,3.01024e-09,1,0
0.00505302,0.384895,0.0572062,0.760853,4.04081,76171.1,-1,3.01024e-09,1,0
0.00505413,0.384382,0.0566888,0.76129,4.04155,76053.1,-1,2.7858e-09,1,0
0.0050547,0.38379,0.0569522,0.761137,4.041,75927.3,-1,1.08751e-09,1,0
0.00505519,0.38348,0.0569373,0.761403,4.04279,75858.7,-1,1.09005e-10,1,0
0.00505601,0.383762,0.0563331,0.76127,4.03836,75902.2,-1,7.222e-10,1,0
0.00505623,0.383713,0.0563746,0.761076,4.04104,75889.2,-1,1.84113e-10,1,0
0.00505769,0.382742,0.0551091,0.761788,4.03802,75675.3,-1,1.7464e-09,1,0
0.00505913,0.38162,0.0551722,0.762387,4.03706,75432.1,-1,1.14642e-09,1,0
0.00506014,0.381509,0.0544548,0.763344,4.03706,75394.9,-1,1.14642e-09,1,0
0.00506178,0.381326,0.0532836,0.764906,4.03788,75334.3,-1,3.72367e-09,1,0
0.00506318,0.38008,0.0535396,0.765983,4.03857,75067.5,-1,1.6666e-09,1,0
0.00506499,0.381655,0.0526436,0.764817,4.03952,75351.7,-1,2.15521e-09,1,0
0.00506577,0.38161,0.052298,0.765635,4.03902,75331.2,-1,1.77152e-10,1,0
0.00506733,0.383332,0.053004,0.765618,4.03775,75647.7,-1,1.86039e-09,1,0
0.00506867,0.382968,0.0534898,0.767099,4.03773,75555.9,-1,1.86039e-09,1,0
0.00506927,0.382806,0.0537061,0.767759,4.03772,75515,-1,1.86039e-09,1,0
0.00507163,0.382638,0.0542646,0.770015,4.0379,75446.8,-1,4.17951e-10,1,0
0.00507334,0.382587,0.0543467,0.769255,4.03534,75411.2,-1,4.11242e-10,1,0
0.00507413,0.382531,0.0546581,0.769354,4.03495,75388.6,-1,5.44658e-10,1,0
0.00507609,0.381054,0.0532391,0.769731,4.0333,75068.4,-1,5.48112e-10,1,0
0.00507723,0.380144,0.052238,0.769664,4.03353,74872.4,-1,3.14466e-09,1,0
0.00507934,0.380915,0.0526405,0.772022,4.03168,74993.1,-1,2.51265e-09,1,0
0.00508007,0.380906,0.0533566,0.772532,4.03168,74980.4,-1,2.51265e-09,1,0
0.0050807,0.381024,0.0537291,0.773005,4.03133,74994.5,-1,4.14939e-10,1,0
0.00508245,0.379275,0.053388,0.773595,4.03164,74624.4,-1,1.83982e-09,1,0
0.00508287,0.379254,0.0531376,0.773452,4.0295,74614.1,-1,6.89574e-10,1,0
0.00508415,0.379154,0.053085,0.772507,4.03081,74575.6,-1,2.96897e-10,1,0
0.00508533,0.378646,0.0528629,0.771587,4.03292,74458.4,-1,2.51628e-11,1,0
0.00508587,0.378916,0.0528405,0.771556,4.03442,74503.7,-1,1.97893e-10,1,0
0.00508659,0.379394,0.0530617,0.772165,4.03434,74587,-1,5.55853e-10,1,0
0.00508788,0.38013,0.0541107,0.773006,4.03437,74712.9,-1,5.55853e-10,1,0
0.0050887,0.380071,0.0547898,0.773444,4.03438,74689.2,-1,4.7964e-10,1,0
0.00508927,0.379757,0.054262,0.773557,4.03456,74619.2,-1,3.95073e-11,1,0
0.00509039,0.379139,0.0530903,0.773595,4.03436,74481.2,-1,7.1759e-10,1,0
0.00509156,0.37946,0.0541935,0.774383,4.03437,74527.2,-1,7.1759e-10,1,0
0.00509258,0.379918,0.0551603,0.774491,4.03358,74602.3,-1,6.58265e-10,1,0
0.00509417,0.380011,0.0540664,0.776033,4.03383,74597.3,-1,6.97975e-10,1,0
0.00509527,0.380094,0.0532619,0.777069,4.03383,74597.5,-1,6.97975e-10,1,0
0.00509646,0.379899,0.0523306,0.777806,4.03469,74541.9,-1,4.14037e-10,1,0
0.00509812,0.379822,0.0532112,0.776941,4.03407,74502.3,-1,3.56675e-10,1,0
0.00509893,0.378959,0.0531122,0.777294,4.03329,74321.4,-1,2.98989e-10,1,0
0.00510022,0.378603,0.0521315,0.776157,4.03148,74232.6,-1,5.34231e-10,1,0
0.00510115,0.378234,0.0522148,0.776239,4.03545,74146.7,-1,6.53971e-10,1,0
0.00510281,0.378494,0.0508878,0.775266,4.03566,74173.6,-1,5.98501e-10,1,0
0.0051033,0.378715,0.0504963,0.774896,4.03391,74209.8,-1,5.81807e-10,1,0
0.00510422,0.378728,0.0512099,0.774279,4.02986,74199,-1,5.2417e-11,1,0
0.0051052,0.378036,0.0517815,0.774041,4.03135,74049.2,-1,4.43289e-10,1,0
0.00510602,0.377898,0.0514474,0.774903,4.03469,74010.1,-1,4.50789e-11,1,0
0.00510767,0.376768,0.0505275,0.774798,4.0341,73765.3,-1,1.50627e-09,1,0
0.0051086,0.375855,0.0501614,0.774643,4.03101,73573,-1,4.3751e-10,1,0
0.00510925,0.375489,0.0495348,0.774369,4.03099,73492,-1,4.3751e-10,1,0
0.00511026,0.374919,0.048559,0.773942,4.02967,73365.9,-1,1.98352e-09,1,0
0.00511084,0.375178,0.048336,0.774141,4.02856,73408.2,-1,8.72379e-11,1,0
0.005112,0.374556,0.0494134,0.774726,4.02853,73270,-1,8.72379e-11,1,0
0.00511328,0.374087,0.0488892,0.774284,4.03066,73159.8,-1,9.34139e-10,1,0
0.00511439,0.374683,0.0479542,0.7737,4.02956,73260.5,-1,9.98852e-10,1,0
0.005116,0.374502,0.0474822,0.772302,4.03063,73202.2,-1,1.00487e-09,1,0
0.00511635,0.374408,0.0472963,0.77227,4.02986,73178.7,-1,2.18385e-10,1,0
0.00511706,0.373832,0.0473042,0.772783,4.02804,73056,-1,4.09182e-10,1,0
0.00511764,0.37416,0.047044,0.773091,4.02732,73111.9,-1,2.36352e-11,1,0
0.0051197,0.373626,0.0483982,0.773846,4.02692,72978.1,-1,1.19082e-09,1,0
0.00512075,0.374239,0.0494738,0.773713,4.02626,73082.9,-1,1.24526e-09,1,0
0.00512156,0.374641,0.0498767,0.773995,4.02622,73149.7,-1,4.46974e-10,1,0
0.00512214,0.37418,0.0501225,0.774427,4.02584,73051.5,-1,2.29709e-10,1,0
0.00512291,0.374437,0.0504542,0.77409,4.0251,73090.8,-1,6.33824e-10,1,0
0.00512376,0.373934,0.0502548,0.774784,4.02838,72980.3,-1,4.96852e-10,1,0
0.00512407,0.374111,0.0501464,0.774781,4.03088,73010.6,-1,2.4199e-10,1,0
0.00512503,0.374535,0.0504418,0.77431,4.03104,73079.7,-1,8.56357e-10,1,0
0.00512605,0.373895,0.0503233,0.774725,4.02717,72940.3,-1,9.5436e-10,1,0
0.00512685,0.374208,0.0506257,0.775075,4.02981,72989.9,-1,1.48492e-10,1,0
0.0051275,0.374572,0.0501915,0.775598,4.03022,73051.7,-1,7.71274e-10,1,0
0.00512831,0.374694,0.0506519,0.775622,4.03246,73063.7,-1,3.81173e-11,1,0
0.00512901,0.374677,0.0503767,0.775013,4.02827,73050.5,-1,1.96159e-10,1,0
0.00513006,0.373485,0.0500924,0.775265,4.02873,72803.2,-1,1.25129e-09,1,0
0.00513072,0.373142,0.0495836,0.774775,4.02736,72727.1,-1,7.84839e-10,1,0
0.00513176,0.374028,0.0503124,0.774623,4.02587,72884.9,-1,2.95687e-12,1,0
0.00513297,0.373787,0.0497597,0.775733,4.02508,72820.7,-1,1.22221e-09,1,0
0.00513361,0.373602,0.049231,0.776246,4.02352,72775.7,-1,3.51357e-10,1,0
0.00513438,0.374357,0.0490927,0.775863,4.02402,72911.8,-1,8.62466e-10,1,0
0.00513596,0.373542,0.0488792,0.775481,4.02335,72730.7,-1,5.75717e-10,1,0
0.00513655,0.374123,0.0488042,0.775101,4.02362,72835.5,-1,6.98011e-10,1,0
0.00513748,0.374136,0.0490643,0.774726,4.02479,72824.8,-1,5.12909e-10,1,0
0.0051381,0.374388,0.0490659,0.774522,4.02304,72865.2,-1,4.54978e-10,1,0
0.0051399,0.373195,0.0504781,0.774689,4.02251,72607.4,-1,3.91636e-10,1,0
0.00514024,0.373401,0.0508052,0.774771,4.02307,72642.7,-1,2.15419e-11,1,0
0.00514205,0.371716,0.049499,0.774993,4.02282,72289.5,-1,2.14364e-09,1,0
0.00514303,0.372299,0.049601,0.774256,4.02142,72389,-1,6.43244e-10,1,0
0.00514487,0.373439,0.049923,0.776106,4.02147,72584.6,-1,6.43244e-10,1,0
0.00514575,0.373978,0.0500755,0.776981,4.02276,72677.2,-1,3.23592e-09,1,0
0.00514714,0.374429,0.0501144,0.77798,4.01829,72744.9,-1,1.24483e-09,1,0
0.0051476,0.374483,0.0502016,0.778483,4.01815,72749,-1,4.86638e-10,1,0
0.00514927,0.37546,0.0492718,0.777034,4.01652,72915.3,-1,1.9795e-09,1,0
0.0051506,0.375796,0.0490567,0.778329,4.01686,72961.5,-1,9.3127e-10,1,0
0.00515108,0.375842,0.0490426,0.778325,4.01731,72963.9,-1,7.3226e-11,1,0
0.00515256,0.376189,0.0499323,0.778283,4.01455,73010.1,-1,7.68117e-10,1,0
0.0051532,0.37601,0.0503059,0.778058,4.01303,72966.3,-1,1.13242e-09,1,0
0.00515362,0.375814,0.0500516,0.778446,4.01302,72922.4,-1,1.13242e-09,1,0
0.00515388,0.375652,0.0500018,0.778623,4.01285,72887.3,-1,8.73819e-10,1,0
0.00515434,0.37541,0.0502184,0.778718,4.01418,72833.7,-1,1.16735e-10,1,0
0.00515489,0.375523,0.0498342,0.779187,4.01525,72847.9,-1,3.83617e-10,1,0
0.00515562,0.374826,0.049331,0.779128,4.01521,72702.5,-1,3.83617e-10,1,0
0.00515596,0.374516,0.0490852,0.779199,4.01542,72637.6,-1,3.24066e-10,1,0
0.00515662,0.374804,0.0496129,0.779401,4.01618,72684.1,-1,6.73182e-10,1,0
0.00515736,0.375085,0.0489713,0.779103,4.01614,72728.2,-1,6.97253e-10,1,0
0.00515824,0.374883,0.0494315,0.779521,4.01396,72676.5,-1,4.26758e-10,1,0
0.00515915,0.37407,0.049166,0.779998,4.01536,72506.2,-1,3.26891e-10,1,0
0.00516052,0.374233,0.0489211,0.781155,4.01377,72518.6,-1,8.02145e-10,1,0
0.0051622,0.37454,0.0503063,0.782094,4.01252,72554.4,-1,1.44266e-09,1,0
0.00516371,0.375281,0.0488796,0.782889,4.01256,72676.6,-1,1.44266e-09,1,0
0.00516583,0.374972,0.0471732,0.784428,4.01277,72587.1,-1,2.60145e-09,1,0
0.00516657,0.374544,0.0468637,0.785025,4.01387,72493.8,-1,2.32706e-09,1,0
0.00516788,0.373486,0.0463537,0.785501,4.01216,72270.6,-1,1.03498e-09,1,0
0.00516979,0.37474,0.0451702,0.786973,4.01222,72486.6,-1,1.03498e-09,1,0
0.00517065,0.375306,0.0446366,0.787636,4.01192,72583.9,-1,3.44624e-09,1,0
0.00517186,0.374369,0.0448619,0.7887,4.00968,72385.8,-1,1.43557e-09,1,0
0.00517244,0.374147,0.0444645,0.788173,4.00966,72334.7,-1,1.43557e-09,1,0
0.0051734,0.373786,0.0438176,0.787316,4.00965,72251.6,-1,1.43557e-09,1,0
0.00517423,0.373507,0.0433062,0.786625,4.0072,72186,-1,4.12886e-11,1,0
0.00517501,0.372812,0.0431457,0.786266,4.00687,72040.7,-1,2.24624e-10,1,0
0.00517542,0.372805,0.0435452,0.786003,4.00687,72033.8,-1,2.24624e-10,1,0
0.00517681,0.372815,0.0449262,0.785199,4.00908,72016.4,-1,1.06935e-10,1,0
0.00517769,0.372543,0.0450366,0.784192,4.00907,71951.5,-1,1.06935e-10,1,0
0.00517854,0.372281,0.0451429,0.783222,4.00868,71889.2,-1,2.05878e-09,1,0
0.00517977,0.37344,0.0458027,0.782622,4.00873,72095.8,-1,2.05878e-09,1,0
0.0051809,0.373589,0.0458564,0.781517,4.00774,72108.9,-1,6.95157e-10,1,0
0.00518242,0.373573,0.0454057,0.779862,4.00773,72084.6,-1,5.64199e-10,1,0
0.00518354,0.372567,0.0451711,0.779991,4.00729,71875,-1,4.4964e-11,1,0
0.00518467,0.371909,0.0454458,0.77988,4.00845,71732.5,-1,5.79822e-10,1,0
0.00518519,0.372417,0.0456077,0.779913,4.00814,71823.2,-1,1.13701e-10,1,0
0.0051866,0.373904,0.046373,0.779793,4.00821,72090.4,-1,1.13701e-10,1,0
0.00518757,0.373162,0.0469042,0.779986,4.01152,71933.8,-1,2.32584e-09,1,0
0.00518775,0.373196,0.0467933,0.780007,4.01111,71938.1,-1,1.15974e-10,1,0
0.00518885,0.37267,0.0456572,0.779668,4.01159,71821.3,-1,3.29645e-10,1,0
0.00518917,0.372511,0.045338,0.779542,4.01158,71786.2,-1,3.29645e-10,1,0
0.00518949,0.37228,0.0451859,0.779304,4.01114,71737.3,-1,1.50191e-09,1,0
0.00519151,0.372625,0.0441746,0.777622,4.01067,71775.8,-1,1.63582e-09,1,0
0.00519297,0.37207,0.0458156,0.777432,4.01064,71648.8,-1,1.63582e-09,1,0
0.00519439,0.372903,0.0466744,0.777693,4.01157,71789.5,-1,1.11145e-09,1,0
0.0051951,0.3729,0.0465177,0.778094,4.01312,71779.1,-1,3.3646e-10,1,0
0.00519592,0.372917,0.0470822,0.778851,4.0118,71771.1,-1,8.91747e-10,1,0
0.00519744,0.373112,0.0484163,0.780056,4.01169,71787.7,-1,2.39981e-09,1,0
0.00519791,0.373079,0.0488772,0.780273,4.01287,71774.8,-1,3.00088e-11,1,0
0.00519898,0.372074,0.0482093,0.779955,4.0113,71566.7,-1,1.24553e-09,1,0
0.00519953,0.372017,0.0477355,0.779851,4.00775,71548.3,-1,1.24079e-10,1,0
0.00520205,0.369642,0.0470135,0.77966,4.00926,71057,-1,9.0942e-10,1,0
0.00520347,0.368004,0.0470168,0.779519,4.00782,70722.8,-1,3.86105e-09,1,0
0.00520399,0.36778,0.0469983,0.778972,4.0045,70672.6,-1,1.83591e-11,1,0
0.00520486,0.367593,0.0469684,0.779085,4.00244,70624.9,-1,5.41463e-10,1,0
0.00520573,0.367648,0.0475218,0.779827,4.00305,70623.7,-1,1.19948e-10,1,0
0.0052069,0.367458,0.0483529,0.780459,4.00087,70571.2,-1,4.7086e-10,1,0
0.005208,0.367141,0.0488177,0.780146,4.00247,70495.6,-1,5.02582e-10,1,0
0.00520841,0.367195,0.0489533,0.780136,4.0036,70500.3,-1,1.83914e-10,1,0
0.00520898,0.367555,0.0494714,0.78027,4.00594,70561.8,-1,1.54149e-11,1,0
0.0052102,0.366909,0.0488236,0.780195,4.00478,70421.3,-1,2.8899e-10,1,0
0.00521059,0.367148,0.0487331,0.780579,4.00604,70462,-1,4.6111e-10,1,0
0.00521209,0.36563,0.0480158,0.781141,4.00684,70150.4,-1,1.77113e-09,1,0
0.0052131,0.365869,0.0488973,0.7818,4.00518,70182.5,-1,3.54319e-10,1,0
0.00521471,0.365719,0.0486426,0.782472,4.00289,70132.1,-1,6.30967e-10,1,0
0.00521639,0.365811,0.0479861,0.784348,4.00054,70127.2,-1,2.76294e-09,1,0
0.00521824,0.365009,0.0484664,0.78334,4.00193,69948.6,-1,9.48145e-10,1,0
0.00521966,0.365574,0.0486424,0.784363,4.00104,70037.8,-1,4.41705e-10,1,0
0.00522031,0.365697,0.047988,0.784132,4.00181,70052.7,-1,6.171e-10,1,0
0.00522203,0.365275,0.0488304,0.783865,4.00234,69948.7,-1,1.08341e-09,1,0
0.00522425,0.365025,0.0514317,0.783588,4.00233,69871.4,-1,2.62799e-09,1,0
0.00522517,0.365231,0.0506987,0.783141,4.00408,69898.4,-1,8.13019e-10,1,0
0.00522629,0.366039,0.0509235,0.782307,4.00546,70038.1,-1,8.96743e-10,1,0
0.0052268,0.366291,0.0505205,0.782173,4.00147,70079.4,-1,4.2131e-11,1,0
0.00522832,0.364703,0.0498594,0.781627,4.00007,69755.3,-1,1.83688e-09,1,0
0.00522902,0.364515,0.05057,0.781247,3.99771,69710,-1,8.27585e-10,1,0
0.00523068,0.365426,0.0492961,0.782447,3.99875,69862.1,-1,1.97308e-09,1,0
0.00523148,0.364985,0.0498202,0.782867,3.99719,69767.1,-1,6.32548e-10,1,0
0.00523331,0.365491,0.0500864,0.784522,3.99804,69839.3,-1,9.6942e-10,1,0
0.00523478,0.364775,0.0501885,0.786108,3.998,69683,-1,9.6942e-10,1,0
0.00523565,0.364221,0.0501144,0.786197,3.99452,69565.6,-1,4.24272e-10,1,0
0.00523586,0.364207,0.0500681,0.78616,3.99898,69560.1,-1,1.08245e-10,1,0
0.00523642,0.363716,0.0498776,0.785742,4.00048,69458.8,-1,6.72561e-10,1,0
0.0052373,0.363068,0.0497971,0.785991,4.00038,69323.6,-1,3.33528e-10,1,0
0.00523862,0.363846,0.0490356,0.786009,4.00336,69454.5,-1,1.24913e-09,1,0
0.00523924,0.363841,0.0488875,0.786639,4.00077,69445.3,-1,6.28849e-11,1,0
0.00524037,0.364218,0.0483301,0.787276,3.99975,69502.4,-1,1.46289e-09,1,0
0.00524214,0.362809,0.0487102,0.787937,3.99718,69210.1,-1,7.62138e-10,1,0
0.00524343,0.361489,0.0491561,0.788553,3.99712,68941.3,-1,7.62138e-10,1,0
0.00524419,0.361238,0.049802,0.788585,3.99648,68883.6,-1,5.58068e-10,1,0
0.00524466,0.361299,0.0492489,0.788534,3.99648,68889.1,-1,5.58068e-10,1,0
0.00524603,0.361776,0.0478417,0.788934,3.99638,68961.8,-1,9.80263e-10,1,0
0.00524737,0.362618,0.0487589,0.788664,3.9964,69104.8,-1,8.59209e-10,1,0
0.00524753,0.362763,0.0486292,0.788618,3.99604,69130.2,-1,4.56598e-10,1,0
0.0052489,0.362418,0.0490248,0.790149,3.99602,69046.5,-1,4.56598e-10,1,0
0.00524911,0.362365,0.0490855,0.790384,3.99824,69033.6,-1,1.86705e-09,1,0
0.00525073,0.36417,0.0488688,0.791024,3.99833,69356.1,-1,1.86705e-09,1,0
0.00525193,0.364146,0.0487866,0.792351,4.00228,69335.7,-1,1.24585e-09,1,0
0.00525275,0.364263,0.0487809,0.792877,4.00424,69347.2,-1,2.95324e-10,1,0
0.0052536,0.363732,0.0485287,0.792048,4.00613,69234.8,-1,1.01682e-09,1,0
0.00525461,0.364331,0.0484643,0.791127,4.00146,69335.4,-1,1.14649e-09,1,0
0.00525504,0.364455,0.0480558,0.791416,4.00611,69353.4,-1,5.15781e-10,1,0
0.00525564,0.364155,0.0483906,0.791802,4.00569,69288.5,-1,5.59663e-11,1,0
0.00525636,0.363774,0.047713,0.7917,4.00473,69206.4,-1,1.02237e-10,1,0
0.00525668,0.363885,0.047406,0.791705,4.00482,69223.4,-1,2.59596e-10,1,0
0.0052581,0.363964,0.0479213,0.793049,4.00616,69219.6,-1,4.37665e-10,1,0
0.00525935,0.363023,0.0490621,0.793191,4.00571,69024.3,-1,1.48537e-09,1,0
0.0052606,0.36266,0.0494944,0.793244,4.00708,68938.9,-1,6.31634e-10,1,0
0.00526227,0.362724,0.0507113,0.792967,4.00468,68929.2,-1,2.2723e-09,1,0
0.00526329,0.36242,0.0503364,0.791846,4.00467,68858,-1,2.2723e-09,1,0
0.00526466,0.3628,0.0507558,0.791282,4.00533,68912.4,-1,3.92352e-10,1,0
0.00526503,0.362787,0.0510527,0.791035,4.00562,68904.9,-1,3.41759e-10,1,0
0.00526588,0.362365,0.0512435,0.791096,4.00579,68813.8,-1,5.59363e-10,1,0
0.00526631,0.362363,0.0510646,0.791483,4.00303,68807.7,-1,6.84972e-11,1,0
0.00526707,0.362224,0.0504426,0.791682,4.00174,68771.4,-1,9.13733e-10,1,0
0.00526739,0.362379,0.0503677,0.791566,4.00188,68796.6,-1,6.02652e-10,1,0
0.00526929,0.363933,0.0517322,0.791947,4.00015,69066.7,-1,1.48966e-09,1,0
0.00527056,0.364404,0.0503774,0.791501,3.99958,69139.6,-1,1.50228e-09,1,0
0.0052709,0.364702,0.0505397,0.791689,3.99944,69191.6,-1,4.65696e-11,1,0
0.00527233,0.364768,0.0490102,0.790955,3.99867,69185.4,-1,1.69775e-09,1,0
0.0052735,0.365247,0.0477515,0.791286,3.99869,69260.8,-1,1.69775e-09,1,0
0.00527509,0.365889,0.0465155,0.79182,4.00307,69361.7,-1,1.88579e-10,1,0
0.00527687,0.36517,0.0458674,0.792217,4.00086,69202,-1,1.24558e-09,1,0
0.00527728,0.365387,0.0458989,0.792325,4.00025,69237.7,-1,1.75399e-10,1,0
0.0052778,0.365679,0.0455528,0.792654,3.99943,69286.4,-1,3.50287e-10,1,0
0.00527832,0.366137,0.0454062,0.793056,4.00093,69366.1,-1,8.4202e-10,1,0
0.00527915,0.36671,0.0460913,0.792803,4.00345,69463.8,-1,8.10346e-10,1,0
0.00527992,0.366878,0.0452945,0.79313,4.00249,69485.6,-1,8.47674e-10,1,0
0.00528055,0.367449,0.044894,0.792869,4.00002,69585.3,-1,8.06632e-10,1,0
0.00528156,0.367281,0.0455513,0.792702,4.00066,69540.2,-1,5.55224e-10,1,0
0.00528247,0.367108,0.04625,0.792154,3.99963,69495.5,-1,4.66175e-10,1,0
0.00528304,0.367365,0.0468511,0.792261,4.00143,69536.7,-1,6.59294e-10,1,0
0.00528469,0.367285,0.0480384,0.792376,4.00263,69499.8,-1,1.43939e-09,1,0
0.00528664,0.367663,0.0473406,0.79177,3.99879,69545.7,-1,1.44143e-10,1,0
0.00528737,0.367095,0.0470752,0.791695,3.99998,69428.6,-1,1.7972e-11,1,0
0.00528766,0.36697,0.0471288,0.791939,3.99954,69401.3,-1,2.99988e-10,1,0
0.00528906,0.367582,0.0468428,0.793338,4.00003,69498.6,-1,1.19204e-09,1,0
0.00528963,0.367414,0.0462557,0.793414,4.00086,69459.2,-1,6.27798e-10,1,0
0.00528988,0.367542,0.0461015,0.793258,3.99878,69480.2,-1,2.40119e-10,1,0
0.00529076,0.367477,0.0460041,0.792472,3.99869,69456.4,-1,1.77465e-10,1,0
0.00529119,0.367088,0.0460868,0.792495,3.99871,69377.3,-1,1.34634e-10,1,0
0.00529308,0.36514,0.0468598,0.793292,3.9956,68984.4,-1,2.62026e-09,1,0
0.00529335,0.365356,0.0466957,0.793202,3.99367,69021.8,-1,8.37022e-11,1,0
0.00529461,0.366075,0.0477315,0.792459,3.99362,69141,-1,1.28424e-10,1,0
0.00529541,0.366364,0.0469875,0.792683,3.99967,69185.2,-1,8.0743e-10,1,0
0.00529697,0.36606,0.0464757,0.794435,3.99965,69107.4,-1,8.0743e-10,1,0
0.00529787,0.366272,0.0469697,0.795222,3.99991,69135.7,-1,2.19413e-09,1,0
0.00529815,0.366386,0.0471827,0.795041,4.0023,69153.7,-1,8.56371e-10,1,0
0.00529851,0.366327,0.0471693,0.794807,4.00094,69137.7,-1,5.02324e-10,1,0
0.00529892,0.366289,0.04719,0.79453,3.99919,69125.2,-1,2.64086e-10,1,0
0.00530076,0.367916,0.047492,0.79356,3.99863,69408.1,-1,3.42199e-10,1,0
0.00530227,0.367299,0.0488475,0.794545,3.99875,69272,-1,2.78908e-11,1,0
0.00530297,0.366709,0.0488721,0.794438,4.00002,69151.6,-1,4.30374e-10,1,0
0.00530359,0.366302,0.0488874,0.794307,3.99964,69066.7,-1,7.56453e-11,1,0
0.00530479,0.366195,0.048176,0.793237,3.99948,69030.9,-1,2.13148e-10,1,0
0.00530528,0.366447,0.0479398,0.793278,4.00139,69072.2,-1,4.55853e-10,1,0
0.00530644,0.365938,0.0481327,0.792953,4.00043,68961,-1,2.21064e-10,1,0
0.00530805,0.366812,0.0484122,0.79263,3.999,69104.8,-1,8.02288e-10,1,0
0.00530966,0.367351,0.0469815,0.793765,3.99793,69185.4,-1,1.9041e-09,1,0
0.00531076,0.367662,0.0461556,0.793475,3.99742,69229.6,-1,1.04831e-11,1,0
0.00531096,0.367553,0.0461205,0.793663,3.99665,69206.4,-1,1.64313e-10,1,0
0.00531141,0.367646,0.0466256,0.793799,3.99665,69218.1,-1,4.02858e-11,1,0
0.00531195,0.367716,0.0472313,0.793996,3.9968,69224.2,-1,6.4069e-10,1,0
0.00531359,0.368276,0.0461772,0.794737,3.99762,69308.3,-1,9.31514e-10,1,0
0.00531472,0.367774,0.0460831,0.793499,3.99686,69199.1,-1,1.38849e-09,1,0
0.00531539,0.367671,0.0464389,0.793952,3.99814,69171,-1,2.81426e-10,1,0
0.00531652,0.368641,0.045579,0.793717,4.00044,69338.8,-1,5.30992e-10,1,0
0.00531708,0.369125,0.0451423,0.793595,4.0006,69422.5,-1,1.98658e-09,1,0
0.00531795,0.368586,0.0452275,0.794467,3.99864,69309.8,-1,1.02857e-09,1,0
0.0053183,0.368543,0.0455878,0.794464,3.99969,69297.1,-1,1.90996e-10,1,0
0.00531919,0.368852,0.0465771,0.794228,3.99971,69343.5,-1,1.90996e-10,1,0
0.00532074,0.368944,0.0477817,0.793552,3.99986,69340.6,-1,4.83875e-10,1,0
0.00532101,0.369032,0.0476844,0.793762,3.99812,69353.7,-1,6.2646e-11,1,0
0.00532143,0.369214,0.0477624,0.794104,4.00016,69382.5,-1,1.14045e-10,1,0
0.00532222,0.369121,0.0481419,0.794911,4.0008,69354.7,-1,7.63965e-10,1,0
0.00532419,0.367375,0.0467882,0.79543,4.00193,69001.1,-1,1.6666e-09,1,0
0.00532526,0.367971,0.0477048,0.795732,4.0004,69099.1,-1,4.48794e-10,1,0
0.00532593,0.36799,0.0473016,0.795187,3.99993,69093.9,-1,3.38068e-10,1,0
0.00532648,0.367911,0.0476911,0.7957,4.00007,69072.1,-1,6.48998e-10,1,0
0.00532699,0.368313,0.0479253,0.795898,3.99954,69140.8,-1,5.08878e-10,1,0
0.0053284,0.367436,0.047507,0.795345,3.99736,68958.1,-1,1.24542e-09,1,0
0.00533001,0.368316,0.0467138,0.796844,3.99899,69102.4,-1,2.11996e-09,1,0
0.005331,0.3686,0.0466925,0.796292,3.99839,69142.7,-1,5.54803e-10,1,0
0.00533155,0.368586,0.0466757,0.796321,4.00358,69132.9,-1,3.18118e-10,1,0
0.00533237,0.369275,0.0463321,0.795737,4.00361,69251.6,-1,3.18118e-10,1,0
0.00533467,0.371189,0.0457352,0.793923,4.00312,69580.5,-1,1.48396e-09,1,0
0.00533633,0.372076,0.0474818,0.79422,4.00317,69724.9,-1,1.48396e-09,1,0
0.00533729,0.372584,0.0484845,0.794337,4.00317,69807.8,-1,2.93033e-09,1,0
0.00533775,0.372762,0.0488046,0.794199,4.0039,69835,-1,1.08062e-10,1,0
0.00533841,0.373132,0.0481186,0.794186,4.00391,69895.7,-1,1.08062e-10,1,0
0.00533943,0.372607,0.048287,0.794367,3.99879,69784.1,-1,2.31121e-10,1,0
0.00534092,0.372436,0.0481213,0.796018,3.99947,69732.6,-1,2.16351e-10,1,0
0.00534232,0.372629,0.0486839,0.797222,3.99968,69750.5,-1,8.53731e-10,1,0
0.00534258,0.372582,0.0488484,0.797213,3.9993,69738.3,-1,2.20967e-10,1,0
0.00534338,0.372286,0.0487285,0.797907,3.99946,69672.5,-1,9.95149e-11,1,0
0.00534399,0.372768,0.0485677,0.797657,3.99942,69754.6,-1,5.46934e-10,1,0
0.00534536,0.371554,0.048968,0.796644,3.99871,69509.6,-1,1.63071e-09,1,0
0.00534578,0.371341,0.0487247,0.796751,4.00012,69464.3,-1,2.10201e-10,1,0
0.00534744,0.370025,0.0481334,0.796687,4.001,69196.7,-1,5.57592e-10,1,0
0.00534859,0.369865,0.0471919,0.796618,4.00137,69151.9,-1,1.12692e-09,1,0
0.00535003,0.36885,0.0485346,0.796583,4.00096,68943.6,-1,1.67057e-09,1,0
0.0053515,0.369062,0.0489064,0.794952,4.00058,68964.2,-1,2.76114e-10,1,0
0.00535214,0.369243,0.048658,0.794496,4.00344,68989.7,-1,2.86078e-10,1,0
0.00535316,0.369414,0.0498479,0.794636,4.00345,69008.6,-1,2.86078e-10,1,0
0.00535338,0.36921,0.0498521,0.794783,4.00646,68967.6,-1,1.97487e-10,1,0
0.00535513,0.367614,0.0495253,0.79607,4.00638,68647.1,-1,1.97487e-10,1,0
0.005357,0.36594,0.0491732,0.797463,4.00442,68310.5,-1,4.60732e-11,1,0
0.0053577,0.366494,0.0490339,0.79686,4.00343,68405.1,-1,8.30941e-10,1,0
0.00535796,0.366345,0.0492034,0.796645,4.00374,68373.8,-1,4.8475e-15,1,0
0.0053589,0.366015,0.0493743,0.796588,4.00374,68300.3,-1,4.47858e-10,1,0
0.00535999,0.366632,0.0494489,0.79635,4.00544,68401.7,-1,3.23138e-10,1,0
0.00536044,0.366699,0.0494059,0.796555,4.00586,68408.4,-1,1.30054e-10,1,0
0.00536098,0.366369,0.049541,0.796013,4.00533,68339.8,-1,6.49258e-10,1,0
0.00536214,0.365866,0.0502008,0.794928,4.00614,68231.4,-1,1.31454e-09,1,0
0.00536302,0.366006,0.0504977,0.793952,4.00673,68246.2,-1,1.0493e-09,1,0
0.00536324,0.366151,0.0506657,0.79381,4.00679,68270.5,-1,2.81005e-10,1,0
0.00536436,0.365861,0.0510951,0.79323,4.00485,68202.3,-1,6.17545e-10,1,0
0.00536571,0.365701,0.0514707,0.791906,4.00659,68155.1,-1,2.91204e-11,1,0
0.00536727,0.366794,0.0508622,0.792358,4.0065,68339.1,-1,1.24548e-09,1,0
0.0053688,0.366072,0.0497639,0.793409,4.00554,68185.1,-1,1.28548e-09,1,0
0.00536977,0.365727,0.0498168,0.792605,4.00588,68108.5,-1,9.81772e-11,1,0
0.00537144,0.365375,0.0514468,0.793257,4.00434,68021.7,-1,1.03514e-10,1,0
0.0053735,0.365016,0.0533566,0.79395,4.00252,67928.9,-1,1.98323e-10,1,0
0.00537493,0.364691,0.0522551,0.793298,4.00205,67850.5,-1,1.41089e-10,1,0
0.00537624,0.36529,0.0515238,0.793804,4.00078,67945.2,-1,9.06015e-10,1,0
0.00537741,0.365521,0.0510515,0.793184,4.00031,67973.5,-1,5.1001e-10,1,0
0.005379,0.366549,0.0499826,0.792221,3.9993,68144.3,-1,1.23712e-09,1,0
0.00538012,0.367423,0.0505899,0.791878,3.99952,68292.8,-1,3.47717e-10,1,0
0.00538084,0.367619,0.0508297,0.791889,4.0008,68320,-1,5.51335e-10,1,0
0.0053814,0.367598,0.0501734,0.791846,3.99992,68308.9,-1,3.3667e-11,1,0
0.00538255,0.367456,0.0488459,0.791722,3.99599,68268,-1,7.87794e-11,1,0
0.00538357,0.367775,0.0496304,0.792213,3.99572,68314.3,-1,5.08134e-10,1,0
0.00538397,0.367726,0.0500949,0.792243,3.99572,68300.2,-1,5.08134e-10,1,0
0.00538566,0.366679,0.0498629,0.792415,3.99852,68084.4,-1,4.46745e-10,1,0
0.00538682,0.365585,0.0491351,0.792699,3.99911,67866.6,-1,2.36811e-11,1,0
0.00538796,0.364506,0.048423,0.793082,3.99906,67652.1,-1,2.36811e-11,1,0
0.0053882,0.364492,0.0483348,0.792894,3.99855,67646.5,-1,2.27367e-10,1,0
0.00538965,0.364378,0.0479679,0.794579,3.99854,67606.9,-1,1.72777e-09,1,0
0.005391,0.36377,0.0477174,0.795429,3.99853,67477.2,-1,6.78883e-10,1,0
0.00539217,0.363672,0.0463548,0.795691,3.99853,67444.4,-1,6.78883e-10,1,0
0.00539378,0.362792,0.0464737,0.794133,3.99909,67261.2,-1,1.81371e-09,1,0
0.00539411,0.362783,0.0463921,0.794388,3.99822,67255.4,-1,3.21229e-10,1,0
0.00539487,0.362121,0.0463659,0.794739,3.99826,67123.2,-1,7.5349e-10,1,0
0.00539561,0.362479,0.0457171,0.794785,3.99871,67180.3,-1,6.73572e-10,1,0
0.00539694,0.363374,0.0447615,0.794028,3.99738,67329.6,-1,7.044e-10,1,0
0.00539804,0.362358,0.0451715,0.794639,3.99553,67127.7,-1,1.24524e-09,1,0
0.00539847,0.36261,0.0453735,0.794844,3.99613,67169,-1,2.95652e-11,1,0
0.0053986,0.36263,0.0454963,0.794927,3.99647,67171,-1,1.21645e-10,1,0
0.00539996,0.363074,0.0461139,0.796342,3.99649,67236.4,-1,1.21645e-10,1,0
0.00540105,0.362432,0.0452353,0.797017,3.99367,67103.9,-1,1.62558e-09,1,0
0.00540263,0.361131,0.0450407,0.797399,3.99263,66843.6,-1,5.14932e-10,1,0
0.00540329,0.360521,0.0454852,0.797637,3.9926,66722.4,-1,5.14932e-10,1,0
0.00540351,0.360325,0.0456281,0.797714,3.99241,66683.5,-1,1.874e-09,1,0
0.00540499,0.36114,0.0465994,0.796974,3.99301,66816.2,-1,1.14535e-09,1,0
0.00540534,0.361079,0.0467741,0.796964,3.9933,66800.4,-1,1.41349e-10,1,0
0.0054066,0.361373,0.0474424,0.797373,3.99415,66839.4,-1,1.00994e-09,1,0
0.00540744,0.360538,0.0469866,0.797685,3.99484,66674.3,-1,2.20591e-12,1,0
0.00540776,0.360552,0.0466729,0.797471,3.99487,66673,-1,3.80179e-10,1,0
0.00540814,0.360327,0.0465955,0.797586,3.99448,66626.8,-1,4.73651e-11,1,0
0.00540896,0.360014,0.0457262,0.797377,3.99673,66558.8,-1,1.7127e-10,1,0
0.00540978,0.359524,0.0461255,0.797532,3.99494,66458.2,-1,7.56683e-10,1,0
0.00541132,0.358248,0.0466298,0.798739,3.99488,66203.5,-1,7.56683e-10,1,0
0.00541203,0.357664,0.0468604,0.799291,3.99485,66087,-1,7.56683e-10,1,0
0.0054128,0.357024,0.0471135,0.799896,3.99482,65959.2,-1,7.56683e-10,1,0
0.00541354,0.356411,0.0473555,0.800475,3.99571,65837.1,-1,4.45676e-09,1,0
0.00541498,0.356194,0.0473825,0.802046,3.99656,65779.4,-1,1.33157e-09,1,0
0.00541727,0.354595,0.0485931,0.803384,3.99487,65456.3,-1,2.25269e-09,1,0
0.00541785,0.354593,0.0490678,0.803403,3.99384,65449,-1,1.19145e-10,1,0
0.00541884,0.354801,0.0489606,0.803141,3.99694,65475.4,-1,5.99075e-10,1,0
0.00541963,0.35436,0.0489307,0.803271,4.00026,65384.4,-1,2.45176e-10,1,0
0.00541996,0.354608,0.0487719,0.803137,4.00079,65426.4,-1,3.5356e-10,1,0
0.00542073,0.354422,0.0496587,0.803255,4.00078,65382.8,-1,3.5356e-10,1,0
0.0054209,0.354455,0.0496548,0.80316,4.00194,65386.8,-1,9.81385e-10,1,0
0.00542153,0.354718,0.0492599,0.802571,4.00139,65427.6,-1,8.90003e-10,1,0
0.00542205,0.354385,0.0491088,0.802172,4.00054,65359.9,-1,1.09123e-10,1,0
0.00542291,0.355006,0.0496379,0.80177,4.00143,65464.2,-1,6.66033e-11,1,0
0.00542468,0.354273,0.0514531,0.800996,4.0014,65307.5,-1,6.66033e-11,1,0
0.00542544,0.353576,0.0517699,0.801264,4.0024,65170.1,-1,2.26362e-09,1,0
0.00542601,0.353508,0.0520026,0.801315,4.00022,65150.6,-1,3.29518e-11,1,0
0.0054271,0.354482,0.0527667,0.800941,4.00027,65317,-1,3.29518e-11,1,0
0.00542799,0.355273,0.0533875,0.800636,4.00031,65452.1,-1,3.29518e-11,1,0
0.00542969,0.356524,0.0544776,0.800822,4.00242,65661.8,-1,3.8531e-10,1,0
0.00543103,0.356094,0.0546639,0.800713,3.99987,65566.7,-1,8.18802e-10,1,0
0.00543182,0.356738,0.0543111,0.801099,4.00164,65675.6,-1,7.08091e-10,1,0
0.0054334,0.355428,0.0546024,0.80211,4.00515,65415.3,-1,2.10659e-10,1,0
0.00543424,0.354903,0.0540081,0.802714,4.00512,65308.8,-1,2.10659e-10,1,0
0.00543493,0.354833,0.0538216,0.803065,4.0046,65287.6,-1,2.67252e-10,1,0
0.00543569,0.355038,0.0533349,0.80329,4.00388,65316.1,-1,6.00698e-10,1,0
0.00543617,0.354767,0.0533712,0.802884,4.00276,65260.4,-1,4.79797e-10,1,0
0.00543701,0.354466,0.0535642,0.802866,4.00439,65195,-1,6.45352e-10,1,0
0.00543795,0.354798,0.0534136,0.803478,4.00555,65244.7,-1,4.77349e-10,1,0
0.00543975,0.354205,0.0541132,0.803971,4.00575,65114.1,-1,7.89868e-10,1,0
0.00544023,0.353793,0.0539018,0.803676,4.00348,65032.7,-1,1.50876e-11,1,0
0.00544133,0.35325,0.0549831,0.804007,4.00327,64919.7,-1,4.48961e-10,1,0
0.00544224,0.352587,0.0549608,0.804695,4.00214,64787.1,-1,2.61941e-10,1,0
0.00544322,0.352303,0.0555382,0.804936,3.99911,64723.3,-1,1.90215e-10,1,0
0.00544355,0.352331,0.0557677,0.804829,3.99794,64724.4,-1,1.33063e-10,1,0
0.0054445,0.351955,0.0559357,0.804007,4.00067,64644.2,-1,9.74323e-10,1,0
0.00544556,0.35203,0.0546872,0.804133,4.00067,64645.3,-1,9.74323e-10,1,0
0.00544608,0.352066,0.0540736,0.804194,3.9974,64645.8,-1,2.02521e-09,1,0
0.00544658,0.351962,0.0541706,0.80362,3.99739,64620.7,-1,2.02521e-09,1,0
0.00544711,0.351851,0.0542734,0.80301,3.99877,64594.1,-1,1.22002e-09,1,0
0.00544793,0.351837,0.0546356,0.802765,3.99732,64581.8,-1,2.83869e-10,1,0
0.00544869,0.351737,0.054812,0.802352,3.99719,64554.5,-1,2.77629e-10,1,0
0.00544927,0.351297,0.0550621,0.802678,3.9984,64466.8,-1,1.93602e-10,1,0
0.00544991,0.351378,0.0553584,0.80227,4.00055,64473.9,-1,2.20605e-10,1,0
0.00545129,0.351592,0.0556886,0.800681,4.00096,64497,-1,2.17758e-09,1,0
0.00545186,0.351533,0.0557764,0.800818,4.00058,64479.5,-1,1.6197e-10,1,0
0.00545248,0.351161,0.0552749,0.800438,4.00056,64403.9,-1,1.6197e-10,1,0
0.00545436,0.350677,0.0548264,0.800812,4.00192,64293,-1,1.49753e-10,1,0
0.00545484,0.350852,0.054446,0.800419,4.00193,64319.4,-1,1.49753e-10,1,0
0.00545635,0.35142,0.0541092,0.798809,4.00191,64405.7,-1,8.75172e-10,1,0
0.00545756,0.351039,0.0538615,0.800127,4.0058,64321.5,-1,1.41709e-09,1,0
0.00545788,0.35106,0.0538576,0.799952,4.00859,64321.6,-1,1.83012e-10,1,0
0.00545942,0.351205,0.0536509,0.798141,4.00884,64330.1,-1,1.82862e-09,1,0
0.00546046,0.350308,0.0536404,0.797665,4.00246,64153.7,-1,5.55173e-11,1,0
0.00546064,0.350116,0.053614,0.797617,4.00842,64116.3,-1,7.61656e-12,1,0
0.00546161,0.349388,0.0544189,0.797816,4.00795,63971.7,-1,4.06186e-11,1,0
0.005463,0.349876,0.0556723,0.797605,4.01011,64044.7,-1,5.02309e-10,1,0
0.00546369,0.349633,0.0555194,0.798373,4.0101,63992.1,-1,5.02309e-10,1,0
0.00546437,0.350093,0.0552689,0.79852,4.00975,64068.2,-1,4.93631e-10,1,0
0.0054664,0.349056,0.0533206,0.797852,4.00751,63854.8,-1,1.92148e-10,1,0
0.00546683,0.34885,0.0532307,0.7978,4.01058,63812.1,-1,2.02847e-10,1,0
0.00546745,0.348476,0.0536187,0.798183,4.0102,63736.5,-1,3.32993e-10,1,0
0.00546817,0.348858,0.0531546,0.798256,4.00878,63797.9,-1,2.07162e-10,1,0
0.00546883,0.349408,0.0535312,0.798674,4.00881,63890.8,-1,2.07162e-10,1,0
0.005469,0.349369,0.0535665,0.798699,4.00394,63881.6,-1,1.08655e-10,1,0
0.00547039,0.349844,0.0542546,0.797368,4.00218,63952.3,-1,3.40232e-10,1,0
0.00547067,0.350063,0.0541668,0.797477,3.99817,63989,-1,5.94248e-11,1,0
0.00547176,0.351033,0.0539177,0.798286,3.99822,64153.6,-1,5.94248e-11,1,0
0.00547275,0.35184,0.0531939,0.798278,3.99598,64289.4,-1,9.30264e-10,1,0
0.00547288,0.351811,0.0530511,0.798235,3.99741,64282.6,-1,1.51911e-10,1,0
0.00547499,0.351343,0.051079,0.799701,3.99739,64172.4,-1,1.51911e-10,1,0
0.00547594,0.351663,0.0502879,0.799572,3.99935,64219.6,-1,7.15734e-10,1,0
0.00547688,0.35061,0.0500228,0.799622,3.99965,64016.4,-1,9.45276e-10,1,0
0.00547764,0.350872,0.0500243,0.799707,4.00012,64055.2,-1,3.32035e-10,1,0
0.00547906,0.351032,0.0484698,0.80012,3.99911,64067.9,-1,1.47131e-09,1,0
0.00548036,0.351126,0.0482025,0.801117,3.99835,64069.9,-1,1.07839e-09,1,0
0.00548152,0.351176,0.0469231,0.80094,4.00035,64065.3,-1,8.5447e-11,1,0
0.00548239,0.350275,0.0467182,0.800552,4.00075,63890.9,-1,9.22468e-10,1,0
0.00548296,0.34994,0.0470778,0.800449,3.99991,63823.3,-1,1.95552e-10,1,0
0.00548429,0.349016,0.0478812,0.799804,4.00064,63639.1,-1,1.34633e-09,1,0
0.00548537,0.348653,0.0487902,0.798988,4.00063,63560.6,-1,1.34633e-09,1,0
0.00548571,0.34849,0.0487752,0.798929,4.00219,63526.9,-1,2.0558e-10,1,0
0.00548684,0.348002,0.0483659,0.797912,4.00322,63424.9,-1,8.29983e-10,1,0
0.00548844,0.3492,0.0478725,0.797089,4.00422,63624.7,-1,1.20118e-09,1,0
0.00548891,0.349338,0.0474704,0.797395,4.00421,63644.4,-1,5.27973e-10,1,0
0.00548983,0.350025,0.0472303,0.796578,4.00425,63758.9,-1,5.27973e-10,1,0
0.00549124,0.351077,0.0468632,0.79533,4.00447,63933.9,-1,2.79855e-09,1,0
0.00549361,0.351517,0.0478156,0.793067,4.0035,63986.5,-1,1.108e-09,1,0
0.00549531,0.351837,0.0475842,0.793169,4.00156,64024.9,-1,1.1006e-09,1,0
0.00549654,0.352401,0.0488036,0.792588,4.00183,64113.3,-1,2.3824e-09,1,0
0.00549681,0.352421,0.0487674,0.792897,4.00299,64113.7,-1,2.1558e-10,1,0
0.00549775,0.352038,0.0485218,0.792796,4.00063,64033.1,-1,3.24394e-10,1,0
0.00549975,0.350847,0.048508,0.791559,4.00021,63793.2,-1,1.21285e-09,1,0
0.00550116,0.350972,0.0496036,0.790586,4.00088,63799.7,-1,9.88138e-10,1,0
0.0055021,0.351204,0.050375,0.789972,4.00004,63831,-1,1.07009e-09,1,0
0.00550327,0.351372,0.0516457,0.789443,4.00005,63847.8,-1,1.07009e-09,1,0
0.00550399,0.351001,0.0520805,0.789075,4.00095,63772.1,-1,4.48959e-10,1,0
0.00550522,0.349665,0.0523995,0.789571,4.00035,63515.3,-1,1.61665e-09,1,0
0.00550711,0.349418,0.0511944,0.789565,4.00214,63448.5,-1,8.62006e-10,1,0
0.00550773,0.349799,0.0516822,0.78996,4.0024,63510.5,-1,7.34232e-10,1,0
0.0055081,0.35013,0.0517154,0.789803,4.0026,63566.5,-1,1.28963e-10,1,0
0.005509,0.350506,0.052531,0.789222,4.00262,63624.3,-1,1.28963e-10,1,0
0.00550971,0.350597,0.0526608,0.789191,4.00131,63632.5,-1,3.96134e-10,1,0
0.0055101,0.350847,0.0528474,0.788994,4.00008,63673.6,-1,3.17737e-10,1,0
0.0055109,0.351219,0.0520366,0.789058,4.00076,63731.7,-1,3.57716e-10,1,0
0.00551153,0.351376,0.0514092,0.788765,4.00017,63752.9,-1,1.02607e-09,1,0
0.00551227,0.350947,0.0507771,0.789125,4.00039,63666.5,-1,3.52843e-10,1,0
0.00551324,0.350454,0.0499753,0.789644,4.0023,63565.9,-1,1.92275e-09,1,0
0.00551492,0.351982,0.049728,0.790151,4.0029,63823.5,-1,1.83121e-09,1,0
0.00551647,0.35142,0.0504786,0.790594,4.00195,63703.7,-1,1.46647e-09,1,0
0.00551797,0.351207,0.049365,0.791968,4.00285,63647.8,-1,2.39247e-09,1,0
0.0055185,0.351311,0.0491294,0.79186,4.00254,63660.6,-1,4.0184e-10,1,0
0.00551886,0.350949,0.0491928,0.791642,4.00253,63590.8,-1,4.0184e-10,1,0
0.00551953,0.351336,0.0491866,0.791084,4.00334,63653.2,-1,7.55743e-10,1,0
0.00551995,0.351565,0.049189,0.790794,4.00152,63689.8,-1,2.73733e-10,1,0
0.00552149,0.351528,0.0476427,0.790723,4.00227,63665.5,-1,1.08193e-10,1,0
0.00552262,0.351462,0.048217,0.791021,3.99992,63640.4,-1,1.00071e-09,1,0
0.00552345,0.351447,0.0490304,0.791572,4.00045,63628.2,-1,1.96849e-09,1,0
0.00552503,0.350739,0.048502,0.790965,3.99936,63481.9,-1,5.50048e-10,1,0
0.00552565,0.350511,0.0485901,0.791611,3.99955,63433.4,-1,6.31465e-10,1,0
0.00552693,0.349505,0.047742,0.792382,3.99992,63236.7,-1,1.62858e-09,1,0
0.0055286,0.34963,0.0480491,0.790879,3.99955,63240.1,-1,8.22621e-10,1,0
0.00553043,0.350093,0.0484048,0.790853,3.99861,63303,-1,9.26659e-10,1,0
0.00553148,0.349948,0.0493568,0.790771,3.99978,63264.8,-1,4.60407e-10,1,0
0.00553227,0.350699,0.0488179,0.790652,3.99982,63391.6,-1,4.60407e-10,1,0
0.00553404,0.350264,0.0485877,0.791471,4.00446,63292.6,-1,4.31859e-10,1,0
0.00553464,0.349696,0.0489984,0.791502,4.00063,63183.1,-1,2.6791e-10,1,0
0.0055362,0.350117,0.0491837,0.792333,4.00008,63241.5,-1,6.34716e-10,1,0
0.00553702,0.349466,0.0490388,0.793054,4.00005,63114.3,-1,6.34716e-10,1,0
0.0055378,0.34931,0.0493751,0.793889,3.99926,63077.5,-1,1.37553e-09,1,0
0.00553926,0.349069,0.0500022,0.795387,3.99732,63017.3,-1,4.33172e-11,1,0
0.00554155,0.347418,0.0489101,0.794054,3.99646,62693.3,-1,1.47309e-09,1,0
0.00554276,0.346723,0.048162,0.793857,3.99536,62554.2,-1,2.84141e-10,1,0
0.00554353,0.346457,0.0475677,0.793313,3.99521,62497.6,-1,5.7727e-10,1,0
0.00554401,0.346041,0.0472091,0.793466,3.99519,62417.2,-1,5.7727e-10,1,0
0.00554541,0.346315,0.0468877,0.793781,3.99379,62450.7,-1,1.35764e-09,1,0
0.00554679,0.347912,0.0472154,0.793975,3.99387,62723.1,-1,1.35764e-09,1,0
0.00554744,0.348505,0.0472636,0.794146,3.99197,62822.6,-1,1.28051e-10,1,0
0.00554823,0.348647,0.0469877,0.79326,3.99161,62839.2,-1,9.37858e-10,1,0
0.00554906,0.348323,0.0473919,0.793768,3.99414,62771.5,-1,1.40515e-10,1,0
0.0055513,0.346985,0.0486727,0.795665,3.99385,62505.3,-1,3.49526e-09,1,0
0.0055517,0.347291,0.048385,0.795879,3.99083,62555.8,-1,4.72108e-10,1,0
0.00555424,0.346234,0.0490581,0.795515,3.98955,62337,-1,2.09336e-09,1,0
0.005555,0.345489,0.0489896,0.795438,3.98835,62194.3,-1,8.14265e-10,1,0
0.00555732,0.346177,0.0485169,0.795822,3.98447,62292,-1,1.24544e-09,1,0
0.00555793,0.34608,0.0480076,0.795987,3.98159,62267.8,-1,8.80066e-10,1,0
0.00555843,0.346263,0.0485145,0.796232,3.98233,62295.1,-1,6.93908e-10,1,0
0.00555951,0.345318,0.0483419,0.796849,3.98166,62113.1,-1,7.26478e-10,1,0
0.00556007,0.344901,0.0487355,0.797018,3.98315,62031.8,-1,2.64838e-10,1,0
0.00556174,0.343889,0.0501579,0.797888,3.98111,61831.2,-1,7.12746e-11,1,0
0.00556255,0.34468,0.0498135,0.79832,3.98141,61964.3,-1,9.64744e-10,1,0
0.00556403,0.345159,0.0491105,0.798432,3.98099,62034,-1,7.57823e-10,1,0
0.00556526,0.344735,0.0495759,0.798805,3.98216,61944,-1,5.35188e-10,1,0
0.00556709,0.344696,0.0493476,0.7987,3.98288,61916.7,-1,1.13684e-09,1,0
0.00556804,0.345652,0.0488745,0.799036,3.98293,62077.9,-1,1.13684e-09,1,0
0.00556873,0.346407,0.0486412,0.799231,3.98299,62205.7,-1,6.3072e-10,1,0
0.00556907,0.346626,0.0484264,0.799471,3.98385,62241.2,-1,1.61215e-10,1,0
0.00557084,0.346122,0.049573,0.799651,3.98661,62131.1,-1,8.4985e-10,1,0
0.00557135,0.346181,0.0498956,0.799139,3.9867,62136,-1,6.08333e-10,1,0
0.00557199,0.346175,0.0504634,0.798642,3.9863,62127.7,-1,5.5291e-11,1,0
0.00557358,0.346181,0.0519297,0.797457,3.98727,62110.9,-1,2.59269e-09,1,0
0.0055745,0.345402,0.051323,0.797899,3.98734,61961.1,-1,6.05475e-10,1,0
0.00557512,0.344822,0.0509552,0.798166,3.98657,61850.1,-1,1.21733e-09,1,0
0.0055752,0.344852,0.050988,0.798216,3.98631,61854.5,-1,4.50331e-11,1,0
0.00557677,0.345042,0.0500027,0.798472,3.98514,61871.4,-1,7.51658e-10,1,0
0.00557728,0.344665,0.0498675,0.798644,3.98195,61798,-1,2.59877e-10,1,0
0.00557813,0.344224,0.0495569,0.798705,3.97889,61709.6,-1,3.92383e-10,1,0
0.00557887,0.343476,0.0494764,0.798402,3.97858,61567.3,-1,8.16503e-10,1,0
0.00557974,0.343273,0.0487859,0.798707,3.97703,61521.2,-1,3.99257e-11,1,0
0.00558165,0.342368,0.047683,0.800396,3.9795,61338.1,-1,2.50636e-11,1,0
0.00558301,0.342578,0.0484871,0.799697,3.9801,61360.8,-1,9.12728e-10,1,0
0.00558382,0.342016,0.0478392,0.799572,3.97892,61251.4,-1,8.36714e-10,1,0
0.0055844,0.342377,0.0478487,0.799172,3.97878,61309.6,-1,3.14496e-10,1,0
0.0055847,0.342641,0.0477112,0.799066,3.97702,61353.5,-1,6.57024e-10,1,0
0.00558508,0.342967,0.0478754,0.799244,3.97571,61407.8,-1,3.56679e-10,1,0
0.00558644,0.343317,0.048487,0.799088,3.97513,61455.4,-1,1.17e-09,1,0
0.00558681,0.343282,0.0483297,0.798677,3.97501,61445,-1,1.0463e-09,1,0
0.00558751,0.342638,0.0479212,0.798548,3.97471,61322.2,-1,9.91e-11,1,0
0.00558905,0.342789,0.0466353,0.797714,3.9739,61332.2,-1,1.20837e-09,1,0
0.00558929,0.342909,0.0465766,0.797496,3.97373,61351,-1,7.59382e-10,1,0
0.00559136,0.344398,0.0463552,0.798536,3.97453,61594.7,-1,1.24572e-09,1,0
0.00559184,0.344584,0.0466476,0.798931,3.97469,61622.7,-1,1.96757e-10,1,0
0.00559288,0.344444,0.0472489,0.799891,3.97354,61586.2,-1,8.92512e-10,1,0
0.00559392,0.343879,0.0471225,0.80093,3.97353,61473.7,-1,1.05715e-09,1,0
0.0055944,0.343591,0.0469735,0.801399,3.97368,61416.9,-1,1.45362e-09,1,0
0.00559563,0.342899,0.0461685,0.802316,3.97323,61279.8,-1,1.28545e-09,1,0
0.00559623,0.342945,0.0462032,0.802889,3.96896,61281.4,-1,3.82619e-11,1,0
0.00559677,0.342879,0.0464007,0.803436,3.97037,61263.7,-1,3.17542e-10,1,0
0.00559762,0.34208,0.0461565,0.803688,3.97233,61111.6,-1,9.19905e-10,1,0
0.005598,0.342255,0.0457853,0.80362,3.97266,61138.9,-1,2.41759e-10,1,0
0.00559869,0.34251,0.0452781,0.803258,3.97195,61176.7,-1,4.34696e-10,1,0
0.00559977,0.341488,0.0455641,0.803154,3.97268,60982.5,-1,1.11738e-09,1,0
0.00560084,0.342021,0.0448765,0.802477,3.97321,61066,-1,8.67381e-10,1,0
0.00560239,0.341801,0.0431079,0.802072,3.97338,61009.8,-1,1.66685e-09,1,0
0.00560447,0.340357,0.042588,0.801673,3.97435,60729.5,-1,1.7608e-09,1,0
0.0056063,0.338433,0.0435737,0.801546,3.97393,60366.6,-1,3.43042e-09,1,0
0.00560748,0.33873,0.043923,0.800815,3.97544,60406.9,-1,7.5867e-10,1,0
0.00560805,0.339334,0.0440041,0.800516,3.97563,60508.3,-1,6.47121e-10,1,0
0.00561,0.337871,0.0436962,0.799152,3.97534,60226.5,-1,1.79583e-09,1,0
0.00561066,0.337521,0.0438922,0.799162,3.97568,60157.2,-1,5.11676e-10,1,0
0.00561205,0.338141,0.044814,0.799057,3.97502,60252.6,-1,4.03305e-10,1,0
0.00561271,0.337893,0.0452653,0.799545,3.97392,60201.4,-1,4.33761e-10,1,0
0.00561392,0.337556,0.0459615,0.800416,3.9723,60128.4,-1,1.82421e-10,1,0
0.00561462,0.337956,0.0462827,0.799823,3.97607,60192,-1,5.77018e-10,1,0
0.0056151,0.337957,0.0461153,0.800296,3.97692,60187.1,-1,1.4365e-10,1,0
0.00561667,0.336672,0.0452312,0.800187,3.97741,59941.6,-1,1.27785e-09,1,0
0.00561929,0.336608,0.0442156,0.800241,3.97701,59902.2,-1,1.24529e-09,1,0
0.00562014,0.336463,0.0442356,0.799357,3.97352,59867.4,-1,7.89311e-11,1,0
0.00562182,0.335851,0.043728,0.797546,3.96976,59740.6,-1,1.17032e-09,1,0
0.00562276,0.335181,0.0438844,0.798412,3.96973,59611.4,-1,1.17032e-09,1,0
0.00562413,0.334147,0.044164,0.799621,3.96946,59413,-1,3.00625e-10,1,0
0.00562478,0.334278,0.0435287,0.799224,3.97188,59429.6,-1,7.60317e-10,1,0
0.00562528,0.333919,0.0438445,0.799532,3.97179,59360.5,-1,4.28576e-10,1,0
0.00562657,0.33374,0.0438492,0.798737,3.97212,59315,-1,8.58239e-10,1,0
0.00562795,0.332705,0.0448604,0.798646,3.97222,59116.5,-1,1.87184e-10,1,0
0.00562996,0.330892,0.0455706,0.79818,3.97295,58773.5,-1,5.81544e-10,1,0
0.00563087,0.331198,0.0449244,0.79765,3.96958,58818.2,-1,9.28509e-10,1,0
0.00563354,0.330152,0.0468332,0.795364,3.96853,58604.7,-1,3.28631e-09,1,0
0.00563424,0.330578,0.0470503,0.795263,3.96805,58673.1,-1,1.90813e-10,1,0
0.0056357,0.332268,0.0470182,0.794931,3.96922,58957.7,-1,1.7225e-09,1,0
0.0056368,0.331977,0.0465846,0.795674,3.96704,58894.6,-1,6.91982e-10,1,0
0.00563869,0.332027,0.0467091,0.796227,3.96704,58883.8,-1,1.35826e-09,1,0
0.00563945,0.332306,0.0461218,0.795653,3.96849,58925.2,-1,1.38348e-10,1,0
0.00564127,0.332671,0.0442292,0.795419,3.96935,58970.9,-1,8.80468e-10,1,0
0.00564207,0.332864,0.0442256,0.795479,3.96702,58996.8,-1,3.79543e-10,1,0
0.00564429,0.332838,0.0456026,0.793894,3.96605,58969,-1,1.74685e-09,1,0
0.00564481,0.332641,0.0458258,0.793361,3.96521,58928.6,-1,6.09447e-10,1,0
0.00564542,0.332223,0.0454346,0.793103,3.96529,58848.3,-1,1.60149e-10,1,0
0.0056463,0.331722,0.0446201,0.792697,3.96454,58750.4,-1,1.59678e-09,1,0
0.00564721,0.33198,0.0444023,0.792958,3.96377,58786.5,-1,4.77835e-10,1,0
0.0056475,0.331986,0.0445747,0.792895,3.96387,58784.6,-1,2.09296e-11,1,0
0.00564807,0.332086,0.0442351,0.793024,3.96767,58796.4,-1,3.79412e-10,1,0
0.00564864,0.331675,0.0442768,0.792493,3.96614,58717.6,-1,6.73121e-10,1,0
0.00564999,0.332352,0.0431547,0.792648,3.96964,58823.5,-1,7.72809e-10,1,0
0.00565138,0.333199,0.0437379,0.791615,3.96885,58959,-1,7.26083e-10,1,0
0.00565212,0.332952,0.0440824,0.791097,3.97057,58907.4,-1,2.31873e-10,1,0
0.00565313,0.332056,0.0436924,0.791483,3.96949,58738.5,-1,1.01722e-09,1,0
0.0056537,0.331657,0.0439848,0.79194,3.97023,58662,-1,9.63709e-10,1,0
0.00565407,0.331716,0.0439095,0.791761,3.97242,58668.6,-1,6.13783e-11,1,0
0.00565457,0.33197,0.0441282,0.79126,3.97243,58708.2,-1,6.13783e-11,1,0
0.00565533,0.33211,0.0446757,0.791043,3.97092,58725.1,-1,4.91182e-11,1,0
0.00565584,0.332056,0.0448263,0.791092,3.97219,58710.3,-1,5.11698e-11,1,0
0.00565757,0.332405,0.0463683,0.79238,3.9734,58754.1,-1,2.03957e-09,1,0
0.00565839,0.332779,0.0463398,0.792232,3.97685,58811.6,-1,6.57639e-10,1,0
0.00565924,0.332382,0.0465676,0.792195,3.97681,58732.5,-1,5.19948e-11,1,0
0.00566005,0.331744,0.0467445,0.792093,3.97998,58611.5,-1,7.12323e-10,1,0
0.00566112,0.33208,0.0477099,0.791955,3.98016,58659.8,-1,3.49086e-10,1,0
0.00566229,0.332699,0.0472909,0.7929,3.97855,58757,-1,7.26606e-11,1,0
0.00566366,0.333551,0.0476731,0.792716,3.9772,58893.2,-1,3.68029e-10,1,0
0.00566491,0.334547,0.047625,0.79272,3.97711,59056.1,-1,1.14393e-09,1,0
0.00566667,0.334841,0.0479456,0.793983,3.97456,59089.6,-1,1.49325e-09,1,0
0.00566779,0.334574,0.04836,0.794187,3.97541,59030.8,-1,8.24906e-10,1,0
0.00566897,0.335816,0.0486652,0.794281,3.97526,59237.5,-1,1.29974e-10,1,0
0.00566954,0.336065,0.0489453,0.794544,3.97597,59275.5,-1,3.31931e-10,1,0
0.00566967,0.336066,0.049072,0.794612,3.97456,59274.4,-1,6.10795e-11,1,0
0.00567084,0.334985,0.0484532,0.794851,3.97497,59071.4,-1,9.34553e-10,1,0
0.00567125,0.335439,0.0483364,0.794858,3.97597,59147.3,-1,4.71711e-10,1,0
0.0056724,0.335907,0.0487047,0.794672,3.97537,59217.8,-1,6.4442e-10,1,0
0.00567371,0.336835,0.0483245,0.793496,3.97296,59367.7,-1,1.96529e-09,1,0
0.00567456,0.337021,0.0476168,0.793269,3.97313,59391.6,-1,9.39001e-11,1,0
0.00567526,0.336734,0.0469492,0.793613,3.97424,59333.6,-1,7.66852e-10,1,0
0.00567569,0.336614,0.0472509,0.793772,3.97383,59308.1,-1,2.6514e-10,1,0
0.00567745,0.336146,0.046752,0.793335,3.97645,59207.2,-1,2.52699e-10,1,0
0.00567836,0.335099,0.0470133,0.793339,3.9764,59013.4,-1,2.52699e-10,1,0
0.00567982,0.334586,0.0478989,0.792491,3.97823,58907.9,-1,2.96287e-10,1,0
0.00568089,0.335038,0.0481162,0.793664,3.97873,58976.3,-1,1.27606e-09,1,0
0.00568156,0.33453,0.048547,0.793608,3.98191,58880,-1,5.90716e-10,1,0
0.00568168,0.334633,0.0484758,0.79367,3.98149,58896.9,-1,1.97762e-12,1,0
0.00568311,0.33532,0.0477277,0.793981,3.98159,59003,-1,1.43884e-09,1,0
0.0056838,0.335122,0.0479793,0.793861,3.98058,58960.8,-1,8.14324e-10,1,0
0.00568453,0.335294,0.0473788,0.79404,3.98049,58983.6,-1,3.71072e-10,1,0
0.00568484,0.335106,0.0472372,0.794204,3.98215,58947.3,-1,2.86549e-10,1,0
0.00568551,0.335614,0.0467403,0.79438,3.98364,59029.6,-1,6.45328e-10,1,0
0.00568681,0.334948,0.0476397,0.79394,3.98058,58899.1,-1,3.13059e-10,1,0
0.00568798,0.334775,0.0483035,0.793502,3.98084,58856.6,-1,3.24602e-10,1,0
0.00568937,0.334341,0.0467512,0.793158,3.98086,58765.8,-1,1.6627e-09,1,0
0.00569029,0.333975,0.0463661,0.793197,3.98274,58692,-1,4.15678e-10,1,0
0.00569112,0.334293,0.0462932,0.793544,3.98644,58739.4,-1,9.68199e-10,1,0
0.00569211,0.33417,0.046976,0.792969,3.9826,58707.6,-1,2.47611e-10,1,0
0.00569381,0.33457,0.0463781,0.791454,3.98583,58760.4,-1,1.31103e-09,1,0
0.00569546,0.336039,0.0465748,0.792625,3.98629,59001.3,-1,6.02777e-11,1,0
0.00569763,0.335561,0.048212,0.791723,3.98673,58894.9,-1,7.8815e-10,1,0
0.00569849,0.335346,0.0477351,0.791634,3.98681,58848.3,-1,7.2587e-10,1,0
0.00570013,0.336615,0.0481976,0.79268,3.98774,59054,-1,1.75215e-10,1,0
0.00570145,0.337059,0.0490753,0.793903,3.98776,59118.1,-1,1.75215e-10,1,0
0.00570296,0.337717,0.0485821,0.794898,3.98839,59217.9,-1,4.92874e-11,1,0
0.00570359,0.337955,0.048477,0.795147,3.98874,59253,-1,3.86633e-10,1,0
0.00570477,0.338096,0.048847,0.796488,3.98925,59265.4,-1,1.6367e-09,1,0
0.00570561,0.338237,0.0492001,0.79634,3.99019,59281.4,-1,4.80271e-10,1,0
0.00570621,0.337828,0.0492047,0.795957,3.98931,59203.6,-1,7.61858e-10,1,0
0.00570709,0.337345,0.049167,0.795465,3.99254,59109.8,-1,2.31183e-10,1,0
0.00570738,0.337133,0.0490522,0.795371,3.99334,59069.6,-1,1.71443e-10,1,0
0.00570806,0.337322,0.0488752,0.795382,3.99245,59095.7,-1,3.81347e-10,1,0
0.0057088,0.337962,0.0492932,0.795493,3.992,59200.2,-1,2.77171e-10,1,0
0.00570982,0.337514,0.0500275,0.796028,3.99294,59111.1,-1,4.73295e-10,1,0
0.00571078,0.336651,0.0507346,0.79581,3.99357,58950.1,-1,1.21593e-09,1,0
0.00571212,0.337391,0.0499609,0.795702,3.99432,59065.8,-1,1.00521e-10,1,0
0.00571242,0.337463,0.0497757,0.795707,3.99058,59075.3,-1,6.81485e-11,1,0
0.00571457,0.339292,0.0510963,0.79473,3.99135,59373.2,-1,2.49107e-09,1,0
0.00571551,0.338769,0.0514771,0.794751,3.99041,59271.8,-1,3.82215e-10,1,0
0.00571611,0.338518,0.0517555,0.794808,3.98767,59221.8,-1,2.10224e-10,1,0
0.00571642,0.338859,0.0517306,0.79485,3.98817,59278.1,-1,7.31899e-11,1,0
0.00571846,0.34101,0.0511874,0.795043,3.98879,59633.1,-1,2.10031e-09,1,0
0.00571971,0.342256,0.050667,0.794618,3.98992,59838,-1,6.26581e-10,1,0
0.00572012,0.342639,0.0504557,0.794479,3.99127,59900.6,-1,1.82448e-09,1,0
0.00572106,0.34205,0.0497241,0.794416,3.99216,59787.9,-1,6.96605e-10,1,0
0.00572194,0.342415,0.0497969,0.794104,3.98922,59842.5,-1,5.78225e-10,1,0
0.00572244,0.342334,0.0497467,0.794167,3.98642,59823.1,-1,3.12296e-10,1,0
0.00572354,0.343287,0.0491758,0.794748,3.98522,59978.1,-1,1.54612e-09,1,0
0.00572471,0.342544,0.0501049,0.795078,3.98627,59836,-1,1.26922e-09,1,0
0.00572524,0.34284,0.0506453,0.794992,3.98668,59882.1,-1,6.21982e-10,1,0
0.00572604,0.342537,0.0513532,0.79489,3.98807,59820.8,-1,1.13042e-10,1,0
0.00572618,0.342607,0.0514745,0.794937,3.98504,59831.6,-1,8.87865e-12,1,0
0.00572731,0.342648,0.0519453,0.795017,3.98409,59826.9,-1,4.64895e-10,1,0
0.00572817,0.343116,0.0513849,0.795091,3.985,59899.7,-1,5.44583e-10,1,0
0.00573037,0.344302,0.0528717,0.794566,3.98454,60083.7,-1,3.88929e-10,1,0
0.00573088,0.344871,0.0530132,0.794722,3.98355,60177.7,-1,6.06878e-10,1,0
0.00573185,0.344716,0.0528835,0.794689,3.9849,60140.4,-1,5.80905e-10,1,0
0.00573257,0.344868,0.0520874,0.794416,3.98767,60159.4,-1,8.55405e-10,1,0
0.00573405,0.344707,0.0525792,0.794995,3.9875,60115.8,-1,7.56718e-10,1,0
0.00573537,0.344166,0.0512187,0.795496,3.98683,60007.6,-1,1.02285e-09,1,0
0.00573659,0.34313,0.051784,0.795787,3.98779,59814.2,-1,1.24585e-09,1,0
0.0057369,0.343427,0.0517498,0.795999,3.98769,59862.7,-1,3.66394e-10,1,0
0.00573856,0.343835,0.0508569,0.797697,3.98916,59916.7,-1,1.96124e-09,1,0
0.00573911,0.343289,0.0508474,0.797343,3.98853,59815.8,-1,6.50848e-10,1,0
0.00573968,0.343405,0.0506827,0.796878,3.99102,59830.1,-1,3.08101e-10,1,0
0.00574009,0.343278,0.0504288,0.796501,3.98888,59803.5,-1,1.48552e-12,1,0
0.00574114,0.342344,0.0501369,0.796289,3.9874,59630,-1,3.3922e-10,1,0
0.00574317,0.340422,0.0495473,0.795049,3.98722,59274.3,-1,2.84546e-09,1,0
0.00574458,0.338993,0.0497373,0.794193,3.98677,59010.9,-1,2.13382e-09,1,0
0.00574526,0.338553,0.0495534,0.794843,3.98705,58927.4,-1,8.06006e-10,1,0
0.0057457,0.338418,0.0497511,0.794798,3.9846,58899.2,-1,1.70369e-10,1,0
0.00574681,0.338243,0.0508048,0.795073,3.98644,58857.5,-1,9.28719e-10,1,0
0.00574777,0.338456,0.0509126,0.795291,3.98526,58884.8,-1,1.5031e-10,1,0
0.00574858,0.339369,0.0507535,0.795545,3.98471,59035.3,-1,9.61257e-10,1,0
0.00574934,0.338954,0.0507139,0.795561,3.98541,58955.2,-1,4.5044e-10,1,0
0.00575034,0.33819,0.0504067,0.79486,3.98518,58812.3,-1,5.58001e-11,1,0
0.00575139,0.337336,0.0500648,0.794017,3.98514,58652.9,-1,5.58001e-11,1,0
0.00575255,0.33679,0.0495479,0.793167,3.98626,58546.1,-1,5.20175e-10,1,0
0.00575329,0.337265,0.0496984,0.792459,3.98629,58621.3,-1,5.20175e-10,1,0
0.00575437,0.337968,0.049921,0.791411,3.98632,58732.5,-1,5.20175e-10,1,0
0.00575505,0.338298,0.0503088,0.790903,3.98943,58782.9,-1,3.37522e-10,1,0
0.00575662,0.338577,0.0500039,0.792602,3.98989,58815.3,-1,3.78766e-11,1,0
0.00575787,0.338791,0.0501313,0.792136,3.98808,58839.6,-1,9.79877e-10,1,0
0.00575893,0.338545,0.049337,0.793073,3.98731,58786.1,-1,1.59465e-09,1,0
0.00575959,0.338689,0.0497711,0.793642,3.98803,58804.2,-1,5.23734e-10,1,0
0.00576026,0.339423,0.0497875,0.7937,3.98863,58924.9,-1,7.16228e-10,1,0
0.00576158,0.339719,0.0498306,0.795097,3.98692,58962.7,-1,2.73718e-10,1,0
0.00576238,0.338906,0.0501323,0.794718,3.98688,58813.4,-1,2.73718e-10,1,0
0.00576316,0.33888,0.0502355,0.79404,3.98529,58801.1,-1,3.39702e-10,1,0
0.00576399,0.339309,0.0503912,0.793952,3.98458,58867,-1,5.76245e-10,1,0
0.00576425,0.339173,0.0502586,0.794173,3.98496,58840.7,-1,2.41374e-10,1,0
0.0057645,0.339102,0.0500789,0.794347,3.98697,58825.9,-1,2.53167e-10,1,0
0.00576547,0.339616,0.0505098,0.795125,3.98676,58905.2,-1,9.42202e-10,1,0
0.00576611,0.339901,0.0504576,0.795829,3.98623,58948,-1,7.61366e-10,1,0
0.00576713,0.340948,0.050582,0.795955,3.98556,59119.1,-1,4.72094e-10,1,0
0.00576821,0.341833,0.0508812,0.796068,3.98701,59261.6,-1,2.21157e-10,1,0
0.00576947,0.340444,0.050474,0.795675,3.98694,59007.9,-1,2.21157e-10,1,0
0.00576967,0.340486,0.05039,0.795502,3.98759,59013,-1,1.94848e-10,1,0
0.00577162,0.34109,0.0511922,0.794687,3.98549,59097.7,-1,1.12333e-09,1,0
0.0057725,0.340671,0.0503189,0.794306,3.98547,59016.2,-1,1.12333e-09,1,0
0.00577336,0.340261,0.0494655,0.793934,3.98271,58936.5,-1,2.05796e-09,1,0
0.00577396,0.340586,0.0494634,0.793469,3.98441,58986.4,-1,5.09908e-10,1,0
0.0057753,0.341405,0.0507825,0.793178,3.98445,59114.7,-1,5.09908e-10,1,0
0.00577666,0.342361,0.0509461,0.794058,3.98427,59266.3,-1,1.74702e-11,1,0
0.00577713,0.34271,0.0508864,0.794487,3.98323,59321.8,-1,1.80088e-09,1,0
0.00577893,0.34344,0.0502975,0.794601,3.9855,59429.7,-1,6.19404e-10,1,0
0.00577944,0.343128,0.0498754,0.794291,3.98514,59370.5,-1,6.09345e-10,1,0
0.00578107,0.343572,0.0493833,0.794647,3.98697,59430.5,-1,1.04886e-09,1,0
0.00578209,0.343467,0.0488734,0.794582,3.98872,59401.8,-1,8.13191e-10,1,0
0.00578264,0.343197,0.0483375,0.794347,3.98657,59349.6,-1,5.96118e-10,1,0
0.00578316,0.342689,0.0483726,0.794078,3.98727,59256.4,-1,5.35297e-10,1,0
0.00578467,0.341583,0.0495358,0.793668,3.98885,59049.7,-1,3.83782e-10,1,0
0.00578528,0.341913,0.0499185,0.793508,3.98843,59100.5,-1,5.97032e-10,1,0
0.00578603,0.341504,0.0505671,0.793085,3.9899,59022.2,-1,2.78436e-11,1,0
0.00578709,0.340915,0.0514754,0.79245,3.98987,58909.5,-1,2.78436e-11,1,0
0.00578742,0.34075,0.0517278,0.792233,3.99258,58877.7,-1,4.08943e-11,1,0
0.00578784,0.340829,0.0519849,0.792377,3.99434,58887,-1,3.28109e-10,1,0
0.00578858,0.340847,0.0520572,0.791763,3.98894,58882.6,-1,2.65856e-10,1,0
0.0057904,0.341063,0.0520527,0.793332,3.98963,58901.6,-1,1.0185e-09,1,0
0.00579104,0.340866,0.0515711,0.793297,3.99128,58861.1,-1,5.80097e-10,1,0
0.00579172,0.34131,0.0516065,0.793977,3.9913,58930.7,-1,5.80097e-10,1,0
0.00579337,0.341587,0.0518403,0.794475,3.98678,58961.6,-1,1.13422e-11,1,0
0.00579387,0.341611,0.0512517,0.794482,3.98468,58960.8,-1,5.89193e-10,1,0
0.00579473,0.341219,0.051839,0.794639,3.98337,58884.4,-1,5.21229e-10,1,0
0.00579556,0.340955,0.0517992,0.795028,3.9826,58830.4,-1,4.44391e-10,1,0
0.00579632,0.341445,0.052006,0.794559,3.9826,58907.2,-1,4.78588e-11,1,0
0.00579766,0.341301,0.0512236,0.795559,3.98324,58868.7,-1,2.80733e-10,1,0
0.00579876,0.341285,0.0508697,0.79544,3.98158,58854.8,-1,2.95054e-10,1,0
0.00580049,0.342081,0.0511235,0.795771,3.98312,58974.4,-1,1.24584e-09,1,0
0.0058016,0.341975,0.0514721,0.797036,3.98267,58944.9,-1,1.31665e-09,1,0
0.00580252,0.342703,0.05173,0.79777,3.98235,59061.1,-1,9.73712e-10,1,0
0.00580298,0.342906,0.0515783,0.798252,3.97993,59091.4,-1,6.62922e-10,1,0
0.00580505,0.342671,0.053775,0.798126,3.98065,59029.9,-1,9.55306e-10,1,0
0.00580612,0.342879,0.055009,0.798321,3.98087,59054.8,-1,2.75468e-09,1,0
0.00580667,0.343423,0.0553729,0.798343,3.98032,59142.9,-1,6.55203e-10,1,0
0.00580795,0.343843,0.0553406,0.798469,3.97975,59202.1,-1,7.14513e-10,1,0
0.00580885,0.344038,0.0544001,0.798281,3.98203,59226.6,-1,9.99834e-10,1,0
0.00580939,0.343878,0.0541947,0.798858,3.98308,59193.4,-1,6.33189e-10,1,0
0.00581059,0.342518,0.054427,0.799073,3.98097,58947.1,-1,3.63002e-11,1,0
0.00581131,0.342237,0.0540988,0.799173,3.97966,58891.7,-1,2.85654e-10,1,0
0.00581231,0.3422,0.0548006,0.799285,3.98026,58875,-1,2.70385e-10,1,0
0.00581345,0.341649,0.05519,0.798733,3.98344,58768.8,-1,7.46042e-10,1,0
0.00581436,0.341446,0.0559527,0.798792,3.98485,58724.7,-1,1.76321e-10,1,0
0.0058155,0.341093,0.0572462,0.79868,3.98458,58652.4,-1,1.90626e-09,1,0
0.00581674,0.341368,0.0585771,0.798851,3.98584,58687.3,-1,1.14569e-09,1,0
0.00581693,0.341469,0.058757,0.798937,3.98482,58702.6,-1,8.87282e-10,1,0
0.00581723,0.341601,0.0588664,0.798856,3.98335,58722.3,-1,1.17655e-10,1,0
0.00581751,0.341724,0.0590286,0.798598,3.98481,58740.7,-1,5.71289e-10,1,0
0.00581881,0.340443,0.0598346,0.798862,3.98165,58507.4,-1,1.53651e-09,1,0
0.00581939,0.340599,0.0603754,0.799051,3.98327,58528.3,-1,3.52682e-10,1,0
0.00582021,0.341471,0.0600136,0.798827,3.98273,58669.8,-1,9.70033e-10,1,0
0.00582072,0.342039,0.0600347,0.798966,3.98207,58762.3,-1,2.31319e-11,1,0
0.00582166,0.341784,0.0597774,0.799658,3.98403,58709.1,-1,1.36507e-10,1,0
0.00582277,0.341785,0.0586852,0.800399,3.98403,58698,-1,1.36507e-10,1,0
0.00582318,0.341712,0.0586998,0.800003,3.98262,58681.3,-1,1.59836e-11,1,0
0.00582401,0.341533,0.058846,0.79905,3.98261,58642.3,-1,1.59836e-11,1,0
0.00582484,0.341692,0.059393,0.798655,3.98236,58661.3,-1,1.84943e-09,1,0
0.00582558,0.34207,0.0586086,0.798735,3.98265,58718.6,-1,8.74995e-10,1,0
0.00582764,0.342213,0.0589465,0.798919,3.9789,58722.4,-1,9.7243e-10,1,0
0.00582841,0.3425,0.0582137,0.798899,3.97729,58763.9,-1,6.63033e-10,1,0
0.00582901,0.342357,0.0578673,0.798455,3.97405,58733.3,-1,4.58485e-11,1,0
0.00583008,0.342223,0.0585668,0.798661,3.97567,58699.5,-1,9.77084e-10,1,0
0.00583047,0.342141,0.0586347,0.798857,3.97432,58681.6,-1,3.34282e-10,1,0
0.00583112,0.342651,0.0584599,0.798549,3.97452,58762.5,-1,6.22485e-10,1,0
0.00583189,0.34207,0.0590445,0.798608,3.97198,58655.1,-1,8.60746e-10,1,0
0.00583205,0.342036,0.0591512,0.798618,3.97134,58647.6,-1,1.27411e-10,1,0
0.00583379,0.342744,0.0584764,0.79885,3.97618,58751.5,-1,1.04408e-09,1,0
0.00583549,0.343514,0.0578512,0.799173,3.97406,58866.4,-1,1.03758e-10,1,0
0.00583723,0.343407,0.0566808,0.799225,3.97299,58830.5,-1,5.65556e-10,1,0
0.00583855,0.343919,0.0574006,0.800138,3.96876,58904.8,-1,8.66892e-10,1,0
0.00583892,0.344211,0.0571779,0.800247,3.9672,58951.2,-1,3.33942e-10,1,0
0.00584044,0.342928,0.0568992,0.799064,3.96701,58716.1,-1,1.57863e-09,1,0
0.0058412,0.342841,0.0574214,0.79867,3.96697,58693.6,-1,6.45153e-10,1,0
0.00584141,0.34278,0.0575248,0.79877,3.96449,58681.1,-1,1.28344e-10,1,0
0.00584252,0.341824,0.0583001,0.798558,3.96168,58506.3,-1,1.68067e-11,1,0
0.00584304,0.342242,0.0578939,0.798754,3.96171,58572.5,-1,1.68067e-11,1,0
0.00584372,0.342786,0.0573639,0.799009,3.96173,58658.8,-1,1.68067e-11,1,0
0.00584467,0.343139,0.0568015,0.798949,3.9602,58709.7,-1,2.37592e-10,1,0
0.00584619,0.34205,0.055893,0.798802,3.96202,58508.1,-1,1.26524e-09,1,0
0.00584724,0.342173,0.0555073,0.798914,3.95918,58518.6,-1,5.98934e-10,1,0
0.00584888,0.34405,0.0554934,0.798657,3.95883,58823.2,-1,3.23946e-10,1,0
0.00584977,0.345098,0.0554916,0.798519,3.95902,58993.4,-1,2.96582e-09,1,0
0.00585027,0.344922,0.0550601,0.798414,3.95456,58958.4,-1,2.71463e-10,1,0
0.00585099,0.344746,0.0557739,0.798261,3.95572,58921,-1,5.50334e-10,1,0
0.00585163,0.345078,0.05519,0.798043,3.95655,58971.2,-1,5.07405e-10,1,0
0.00585302,0.345355,0.0551789,0.797554,3.95715,59004.6,-1,1.10114e-09,1,0
0.00585379,0.345692,0.056032,0.79749,3.95716,59054.3,-1,1.10114e-09,1,0
0.00585437,0.345941,0.0566629,0.797443,3.95718,59091.1,-1,1.10114e-09,1,0
0.00585523,0.346312,0.0576008,0.797374,3.95719,59145.8,-1,1.10114e-09,1,0
0.0058563,0.346762,0.0567978,0.797393,3.95689,59211.7,-1,1.06415e-09,1,0
0.00585781,0.345136,0.0565222,0.798056,3.95681,58919,-1,1.06415e-09,1,0
0.00585905,0.345469,0.0566217,0.79868,3.95828,58963.4,-1,2.30379e-09,1,0
0.00586003,0.346291,0.0569166,0.798917,3.9559,59093.8,-1,1.87276e-09,1,0
0.00586029,0.346306,0.0570752,0.798655,3.9559,59093.6,-1,1.87276e-09,1,0
0.00586168,0.345922,0.0577075,0.797839,3.95544,59014.1,-1,4.74966e-10,1,0
0.00586393,0.344691,0.0565118,0.798529,3.95628,58781.4,-1,1.97665e-09,1,0
0.0058649,0.344557,0.057094,0.798112,3.9562,58749,-1,7.16239e-10,1,0
0.00586613,0.345173,0.0582581,0.798726,3.95623,58841.7,-1,7.16239e-10,1,0
0.0058667,0.345084,0.0586442,0.798357,3.95433,58820.8,-1,1.67323e-13,1,0
0.00586783,0.345067,0.0583921,0.798036,3.95575,58806.7,-1,5.95846e-10,1,0
0.00586824,0.345464,0.0583518,0.798304,3.95311,58870.2,-1,9.40332e-10,1,0
0.00586879,0.344855,0.0581494,0.798203,3.95308,58760.8,-1,9.40332e-10,1,0
0.00586984,0.343815,0.0580382,0.798141,3.95362,58573.3,-1,1.64718e-09,1,0
0.00587048,0.343724,0.0586008,0.798422,3.95289,58551.3,-1,8.04513e-10,1,0
0.00587097,0.343836,0.0585798,0.798595,3.95161,58565.4,-1,5.28739e-10,1,0
0.00587175,0.343914,0.0581614,0.79848,3.95425,58571,-1,4.587e-10,1,0
0.00587191,0.343868,0.0581364,0.798299,3.95464,58561.7,-1,5.84327e-10,1,0
0.005873,0.343987,0.0582247,0.797021,3.95468,58571,-1,6.10675e-11,1,0
0.00587367,0.343806,0.0584353,0.797053,3.95566,58533.4,-1,4.58281e-10,1,0
0.00587599,0.346496,0.0580747,0.797349,3.95524,58968.2,-1,2.73021e-09,1,0
0.00587707,0.34755,0.057795,0.796761,3.9578,59136.6,-1,3.20499e-10,1,0
0.00587808,0.348594,0.0578449,0.796316,3.95805,59304.1,-1,1.65503e-09,1,0
0.00587963,0.349649,0.0588297,0.795438,3.95867,59467.9,-1,1.53738e-09,1,0
0.00588115,0.350035,0.0601654,0.794293,3.95868,59518.1,-1,1.53738e-09,1,0
0.0058822,0.349648,0.0599851,0.793362,3.95853,59441.8,-1,2.8538e-09,1,0
0.00588261,0.34954,0.0596966,0.793151,3.95877,59419.1,-1,1.27713e-09,1,0
0.00588475,0.349377,0.0600491,0.793953,3.96015,59369.9,-1,5.35371e-10,1,0
0.00588601,0.349515,0.0613894,0.79428,3.96166,59380.7,-1,1.52931e-10,1,0
0.0058871,0.350117,0.0620145,0.793324,3.96169,59471.9,-1,1.52931e-10,1,0
0.00588761,0.350394,0.0618302,0.793507,3.96121,59513.7,-1,4.46922e-10,1,0
0.00588881,0.350904,0.0616746,0.79232,3.96188,59588.2,-1,4.59985e-11,1,0
0.00588978,0.351343,0.0613427,0.791331,3.96258,59653,-1,1.98881e-09,1,0
0.00589094,0.351513,0.0617657,0.790825,3.9644,59670.2,-1,7.60594e-10,1,0
0.00589185,0.350754,0.0613618,0.790181,3.96369,59532.1,-1,1.07449e-09,1,0
0.00589285,0.35139,0.0607707,0.790339,3.96311,59629.9,-1,3.23902e-10,1,0
0.00589334,0.351582,0.060475,0.790585,3.9635,59657.5,-1,3.59364e-10,1,0
0.0058947,0.350902,0.0604159,0.79135,3.96086,59528.3,-1,5.06534e-10,1,0
0.00589581,0.350955,0.0595726,0.791158,3.9594,59526.3,-1,4.59579e-10,1,0
0.00589735,0.352249,0.0587554,0.79017,3.95971,59730,-1,1.82102e-09,1,0
0.00589866,0.351717,0.0584928,0.791413,3.95717,59626.6,-1,1.31476e-09,1,0
0.00590007,0.351451,0.0569586,0.791741,3.95683,59567.3,-1,3.81088e-10,1,0
0.00590055,0.351645,0.0564625,0.791942,3.96012,59595.3,-1,8.16728e-10,1,0
0.00590169,0.352358,0.0564952,0.790803,3.9597,59704.6,-1,1.34394e-09,1,0
0.00590213,0.352284,0.0563908,0.790794,3.96028,59687.6,-1,2.15082e-10,1,0
0.00590254,0.352009,0.0560369,0.790692,3.96118,59636.9,-1,3.86682e-10,1,0
0.00590311,0.351769,0.0554861,0.790615,3.96124,59590.5,-1,3.69261e-10,1,0
0.00590327,0.351713,0.0555315,0.790787,3.96124,59579.4,-1,3.69261e-10,1,0
0.00590443,0.351855,0.0549843,0.790103,3.96093,59591.7,-1,1.00409e-09,1,0
0.00590627,0.352419,0.0570053,0.789558,3.96106,59668.7,-1,2.16797e-09,1,0
0.00590754,0.352507,0.0584793,0.789807,3.9625,59670.8,-1,1.49754e-09,1,0
0.00590865,0.352612,0.0583145,0.789694,3.96513,59677.2,-1,1.93504e-10,1,0
0.00590926,0.352617,0.0578644,0.790152,3.96304,59671.9,-1,4.43186e-10,1,0
0.00591043,0.353861,0.0581606,0.790671,3.96171,59870.6,-1,1.38021e-09,1,0
0.00591241,0.352562,0.0579311,0.791407,3.96467,59630.8,-1,1.21327e-09,1,0
0.00591331,0.352537,0.0582708,0.791134,3.96542,59617.6,-1,5.72433e-10,1,0
0.00591446,0.352582,0.0573997,0.791831,3.964,59613.5,-1,2.85239e-10,1,0
0.00591477,0.352513,0.0570578,0.791807,3.96113,59598.8,-1,2.64639e-10,1,0
0.00591568,0.353283,0.0571781,0.79162,3.96244,59719.8,-1,7.77819e-10,1,0
0.00591639,0.353233,0.0574039,0.791985,3.96425,59704.2,-1,2.27049e-10,1,0
0.00591736,0.35345,0.0580422,0.791862,3.96322,59731,-1,1.21215e-10,1,0
0.00591879,0.354323,0.0587706,0.791705,3.9618,59864.1,-1,2.01951e-09,1,0
0.00591905,0.354465,0.0585342,0.791847,3.96181,59885.4,-1,2.01951e-09,1,0
0.00591947,0.354782,0.0586225,0.792065,3.96106,59934.8,-1,8.50494e-10,1,0
0.00592017,0.355383,0.0586171,0.791803,3.96162,60029.2,-1,5.80182e-10,1,0
0.00592188,0.355085,0.0594994,0.790005,3.96161,59961.4,-1,5.80182e-10,1,0
0.00592209,0.355022,0.0596087,0.789969,3.95938,59948.8,-1,7.35387e-11,1,0
0.00592285,0.355809,0.0597972,0.790242,3.95929,60074,-1,3.02665e-11,1,0
0.00592391,0.356991,0.0601294,0.790114,3.95992,60262.7,-1,1.06378e-09,1,0
0.00592593,0.358098,0.060205,0.791247,3.95801,60429,-1,1.98163e-09,1,0
0.00592698,0.357691,0.0596866,0.792126,3.9583,60349.6,-1,7.57594e-10,1,0
0.005928,0.357755,0.0586872,0.791653,3.96007,60350.1,-1,7.22988e-10,1,0
0.00592911,0.35727,0.0579297,0.792577,3.96089,60256.9,-1,1.90996e-10,1,0
0.00593029,0.356146,0.0578246,0.792539,3.96306,60055.4,-1,3.42197e-10,1,0
0.00593096,0.356073,0.0574812,0.792874,3.96116,60036.4,-1,3.87338e-10,1,0
0.00593305,0.3554,0.0552059,0.792317,3.96093,59901.8,-1,2.04859e-09,1,0
0.00593548,0.355143,0.054037,0.790589,3.96307,59834,-1,2.26766e-09,1,0
0.00593684,0.356028,0.0543848,0.789284,3.96389,59969.2,-1,2.63678e-09,1,0
0.00593769,0.356572,0.0547507,0.788944,3.96618,60052.2,-1,3.50492e-10,1,0
0.00593849,0.356616,0.0550323,0.788731,3.96804,60051.6,-1,2.16753e-10,1,0
0.00593994,0.356461,0.0533871,0.789189,3.96803,60010.8,-1,2.16753e-10,1,0
0.00594083,0.356365,0.0523723,0.789472,3.96803,59985.7,-1,2.16753e-10,1,0
0.00594162,0.356079,0.0517023,0.789574,3.96718,59929.6,-1,1.03836e-11,1,0
0.00594239,0.355258,0.0516274,0.789339,3.97266,59783.7,-1,2.26864e-11,1,0
0.00594281,0.35489,0.0518812,0.789325,3.97475,59717.5,-1,1.50146e-10,1,0
0.00594345,0.354359,0.0523334,0.789517,3.97405,59621.8,-1,3.78875e-10,1,0
0.005944,0.354403,0.0523385,0.789729,3.97425,59623.6,-1,1.64836e-10,1,0
0.00594428,0.354171,0.0521012,0.789776,3.97378,59581.7,-1,8.29623e-12,1,0
0.00594498,0.354333,0.0525004,0.790472,3.97379,59602,-1,8.29623e-12,1,0
0.00594642,0.35471,0.0532963,0.791903,3.97406,59651,-1,6.50651e-11,1,0
0.00594679,0.354622,0.053054,0.791614,3.97421,59632.5,-1,8.18428e-11,1,0
0.00594701,0.354745,0.0530788,0.791485,3.97688,59651,-1,6.13034e-11,1,0
0.00594873,0.355553,0.053856,0.790907,3.98003,59769.5,-1,1.92774e-10,1,0
0.00594933,0.355706,0.0544584,0.791139,3.97948,59789.3,-1,2.33273e-10,1,0
0.00595107,0.357029,0.0551437,0.791491,3.97698,59994.1,-1,1.73342e-09,1,0
0.0059521,0.357033,0.0543814,0.792323,3.97611,59984.3,-1,1.16875e-09,1,0
0.00595354,0.358627,0.0544169,0.79171,3.97574,60237.5,-1,1.70837e-09,1,0
0.00595424,0.358564,0.0536992,0.791303,3.97557,60220,-1,8.26951e-10,1,0
0.00595592,0.358215,0.052414,0.789837,3.97555,60144.4,-1,8.26951e-10,1,0
0.0059566,0.358074,0.051893,0.789243,3.97554,60113.8,-1,8.26951e-10,1,0
0.00595807,0.357705,0.0508251,0.788694,3.97445,60037,-1,3.20727e-11,1,0
0.00595952,0.356764,0.0495298,0.788765,3.97525,59864.6,-1,3.97414e-10,1,0
0.00596056,0.356543,0.0501111,0.789586,3.97421,59817.1,-1,1.30117e-10,1,0
0.00596145,0.35611,0.0498979,0.789528,3.97271,59735.5,-1,3.15273e-10,1,0
0.00596234,0.356126,0.0500823,0.790488,3.97308,59729.2,-1,7.85316e-10,1,0
0.00596324,0.355421,0.0502817,0.790366,3.97386,59601.9,-1,5.73823e-10,1,0
0.00596422,0.355329,0.0500511,0.791356,3.97194,59576.9,-1,1.68352e-10,1,0
0.00596526,0.355485,0.0491481,0.792073,3.972,59592.5,-1,6.49501e-10,1,0
0.0059658,0.355357,0.0487171,0.792521,3.97199,59565.7,-1,6.49501e-10,1,0
0.00596656,0.355021,0.0483421,0.792776,3.96908,59501.8,-1,1.8364e-09,1,0
0.00596765,0.354047,0.0485398,0.791953,3.96903,59327.7,-1,1.8364e-09,1,0
0.00596819,0.353784,0.0488508,0.791615,3.96888,59278.3,-1,1.92611e-09,1,0
0.00596888,0.354478,0.0488841,0.792031,3.97043,59387.7,-1,8.11263e-10,1,0
0.00597007,0.355002,0.0499422,0.792748,3.97039,59463.6,-1,1.37423e-09,1,0
0.00597193,0.354228,0.0494834,0.793442,3.97045,59315.5,-1,9.36881e-10,1,0
0.00597242,0.354399,0.0489605,0.793252,3.97225,59339.2,-1,3.31531e-10,1,0
0.00597273,0.354329,0.0490005,0.793604,3.97198,59324.5,-1,3.61484e-10,1,0
0.00597379,0.354536,0.0494058,0.79314,3.97062,59348.5,-1,4.00553e-10,1,0
0.00597527,0.354122,0.0483057,0.792704,3.97275,59264.5,-1,3.23327e-10,1,0
0.00597677,0.353293,0.0475134,0.793078,3.97374,59111,-1,7.20339e-10,1,0
0.00597692,0.353344,0.0476209,0.793201,3.96943,59118.1,-1,1.72556e-10,1,0
0.00597818,0.354101,0.0467214,0.794102,3.96976,59232.3,-1,8.21098e-10,1,0
0.00597885,0.354148,0.0465816,0.793968,3.96509,59233.6,-1,2.6216e-10,1,0
0.00597918,0.354152,0.0463154,0.793748,3.9641,59230.8,-1,4.35888e-11,1,0
0.0059806,0.353189,0.0455372,0.792918,3.96454,59055.8,-1,1.65404e-09,1,0
0.00598116,0.35342,0.0460557,0.792581,3.96412,59088.9,-1,7.93469e-10,1,0
0.00598166,0.353863,0.0461418,0.792183,3.96414,59157.9,-1,7.93469e-10,1,0
0.00598181,0.353945,0.0461214,0.792067,3.966,59170.1,-1,5.21741e-11,1,0
0.00598238,0.353791,0.0467431,0.792233,3.96725,59138.8,-1,6.63619e-10,1,0
0.00598328,0.353543,0.0458591,0.791692,3.96724,59088.4,-1,6.63619e-10,1,0
0.00598579,0.353911,0.0455975,0.790105,3.96957,59125.2,-1,1.19989e-09,1,0
0.00598635,0.353506,0.0450752,0.790204,3.96915,59051.9,-1,6.68453e-10,1,0
0.00598718,0.353217,0.0445882,0.789859,3.96608,58995.4,-1,4.99335e-10,1,0
0.00598942,0.352536,0.0453089,0.787626,3.96901,58859.8,-1,1.35085e-10,1,0
0.00599075,0.351456,0.0444119,0.787962,3.97359,58666.4,-1,5.83598e-10,1,0
0.00599239,0.352222,0.042967,0.786925,3.97363,58778.2,-1,5.83598e-10,1,0
0.00599363,0.352802,0.0418723,0.786139,3.97366,58862.8,-1,5.83598e-10,1,0
0.00599457,0.352346,0.0416692,0.786912,3.97613,58777.6,-1,6.15963e-10,1,0
0.00599531,0.352129,0.0418324,0.787752,3.97464,58734,-1,1.29448e-09,1,0
0.00599546,0.352108,0.0418586,0.787778,3.97877,58729.1,-1,9.36882e-11,1,0
0.00599615,0.352265,0.0418744,0.788589,3.97909,58748.5,-1,8.25708e-10,1,0
0.00599676,0.352383,0.0416993,0.788301,3.97648,58762.3,-1,1.62829e-10,1,0
0.00599863,0.352624,0.0405532,0.786807,3.97763,58784.1,-1,3.17568e-10,1,0
0.00599992,0.353113,0.0400142,0.787751,3.97761,58853,-1,1.06902e-09,1,0
0.00600061,0.353793,0.0395786,0.787614,3.97836,58959.5,-1,1.27168e-09,1,0
0.00600135,0.354291,0.0402853,0.787752,3.9792,59035.3,-1,8.7542e-10,1,0
0.00600175,0.354212,0.0399207,0.78748,3.97909,59018,-1,1.63993e-10,1,0
0.00600277,0.353918,0.0390271,0.787052,3.97802,58959.1,-1,1.39102e-09,1,0
0.00600384,0.354614,0.0390335,0.787022,3.97719,59064.5,-1,6.653e-10,1,0
0.00600536,0.355207,0.0390836,0.785665,3.97402,59148.3,-1,5.42731e-10,1,0
0.00600642,0.356135,0.0388633,0.786068,3.97123,59292.4,-1,1.36724e-10,1,0
0.00600651,0.356227,0.0388335,0.786101,3.97124,59306.9,-1,1.36724e-10,1,0
0.00600691,0.356612,0.0387015,0.786051,3.97039,59366.9,-1,1.66261e-10,1,0
0.00600772,0.357513,0.0387692,0.785748,3.97043,59509,-1,1.66261e-10,1,0
0.006008,0.357711,0.0386852,0.785653,3.96867,59539.1,-1,1.23639e-09,1,0
0.00600927,0.35698,0.0378493,0.785405,3.96859,59404.9,-1,5.86978e-10,1,0
0.00601017,0.357601,0.0373192,0.785375,3.96749,59499.3,-1,9.29288e-10,1,0
0.00601134,0.357926,0.0379108,0.784734,3.96572,59541.8,-1,7.90028e-10,1,0
0.00601206,0.358007,0.0383319,0.784287,3.96579,59548.1,-1,1.52497e-10,1,0
0.00601301,0.358411,0.0387663,0.784966,3.96812,59605.9,-1,8.67055e-10,1,0
0.00601406,0.358843,0.039162,0.785575,3.96393,59667.4,-1,2.38448e-10,1,0
0.00601454,0.359018,0.0392081,0.786085,3.96243,59691.6,-1,8.8886e-11,1,0
0.00601539,0.358327,0.0394051,0.786481,3.96148,59568.5,-1,3.15361e-10,1,0
0.00601595,0.358202,0.0396876,0.785999,3.96472,59542.2,-1,3.87427e-10,1,0
0.0060171,0.359179,0.0397143,0.786952,3.96477,59693.1,-1,3.87427e-10,1,0
0.00601766,0.359065,0.039256,0.787114,3.96464,59668.6,-1,5.12592e-10,1,0
0.00601843,0.359971,0.0391829,0.787018,3.96432,59811.4,-1,3.60799e-12,1,0
0.00601921,0.36083,0.0391732,0.786935,3.96546,59946.4,-1,1.77586e-09,1,0
0.00602013,0.36086,0.0402443,0.787076,3.96547,59942.3,-1,1.77586e-09,1,0
0.00602174,0.361172,0.0413915,0.786296,3.96456,59978.1,-1,3.26798e-10,1,0
0.00602278,0.361378,0.0415485,0.785119,3.96589,60001.9,-1,4.52794e-11,1,0
0.00602341,0.360838,0.0420095,0.784882,3.96586,59905.9,-1,4.52794e-11,1,0
0.00602473,0.36001,0.0432878,0.784839,3.9652,59755.5,-1,1.02484e-09,1,0
0.00602538,0.359629,0.0439602,0.784866,3.96518,59685.8,-1,1.02484e-09,1,0
0.0060269,0.358745,0.0455213,0.784928,3.96493,59523.9,-1,3.84357e-09,1,0
0.00602821,0.357496,0.0452776,0.784436,3.96425,59303.9,-1,1.34898e-10,1,0
0.00603012,0.356876,0.0468158,0.782939,3.96575,59182.3,-1,2.20117e-09,1,0
0.00603058,0.357013,0.0473459,0.782954,3.96576,59200.4,-1,2.20117e-09,1,0
0.00603132,0.356477,0.0477238,0.782966,3.96722,59104.4,-1,6.12807e-10,1,0
0.00603175,0.35655,0.0476194,0.783258,3.96746,59112.2,-1,2.84228e-10,1,0
0.00603308,0.357572,0.048221,0.784088,3.96813,59268.6,-1,8.18959e-11,1,0
0.00603421,0.357521,0.0484653,0.785401,3.96916,59249,-1,1.33603e-09,1,0
0.00603572,0.358549,0.0498721,0.785785,3.9722,59404.5,-1,1.78424e-09,1,0
0.00603704,0.35843,0.0483605,0.786178,3.97179,59371.8,-1,1.56647e-09,1,0
0.00603868,0.359049,0.0486076,0.78659,3.97105,59458.2,-1,4.97957e-10,1,0
0.00603974,0.359929,0.0494594,0.786864,3.97362,59593.4,-1,2.12021e-09,1,0
0.00604007,0.360001,0.0494653,0.787134,3.97072,59602.2,-1,2.33128e-10,1,0
0.00604022,0.359974,0.0493397,0.787173,3.97232,59596.2,-1,8.19563e-11,1,0
0.00604105,0.359933,0.048528,0.787642,3.97547,59581.1,-1,5.79199e-10,1,0
0.00604144,0.359626,0.0486849,0.787878,3.97714,59526.5,-1,4.62187e-11,1,0
0.00604249,0.359258,0.0488352,0.788497,3.97208,59455.3,-1,2.07774e-10,1,0
0.00604409,0.359065,0.0487742,0.788199,3.97268,59407.7,-1,1.00257e-09,1,0
0.0060445,0.358892,0.0484093,0.788477,3.97267,59374.9,-1,1.00257e-09,1,0
0.00604588,0.358304,0.0476525,0.788927,3.97187,59264.2,-1,3.59845e-10,1,0
0.00604769,0.356839,0.0484528,0.787586,3.9718,59004.1,-1,3.59845e-10,1,0
0.00604808,0.35653,0.0486218,0.787303,3.97178,58949.3,-1,3.59845e-10,1,0
0.00604938,0.355599,0.0490912,0.786288,3.97187,58782.7,-1,3.98649e-09,1,0
0.0060498,0.355776,0.049,0.786006,3.9752,58807.9,-1,1.37584e-10,1,0
0.00605134,0.357198,0.0498435,0.785951,3.97367,59027.9,-1,5.39344e-10,1,0
0.00605246,0.356657,0.0488753,0.785329,3.97424,58927.6,-1,1.26527e-09,1,0
0.0060536,0.356411,0.0495133,0.784203,3.97511,58876,-1,2.46399e-10,1,0
0.00605403,0.356571,0.0495316,0.783783,3.97801,58898.1,-1,1.6548e-10,1,0
0.00605464,0.356454,0.0495109,0.783817,3.97639,58872.8,-1,2.75344e-10,1,0
0.00605513,0.356124,0.0492491,0.78344,3.97214,58813.7,-1,5.60212e-10,1,0
0.00605565,0.355989,0.0498244,0.783629,3.97213,58786.2,-1,5.60212e-10,1,0
0.00605616,0.35624,0.0497876,0.783912,3.97105,58822.8,-1,4.22538e-10,1,0
0.00605667,0.356478,0.0493957,0.783582,3.97088,58857.1,-1,3.08017e-10,1,0
0.00605764,0.356845,0.0483346,0.783519,3.97184,58908.3,-1,3.44864e-10,1,0
0.00605926,0.35744,0.0468215,0.783362,3.97177,58990.6,-1,2.82523e-09,1,0
0.00605949,0.357538,0.0470255,0.783205,3.97131,59004.6,-1,4.59296e-10,1,0
0.00606061,0.35842,0.0469739,0.783022,3.97245,59139.2,-1,2.11845e-10,1,0
0.00606148,0.358144,0.047022,0.782567,3.9711,59085.2,-1,6.13693e-10,1,0
0.00606157,0.358162,0.0469306,0.782524,3.9711,59087.4,-1,6.13693e-10,1,0
0.00606297,0.358188,0.0475463,0.783174,3.96882,59077.9,-1,9.11693e-10,1,0
0.00606364,0.358177,0.0481837,0.783458,3.96536,59069.6,-1,2.29388e-11,1,0
0.00606545,0.358162,0.0503256,0.783466,3.96536,59049.6,-1,2.29388e-11,1,0
0.00606641,0.35809,0.0513393,0.783576,3.9681,59028.3,-1,1.2501e-10,1,0
0.00606803,0.358498,0.0507263,0.781808,3.96812,59079.8,-1,1.2501e-10,1,0
0.00606827,0.358647,0.0505869,0.781826,3.96765,59102,-1,2.28234e-11,1,0
0.00606968,0.359307,0.0497936,0.781642,3.96743,59197,-1,5.07321e-10,1,0
0.00607075,0.360265,0.0501527,0.781422,3.96777,59344.4,-1,6.67836e-11,1,0
0.00607148,0.360805,0.0507659,0.781148,3.9678,59426.2,-1,6.67836e-11,1,0
0.00607178,0.361028,0.0510189,0.781035,3.96701,59459.9,-1,1.92215e-09,1,0
0.00607353,0.360856,0.0509412,0.778973,3.97098,59414.4,-1,2.07032e-09,1,0
0.00607541,0.361755,0.0503995,0.780036,3.97269,59544.1,-1,1.26565e-09,1,0
0.00607615,0.361739,0.049702,0.78005,3.97465,59534.2,-1,1.67393e-09,1,0
0.00607701,0.361318,0.049134,0.779547,3.97556,59456.5,-1,7.08436e-10,1,0
0.00607794,0.361356,0.0483107,0.779623,3.97588,59453.7,-1,7.25201e-10,1,0
0.00607931,0.360901,0.0484937,0.780916,3.97338,59365.5,-1,1.91333e-10,1,0
0.0060806,0.360519,0.0487383,0.782331,3.97257,59290.1,-1,2.24175e-11,1,0
0.00608122,0.360666,0.0491266,0.782834,3.97439,59308.1,-1,4.52514e-11,1,0
0.00608167,0.360578,0.0494033,0.782395,3.97438,59289.3,-1,4.52514e-11,1,0
0.0060825,0.360412,0.0499232,0.781569,3.97448,59254,-1,1.5158e-09,1,0
0.00608277,0.360142,0.0497695,0.781525,3.97313,59207,-1,3.13945e-10,1,0
0.0060846,0.360636,0.049639,0.783027,3.97421,59270.2,-1,6.0606e-10,1,0
0.00608619,0.361609,0.0501389,0.782575,3.97444,59414.7,-1,4.9824e-10,1,0
0.006087,0.362514,0.0504205,0.78256,3.9734,59555.4,-1,3.5748e-11,1,0
0.00608783,0.363095,0.0510778,0.782126,3.97099,59642.7,-1,9.78797e-10,1,0
0.00608823,0.362879,0.051103,0.782488,3.9707,59603.4,-1,2.39973e-10,1,0
0.00608876,0.36292,0.0505501,0.782655,3.97018,59605,-1,4.45189e-10,1,0
0.00608934,0.363266,0.0509419,0.782283,3.96985,59656.2,-1,1.88798e-10,1,0
0.00608982,0.36318,0.0513021,0.782409,3.97054,59637.1,-1,3.75825e-10,1,0
0.00608991,0.363179,0.0512336,0.782441,3.97074,59636.2,-1,5.09105e-11,1,0
0.00609069,0.363151,0.0512048,0.782,3.97257,59623.9,-1,4.64638e-10,1,0
0.00609167,0.363279,0.0520074,0.781175,3.97241,59635.4,-1,1.67688e-09,1,0
0.00609289,0.362085,0.0513398,0.780714,3.97235,59427.5,-1,1.67688e-09,1,0
0.00609364,0.361632,0.0514366,0.780832,3.97114,59345.8,-1,4.38317e-10,1,0
0.00609473,0.36123,0.0507387,0.780641,3.97083,59269.3,-1,7.27311e-10,1,0
0.00609599,0.362137,0.0519048,0.780492,3.97215,59405.7,-1,3.83741e-11,1,0
0.0060961,0.362112,0.0518714,0.780365,3.97284,59400.6,-1,1.33755e-10,1,0
0.00609689,0.361719,0.0517577,0.781202,3.97282,59328.4,-1,1.33755e-10,1,0
0.0060979,0.361446,0.0517756,0.78217,3.9716,59273.8,-1,1.36226e-10,1,0
0.00609854,0.36142,0.0517334,0.782794,3.97385,59263.3,-1,1.4234e-10,1,0
0.00610004,0.359671,0.0514646,0.782959,3.97287,58962,-1,1.77761e-09,1,0
0.00610132,0.360127,0.0509784,0.781809,3.96869,59024.5,-1,1.32384e-09,1,0
0.00610166,0.3602,0.0512677,0.782079,3.96869,59033.2,-1,1.32384e-09,1,0
0.00610311,0.360157,0.0523131,0.783148,3.9698,59012.1,-1,1.78497e-09,1,0
0.00610422,0.35966,0.0524403,0.783698,3.97284,58919.8,-1,4.15178e-10,1,0
0.00610608,0.357908,0.0515036,0.782767,3.97275,58615,-1,4.15178e-10,1,0
0.00610629,0.357847,0.0513221,0.782656,3.97271,58603,-1,1.0881e-10,1,0
0.00610784,0.35761,0.0505094,0.781915,3.97233,58549.3,-1,3.05111e-11,1,0
0.0061089,0.35737,0.0506186,0.780978,3.97406,58500,-1,5.22482e-10,1,0
0.00611066,0.357616,0.0499949,0.779004,3.97407,58523.3,-1,5.22482e-10,1,0
0.00611225,0.357838,0.0494316,0.777221,3.97408,58544.3,-1,5.22482e-10,1,0
0.00611311,0.357576,0.0492143,0.776526,3.97372,58493.3,-1,5.37493e-09,1,0
0.00611401,0.356571,0.0490922,0.776718,3.97426,58320.3,-1,7.71311e-10,1,0
0.00611558,0.357175,0.047858,0.776299,3.97374,58404.1,-1,1.25959e-09,1,0
0.00611607,0.357185,0.0473514,0.776468,3.97326,58401,-1,9.36896e-11,1,0
0.00611658,0.357237,0.0468124,0.776736,3.97281,58404.7,-1,1.07567e-09,1,0
0.00611797,0.358521,0.0469254,0.775816,3.97292,58601.3,-1,2.67395e-10,1,0
0.00611854,0.359101,0.0469969,0.77549,3.97091,58690.6,-1,2.04631e-09,1,0
0.00611971,0.359072,0.047915,0.77653,3.97091,58674.6,-1,2.04631e-09,1,0
0.00612053,0.359036,0.0485354,0.777161,3.96972,58661,-1,5.64631e-11,1,0
0.00612126,0.358187,0.0485201,0.777033,3.96805,58515.3,-1,8.59004e-10,1,0
0.00612199,0.358453,0.0478964,0.776482,3.96807,58551.7,-1,8.59004e-10,1,0
0.00612276,0.358875,0.0478657,0.776134,3.96796,58613.2,-1,1.99753e-10,1,0
0.00612359,0.359331,0.0485216,0.775557,3.96798,58679.8,-1,1.99753e-10,1,0
0.00612402,0.35955,0.0485063,0.775305,3.9701,58711.4,-1,2.35631e-10,1,0
0.00612458,0.359881,0.04831,0.77557,3.97202,58760,-1,4.03517e-10,1,0
0.00612554,0.359327,0.048252,0.774685,3.96919,58660.5,-1,1.76579e-10,1,0
0.00612646,0.359472,0.0484647,0.775471,3.97056,58675.4,-1,7.34151e-11,1,0
0.00612741,0.360018,0.0480977,0.775396,3.9718,58755.4,-1,4.99583e-10,1,0
0.00612962,0.360675,0.0495878,0.775078,3.97216,58841.3,-1,1.33299e-09,1,0
0.00613007,0.36067,0.0498046,0.775127,3.97385,58836.2,-1,2.94864e-11,1,0
0.00613134,0.361576,0.0493464,0.774816,3.97308,58971.8,-1,4.99732e-10,1,0
0.00613212,0.362467,0.0491618,0.77471,3.97375,59109.6,-1,2.06358e-09,1,0
0.00613341,0.361959,0.0486479,0.774954,3.97133,59014.4,-1,9.84494e-11,1,0
0.0061343,0.361819,0.0484751,0.774376,3.97462,58983,-1,5.80736e-10,1,0
0.00613572,0.363409,0.0488675,0.77476,3.9747,59228.4,-1,5.80736e-10,1,0
0.00613611,0.363724,0.0489139,0.774809,3.97511,59276.1,-1,1.32939e-10,1,0
0.00613677,0.363246,0.0495195,0.774726,3.97607,59191.7,-1,8.47332e-10,1,0
0.00613793,0.364059,0.0496524,0.775827,3.97611,59313,-1,8.47332e-10,1,0
0.00613894,0.364166,0.0497066,0.775514,3.97642,59320.7,-1,1.90105e-10,1,0
0.00614005,0.363956,0.0501785,0.774788,3.97441,59275.7,-1,3.22505e-10,1,0
0.00614043,0.363974,0.0501448,0.775218,3.97247,59275,-1,2.06646e-10,1,0
0.00614068,0.364081,0.0502829,0.77504,3.97281,59290,-1,2.66006e-10,1,0
0.00614123,0.363817,0.0500209,0.774954,3.96996,59241.7,-1,3.53121e-11,1,0
0.00614263,0.364182,0.0505347,0.774917,3.97135,59287.6,-1,8.47557e-10,1,0
0.00614319,0.364162,0.0505461,0.77505,3.96909,59279,-1,3.94716e-10,1,0
0.00614395,0.364217,0.0501782,0.775222,3.9691,59280.5,-1,4.69182e-10,1,0
0.00614494,0.363994,0.0507034,0.775958,3.971,59234.8,-1,8.80584e-10,1,0
0.00614624,0.364149,0.0494324,0.775947,3.97155,59247.4,-1,1.07013e-09,1,0
0.00614895,0.36685,0.0478348,0.775282,3.97045,59660.5,-1,3.67071e-09,1,0
0.00615032,0.367409,0.0491921,0.774846,3.97079,59738.2,-1,9.32174e-10,1,0
0.00615191,0.368666,0.0504234,0.774213,3.96877,59927.2,-1,2.55771e-09,1,0
0.00615272,0.368422,0.0506325,0.77499,3.9679,59879.6,-1,3.17193e-10,1,0
0.00615331,0.368779,0.0501255,0.775288,3.96667,59931.9,-1,6.88293e-10,1,0
0.00615416,0.368848,0.0504756,0.776166,3.96449,59934.7,-1,3.31876e-10,1,0
0.00615449,0.369152,0.050496,0.775915,3.96451,59980.8,-1,3.31876e-10,1,0
0.00615517,0.369464,0.0499631,0.775577,3.9648,60024.9,-1,6.04265e-10,1,0
0.00615659,0.369139,0.0505203,0.776852,3.96593,59958.3,-1,3.51601e-10,1,0
0.00615735,0.368726,0.0506637,0.777615,3.9669,59883.9,-1,1.8018e-10,1,0
0.00615803,0.368771,0.0502899,0.777794,3.96492,59884.5,-1,4.95536e-10,1,0
0.00615895,0.369225,0.0510211,0.778285,3.96355,59949.4,-1,5.97524e-10,1,0
0.00615933,0.369462,0.0513803,0.778415,3.96356,59984.2,-1,5.97524e-10,1,0
0.0061598,0.36975,0.0518222,0.778577,3.96352,60026.3,-1,5.05197e-12,1,0
0.00616044,0.369901,0.0524637,0.778205,3.96313,60044.7,-1,7.5704e-10,1,0
0.00616197,0.37015,0.0535278,0.776767,3.96391,60070.2,-1,1.80613e-09,1,0
0.00616255,0.369467,0.0535669,0.776683,3.96387,59953.5,-1,1.80613e-09,1,0
0.00616406,0.368976,0.0530862,0.778196,3.96557,59859.2,-1,1.64505e-09,1,0
0.00616507,0.368773,0.0538972,0.777364,3.96628,59816.6,-1,9.86731e-11,1,0
0.00616601,0.369565,0.0540667,0.777633,3.9693,59935.8,-1,1.63778e-10,1,0
0.00616674,0.369732,0.0539503,0.777765,3.96694,59955.8,-1,3.84151e-10,1,0
0.00616888,0.370595,0.0552553,0.777187,3.96789,60074.9,-1,7.92851e-10,1,0
0.00616984,0.370896,0.0549094,0.776601,3.96517,60114.4,-1,2.52725e-10,1,0
0.00617028,0.371114,0.0553791,0.776589,3.96321,60145.4,-1,5.17773e-10,1,0
0.00617175,0.369687,0.0544718,0.776352,3.96377,59899.8,-1,2.13371e-10,1,0
0.00617242,0.369202,0.0541578,0.776497,3.96234,59814.8,-1,2.03599e-10,1,0
0.0061728,0.369297,0.0540301,0.776523,3.96029,59826.6,-1,1.72894e-10,1,0
0.00617461,0.370829,0.0531711,0.776403,3.95995,60057,-1,5.40369e-10,1,0
0.00617543,0.371437,0.0525676,0.776035,3.95917,60147.6,-1,1.83245e-09,1,0
0.00617607,0.371998,0.0527325,0.775749,3.95911,60232.1,-1,4.236e-10,1,0
0.00617723,0.372683,0.0530195,0.775017,3.95879,60331.7,-1,7.48216e-10,1,0
0.00617831,0.373673,0.0524607,0.774445,3.95884,60481.4,-1,7.48216e-10,1,0
0.00617975,0.374588,0.0519299,0.774309,3.96056,60615.3,-1,3.15748e-09,1,0
0.00618028,0.374274,0.0519916,0.774294,3.9614,60559.5,-1,2.77794e-10,1,0
0.00618117,0.374354,0.052215,0.773646,3.95956,60563.6,-1,9.86457e-10,1,0
0.00618204,0.374725,0.0518545,0.774231,3.9586,60615.1,-1,5.34345e-10,1,0
0.00618342,0.374178,0.052744,0.773302,3.95878,60513.1,-1,1.26514e-09,1,0
0.00618531,0.373576,0.0547699,0.773994,3.95875,60397.3,-1,1.26514e-09,1,0
0.00618571,0.373447,0.0552027,0.774142,3.95874,60372.6,-1,1.26514e-09,1,0
0.00618631,0.373417,0.0556758,0.773969,3.95539,60361.9,-1,3.50587e-10,1,0
0.00618839,0.375403,0.0551138,0.772645,3.95549,60662.5,-1,3.50587e-10,1,0
0.00618933,0.376313,0.054814,0.772089,3.95574,60800.3,-1,3.37483e-09,1,0
0.00619011,0.377073,0.0544075,0.771784,3.95614,60915.5,-1,6.16161e-10,1,0
0.0061908,0.376419,0.0547727,0.771659,3.95662,60802.9,-1,1.28135e-10,1,0
0.00619202,0.375611,0.0541158,0.772585,3.95611,60660.5,-1,2.57933e-11,1,0
0.00619328,0.37466,0.0535979,0.773613,3.95438,60494.5,-1,2.51717e-09,1,0
0.00619409,0.374599,0.0545015,0.773924,3.95438,60476.8,-1,2.51717e-09,1,0
0.00619519,0.374463,0.0556421,0.773664,3.95318,60444.2,-1,1.45431e-09,1,0
0.00619593,0.375037,0.0557684,0.773585,3.95434,60529.6,-1,3.54386e-10,1,0
0.00619652,0.375462,0.0557543,0.77388,3.95474,60592.4,-1,1.96029e-10,1,0
0.0061976,0.375449,0.0550295,0.772824,3.95474,60579.7,-1,1.96029e-10,1,0
0.00619879,0.375575,0.0543265,0.771712,3.95513,60588.5,-1,2.50032e-09,1,0
0.00619964,0.376502,0.0541616,0.771502,3.95672,60729.7,-1,7.20867e-10,1,0
0.00620051,0.376607,0.0543858,0.771885,3.958,60738.1,-1,3.26015e-10,1,0
0.00620086,0.3769,0.054525,0.771692,3.95498,60781.9,-1,2.6106e-10,1,0
0.00620183,0.375766,0.0546207,0.77171,3.95493,60589.6,-1,2.6106e-10,1,0
0.00620289,0.37593,0.0542842,0.770645,3.95262,60605.6,-1,1.23953e-09,1,0
0.00620506,0.376517,0.0535187,0.768278,3.95265,60679.1,-1,1.23953e-09,1,0
0.00620527,0.376483,0.0533826,0.768098,3.95342,60671.5,-1,3.8083e-09,1,0
0.00620651,0.375681,0.0525505,0.767755,3.95226,60530.2,-1,5.14018e-10,1,0
0.0062075,0.375466,0.0525549,0.768902,3.95157,60485.8,-1,1.16741e-09,1,0
0.00620781,0.375677,0.0523419,0.768932,3.95322,60516.8,-1,8.96806e-11,1,0
0.00620834,0.375282,0.0527622,0.769183,3.9532,60448.1,-1,8.96806e-11,1,0
0.00620963,0.374327,0.0537813,0.769789,3.95282,60281.6,-1,2.16757e-09,1,0
0.00621054,0.374095,0.0542826,0.770634,3.9537,60235.5,-1,6.62379e-10,1,0
0.00621218,0.372845,0.0557296,0.770317,3.95363,60018.5,-1,6.62379e-10,1,0
0.00621241,0.372672,0.0559303,0.770273,3.95362,59988.4,-1,6.62379e-10,1,0
0.00621427,0.37103,0.0561235,0.769225,3.95317,59706.1,-1,1.59409e-09,1,0
0.00621509,0.371847,0.0564823,0.769612,3.95305,59829.7,-1,9.73007e-10,1,0
0.00621606,0.37131,0.0570023,0.768933,3.95611,59733.9,-1,1.07166e-09,1,0
0.00621661,0.371288,0.0575699,0.768655,3.95624,59725.2,-1,2.51547e-10,1,0
0.00621682,0.37124,0.0578006,0.768552,3.9562,59715.4,-1,6.51236e-10,1,0
0.00621781,0.371438,0.058463,0.767674,3.956,59737.8,-1,9.6714e-11,1,0
0.00621906,0.371441,0.0591587,0.766721,3.95392,59726.2,-1,2.06556e-10,1,0
0.00622037,0.371046,0.0583031,0.765492,3.9539,59650.2,-1,2.06556e-10,1,0
0.00622189,0.370515,0.0573583,0.765178,3.95341,59550.3,-1,2.63927e-09,1,0
0.00622379,0.371609,0.0572451,0.766353,3.95453,59707.8,-1,6.48814e-10,1,0
0.00622538,0.371914,0.0585406,0.765042,3.95455,59741.7,-1,6.48814e-10,1,0
0.00622673,0.372176,0.059651,0.763918,3.95426,59770.7,-1,3.47028e-09,1,0
0.00622793,0.372343,0.0597427,0.764486,3.95479,59786,-1,9.36087e-10,1,0
0.00622886,0.372127,0.0590533,0.764455,3.95048,59742.4,-1,5.06795e-10,1,0
0.00623005,0.371029,0.0589436,0.764123,3.94898,59554.7,-1,2.12177e-10,1,0
0.00623082,0.370183,0.0587025,0.763901,3.94786,59411.6,-1,2.10246e-09,1,0
0.00623225,0.371453,0.0576184,0.764099,3.94772,59601.7,-1,1.63217e-10,1,0
0.00623317,0.372027,0.0568748,0.764058,3.94824,59685,-1,2.88485e-10,1,0
0.00623343,0.371952,0.0568031,0.764041,3.9479,59670.5,-1,7.48192e-11,1,0
0.00623452,0.371198,0.0564668,0.76373,3.9466,59539.1,-1,1.06728e-09,1,0
0.00623552,0.370811,0.0559709,0.763472,3.94629,59467.5,-1,8.2173e-10,1,0
0.00623604,0.371235,0.0563921,0.763391,3.94695,59530.5,-1,1.79246e-10,1,0
0.00623614,0.37124,0.0564198,0.763287,3.94764,59530.5,-1,8.82301e-11,1,0
0.00623651,0.371257,0.0567125,0.762953,3.94779,59529.6,-1,4.66332e-10,1,0
0.0062385,0.369353,0.0564831,0.762676,3.94593,59205.5,-1,2.01082e-09,1,0
0.00623915,0.369603,0.0570876,0.763041,3.94632,59239.3,-1,6.03415e-10,1,0
0.00624009,0.368817,0.0576041,0.763425,3.94352,59104.4,-1,6.55123e-10,1,0
0.00624074,0.368573,0.0572995,0.762897,3.94399,59059.2,-1,4.67976e-10,1,0
0.00624261,0.368085,0.0564779,0.763323,3.94505,58963.3,-1,6.09998e-10,1,0
0.00624344,0.368236,0.0571575,0.762694,3.9426,58979.7,-1,6.90478e-11,1,0
0.0062441,0.368297,0.0575832,0.762294,3.94424,58983.3,-1,1.59437e-09,1,0
0.00624448,0.368283,0.0573625,0.7623,3.94444,58977.4,-1,4.1708e-10,1,0
0.00624641,0.369224,0.0587919,0.760795,3.94369,59109.8,-1,2.40234e-09,1,0
0.00624681,0.368939,0.0588819,0.760676,3.94445,59060.4,-1,3.0857e-10,1,0
0.00624826,0.370312,0.0589693,0.760879,3.94381,59266.4,-1,4.44294e-10,1,0
0.00624881,0.370409,0.0586584,0.76121,3.94284,59276.7,-1,5.01436e-10,1,0
0.00624929,0.370943,0.0587655,0.76108,3.94286,59357.7,-1,5.01436e-10,1,0
0.00624992,0.371267,0.0584918,0.761299,3.9437,59403.4,-1,4.42756e-10,1,0
0.00625146,0.371753,0.0568358,0.760767,3.94211,59466.6,-1,1.80603e-09,1,0
0.0062519,0.371977,0.0571852,0.761072,3.94289,59498.1,-1,1.38285e-10,1,0
0.0062527,0.372449,0.0577963,0.761611,3.9419,59566.1,-1,9.4176e-10,1,0
0.00625389,0.372245,0.0585548,0.761099,3.94179,59522.2,-1,6.36631e-10,1,0
0.00625554,0.37303,0.0595364,0.75961,3.94183,59631.9,-1,6.36631e-10,1,0
0.00625657,0.373245,0.059561,0.75917,3.9404,59656.6,-1,3.49606e-09,1,0
0.00625811,0.374156,0.0592861,0.75944,3.93835,59787.4,-1,5.1155e-10,1,0
0.00625848,0.374155,0.0592022,0.759342,3.93681,59783.6,-1,1.89573e-10,1,0
0.00625882,0.373894,0.0589375,0.759277,3.93668,59738.7,-1,3.70813e-10,1,0
0.00625948,0.373793,0.0586533,0.7596,3.93563,59716.3,-1,1.08094e-10,1,0
0.00626185,0.373471,0.058226,0.761185,3.93582,59642.3,-1,7.26071e-10,1,0
0.00626221,0.373435,0.0580666,0.76143,3.93546,59633.1,-1,4.48464e-11,1,0
0.00626265,0.373256,0.0577087,0.761567,3.93387,59600.3,-1,6.64545e-11,1,0
0.00626388,0.372283,0.05813,0.761488,3.93533,59433.3,-1,1.06667e-09,1,0
0.00626522,0.373333,0.0574209,0.760553,3.93538,59588.3,-1,1.06667e-09,1,0
0.00626694,0.37469,0.0565053,0.759345,3.93545,59788.3,-1,1.06667e-09,1,0
0.00626734,0.37488,0.056319,0.759125,3.93463,59814.8,-1,7.04208e-11,1,0
0.00626839,0.3752,0.0564922,0.7581,3.93316,59855.8,-1,3.97252e-10,1,0
0.00626944,0.375961,0.0568245,0.757522,3.93103,59967.2,-1,5.66341e-10,1,0
0.00627016,0.37593,0.0565123,0.758313,3.93189,59955.4,-1,8.51298e-10,1,0
0.00627043,0.376078,0.056567,0.758192,3.93168,59976.5,-1,1.48484e-10,1,0
0.00627212,0.376725,0.0572733,0.756762,3.93223,60063.5,-1,1.43167e-09,1,0
0.0062731,0.377663,0.0571945,0.7561,3.93441,60203.6,-1,1.87588e-09,1,0
0.00627456,0.376301,0.0576884,0.755169,3.93435,59972.4,-1,1.87588e-09,1,0
0.00627544,0.375731,0.0581014,0.754624,3.93378,59873.3,-1,2.52486e-09,1,0
0.0062764,0.376062,0.0590272,0.754058,3.93303,59916.8,-1,1.3584e-09,1,0
0.00627718,0.376475,0.0585295,0.754714,3.93301,59975.2,-1,9.21631e-10,1,0
0.0062781,0.376808,0.0586825,0.755726,3.93303,60019.4,-1,9.21631e-10,1,0
0.00627848,0.377163,0.0587236,0.755833,3.92954,60072.4,-1,3.16388e-10,1,0
0.00627931,0.376899,0.0589708,0.756596,3.92674,60022.3,-1,1.42438e-10,1,0
0.00627944,0.376781,0.0589962,0.756503,3.92674,60002.3,-1,1.42438e-10,1,0
0.00628049,0.376723,0.0582446,0.756327,3.93083,59983,-1,8.52674e-10,1,0
0.00628113,0.376728,0.0583271,0.756381,3.93359,59977.8,-1,2.43691e-10,1,0
0.00628327,0.376097,0.0587189,0.755057,3.93021,59856.8,-1,1.26498e-09,1,0
0.00628373,0.376019,0.0588871,0.754548,3.93021,59840.1,-1,1.26498e-09,1,0
0.00628421,0.37594,0.0590607,0.754022,3.93021,59822.9,-1,1.26498e-09,1,0
0.00628572,0.375616,0.0594421,0.752503,3.93066,59757.1,-1,1.53512e-10,1,0
0.00628726,0.374626,0.0592631,0.752388,3.93007,59584.9,-1,5.46888e-10,1,0
0.00628841,0.373436,0.0592901,0.751734,3.93071,59384.7,-1,2.62334e-09,1,0
0.00628882,0.373804,0.0590323,0.751891,3.93182,59439.5,-1,4.76387e-10,1,0
0.00628955,0.374233,0.0590734,0.752212,3.9298,59500.8,-1,1.36054e-10,1,0
0.00629049,0.373771,0.0597336,0.751664,3.92847,59418.4,-1,1.02517e-09,1,0
0.00629206,0.374666,0.0588619,0.751717,3.92787,59545.9,-1,1.17406e-09,1,0
0.006294,0.3756,0.0578434,0.752713,3.92873,59675.8,-1,9.49758e-12,1,0
0.00629568,0.375464,0.0561834,0.752402,3.93086,59638.4,-1,6.45141e-11,1,0
0.0062977,0.377505,0.0571165,0.753179,3.93096,59943.4,-1,6.45141e-11,1,0
0.00629868,0.377205,0.0572204,0.754197,3.93097,59886.4,-1,2.47523e-09,1,0
0.00629936,0.377347,0.0569896,0.753498,3.92934,59902.5,-1,4.5781e-10,1,0
0.00630054,0.376577,0.0570912,0.753806,3.93315,59768.9,-1,1.05963e-09,1,0
0.00630268,0.375244,0.0573656,0.753944,3.93481,59537.1,-1,1.25303e-09,1,0
0.00630324,0.375045,0.0570456,0.754352,3.93251,59500.4,-1,1.88421e-10,1,0
0.00630364,0.375128,0.0571808,0.753998,3.93538,59509.8,-1,3.83691e-10,1,0
0.00630471,0.376222,0.0571143,0.753375,3.93497,59673.2,-1,1.26107e-09,1,0
0.00630488,0.376361,0.0571231,0.753324,3.93584,59693.6,-1,1.48375e-10,1,0
0.0063059,0.375809,0.0562152,0.752798,3.93739,59596.4,-1,1.05339e-09,1,0
0.00630753,0.374957,0.0545039,0.75267,3.93731,59446,-1,2.06112e-09,1,0
0.00630846,0.373955,0.0549495,0.752676,3.9369,59278.3,-1,1.09734e-09,1,0
0.00630935,0.37339,0.0554908,0.752806,3.9368,59180.4,-1,8.84093e-10,1,0
0.00631015,0.373447,0.0559207,0.752428,3.93255,59182,-1,2.87168e-11,1,0
0.0063112,0.374257,0.0558452,0.75264,3.93017,59300.5,-1,3.17184e-10,1,0
0.00631175,0.374587,0.056009,0.753029,3.92838,59347.5,-1,9.20927e-10,1,0
0.00631215,0.374575,0.0556386,0.753135,3.92737,59341.8,-1,3.72141e-10,1,0
0.00631291,0.375072,0.0556565,0.752886,3.92761,59413.5,-1,6.93268e-11,1,0
0.00631455,0.374259,0.0569091,0.75306,3.92711,59269.4,-1,1.67894e-09,1,0
0.00631547,0.375035,0.0574907,0.752569,3.92715,59383.4,-1,1.67894e-09,1,0
0.00631802,0.375434,0.0587327,0.751896,3.92589,59422.7,-1,6.38134e-10,1,0
0.0063187,0.375148,0.059417,0.752191,3.92585,59371.1,-1,4.8248e-11,1,0
0.00631983,0.374721,0.0596024,0.751827,3.92429,59292.9,-1,3.24522e-10,1,0
0.00632248,0.377209,0.0612732,0.751166,3.92585,59661.5,-1,1.03829e-09,1,0
0.00632396,0.376062,0.0622499,0.750347,3.92364,59466.2,-1,1.68553e-09,1,0
0.00632633,0.375239,0.0638623,0.749791,3.9256,59313.8,-1,1.2653e-09,1,0
0.00632731,0.375008,0.064637,0.750279,3.92351,59268.1,-1,5.46751e-10,1,0
0.00632909,0.374584,0.0651904,0.751288,3.92652,59184.6,-1,3.24801e-10,1,0
0.00632964,0.374255,0.0649715,0.751185,3.92632,59127.4,-1,4.20208e-10,1,0
0.0063306,0.374936,0.0651301,0.751695,3.92914,59226,-1,1.42055e-10,1,0
0.00633148,0.375186,0.0654766,0.751783,3.92933,59257.3,-1,4.85789e-10,1,0
0.00633229,0.37436,0.0656106,0.7522,3.92747,59119.2,-1,1.20475e-10,1,0
0.00633288,0.374859,0.0656282,0.752053,3.9273,59192.4,-1,1.66113e-10,1,0
0.00633398,0.376153,0.0656354,0.752088,3.92736,59386.4,-1,1.66113e-10,1,0
0.00633448,0.375903,0.0657025,0.75192,3.92591,59342.4,-1,2.47728e-10,1,0
0.00633601,0.376447,0.0652765,0.75339,3.92675,59413.8,-1,8.86519e-10,1,0
0.00633675,0.376153,0.0650154,0.753982,3.92388,59360.6,-1,6.9303e-11,1,0
0.00633819,0.375221,0.0644218,0.752854,3.92338,59200,-1,1.51748e-09,1,0
0.00633864,0.375119,0.0648232,0.752818,3.92497,59179.7,-1,1.72571e-10,1,0
0.00633911,0.375374,0.064996,0.753278,3.92499,59215.6,-1,1.72571e-10,1,0
0.00633948,0.375361,0.0652247,0.753603,3.92381,59210,-1,3.38025e-10,1,0
0.00634023,0.375119,0.064448,0.753946,3.9238,59164.9,-1,3.38025e-10,1,0
0.00634115,0.375217,0.0637167,0.754058,3.92169,59171.8,-1,3.53319e-10,1,0
0.00634141,0.374929,0.0638195,0.754034,3.92285,59123.9,-1,3.06977e-10,1,0
0.0063418,0.375067,0.0636271,0.754321,3.9235,59142,-1,1.08365e-10,1,0
0.00634229,0.375028,0.0634856,0.754052,3.92452,59131.4,-1,1.8436e-10,1,0
0.0063429,0.37511,0.0628428,0.75435,3.92449,59138.6,-1,5.33989e-12,1,0
0.00634395,0.375735,0.0622203,0.753864,3.92273,59227.2,-1,1.0775e-09,1,0
0.00634478,0.37575,0.0615261,0.754277,3.921,59221.9,-1,1.61567e-10,1,0
0.00634615,0.375727,0.0599995,0.754814,3.92059,59205.5,-1,2.42575e-09,1,0
0.00634667,0.375597,0.0598296,0.754919,3.92154,59180.2,-1,1.86952e-10,1,0
0.00634689,0.375442,0.0597187,0.755009,3.92194,59153.7,-1,8.99292e-11,1,0
0.00634848,0.375643,0.0589481,0.75605,3.92114,59170.5,-1,4.40437e-10,1,0
0.00634974,0.375423,0.0579825,0.757152,3.92165,59124.2,-1,2.9033e-09,1,0
0.00635016,0.375642,0.0576909,0.757012,3.92049,59154.7,-1,7.99386e-11,1,0
0.00635098,0.376561,0.0574114,0.757081,3.92053,59291.8,-1,7.99386e-11,1,0
0.00635205,0.377099,0.0569994,0.75732,3.91828,59366.5,-1,1.28264e-10,1,0
0.00635289,0.376665,0.0562613,0.757813,3.91483,59290.4,-1,1.29071e-09,1,0
0.00635429,0.376514,0.0561626,0.756945,3.9134,59253.5,-1,9.0246e-10,1,0
0.0063552,0.37554,0.055941,0.756623,3.91349,59091.8,-1,2.76686e-11,1,0
0.00635674,0.375225,0.0553172,0.757243,3.91177,59028,-1,1.03584e-09,1,0
0.0063571,0.375034,0.0554853,0.757583,3.91176,58994.5,-1,1.03584e-09,1,0
0.00635778,0.37515,0.0548594,0.757792,3.91264,59006.4,-1,6.97425e-10,1,0
0.00635843,0.375387,0.0551547,0.75743,3.91355,59037.7,-1,4.15291e-11,1,0
0.00635967,0.376261,0.0554224,0.758556,3.91359,59163.7,-1,4.15291e-11,1,0
0.00636048,0.376838,0.0555991,0.759299,3.91388,59246.8,-1,2.40726e-09,1,0
0.00636332,0.376886,0.0550283,0.756374,3.91268,59227.9,-1,2.2717e-09,1,0
0.00636378,0.376829,0.0546498,0.756369,3.91174,59214.7,-1,2.37608e-10,1,0
0.0063656,0.378049,0.0536627,0.757265,3.91234,59389.3,-1,1.15581e-09,1,0
0.00636649,0.377469,0.0531741,0.757478,3.91559,59290,-1,6.69184e-10,1,0
0.00636811,0.376633,0.0522528,0.757628,3.91759,59143.5,-1,8.36517e-10,1,0
0.00636968,0.377117,0.0513789,0.758619,3.91773,59205.1,-1,3.26537e-10,1,0
0.00637111,0.377385,0.0517281,0.758275,3.91764,59233.7,-1,8.54514e-10,1,0
0.00637293,0.375892,0.0525744,0.757247,3.91784,58982.7,-1,1.28355e-09,1,0
0.00637355,0.375348,0.0525824,0.756765,3.91579,58891.5,-1,1.57737e-09,1,0
0.00637484,0.375831,0.051964,0.758066,3.91582,58955.4,-1,1.57737e-09,1,0
0.00637624,0.375315,0.0518788,0.759175,3.91552,58861.5,-1,3.07102e-10,1,0
0.0063765,0.375328,0.0516383,0.759158,3.91532,58861.1,-1,1.26681e-10,1,0
0.00637747,0.375531,0.0512881,0.759071,3.91741,58884,-1,3.44022e-10,1,0
0.00637776,0.375408,0.0513158,0.758771,3.91762,58862.1,-1,1.16079e-10,1,0
0.00637812,0.375425,0.050889,0.758804,3.91995,58861.4,-1,4.28458e-10,1,0
0.00637885,0.375935,0.051475,0.758438,3.91998,58934.6,-1,4.28458e-10,1,0
0.00637975,0.375873,0.0520379,0.758622,3.92222,58916.7,-1,5.71841e-10,1,0
0.0063809,0.376892,0.0520594,0.759434,3.92221,59065.7,-1,1.07907e-09,1,0
0.00638242,0.378068,0.0517742,0.760666,3.92325,59235.8,-1,1.29326e-09,1,0
0.00638257,0.378084,0.0516403,0.760734,3.92028,59236.9,-1,8.69754e-11,1,0
0.00638356,0.37812,0.0522237,0.761575,3.9174,59233.4,-1,1.56917e-10,1,0
0.0063851,0.378746,0.0512538,0.761469,3.91487,59317.1,-1,4.25403e-10,1,0
0.00638676,0.379988,0.0509678,0.759998,3.91493,59496.3,-1,4.25403e-10,1,0
0.00638768,0.379911,0.0509958,0.759892,3.91301,59475.6,-1,1.33385e-10,1,0
0.00638903,0.378466,0.0508252,0.759542,3.91223,59236.8,-1,7.03877e-10,1,0
0.00639036,0.377395,0.0506194,0.758891,3.91248,59057,-1,1.26408e-10,1,0
0.00639178,0.377405,0.0499574,0.760394,3.90996,59045.4,-1,1.63165e-10,1,0
0.00639233,0.377713,0.0497565,0.760565,3.91023,59088.4,-1,3.36605e-10,1,0
0.00639287,0.377689,0.0500215,0.761141,3.91295,59079.8,-1,6.34363e-10,1,0
0.00639403,0.377257,0.0508781,0.761103,3.91396,59001.5,-1,7.87856e-10,1,0
0.00639532,0.377244,0.0513367,0.762553,3.91396,58987.4,-1,7.87856e-10,1,0
0.00639692,0.377772,0.0509124,0.762818,3.91343,59055.2,-1,1.02456e-09,1,0
0.00639958,0.378104,0.051828,0.762458,3.91311,59082.5,-1,1.09801e-09,1,0
0.00640159,0.377199,0.0514426,0.762658,3.91632,58922.6,-1,1.28357e-09,1,0
0.0064024,0.376396,0.0514145,0.76237,3.91593,58789.8,-1,1.32646e-09,1,0
0.00640372,0.374974,0.0509853,0.761955,3.91586,58555.7,-1,1.32646e-09,1,0
0.00640547,0.373625,0.0510873,0.760793,3.91359,58329.1,-1,1.0611e-09,1,0
0.00640721,0.372818,0.0502262,0.762404,3.91494,58187.2,-1,2.00096e-09,1,0
0.00640839,0.373095,0.0495383,0.762747,3.91463,58219.8,-1,7.88047e-10,1,0
0.00640882,0.373105,0.0497808,0.763185,3.9149,58217.4,-1,4.94105e-10,1,0
0.00641007,0.373008,0.0500753,0.762318,3.91198,58190.9,-1,6.47296e-10,1,0
0.00641039,0.373289,0.0499778,0.762423,3.91196,58231.9,-1,2.36251e-10,1,0
0.00641122,0.373666,0.0505077,0.762404,3.91326,58283.2,-1,5.03267e-10,1,0
0.00641179,0.373557,0.0510536,0.762763,3.91332,58261.1,-1,9.52368e-10,1,0
0.00641503,0.374181,0.0507288,0.763827,3.91601,58328.7,-1,1.28359e-09,1,0
0.00641536,0.373921,0.0507102,0.763798,3.91808,58285.3,-1,4.66613e-11,1,0
0.00641699,0.37321,0.0498963,0.764008,3.91408,58159.8,-1,8.72632e-10,1,0
0.00641755,0.373688,0.0500477,0.76422,3.9135,58229.2,-1,3.90676e-10,1,0
0.00641799,0.373549,0.0501944,0.764537,3.91,58203.5,-1,2.9017e-10,1,0
0.00641893,0.37311,0.0503524,0.764016,3.90792,58126.4,-1,3.85038e-10,1,0
0.00642042,0.371701,0.051048,0.763542,3.90646,57893.6,-1,6.5647e-10,1,0
0.00642104,0.372398,0.0511027,0.763661,3.90563,57996.5,-1,5.85559e-10,1,0
0.00642311,0.373838,0.0514154,0.764102,3.90733,58202.1,-1,4.99366e-10,1,0
0.00642395,0.374429,0.0517641,0.7648,3.906,58286.4,-1,3.82524e-11,1,0
0.00642472,0.374433,0.0516195,0.765106,3.90743,58280,-1,2.44147e-10,1,0
0.00642663,0.374004,0.0510358,0.764159,3.9049,58196,-1,6.65115e-10,1,0
0.00642829,0.374297,0.0504035,0.763059,3.90297,58226.6,-1,3.22131e-10,1,0
0.00642906,0.374408,0.0497428,0.763253,3.90357,58236.9,-1,1.59295e-10,1,0
0.00643002,0.374455,0.0486212,0.763376,3.90263,58235.4,-1,1.87278e-09,1,0
0.00643212,0.372743,0.0468649,0.763261,3.90254,57950.3,-1,1.87278e-09,1,0
0.00643305,0.371984,0.0460864,0.76321,3.9025,57823.9,-1,1.87278e-09,1,0
0.00643402,0.371741,0.045676,0.76407,3.90314,57777.4,-1,9.06166e-10,1,0
0.00643501,0.37071,0.0451838,0.764236,3.90403,57608.3,-1,1.15463e-09,1,0
0.00643594,0.370563,0.0449076,0.764238,3.90471,57577.2,-1,4.12891e-10,1,0
0.00643644,0.370685,0.0444929,0.764417,3.90551,57591.6,-1,3.79307e-10,1,0
0.00643759,0.371216,0.0434433,0.763758,3.90554,57663.8,-1,3.79307e-10,1,0
0.00643923,0.371676,0.0441936,0.762446,3.90491,57720.5,-1,1.92039e-09,1,0
0.0064394,0.371816,0.0441302,0.762347,3.90399,57740.8,-1,7.87935e-12,1,0
0.00644111,0.37302,0.0448734,0.763732,3.90387,57912.3,-1,1.39939e-10,1,0
0.00644214,0.37365,0.0449329,0.764334,3.90392,58000.9,-1,2.66159e-10,1,0
0.00644334,0.374434,0.0449429,0.764531,3.90332,58111.8,-1,1.64799e-10,1,0
0.00644494,0.374309,0.0452953,0.766137,3.90556,58078.1,-1,1.01699e-09,1,0
0.00644535,0.374221,0.0454218,0.766601,3.90517,58060.6,-1,2.16272e-09,1,0
0.00644777,0.37705,0.0453192,0.766794,3.90532,58477.5,-1,2.16272e-09,1,0
0.00644893,0.378382,0.0453053,0.766857,3.90603,58673.6,-1,4.1333e-09,1,0
0.00645004,0.379335,0.0454866,0.766448,3.90543,58811.3,-1,4.79143e-10,1,0
0.0064502,0.379187,0.0455675,0.766535,3.90542,58786.8,-1,4.79143e-10,1,0
0.00645063,0.379017,0.0457275,0.766466,3.90391,58756.6,-1,2.86972e-10,1,0
0.00645144,0.379641,0.0451425,0.766227,3.90488,58846,-1,4.65453e-10,1,0
0.0064528,0.380479,0.0442009,0.766111,3.90597,58963.4,-1,1.99619e-09,1,0
0.00645419,0.380911,0.0450649,0.76662,3.9062,59017.6,-1,1.58135e-09,1,0
0.00645523,0.38035,0.0451284,0.766304,3.90323,58921.2,-1,1.37584e-10,1,0
0.0064566,0.380695,0.0443775,0.766393,3.9031,58962.1,-1,1.11358e-09,1,0
0.00645882,0.378679,0.0451105,0.765869,3.90222,58629.7,-1,1.70567e-09,1,0
0.00645975,0.377852,0.0455733,0.766038,3.90349,58493.3,-1,7.33964e-10,1,0
0.00646046,0.377603,0.0457617,0.765296,3.90415,58448.3,-1,3.16254e-10,1,0
0.00646185,0.378691,0.0456477,0.765529,3.90335,58604.1,-1,1.28346e-09,1,0
0.00646251,0.378894,0.045797,0.765763,3.90484,58629.5,-1,2.85718e-10,1,0
0.00646284,0.37892,0.0457104,0.766034,3.90222,58630.6,-1,6.04398e-10,1,0
0.00646359,0.378488,0.046313,0.765998,3.89839,58556.9,-1,8.07551e-10,1,0
0.0064649,0.379622,0.0461809,0.765068,3.90079,58720.5,-1,4.88325e-11,1,0
0.00646543,0.379876,0.0461738,0.764792,3.90139,58755,-1,2.86757e-10,1,0
0.00646726,0.38093,0.045987,0.764136,3.90287,58901.3,-1,7.1697e-10,1,0
0.00646821,0.381857,0.0464658,0.764409,3.90211,59035.9,-1,1.67512e-10,1,0
0.00646901,0.382642,0.0469527,0.764575,3.90215,59150,-1,1.67512e-10,1,0
0.00646978,0.383387,0.047337,0.76476,3.90282,59258.2,-1,2.69579e-09,1,0
0.00647093,0.384465,0.0468397,0.765418,3.90133,59414.2,-1,1.44686e-09,1,0
0.00647151,0.384446,0.0473538,0.765649,3.89855,59405.9,-1,1.06475e-10,1,0
0.00647277,0.38516,0.0477026,0.764812,3.90257,59504.6,-1,1.95865e-10,1,0
0.00647339,0.385671,0.0480366,0.764529,3.90038,59577.9,-1,3.32218e-10,1,0
0.00647467,0.384357,0.048335,0.764942,3.89828,59363.1,-1,1.26104e-09,1,0
0.00647573,0.384506,0.0474407,0.7653,3.89712,59376.4,-1,5.64279e-10,1,0
0.00647631,0.384316,0.046798,0.76528,3.89992,59341.8,-1,1.35087e-09,1,0
0.00647682,0.384588,0.0468862,0.765792,3.90005,59379.1,-1,6.8805e-11,1,0
0.00647696,0.384673,0.0469036,0.765938,3.89992,59391,-1,6.97906e-10,1,0
0.00647778,0.385466,0.04723,0.766357,3.89996,59506,-1,6.97906e-10,1,0
0.00647859,0.385693,0.0474607,0.766865,3.89647,59533.5,-1,3.61627e-10,1,0
0.00648019,0.386203,0.0480442,0.76742,3.89377,59597.5,-1,1.5294e-09,1,0
0.00648105,0.38546,0.0481502,0.767376,3.89484,59474.9,-1,5.03547e-10,1,0
0.00648129,0.385649,0.0481983,0.76756,3.89421,59501.9,-1,1.56887e-10,1,0
0.00648196,0.385294,0.048326,0.767868,3.8934,59441,-1,1.6702e-10,1,0
0.00648376,0.383462,0.0492695,0.768329,3.8933,59141.9,-1,1.6702e-10,1,0
0.00648535,0.382322,0.0492102,0.767239,3.89443,58951.7,-1,2.52591e-09,1,0
0.00648577,0.382139,0.0491772,0.766869,3.89418,58919.5,-1,6.75962e-11,1,0
0.0064878,0.380015,0.0485272,0.766554,3.89522,58573.8,-1,1.20191e-10,1,0
0.00648824,0.3795,0.0484876,0.766565,3.89272,58490.4,-1,1.48707e-09,1,0
0.00648861,0.379688,0.0486969,0.766888,3.89273,58516,-1,1.48707e-09,1,0
0.00648904,0.379909,0.0488729,0.767182,3.8952,58546.3,-1,6.51779e-11,1,0
0.00649073,0.378042,0.0489596,0.767805,3.89511,58243.3,-1,6.51779e-11,1,0
0.00649155,0.377128,0.0490021,0.768109,3.89459,58095.2,-1,2.93481e-09,1,0
0.00649273,0.377419,0.0479612,0.768973,3.89447,58129.4,-1,9.83592e-11,1,0
0.00649393,0.377747,0.0469654,0.76971,3.89533,58169.2,-1,1.01669e-10,1,0
0.00649608,0.376982,0.0481327,0.768757,3.89363,58032.2,-1,7.58441e-10,1,0
0.00649642,0.376765,0.0483216,0.768499,3.89184,57995.8,-1,1.08259e-11,1,0
0.006497,0.377256,0.0485298,0.768104,3.8931,58066.2,-1,6.69255e-10,1,0
0.0064973,0.377204,0.04851,0.768194,3.89612,58055.5,-1,2.12392e-10,1,0
0.00649787,0.376944,0.0486595,0.767942,3.89642,58010.3,-1,6.08303e-10,1,0
0.00649868,0.376809,0.0490608,0.76837,3.89562,57982.4,-1,3.17045e-11,1,0
0.00649918,0.376586,0.0486111,0.768074,3.89528,57943.7,-1,7.63491e-10,1,0
0.00649969,0.376078,0.0485832,0.767956,3.896,57860.9,-1,4.33603e-10,1,0
0.00650011,0.376336,0.0488894,0.767668,3.89602,57896.9,-1,4.92997e-10,1,0
0.00650115,0.376225,0.049503,0.766971,3.89543,57870.4,-1,1.73208e-10,1,0
0.00650214,0.376297,0.0502,0.766057,3.89544,57872.9,-1,1.73208e-10,1,0
0.00650283,0.376349,0.0506929,0.76541,3.8941,57874.6,-1,2.9655e-09,1,0
0.00650336,0.375826,0.0503998,0.765272,3.89407,57789.6,-1,2.9655e-09,1,0
0.00650387,0.375362,0.0502554,0.765288,3.8932,57713.6,-1,1.60566e-10,1,0
0.00650492,0.374166,0.0500798,0.76507,3.89328,57520.4,-1,1.22821e-09,1,0
0.00650649,0.373073,0.0514262,0.76446,3.89259,57338.5,-1,1.83874e-09,1,0
0.00650661,0.373021,0.0514881,0.764558,3.89277,57329.6,-1,1.25579e-10,1,0
0.00650683,0.373158,0.051461,0.7645,3.88806,57348.7,-1,1.76011e-10,1,0
0.00650785,0.372518,0.050727,0.764181,3.8868,57241.4,-1,2.11532e-10,1,0
0.00650836,0.372455,0.0502496,0.763971,3.88856,57227.1,-1,1.01801e-10,1,0
0.00651057,0.370034,0.0498632,0.763158,3.88837,56835.9,-1,6.9057e-10,1,0
0.00651294,0.368177,0.0484264,0.762802,3.89173,56530.2,-1,1.28377e-09,1,0
0.00651338,0.368295,0.0486266,0.762569,3.89235,56544.3,-1,1.31932e-10,1,0
0.00651493,0.369449,0.0497593,0.763355,3.8931,56708,-1,1.73785e-09,1,0
0.00651515,0.36951,0.0496207,0.763471,3.89307,56715.5,-1,1.3057e-11,1,0
0.00651576,0.369157,0.0490659,0.763172,3.89305,56656,-1,1.3057e-11,1,0
0.00651755,0.368317,0.0495993,0.762588,3.8946,56511.6,-1,3.62453e-10,1,0
0.00651831,0.368169,0.0495757,0.761755,3.89518,56482.3,-1,6.15864e-10,1,0
0.00651983,0.368985,0.0497294,0.762761,3.8937,56594.2,-1,1.561e-10,1,0
0.00652144,0.369025,0.0488204,0.763153,3.89464,56586.4,-1,1.28356e-09,1,0
0.00652209,0.36949,0.0488526,0.762988,3.89221,56652.1,-1,7.2952e-12,1,0
0.00652374,0.368234,0.0497764,0.76257,3.8907,56445.3,-1,4.25161e-10,1,0
0.00652514,0.36922,0.0502869,0.761571,3.88978,56584.3,-1,1.3699e-09,1,0
0.00652596,0.369448,0.0495419,0.762133,3.88979,56612.2,-1,1.3699e-09,1,0
0.00652645,0.369586,0.0490938,0.76247,3.8898,56628.9,-1,1.3699e-09,1,0
0.00652768,0.369927,0.0479797,0.76331,3.89385,56670.5,-1,2.97375e-09,1,0
0.006528,0.369774,0.0482771,0.763239,3.89422,56644.2,-1,1.25662e-11,1,0
0.00652938,0.369926,0.0488121,0.762228,3.8949,56655.6,-1,1.18353e-09,1,0
0.00653029,0.369783,0.0488768,0.76298,3.89541,56625.8,-1,2.95077e-10,1,0
0.00653108,0.369284,0.0490088,0.763753,3.89538,56542.6,-1,2.95077e-10,1,0
0.00653247,0.369541,0.0500715,0.764194,3.89618,56569.9,-1,1.12187e-09,1,0
0.00653306,0.369546,0.0505389,0.763945,3.8965,56565.6,-1,3.35958e-10,1,0
0.00653369,0.369401,0.0511963,0.763668,3.89846,56537.9,-1,5.84745e-12,1,0
0.00653473,0.370099,0.0510331,0.764189,3.89755,56635.7,-1,5.61721e-10,1,0
0.00653515,0.370423,0.0510756,0.764565,3.89756,56681.6,-1,5.61721e-10,1,0
0.00653581,0.370716,0.050566,0.764598,3.89619,56720.8,-1,2.12845e-10,1,0
0.00653662,0.370008,0.0510585,0.764704,3.8948,56605.4,-1,8.27201e-11,1,0
0.00653793,0.369492,0.0511844,0.76535,3.89572,56515.1,-1,4.2144e-10,1,0
0.00653862,0.369473,0.0508867,0.765673,3.89726,56506.2,-1,1.87083e-10,1,0
0.00654036,0.369566,0.0494499,0.767117,3.89726,56505.5,-1,1.87083e-10,1,0
0.00654177,0.370081,0.0491124,0.767159,3.89829,56572,-1,6.29315e-10,1,0
0.0065418,0.37009,0.0491183,0.767128,3.89674,56573.1,-1,2.16813e-11,1,0
0.00654202,0.36997,0.0491958,0.767302,3.89661,56552.8,-1,3.99047e-11,1,0
0.00654239,0.369741,0.0492442,0.766947,3.89473,56514.7,-1,4.25247e-10,1,0
0.00654438,0.368882,0.0496629,0.767643,3.89123,56366.2,-1,1.03397e-09,1,0
0.00654477,0.369058,0.0494853,0.767872,3.89407,56389.7,-1,6.57194e-11,1,0
0.00654648,0.368989,0.0504487,0.766119,3.89391,56364.5,-1,2.00062e-09,1,0
0.00654684,0.368734,0.0503735,0.766413,3.89455,56322.4,-1,3.11279e-10,1,0
0.00654776,0.367754,0.0500776,0.766579,3.89143,56164.9,-1,5.06386e-10,1,0
0.00655021,0.365572,0.0492605,0.76574,3.8926,55810.8,-1,1.28381e-09,1,0
0.006551,0.364702,0.0490806,0.765749,3.893,55671.2,-1,2.96786e-10,1,0
0.00655283,0.364925,0.0490616,0.765521,3.89607,55689.7,-1,9.57556e-11,1,0
0.00655357,0.365402,0.0493579,0.764865,3.8961,55756.1,-1,9.57556e-11,1,0
0.00655454,0.366031,0.0497493,0.763997,3.89613,55843.9,-1,9.57556e-11,1,0
0.00655595,0.366308,0.0497697,0.762915,3.89819,55874.2,-1,5.4589e-10,1,0
0.00655767,0.367276,0.0503631,0.761553,3.89705,56007,-1,1.88723e-09,1,0
0.00655841,0.366799,0.0504834,0.762265,3.89926,55928,-1,9.92561e-10,1,0
0.00655985,0.365976,0.0495705,0.76171,3.89855,55790.3,-1,2.17547e-10,1,0
0.00656092,0.365038,0.0499891,0.761123,3.89596,55638.1,-1,1.78659e-10,1,0
0.00656246,0.36447,0.0489068,0.760293,3.89847,55538.7,-1,1.55903e-09,1,0
0.00656495,0.361952,0.0496329,0.76017,3.89744,55134,-1,9.2865e-10,1,0
0.0065659,0.361837,0.0491295,0.7607,3.89551,55108.6,-1,5.36543e-10,1,0
0.00656635,0.361986,0.0488428,0.760524,3.8918,55127.5,-1,7.95628e-11,1,0
0.00656776,0.361952,0.0485514,0.76112,3.88753,55110.5,-1,1.05634e-09,1,0
0.00656971,0.360484,0.0484674,0.761935,3.88724,54870.6,-1,4.36854e-10,1,0
0.00657192,0.360553,0.0489497,0.761458,3.88508,54862.7,-1,7.7627e-10,1,0
0.00657333,0.36042,0.0502517,0.760535,3.88506,54830.6,-1,3.68104e-11,1,0
0.00657525,0.3604,0.0497841,0.759935,3.88479,54811.6,-1,8.81557e-10,1,0
0.00657612,0.359922,0.0492226,0.759295,3.88558,54731.6,-1,6.76506e-10,1,0
0.00657648,0.359665,0.0494065,0.759404,3.88346,54689.6,-1,3.61086e-10,1,0
0.00657751,0.359321,0.0494237,0.760311,3.88415,54628.7,-1,7.29666e-10,1,0
0.00657866,0.359213,0.0503276,0.760786,3.88436,54602.7,-1,1.43968e-09,1,0
0.00657944,0.359489,0.0503267,0.760426,3.88486,54638.2,-1,7.73283e-10,1,0
0.00657975,0.359785,0.0501433,0.760346,3.88487,54680.6,-1,7.73283e-10,1,0
0.0065822,0.362158,0.0486707,0.759709,3.88557,55020.9,-1,3.74187e-09,1,0
0.00658377,0.363176,0.048741,0.759527,3.8851,55162.3,-1,2.1086e-10,1,0
0.00658471,0.363722,0.048123,0.759519,3.88838,55237.4,-1,2.09484e-10,1,0
0.00658573,0.363754,0.0479783,0.759524,3.88472,55233.7,-1,4.94455e-10,1,0
0.00658693,0.363834,0.0473301,0.759907,3.88732,55235.7,-1,4.28746e-10,1,0
0.00658735,0.363604,0.0473112,0.75961,3.88519,55197.3,-1,4.50611e-10,1,0
0.00658863,0.364344,0.0482864,0.759722,3.88816,55298.9,-1,4.1577e-10,1,0
0.00658887,0.364435,0.0482387,0.759905,3.89031,55310.7,-1,7.50216e-11,1,0
0.0065903,0.364495,0.0489856,0.759235,3.88959,55307.7,-1,6.15792e-10,1,0
0.00659085,0.36463,0.0495736,0.759023,3.8896,55323.7,-1,6.15792e-10,1,0
0.00659267,0.365081,0.051531,0.758317,3.88632,55376.8,-1,2.76845e-09,1,0
0.00659412,0.366417,0.0507936,0.757608,3.88822,55567.2,-1,1.64073e-09,1,0
0.00659503,0.365376,0.0509429,0.757785,3.89125,55401.8,-1,1.06596e-09,1,0
0.00659626,0.36624,0.0506386,0.757996,3.89122,55522.4,-1,1.00609e-09,1,0
0.00659648,0.366263,0.0507822,0.757794,3.89061,55524,-1,5.38257e-10,1,0
0.00659737,0.366145,0.0512953,0.756947,3.89042,55498.5,-1,1.10061e-09,1,0
0.0065999,0.366815,0.0502794,0.754251,3.89128,55578.8,-1,3.05655e-09,1,0
0.00660068,0.366798,0.0505316,0.754262,3.8909,55569.8,-1,3.50129e-10,1,0
0.00660204,0.368202,0.0498292,0.753993,3.89097,55770.9,-1,3.50129e-10,1,0
0.00660239,0.368242,0.0499902,0.754052,3.89068,55774,-1,6.48365e-11,1,0
0.00660263,0.368231,0.0499566,0.754218,3.89031,55770.4,-1,8.48276e-11,1,0
0.00660309,0.368506,0.0495581,0.754442,3.89032,55808.2,-1,8.48276e-11,1,0
0.00660455,0.369246,0.0487815,0.755395,3.8901,55907.9,-1,4.6677e-10,1,0
0.00660596,0.36869,0.04935,0.75661,3.88918,55811.6,-1,1.40328e-09,1,0
0.00660689,0.367635,0.0494132,0.756345,3.88913,55644.2,-1,1.40328e-09,1,0
0.00660787,0.367555,0.0494987,0.755324,3.88818,55623.9,-1,9.88249e-10,1,0
0.00660842,0.367645,0.0495469,0.755303,3.888,55632.8,-1,2.50988e-10,1,0
0.00660909,0.367695,0.0491407,0.754783,3.88976,55634.8,-1,7.07446e-10,1,0
0.00661027,0.368182,0.0497015,0.75409,3.88872,55698.5,-1,4.54082e-10,1,0
0.0066113,0.368127,0.0491342,0.754667,3.88973,55681.5,-1,9.45546e-10,1,0
0.00661297,0.367585,0.0505065,0.754766,3.89123,55585.4,-1,3.96769e-10,1,0
0.00661338,0.367969,0.0504428,0.755008,3.89412,55640.1,-1,6.69441e-12,1,0
0.00661443,0.367649,0.0504348,0.755537,3.89454,55582.8,-1,8.43938e-10,1,0
0.00661627,0.369606,0.0495942,0.755797,3.89503,55863.2,-1,2.53869e-09,1,0
0.00661713,0.369329,0.0493751,0.75637,3.89558,55814,-1,1.982e-10,1,0
0.00661818,0.369551,0.0483965,0.756383,3.89569,55838.8,-1,1.10559e-09,1,0
0.00661916,0.369811,0.0489872,0.756168,3.89799,55869.9,-1,2.67554e-10,1,0
0.00662007,0.368857,0.0493333,0.756516,3.90079,55717.9,-1,2.83633e-10,1,0
0.00662041,0.369097,0.0493796,0.756503,3.89949,55751.4,-1,1.78496e-10,1,0
0.00662092,0.369492,0.049236,0.756203,3.89643,55806.7,-1,4.70829e-10,1,0
0.00662205,0.369432,0.0485801,0.756779,3.89196,55788.2,-1,5.56579e-10,1,0
0.00662406,0.3691,0.0486159,0.758592,3.89036,55721.2,-1,7.08988e-10,1,0
0.00662526,0.369651,0.0490243,0.759536,3.88621,55794.1,-1,1.02499e-09,1,0
0.00662602,0.369757,0.0489542,0.758789,3.88671,55803.9,-1,5.49714e-10,1,0
0.00662754,0.369732,0.0485813,0.757253,3.8867,55787.2,-1,1.34245e-09,1,0
0.00662825,0.369639,0.0481078,0.756988,3.88321,55767.3,-1,2.13317e-10,1,0
0.00662984,0.368647,0.0481887,0.758339,3.88293,55604.3,-1,1.91916e-10,1,0
0.00663065,0.368118,0.0478755,0.758718,3.88327,55517.7,-1,1.19819e-09,1,0
0.00663165,0.368733,0.0488716,0.758825,3.88345,55602,-1,1.30523e-09,1,0
0.00663239,0.369593,0.0488138,0.758829,3.8848,55725.5,-1,8.62117e-10,1,0
0.00663289,0.369513,0.0487751,0.759159,3.8876,55709.2,-1,4.02409e-10,1,0
0.00663395,0.368319,0.0489653,0.758881,3.88754,55520.3,-1,4.02409e-10,1,0
0.006635,0.368659,0.0482231,0.758537,3.88621,55562.8,-1,1.46663e-09,1,0
0.00663591,0.369254,0.0473953,0.758225,3.88731,55644.8,-1,2.06636e-09,1,0
0.00663719,0.370486,0.0477273,0.757831,3.88741,55819.7,-1,1.81366e-10,1,0
0.00663778,0.370916,0.0479937,0.757383,3.88446,55879.6,-1,6.81202e-10,1,0
0.00663865,0.371613,0.0480876,0.757228,3.88305,55977.2,-1,1.25406e-10,1,0
0.00663996,0.371897,0.0470286,0.75668,3.88296,56008.9,-1,1.16055e-09,1,0
0.00664125,0.371088,0.0478073,0.7575,3.88171,55876.2,-1,1.19209e-09,1,0
0.00664189,0.370576,0.0480864,0.757921,3.88252,55793.7,-1,1.88327e-09,1,0
0.00664283,0.370984,0.0483152,0.757397,3.88329,55847.3,-1,3.58925e-10,1,0
0.00664315,0.370949,0.0479741,0.757407,3.88309,55839.2,-1,1.27413e-10,1,0
0.00664528,0.371028,0.0455671,0.756786,3.88357,55833.4,-1,2.7412e-09,1,0
0.00664547,0.371047,0.0454699,0.756671,3.88331,55834.6,-1,5.76426e-11,1,0
0.00664674,0.370417,0.0466772,0.757267,3.88402,55729,-1,1.48648e-09,1,0
0.00664884,0.370695,0.0478583,0.756888,3.88458,55753.3,-1,1.16572e-09,1,0
0.00665049,0.369857,0.0467185,0.756488,3.88648,55613.6,-1,4.0099e-10,1,0
0.00665145,0.370325,0.046686,0.757509,3.8858,55675.8,-1,1.12096e-09,1,0
0.00665276,0.369412,0.0466948,0.758435,3.88402,55527.6,-1,9.49467e-10,1,0
0.00665305,0.369336,0.0466769,0.75823,3.88528,55513.8,-1,4.58822e-11,1,0
0.00665477,0.369053,0.0483135,0.758287,3.88594,55456.9,-1,1.64516e-09,1,0
0.0066571,0.366643,0.0483691,0.757021,3.88441,55075.6,-1,3.08331e-09,1,0
0.00665821,0.366937,0.0488939,0.756904,3.88522,55110.4,-1,8.56702e-10,1,0
0.00665924,0.366559,0.0490605,0.757186,3.88139,55045.2,-1,4.83414e-10,1,0
0.00666034,0.366618,0.0484922,0.756909,3.88336,55045,-1,9.22656e-10,1,0
0.00666189,0.367459,0.0487534,0.75646,3.88426,55158.3,-1,8.45937e-10,1,0
0.006663,0.367292,0.048191,0.755678,3.88071,55124,-1,3.42929e-10,1,0
0.00666468,0.368436,0.0485779,0.755998,3.88258,55281.8,-1,1.28401e-09,1,0
0.00666664,0.370018,0.0472621,0.757008,3.88231,55502.8,-1,2.29184e-09,1,0
0.00666808,0.37054,0.0457116,0.757108,3.88295,55569.3,-1,1.6126e-09,1,0
0.00666992,0.369525,0.0453033,0.756343,3.88363,55401.7,-1,1.14975e-09,1,0
0.0066711,0.369971,0.046078,0.757168,3.88138,55458.7,-1,1.28296e-09,1,0
0.00667185,0.369838,0.0464522,0.757194,3.88267,55432.6,-1,4.7925e-10,1,0
0.006672,0.369952,0.0463285,0.757247,3.88502,55448.5,-1,1.76259e-10,1,0
0.00667309,0.370197,0.0470965,0.756896,3.88338,55476,-1,4.15324e-10,1,0
0.00667398,0.370785,0.047225,0.757459,3.88141,55556.8,-1,6.3647e-10,1,0
0.00667527,0.371307,0.0485203,0.75783,3.87973,55624.3,-1,3.7737e-11,1,0
0.00667555,0.371461,0.0483545,0.757938,3.87995,55645.1,-1,1.81155e-10,1,0
0.00667805,0.371234,0.0457979,0.758938,3.87821,55590.1,-1,4.00971e-10,1,0
0.00667827,0.371147,0.0457377,0.758775,3.87887,55575.3,-1,1.26638e-10,1,0
0.00667944,0.371242,0.0466571,0.757767,3.87888,55579.9,-1,1.26638e-10,1,0
0.00668039,0.371659,0.0470408,0.756887,3.88017,55634.4,-1,6.9532e-10,1,0
0.006681,0.371332,0.0475154,0.757295,3.88029,55580.4,-1,7.06159e-10,1,0
0.00668162,0.37116,0.0471233,0.757525,3.87988,55549.4,-1,1.89165e-10,1,0
0.00668296,0.37114,0.0466505,0.756668,3.88279,55535.4,-1,2.68907e-10,1,0
0.00668397,0.371342,0.0463827,0.756389,3.88068,55557.1,-1,5.40193e-10,1,0
0.0066846,0.371111,0.0470504,0.756613,3.88045,55517.2,-1,7.41336e-10,1,0
0.00668663,0.370127,0.047102,0.756616,3.87943,55353.3,-1,1.45397e-09,1,0
0.00668766,0.370577,0.0477793,0.756884,3.87895,55412.1,-1,4.97618e-10,1,0
0.00668852,0.370018,0.0483044,0.757135,3.87794,55321.3,-1,7.99899e-10,1,0
0.0066899,0.369914,0.047848,0.758685,3.88126,55294.4,-1,1.61924e-09,1,0
0.00669027,0.37004,0.0476579,0.758846,3.87778,55310.2,-1,2.98825e-10,1,0
0.00669127,0.371123,0.0473521,0.758939,3.87789,55463.7,-1,6.26394e-10,1,0
0.00669149,0.371358,0.0473357,0.758952,3.87892,55497,-1,3.04514e-11,1,0
0.00669256,0.370936,0.0472816,0.760121,3.88062,55425.2,-1,1.24373e-09,1,0
0.00669328,0.371344,0.0469569,0.760158,3.87668,55480.1,-1,1.57425e-10,1,0
0.00669398,0.370762,0.0465584,0.760426,3.87705,55387.3,-1,7.24786e-10,1,0
0.00669581,0.369865,0.0460554,0.759175,3.87655,55238.3,-1,1.83278e-09,1,0
0.00669637,0.370213,0.0459259,0.759295,3.87535,55285.6,-1,4.91932e-10,1,0
0.00669773,0.370761,0.0454337,0.760036,3.87762,55356.2,-1,4.89806e-10,1,0
0.00669907,0.371657,0.0450155,0.761251,3.87898,55478.9,-1,2.8271e-09,1,0
0.00669986,0.371657,0.0444847,0.76169,3.87863,55472.3,-1,1.75531e-10,1,0
0.00670248,0.370726,0.0458216,0.76162,3.87876,55311.7,-1,1.28353e-09,1,0
0.00670278,0.370745,0.045572,0.76186,3.87876,55312.2,-1,1.28353e-09,1,0
0.00670427,0.371826,0.0459478,0.762001,3.87912,55461,-1,1.30404e-09,1,0
0.00670579,0.373276,0.0469236,0.761751,3.87959,55664.8,-1,3.0497e-09,1,0
0.0067072,0.373341,0.0460809,0.760525,3.88156,55662.7,-1,6.92327e-10,1,0
0.00670765,0.373543,0.0461864,0.760624,3.88155,55689.1,-1,2.6944e-10,1,0
0.00670841,0.373086,0.0463491,0.759886,3.88343,55614.7,-1,8.83339e-10,1,0
0.00670972,0.373906,0.047224,0.760837,3.88275,55726.1,-1,8.57326e-11,1,0
0.00671028,0.37433,0.0476787,0.761013,3.88211,55784.5,-1,1.33595e-11,1,0
0.00671096,0.374724,0.0481369,0.761268,3.88625,55837.6,-1,1.33272e-09,1,0
0.00671282,0.373309,0.0472177,0.762641,3.88617,55611.3,-1,1.33272e-09,1,0
0.00671398,0.372431,0.0466476,0.763494,3.88613,55471,-1,1.33272e-09,1,0
0.00671435,0.372554,0.0467873,0.763607,3.88603,55486.2,-1,2.92285e-10,1,0
0.00671529,0.37202,0.0473156,0.763712,3.88461,55398.9,-1,5.68085e-10,1,0
0.00671635,0.373038,0.0471136,0.763679,3.88196,55541.8,-1,1.08847e-09,1,0
0.00671779,0.371791,0.0480176,0.764363,3.88178,55344.2,-1,1.68564e-09,1,0
0.00671838,0.372111,0.0485214,0.764704,3.88179,55387,-1,1.68564e-09,1,0
0.00671948,0.372848,0.049367,0.765231,3.88225,55487.6,-1,4.15708e-10,1,0
0.00672072,0.372976,0.0492819,0.766105,3.88395,55496.5,-1,3.38635e-10,1,0
0.00672226,0.373948,0.0499303,0.766275,3.88199,55628.3,-1,6.906e-10,1,0
0.0067229,0.374491,0.0504384,0.766207,3.88201,55703.9,-1,6.906e-10,1,0
0.00672409,0.375507,0.0513879,0.76608,3.88207,55845.1,-1,6.906e-10,1,0
0.00672469,0.37602,0.0518666,0.766016,3.88212,55916.2,-1,3.28936e-09,1,0
0.00672514,0.37569,0.0518726,0.766044,3.87891,55863.6,-1,3.50749e-10,1,0
0.00672571,0.375775,0.0517513,0.766011,3.87977,55871.5,-1,4.13462e-10,1,0
0.00672708,0.375708,0.0527356,0.766343,3.87894,55850.1,-1,1.26265e-09,1,0
0.00672806,0.375294,0.0532662,0.766473,3.87748,55780.5,-1,4.26974e-10,1,0
0.00672954,0.373754,0.0538889,0.766277,3.8781,55539.3,-1,1.58609e-09,1,0
0.0067308,0.372892,0.0547324,0.765429,3.87805,55400.8,-1,1.58609e-09,1,0
0.00673126,0.373043,0.0547377,0.765781,3.87726,55419.5,-1,4.51283e-10,1,0
0.00673233,0.372285,0.0550229,0.765292,3.87607,55298.2,-1,4.55629e-10,1,0
0.00673322,0.371477,0.0553048,0.76578,3.87205,55170.8,-1,9.17425e-10,1,0
0.00673413,0.370566,0.0548308,0.765669,3.87231,55028.1,-1,8.56772e-10,1,0
0.00673549,0.370347,0.0557144,0.766592,3.87259,54984.4,-1,9.35813e-10,1,0
0.00673666,0.369594,0.0561894,0.76726,3.87303,54863.1,-1,1.98812e-10,1,0
0.00673742,0.369282,0.0559662,0.767103,3.86714,54810.5,-1,1.95424e-10,1,0
0.00673886,0.368787,0.0575018,0.767522,3.86759,54725.4,-1,1.56103e-09,1,0
0.00673935,0.368615,0.0573297,0.767304,3.86749,54695.9,-1,2.8034e-10,1,0
0.00674028,0.369,0.0564138,0.767363,3.86608,54745.6,-1,9.38102e-10,1,0
0.00674116,0.369211,0.0558524,0.767015,3.86342,54769.7,-1,8.21586e-10,1,0
0.00674149,0.369173,0.0559336,0.766879,3.86549,54761.4,-1,1.38754e-10,1,0
0.00674253,0.369363,0.0554636,0.767977,3.86561,54781.1,-1,1.20892e-09,1,0
0.00674385,0.369484,0.0562819,0.766981,3.86548,54788.3,-1,1.38354e-09,1,0
0.00674516,0.370049,0.0572744,0.766146,3.86472,54861.4,-1,1.14414e-09,1,0
0.00674522,0.370104,0.0572689,0.766119,3.86596,54869,-1,6.68796e-11,1,0
0.00674624,0.369902,0.0580821,0.765685,3.86613,54830.9,-1,4.76959e-10,1,0
0.00674737,0.37098,0.0585848,0.766214,3.86608,54981.4,-1,1.29268e-09,1,0
0.00674788,0.371107,0.0589048,0.766516,3.86564,54996,-1,3.21134e-10,1,0
0.00674965,0.372877,0.0589163,0.767566,3.86573,55244,-1,3.21134e-10,1,0
0.00675069,0.37382,0.0589541,0.768059,3.86468,55375,-1,9.20041e-11,1,0
0.0067535,0.373198,0.0607454,0.770728,3.86465,55259.9,-1,9.20041e-11,1,0
0.00675489,0.373633,0.0618622,0.771107,3.86514,55313,-1,8.34581e-11,1,0
0.00675666,0.372922,0.0622362,0.77143,3.86546,55193.3,-1,1.66469e-09,1,0
0.00675786,0.373409,0.0615375,0.771786,3.86111,55255.6,-1,9.4846e-10,1,0
0.00675928,0.372058,0.0620337,0.771926,3.86149,55044,-1,2.18443e-10,1,0
0.00676007,0.371268,0.0623427,0.772095,3.86144,54920.8,-1,2.22732e-09,1,0
0.00676085,0.370529,0.0619842,0.772469,3.86169,54805,-1,8.66985e-11,1,0
0.00676262,0.368999,0.0609078,0.771717,3.86156,54564.6,-1,9.36321e-11,1,0
0.0067636,0.36914,0.0618016,0.771335,3.86113,54577.4,-1,1.03233e-09,1,0
0.00676438,0.368415,0.0619204,0.771731,3.86173,54464,-1,6.59398e-10,1,0
0.00676542,0.367962,0.0626579,0.772431,3.86335,54388.7,-1,1.19212e-10,1,0
0.00676628,0.367919,0.0632234,0.771807,3.86514,54375.5,-1,1.73848e-10,1,0
0.00676742,0.367228,0.0636178,0.771843,3.86358,54264.1,-1,8.15482e-10,1,0
0.00676899,0.368073,0.0626067,0.771745,3.86413,54376.3,-1,8.41401e-10,1,0
0.0067699,0.368356,0.0617033,0.772229,3.86655,54410.7,-1,1.94829e-09,1,0
0.00677022,0.368293,0.0616444,0.771981,3.86591,54399,-1,1.97598e-10,1,0
0.00677138,0.36897,0.0609602,0.771032,3.86595,54489.7,-1,1.97598e-10,1,0
0.00677193,0.369028,0.0609924,0.77047,3.86503,54493.8,-1,2.22941e-10,1,0
0.00677329,0.36789,0.0609987,0.769669,3.86524,54314.8,-1,7.84316e-10,1,0
0.00677524,0.366598,0.0617106,0.76892,3.8637,54108.6,-1,2.56534e-09,1,0
0.00677645,0.366989,0.0627159,0.768976,3.86418,54156.6,-1,3.87523e-10,1,0
0.00677735,0.36703,0.06262,0.768638,3.86176,54155.4,-1,3.57462e-11,1,0
0.006778,0.366762,0.0630414,0.768063,3.86175,54110.6,-1,3.57462e-11,1,0
0.00677899,0.366358,0.0636774,0.767196,3.86214,54043.2,-1,2.44747e-09,1,0
0.00678163,0.368874,0.0646801,0.768673,3.86226,54393.1,-1,2.44747e-09,1,0
0.00678263,0.369793,0.0650631,0.769155,3.86129,54520.6,-1,5.64222e-11,1,0
0.00678377,0.369477,0.0649867,0.768828,3.86066,54464.9,-1,4.43644e-10,1,0
0.00678395,0.369414,0.0649259,0.768893,3.85959,54454.1,-1,9.53475e-11,1,0
0.00678544,0.370281,0.0644801,0.768498,3.8573,54569.9,-1,1.22107e-09,1,0
0.00678583,0.370104,0.0642223,0.768175,3.85729,54540.7,-1,1.22107e-09,1,0
0.00678666,0.369693,0.0644668,0.76754,3.85763,54473.5,-1,6.57246e-10,1,0
0.00678732,0.370191,0.0639335,0.767786,3.85765,54541.6,-1,6.57246e-10,1,0
0.00678819,0.370846,0.0632575,0.768101,3.85735,54631,-1,1.7665e-09,1,0
0.00678918,0.370645,0.0639511,0.768483,3.85679,54593.5,-1,4.40641e-10,1,0
0.00678956,0.370368,0.0641887,0.76873,3.8537,54549.7,-1,1.3206e-10,1,0
0.00678984,0.37061,0.0642592,0.768566,3.85349,54583,-1,1.98076e-10,1,0
0.00679122,0.37013,0.0656368,0.768826,3.85618,54501.3,-1,1.10406e-09,1,0
0.00679181,0.370081,0.0657992,0.769004,3.85821,54489.3,-1,3.75285e-10,1,0
0.00679206,0.370147,0.0656168,0.7689,3.85685,54497,-1,5.02999e-11,1,0
0.00679326,0.370368,0.0645219,0.768069,3.85562,54519.9,-1,1.63629e-09,1,0
0.00679382,0.370255,0.0640208,0.768478,3.85565,54498.8,-1,6.56935e-10,1,0
0.00679538,0.369537,0.0647422,0.767656,3.85311,54380.6,-1,3.33681e-10,1,0
0.00679625,0.368997,0.0649263,0.76704,3.85396,54294.3,-1,4.15524e-10,1,0
0.00679778,0.36927,0.064012,0.767523,3.85212,54322.1,-1,1.22879e-09,1,0
0.00679936,0.370039,0.0633454,0.768541,3.8527,54422.7,-1,1.29253e-09,1,0
0.0068001,0.370744,0.0636842,0.768564,3.85044,54520.3,-1,1.67264e-10,1,0
0.00680116,0.370765,0.0645989,0.769394,3.84914,54515,-1,1.23507e-09,1,0
0.00680259,0.371742,0.0658293,0.769556,3.84831,54647.1,-1,1.3381e-10,1,0
0.00680311,0.371384,0.0654071,0.769376,3.84664,54590.3,-1,5.3221e-10,1,0
0.00680326,0.371276,0.0652811,0.769431,3.84664,54573.2,-1,5.3221e-10,1,0
0.00680339,0.371213,0.0652301,0.769441,3.84563,54562.9,-1,2.87478e-10,1,0
0.00680443,0.371394,0.0658682,0.768862,3.84527,54581.3,-1,1.66148e-10,1,0
0.00680505,0.370862,0.065449,0.768605,3.84525,54498,-1,1.66148e-10,1,0
0.00680708,0.372717,0.0659865,0.768266,3.84344,54754.3,-1,9.45811e-10,1,0
0.00680832,0.373632,0.0658983,0.768427,3.84451,54878.8,-1,3.1041e-09,1,0
0.00681,0.373661,0.0643111,0.769569,3.84451,54869.4,-1,3.1041e-09,1,0
0.00681098,0.37387,0.0634443,0.770054,3.84313,54892.3,-1,3.32373e-09,1,0
0.00681184,0.374459,0.0630131,0.770126,3.84212,54971.8,-1,6.38896e-10,1,0
0.00681251,0.374652,0.0626214,0.769701,3.84074,54994.7,-1,4.38058e-10,1,0
0.00681303,0.375086,0.062991,0.769902,3.84076,55054.2,-1,4.38058e-10,1,0
0.00681466,0.374619,0.0639281,0.769047,3.8404,54972.5,-1,9.57935e-10,1,0
0.00681532,0.374969,0.0638609,0.769176,3.84073,55018.6,-1,3.70275e-10,1,0
0.00681616,0.375215,0.063399,0.768357,3.84102,55047.9,-1,1.01361e-09,1,0
0.00681702,0.375642,0.0628007,0.767711,3.84115,55103.6,-1,2.56816e-11,1,0
0.00681739,0.375692,0.0627035,0.767329,3.84021,55108,-1,7.85652e-11,1,0
0.0068182,0.374985,0.0625651,0.767157,3.83993,54997.7,-1,4.37908e-11,1,0
0.00682018,0.374257,0.0645566,0.768059,3.8399,54875,-1,4.37908e-11,1,0
0.00682124,0.37381,0.0655598,0.768457,3.83872,54800.9,-1,3.61287e-09,1,0
0.00682174,0.373581,0.0657248,0.768256,3.84061,54763.3,-1,1.59573e-10,1,0
0.00682322,0.372936,0.0650907,0.768578,3.84032,54656.9,-1,4.33039e-10,1,0
0.00682486,0.372816,0.0655477,0.767398,3.84222,54626.2,-1,2.18822e-10,1,0
0.00682672,0.372751,0.0667137,0.767046,3.84474,54601.8,-1,2.57635e-10,1,0
0.0068282,0.374356,0.0669846,0.766525,3.84411,54824.9,-1,1.75379e-10,1,0
0.00682918,0.374003,0.066778,0.766467,3.84097,54765.4,-1,4.97766e-10,1,0
0.00682994,0.374767,0.0665144,0.766842,3.83938,54871.2,-1,9.99234e-10,1,0
0.00683039,0.374561,0.0669457,0.766809,3.83963,54837.4,-1,1.39456e-10,1,0
0.00683179,0.374044,0.0682563,0.765997,3.8403,54750.5,-1,1.80741e-09,1,0
0.00683294,0.37303,0.0681284,0.766559,3.84004,54593,-1,2.58685e-10,1,0
0.00683449,0.37175,0.068104,0.767263,3.84173,54393.2,-1,3.20976e-10,1,0
0.00683487,0.371886,0.0679818,0.767367,3.84242,54410.1,-1,2.11212e-10,1,0
0.00683601,0.371864,0.0687239,0.76792,3.84279,54397.8,-1,9.32235e-10,1,0
0.00683801,0.373226,0.0690668,0.769109,3.84174,54581.1,-1,1.8979e-09,1,0
0.00683853,0.373135,0.0695183,0.769314,3.842,54563.6,-1,1.95474e-10,1,0
0.00683886,0.372949,0.0697927,0.76944,3.84056,54533.8,-1,2.33054e-10,1,0
0.00683996,0.3727,0.0690738,0.7692,3.84024,54488.6,-1,8.28613e-10,1,0
0.00684063,0.372463,0.0694954,0.769688,3.84152,54448.6,-1,6.77457e-11,1,0
0.0068413,0.372556,0.0700348,0.769137,3.84152,54456.9,-1,6.77457e-11,1,0
0.00684255,0.372501,0.0706618,0.768366,3.84318,54438.9,-1,2.7989e-10,1,0
0.00684292,0.372842,0.0703964,0.768295,3.84362,54485.8,-1,2.53843e-12,1,0
0.00684434,0.374027,0.0697215,0.768272,3.84308,54647.7,-1,1.80983e-09,1,0
0.00684506,0.373313,0.0693899,0.768429,3.84012,54537.5,-1,6.66505e-12,1,0
0.00684599,0.372345,0.0689299,0.768616,3.84157,54388.8,-1,1.89521e-09,1,0
0.0068467,0.372315,0.0689953,0.768654,3.8436,54378.7,-1,3.78812e-10,1,0
0.00684738,0.372582,0.0683806,0.768231,3.84361,54412.3,-1,3.78812e-10,1,0
0.00684866,0.3731,0.0675006,0.767428,3.84081,54477.8,-1,1.85788e-10,1,0
0.00685029,0.374371,0.0677357,0.767677,3.84082,54650.4,-1,5.00555e-10,1,0
0.00685119,0.374345,0.0669805,0.766953,3.84081,54639.5,-1,5.00555e-10,1,0
0.006852,0.374245,0.0674831,0.767428,3.83862,54618.3,-1,7.62133e-10,1,0
0.00685276,0.374983,0.0671729,0.767701,3.83886,54719.9,-1,1.05582e-10,1,0
0.00685331,0.374929,0.0671379,0.767482,3.83708,54707.7,-1,3.98023e-10,1,0
0.00685391,0.374822,0.0664883,0.767416,3.83779,54687.3,-1,2.55909e-10,1,0
0.00685566,0.37403,0.0649377,0.766948,3.83938,54557.9,-1,1.52704e-09,1,0
0.00685686,0.373548,0.0643757,0.766728,3.83681,54478,-1,1.97088e-09,1,0
0.00685709,0.373461,0.0641614,0.766618,3.83877,54463.5,-1,2.60398e-10,1,0
0.00685835,0.37383,0.0654875,0.766816,3.8393,54507.2,-1,4.85789e-10,1,0
0.00685963,0.372882,0.0647798,0.767711,3.83884,54358.8,-1,6.38849e-11,1,0
0.00686105,0.371731,0.0641111,0.768536,3.83825,54179.8,-1,1.29255e-09,1,0
0.00686233,0.371976,0.0646027,0.767806,3.83539,54205.5,-1,5.12816e-10,1,0
0.00686328,0.371095,0.0648435,0.767197,3.83535,54069.6,-1,5.12816e-10,1,0
0.0068646,0.369823,0.0651182,0.76639,3.83516,53873.9,-1,1.97383e-09,1,0
0.00686649,0.367922,0.0653937,0.765318,3.83506,53582.3,-1,1.97383e-09,1,0
0.00686779,0.36664,0.065428,0.764752,3.83419,53385.5,-1,2.18385e-10,1,0
0.0068695,0.367675,0.0653705,0.765137,3.83566,53522.8,-1,5.40425e-10,1,0
0.00687029,0.368248,0.0651276,0.765477,3.83399,53600.1,-1,1.43902e-10,1,0
0.0068717,0.367953,0.0659829,0.764382,3.83582,53546.2,-1,1.01742e-09,1,0
0.0068739,0.366005,0.0666835,0.762886,3.83572,53245.7,-1,1.01742e-09,1,0
0.00687553,0.364557,0.0672045,0.761773,3.83624,53022.4,-1,5.07393e-09,1,0
0.00687645,0.365025,0.0667642,0.761792,3.83417,53083.4,-1,7.99839e-10,1,0
0.00687678,0.365293,0.0667775,0.761961,3.83457,53119.8,-1,3.4353e-10,1,0
0.00687769,0.365887,0.0664403,0.762561,3.83917,53199.1,-1,8.6356e-10,1,0
0.00687911,0.365301,0.0667515,0.761373,3.83925,53102.9,-1,2.39247e-10,1,0
0.00688085,0.364631,0.068026,0.762796,3.83922,52992.1,-1,2.39247e-10,1,0
0.0068817,0.364305,0.068646,0.763488,3.83858,52938.2,-1,3.00853e-09,1,0
0.00688332,0.364565,0.0679473,0.76231,3.83934,52963.5,-1,1.57474e-09,1,0
0.00688513,0.36466,0.0677201,0.763683,3.84275,52963.4,-1,6.53835e-10,1,0
0.00688667,0.365294,0.0684,0.764509,3.84022,53043.6,-1,5.00598e-10,1,0
0.00688846,0.366115,0.0686787,0.765717,3.84177,53149.1,-1,8.95393e-10,1,0
0.00688893,0.366158,0.0688786,0.765305,3.84323,53151.6,-1,1.23295e-10,1,0
0.00688943,0.366488,0.0686168,0.765234,3.84326,53195.6,-1,4.60415e-10,1,0
0.00689067,0.366266,0.0690325,0.765351,3.84235,53153.9,-1,2.25795e-10,1,0
0.00689195,0.365985,0.0684103,0.76554,3.84433,53103.2,-1,3.96322e-10,1,0
0.0068941,0.363617,0.0689344,0.76615,3.84421,52743.3,-1,3.96322e-10,1,0
0.00689456,0.363104,0.069048,0.766283,3.84419,52665.3,-1,3.96322e-10,1,0
0.00689529,0.362415,0.0695102,0.766451,3.84903,52559.8,-1,4.74759e-14,1,0
0.00689602,0.361735,0.0699829,0.766617,3.85052,52455.7,-1,1.65512e-09,1,0
0.00689702,0.361592,0.0701131,0.766424,3.84834,52427.4,-1,5.55637e-10,1,0
0.00689795,0.360864,0.0700325,0.766596,3.84699,52314.7,-1,6.38831e-10,1,0
0.00690045,0.362758,0.0709008,0.766855,3.84392,52570.1,-1,2.31019e-09,1,0
0.00690173,0.361868,0.0709004,0.766821,3.84324,52431.5,-1,4.72908e-10,1,0
0.00690255,0.361201,0.0702546,0.766598,3.84321,52328.7,-1,4.72908e-10,1,0
0.0069038,0.36139,0.0693162,0.765711,3.84231,52346.5,-1,1.18008e-09,1,0
0.00690452,0.362169,0.0690671,0.765875,3.84118,52453.9,-1,8.34347e-10,1,0
0.00690671,0.360613,0.0685933,0.765446,3.84592,52211.9,-1,1.2623e-09,1,0
0.00690837,0.361213,0.0686877,0.764897,3.8452,52286.3,-1,8.58347e-10,1,0
0.00690874,0.361473,0.068575,0.765131,3.84475,52321.2,-1,3.46855e-10,1,0
0.00690952,0.361585,0.0680415,0.765589,3.84403,52331.4,-1,2.67314e-10,1,0
0.00691133,0.361635,0.0660633,0.766309,3.84405,52324.9,-1,2.74307e-09,1,0
0.0069121,0.361218,0.065932,0.766669,3.84177,52258.7,-1,5.29183e-10,1,0
0.00691289,0.361648,0.0658866,0.767126,3.84073,52315.1,-1,9.17632e-10,1,0
0.00691401,0.362122,0.0661126,0.767281,3.84265,52375.1,-1,7.1383e-10,1,0
0.00691499,0.361502,0.0656427,0.767031,3.84173,52278.1,-1,8.74518e-10,1,0
0.00691615,0.361776,0.06577,0.766195,3.83969,52308.9,-1,1.33606e-09,1,0
0.0069181,0.361645,0.0675949,0.766018,3.84011,52275.1,-1,2.96762e-10,1,0
0.00691995,0.363065,0.0684589,0.765126,3.84209,52466.4,-1,2.03334e-09,1,0
0.00692082,0.363846,0.0685475,0.764603,3.84133,52572.6,-1,2.30833e-09,1,0
0.00692161,0.363754,0.0685603,0.764156,3.84124,52553.4,-1,2.69478e-10,1,0
0.00692257,0.364489,0.0682574,0.764783,3.83915,52652.3,-1,1.29091e-10,1,0
0.00692402,0.365202,0.0688739,0.765632,3.83793,52744.3,-1,1.11502e-10,1,0
0.00692497,0.365557,0.0684907,0.766106,3.83706,52788.3,-1,3.8802e-10,1,0
0.00692569,0.366016,0.0683009,0.76593,3.83486,52849,-1,4.32322e-10,1,0
0.00692604,0.365902,0.0685689,0.766054,3.83364,52830,-1,2.71836e-10,1,0
0.00692677,0.36634,0.0679557,0.766449,3.83366,52887.5,-1,2.71836e-10,1,0
0.00692791,0.36695,0.0677459,0.767281,3.83229,52966.9,-1,6.42726e-10,1,0
0.00692901,0.366283,0.0667175,0.766914,3.8308,52862.3,-1,1.27926e-09,1,0
0.00693021,0.36657,0.0665079,0.766139,3.83077,52894.5,-1,1.0659e-09,1,0
0.0069313,0.366159,0.0672371,0.765183,3.83075,52826.9,-1,1.0659e-09,1,0
0.0069324,0.365747,0.0679689,0.764224,3.83073,52759.1,-1,1.0659e-09,1,0
0.00693329,0.365413,0.0685626,0.763446,3.83072,52704.1,-1,1.0659e-09,1,0
0.00693397,0.365156,0.0690196,0.762847,3.83099,52661.8,-1,4.37542e-09,1,0
0.00693631,0.364529,0.0698033,0.761996,3.83065,52553.7,-1,1.29255e-09,1,0
0.00693706,0.364667,0.0705626,0.761654,3.8305,52567.9,-1,6.42664e-10,1,0
0.00693743,0.364908,0.0708961,0.761568,3.83012,52599.9,-1,6.56522e-10,1,0
0.00693937,0.362751,0.0709753,0.760904,3.83021,52274.3,-1,1.86133e-09,1,0
0.00694004,0.362356,0.0709434,0.76024,3.8302,52212.3,-1,1.86133e-09,1,0
0.0069406,0.362058,0.0705562,0.760125,3.83012,52165.2,-1,7.8535e-11,1,0
0.00694114,0.362292,0.0708246,0.760365,3.82994,52194.9,-1,4.0374e-10,1,0
0.00694246,0.361632,0.0710926,0.761734,3.82991,52089.9,-1,4.0374e-10,1,0
0.0069431,0.361953,0.0713961,0.761773,3.82987,52131.3,-1,1.98445e-09,1,0
0.00694424,0.36316,0.071844,0.761869,3.83146,52296.5,-1,1.04729e-09,1,0
0.00694645,0.362442,0.0719623,0.760764,3.83321,52176.5,-1,3.73237e-10,1,0
0.00694723,0.362821,0.0724742,0.761407,3.83071,52225.3,-1,9.05802e-10,1,0
0.00694849,0.363238,0.0713187,0.761677,3.83113,52275.8,-1,4.09049e-10,1,0
0.00694952,0.363556,0.0705816,0.761465,3.83219,52313.8,-1,8.41146e-10,1,0
0.00695034,0.362816,0.0710514,0.761099,3.83054,52201.2,-1,1.1539e-09,1,0
0.00695088,0.363257,0.0711978,0.761451,3.8293,52260.7,-1,3.55199e-11,1,0
0.00695208,0.362851,0.0700431,0.761703,3.82894,52193.1,-1,1.29259e-09,1,0
0.00695232,0.362742,0.0702851,0.761665,3.82878,52175.6,-1,2.51112e-10,1,0
0.00695394,0.361192,0.0711514,0.762272,3.82788,51940.6,-1,1.90082e-09,1,0
0.00695434,0.361345,0.0709262,0.762398,3.82698,51959.7,-1,2.68778e-10,1,0
0.00695504,0.361825,0.0709323,0.762729,3.82768,52023.4,-1,3.89806e-10,1,0
0.00695539,0.361962,0.071105,0.76279,3.82819,52040.5,-1,8.68177e-10,1,0
0.00695726,0.361295,0.0706978,0.762732,3.82733,51930.6,-1,5.77146e-10,1,0
0.00695864,0.360884,0.0691683,0.762485,3.82731,51861.3,-1,5.77146e-10,1,0
0.00695895,0.360863,0.0689401,0.762287,3.82771,51856,-1,1.8082e-10,1,0
0.00695966,0.361183,0.0686438,0.761996,3.83061,51896.7,-1,2.82728e-10,1,0
0.00696048,0.361134,0.0677688,0.762226,3.83117,51883.5,-1,3.8953e-10,1,0
0.0069618,0.361136,0.0668959,0.761709,3.82927,51873.9,-1,1.26223e-09,1,0
0.00696289,0.36151,0.0663701,0.762795,3.82929,51919.6,-1,1.26223e-09,1,0
0.0069652,0.362832,0.0655987,0.764259,3.8261,52092.1,-1,3.28957e-10,1,0
0.00696634,0.363649,0.0665802,0.764577,3.82634,52200.9,-1,1.30714e-09,1,0
0.00696694,0.363916,0.0670912,0.764436,3.82738,52234.7,-1,5.75011e-10,1,0
0.00696782,0.363804,0.0662496,0.764661,3.82793,52212,-1,1.31631e-10,1,0
0.00696854,0.364155,0.0663446,0.765271,3.82847,52257,-1,6.25667e-10,1,0
0.0069691,0.364419,0.0666038,0.765407,3.82774,52290.6,-1,2.2344e-10,1,0
0.00697052,0.36587,0.0668377,0.765084,3.82876,52488.2,-1,1.36074e-09,1,0
0.00697165,0.366472,0.066111,0.765697,3.82723,52566.1,-1,2.37275e-10,1,0
0.00697278,0.36587,0.0652635,0.765251,3.82445,52471.1,-1,6.92697e-10,1,0
0.00697351,0.365398,0.0655515,0.765505,3.82247,52398,-1,1.4278e-11,1,0
0.00697449,0.364957,0.0663757,0.764931,3.82186,52327.5,-1,8.71369e-10,1,0
0.00697534,0.365692,0.0666787,0.765301,3.82195,52426.4,-1,9.30012e-10,1,0
0.0069767,0.365539,0.0673275,0.765087,3.82264,52394.2,-1,7.01433e-10,1,0
0.00697749,0.36531,0.0667954,0.765398,3.82051,52355.5,-1,2.02455e-10,1,0
0.00697831,0.365224,0.0675361,0.764939,3.82153,52337,-1,4.08683e-10,1,0
0.00697932,0.36473,0.0681966,0.764201,3.82152,52258.6,-1,4.66427e-10,1,0
0.00698008,0.364423,0.0679409,0.76424,3.82201,52209,-1,4.68902e-10,1,0
0.00698181,0.364367,0.0667133,0.762653,3.82266,52188,-1,2.33358e-09,1,0
0.0069827,0.364305,0.0673045,0.76251,3.8234,52172.5,-1,8.07582e-10,1,0
0.00698325,0.364443,0.0672553,0.762751,3.82354,52188.1,-1,1.92844e-10,1,0
0.00698417,0.365113,0.0668428,0.76339,3.82348,52277.2,-1,1.26927e-09,1,0
0.00698572,0.364242,0.0654722,0.763374,3.82345,52141,-1,4.91206e-10,1,0
0.00698697,0.364316,0.0643283,0.763754,3.81936,52142.2,-1,9.53116e-10,1,0
0.00698762,0.363951,0.0647406,0.763509,3.81801,52085.2,-1,3.34802e-10,1,0
0.00698915,0.364358,0.0640868,0.763029,3.81505,52132,-1,2.78396e-10,1,0
0.00698974,0.364835,0.0645464,0.762893,3.81507,52195.8,-1,2.78396e-10,1,0
0.00699065,0.364966,0.0646216,0.763239,3.81469,52207.8,-1,1.47507e-10,1,0
0.00699237,0.365061,0.0642802,0.764566,3.81439,52208.5,-1,3.86752e-10,1,0
0.00699351,0.365163,0.0643129,0.763618,3.81146,52214.5,-1,3.07339e-10,1,0
0.00699448,0.365165,0.0650862,0.764108,3.80758,52207.6,-1,6.31057e-10,1,0
0.00699542,0.365516,0.064865,0.76317,3.80747,52250.8,-1,9.48035e-10,1,0
0.0069967,0.364601,0.0655907,0.763911,3.8051,52110.5,-1,1.41659e-09,1,0
0.00699818,0.365042,0.0668057,0.76407,3.80665,52162.4,-1,3.84152e-10,1,0
0.00699948,0.365163,0.0681956,0.763627,3.80709,52170.1,-1,2.26449e-09,1,0
0.00700074,0.365666,0.0688969,0.762595,3.80686,52232.5,-1,9.46664e-10,1,0
0.00700092,0.365718,0.0688498,0.762562,3.80546,52238.6,-1,7.52219e-11,1,0
0.00700199,0.366152,0.0683183,0.762103,3.80434,52292.6,-1,6.13973e-10,1,0
0.00700281,0.36677,0.068675,0.762561,3.80602,52374.7,-1,7.56528e-10,1,0
0.00700399,0.366904,0.0685401,0.763912,3.8055,52385,-1,1.55434e-09,1,0
0.00700495,0.366651,0.0691991,0.76475,3.80705,52341.7,-1,1.92996e-10,1,0
0.00700568,0.366901,0.0684189,0.7648,3.80631,52372,-1,1.62681e-10,1,0
0.0070058,0.366959,0.0682909,0.764813,3.80721,52379.3,-1,8.24868e-10,1,0
0.00700666,0.366587,0.0675185,0.765334,3.8079,52319.8,-1,1.00322e-09,1,0
0.00700823,0.366306,0.0674255,0.766517,3.80974,52268,-1,3.60953e-10,1,0
0.00700979,0.366096,0.0677402,0.764756,3.80954,52226.4,-1,1.80125e-09,1,0
0.00701054,0.365372,0.0679175,0.764435,3.80906,52117.5,-1,4.66648e-10,1,0
0.00701108,0.365108,0.0684278,0.76419,3.80904,52075.9,-1,4.66648e-10,1,0
0.00701175,0.365138,0.0682526,0.763875,3.80896,52075.2,-1,1.0389e-11,1,0
0.00701327,0.365415,0.0690695,0.763527,3.81009,52103.3,-1,1.11095e-09,1,0
0.00701399,0.365826,0.0696746,0.763119,3.81011,52156.6,-1,1.11095e-09,1,0
0.00701527,0.366552,0.0707419,0.762399,3.81015,52250.6,-1,1.11095e-09,1,0
0.00701701,0.367395,0.0715269,0.761005,3.80766,52357.7,-1,8.94117e-10,1,0
0.00701787,0.367715,0.0714956,0.760068,3.80504,52397,-1,9.91185e-10,1,0
0.00701901,0.367359,0.0725971,0.760405,3.80333,52337.7,-1,2.03046e-10,1,0
0.00701983,0.36646,0.0723187,0.760326,3.80329,52203.6,-1,2.03046e-10,1,0
0.00702041,0.366323,0.0724952,0.7601,3.80174,52179.7,-1,3.67993e-10,1,0
0.00702125,0.366132,0.0725323,0.760906,3.80159,52146.3,-1,5.02467e-10,1,0
0.00702272,0.366631,0.0729157,0.762483,3.80099,52206.4,-1,2.16157e-09,1,0
0.00702415,0.365997,0.0724029,0.762968,3.79912,52105.6,-1,5.78621e-10,1,0
0.00702532,0.367212,0.0725166,0.763562,3.79918,52269.8,-1,5.78621e-10,1,0
0.00702683,0.368776,0.0726631,0.764325,3.80073,52481.1,-1,3.29388e-09,1,0
0.00702749,0.368311,0.0727509,0.764347,3.80242,52410,-1,6.05282e-10,1,0
0.00702864,0.368997,0.0728569,0.764417,3.80077,52499,-1,2.50146e-10,1,0
0.00702916,0.36869,0.072435,0.764448,3.8017,52451.5,-1,6.3263e-11,1,0
0.00703042,0.369347,0.0722865,0.763578,3.80443,52535.6,-1,1.19458e-09,1,0
0.00703147,0.3696,0.0733848,0.763274,3.80312,52563.7,-1,9.39416e-10,1,0
0.00703342,0.369297,0.0754043,0.762591,3.80323,52506.1,-1,1.10206e-09,1,0
0.00703486,0.368797,0.0768262,0.761934,3.80428,52424.2,-1,8.80064e-11,1,0
0.00703546,0.36848,0.0763777,0.762349,3.80426,52374.7,-1,8.80064e-11,1,0
0.00703583,0.3684,0.0761763,0.762694,3.80445,52360.5,-1,8.87199e-10,1,0
0.0070368,0.368341,0.0758535,0.763757,3.80512,52345,-1,9.96059e-10,1,0
0.00703784,0.368026,0.0755464,0.764876,3.80486,52292.5,-1,1.56848e-09,1,0
0.00703846,0.368059,0.0757593,0.764222,3.80135,52292.5,-1,6.66967e-10,1,0
0.00703893,0.368032,0.0754214,0.763908,3.80101,52285.3,-1,4.40894e-11,1,0
0.00704106,0.367848,0.0735896,0.762279,3.80132,52243.2,-1,2.96228e-09,1,0
0.00704261,0.366441,0.0738311,0.761191,3.80125,52031.9,-1,2.96228e-09,1,0
0.00704364,0.365503,0.0739919,0.760466,3.8012,51891.2,-1,2.96228e-09,1,0
0.00704559,0.364727,0.074379,0.760525,3.80055,51766.7,-1,6.45724e-10,1,0
0.00704759,0.364356,0.0744785,0.76261,3.80048,51699.3,-1,2.00177e-09,1,0
0.00704846,0.363863,0.0742066,0.762147,3.80105,51623.1,-1,7.98328e-10,1,0
0.00704892,0.364093,0.0745597,0.761845,3.80119,51652.3,-1,3.25873e-10,1,0
0.00705039,0.36417,0.074414,0.760842,3.80379,51652.5,-1,1.03425e-09,1,0
0.00705085,0.364045,0.0741368,0.760652,3.80345,51631.3,-1,1.97977e-10,1,0
0.00705191,0.364191,0.0739103,0.761487,3.80284,51644.3,-1,5.47468e-10,1,0
0.00705327,0.364374,0.07376,0.763039,3.80285,51660.4,-1,5.47468e-10,1,0
0.00705476,0.364507,0.0736195,0.764707,3.80253,51668.2,-1,7.22975e-11,1,0
0.00705601,0.364521,0.0743925,0.765045,3.79845,51661.1,-1,6.07428e-10,1,0
0.00705646,0.364507,0.0743868,0.765278,3.79957,51655.8,-1,1.18532e-10,1,0
0.00705795,0.36518,0.0735202,0.765769,3.80087,51740.3,-1,1.03811e-09,1,0
0.00706012,0.367677,0.0737933,0.76596,3.801,52078,-1,1.03811e-09,1,0
0.00706043,0.367941,0.0737558,0.765968,3.8004,52113.1,-1,3.48619e-09,1,0
0.00706163,0.367474,0.072769,0.765342,3.80307,52038.1,-1,7.79817e-10,1,0
0.00706226,0.367998,0.0730826,0.765725,3.80309,52107.7,-1,7.79817e-10,1,0
0.00706297,0.368594,0.0734395,0.766161,3.80312,52186.9,-1,7.79817e-10,1,0
0.00706356,0.369095,0.0737391,0.766527,3.80321,52253.4,-1,2.23021e-09,1,0
0.00706476,0.369785,0.0741715,0.766885,3.80324,52342.1,-1,1.10578e-09,1,0
0.00706523,0.36959,0.0736871,0.766852,3.8033,52311,-1,1.79195e-10,1,0
0.00706567,0.369623,0.0733744,0.766456,3.79966,52312.6,-1,5.05812e-10,1,0
0.0070664,0.369441,0.0732598,0.767163,3.79854,52281.4,-1,8.03533e-12,1,0
0.00706731,0.369754,0.0723835,0.767645,3.80117,52318.9,-1,1.04813e-09,1,0
0.00706849,0.370756,0.0728133,0.768009,3.8018,52451.9,-1,5.70697e-10,1,0
0.00706892,0.370978,0.0732203,0.767901,3.80146,52480.2,-1,1.5384e-11,1,0
0.00707075,0.372014,0.0738544,0.767303,3.80236,52613.1,-1,7.5332e-10,1,0
0.00707194,0.372928,0.0748098,0.767714,3.80219,52733.5,-1,1.45426e-09,1,0
0.00707252,0.372892,0.0748004,0.76712,3.80183,52724.1,-1,1.98744e-10,1,0
0.00707414,0.373931,0.0741805,0.767266,3.80034,52858.8,-1,5.21336e-10,1,0
0.00707529,0.374454,0.0734691,0.767917,3.80064,52924.2,-1,1.74684e-09,1,0
0.00707595,0.374632,0.0731793,0.768429,3.79932,52944.5,-1,1.01906e-09,1,0
0.00707813,0.374809,0.0738446,0.770369,3.79984,52953.1,-1,1.53911e-09,1,0
0.00707941,0.374926,0.0732952,0.769285,3.79979,52960,-1,1.47353e-09,1,0
0.00708076,0.37513,0.0725882,0.767899,3.7998,52978.8,-1,1.47353e-09,1,0
0.00708172,0.37524,0.0724749,0.767952,3.80011,52987.1,-1,5.58633e-10,1,0
0.00708201,0.375535,0.0725958,0.768025,3.79904,53026.6,-1,1.94347e-10,1,0
0.00708354,0.375028,0.0736339,0.768884,3.79948,52943.6,-1,9.31935e-10,1,0
0.00708554,0.374986,0.0743221,0.771099,3.79948,52922.6,-1,9.31935e-10,1,0
0.0070863,0.374671,0.0747765,0.771275,3.80003,52872.6,-1,4.95749e-10,1,0
0.00708732,0.374051,0.0749113,0.772271,3.8,52777.5,-1,4.95749e-10,1,0
0.00708798,0.373721,0.0750328,0.772929,3.79663,52726,-1,1.61396e-10,1,0
0.0070892,0.373454,0.0752234,0.773965,3.7975,52679.4,-1,1.61921e-10,1,0
0.00709078,0.374041,0.0739913,0.775184,3.79753,52750.3,-1,1.61921e-10,1,0
0.00709094,0.374081,0.0740013,0.77529,3.79474,52754.7,-1,6.61724e-12,1,0
0.007092,0.374569,0.074491,0.775746,3.79423,52815.7,-1,8.51101e-10,1,0
0.00709343,0.376104,0.0739085,0.775997,3.79455,53021.4,-1,2.11677e-09,1,0
0.00709468,0.376765,0.0728341,0.775678,3.79473,53105.2,-1,2.67677e-10,1,0
0.0070955,0.377387,0.0729015,0.77618,3.79506,53186.8,-1,2.8977e-10,1,0
0.00709659,0.376583,0.0732615,0.775399,3.79285,53065.3,-1,9.33951e-11,1,0
0.00709699,0.37638,0.073636,0.775276,3.79147,53033.7,-1,1.96533e-10,1,0
0.0070976,0.376007,0.0736458,0.774713,3.79224,52976.6,-1,5.7129e-10,1,0
0.00709956,0.375655,0.0748267,0.772814,3.79221,52912.4,-1,2.40354e-09,1,0
0.0071001,0.375404,0.074782,0.772781,3.79176,52873,-1,2.97892e-10,1,0
0.0071013,0.374461,0.0753617,0.772688,3.79173,52731.4,-1,1.81253e-10,1,0
0.00710263,0.373173,0.0752126,0.773443,3.7917,52540.1,-1,1.49282e-09,1,0
0.00710359,0.37347,0.0760504,0.773472,3.79056,52574.8,-1,2.7792e-10,1,0
0.00710489,0.373985,0.0762707,0.774078,3.78804,52637.7,-1,6.2245e-10,1,0
0.0071058,0.374063,0.0759218,0.774734,3.78692,52642,-1,5.99002e-10,1,0
0.00710716,0.375281,0.0755865,0.775394,3.78528,52803.3,-1,8.46187e-11,1,0
0.00710879,0.374798,0.0748035,0.776212,3.78361,52723.2,-1,1.88139e-09,1,0
0.00710999,0.374316,0.0751056,0.776193,3.78361,52646.5,-1,6.10903e-10,1,0
0.0071106,0.37467,0.0755027,0.776537,3.78124,52691.8,-1,2.0177e-11,1,0
0.00711212,0.375813,0.0752033,0.776867,3.78154,52841.2,-1,3.17374e-10,1,0
0.00711235,0.375984,0.0752075,0.776936,3.78182,52863.5,-1,1.06284e-10,1,0
0.00711292,0.376348,0.0752947,0.77691,3.7827,52910.4,-1,1.82807e-10,1,0
0.00711406,0.376906,0.0757221,0.77676,3.7832,52980.5,-1,3.79936e-10,1,0
0.00711442,0.376962,0.0755476,0.776467,3.78331,52985.7,-1,2.9585e-10,1,0
0.00711613,0.375621,0.0750126,0.776178,3.78106,52784.5,-1,9.59374e-10,1,0
0.00711666,0.375025,0.074912,0.77628,3.78101,52696.8,-1,1.98129e-09,1,0
0.00711817,0.373871,0.0747789,0.776146,3.78211,52523.5,-1,3.92918e-10,1,0
0.00712025,0.372769,0.073501,0.777039,3.78053,52353.4,-1,2.04946e-09,1,0
0.00712105,0.372538,0.0727663,0.777513,3.78125,52315.1,-1,1.74174e-11,1,0
0.00712257,0.372109,0.0720482,0.776356,3.77926,52243.7,-1,1.31117e-09,1,0
0.00712341,0.371194,0.0717944,0.776485,3.77837,52109.1,-1,9.29394e-10,1,0
0.0071255,0.369809,0.0734066,0.77596,3.77858,51899.4,-1,1.15335e-09,1,0
0.00712687,0.369726,0.0745469,0.775578,3.77658,51877.8,-1,2.58514e-09,1,0
0.00712884,0.368903,0.0762126,0.776087,3.7718,51748,-1,1.13561e-09,1,0
0.00712967,0.369715,0.0761783,0.776128,3.77088,51855.8,-1,3.22814e-10,1,0
0.00713056,0.37059,0.0760989,0.775783,3.77081,51972,-1,7.54793e-11,1,0
0.00713262,0.37122,0.0759096,0.775602,3.76972,52045.4,-1,1.31415e-09,1,0
0.00713363,0.371504,0.076007,0.775576,3.7681,52077.9,-1,3.59967e-10,1,0
0.00713494,0.372288,0.0765113,0.77613,3.768,52178.1,-1,7.23524e-10,1,0
0.00713584,0.371886,0.0759034,0.776214,3.76827,52115.3,-1,7.07809e-10,1,0
0.00713702,0.37076,0.0757911,0.775902,3.76548,51948.8,-1,9.86665e-10,1,0
0.00713855,0.369978,0.07664,0.775001,3.76469,51828.2,-1,1.48909e-09,1,0
0.00713995,0.36932,0.0760446,0.774138,3.76388,51725.9,-1,5.05944e-10,1,0
0.00714109,0.368797,0.0767888,0.774929,3.76405,51644.3,-1,1.26135e-09,1,0
0.00714222,0.369601,0.0760181,0.77445,3.76381,51748.8,-1,9.49138e-10,1,0
0.00714345,0.370135,0.0754018,0.774063,3.76184,51814.6,-1,1.42979e-10,1,0
0.00714462,0.369122,0.0751499,0.774902,3.76179,51664.3,-1,1.42979e-10,1,0
0.00714677,0.367761,0.0744532,0.774969,3.76313,51458.3,-1,2.82372e-09,1,0
0.00714755,0.367724,0.0742503,0.775468,3.76673,51447.6,-1,1.6055e-10,1,0
0.00714772,0.367725,0.0741716,0.775402,3.76657,51446.5,-1,1.17192e-11,1,0
0.00714829,0.367665,0.0738818,0.775597,3.7657,51434,-1,3.6599e-10,1,0
0.0071487,0.367315,0.0739328,0.775652,3.76784,51382.1,-1,1.88809e-10,1,0
0.00715085,0.366187,0.0748717,0.775423,3.76543,51208.9,-1,5.65211e-10,1,0
0.00715144,0.366366,0.0746394,0.775626,3.76879,51229.6,-1,1.94367e-10,1,0
0.00715174,0.3666,0.0748225,0.775684,3.76971,51260.2,-1,4.25661e-11,1,0
0.00715246,0.366097,0.0752167,0.776085,3.77042,51184.7,-1,3.70161e-10,1,0
0.00715342,0.36541,0.0754908,0.775825,3.77,51081.9,-1,8.12053e-10,1,0
0.00715452,0.365239,0.0759973,0.775889,3.7711,51050.1,-1,7.56908e-10,1,0
0.00715531,0.364936,0.075945,0.775992,3.77339,51002.1,-1,4.41043e-10,1,0
0.00715684,0.364255,0.0775763,0.776093,3.77408,50896,-1,1.7704e-09,1,0
0.0071579,0.364893,0.0775009,0.776217,3.7716,50977.6,-1,8.08672e-10,1,0
0.00716081,0.365664,0.0793101,0.776644,3.77085,51064.7,-1,7.63594e-10,1,0
0.00716264,0.366519,0.0784732,0.778012,3.76993,51171,-1,1.10624e-09,1,0
0.00716425,0.364979,0.0789839,0.778914,3.77276,50944.5,-1,6.73877e-10,1,0
0.00716576,0.364745,0.0782589,0.777346,3.77388,50901.1,-1,1.74346e-09,1,0
0.00716804,0.36685,0.0775233,0.778162,3.7752,51178.5,-1,1.79926e-09,1,0
0.00716922,0.366702,0.0786335,0.777398,3.77491,51149.5,-1,4.52388e-11,1,0
0.00717105,0.366995,0.0796234,0.776923,3.77571,51177.3,-1,6.21169e-10,1,0
0.00717158,0.366982,0.0791288,0.776615,3.77515,51171.7,-1,1.65776e-10,1,0
0.00717318,0.367162,0.0774639,0.775834,3.77638,51185.4,-1,2.28801e-09,1,0
0.00717375,0.367017,0.0774449,0.775665,3.77623,51161,-1,2.53367e-10,1,0
0.00717484,0.365876,0.0776414,0.775637,3.77738,50994.4,-1,2.74092e-10,1,0
0.00717522,0.365441,0.0776867,0.775707,3.77735,50931,-1,2.74092e-10,1,0
0.00717614,0.365239,0.0784592,0.775674,3.77841,50896.4,-1,7.52331e-10,1,0
0.0071774,0.364697,0.0784553,0.774546,3.77618,50811.8,-1,1.74339e-10,1,0
0.00717846,0.363899,0.07884,0.77476,3.7739,50693.3,-1,5.131e-10,1,0
0.00717909,0.363258,0.0790811,0.774509,3.77478,50599.4,-1,1.43325e-09,1,0
0.00717991,0.363464,0.078476,0.774972,3.77457,50622.3,-1,2.02668e-10,1,0
0.00718219,0.364668,0.0768695,0.77666,3.77463,50773.9,-1,2.02668e-10,1,0
0.00718323,0.365055,0.0763094,0.776965,3.77462,50820.4,-1,2.79515e-10,1,0
0.00718545,0.365914,0.0766341,0.776809,3.77203,50924.3,-1,4.06002e-11,1,0
0.00718583,0.365931,0.0765371,0.776641,3.76938,50924,-1,1.56437e-09,1,0
0.00718681,0.365273,0.0763947,0.77755,3.76935,50825.4,-1,1.56437e-09,1,0
0.00718913,0.365097,0.0752195,0.779324,3.76977,50784.6,-1,2.55886e-09,1,0
0.00719098,0.365752,0.0736133,0.780549,3.77054,50862.6,-1,1.56071e-09,1,0
0.00719109,0.3658,0.073591,0.780454,3.77248,50868.4,-1,3.30155e-11,1,0
0.00719228,0.364795,0.0745165,0.780529,3.77243,50720.4,-1,3.30155e-11,1,0
0.00719359,0.364708,0.0750773,0.781551,3.77042,50699.1,-1,1.83319e-09,1,0
0.00719524,0.365147,0.0755365,0.783341,3.76981,50748.5,-1,2.95726e-09,1,0
0.00719593,0.365712,0.0756709,0.782799,3.76886,50822.1,-1,4.5978e-10,1,0
0.00719765,0.36656,0.0763883,0.783745,3.76396,50927.7,-1,1.71141e-09,1,0
0.00719902,0.365269,0.0771003,0.783335,3.76397,50738.7,-1,9.57823e-10,1,0
0.00719975,0.364857,0.0769993,0.783226,3.76304,50676.4,-1,2.39079e-10,1,0
0.00720034,0.364329,0.0767822,0.78286,3.76231,50598.8,-1,1.27827e-09,1,0
0.00720135,0.3646,0.0761125,0.78327,3.75923,50629.3,-1,9.80298e-10,1,0
0.00720205,0.364416,0.0753385,0.783332,3.75922,50598.9,-1,9.80298e-10,1,0
0.00720238,0.364448,0.0753237,0.783078,3.76199,50601,-1,2.80235e-10,1,0
0.00720265,0.364496,0.0755057,0.783048,3.7603,50605.8,-1,2.04793e-10,1,0
0.00720401,0.365025,0.0767214,0.782572,3.76139,50669.7,-1,4.6654e-11,1,0
0.00720424,0.364875,0.0765632,0.782504,3.76248,50647.3,-1,9.7716e-11,1,0
0.00720494,0.364533,0.0759304,0.782145,3.76422,50594.9,-1,9.05494e-10,1,0
0.00720605,0.364705,0.0763788,0.781226,3.76557,50610.9,-1,4.23594e-10,1,0
0.00720829,0.365563,0.0760996,0.781304,3.76532,50714.3,-1,1.28295e-09,1,0
0.00720955,0.366559,0.0753865,0.780517,3.76445,50843.5,-1,1.45599e-09,1,0
0.00721073,0.367614,0.0754106,0.779668,3.76704,50981.6,-1,1.35417e-09,1,0
0.0072109,0.367599,0.075373,0.779759,3.76583,50978.2,-1,1.03837e-10,1,0
0.00721195,0.366859,0.0745812,0.779424,3.76535,50868.3,-1,3.45574e-10,1,0
0.00721341,0.365457,0.0752119,0.779622,3.76568,50663.6,-1,9.24805e-10,1,0
0.00721432,0.365585,0.0751494,0.780134,3.7675,50675,-1,4.69898e-10,1,0
0.00721563,0.365174,0.0743147,0.780788,3.76444,50608.8,-1,8.81645e-10,1,0
0.00721664,0.365164,0.074693,0.781303,3.76507,50600.3,-1,5.50201e-10,1,0
0.00721769,0.365921,0.0747381,0.781842,3.76518,50697.8,-1,4.57328e-10,1,0
0.00721787,0.366065,0.074693,0.781739,3.7627,50716.5,-1,1.92205e-10,1,0
0.00721969,0.365598,0.0760075,0.781725,3.76468,50639,-1,1.58725e-10,1,0
0.0072211,0.364955,0.0764555,0.780741,3.76267,50540.1,-1,1.74662e-10,1,0
0.00722209,0.365577,0.0773749,0.780512,3.76266,50619.3,-1,1.13316e-09,1,0
0.0072235,0.366378,0.078185,0.781079,3.76396,50720.2,-1,9.85663e-10,1,0
0.0072245,0.366159,0.0787752,0.780252,3.76609,50683,-1,1.64944e-10,1,0
0.00722598,0.365153,0.0776033,0.780749,3.76577,50533.4,-1,3.42117e-10,1,0
0.00722729,0.364399,0.0763739,0.781179,3.76598,50419.8,-1,2.87225e-09,1,0
0.00722818,0.364409,0.0761134,0.780243,3.76655,50415.1,-1,7.58963e-11,1,0
0.00722944,0.365793,0.0757743,0.780144,3.76652,50597.7,-1,9.71669e-10,1,0
0.00723017,0.365863,0.0760013,0.780423,3.76604,50602.3,-1,8.56713e-10,1,0
0.00723035,0.36578,0.0761317,0.780534,3.76436,50589.4,-1,5.28911e-11,1,0
0.00723167,0.365761,0.0750857,0.779439,3.76366,50577.7,-1,1.51463e-09,1,0
0.00723245,0.365895,0.0745095,0.779485,3.76313,50590.7,-1,7.53388e-11,1,0
0.00723277,0.365934,0.0742472,0.779245,3.76412,50593.9,-1,3.52086e-10,1,0
0.00723458,0.365692,0.0732568,0.780601,3.76424,50547.8,-1,6.48765e-10,1,0
0.00723606,0.365203,0.073723,0.781973,3.76655,50469.9,-1,1.04308e-09,1,0
0.00723835,0.363591,0.0736832,0.784055,3.76669,50231.2,-1,2.94754e-09,1,0
0.00723878,0.363518,0.074131,0.784244,3.7674,50218.2,-1,4.87631e-10,1,0
0.00724061,0.361761,0.0745498,0.783941,3.76946,49962.8,-1,1.90543e-09,1,0
0.0072411,0.362191,0.0744221,0.784266,3.77,50018.8,-1,2.80965e-11,1,0
0.00724272,0.361505,0.0752346,0.782731,3.76996,49912.8,-1,2.80965e-11,1,0
0.00724373,0.361078,0.0757401,0.781776,3.76994,49846.9,-1,2.80965e-11,1,0
0.00724489,0.360609,0.0759244,0.781866,3.77047,49774.3,-1,6.79184e-11,1,0
0.00724578,0.360176,0.0753394,0.782106,3.77141,49708.3,-1,5.75063e-10,1,0
0.00724635,0.360651,0.0750873,0.782101,3.77007,49770,-1,4.09614e-10,1,0
0.0072469,0.360789,0.0750576,0.782281,3.77065,49785.3,-1,3.36171e-10,1,0
0.00724742,0.360845,0.0751543,0.782417,3.77015,49789.4,-1,3.52879e-10,1,0
0.00724795,0.360853,0.0746037,0.782151,3.77163,49786.8,-1,5.41687e-10,1,0
0.00724885,0.361098,0.0737883,0.782044,3.77076,49814.4,-1,1.50816e-10,1,0
0.00724962,0.361509,0.0730253,0.781887,3.76944,49866,-1,1.46286e-09,1,0
0.00725053,0.360882,0.0730993,0.781624,3.77075,49773.3,-1,1.04494e-10,1,0
0.00725155,0.361981,0.0731169,0.781694,3.77104,49917.7,-1,4.10068e-10,1,0
0.00725259,0.3616,0.0722172,0.782204,3.77041,49858,-1,6.70468e-10,1,0
0.00725325,0.361099,0.0718848,0.782524,3.76954,49784.4,-1,2.083e-10,1,0
0.00725436,0.360832,0.0725055,0.783266,3.7687,49739.9,-1,5.03799e-10,1,0
0.00725658,0.361161,0.07331,0.784893,3.76802,49770.2,-1,1.29261e-09,1,0
0.0072568,0.361253,0.0732076,0.784706,3.76633,49781.3,-1,1.25072e-10,1,0
0.00725782,0.361721,0.0738691,0.785161,3.7685,49838.7,-1,1.13668e-10,1,0
0.00725933,0.362285,0.0726751,0.784034,3.76853,49906.2,-1,1.13668e-10,1,0
0.0072608,0.362712,0.0712376,0.784209,3.76895,49954.8,-1,2.17923e-09,1,0
0.00726307,0.363092,0.069603,0.782692,3.76972,49991.5,-1,2.08012e-09,1,0
0.00726533,0.364846,0.0678016,0.783332,3.76981,50217.4,-1,2.08012e-09,1,0
0.00726635,0.365641,0.0669847,0.783623,3.76847,50319.8,-1,3.77068e-09,1,0
0.00726769,0.364578,0.0677909,0.78389,3.7681,50164.2,-1,1.01107e-09,1,0
0.00726874,0.364419,0.0688877,0.78427,3.76853,50135.1,-1,1.46829e-09,1,0
0.00727015,0.364152,0.069918,0.784154,3.76625,50088.6,-1,5.13391e-10,1,0
0.00727079,0.36481,0.069709,0.784165,3.76533,50174.7,-1,1.4751e-10,1,0
0.00727173,0.364595,0.0703101,0.783294,3.76582,50138.6,-1,1.07958e-09,1,0
0.00727346,0.363368,0.0703212,0.78368,3.76596,49958,-1,3.70137e-10,1,0
0.0072751,0.361616,0.0709704,0.783949,3.76566,49706,-1,3.17992e-09,1,0
0.00727542,0.361761,0.070789,0.783863,3.76255,49723.8,-1,1.77611e-10,1,0
0.00727658,0.362223,0.0711895,0.784399,3.76364,49779.2,-1,6.76401e-10,1,0
0.00727782,0.362353,0.0714886,0.784229,3.76603,49788.7,-1,2.56342e-10,1,0
0.0072804,0.36051,0.0702519,0.783119,3.76861,49517.9,-1,1.66885e-09,1,0
0.007281,0.360243,0.0705547,0.783664,3.76976,49477.1,-1,1.13484e-10,1,0
0.00728177,0.359689,0.0707979,0.78406,3.77002,49395.8,-1,1.20335e-09,1,0
0.00728187,0.359592,0.0707882,0.784036,3.77009,49381.9,-1,6.46472e-12,1,0
0.00728264,0.359847,0.0705877,0.783718,3.76498,49411.7,-1,6.14837e-10,1,0
0.00728315,0.35962,0.0703852,0.783727,3.76522,49377,-1,4.12633e-10,1,0
0.00728352,0.359561,0.0701968,0.784016,3.76328,49366.3,-1,2.96857e-11,1,0
0.00728441,0.359039,0.0705613,0.78466,3.76334,49288.7,-1,9.54475e-10,1,0
0.00728575,0.35893,0.0701043,0.78494,3.76433,49264.6,-1,5.96103e-10,1,0
0.00728611,0.359147,0.0698389,0.784699,3.76434,49292,-1,5.96103e-10,1,0
0.00728733,0.359875,0.0689498,0.783889,3.76492,49383.7,-1,1.8251e-09,1,0
0.00728828,0.360422,0.0686484,0.783873,3.76241,49452.3,-1,2.49413e-10,1,0
0.00729023,0.3587,0.0693413,0.783969,3.76434,49202.9,-1,7.53856e-10,1,0
0.00729101,0.358073,0.0699449,0.784149,3.7643,49111.5,-1,7.53856e-10,1,0
0.00729285,0.356006,0.0696053,0.784184,3.7638,48815.8,-1,2.25102e-09,1,0
0.0072932,0.355613,0.0695299,0.784188,3.76378,48759.5,-1,2.25102e-09,1,0
0.00729376,0.355437,0.0697019,0.783712,3.75881,48731.7,-1,6.05642e-11,1,0
0.00729424,0.355161,0.0696345,0.783641,3.76002,48690.6,-1,1.41409e-10,1,0
0.00729526,0.35573,0.0694635,0.782658,3.75932,48761.8,-1,1.15379e-09,1,0
0.00729577,0.355658,0.0692925,0.782817,3.75996,48748.5,-1,3.01379e-10,1,0
0.00729632,0.355607,0.0692192,0.783262,3.76059,48737.9,-1,2.34733e-10,1,0
0.00729823,0.356269,0.0706737,0.783604,3.76001,48815.8,-1,7.16127e-10,1,0
0.00729908,0.356977,0.0712585,0.783926,3.75971,48907.1,-1,2.45728e-09,1,0
0.00730043,0.357722,0.0724238,0.78432,3.7588,49000.2,-1,4.95346e-11,1,0
0.00730171,0.35742,0.0735804,0.78518,3.75848,48950.2,-1,1.4725e-09,1,0
0.00730232,0.357651,0.0738578,0.785493,3.75578,48977.8,-1,5.86372e-10,1,0
0.00730323,0.357775,0.0740124,0.784463,3.75579,48988.6,-1,5.86372e-10,1,0
0.00730558,0.358094,0.0744102,0.78181,3.7558,49016.5,-1,5.86372e-10,1,0
0.0073066,0.358233,0.0745839,0.780652,3.75581,49028.7,-1,5.86372e-10,1,0
0.00730768,0.358739,0.0752263,0.78089,3.75517,49090.7,-1,5.236e-09,1,0
0.00730859,0.359266,0.0758956,0.781494,3.75624,49156.7,-1,1.97582e-09,1,0
0.00730932,0.35874,0.0757657,0.782121,3.7583,49079.8,-1,1.54437e-11,1,0
0.00731023,0.357831,0.0761179,0.781739,3.75839,48949.4,-1,1.04714e-09,1,0
0.00731173,0.358214,0.0777844,0.781844,3.75822,48991.7,-1,2.28182e-10,1,0
0.00731273,0.358516,0.0788962,0.781911,3.7571,49026.3,-1,2.64843e-09,1,0
0.0073142,0.357272,0.079053,0.782826,3.75595,48846.3,-1,3.24152e-10,1,0
0.00731532,0.356909,0.0786537,0.782983,3.75786,48789.2,-1,5.86749e-10,1,0
0.0073167,0.356931,0.0782236,0.783627,3.75982,48783.1,-1,6.39814e-11,1,0
0.00731797,0.35658,0.0775933,0.784894,3.75776,48726.7,-1,2.58604e-09,1,0
0.00731924,0.35623,0.076964,0.786159,3.75834,48670.4,-1,1.45553e-09,1,0
0.0073206,0.357455,0.0760919,0.785797,3.76015,48828.7,-1,1.31911e-09,1,0
0.00732149,0.357196,0.0768405,0.78631,3.76013,48787.3,-1,5.61433e-10,1,0
0.00732202,0.357217,0.0770159,0.786815,3.76114,48786.6,-1,9.18218e-10,1,0
0.00732377,0.356467,0.0769572,0.786736,3.76428,48672.6,-1,1.29304e-09,1,0
0.00732495,0.35557,0.0777312,0.786061,3.76424,48542.3,-1,1.29304e-09,1,0
0.00732595,0.354817,0.0783818,0.785494,3.76237,48432.9,-1,2.50901e-09,1,0
0.00732677,0.355141,0.0782603,0.785493,3.76665,48471.7,-1,6.23962e-11,1,0
0.00732742,0.355053,0.077943,0.786045,3.7666,48455.5,-1,7.36436e-10,1,0
0.00732822,0.354921,0.0772157,0.786589,3.7682,48432.1,-1,8.59166e-10,1,0
0.00732943,0.354214,0.0779036,0.786745,3.76848,48327.6,-1,2.11027e-10,1,0
0.00732992,0.354301,0.0776328,0.787175,3.77089,48336.3,-1,5.00538e-10,1,0
0.0073309,0.354255,0.0785995,0.787745,3.77112,48323.6,-1,1.10662e-09,1,0
0.00733115,0.354296,0.0783695,0.787617,3.7697,48327.5,-1,1.51444e-11,1,0
0.00733357,0.355064,0.0775772,0.787412,3.7659,48416.2,-1,8.46378e-10,1,0
0.00733379,0.354971,0.077718,0.787567,3.76619,48402.2,-1,1.01844e-10,1,0
0.00733418,0.355314,0.0779957,0.787674,3.76691,48446.3,-1,4.53586e-10,1,0
0.0073355,0.356452,0.0780257,0.786675,3.76658,48592.8,-1,1.51451e-09,1,0
0.00733596,0.356076,0.0780335,0.787007,3.76581,48538.4,-1,6.50219e-11,1,0
0.00733686,0.355732,0.0779819,0.787004,3.76618,48485.6,-1,1.05815e-09,1,0
0.00733766,0.355835,0.0778889,0.786091,3.76691,48494.4,-1,1.36936e-09,1,0
0.00733875,0.356477,0.0780231,0.786277,3.76762,48574.6,-1,2.98005e-10,1,0
0.00733913,0.356813,0.0781408,0.786531,3.76745,48617.9,-1,1.02066e-09,1,0
0.00734104,0.357303,0.079745,0.786523,3.76958,48672,-1,8.6848e-10,1,0
0.00734168,0.357377,0.0792798,0.787022,3.76896,48677.9,-1,2.85828e-10,1,0
0.00734222,0.357246,0.0788775,0.787108,3.76617,48656.3,-1,1.88204e-10,1,0
0.00734388,0.355922,0.0799438,0.787976,3.76589,48465.1,-1,1.90879e-09,1,0
0.00734423,0.356239,0.0799224,0.787733,3.76576,48506,-1,7.8554e-11,1,0
0.00734559,0.357231,0.0800333,0.78658,3.76626,48632.1,-1,1.46815e-09,1,0
0.00734603,0.357221,0.0803748,0.786214,3.76714,48627.7,-1,6.01551e-10,1,0
0.00734657,0.357241,0.0798421,0.785929,3.76676,48626.8,-1,6.08374e-10,1,0
0.00734691,0.357579,0.0798606,0.786113,3.76678,48670.6,-1,6.08374e-10,1,0
0.00734792,0.358484,0.0800274,0.78605,3.76877,48787.2,-1,5.19137e-10,1,0
0.00734854,0.358913,0.0802582,0.786104,3.7657,48841.4,-1,3.45896e-10,1,0
0.00734945,0.35813,0.0796494,0.785777,3.76554,48728.8,-1,1.04489e-09,1,0
0.00735043,0.358069,0.0797454,0.785449,3.76523,48714,-1,5.33128e-10,1,0
0.0073524,0.356756,0.0800457,0.784961,3.76849,48522.3,-1,1.28136e-10,1,0
0.00735267,0.356588,0.079921,0.785124,3.76728,48497.7,-1,4.75833e-11,1,0
0.00735419,0.357846,0.0805848,0.784661,3.76733,48658.8,-1,3.29857e-10,1,0
0.00735546,0.358577,0.080753,0.784252,3.76765,48749.8,-1,4.38742e-10,1,0
0.00735782,0.358595,0.0801566,0.78458,3.76572,48736.6,-1,1.29249e-09,1,0
0.00735901,0.35884,0.0807555,0.78579,3.76516,48761.9,-1,1.72323e-10,1,0
0.0073606,0.359785,0.0794417,0.786433,3.76378,48879.8,-1,4.96426e-11,1,0
0.00736156,0.360231,0.0799286,0.785729,3.76441,48934.1,-1,2.77788e-10,1,0
0.00736238,0.360931,0.0802318,0.785219,3.76518,49023.6,-1,4.11635e-10,1,0
0.00736371,0.360876,0.0790099,0.78474,3.76651,49007.4,-1,1.21155e-09,1,0
0.00736479,0.361747,0.0794358,0.784676,3.76684,49118.4,-1,7.16854e-10,1,0
0.00736522,0.361869,0.0790161,0.784893,3.76559,49132.2,-1,4.88062e-10,1,0
0.00736595,0.361641,0.0786704,0.784659,3.76313,49096.3,-1,2.45743e-10,1,0
0.00736698,0.362351,0.0780496,0.784858,3.76251,49185.9,-1,2.93184e-10,1,0
0.00736893,0.361734,0.0779053,0.783757,3.76348,49089.1,-1,1.24195e-09,1,0
0.00736992,0.361397,0.078193,0.783746,3.76187,49036.8,-1,6.65444e-10,1,0
0.00737113,0.361512,0.0781137,0.785028,3.76156,49044.3,-1,1.75719e-09,1,0
0.00737248,0.361562,0.07657,0.784949,3.76152,49042.1,-1,1.65486e-09,1,0
0.00737336,0.36101,0.0770016,0.785356,3.76167,48961.4,-1,2.58579e-10,1,0
0.00737372,0.361227,0.0772224,0.785514,3.76034,48988.4,-1,5.80696e-10,1,0
0.00737521,0.362475,0.0760983,0.785835,3.76172,49147.8,-1,8.67153e-10,1,0
0.00737665,0.361613,0.075835,0.785191,3.76326,49021.3,-1,1.09692e-09,1,0
0.00737837,0.36069,0.0774463,0.784732,3.76467,48884.8,-1,1.53367e-09,1,0
0.00737892,0.361092,0.0774876,0.784251,3.76469,48935.7,-1,1.53367e-09,1,0
0.0073801,0.361962,0.0775771,0.783212,3.76473,49045.7,-1,1.53367e-09,1,0
0.00738069,0.361933,0.077869,0.782654,3.76565,49037.8,-1,5.44785e-10,1,0
0.00738156,0.361855,0.0783137,0.782102,3.77097,49021.5,-1,1.0708e-10,1,0
0.00738197,0.361803,0.0782476,0.782311,3.76694,49011.7,-1,3.43141e-10,1,0
0.00738228,0.361651,0.0781029,0.782511,3.76804,48989.1,-1,1.73853e-11,1,0
0.00738344,0.361907,0.0779618,0.782455,3.76815,49016,-1,5.97527e-10,1,0
0.0073844,0.361524,0.0774456,0.78155,3.76813,48957.8,-1,5.97527e-10,1,0
0.00738492,0.361167,0.0769841,0.781406,3.76836,48906,-1,5.96804e-10,1,0
0.00738638,0.360513,0.0777892,0.782331,3.76856,48807.9,-1,3.8646e-10,1,0
0.00738789,0.360055,0.078206,0.783068,3.76649,48735.8,-1,2.58346e-09,1,0
0.00738833,0.36006,0.078049,0.783064,3.76542,48733.6,-1,2.2052e-10,1,0
0.00738896,0.35997,0.0787521,0.783242,3.76389,48717.3,-1,7.30614e-10,1,0
0.00738985,0.360445,0.0793185,0.783087,3.76446,48775.7,-1,4.03656e-10,1,0
0.00739062,0.360429,0.0801319,0.78273,3.76424,48768.5,-1,1.3995e-09,1,0
0.00739118,0.360399,0.0807651,0.782647,3.76377,48760.8,-1,6.49054e-10,1,0
0.00739274,0.359869,0.0802689,0.782177,3.7633,48678.8,-1,5.03633e-10,1,0
0.007394,0.359079,0.0798253,0.783091,3.76197,48563.6,-1,1.06467e-09,1,0
0.0073946,0.358863,0.079373,0.783166,3.76278,48530.4,-1,9.64289e-10,1,0
0.00739583,0.358329,0.0803795,0.78232,3.76249,48450.1,-1,1.53225e-09,1,0
0.00739687,0.358796,0.0807879,0.783135,3.7627,48506.5,-1,2.81546e-10,1,0
0.00739788,0.359104,0.0813695,0.783454,3.7637,48541.5,-1,5.42529e-10,1,0
0.00739882,0.359404,0.0820344,0.783021,3.76303,48575.9,-1,9.56791e-10,1,0
0.00739932,0.359008,0.0816312,0.783145,3.76078,48519,-1,6.98484e-10,1,0
0.00739945,0.359088,0.0816641,0.783109,3.76131,48529,-1,3.57812e-11,1,0
0.00740102,0.358841,0.0830457,0.782598,3.76103,48485.3,-1,1.62679e-09,1,0
0.00740173,0.359454,0.082997,0.783125,3.75895,48563.5,-1,1.02864e-09,1,0
0.00740209,0.359372,0.0829819,0.783037,3.76104,48550,-1,1.75001e-10,1,0
0.00740272,0.359198,0.0827679,0.78358,3.76117,48522.4,-1,4.98044e-10,1,0
0.00740411,0.359349,0.0833173,0.783006,3.76002,48533.7,-1,1.18502e-09,1,0
0.00740466,0.358906,0.0832699,0.783011,3.7614,48470.3,-1,5.16655e-10,1,0
0.00740547,0.35945,0.0838343,0.783496,3.76152,48538.5,-1,3.96484e-10,1,0
0.00740647,0.360074,0.0842507,0.783522,3.75893,48616.2,-1,3.1182e-10,1,0
0.00740696,0.360507,0.0843404,0.783725,3.75725,48671.4,-1,4.52307e-10,1,0
0.00740714,0.360394,0.0844239,0.783716,3.75279,48655,-1,1.49633e-10,1,0
0.00740977,0.359338,0.0871972,0.784276,3.75414,48495.1,-1,3.02026e-09,1,0
0.00741113,0.358393,0.0864386,0.783283,3.75472,48358.7,-1,5.11601e-10,1,0
0.00741158,0.357967,0.0864817,0.783513,3.75461,48298.3,-1,4.46189e-10,1,0
0.00741301,0.357553,0.086445,0.785107,3.75459,48233.2,-1,4.46189e-10,1,0
0.0074142,0.357354,0.08557,0.785889,3.7536,48198.7,-1,9.5144e-10,1,0
0.00741511,0.357766,0.0857527,0.786761,3.75411,48248.2,-1,1.0201e-10,1,0
0.00741606,0.358532,0.0859066,0.786862,3.75333,48345.3,-1,6.29517e-10,1,0
0.0074166,0.35851,0.0858558,0.786964,3.75024,48338.9,-1,2.2391e-10,1,0
0.00741729,0.358902,0.0855515,0.787442,3.75014,48387.2,-1,2.70075e-11,1,0
0.00741886,0.358555,0.0841225,0.786412,3.75245,48330.3,-1,1.50128e-09,1,0
0.00742009,0.358155,0.0834448,0.785303,3.75204,48268.2,-1,9.09862e-10,1,0
0.00742087,0.357555,0.0830941,0.785117,3.75282,48182.4,-1,2.74341e-10,1,0
0.00742172,0.358014,0.0829089,0.784767,3.7531,48238.7,-1,2.92885e-10,1,0
0.00742208,0.358386,0.0829338,0.784603,3.75312,48286.4,-1,2.92885e-10,1,0
0.00742352,0.358337,0.0828425,0.783014,3.75273,48270.6,-1,1.19126e-09,1,0
0.00742538,0.359357,0.0823646,0.781272,3.75221,48395.7,-1,1.87524e-09,1,0
0.00742581,0.35928,0.0821093,0.780874,3.75065,48382.5,-1,1.87528e-09,1,0
0.0074265,0.359097,0.0816806,0.780237,3.75125,48353.5,-1,1.23712e-09,1,0
0.00742782,0.360001,0.0828072,0.779769,3.75051,48466.5,-1,1.51815e-09,1,0
0.00742952,0.36012,0.0816863,0.780914,3.75132,48471.5,-1,3.63451e-10,1,0
0.00743091,0.3594,0.082398,0.78215,3.75325,48365.5,-1,1.59805e-09,1,0
0.00743115,0.359676,0.082404,0.782106,3.75067,48401.1,-1,2.40587e-10,1,0
0.00743156,0.360143,0.0824141,0.782031,3.7504,48461.3,-1,5.12759e-10,1,0
0.00743244,0.359635,0.0823304,0.781432,3.748,48387.2,-1,1.51712e-10,1,0
0.00743426,0.360203,0.0837583,0.782504,3.74639,48451.7,-1,2.8593e-10,1,0
0.00743525,0.360507,0.0838996,0.783419,3.74578,48486.2,-1,2.32204e-09,1,0
0.00743652,0.360522,0.0850711,0.783715,3.74378,48479.9,-1,1.24716e-09,1,0
0.00743832,0.358659,0.0847458,0.783861,3.74384,48217.7,-1,7.54718e-10,1,0
0.00743912,0.358277,0.0842306,0.78368,3.74168,48161.2,-1,5.37034e-10,1,0
0.00744145,0.355947,0.0829942,0.784114,3.74182,47832.9,-1,2.67355e-09,1,0
0.00744353,0.35488,0.0828693,0.784093,3.74089,47676.3,-1,2.16155e-10,1,0
0.00744408,0.355165,0.0827617,0.783861,3.74131,47711.1,-1,2.81064e-10,1,0
0.00744611,0.355678,0.0824439,0.785175,3.74186,47767,-1,5.8438e-10,1,0
0.00744739,0.356155,0.0821255,0.78492,3.74292,47822.8,-1,9.46713e-10,1,0
0.00744821,0.356159,0.0820257,0.785849,3.7443,47818.1,-1,1.44036e-09,1,0
0.0074487,0.356378,0.0823218,0.786249,3.74419,47844.4,-1,2.25403e-11,1,0
0.00745011,0.355988,0.0808596,0.786461,3.7425,47782.9,-1,2.437e-10,1,0
0.00745079,0.355801,0.0800971,0.786496,3.74249,47753.5,-1,2.437e-10,1,0
0.00745211,0.35582,0.0787088,0.785958,3.74282,47747.6,-1,9.54832e-10,1,0
0.00745391,0.355911,0.0768183,0.785116,3.74251,47748.2,-1,2.41982e-09,1,0
0.00745471,0.355951,0.0759823,0.784744,3.74231,47748.5,-1,1.90918e-09,1,0
0.0074556,0.355932,0.0755268,0.784268,3.74306,47740.2,-1,1.33452e-10,1,0
0.0074583,0.355264,0.0738764,0.781731,3.74467,47633.3,-1,3.73819e-09,1,0
0.00745943,0.354267,0.0740666,0.780939,3.74279,47492.5,-1,4.78503e-10,1,0
0.00746066,0.353099,0.0736404,0.780269,3.74273,47328.1,-1,4.78503e-10,1,0
0.00746094,0.352859,0.0736099,0.780084,3.74195,47294.2,-1,1.03877e-10,1,0
0.00746262,0.351672,0.0737355,0.77923,3.74415,47124.5,-1,2.39909e-10,1,0
0.00746386,0.3513,0.0734144,0.780085,3.74449,47066.8,-1,1.91589e-11,1,0
0.00746489,0.351125,0.0734027,0.779985,3.74324,47036.8,-1,3.47554e-10,1,0
0.00746618,0.350613,0.0724974,0.779347,3.74462,46960.1,-1,1.12869e-09,1,0
0.00746762,0.350476,0.0725159,0.779659,3.73778,46932.7,-1,6.04564e-10,1,0
0.00746936,0.350515,0.071086,0.77826,3.73917,46927,-1,1.76427e-09,1,0
0.00747079,0.350372,0.0703484,0.776825,3.73719,46898.9,-1,1.39203e-09,1,0
0.00747167,0.350157,0.0702262,0.776215,3.73529,46864.6,-1,4.64784e-10,1,0
0.00747212,0.349918,0.0703968,0.775855,3.73541,46829.8,-1,4.30961e-10,1,0
0.00747304,0.349145,0.0710594,0.776104,3.73639,46720.7,-1,1.13854e-09,1,0
0.00747449,0.347608,0.0706879,0.776637,3.73632,46505.9,-1,1.13854e-09,1,0
0.00747545,0.346603,0.0704449,0.776986,3.73627,46365.5,-1,1.13854e-09,1,0
0.00747614,0.345869,0.0702676,0.77724,3.73623,46263,-1,1.13854e-09,1,0
0.00747835,0.345556,0.0691357,0.777564,3.7349,46207.5,-1,5.99503e-11,1,0
0.00747897,0.345143,0.0689476,0.777578,3.73428,46148.4,-1,2.78959e-11,1,0
0.0074797,0.344313,0.068869,0.777654,3.73388,46033,-1,1.35974e-09,1,0
0.00748134,0.343036,0.0685255,0.777535,3.73308,45852.2,-1,3.85211e-10,1,0
0.00748344,0.343781,0.0680096,0.777337,3.73647,45938.9,-1,1.55168e-09,1,0
0.00748446,0.34426,0.0684574,0.776626,3.73602,45996.7,-1,1.08059e-09,1,0
0.0074848,0.344296,0.0686353,0.776385,3.73661,45999.3,-1,1.14649e-09,1,0
0.00748568,0.343712,0.0691298,0.775719,3.73532,45915.9,-1,1.195e-09,1,0
0.00748623,0.344038,0.0690517,0.775848,3.73558,45956.1,-1,1.16824e-10,1,0
0.00748757,0.344455,0.0678564,0.774966,3.7356,46003.5,-1,1.16824e-10,1,0
0.00748899,0.344893,0.0666005,0.77404,3.73667,46053.4,-1,3.327e-09,1,0
0.00748947,0.344663,0.0665181,0.773664,3.7376,46019.7,-1,4.92713e-10,1,0
0.00749072,0.345694,0.0663535,0.774202,3.73769,46149.7,-1,9.03577e-10,1,0
0.00749167,0.345986,0.0670519,0.77406,3.7399,46182.7,-1,4.92206e-10,1,0
0.00749292,0.345899,0.0679657,0.774442,3.7404,46163.4,-1,4.4135e-10,1,0
0.0074931,0.345882,0.0679277,0.77445,3.73753,46160,-1,1.04384e-10,1,0
0.00749429,0.345327,0.0671613,0.774068,3.73593,46078.7,-1,4.06004e-11,1,0
0.00749623,0.346057,0.0681281,0.774559,3.73629,46164.1,-1,1.8889e-09,1,0
0.00749787,0.34748,0.0684407,0.774335,3.73392,46343.9,-1,1.29251e-09,1,0
0.00749908,0.348194,0.0678394,0.774782,3.73371,46431.6,-1,2.80579e-10,1,0
0.00750006,0.348702,0.0670211,0.775224,3.73412,46493.2,-1,2.09712e-09,1,0
0.00750088,0.34894,0.0665406,0.774948,3.73532,46519.8,-1,1.95678e-10,1,0
0.00750363,0.349922,0.0671705,0.775796,3.73517,46633.6,-1,5.75883e-10,1,0
0.00750399,0.349968,0.0670651,0.776109,3.73347,46637.6,-1,2.13228e-10,1,0
0.0075049,0.349965,0.0674184,0.775523,3.73453,46631.5,-1,6.91906e-10,1,0
0.00750661,0.348543,0.0677543,0.774723,3.73375,46431.5,-1,6.09157e-10,1,0
0.00750787,0.349474,0.0684592,0.7747,3.73437,46547.7,-1,1.88472e-09,1,0
0.00750814,0.349585,0.068282,0.774797,3.735,46560.8,-1,1.33583e-09,1,0
0.00750931,0.350321,0.0676392,0.775181,3.73463,46651.5,-1,1.02717e-09,1,0
0.00751072,0.351909,0.0678055,0.775381,3.73471,46854.2,-1,1.02717e-09,1,0
0.00751089,0.352071,0.0678654,0.775313,3.73495,46874.7,-1,2.24439e-09,1,0
0.00751129,0.35238,0.068053,0.775035,3.73497,46913.3,-1,2.24439e-09,1,0
0.00751265,0.353432,0.0686925,0.774088,3.73502,47044.9,-1,2.24439e-09,1,0
0.00751402,0.354501,0.0693424,0.773125,3.73289,47178.6,-1,3.7141e-09,1,0
0.00751514,0.355199,0.068395,0.772625,3.73173,47264.5,-1,1.27906e-09,1,0
0.00751584,0.354778,0.0678436,0.772327,3.73046,47204.1,-1,1.23738e-10,1,0
0.00751718,0.354776,0.0679242,0.773481,3.73016,47195.4,-1,7.75099e-10,1,0
0.00751802,0.355496,0.0674478,0.773909,3.73006,47285.8,-1,9.63439e-10,1,0
0.00751863,0.355708,0.0676072,0.774329,3.7322,47310.2,-1,2.67085e-10,1,0
0.0075196,0.355719,0.0682389,0.775038,3.73149,47305.6,-1,1.38837e-09,1,0
0.00752024,0.355959,0.0679295,0.775096,3.7309,47333.5,-1,3.83916e-10,1,0
0.00752105,0.356188,0.0685129,0.774983,3.73112,47358.8,-1,6.59629e-10,1,0
0.00752162,0.35617,0.0691518,0.775001,3.72991,47352.8,-1,6.02078e-10,1,0
0.00752187,0.356211,0.0693051,0.774759,3.72988,47356.7,-1,2.89852e-10,1,0
0.00752439,0.357356,0.0677347,0.774238,3.73056,47493.1,-1,1.29257e-09,1,0
0.00752534,0.358054,0.0679921,0.773572,3.72973,47579.9,-1,4.39296e-11,1,0
0.00752664,0.357654,0.0686595,0.772521,3.72945,47518.4,-1,1.11734e-09,1,0
0.0075272,0.35764,0.0692661,0.772319,3.72945,47513,-1,1.11734e-09,1,0
0.00752778,0.357665,0.0698886,0.772096,3.72918,47512.6,-1,8.39979e-11,1,0
0.00752885,0.358356,0.0706908,0.771486,3.72792,47597.7,-1,1.11454e-09,1,0
0.00753016,0.358448,0.0705441,0.771219,3.72753,47601.7,-1,8.70773e-10,1,0
0.00753112,0.357384,0.0703521,0.77124,3.72752,47454.3,-1,7.13733e-10,1,0
0.0075315,0.35696,0.0702545,0.77124,3.7275,47395.7,-1,7.13733e-10,1,0
0.00753182,0.356843,0.0701908,0.77107,3.7237,47378,-1,2.22476e-10,1,0
0.00753371,0.356209,0.07051,0.773118,3.72367,47281.9,-1,2.22476e-10,1,0
0.00753494,0.355909,0.0702485,0.77395,3.72254,47234.5,-1,3.15751e-09,1,0
0.00753571,0.355889,0.0693953,0.773732,3.72423,47227,-1,1.30135e-09,1,0
0.00753675,0.355732,0.0702382,0.774178,3.7239,47199.6,-1,6.71076e-10,1,0
0.00753727,0.355311,0.0706348,0.774265,3.72388,47140.6,-1,6.71076e-10,1,0
0.00753778,0.355411,0.0705392,0.77471,3.72394,47150.6,-1,2.34771e-10,1,0
0.0075384,0.355467,0.0706392,0.775413,3.72309,47154.2,-1,1.02755e-09,1,0
0.00754045,0.355556,0.0701336,0.775704,3.72268,47153.1,-1,1.29253e-09,1,0
0.0075415,0.354876,0.0703982,0.776636,3.72365,47056.4,-1,3.9634e-10,1,0
0.00754188,0.35511,0.0705137,0.776485,3.72482,47085.1,-1,7.71006e-11,1,0
0.00754197,0.355182,0.0705665,0.776424,3.71969,47094.1,-1,4.64399e-10,1,0
0.00754324,0.355017,0.0692703,0.776288,3.71991,47064.2,-1,1.0442e-09,1,0
0.00754484,0.356171,0.0690608,0.775996,3.72345,47207.2,-1,2.72692e-10,1,0
0.00754623,0.357151,0.0690672,0.776555,3.71961,47328.4,-1,2.90614e-10,1,0
0.00754725,0.35712,0.0682744,0.776665,3.7194,47318,-1,1.5931e-09,1,0
0.00754893,0.35791,0.0680046,0.778194,3.72154,47412,-1,1.03515e-09,1,0
0.0075494,0.357694,0.0678988,0.778308,3.71883,47380.4,-1,1.96566e-09,1,0
0.00754995,0.357115,0.0678023,0.778394,3.7189,47300.3,-1,6.22546e-10,1,0
0.00755042,0.356735,0.0676901,0.778439,3.72062,47247.1,-1,7.20235e-10,1,0
0.00755112,0.356483,0.0676455,0.778197,3.72187,47209.2,-1,3.1689e-10,1,0
0.00755268,0.357335,0.0678899,0.776644,3.7208,47312.3,-1,1.78855e-09,1,0
0.00755437,0.357858,0.0670228,0.777295,3.71964,47371,-1,6.39825e-10,1,0
0.00755482,0.357762,0.0668772,0.776866,3.71852,47355.4,-1,4.76421e-10,1,0
0.0075572,0.357025,0.0661573,0.774345,3.71848,47243,-1,4.76421e-10,1,0
0.0075601,0.356432,0.0649685,0.7714,3.7199,47146.4,-1,8.95103e-10,1,0
0.00756142,0.357855,0.0652054,0.771875,3.719,47326.4,-1,1.51453e-09,1,0
0.00756214,0.357854,0.0657186,0.77139,3.71559,47321.9,-1,7.59995e-10,1,0
0.00756343,0.356947,0.0655321,0.771302,3.71381,47193.8,-1,4.23188e-10,1,0
0.00756377,0.356871,0.0654507,0.771467,3.7113,47181.7,-1,2.14244e-10,1,0
0.00756601,0.356314,0.0664734,0.771636,3.71571,47094.1,-1,1.2389e-09,1,0
0.00756712,0.356712,0.0676808,0.771663,3.71612,47139.7,-1,1.27133e-09,1,0
0.00756802,0.357402,0.067758,0.772416,3.71526,47225.4,-1,1.02434e-09,1,0
0.00756898,0.356596,0.0672946,0.772188,3.71638,47112.8,-1,3.46353e-10,1,0
0.00756933,0.356459,0.0676533,0.772091,3.71705,47092.5,-1,6.39767e-14,1,0
0.00756978,0.356532,0.067919,0.771736,3.71738,47099.3,-1,3.8833e-10,1,0
0.00757049,0.356389,0.0674274,0.771105,3.71737,47076.1,-1,3.8833e-10,1,0
0.00757151,0.356119,0.0671364,0.770356,3.71817,47034.1,-1,7.86447e-10,1,0
0.00757267,0.3573,0.0676955,0.770089,3.71919,47182.8,-1,1.55598e-09,1,0
0.00757317,0.357485,0.0677681,0.770512,3.71886,47204.2,-1,2.04e-10,1,0
0.00757491,0.358057,0.0668478,0.771669,3.71891,47268.8,-1,1.29255e-09,1,0
0.00757614,0.358029,0.065496,0.772044,3.71891,47257.5,-1,1.29255e-09,1,0
0.00757726,0.358004,0.0642568,0.772388,3.7196,47247.1,-1,2.68948e-09,1,0
0.00757846,0.359134,0.0639935,0.773,3.72059,47388.8,-1,7.15527e-11,1,0
0.00757945,0.359745,0.0643261,0.773901,3.72127,47463.2,-1,1.31484e-09,1,0
0.00758095,0.360784,0.0637746,0.774268,3.72243,47590.9,-1,1.8039e-09,1,0
0.00758183,0.361449,0.0630333,0.774095,3.72246,47673,-1,1.8039e-09,1,0
0.00758265,0.361863,0.0622471,0.77422,3.72182,47722.5,-1,2.35469e-09,1,0
0.007584,0.362535,0.0612233,0.774543,3.721,47802.5,-1,2.7517e-10,1,0
0.00758421,0.362735,0.0611244,0.774475,3.71919,47827.7,-1,2.33864e-10,1,0
0.00758592,0.362676,0.0616374,0.773318,3.71956,47809.2,-1,1.36699e-09,1,0
0.00758781,0.36124,0.0613363,0.771881,3.71899,47608,-1,2.69205e-10,1,0
0.00758887,0.361373,0.0608454,0.771589,3.71741,47618.8,-1,3.02867e-11,1,0
0.00758969,0.361429,0.0610324,0.771883,3.71859,47621,-1,1.05665e-09,1,0
0.00759043,0.361618,0.0617672,0.772168,3.71877,47641.3,-1,7.22688e-10,1,0
0.00759204,0.360838,0.0620419,0.77368,3.72059,47528.4,-1,1.69396e-09,1,0
0.00759258,0.360593,0.0614884,0.773818,3.71851,47492.8,-1,7.74843e-10,1,0
0.00759315,0.361002,0.0615339,0.774314,3.71456,47543.1,-1,8.37722e-11,1,0
0.00759406,0.36084,0.0605141,0.774441,3.71456,47516.1,-1,8.37722e-11,1,0
0.00759553,0.361858,0.060796,0.774233,3.71614,47640.9,-1,1.43141e-09,1,0
0.00759718,0.362934,0.0617735,0.773481,3.71522,47772.2,-1,4.2424e-10,1,0
0.00759902,0.364344,0.0622447,0.772641,3.71507,47946.1,-1,1.37628e-09,1,0
0.00759936,0.364614,0.0619876,0.772742,3.71488,47979.6,-1,3.86637e-10,1,0
0.00759991,0.36503,0.0615505,0.772674,3.71324,48030.9,-1,1.02859e-11,1,0
0.00760131,0.365608,0.0615159,0.771331,3.71257,48098,-1,2.95654e-10,1,0
0.0076021,0.365634,0.0609902,0.77077,3.71159,48096.5,-1,7.9798e-10,1,0
0.00760373,0.366926,0.0607212,0.770948,3.70836,48256,-1,5.06099e-10,1,0
0.00760517,0.368561,0.0609175,0.770798,3.70913,48461.9,-1,1.65386e-09,1,0
0.00760611,0.368927,0.0607333,0.770553,3.70821,48503.9,-1,5.08952e-10,1,0
0.00760694,0.369453,0.0612389,0.769978,3.71122,48567.9,-1,1.36454e-09,1,0
0.00760788,0.369865,0.0617062,0.770846,3.71125,48616,-1,1.36454e-09,1,0
0.00760855,0.370159,0.0620405,0.771467,3.70899,48650.4,-1,1.84916e-09,1,0
0.00760981,0.369769,0.0609331,0.771993,3.71207,48591.1,-1,1.44265e-10,1,0
0.0076102,0.369672,0.0607056,0.772,3.71538,48575.9,-1,1.62466e-09,1,0
0.00761099,0.369556,0.0614982,0.771746,3.71457,48555.6,-1,6.54057e-10,1,0
0.00761135,0.36965,0.0618335,0.77168,3.71453,48565.6,-1,1.58171e-10,1,0
0.00761219,0.37061,0.0618635,0.771631,3.71302,48686.3,-1,9.60994e-10,1,0
0.00761292,0.370179,0.0612447,0.771978,3.71299,48625.1,-1,9.60994e-10,1,0
0.00761461,0.369273,0.0602124,0.772719,3.71281,48495.3,-1,2.52863e-09,1,0
0.00761619,0.369162,0.0602433,0.771664,3.71233,48470.7,-1,7.99827e-10,1,0
0.0076171,0.369217,0.0594737,0.771369,3.71022,48472.1,-1,5.98885e-10,1,0
0.00761892,0.369043,0.0607087,0.769967,3.70957,48437.7,-1,7.87179e-10,1,0
0.00762046,0.369529,0.0613225,0.768411,3.70892,48491.7,-1,1.06491e-09,1,0
0.00762189,0.368303,0.0618502,0.767508,3.70609,48321.8,-1,1.60071e-09,1,0
0.00762261,0.368738,0.0624032,0.767182,3.70664,48374.3,-1,9.54056e-11,1,0
0.00762349,0.369203,0.0628159,0.767433,3.70756,48429.7,-1,1.26424e-09,1,0
0.00762422,0.369158,0.0628392,0.768028,3.70678,48419.1,-1,2.84766e-10,1,0
0.00762458,0.36902,0.062885,0.767885,3.7055,48398.7,-1,1.43939e-10,1,0
0.00762523,0.369233,0.062528,0.768499,3.70551,48422.5,-1,1.43939e-10,1,0
0.00762703,0.369188,0.0638083,0.76772,3.70447,48405.2,-1,1.0368e-09,1,0
0.0076278,0.36932,0.0644305,0.767793,3.70343,48417.6,-1,2.18861e-09,1,0
0.00762895,0.369832,0.0647706,0.768467,3.7012,48477.5,-1,1.01854e-10,1,0
0.00763027,0.370463,0.0635615,0.768382,3.69909,48551.8,-1,2.82376e-10,1,0
0.00763121,0.370677,0.0636789,0.769169,3.69963,48573.8,-1,9.36242e-10,1,0
0.00763146,0.370867,0.0637116,0.769016,3.69892,48597.1,-1,2.53951e-10,1,0
0.00763275,0.372285,0.0637564,0.768619,3.70154,48774.7,-1,1.73909e-10,1,0
0.00763356,0.372532,0.0640361,0.767967,3.69809,48801.8,-1,8.00272e-10,1,0
0.00763456,0.372619,0.0639443,0.767279,3.69543,48806.9,-1,7.46006e-10,1,0
0.00763612,0.373445,0.0634937,0.767625,3.69736,48905.1,-1,1.68918e-09,1,0
0.00763657,0.373165,0.06375,0.767973,3.69669,48865.5,-1,1.00144e-09,1,0
0.00763763,0.373853,0.0640926,0.767993,3.69494,48948.9,-1,9.79595e-10,1,0
0.00763909,0.372439,0.0635997,0.768341,3.69532,48754.4,-1,1.57642e-09,1,0
0.00763992,0.371992,0.0627826,0.76818,3.69586,48690.6,-1,3.04428e-10,1,0
0.00764034,0.371716,0.0625163,0.76821,3.69407,48651.8,-1,3.41023e-10,1,0
0.00764198,0.372366,0.0629169,0.769909,3.69391,48726.4,-1,1.86282e-09,1,0
0.00764361,0.3729,0.0624786,0.769235,3.68992,48785.8,-1,7.28712e-10,1,0
0.00764492,0.373416,0.0635093,0.769143,3.68983,48845,-1,4.22397e-10,1,0
0.00764503,0.373443,0.063599,0.76919,3.68827,48847.8,-1,2.31595e-11,1,0
0.00764578,0.373187,0.0632589,0.769624,3.68646,48809.6,-1,5.00923e-10,1,0
0.00764693,0.372344,0.0633886,0.77055,3.68747,48691.9,-1,9.37773e-10,1,0
0.00764782,0.37189,0.0633915,0.770589,3.68397,48626.9,-1,4.6988e-10,1,0
0.00764905,0.371256,0.0645757,0.770187,3.68366,48536.2,-1,1.86202e-09,1,0
0.00764944,0.371359,0.064575,0.770616,3.68366,48547.2,-1,1.86202e-09,1,0
0.00765024,0.371519,0.0650385,0.771269,3.68345,48563,-1,3.7678e-10,1,0
0.00765151,0.371523,0.0662233,0.77211,3.68293,48555.6,-1,1.64915e-09,1,0
0.00765225,0.371081,0.066069,0.771772,3.68027,48493,-1,6.85297e-10,1,0
0.00765262,0.371334,0.0659111,0.771499,3.68051,48523.8,-1,2.91929e-10,1,0
0.00765316,0.37093,0.0661896,0.771112,3.67929,48467.6,-1,4.64779e-10,1,0
0.00765437,0.370041,0.0667153,0.771051,3.68024,48343.8,-1,9.26265e-10,1,0
0.00765613,0.36872,0.067332,0.77244,3.68017,48160.1,-1,9.26265e-10,1,0
0.00765688,0.368126,0.0672176,0.772488,3.68079,48077.8,-1,4.66846e-10,1,0
0.00765805,0.366912,0.0669111,0.772944,3.67973,47912,-1,1.33296e-09,1,0
0.00766007,0.367766,0.0675702,0.771521,3.68071,48010.7,-1,1.83902e-09,1,0
0.0076605,0.367493,0.0675085,0.771457,3.68028,47972.4,-1,3.18011e-10,1,0
0.00766133,0.366596,0.0677837,0.77134,3.68024,47850.2,-1,3.18011e-10,1,0
0.00766299,0.364806,0.0683382,0.771101,3.68252,47606.2,-1,7.93126e-12,1,0
0.00766482,0.363638,0.0679069,0.772763,3.68242,47442.5,-1,1.2926e-09,1,0
0.00766532,0.363457,0.0679006,0.773154,3.68012,47415.8,-1,1.05995e-10,1,0
0.00766625,0.363014,0.0679661,0.772196,3.68047,47352.2,-1,1.0585e-09,1,0
0.00766768,0.361889,0.0671693,0.772892,3.67973,47196.6,-1,1.45702e-09,1,0
0.00766804,0.361784,0.0672173,0.773178,3.67705,47180.8,-1,1.02001e-10,1,0
0.00766839,0.362104,0.0672087,0.773399,3.67755,47220.4,-1,2.16413e-10,1,0
0.00767022,0.361968,0.067665,0.772969,3.67851,47191.4,-1,7.69928e-10,1,0
0.0076714,0.361275,0.0676516,0.772479,3.67946,47093.8,-1,2.07149e-09,1,0
0.0076732,0.360585,0.0677938,0.772523,3.67863,46992.7,-1,8.41797e-10,1,0
0.00767353,0.360483,0.067851,0.772882,3.67845,46977.4,-1,3.77484e-10,1,0
0.00767428,0.360278,0.0680946,0.772798,3.67713,46946.2,-1,5.32522e-10,1,0
0.00767515,0.360644,0.067879,0.772745,3.67144,46988.6,-1,4.87712e-10,1,0
0.00767638,0.360266,0.0685613,0.772938,3.67337,46931.8,-1,5.82968e-10,1,0
0.00767772,0.360201,0.0682367,0.771848,3.67207,46915.1,-1,5.49344e-10,1,0
0.0076782,0.360049,0.0679731,0.772285,3.67127,46892.4,-1,4.87011e-10,1,0
0.00767941,0.360386,0.0672676,0.773428,3.67128,46928.8,-1,4.87011e-10,1,0
0.00768043,0.360666,0.0666806,0.774379,3.6714,46959.1,-1,2.59122e-09,1,0
0.00768122,0.360293,0.0659494,0.774746,3.67272,46905.6,-1,8.99278e-10,1,0
0.00768241,0.360208,0.0663094,0.775736,3.67004,46887.4,-1,5.4598e-10,1,0
0.00768258,0.360158,0.0661846,0.775592,3.66852,46879.8,-1,1.97225e-10,1,0
0.00768295,0.360106,0.0664454,0.775264,3.66849,46870.8,-1,4.22733e-10,1,0
0.00768428,0.359767,0.0672525,0.77472,3.66652,46818.6,-1,3.98461e-10,1,0
0.00768504,0.359599,0.0677446,0.774038,3.66651,46792.1,-1,3.98461e-10,1,0
0.00768545,0.359565,0.0678736,0.77365,3.66605,46785.1,-1,1.4264e-10,1,0
0.0076858,0.359497,0.0677766,0.774025,3.66548,46774.2,-1,3.93069e-10,1,0
0.00768618,0.359424,0.0676705,0.774435,3.6651,46762.3,-1,4.30471e-10,1,0
0.00768669,0.359315,0.0676709,0.774332,3.66468,46745.1,-1,2.21023e-10,1,0
0.00768681,0.359371,0.0676645,0.77445,3.66659,46751.6,-1,1.07989e-10,1,0
0.00768792,0.358533,0.0671772,0.775251,3.66655,46635.9,-1,1.07989e-10,1,0
0.0076894,0.357809,0.0664468,0.776017,3.6662,46532.8,-1,2.63727e-09,1,0
0.00769092,0.358638,0.0652046,0.775376,3.6661,46631.4,-1,1.62645e-09,1,0
0.00769234,0.359871,0.0657787,0.775673,3.66315,46783.1,-1,1.29217e-09,1,0
0.00769458,0.360045,0.0677398,0.775476,3.66896,46792,-1,1.4171e-10,1,0
0.00769603,0.360462,0.0666546,0.774587,3.6695,46837.4,-1,2.37101e-12,1,0
0.00769644,0.360615,0.0663989,0.774236,3.66951,46854.8,-1,2.37101e-12,1,0
0.00769743,0.361142,0.0657636,0.773738,3.66847,46917.3,-1,2.50267e-09,1,0
0.0076988,0.362168,0.0649654,0.773819,3.66887,47042.1,-1,2.88649e-10,1,0
0.00770014,0.362226,0.0637686,0.77476,3.66709,47041.5,-1,2.08548e-13,1,0
0.00770105,0.362225,0.0631308,0.774918,3.66832,47035.8,-1,7.71184e-10,1,0
0.00770225,0.362214,0.0642593,0.775361,3.66755,47027.1,-1,4.41353e-10,1,0
0.00770377,0.361017,0.0645104,0.774731,3.66641,46862.4,-1,6.34356e-10,1,0
0.00770438,0.361023,0.064651,0.774924,3.66894,46859.4,-1,4.21367e-10,1,0
0.00770489,0.360557,0.0646069,0.774597,3.66891,46795.8,-1,4.21367e-10,1,0
0.00770566,0.360329,0.0645925,0.773753,3.66963,46761.6,-1,6.08564e-10,1,0
0.00770755,0.359844,0.0658817,0.773358,3.66987,46687.2,-1,1.61131e-09,1,0
0.00770878,0.360573,0.0651738,0.772882,3.66691,46774.3,-1,1.24868e-09,1,0
0.00770974,0.360004,0.0651584,0.772753,3.6668,46694.7,-1,5.59709e-10,1,0
0.00771209,0.358545,0.0633368,0.773135,3.66557,46491.2,-1,1.40128e-09,1,0
0.00771298,0.358382,0.062348,0.77328,3.66694,46464.7,-1,2.27589e-09,1,0
0.00771405,0.357642,0.061917,0.772418,3.66658,46362.4,-1,1.21455e-09,1,0
0.00771583,0.35892,0.0618016,0.770849,3.6659,46517.4,-1,2.02771e-09,1,0
0.00771667,0.359382,0.0610581,0.771206,3.66606,46572.2,-1,9.45375e-10,1,0
0.00771775,0.360134,0.0610254,0.771875,3.66841,46663,-1,8.00642e-10,1,0
0.00771877,0.361281,0.0609261,0.771914,3.66881,46805.6,-1,1.15245e-09,1,0
0.0077197,0.362261,0.0611275,0.772273,3.66837,46926.8,-1,1.06273e-09,1,0
0.00772121,0.36105,0.0618688,0.771433,3.66788,46760.8,-1,7.13557e-11,1,0
0.00772191,0.360477,0.0622097,0.771,3.66785,46682.3,-1,7.13557e-11,1,0
0.00772224,0.36029,0.0623791,0.770731,3.66715,46656.2,-1,2.55361e-09,1,0
0.00772326,0.359834,0.0629286,0.769852,3.66778,46590.9,-1,1.38214e-09,1,0
0.00772381,0.359573,0.0634027,0.770158,3.66691,46553.9,-1,6.61527e-10,1,0
0.00772465,0.360087,0.0629175,0.769517,3.66694,46615.4,-1,6.61527e-10,1,0
0.00772581,0.360796,0.0622494,0.768635,3.66697,46700.1,-1,6.61527e-10,1,0
0.00772686,0.361441,0.0616402,0.767831,3.66701,46777.3,-1,6.61527e-10,1,0
0.00772744,0.361795,0.0613067,0.767391,3.66418,46819.5,-1,6.01701e-10,1,0
0.00772875,0.360898,0.0616896,0.768446,3.66428,46695.5,-1,1.24231e-09,1,0
0.00773013,0.360122,0.061679,0.768936,3.66463,46586.8,-1,5.38699e-11,1,0
0.00773145,0.360421,0.0615899,0.769293,3.66607,46617.6,-1,4.65768e-10,1,0
0.00773324,0.360189,0.0613326,0.768853,3.66353,46576.7,-1,9.54883e-10,1,0
0.00773416,0.36111,0.0614271,0.768365,3.66326,46690.2,-1,1.83859e-09,1,0
0.00773493,0.361395,0.0609194,0.767896,3.6647,46722.5,-1,7.99488e-10,1,0
0.00773627,0.360409,0.0603036,0.767557,3.66284,46586.9,-1,1.06599e-09,1,0
0.00773669,0.360051,0.0603495,0.767554,3.66178,46538.1,-1,1.10064e-10,1,0
0.00773785,0.359528,0.0592119,0.767146,3.66221,46463.5,-1,1.31667e-09,1,0
0.00773893,0.359611,0.0585756,0.767038,3.65945,46467.8,-1,1.92107e-10,1,0
0.00773941,0.359799,0.0582364,0.76679,3.65531,46489.3,-1,2.00218e-10,1,0
0.0077404,0.35903,0.0575276,0.766452,3.6551,46383.9,-1,7.10272e-10,1,0
0.00774206,0.357397,0.0567355,0.765946,3.65502,46163.1,-1,7.10272e-10,1,0
0.00774309,0.356385,0.0562444,0.765632,3.6556,46026.2,-1,3.46717e-09,1,0
0.00774514,0.357035,0.0554884,0.763524,3.65563,46097.9,-1,3.46717e-09,1,0
0.00774571,0.357233,0.0551996,0.76335,3.65683,46120.2,-1,2.55344e-10,1,0
0.00774669,0.356655,0.0552423,0.762956,3.65513,46039.6,-1,7.00264e-10,1,0
0.00774837,0.356356,0.0543836,0.76334,3.65499,45991,-1,1.29227e-09,1,0
0.00774903,0.356684,0.0542129,0.762694,3.65501,46029.5,-1,1.29227e-09,1,0
0.00774982,0.357251,0.0543655,0.762741,3.65773,46097.9,-1,2.72554e-10,1,0
0.00775087,0.357936,0.0542211,0.7637,3.65777,46180.1,-1,2.72554e-10,1,0
0.00775189,0.358732,0.0539216,0.764322,3.65655,46276.7,-1,4.29458e-10,1,0
0.00775312,0.359443,0.0540104,0.763124,3.65658,46361.1,-1,4.29458e-10,1,0
0.00775364,0.358981,0.0540292,0.763031,3.65629,46298.4,-1,1.36368e-10,1,0
0.00775507,0.359618,0.054781,0.762772,3.65735,46372,-1,8.68463e-10,1,0
0.00775649,0.360853,0.055551,0.763338,3.65633,46522.7,-1,5.41554e-10,1,0
0.00775656,0.360906,0.0555358,0.763339,3.65914,46529.1,-1,1.57049e-09,1,0
0.00775807,0.361403,0.0541894,0.762925,3.65866,46584.1,-1,1.55625e-09,1,0
0.00775856,0.361015,0.0539021,0.763163,3.65856,46531.2,-1,4.46651e-10,1,0
0.00775961,0.361389,0.0546517,0.762411,3.66065,46573,-1,3.43783e-10,1,0
0.00776012,0.361624,0.0550466,0.762163,3.65899,46600.3,-1,1.37752e-10,1,0
0.00776202,0.362331,0.0564247,0.762757,3.65921,46680,-1,9.16872e-10,1,0
0.00776304,0.362378,0.0575786,0.762842,3.65913,46679.8,-1,1.15795e-09,1,0
0.00776521,0.360413,0.0568378,0.761677,3.65909,46413.8,-1,1.72146e-09,1,0
0.00776629,0.359496,0.056196,0.761853,3.65738,46289.2,-1,6.35175e-10,1,0
0.00776694,0.359954,0.0560738,0.762418,3.6574,46344.4,-1,6.35175e-10,1,0
0.00776813,0.360795,0.05585,0.763452,3.65619,46445.5,-1,1.14866e-09,1,0
0.0077685,0.360478,0.0556002,0.76358,3.65617,46402.6,-1,1.14866e-09,1,0
0.00776871,0.3603,0.0554594,0.763652,3.65616,46378.3,-1,1.14866e-09,1,0
0.00776927,0.360567,0.0557116,0.763529,3.65582,46409.4,-1,5.07497e-10,1,0
0.0077707,0.359677,0.0554732,0.762879,3.65822,46286.3,-1,4.90201e-10,1,0
0.00777142,0.360376,0.0551602,0.763173,3.65835,46372,-1,3.12767e-12,1,0
0.00777185,0.360785,0.0552775,0.76294,3.65837,46422,-1,3.12767e-12,1,0
0.00777292,0.361805,0.0555707,0.762358,3.65842,46546.9,-1,3.12767e-12,1,0
0.00777414,0.362974,0.0559063,0.761693,3.65848,46689.9,-1,3.12767e-12,1,0
0.00777567,0.364516,0.0564504,0.761269,3.65938,46879.1,-1,8.99613e-10,1,0
0.00777627,0.364669,0.0558934,0.760913,3.66094,46895.1,-1,6.78141e-10,1,0
0.00777743,0.36587,0.0559101,0.760371,3.661,47042.5,-1,6.78141e-10,1,0
0.00777761,0.366048,0.0559107,0.7603,3.66372,47064.3,-1,7.8727e-12,1,0
0.00777926,0.367182,0.0573039,0.760831,3.66377,47200.2,-1,7.8727e-12,1,0
0.00778062,0.368116,0.0584499,0.761268,3.6622,47311.9,-1,2.55036e-09,1,0
0.00778245,0.368867,0.0600667,0.761178,3.66526,47397.2,-1,8.03978e-10,1,0
0.00778416,0.367542,0.0605413,0.761309,3.66712,47216.7,-1,4.52912e-10,1,0
0.00778565,0.367286,0.0615896,0.761679,3.66746,47174.6,-1,2.43587e-09,1,0
0.00778686,0.368208,0.0625906,0.761847,3.66751,47285.8,-1,2.43587e-09,1,0
0.0077874,0.368618,0.0630358,0.761923,3.66778,47335.2,-1,2.72962e-09,1,0
0.00778781,0.368537,0.0634126,0.761667,3.66778,47322.3,-1,2.72962e-09,1,0
0.00778986,0.367443,0.0634272,0.76178,3.66782,47169.4,-1,1.36694e-09,1,0
0.0077915,0.368564,0.0624025,0.760699,3.66823,47303.4,-1,1.86434e-09,1,0
0.00779273,0.369045,0.0617243,0.761569,3.66895,47357.6,-1,1.29113e-09,1,0
0.00779435,0.36922,0.0628349,0.761146,3.66774,47370.3,-1,1.18095e-09,1,0
0.00779515,0.369147,0.0629057,0.761756,3.6687,47356,-1,4.34719e-10,1,0
0.0077971,0.37004,0.0628444,0.762448,3.66735,47458.7,-1,8.3998e-10,1,0
0.00779867,0.368456,0.0635016,0.762501,3.66649,47246.1,-1,7.44812e-10,1,0
0.00779995,0.36728,0.062831,0.76268,3.66528,47087.4,-1,2.97177e-10,1,0
0.00780068,0.36783,0.0627707,0.762248,3.66472,47153.6,-1,3.55045e-10,1,0
0.00780164,0.368,0.061718,0.76202,3.66471,47169.5,-1,1.09036e-09,1,0
0.00780277,0.368385,0.0605996,0.761539,3.66434,47212.1,-1,9.3506e-10,1,0
0.0078041,0.368037,0.0603295,0.762426,3.66498,47159.5,-1,7.24464e-10,1,0
0.00780547,0.367434,0.0606298,0.763706,3.66471,47074,-1,2.62154e-10,1,0
0.00780589,0.367202,0.0605007,0.763665,3.66533,47041.7,-1,4.70943e-11,1,0
0.00780834,0.365809,0.0622537,0.764126,3.66762,46848.4,-1,1.66072e-09,1,0
0.00780949,0.365407,0.063346,0.763546,3.6676,46790.1,-1,1.66072e-09,1,0
0.00781063,0.365006,0.0644368,0.762968,3.66687,46731.9,-1,1.71187e-09,1,0
0.00781121,0.364801,0.0649935,0.762672,3.66561,46702.2,-1,6.29451e-10,1,0
0.00781171,0.364666,0.0651111,0.762655,3.66428,46682,-1,8.12717e-11,1,0
0.00781396,0.363909,0.0658012,0.763707,3.66613,46571.7,-1,5.8861e-10,1,0
0.00781426,0.364135,0.0660378,0.763631,3.66644,46598.8,-1,3.30484e-10,1,0
0.00781504,0.364398,0.0664478,0.764358,3.66615,46627.7,-1,2.00831e-10,1,0
0.0078166,0.365402,0.0663699,0.765411,3.66645,46746.9,-1,1.09819e-10,1,0
0.00781751,0.3663,0.0666582,0.765727,3.66623,46856.3,-1,5.31247e-11,1,0
0.00781829,0.36708,0.0669969,0.765967,3.66696,46951.5,-1,1.71456e-09,1,0
0.00781879,0.367594,0.0668862,0.76574,3.66759,47014.1,-1,5.71812e-10,1,0
0.00781958,0.367539,0.0668683,0.765158,3.66765,47002.4,-1,6.39938e-10,1,0
0.00782009,0.367175,0.0665689,0.764838,3.66869,46952.8,-1,5.12143e-10,1,0
0.0078207,0.366686,0.0666868,0.765249,3.66879,46886.6,-1,5.5463e-10,1,0
0.00782136,0.367175,0.0669197,0.765009,3.66888,46945.2,-1,5.96481e-10,1,0
0.0078232,0.368306,0.0683119,0.766081,3.66869,47078.8,-1,2.08936e-09,1,0
0.00782382,0.368516,0.0689791,0.766187,3.66783,47101.8,-1,7.0738e-10,1,0
0.00782498,0.368327,0.0697208,0.765294,3.66882,47070.7,-1,9.6407e-11,1,0
0.00782604,0.368145,0.0701766,0.766393,3.6692,47041.1,-1,8.34941e-10,1,0
0.00782697,0.367806,0.0704811,0.767231,3.66995,46992.2,-1,2.2591e-10,1,0
0.0078288,0.36669,0.0703965,0.765736,3.67037,46838.6,-1,1.28285e-09,1,0
0.00782978,0.366513,0.0698708,0.764843,3.67016,46810.1,-1,9.92309e-10,1,0
0.00783016,0.366734,0.0695118,0.76473,3.67017,46836.1,-1,9.92309e-10,1,0
0.00783121,0.367301,0.0686705,0.764502,3.66931,46902.2,-1,7.99483e-11,1,0
0.00783225,0.367174,0.0697931,0.764217,3.67025,46879.8,-1,1.06037e-09,1,0
0.00783324,0.367613,0.0693248,0.763291,3.66938,46929.8,-1,1.12654e-09,1,0
0.00783336,0.367657,0.0693423,0.763405,3.6677,46934.8,-1,8.34408e-11,1,0
0.00783384,0.368048,0.0691541,0.763064,3.66772,46981.8,-1,8.34408e-11,1,0
0.00783562,0.369474,0.0684671,0.761819,3.66779,47153.2,-1,8.34408e-11,1,0
0.00783614,0.369601,0.0683338,0.761939,3.66787,47166.2,-1,3.11232e-10,1,0
0.00783649,0.36936,0.0682368,0.762072,3.66831,47133.3,-1,2.43496e-10,1,0
0.00783691,0.369329,0.068216,0.762279,3.66779,47126.9,-1,1.88239e-10,1,0
0.00783795,0.369211,0.0688214,0.761415,3.66929,47105.5,-1,8.50177e-10,1,0
0.0078385,0.368978,0.0693911,0.761309,3.66928,47072.5,-1,8.50177e-10,1,0
0.0078394,0.368951,0.0697946,0.761112,3.67044,47063.6,-1,4.14035e-10,1,0
0.00784036,0.368666,0.0687358,0.761081,3.66898,47021.6,-1,1.36319e-09,1,0
0.00784076,0.369112,0.0687636,0.76116,3.66863,47076,-1,4.53387e-10,1,0
0.00784221,0.370595,0.0693409,0.760732,3.66932,47256.5,-1,1.64886e-09,1,0
0.00784306,0.370593,0.0685352,0.761257,3.6669,47251.1,-1,9.62154e-10,1,0
0.00784486,0.369197,0.0685364,0.760598,3.66647,47062.3,-1,1.72753e-09,1,0
0.00784552,0.369654,0.0684261,0.761016,3.66526,47116.5,-1,1.51938e-10,1,0
0.00784589,0.369937,0.0684551,0.761283,3.66469,47150.4,-1,9.69577e-10,1,0
0.0078473,0.369553,0.0688033,0.762799,3.66285,47093,-1,1.64451e-09,1,0
0.00784805,0.369118,0.0689153,0.762155,3.66344,47033.1,-1,7.81978e-10,1,0
0.00784878,0.369783,0.0688702,0.761653,3.66342,47113.4,-1,5.93503e-10,1,0
0.00784898,0.36982,0.0688321,0.761439,3.6638,47116.9,-1,1.96023e-10,1,0
0.00785109,0.368779,0.0677008,0.759604,3.66311,46971.6,-1,2.41802e-09,1,0
0.00785165,0.368619,0.0677089,0.760211,3.6631,46947.9,-1,2.41802e-09,1,0
0.00785334,0.368128,0.0677338,0.762069,3.66176,46875.4,-1,2.54923e-09,1,0
0.00785426,0.368122,0.0669797,0.761657,3.66226,46869,-1,9.48678e-10,1,0
0.00785453,0.368084,0.0672292,0.761822,3.66131,46862.6,-1,2.62395e-10,1,0
0.00785552,0.367867,0.0672309,0.762491,3.66448,46829,-1,3.06931e-10,1,0
0.00785673,0.367447,0.06593,0.762608,3.66446,46768.5,-1,3.06931e-10,1,0
0.00785711,0.367309,0.0656331,0.762635,3.66443,46748.7,-1,6.05462e-11,1,0
0.00785881,0.366963,0.0647459,0.763122,3.66347,46694.5,-1,1.3563e-09,1,0
0.00786079,0.365209,0.0656716,0.762062,3.66339,46459.5,-1,1.3563e-09,1,0
0.00786282,0.365291,0.0664361,0.760259,3.65856,46458,-1,1.69376e-09,1,0
0.00786366,0.365478,0.0669816,0.759856,3.65868,46476.8,-1,3.88598e-10,1,0
0.00786462,0.36616,0.0670304,0.760587,3.65975,46557.9,-1,4.96837e-11,1,0
0.00786619,0.365968,0.0678219,0.760511,3.66003,46524.2,-1,1.11753e-09,1,0
0.00786732,0.365146,0.0682785,0.76067,3.66005,46413,-1,2.18298e-10,1,0
0.00786852,0.36489,0.0690237,0.761593,3.65914,46373.4,-1,9.80261e-11,1,0
0.00786902,0.36456,0.0692084,0.761349,3.65806,46328.5,-1,1.37161e-09,1,0
0.00787071,0.363505,0.0690937,0.760051,3.65993,46184.6,-1,2.63685e-10,1,0
0.00787178,0.363109,0.0687766,0.760681,3.66063,46128,-1,1.57763e-10,1,0
0.00787246,0.362837,0.0692475,0.761233,3.65943,46089.4,-1,1.11816e-09,1,0
0.00787284,0.36253,0.0690907,0.76138,3.65844,46048.2,-1,4.55654e-11,1,0
0.0078734,0.362861,0.069486,0.761088,3.65633,46087,-1,7.64751e-12,1,0
0.00787406,0.362554,0.0692536,0.76122,3.6572,46044.1,-1,3.31479e-10,1,0
0.0078745,0.362704,0.0696827,0.761266,3.65724,46060.6,-1,3.76944e-10,1,0
0.00787681,0.363272,0.0679986,0.75934,3.65727,46119.2,-1,3.76944e-10,1,0
0.00787731,0.362897,0.0676226,0.759151,3.6533,46068.7,-1,5.61866e-10,1,0
0.00787827,0.363782,0.0678704,0.758808,3.65313,46175.4,-1,6.8266e-10,1,0
0.00787901,0.36378,0.0672034,0.758491,3.65492,46170.9,-1,5.76886e-10,1,0
0.00788002,0.364674,0.067135,0.758562,3.65424,46278.4,-1,9.44798e-10,1,0
0.00788049,0.365025,0.0669329,0.758913,3.65449,46320.1,-1,3.52874e-10,1,0
0.00788172,0.365596,0.0673448,0.759813,3.65534,46385.3,-1,7.359e-10,1,0
0.00788433,0.366323,0.0695116,0.761693,3.65537,46462.1,-1,7.359e-10,1,0
0.0078851,0.366538,0.0701526,0.762249,3.65776,46484.8,-1,4.68228e-09,1,0
0.00788677,0.365137,0.0695575,0.761194,3.65721,46297.4,-1,1.86252e-09,1,0
0.00788793,0.365518,0.0687609,0.760311,3.65705,46339,-1,2.34584e-10,1,0
0.00788892,0.365734,0.068039,0.759466,3.65711,46360.4,-1,2.2358e-09,1,0
0.00788961,0.365635,0.0677671,0.759787,3.65531,46343.9,-1,4.26327e-10,1,0
0.00789009,0.365945,0.0681711,0.759587,3.65529,46380.4,-1,5.47166e-10,1,0
0.00789144,0.366415,0.0696305,0.759668,3.65532,46432,-1,5.47166e-10,1,0
0.00789285,0.365263,0.0703923,0.759815,3.65614,46277.7,-1,1.79247e-09,1,0
0.00789555,0.366441,0.0687385,0.760239,3.65544,46411.1,-1,1.87684e-09,1,0
0.0078973,0.367749,0.0672816,0.760529,3.65619,46566.4,-1,3.75192e-10,1,0
0.0078978,0.367413,0.067064,0.760603,3.65459,46520.9,-1,4.71255e-10,1,0
0.00789874,0.368215,0.0671133,0.761297,3.65463,46617,-1,4.71255e-10,1,0
0.0078994,0.368786,0.0671484,0.76179,3.65466,46685.2,-1,4.71255e-10,1,0
0.00790108,0.36833,0.0685528,0.761819,3.65435,46617.7,-1,2.24881e-09,1,0
0.0079019,0.368169,0.0692441,0.761685,3.65741,46592.5,-1,1.84323e-10,1,0
0.00790274,0.369083,0.0693662,0.761445,3.65546,46703.2,-1,9.52672e-10,1,0
0.00790422,0.369116,0.0693286,0.763116,3.65546,46698.6,-1,9.52672e-10,1,0
0.00790592,0.369142,0.0693016,0.765039,3.65603,46691.9,-1,2.4015e-11,1,0
0.00790747,0.369912,0.0692093,0.763643,3.65532,46780.1,-1,8.43235e-10,1,0
0.00790823,0.370002,0.0690096,0.76328,3.65729,46787,-1,3.25673e-10,1,0
0.00790969,0.370609,0.0702131,0.763874,3.65993,46855.1,-1,3.63294e-10,1,0
0.00791055,0.370857,0.0697363,0.76431,3.65855,46881.3,-1,5.27518e-10,1,0
0.00791085,0.370969,0.0698739,0.764239,3.66209,46893.7,-1,2.48104e-10,1,0
0.00791124,0.371205,0.0697507,0.764266,3.66252,46921.2,-1,1.07996e-10,1,0
0.00791177,0.371255,0.0701172,0.764428,3.66305,46924.4,-1,1.85966e-10,1,0
0.00791305,0.37182,0.070574,0.764715,3.66332,46988.2,-1,4.57787e-10,1,0
0.00791391,0.372584,0.0709938,0.764265,3.66275,47079.7,-1,9.81682e-10,1,0
0.00791434,0.372589,0.0708907,0.763932,3.66233,47077.7,-1,1.49644e-10,1,0
0.00791575,0.373959,0.0703436,0.764327,3.66469,47242.4,-1,5.58382e-10,1,0
0.00791713,0.375194,0.0698827,0.764829,3.66401,47390.1,-1,2.41547e-09,1,0
0.00791867,0.375048,0.0687254,0.765004,3.66334,47362.5,-1,1.60221e-09,1,0
0.00791983,0.375172,0.0697303,0.765841,3.66335,47371.2,-1,1.60221e-09,1,0
0.0079201,0.375044,0.0694564,0.765909,3.66395,47353.5,-1,1.64403e-09,1,0
0.00792072,0.374798,0.0688648,0.766128,3.66618,47318.8,-1,1.46261e-10,1,0
0.0079216,0.374352,0.0692417,0.76669,3.66658,47257.2,-1,5.44069e-10,1,0
0.00792322,0.374173,0.0684917,0.767557,3.66533,47224.8,-1,2.81248e-10,1,0
0.00792373,0.374348,0.0688714,0.767299,3.66602,47243.9,-1,3.74921e-10,1,0
0.00792453,0.374714,0.0684772,0.766678,3.66576,47285.3,-1,8.35496e-10,1,0
0.00792583,0.37434,0.0676538,0.767348,3.6696,47230.4,-1,9.25726e-10,1,0
0.00792726,0.374244,0.066686,0.766461,3.67022,47209.8,-1,1.2167e-09,1,0
0.00792916,0.375743,0.0651627,0.766722,3.67029,47387.5,-1,1.2167e-09,1,0
0.00793033,0.376187,0.0643864,0.76656,3.67072,47436.4,-1,3.72033e-10,1,0
0.00793058,0.376134,0.0641108,0.766579,3.67071,47428.3,-1,3.72033e-10,1,0
0.00793172,0.376155,0.063357,0.766925,3.67119,47424.1,-1,3.76445e-10,1,0
0.00793196,0.376113,0.0632261,0.767097,3.6685,47417.5,-1,2.19776e-10,1,0
0.00793413,0.374697,0.061601,0.765903,3.66843,47225.9,-1,2.19776e-10,1,0
0.00793619,0.373352,0.0600585,0.764769,3.66837,47044.2,-1,2.19776e-10,1,0
0.0079375,0.372296,0.0596068,0.763835,3.66867,46903.5,-1,4.96285e-09,1,0
0.00793847,0.3715,0.0593018,0.763129,3.66782,46797.4,-1,2.48943e-09,1,0
0.00794008,0.372067,0.0589004,0.763191,3.66973,46859.3,-1,7.23059e-10,1,0
0.00794061,0.372611,0.058744,0.763266,3.67032,46924.8,-1,4.9221e-10,1,0
0.00794233,0.37344,0.0579672,0.764849,3.67043,47019,-1,8.4061e-10,1,0
0.00794353,0.374262,0.0580065,0.765739,3.66875,47115.4,-1,1.64552e-09,1,0
0.00794502,0.37557,0.0585612,0.766666,3.66881,47271.1,-1,1.64552e-09,1,0
0.00794582,0.376271,0.0588586,0.767163,3.66853,47354.6,-1,3.44006e-09,1,0
0.00794692,0.375975,0.0594245,0.768246,3.66851,47310.8,-1,3.44006e-09,1,0
0.00794817,0.375643,0.0600609,0.769463,3.66745,47261.6,-1,2.55462e-09,1,0
0.00794948,0.374853,0.0606102,0.770584,3.66726,47154.5,-1,2.58277e-10,1,0
0.00795048,0.374615,0.0611167,0.7714,3.66603,47118.5,-1,3.98947e-10,1,0
0.00795125,0.374836,0.060272,0.771342,3.66604,47141.8,-1,3.98947e-10,1,0
0.00795319,0.375269,0.0592376,0.770054,3.66491,47184.8,-1,1.24414e-09,1,0
0.0079537,0.375194,0.0586925,0.77022,3.66579,47172.3,-1,5.74771e-10,1,0
0.00795421,0.375649,0.0583773,0.770236,3.66725,47226.4,-1,5.63928e-10,1,0
0.00795457,0.375909,0.0581181,0.770427,3.66726,47257,-1,5.63928e-10,1,0
0.00795577,0.376816,0.0573319,0.770245,3.66693,47363.8,-1,9.15196e-10,1,0
0.00795596,0.376958,0.0572177,0.770145,3.66768,47380.7,-1,1.07028e-09,1,0
0.0079578,0.375686,0.0567709,0.769653,3.66781,47209.8,-1,1.29242e-09,1,0
0.00795956,0.375213,0.0550167,0.768818,3.66778,47139.9,-1,1.29242e-09,1,0
0.00796042,0.374983,0.054163,0.768411,3.66777,47105.9,-1,1.29242e-09,1,0
0.00796189,0.374586,0.0526923,0.767711,3.67014,47047.4,-1,5.27189e-09,1,0
0.00796269,0.375302,0.0522673,0.76806,3.67018,47132.6,-1,5.27189e-09,1,0
0.00796378,0.376289,0.0516813,0.76854,3.67023,47250,-1,5.27189e-09,1,0
0.00796429,0.376604,0.0513238,0.768759,3.67382,47286.6,-1,1.81651e-10,1,0
0.00796502,0.376718,0.0518876,0.768174,3.67383,47296.5,-1,1.81651e-10,1,0
0.00796521,0.376749,0.0520423,0.768013,3.6734,47299.3,-1,9.73583e-10,1,0
0.00796611,0.377503,0.0521944,0.767513,3.6753,47388.6,-1,8.0347e-10,1,0
0.00796769,0.377543,0.0517527,0.766059,3.67446,47384.2,-1,1.02227e-09,1,0
0.00796799,0.377857,0.0516942,0.766006,3.6739,47421.9,-1,1.90577e-10,1,0
0.00796924,0.377542,0.0525762,0.765871,3.67472,47374.9,-1,1.07754e-09,1,0
0.0079705,0.378225,0.0536692,0.765279,3.67522,47453.1,-1,1.01567e-09,1,0
0.0079711,0.378442,0.0534238,0.765501,3.67296,47476.7,-1,1.61086e-10,1,0
0.00797253,0.378935,0.0528831,0.766887,3.67202,47530,-1,1.83074e-09,1,0
0.00797304,0.379378,0.0529105,0.767263,3.67204,47582.7,-1,1.83074e-09,1,0
0.00797367,0.379761,0.0529021,0.76767,3.66967,47626.9,-1,9.85047e-11,1,0
0.00797473,0.380428,0.0526095,0.766824,3.66965,47704.2,-1,1.81514e-10,1,0
0.00797685,0.380277,0.0527797,0.766725,3.66864,47672.5,-1,1.95189e-10,1,0
0.00797738,0.379964,0.0529454,0.767206,3.66866,47630.1,-1,1.75878e-09,1,0
0.00797836,0.379875,0.0530771,0.766752,3.66649,47613.1,-1,5.19159e-10,1,0
0.00797886,0.379786,0.0534207,0.766833,3.66718,47599.1,-1,1.80887e-10,1,0
0.00798106,0.379074,0.05399,0.765454,3.66575,47496.7,-1,1.29216e-09,1,0
0.00798203,0.378459,0.0541343,0.765833,3.66548,47413.9,-1,5.64703e-10,1,0
0.00798328,0.378082,0.0537091,0.765466,3.66328,47359.3,-1,9.92275e-10,1,0
0.00798405,0.378014,0.0537752,0.764598,3.66328,47346.1,-1,9.92275e-10,1,0
0.00798592,0.377892,0.053674,0.764123,3.66501,47319.8,-1,8.33819e-10,1,0
0.00798613,0.377795,0.0537492,0.764098,3.66707,47306.4,-1,6.58051e-11,1,0
0.00798668,0.37746,0.0539219,0.764592,3.66797,47261.2,-1,6.81399e-10,1,0
0.00798701,0.377816,0.0539862,0.764511,3.66674,47303.8,-1,3.70449e-10,1,0
0.00798801,0.377436,0.0547044,0.763841,3.66771,47250.4,-1,1.64055e-10,1,0
0.00798841,0.377378,0.0551034,0.763786,3.66842,47240.7,-1,1.81252e-10,1,0
0.00798884,0.37713,0.0555102,0.763831,3.67052,47207.2,-1,6.45996e-10,1,0
0.00798928,0.377004,0.05514,0.764151,3.67125,47188.7,-1,5.05238e-10,1,0
0.00798978,0.37727,0.0551037,0.764511,3.67014,47219,-1,9.49246e-11,1,0
0.00799155,0.376228,0.0542635,0.76395,3.66827,47078.2,-1,6.90895e-10,1,0
0.00799354,0.375329,0.0526608,0.764168,3.6663,46954.1,-1,3.2019e-09,1,0
0.00799438,0.375638,0.0530336,0.764605,3.66667,46987.8,-1,4.27149e-10,1,0
0.00799567,0.375128,0.0529911,0.76594,3.66639,46916.4,-1,1.74515e-10,1,0
0.00799637,0.374682,0.0532838,0.766336,3.6642,46856.4,-1,1.52676e-11,1,0
0.00799835,0.376699,0.0540089,0.767013,3.6643,47097,-1,1.52676e-11,1,0
0.00799975,0.378125,0.0545218,0.767491,3.66384,47267.1,-1,3.83736e-09,1,0
