1.50729e-07,-0.149728,-0.00032023,-0.259689,5.0015,-9.93358e+08,-1,1.77193e-10,1,0
4.90659e-07,-0.149824,-0.000386146,-0.259253,5.00149,-3.05352e+08,-1,1.77193e-10,1,0
1.01489e-06,-0.150111,-0.000426618,-0.25872,5.002,-1.47909e+08,-1,9.59192e-10,1,0
2.16385e-06,-0.151408,-0.000342763,-0.258435,5.00038,-6.99717e+07,-1,1.54969e-09,1,0
2.75323e-06,-0.151312,-0.00101803,-0.258538,5.00076,-5.4958e+07,-1,8.74587e-10,1,0
3.28387e-06,-0.150721,-0.000705313,-0.258758,5.00079,-4.58974e+07,-1,8.74587e-10,1,0
4.11507e-06,-0.149984,-9.58534e-05,-0.258987,5.00145,-3.64476e+07,-1,1.65344e-09,1,0
4.27707e-06,-0.149841,4.40325e-05,-0.25897,5.00328,-3.50336e+07,-1,2.62767e-10,1,0
4.70505e-06,-0.149442,0.000226021,-0.258879,5.00111,-3.17621e+07,-1,1.08756e-10,1,0
4.87967e-06,-0.149439,0.000233498,-0.259008,4.9997,-3.06249e+07,-1,1.61162e-10,1,0
5.00838e-06,-0.149504,0.000332916,-0.259004,4.99949,-2.98507e+07,-1,1.16965e-10,1,0
6.0321e-06,-0.148874,-0.000570417,-0.2584,5.00005,-2.46803e+07,-1,1.2049e-09,1,0
6.69779e-06,-0.149387,-0.000452357,-0.258482,5.00036,-2.2304e+07,-1,6.67438e-10,1,0
7.49541e-06,-0.150186,-0.000976836,-0.258027,5.00058,-2.00371e+07,-1,1.05835e-09,1,0
8.00941e-06,-0.150552,-0.0011702,-0.257664,5.00035,-1.87969e+07,-1,5.88535e-10,1,0
8.34348e-06,-0.150432,-0.000924972,-0.257553,4.99757,-1.80298e+07,-1,9.4895e-11,1,0
9.02175e-06,-0.149867,-0.000605589,-0.257831,4.99544,-1.66117e+07,-1,1.5852e-10,1,0
1.01574e-05,-0.149231,-0.00038338,-0.257498,4.99219,-1.46919e+07,-1,5.53566e-10,1,0
1.10828e-05,-0.14919,-0.00125157,-0.257399,4.9863,-1.34614e+07,-1,9.37905e-10,1,0
1.21075e-05,-0.148853,-0.000427371,-0.256374,4.98631,-1.22943e+07,-1,9.37905e-10,1,0
1.29436e-05,-0.148578,0.000245198,-0.255538,4.98633,-1.14788e+07,-1,9.37905e-10,1,0
1.33972e-05,-0.148478,0.000603483,-0.255101,4.98607,-1.10828e+07,-1,4.84924e-11,1,0
1.42141e-05,-0.148212,0.00051646,-0.255918,4.98171,-1.04271e+07,-1,8.10584e-11,1,0
1.47095e-05,-0.148024,0.00113423,-0.255867,4.98127,-1.00631e+07,-1,1.94611e-10,1,0
1.47849e-05,-0.147975,0.00114825,-0.255803,4.97894,-1.00086e+07,-1,5.51722e-10,1,0
1.62642e-05,-0.146588,0.00117409,-0.254766,4.97627,-9.01295e+06,-1,9.37932e-10,1,0
1.67456e-05,-0.146622,0.00175343,-0.25503,4.97614,-8.75588e+06,-1,7.19888e-10,1,0
1.68404e-05,-0.146579,0.00185848,-0.255013,4.97394,-8.70397e+06,-1,1.15904e-10,1,0
1.72478e-05,-0.146628,0.00176699,-0.254484,4.97394,-8.50127e+06,-1,1.15904e-10,1,0
1.83385e-05,-0.146951,0.00143445,-0.253176,4.97377,-8.01325e+06,-1,1.61607e-09,1,0
1.95279e-05,-0.146121,0.000813349,-0.252898,4.96965,-7.48267e+06,-1,9.37671e-10,1,0
1.99236e-05,-0.145999,0.000387766,-0.252624,4.96987,-7.32794e+06,-1,1.58974e-12,1,0
2.05299e-05,-0.145725,0.00109096,-0.252473,4.97035,-7.0982e+06,-1,1.05352e-10,1,0
2.08934e-05,-0.145843,0.000876121,-0.252318,4.97014,-6.98035e+06,-1,1.52613e-10,1,0
2.16478e-05,-0.145605,0.000302942,-0.251862,4.97013,-6.7261e+06,-1,5.80587e-10,1,0
2.21641e-05,-0.145184,0.000434658,-0.251718,4.96867,-6.55041e+06,-1,4.29147e-10,1,0
2.28078e-05,-0.144965,-0.000322208,-0.251938,4.96878,-6.35596e+06,-1,1.13032e-10,1,0
2.38152e-05,-0.145064,-6.39962e-05,-0.252766,4.96692,-6.09124e+06,-1,2.50304e-10,1,0
2.46114e-05,-0.145155,0.000340771,-0.253351,4.96784,-5.89787e+06,-1,1.9301e-09,1,0
2.49455e-05,-0.145019,0.000455264,-0.253012,4.96633,-5.81346e+06,-1,6.12501e-10,1,0
2.60664e-05,-0.145513,0.000388311,-0.253983,4.9653,-5.58238e+06,-1,5.58518e-10,1,0
2.63272e-05,-0.145603,0.000493605,-0.253935,4.96483,-5.53052e+06,-1,2.32277e-10,1,0
2.65339e-05,-0.145588,0.000396044,-0.25419,4.96483,-5.48688e+06,-1,2.32277e-10,1,0
2.76285e-05,-0.145904,0.000732346,-0.254568,4.96337,-5.28092e+06,-1,1.2406e-10,1,0
2.80252e-05,-0.145461,0.00055073,-0.254697,4.96303,-5.19038e+06,-1,2.1103e-10,1,0
2.81811e-05,-0.145532,0.000623202,-0.25452,4.96431,-5.1642e+06,-1,2.04663e-10,1,0
2.87149e-05,-0.145876,0.000168639,-0.254403,4.9643,-5.08016e+06,-1,1.38935e-10,1,0
2.89213e-05,-0.146084,-4.41139e-06,-0.25437,4.96429,-5.0511e+06,-1,1.38935e-10,1,0
2.94607e-05,-0.146232,-8.38793e-05,-0.254294,4.96398,-4.96361e+06,-1,2.74344e-10,1,0
2.98878e-05,-0.146168,0.000139168,-0.254183,4.96378,-4.89058e+06,-1,2.21804e-10,1,0
3.06043e-05,-0.146475,8.30427e-05,-0.254868,4.96309,-4.78608e+06,-1,2.85452e-10,1,0
3.10889e-05,-0.146234,-7.0771e-06,-0.254281,4.96218,-4.70375e+06,-1,6.40519e-10,1,0
3.16576e-05,-0.146735,9.18204e-05,-0.254368,4.96142,-4.63507e+06,-1,1.90747e-10,1,0
3.26599e-05,-0.145718,-0.000204185,-0.253701,4.96271,-4.46169e+06,-1,4.2467e-10,1,0
3.33276e-05,-0.146208,-0.00036592,-0.253684,4.95934,-4.387e+06,-1,6.02892e-10,1,0
3.41107e-05,-0.146359,0.000219711,-0.254524,4.95775,-4.29072e+06,-1,1.31449e-09,1,0
3.45457e-05,-0.146128,0.000641345,-0.254551,4.957,-4.22999e+06,-1,1.93204e-10,1,0
3.55658e-05,-0.146359,-0.000126904,-0.254807,4.95653,-4.11517e+06,-1,6.68181e-10,1,0
3.61689e-05,-0.146577,-0.000788756,-0.255033,4.95596,-4.05257e+06,-1,1.69262e-09,1,0
3.75404e-05,-0.145563,-0.00104455,-0.256436,4.95869,-3.87752e+06,-1,1.51778e-09,1,0
3.82049e-05,-0.146034,-0.00148176,-0.256869,4.9594,-3.8224e+06,-1,6.70737e-10,1,0
3.8607e-05,-0.146542,-0.00140791,-0.256805,4.95916,-3.79573e+06,-1,4.7839e-10,1,0
3.94616e-05,-0.147423,-0.00158144,-0.25749,4.95983,-3.73585e+06,-1,1.12937e-09,1,0
4.00351e-05,-0.147641,-0.00163704,-0.257771,4.95782,-3.68779e+06,-1,4.61946e-10,1,0
4.05382e-05,-0.14783,-0.00223589,-0.257966,4.95915,-3.64669e+06,-1,6.41639e-10,1,0
4.0753e-05,-0.147802,-0.00249832,-0.257879,4.95873,-3.62678e+06,-1,2.85745e-10,1,0
4.12017e-05,-0.147689,-0.00207142,-0.25782,4.95523,-3.58455e+06,-1,9.52662e-11,1,0
4.20783e-05,-0.147383,-0.000968997,-0.257644,4.95525,-3.50258e+06,-1,9.52662e-11,1,0
4.32145e-05,-0.146782,0.000203737,-0.257262,4.95392,-3.39659e+06,-1,2.78634e-09,1,0
4.40046e-05,-0.146171,0.000774127,-0.257238,4.95297,-3.32172e+06,-1,1.38288e-10,1,0
4.46401e-05,-0.145745,0.00127146,-0.257386,4.95303,-3.26489e+06,-1,7.056e-10,1,0
4.55318e-05,-0.14578,0.000399763,-0.257055,4.95305,-3.20171e+06,-1,1.21926e-10,1,0
4.57446e-05,-0.145745,0.000380337,-0.257123,4.94874,-3.18605e+06,-1,4.23591e-11,1,0
4.61668e-05,-0.145615,0.000267961,-0.257198,4.94779,-3.1541e+06,-1,2.9771e-10,1,0
4.71342e-05,-0.145362,0.00109142,-0.257823,4.9479,-3.084e+06,-1,9.04414e-10,1,0
4.80473e-05,-0.145392,0.00154155,-0.258757,4.94655,-3.02602e+06,-1,8.03856e-11,1,0
4.91011e-05,-0.145983,0.00243421,-0.258891,4.9439,-2.97312e+06,-1,9.54562e-10,1,0
5.00109e-05,-0.146151,0.0035658,-0.258634,4.94236,-2.92239e+06,-1,9.22685e-11,1,0
5.16494e-05,-0.144465,0.0038366,-0.258965,4.94331,-2.79702e+06,-1,9.54616e-10,1,0
5.24311e-05,-0.144887,0.00430035,-0.258701,4.93828,-2.76338e+06,-1,8.13543e-10,1,0
5.33744e-05,-0.145083,0.0032953,-0.259407,4.93827,-2.71821e+06,-1,8.13543e-10,1,0
5.46816e-05,-0.145144,0.00334955,-0.259647,4.94024,-2.65435e+06,-1,8.06259e-10,1,0
5.49024e-05,-0.145106,0.00321442,-0.259492,4.93962,-2.64298e+06,-1,1.92542e-10,1,0
5.56371e-05,-0.145541,0.00334063,-0.259697,4.93819,-2.61589e+06,-1,5.42392e-10,1,0
5.62828e-05,-0.145664,0.00350403,-0.259271,4.93818,-2.58807e+06,-1,6.0167e-10,1,0
5.65201e-05,-0.145513,0.00328535,-0.259296,4.9382,-2.57454e+06,-1,4.26038e-10,1,0
5.72604e-05,-0.145772,0.00293589,-0.260106,4.94052,-2.54577e+06,-1,1.9749e-10,1,0
5.82577e-05,-0.146222,0.00246238,-0.261248,4.9405,-2.50991e+06,-1,1.9749e-10,1,0
6.01167e-05,-0.148147,0.00179715,-0.261834,4.94243,-2.46433e+06,-1,1.72587e-09,1,0
6.09038e-05,-0.148409,0.00247562,-0.261543,4.94074,-2.43678e+06,-1,9.71613e-11,1,0
6.14211e-05,-0.148681,0.00307672,-0.261369,4.93986,-2.42068e+06,-1,1.41946e-09,1,0
6.21128e-05,-0.147979,0.00295998,-0.260799,4.94114,-2.38242e+06,-1,9.12153e-10,1,0
6.22209e-05,-0.147866,0.00302228,-0.260804,4.94163,-2.37646e+06,-1,1.03418e-10,1,0
6.2681e-05,-0.147359,0.00304616,-0.260541,4.94099,-2.35094e+06,-1,6.15788e-10,1,0
6.29625e-05,-0.147269,0.00329397,-0.260684,4.94219,-2.33899e+06,-1,2.2437e-11,1,0
6.36636e-05,-0.146789,0.00407724,-0.260577,4.94342,-2.30569e+06,-1,9.24837e-10,1,0
6.43594e-05,-0.147114,0.00433643,-0.260437,4.94605,-2.28582e+06,-1,6.69569e-10,1,0
6.46199e-05,-0.146979,0.00423032,-0.260323,4.94446,-2.27451e+06,-1,6.48618e-11,1,0
6.5293e-05,-0.146748,0.00477485,-0.259946,4.94116,-2.24752e+06,-1,7.90482e-10,1,0
6.61764e-05,-0.146976,0.00473781,-0.260461,4.94106,-2.22098e+06,-1,3.92507e-10,1,0
6.68317e-05,-0.146897,0.00553414,-0.260658,4.94159,-2.19801e+06,-1,2.95444e-10,1,0
6.71553e-05,-0.147136,0.00560781,-0.260632,4.93696,-2.19097e+06,-1,2.00549e-10,1,0
6.806e-05,-0.146908,0.00578126,-0.261737,4.93528,-2.15851e+06,-1,1.63492e-10,1,0
6.87433e-05,-0.147362,0.00539288,-0.262411,4.93475,-2.14365e+06,-1,9.00716e-10,1,0
6.89729e-05,-0.147622,0.0054595,-0.262272,4.93474,-2.14028e+06,-1,9.00716e-10,1,0
7.02956e-05,-0.149119,0.00584317,-0.261466,4.93466,-2.12132e+06,-1,9.00716e-10,1,0
7.04555e-05,-0.149171,0.00577139,-0.261487,4.93699,-2.11724e+06,-1,2.14051e-09,1,0
7.10391e-05,-0.148846,0.00612246,-0.261645,4.93545,-2.09527e+06,-1,1.92624e-10,1,0
7.18079e-05,-0.148396,0.00674531,-0.261864,4.93554,-2.06657e+06,-1,1.2225e-09,1,0
7.28377e-05,-0.148816,0.00803544,-0.261816,4.93606,-2.04312e+06,-1,1.69987e-09,1,0
7.39281e-05,-0.148352,0.00875569,-0.26297,4.93608,-2.0067e+06,-1,1.69987e-09,1,0
7.44467e-05,-0.148005,0.00871952,-0.263423,4.93392,-1.98806e+06,-1,1.74859e-09,1,0
7.47319e-05,-0.147766,0.00851133,-0.263615,4.9336,-1.97728e+06,-1,7.09437e-10,1,0
7.58375e-05,-0.147157,0.00722048,-0.263908,4.93168,-1.94042e+06,-1,1.49614e-09,1,0
7.68954e-05,-0.147143,0.0069371,-0.265272,4.93571,-1.91355e+06,-1,3.00276e-12,1,0
7.78964e-05,-0.146503,0.00693929,-0.264465,4.93484,-1.88074e+06,-1,2.45049e-10,1,0
7.86278e-05,-0.145892,0.00692071,-0.2639,4.93488,-1.85548e+06,-1,1.92592e-09,1,0
7.93952e-05,-0.146133,0.00690778,-0.264421,4.93008,-1.84057e+06,-1,6.66833e-10,1,0
7.97471e-05,-0.145777,0.00681125,-0.264239,4.92641,-1.82799e+06,-1,8.87695e-12,1,0
7.99193e-05,-0.145669,0.00678612,-0.264195,4.92395,-1.82271e+06,-1,1.16224e-10,1,0
8.06478e-05,-0.144946,0.00739635,-0.264351,4.92384,-1.79727e+06,-1,1.06976e-09,1,0
8.10938e-05,-0.144744,0.00741183,-0.264717,4.92122,-1.78489e+06,-1,2.98678e-10,1,0
8.16753e-05,-0.145043,0.00694425,-0.264585,4.9199,-1.77585e+06,-1,7.80686e-11,1,0
8.20082e-05,-0.144909,0.00672474,-0.264865,4.91979,-1.76701e+06,-1,3.69083e-10,1,0
8.28076e-05,-0.144152,0.00646773,-0.264918,4.92256,-1.74081e+06,-1,2.36418e-10,1,0
8.35309e-05,-0.143802,0.0064427,-0.264581,4.91501,-1.72154e+06,-1,1.69031e-10,1,0
8.39587e-05,-0.144175,0.00606379,-0.264647,4.91124,-1.71722e+06,-1,3.26401e-11,1,0
8.40894e-05,-0.144257,0.00606466,-0.264617,4.91466,-1.71552e+06,-1,2.14033e-11,1,0
8.4446e-05,-0.14467,0.00627305,-0.264693,4.91398,-1.71317e+06,-1,5.49285e-10,1,0
8.58368e-05,-0.145438,0.00722699,-0.264889,4.91472,-1.69436e+06,-1,8.41392e-10,1,0
8.74371e-05,-0.145585,0.00558645,-0.264793,4.91428,-1.66503e+06,-1,9.88184e-10,1,0
8.82044e-05,-0.146275,0.00614878,-0.264338,4.91499,-1.65836e+06,-1,1.15874e-09,1,0
8.90985e-05,-0.147085,0.00681714,-0.26381,4.91577,-1.65082e+06,-1,2.17742e-09,1,0
8.98061e-05,-0.147408,0.00739631,-0.263974,4.91243,-1.6414e+06,-1,6.75236e-10,1,0
9.05077e-05,-0.147069,0.0069726,-0.264679,4.91114,-1.62493e+06,-1,1.01676e-10,1,0
9.17033e-05,-0.147457,0.0068661,-0.265829,4.91275,-1.60798e+06,-1,1.38455e-09,1,0
9.26268e-05,-0.147562,0.0067988,-0.266259,4.90973,-1.59308e+06,-1,7.1573e-10,1,0
9.28062e-05,-0.147658,0.00675593,-0.266145,4.90553,-1.59104e+06,-1,1.837e-10,1,0
9.33944e-05,-0.14741,0.00674946,-0.26645,4.90888,-1.57836e+06,-1,3.922e-10,1,0
9.44298e-05,-0.146477,0.00655513,-0.266664,4.91219,-1.55118e+06,-1,3.5527e-10,1,0
9.49562e-05,-0.146463,0.00586389,-0.266627,4.91156,-1.54243e+06,-1,6.92348e-10,1,0
9.51353e-05,-0.146546,0.0060767,-0.266686,4.91128,-1.54039e+06,-1,2.35405e-10,1,0
9.56093e-05,-0.146585,0.00669802,-0.266718,4.91128,-1.53316e+06,-1,2.35405e-10,1,0
9.62797e-05,-0.146614,0.00747762,-0.266671,4.9073,-1.52279e+06,-1,8.97112e-11,1,0
9.66896e-05,-0.14685,0.0075643,-0.266479,4.9064,-1.51878e+06,-1,3.84656e-10,1,0
9.73624e-05,-0.147087,0.00764993,-0.267327,4.90639,-1.51071e+06,-1,3.84656e-10,1,0
9.78173e-05,-0.147247,0.00770783,-0.2679,4.90638,-1.50532e+06,-1,3.84656e-10,1,0
9.86783e-05,-0.146615,0.00726357,-0.268516,4.90794,-1.48579e+06,-1,9.54538e-10,1,0
9.93695e-05,-0.146213,0.00671875,-0.268412,4.90846,-1.47141e+06,-1,5.22092e-10,1,0
9.97245e-05,-0.145964,0.00646202,-0.268712,4.9098,-1.46367e+06,-1,8.53207e-10,1,0
0.000100393,-0.14673,0.0063695,-0.268404,4.90521,-1.46156e+06,-1,2.78067e-11,1,0
0.000101063,-0.147085,0.00606859,-0.268599,4.90175,-1.45538e+06,-1,3.6145e-10,1,0
0.000101763,-0.146873,0.00692339,-0.268771,4.90071,-1.44329e+06,-1,9.02729e-10,1,0
0.000101864,-0.146851,0.00700556,-0.26873,4.89721,-1.44163e+06,-1,4.36104e-11,1,0
0.000102295,-0.147092,0.00661925,-0.268558,4.89582,-1.43791e+06,-1,2.87875e-10,1,0
0.000102783,-0.147188,0.00666149,-0.268033,4.89583,-1.43203e+06,-1,6.34379e-10,1,0
0.000103373,-0.147502,0.00604091,-0.267699,4.89827,-1.42689e+06,-1,7.71969e-10,1,0
0.000104963,-0.146151,0.00695523,-0.266395,4.89672,-1.39241e+06,-1,2.08803e-09,1,0
0.000105217,-0.146088,0.00687981,-0.266077,4.89673,-1.38844e+06,-1,2.08803e-09,1,0
0.000105823,-0.146577,0.00664177,-0.266015,4.89427,-1.38511e+06,-1,2.01115e-10,1,0
0.000106999,-0.145438,0.00643716,-0.26503,4.89436,-1.35924e+06,-1,6.01148e-11,1,0
0.000107423,-0.145012,0.00637542,-0.264677,4.89438,-1.34991e+06,-1,6.01148e-11,1,0
0.000108042,-0.144759,0.00621463,-0.264809,4.89413,-1.33984e+06,-1,2.4437e-09,1,0
0.000108324,-0.144997,0.00635265,-0.265013,4.89723,-1.33855e+06,-1,3.16453e-10,1,0
0.000108497,-0.145134,0.00632904,-0.264876,4.89831,-1.33767e+06,-1,1.94862e-10,1,0
0.000109279,-0.145872,0.00680209,-0.265411,4.89827,-1.33485e+06,-1,1.94862e-10,1,0
0.00010968,-0.145982,0.00705035,-0.265341,4.89703,-1.33098e+06,-1,4.75746e-11,1,0
0.000110428,-0.14591,0.0075436,-0.264494,4.89703,-1.32131e+06,-1,4.75746e-11,1,0
0.000110677,-0.145868,0.00767111,-0.264252,4.89907,-1.31796e+06,-1,4.83996e-11,1,0
0.000111198,-0.145381,0.00795125,-0.264183,4.89737,-1.3074e+06,-1,3.46516e-10,1,0
0.000111394,-0.145134,0.00793642,-0.264154,4.89664,-1.30289e+06,-1,1.17972e-10,1,0
0.000111649,-0.144818,0.00790763,-0.264043,4.89721,-1.29708e+06,-1,4.74299e-10,1,0
0.000111874,-0.144893,0.00762299,-0.26406,4.8972,-1.29515e+06,-1,4.74299e-10,1,0
0.000113113,-0.144608,0.00686728,-0.264262,4.89793,-1.27844e+06,-1,2.28104e-10,1,0
0.000113782,-0.144466,0.00607899,-0.26442,4.89962,-1.26967e+06,-1,7.99793e-10,1,0
0.000113996,-0.144713,0.00595471,-0.264372,4.89891,-1.26945e+06,-1,3.27402e-10,1,0
0.000114848,-0.145325,0.00683651,-0.264057,4.89847,-1.26537e+06,-1,1.11833e-09,1,0
0.000115204,-0.145248,0.00685973,-0.263597,4.89818,-1.2608e+06,-1,4.65502e-10,1,0
0.000115884,-0.145432,0.00772396,-0.263463,4.89779,-1.25498e+06,-1,8.93672e-10,1,0
0.000116688,-0.145678,0.00861555,-0.262953,4.89778,-1.24844e+06,-1,8.93672e-10,1,0
0.000117084,-0.145799,0.00905505,-0.262702,4.89772,-1.24525e+06,-1,1.57636e-09,1,0
0.000117608,-0.146221,0.00921063,-0.262846,4.89581,-1.24329e+06,-1,3.67079e-10,1,0
0.000118188,-0.146118,0.009002,-0.263551,4.89672,-1.23632e+06,-1,5.41236e-10,1,0
0.00011924,-0.146669,0.00937184,-0.263924,4.89679,-1.23004e+06,-1,4.16056e-11,1,0
0.000120493,-0.147702,0.00911228,-0.263567,4.89358,-1.22581e+06,-1,3.97609e-10,1,0
0.000121429,-0.147226,0.00965925,-0.263997,4.89387,-1.21244e+06,-1,4.85033e-11,1,0
0.000121982,-0.146896,0.00929409,-0.26444,4.89302,-1.20425e+06,-1,1.28281e-10,1,0
0.00012311,-0.147437,0.00921277,-0.264252,4.89163,-1.1976e+06,-1,1.12365e-09,1,0
0.000123351,-0.147474,0.00924435,-0.263975,4.89261,-1.19556e+06,-1,1.29848e-10,1,0
0.000123707,-0.147698,0.00935115,-0.264348,4.8938,-1.19394e+06,-1,4.29877e-10,1,0
0.000124683,-0.147095,0.00962871,-0.265444,4.89383,-1.17975e+06,-1,4.29877e-10,1,0
0.000125327,-0.146766,0.00916607,-0.265818,4.89385,-1.17107e+06,-1,3.73453e-10,1,0
0.000125716,-0.146353,0.00887457,-0.265743,4.89221,-1.16416e+06,-1,5.10618e-10,1,0
0.000125792,-0.146413,0.00887003,-0.265687,4.89228,-1.16394e+06,-1,4.17598e-12,1,0
0.000126834,-0.146064,0.00847251,-0.264425,4.8923,-1.15161e+06,-1,4.17598e-12,1,0
0.000127566,-0.145803,0.00818673,-0.263563,4.89136,-1.14296e+06,-1,2.72227e-11,1,0
0.000128323,-0.146065,0.00878775,-0.263317,4.88966,-1.13826e+06,-1,6.8364e-10,1,0
0.000128457,-0.146154,0.00867883,-0.263319,4.89348,-1.13776e+06,-1,1.03826e-10,1,0
0.000129366,-0.146159,0.00844451,-0.264187,4.89266,-1.12981e+06,-1,2.27845e-10,1,0
0.000129895,-0.145921,0.00781857,-0.26437,4.89086,-1.12338e+06,-1,6.94154e-10,1,0
0.000130572,-0.14622,0.00784639,-0.264385,4.89507,-1.11984e+06,-1,4.43997e-12,1,0
0.000131195,-0.146767,0.00770927,-0.264381,4.89487,-1.11869e+06,-1,6.4331e-10,1,0
0.000131749,-0.146512,0.00813478,-0.264376,4.89229,-1.11206e+06,-1,6.76901e-10,1,0
0.000132286,-0.145866,0.00819482,-0.264415,4.89185,-1.10265e+06,-1,5.38326e-10,1,0
0.000133017,-0.146591,0.00798206,-0.264487,4.89712,-1.10204e+06,-1,8.5882e-10,1,0
0.000133332,-0.146217,0.00791485,-0.264651,4.89794,-1.09663e+06,-1,4.1375e-10,1,0
0.000134159,-0.146741,0.00776418,-0.26559,4.89451,-1.09379e+06,-1,1.08533e-09,1,0
0.000134585,-0.146349,0.00752538,-0.265789,4.89564,-1.08741e+06,-1,4.1937e-10,1,0
0.000135666,-0.146613,0.00786788,-0.266773,4.89836,-1.08069e+06,-1,9.54576e-10,1,0
0.00013594,-0.146626,0.00780211,-0.267075,4.89867,-1.07861e+06,-1,1.88525e-10,1,0
0.000136277,-0.1469,0.00758402,-0.267253,4.89805,-1.07795e+06,-1,4.10775e-10,1,0
0.00013706,-0.146201,0.0080836,-0.267711,4.89772,-1.06669e+06,-1,5.45682e-10,1,0
0.00013726,-0.146123,0.0082886,-0.267717,4.89761,-1.06457e+06,-1,5.87788e-10,1,0
0.000138331,-0.146956,0.00869021,-0.267088,4.89979,-1.06235e+06,-1,1.04068e-09,1,0
0.000138642,-0.146924,0.00867614,-0.267398,4.8993,-1.05973e+06,-1,1.48875e-10,1,0
0.000139203,-0.14714,0.00867991,-0.267837,4.90037,-1.05702e+06,-1,8.51958e-10,1,0
0.000139877,-0.147248,0.00813206,-0.26715,4.90036,-1.0527e+06,-1,8.51958e-10,1,0
0.000140271,-0.147352,0.00787446,-0.266814,4.89977,-1.05048e+06,-1,1.48864e-09,1,0
0.000141585,-0.148672,0.00867127,-0.267578,4.89969,-1.05005e+06,-1,7.48287e-10,1,0
0.000142628,-0.149063,0.00846747,-0.266618,4.89703,-1.04512e+06,-1,1.26537e-09,1,0
0.000143722,-0.149437,0.00748283,-0.26699,4.89821,-1.03976e+06,-1,9.54575e-10,1,0
0.00014437,-0.149333,0.00701896,-0.266734,4.89769,-1.03438e+06,-1,4.91128e-10,1,0
0.000144869,-0.148786,0.00697912,-0.266801,4.89715,-1.02704e+06,-1,1.59359e-10,1,0
0.000145601,-0.148546,0.00630349,-0.266163,4.89716,-1.02023e+06,-1,1.59359e-10,1,0
0.000146943,-0.148091,0.00515369,-0.266092,4.89485,-1.00781e+06,-1,2.27694e-10,1,0
0.000147581,-0.147676,0.00447663,-0.266356,4.89487,-1.00065e+06,-1,2.27694e-10,1,0
0.000148053,-0.147699,0.0040624,-0.266743,4.89629,-997610,-1,2.21838e-10,1,0
0.000148327,-0.147634,0.00434913,-0.266707,4.89692,-995330,-1,1.81348e-10,1,0
0.000149011,-0.148012,0.0038918,-0.266876,4.89532,-993295,-1,4.8485e-10,1,0
0.000149691,-0.148027,0.00357117,-0.266583,4.89183,-988883,-1,3.63631e-10,1,0
0.000150036,-0.147649,0.00344885,-0.266587,4.89112,-984096,-1,1.46435e-10,1,0
0.000151092,-0.146499,0.00388903,-0.266081,4.88994,-969598,-1,1.26079e-09,1,0
0.000152732,-0.146906,0.00267612,-0.264409,4.89003,-961851,-1,1.31552e-09,1,0
0.000153342,-0.147527,0.00254779,-0.264234,4.88831,-962081,-1,3.6958e-11,1,0
0.000153676,-0.147922,0.00243086,-0.264326,4.8882,-962558,-1,1.0662e-11,1,0
0.000154051,-0.148006,0.00243536,-0.264414,4.89007,-960761,-1,2.83955e-10,1,0
0.000154377,-0.147693,0.00227901,-0.264659,4.89009,-956706,-1,2.83955e-10,1,0
0.000154767,-0.147598,0.00208292,-0.264751,4.89174,-953675,-1,1.74835e-10,1,0
0.000154879,-0.147575,0.00201943,-0.264881,4.89168,-952838,-1,2.45751e-10,1,0
0.00015553,-0.147459,0.00181456,-0.2657,4.89199,-948109,-1,7.71083e-10,1,0
0.000155889,-0.147376,0.00162409,-0.266123,4.89199,-945389,-1,7.71083e-10,1,0
0.000156908,-0.147139,0.0010836,-0.267324,4.88993,-937741,-1,1.89772e-09,1,0
0.00015702,-0.147167,0.000954416,-0.267367,4.88971,-937246,-1,1.39559e-10,1,0
0.00015829,-0.145554,0.000889624,-0.267784,4.88962,-919540,-1,1.67401e-09,1,0
0.000158632,-0.145167,0.0011132,-0.267759,4.89061,-915116,-1,4.48199e-10,1,0
0.000159285,-0.144444,0.00096514,-0.267322,4.89082,-906823,-1,8.5746e-10,1,0
0.000159769,-0.144607,0.00076848,-0.267093,4.89008,-905098,-1,4.03767e-10,1,0
0.000159904,-0.144525,0.000839495,-0.266978,4.8918,-903820,-1,2.79325e-11,1,0
0.000160384,-0.144245,0.000524595,-0.26706,4.8917,-899374,-1,5.00556e-10,1,0
0.000160689,-0.14453,0.000773026,-0.266927,4.89168,-899436,-1,5.00556e-10,1,0
0.000161241,-0.145028,0.00125849,-0.266735,4.89008,-899445,-1,3.54182e-10,1,0
0.000162355,-0.145442,0.00160446,-0.266159,4.8871,-895831,-1,5.0694e-10,1,0
0.000162966,-0.145659,0.00170029,-0.26583,4.88611,-893802,-1,1.44675e-09,1,0
0.00016399,-0.145122,0.0015427,-0.26634,4.88519,-884942,-1,6.20509e-10,1,0
0.000164955,-0.145581,0.00154731,-0.267297,4.88653,-882552,-1,9.94666e-10,1,0
0.000166276,-0.145447,0.000679569,-0.267357,4.8855,-874728,-1,1.47489e-09,1,0
0.000166974,-0.145695,0.00105316,-0.267139,4.88343,-872559,-1,9.28354e-10,1,0
0.000167651,-0.14652,0.00137039,-0.267217,4.88453,-873959,-1,1.40354e-09,1,0
0.000168074,-0.146448,0.00183673,-0.267508,4.88454,-871328,-1,1.40354e-09,1,0
0.000169145,-0.14672,0.00282525,-0.267532,4.88316,-867422,-1,9.71149e-10,1,0
0.00017033,-0.14741,0.00255496,-0.267106,4.88213,-865437,-1,3.79933e-10,1,0
0.000170614,-0.147392,0.00246568,-0.267149,4.88055,-863892,-1,2.07148e-10,1,0
0.000171045,-0.146924,0.00266437,-0.267047,4.88025,-858977,-1,3.19863e-10,1,0
0.00017142,-0.146737,0.00262855,-0.267392,4.88146,-856011,-1,3.81211e-10,1,0
0.000172051,-0.146322,0.00285608,-0.267445,4.87746,-850457,-1,5.41015e-11,1,0
0.000173154,-0.146186,0.00323411,-0.267212,4.88144,-844259,-1,5.29204e-10,1,0
0.000173541,-0.146025,0.00370489,-0.267313,4.88236,-841443,-1,5.03484e-10,1,0
0.000174649,-0.145313,0.00308175,-0.267628,4.88131,-832027,-1,4.08357e-10,1,0
0.0001757,-0.144038,0.0026719,-0.267953,4.88135,-819795,-1,2.4218e-09,1,0
0.000176485,-0.143217,0.00256431,-0.268215,4.8828,-811499,-1,1.20607e-10,1,0
0.000177202,-0.142633,0.00234087,-0.267513,4.88054,-804921,-1,9.92436e-10,1,0
0.000178713,-0.142243,0.00247573,-0.267523,4.88229,-795934,-1,9.27299e-10,1,0
0.00017947,-0.142348,0.00310285,-0.267188,4.88277,-793159,-1,2.65552e-10,1,0
0.000179721,-0.142517,0.00293814,-0.267358,4.88224,-792991,-1,1.36735e-10,1,0
0.000179846,-0.142613,0.0029292,-0.267283,4.8793,-792972,-1,1.22488e-10,1,0
0.000180187,-0.142278,0.00273561,-0.26707,4.88005,-789614,-1,2.76529e-11,1,0
0.000180547,-0.142217,0.00316933,-0.267163,4.87977,-787701,-1,3.94855e-11,1,0
0.000181133,-0.142053,0.00388577,-0.267376,4.87973,-784248,-1,6.82627e-10,1,0
0.000182025,-0.142504,0.00437845,-0.266667,4.87653,-782881,-1,7.16807e-10,1,0
0.000183003,-0.143156,0.00478917,-0.265644,4.8765,-782261,-1,7.16807e-10,1,0
0.000183459,-0.143427,0.00496398,-0.265553,4.87725,-781791,-1,2.04026e-10,1,0
0.000183977,-0.143435,0.0055145,-0.265314,4.87629,-779636,-1,1.27188e-10,1,0
0.000184176,-0.143408,0.00575729,-0.265221,4.87629,-778643,-1,1.27188e-10,1,0
0.0001847,-0.143359,0.00625745,-0.265205,4.87488,-776169,-1,1.69166e-10,1,0
0.000185248,-0.142975,0.00567458,-0.265041,4.87563,-771805,-1,7.16787e-10,1,0
0.000185524,-0.143009,0.00534339,-0.265174,4.87602,-770838,-1,2.73654e-10,1,0
0.000186317,-0.143534,0.00506379,-0.264605,4.87632,-770376,-1,5.48953e-10,1,0
0.000187384,-0.143168,0.00399539,-0.264176,4.87388,-764036,-1,9.33816e-10,1,0
0.000187989,-0.142691,0.00341982,-0.263916,4.87014,-759043,-1,1.74591e-09,1,0
0.00018875,-0.142471,0.00404621,-0.26466,4.87275,-754813,-1,9.97635e-10,1,0
0.000190181,-0.142249,0.00361776,-0.263897,4.86895,-747967,-1,5.70579e-10,1,0
0.000190379,-0.142165,0.00364232,-0.263931,4.86832,-746749,-1,4.98817e-10,1,0
0.000190602,-0.142131,0.00387418,-0.264064,4.86822,-745699,-1,3.67496e-10,1,0
0.000190948,-0.142048,0.00398409,-0.263844,4.86823,-743910,-1,1.0748e-10,1,0
0.000191903,-0.141921,0.00386847,-0.264259,4.86609,-739544,-1,6.14841e-10,1,0
0.0001923,-0.141845,0.00339034,-0.264445,4.86303,-737623,-1,7.74598e-10,1,0
0.000193415,-0.142356,0.00281294,-0.263228,4.86197,-736010,-1,3.18306e-10,1,0
0.000193842,-0.14274,0.00313211,-0.263335,4.86221,-736375,-1,1.37912e-10,1,0
0.000194242,-0.143167,0.00335643,-0.263454,4.86144,-737054,-1,1.5463e-11,1,0
0.000194355,-0.143063,0.00342214,-0.263535,4.85967,-736088,-1,1.47546e-10,1,0
0.000195247,-0.143902,0.00364531,-0.263049,4.86248,-737025,-1,9.71178e-10,1,0
0.000196048,-0.143547,0.00345301,-0.263111,4.86103,-732204,-1,5.35555e-10,1,0
0.000196829,-0.144135,0.0034515,-0.262593,4.86122,-732283,-1,4.79129e-10,1,0
0.000197189,-0.144291,0.00320454,-0.262238,4.86147,-731739,-1,8.29782e-10,1,0
0.000198026,-0.144497,0.00265816,-0.261475,4.86025,-729688,-1,1.10679e-09,1,0
0.000199111,-0.145324,0.00159482,-0.261921,4.86118,-729867,-1,1.59114e-09,1,0
0.000199747,-0.145506,0.00107057,-0.261938,4.85997,-728455,-1,4.22577e-10,1,0
0.000200524,-0.145782,0.000735735,-0.261258,4.8605,-727002,-1,5.93172e-10,1,0
0.000201513,-0.146334,0.000378862,-0.262266,4.85932,-726175,-1,2.39579e-10,1,0
0.000201735,-0.14616,0.000203421,-0.262297,4.85697,-724517,-1,6.80196e-11,1,0
0.000202006,-0.146016,0.000213952,-0.262255,4.86068,-722831,-1,1.03658e-10,1,0
0.000202182,-0.146107,9.14917e-05,-0.262427,4.86078,-722651,-1,2.3019e-10,1,0
0.000202868,-0.145996,-1.70732e-05,-0.262866,4.86217,-719659,-1,3.19841e-10,1,0
0.000203437,-0.145678,4.24638e-05,-0.263238,4.86173,-716082,-1,1.16236e-09,1,0
0.000204236,-0.145478,0.000647569,-0.263498,4.86067,-712304,-1,5.4881e-10,1,0
0.000204633,-0.145958,0.000597323,-0.263476,4.8635,-713268,-1,4.91057e-10,1,0
0.000205198,-0.146359,0.000328582,-0.263297,4.86483,-713258,-1,4.48022e-10,1,0
0.000205812,-0.146235,-0.000293538,-0.262802,4.86483,-710527,-1,4.48022e-10,1,0
0.00020701,-0.146106,-0.000603151,-0.262606,4.86671,-705789,-1,5.96765e-10,1,0
0.000208028,-0.146811,-0.00173081,-0.262672,4.86667,-705729,-1,5.96765e-10,1,0
0.000208535,-0.146981,-0.00197355,-0.262911,4.86385,-704826,-1,2.48755e-10,1,0
0.000209029,-0.146874,-0.00225994,-0.263313,4.86236,-702651,-1,2.43924e-10,1,0
0.00020973,-0.146274,-0.00221131,-0.263731,4.86562,-697443,-1,7.31069e-10,1,0
0.000210201,-0.146476,-0.00265299,-0.264113,4.86783,-696836,-1,6.17723e-10,1,0
0.000211206,-0.145936,-0.00201206,-0.264282,4.86547,-690966,-1,2.90383e-10,1,0
0.000212179,-0.145617,-0.00312868,-0.264557,4.86347,-686292,-1,7.17491e-10,1,0
0.000213355,-0.14494,-0.00344557,-0.264423,4.86153,-679338,-1,5.66973e-10,1,0
0.000213739,-0.144715,-0.00307273,-0.264173,4.86154,-677063,-1,5.66973e-10,1,0
0.000213889,-0.144623,-0.00293269,-0.264071,4.8603,-676160,-1,2.97769e-11,1,0
0.000214162,-0.144619,-0.00311024,-0.264086,4.85924,-675279,-1,1.41957e-10,1,0
0.000215014,-0.144581,-0.0039043,-0.264865,4.85918,-672428,-1,2.33683e-10,1,0
0.000216089,-0.145534,-0.00419506,-0.265061,4.85995,-673491,-1,9.71456e-10,1,0
0.000216735,-0.1452,-0.00414276,-0.26471,4.85787,-669942,-1,3.01703e-10,1,0
0.000217096,-0.144842,-0.00393212,-0.264531,4.85783,-667178,-1,7.17706e-10,1,0
0.00021813,-0.143856,-0.00367167,-0.264169,4.85613,-659496,-1,1.67173e-10,1,0
0.000218279,-0.143961,-0.0037123,-0.264115,4.85457,-659526,-1,9.48804e-11,1,0
0.000219124,-0.144375,-0.00330295,-0.263177,4.85229,-658876,-1,1.17038e-09,1,0
0.000219983,-0.145106,-0.00281244,-0.262739,4.85125,-659625,-1,9.71083e-10,1,0
0.00022036,-0.145155,-0.00240652,-0.262719,4.85088,-658719,-1,1.60326e-10,1,0
0.000221121,-0.145271,-0.00147437,-0.263045,4.85242,-656976,-1,1.32712e-09,1,0
0.000221638,-0.145041,-0.00171186,-0.263634,4.85224,-654404,-1,6.75553e-10,1,0
0.000222432,-0.144457,-0.00119493,-0.263023,4.85234,-649442,-1,5.8337e-11,1,0
0.000223118,-0.143824,-0.0015892,-0.263336,4.85373,-644609,-1,7.2018e-10,1,0
0.000223616,-0.14436,-0.00186155,-0.263103,4.85193,-645571,-1,6.363e-10,1,0
0.000224195,-0.143857,-0.00165208,-0.262576,4.85249,-641661,-1,7.57171e-10,1,0
0.000224469,-0.14366,-0.00179737,-0.262361,4.85034,-639998,-1,2.27431e-10,1,0
0.000225888,-0.143457,-0.00210974,-0.260957,4.84847,-635083,-1,8.34162e-10,1,0
0.000226769,-0.144053,-0.00227706,-0.260916,4.84773,-635243,-1,5.84609e-10,1,0
0.000228021,-0.143474,-0.000834155,-0.261369,4.84787,-629215,-1,2.90442e-10,1,0
0.000228745,-0.143109,-1.86844e-05,-0.26168,4.84789,-625628,-1,2.90442e-10,1,0
0.000229511,-0.143917,-0.000177359,-0.262184,4.84947,-627060,-1,9.71267e-10,1,0
0.00023055,-0.144666,-6.47887e-05,-0.261704,4.85103,-627483,-1,3.84409e-10,1,0
0.000231066,-0.14488,-0.000233718,-0.261314,4.84838,-627006,-1,2.08567e-10,1,0
0.000232212,-0.144652,0.000696037,-0.262037,4.85161,-622932,-1,4.64723e-10,1,0
0.000233064,-0.144402,0.00119603,-0.262865,4.85213,-619581,-1,2.01804e-09,1,0
0.000234495,-0.144524,0.000949331,-0.262837,4.85283,-616321,-1,5.53674e-10,1,0
0.000234838,-0.144872,0.000879837,-0.262818,4.85132,-616903,-1,1.13295e-10,1,0
0.000235493,-0.144989,4.77585e-05,-0.262982,4.85132,-615682,-1,1.13295e-10,1,0
0.000236266,-0.145126,-0.00093379,-0.263176,4.85113,-614250,-1,1.86602e-09,1,0
0.000237499,-0.145496,-0.00106161,-0.264672,4.85219,-612616,-1,5.54226e-10,1,0
0.000238102,-0.14529,-0.000849431,-0.264618,4.84927,-610204,-1,1.09598e-10,1,0
0.000238134,-0.145293,-0.000865071,-0.264616,4.84552,-610132,-1,2.31912e-11,1,0
0.000239117,-0.144906,-0.00133065,-0.265204,4.84275,-606005,-1,1.98592e-10,1,0
0.000239969,-0.144676,-0.000866875,-0.265928,4.84125,-602895,-1,7.8672e-10,1,0
0.000240629,-0.145094,-0.000261943,-0.265806,4.84081,-602979,-1,6.04911e-10,1,0
0.000240954,-0.145272,-0.000163529,-0.265473,4.84128,-602902,-1,4.83827e-11,1,0
0.000241478,-0.145764,-0.000638143,-0.265485,4.83853,-603632,-1,7.08006e-10,1,0
0.0002427,-0.145894,0.000491829,-0.264578,4.83724,-601129,-1,5.10167e-10,1,0
0.000243177,-0.145477,0.000253254,-0.264377,4.83872,-598236,-1,2.73376e-10,1,0
0.000243913,-0.145812,0.000445735,-0.26405,4.84075,-597804,-1,3.71021e-11,1,0
0.000244447,-0.145685,0.00071974,-0.263882,4.84269,-595979,-1,1.82313e-10,1,0
0.000244576,-0.145636,0.000848169,-0.263855,4.84267,-595464,-1,1.68498e-10,1,0
0.000244745,-0.145691,0.00093057,-0.263835,4.84104,-595277,-1,9.77607e-11,1,0
0.000244915,-0.145749,0.000756711,-0.263709,4.84104,-595098,-1,9.77607e-11,1,0
0.000245277,-0.145829,0.000507204,-0.263468,4.84295,-594550,-1,6.24666e-10,1,0
0.000245955,-0.145534,0.00132537,-0.263308,4.84296,-591711,-1,6.24666e-10,1,0
0.000246218,-0.145378,0.00157724,-0.263321,4.84267,-590443,-1,1.20246e-09,1,0
0.000246947,-0.145587,0.00112367,-0.262758,4.83898,-589550,-1,2.04537e-10,1,0
0.000247829,-0.145988,0.000468886,-0.261899,4.83584,-589068,-1,1.99402e-09,1,0
0.000248114,-0.145847,0.000696436,-0.26164,4.83584,-587823,-1,1.99402e-09,1,0
0.000248969,-0.145426,0.00137757,-0.260864,4.83333,-584114,-1,1.48771e-09,1,0
0.000249208,-0.145301,0.00109492,-0.260909,4.83334,-583052,-1,1.48771e-09,1,0
0.000249811,-0.144987,0.000382989,-0.261022,4.83335,-580386,-1,1.48771e-09,1,0
0.000250411,-0.144927,-0.000308917,-0.261155,4.83736,-578758,-1,2.85942e-10,1,0
0.000251686,-0.144522,0.000249433,-0.262025,4.83459,-574215,-1,5.22124e-10,1,0
0.000252609,-0.144764,0.000965314,-0.261092,4.83445,-573074,-1,7.08703e-10,1,0
0.000253251,-0.144959,0.00150974,-0.260485,4.83444,-572391,-1,7.08703e-10,1,0
0.000255185,-0.144823,0.00286776,-0.259212,4.8328,-567520,-1,3.25252e-09,1,0
0.00025639,-0.143308,0.00315585,-0.25951,4.83326,-558944,-1,2.17523e-09,1,0
0.000257287,-0.14316,0.00202035,-0.259499,4.83557,-556423,-1,1.06612e-09,1,0
0.000258254,-0.14304,0.00125038,-0.260113,4.83459,-553874,-1,2.17942e-10,1,0
0.000258944,-0.143138,0.00178605,-0.259909,4.83062,-552773,-1,5.05426e-10,1,0
0.000259856,-0.143956,0.00263317,-0.26007,4.8306,-553984,-1,1.18886e-09,1,0
0.000260033,-0.143981,0.00262609,-0.26023,4.82985,-553704,-1,1.80802e-10,1,0
0.000261515,-0.143609,0.00270592,-0.260021,4.82934,-549141,-1,8.96216e-11,1,0
0.00026264,-0.143426,0.00217419,-0.259716,4.829,-546095,-1,9.71327e-10,1,0
0.000263673,-0.142766,0.00292498,-0.259233,4.82798,-541453,-1,5.62027e-10,1,0
0.000264435,-0.143043,0.00300279,-0.259563,4.82852,-540939,-1,5.67045e-10,1,0
0.000264679,-0.143127,0.00330643,-0.259518,4.82851,-540757,-1,5.67045e-10,1,0
0.000266184,-0.144875,0.0037132,-0.258751,4.82851,-544268,-1,7.83474e-10,1,0
0.000267002,-0.145503,0.00327946,-0.258767,4.82666,-544950,-1,6.28154e-10,1,0
0.000267967,-0.146369,0.00304772,-0.258929,4.82911,-546222,-1,2.72879e-10,1,0
0.000269181,-0.146719,0.00271672,-0.258789,4.8278,-545058,-1,5.71009e-10,1,0
0.000270283,-0.14565,0.00307863,-0.259538,4.82901,-538878,-1,3.14161e-10,1,0
0.000271199,-0.146707,0.00299571,-0.25899,4.82896,-540958,-1,3.14161e-10,1,0
0.000271738,-0.14733,0.00294692,-0.258668,4.8273,-542176,-1,1.89633e-09,1,0
0.000272903,-0.146993,0.00221157,-0.259494,4.8243,-538626,-1,6.3957e-10,1,0
0.000273845,-0.14621,0.00161139,-0.259983,4.82176,-533916,-1,2.88009e-10,1,0
0.000274299,-0.145956,0.0013713,-0.260009,4.82311,-532106,-1,4.47252e-10,1,0
0.000274664,-0.146158,0.00098254,-0.260196,4.8231,-532133,-1,4.47252e-10,1,0
0.000275421,-0.146757,0.000907993,-0.260818,4.82183,-532847,-1,7.27027e-10,1,0
0.000275836,-0.146586,0.00134251,-0.261064,4.8208,-531424,-1,1.73475e-10,1,0
0.000276339,-0.146482,0.00158646,-0.261051,4.82251,-530081,-1,6.4749e-10,1,0
0.000277034,-0.146574,0.00146901,-0.260361,4.82359,-529085,-1,8.69645e-10,1,0
0.000277367,-0.146592,0.00138258,-0.260122,4.82655,-528512,-1,2.58374e-10,1,0
0.000277999,-0.146635,0.00136556,-0.260945,4.82655,-527467,-1,2.58374e-10,1,0
0.00027809,-0.146672,0.00134971,-0.261046,4.82704,-527427,-1,8.97144e-10,1,0
0.000278366,-0.146586,0.00164665,-0.261069,4.82732,-526595,-1,7.89623e-11,1,0
0.000278712,-0.146462,0.00176921,-0.261156,4.82975,-525497,-1,1.3427e-10,1,0
0.000279543,-0.145877,0.00174624,-0.261063,4.82574,-521843,-1,3.11571e-10,1,0
0.000280003,-0.145636,0.00215668,-0.261411,4.82593,-520121,-1,5.57026e-10,1,0
0.000281118,-0.145954,0.00295496,-0.262582,4.82591,-519190,-1,5.57026e-10,1,0
0.000281373,-0.145948,0.003014,-0.262658,4.82427,-518699,-1,1.21564e-10,1,0
0.00028221,-0.145982,0.00321985,-0.261939,4.8245,-517281,-1,3.76564e-10,1,0
0.000283367,-0.144973,0.00279908,-0.26098,4.82517,-511609,-1,6.97857e-10,1,0
0.000283617,-0.144779,0.00264772,-0.261166,4.82478,-510473,-1,8.74126e-11,1,0
0.000284161,-0.145011,0.00228101,-0.261105,4.82364,-510313,-1,1.90761e-10,1,0
0.000284445,-0.145182,0.00211722,-0.260867,4.82421,-510402,-1,5.80283e-10,1,0
0.00028541,-0.145688,0.00208056,-0.260494,4.81998,-510451,-1,4.55077e-11,1,0
0.000286164,-0.14632,0.00192659,-0.26094,4.82253,-511315,-1,6.68061e-10,1,0
0.000286651,-0.146348,0.00230031,-0.261342,4.82183,-510544,-1,8.91685e-11,1,0
0.00028704,-0.146435,0.00216634,-0.261817,4.82142,-510157,-1,3.87582e-10,1,0
0.000288067,-0.146341,0.00161127,-0.261665,4.82042,-508013,-1,6.18148e-10,1,0
0.00028849,-0.146456,0.00200994,-0.261413,4.82081,-507664,-1,6.84309e-11,1,0
0.00028883,-0.146706,0.00214898,-0.261118,4.81738,-507934,-1,9.41196e-12,1,0
0.000289298,-0.146648,0.00187425,-0.260834,4.81651,-506909,-1,3.27428e-10,1,0
0.000290014,-0.145877,0.0020307,-0.260426,4.81579,-503001,-1,7.05481e-10,1,0
0.00029024,-0.145825,0.00207014,-0.260517,4.8167,-502429,-1,1.87111e-10,1,0
0.00029056,-0.145977,0.00191948,-0.260648,4.81529,-502397,-1,1.47831e-10,1,0
0.000290921,-0.146088,0.00175679,-0.261008,4.81583,-502156,-1,2.02417e-10,1,0
0.000291525,-0.145916,0.0014132,-0.261152,4.81704,-500526,-1,7.09829e-10,1,0
0.000292239,-0.1456,0.00189704,-0.260577,4.81744,-498224,-1,6.19013e-10,1,0
0.00029252,-0.145458,0.0018652,-0.260522,4.81527,-497258,-1,7.70282e-10,1,0
0.000293029,-0.145037,0.00137973,-0.260688,4.8153,-494958,-1,7.70282e-10,1,0
0.000293401,-0.1449,0.00102805,-0.260623,4.8154,-493863,-1,1.54076e-11,1,0
0.000294166,-0.144769,0.000939191,-0.259663,4.81346,-492134,-1,2.81122e-10,1,0
0.000294499,-0.144508,0.001238,-0.259838,4.81406,-490692,-1,5.64665e-12,1,0
0.000294959,-0.144145,0.00164967,-0.260079,4.81408,-488695,-1,5.64665e-12,1,0
0.000295734,-0.143388,0.00202513,-0.260629,4.81352,-484853,-1,1.03812e-09,1,0
0.000296645,-0.143609,0.00265082,-0.26129,4.81412,-484111,-1,8.43202e-10,1,0
0.000297373,-0.142771,0.00287804,-0.260934,4.81424,-480109,-1,8.61802e-10,1,0
0.000298588,-0.142775,0.00361165,-0.260627,4.8135,-478168,-1,3.03268e-10,1,0
0.000299282,-0.142121,0.00346106,-0.261146,4.81241,-474873,-1,8.91052e-10,1,0
0.000299649,-0.142116,0.00331435,-0.26107,4.80723,-474275,-1,2.71186e-10,1,0
0.000300166,-0.14192,0.00290576,-0.260941,4.808,-472806,-1,5.12994e-10,1,0
0.000300873,-0.141699,0.00332189,-0.260206,4.80673,-470960,-1,1.03707e-09,1,0
0.000301362,-0.14202,0.00287216,-0.25989,4.80592,-471261,-1,6.78437e-10,1,0
0.000302627,-0.141386,0.00276264,-0.260755,4.80271,-467196,-1,9.88021e-10,1,0
0.000303221,-0.14179,0.00308155,-0.261318,4.80323,-467612,-1,1.04742e-11,1,0
0.00030371,-0.141515,0.00349639,-0.2612,4.80389,-465953,-1,1.19435e-10,1,0
0.000304555,-0.140648,0.00335683,-0.261079,4.80625,-461815,-1,8.22128e-10,1,0
0.000304871,-0.140846,0.00370737,-0.26116,4.80624,-461987,-1,8.22128e-10,1,0
0.000306081,-0.140978,0.00497276,-0.261293,4.80656,-460590,-1,5.3286e-10,1,0
0.000306555,-0.140545,0.00457543,-0.26145,4.80688,-458468,-1,4.10451e-10,1,0
0.000307078,-0.140681,0.00399649,-0.261569,4.81081,-458128,-1,5.95203e-11,1,0
0.00030724,-0.140743,0.00386222,-0.261594,4.81252,-458088,-1,5.49904e-11,1,0
0.000308688,-0.141406,0.00376731,-0.261985,4.81423,-458086,-1,6.40671e-10,1,0
0.000310312,-0.142824,0.00261732,-0.26303,4.81403,-460259,-1,1.88633e-09,1,0
0.000310825,-0.14305,0.0023414,-0.263393,4.81528,-460226,-1,1.32864e-10,1,0
0.000311206,-0.142989,0.0018878,-0.263584,4.81662,-459466,-1,4.95992e-10,1,0
0.000311484,-0.142907,0.00223876,-0.263551,4.81663,-458793,-1,4.95992e-10,1,0
0.000313303,-0.142605,0.000683181,-0.263234,4.81096,-455166,-1,1.97176e-09,1,0
0.000314111,-0.14273,0.00122048,-0.263391,4.80937,-454393,-1,4.74301e-10,1,0
0.000315114,-0.142634,0.000488029,-0.263659,4.80983,-452643,-1,9.9131e-10,1,0
0.000316058,-0.143211,0.000628313,-0.262901,4.80792,-453117,-1,1.36877e-09,1,0
0.000317199,-0.142931,0.000221301,-0.264204,4.80772,-450605,-1,5.42263e-10,1,0
0.000317516,-0.142937,0.000475417,-0.264186,4.80841,-450175,-1,2.83965e-10,1,0
0.000318491,-0.142906,-0.000405101,-0.263592,4.8064,-448696,-1,2.16842e-10,1,0
0.000319064,-0.142784,-0.000984683,-0.263159,4.80719,-447508,-1,1.84705e-09,1,0
0.000319886,-0.142392,-0.000325374,-0.262413,4.80652,-445134,-1,1.0811e-09,1,0
0.000320748,-0.14235,-0.000498385,-0.2618,4.80811,-443808,-1,7.91411e-10,1,0
0.000321892,-0.14261,-0.00032423,-0.260886,4.80869,-443038,-1,5.05845e-10,1,0
0.0003229,-0.142858,-0.00111379,-0.260766,4.80395,-442421,-1,3.23989e-10,1,0
0.000323186,-0.142685,-0.00122887,-0.260721,4.80419,-441495,-1,1.13118e-09,1,0
0.000323584,-0.142203,-0.0011524,-0.260584,4.80422,-439462,-1,6.98422e-11,1,0
0.000324247,-0.142096,-0.00138148,-0.259824,4.80507,-438233,-1,5.17461e-10,1,0
0.000324465,-0.142344,-0.00132859,-0.259732,4.80475,-438704,-1,9.75652e-11,1,0
0.000325015,-0.142907,-0.00113993,-0.259341,4.80515,-439693,-1,4.21829e-10,1,0
0.000325972,-0.143297,-0.000328487,-0.258813,4.80749,-439600,-1,2.56543e-10,1,0
0.000326269,-0.143116,-0.000248962,-0.259087,4.80592,-438645,-1,7.91232e-11,1,0
0.00032677,-0.142803,-0.000345157,-0.25951,4.80501,-437013,-1,2.06964e-10,1,0
0.000326956,-0.142789,-0.000231939,-0.259506,4.80855,-436724,-1,6.86257e-11,1,0
0.000327821,-0.143672,-0.000675878,-0.259452,4.80858,-438263,-1,3.85491e-10,1,0
0.000328409,-0.143342,-0.000377547,-0.259798,4.80992,-436475,-1,6.81852e-11,1,0
0.000328543,-0.143227,-0.000262132,-0.259861,4.80992,-435946,-1,6.81852e-11,1,0
0.000328958,-0.142871,-3.17685e-05,-0.259998,4.81125,-434314,-1,1.15367e-09,1,0
0.000329518,-0.142398,-0.000422065,-0.260023,4.80893,-432142,-1,6.03968e-11,1,0
0.000330298,-0.142605,-0.00136581,-0.259763,4.80695,-431745,-1,3.77579e-10,1,0
0.000330604,-0.142747,-0.00157726,-0.259839,4.80433,-431777,-1,1.46533e-10,1,0
0.000331289,-0.142665,-0.00166047,-0.260194,4.8032,-430638,-1,7.53608e-10,1,0
0.000331676,-0.142553,-0.00119414,-0.260346,4.80192,-429796,-1,8.91204e-10,1,0
0.000333028,-0.142026,-0.00174812,-0.259726,4.80428,-426469,-1,3.61027e-10,1,0
0.000333903,-0.143057,-0.0015813,-0.259872,4.80546,-428438,-1,1.05689e-09,1,0
0.000335044,-0.14365,-0.000305196,-0.259683,4.80515,-428748,-1,2.79586e-10,1,0
0.000335498,-0.143921,0.00021785,-0.259664,4.80514,-428978,-1,2.79586e-10,1,0
0.000336876,-0.143881,0.000355813,-0.260326,4.80431,-427104,-1,2.68155e-09,1,0
0.000336902,-0.143868,0.000336495,-0.260349,4.80431,-427031,-1,2.68155e-09,1,0
0.000337116,-0.143802,0.000155378,-0.260532,4.80461,-426565,-1,3.41901e-11,1,0
0.000337935,-0.144769,0.000553372,-0.260328,4.80377,-428394,-1,1.06592e-09,1,0
0.000338003,-0.1448,0.000577773,-0.260304,4.80014,-428398,-1,3.57619e-11,1,0
0.000339422,-0.145979,0.00134844,-0.260814,4.80059,-430083,-1,7.83251e-10,1,0
0.000340055,-0.145991,0.00179786,-0.260257,4.79981,-429316,-1,1.28446e-10,1,0
0.000340643,-0.14568,0.00156626,-0.260715,4.80175,-427661,-1,8.56947e-11,1,0
0.000341443,-0.145501,0.00172278,-0.260405,4.80233,-426135,-1,6.19222e-10,1,0
0.000342226,-0.145717,0.000802385,-0.260026,4.80231,-425792,-1,6.19222e-10,1,0
0.000342582,-0.145702,0.000492125,-0.260021,4.80195,-425306,-1,1.42723e-10,1,0
0.000343497,-0.146185,0.00117486,-0.260868,4.80192,-425578,-1,1.42723e-10,1,0
0.000344014,-0.146477,0.000628139,-0.260937,4.79824,-425786,-1,6.33823e-10,1,0
0.000344761,-0.146934,0.000383414,-0.261758,4.79893,-426190,-1,9.70628e-10,1,0
0.000345835,-0.14591,0.000683027,-0.262657,4.79898,-421906,-1,9.70628e-10,1,0
0.00034609,-0.145866,0.000529283,-0.262687,4.79503,-421468,-1,5.97856e-11,1,0
0.000346676,-0.146201,0.000607176,-0.262638,4.79818,-421723,-1,4.47908e-10,1,0
0.000347113,-0.146044,0.000964354,-0.26305,4.79571,-420739,-1,5.67529e-10,1,0
0.000348336,-0.146899,0.00160827,-0.262433,4.79536,-421718,-1,9.6997e-10,1,0
0.000349146,-0.146712,0.00161127,-0.262178,4.79779,-420201,-1,1.23408e-09,1,0
0.000350023,-0.146156,0.00140453,-0.263148,4.79592,-417562,-1,6.79738e-10,1,0
0.000350918,-0.147055,0.0011051,-0.262735,4.79559,-419058,-1,8.27975e-10,1,0
0.000351136,-0.147285,0.00100126,-0.262727,4.79653,-419452,-1,1.12199e-10,1,0
0.00035141,-0.14699,0.000924229,-0.262542,4.79521,-418285,-1,3.56404e-10,1,0
0.000351701,-0.147099,0.000984452,-0.262283,4.79774,-418251,-1,1.28623e-10,1,0
0.000352121,-0.147385,0.00114001,-0.261925,4.79984,-418564,-1,1.53747e-10,1,0
0.000352408,-0.147334,0.00102653,-0.261918,4.80309,-418079,-1,2.09822e-10,1,0
0.000352803,-0.147505,0.00079129,-0.262061,4.80201,-418094,-1,1.0755e-10,1,0
0.000353475,-0.147276,0.000723286,-0.262516,4.7988,-416652,-1,3.53729e-10,1,0
0.00035386,-0.147131,0.000489969,-0.262883,4.79775,-415790,-1,2.37386e-11,1,0
0.000355917,-0.147385,-0.00101894,-0.264129,4.80105,-414099,-1,7.83017e-10,1,0
0.000357069,-0.148112,-0.000773461,-0.263876,4.80451,-414799,-1,2.39341e-10,1,0
0.000358117,-0.14895,-0.0011178,-0.263812,4.80542,-415925,-1,4.85774e-10,1,0
0.000358848,-0.149147,-0.000943856,-0.264673,4.81084,-415626,-1,9.18949e-10,1,0
0.000360496,-0.148625,-0.00242569,-0.264821,4.8103,-412281,-1,9.03342e-10,1,0
0.000361726,-0.147191,-0.00239685,-0.265533,4.81077,-406913,-1,1.60114e-09,1,0
0.000362495,-0.146794,-0.00265671,-0.264971,4.81107,-404956,-1,4.0742e-10,1,0
0.000362635,-0.146888,-0.00272349,-0.265008,4.8079,-405057,-1,6.28765e-12,1,0
0.00036365,-0.146619,-0.00292575,-0.265082,4.80834,-403186,-1,6.32557e-10,1,0
0.000364343,-0.147004,-0.00345165,-0.264532,4.80731,-403475,-1,9.02247e-10,1,0
0.000365586,-0.147972,-0.00430654,-0.263559,4.80726,-404752,-1,9.02247e-10,1,0
0.000366304,-0.148531,-0.00480018,-0.262997,4.80697,-405485,-1,3.23828e-09,1,0
0.000367096,-0.149024,-0.00441727,-0.263318,4.80523,-405954,-1,8.18134e-10,1,0
0.000367461,-0.149308,-0.00442693,-0.262938,4.80628,-406324,-1,2.8443e-10,1,0
0.000368217,-0.149408,-0.00477515,-0.262907,4.80735,-405761,-1,3.5071e-10,1,0
0.000369705,-0.15069,-0.00622008,-0.263051,4.806,-407594,-1,2.56945e-09,1,0
0.000370947,-0.149967,-0.00765337,-0.263111,4.80475,-404282,-1,1.60609e-09,1,0
0.000371229,-0.149885,-0.00773136,-0.26299,4.80513,-403754,-1,2.34075e-10,1,0
0.000371397,-0.149872,-0.00785066,-0.263081,4.80472,-403535,-1,6.81943e-11,1,0
0.000372613,-0.149893,-0.00804419,-0.264404,4.80636,-402275,-1,1.08618e-09,1,0
0.000373328,-0.149727,-0.00856601,-0.264511,4.80319,-401060,-1,1.16739e-09,1,0
0.000373522,-0.149618,-0.00851521,-0.264536,4.80088,-400559,-1,1.58809e-10,1,0
0.000374296,-0.149959,-0.00764338,-0.264167,4.80087,-400642,-1,1.58809e-10,1,0
0.000374678,-0.150127,-0.0072138,-0.263985,4.80086,-400683,-1,1.58809e-10,1,0
0.000375568,-0.150519,-0.00621099,-0.26356,4.80313,-400778,-1,2.66015e-09,1,0
0.000376008,-0.15053,-0.00635681,-0.263925,4.80266,-400338,-1,3.24419e-10,1,0
0.000376601,-0.150181,-0.00686761,-0.264013,4.80696,-398780,-1,5.7909e-10,1,0
0.000377123,-0.150315,-0.00683535,-0.264339,4.80514,-398583,-1,1.78401e-10,1,0
0.000378024,-0.150719,-0.00637283,-0.263924,4.80567,-398702,-1,4.46169e-10,1,0
0.000378405,-0.151059,-0.00601252,-0.263936,4.80565,-399200,-1,4.46169e-10,1,0
0.000379343,-0.150677,-0.00530321,-0.263316,4.80787,-397206,-1,1.45246e-09,1,0
0.000379811,-0.150343,-0.00496952,-0.26293,4.80779,-395837,-1,1.598e-09,1,0
0.000380551,-0.149902,-0.00424767,-0.26339,4.81156,-393908,-1,9.63085e-10,1,0
0.000381335,-0.150036,-0.00431053,-0.262617,4.81263,-393449,-1,7.28249e-10,1,0
0.000382818,-0.14845,-0.00511453,-0.262019,4.81272,-387782,-1,1.29496e-09,1,0
0.00038308,-0.148128,-0.00521177,-0.26197,4.81273,-386677,-1,1.29496e-09,1,0
0.000383428,-0.147932,-0.00511236,-0.261912,4.81329,-385814,-1,1.06291e-10,1,0
0.000384185,-0.147796,-0.00480192,-0.262268,4.81699,-384699,-1,6.25888e-10,1,0
0.000385127,-0.148591,-0.00444379,-0.262236,4.81671,-385822,-1,2.96468e-10,1,0
0.000385892,-0.148624,-0.00360198,-0.262438,4.81679,-385144,-1,1.19131e-09,1,0
0.000385974,-0.148633,-0.00355779,-0.262477,4.81604,-385085,-1,1.98951e-11,1,0
0.000386934,-0.14875,-0.00337922,-0.263547,4.812,-384434,-1,1.1276e-09,1,0
0.000388422,-0.148268,-0.00272489,-0.262536,4.80897,-381720,-1,3.41133e-10,1,0
0.000389353,-0.147594,-0.00245021,-0.261568,4.809,-379076,-1,3.41133e-10,1,0
0.000390313,-0.146899,-0.00216678,-0.260568,4.80882,-376361,-1,3.44951e-09,1,0
0.000391147,-0.146271,-0.00182506,-0.259752,4.80885,-373953,-1,3.44951e-09,1,0
0.000392127,-0.145591,-0.00195333,-0.258769,4.80901,-371286,-1,1.5678e-10,1,0
0.000393045,-0.145397,-0.00295834,-0.25875,4.80583,-369925,-1,7.13741e-10,1,0
0.000393907,-0.14565,-0.00361749,-0.258856,4.80232,-369757,-1,5.70766e-11,1,0
0.000394239,-0.145402,-0.00385507,-0.258702,4.8009,-368818,-1,5.65532e-10,1,0
0.000395038,-0.144641,-0.00446963,-0.258401,4.80099,-366144,-1,1.06031e-09,1,0
0.000395648,-0.14503,-0.00399798,-0.258229,4.80038,-366564,-1,7.04476e-10,1,0
0.000396869,-0.145602,-0.00312613,-0.258701,4.8043,-366876,-1,5.25757e-10,1,0
0.00039743,-0.145236,-0.0034156,-0.258721,4.8046,-365437,-1,4.88472e-10,1,0
0.000397602,-0.145087,-0.00355369,-0.258785,4.80552,-364905,-1,1.80777e-10,1,0
0.000398205,-0.14487,-0.0030916,-0.258241,4.80677,-363809,-1,5.37789e-10,1,0
0.000399222,-0.144913,-0.00185839,-0.258486,4.80722,-362988,-1,1.04497e-09,1,0
0.000399918,-0.145168,-0.00168172,-0.258254,4.80579,-362993,-1,3.68413e-10,1,0
0.000400215,-0.14487,-0.00165895,-0.258395,4.80217,-361980,-1,3.33751e-11,1,0
0.000401374,-0.146146,-0.00219934,-0.258988,4.80478,-364115,-1,1.50772e-09,1,0
0.000401956,-0.145404,-0.00204894,-0.258975,4.80481,-361742,-1,1.50772e-09,1,0
0.000403177,-0.143849,-0.00173368,-0.258946,4.80505,-356790,-1,2.34414e-09,1,0
0.000404045,-0.143462,-0.000718197,-0.259201,4.80503,-355064,-1,8.08747e-10,1,0
0.000404228,-0.143279,-0.000578256,-0.259199,4.80564,-354452,-1,2.01847e-10,1,0
0.000405027,-0.143233,0.000459931,-0.259172,4.80564,-353638,-1,2.01847e-10,1,0
0.000405676,-0.14339,0.00113961,-0.259206,4.80644,-353460,-1,1.68834e-09,1,0
0.000406171,-0.144005,0.00124409,-0.259371,4.80641,-354541,-1,1.68834e-09,1,0
0.00040668,-0.144525,0.00138394,-0.25944,4.80575,-355378,-1,1.40929e-09,1,0
0.000407215,-0.144364,0.00174002,-0.258864,4.80656,-354516,-1,7.88975e-10,1,0
0.00040852,-0.145843,0.00165535,-0.259017,4.80669,-357003,-1,9.88216e-10,1,0
0.000409683,-0.146902,0.00273592,-0.259042,4.80756,-358575,-1,1.91609e-09,1,0
0.000410298,-0.146166,0.00250845,-0.258875,4.80852,-356243,-1,8.14167e-11,1,0
0.000410871,-0.146686,0.0027541,-0.259349,4.80849,-357013,-1,8.14167e-11,1,0
0.000411672,-0.147253,0.00320654,-0.259724,4.80914,-357694,-1,1.55629e-09,1,0
0.000413234,-0.146693,0.00373158,-0.259193,4.80725,-354989,-1,5.56734e-10,1,0
0.000413632,-0.146581,0.00375026,-0.259109,4.80629,-354377,-1,1.49488e-10,1,0
0.000414914,-0.146303,0.00486306,-0.260272,4.80571,-352611,-1,1.41347e-09,1,0
0.000415834,-0.145771,0.00585165,-0.260687,4.80661,-350550,-1,1.45156e-09,1,0
0.000416738,-0.145757,0.0068806,-0.260119,4.80661,-349758,-1,1.45156e-09,1,0
0.000417196,-0.14573,0.00735009,-0.25977,4.8051,-349308,-1,2.14341e-10,1,0
0.000418313,-0.14624,0.00864091,-0.2602,4.80507,-349594,-1,2.14341e-10,1,0
0.000418692,-0.146413,0.00907871,-0.260346,4.80506,-349691,-1,2.14341e-10,1,0
0.000419421,-0.146667,0.00938878,-0.259755,4.80371,-349690,-1,6.9154e-10,1,0
0.000419972,-0.146311,0.00914505,-0.259533,4.80297,-348384,-1,4.67584e-10,1,0
0.000420833,-0.146842,0.00942483,-0.260379,4.80076,-348930,-1,2.12402e-10,1,0
0.000422275,-0.147897,0.0100917,-0.261778,4.80071,-350238,-1,2.12402e-10,1,0
0.000422893,-0.148534,0.0101628,-0.261738,4.80179,-351234,-1,3.12093e-09,1,0
0.000423018,-0.148473,0.0100449,-0.261701,4.80123,-350985,-1,1.24903e-10,1,0
0.000423805,-0.148769,0.00959155,-0.261264,4.80146,-351031,-1,2.52379e-10,1,0
0.000423953,-0.148651,0.00967996,-0.261216,4.8036,-350632,-1,8.23381e-10,1,0
0.000424268,-0.148333,0.00992239,-0.261131,4.80361,-349621,-1,8.23381e-10,1,0
0.000426483,-0.146342,0.00955969,-0.259757,4.80403,-343138,-1,1.49959e-09,1,0
0.00042675,-0.14632,0.00946932,-0.25979,4.80516,-342870,-1,1.68459e-10,1,0
0.000428046,-0.146175,0.0111009,-0.260194,4.80402,-341493,-1,1.6869e-09,1,0
0.00042886,-0.146288,0.0102854,-0.260222,4.80685,-341110,-1,1.3546e-10,1,0
0.000429185,-0.146184,0.0105603,-0.260409,4.80733,-340610,-1,2.43035e-10,1,0
0.00042945,-0.146198,0.010446,-0.260721,4.80705,-340430,-1,3.10918e-10,1,0
0.000430439,-0.146751,0.00952199,-0.261424,4.80703,-340933,-1,3.10918e-10,1,0
0.000430552,-0.146839,0.00943489,-0.261493,4.80643,-341049,-1,1.3747e-09,1,0
0.0004311,-0.14718,0.00953374,-0.26116,4.80496,-341404,-1,2.95145e-10,1,0
0.000431909,-0.147334,0.00978919,-0.260317,4.80321,-341123,-1,7.9657e-11,1,0
0.000432236,-0.147576,0.00976859,-0.260188,4.8034,-341425,-1,1.59097e-10,1,0
0.000433532,-0.148494,0.00971605,-0.258775,4.80335,-342522,-1,1.59097e-10,1,0
0.000434756,-0.148528,0.00982819,-0.257972,4.80782,-341636,-1,7.64783e-10,1,0
0.000435266,-0.148572,0.0101229,-0.258323,4.80988,-341337,-1,8.76782e-11,1,0
0.000435985,-0.148479,0.0107281,-0.259004,4.81027,-340561,-1,7.31294e-10,1,0
0.000437506,-0.148553,0.0117151,-0.259382,4.8111,-339545,-1,6.57189e-10,1,0
0.000437903,-0.148487,0.0115829,-0.25951,4.81054,-339086,-1,3.09727e-10,1,0
0.000438367,-0.148347,0.0114264,-0.258971,4.81171,-338408,-1,1.22495e-10,1,0
0.000438645,-0.148248,0.0113472,-0.25931,4.81148,-337968,-1,3.61903e-10,1,0
0.000438998,-0.148444,0.0116107,-0.259632,4.81147,-338143,-1,3.61903e-10,1,0
0.000439559,-0.148341,0.0114998,-0.259455,4.81374,-337476,-1,4.19715e-10,1,0
0.000440741,-0.147476,0.0126414,-0.259689,4.81282,-334609,-1,5.69349e-11,1,0
0.000441454,-0.148383,0.0127344,-0.259859,4.8142,-336124,-1,9.27505e-10,1,0
0.000441714,-0.148524,0.0124268,-0.259883,4.81377,-336245,-1,3.39234e-10,1,0
0.000442556,-0.148711,0.0118141,-0.258995,4.81376,-336029,-1,3.39234e-10,1,0
0.000443029,-0.149038,0.0118084,-0.258496,4.81466,-336406,-1,4.72479e-10,1,0
0.000443965,-0.148232,0.0115102,-0.258567,4.8137,-333882,-1,4.53433e-11,1,0
0.000444091,-0.148324,0.0114393,-0.25851,4.81338,-333995,-1,3.58239e-11,1,0
0.000445394,-0.148423,0.0114503,-0.257453,4.81361,-333239,-1,9.88173e-10,1,0
0.000446652,-0.147218,0.0119816,-0.258429,4.81373,-329604,-1,1.63834e-09,1,0
0.000447092,-0.14709,0.0121356,-0.25871,4.81249,-328993,-1,3.73359e-10,1,0
0.000447758,-0.14768,0.0117873,-0.258179,4.81246,-329821,-1,3.73359e-10,1,0
0.000448787,-0.148235,0.0120548,-0.25874,4.8052,-330302,-1,3.4796e-10,1,0
0.000449506,-0.148419,0.01215,-0.258532,4.80493,-330182,-1,3.76096e-10,1,0
0.000450204,-0.147916,0.0120682,-0.258061,4.80451,-328553,-1,3.18342e-10,1,0
0.000450407,-0.147823,0.011943,-0.257918,4.80632,-328198,-1,1.34031e-10,1,0
0.000451317,-0.148216,0.0123938,-0.258939,4.8063,-328409,-1,1.34031e-10,1,0
0.00045148,-0.148287,0.0124745,-0.259121,4.80406,-328446,-1,1.39477e-09,1,0
0.000451891,-0.148504,0.0120874,-0.259137,4.80387,-328628,-1,1.12734e-10,1,0
0.000452713,-0.148576,0.0115759,-0.258375,4.80418,-328189,-1,6.55579e-10,1,0
0.000453812,-0.148595,0.0110843,-0.257034,4.80535,-327438,-1,2.26472e-09,1,0
0.000454794,-0.148038,0.0116969,-0.256887,4.80419,-325507,-1,9.32894e-10,1,0
0.00045571,-0.147782,0.0110992,-0.25589,4.8042,-324290,-1,9.32894e-10,1,0
0.000456577,-0.148045,0.0108035,-0.255248,4.80476,-324251,-1,4.95397e-10,1,0
0.000457131,-0.147413,0.0106014,-0.255529,4.8048,-322475,-1,4.95397e-10,1,0
0.000458134,-0.146612,0.0111683,-0.25513,4.80577,-320020,-1,1.03666e-09,1,0
0.000458926,-0.146771,0.0103341,-0.254661,4.80437,-319813,-1,9.88053e-10,1,0
0.000460455,-0.14512,0.0100471,-0.254072,4.8046,-315166,-1,6.55042e-10,1,0
0.000461282,-0.144295,0.0101897,-0.253652,4.80291,-312812,-1,2.33514e-09,1,0
0.000461678,-0.144542,0.0104455,-0.253896,4.80384,-313079,-1,4.23605e-10,1,0
0.000462702,-0.144306,0.011676,-0.254345,4.80515,-311877,-1,1.49602e-09,1,0
0.00046327,-0.144255,0.012025,-0.253834,4.80309,-311384,-1,6.76893e-10,1,0
0.000463877,-0.143892,0.0122205,-0.253757,4.79943,-310194,-1,2.41886e-10,1,0
0.000464831,-0.144228,0.0130003,-0.253585,4.79773,-310281,-1,9.53239e-11,1,0
0.000465485,-0.144878,0.0135462,-0.253626,4.7977,-311242,-1,9.53239e-11,1,0
0.000466517,-0.144562,0.0127974,-0.254597,4.79834,-309875,-1,1.6602e-09,1,0
0.00046692,-0.144454,0.0127493,-0.254272,4.7988,-309377,-1,1.40248e-09,1,0
0.000467224,-0.144359,0.0124955,-0.25413,4.79802,-308971,-1,8.9151e-12,1,0
0.000467345,-0.144316,0.0123462,-0.254106,4.79802,-308800,-1,8.9151e-12,1,0
0.000467562,-0.144091,0.0123479,-0.25404,4.79853,-308174,-1,2.25003e-10,1,0
0.000467991,-0.144064,0.0126642,-0.253632,4.79911,-307836,-1,1.07557e-10,1,0
0.000468386,-0.144111,0.0129355,-0.253197,4.7991,-307675,-1,1.07557e-10,1,0
0.000468985,-0.143769,0.0135399,-0.253389,4.79887,-306553,-1,7.11993e-10,1,0
0.000469911,-0.143375,0.0144775,-0.254035,4.79889,-305110,-1,7.11993e-10,1,0
0.000470006,-0.143334,0.0145731,-0.2541,4.79889,-304963,-1,7.11993e-10,1,0
0.000471012,-0.143619,0.015049,-0.254357,4.7987,-304916,-1,5.75501e-10,1,0
0.000471924,-0.144096,0.0148625,-0.254621,4.79603,-305336,-1,1.1405e-09,1,0
0.00047216,-0.144083,0.0147616,-0.254509,4.79821,-305157,-1,2.00584e-10,1,0
0.00047264,-0.143915,0.0151473,-0.254048,4.79837,-304491,-1,6.23969e-10,1,0
0.000473786,-0.143374,0.0140182,-0.253504,4.80004,-302613,-1,6.28886e-10,1,0
0.000474115,-0.14311,0.0138166,-0.253314,4.80049,-301847,-1,7.20232e-11,1,0
0.00047457,-0.14298,0.0141084,-0.252919,4.80066,-301283,-1,4.5019e-10,1,0
0.000476394,-0.14343,0.0146784,-0.25278,4.79945,-301074,-1,7.77816e-10,1,0
0.000476893,-0.14369,0.0151714,-0.252447,4.79992,-301303,-1,1.25433e-09,1,0
0.000477561,-0.143539,0.0147952,-0.252508,4.80218,-300568,-1,1.57717e-10,1,0
0.000478746,-0.142507,0.015721,-0.251969,4.80337,-297667,-1,1.47937e-09,1,0
0.000479714,-0.142131,0.0164828,-0.252431,4.80647,-296283,-1,4.40279e-10,1,0
0.000480153,-0.142054,0.0161175,-0.252,4.80333,-295852,-1,5.7041e-10,1,0
0.000480555,-0.142298,0.0164399,-0.252318,4.80201,-296112,-1,5.00751e-10,1,0
0.00048088,-0.142176,0.0165807,-0.252692,4.80425,-295657,-1,6.60877e-12,1,0
0.00048183,-0.142647,0.0160247,-0.253576,4.80485,-296052,-1,3.01078e-10,1,0
0.000482796,-0.143566,0.0156144,-0.254007,4.80285,-297364,-1,2.4629e-10,1,0
0.000482965,-0.143596,0.0155695,-0.254064,4.8029,-297321,-1,6.13903e-11,1,0
0.000483536,-0.14376,0.0159246,-0.254115,4.80536,-297310,-1,3.22987e-10,1,0
0.000484438,-0.144317,0.0157662,-0.25365,4.80466,-297907,-1,7.7038e-10,1,0
0.000484851,-0.144345,0.0159267,-0.253856,4.80469,-297710,-1,3.21353e-10,1,0
0.000485876,-0.144945,0.0166025,-0.252875,4.8038,-298317,-1,1.49715e-09,1,0
0.000486476,-0.144619,0.0172003,-0.25298,4.80681,-297279,-1,8.06512e-11,1,0
0.000486915,-0.144301,0.0173629,-0.252752,4.81018,-296357,-1,3.64115e-10,1,0
0.00048742,-0.144256,0.0175515,-0.252631,4.80475,-295959,-1,3.01874e-10,1,0
0.000487765,-0.144075,0.0171508,-0.252543,4.80476,-295377,-1,3.01874e-10,1,0
0.000488266,-0.143811,0.0165682,-0.252416,4.80538,-294533,-1,1.10078e-09,1,0
0.000488869,-0.143591,0.0167414,-0.251683,4.80574,-293721,-1,7.84028e-10,1,0
0.000489442,-0.143411,0.0161975,-0.251826,4.80229,-293010,-1,5.59932e-10,1,0
0.000490218,-0.143249,0.0157915,-0.250916,4.80266,-292215,-1,1.00968e-09,1,0
0.000491156,-0.143529,0.0164682,-0.249941,4.80265,-292227,-1,1.00968e-09,1,0
0.000492077,-0.143301,0.0174401,-0.249344,4.80261,-291218,-1,1.39551e-09,1,0
0.000492614,-0.143226,0.0178876,-0.248975,4.80456,-290747,-1,4.31649e-11,1,0
0.000493425,-0.143571,0.0172456,-0.248732,4.8033,-290968,-1,1.72985e-11,1,0
0.000493878,-0.14349,0.0173789,-0.248331,4.80187,-290537,-1,1.90945e-10,1,0
0.000494495,-0.143724,0.0174632,-0.247941,4.80201,-290648,-1,3.22682e-10,1,0
0.000494737,-0.143913,0.0174678,-0.248072,4.80519,-290887,-1,2.1155e-10,1,0
0.000495035,-0.144059,0.0176151,-0.247745,4.80437,-291008,-1,3.87118e-10,1,0
0.000495363,-0.143895,0.017888,-0.24795,4.80396,-290484,-1,3.17629e-10,1,0
0.000495435,-0.143889,0.0178499,-0.247968,4.8025,-290430,-1,1.4705e-10,1,0
0.00049572,-0.144108,0.0176212,-0.248131,4.80087,-290705,-1,2.10146e-10,1,0
0.000496488,-0.143932,0.0174408,-0.248159,4.80005,-289900,-1,5.5248e-10,1,0
0.000496656,-0.144093,0.0173252,-0.248068,4.80004,-290127,-1,5.5248e-10,1,0
0.0004973,-0.144601,0.0167669,-0.247996,4.80208,-290772,-1,3.75144e-10,1,0
0.000498355,-0.144848,0.017837,-0.247627,4.80501,-290652,-1,3.01967e-10,1,0
0.000498893,-0.144761,0.0179493,-0.248299,4.80471,-290164,-1,4.326e-10,1,0
0.000499695,-0.144542,0.0172238,-0.247868,4.80175,-289261,-1,8.85564e-10,1,0
0.000499912,-0.144364,0.017125,-0.247886,4.80186,-288779,-1,1.02567e-10,1,0
0.000500573,-0.144413,0.0172354,-0.247452,4.80147,-288496,-1,4.42324e-10,1,0
0.000501257,-0.144864,0.0174009,-0.246702,4.80144,-289000,-1,4.42324e-10,1,0
0.000501661,-0.145013,0.0177929,-0.246625,4.80172,-289065,-1,1.63769e-09,1,0
0.000502031,-0.144889,0.0180231,-0.246914,4.80129,-288605,-1,3.17773e-10,1,0
0.00050361,-0.144877,0.0171072,-0.24875,4.80129,-287676,-1,3.17773e-10,1,0
0.000504794,-0.144868,0.01642,-0.250128,4.79961,-286984,-1,3.59178e-09,1,0
0.000505023,-0.144903,0.0165004,-0.250244,4.7973,-286923,-1,7.72983e-11,1,0
0.000505311,-0.144981,0.0167693,-0.250427,4.79678,-286915,-1,1.57032e-10,1,0
0.000506488,-0.145814,0.0175485,-0.251447,4.79674,-287892,-1,1.57032e-10,1,0
0.000507458,-0.146048,0.0174038,-0.251117,4.79562,-287802,-1,7.67994e-10,1,0
0.000508402,-0.14655,0.0163288,-0.250807,4.79515,-288257,-1,1.22669e-09,1,0
0.000508788,-0.146886,0.0162624,-0.250583,4.79419,-288698,-1,7.67082e-11,1,0
0.000509626,-0.147871,0.0160726,-0.25016,4.79415,-290156,-1,7.67082e-11,1,0
0.000510214,-0.148562,0.0159395,-0.249863,4.79252,-291176,-1,2.27729e-09,1,0
0.000510923,-0.149049,0.0156373,-0.249566,4.7979,-291725,-1,7.57147e-10,1,0
0.000511302,-0.14876,0.0158302,-0.249272,4.79914,-290943,-1,4.42176e-10,1,0
0.000512179,-0.148082,0.0160164,-0.24991,4.79949,-289121,-1,1.01486e-09,1,0
0.000512498,-0.14784,0.0161517,-0.250109,4.79632,-288469,-1,1.27123e-11,1,0
0.000512641,-0.147694,0.0161117,-0.250172,4.79675,-288104,-1,6.76033e-11,1,0
0.000513463,-0.146908,0.0155121,-0.250578,4.79679,-286113,-1,6.76033e-11,1,0
0.000513881,-0.146694,0.0154445,-0.250298,4.79489,-285462,-1,2.81144e-10,1,0
0.00051504,-0.146328,0.0152254,-0.248913,4.79507,-284109,-1,4.03559e-10,1,0
0.000515929,-0.145876,0.014301,-0.248584,4.79542,-282745,-1,1.26809e-09,1,0
0.000516459,-0.1455,0.0144837,-0.24897,4.79825,-281725,-1,4.58224e-10,1,0
0.000516896,-0.14532,0.0149234,-0.249225,4.79784,-281139,-1,2.80898e-10,1,0
0.000517401,-0.145157,0.0154632,-0.249563,4.79784,-280550,-1,2.80898e-10,1,0
0.000518345,-0.14475,0.0153781,-0.249301,4.79995,-279254,-1,1.64296e-09,1,0
0.00051866,-0.144581,0.0151415,-0.249034,4.80021,-278758,-1,2.38908e-11,1,0
0.000519284,-0.144783,0.0146421,-0.249635,4.80084,-278812,-1,7.35774e-12,1,0
0.000520348,-0.143552,0.0143047,-0.249101,4.8009,-275878,-1,7.35774e-12,1,0
0.000520655,-0.143421,0.01442,-0.248897,4.80161,-275462,-1,1.57224e-09,1,0
0.000520965,-0.143123,0.0146069,-0.249088,4.80154,-274726,-1,4.00514e-10,1,0
0.000521473,-0.142494,0.0146557,-0.248905,4.80111,-273253,-1,5.97391e-10,1,0
0.000521759,-0.142195,0.0146577,-0.248684,4.79907,-272529,-1,4.36025e-10,1,0
0.000521818,-0.142181,0.0146228,-0.248657,4.79735,-272473,-1,3.43298e-11,1,0
0.000522583,-0.142136,0.0137134,-0.248601,4.79536,-271988,-1,5.00274e-11,1,0
0.000523317,-0.142471,0.0141628,-0.248544,4.79586,-272247,-1,6.14467e-10,1,0
0.000523875,-0.142669,0.0137465,-0.248306,4.79684,-272334,-1,7.31536e-11,1,0
0.000524352,-0.142932,0.0135288,-0.248401,4.79739,-272589,-1,1.50154e-11,1,0
0.000526074,-0.142712,0.0140537,-0.249087,4.79918,-271277,-1,6.1855e-10,1,0
0.00052669,-0.142217,0.0145739,-0.249442,4.7992,-270020,-1,6.1855e-10,1,0
0.000527164,-0.142259,0.0140122,-0.249363,4.79936,-269858,-1,2.82714e-10,1,0
0.000527867,-0.14221,0.0131395,-0.249191,4.80012,-269405,-1,8.07976e-10,1,0
0.000529144,-0.142451,0.0138317,-0.249321,4.8004,-269211,-1,1.18686e-09,1,0
0.000530087,-0.142982,0.0132761,-0.249543,4.80396,-269733,-1,9.41686e-10,1,0
0.00053042,-0.142955,0.0134419,-0.249649,4.80661,-269514,-1,5.25455e-11,1,0
0.000531025,-0.142446,0.0133992,-0.250248,4.80562,-268248,-1,9.97987e-10,1,0
0.000531557,-0.142297,0.0128268,-0.250573,4.80599,-267698,-1,1.73387e-10,1,0
0.000532274,-0.142586,0.0121348,-0.250861,4.80261,-267881,-1,4.49325e-11,1,0
0.00053253,-0.14284,0.0122514,-0.250732,4.80098,-268229,-1,6.71334e-10,1,0
0.000533601,-0.143793,0.0127893,-0.250106,4.79817,-269477,-1,1.61321e-09,1,0
0.000534603,-0.142895,0.012071,-0.249495,4.79822,-267291,-1,1.61321e-09,1,0
0.00053506,-0.142834,0.0117252,-0.249879,4.79979,-266950,-1,5.32566e-10,1,0
0.000536293,-0.143661,0.0127989,-0.249279,4.79944,-267878,-1,9.88329e-10,1,0
0.000536764,-0.144049,0.0125881,-0.24929,4.79961,-268366,-1,2.95902e-10,1,0
0.000537425,-0.144347,0.013087,-0.249786,4.79985,-268590,-1,5.38241e-10,1,0
0.000537848,-0.144215,0.0135065,-0.249629,4.80035,-268134,-1,1.20283e-10,1,0
0.00053861,-0.144129,0.0137775,-0.249188,4.79722,-267593,-1,8.72668e-10,1,0
0.000539467,-0.144866,0.0129529,-0.249314,4.79718,-268535,-1,8.72668e-10,1,0
0.000539917,-0.145253,0.0125202,-0.24938,4.79716,-269028,-1,8.72668e-10,1,0
0.000540935,-0.146185,0.0121139,-0.249775,4.79518,-270245,-1,5.44539e-10,1,0
0.00054182,-0.146161,0.012187,-0.250764,4.79625,-269760,-1,1.03699e-10,1,0
0.000542628,-0.146668,0.0117375,-0.250823,4.79543,-270291,-1,4.08905e-10,1,0
0.000542949,-0.146775,0.0113537,-0.250703,4.79543,-270329,-1,4.08905e-10,1,0
0.000543219,-0.146865,0.0110293,-0.250601,4.79542,-270360,-1,4.08905e-10,1,0
0.000545501,-0.147626,0.00829551,-0.249743,4.79539,-270625,-1,4.08905e-10,1,0
0.000546802,-0.14806,0.00673636,-0.249253,4.79552,-270775,-1,6.00419e-09,1,0
0.000547148,-0.148177,0.006929,-0.249045,4.79268,-270816,-1,2.38921e-10,1,0
0.000547836,-0.148398,0.0065114,-0.249714,4.79184,-270880,-1,6.66608e-11,1,0
0.00054889,-0.148794,0.00567337,-0.248813,4.79226,-271082,-1,2.94884e-10,1,0
0.000550277,-0.149056,0.00622157,-0.247671,4.78975,-270875,-1,9.88115e-10,1,0
0.000551293,-0.149212,0.00614479,-0.246596,4.78963,-270658,-1,4.79932e-10,1,0
0.000551396,-0.149174,0.00613169,-0.246469,4.78963,-270539,-1,4.79932e-10,1,0
0.000552293,-0.148634,0.00625997,-0.246807,4.79002,-269122,-1,2.15463e-10,1,0
0.000553562,-0.148771,0.00495804,-0.245834,4.79134,-268752,-1,1.53653e-10,1,0
0.000554716,-0.148175,0.00452336,-0.245601,4.78911,-267119,-1,2.25539e-09,1,0
0.000555679,-0.147023,0.00478529,-0.246011,4.78917,-264582,-1,2.25539e-09,1,0
0.000556168,-0.146438,0.00491817,-0.246219,4.78833,-263299,-1,2.62288e-09,1,0
0.000556579,-0.146233,0.00516723,-0.246623,4.78819,-262734,-1,8.8351e-11,1,0
0.000557395,-0.146228,0.00436398,-0.247157,4.78541,-262341,-1,7.72549e-11,1,0
0.000557871,-0.146043,0.00383491,-0.24721,4.7827,-261787,-1,4.30991e-10,1,0
0.000558889,-0.145359,0.00470747,-0.24793,4.78366,-260085,-1,1.32223e-09,1,0
0.000559049,-0.145358,0.00481804,-0.247882,4.77856,-260010,-1,4.02798e-11,1,0
0.000559468,-0.145755,0.00478794,-0.24794,4.77833,-260524,-1,4.6653e-10,1,0
0.000559947,-0.145794,0.00473549,-0.247725,4.77753,-260372,-1,2.08247e-10,1,0
0.000560685,-0.145936,0.00462632,-0.248471,4.77739,-260282,-1,4.46658e-10,1,0
0.000560928,-0.145741,0.00467882,-0.248229,4.7774,-259821,-1,4.46658e-10,1,0
0.000561543,-0.145584,0.00446143,-0.247764,4.78038,-259257,-1,3.6906e-10,1,0
0.000562535,-0.144923,0.00445851,-0.24666,4.78041,-257626,-1,3.6906e-10,1,0
0.000563143,-0.144517,0.00445407,-0.245987,4.77893,-256626,-1,2.07152e-09,1,0
0.000564114,-0.143903,0.00375232,-0.246756,4.77873,-255096,-1,9.88226e-10,1,0
0.00056515,-0.143328,0.00268493,-0.247058,4.77797,-253610,-1,1.04798e-10,1,0
0.000565618,-0.143426,0.00266115,-0.247285,4.77773,-253573,-1,2.38078e-10,1,0
0.000566078,-0.143862,0.00298938,-0.247188,4.77771,-254138,-1,6.30377e-10,1,0
0.000566582,-0.143686,0.00288958,-0.246954,4.77486,-253602,-1,2.26862e-10,1,0
0.000567676,-0.142696,0.00288365,-0.247907,4.77527,-251368,-1,9.2945e-10,1,0
0.000569024,-0.141442,0.00240869,-0.249028,4.77534,-248570,-1,9.2945e-10,1,0
0.000569673,-0.140803,0.00257305,-0.249407,4.77721,-247164,-1,3.29936e-10,1,0
0.000570503,-0.140227,0.00252779,-0.248572,4.77614,-245795,-1,3.68303e-10,1,0
0.000571698,-0.139425,0.00245719,-0.247248,4.77618,-243878,-1,3.68303e-10,1,0
0.000572076,-0.139133,0.00255027,-0.247065,4.77566,-243207,-1,7.71958e-12,1,0
0.000574026,-0.138649,0.00122325,-0.247583,4.77689,-241538,-1,5.52901e-10,1,0
0.000574664,-0.139143,0.000767915,-0.247737,4.77786,-242130,-1,3.44104e-10,1,0
0.000575148,-0.139011,0.000172511,-0.247586,4.77877,-241696,-1,6.28208e-10,1,0
0.000576042,-0.138816,0.000523436,-0.246948,4.77586,-240982,-1,6.24384e-10,1,0
0.000576645,-0.138783,0.00113113,-0.247201,4.77479,-240674,-1,6.45043e-10,1,0
0.000577227,-0.138799,0.00117285,-0.247109,4.77262,-240458,-1,3.83524e-10,1,0
0.000577829,-0.139223,0.00106859,-0.24693,4.77311,-240942,-1,5.60731e-10,1,0
0.000578451,-0.138713,0.000999095,-0.246657,4.77216,-239801,-1,5.38877e-10,1,0
0.000578676,-0.138805,0.00101028,-0.246887,4.77052,-239866,-1,3.15739e-10,1,0
0.000579516,-0.139164,0.00144185,-0.247647,4.76907,-240139,-1,5.49266e-10,1,0
0.000579859,-0.139183,0.0016772,-0.247341,4.77445,-240029,-1,1.88701e-12,1,0
0.000580759,-0.140133,0.00163359,-0.247601,4.77252,-241293,-1,2.92759e-10,1,0
0.00058257,-0.139232,0.00221099,-0.24815,4.77245,-238996,-1,1.5869e-09,1,0
0.000583478,-0.138114,0.00250669,-0.248374,4.7725,-236709,-1,1.5869e-09,1,0
0.000584409,-0.137322,0.00201966,-0.24913,4.77209,-234976,-1,2.16218e-10,1,0
0.000585313,-0.137443,0.000870861,-0.249325,4.77304,-234819,-1,1.17158e-09,1,0
0.000586812,-0.136348,0.000915148,-0.248568,4.77276,-232355,-1,4.98973e-10,1,0
0.000587747,-0.135168,0.000854732,-0.2483,4.77282,-229977,-1,4.98973e-10,1,0
0.000588587,-0.134107,0.000800421,-0.248059,4.7685,-227846,-1,2.30137e-09,1,0
0.000589243,-0.134715,0.000458405,-0.247641,4.76762,-228625,-1,3.8576e-10,1,0
0.000590517,-0.134002,-0.000257021,-0.246611,4.76617,-226924,-1,1.25552e-09,1,0
0.000591,-0.133987,-7.81885e-05,-0.246478,4.76273,-226712,-1,2.34723e-10,1,0
0.000591501,-0.134474,-0.000177506,-0.246111,4.76258,-227343,-1,3.04699e-10,1,0
0.000592401,-0.135017,-0.00048081,-0.245166,4.76319,-227914,-1,9.88259e-10,1,0
0.000593177,-0.135099,-0.000383188,-0.244423,4.76337,-227756,-1,3.51963e-10,1,0
0.000594069,-0.13544,-4.92105e-05,-0.243556,4.76026,-227987,-1,6.20998e-10,1,0
0.000594751,-0.135304,0.000587948,-0.243725,4.7612,-227496,-1,6.8536e-10,1,0
0.000595604,-0.136207,5.4506e-05,-0.24397,4.76082,-228687,-1,8.84057e-10,1,0
0.000595948,-0.136546,0.000128621,-0.244094,4.75892,-229124,-1,7.44891e-11,1,0
0.000596705,-0.136742,-0.00020393,-0.244352,4.759,-229162,-1,5.83159e-10,1,0
0.000597468,-0.136063,-0.000173787,-0.245068,4.75906,-227733,-1,1.38414e-09,1,0
0.000597941,-0.135641,-0.000220267,-0.244824,4.7596,-226847,-1,3.48654e-10,1,0
0.000598014,-0.135585,-0.000240327,-0.244798,4.75746,-226725,-1,5.74382e-11,1,0
0.000598597,-0.136114,-0.000233365,-0.244488,4.75865,-227389,-1,4.00907e-10,1,0
0.00059889,-0.136418,-2.84208e-05,-0.244553,4.75888,-227785,-1,4.24342e-10,1,0
0.000599535,-0.136927,0.000439693,-0.244815,4.75785,-228389,-1,1.01025e-09,1,0
0.000599917,-0.136752,0.000787652,-0.24512,4.75834,-227951,-1,6.3841e-10,1,0
0.000600671,-0.136718,0.00078182,-0.244961,4.75576,-227608,-1,5.33349e-10,1,0
0.000600988,-0.136774,0.000784684,-0.244918,4.75592,-227582,-1,7.91311e-11,1,0
0.000601462,-0.136407,0.000381226,-0.244883,4.75259,-226793,-1,7.4175e-11,1,0
0.00060191,-0.136128,-5.85558e-05,-0.244928,4.75285,-226161,-1,6.41604e-10,1,0
0.000602484,-0.135611,-2.89957e-05,-0.244397,4.75029,-225086,-1,8.13685e-10,1,0
0.000602826,-0.135763,-0.000105132,-0.244098,4.75063,-225210,-1,1.6431e-11,1,0
0.000603309,-0.135539,0.000166661,-0.243976,4.75093,-224659,-1,3.20651e-10,1,0
0.000603931,-0.135286,0.000594059,-0.243503,4.74821,-224009,-1,3.9405e-10,1,0
0.000604232,-0.13562,0.000771605,-0.243507,4.7488,-224450,-1,3.41908e-10,1,0
0.000604793,-0.135136,0.000556172,-0.243597,4.75038,-223441,-1,5.0285e-10,1,0
0.00060551,-0.135169,0.000309328,-0.242704,4.74824,-223231,-1,9.27098e-10,1,0
0.000606559,-0.135413,-0.000627171,-0.243393,4.74937,-223249,-1,3.92753e-10,1,0
0.000606798,-0.135634,-0.000776164,-0.243516,4.75102,-223524,-1,6.81318e-11,1,0
0.000606927,-0.135716,-0.000785922,-0.243401,4.74903,-223611,-1,1.98571e-11,1,0
0.000607817,-0.136717,-0.000700005,-0.243961,4.74898,-224932,-1,1.98571e-11,1,0
0.000608844,-0.137576,-0.00112956,-0.244398,4.74886,-225963,-1,1.96436e-09,1,0
0.000610563,-0.137293,-0.00232718,-0.244708,4.75036,-224862,-1,7.63206e-10,1,0
0.000611543,-0.136761,-0.00278785,-0.245659,4.74906,-223632,-1,6.67598e-10,1,0
0.000612198,-0.136417,-0.00322384,-0.246298,4.74906,-222832,-1,8.43857e-10,1,0
0.000613005,-0.135945,-0.00279641,-0.246086,4.74939,-221769,-1,6.17466e-10,1,0
0.000613566,-0.136091,-0.00293096,-0.246257,4.75176,-221803,-1,2.6038e-10,1,0
0.000614078,-0.136624,-0.00329611,-0.24611,4.7525,-222487,-1,6.63021e-10,1,0
0.000614486,-0.136606,-0.00359534,-0.245764,4.75337,-222310,-1,5.56871e-11,1,0
0.000615157,-0.136629,-0.00349333,-0.246589,4.75475,-222104,-1,2.25627e-10,1,0
0.000615918,-0.136662,-0.00296532,-0.246982,4.75335,-221883,-1,6.44504e-10,1,0
0.000617039,-0.137263,-0.00212493,-0.247406,4.75349,-222454,-1,2.24745e-10,1,0
0.000618201,-0.138201,-0.00141386,-0.247929,4.75594,-223554,-1,2.52671e-09,1,0
0.00061925,-0.138233,-0.00175699,-0.248711,4.75786,-223226,-1,2.21005e-10,1,0
0.000620683,-0.137693,-0.00345944,-0.248211,4.75788,-221842,-1,2.21005e-10,1,0
0.000620871,-0.137608,-0.00368098,-0.248167,4.7582,-221637,-1,1.07485e-10,1,0
0.000621563,-0.137662,-0.00343076,-0.248234,4.75793,-221477,-1,2.16e-10,1,0
0.00062187,-0.137739,-0.00309376,-0.248315,4.75781,-221492,-1,7.81906e-10,1,0
0.000622989,-0.138504,-0.00231914,-0.249268,4.75777,-222322,-1,7.81906e-10,1,0
0.00062417,-0.138293,-0.00196975,-0.249002,4.75863,-221564,-1,7.65397e-10,1,0
0.0006254,-0.137057,-0.00292361,-0.249109,4.75892,-219151,-1,5.16481e-11,1,0
0.000626515,-0.135867,-0.00354837,-0.248958,4.76082,-216861,-1,2.56723e-09,1,0
0.000627644,-0.135012,-0.00414571,-0.248782,4.76203,-215109,-1,6.21182e-10,1,0
0.000628903,-0.13367,-0.00453341,-0.248156,4.76235,-212545,-1,9.88292e-10,1,0
0.000629484,-0.133254,-0.00501709,-0.248554,4.76155,-211688,-1,7.52173e-10,1,0
0.000630629,-0.13326,-0.00410286,-0.249343,4.75953,-211312,-1,9.89786e-10,1,0
0.000631583,-0.133761,-0.00305798,-0.248965,4.76073,-211787,-1,7.87899e-11,1,0
0.000631782,-0.133969,-0.00310679,-0.248918,4.75686,-212050,-1,2.09637e-10,1,0
0.000632766,-0.134295,-0.00356169,-0.249762,4.75539,-212235,-1,1.52769e-10,1,0
0.000633178,-0.133883,-0.00388281,-0.249674,4.75614,-211447,-1,5.97401e-11,1,0
0.000634706,-0.132938,-0.0039544,-0.248642,4.7564,-209448,-1,6.80263e-10,1,0
0.000635528,-0.13294,-0.00369052,-0.248638,4.75388,-209180,-1,6.85335e-11,1,0
0.000635744,-0.133151,-0.00370906,-0.248655,4.75263,-209441,-1,2.05747e-10,1,0
0.000636454,-0.132723,-0.00385898,-0.249275,4.7514,-208534,-1,1.41867e-10,1,0
0.000637256,-0.132155,-0.0039897,-0.248525,4.75382,-207382,-1,8.70101e-10,1,0
0.000638253,-0.131725,-0.00405612,-0.24814,4.75294,-206384,-1,1.88363e-09,1,0
0.000638595,-0.131809,-0.0040129,-0.248573,4.75473,-206405,-1,8.2062e-10,1,0
0.00063888,-0.131844,-0.00385626,-0.248286,4.75511,-206367,-1,1.44901e-10,1,0
0.000639621,-0.132226,-0.00353293,-0.247755,4.75561,-206725,-1,4.62516e-10,1,0
0.000640407,-0.132664,-0.00393832,-0.247227,4.75757,-207156,-1,1.23496e-09,1,0
0.00064065,-0.13255,-0.00416942,-0.247153,4.75611,-206899,-1,5.33055e-10,1,0
0.000641927,-0.132028,-0.00494685,-0.247068,4.75622,-205675,-1,9.88178e-10,1,0
0.000643068,-0.132604,-0.004532,-0.246004,4.75161,-206205,-1,7.12049e-11,1,0
0.000643199,-0.132591,-0.00462703,-0.246143,4.75177,-206144,-1,3.99956e-12,1,0
0.00064415,-0.132324,-0.00440887,-0.245775,4.75363,-205425,-1,8.00561e-10,1,0
0.000645396,-0.130876,-0.00407819,-0.245673,4.75292,-202783,-1,5.20417e-10,1,0
0.000645752,-0.130953,-0.00425661,-0.245389,4.75604,-202791,-1,6.98261e-11,1,0
0.000646263,-0.131018,-0.00439024,-0.244796,4.75106,-202731,-1,2.85787e-10,1,0
0.000647222,-0.131433,-0.00365164,-0.245047,4.75173,-203073,-1,9.54316e-10,1,0
0.000648157,-0.131975,-0.00397609,-0.245018,4.74633,-203616,-1,2.44818e-10,1,0
0.000649081,-0.131966,-0.00299834,-0.244331,4.74595,-203312,-1,1.39543e-09,1,0
0.000649946,-0.132218,-0.00275808,-0.243891,4.74462,-203429,-1,7.45364e-10,1,0
0.000650556,-0.132081,-0.00346799,-0.244205,4.74463,-203028,-1,7.45364e-10,1,0
0.000650988,-0.132029,-0.00382935,-0.244253,4.74723,-202813,-1,1.27809e-10,1,0
0.000651395,-0.132297,-0.00344248,-0.244141,4.74829,-203098,-1,3.612e-10,1,0
0.000652165,-0.131631,-0.0032805,-0.244238,4.74553,-201837,-1,7.19269e-10,1,0
0.000653208,-0.131409,-0.0026295,-0.243175,4.74664,-201174,-1,2.60807e-10,1,0
0.000653719,-0.131362,-0.0022478,-0.243605,4.74661,-200946,-1,6.07664e-10,1,0
0.000654137,-0.131137,-0.00209466,-0.244072,4.74456,-200473,-1,5.39871e-10,1,0
0.000655162,-0.131216,-0.00275921,-0.243431,4.74501,-200280,-1,3.09011e-10,1,0
0.000656267,-0.130125,-0.00197682,-0.243921,4.74643,-198281,-1,1.42852e-09,1,0
0.000657102,-0.129918,-0.00260909,-0.243072,4.74748,-197714,-1,1.07876e-09,1,0
0.000657778,-0.130303,-0.00279167,-0.243283,4.74834,-198096,-1,5.93662e-10,1,0
0.000658976,-0.130663,-0.00128422,-0.2433,4.748,-198282,-1,1.8302e-09,1,0
0.000659272,-0.131006,-0.00113317,-0.243266,4.74993,-198714,-1,2.73784e-10,1,0
0.000659355,-0.130983,-0.00116777,-0.243178,4.75027,-198653,-1,8.26623e-12,1,0
0.000660168,-0.130804,-0.000572564,-0.242386,4.7513,-198138,-1,4.54565e-11,1,0
0.000660612,-0.13101,-0.000325867,-0.242048,4.753,-198316,-1,2.85031e-10,1,0
0.000661926,-0.129556,0.000263011,-0.241393,4.75307,-195726,-1,2.85031e-10,1,0
0.000662617,-0.129018,0.000517755,-0.24099,4.75223,-194710,-1,2.44236e-09,1,0
0.000663456,-0.129492,0.0004078,-0.240122,4.75215,-195179,-1,9.82484e-10,1,0
0.00066365,-0.129518,0.000223372,-0.240079,4.75038,-195160,-1,5.3861e-11,1,0
0.000663888,-0.129623,0.000343808,-0.239864,4.74812,-195248,-1,3.77765e-11,1,0
0.00066438,-0.129747,0.000557132,-0.239373,4.75252,-195291,-1,7.42936e-11,1,0
0.000665723,-0.129254,0.000171885,-0.240177,4.75308,-194156,-1,7.8487e-11,1,0
0.000666916,-0.128216,-0.000578676,-0.240651,4.75151,-192253,-1,1.00559e-09,1,0
0.000667257,-0.128449,-0.000668579,-0.240555,4.75446,-192502,-1,1.07624e-10,1,0
0.000668345,-0.128579,-0.0016729,-0.239578,4.75446,-192385,-1,1.07624e-10,1,0
0.000669416,-0.128458,-0.00185789,-0.238891,4.75288,-191896,-1,3.79096e-10,1,0
0.000670012,-0.127989,-0.00203839,-0.238684,4.74911,-191026,-1,4.47608e-10,1,0
0.000670604,-0.127771,-0.00227166,-0.239378,4.74899,-190531,-1,7.64897e-10,1,0
0.000671192,-0.127999,-0.00264084,-0.239688,4.75079,-190704,-1,6.92172e-11,1,0
0.000671879,-0.12778,-0.00249481,-0.240452,4.74934,-190183,-1,1.54459e-11,1,0
0.000673282,-0.129361,-0.0033802,-0.240552,4.74837,-192134,-1,1.86639e-09,1,0
0.000673696,-0.129238,-0.00307846,-0.240977,4.74837,-191835,-1,1.86639e-09,1,0
0.000674152,-0.129104,-0.00274607,-0.241446,4.74886,-191505,-1,1.12568e-09,1,0
0.000674408,-0.12891,-0.00292381,-0.241646,4.74886,-191145,-1,1.12568e-09,1,0
0.000675317,-0.128221,-0.00355544,-0.242359,4.74892,-189868,-1,1.50565e-09,1,0
0.000676174,-0.128314,-0.00465316,-0.242237,4.74918,-189764,-1,1.10826e-09,1,0
0.000676875,-0.128343,-0.00501573,-0.242953,4.75015,-189610,-1,2.35261e-10,1,0
0.000677209,-0.128215,-0.00514035,-0.243091,4.75197,-189328,-1,2.9422e-10,1,0
0.00067809,-0.128359,-0.00491556,-0.24276,4.7539,-189295,-1,6.17525e-10,1,0
0.000678943,-0.128619,-0.0042357,-0.242192,4.75106,-189440,-1,1.00543e-09,1,0
0.000680119,-0.128736,-0.00464762,-0.241733,4.75282,-189284,-1,6.47233e-10,1,0
0.000680406,-0.128397,-0.00477986,-0.24166,4.75108,-188706,-1,6.8779e-12,1,0
0.000681087,-0.12802,-0.00448731,-0.241964,4.74935,-187964,-1,2.15791e-10,1,0
0.000681894,-0.127254,-0.00386689,-0.241667,4.74963,-186618,-1,2.13954e-10,1,0
0.000683139,-0.126196,-0.00348016,-0.241354,4.74933,-184729,-1,2.99046e-10,1,0
0.000683597,-0.126308,-0.00397389,-0.241254,4.74878,-184770,-1,6.09595e-10,1,0
0.0006843,-0.126123,-0.00477831,-0.241565,4.74819,-184309,-1,3.55551e-10,1,0
0.000684924,-0.12605,-0.00502662,-0.242012,4.74892,-184034,-1,1.31698e-09,1,0
0.000685683,-0.126212,-0.00450619,-0.242828,4.74714,-184067,-1,1.31276e-09,1,0
0.000686463,-0.126084,-0.00479675,-0.24204,4.74624,-183672,-1,2.02168e-10,1,0
0.000686962,-0.125904,-0.00490434,-0.242438,4.74342,-183277,-1,5.70761e-11,1,0
0.000687428,-0.125751,-0.00525171,-0.24255,4.73963,-182930,-1,7.8701e-10,1,0
0.000687783,-0.125644,-0.00544718,-0.242328,4.73701,-182679,-1,2.09166e-10,1,0
0.000688634,-0.12586,-0.00465364,-0.242896,4.73459,-182767,-1,1.08604e-09,1,0
0.000688818,-0.125724,-0.00465431,-0.242908,4.73536,-182522,-1,4.70337e-11,1,0
0.000690038,-0.124734,-0.00495785,-0.241986,4.73423,-180764,-1,1.3224e-09,1,0
0.000690528,-0.124439,-0.00493848,-0.241917,4.73319,-180209,-1,4.26576e-10,1,0
0.0006912,-0.124202,-0.0054504,-0.242531,4.7326,-179690,-1,8.20051e-10,1,0
0.00069154,-0.124604,-0.00557433,-0.242461,4.73226,-180183,-1,8.27914e-11,1,0
0.000691802,-0.124889,-0.00565243,-0.24246,4.73127,-180527,-1,3.65541e-11,1,0
0.000692358,-0.125421,-0.00608468,-0.242404,4.73191,-181151,-1,5.07423e-10,1,0
0.000692671,-0.125387,-0.00612972,-0.242274,4.73059,-181020,-1,3.80526e-10,1,0
0.000693073,-0.12509,-0.00595822,-0.241922,4.73047,-180485,-1,7.05127e-10,1,0
0.00069347,-0.125286,-0.00602653,-0.242317,4.72639,-180665,-1,4.66555e-10,1,0
0.000694354,-0.125683,-0.00584202,-0.242172,4.72956,-181006,-1,4.97879e-10,1,0
0.000695633,-0.124527,-0.00497227,-0.242966,4.72804,-179013,-1,1.64996e-09,1,0
0.000696407,-0.12484,-0.0050537,-0.242896,4.7265,-179262,-1,2.22098e-10,1,0
0.000697446,-0.125863,-0.00575221,-0.242384,4.72586,-180463,-1,1.34055e-09,1,0
0.000698584,-0.125293,-0.00554705,-0.242143,4.72952,-179353,-1,6.16475e-10,1,0
0.00069912,-0.12565,-0.00522558,-0.242457,4.72802,-179726,-1,1.78621e-10,1,0
0.000699926,-0.125372,-0.00571725,-0.24192,4.72923,-179121,-1,1.19577e-10,1,0
0.000700412,-0.125426,-0.00569583,-0.241388,4.73263,-179075,-1,3.22214e-10,1,0
0.000700575,-0.125325,-0.00579716,-0.24133,4.7328,-178888,-1,7.11544e-11,1,0
0.000701179,-0.125317,-0.00531096,-0.241539,4.73285,-178723,-1,4.95639e-10,1,0
0.000701856,-0.124571,-0.00572473,-0.241534,4.73242,-177488,-1,1.45516e-11,1,0
0.000702304,-0.124062,-0.00599783,-0.241532,4.73245,-176650,-1,1.45516e-11,1,0
0.00070368,-0.122496,-0.00683729,-0.241525,4.7295,-174079,-1,3.21479e-09,1,0
0.000704112,-0.12231,-0.00699859,-0.241813,4.72724,-173708,-1,1.15913e-10,1,0
0.000704699,-0.122003,-0.00737843,-0.241234,4.72726,-173128,-1,1.15913e-10,1,0
0.0007058,-0.1212,-0.00803744,-0.240739,4.72701,-171720,-1,1.65622e-09,1,0
0.000706285,-0.120631,-0.00813093,-0.240708,4.72791,-170797,-1,7.61357e-10,1,0
0.000707164,-0.121451,-0.00858572,-0.241151,4.72547,-171744,-1,1.08263e-09,1,0
0.000707756,-0.121322,-0.00915668,-0.241191,4.72788,-171417,-1,6.48663e-10,1,0
0.000708274,-0.12154,-0.00877803,-0.241531,4.72695,-171600,-1,1.82842e-10,1,0
0.000709463,-0.122181,-0.00950857,-0.241821,4.729,-172216,-1,4.71009e-10,1,0
0.0007103,-0.122936,-0.00933316,-0.241069,4.72896,-173076,-1,4.71009e-10,1,0
0.000711951,-0.123798,-0.00983151,-0.239577,4.72893,-173885,-1,2.29773e-09,1,0
0.000712793,-0.123032,-0.0104435,-0.239945,4.72942,-172606,-1,1.01424e-09,1,0
0.000713675,-0.122231,-0.0102007,-0.240538,4.73038,-171270,-1,1.30966e-09,1,0
0.000714674,-0.121814,-0.0103604,-0.240687,4.73146,-170447,-1,5.60059e-10,1,0
0.0007152,-0.121299,-0.0102178,-0.241105,4.73245,-169602,-1,6.78477e-10,1,0
0.000716317,-0.121414,-0.00930874,-0.239991,4.73198,-169497,-1,1.44248e-09,1,0
0.000716638,-0.121421,-0.009573,-0.240055,4.73159,-169431,-1,9.01511e-12,1,0
0.000717287,-0.12094,-0.0089405,-0.239807,4.73089,-168607,-1,1.26068e-10,1,0
0.000718813,-0.119125,-0.00954136,-0.239329,4.73098,-165725,-1,1.26068e-10,1,0
0.000719134,-0.119156,-0.00948154,-0.239261,4.73106,-165694,-1,1.78095e-10,1,0
0.000720343,-0.120358,-0.0104478,-0.239031,4.7296,-167085,-1,1.67342e-09,1,0
0.000720821,-0.120425,-0.0104002,-0.238549,4.72752,-167067,-1,5.34966e-10,1,0
0.000721194,-0.120022,-0.0104425,-0.238806,4.72831,-166421,-1,4.80745e-10,1,0
0.000721427,-0.119906,-0.0103148,-0.238775,4.72951,-166206,-1,1.21189e-10,1,0
0.000722188,-0.118981,-0.0102324,-0.238504,4.73056,-164751,-1,1.1055e-09,1,0
0.000723121,-0.118127,-0.0107562,-0.237918,4.72964,-163357,-1,1.08589e-09,1,0
0.000723676,-0.118458,-0.0113544,-0.237887,4.72802,-163689,-1,6.95736e-10,1,0
0.000724945,-0.11856,-0.0116078,-0.239252,4.72726,-163543,-1,6.20183e-10,1,0
0.000725807,-0.118707,-0.0106276,-0.239294,4.72668,-163552,-1,6.62035e-10,1,0
0.000726435,-0.119339,-0.0109288,-0.238887,4.72567,-164280,-1,8.10085e-10,1,0
0.000727557,-0.119896,-0.0101834,-0.237779,4.72564,-164792,-1,8.10085e-10,1,0
0.000728649,-0.120502,-0.00931685,-0.237468,4.72599,-165377,-1,6.26091e-10,1,0
0.000729226,-0.120781,-0.00946654,-0.237329,4.72367,-165629,-1,5.63276e-11,1,0
0.000729363,-0.120639,-0.00941012,-0.237299,4.72362,-165403,-1,3.08098e-11,1,0
0.000730486,-0.121853,-0.00905014,-0.237265,4.72665,-166811,-1,1.34683e-09,1,0
0.000730968,-0.121391,-0.00901908,-0.237164,4.7262,-166068,-1,1.33899e-10,1,0
0.000731207,-0.121215,-0.00918529,-0.237121,4.72472,-165774,-1,2.57031e-11,1,0
0.000731764,-0.121121,-0.00887089,-0.236661,4.72253,-165519,-1,2.43021e-10,1,0
0.000732146,-0.120984,-0.00877302,-0.236892,4.72245,-165246,-1,3.61364e-10,1,0
0.000732438,-0.121193,-0.00886274,-0.237083,4.72182,-165466,-1,4.49372e-10,1,0
0.00073312,-0.121984,-0.00847949,-0.237058,4.72211,-166391,-1,9.94345e-10,1,0
0.000733274,-0.121826,-0.00836108,-0.237046,4.72212,-166140,-1,9.94345e-10,1,0
0.000733735,-0.121826,-0.00858981,-0.237266,4.72061,-166035,-1,3.6817e-10,1,0
0.000734657,-0.122467,-0.00956525,-0.237117,4.7219,-166700,-1,1.14444e-09,1,0
0.000735284,-0.121924,-0.00948474,-0.23764,4.72234,-165819,-1,1.91218e-10,1,0
0.000735737,-0.122025,-0.0089723,-0.237439,4.72193,-165853,-1,3.54981e-10,1,0
0.000736533,-0.12176,-0.00889472,-0.237382,4.72242,-165316,-1,1.05357e-09,1,0
0.000737308,-0.122204,-0.00849677,-0.237897,4.72122,-165744,-1,8.49582e-11,1,0
0.000738249,-0.122839,-0.00776688,-0.238359,4.71867,-166393,-1,2.42991e-10,1,0
0.000739497,-0.122636,-0.00924466,-0.237757,4.71856,-165837,-1,1.60891e-09,1,0
0.000740328,-0.122618,-0.0097709,-0.237528,4.71751,-165626,-1,5.23511e-10,1,0
0.000741196,-0.122928,-0.00990554,-0.237794,4.71955,-165851,-1,3.37145e-10,1,0
0.00074171,-0.12338,-0.00957718,-0.237437,4.71953,-166345,-1,3.37145e-10,1,0
0.000742089,-0.123424,-0.00968126,-0.237226,4.72217,-166319,-1,1.3349e-09,1,0
0.000742712,-0.123103,-0.0103409,-0.23695,4.721,-165748,-1,1.04125e-09,1,0
0.000743858,-0.12384,-0.0102761,-0.23599,4.72052,-166483,-1,1.00575e-09,1,0
0.000744661,-0.123896,-0.00960721,-0.235255,4.72063,-166379,-1,1.40831e-09,1,0
0.000745204,-0.124323,-0.00910243,-0.235029,4.72056,-166832,-1,2.41868e-10,1,0
0.000745487,-0.124162,-0.00895369,-0.234959,4.72169,-166551,-1,6.99481e-10,1,0
0.000745795,-0.123986,-0.00901281,-0.234795,4.72102,-166246,-1,1.38954e-11,1,0
0.00074629,-0.124289,-0.00924584,-0.235163,4.7181,-166543,-1,4.55249e-10,1,0
0.000747156,-0.125257,-0.00923675,-0.234608,4.71791,-167645,-1,1.49552e-10,1,0
0.000747977,-0.124262,-0.00951471,-0.234486,4.71282,-166130,-1,1.04799e-09,1,0
0.000749023,-0.125128,-0.00868926,-0.233867,4.71278,-167055,-1,1.04799e-09,1,0
0.000750213,-0.125708,-0.00866493,-0.233397,4.71089,-167563,-1,5.68428e-10,1,0
0.000750478,-0.125426,-0.00848258,-0.233326,4.7109,-167129,-1,5.68428e-10,1,0
0.000750587,-0.125351,-0.00843631,-0.233306,4.70679,-167004,-1,4.57444e-10,1,0
0.000750783,-0.12536,-0.00855687,-0.233402,4.7069,-166972,-1,1.84452e-11,1,0
0.00075139,-0.126092,-0.00867401,-0.23365,4.70686,-167812,-1,1.84452e-11,1,0
0.000752308,-0.12667,-0.00929387,-0.234311,4.70736,-168375,-1,1.13894e-09,1,0
0.000754014,-0.126625,-0.00931743,-0.235868,4.70709,-167935,-1,1.84954e-10,1,0
0.00075515,-0.126499,-0.00874494,-0.236071,4.70073,-167515,-1,1.90871e-09,1,0
0.000755439,-0.126599,-0.00854749,-0.235808,4.70098,-167583,-1,7.43585e-10,1,0
0.000756023,-0.12676,-0.00791555,-0.235436,4.70097,-167667,-1,7.43585e-10,1,0
0.000756214,-0.12683,-0.0080742,-0.235551,4.69954,-167717,-1,2.25469e-10,1,0
0.000756805,-0.12686,-0.00822318,-0.234982,4.70286,-167626,-1,3.05154e-11,1,0
0.000757474,-0.12715,-0.00845804,-0.235759,4.70284,-167860,-1,3.05154e-11,1,0
0.000758003,-0.127305,-0.00879871,-0.236323,4.70262,-167948,-1,9.38276e-10,1,0
0.000758954,-0.128011,-0.00926617,-0.236715,4.70577,-168667,-1,9.27879e-10,1,0
0.000759366,-0.12804,-0.00962836,-0.236648,4.70521,-168614,-1,2.89088e-10,1,0
0.000760209,-0.127859,-0.0101316,-0.236241,4.70868,-168190,-1,2.63589e-10,1,0
0.000761583,-0.126847,-0.00978307,-0.236042,4.70864,-166557,-1,1.00566e-09,1,0
0.000762691,-0.126746,-0.0111882,-0.235865,4.70939,-166183,-1,1.39325e-09,1,0
0.000764011,-0.126888,-0.0124614,-0.234747,4.70938,-166081,-1,1.39325e-09,1,0
0.000765639,-0.125668,-0.0133177,-0.234581,4.70772,-164134,-1,6.44016e-10,1,0
0.000766463,-0.124704,-0.013761,-0.234618,4.70711,-162701,-1,1.06101e-09,1,0
0.000768016,-0.124388,-0.0155544,-0.235335,4.7054,-161960,-1,5.66281e-10,1,0
0.000768547,-0.12458,-0.0159158,-0.235334,4.70562,-162098,-1,2.90903e-10,1,0
0.000768893,-0.124279,-0.0160865,-0.23523,4.70372,-161634,-1,6.35904e-11,1,0
0.000770364,-0.125529,-0.015136,-0.235053,4.70838,-162947,-1,1.72118e-09,1,0
0.000771039,-0.125925,-0.0150364,-0.235517,4.70852,-163318,-1,6.43284e-10,1,0
0.000771286,-0.126034,-0.0148159,-0.235708,4.70793,-163408,-1,2.75821e-10,1,0
0.0007723,-0.12572,-0.0139177,-0.235018,4.70841,-162787,-1,1.0057e-09,1,0
0.000772795,-0.125884,-0.0134178,-0.234695,4.70981,-162895,-1,2.14782e-10,1,0
0.00077368,-0.126294,-0.0135645,-0.234492,4.70843,-163238,-1,1.11758e-09,1,0
0.000774619,-0.125888,-0.0129156,-0.235034,4.71064,-162515,-1,7.72057e-10,1,0
0.000775168,-0.125521,-0.0124012,-0.235313,4.71089,-161928,-1,1.76149e-10,1,0
0.00077615,-0.12631,-0.0125368,-0.236026,4.71291,-162739,-1,1.43664e-10,1,0
0.000776991,-0.127071,-0.0119514,-0.23563,4.71184,-163542,-1,1.17047e-09,1,0
0.000777889,-0.127499,-0.0110907,-0.236248,4.71235,-163903,-1,1.06046e-09,1,0
0.000779328,-0.127852,-0.0112099,-0.237376,4.71181,-164054,-1,1.98223e-09,1,0
0.000779953,-0.127888,-0.0118185,-0.237904,4.711,-163969,-1,1.80725e-09,1,0
0.000780442,-0.127407,-0.0119071,-0.237983,4.712,-163250,-1,3.03386e-10,1,0
0.00078094,-0.127597,-0.011561,-0.237891,4.71424,-163389,-1,4.60951e-10,1,0
0.000781963,-0.127203,-0.0114069,-0.237711,4.7139,-162671,-1,5.2924e-10,1,0
0.000783645,-0.128343,-0.0119149,-0.238006,4.70935,-163777,-1,1.66921e-09,1,0
0.000784492,-0.128517,-0.0126519,-0.23761,4.70995,-163822,-1,7.51109e-10,1,0
0.000784878,-0.128642,-0.0124224,-0.237913,4.7078,-163901,-1,1.75946e-10,1,0
0.000785231,-0.128665,-0.0123047,-0.238212,4.70764,-163856,-1,5.69816e-10,1,0
0.000785694,-0.128167,-0.0121822,-0.238516,4.70709,-163125,-1,7.69971e-10,1,0
0.000787058,-0.126881,-0.012358,-0.237916,4.70726,-161209,-1,7.49533e-10,1,0
0.00078811,-0.125844,-0.0119255,-0.237213,4.70751,-159679,-1,2.28458e-10,1,0
0.000788612,-0.125822,-0.0112842,-0.237138,4.70808,-159549,-1,6.46065e-10,1,0
0.000788897,-0.125884,-0.0111933,-0.236806,4.7069,-159570,-1,3.56041e-10,1,0
0.000789318,-0.125936,-0.0110008,-0.23679,4.707,-159551,-1,2.18093e-10,1,0
0.000790542,-0.12608,-0.0100351,-0.237143,4.7025,-159485,-1,9.71466e-10,1,0
0.000791442,-0.126342,-0.0108879,-0.236716,4.70234,-159635,-1,2.42988e-10,1,0
0.000792598,-0.127097,-0.0114113,-0.237247,4.70152,-160355,-1,9.65314e-10,1,0
0.000792945,-0.127123,-0.0113863,-0.23759,4.70036,-160318,-1,3.58541e-10,1,0
0.000794692,-0.126396,-0.00961185,-0.238747,4.6999,-159050,-1,8.0255e-10,1,0
0.000795068,-0.126089,-0.0097102,-0.239036,4.70109,-158589,-1,4.57362e-11,1,0
0.000796112,-0.125092,-0.00994897,-0.239767,4.70164,-157129,-1,3.3718e-10,1,0
0.000796732,-0.124435,-0.00973169,-0.239519,4.70143,-156181,-1,5.22716e-10,1,0
0.000796949,-0.124242,-0.0095896,-0.23943,4.70187,-155897,-1,1.57748e-10,1,0
0.000797654,-0.123764,-0.00990458,-0.239354,4.70686,-155160,-1,2.39936e-10,1,0
0.000799519,-0.12409,-0.0106863,-0.237972,4.71121,-155206,-1,1.77485e-09,1,0
0.000799953,-0.123952,-0.0110424,-0.238317,4.7108,-154949,-1,4.87905e-10,1,0
0.000800612,-0.123999,-0.0112851,-0.237634,4.70873,-154880,-1,2.76551e-10,1,0
0.00080202,-0.124031,-0.0112333,-0.236242,4.70998,-154648,-1,4.61967e-10,1,0
0.000802814,-0.124352,-0.0110007,-0.235981,4.70629,-154895,-1,3.01325e-10,1,0
0.000803365,-0.124254,-0.0103058,-0.236054,4.70608,-154667,-1,1.83208e-10,1,0
0.000804419,-0.124661,-0.00981195,-0.236072,4.70302,-154970,-1,1.31987e-09,1,0
0.00080527,-0.124951,-0.00931269,-0.23637,4.70326,-155167,-1,8.9913e-10,1,0
0.000805721,-0.124956,-0.00879622,-0.236637,4.70326,-155086,-1,8.9913e-10,1,0
0.000806287,-0.124678,-0.00852067,-0.236723,4.70049,-154632,-1,3.60211e-10,1,0
0.000807557,-0.12381,-0.00848324,-0.236696,4.70401,-153315,-1,1.00584e-09,1,0
0.000808215,-0.124067,-0.00802249,-0.23691,4.70218,-153507,-1,2.09027e-10,1,0
0.000809097,-0.12484,-0.00734836,-0.237392,4.70214,-154296,-1,2.09027e-10,1,0
0.000809518,-0.125082,-0.00714939,-0.237464,4.70074,-154515,-1,2.07195e-09,1,0
0.000810183,-0.12521,-0.00631566,-0.237586,4.69848,-154545,-1,1.26296e-10,1,0
0.000810826,-0.125705,-0.0058871,-0.237962,4.6988,-155033,-1,1.05675e-09,1,0
0.000811348,-0.126205,-0.00563998,-0.238336,4.69878,-155550,-1,1.05675e-09,1,0
0.000811965,-0.126745,-0.00523972,-0.238671,4.70087,-156097,-1,2.21371e-10,1,0
0.000812208,-0.126759,-0.00533143,-0.238373,4.70007,-156068,-1,3.12485e-10,1,0
0.000813158,-0.127162,-0.00425366,-0.238782,4.70013,-156381,-1,6.8325e-10,1,0
0.00081422,-0.126802,-0.00466738,-0.238472,4.70138,-155735,-1,4.05446e-10,1,0
0.00081496,-0.126906,-0.00396892,-0.239031,4.69786,-155720,-1,3.11875e-11,1,0
0.0008155,-0.126984,-0.00344186,-0.239477,4.69785,-155713,-1,3.11875e-11,1,0
0.000816219,-0.127088,-0.00274027,-0.24007,4.69695,-155703,-1,2.53968e-09,1,0
0.000816926,-0.127118,-0.00299185,-0.240567,4.6967,-155605,-1,7.02989e-10,1,0
0.000817498,-0.127495,-0.00315355,-0.239957,4.70095,-155958,-1,9.41121e-10,1,0
0.000818102,-0.127012,-0.00306221,-0.240374,4.6984,-155252,-1,3.06794e-10,1,0
0.000819071,-0.127903,-0.00224523,-0.240492,4.69739,-156156,-1,1.20237e-09,1,0
0.000819735,-0.127696,-0.00177128,-0.241172,4.69749,-155777,-1,8.54246e-10,1,0
0.00082024,-0.128058,-0.0019298,-0.241592,4.69708,-156123,-1,5.07805e-10,1,0
0.000820609,-0.128117,-0.00196977,-0.242062,4.69676,-156124,-1,4.75022e-10,1,0
0.000821247,-0.128298,-0.00139141,-0.241581,4.69656,-156223,-1,6.22707e-10,1,0
0.000822168,-0.128273,-0.00178326,-0.241422,4.69853,-156018,-1,7.01707e-10,1,0
0.000823014,-0.128322,-0.0019153,-0.241303,4.70078,-155918,-1,3.52163e-10,1,0
0.00082425,-0.129265,-0.00172487,-0.241989,4.70174,-156827,-1,4.29803e-10,1,0
0.000825534,-0.13039,-0.00194921,-0.241949,4.7029,-157946,-1,8.93182e-10,1,0
0.000826771,-0.130726,-0.00124264,-0.24149,4.70339,-158116,-1,8.26268e-10,1,0
0.000827168,-0.130871,-0.00168399,-0.241339,4.70223,-158216,-1,9.72927e-11,1,0
0.000827445,-0.131129,-0.00182642,-0.241199,4.70206,-158475,-1,2.6537e-10,1,0
0.000827984,-0.131555,-0.00143369,-0.240819,4.70533,-158886,-1,6.92666e-10,1,0
0.000829192,-0.131637,-0.0025369,-0.239726,4.70421,-158754,-1,1.55514e-09,1,0
0.000829748,-0.131622,-0.00294977,-0.239503,4.70567,-158628,-1,1.88598e-10,1,0
0.000830578,-0.132159,-0.00301489,-0.239999,4.70452,-159117,-1,7.79803e-10,1,0
0.000831717,-0.133098,-0.00221175,-0.240076,4.7051,-160029,-1,1.00572e-09,1,0
0.00083265,-0.13409,-0.0023788,-0.240571,4.70498,-161040,-1,4.90398e-10,1,0
0.000832883,-0.134014,-0.00219348,-0.240768,4.7043,-160904,-1,2.76198e-10,1,0
0.000833655,-0.134026,-0.002045,-0.240716,4.7022,-160769,-1,3.78159e-10,1,0
0.000833928,-0.133796,-0.0020367,-0.240664,4.7019,-160441,-1,3.214e-11,1,0
0.000834214,-0.133991,-0.00190703,-0.240907,4.70258,-160619,-1,1.7305e-11,1,0
0.000835799,-0.134788,-0.00188353,-0.240609,4.7008,-161269,-1,1.11416e-09,1,0
0.000836437,-0.134313,-0.0020008,-0.23995,4.70122,-160578,-1,8.21074e-10,1,0
0.000837013,-0.134591,-0.00218855,-0.240213,4.69828,-160799,-1,7.86938e-11,1,0
0.000837602,-0.134268,-0.00233682,-0.240233,4.69988,-160301,-1,7.1934e-10,1,0
0.000837841,-0.134025,-0.00216538,-0.240157,4.70047,-159965,-1,6.8584e-10,1,0
0.000838681,-0.133929,-0.00240492,-0.241074,4.6991,-159690,-1,9.03354e-10,1,0
0.000839975,-0.134162,-0.0013984,-0.242226,4.6996,-159722,-1,8.36811e-10,1,0
0.00084012,-0.134134,-0.00130526,-0.242356,4.69971,-159660,-1,1.4978e-11,1,0
0.000840897,-0.134418,-0.000947412,-0.242003,4.70449,-159850,-1,5.945e-10,1,0
0.000841919,-0.135302,-0.00121472,-0.241068,4.70444,-160706,-1,5.945e-10,1,0
0.000842719,-0.135994,-0.00142427,-0.240334,4.70441,-161376,-1,5.945e-10,1,0
0.000843341,-0.136595,-0.00134271,-0.239972,4.70693,-161968,-1,4.91947e-10,1,0
0.000843789,-0.136246,-0.00178747,-0.239872,4.70688,-161469,-1,5.65319e-10,1,0
0.00084523,-0.136892,-0.000917515,-0.238923,4.70772,-161958,-1,3.21015e-10,1,0
0.000845837,-0.137333,-0.000970599,-0.238472,4.70804,-162364,-1,2.92274e-10,1,0
0.000846642,-0.137539,-0.000767738,-0.239189,4.7046,-162452,-1,8.63878e-10,1,0
0.000846906,-0.137703,-0.000716984,-0.239191,4.70383,-162595,-1,1.5512e-10,1,0
0.000847164,-0.137621,-0.00050067,-0.239164,4.70496,-162449,-1,2.55964e-10,1,0
0.000848825,-0.136621,0.000341117,-0.23987,4.70256,-160953,-1,1.72635e-09,1,0
0.00084923,-0.136572,0.000268659,-0.239689,4.69733,-160819,-1,1.79259e-10,1,0
0.000850336,-0.137004,1.37515e-05,-0.239362,4.69536,-161118,-1,4.58489e-10,1,0
0.000851029,-0.136588,0.000125546,-0.23984,4.69588,-160497,-1,6.26511e-10,1,0
0.000851916,-0.136454,0.000326383,-0.238794,4.69609,-160173,-1,7.12372e-10,1,0
0.000852335,-0.136399,0.00047816,-0.238304,4.69675,-160030,-1,2.71531e-10,1,0
0.000853717,-0.136333,0.000925125,-0.238564,4.69125,-159693,-1,6.98062e-10,1,0
0.000854469,-0.137159,0.00123622,-0.238172,4.69214,-160520,-1,1.59373e-09,1,0
0.000855316,-0.136692,0.00138163,-0.238298,4.69031,-159815,-1,7.53409e-10,1,0
0.000856323,-0.137105,0.000290922,-0.238497,4.68813,-160110,-1,8.1319e-10,1,0
0.000856661,-0.136852,0.000424714,-0.23817,4.68814,-159750,-1,8.1319e-10,1,0
0.000857389,-0.136306,0.000712171,-0.237467,4.68892,-158978,-1,1.36983e-09,1,0
0.000858755,-0.135258,0.00126272,-0.237962,4.68989,-157505,-1,1.08278e-09,1,0
0.00085964,-0.135124,0.0023919,-0.238007,4.6899,-157187,-1,1.08278e-09,1,0
0.000860008,-0.135069,0.00286061,-0.238026,4.6899,-157055,-1,1.08278e-09,1,0
0.000860862,-0.135015,0.00338739,-0.238257,4.69237,-156837,-1,3.00217e-10,1,0
0.000861091,-0.134933,0.00366151,-0.238241,4.69155,-156700,-1,8.18888e-10,1,0
0.000862674,-0.133743,0.0050903,-0.237952,4.69298,-155033,-1,2.30396e-11,1,0
0.000863336,-0.133212,0.00566526,-0.237755,4.69272,-154299,-1,1.4488e-09,1,0
0.000864114,-0.132839,0.00655482,-0.237492,4.69274,-153729,-1,1.4488e-09,1,0
0.000864633,-0.132591,0.00714826,-0.237317,4.69077,-153349,-1,2.07501e-09,1,0
0.000865383,-0.132445,0.00632656,-0.237286,4.68978,-153048,-1,2.05187e-10,1,0
0.000866098,-0.132239,0.00549258,-0.237355,4.69004,-152684,-1,1.47269e-09,1,0
0.000866954,-0.131536,0.004889,-0.237219,4.69051,-151722,-1,1.12349e-09,1,0
0.000867227,-0.13137,0.00490574,-0.237528,4.69149,-151482,-1,5.32228e-10,1,0
0.000868234,-0.131749,0.00400788,-0.237638,4.69295,-151744,-1,6.075e-10,1,0
0.000869151,-0.132032,0.00315358,-0.237579,4.69354,-151909,-1,5.77319e-10,1,0
0.000869538,-0.132093,0.00294526,-0.237621,4.69366,-151911,-1,1.44632e-10,1,0
0.000871042,-0.131024,0.00257051,-0.239188,4.69371,-150423,-1,1.44632e-10,1,0
0.00087158,-0.130564,0.00251661,-0.239677,4.69131,-149801,-1,4.38618e-10,1,0
0.000871962,-0.13056,0.00224111,-0.239526,4.68945,-149731,-1,2.97578e-10,1,0
0.000873746,-0.13192,0.00259957,-0.237717,4.689,-150983,-1,2.29259e-09,1,0
0.000874178,-0.132311,0.00224504,-0.237543,4.68897,-151355,-1,5.55655e-10,1,0
0.000874874,-0.132933,0.00266438,-0.237122,4.6883,-151945,-1,7.02036e-10,1,0
0.000875962,-0.133157,0.0024069,-0.23773,4.68968,-152012,-1,3.60965e-10,1,0
0.000876825,-0.132416,0.00249955,-0.237843,4.68912,-151018,-1,6.62528e-10,1,0
0.000877403,-0.132462,0.00201932,-0.23805,4.68733,-150970,-1,1.00983e-10,1,0
0.000878335,-0.133463,0.00241835,-0.237618,4.68725,-151950,-1,1.04888e-09,1,0
0.000879288,-0.134072,0.00341413,-0.237406,4.6858,-152478,-1,1.27943e-09,1,0
0.000879494,-0.134312,0.00348615,-0.237494,4.68594,-152715,-1,3.58746e-10,1,0
0.00088019,-0.134495,0.00425687,-0.237908,4.68593,-152802,-1,3.58746e-10,1,0
0.000880423,-0.13454,0.00449026,-0.238087,4.68594,-152813,-1,9.94512e-10,1,0
0.000881018,-0.134609,0.00510722,-0.23842,4.68618,-152788,-1,2.13041e-10,1,0
0.000881474,-0.134169,0.00474132,-0.238541,4.68661,-152210,-1,5.85159e-10,1,0
0.000881983,-0.134552,0.00510859,-0.238922,4.68659,-152557,-1,5.85159e-10,1,0
0.000883224,-0.134939,0.00632146,-0.239429,4.68928,-152780,-1,2.97489e-11,1,0
0.000883831,-0.134621,0.00614999,-0.239868,4.68878,-152315,-1,1.0417e-10,1,0
0.000884629,-0.134438,0.00572477,-0.240062,4.68818,-151971,-1,2.7867e-10,1,0
0.000885465,-0.133816,0.00550647,-0.239625,4.68845,-151125,-1,5.1972e-10,1,0
0.000885665,-0.13379,0.00542846,-0.239388,4.6873,-151062,-1,3.89583e-12,1,0
0.000886249,-0.13396,0.00573361,-0.240051,4.68723,-151154,-1,7.49692e-10,1,0
0.000887303,-0.13317,0.00590623,-0.239613,4.68784,-150084,-1,1.01916e-09,1,0
0.000887465,-0.133226,0.00607092,-0.239534,4.68675,-150119,-1,1.46461e-10,1,0
0.000887814,-0.133097,0.00626601,-0.239212,4.68551,-149915,-1,2.17075e-10,1,0
0.000888443,-0.133543,0.00580032,-0.239422,4.68281,-150311,-1,6.43184e-10,1,0
0.000889486,-0.132622,0.00512026,-0.23978,4.68369,-149100,-1,7.18652e-10,1,0
0.000890703,-0.131781,0.00442855,-0.240901,4.68312,-147952,-1,2.18236e-09,1,0
0.000891436,-0.131841,0.00467423,-0.241602,4.68086,-147898,-1,1.94206e-10,1,0
0.00089228,-0.13162,0.00513838,-0.241537,4.67909,-147510,-1,3.34285e-10,1,0
0.000892887,-0.131724,0.00585163,-0.241832,4.67697,-147526,-1,7.78854e-10,1,0
0.000893908,-0.130936,0.00586304,-0.24168,4.67769,-146475,-1,1.02347e-09,1,0
0.000894652,-0.130903,0.00655698,-0.241485,4.67933,-146317,-1,1.11608e-10,1,0
0.000895483,-0.131012,0.00726341,-0.241743,4.68133,-146303,-1,4.82298e-10,1,0
0.000896486,-0.131105,0.00823108,-0.241204,4.68166,-146243,-1,6.60669e-10,1,0
0.000896987,-0.131442,0.00876775,-0.241089,4.68203,-146537,-1,1.27001e-09,1,0
0.000897634,-0.131472,0.00882503,-0.241895,4.68243,-146465,-1,6.49429e-11,1,0
0.000897902,-0.131613,0.00879384,-0.241681,4.68231,-146579,-1,1.89048e-10,1,0
0.000900166,-0.132528,0.00853468,-0.239662,4.68124,-147226,-1,2.15984e-09,1,0
0.000901634,-0.132617,0.00807165,-0.239248,4.68048,-147085,-1,1.02339e-09,1,0
0.000902236,-0.132847,0.00856571,-0.239765,4.68045,-147242,-1,4.48038e-10,1,0
0.000902541,-0.13266,0.00879906,-0.239805,4.68129,-146985,-1,8.4652e-11,1,0
0.000902801,-0.132483,0.00881036,-0.239917,4.67856,-146747,-1,6.46718e-11,1,0
0.000903104,-0.132584,0.0089631,-0.240199,4.6796,-146809,-1,3.17925e-10,1,0
0.000904163,-0.133121,0.010053,-0.239882,4.68319,-147231,-1,4.70615e-10,1,0
0.000905112,-0.133722,0.00949664,-0.240551,4.6826,-147741,-1,1.9782e-10,1,0
0.000905722,-0.133563,0.00907359,-0.240605,4.68136,-147466,-1,5.11233e-11,1,0
0.000906136,-0.133516,0.00869169,-0.240623,4.6827,-147346,-1,2.69644e-10,1,0
0.000906747,-0.133877,0.00820505,-0.241013,4.68241,-147646,-1,3.42355e-10,1,0
0.000907135,-0.133803,0.00772714,-0.241125,4.68098,-147500,-1,1.96302e-12,1,0
0.000907278,-0.133857,0.00765722,-0.24127,4.68142,-147536,-1,1.45532e-10,1,0
0.000908016,-0.134534,0.00727498,-0.241092,4.67914,-148163,-1,3.28983e-10,1,0
0.000908161,-0.134573,0.00725713,-0.241103,4.6768,-148182,-1,9.47314e-11,1,0
0.000909381,-0.135489,0.0073897,-0.240144,4.67854,-148990,-1,1.02338e-09,1,0
0.000910318,-0.135987,0.00649937,-0.240105,4.67606,-149384,-1,1.02343e-09,1,0
0.000910727,-0.135889,0.0061819,-0.240204,4.67624,-149210,-1,1.5367e-10,1,0
0.000911624,-0.135299,0.00618485,-0.239298,4.6786,-148416,-1,4.69072e-10,1,0
0.000912786,-0.134738,0.00609233,-0.238158,4.67979,-147611,-1,2.32234e-09,1,0
0.00091355,-0.134853,0.00522864,-0.237871,4.67999,-147614,-1,1.10333e-11,1,0
0.000913956,-0.13489,0.00507423,-0.237638,4.67707,-147589,-1,5.74857e-11,1,0
0.000914443,-0.134581,0.00471028,-0.237337,4.67529,-147173,-1,5.80746e-10,1,0
0.000915485,-0.134178,0.00496872,-0.236523,4.67468,-146565,-1,1.02339e-09,1,0
0.000916374,-0.133462,0.00555727,-0.237189,4.67511,-145641,-1,1.45491e-09,1,0
0.00091675,-0.133593,0.0060016,-0.237324,4.67459,-145724,-1,4.82234e-10,1,0
0.000917709,-0.133112,0.00663049,-0.238265,4.67461,-145048,-1,4.82234e-10,1,0
0.000918199,-0.132866,0.00695208,-0.238746,4.67473,-144703,-1,1.8584e-09,1,0
0.000919019,-0.132549,0.00673865,-0.239694,4.67234,-144229,-1,1.03014e-09,1,0
0.000919852,-0.13316,0.00633442,-0.239563,4.67371,-144762,-1,1.76489e-10,1,0
0.000920471,-0.132883,0.00707337,-0.239657,4.6722,-144364,-1,7.94798e-10,1,0
0.000921429,-0.132253,0.00757598,-0.238962,4.67338,-143530,-1,8.0998e-10,1,0
0.000922386,-0.131656,0.00864759,-0.238902,4.67281,-142734,-1,1.64655e-09,1,0
0.000923457,-0.132004,0.00877175,-0.237579,4.67279,-142946,-1,1.64655e-09,1,0
0.000925112,-0.13199,0.00858448,-0.2359,4.67451,-142675,-1,5.53441e-10,1,0
0.000925754,-0.132287,0.00850521,-0.23617,4.67462,-142897,-1,1.30764e-10,1,0
0.000926322,-0.13263,0.00911118,-0.236361,4.67462,-143179,-1,5.40866e-10,1,0
0.000927967,-0.133517,0.0106619,-0.236613,4.67821,-143881,-1,1.82095e-10,1,0
0.00092827,-0.133387,0.0104375,-0.236326,4.67738,-143694,-1,3.86118e-10,1,0
0.000929965,-0.132373,0.00973458,-0.23683,4.67645,-142341,-1,6.67491e-10,1,0
0.000931121,-0.131809,0.00984213,-0.237874,4.67937,-141560,-1,9.51335e-10,1,0
0.000931516,-0.132101,0.00978879,-0.23771,4.679,-141813,-1,3.39078e-10,1,0
0.000932255,-0.132481,0.0104364,-0.237951,4.67709,-142108,-1,8.16433e-10,1,0
0.000932984,-0.133065,0.00986464,-0.237909,4.67386,-142624,-1,8.70291e-10,1,0
0.000933993,-0.132031,0.00983251,-0.237131,4.67442,-141362,-1,1.29459e-09,1,0
0.000934624,-0.131819,0.0103887,-0.236999,4.67389,-141040,-1,1.95637e-11,1,0
0.000935913,-0.131733,0.0104554,-0.236053,4.67672,-140754,-1,3.42045e-10,1,0
0.0009366,-0.131431,0.0106771,-0.235375,4.67659,-140328,-1,6.42901e-10,1,0
0.000937442,-0.130555,0.0105992,-0.235424,4.67851,-139268,-1,4.94629e-10,1,0
0.000938188,-0.131338,0.0110375,-0.23576,4.67847,-139991,-1,4.94629e-10,1,0
0.000938955,-0.131874,0.0114686,-0.236236,4.67703,-140448,-1,1.6982e-09,1,0
0.000939665,-0.132441,0.0114281,-0.236911,4.67785,-140945,-1,7.68603e-11,1,0
0.000940383,-0.133023,0.0114534,-0.237508,4.6801,-141456,-1,5.5757e-11,1,0
0.000941266,-0.133717,0.0112775,-0.23704,4.67884,-142061,-1,5.4756e-10,1,0
0.000942266,-0.133718,0.0103497,-0.237768,4.67963,-141912,-1,1.19321e-09,1,0
0.000943285,-0.13366,0.0106108,-0.23885,4.68178,-141696,-1,1.15103e-09,1,0
0.000943944,-0.133788,0.0101713,-0.239416,4.6792,-141733,-1,4.13148e-10,1,0
0.000944551,-0.13411,0.00964285,-0.23989,4.67918,-141983,-1,4.13148e-10,1,0
0.00094523,-0.134471,0.00905126,-0.24042,4.6796,-142263,-1,1.65134e-09,1,0
0.000945711,-0.134266,0.00936121,-0.24024,4.68194,-141974,-1,4.74375e-10,1,0
0.000946388,-0.134013,0.00889188,-0.239787,4.68012,-141605,-1,2.06772e-10,1,0
0.000947905,-0.133089,0.00763581,-0.238621,4.68017,-140404,-1,2.06772e-10,1,0
0.000948076,-0.132985,0.00749395,-0.238489,4.67945,-140268,-1,2.48587e-09,1,0
0.000948696,-0.133185,0.00725944,-0.238229,4.68189,-140387,-1,1.80429e-10,1,0
0.000949462,-0.132482,0.00718601,-0.237699,4.67905,-139533,-1,2.25415e-10,1,0
0.000949819,-0.132894,0.00730752,-0.237859,4.67903,-139915,-1,2.25415e-10,1,0
0.000950831,-0.133746,0.00793343,-0.238273,4.68097,-140662,-1,4.05559e-10,1,0
0.000951901,-0.133946,0.00786057,-0.237145,4.68223,-140714,-1,1.13667e-10,1,0
0.000953149,-0.134562,0.00815553,-0.236105,4.68323,-141177,-1,2.28422e-09,1,0
0.00095489,-0.136309,0.00954677,-0.235983,4.68187,-142748,-1,2.81467e-09,1,0
0.000955523,-0.135674,0.00981402,-0.236081,4.6814,-141989,-1,6.35765e-10,1,0
0.000955776,-0.135899,0.00987653,-0.236307,4.68139,-142187,-1,6.35765e-10,1,0
0.000956106,-0.136195,0.00994052,-0.236588,4.68131,-142448,-1,7.98887e-10,1,0
0.000956919,-0.137076,0.00940464,-0.236752,4.68126,-143247,-1,7.98887e-10,1,0
0.000957068,-0.137132,0.00936214,-0.236814,4.68288,-143283,-1,4.59254e-11,1,0
0.000957626,-0.137393,0.00938422,-0.23652,4.68387,-143473,-1,3.83028e-10,1,0
0.000958079,-0.137251,0.00896306,-0.236145,4.68409,-143257,-1,7.90741e-10,1,0
0.000959241,-0.137386,0.00872644,-0.234681,4.68406,-143224,-1,1.2315e-11,1,0
0.000960222,-0.137619,0.00798426,-0.235012,4.68886,-143320,-1,2.69702e-10,1,0
0.000961305,-0.136861,0.00742967,-0.234453,4.68675,-142370,-1,1.61859e-10,1,0
0.000961661,-0.136557,0.00719506,-0.234203,4.68677,-142001,-1,1.61859e-10,1,0
0.000961972,-0.136521,0.00721133,-0.234383,4.68839,-141917,-1,2.13512e-10,1,0
0.000963045,-0.137239,0.0081999,-0.234325,4.68813,-142505,-1,3.37532e-10,1,0
0.000963582,-0.137645,0.00788457,-0.234078,4.68542,-142847,-1,1.22385e-09,1,0
0.000963868,-0.13785,0.00788022,-0.233873,4.68485,-143018,-1,7.48757e-10,1,0
0.000964455,-0.138243,0.00826258,-0.233353,4.68403,-143337,-1,9.62348e-10,1,0
0.000965752,-0.139313,0.00749282,-0.232337,4.68398,-144254,-1,9.62348e-10,1,0
0.000966593,-0.139644,0.00669303,-0.231996,4.68301,-144470,-1,2.16392e-10,1,0
0.000967322,-0.139414,0.0059285,-0.231796,4.68369,-144124,-1,2.68524e-10,1,0
0.000968162,-0.139595,0.0062734,-0.23079,4.68368,-144185,-1,2.68524e-10,1,0
0.000968929,-0.139759,0.00658815,-0.229872,4.68368,-144241,-1,2.68524e-10,1,0
0.000969956,-0.138934,0.00636283,-0.229172,4.6831,-143238,-1,2.35946e-09,1,0
0.000970523,-0.13883,0.00662911,-0.229284,4.68249,-143047,-1,1.30625e-09,1,0
0.000970911,-0.138985,0.00702727,-0.229542,4.68248,-143149,-1,1.30625e-09,1,0
0.000971767,-0.138808,0.00688509,-0.228848,4.68203,-142840,-1,8.91787e-10,1,0
0.00097236,-0.139375,0.00653781,-0.228477,4.682,-143337,-1,8.91787e-10,1,0
0.000973135,-0.139957,0.00660376,-0.22827,4.68016,-143820,-1,3.79382e-10,1,0
0.000973317,-0.139817,0.00675944,-0.228173,4.68138,-143650,-1,3.99669e-12,1,0
0.000973632,-0.139558,0.00692894,-0.228036,4.67923,-143337,-1,5.52117e-10,1,0
0.000974294,-0.139221,0.00631296,-0.228291,4.67612,-142894,-1,4.51229e-10,1,0
0.000974905,-0.139632,0.00639576,-0.228921,4.67519,-143226,-1,7.59608e-10,1,0
0.000975405,-0.139774,0.00616181,-0.228962,4.67739,-143298,-1,1.76774e-10,1,0
0.000975976,-0.140164,0.00592003,-0.228525,4.67694,-143614,-1,3.08336e-10,1,0
0.000976501,-0.140432,0.00549912,-0.228231,4.6773,-143812,-1,5.13316e-10,1,0
0.000977139,-0.140571,0.0050717,-0.228451,4.68074,-143860,-1,2.93245e-10,1,0
0.000978024,-0.139907,0.00598834,-0.228344,4.68077,-143050,-1,2.93245e-10,1,0
0.000978419,-0.139808,0.00585654,-0.228015,4.68089,-142892,-1,1.25253e-09,1,0
0.000978727,-0.139775,0.00565343,-0.227676,4.67768,-142813,-1,3.61258e-10,1,0
0.000979269,-0.140113,0.00532199,-0.227672,4.67802,-143079,-1,3.74495e-10,1,0
0.0009811,-0.140968,0.00354796,-0.227347,4.67606,-143683,-1,1.32554e-09,1,0
0.000981597,-0.140821,0.00332894,-0.227874,4.67445,-143461,-1,2.46843e-11,1,0
0.000982915,-0.141037,0.00255867,-0.227968,4.67318,-143489,-1,1.02334e-09,1,0
0.000984252,-0.14036,0.00282923,-0.227587,4.67161,-142606,-1,3.17296e-10,1,0
0.000984543,-0.140578,0.0028129,-0.227285,4.67191,-142785,-1,7.48104e-10,1,0
0.000985185,-0.139898,0.00239632,-0.227407,4.67114,-142001,-1,1.34835e-10,1,0
0.000985944,-0.139911,0.00233928,-0.22716,4.66826,-141905,-1,3.54606e-10,1,0
0.000987255,-0.139582,0.00302119,-0.228383,4.66846,-141383,-1,6.72087e-10,1,0
0.000987844,-0.139419,0.00359483,-0.22832,4.66717,-141135,-1,1.89406e-10,1,0
0.000988583,-0.139004,0.00307233,-0.22847,4.66646,-140609,-1,3.71897e-10,1,0
0.000988987,-0.138832,0.00279175,-0.228223,4.66601,-140378,-1,1.39375e-10,1,0
0.000989037,-0.138817,0.00278058,-0.228163,4.66743,-140355,-1,6.50576e-12,1,0
0.000989737,-0.138657,0.00233671,-0.228927,4.66816,-140095,-1,8.97769e-10,1,0
0.000991092,-0.139992,0.00230194,-0.228575,4.66916,-141251,-1,6.06341e-10,1,0
0.000991896,-0.140646,0.00169148,-0.229006,4.66821,-141795,-1,1.33594e-09,1,0
0.000993221,-0.14197,0.00103271,-0.229729,4.66654,-142939,-1,1.15078e-09,1,0
0.000993619,-0.142287,0.00104823,-0.229642,4.6646,-143200,-1,1.18174e-10,1,0
0.000994032,-0.142633,0.000750822,-0.229591,4.66322,-143490,-1,3.01669e-10,1,0
0.000994512,-0.14322,0.000629137,-0.229729,4.66319,-144010,-1,3.01669e-10,1,0
0.00099561,-0.144563,0.000350535,-0.230045,4.66174,-145200,-1,2.24986e-09,1,0
0.00099614,-0.144743,0.000461405,-0.229445,4.66342,-145304,-1,3.43551e-11,1,0
0.00099737,-0.145261,0.00101268,-0.228647,4.66066,-145644,-1,8.11813e-10,1,0
0.000997911,-0.144734,0.00108988,-0.228473,4.65858,-145037,-1,5.79745e-10,1,0
0.000998197,-0.144733,0.00141192,-0.228475,4.65887,-144994,-1,1.79566e-10,1,0
0.000999148,-0.14525,0.00216023,-0.227806,4.65844,-145373,-1,6.5553e-11,1,0
0.00099989,-0.145702,0.00217771,-0.227281,4.65829,-145718,-1,1.66617e-09,1,0
0.0010012,-0.146465,0.000870459,-0.226896,4.65991,-146289,-1,6.7949e-10,1,0
0.0010025,-0.145481,-0.000225076,-0.226114,4.65995,-145117,-1,6.7949e-10,1,0
0.00100315,-0.146007,-0.000124211,-0.225806,4.65947,-145549,-1,1.80648e-09,1,0
0.00100392,-0.146895,0.000155923,-0.225451,4.65763,-146321,-1,1.67909e-09,1,0
0.00100591,-0.146512,-0.000544866,-0.225389,4.6578,-145650,-1,1.02321e-09,1,0
0.00100648,-0.146543,-0.00115958,-0.225654,4.65533,-145600,-1,3.21314e-10,1,0
0.00100772,-0.146091,-0.00203573,-0.226076,4.65702,-144971,-1,1.38048e-09,1,0
0.00100866,-0.145404,-0.00203488,-0.225506,4.6566,-144156,-1,1.32727e-09,1,0
0.00100956,-0.145318,-0.00123177,-0.224714,4.65609,-143941,-1,8.40535e-11,1,0
0.00101042,-0.144657,-0.000444432,-0.224938,4.65593,-143166,-1,2.89534e-10,1,0
0.00101136,-0.143867,0.00036996,-0.225359,4.65737,-142250,-1,2.01161e-09,1,0
0.00101188,-0.144438,0.000300774,-0.225655,4.65765,-142742,-1,5.76284e-10,1,0
0.00101252,-0.144765,-0.000267505,-0.226162,4.65763,-142974,-1,5.76284e-10,1,0
0.00101269,-0.144849,-0.000414323,-0.226293,4.65762,-143034,-1,5.76284e-10,1,0
0.00101368,-0.145233,-0.00126607,-0.226875,4.65716,-143273,-1,2.15887e-09,1,0
0.00101402,-0.145134,-0.00112433,-0.226742,4.6601,-143128,-1,2.63956e-10,1,0
0.00101507,-0.145248,-0.00170224,-0.22793,4.65876,-143092,-1,9.34207e-11,1,0
0.00101587,-0.144483,-0.00137311,-0.227505,4.6598,-142225,-1,5.66228e-10,1,0
0.00101618,-0.144463,-0.00155874,-0.227468,4.66117,-142162,-1,2.47313e-10,1,0
0.00101666,-0.144343,-0.00113571,-0.227464,4.66133,-141978,-1,3.826e-10,1,0
0.00101766,-0.14448,-0.00124249,-0.227382,4.65887,-141973,-1,4.10939e-10,1,0
0.00101783,-0.144389,-0.00115823,-0.2272,4.6585,-141860,-1,2.20145e-10,1,0
0.00101809,-0.144173,-0.00128668,-0.227038,4.65643,-141611,-1,2.98731e-10,1,0
0.00101933,-0.144664,-0.00276784,-0.227328,4.65641,-141920,-1,2.98731e-10,1,0
0.0010201,-0.144967,-0.00368069,-0.227507,4.65639,-142111,-1,2.98731e-10,1,0
0.00102113,-0.144688,-0.00343118,-0.22666,4.65347,-141694,-1,1.11958e-10,1,0
0.00102135,-0.144903,-0.00356478,-0.226777,4.6545,-141874,-1,2.78544e-10,1,0
0.00102211,-0.145827,-0.0038768,-0.226702,4.65466,-142672,-1,9.78056e-10,1,0
0.00102366,-0.145912,-0.00543534,-0.227203,4.65627,-142539,-1,8.94362e-10,1,0
0.00102437,-0.145033,-0.00534647,-0.227014,4.65819,-141583,-1,3.86766e-12,1,0
0.00102521,-0.145079,-0.00478128,-0.227697,4.66013,-141512,-1,3.82872e-10,1,0
0.00102564,-0.145099,-0.00508752,-0.227958,4.66086,-141472,-1,1.48762e-10,1,0
0.00102648,-0.145487,-0.00597443,-0.228449,4.66084,-141734,-1,1.48762e-10,1,0
0.00102787,-0.145473,-0.00644483,-0.22953,4.65831,-141528,-1,1.02343e-09,1,0
0.00102888,-0.145801,-0.00695051,-0.230198,4.65719,-141709,-1,9.63887e-10,1,0
0.00102952,-0.14524,-0.00680059,-0.230412,4.65702,-141075,-1,1.11634e-10,1,0
0.00103122,-0.14525,-0.00708371,-0.230329,4.65203,-140852,-1,1.1652e-09,1,0
0.00103172,-0.144971,-0.00727883,-0.230203,4.64822,-140515,-1,1.46314e-10,1,0
0.00103239,-0.145625,-0.0069436,-0.229864,4.64687,-141057,-1,5.24587e-11,1,0
0.00103339,-0.14579,-0.00716576,-0.228989,4.64932,-141079,-1,8.18908e-10,1,0
0.00103415,-0.145377,-0.00727277,-0.229246,4.64911,-140576,-1,4.64499e-10,1,0
0.00103579,-0.146549,-0.0076766,-0.227547,4.64803,-141485,-1,2.10322e-09,1,0
0.00103635,-0.146159,-0.00797226,-0.227175,4.64427,-141032,-1,2.58908e-10,1,0
0.00103755,-0.145114,-0.00736647,-0.226555,4.64229,-139863,-1,4.02051e-10,1,0
0.00103804,-0.144887,-0.00753556,-0.226294,4.63988,-139578,-1,9.40525e-11,1,0
0.00103892,-0.145681,-0.00737406,-0.225543,4.63801,-140223,-1,5.36109e-10,1,0
0.00103953,-0.145308,-0.0079845,-0.225845,4.63865,-139783,-1,7.76384e-10,1,0
0.00104041,-0.145492,-0.00809189,-0.226855,4.63788,-139842,-1,1.04994e-09,1,0
0.00104122,-0.145656,-0.00710204,-0.22714,4.63789,-139889,-1,1.04295e-09,1,0
0.00104168,-0.14529,-0.00680448,-0.22709,4.63757,-139476,-1,5.05654e-10,1,0
0.00104296,-0.145669,-0.00686753,-0.228683,4.63755,-139668,-1,5.05654e-10,1,0
0.00104345,-0.146006,-0.00663001,-0.228893,4.63543,-139926,-1,3.74835e-10,1,0
0.00104391,-0.146085,-0.00654137,-0.22835,4.63572,-139940,-1,4.27521e-11,1,0
0.00104579,-0.14499,-0.00517742,-0.228037,4.63583,-138642,-1,8.24681e-10,1,0
0.00104695,-0.145793,-0.00442282,-0.228699,4.63367,-139255,-1,8.03808e-13,1,0
0.00104768,-0.145922,-0.0049481,-0.229343,4.63439,-139280,-1,6.04234e-10,1,0
0.00104803,-0.145917,-0.00523704,-0.229684,4.6361,-139230,-1,1.23993e-09,1,0
0.00104885,-0.146796,-0.00500409,-0.229188,4.6361,-139959,-1,3.5807e-12,1,0
0.00104929,-0.146548,-0.00533002,-0.228901,4.63584,-139664,-1,1.08819e-09,1,0
0.00105047,-0.145884,-0.00585907,-0.227949,4.63625,-138875,-1,1.02342e-09,1,0
0.001051,-0.146442,-0.00597451,-0.228083,4.6316,-139336,-1,2.90489e-11,1,0
0.00105218,-0.147947,-0.00615585,-0.228033,4.63153,-140609,-1,2.90489e-11,1,0
0.00105252,-0.148119,-0.00609787,-0.227905,4.63136,-140728,-1,1.44608e-10,1,0
0.00105311,-0.148281,-0.0058335,-0.227781,4.63013,-140804,-1,1.64677e-10,1,0
0.0010542,-0.148637,-0.00611346,-0.228628,4.63095,-140995,-1,7.97596e-10,1,0
0.00105466,-0.148401,-0.00650131,-0.228585,4.63122,-140709,-1,1.58762e-10,1,0
0.001055,-0.148156,-0.00653933,-0.228303,4.63173,-140431,-1,3.04195e-10,1,0
0.0010561,-0.147755,-0.00613022,-0.227912,4.63347,-139906,-1,4.25975e-10,1,0
0.00105731,-0.148617,-0.00567679,-0.229109,4.63297,-140562,-1,1.54317e-09,1,0
0.00105797,-0.148623,-0.00529656,-0.229648,4.63443,-140480,-1,3.93243e-10,1,0
0.00105872,-0.148353,-0.00498464,-0.229335,4.63532,-140125,-1,3.77474e-10,1,0
0.00105946,-0.148816,-0.00543317,-0.229789,4.63542,-140464,-1,8.46204e-11,1,0
0.00105965,-0.148868,-0.00542919,-0.229681,4.63434,-140489,-1,1.77715e-10,1,0
0.00106003,-0.149034,-0.00565821,-0.229763,4.6345,-140595,-1,2.61249e-10,1,0
0.00106064,-0.14913,-0.00564791,-0.229052,4.6345,-140604,-1,1.17866e-10,1,0
0.0010618,-0.149389,-0.00553314,-0.227599,4.63306,-140694,-1,2.21298e-09,1,0
0.00106334,-0.149732,-0.00686266,-0.227285,4.63341,-140814,-1,9.51685e-10,1,0
0.00106422,-0.150257,-0.00778076,-0.226994,4.63216,-141190,-1,2.27283e-10,1,0
0.00106544,-0.150524,-0.00760913,-0.225998,4.62999,-141279,-1,4.80106e-10,1,0
0.0010671,-0.150111,-0.00793626,-0.22397,4.62959,-140672,-1,7.76866e-11,1,0
0.00106752,-0.1501,-0.00746514,-0.22411,4.63028,-140606,-1,4.96246e-10,1,0
0.00106813,-0.150276,-0.00712692,-0.22449,4.63377,-140691,-1,1.77389e-10,1,0
0.00106819,-0.150329,-0.00710857,-0.224456,4.63282,-140733,-1,6.39656e-11,1,0
0.00106913,-0.15018,-0.00591302,-0.224488,4.63283,-140470,-1,6.39656e-11,1,0
0.00107016,-0.149123,-0.00619377,-0.224586,4.63454,-139346,-1,1.13615e-09,1,0
0.00107035,-0.149181,-0.00633034,-0.224608,4.63563,-139375,-1,9.55769e-11,1,0
0.00107165,-0.149132,-0.00566269,-0.224303,4.63544,-139161,-1,6.22977e-10,1,0
0.00107232,-0.14875,-0.00642156,-0.224397,4.6353,-138718,-1,8.54795e-10,1,0
0.00107265,-0.148804,-0.006481,-0.224063,4.63408,-138726,-1,3.69252e-10,1,0
0.00107312,-0.148725,-0.00645353,-0.224323,4.63295,-138591,-1,3.41887e-10,1,0
0.00107387,-0.148288,-0.00721429,-0.224704,4.63297,-138088,-1,3.41887e-10,1,0
0.00107469,-0.148748,-0.00768207,-0.2243,4.62948,-138411,-1,3.14934e-10,1,0
0.00107531,-0.14932,-0.00810002,-0.224048,4.62889,-138863,-1,3.73814e-10,1,0
0.00107565,-0.149368,-0.00806623,-0.224048,4.62847,-138863,-1,5.1562e-11,1,0
0.00107618,-0.150044,-0.00800633,-0.224018,4.62852,-139423,-1,8.96848e-10,1,0
0.00107663,-0.150428,-0.00776134,-0.224188,4.62886,-139722,-1,5.87953e-11,1,0
0.00107757,-0.151424,-0.0072674,-0.224666,4.62916,-140523,-1,1.71677e-09,1,0
0.00107806,-0.151453,-0.00762486,-0.225138,4.63034,-140486,-1,4.05442e-11,1,0
0.00107892,-0.151459,-0.00832829,-0.225974,4.63034,-140380,-1,4.05442e-11,1,0
0.00107924,-0.151493,-0.00844829,-0.226241,4.62898,-140370,-1,6.14837e-11,1,0
0.00107977,-0.151977,-0.00798532,-0.226145,4.62862,-140749,-1,7.19344e-10,1,0
0.00108088,-0.152287,-0.00794653,-0.226347,4.63249,-140891,-1,6.83887e-10,1,0
0.0010815,-0.152406,-0.00793813,-0.227063,4.63238,-140920,-1,6.60822e-10,1,0
0.00108205,-0.15276,-0.0079069,-0.227623,4.63187,-141177,-1,3.21385e-10,1,0
0.0010828,-0.153181,-0.00770297,-0.228441,4.63433,-141468,-1,1.08574e-11,1,0
0.00108333,-0.153703,-0.00806927,-0.228213,4.63431,-141880,-1,1.08574e-11,1,0
0.00108382,-0.154237,-0.00834459,-0.228097,4.63361,-142308,-1,1.58876e-10,1,0
0.00108427,-0.15466,-0.00836801,-0.227893,4.63429,-142640,-1,7.40216e-10,1,0
0.00108494,-0.154901,-0.00795598,-0.227312,4.63206,-142773,-1,9.62559e-10,1,0
0.00108503,-0.154834,-0.00793583,-0.227322,4.63239,-142701,-1,1.53127e-10,1,0
0.00108544,-0.154352,-0.00814042,-0.227211,4.63242,-142201,-1,1.53127e-10,1,0
0.00108593,-0.153795,-0.00837663,-0.227082,4.63244,-141625,-1,1.53127e-10,1,0
0.00108643,-0.153215,-0.00862247,-0.226949,4.63295,-141026,-1,1.85121e-09,1,0
0.00108677,-0.153208,-0.00891671,-0.226878,4.6317,-140975,-1,2.75396e-10,1,0
0.00108853,-0.153628,-0.00939542,-0.224725,4.63168,-141133,-1,2.75396e-10,1,0
0.00108917,-0.153966,-0.00996241,-0.224281,4.63169,-141360,-1,2.49431e-09,1,0
0.00108956,-0.154184,-0.0103359,-0.224038,4.63168,-141511,-1,2.49431e-09,1,0
0.00109029,-0.154598,-0.0110412,-0.223578,4.63195,-141795,-1,2.16259e-09,1,0
0.00109056,-0.15442,-0.0111548,-0.223788,4.633,-141597,-1,3.08434e-10,1,0
0.00109103,-0.15445,-0.0113944,-0.22375,4.63432,-141564,-1,3.75915e-10,1,0
0.00109279,-0.155618,-0.0105072,-0.225104,4.63402,-142404,-1,1.22229e-09,1,0
0.00109393,-0.155208,-0.0108456,-0.226175,4.63729,-141882,-1,1.30038e-09,1,0
0.00109505,-0.154249,-0.011441,-0.225287,4.63822,-140860,-1,1.43687e-09,1,0
0.00109628,-0.15473,-0.0124839,-0.225116,4.63776,-141141,-1,1.66518e-10,1,0
0.00109692,-0.155317,-0.0127978,-0.224644,4.63773,-141594,-1,1.66518e-10,1,0
0.00109801,-0.156437,-0.0127028,-0.224447,4.63699,-142473,-1,7.69088e-10,1,0
0.0010982,-0.156206,-0.0126748,-0.224397,4.63551,-142238,-1,2.38962e-10,1,0
0.00109867,-0.156032,-0.0125671,-0.223831,4.63552,-142020,-1,2.38962e-10,1,0
0.00109932,-0.156135,-0.012297,-0.223227,4.633,-142029,-1,6.86041e-11,1,0
0.00110041,-0.155167,-0.0130598,-0.223006,4.63247,-141008,-1,1.03674e-09,1,0
0.00110075,-0.154987,-0.0130424,-0.223103,4.63337,-140801,-1,9.22363e-11,1,0
0.0011015,-0.154999,-0.0134121,-0.223978,4.63337,-140717,-1,9.22363e-11,1,0
0.00110207,-0.154969,-0.0136869,-0.224526,4.63433,-140616,-1,7.40921e-11,1,0
0.00110223,-0.154827,-0.0136687,-0.224675,4.63434,-140467,-1,7.40921e-11,1,0
0.00110303,-0.154728,-0.0130045,-0.225206,4.63544,-140275,-1,7.21588e-10,1,0
0.00110335,-0.154739,-0.0128718,-0.225353,4.63511,-140244,-1,2.60394e-10,1,0
0.00110389,-0.155052,-0.0125894,-0.225087,4.63696,-140459,-1,6.24214e-10,1,0
0.00110443,-0.154898,-0.0119416,-0.225276,4.63697,-140251,-1,6.24214e-10,1,0
0.00110532,-0.154814,-0.0111954,-0.225444,4.63567,-140063,-1,2.00896e-10,1,0
0.00110624,-0.155201,-0.0102096,-0.225428,4.63583,-140296,-1,1.63597e-10,1,0
0.00110705,-0.155504,-0.00939189,-0.225316,4.63355,-140467,-1,1.95951e-09,1,0
0.00110734,-0.155273,-0.00962466,-0.225487,4.63642,-140222,-1,2.89399e-10,1,0
0.00110785,-0.15576,-0.00970814,-0.225488,4.63825,-140596,-1,4.9092e-10,1,0
0.00110817,-0.155448,-0.00963537,-0.225295,4.63864,-140274,-1,2.77436e-10,1,0
0.00110875,-0.155649,-0.00985148,-0.225168,4.64032,-140382,-1,4.65286e-10,1,0
0.0011096,-0.156413,-0.00967396,-0.225918,4.63902,-140963,-1,1.08514e-09,1,0
0.0011108,-0.156684,-0.0104983,-0.226734,4.63982,-141055,-1,9.15399e-10,1,0
0.00111099,-0.156581,-0.0103908,-0.22668,4.64101,-140938,-1,6.6093e-11,1,0
0.00111118,-0.156605,-0.0105068,-0.226604,4.64095,-140936,-1,2.46253e-10,1,0
0.0011121,-0.156365,-0.0110376,-0.226513,4.64284,-140603,-1,4.3005e-10,1,0
0.00111309,-0.157336,-0.010829,-0.226929,4.6436,-141351,-1,6.89254e-10,1,0
0.00111385,-0.157391,-0.010827,-0.226399,4.64577,-141304,-1,6.71965e-10,1,0
0.00111397,-0.157488,-0.0108768,-0.226502,4.64527,-141376,-1,1.50001e-10,1,0
0.00111458,-0.157375,-0.0116438,-0.226621,4.64527,-141196,-1,1.50001e-10,1,0
0.00111548,-0.157232,-0.0125153,-0.226512,4.6447,-140954,-1,1.12049e-10,1,0
0.0011161,-0.157693,-0.0122466,-0.227086,4.64468,-141290,-1,1.12049e-10,1,0
0.00111708,-0.15841,-0.0114549,-0.227343,4.64493,-141807,-1,1.28824e-09,1,0
0.00111805,-0.159096,-0.0104431,-0.22716,4.64413,-142298,-1,1.99178e-09,1,0
0.00111905,-0.159741,-0.00982793,-0.227866,4.64257,-142747,-1,1.14645e-09,1,0
0.00112001,-0.160275,-0.0104295,-0.227101,4.64043,-143101,-1,3.25409e-10,1,0
0.00112057,-0.160229,-0.0101322,-0.226682,4.63708,-142988,-1,1.80445e-10,1,0
0.00112159,-0.159686,-0.0102773,-0.227372,4.63795,-142375,-1,4.52938e-10,1,0
0.00112273,-0.159959,-0.0109876,-0.227708,4.63892,-142473,-1,1.23279e-10,1,0
0.00112309,-0.160091,-0.0111994,-0.22768,4.63662,-142546,-1,1.15561e-10,1,0
0.0011239,-0.159527,-0.0116933,-0.227619,4.63099,-141940,-1,6.03539e-10,1,0
0.00112479,-0.160444,-0.0117627,-0.226967,4.63094,-142644,-1,6.03539e-10,1,0
0.00112513,-0.16067,-0.0116915,-0.22674,4.6301,-142801,-1,1.27357e-10,1,0
0.0011262,-0.159832,-0.0124243,-0.226214,4.63016,-141921,-1,4.4735e-10,1,0
0.0011266,-0.159627,-0.0125355,-0.22609,4.62975,-141689,-1,9.48999e-11,1,0
0.00112696,-0.15965,-0.0128746,-0.226365,4.62815,-141664,-1,4.39288e-10,1,0
0.00112852,-0.157809,-0.0136172,-0.226109,4.62824,-139837,-1,4.39288e-10,1,0
0.00112934,-0.157971,-0.0128285,-0.225822,4.62833,-139880,-1,2.45445e-10,1,0
0.0011298,-0.158111,-0.0122924,-0.225837,4.62732,-139946,-1,1.16781e-09,1,0
0.00113076,-0.15752,-0.0124408,-0.226609,4.62904,-139304,-1,4.42075e-10,1,0
0.00113116,-0.157417,-0.0128232,-0.226672,4.63164,-139164,-1,1.19164e-10,1,0
0.00113209,-0.15731,-0.0125632,-0.22619,4.63404,-138956,-1,3.05132e-10,1,0
0.00113319,-0.15653,-0.0130999,-0.226521,4.62984,-138132,-1,1.02315e-09,1,0
0.00113442,-0.156811,-0.0128867,-0.227603,4.63274,-138231,-1,1.25181e-09,1,0
0.00113507,-0.156732,-0.0121356,-0.227949,4.6317,-138082,-1,8.30638e-10,1,0
0.00113594,-0.156525,-0.0130844,-0.228163,4.63329,-137793,-1,2.5953e-10,1,0
0.00113655,-0.156885,-0.0132534,-0.228439,4.63554,-138036,-1,5.27465e-10,1,0
0.00113755,-0.156548,-0.0128094,-0.228753,4.63658,-137618,-1,8.57608e-10,1,0
0.00113838,-0.155987,-0.0122753,-0.228033,4.63815,-137026,-1,1.05688e-09,1,0
0.00113856,-0.15578,-0.0122147,-0.228033,4.63854,-136823,-1,1.81763e-10,1,0
0.00113901,-0.155441,-0.0119636,-0.227661,4.63552,-136471,-1,6.66485e-11,1,0
0.00113918,-0.15534,-0.0118403,-0.227597,4.63489,-136362,-1,8.22781e-12,1,0
0.00113963,-0.155169,-0.0122656,-0.227243,4.6349,-136158,-1,8.22781e-12,1,0
0.0011411,-0.154785,-0.01357,-0.226151,4.63545,-135645,-1,1.34845e-10,1,0
0.00114136,-0.154642,-0.0132811,-0.226109,4.63773,-135490,-1,3.25024e-10,1,0
0.00114197,-0.155213,-0.0127679,-0.226243,4.6377,-135918,-1,3.25024e-10,1,0
0.00114243,-0.155595,-0.0127068,-0.226369,4.63735,-136197,-1,1.14571e-09,1,0
0.0011433,-0.155697,-0.0133965,-0.22683,4.63711,-136181,-1,9.57733e-10,1,0
0.00114444,-0.155647,-0.0130376,-0.226675,4.63905,-136002,-1,8.44726e-10,1,0
0.00114585,-0.156027,-0.0129774,-0.227461,4.63839,-136168,-1,9.24412e-10,1,0
0.00114645,-0.156059,-0.012392,-0.227605,4.63232,-136124,-1,1.88052e-10,1,0
0.0011476,-0.15565,-0.0124223,-0.227549,4.63213,-135630,-1,7.95883e-10,1,0
0.00114889,-0.156064,-0.0130978,-0.226106,4.63202,-135839,-1,2.29864e-09,1,0
0.00114939,-0.156587,-0.0128643,-0.225965,4.63158,-136235,-1,6.0565e-10,1,0
0.00114978,-0.156254,-0.0129045,-0.225999,4.6317,-135899,-1,3.48117e-10,1,0
0.0011505,-0.15631,-0.0134458,-0.225629,4.6318,-135862,-1,5.47302e-10,1,0
0.00115166,-0.156658,-0.0141744,-0.225835,4.63111,-136027,-1,7.99057e-10,1,0
0.00115307,-0.154944,-0.0138453,-0.22567,4.631,-134375,-1,8.90466e-10,1,0
0.00115388,-0.155329,-0.0136257,-0.226242,4.63841,-134615,-1,8.50246e-10,1,0
0.00115452,-0.154751,-0.0140222,-0.226009,4.63712,-134039,-1,7.7018e-11,1,0
0.0011549,-0.154385,-0.0143228,-0.225883,4.63714,-133678,-1,7.7018e-11,1,0
0.00115514,-0.154157,-0.0145107,-0.225805,4.63888,-133452,-1,1.53762e-09,1,0
0.00115576,-0.154259,-0.0146737,-0.225534,4.63845,-133470,-1,4.20835e-10,1,0
0.00115668,-0.153486,-0.0147079,-0.225053,4.63718,-132696,-1,1.39246e-09,1,0
0.00115806,-0.155051,-0.0148403,-0.225332,4.63715,-133889,-1,1.50948e-09,1,0
0.00115843,-0.154883,-0.0147572,-0.225302,4.63693,-133700,-1,2.47938e-10,1,0
0.00115959,-0.154779,-0.0139233,-0.226412,4.63681,-133477,-1,1.31767e-09,1,0
0.00115996,-0.154681,-0.0142873,-0.22621,4.63862,-133351,-1,4.17471e-10,1,0
0.00116025,-0.154598,-0.0145983,-0.226014,4.63711,-133246,-1,3.64691e-12,1,0
0.00116187,-0.152977,-0.0146578,-0.22608,4.63824,-131665,-1,8.65775e-10,1,0
0.00116224,-0.152897,-0.0141987,-0.226181,4.63825,-131554,-1,8.65775e-10,1,0
0.00116333,-0.152664,-0.0128558,-0.226477,4.63826,-131230,-1,8.65775e-10,1,0
0.00116428,-0.153122,-0.0120654,-0.226739,4.6392,-131517,-1,2.05941e-10,1,0
0.00116486,-0.153417,-0.011476,-0.226917,4.63905,-131704,-1,6.89173e-10,1,0
0.00116596,-0.153482,-0.0109267,-0.22746,4.63749,-131635,-1,8.05061e-10,1,0
0.00116655,-0.153509,-0.0113686,-0.227612,4.63867,-131592,-1,2.6963e-10,1,0
0.00116847,-0.154199,-0.00999044,-0.22699,4.63864,-131966,-1,6.48949e-10,1,0
0.00116997,-0.155239,-0.00985503,-0.227121,4.63841,-132686,-1,2.90404e-09,1,0
0.00117184,-0.157213,-0.0110136,-0.227609,4.63754,-134160,-1,1.87071e-09,1,0
0.00117306,-0.158603,-0.0117061,-0.227739,4.63897,-135205,-1,3.13303e-09,1,0
0.00117373,-0.158722,-0.0113121,-0.228272,4.63979,-135229,-1,1.66361e-10,1,0
0.00117427,-0.158543,-0.0109747,-0.228839,4.63849,-135014,-1,7.58668e-10,1,0
0.00117492,-0.159339,-0.0107904,-0.228668,4.63902,-135617,-1,8.35107e-10,1,0
0.00117564,-0.159313,-0.0110149,-0.229338,4.63459,-135512,-1,7.49899e-10,1,0
0.00117645,-0.159382,-0.0104913,-0.230028,4.63425,-135477,-1,9.39521e-11,1,0
0.00117729,-0.158961,-0.0101122,-0.229458,4.63233,-135023,-1,1.38806e-10,1,0
0.00117786,-0.15953,-0.0101067,-0.229009,4.6323,-135441,-1,1.38806e-10,1,0
0.00117854,-0.160214,-0.0101,-0.228468,4.63227,-135943,-1,1.38806e-10,1,0
0.00117954,-0.161149,-0.010151,-0.227728,4.63177,-136620,-1,2.8127e-09,1,0
0.00117993,-0.161007,-0.0103347,-0.227859,4.63282,-136454,-1,1.54282e-10,1,0
0.00118084,-0.160829,-0.00960946,-0.227689,4.63331,-136199,-1,6.71765e-10,1,0
0.00118139,-0.161292,-0.00980303,-0.227791,4.63537,-136527,-1,5.88379e-10,1,0
0.00118212,-0.161785,-0.0104134,-0.227615,4.63279,-136860,-1,6.27508e-11,1,0
0.00118277,-0.162208,-0.0109921,-0.227228,4.6327,-137142,-1,5.98169e-10,1,0
0.0011832,-0.162253,-0.0114091,-0.226886,4.63103,-137131,-1,5.41418e-10,1,0
0.00118436,-0.163522,-0.0117293,-0.227581,4.63143,-138068,-1,1.48248e-09,1,0
0.00118512,-0.162902,-0.0115855,-0.228319,4.63307,-137456,-1,9.75089e-10,1,0
0.00118569,-0.16331,-0.0118679,-0.228355,4.63551,-137734,-1,4.76078e-11,1,0
0.00118603,-0.163546,-0.0117639,-0.228672,4.63616,-137894,-1,5.91064e-10,1,0
0.00118727,-0.163499,-0.0104226,-0.229512,4.63614,-137710,-1,1.63199e-09,1,0
0.00118736,-0.163496,-0.0104518,-0.22958,4.63666,-137697,-1,1.85466e-11,1,0
0.00118844,-0.164653,-0.0100882,-0.22976,4.63453,-138546,-1,1.22288e-09,1,0
0.00118923,-0.164714,-0.0100462,-0.230564,4.62935,-138505,-1,8.8437e-10,1,0
0.0011906,-0.163695,-0.010161,-0.229242,4.6288,-137490,-1,7.30119e-10,1,0
0.00119131,-0.163249,-0.0100266,-0.228468,4.62993,-137034,-1,1.92643e-09,1,0
0.0011919,-0.163416,-0.00984245,-0.227942,4.63208,-137106,-1,2.98707e-10,1,0
0.00119247,-0.163603,-0.00931369,-0.228287,4.63046,-137196,-1,4.53783e-10,1,0
0.00119368,-0.163394,-0.0087147,-0.229639,4.6298,-136883,-1,6.18687e-10,1,0
0.00119421,-0.163449,-0.00859518,-0.229281,4.62918,-136868,-1,5.2017e-10,1,0
0.00119478,-0.163242,-0.00906841,-0.228913,4.62739,-136629,-1,6.49316e-10,1,0
0.00119501,-0.163098,-0.00929518,-0.229018,4.62795,-136483,-1,2.87943e-10,1,0
0.00119583,-0.163623,-0.0101407,-0.229357,4.62792,-136828,-1,2.87943e-10,1,0
0.00119682,-0.162784,-0.0101549,-0.229057,4.62936,-136014,-1,4.73491e-11,1,0
0.00119736,-0.162251,-0.00998935,-0.229366,4.62976,-135508,-1,1.1249e-09,1,0
0.00119853,-0.161752,-0.0099725,-0.229879,4.63064,-134958,-1,4.29996e-10,1,0
0.00119949,-0.161519,-0.0108731,-0.230676,4.63066,-134656,-1,4.29996e-10,1,0
0.00120062,-0.161205,-0.0117113,-0.231555,4.63012,-134269,-1,2.75662e-10,1,0
0.00120178,-0.160768,-0.0112732,-0.231761,4.62747,-133774,-1,2.16734e-10,1,0
0.00120336,-0.159746,-0.0104318,-0.231921,4.626,-132750,-1,3.60866e-10,1,0
0.00120454,-0.158391,-0.0102556,-0.231302,4.62607,-131495,-1,3.60866e-10,1,0
0.00120576,-0.157765,-0.00971334,-0.232204,4.62281,-130843,-1,1.85664e-09,1,0
0.00120594,-0.157787,-0.00956363,-0.232249,4.62434,-130842,-1,1.25727e-10,1,0
0.00120687,-0.157147,-0.0098958,-0.232748,4.62771,-130210,-1,4.95136e-10,1,0
0.00120729,-0.157123,-0.0104205,-0.232636,4.62748,-130145,-1,5.37204e-10,1,0
0.00120769,-0.156883,-0.0106315,-0.232525,4.62691,-129903,-1,5.04847e-11,1,0
0.00120807,-0.156719,-0.0106418,-0.232882,4.62553,-129727,-1,9.41122e-11,1,0
0.0012086,-0.1565,-0.0100068,-0.232751,4.6249,-129488,-1,6.84591e-10,1,0
0.00120903,-0.156235,-0.00968934,-0.23239,4.62504,-129223,-1,5.48773e-10,1,0
0.00121021,-0.15646,-0.00964421,-0.231281,4.62839,-129284,-1,1.03572e-11,1,0
0.00121085,-0.157148,-0.00931979,-0.230969,4.62835,-129783,-1,1.03572e-11,1,0
0.00121138,-0.157712,-0.00905374,-0.230713,4.62833,-130192,-1,1.03572e-11,1,0
0.00121166,-0.158018,-0.00890931,-0.230575,4.62831,-130414,-1,1.03572e-11,1,0
0.00121199,-0.158147,-0.00905847,-0.230417,4.62668,-130486,-1,2.29212e-10,1,0
0.00121251,-0.158618,-0.00871512,-0.230539,4.62735,-130818,-1,7.56422e-11,1,0
0.00121337,-0.158217,-0.00863435,-0.230139,4.62787,-130395,-1,8.06804e-10,1,0
0.00121465,-0.157492,-0.00791007,-0.230845,4.6279,-129660,-1,2.44432e-10,1,0
0.00121586,-0.156407,-0.00832995,-0.231542,4.62789,-128639,-1,5.76177e-10,1,0
0.00121685,-0.155768,-0.00775531,-0.232171,4.62743,-128009,-1,7.48008e-10,1,0
0.00121785,-0.154988,-0.00721533,-0.232114,4.62145,-127264,-1,1.44349e-10,1,0
0.00121893,-0.155296,-0.00679396,-0.230979,4.62184,-127403,-1,9.0731e-10,1,0
0.00121983,-0.155204,-0.00567559,-0.23123,4.61922,-127234,-1,1.1498e-09,1,0
0.00122066,-0.154953,-0.00642178,-0.231931,4.61902,-126942,-1,1.05411e-09,1,0
0.00122137,-0.15515,-0.0057414,-0.232507,4.62102,-127029,-1,9.1291e-10,1,0
0.00122201,-0.155476,-0.00617788,-0.232965,4.62144,-127230,-1,1.22048e-10,1,0
0.00122247,-0.155947,-0.00624214,-0.233249,4.62118,-127568,-1,3.28126e-11,1,0
0.00122357,-0.155068,-0.00577931,-0.233015,4.62334,-126734,-1,6.8203e-10,1,0
0.00122408,-0.154798,-0.0053643,-0.232835,4.62154,-126461,-1,5.11011e-10,1,0
0.00122445,-0.154773,-0.00555027,-0.23321,4.62034,-126402,-1,3.1769e-10,1,0
0.00122595,-0.154315,-0.00601372,-0.23174,4.6227,-125873,-1,2.7654e-10,1,0
0.00122675,-0.154611,-0.00616135,-0.23083,4.62511,-126033,-1,7.81519e-10,1,0
0.00122726,-0.154436,-0.00568993,-0.230767,4.62898,-125838,-1,5.22019e-10,1,0
0.00122759,-0.154785,-0.00553448,-0.230942,4.62989,-126088,-1,4.20349e-10,1,0
0.00122802,-0.154473,-0.00523298,-0.231287,4.6298,-125790,-1,7.20598e-12,1,0
0.00122899,-0.155608,-0.00516011,-0.230808,4.62974,-126614,-1,7.20598e-12,1,0
0.00122973,-0.15642,-0.00507485,-0.230404,4.63115,-127199,-1,2.11071e-09,1,0
0.00123065,-0.156409,-0.00490553,-0.22966,4.62963,-127095,-1,5.98222e-10,1,0
0.00123134,-0.15632,-0.00413234,-0.229246,4.62971,-126951,-1,8.81167e-10,1,0
0.00123192,-0.156633,-0.00401034,-0.228958,4.63108,-127146,-1,9.96123e-11,1,0
0.00123273,-0.156703,-0.00440917,-0.229087,4.63194,-127119,-1,6.89177e-10,1,0
0.00123321,-0.157046,-0.00396343,-0.229156,4.63446,-127348,-1,6.93885e-10,1,0
0.00123367,-0.157184,-0.00370772,-0.229392,4.63529,-127413,-1,3.36786e-11,1,0
0.00123425,-0.157371,-0.0041188,-0.229413,4.63517,-127504,-1,3.62961e-10,1,0
0.0012348,-0.156715,-0.00415034,-0.229225,4.63808,-126916,-1,6.9068e-10,1,0
0.00123605,-0.156677,-0.00542271,-0.229332,4.63997,-126756,-1,1.02357e-09,1,0
0.00123725,-0.15749,-0.00481923,-0.230197,4.63822,-127290,-1,1.39765e-09,1,0
0.001238,-0.157176,-0.00570086,-0.230424,4.63837,-126959,-1,1.09605e-09,1,0
0.00123863,-0.156913,-0.00517173,-0.230501,4.63605,-126683,-1,1.50437e-10,1,0
0.00123914,-0.156679,-0.00457974,-0.230659,4.63656,-126442,-1,6.56072e-10,1,0
0.0012398,-0.156946,-0.00390719,-0.230767,4.63651,-126590,-1,4.03121e-10,1,0
0.00124088,-0.15596,-0.00340555,-0.230846,4.63663,-125685,-1,3.53539e-10,1,0
0.00124253,-0.153872,-0.00308453,-0.230869,4.63674,-123838,-1,3.53539e-10,1,0
0.00124365,-0.153086,-0.0026073,-0.231293,4.6379,-123094,-1,5.8055e-10,1,0
0.00124448,-0.152483,-0.00285429,-0.230873,4.63922,-122528,-1,5.45119e-10,1,0
0.00124515,-0.152272,-0.00319989,-0.231257,4.64342,-122291,-1,6.04783e-10,1,0
0.00124552,-0.151937,-0.00288739,-0.231345,4.64339,-121987,-1,5.12077e-10,1,0
0.00124584,-0.151831,-0.00297808,-0.231237,4.64185,-121870,-1,2.49907e-10,1,0
0.00124702,-0.150849,-0.00354462,-0.231338,4.64003,-120967,-1,6.03029e-10,1,0
0.00124773,-0.150991,-0.0036229,-0.231577,4.64353,-121013,-1,9.91415e-10,1,0
0.00124829,-0.15157,-0.00393484,-0.231433,4.64464,-121421,-1,8.03917e-10,1,0
0.00124879,-0.151627,-0.00425629,-0.23104,4.64624,-121420,-1,1.07056e-10,1,0
0.00124975,-0.151422,-0.00506238,-0.230405,4.64453,-121162,-1,1.1407e-10,1,0
0.00124987,-0.15146,-0.00515675,-0.230302,4.6443,-121180,-1,7.78521e-10,1,0
0.00125066,-0.152016,-0.00566071,-0.229634,4.64401,-121548,-1,1.1039e-09,1,0
0.00125152,-0.151575,-0.00512873,-0.228783,4.64403,-121113,-1,1.1039e-09,1,0
0.00125183,-0.151496,-0.00539398,-0.228842,4.64311,-121020,-1,9.0312e-11,1,0
0.00125341,-0.150739,-0.0051116,-0.22825,4.64509,-120264,-1,1.02341e-09,1,0
0.00125448,-0.150702,-0.00626776,-0.228519,4.64658,-120131,-1,1.36592e-09,1,0
0.00125495,-0.150496,-0.00633773,-0.228785,4.64864,-119923,-1,1.24801e-09,1,0
0.00125569,-0.149792,-0.00590761,-0.22925,4.64868,-119291,-1,1.24801e-09,1,0
0.00125647,-0.149868,-0.00520119,-0.229106,4.64929,-119277,-1,2.75481e-10,1,0
0.00125721,-0.150136,-0.00472843,-0.228826,4.65189,-119420,-1,2.91172e-10,1,0
0.00125799,-0.149786,-0.00561224,-0.228695,4.65181,-119068,-1,5.02936e-10,1,0
0.00125866,-0.149815,-0.00575607,-0.227847,4.65181,-119027,-1,5.02936e-10,1,0
0.00125918,-0.149838,-0.00586614,-0.227198,4.65181,-118997,-1,5.02936e-10,1,0
0.0012596,-0.14999,-0.00600124,-0.226962,4.6486,-119077,-1,1.93153e-10,1,0
0.00126087,-0.150312,-0.00569207,-0.22734,4.64893,-119213,-1,6.85529e-10,1,0
0.00126106,-0.150538,-0.00566242,-0.22741,4.64828,-119374,-1,1.34495e-10,1,0
0.00126178,-0.150681,-0.00551302,-0.228087,4.64888,-119419,-1,2.73856e-10,1,0
0.00126249,-0.151492,-0.00590991,-0.228151,4.64563,-119995,-1,9.05709e-10,1,0
0.00126263,-0.151545,-0.0059622,-0.228191,4.64449,-120024,-1,4.95013e-11,1,0
0.00126391,-0.152035,-0.0056056,-0.229066,4.64723,-120289,-1,7.45418e-10,1,0
0.00126453,-0.152259,-0.00506592,-0.229492,4.64461,-120408,-1,1.08314e-10,1,0
0.0012656,-0.152668,-0.0042878,-0.228445,4.64459,-120629,-1,1.08314e-10,1,0
0.00126649,-0.153008,-0.00363892,-0.227571,4.64483,-120813,-1,2.50799e-09,1,0
0.00126757,-0.153625,-0.00336003,-0.22809,4.6417,-121197,-1,7.81524e-10,1,0
0.00126871,-0.154131,-0.00338642,-0.228228,4.64213,-121487,-1,8.70389e-10,1,0
0.00126919,-0.154521,-0.00331146,-0.228644,4.64045,-121748,-1,1.35555e-10,1,0
0.00126973,-0.154949,-0.00359517,-0.229031,4.64289,-122033,-1,5.5334e-10,1,0
0.00127103,-0.155611,-0.00378765,-0.229575,4.64521,-122429,-1,1.02802e-10,1,0
0.00127172,-0.155838,-0.00426394,-0.230226,4.64508,-122541,-1,4.21893e-11,1,0
0.00127254,-0.156219,-0.00489444,-0.230961,4.64506,-122762,-1,4.21893e-11,1,0
0.00127294,-0.156438,-0.00520375,-0.231224,4.64476,-122896,-1,2.11371e-09,1,0
0.0012733,-0.156777,-0.00549309,-0.231073,4.64398,-123126,-1,5.65033e-10,1,0
0.00127357,-0.157005,-0.00568105,-0.231241,4.64385,-123280,-1,3.40477e-10,1,0
0.00127435,-0.157472,-0.00480664,-0.231327,4.64383,-123571,-1,3.40477e-10,1,0
0.0012746,-0.157525,-0.00451973,-0.231352,4.64248,-123588,-1,1.20713e-09,1,0
0.00127594,-0.1568,-0.00296681,-0.231449,4.6429,-122889,-1,1.82762e-09,1,0
0.0012776,-0.156573,-0.000860994,-0.231477,4.64245,-122552,-1,2.11818e-09,1,0
0.00127838,-0.156416,-0.00107994,-0.231857,4.64194,-122355,-1,6.83155e-10,1,0
0.00127857,-0.156364,-0.0012406,-0.231975,4.64163,-122295,-1,3.44765e-10,1,0
0.00127921,-0.156203,-0.00180511,-0.232534,4.64159,-122110,-1,1.02721e-09,1,0
0.00127975,-0.156659,-0.00162141,-0.232992,4.64085,-122413,-1,6.36627e-10,1,0
0.00128098,-0.157974,-0.001527,-0.232385,4.64075,-123322,-1,1.42807e-09,1,0
0.00128166,-0.158463,-0.00103977,-0.232503,4.63969,-123639,-1,7.74155e-10,1,0
0.00128199,-0.158315,-0.00131388,-0.23262,4.63941,-123491,-1,4.53959e-10,1,0
0.00128316,-0.157587,-0.000656525,-0.233143,4.63991,-122811,-1,4.71007e-10,1,0
0.00128381,-0.15825,-0.000306561,-0.232791,4.64061,-123266,-1,8.28129e-10,1,0
0.00128474,-0.158648,-0.00111018,-0.232177,4.64048,-123487,-1,6.66195e-10,1,0
0.00128553,-0.158558,-0.00193583,-0.231595,4.64048,-123341,-1,6.66195e-10,1,0
0.00128581,-0.158527,-0.00222509,-0.231391,4.64049,-123290,-1,1.88693e-09,1,0
0.00128632,-0.158273,-0.00234119,-0.231092,4.63994,-123043,-1,2.22298e-10,1,0
0.00128663,-0.158265,-0.00266031,-0.231331,4.63971,-123007,-1,3.98732e-10,1,0
0.00128693,-0.157953,-0.00268236,-0.231415,4.63943,-122737,-1,8.97535e-11,1,0
0.00128748,-0.157489,-0.00300463,-0.23169,4.63883,-122323,-1,5.48012e-10,1,0
0.00128876,-0.157013,-0.00417247,-0.23251,4.63856,-121833,-1,1.77276e-09,1,0
0.00128922,-0.157216,-0.00472329,-0.232463,4.63744,-121946,-1,8.65624e-10,1,0
0.00128998,-0.156831,-0.00560671,-0.232479,4.63746,-121576,-1,8.65624e-10,1,0
0.00129086,-0.156379,-0.00664197,-0.232498,4.63748,-121143,-1,8.65624e-10,1,0
0.0012916,-0.156115,-0.00750546,-0.232601,4.63876,-120869,-1,2.37433e-10,1,0
0.00129259,-0.156476,-0.00694374,-0.23368,4.63858,-121056,-1,1.26912e-09,1,0
0.001293,-0.156174,-0.00712919,-0.2336,4.63934,-120784,-1,9.0729e-11,1,0
0.0012933,-0.156005,-0.00737163,-0.23373,4.63682,-120626,-1,2.81348e-10,1,0
0.00129412,-0.156749,-0.00749135,-0.232988,4.63588,-121124,-1,1.05867e-09,1,0
0.00129439,-0.156685,-0.00716328,-0.232918,4.63587,-121049,-1,3.41511e-10,1,0
0.00129474,-0.156833,-0.00728136,-0.233054,4.63568,-121130,-1,3.23089e-10,1,0
0.00129601,-0.157168,-0.00655918,-0.231642,4.63322,-121271,-1,1.74524e-09,1,0
0.00129812,-0.157747,-0.00543805,-0.230559,4.63597,-121519,-1,9.85096e-10,1,0
0.00129864,-0.158121,-0.00533435,-0.230029,4.63574,-121759,-1,2.37026e-09,1,0
0.00129911,-0.158395,-0.00498295,-0.229619,4.63471,-121926,-1,6.05316e-10,1,0
0.00130067,-0.159517,-0.00651072,-0.228986,4.63465,-122641,-1,6.05316e-10,1,0
0.00130137,-0.160007,-0.00718535,-0.228697,4.63274,-122953,-1,2.8797e-09,1,0
0.00130219,-0.159918,-0.00754168,-0.228058,4.63423,-122807,-1,3.4854e-10,1,0
0.00130378,-0.160857,-0.00730111,-0.229846,4.63628,-123377,-1,2.03373e-09,1,0
0.0013041,-0.160671,-0.00714873,-0.230085,4.6366,-123205,-1,3.60674e-10,1,0
0.00130508,-0.16123,-0.00748317,-0.229849,4.63609,-123540,-1,6.37579e-10,1,0
0.00130629,-0.161204,-0.0070355,-0.230653,4.63752,-123406,-1,5.4753e-10,1,0
0.00130768,-0.161417,-0.00651199,-0.230652,4.63742,-123438,-1,4.45131e-10,1,0
0.00130788,-0.161523,-0.00662755,-0.230828,4.63443,-123500,-1,2.3523e-10,1,0
0.00130859,-0.162307,-0.0064452,-0.230446,4.63125,-124032,-1,3.89007e-10,1,0
0.00130995,-0.1613,-0.00564188,-0.231419,4.63356,-123134,-1,1.62069e-09,1,0
0.00131036,-0.16146,-0.00546569,-0.231302,4.63548,-123218,-1,3.69605e-10,1,0
0.00131066,-0.161689,-0.00553287,-0.231155,4.63594,-123364,-1,2.44237e-10,1,0
0.00131213,-0.162197,-0.00614377,-0.231498,4.63711,-123613,-1,1.02344e-09,1,0
0.00131295,-0.16146,-0.00547734,-0.231848,4.63761,-122975,-1,1.05317e-09,1,0
0.00131468,-0.162171,-0.00397373,-0.232557,4.63666,-123354,-1,1.71717e-09,1,0
0.00131537,-0.162123,-0.00478151,-0.232487,4.63724,-123252,-1,7.13106e-10,1,0
0.00131557,-0.161934,-0.00467943,-0.232346,4.63725,-123090,-1,7.13106e-10,1,0
0.00131677,-0.160813,-0.00407256,-0.231505,4.63741,-122127,-1,1.7838e-09,1,0
0.00131842,-0.159132,-0.00351639,-0.232033,4.63598,-120699,-1,1.02328e-09,1,0
0.00131946,-0.159089,-0.00347923,-0.232357,4.63153,-120572,-1,1.97369e-10,1,0
0.00132174,-0.159465,-0.00454981,-0.233237,4.63039,-120648,-1,1.02312e-09,1,0
0.00132213,-0.159341,-0.0049029,-0.233313,4.62966,-120518,-1,9.86508e-10,1,0
0.00132333,-0.158672,-0.00475981,-0.23326,4.62784,-119903,-1,1.09921e-09,1,0
0.00132413,-0.158294,-0.00385819,-0.233253,4.62437,-119546,-1,2.69574e-11,1,0
0.00132483,-0.157953,-0.00348207,-0.232511,4.62439,-119225,-1,2.69574e-11,1,0
0.00132543,-0.157664,-0.00316343,-0.231882,4.6244,-118953,-1,2.69574e-11,1,0
0.00132664,-0.156945,-0.00208108,-0.23165,4.62776,-118303,-1,1.03652e-09,1,0
0.00132712,-0.156891,-0.00269436,-0.231583,4.62776,-118219,-1,1.03652e-09,1,0
0.00132817,-0.156163,-0.00313744,-0.232438,4.62728,-117578,-1,8.00136e-10,1,0
0.00132843,-0.156337,-0.00339705,-0.232403,4.63091,-117686,-1,3.17443e-10,1,0
0.00132908,-0.15632,-0.00302702,-0.23228,4.62581,-117615,-1,2.35814e-10,1,0
0.00133017,-0.156668,-0.00214711,-0.232103,4.62563,-117780,-1,5.68651e-10,1,0
0.00133111,-0.156612,-0.00147441,-0.232881,4.62411,-117655,-1,8.72052e-10,1,0
0.00133254,-0.156185,3.16597e-05,-0.232168,4.62486,-117208,-1,1.13775e-09,1,0
0.00133276,-0.156147,0.000230654,-0.231985,4.62486,-117160,-1,1.13775e-09,1,0
0.00133333,-0.156043,0.000763603,-0.231495,4.62486,-117033,-1,1.13775e-09,1,0
0.0013342,-0.155887,0.00156739,-0.230755,4.62487,-116840,-1,1.13775e-09,1,0
0.00133469,-0.155901,0.00118713,-0.230522,4.62006,-116807,-1,3.64362e-11,1,0
0.0013352,-0.155542,0.00138987,-0.230784,4.61815,-116493,-1,8.76607e-11,1,0
0.00133589,-0.154944,0.00175754,-0.2313,4.61818,-115986,-1,8.76607e-11,1,0
0.00133671,-0.154316,0.00216012,-0.231896,4.61578,-115445,-1,4.57531e-13,1,0
0.00133823,-0.154238,0.00115601,-0.231819,4.61483,-115255,-1,1.0416e-09,1,0
0.00133893,-0.153926,0.0011198,-0.231313,4.6184,-114962,-1,7.86667e-11,1,0
0.0013392,-0.153841,0.000785368,-0.231368,4.61812,-114875,-1,3.4909e-10,1,0
0.00134018,-0.153415,0.00144316,-0.231848,4.61794,-114474,-1,7.62231e-10,1,0
0.00134043,-0.153223,0.00138775,-0.232075,4.61865,-114308,-1,2.0406e-10,1,0
0.00134208,-0.152007,-9.04956e-05,-0.232947,4.61598,-113262,-1,2.10336e-09,1,0
0.00134261,-0.151541,0.000236492,-0.233262,4.61597,-112871,-1,6.43242e-10,1,0
0.00134286,-0.151682,0.00042406,-0.233093,4.61602,-112955,-1,1.04244e-10,1,0
0.00134324,-0.151908,0.000651867,-0.232734,4.61808,-113091,-1,7.16616e-10,1,0
0.00134417,-0.151419,0.00161756,-0.232247,4.61811,-112649,-1,7.16616e-10,1,0
0.00134486,-0.151034,0.00228144,-0.231814,4.61821,-112304,-1,7.99932e-10,1,0
0.00134563,-0.15028,0.0025642,-0.231263,4.61876,-111680,-1,9.75589e-10,1,0
0.00134648,-0.150228,0.00167453,-0.231886,4.61809,-111571,-1,1.08702e-09,1,0
0.00134671,-0.149992,0.00179465,-0.231772,4.61777,-111377,-1,2.84893e-10,1,0
0.00134741,-0.150381,0.0020135,-0.231792,4.61454,-111607,-1,4.19354e-10,1,0
0.00134813,-0.151208,0.00173846,-0.231491,4.61445,-112161,-1,1.40784e-09,1,0
0.0013493,-0.150991,0.00241868,-0.230311,4.6145,-111904,-1,1.30211e-09,1,0
0.00135027,-0.150617,0.00209476,-0.230022,4.61259,-111545,-1,6.79736e-10,1,0
0.00135098,-0.150643,0.00206609,-0.229214,4.61466,-111507,-1,5.12178e-10,1,0
0.00135122,-0.150602,0.00215065,-0.229179,4.61141,-111456,-1,9.49063e-11,1,0
0.00135169,-0.150399,0.00204821,-0.229667,4.61165,-111267,-1,2.50018e-11,1,0
0.00135238,-0.15005,0.00274768,-0.229707,4.61318,-110953,-1,1.54852e-10,1,0
0.00135272,-0.150117,0.00248712,-0.229958,4.61294,-110974,-1,1.95399e-10,1,0
0.0013538,-0.150343,0.00227837,-0.229108,4.60814,-111053,-1,1.22196e-10,1,0
0.00135497,-0.150919,0.00120895,-0.228746,4.60859,-111381,-1,1.04629e-09,1,0
0.00135532,-0.151284,0.00114845,-0.228967,4.60848,-111623,-1,2.04657e-10,1,0
0.00135669,-0.152693,0.000787047,-0.229945,4.60917,-112548,-1,1.98119e-09,1,0
0.00135807,-0.152457,0.00104974,-0.229305,4.60498,-112260,-1,7.74911e-10,1,0
0.00135846,-0.152681,0.00127538,-0.229461,4.60506,-112393,-1,2.2577e-10,1,0
0.00135876,-0.152863,0.00124268,-0.229678,4.60357,-112502,-1,3.24132e-12,1,0
0.00135915,-0.153219,0.00094691,-0.229539,4.604,-112732,-1,7.59429e-11,1,0
0.00135952,-0.153593,0.00104067,-0.229804,4.60398,-112976,-1,7.59429e-11,1,0
0.00135982,-0.153834,0.00110465,-0.230004,4.60334,-113128,-1,2.177e-11,1,0
0.00136038,-0.153674,0.00167265,-0.229806,4.6051,-112964,-1,4.1777e-10,1,0
0.00136149,-0.154238,0.00250418,-0.229158,4.60716,-113287,-1,1.04163e-09,1,0
0.0013624,-0.15514,0.00231255,-0.228458,4.60702,-113873,-1,1.502e-09,1,0
0.00136308,-0.15524,0.00239426,-0.227905,4.60621,-113889,-1,1.09638e-10,1,0
0.00136402,-0.15473,0.00200924,-0.227118,4.60551,-113436,-1,1.03235e-09,1,0
0.00136437,-0.154505,0.00217989,-0.226822,4.60445,-113243,-1,2.71885e-10,1,0
0.00136457,-0.154516,0.00209611,-0.226955,4.60132,-113234,-1,8.24341e-11,1,0
0.0013649,-0.154618,0.00222043,-0.227164,4.60326,-113282,-1,7.97433e-11,1,0
0.0013654,-0.154778,0.00254511,-0.227577,4.60526,-113357,-1,8.63567e-11,1,0
0.00136627,-0.154825,0.00218316,-0.226523,4.60526,-113319,-1,8.63567e-11,1,0
0.00136688,-0.154693,0.00185435,-0.225878,4.60653,-113172,-1,3.12586e-10,1,0
0.0013677,-0.153997,0.00262067,-0.225915,4.60765,-112596,-1,1.03552e-09,1,0
0.00136795,-0.153912,0.00279585,-0.225999,4.60979,-112513,-1,1.83436e-10,1,0
0.00136934,-0.154309,0.00372636,-0.225297,4.60807,-112688,-1,1.4085e-09,1,0
0.00136994,-0.154377,0.00395235,-0.224694,4.60954,-112689,-1,6.13504e-10,1,0
0.00137079,-0.154352,0.00502436,-0.224769,4.60954,-112601,-1,6.13504e-10,1,0
0.00137248,-0.153701,0.00440682,-0.223727,4.61062,-111988,-1,9.19601e-10,1,0
0.00137274,-0.153727,0.00433821,-0.223571,4.61445,-111986,-1,9.82801e-10,1,0
0.00137315,-0.154162,0.00461562,-0.223628,4.61535,-112269,-1,6.501e-12,1,0
0.00137487,-0.153674,0.00488003,-0.22203,4.61581,-111773,-1,1.04165e-09,1,0
0.00137584,-0.153484,0.00506083,-0.22106,4.61716,-111557,-1,8.35241e-10,1,0
0.00137658,-0.153655,0.00416418,-0.221274,4.61518,-111621,-1,4.01834e-10,1,0
0.00137725,-0.1538,0.00336832,-0.221435,4.61434,-111672,-1,1.76634e-09,1,0
0.00137787,-0.153738,0.00318225,-0.220667,4.61078,-111576,-1,8.22661e-10,1,0
0.00137881,-0.154577,0.00346833,-0.22024,4.61272,-112109,-1,1.44974e-10,1,0
0.00137911,-0.154889,0.00356891,-0.220025,4.61296,-112310,-1,1.43337e-09,1,0
0.00138031,-0.153977,0.00321814,-0.220808,4.61186,-111553,-1,1.23435e-09,1,0
0.00138111,-0.153785,0.00399498,-0.220297,4.61299,-111349,-1,1.33738e-11,1,0
0.00138224,-0.153713,0.00522418,-0.219996,4.61312,-111206,-1,5.142e-10,1,0
0.00138306,-0.153786,0.0059511,-0.219385,4.61204,-111193,-1,9.4375e-11,1,0
0.00138496,-0.154267,0.00445061,-0.219836,4.61045,-111388,-1,4.88519e-10,1,0
0.00138602,-0.153827,0.0050614,-0.219072,4.60616,-110985,-1,1.02212e-09,1,0
0.00138685,-0.154808,0.00541838,-0.21924,4.60611,-111626,-1,1.02212e-09,1,0
0.00138707,-0.155069,0.00551336,-0.219285,4.6061,-111796,-1,1.02212e-09,1,0
0.00138819,-0.15462,0.0042416,-0.219442,4.60526,-111383,-1,1.38011e-09,1,0
0.00138836,-0.154762,0.00426927,-0.219483,4.60382,-111471,-1,5.06535e-11,1,0
0.00138912,-0.154295,0.00398482,-0.219356,4.60396,-111074,-1,4.09702e-10,1,0
0.00139008,-0.15335,0.00474662,-0.219571,4.60417,-110317,-1,1.23264e-09,1,0
0.00139066,-0.153291,0.00430058,-0.218986,4.60263,-110229,-1,7.37555e-10,1,0
0.00139149,-0.154051,0.00379049,-0.21851,4.60362,-110709,-1,7.42149e-10,1,0
0.00139247,-0.154199,0.00404426,-0.218041,4.60304,-110738,-1,7.21565e-10,1,0
0.00139317,-0.154974,0.00424727,-0.217659,4.60301,-111239,-1,7.21565e-10,1,0
0.00139362,-0.155388,0.0045675,-0.217486,4.60255,-111500,-1,3.93664e-10,1,0
0.00139417,-0.155025,0.00512096,-0.217741,4.60429,-111195,-1,7.12623e-10,1,0
0.00139452,-0.155256,0.00495465,-0.218074,4.6037,-111333,-1,6.34163e-12,1,0
0.001395,-0.15495,0.00442794,-0.218022,4.60371,-111075,-1,6.34163e-12,1,0
0.00139558,-0.154729,0.0041321,-0.217748,4.60175,-110870,-1,2.62185e-10,1,0
0.00139681,-0.155935,0.00457808,-0.218085,4.60135,-111636,-1,5.16133e-10,1,0
0.0013977,-0.157054,0.00477425,-0.218013,4.60247,-112366,-1,2.18041e-09,1,0
0.0013982,-0.157026,0.00495089,-0.217811,4.60207,-112305,-1,2.61002e-10,1,0
0.00139867,-0.156786,0.004831,-0.218119,4.60079,-112096,-1,4.61133e-10,1,0
0.00139915,-0.156993,0.00505075,-0.218279,4.59921,-112206,-1,2.28244e-10,1,0
0.00139964,-0.157233,0.00535262,-0.218774,4.59681,-112338,-1,8.47926e-10,1,0
0.0013999,-0.157502,0.00524228,-0.21886,4.59821,-112510,-1,7.15233e-11,1,0
0.00140077,-0.158462,0.00547152,-0.218362,4.59817,-113125,-1,7.15233e-11,1,0
0.00140188,-0.159639,0.00588064,-0.218885,4.59784,-113875,-1,1.27985e-09,1,0
0.00140239,-0.159778,0.00609738,-0.219008,4.59698,-113933,-1,1.26462e-10,1,0
0.00140276,-0.159861,0.0058548,-0.219057,4.59852,-113962,-1,2.29537e-10,1,0
0.00140321,-0.160128,0.00612912,-0.219475,4.5985,-114116,-1,2.29537e-10,1,0
0.00140365,-0.160227,0.0065159,-0.219833,4.59871,-114150,-1,8.16953e-10,1,0
0.00140422,-0.160183,0.00712352,-0.220229,4.59871,-114073,-1,8.16953e-10,1,0
0.00140449,-0.160163,0.00740204,-0.220411,4.59793,-114037,-1,1.37788e-09,1,0
0.00140514,-0.160697,0.00692464,-0.220278,4.59757,-114364,-1,1.87536e-10,1,0
0.00140585,-0.160731,0.00611341,-0.21994,4.5962,-114331,-1,3.84115e-10,1,0
0.00140723,-0.159325,0.00630397,-0.219088,4.59737,-113219,-1,1.25494e-09,1,0
0.00140801,-0.159048,0.00633791,-0.218719,4.59782,-112959,-1,3.18013e-10,1,0
0.00140889,-0.15981,0.0063951,-0.218001,4.59786,-113430,-1,3.89056e-10,1,0
0.00141024,-0.160927,0.006977,-0.217394,4.59958,-114113,-1,2.00573e-09,1,0
0.00141096,-0.161492,0.00740971,-0.217977,4.59955,-114456,-1,2.00573e-09,1,0
0.00141211,-0.160867,0.00822403,-0.218652,4.60007,-113920,-1,1.65986e-09,1,0
0.00141261,-0.160472,0.00845981,-0.218824,4.60051,-113599,-1,1.70349e-09,1,0
0.00141354,-0.159786,0.00797307,-0.219318,4.59781,-113040,-1,3.24293e-10,1,0
0.00141488,-0.159376,0.00858918,-0.218934,4.59628,-112643,-1,1.04158e-09,1,0
0.00141571,-0.159827,0.00863662,-0.219888,4.59662,-112895,-1,5.94867e-10,1,0
0.00141644,-0.160521,0.00879737,-0.220473,4.59634,-113327,-1,1.05052e-09,1,0
0.00141678,-0.160756,0.00887134,-0.220607,4.59881,-113466,-1,1.25183e-09,1,0
0.00141756,-0.160325,0.00932767,-0.220717,4.59979,-113100,-1,6.72951e-10,1,0
0.00141807,-0.160461,0.00955735,-0.220124,4.59901,-113155,-1,6.50774e-10,1,0
0.00141908,-0.161538,0.00892855,-0.21982,4.59895,-113833,-1,6.50774e-10,1,0
0.00141964,-0.161877,0.00840875,-0.219973,4.59734,-114026,-1,4.67999e-10,1,0
0.00141999,-0.162268,0.00831693,-0.219983,4.59901,-114274,-1,1.29566e-10,1,0
0.00142047,-0.162807,0.00822025,-0.219896,4.60169,-114615,-1,1.07798e-11,1,0
0.00142143,-0.162258,0.00830528,-0.220891,4.60109,-114151,-1,6.08823e-10,1,0
0.00142208,-0.16209,0.00782294,-0.221205,4.60026,-113981,-1,4.79012e-10,1,0
0.00142259,-0.162478,0.00772737,-0.220684,4.60024,-114212,-1,4.79012e-10,1,0
0.00142365,-0.16241,0.00698189,-0.221347,4.60169,-114080,-1,1.12182e-09,1,0
0.00142471,-0.162169,0.00739157,-0.222089,4.59882,-113826,-1,1.04152e-09,1,0
0.00142481,-0.162184,0.00750068,-0.222018,4.59892,-113828,-1,3.14853e-10,1,0
0.00142572,-0.161781,0.00734877,-0.221322,4.59733,-113473,-1,5.84422e-10,1,0
0.00142586,-0.161776,0.00724037,-0.221299,4.59694,-113459,-1,4.63412e-10,1,0
0.00142731,-0.162338,0.0076221,-0.220825,4.59465,-113737,-1,1.03982e-09,1,0
0.0014277,-0.162147,0.00803784,-0.22063,4.5921,-113572,-1,1.37669e-09,1,0
0.00142811,-0.162132,0.00752682,-0.220639,4.59243,-113530,-1,5.11306e-10,1,0
0.001429,-0.161254,0.00686943,-0.220394,4.59254,-112844,-1,1.08796e-09,1,0
0.00142968,-0.160725,0.00713595,-0.22,4.5926,-112420,-1,2.21135e-10,1,0
0.00143092,-0.16086,0.00775344,-0.221432,4.59144,-112417,-1,1.55994e-09,1,0
0.00143189,-0.160452,0.00892245,-0.221475,4.5922,-112056,-1,1.2389e-09,1,0
0.00143255,-0.161284,0.00887716,-0.221438,4.59216,-112585,-1,1.2389e-09,1,0
0.00143328,-0.161991,0.00867479,-0.22136,4.59163,-113021,-1,1.59216e-09,1,0
0.00143365,-0.161857,0.00825937,-0.221309,4.59194,-112899,-1,7.75922e-11,1,0
0.00143427,-0.161623,0.00829151,-0.22144,4.59297,-112687,-1,2.85165e-10,1,0
0.00143462,-0.16142,0.00869173,-0.221469,4.59299,-112518,-1,4.49764e-10,1,0
0.00143558,-0.161734,0.00925508,-0.220658,4.59318,-112661,-1,6.70949e-10,1,0
0.00143698,-0.162748,0.0104632,-0.220589,4.59423,-113257,-1,6.79621e-10,1,0
0.00143765,-0.162391,0.010557,-0.220759,4.5928,-112956,-1,1.34997e-10,1,0
0.00143785,-0.162332,0.0106667,-0.220691,4.59226,-112900,-1,3.79443e-10,1,0
0.00143839,-0.162049,0.0109892,-0.220156,4.592,-112660,-1,4.46682e-10,1,0
0.00143931,-0.16201,0.0116966,-0.219225,4.58918,-112561,-1,1.16994e-09,1,0
0.00144093,-0.163033,0.0105041,-0.219786,4.58679,-113144,-1,7.46913e-10,1,0
0.00144214,-0.163884,0.00991251,-0.219296,4.58729,-113639,-1,1.41116e-09,1,0
0.0014427,-0.163816,0.0101979,-0.219312,4.58908,-113548,-1,1.96713e-10,1,0
0.00144371,-0.163141,0.0111234,-0.218772,4.58949,-113001,-1,1.26421e-09,1,0
0.00144427,-0.162857,0.0113015,-0.218865,4.59236,-112761,-1,4.2917e-10,1,0
0.00144525,-0.162954,0.0111584,-0.217625,4.59374,-112751,-1,1.39408e-09,1,0
0.00144564,-0.162756,0.0115048,-0.21787,4.59387,-112584,-1,3.32566e-10,1,0
0.00144603,-0.162576,0.0112761,-0.217905,4.59201,-112429,-1,3.05261e-10,1,0
0.00144662,-0.163312,0.011133,-0.217903,4.59311,-112892,-1,2.42737e-11,1,0
0.00144705,-0.163136,0.010891,-0.218204,4.5926,-112737,-1,1.98178e-10,1,0
0.00144753,-0.163277,0.0105763,-0.217946,4.59186,-112797,-1,5.17863e-11,1,0
0.00144824,-0.163903,0.0101427,-0.218152,4.59265,-113174,-1,7.17367e-10,1,0
0.00144849,-0.163926,0.0104092,-0.218305,4.59067,-113170,-1,3.08315e-10,1,0
0.00144877,-0.163634,0.0103245,-0.218389,4.59033,-112946,-1,2.55473e-11,1,0
0.00144959,-0.163463,0.0102116,-0.21802,4.59301,-112765,-1,7.10136e-12,1,0
0.0014504,-0.163806,0.0102638,-0.2173,4.58956,-112938,-1,1.29561e-10,1,0
0.00145129,-0.163498,0.0110419,-0.216538,4.58958,-112656,-1,1.29561e-10,1,0
0.0014519,-0.16288,0.0107158,-0.216378,4.58877,-112184,-1,7.14608e-10,1,0
0.00145256,-0.162799,0.010672,-0.216153,4.58933,-112077,-1,4.84625e-10,1,0
0.00145288,-0.162733,0.0105668,-0.21626,4.58936,-112007,-1,1.51063e-10,1,0
0.00145383,-0.162416,0.0108687,-0.215262,4.5897,-111716,-1,5.33111e-10,1,0
0.00145473,-0.161764,0.010885,-0.214335,4.58973,-111199,-1,5.33111e-10,1,0
0.0014553,-0.161603,0.0106343,-0.214902,4.58843,-111044,-1,4.42585e-10,1,0
0.00145603,-0.161546,0.0106355,-0.21572,4.59036,-110949,-1,9.09059e-10,1,0
0.00145643,-0.16166,0.0109799,-0.216069,4.59148,-110997,-1,7.58125e-10,1,0
0.0014573,-0.160934,0.0116653,-0.215596,4.59152,-110433,-1,7.58125e-10,1,0
0.00145801,-0.160501,0.0119243,-0.21542,4.59143,-110082,-1,1.80065e-09,1,0
0.00145876,-0.160262,0.011367,-0.215748,4.59125,-109861,-1,8.48722e-10,1,0
0.0014603,-0.158854,0.0115719,-0.214863,4.58889,-108782,-1,9.19051e-10,1,0
0.00146076,-0.158722,0.0117311,-0.214817,4.58828,-108657,-1,1.47024e-10,1,0
0.00146128,-0.158686,0.0121587,-0.215309,4.58818,-108594,-1,6.52964e-10,1,0
0.00146187,-0.158753,0.0128757,-0.215083,4.58817,-108596,-1,6.52964e-10,1,0
0.00146271,-0.15891,0.0138542,-0.214725,4.58753,-108641,-1,1.67764e-09,1,0
0.00146328,-0.159276,0.0143295,-0.214374,4.58828,-108849,-1,3.08416e-11,1,0
0.00146508,-0.158465,0.0157539,-0.215962,4.58786,-108162,-1,2.28202e-09,1,0
0.0014664,-0.15823,0.0154406,-0.217537,4.58819,-107904,-1,6.42198e-10,1,0
0.00146704,-0.157912,0.0159521,-0.217221,4.58958,-107640,-1,9.01097e-11,1,0
0.00146809,-0.159154,0.0157132,-0.217682,4.59032,-108408,-1,1.34563e-09,1,0
0.00146855,-0.158691,0.0156571,-0.218004,4.59033,-108060,-1,5.46102e-10,1,0
0.00146996,-0.159634,0.0168857,-0.217311,4.58938,-108598,-1,6.17988e-10,1,0
0.00147072,-0.158743,0.0171998,-0.217097,4.58942,-107936,-1,6.17988e-10,1,0
0.00147106,-0.158456,0.0170797,-0.216971,4.58809,-107716,-1,2.14421e-10,1,0
0.00147121,-0.158352,0.0169399,-0.21693,4.5863,-107634,-1,1.64862e-10,1,0
0.00147169,-0.158269,0.0165047,-0.217155,4.58441,-107543,-1,3.14051e-10,1,0
0.00147269,-0.158983,0.0155981,-0.217362,4.58686,-107954,-1,1.3142e-10,1,0
0.00147326,-0.1596,0.0158014,-0.217324,4.5882,-108331,-1,4.73076e-10,1,0
0.00147365,-0.159718,0.0159142,-0.217171,4.58471,-108383,-1,1.60347e-10,1,0
0.00147438,-0.159263,0.0159281,-0.217228,4.58304,-108021,-1,3.64586e-10,1,0
0.00147525,-0.158979,0.0159805,-0.216764,4.58056,-107764,-1,5.66071e-10,1,0
0.00147596,-0.15807,0.0159084,-0.216821,4.58061,-107096,-1,5.66071e-10,1,0
0.00147714,-0.157006,0.0167387,-0.217448,4.57779,-106290,-1,1.47099e-09,1,0
0.00147761,-0.156915,0.016778,-0.217604,4.57842,-106195,-1,2.7102e-10,1,0
0.00147864,-0.157039,0.0161621,-0.218017,4.58157,-106205,-1,3.20008e-10,1,0
0.00147928,-0.157175,0.0154292,-0.217984,4.57986,-106251,-1,2.93089e-10,1,0
0.00147977,-0.156919,0.015273,-0.217983,4.57797,-106043,-1,1.95656e-10,1,0
0.00148071,-0.157,0.0140844,-0.218049,4.57942,-106030,-1,1.19311e-09,1,0
0.00148168,-0.156208,0.0147005,-0.218513,4.58088,-105426,-1,1.25214e-10,1,0
0.00148208,-0.155866,0.0149492,-0.218773,4.58264,-105168,-1,1.53816e-09,1,0
0.00148267,-0.155526,0.0155203,-0.218421,4.58266,-104896,-1,1.53816e-09,1,0
0.00148354,-0.155027,0.0163583,-0.217905,4.58023,-104499,-1,1.85513e-09,1,0
0.00148436,-0.154629,0.0153881,-0.217885,4.58025,-104172,-1,1.85513e-09,1,0
0.00148469,-0.154253,0.0153969,-0.218001,4.57986,-103896,-1,1.08249e-09,1,0
0.00148576,-0.153412,0.0154709,-0.218084,4.5791,-103255,-1,3.93988e-11,1,0
0.00148632,-0.154017,0.0156176,-0.21774,4.57949,-103623,-1,7.11231e-10,1,0
0.00148679,-0.153876,0.0150346,-0.217696,4.57949,-103495,-1,7.11231e-10,1,0
0.00148877,-0.154569,0.0150356,-0.216762,4.58281,-103823,-1,1.55991e-09,1,0
0.00148956,-0.154635,0.0148614,-0.217735,4.5823,-103812,-1,3.82528e-11,1,0
0.00149014,-0.154403,0.0149448,-0.217641,4.58084,-103616,-1,1.24882e-09,1,0
0.00149075,-0.153995,0.0151572,-0.21702,4.58086,-103300,-1,1.24882e-09,1,0
0.0014913,-0.153483,0.0153428,-0.216958,4.57708,-102919,-1,4.14053e-10,1,0
0.00149226,-0.153218,0.0146226,-0.215996,4.57839,-102675,-1,1.23045e-09,1,0
0.0014926,-0.153452,0.0148269,-0.215923,4.5782,-102809,-1,3.35728e-10,1,0
0.00149365,-0.154076,0.0149717,-0.216947,4.57914,-103154,-1,6.46273e-11,1,0
0.00149442,-0.154408,0.0151046,-0.21723,4.57462,-103323,-1,3.1248e-10,1,0
0.00149526,-0.153819,0.0149658,-0.216339,4.57465,-102871,-1,3.1248e-10,1,0
0.001496,-0.153711,0.0147831,-0.216048,4.57635,-102748,-1,3.2608e-10,1,0
0.00149667,-0.153562,0.0147809,-0.215896,4.5787,-102602,-1,4.82381e-10,1,0
0.00149846,-0.152988,0.0142992,-0.215284,4.58024,-102097,-1,1.35571e-09,1,0
0.00149983,-0.152389,0.014339,-0.21429,4.57904,-101604,-1,1.61964e-09,1,0
0.00150017,-0.15246,0.0142597,-0.213909,4.57589,-101628,-1,1.28678e-10,1,0
0.0015004,-0.152427,0.0140979,-0.213733,4.57569,-101591,-1,1.16977e-10,1,0
0.00150112,-0.15221,0.0141589,-0.21342,4.57638,-101398,-1,5.35598e-10,1,0
0.00150235,-0.150844,0.0142888,-0.214185,4.57645,-100405,-1,5.35598e-10,1,0
0.00150446,-0.148516,0.01451,-0.215489,4.57471,-98717.2,-1,4.63641e-09,1,0
0.00150474,-0.148804,0.0143663,-0.21536,4.57469,-98890.1,-1,4.63641e-09,1,0
0.00150575,-0.149971,0.0143512,-0.215479,4.57385,-99598.9,-1,9.00647e-10,1,0
0.00150634,-0.150082,0.0138003,-0.214986,4.57385,-99633.8,-1,9.00647e-10,1,0
0.00150741,-0.150118,0.0126677,-0.215245,4.57062,-99587.3,-1,1.00029e-09,1,0
0.00150805,-0.149931,0.0129001,-0.215762,4.56686,-99420.2,-1,6.18267e-10,1,0
0.00150922,-0.149309,0.0136751,-0.215803,4.56806,-98931.3,-1,6.40693e-10,1,0
0.00151019,-0.150194,0.0138338,-0.21578,4.56906,-99453.3,-1,5.43792e-10,1,0
0.00151096,-0.150258,0.0146902,-0.215333,4.5681,-99445.5,-1,1.05874e-09,1,0
0.00151138,-0.150358,0.0144133,-0.215303,4.56703,-99483.6,-1,1.96666e-10,1,0
0.00151301,-0.152103,0.0135993,-0.214718,4.56864,-100530,-1,1.49025e-10,1,0
0.00151381,-0.152576,0.0139748,-0.215531,4.57087,-100789,-1,1.01336e-09,1,0
0.00151458,-0.151798,0.014364,-0.215966,4.57091,-100225,-1,1.01336e-09,1,0
0.00151552,-0.150847,0.0148399,-0.216497,4.5691,-99535.3,-1,2.16106e-09,1,0
0.00151586,-0.150725,0.0145524,-0.216379,4.56626,-99432,-1,9.0736e-11,1,0
0.00151602,-0.150574,0.0144385,-0.216358,4.56632,-99322.4,-1,1.41818e-10,1,0
0.00151685,-0.150878,0.0135723,-0.216878,4.56754,-99468.1,-1,1.05491e-09,1,0
0.00151726,-0.150749,0.0136101,-0.217236,4.56829,-99356.7,-1,1.40449e-10,1,0
0.00151849,-0.150289,0.0130001,-0.218432,4.57016,-98972.4,-1,8.06586e-10,1,0
0.00151983,-0.150011,0.0140161,-0.218688,4.56845,-98702.3,-1,4.26547e-10,1,0
0.0015202,-0.150118,0.0140275,-0.218605,4.56666,-98748.9,-1,2.18601e-10,1,0
0.00152093,-0.150048,0.0139406,-0.21784,4.56621,-98655.8,-1,9.57694e-11,1,0
0.00152141,-0.149943,0.0138983,-0.217253,4.56656,-98555.4,-1,1.83426e-10,1,0
0.00152188,-0.149921,0.0133938,-0.21717,4.56474,-98510,-1,5.04304e-10,1,0
0.00152194,-0.149935,0.013396,-0.217238,4.56535,-98515.4,-1,3.89992e-11,1,0
0.00152362,-0.149155,0.0142745,-0.21579,4.56478,-97895.5,-1,1.97756e-09,1,0
0.00152439,-0.1495,0.0146043,-0.215741,4.56303,-98071.9,-1,6.98437e-10,1,0
0.00152493,-0.14905,0.0146193,-0.215922,4.56274,-97742.2,-1,6.39829e-12,1,0
0.00152618,-0.148345,0.0148505,-0.217319,4.56319,-97200.2,-1,1.87618e-09,1,0
0.00152694,-0.148068,0.0152876,-0.218135,4.5632,-96970.4,-1,1.87618e-09,1,0
0.00152726,-0.148076,0.0153921,-0.218287,4.56178,-96955.1,-1,9.96264e-11,1,0
0.00152768,-0.148281,0.0157359,-0.218644,4.56177,-97062.7,-1,9.96264e-11,1,0
0.00152892,-0.149074,0.0167546,-0.218935,4.5592,-97502.7,-1,1.03795e-09,1,0
0.00152957,-0.149256,0.0164188,-0.219542,4.55652,-97580.7,-1,4.14522e-10,1,0
0.00152966,-0.149269,0.0163792,-0.219561,4.55594,-97583.4,-1,5.26722e-11,1,0
0.00152977,-0.149359,0.0163703,-0.21959,4.54843,-97635.2,-1,2.27772e-11,1,0
0.00153039,-0.149268,0.0156028,-0.21943,4.54843,-97535.5,-1,2.27772e-11,1,0
0.00153139,-0.149121,0.0143738,-0.219173,4.54826,-97376.1,-1,2.05334e-09,1,0
0.00153232,-0.149495,0.0133077,-0.219242,4.54818,-97561.2,-1,8.37728e-10,1,0
0.00153339,-0.149454,0.0121446,-0.218716,4.54514,-97466.3,-1,2.95324e-10,1,0
0.00153381,-0.149564,0.0118458,-0.219133,4.54635,-97511.6,-1,5.24489e-10,1,0
0.00153485,-0.149288,0.0125064,-0.218354,4.54355,-97265.7,-1,1.04372e-09,1,0
0.00153546,-0.149304,0.0131525,-0.217927,4.54049,-97237.1,-1,7.74662e-10,1,0
0.00153658,-0.148032,0.0136068,-0.218346,4.54055,-96339,-1,7.74662e-10,1,0
0.00153795,-0.146744,0.0141526,-0.219287,4.54051,-95415.2,-1,1.07428e-09,1,0
0.00153849,-0.146768,0.0136984,-0.219656,4.53709,-95397.2,-1,5.88908e-10,1,0
0.00153891,-0.146434,0.0132834,-0.219589,4.53711,-95154.4,-1,5.88908e-10,1,0
0.00153978,-0.145922,0.0139955,-0.219763,4.53909,-94768.3,-1,1.31319e-10,1,0
0.00154047,-0.145601,0.0136902,-0.219004,4.54012,-94517,-1,8.78791e-10,1,0
0.00154167,-0.145098,0.0137319,-0.217678,4.54193,-94117.4,-1,8.56108e-11,1,0
0.00154213,-0.145482,0.0137647,-0.21728,4.54296,-94338.4,-1,1.46738e-09,1,0
0.00154237,-0.145637,0.013844,-0.217094,4.54522,-94424.3,-1,7.29767e-11,1,0
0.00154343,-0.146314,0.0134102,-0.21649,4.54544,-94797.7,-1,2.87068e-10,1,0
0.00154406,-0.14684,0.0132628,-0.21592,4.54601,-95099.8,-1,1.84908e-09,1,0
0.00154416,-0.146872,0.013156,-0.215983,4.5451,-95114.2,-1,7.89426e-12,1,0
0.00154585,-0.146402,0.0128443,-0.214087,4.54645,-94706.8,-1,6.30288e-10,1,0
0.00154665,-0.146262,0.0136149,-0.21473,4.54646,-94566.9,-1,6.30288e-10,1,0
0.00154772,-0.145524,0.0136948,-0.213808,4.54821,-94024.8,-1,1.23374e-09,1,0
0.00154844,-0.145389,0.012824,-0.213597,4.54822,-93893.9,-1,1.23374e-09,1,0
0.00155018,-0.145061,0.01071,-0.213085,4.54823,-93576.8,-1,1.23374e-09,1,0
0.0015516,-0.14521,0.0104649,-0.21308,4.54911,-93587.1,-1,5.99418e-10,1,0
0.001552,-0.145348,0.0107143,-0.212964,4.5524,-93651.8,-1,1.69494e-10,1,0
0.00155303,-0.145294,0.0119385,-0.212519,4.5524,-93554.9,-1,1.69494e-10,1,0
0.00155368,-0.145289,0.0121334,-0.212525,4.54951,-93512.8,-1,2.14101e-09,1,0
0.00155388,-0.145196,0.0122662,-0.212382,4.54759,-93441.3,-1,2.34591e-10,1,0
0.0015544,-0.145407,0.0117515,-0.212748,4.54758,-93545,-1,5.38063e-10,1,0
0.00155553,-0.145237,0.0125216,-0.213633,4.54537,-93368,-1,2.59929e-10,1,0
0.00155671,-0.146077,0.0113845,-0.213155,4.54533,-93836.7,-1,2.59929e-10,1,0
0.00155753,-0.146292,0.0108865,-0.213015,4.54434,-93925.8,-1,2.6041e-10,1,0
0.001558,-0.146233,0.0104996,-0.212571,4.54355,-93859.7,-1,5.0153e-10,1,0
0.0015585,-0.145885,0.0109886,-0.212563,4.54368,-93605.6,-1,8.86306e-11,1,0
0.0015593,-0.146089,0.010571,-0.212484,4.54294,-93688.8,-1,1.421e-11,1,0
0.00156021,-0.146419,0.010219,-0.212355,4.54187,-93845.4,-1,6.26854e-10,1,0
0.00156161,-0.147186,0.010157,-0.212194,4.54094,-94253.1,-1,7.09066e-10,1,0
0.00156229,-0.146794,0.00993858,-0.212407,4.5386,-93960.6,-1,1.31433e-09,1,0
0.00156242,-0.14683,0.0100412,-0.212355,4.53713,-93976.3,-1,6.3346e-10,1,0
0.00156289,-0.147098,0.0105095,-0.21209,4.53679,-94118.9,-1,7.352e-10,1,0
0.0015634,-0.147466,0.0107712,-0.211687,4.53733,-94323.8,-1,1.09452e-10,1,0
0.00156441,-0.147683,0.0111078,-0.21095,4.53807,-94401.7,-1,1.65082e-10,1,0
0.00156479,-0.147429,0.0107347,-0.210962,4.53963,-94216.8,-1,2.82256e-11,1,0
0.00156542,-0.146983,0.0100792,-0.210934,4.54047,-93893.9,-1,1.24512e-09,1,0
0.00156589,-0.14739,0.0101673,-0.211372,4.5396,-94124.9,-1,6.03337e-10,1,0
0.00156675,-0.147171,0.0107302,-0.21218,4.53802,-93934,-1,6.11857e-10,1,0
0.00156771,-0.146515,0.0101232,-0.21257,4.53886,-93458.1,-1,1.91307e-10,1,0
0.00156841,-0.146102,0.00960685,-0.213049,4.53804,-93152.7,-1,1.84078e-09,1,0
0.00156924,-0.146245,0.0102477,-0.213479,4.54166,-93194.8,-1,1.42957e-10,1,0
0.00157061,-0.145257,0.0113005,-0.21374,4.54124,-92484,-1,6.75168e-10,1,0
0.00157124,-0.144836,0.0119484,-0.213566,4.54126,-92179.8,-1,6.75168e-10,1,0
0.00157163,-0.144389,0.0119233,-0.213604,4.54196,-91871.8,-1,4.18307e-10,1,0
0.00157256,-0.143433,0.0121458,-0.214076,4.54074,-91210,-1,6.09183e-11,1,0
0.00157316,-0.142858,0.0120465,-0.214158,4.53776,-90809.6,-1,5.3799e-10,1,0
0.00157375,-0.142811,0.0121091,-0.214882,4.5326,-90745.2,-1,7.31387e-10,1,0
0.00157428,-0.142978,0.0117413,-0.214896,4.53474,-90821.5,-1,3.10396e-10,1,0
0.00157601,-0.142539,0.012633,-0.214871,4.53491,-90443,-1,1.21887e-09,1,0
0.00157672,-0.142663,0.0129274,-0.215179,4.53219,-90481,-1,3.09671e-10,1,0
0.00157731,-0.14248,0.0136439,-0.21513,4.53169,-90331.3,-1,7.39591e-10,1,0
0.00157818,-0.142182,0.0136227,-0.215936,4.52998,-90092.2,-1,4.86618e-10,1,0
0.00158025,-0.142065,0.0130031,-0.218212,4.53009,-89900.1,-1,1.55585e-09,1,0
0.00158071,-0.142085,0.0128652,-0.218191,4.52877,-89886.8,-1,3.0352e-10,1,0
0.00158111,-0.142179,0.0124643,-0.21818,4.52802,-89923.7,-1,2.76477e-11,1,0
0.00158285,-0.141481,0.0137752,-0.218167,4.5303,-89383.7,-1,7.76629e-10,1,0
0.00158361,-0.141104,0.0146579,-0.218138,4.53032,-89102.8,-1,7.76629e-10,1,0
0.00158438,-0.140558,0.0153367,-0.218397,4.52768,-88714.9,-1,5.63989e-10,1,0
0.00158521,-0.140484,0.0153101,-0.217901,4.52513,-88621.6,-1,3.00847e-10,1,0
0.00158594,-0.139757,0.0157512,-0.217966,4.52637,-88122.6,-1,7.30939e-12,1,0
0.00158679,-0.139303,0.0159035,-0.217946,4.52813,-87789.1,-1,3.68623e-10,1,0
0.00158753,-0.138888,0.0160658,-0.217617,4.52915,-87486.9,-1,2.79096e-10,1,0
0.00158806,-0.138536,0.0160916,-0.217561,4.52806,-87236.1,-1,3.06864e-10,1,0
0.00158859,-0.138328,0.0159663,-0.217226,4.52357,-87076,-1,3.42637e-10,1,0
0.00158926,-0.138027,0.0154777,-0.216836,4.52705,-86850.1,-1,2.52521e-10,1,0
0.00158991,-0.138502,0.015143,-0.217139,4.52406,-87113,-1,4.88883e-10,1,0
0.00159105,-0.138799,0.0152017,-0.218446,4.52257,-87237.4,-1,1.92209e-11,1,0
0.00159175,-0.139029,0.0152319,-0.219126,4.52227,-87343,-1,4.38365e-11,1,0
0.00159221,-0.139303,0.0147872,-0.219379,4.52226,-87489.9,-1,4.38365e-11,1,0
0.00159279,-0.138993,0.0144634,-0.219613,4.52071,-87263.8,-1,4.65726e-10,1,0
0.00159323,-0.1385,0.0143081,-0.21979,4.51974,-86930.1,-1,5.1723e-10,1,0
0.00159397,-0.137945,0.0136117,-0.219519,4.51977,-86541.5,-1,5.1723e-10,1,0
0.0015948,-0.13732,0.0128283,-0.219214,4.5198,-86104.9,-1,5.1723e-10,1,0
0.00159525,-0.137269,0.0132537,-0.219451,4.5146,-86048.2,-1,1.58631e-10,1,0
0.00159562,-0.136959,0.0130456,-0.219644,4.51297,-85834.5,-1,4.03313e-10,1,0
0.00159715,-0.137156,0.0138254,-0.218722,4.51566,-85875.9,-1,1.06014e-09,1,0
0.00159747,-0.137073,0.0138408,-0.219116,4.51566,-85806.3,-1,1.06014e-09,1,0
0.0015977,-0.137018,0.0137827,-0.219383,4.51446,-85759.5,-1,1.1357e-10,1,0
0.00159831,-0.13667,0.0139145,-0.218715,4.51434,-85509.1,-1,7.64965e-10,1,0
0.00159959,-0.13686,0.0141076,-0.219045,4.51121,-85559.6,-1,9.33808e-10,1,0
0.00160173,-0.137516,0.014704,-0.221593,4.51077,-85854.7,-1,2.69767e-09,1,0
0.00160214,-0.137334,0.0144003,-0.221971,4.5097,-85719.4,-1,5.17315e-10,1,0
0.00160259,-0.137168,0.0142511,-0.221845,4.50663,-85591.5,-1,3.43764e-10,1,0
0.00160409,-0.137735,0.0140473,-0.222257,4.50623,-85864.6,-1,9.62034e-10,1,0
0.00160591,-0.137693,0.0160109,-0.223393,4.50548,-85741,-1,1.23453e-09,1,0
0.00160679,-0.137374,0.0159917,-0.223252,4.50613,-85495.9,-1,5.55203e-10,1,0
0.00160746,-0.137054,0.0161333,-0.223077,4.50065,-85261.2,-1,2.33955e-10,1,0
0.00160836,-0.13676,0.0161979,-0.221995,4.50068,-85031,-1,3.08406e-10,1,0
0.00160904,-0.137156,0.016122,-0.222162,4.50032,-85241,-1,1.64386e-10,1,0
0.00160987,-0.137193,0.016717,-0.221338,4.50125,-85220,-1,5.19822e-10,1,0
0.00161011,-0.137163,0.0168936,-0.221089,4.50078,-85188.4,-1,1.06619e-09,1,0
0.00161054,-0.13711,0.0163942,-0.221207,4.49836,-85132.6,-1,4.09204e-10,1,0
0.00161144,-0.13619,0.0159932,-0.220762,4.49856,-84514.6,-1,1.08482e-09,1,0
0.00161252,-0.137341,0.0161104,-0.220291,4.49761,-85172,-1,1.19857e-09,1,0
0.0016136,-0.137276,0.0173865,-0.220756,4.49761,-85074.3,-1,1.19857e-09,1,0
0.00161425,-0.137026,0.0179315,-0.220762,4.49944,-84884.7,-1,2.86614e-10,1,0
0.00161472,-0.137349,0.0180672,-0.220815,4.49934,-85060.1,-1,3.92732e-10,1,0
0.0016157,-0.138315,0.0179049,-0.22014,4.49743,-85607.2,-1,2.66169e-11,1,0
0.00161688,-0.138147,0.0193041,-0.220142,4.49795,-85440.7,-1,7.0167e-11,1,0
0.00161809,-0.138707,0.0190276,-0.219833,4.49773,-85722.3,-1,2.97745e-10,1,0
0.0016191,-0.139464,0.0188962,-0.218833,4.49769,-86137,-1,2.97745e-10,1,0
0.00162004,-0.139767,0.0191251,-0.218327,4.49934,-86273.4,-1,3.84507e-10,1,0
0.00162018,-0.139688,0.0191948,-0.21841,4.50031,-86217.5,-1,6.35669e-11,1,0
0.00162127,-0.139971,0.0203241,-0.218151,4.50116,-86334.2,-1,1.0388e-09,1,0
0.00162185,-0.139535,0.0204598,-0.218451,4.5017,-86034.1,-1,2.39818e-10,1,0
0.00162324,-0.141177,0.0208747,-0.218832,4.4996,-86972,-1,1.47911e-11,1,0
0.00162397,-0.140883,0.0206472,-0.219485,4.49833,-86752.1,-1,4.86125e-10,1,0
0.00162493,-0.140467,0.0211655,-0.220123,4.49901,-86445.1,-1,8.14699e-10,1,0
0.00162588,-0.140019,0.0215109,-0.219109,4.49913,-86118.5,-1,1.07881e-09,1,0
0.00162722,-0.138698,0.0217054,-0.218741,4.50338,-85235.7,-1,2.47309e-10,1,0
0.00162811,-0.139147,0.0211946,-0.218829,4.50296,-85465.7,-1,1.57415e-10,1,0
0.00162872,-0.139583,0.021221,-0.218284,4.50324,-85700.7,-1,5.11165e-10,1,0
0.00162922,-0.13984,0.0215068,-0.218241,4.50452,-85833,-1,2.58425e-10,1,0
0.00163063,-0.140584,0.0216313,-0.219854,4.50449,-86214.4,-1,2.58425e-10,1,0
0.00163098,-0.140784,0.0217157,-0.220195,4.50612,-86318.6,-1,2.13803e-09,1,0
0.00163172,-0.141202,0.0224643,-0.220224,4.50358,-86535.8,-1,4.04521e-10,1,0
0.00163197,-0.141199,0.0224755,-0.220536,4.50358,-86520.4,-1,4.04521e-10,1,0
0.00163246,-0.14128,0.0225046,-0.220798,4.50453,-86543.8,-1,1.77423e-10,1,0
0.00163336,-0.140737,0.0227874,-0.22092,4.50274,-86163.8,-1,7.17475e-10,1,0
0.00163373,-0.141105,0.0229104,-0.220662,4.50273,-86369.8,-1,7.17475e-10,1,0
0.00163489,-0.142254,0.0232934,-0.219858,4.50044,-87011.4,-1,1.91996e-09,1,0
0.00163607,-0.141497,0.0222977,-0.220662,4.50047,-86486.2,-1,1.91996e-09,1,0
0.00163682,-0.141006,0.0216748,-0.22076,4.50068,-86146.6,-1,4.27071e-10,1,0
0.00163715,-0.141303,0.0219724,-0.220705,4.50067,-86310.1,-1,4.27071e-10,1,0
0.00163808,-0.142105,0.0228078,-0.220583,4.50034,-86750.5,-1,9.78298e-11,1,0
0.0016384,-0.141977,0.0231039,-0.220448,4.50074,-86656,-1,2.02382e-10,1,0
0.00163953,-0.141553,0.0226823,-0.221412,4.50144,-86337.7,-1,2.76681e-10,1,0
0.00164066,-0.141362,0.0224091,-0.221355,4.49856,-86161.8,-1,6.6849e-10,1,0
0.00164247,-0.140603,0.0217119,-0.220418,4.5033,-85604.5,-1,1.70811e-09,1,0
0.00164335,-0.141259,0.0208237,-0.220453,4.50103,-85958.2,-1,1.16282e-13,1,0
0.00164476,-0.141633,0.0211019,-0.220582,4.49604,-86111.7,-1,6.11871e-10,1,0
0.00164589,-0.142046,0.0204419,-0.220145,4.4954,-86303.1,-1,2.40163e-10,1,0
0.00164675,-0.142433,0.0209949,-0.219491,4.49584,-86493.8,-1,1.06423e-10,1,0
0.00164801,-0.142181,0.0217799,-0.220182,4.4944,-86273.9,-1,8.92775e-10,1,0
0.00164893,-0.142257,0.0207186,-0.220622,4.4944,-86272.6,-1,8.92775e-10,1,0
0.00164958,-0.14286,0.0206596,-0.220546,4.49233,-86604,-1,6.19952e-10,1,0
0.00165042,-0.14332,0.0214721,-0.220049,4.4923,-86838.6,-1,6.19952e-10,1,0
0.00165184,-0.142839,0.0224288,-0.218859,4.49254,-86472.7,-1,1.51016e-09,1,0
0.00165276,-0.142255,0.022954,-0.218017,4.49257,-86071.4,-1,1.51016e-09,1,0
0.00165372,-0.142378,0.0233614,-0.218925,4.48955,-86095.7,-1,1.07885e-09,1,0
0.001654,-0.142512,0.0234711,-0.2187,4.4892,-86161.9,-1,2.01612e-10,1,0
0.00165631,-0.143175,0.0251974,-0.216459,4.48917,-86442,-1,2.01612e-10,1,0
0.00165645,-0.14321,0.0253485,-0.216394,4.48762,-86455.6,-1,1.98739e-12,1,0
0.00165753,-0.144294,0.0251368,-0.216574,4.48617,-87053.9,-1,3.43099e-10,1,0
0.00165794,-0.144757,0.024994,-0.216629,4.48628,-87311.1,-1,1.59945e-09,1,0
0.00165895,-0.145416,0.0253929,-0.215884,4.48668,-87655.4,-1,3.53228e-10,1,0
0.00165915,-0.145517,0.0255054,-0.215937,4.48468,-87706.1,-1,1.4882e-10,1,0
0.00165988,-0.145062,0.0255672,-0.216313,4.48412,-87393.1,-1,2.16934e-10,1,0
0.0016613,-0.144912,0.0240763,-0.215331,4.48413,-87227.9,-1,2.16934e-10,1,0
0.00166258,-0.144778,0.0227416,-0.214451,4.48414,-87080.3,-1,2.16934e-10,1,0
0.00166277,-0.14487,0.0226556,-0.214408,4.48446,-87125.6,-1,7.10519e-11,1,0
0.00166389,-0.145709,0.0227196,-0.21328,4.48442,-87571.2,-1,7.10519e-11,1,0
0.00166469,-0.146305,0.0227652,-0.212478,4.48257,-87887.3,-1,2.40704e-09,1,0
0.00166554,-0.146353,0.0232824,-0.211905,4.48085,-87871.1,-1,1.07206e-10,1,0
0.00166593,-0.146439,0.0237308,-0.211945,4.4806,-87902.4,-1,8.9242e-10,1,0
0.00166659,-0.145834,0.0240072,-0.212346,4.4806,-87504.4,-1,5.00449e-10,1,0
0.0016674,-0.145699,0.0232532,-0.212559,4.4811,-87381.2,-1,8.16069e-10,1,0
0.0016679,-0.146201,0.0232642,-0.212923,4.48038,-87655.8,-1,6.19317e-10,1,0
0.00166842,-0.146443,0.0226863,-0.212715,4.48145,-87773.6,-1,6.64776e-10,1,0
0.00166983,-0.14542,0.0233156,-0.21389,4.4827,-87086.4,-1,1.07917e-09,1,0
0.00167084,-0.146402,0.0238015,-0.213628,4.48174,-87621.8,-1,1.11359e-09,1,0
0.00167178,-0.147256,0.0244203,-0.213694,4.48004,-88083.2,-1,2.35379e-10,1,0
0.00167245,-0.147848,0.0249655,-0.213893,4.48101,-88402.3,-1,5.445e-12,1,0
0.00167274,-0.148203,0.025011,-0.213974,4.48145,-88599,-1,3.6682e-10,1,0
0.00167304,-0.148354,0.0252319,-0.213896,4.48215,-88672.9,-1,2.5716e-10,1,0
0.00167423,-0.148854,0.0258966,-0.213678,4.47926,-88909,-1,7.79013e-10,1,0
0.00167478,-0.148737,0.0265691,-0.213555,4.48226,-88810,-1,1.52357e-09,1,0
0.00167562,-0.148468,0.0260135,-0.213534,4.48189,-88604.7,-1,6.56194e-10,1,0
0.00167654,-0.149378,0.025506,-0.213921,4.48094,-89099,-1,9.25078e-10,1,0
0.00167744,-0.149028,0.0248392,-0.213126,4.47955,-88842.1,-1,2.74383e-10,1,0
0.00167801,-0.149128,0.0247348,-0.213095,4.48046,-88871.6,-1,2.44266e-10,1,0
0.00167948,-0.148996,0.0248951,-0.213945,4.48271,-88715.9,-1,9.15972e-10,1,0
0.00167983,-0.14863,0.025146,-0.213965,4.48272,-88479.1,-1,9.15972e-10,1,0
0.00168053,-0.148844,0.0248884,-0.213929,4.48244,-88570.1,-1,6.02068e-10,1,0
0.0016813,-0.148137,0.0251601,-0.214418,4.48407,-88108.6,-1,5.81757e-11,1,0
0.0016819,-0.147697,0.0248912,-0.213865,4.48518,-87815.3,-1,7.56183e-10,1,0
0.00168242,-0.147608,0.0250573,-0.213535,4.48646,-87735.9,-1,1.82894e-10,1,0
0.00168338,-0.148211,0.0253304,-0.214462,4.48333,-88043.9,-1,4.59235e-11,1,0
0.00168391,-0.148578,0.0254733,-0.215,4.48395,-88234.3,-1,1.82879e-09,1,0
0.00168456,-0.148731,0.0254406,-0.215706,4.48504,-88290.7,-1,6.97493e-10,1,0
0.00168536,-0.149609,0.0254402,-0.215997,4.48342,-88769.8,-1,7.17585e-10,1,0
0.00168617,-0.149646,0.0252361,-0.216726,4.48279,-88749,-1,5.60416e-10,1,0
0.00168712,-0.149526,0.0258918,-0.215849,4.4835,-88628,-1,1.14092e-09,1,0
0.00168901,-0.148468,0.0274447,-0.214763,4.4801,-87902.5,-1,1.97845e-09,1,0
0.00168926,-0.148618,0.0274792,-0.214799,4.47948,-87977.7,-1,1.89609e-10,1,0
0.00168984,-0.149041,0.0276294,-0.215359,4.47945,-88198.8,-1,1.89609e-10,1,0
0.00169099,-0.149481,0.0281841,-0.214625,4.4802,-88398.3,-1,3.92551e-10,1,0
0.00169238,-0.149778,0.0295129,-0.213903,4.47943,-88501.6,-1,1.72072e-09,1,0
0.00169326,-0.150395,0.0300608,-0.213919,4.48343,-88819.8,-1,1.59812e-09,1,0
0.00169348,-0.150597,0.0299794,-0.213891,4.4826,-88927.4,-1,6.09424e-10,1,0
0.00169453,-0.150492,0.0296978,-0.212988,4.48312,-88810.5,-1,1.10998e-09,1,0
0.00169496,-0.150553,0.0292273,-0.213138,4.48373,-88823.9,-1,3.43985e-10,1,0
0.00169706,-0.152379,0.0279252,-0.211831,4.4833,-89790,-1,1.07905e-09,1,0
0.00169845,-0.153775,0.0273401,-0.211148,4.48353,-90538.4,-1,2.82183e-09,1,0
0.00170006,-0.155485,0.0277984,-0.210837,4.48379,-91458.3,-1,1.40139e-09,1,0
0.00170074,-0.156106,0.0282993,-0.210551,4.48376,-91787.1,-1,1.40139e-09,1,0
0.00170149,-0.15645,0.0285119,-0.209905,4.48497,-91948.4,-1,2.40488e-09,1,0
0.00170196,-0.15625,0.0285024,-0.209598,4.48473,-91806.2,-1,2.16182e-10,1,0
0.00170335,-0.156542,0.0298209,-0.210538,4.48191,-91902.5,-1,1.31703e-10,1,0
0.00170439,-0.156353,0.0286277,-0.210119,4.48275,-91735.4,-1,1.28308e-09,1,0
0.00170543,-0.155919,0.0289486,-0.20924,4.48259,-91424.8,-1,8.27488e-10,1,0
0.00170584,-0.156273,0.02877,-0.209055,4.48101,-91610.7,-1,1.19628e-10,1,0
0.00170694,-0.156131,0.0290415,-0.2101,4.47759,-91468.3,-1,5.47916e-11,1,0
0.00170934,-0.157584,0.0316404,-0.20963,4.47752,-92189.6,-1,5.47916e-11,1,0
0.00171007,-0.158026,0.0324316,-0.209487,4.47749,-92408.8,-1,5.47916e-11,1,0
0.00171119,-0.158838,0.0332392,-0.208758,4.47552,-92823.1,-1,1.07995e-09,1,0
0.00171206,-0.158548,0.0336071,-0.208752,4.47304,-92606.9,-1,4.23457e-10,1,0
0.00171292,-0.158926,0.0334621,-0.209601,4.47361,-92780.7,-1,4.73959e-10,1,0
0.00171408,-0.159289,0.0337681,-0.210721,4.46932,-92929.6,-1,3.66374e-10,1,0
0.00171525,-0.158518,0.0340821,-0.210824,4.46821,-92416.9,-1,7.6353e-10,1,0
0.00171573,-0.158292,0.0340204,-0.21064,4.46847,-92259.1,-1,2.49611e-10,1,0
0.00171601,-0.158045,0.0338389,-0.210531,4.47095,-92100.3,-1,3.28696e-10,1,0
0.00171683,-0.158401,0.0332204,-0.211269,4.47093,-92264,-1,1.04425e-09,1,0
0.00171788,-0.158362,0.0322536,-0.211328,4.47085,-92184.9,-1,1.54489e-11,1,0
0.00171888,-0.157194,0.0326465,-0.211087,4.47091,-91451.6,-1,1.54489e-11,1,0
0.00171984,-0.156075,0.0327671,-0.210846,4.4707,-90749.6,-1,5.62976e-11,1,0
0.00172054,-0.155209,0.0327007,-0.210673,4.47009,-90209.5,-1,1.38319e-09,1,0
0.00172187,-0.153899,0.0320406,-0.210601,4.46933,-89378.9,-1,6.41187e-10,1,0
0.00172232,-0.153722,0.0322243,-0.210172,4.47016,-89252.6,-1,9.46883e-11,1,0
0.00172264,-0.15361,0.0324314,-0.209843,4.47017,-89171.4,-1,9.46883e-11,1,0
0.00172351,-0.152689,0.0321222,-0.209997,4.47085,-88592.1,-1,9.91373e-10,1,0
0.00172494,-0.151354,0.0321402,-0.211202,4.4701,-87744.3,-1,1.79857e-09,1,0
0.00172539,-0.151311,0.0317443,-0.21081,4.46927,-87697.1,-1,5.56741e-10,1,0
0.00172731,-0.151915,0.0309229,-0.212163,4.47249,-87949,-1,1.32908e-09,1,0
0.00172782,-0.152141,0.0307537,-0.212261,4.47215,-88053.5,-1,1.08282e-10,1,0
0.00172815,-0.151922,0.0305724,-0.212514,4.47312,-87910.6,-1,4.52679e-10,1,0
0.00173017,-0.151923,0.0303729,-0.213616,4.4693,-87808.3,-1,1.74755e-09,1,0
0.00173061,-0.152454,0.0304921,-0.213682,4.47004,-88092.6,-1,1.59676e-09,1,0
0.00173141,-0.153316,0.0304245,-0.213805,4.46982,-88549.7,-1,5.6965e-10,1,0
0.00173208,-0.153725,0.0301898,-0.214495,4.4698,-88751.5,-1,5.6965e-10,1,0
0.00173329,-0.153321,0.0295122,-0.21535,4.46925,-88456.6,-1,9.36694e-10,1,0
0.00173432,-0.15313,0.030628,-0.215148,4.47284,-88294,-1,7.80432e-11,1,0
0.00173497,-0.15313,0.031219,-0.215562,4.47365,-88261,-1,5.35123e-10,1,0
0.00173577,-0.153163,0.0311109,-0.214904,4.4754,-88239.4,-1,6.88653e-11,1,0
0.00173674,-0.153886,0.0317299,-0.214312,4.47672,-88606.6,-1,6.92866e-10,1,0
0.00173726,-0.153798,0.0311867,-0.214662,4.4771,-88529.3,-1,4.76671e-10,1,0
0.0017381,-0.153692,0.0303402,-0.215284,4.47623,-88425.2,-1,1.23147e-09,1,0
0.0017393,-0.153423,0.0317491,-0.215345,4.47756,-88209.4,-1,1.08474e-09,1,0
0.00174002,-0.152624,0.0314001,-0.215114,4.47846,-87713.6,-1,9.02238e-10,1,0
0.0017412,-0.153015,0.032151,-0.214157,4.47474,-87878.8,-1,1.82297e-10,1,0
0.00174169,-0.153338,0.031934,-0.21422,4.47222,-88039.8,-1,3.05704e-10,1,0
0.00174194,-0.153503,0.0317504,-0.214023,4.47222,-88121.8,-1,3.05704e-10,1,0
0.00174321,-0.154335,0.0308253,-0.213031,4.47217,-88534.8,-1,3.05704e-10,1,0
0.00174386,-0.15476,0.0303519,-0.212524,4.47215,-88745.9,-1,3.05704e-10,1,0
0.00174505,-0.155125,0.0293911,-0.211797,4.47151,-88894.1,-1,7.85208e-11,1,0
0.00174557,-0.155216,0.0299725,-0.21153,4.4715,-88920.2,-1,7.85208e-11,1,0
0.00174694,-0.155215,0.0300777,-0.211339,4.4718,-88849.4,-1,1.58981e-09,1,0
0.00174843,-0.155133,0.0287604,-0.21171,4.47171,-88727,-1,2.77431e-10,1,0
0.00174899,-0.155104,0.0289987,-0.212086,4.47074,-88681.9,-1,3.52702e-10,1,0
0.00175019,-0.155477,0.0298204,-0.211405,4.46804,-88834.4,-1,3.83381e-10,1,0
0.00175138,-0.155212,0.0303751,-0.212763,4.4677,-88622.6,-1,1.49135e-09,1,0
0.0017522,-0.154507,0.029712,-0.213107,4.46721,-88178.9,-1,1.02697e-09,1,0
0.00175358,-0.154477,0.0307988,-0.214258,4.46667,-88092.3,-1,1.83286e-10,1,0
0.00175463,-0.154502,0.0315863,-0.2153,4.46667,-88054.3,-1,1.83286e-10,1,0
0.00175517,-0.154516,0.0319993,-0.215846,4.46667,-88034.5,-1,1.83286e-10,1,0
0.00175569,-0.154528,0.0323884,-0.21636,4.46579,-88015.7,-1,4.19215e-09,1,0
0.00175636,-0.15388,0.0327887,-0.216405,4.46583,-87613.1,-1,4.92452e-10,1,0
0.00175705,-0.153636,0.0334617,-0.216263,4.46491,-87439.9,-1,5.89279e-10,1,0
0.00175771,-0.153785,0.0331805,-0.216352,4.46593,-87491.7,-1,3.12632e-10,1,0
0.00175848,-0.153532,0.0323708,-0.215927,4.46577,-87309.4,-1,1.05551e-11,1,0
0.00175978,-0.153041,0.0328117,-0.21596,4.46642,-86965.9,-1,1.53583e-09,1,0
0.00176123,-0.153859,0.0337827,-0.217241,4.46539,-87358.4,-1,1.77623e-09,1,0
0.00176161,-0.15352,0.0335013,-0.217385,4.46626,-87147.4,-1,4.73271e-11,1,0
0.0017637,-0.153626,0.0338992,-0.218412,4.46579,-87104.6,-1,1.02649e-09,1,0
0.00176452,-0.154149,0.0345173,-0.219016,4.46556,-87360.6,-1,1.92973e-11,1,0
0.00176581,-0.154409,0.0353829,-0.219549,4.46949,-87444,-1,4.36305e-10,1,0
0.00176605,-0.154385,0.035283,-0.219328,4.46568,-87418.1,-1,9.38035e-11,1,0
0.00176687,-0.155258,0.0357293,-0.219028,4.46564,-87871.9,-1,9.38035e-11,1,0
0.00176744,-0.155708,0.0359999,-0.21882,4.46581,-88098,-1,8.67575e-11,1,0
0.0017685,-0.155962,0.036445,-0.219979,4.46265,-88189.1,-1,1.40805e-10,1,0
0.00176905,-0.155878,0.0363005,-0.219353,4.46424,-88114.3,-1,4.22539e-10,1,0
0.00176962,-0.156541,0.0364437,-0.219124,4.46421,-88460.5,-1,4.22539e-10,1,0
0.00177016,-0.15624,0.0370507,-0.219102,4.46519,-88263,-1,7.19574e-10,1,0
0.00177049,-0.156056,0.0374165,-0.21909,4.46526,-88142.7,-1,1.08864e-09,1,0
0.0017717,-0.155093,0.0376598,-0.218927,4.46608,-87539.1,-1,5.48736e-10,1,0
0.0017719,-0.155254,0.0377375,-0.219098,4.46607,-87620,-1,5.48736e-10,1,0
0.00177256,-0.155264,0.0373048,-0.218648,4.46391,-87592.8,-1,3.67665e-10,1,0
0.00177292,-0.15522,0.0370061,-0.218309,4.46391,-87550.4,-1,3.67665e-10,1,0
0.00177402,-0.15565,0.0363958,-0.218142,4.46232,-87738.9,-1,1.89897e-09,1,0
0.00177498,-0.156344,0.0356329,-0.218511,4.46411,-88082.1,-1,7.68675e-10,1,0
0.0017757,-0.157087,0.0357093,-0.219028,4.46407,-88464.6,-1,7.68675e-10,1,0
0.00177618,-0.157406,0.0357594,-0.219334,4.46675,-88620.6,-1,3.2677e-12,1,0
0.00177641,-0.157122,0.0357929,-0.219414,4.46677,-88449.1,-1,3.2677e-12,1,0
0.00177757,-0.155738,0.0359563,-0.219804,4.46684,-87613.1,-1,3.2677e-12,1,0
0.00177812,-0.156058,0.0363116,-0.219612,4.4655,-87765.9,-1,5.84659e-10,1,0
0.00177908,-0.156385,0.0365979,-0.218483,4.46549,-87902.3,-1,5.84659e-10,1,0
0.00177999,-0.15535,0.0365001,-0.218492,4.46653,-87275.5,-1,1.28394e-09,1,0
0.00178057,-0.154797,0.0361096,-0.218705,4.46596,-86936.9,-1,1.19597e-09,1,0
0.00178101,-0.154538,0.0358711,-0.218999,4.46714,-86769.8,-1,1.65634e-10,1,0
0.00178151,-0.1542,0.036311,-0.219021,4.466,-86555.5,-1,5.31964e-10,1,0
0.0017824,-0.154056,0.0370679,-0.219816,4.46601,-86431.9,-1,5.31964e-10,1,0
0.00178305,-0.154029,0.0375297,-0.220233,4.46782,-86385.3,-1,1.10823e-10,1,0
0.00178395,-0.154317,0.0375388,-0.220605,4.46605,-86503.2,-1,7.70109e-10,1,0
0.00178432,-0.154253,0.0375385,-0.220523,4.46182,-86449.4,-1,6.27254e-10,1,0
0.00178465,-0.154049,0.0378209,-0.220756,4.46183,-86318.8,-1,6.27254e-10,1,0
0.0017855,-0.15353,0.0385381,-0.221346,4.46245,-85987.3,-1,1.69407e-09,1,0
0.0017863,-0.1532,0.0388036,-0.221399,4.46421,-85764.1,-1,6.56239e-10,1,0
0.00178698,-0.153927,0.0390383,-0.221769,4.46417,-86138.3,-1,6.56239e-10,1,0
0.00178812,-0.15444,0.0390942,-0.222762,4.46365,-86370.3,-1,1.92644e-09,1,0
0.00178885,-0.154235,0.0389408,-0.223462,4.46395,-86220.2,-1,1.08736e-10,1,0
0.00178944,-0.154527,0.0384613,-0.223519,4.46467,-86354.5,-1,4.3568e-10,1,0
0.00179052,-0.1535,0.0381496,-0.22292,4.4643,-85729.8,-1,1.07895e-09,1,0
0.00179078,-0.15335,0.0379867,-0.222675,4.4643,-85633,-1,1.07895e-09,1,0
0.00179103,-0.153262,0.0379173,-0.222498,4.46529,-85571.7,-1,1.07552e-10,1,0
0.00179172,-0.153662,0.0375644,-0.222504,4.46759,-85762.1,-1,4.82141e-10,1,0
0.00179251,-0.153447,0.0373466,-0.222768,4.47018,-85604.9,-1,2.89418e-10,1,0
0.00179298,-0.153862,0.0371126,-0.222989,4.46893,-85813.5,-1,5.06043e-10,1,0
0.00179474,-0.154106,0.0379934,-0.225002,4.46835,-85865.4,-1,2.2991e-09,1,0
0.00179495,-0.154053,0.0379718,-0.225143,4.4707,-85825.7,-1,1.26872e-10,1,0
0.00179571,-0.15396,0.0383323,-0.225779,4.4689,-85737.7,-1,6.44037e-10,1,0
0.00179662,-0.153872,0.0384935,-0.22644,4.46858,-85645.4,-1,4.5564e-10,1,0
0.00179833,-0.153185,0.0401926,-0.227543,4.46862,-85181.9,-1,4.5564e-10,1,0
0.00179915,-0.152833,0.0405072,-0.227905,4.46712,-84947.6,-1,2.95569e-10,1,0
0.00179952,-0.152628,0.040181,-0.22776,4.46587,-84816.3,-1,1.49671e-10,1,0
0.00180058,-0.151901,0.0411278,-0.227172,4.46583,-84362.3,-1,4.16279e-10,1,0
0.00180227,-0.150695,0.0426268,-0.226295,4.46589,-83614.1,-1,4.16279e-10,1,0
0.00180349,-0.149951,0.0436612,-0.225823,4.46307,-83145.1,-1,1.29737e-10,1,0
0.00180393,-0.149789,0.0441523,-0.22575,4.46142,-83034.6,-1,1.98522e-10,1,0
0.00180425,-0.149793,0.0441025,-0.225434,4.46158,-83022.5,-1,9.35546e-11,1,0
0.00180488,-0.149828,0.0439232,-0.224841,4.45835,-83012.8,-1,6.6038e-10,1,0
0.00180634,-0.150135,0.0457284,-0.224721,4.45833,-83115.4,-1,6.6038e-10,1,0
0.00180768,-0.151162,0.0459704,-0.225382,4.45716,-83622,-1,1.19497e-09,1,0
0.0018081,-0.15124,0.046345,-0.225702,4.45762,-83646,-1,5.07945e-11,1,0
0.00180952,-0.15089,0.0453527,-0.225279,4.45793,-83386.6,-1,1.02781e-10,1,0
0.00180996,-0.150701,0.0452022,-0.225116,4.45895,-83261.9,-1,2.84361e-10,1,0
0.00181061,-0.150975,0.0447761,-0.225424,4.45663,-83383.3,-1,5.63684e-11,1,0
0.00181096,-0.151318,0.0450338,-0.225504,4.45573,-83556.7,-1,6.28087e-10,1,0
0.00181142,-0.151609,0.0448707,-0.22573,4.45523,-83696.1,-1,4.7031e-10,1,0
0.00181175,-0.15187,0.0449766,-0.225466,4.45613,-83825.2,-1,1.4524e-10,1,0
0.00181261,-0.151467,0.0455627,-0.22596,4.45477,-83562.9,-1,8.95327e-10,1,0
0.00181341,-0.151463,0.0453344,-0.225734,4.45486,-83523.9,-1,2.08403e-10,1,0
0.00181445,-0.150976,0.0443648,-0.225905,4.45356,-83207.8,-1,1.09257e-09,1,0
0.00181548,-0.150043,0.0435867,-0.226327,4.45361,-82646.8,-1,1.09257e-09,1,0
0.00181608,-0.149688,0.043194,-0.226534,4.45277,-82423.7,-1,1.13985e-10,1,0
0.00181656,-0.149948,0.042806,-0.226863,4.45313,-82545.2,-1,4.75906e-10,1,0
0.00181699,-0.150157,0.042734,-0.227079,4.45427,-82640.3,-1,2.29344e-11,1,0
0.00181739,-0.150098,0.0431165,-0.226909,4.4535,-82590.3,-1,2.92528e-10,1,0
0.0018179,-0.149632,0.0434355,-0.226998,4.45655,-82310.4,-1,1.09938e-10,1,0
0.00181864,-0.149819,0.0440808,-0.227631,4.45654,-82379.8,-1,1.09938e-10,1,0
0.00181992,-0.149396,0.0446687,-0.227748,4.4542,-82089.7,-1,7.18543e-11,1,0
0.00182094,-0.148684,0.0455995,-0.227606,4.45573,-81652.2,-1,8.96095e-10,1,0
0.00182287,-0.148415,0.0462954,-0.227349,4.45335,-81418.3,-1,8.97632e-10,1,0
0.00182372,-0.148788,0.0469103,-0.227766,4.45127,-81585,-1,6.33147e-10,1,0
0.00182488,-0.14914,0.0477159,-0.228877,4.44996,-81726.2,-1,5.1817e-10,1,0
0.00182576,-0.148863,0.048672,-0.228984,4.44936,-81534.6,-1,5.52061e-11,1,0
0.0018261,-0.148733,0.0490553,-0.228992,4.44844,-81448.8,-1,3.38455e-11,1,0
0.00182768,-0.148709,0.0470847,-0.228727,4.44844,-81364.7,-1,3.38455e-11,1,0
0.00182896,-0.148995,0.0460045,-0.228453,4.44328,-81464.4,-1,3.17165e-10,1,0
0.00182991,-0.148809,0.0448951,-0.228083,4.44395,-81320.2,-1,7.26821e-10,1,0
0.00183024,-0.14876,0.0445573,-0.22809,4.44549,-81279,-1,1.34769e-09,1,0
0.00183057,-0.148594,0.0443474,-0.227915,4.4441,-81174,-1,3.38316e-10,1,0
0.00183152,-0.148395,0.0440507,-0.227381,4.44312,-81022.7,-1,2.3689e-10,1,0
0.00183245,-0.147898,0.0446051,-0.226748,4.44428,-80711,-1,1.13834e-09,1,0
0.00183366,-0.147417,0.0453935,-0.226724,4.44197,-80395.3,-1,4.69459e-10,1,0
0.00183431,-0.147692,0.0458026,-0.226642,4.44346,-80516.4,-1,5.07973e-10,1,0
0.00183507,-0.147389,0.0460569,-0.227512,4.44348,-80318,-1,5.07973e-10,1,0
0.00183573,-0.147288,0.0460656,-0.228093,4.44263,-80234,-1,1.89935e-10,1,0
0.00183685,-0.148215,0.0462529,-0.229117,4.44095,-80689.8,-1,1.39388e-09,1,0
0.00183713,-0.148253,0.0464107,-0.22911,4.43865,-80698.1,-1,1.81275e-10,1,0
0.00183875,-0.149734,0.0471366,-0.227986,4.4364,-81432.1,-1,1.95162e-09,1,0
0.00183899,-0.149769,0.0472526,-0.228153,4.43893,-81440.7,-1,1.83367e-10,1,0
0.00183924,-0.149899,0.0474243,-0.227954,4.43637,-81500.7,-1,2.99912e-10,1,0
0.00183966,-0.150166,0.0474895,-0.227914,4.43308,-81627.2,-1,1.77206e-10,1,0
0.00184067,-0.150361,0.0483611,-0.22816,4.43384,-81688.5,-1,1.05575e-09,1,0
0.00184178,-0.150712,0.0476177,-0.227286,4.43144,-81829.8,-1,5.6293e-10,1,0
0.00184211,-0.150798,0.0477295,-0.227225,4.43079,-81861.5,-1,1.21365e-09,1,0
0.00184301,-0.150901,0.0487813,-0.227372,4.43032,-81877.1,-1,1.14795e-09,1,0
0.00184366,-0.151024,0.048863,-0.227257,4.42652,-81915.5,-1,6.83201e-10,1,0
0.00184476,-0.150202,0.0477903,-0.226981,4.42697,-81420.8,-1,1.71116e-09,1,0
0.00184591,-0.149721,0.0468641,-0.227217,4.42603,-81109.7,-1,8.68709e-10,1,0
0.00184634,-0.14961,0.0471045,-0.227562,4.42728,-81030.2,-1,6.09441e-10,1,0
0.00184739,-0.148594,0.0477934,-0.227618,4.4266,-80434.5,-1,1.62165e-10,1,0
0.00184848,-0.147675,0.0479548,-0.227153,4.42625,-79889.8,-1,6.05539e-11,1,0
0.001849,-0.147516,0.0480834,-0.226954,4.42116,-79781.4,-1,1.69243e-10,1,0
0.00185022,-0.146825,0.0489547,-0.226095,4.41724,-79355.3,-1,1.09844e-09,1,0
0.00185074,-0.146881,0.0488766,-0.226733,4.41724,-79363.3,-1,1.09844e-09,1,0
0.00185166,-0.14732,0.0498719,-0.227011,4.41848,-79560.9,-1,1.11758e-09,1,0
0.00185213,-0.14771,0.0501287,-0.227161,4.4184,-79751.7,-1,2.53417e-10,1,0
0.00185273,-0.148126,0.050715,-0.227107,4.41852,-79950.1,-1,3.62016e-11,1,0
0.00185365,-0.14827,0.0495755,-0.227161,4.41763,-79988.4,-1,1.14981e-09,1,0
0.00185453,-0.148966,0.0496188,-0.22659,4.41554,-80325.5,-1,3.99884e-10,1,0
0.00185515,-0.149356,0.049226,-0.226284,4.41473,-80508.7,-1,8.87699e-10,1,0
0.00185647,-0.150104,0.0478616,-0.225734,4.41469,-80854.4,-1,8.87699e-10,1,0
0.001857,-0.150402,0.0473172,-0.225515,4.41467,-80992.2,-1,8.87699e-10,1,0
0.00185798,-0.150573,0.0470318,-0.226331,4.41627,-81041,-1,3.19819e-09,1,0
0.00185825,-0.150627,0.0470599,-0.22661,4.41705,-81058.6,-1,5.89794e-11,1,0
0.00185845,-0.150561,0.04702,-0.226427,4.4178,-81014.2,-1,1.80885e-10,1,0
0.00185919,-0.14965,0.0469552,-0.226318,4.41759,-80492,-1,9.55163e-10,1,0
0.00186004,-0.149507,0.0475458,-0.226737,4.42002,-80378.4,-1,5.73871e-10,1,0
0.00186052,-0.14922,0.047244,-0.22693,4.41775,-80203.5,-1,8.12044e-11,1,0
0.00186163,-0.149691,0.0461824,-0.227696,4.41698,-80408.6,-1,1.55718e-09,1,0
0.00186276,-0.150556,0.0472766,-0.227867,4.41325,-80824.4,-1,1.40537e-09,1,0
0.001863,-0.150543,0.0473941,-0.227623,4.41203,-80807.1,-1,6.60622e-11,1,0
0.00186398,-0.149873,0.0483079,-0.22738,4.41045,-80404.7,-1,2.97741e-10,1,0
0.00186428,-0.149829,0.0485857,-0.227321,4.4094,-80368.2,-1,4.7699e-11,1,0
0.00186536,-0.150936,0.0481384,-0.227393,4.4084,-80915.1,-1,1.46275e-10,1,0
0.00186626,-0.151269,0.0481231,-0.22731,4.4075,-81054.5,-1,4.3871e-10,1,0
0.00186646,-0.151419,0.0483038,-0.227239,4.40749,-81126.6,-1,4.3871e-10,1,0
0.00186738,-0.151883,0.0489574,-0.226902,4.40594,-81335.2,-1,1.69573e-10,1,0
0.00186751,-0.151826,0.0488202,-0.226864,4.40431,-81298.7,-1,1.50408e-10,1,0
0.00186785,-0.151786,0.0486633,-0.226774,4.40923,-81262.2,-1,1.19102e-10,1,0
0.00186824,-0.152058,0.0484951,-0.227138,4.40879,-81391,-1,3.99194e-10,1,0
0.00186953,-0.15301,0.04826,-0.226402,4.40092,-81844,-1,8.18497e-10,1,0
0.00187018,-0.152912,0.0480466,-0.22717,4.40048,-81763.4,-1,8.03663e-10,1,0
0.00187044,-0.153046,0.048038,-0.227019,4.39934,-81823.6,-1,1.36159e-10,1,0
0.00187242,-0.154317,0.0500908,-0.22651,4.40038,-82415.7,-1,2.54663e-09,1,0
0.0018738,-0.153481,0.0499004,-0.227998,4.40042,-81909.2,-1,2.54663e-09,1,0
0.00187467,-0.153028,0.0500209,-0.227934,4.39959,-81629.3,-1,9.56652e-11,1,0
0.00187487,-0.152911,0.0501118,-0.227744,4.39897,-81558.2,-1,7.45476e-10,1,0
0.00187645,-0.151876,0.0504697,-0.227104,4.3994,-80937.8,-1,9.17581e-10,1,0
0.00187739,-0.150901,0.051049,-0.226856,4.39944,-80378.3,-1,1.52313e-09,1,0
0.00187779,-0.150782,0.0507779,-0.227129,4.39678,-80297.5,-1,7.02127e-11,1,0
0.00187855,-0.1506,0.0503281,-0.227882,4.39712,-80168.1,-1,2.8681e-10,1,0
0.00188006,-0.149668,0.0510581,-0.229092,4.39694,-79607.9,-1,1.71024e-10,1,0
0.00188092,-0.14982,0.0513451,-0.228265,4.39762,-79652.3,-1,1.85436e-10,1,0
0.00188133,-0.14965,0.051498,-0.228274,4.39764,-79544.4,-1,3.05172e-10,1,0
0.00188178,-0.149184,0.0513463,-0.228205,4.39824,-79277.8,-1,6.25142e-11,1,0
0.00188228,-0.148753,0.0511462,-0.227816,4.3973,-79028.3,-1,5.71994e-10,1,0
0.00188339,-0.148293,0.0523427,-0.228109,4.4002,-78737.2,-1,1.36754e-10,1,0
0.00188428,-0.148881,0.0520986,-0.229007,4.40206,-79012.1,-1,1.10072e-09,1,0
0.00188442,-0.148912,0.0521189,-0.229072,4.39735,-79022.8,-1,4.45389e-11,1,0
0.00188507,-0.149492,0.0525628,-0.228721,4.39875,-79303,-1,8.1016e-10,1,0
0.00188571,-0.149364,0.0522783,-0.228894,4.3981,-79208.5,-1,3.45615e-10,1,0
0.00188614,-0.149547,0.0522827,-0.228413,4.39795,-79287.3,-1,5.12266e-10,1,0
0.00188733,-0.149969,0.0515432,-0.229318,4.39811,-79461.1,-1,1.31116e-09,1,0
0.00188817,-0.149731,0.0512827,-0.229404,4.39837,-79299.4,-1,5.7417e-10,1,0
0.00188917,-0.149272,0.0511117,-0.228487,4.40012,-79014.7,-1,2.59267e-11,1,0
0.00189039,-0.147781,0.0511689,-0.228811,4.40019,-78174.7,-1,2.59267e-11,1,0
0.00189145,-0.146668,0.0514024,-0.229135,4.40022,-77542.8,-1,2.82862e-09,1,0
0.00189214,-0.146834,0.051487,-0.229322,4.39626,-77601.9,-1,3.54649e-10,1,0
0.00189262,-0.146656,0.0518893,-0.22909,4.39994,-77488.7,-1,5.20467e-11,1,0
0.00189359,-0.14679,0.0512177,-0.22834,4.40052,-77519.1,-1,1.89153e-10,1,0
0.00189384,-0.146807,0.0510725,-0.228066,4.40112,-77518.1,-1,2.99195e-10,1,0
0.00189394,-0.146701,0.0510841,-0.22812,4.40097,-77458,-1,8.85705e-11,1,0
0.00189462,-0.14604,0.0510399,-0.228273,4.40017,-77081.3,-1,5.30086e-10,1,0
0.00189533,-0.145298,0.0510677,-0.227815,4.40021,-76661.1,-1,5.30086e-10,1,0
0.00189557,-0.145139,0.0511523,-0.227746,4.39628,-76567.7,-1,8.9797e-11,1,0
0.00189648,-0.146254,0.0511616,-0.227529,4.3963,-77118.6,-1,1.1356e-09,1,0
0.00189701,-0.146053,0.0514001,-0.227809,4.39711,-76991,-1,2.79899e-10,1,0
0.00189763,-0.145493,0.0515059,-0.227986,4.39671,-76670.9,-1,2.09881e-10,1,0
0.00189855,-0.144542,0.0516917,-0.228083,4.39841,-76133.2,-1,5.6774e-10,1,0
0.00189917,-0.14474,0.0510838,-0.227788,4.40042,-76212.2,-1,6.7014e-10,1,0
0.00189983,-0.14476,0.0504147,-0.228195,4.40265,-76196.2,-1,7.16946e-10,1,0
0.00190077,-0.145624,0.0503008,-0.228752,4.40047,-76612.8,-1,2.80153e-10,1,0
0.00190199,-0.145122,0.0514107,-0.227907,4.40372,-76300.3,-1,2.30354e-10,1,0
0.00190261,-0.145071,0.050904,-0.228426,4.40347,-76248.3,-1,6.46946e-11,1,0
0.00190298,-0.145314,0.0509584,-0.228757,4.40215,-76361,-1,3.80372e-10,1,0
0.00190334,-0.145657,0.0510129,-0.228928,4.40301,-76527.1,-1,2.67967e-10,1,0
0.00190448,-0.146346,0.050694,-0.228348,4.40135,-76843,-1,1.0551e-09,1,0
0.00190544,-0.146762,0.0518066,-0.228324,4.40133,-77022.5,-1,1.0551e-09,1,0
0.00190582,-0.146722,0.0518096,-0.228212,4.40136,-76986.3,-1,2.55933e-10,1,0
0.00190638,-0.146839,0.0523886,-0.228246,4.40234,-77025,-1,6.03737e-10,1,0
0.00190738,-0.145993,0.0518822,-0.227966,4.40222,-76541.2,-1,6.94078e-10,1,0
0.00190762,-0.145959,0.0516862,-0.22781,4.40093,-76513.3,-1,3.15212e-11,1,0
0.00190784,-0.145824,0.0518459,-0.227707,4.39933,-76433.9,-1,1.67923e-10,1,0
0.00190945,-0.144983,0.0529312,-0.228156,4.40073,-75929.3,-1,1.09852e-09,1,0
0.00191037,-0.144025,0.0533628,-0.227685,4.40147,-75391.2,-1,1.3023e-09,1,0
0.00191104,-0.1445,0.0537698,-0.227781,4.40021,-75613.3,-1,1.48377e-10,1,0
0.00191184,-0.143859,0.0543029,-0.227705,4.39943,-75246.3,-1,6.2599e-10,1,0
0.0019126,-0.142926,0.0542221,-0.227561,4.39946,-74728.5,-1,1.29659e-09,1,0
0.00191296,-0.142578,0.0542295,-0.227379,4.39879,-74532.4,-1,1.59684e-10,1,0
0.00191442,-0.143099,0.0546549,-0.225692,4.39877,-74748.1,-1,1.59684e-10,1,0
0.00191478,-0.143198,0.0546022,-0.226109,4.40028,-74786,-1,4.34459e-10,1,0
0.0019154,-0.143804,0.0549252,-0.225872,4.40396,-75077.7,-1,1.67491e-10,1,0
0.00191555,-0.143836,0.0549327,-0.225775,4.40015,-75088.6,-1,3.76291e-11,1,0
0.00191615,-0.143932,0.0544108,-0.225506,4.40182,-75115.3,-1,1.10521e-10,1,0
0.00191648,-0.143929,0.0540434,-0.225328,4.40095,-75101,-1,1.03971e-09,1,0
0.00191727,-0.144711,0.0543543,-0.225854,4.40094,-75477.5,-1,9.92115e-10,1,0
0.00191777,-0.144995,0.0545443,-0.226189,4.39998,-75606.2,-1,5.04515e-11,1,0
0.00191873,-0.14504,0.0547621,-0.225906,4.39878,-75592,-1,7.77404e-10,1,0
0.00191987,-0.144324,0.0537701,-0.22621,4.39959,-75173.8,-1,8.29722e-10,1,0
0.00192059,-0.143966,0.0533404,-0.226275,4.39617,-74959.1,-1,3.90331e-10,1,0
0.00192152,-0.143516,0.0531935,-0.227112,4.39325,-74688.6,-1,1.14854e-10,1,0
0.00192231,-0.14366,0.0532984,-0.227461,4.3927,-74733.2,-1,3.45969e-10,1,0
0.00192336,-0.143586,0.0521672,-0.22689,4.39393,-74653.9,-1,3.29029e-10,1,0
0.00192456,-0.142985,0.052446,-0.227551,4.39265,-74294.8,-1,1.09852e-09,1,0
0.0019254,-0.143443,0.0524131,-0.227845,4.39107,-74500.6,-1,2.80911e-10,1,0
0.00192635,-0.143421,0.0517866,-0.226851,4.39108,-74452.2,-1,2.80911e-10,1,0
0.0019266,-0.143466,0.0519381,-0.226932,4.39141,-74465.8,-1,2.3446e-10,1,0
0.00192759,-0.143329,0.0528958,-0.226883,4.39359,-74356.7,-1,2.80869e-10,1,0
0.00192862,-0.143082,0.0540318,-0.226633,4.39564,-74188.7,-1,2.33245e-10,1,0
0.00192918,-0.143541,0.0537939,-0.22672,4.3922,-74405.3,-1,5.9429e-10,1,0
0.00192965,-0.143327,0.0537514,-0.226985,4.39244,-74276,-1,1.39447e-10,1,0
0.00192978,-0.143256,0.0537481,-0.227134,4.39244,-74234.2,-1,1.39447e-10,1,0
0.00193081,-0.14271,0.0537227,-0.228285,4.39247,-73912.2,-1,1.39447e-10,1,0
0.00193132,-0.14297,0.0538183,-0.22795,4.39325,-74027.4,-1,3.80674e-11,1,0
0.00193358,-0.143451,0.0543527,-0.225915,4.39351,-74189.3,-1,2.36209e-09,1,0
0.00193389,-0.143327,0.0544385,-0.225834,4.39483,-74113.3,-1,1.23453e-09,1,0
0.00193504,-0.143348,0.0549045,-0.225379,4.39574,-74079.9,-1,9.39354e-10,1,0
0.00193587,-0.143236,0.0545345,-0.226341,4.39574,-73990.5,-1,9.39354e-10,1,0
0.00193714,-0.143066,0.0539697,-0.227809,4.3953,-73854.2,-1,2.61857e-09,1,0
0.00193741,-0.143169,0.0539562,-0.227535,4.3955,-73897.2,-1,1.53334e-10,1,0
0.00193803,-0.143896,0.0540021,-0.227792,4.39546,-74248.7,-1,1.53334e-10,1,0
0.00193962,-0.145248,0.0541768,-0.228835,4.39241,-74884.5,-1,2.16511e-09,1,0
0.00194077,-0.144607,0.054099,-0.228975,4.39575,-74510.2,-1,1.18085e-09,1,0
0.00194147,-0.144091,0.0539097,-0.228947,4.39508,-74217,-1,1.41823e-09,1,0
0.00194179,-0.143936,0.0538594,-0.22929,4.39507,-74125.3,-1,4.39948e-10,1,0
0.00194248,-0.144026,0.0538077,-0.229636,4.39648,-74145.1,-1,7.39012e-10,1,0
0.00194387,-0.145725,0.0537191,-0.229349,4.39639,-74966.6,-1,7.39012e-10,1,0
0.0019442,-0.146128,0.0536981,-0.229281,4.39637,-75160.8,-1,7.39012e-10,1,0
0.00194503,-0.147149,0.0536449,-0.229109,4.39632,-75653.6,-1,7.39012e-10,1,0
0.00194561,-0.147826,0.0536086,-0.228981,4.39626,-75979.1,-1,4.24458e-09,1,0
0.00194699,-0.147784,0.0540622,-0.227748,4.39441,-75903.8,-1,6.31189e-10,1,0
0.00194745,-0.147688,0.0542133,-0.227722,4.39645,-75836.6,-1,1.37812e-09,1,0
0.00194895,-0.146328,0.0544256,-0.228984,4.39652,-75080.6,-1,1.37812e-09,1,0
0.00194967,-0.146147,0.0548064,-0.229149,4.39343,-74960.2,-1,2.61312e-10,1,0
0.00194992,-0.14621,0.0549495,-0.228876,4.39267,-74982.9,-1,5.68817e-10,1,0
0.00195105,-0.145337,0.0544209,-0.229851,4.39185,-74491.5,-1,1.41183e-09,1,0
0.00195183,-0.145794,0.0542258,-0.229294,4.39101,-74696.1,-1,7.57353e-10,1,0
0.00195234,-0.145744,0.053601,-0.229395,4.39101,-74650.9,-1,7.57353e-10,1,0
0.00195294,-0.145878,0.0530393,-0.229386,4.38997,-74696.9,-1,1.38e-09,1,0
0.00195339,-0.146366,0.052968,-0.229512,4.39058,-74929.1,-1,3.97425e-10,1,0
0.00195485,-0.146527,0.0512161,-0.229951,4.39057,-74955.8,-1,3.97425e-10,1,0
0.00195593,-0.14653,0.0504052,-0.230984,4.39035,-74916.1,-1,1.23653e-09,1,0
0.00195793,-0.148449,0.0488728,-0.231374,4.39025,-75819.5,-1,1.23653e-09,1,0
0.001959,-0.149375,0.0490267,-0.231176,4.39063,-76250.7,-1,3.06323e-09,1,0
0.00195974,-0.149956,0.0496419,-0.230827,4.38962,-76518.4,-1,1.67296e-09,1,0
0.00196027,-0.149697,0.0490551,-0.230981,4.38964,-76365.8,-1,1.67296e-09,1,0
0.00196179,-0.14885,0.0480198,-0.231212,4.38927,-75874.3,-1,4.08266e-10,1,0
0.00196262,-0.147981,0.0485702,-0.231112,4.38835,-75399.9,-1,1.0327e-09,1,0
0.00196335,-0.148727,0.048105,-0.231339,4.38824,-75751.8,-1,9.08058e-10,1,0
0.00196386,-0.148979,0.0478305,-0.23083,4.38823,-75860.4,-1,9.08058e-10,1,0
0.00196432,-0.149205,0.0475846,-0.230374,4.38767,-75957.7,-1,1.19602e-09,1,0
0.00196567,-0.149319,0.0472784,-0.229661,4.39058,-75963.3,-1,5.86334e-10,1,0
0.00196707,-0.150168,0.0476561,-0.229106,4.39038,-76340.7,-1,1.09871e-09,1,0
0.00196761,-0.150049,0.0480546,-0.229368,4.38515,-76259.4,-1,3.43801e-11,1,0
0.00196852,-0.149373,0.0472408,-0.228977,4.38518,-75880.8,-1,1.08914e-09,1,0
0.00196948,-0.148548,0.0473069,-0.228801,4.38442,-75424.9,-1,6.26093e-10,1,0
0.00196975,-0.148272,0.0475064,-0.228854,4.38391,-75274.4,-1,1.01757e-09,1,0
0.00197066,-0.149128,0.0472472,-0.228761,4.38245,-75674.2,-1,6.82186e-10,1,0
0.00197231,-0.148611,0.0480819,-0.226988,4.38119,-75348.5,-1,1.92635e-09,1,0
0.00197422,-0.148762,0.0470619,-0.226253,4.38238,-75352,-1,1.09864e-09,1,0
0.00197597,-0.149665,0.0473906,-0.228193,4.38233,-75742.9,-1,1.09864e-09,1,0
0.00197691,-0.149838,0.0476019,-0.229234,4.38276,-75794.3,-1,3.79595e-10,1,0
0.00197774,-0.149252,0.0470423,-0.228588,4.38279,-75466,-1,3.79595e-10,1,0
0.00197865,-0.149333,0.0474542,-0.228526,4.38233,-75472.1,-1,1.44077e-09,1,0
0.00197886,-0.149442,0.0476759,-0.228593,4.38233,-75519.3,-1,1.44077e-09,1,0
0.00197978,-0.149865,0.0486244,-0.228714,4.3818,-75698,-1,1.94816e-09,1,0
0.00198125,-0.150529,0.0495037,-0.22767,4.38032,-75976.8,-1,4.06073e-10,1,0
0.00198171,-0.150483,0.0491705,-0.227438,4.38123,-75935.6,-1,2.85015e-10,1,0
0.00198208,-0.1504,0.0490571,-0.227014,4.38089,-75880.2,-1,4.06598e-10,1,0
0.00198234,-0.150192,0.0488673,-0.227193,4.37995,-75765,-1,3.33891e-10,1,0
0.00198338,-0.150244,0.048054,-0.227224,4.38303,-75751.7,-1,2.80278e-10,1,0
0.00198426,-0.14937,0.0486995,-0.227217,4.38132,-75277.8,-1,1.08655e-09,1,0
0.00198536,-0.14916,0.0486692,-0.226818,4.38353,-75129.9,-1,6.03029e-10,1,0
0.00198659,-0.148008,0.0494485,-0.226328,4.3829,-74503.5,-1,1.16616e-10,1,0
0.00198711,-0.147932,0.0500705,-0.226474,4.38291,-74445.8,-1,1.16616e-10,1,0
0.00198864,-0.147767,0.0519376,-0.226728,4.38337,-74305.4,-1,7.34919e-10,1,0
0.00198965,-0.147791,0.0511272,-0.227043,4.38558,-74280.1,-1,3.61819e-10,1,0
0.00199105,-0.148537,0.0520109,-0.226896,4.38424,-74602.2,-1,5.72441e-10,1,0
0.0019923,-0.148708,0.0523925,-0.228388,4.38496,-74641,-1,1.54768e-09,1,0
0.0019926,-0.148978,0.0524319,-0.228392,4.38294,-74765.7,-1,2.09012e-11,1,0
0.00199337,-0.149897,0.0525493,-0.228146,4.38289,-75198.1,-1,2.09012e-11,1,0
0.00199383,-0.149842,0.0529637,-0.22824,4.38489,-75153.2,-1,1.37299e-10,1,0
0.00199494,-0.149745,0.0520669,-0.22845,4.38162,-75062.7,-1,2.78002e-10,1,0
0.00199607,-0.148909,0.0509318,-0.228406,4.38309,-74601.1,-1,1.41048e-09,1,0
0.00199685,-0.148096,0.0513799,-0.228356,4.38338,-74164.8,-1,9.42729e-11,1,0
0.0019971,-0.148104,0.0513282,-0.228514,4.38522,-74159.7,-1,1.9543e-10,1,0
0.00199755,-0.147955,0.0518305,-0.228727,4.38628,-74068,-1,6.41425e-10,1,0
0.00199904,-0.148308,0.0510672,-0.229962,4.38669,-74189.4,-1,5.59705e-10,1,0
0.00200028,-0.149621,0.0512689,-0.229547,4.38362,-74800.2,-1,1.3743e-09,1,0
0.002001,-0.149536,0.0518204,-0.229574,4.38548,-74731,-1,5.29044e-10,1,0
0.00200148,-0.149742,0.0522019,-0.229847,4.38525,-74815.6,-1,3.68126e-10,1,0
0.00200235,-0.149693,0.0527737,-0.229553,4.38759,-74758.5,-1,7.94074e-10,1,0
0.00200318,-0.149046,0.0523733,-0.230246,4.3873,-74404.6,-1,1.10993e-09,1,0
0.00200406,-0.148885,0.0531174,-0.230788,4.38722,-74291.3,-1,6.45484e-10,1,0
0.00200489,-0.149259,0.0537931,-0.230385,4.38834,-74447.2,-1,2.73406e-10,1,0
0.00200556,-0.14905,0.0543313,-0.230491,4.38696,-74318.5,-1,1.01059e-09,1,0
0.00200622,-0.148518,0.0548901,-0.230664,4.38738,-74028.7,-1,1.14e-09,1,0
0.00200729,-0.14843,0.054625,-0.23118,4.38773,-73945.4,-1,5.10376e-10,1,0
0.00200766,-0.148672,0.0546421,-0.231521,4.38695,-74052.4,-1,5.99803e-10,1,0
0.00200949,-0.149112,0.0559309,-0.233162,4.38482,-74203.8,-1,1.20199e-09,1,0
0.00201078,-0.148768,0.0545334,-0.233228,4.38261,-73985.3,-1,6.84659e-10,1,0
0.00201192,-0.149664,0.0552299,-0.232488,4.38174,-74388.7,-1,7.05481e-10,1,0
0.00201254,-0.149841,0.0550504,-0.232836,4.3809,-74453.6,-1,5.17424e-10,1,0
0.00201311,-0.15011,0.0547923,-0.232706,4.38208,-74566.1,-1,3.54454e-10,1,0
0.00201396,-0.149698,0.0549285,-0.232507,4.3811,-74330.4,-1,2.36568e-10,1,0
0.00201538,-0.149439,0.0566374,-0.232676,4.37877,-74149.2,-1,9.57675e-10,1,0
0.00201624,-0.149957,0.0562248,-0.232295,4.37712,-74374.7,-1,9.11763e-10,1,0
0.00201688,-0.14994,0.0558696,-0.232904,4.37561,-74342.7,-1,7.04114e-10,1,0
0.00201857,-0.149386,0.0562672,-0.232946,4.37722,-74005.8,-1,1.2049e-09,1,0
0.00201917,-0.149415,0.055829,-0.233543,4.37722,-73998.2,-1,1.2049e-09,1,0
0.00201939,-0.149455,0.0558114,-0.233586,4.38003,-74010,-1,8.96667e-10,1,0
0.00202023,-0.149577,0.0562878,-0.23296,4.38103,-74039.4,-1,9.97945e-10,1,0
0.00202078,-0.149733,0.0556991,-0.232957,4.37951,-74096.5,-1,2.64766e-10,1,0
0.00202122,-0.149954,0.0552097,-0.232956,4.3795,-74189.9,-1,2.64766e-10,1,0
0.00202178,-0.15019,0.0546111,-0.232968,4.37687,-74286,-1,4.46935e-11,1,0
0.00202243,-0.150226,0.0538,-0.233037,4.37799,-74279.9,-1,8.14796e-10,1,0
0.00202332,-0.15127,0.0540673,-0.232814,4.37752,-74763,-1,9.24445e-12,1,0
0.00202413,-0.151754,0.0534188,-0.232647,4.37723,-74972.5,-1,1.41361e-10,1,0
0.00202522,-0.152267,0.0521651,-0.232579,4.37658,-75185.2,-1,2.00205e-09,1,0
0.00202574,-0.152386,0.0520851,-0.231982,4.38065,-75224.8,-1,4.60835e-10,1,0
0.00202605,-0.152429,0.051895,-0.232191,4.38113,-75234.3,-1,9.68196e-11,1,0
0.00202648,-0.152548,0.0515747,-0.232494,4.38191,-75277,-1,9.43777e-11,1,0
0.00202715,-0.152389,0.0512366,-0.231928,4.38256,-75173.8,-1,2.06597e-11,1,0
0.0020274,-0.152447,0.0513981,-0.231701,4.38481,-75193.6,-1,1.03277e-11,1,0
0.00202903,-0.151485,0.0508086,-0.231131,4.38516,-74658.6,-1,6.76198e-10,1,0
0.00202974,-0.151822,0.0500474,-0.230957,4.3858,-74798.7,-1,3.72147e-10,1,0
0.00203068,-0.15157,0.049545,-0.231351,4.38417,-74640,-1,3.70963e-10,1,0
0.00203168,-0.151004,0.0486454,-0.231622,4.38376,-74324.8,-1,1.25327e-09,1,0
0.00203249,-0.150672,0.0476941,-0.231582,4.38375,-74131.9,-1,1.7847e-09,1,0
0.00203367,-0.150817,0.0469849,-0.232032,4.384,-74160.1,-1,2.99527e-10,1,0
0.00203419,-0.150728,0.0470504,-0.232311,4.38452,-74097.4,-1,5.9555e-11,1,0
0.00203516,-0.151239,0.0464644,-0.232913,4.38241,-74312.9,-1,7.50106e-11,1,0
0.00203603,-0.151751,0.0468477,-0.233119,4.38298,-74532.7,-1,1.51255e-10,1,0
0.00203685,-0.152186,0.0475147,-0.233411,4.38387,-74716.2,-1,1.57862e-09,1,0
0.00203732,-0.152345,0.0479543,-0.233378,4.38374,-74776.9,-1,2.71841e-10,1,0
0.00203783,-0.152687,0.0484697,-0.233279,4.38372,-74926.4,-1,2.71841e-10,1,0
0.00203848,-0.152815,0.0482777,-0.233084,4.38262,-74965.3,-1,2.16192e-10,1,0
0.00203889,-0.152991,0.0479627,-0.232823,4.38291,-75036.2,-1,3.36261e-10,1,0
0.00204004,-0.153531,0.0481044,-0.233839,4.38391,-75258.8,-1,5.24143e-10,1,0
0.00204138,-0.153875,0.0472505,-0.234233,4.38162,-75378,-1,4.59212e-10,1,0
0.00204192,-0.153606,0.0466389,-0.234294,4.38164,-75226.3,-1,4.59212e-10,1,0
0.0020423,-0.153833,0.0467206,-0.234526,4.3807,-75323.5,-1,3.80799e-10,1,0
0.00204308,-0.153731,0.046216,-0.235051,4.38132,-75244.4,-1,8.09928e-10,1,0
0.00204434,-0.154442,0.0471277,-0.236099,4.38128,-75546.1,-1,8.09928e-10,1,0
0.00204508,-0.154875,0.0477439,-0.236236,4.38059,-75730.8,-1,4.40949e-10,1,0
0.00204519,-0.154788,0.0478075,-0.236207,4.37932,-75683.9,-1,4.05868e-11,1,0
0.0020457,-0.154581,0.0477874,-0.235917,4.37727,-75564.1,-1,2.93191e-10,1,0
0.00204692,-0.153599,0.0474815,-0.235104,4.37707,-75039.2,-1,9.78724e-10,1,0
0.00204839,-0.153669,0.0471637,-0.23369,4.37788,-75019.4,-1,1.62643e-09,1,0
0.00204967,-0.153917,0.0465637,-0.233116,4.37136,-75093.2,-1,6.69141e-10,1,0
0.00205044,-0.153957,0.0465051,-0.233567,4.37081,-75084.7,-1,1.54769e-11,1,0
0.00205092,-0.154002,0.0463151,-0.234111,4.37418,-75089.1,-1,1.26791e-09,1,0
0.00205229,-0.15265,0.047303,-0.234188,4.37454,-74380.6,-1,1.47042e-09,1,0
0.00205311,-0.151711,0.0475984,-0.234461,4.3747,-73893.4,-1,1.26264e-09,1,0
0.00205405,-0.152723,0.0473535,-0.234509,4.3753,-74352.3,-1,4.78258e-11,1,0
0.00205463,-0.152864,0.0480485,-0.234359,4.37529,-74399.9,-1,4.78258e-11,1,0
0.00205502,-0.152713,0.0482225,-0.234081,4.37412,-74312.3,-1,1.32464e-10,1,0
0.00205592,-0.152338,0.0481212,-0.233031,4.37314,-74097.2,-1,1.33706e-09,1,0
0.002058,-0.153791,0.049187,-0.231183,4.37448,-74728.4,-1,2.58123e-09,1,0
0.00205934,-0.154874,0.0503431,-0.230672,4.37177,-75205.6,-1,1.65097e-09,1,0
0.00206042,-0.154529,0.0510558,-0.231729,4.37276,-74998.8,-1,1.32393e-10,1,0
0.0020615,-0.154073,0.0514257,-0.232935,4.37278,-74738.4,-1,1.32393e-10,1,0
0.00206198,-0.154105,0.0515483,-0.233451,4.37061,-74736.5,-1,1.67304e-09,1,0
0.00206308,-0.153573,0.051688,-0.233194,4.37082,-74438.3,-1,5.29834e-10,1,0
0.00206472,-0.152287,0.0522901,-0.234495,4.37234,-73757,-1,8.60801e-10,1,0
0.00206615,-0.151643,0.0522474,-0.2342,4.37357,-73394,-1,7.9397e-10,1,0
0.00206645,-0.151538,0.0520414,-0.234252,4.37659,-73332.4,-1,1.32239e-10,1,0
0.00206756,-0.151109,0.0532803,-0.234037,4.37193,-73085.8,-1,1.26875e-09,1,0
0.002069,-0.150803,0.0526793,-0.23386,4.36885,-72886.8,-1,7.87128e-10,1,0
0.00206972,-0.150391,0.0533399,-0.233936,4.36452,-72662.4,-1,7.12621e-11,1,0
0.00207026,-0.14976,0.0534769,-0.233882,4.3608,-72338.7,-1,6.55588e-10,1,0
0.00207158,-0.151344,0.0534336,-0.234237,4.36003,-73057.5,-1,1.11827e-09,1,0
0.00207248,-0.151028,0.0532728,-0.235269,4.36384,-72872.9,-1,6.04945e-11,1,0
0.0020736,-0.151691,0.0524898,-0.23434,4.36381,-73153.3,-1,6.04945e-11,1,0
0.00207545,-0.152787,0.0511944,-0.232803,4.36375,-73616.6,-1,6.04945e-11,1,0
0.00207594,-0.153076,0.0508277,-0.232427,4.36346,-73738.1,-1,4.20091e-09,1,0
0.00207627,-0.153261,0.0504758,-0.232316,4.36165,-73815.3,-1,4.93276e-10,1,0
0.00207688,-0.153388,0.0509068,-0.232927,4.36165,-73855,-1,4.93276e-10,1,0
0.00207769,-0.15344,0.0514999,-0.233715,4.36203,-73851.1,-1,1.34304e-09,1,0
0.00207885,-0.153793,0.051736,-0.23494,4.36324,-73979.6,-1,1.08311e-10,1,0
0.0020797,-0.154078,0.0519277,-0.235902,4.36367,-74086.7,-1,2.05912e-09,1,0
0.0020807,-0.153588,0.0523159,-0.236464,4.35939,-73815.7,-1,7.79934e-10,1,0
0.00208172,-0.153676,0.0516437,-0.237254,4.36202,-73821.6,-1,9.52176e-11,1,0
0.00208348,-0.152731,0.0507461,-0.235776,4.36317,-73305.6,-1,1.01525e-09,1,0
0.00208396,-0.152654,0.0511227,-0.235512,4.36726,-73251.9,-1,1.43845e-11,1,0
0.00208431,-0.152573,0.0513311,-0.235143,4.36726,-73200.5,-1,1.43845e-11,1,0
0.00208465,-0.152491,0.0515686,-0.234841,4.36651,-73149.4,-1,6.41273e-11,1,0
0.00208607,-0.152479,0.052406,-0.233525,4.36575,-73093.9,-1,3.53636e-10,1,0
0.0020879,-0.15152,0.0521746,-0.232829,4.36557,-72570.4,-1,1.15514e-09,1,0
0.0020883,-0.151258,0.0525697,-0.232927,4.3657,-72431.1,-1,4.84433e-10,1,0
0.00208937,-0.151571,0.0520656,-0.233142,4.36435,-72544.2,-1,9.22866e-10,1,0
0.00208988,-0.151764,0.0520737,-0.233345,4.36442,-72618.5,-1,1.95434e-10,1,0
0.00209016,-0.151891,0.0517727,-0.233248,4.36236,-72669.8,-1,2.01576e-10,1,0
0.0020908,-0.151652,0.0520067,-0.233307,4.36214,-72533.1,-1,6.22413e-11,1,0
0.00209127,-0.151575,0.0524919,-0.233099,4.36329,-72479.9,-1,8.57669e-10,1,0
0.00209245,-0.151686,0.0535133,-0.232701,4.36445,-72491.9,-1,1.30075e-09,1,0
0.00209351,-0.150465,0.0534921,-0.232542,4.3634,-71871.8,-1,7.55888e-10,1,0
0.00209537,-0.148894,0.0525857,-0.232113,4.36457,-71058.6,-1,1.4278e-09,1,0
0.00209579,-0.148593,0.052442,-0.23171,4.36729,-70900.6,-1,1.64215e-09,1,0
0.0020959,-0.14855,0.0525697,-0.231688,4.36598,-70876.5,-1,1.36294e-10,1,0
0.00209678,-0.148022,0.0518142,-0.232223,4.36633,-70594.9,-1,7.07857e-10,1,0
0.00209725,-0.147848,0.0513336,-0.23251,4.36634,-70495.9,-1,7.07857e-10,1,0
0.00209795,-0.147618,0.0506174,-0.232873,4.36684,-70362.9,-1,1.76177e-09,1,0
0.00209942,-0.147863,0.0490139,-0.232042,4.36505,-70430.5,-1,1.88845e-09,1,0
0.00210042,-0.148358,0.0494441,-0.232586,4.36289,-70632.3,-1,6.45943e-10,1,0
0.00210113,-0.148364,0.0501003,-0.231996,4.35987,-70611.5,-1,8.82832e-10,1,0
0.00210205,-0.14884,0.0494201,-0.231854,4.35821,-70807.1,-1,3.69778e-10,1,0
0.00210254,-0.149075,0.0492563,-0.231796,4.35941,-70902.3,-1,2.1046e-10,1,0
0.00210275,-0.149233,0.0490696,-0.23186,4.35815,-70970.3,-1,6.56906e-10,1,0
0.0021033,-0.149157,0.0497518,-0.23191,4.35816,-70915.4,-1,6.56906e-10,1,0
0.00210353,-0.149126,0.0500278,-0.23193,4.35816,-70893.2,-1,6.56906e-10,1,0
0.00210459,-0.149492,0.0507615,-0.232691,4.36159,-71031.5,-1,1.92609e-10,1,0
0.00210495,-0.149452,0.0509888,-0.233015,4.36146,-71000.5,-1,6.722e-11,1,0
0.00210571,-0.14928,0.0516204,-0.233685,4.36147,-70892.9,-1,6.722e-11,1,0
0.00210645,-0.149471,0.0514994,-0.233596,4.36359,-70958.6,-1,5.62331e-10,1,0
0.00210861,-0.149333,0.0500728,-0.231343,4.36488,-70820.6,-1,2.23644e-09,1,0
0.00210959,-0.150365,0.0502336,-0.231336,4.36534,-71276.9,-1,1.47771e-10,1,0
0.00211108,-0.148848,0.0504387,-0.231749,4.36563,-70508.1,-1,4.77968e-10,1,0
0.0021117,-0.148252,0.0507526,-0.231956,4.36541,-70205,-1,3.11026e-10,1,0
0.00211181,-0.148123,0.0507921,-0.23201,4.36542,-70140,-1,3.11026e-10,1,0
0.00211265,-0.147685,0.0511277,-0.231394,4.36796,-69905,-1,7.68717e-10,1,0
0.00211299,-0.147816,0.0512585,-0.231519,4.36796,-69955.9,-1,2.57223e-10,1,0
0.00211339,-0.148229,0.0513959,-0.231259,4.36599,-70137.7,-1,5.06987e-10,1,0
0.00211418,-0.148275,0.0517827,-0.231839,4.36821,-70133.8,-1,2.82531e-10,1,0
0.00211554,-0.149332,0.0511287,-0.232982,4.36822,-70588,-1,6.50925e-10,1,0
0.0021157,-0.1493,0.0510257,-0.233145,4.36822,-70567.6,-1,6.50925e-10,1,0
0.00211623,-0.149191,0.0506765,-0.233697,4.36823,-70498.4,-1,6.50925e-10,1,0
0.0021166,-0.149043,0.0503304,-0.233835,4.36704,-70416.3,-1,2.85222e-10,1,0
0.00211773,-0.148735,0.0494842,-0.234178,4.36646,-70233.4,-1,1.08226e-09,1,0
0.00211862,-0.14797,0.0498448,-0.233781,4.36758,-69842.4,-1,2.29397e-10,1,0
0.00211965,-0.14891,0.0503009,-0.233049,4.36764,-70252.1,-1,1.27561e-09,1,0
0.00212026,-0.149594,0.0504042,-0.232741,4.36761,-70554.3,-1,1.27561e-09,1,0
0.00212103,-0.149168,0.0497887,-0.232604,4.36573,-70328.3,-1,8.2904e-10,1,0
0.00212188,-0.149833,0.0491629,-0.232521,4.36471,-70613.7,-1,4.62879e-11,1,0
0.00212243,-0.14976,0.0487814,-0.232468,4.36675,-70560.5,-1,4.09003e-10,1,0
0.00212306,-0.149481,0.048085,-0.232256,4.36501,-70408,-1,7.79698e-10,1,0
0.00212478,-0.150295,0.047868,-0.232636,4.36561,-70734.4,-1,1.02891e-09,1,0
0.00212586,-0.150435,0.048867,-0.232895,4.3626,-70764.2,-1,1.61922e-10,1,0
0.00212653,-0.151077,0.0493752,-0.23303,4.36203,-71043.8,-1,7.04527e-10,1,0
0.00212789,-0.151488,0.0506264,-0.231984,4.36102,-71191.9,-1,1.68236e-09,1,0
0.00212931,-0.150983,0.0519226,-0.231503,4.36286,-70906.9,-1,7.26185e-10,1,0
0.00213098,-0.151151,0.0534937,-0.230578,4.36168,-70930.3,-1,6.88838e-10,1,0
0.00213228,-0.15211,0.0521987,-0.230636,4.36141,-71336.8,-1,1.61244e-09,1,0
0.00213292,-0.152191,0.0521827,-0.231383,4.36298,-71353.6,-1,2.1393e-10,1,0
0.0021342,-0.151438,0.0521266,-0.232494,4.36094,-70957.8,-1,8.54137e-10,1,0
0.00213464,-0.151513,0.052071,-0.232462,4.36188,-70977.9,-1,1.97069e-10,1,0
0.00213531,-0.152224,0.0523271,-0.232131,4.36163,-71289,-1,7.50782e-10,1,0
0.00213624,-0.152744,0.0514217,-0.231654,4.3616,-71501.5,-1,1.14764e-09,1,0
0.00213719,-0.153328,0.0523723,-0.231577,4.35921,-71743.1,-1,5.43501e-11,1,0
0.00213809,-0.153715,0.0531024,-0.231223,4.35345,-71893.4,-1,3.57096e-11,1,0
0.00213981,-0.153955,0.0542747,-0.230703,4.35149,-71948.1,-1,9.67268e-10,1,0
0.00214018,-0.1538,0.0538914,-0.2309,4.35162,-71863.1,-1,4.57954e-10,1,0
0.00214119,-0.154475,0.0534015,-0.23004,4.35046,-72144.5,-1,6.97292e-11,1,0
0.00214156,-0.154496,0.0530027,-0.229827,4.35122,-72142,-1,4.21165e-11,1,0
0.00214237,-0.154037,0.0521407,-0.229576,4.35312,-71900,-1,1.03212e-09,1,0
0.00214273,-0.154448,0.0519965,-0.229607,4.3531,-72080.3,-1,1.03212e-09,1,0
0.00214326,-0.154528,0.0520602,-0.229345,4.3525,-72099.6,-1,2.67509e-11,1,0
0.00214433,-0.15479,0.0532813,-0.228879,4.35195,-72185.8,-1,1.33345e-09,1,0
0.00214498,-0.154901,0.0535578,-0.229617,4.3532,-72215.5,-1,7.95592e-10,1,0
0.00214605,-0.154194,0.0537735,-0.229774,4.35018,-71850.1,-1,8.66313e-10,1,0
0.00214687,-0.15434,0.054217,-0.230228,4.35162,-71890.6,-1,1.23024e-09,1,0
0.00214721,-0.154163,0.0538604,-0.230392,4.35163,-71796.5,-1,1.23024e-09,1,0
0.00214807,-0.153383,0.0536098,-0.230642,4.35035,-71405.4,-1,1.11e-09,1,0
0.00214908,-0.152201,0.0538131,-0.230808,4.35115,-70821.7,-1,2.66946e-11,1,0
0.00215017,-0.152329,0.0533939,-0.229832,4.35274,-70845.1,-1,4.05581e-10,1,0
0.00215184,-0.151951,0.0524599,-0.230603,4.3505,-70614.6,-1,9.46843e-10,1,0
0.0021529,-0.151155,0.0534383,-0.230252,4.35054,-70209.9,-1,9.46843e-10,1,0
0.00215414,-0.150221,0.054586,-0.22984,4.3507,-69735.7,-1,2.84582e-09,1,0
0.00215603,-0.149344,0.0535881,-0.228169,4.34686,-69267.8,-1,1.3185e-09,1,0
0.00215665,-0.149777,0.0533719,-0.228599,4.34858,-69448.9,-1,5.92556e-10,1,0
0.00215727,-0.149835,0.0536741,-0.22811,4.34787,-69455.6,-1,5.84116e-10,1,0
0.00215783,-0.149985,0.0543183,-0.227898,4.34786,-69507.2,-1,5.84116e-10,1,0
0.00215865,-0.150256,0.0540925,-0.22786,4.34849,-69606.4,-1,6.20152e-10,1,0
0.00215983,-0.149468,0.0529467,-0.228316,4.3494,-69203.8,-1,1.46314e-09,1,0
0.00216111,-0.148615,0.0528785,-0.227371,4.34794,-68768,-1,1.22969e-09,1,0
0.00216211,-0.149162,0.0530396,-0.228451,4.34758,-68989.3,-1,1.054e-10,1,0
0.00216348,-0.149757,0.0529038,-0.229215,4.34926,-69220.5,-1,3.55079e-10,1,0
0.00216452,-0.150471,0.0533983,-0.230166,4.34923,-69517.3,-1,3.55079e-10,1,0
0.00216484,-0.15065,0.0535386,-0.230386,4.34768,-69589.6,-1,3.59841e-11,1,0
0.00216592,-0.150563,0.0537539,-0.231648,4.34793,-69514.7,-1,1.20227e-09,1,0
0.00216713,-0.150967,0.0531408,-0.232954,4.34883,-69662,-1,1.49834e-09,1,0
0.00216858,-0.151007,0.05292,-0.232666,4.34704,-69634.1,-1,1.03677e-09,1,0
0.00216959,-0.150374,0.0537145,-0.232405,4.34713,-69309.9,-1,1.56319e-09,1,0
0.00217047,-0.149934,0.054062,-0.231466,4.34638,-69078.9,-1,1.53337e-09,1,0
0.00217096,-0.150135,0.0539672,-0.231663,4.34811,-69156,-1,4.28661e-10,1,0
0.00217149,-0.150512,0.053946,-0.231456,4.34908,-69312.8,-1,5.233e-10,1,0
0.00217277,-0.150595,0.0540302,-0.230448,4.34975,-69310.4,-1,5.46859e-10,1,0
0.00217462,-0.149544,0.0520125,-0.230122,4.3498,-68767.9,-1,5.46859e-10,1,0
0.00217561,-0.148989,0.0509461,-0.22995,4.34983,-68481.6,-1,5.46859e-10,1,0
0.00217604,-0.148711,0.0508268,-0.229758,4.35056,-68340.2,-1,2.49439e-10,1,0
0.00217653,-0.148451,0.051352,-0.229619,4.35146,-68205.3,-1,1.17785e-11,1,0
0.00217713,-0.148803,0.0515792,-0.229273,4.35314,-68348.2,-1,1.33816e-10,1,0
0.00217835,-0.148615,0.0519746,-0.229775,4.34894,-68223.4,-1,4.96246e-10,1,0
0.00217925,-0.148056,0.0524541,-0.230428,4.34957,-67938.9,-1,1.06383e-10,1,0
0.00217983,-0.147914,0.0518675,-0.230406,4.34986,-67855.9,-1,5.34267e-10,1,0
0.0021805,-0.147582,0.0515354,-0.229727,4.34988,-67682.6,-1,5.34267e-10,1,0
0.00218166,-0.147122,0.0513151,-0.229371,4.35181,-67435.8,-1,4.71351e-10,1,0
0.00218179,-0.147266,0.0513341,-0.229392,4.35463,-67497.9,-1,3.64361e-12,1,0
0.00218249,-0.14776,0.0514086,-0.229397,4.35293,-67702.6,-1,5.75361e-10,1,0
0.00218335,-0.147653,0.0522821,-0.228789,4.35293,-67626.6,-1,5.75361e-10,1,0
0.00218456,-0.147502,0.0535063,-0.227938,4.35308,-67520,-1,2.86175e-09,1,0
0.00218552,-0.147297,0.0537923,-0.227335,4.35379,-67396.8,-1,5.47305e-10,1,0
0.00218601,-0.146763,0.0535072,-0.22737,4.35336,-67137.2,-1,6.06595e-10,1,0
0.00218756,-0.147787,0.0540573,-0.228326,4.3523,-67557.9,-1,9.37528e-10,1,0
0.00218814,-0.147782,0.0546038,-0.228369,4.3556,-67537.9,-1,1.13942e-09,1,0
0.00218916,-0.147491,0.0543274,-0.227173,4.35421,-67373.3,-1,1.38995e-09,1,0
0.00218952,-0.147455,0.0544511,-0.227007,4.35386,-67346,-1,3.03886e-10,1,0
0.00218993,-0.147605,0.0544316,-0.227012,4.35353,-67401.5,-1,1.56284e-10,1,0
0.00219114,-0.147515,0.054488,-0.228497,4.35289,-67323.4,-1,1.48943e-09,1,0
0.00219193,-0.14822,0.0545956,-0.228839,4.35229,-67620.9,-1,2.39423e-10,1,0
0.00219246,-0.147956,0.0546586,-0.228501,4.35176,-67484,-1,2.93073e-10,1,0
0.00219377,-0.147415,0.0536205,-0.227933,4.35043,-67197.1,-1,1.0876e-09,1,0
0.00219492,-0.146418,0.0532483,-0.226986,4.35048,-66707.6,-1,1.0876e-09,1,0
0.00219534,-0.146011,0.0531632,-0.226957,4.35104,-66509.6,-1,2.68461e-10,1,0
0.00219588,-0.145633,0.0526246,-0.227028,4.3513,-66320.8,-1,2.4737e-11,1,0
0.00219603,-0.145573,0.0525878,-0.226915,4.34907,-66289.3,-1,4.41023e-11,1,0
0.00219628,-0.145392,0.0524303,-0.226841,4.34397,-66199.3,-1,2.55701e-10,1,0
0.00219734,-0.145371,0.0515747,-0.22755,4.34148,-66157.5,-1,4.14115e-10,1,0
0.00219881,-0.145076,0.0512443,-0.227885,4.34034,-65979.3,-1,5.4057e-10,1,0
0.00219945,-0.144814,0.051071,-0.227714,4.33931,-65841.1,-1,3.79884e-10,1,0
0.00219965,-0.14486,0.051079,-0.227464,4.3405,-65855.6,-1,3.97503e-10,1,0
0.00220056,-0.144075,0.0505407,-0.226874,4.34046,-65471.9,-1,9.24883e-10,1,0
0.00220093,-0.143793,0.0503163,-0.226597,4.34047,-65333,-1,9.24883e-10,1,0
0.00220132,-0.143681,0.0501196,-0.226248,4.33912,-65270.5,-1,1.91124e-10,1,0
0.00220161,-0.143768,0.049867,-0.226154,4.33738,-65301.3,-1,7.19471e-11,1,0
0.00220247,-0.143987,0.0493775,-0.226111,4.33807,-65375.3,-1,1.02525e-09,1,0
0.00220453,-0.143269,0.0490605,-0.228469,4.33804,-64988.3,-1,9.67017e-10,1,0
0.00220532,-0.143481,0.0484138,-0.227996,4.33766,-65061,-1,2.00785e-09,1,0
0.00220567,-0.143522,0.0481882,-0.227714,4.33962,-65069.5,-1,1.22174e-09,1,0
0.00220618,-0.143444,0.048463,-0.227591,4.34174,-65019.1,-1,1.38319e-10,1,0
0.0022066,-0.143621,0.0483083,-0.227715,4.34179,-65087,-1,2.31807e-10,1,0
0.00220734,-0.14312,0.0489406,-0.227825,4.34034,-64838.3,-1,1.91237e-11,1,0
0.00220863,-0.14162,0.048922,-0.227288,4.34171,-64121.1,-1,1.59402e-09,1,0
0.00220983,-0.142572,0.0483573,-0.228283,4.34166,-64517,-1,1.59402e-09,1,0
0.00221,-0.142713,0.0483775,-0.228237,4.34496,-64576.2,-1,1.19392e-10,1,0
0.00221084,-0.141868,0.0488262,-0.228572,4.34154,-64169.2,-1,1.4804e-11,1,0
0.0022115,-0.142014,0.0490092,-0.22872,4.34475,-64216.2,-1,4.54162e-10,1,0
0.00221273,-0.142708,0.0494331,-0.227427,4.34472,-64494,-1,4.54162e-10,1,0
0.00221303,-0.142844,0.0495977,-0.227198,4.34725,-64546.8,-1,8.94976e-11,1,0
0.00221406,-0.143624,0.0488032,-0.22716,4.34726,-64869,-1,1.24958e-10,1,0
0.00221519,-0.14468,0.0480418,-0.227162,4.348,-65312.7,-1,1.58299e-10,1,0
0.0022165,-0.143855,0.0478876,-0.228116,4.34969,-64901.7,-1,3.1226e-10,1,0
0.00221785,-0.14529,0.0477756,-0.227379,4.35012,-65509.3,-1,1.43484e-09,1,0
0.00221864,-0.14516,0.047936,-0.228046,4.34935,-65427.2,-1,7.49964e-10,1,0
0.00221904,-0.145149,0.0477091,-0.228236,4.34874,-65410.9,-1,1.77812e-10,1,0
0.00221978,-0.145145,0.0472682,-0.228704,4.34857,-65387.2,-1,7.38273e-10,1,0
0.00222094,-0.144344,0.0469841,-0.227547,4.34831,-64992.1,-1,1.61186e-09,1,0
0.002221,-0.14436,0.0470132,-0.227512,4.35058,-64997.9,-1,5.85798e-11,1,0
0.00222174,-0.144784,0.0476278,-0.227364,4.34708,-65167,-1,8.67017e-11,1,0
0.00222328,-0.145904,0.0486406,-0.226953,4.34736,-65625.3,-1,4.76968e-10,1,0
0.00222341,-0.145901,0.0486296,-0.22698,4.34737,-65620.6,-1,8.55696e-11,1,0
0.00222362,-0.145827,0.0485952,-0.226884,4.34856,-65580.9,-1,1.6799e-10,1,0
0.0022245,-0.144767,0.048528,-0.226607,4.34863,-65078.3,-1,1.25708e-09,1,0
0.00222585,-0.14361,0.0490633,-0.225527,4.34882,-64519,-1,1.6707e-09,1,0
0.00222703,-0.142409,0.0486232,-0.225787,4.34676,-63946,-1,1.11807e-09,1,0
0.00222822,-0.141944,0.0494218,-0.226938,4.34634,-63702.7,-1,1.47582e-09,1,0
0.0022297,-0.14198,0.0489498,-0.226253,4.34544,-63676.6,-1,7.84925e-10,1,0
0.00223051,-0.141277,0.0485341,-0.226655,4.34341,-63338.3,-1,5.19994e-10,1,0
0.00223182,-0.14034,0.0478454,-0.226941,4.34358,-62881.3,-1,3.65523e-10,1,0
0.00223319,-0.139958,0.0484651,-0.225584,4.34379,-62671.6,-1,1.24649e-09,1,0
0.00223434,-0.140793,0.0489855,-0.226321,4.34297,-63013.1,-1,1.28506e-09,1,0
0.00223513,-0.13991,0.0491737,-0.226511,4.34151,-62596,-1,1.6376e-10,1,0
0.00223575,-0.139485,0.0485799,-0.226551,4.34243,-62388.3,-1,3.04885e-11,1,0
0.00223683,-0.138235,0.0488171,-0.226318,4.34267,-61799.6,-1,1.27244e-09,1,0
0.00223771,-0.13814,0.0495315,-0.225825,4.34269,-61732.6,-1,2.23151e-10,1,0
0.00223846,-0.138806,0.0491888,-0.226113,4.34229,-62009.5,-1,1.21764e-10,1,0
0.00224019,-0.137316,0.0494986,-0.224762,4.33957,-61296.6,-1,3.0187e-10,1,0
0.00224154,-0.137419,0.0505025,-0.223736,4.33882,-61305.5,-1,2.97208e-10,1,0
0.00224302,-0.137346,0.0506749,-0.224096,4.33844,-61232.4,-1,2.20867e-09,1,0
0.00224365,-0.137526,0.0503219,-0.224638,4.3368,-61295.8,-1,1.54316e-09,1,0
0.00224451,-0.137939,0.0503524,-0.2251,4.33685,-61456,-1,8.87906e-10,1,0
0.00224601,-0.137106,0.0515213,-0.226266,4.33689,-61044.1,-1,8.87906e-10,1,0
0.00224695,-0.136607,0.052209,-0.226991,4.33358,-60796.5,-1,3.38481e-09,1,0
0.00224812,-0.137154,0.050945,-0.227411,4.33533,-61008.4,-1,1.47356e-09,1,0
0.00224861,-0.136975,0.0506254,-0.227699,4.33137,-60915.6,-1,5.33679e-10,1,0
0.0022497,-0.13755,0.0517295,-0.227683,4.33021,-61141.6,-1,1.61839e-10,1,0
0.00225083,-0.137183,0.0528093,-0.227819,4.33159,-60947.5,-1,7.79385e-10,1,0
0.00225135,-0.136953,0.0525265,-0.227826,4.33142,-60831.7,-1,4.84554e-10,1,0
0.00225265,-0.136918,0.0539833,-0.228471,4.33088,-60780.9,-1,5.78717e-10,1,0
0.00225412,-0.138313,0.0539005,-0.228146,4.33258,-61360,-1,1.11836e-09,1,0
0.00225527,-0.137887,0.0548696,-0.228021,4.33137,-61140.1,-1,2.04192e-10,1,0
0.00225688,-0.13773,0.0550769,-0.228952,4.33248,-61026.5,-1,2.27595e-10,1,0
0.00225761,-0.138142,0.0548152,-0.229393,4.33311,-61189.5,-1,3.92298e-10,1,0
0.00225863,-0.137951,0.0535685,-0.229306,4.33312,-61077.1,-1,3.92298e-10,1,0
0.00225891,-0.137899,0.0532312,-0.229283,4.33121,-61046.7,-1,1.60623e-09,1,0
0.00225946,-0.13839,0.0536748,-0.229446,4.33119,-61249.1,-1,1.60623e-09,1,0
0.00226015,-0.138124,0.0540016,-0.229567,4.32972,-61112.8,-1,1.54884e-10,1,0
0.0022607,-0.138115,0.0540973,-0.229518,4.33223,-61094.1,-1,1.31748e-10,1,0
0.00226102,-0.137845,0.0538283,-0.229553,4.33369,-60965.9,-1,3.81154e-10,1,0
0.00226157,-0.138107,0.0533839,-0.229754,4.32942,-61067.1,-1,4.16809e-10,1,0
0.00226214,-0.13793,0.0538111,-0.230161,4.32687,-60973.4,-1,1.14984e-10,1,0
0.00226292,-0.138188,0.0545952,-0.230535,4.32646,-61066.1,-1,6.21969e-11,1,0
0.00226366,-0.138607,0.0543239,-0.230989,4.32567,-61231.4,-1,6.8219e-10,1,0
0.0022649,-0.137945,0.0546489,-0.231873,4.3268,-60905.4,-1,2.13669e-10,1,0
0.00226603,-0.137141,0.0541659,-0.232002,4.3252,-60520.2,-1,2.76211e-10,1,0
0.00226656,-0.136749,0.0540553,-0.232181,4.32444,-60333.2,-1,1.52009e-09,1,0
0.00226773,-0.13625,0.0549299,-0.233218,4.32446,-60081.9,-1,1.52009e-09,1,0
0.00226785,-0.136218,0.0550009,-0.233323,4.32489,-60064.5,-1,1.8235e-09,1,0
0.00226852,-0.136725,0.0547172,-0.233787,4.3213,-60270.5,-1,7.95892e-10,1,0
0.00226871,-0.136708,0.0548513,-0.233583,4.3213,-60258,-1,7.95892e-10,1,0
0.0022699,-0.136437,0.0553329,-0.232582,4.32279,-60106.9,-1,1.48726e-09,1,0
0.00227141,-0.135051,0.0541224,-0.232587,4.32123,-59457.1,-1,8.42583e-11,1,0
0.00227255,-0.134621,0.0550235,-0.231589,4.32125,-59238,-1,8.42583e-11,1,0
0.00227369,-0.134138,0.0559267,-0.230749,4.32502,-58995.7,-1,1.52708e-10,1,0
0.00227473,-0.134007,0.0553242,-0.230168,4.32549,-58911.2,-1,2.39968e-10,1,0
0.00227592,-0.134027,0.0544523,-0.229097,4.32839,-58889,-1,1.98463e-10,1,0
0.0022762,-0.134248,0.0543931,-0.22884,4.32841,-58979.1,-1,3.44643e-10,1,0
0.00227688,-0.134465,0.0542481,-0.228305,4.32677,-59056.4,-1,4.7574e-10,1,0
0.00227738,-0.134155,0.054597,-0.228077,4.32943,-58907.9,-1,1.36924e-10,1,0
0.0022779,-0.133744,0.0542316,-0.228355,4.33172,-58713.7,-1,9.28437e-11,1,0
0.00227927,-0.132675,0.0532002,-0.22917,4.33291,-58209.5,-1,2.30938e-09,1,0
0.00227938,-0.132696,0.0531302,-0.229274,4.33291,-58216,-1,2.30938e-09,1,0
0.00228009,-0.131973,0.0529223,-0.228876,4.33251,-57880.7,-1,1.46393e-10,1,0
0.00228063,-0.131404,0.052768,-0.228552,4.33254,-57617.6,-1,1.46393e-10,1,0
0.00228074,-0.131294,0.0527501,-0.228538,4.33128,-57566.4,-1,5.18101e-11,1,0
0.00228214,-0.132671,0.0517639,-0.228891,4.33121,-58134.4,-1,5.18101e-11,1,0
0.00228343,-0.133941,0.050854,-0.229217,4.33025,-58657.9,-1,3.3264e-09,1,0
0.00228486,-0.134408,0.0516045,-0.228283,4.32868,-58825.5,-1,5.18243e-10,1,0
0.00228536,-0.134416,0.0515887,-0.227665,4.32868,-58816,-1,5.18243e-10,1,0
0.00228663,-0.134712,0.0509753,-0.226321,4.33106,-58912.9,-1,2.11528e-10,1,0
0.00228706,-0.134799,0.0507573,-0.225842,4.32934,-58939.7,-1,1.65087e-09,1,0
0.002288,-0.134194,0.0513279,-0.225282,4.32848,-58651.1,-1,5.29851e-10,1,0
0.00228834,-0.134021,0.0513832,-0.225129,4.32946,-58567,-1,8.99923e-12,1,0
0.00228937,-0.134307,0.0510213,-0.225546,4.32818,-58665.6,-1,4.84834e-10,1,0
0.00229027,-0.13365,0.051093,-0.225965,4.32959,-58355.3,-1,7.47652e-10,1,0
0.00229059,-0.133768,0.0509728,-0.225632,4.32961,-58398.8,-1,3.25375e-11,1,0
0.00229142,-0.134004,0.0502096,-0.224995,4.33037,-58480.9,-1,1.0218e-09,1,0
0.00229182,-0.133783,0.0500486,-0.224706,4.33351,-58374.1,-1,3.1791e-10,1,0
0.00229256,-0.134091,0.0500575,-0.224152,4.33299,-58489.4,-1,8.16235e-10,1,0
0.00229336,-0.134598,0.0508421,-0.224257,4.33276,-58690.1,-1,1.14328e-09,1,0
0.00229381,-0.135095,0.0509257,-0.224481,4.33274,-58895.5,-1,1.14328e-09,1,0
0.00229457,-0.135939,0.0510675,-0.224861,4.33269,-59243.8,-1,1.14328e-09,1,0
0.00229602,-0.136526,0.0515309,-0.225671,4.33005,-59461.8,-1,2.73281e-10,1,0
0.00229683,-0.135682,0.0515942,-0.226184,4.32981,-59073.8,-1,5.57053e-10,1,0
0.00229812,-0.135428,0.0521743,-0.224915,4.33005,-58929.7,-1,1.10464e-10,1,0
0.002299,-0.135451,0.0522793,-0.225802,4.33212,-58917.1,-1,7.60225e-10,1,0
0.00229955,-0.135885,0.0518836,-0.225467,4.33164,-59091.8,-1,6.76156e-10,1,0
0.00230002,-0.136095,0.0515997,-0.225916,4.33086,-59171.5,-1,5.54685e-10,1,0
0.00230081,-0.13594,0.0520517,-0.225156,4.33179,-59083.5,-1,9.50693e-11,1,0
0.00230122,-0.135708,0.0522793,-0.225066,4.33035,-58972.2,-1,1.13604e-09,1,0
0.00230299,-0.135009,0.0519632,-0.225046,4.32963,-58623.3,-1,4.24908e-10,1,0
0.00230431,-0.135325,0.0508099,-0.225846,4.33383,-58726.9,-1,5.67755e-10,1,0
0.0023048,-0.135275,0.0506925,-0.225387,4.33136,-58692.7,-1,1.25133e-10,1,0
0.00230638,-0.135056,0.0511967,-0.227255,4.33059,-58557.7,-1,1.94692e-09,1,0
0.00230764,-0.13506,0.0506761,-0.226813,4.32778,-58527.4,-1,1.92169e-10,1,0
0.00230871,-0.13554,0.0505813,-0.226096,4.33028,-58708.1,-1,1.0898e-09,1,0
0.00230965,-0.1363,0.0505679,-0.225766,4.32916,-59013.3,-1,5.59506e-10,1,0
0.00231046,-0.135622,0.0509463,-0.226399,4.32465,-58698.9,-1,1.00242e-09,1,0
0.0023117,-0.136515,0.0510936,-0.226107,4.3261,-59053.8,-1,8.21939e-10,1,0
0.00231215,-0.136796,0.0515519,-0.226159,4.32559,-59164.1,-1,1.21202e-09,1,0
0.00231306,-0.137661,0.0519191,-0.225826,4.32458,-59514.5,-1,1.05701e-09,1,0
0.00231322,-0.137644,0.051928,-0.225817,4.3286,-59503.3,-1,8.89075e-11,1,0
0.00231367,-0.13777,0.0520013,-0.226049,4.33178,-59546,-1,4.098e-10,1,0
0.00231511,-0.137239,0.0522472,-0.227158,4.33233,-59279.6,-1,1.11812e-09,1,0
0.00231603,-0.137697,0.0519918,-0.226195,4.33228,-59453.6,-1,1.05901e-09,1,0
0.00231799,-0.136687,0.0506127,-0.224599,4.33318,-58968,-1,1.11824e-09,1,0
0.0023197,-0.136393,0.0513026,-0.224474,4.33323,-58797.6,-1,7.7507e-10,1,0
0.00232047,-0.136175,0.052099,-0.223999,4.33324,-58684.5,-1,7.7507e-10,1,0
0.00232111,-0.135794,0.0526976,-0.224138,4.33545,-58503.9,-1,6.02488e-10,1,0
0.00232162,-0.136254,0.0522767,-0.224219,4.33543,-58689.3,-1,6.02488e-10,1,0
0.00232257,-0.137008,0.0516759,-0.223805,4.33452,-58990,-1,1.12845e-09,1,0
0.00232317,-0.1371,0.0511695,-0.223609,4.33284,-59014.3,-1,1.03012e-09,1,0
0.00232409,-0.136862,0.050704,-0.224402,4.33101,-58888.4,-1,7.51898e-10,1,0
0.00232427,-0.136892,0.0506383,-0.224379,4.33096,-58896.5,-1,8.95317e-11,1,0
0.0023252,-0.136799,0.0506074,-0.223584,4.33135,-58833.4,-1,2.16755e-10,1,0
0.00232584,-0.136997,0.05091,-0.222935,4.33168,-58902.2,-1,3.20341e-11,1,0
0.00232676,-0.137322,0.0517876,-0.222298,4.33167,-59018.8,-1,3.20341e-11,1,0
0.00232744,-0.137517,0.0522739,-0.222633,4.33299,-59085,-1,5.37194e-10,1,0
0.00232877,-0.138486,0.0524528,-0.223297,4.33462,-59467.7,-1,3.55768e-10,1,0
0.00232984,-0.138447,0.0528299,-0.224216,4.33623,-59423.3,-1,4.70665e-10,1,0
0.00233103,-0.138438,0.0540568,-0.223904,4.33582,-59389.2,-1,1.11823e-09,1,0
0.00233229,-0.137996,0.0545485,-0.224248,4.33552,-59167.7,-1,1.0024e-09,1,0
0.00233288,-0.13843,0.0539887,-0.224339,4.33412,-59338.8,-1,1.12954e-10,1,0
0.00233405,-0.137427,0.0550217,-0.224226,4.33405,-58879.3,-1,1.44446e-09,1,0
0.00233504,-0.137506,0.0550731,-0.223173,4.33742,-58888,-1,5.92195e-10,1,0
0.00233552,-0.137858,0.0547652,-0.222868,4.33772,-59026.6,-1,1.00645e-10,1,0
0.00233566,-0.137986,0.0546836,-0.222776,4.33772,-59078.1,-1,1.00645e-10,1,0
0.00233582,-0.138133,0.0545906,-0.222672,4.33489,-59136.8,-1,8.67253e-10,1,0
0.0023369,-0.137594,0.0541419,-0.223203,4.33395,-58878.8,-1,6.04555e-10,1,0
0.00233764,-0.138346,0.0546541,-0.223298,4.33072,-59182,-1,9.15137e-10,1,0
0.00233851,-0.137789,0.0551689,-0.223279,4.32906,-58921.7,-1,6.7021e-10,1,0
0.00233925,-0.137461,0.0555479,-0.223624,4.32507,-58763,-1,4.60873e-10,1,0
0.00233988,-0.137129,0.0559301,-0.224021,4.32614,-58605.2,-1,4.60391e-10,1,0
0.00234068,-0.136748,0.056841,-0.223956,4.32616,-58422.6,-1,4.60391e-10,1,0
0.00234203,-0.136005,0.0582749,-0.224039,4.32583,-58071.4,-1,4.42117e-10,1,0
0.00234258,-0.135917,0.0585568,-0.224169,4.32888,-58020.2,-1,3.09317e-10,1,0
0.00234288,-0.135593,0.0585929,-0.224252,4.33136,-57874.5,-1,3.13563e-10,1,0
0.0023436,-0.136185,0.0590747,-0.2244,4.32756,-58109.4,-1,4.26001e-10,1,0
0.00234419,-0.136489,0.0591804,-0.22401,4.33161,-58224.2,-1,3.45258e-11,1,0
0.00234557,-0.137579,0.0584524,-0.224509,4.32896,-58654.6,-1,8.22145e-10,1,0
0.00234628,-0.138132,0.058071,-0.224995,4.32997,-58872.8,-1,2.15739e-09,1,0
0.00234673,-0.137754,0.0582225,-0.225087,4.3326,-58700.4,-1,4.53096e-10,1,0
0.00234685,-0.137857,0.0582591,-0.2251,4.33117,-58741.3,-1,2.45449e-11,1,0
0.00234694,-0.137877,0.0582822,-0.225037,4.33455,-58747.7,-1,3.73517e-11,1,0
0.00234744,-0.137797,0.0577291,-0.225225,4.33486,-58701,-1,7.21252e-11,1,0
0.00234802,-0.137809,0.0576495,-0.225595,4.33409,-58691.5,-1,2.8705e-10,1,0
0.00234852,-0.137352,0.0574764,-0.225554,4.33219,-58484.5,-1,4.09002e-10,1,0
0.00234927,-0.137147,0.0582244,-0.225065,4.3322,-58378.7,-1,4.09002e-10,1,0
0.00234971,-0.137025,0.0586696,-0.224774,4.33221,-58315.7,-1,4.09002e-10,1,0
0.00234974,-0.13702,0.0586909,-0.224778,4.33023,-58313,-1,1.48085e-09,1,0
0.00235068,-0.137096,0.0587205,-0.225581,4.33295,-58322,-1,8.50316e-10,1,0
0.00235133,-0.137126,0.0582986,-0.225458,4.33168,-58318.2,-1,3.97806e-10,1,0
0.00235222,-0.137708,0.0582091,-0.226004,4.32988,-58543.9,-1,5.9963e-10,1,0
0.00235334,-0.138652,0.059018,-0.226615,4.32983,-58917.3,-1,5.9963e-10,1,0
0.00235374,-0.139024,0.0589709,-0.226311,4.32683,-59064.9,-1,4.78651e-10,1,0
0.00235397,-0.138828,0.0587754,-0.226245,4.32684,-58976.1,-1,4.78651e-10,1,0
0.00235478,-0.138426,0.0587793,-0.227139,4.32391,-58785,-1,9.79865e-10,1,0
0.00235494,-0.138533,0.0589026,-0.22717,4.32252,-58826.6,-1,2.23341e-11,1,0
0.00235557,-0.13823,0.0591714,-0.227299,4.32261,-58682.3,-1,4.53226e-10,1,0
0.0023562,-0.137468,0.0592933,-0.227373,4.32201,-58342.9,-1,1.27372e-09,1,0
0.00235698,-0.138002,0.0589649,-0.226735,4.32221,-58550.1,-1,1.03872e-10,1,0
0.00235781,-0.13807,0.0592327,-0.225753,4.3222,-58558.4,-1,1.0205e-09,1,0
0.00235857,-0.137864,0.0594354,-0.224859,4.32221,-58452.5,-1,1.0205e-09,1,0
0.0023594,-0.13726,0.0596139,-0.224278,4.31975,-58175.8,-1,8.74695e-11,1,0
0.00236011,-0.136748,0.0592567,-0.224654,4.32016,-57941.2,-1,4.60396e-10,1,0
0.00236034,-0.13688,0.0594666,-0.224586,4.31997,-57991.7,-1,2.64814e-10,1,0
0.00236062,-0.13667,0.0597341,-0.224665,4.31998,-57895.9,-1,2.64814e-10,1,0
0.00236117,-0.136557,0.0601451,-0.224325,4.3209,-57834.6,-1,4.61339e-10,1,0
0.00236308,-0.13618,0.0596219,-0.224029,4.31917,-57628,-1,1.11814e-09,1,0
0.00236404,-0.136188,0.0606204,-0.223404,4.31966,-57608.2,-1,1.89681e-09,1,0
0.00236512,-0.135294,0.060772,-0.222765,4.31922,-57203.7,-1,7.76965e-10,1,0
0.00236602,-0.134636,0.0605122,-0.222258,4.32244,-56903.9,-1,9.15938e-11,1,0
0.00236756,-0.134165,0.0601553,-0.222177,4.32039,-56668.2,-1,8.59671e-10,1,0
0.00236819,-0.134146,0.0595794,-0.222684,4.32004,-56644.9,-1,1.53049e-10,1,0
0.00236885,-0.133978,0.0601706,-0.222701,4.31965,-56558.2,-1,3.22037e-10,1,0
0.00236973,-0.133699,0.0605409,-0.222761,4.32375,-56419.7,-1,1.78259e-10,1,0
0.00237056,-0.13421,0.0598984,-0.223174,4.32294,-56615.1,-1,1.76819e-10,1,0
0.00237172,-0.134868,0.0590874,-0.223222,4.31928,-56865,-1,5.79689e-10,1,0
0.00237235,-0.135284,0.0594707,-0.223603,4.31829,-57025.2,-1,7.08487e-11,1,0
0.0023732,-0.134957,0.0600584,-0.223044,4.31807,-56867,-1,4.70013e-10,1,0
0.00237455,-0.135125,0.0614629,-0.222181,4.31872,-56905.6,-1,2.24517e-09,1,0
0.00237496,-0.134974,0.061633,-0.222335,4.31709,-56832.1,-1,1.24158e-10,1,0
0.00237611,-0.134092,0.0622012,-0.223056,4.31538,-56433.3,-1,3.98645e-10,1,0
0.00237726,-0.135188,0.0628197,-0.222402,4.31401,-56867.3,-1,1.41869e-09,1,0
0.00237793,-0.134911,0.0626108,-0.222217,4.31477,-56734.5,-1,4.6416e-10,1,0
0.00237879,-0.135023,0.0626804,-0.221904,4.3147,-56761.2,-1,4.2587e-10,1,0
0.00237935,-0.134778,0.0623431,-0.222063,4.31528,-56645,-1,2.51177e-10,1,0
0.00237999,-0.134455,0.0618312,-0.22258,4.3153,-56494,-1,2.51177e-10,1,0
0.00238131,-0.133979,0.0607675,-0.223224,4.31456,-56262.7,-1,3.08822e-10,1,0
0.00238194,-0.134158,0.0608083,-0.223604,4.31357,-56323.1,-1,3.78788e-10,1,0
0.00238264,-0.134138,0.0616561,-0.223612,4.31254,-56297.9,-1,7.03149e-10,1,0
0.00238327,-0.134601,0.0610686,-0.223725,4.31294,-56477.4,-1,1.84488e-10,1,0
0.00238354,-0.134615,0.0609604,-0.22373,4.31302,-56476.9,-1,9.15833e-11,1,0
0.00238465,-0.133622,0.0601346,-0.223505,4.31299,-56034.5,-1,4.72735e-10,1,0
0.00238518,-0.133353,0.059648,-0.223781,4.31637,-55908.8,-1,5.20294e-10,1,0
0.00238581,-0.132991,0.0600921,-0.223617,4.31417,-55742.6,-1,3.52817e-10,1,0
0.00238643,-0.133262,0.0604298,-0.22369,4.31412,-55841.5,-1,1.99263e-10,1,0
0.00238773,-0.134,0.0590869,-0.223933,4.31405,-56120.3,-1,3.67177e-10,1,0
0.00238856,-0.134811,0.0587348,-0.223953,4.31484,-56440.2,-1,6.88391e-10,1,0
0.00238914,-0.135165,0.0586017,-0.223743,4.31374,-56574.6,-1,4.56885e-10,1,0
0.0023905,-0.134891,0.0586214,-0.222768,4.31382,-56427.9,-1,4.07259e-10,1,0
0.00239087,-0.134991,0.0582421,-0.222868,4.31283,-56461,-1,3.08431e-11,1,0
0.0023918,-0.136047,0.0580682,-0.222475,4.31253,-56880.4,-1,1.13934e-09,1,0
0.00239242,-0.136207,0.0578291,-0.222883,4.31074,-56932.8,-1,2.20058e-10,1,0
0.00239263,-0.136244,0.0579412,-0.223084,4.31503,-56943.1,-1,3.14865e-11,1,0
0.00239365,-0.136251,0.0587263,-0.222587,4.31348,-56922.1,-1,1.04102e-09,1,0
0.00239445,-0.136418,0.0587049,-0.221963,4.31445,-56972.5,-1,6.28038e-10,1,0
0.00239511,-0.136896,0.0585245,-0.221775,4.31492,-57156.3,-1,8.14299e-10,1,0
0.00239564,-0.13714,0.0584913,-0.221432,4.31395,-57245.6,-1,6.3564e-10,1,0
0.0023963,-0.137748,0.0586562,-0.221783,4.31258,-57483.8,-1,7.37409e-11,1,0
0.00239806,-0.137953,0.0589047,-0.223115,4.31157,-57527,-1,1.75813e-09,1,0
0.00239943,-0.137496,0.0603373,-0.223159,4.31199,-57303.7,-1,1.44753e-09,1,0
0.00240037,-0.136721,0.0604732,-0.222505,4.31071,-56958.4,-1,7.35265e-11,1,0
0.00240158,-0.135813,0.0607975,-0.221521,4.31163,-56551.6,-1,2.80411e-10,1,0
0.00240291,-0.135874,0.0597043,-0.22177,4.31091,-56545.4,-1,9.73211e-10,1,0
0.00240387,-0.136291,0.0595659,-0.221928,4.31162,-56696.5,-1,2.63318e-10,1,0
0.00240524,-0.136087,0.0592337,-0.221097,4.311,-56579.6,-1,5.08856e-10,1,0
0.00240561,-0.136154,0.0591473,-0.220931,4.3133,-56598.6,-1,1.31912e-10,1,0
0.00240624,-0.136317,0.059535,-0.220453,4.31299,-56651.7,-1,5.06151e-10,1,0
0.00240691,-0.13621,0.0592747,-0.220736,4.30821,-56591,-1,5.85402e-10,1,0
0.00240721,-0.13599,0.0593209,-0.220635,4.30572,-56492.7,-1,1.3128e-10,1,0
0.00240845,-0.136295,0.0588783,-0.221036,4.30544,-56590.4,-1,8.76235e-10,1,0
0.00240939,-0.135792,0.0592546,-0.221254,4.30608,-56359.7,-1,6.16349e-10,1,0
0.00241049,-0.135276,0.05804,-0.220973,4.30611,-56120,-1,6.16349e-10,1,0
0.00241183,-0.134641,0.0565451,-0.220628,4.30614,-55825.3,-1,6.16349e-10,1,0
0.00241257,-0.134295,0.0557306,-0.22044,4.30615,-55664.9,-1,6.16349e-10,1,0
0.00241282,-0.134209,0.0555999,-0.220399,4.30752,-55623,-1,6.27829e-11,1,0
0.00241401,-0.133506,0.0563244,-0.219383,4.30581,-55304.8,-1,6.8023e-10,1,0
0.00241431,-0.13342,0.0563239,-0.219253,4.30512,-55262.2,-1,1.25725e-10,1,0
0.00241523,-0.132583,0.0569352,-0.219037,4.30535,-54894.7,-1,5.08081e-10,1,0
0.00241605,-0.132844,0.0576505,-0.218581,4.30487,-54984.3,-1,3.85293e-11,1,0
0.00241647,-0.133146,0.0579722,-0.21887,4.30495,-55099.1,-1,6.39837e-10,1,0
0.00241727,-0.132457,0.0581723,-0.219475,4.30378,-54796,-1,8.88301e-10,1,0
0.00241827,-0.132105,0.0573163,-0.219413,4.30267,-54627.9,-1,3.31561e-10,1,0
0.00241985,-0.13332,0.0558359,-0.219713,4.30108,-55094.2,-1,1.9382e-09,1,0
0.00242168,-0.132952,0.0551005,-0.220011,4.30162,-54900.6,-1,1.25741e-09,1,0
0.00242286,-0.132675,0.0555521,-0.219156,4.30357,-54759.5,-1,6.54594e-10,1,0
0.00242471,-0.132477,0.0553234,-0.220626,4.30259,-54636.3,-1,4.90795e-10,1,0
0.00242613,-0.132572,0.0548357,-0.222303,4.30333,-54643.6,-1,1.74961e-09,1,0
0.00242711,-0.132608,0.055911,-0.221758,4.30332,-54636,-1,1.74961e-09,1,0
0.00242845,-0.132685,0.0571722,-0.221803,4.30314,-54637.8,-1,2.23598e-09,1,0
0.00242895,-0.132705,0.0568674,-0.222099,4.30215,-54634.9,-1,1.50092e-10,1,0
0.00242922,-0.13278,0.0569448,-0.222049,4.30307,-54659.7,-1,1.00618e-10,1,0
0.00242953,-0.132559,0.0571012,-0.222308,4.30443,-54561.6,-1,4.19991e-10,1,0
0.00243008,-0.132544,0.0565456,-0.22195,4.3042,-54543.2,-1,6.01561e-10,1,0
0.00243072,-0.132559,0.0561584,-0.221425,4.30319,-54534.8,-1,3.04721e-10,1,0
0.00243185,-0.13291,0.0556447,-0.220182,4.3045,-54653.7,-1,1.95761e-09,1,0
0.00243223,-0.132968,0.0557124,-0.220452,4.30785,-54669.2,-1,2.20266e-10,1,0
0.00243356,-0.132901,0.0556876,-0.219681,4.30511,-54611.5,-1,1.13875e-09,1,0
0.00243401,-0.132828,0.0560875,-0.219929,4.30552,-54571.5,-1,4.56389e-11,1,0
0.00243546,-0.132898,0.0550222,-0.220397,4.30528,-54568.1,-1,7.53741e-10,1,0
0.0024365,-0.132566,0.0557219,-0.221193,4.30593,-54408.5,-1,5.3694e-10,1,0
0.00243673,-0.132725,0.0557717,-0.221098,4.30381,-54468.4,-1,1.53427e-10,1,0
0.00243793,-0.13317,0.055147,-0.222238,4.30446,-54624.1,-1,1.3323e-09,1,0
0.0024391,-0.133998,0.0542439,-0.22299,4.30528,-54937.6,-1,1.43803e-09,1,0
0.00243934,-0.134051,0.0540958,-0.222888,4.30873,-54953.6,-1,5.7911e-11,1,0
0.00244048,-0.13405,0.0540459,-0.223425,4.31164,-54927.6,-1,4.89351e-10,1,0
0.00244158,-0.133551,0.0541598,-0.224171,4.30923,-54698.6,-1,1.9132e-09,1,0
0.00244295,-0.134221,0.0554194,-0.224288,4.30882,-54942.1,-1,1.43651e-09,1,0
0.00244331,-0.133982,0.0554114,-0.22463,4.30911,-54836.4,-1,9.55648e-11,1,0
0.00244434,-0.133641,0.0549154,-0.225351,4.30434,-54673.5,-1,3.73735e-10,1,0
0.00244485,-0.133824,0.0554085,-0.225023,4.30429,-54737,-1,6.1951e-10,1,0
0.0024462,-0.132684,0.0552226,-0.22548,4.30497,-54241.1,-1,7.49881e-10,1,0
0.00244744,-0.133275,0.0549633,-0.224901,4.30218,-54454.7,-1,2.9131e-11,1,0
0.00244919,-0.13171,0.0550726,-0.224617,4.30134,-53777.1,-1,7.71799e-10,1,0
0.00244973,-0.131308,0.0556037,-0.224609,4.30179,-53601,-1,6.66181e-10,1,0
0.00245086,-0.13007,0.0561954,-0.22439,4.30064,-53071.3,-1,1.3894e-09,1,0
0.00245151,-0.129341,0.0561329,-0.224702,4.30067,-52759.7,-1,1.3894e-09,1,0
0.00245216,-0.128606,0.0560699,-0.225016,4.29882,-52446,-1,1.59772e-09,1,0
0.00245276,-0.128139,0.0564686,-0.224802,4.29724,-52242.6,-1,5.79432e-10,1,0
0.00245413,-0.128653,0.0563316,-0.224034,4.29636,-52422.9,-1,4.22893e-10,1,0
0.00245499,-0.129359,0.0569028,-0.223546,4.29487,-52692.3,-1,8.30161e-10,1,0
0.00245536,-0.129465,0.0571313,-0.223389,4.29538,-52727.4,-1,2.59812e-10,1,0
0.00245575,-0.129305,0.0569386,-0.223723,4.29418,-52654.2,-1,3.43403e-10,1,0
0.00245718,-0.12787,0.0559249,-0.223715,4.29425,-52039.3,-1,3.43403e-10,1,0
0.00245802,-0.12765,0.0551448,-0.223329,4.29433,-51932,-1,7.07987e-10,1,0
0.00245869,-0.127178,0.0557502,-0.223007,4.29435,-51725.7,-1,7.07987e-10,1,0
0.00245952,-0.126614,0.0564906,-0.222602,4.29352,-51479.1,-1,2.73051e-11,1,0
0.00246034,-0.127062,0.055595,-0.222491,4.2935,-51644.1,-1,2.73051e-11,1,0
0.00246132,-0.127595,0.0545299,-0.22236,4.29347,-51840.3,-1,2.73051e-11,1,0
0.00246161,-0.12759,0.0542922,-0.222299,4.29388,-51832,-1,1.19448e-10,1,0
0.00246262,-0.126789,0.0536777,-0.222276,4.29319,-51485.5,-1,4.47807e-10,1,0
0.00246401,-0.12644,0.053579,-0.223414,4.29734,-51314.7,-1,1.13863e-09,1,0
0.00246455,-0.126148,0.0537671,-0.223288,4.30029,-51185.2,-1,1.72034e-10,1,0
0.00246639,-0.126308,0.0545222,-0.222323,4.29819,-51211.7,-1,4.04991e-10,1,0
0.00246844,-0.12678,0.0562273,-0.223348,4.2978,-51360.5,-1,1.13838e-09,1,0
0.00246882,-0.126403,0.0563254,-0.223172,4.30017,-51199.6,-1,2.7295e-11,1,0
0.00246938,-0.126172,0.0567027,-0.223696,4.30018,-51094.6,-1,2.7295e-11,1,0
0.0024702,-0.125726,0.0570805,-0.224078,4.30109,-50897,-1,1.42514e-09,1,0
0.00247226,-0.12388,0.0568106,-0.222365,4.30251,-50107.9,-1,2.80424e-09,1,0
0.00247261,-0.124252,0.0567741,-0.222399,4.2995,-50251.4,-1,3.94435e-10,1,0
0.00247348,-0.124255,0.0559715,-0.221961,4.29923,-50235,-1,6.40517e-10,1,0
0.00247489,-0.124408,0.0554925,-0.220746,4.29644,-50268.2,-1,5.33508e-10,1,0
0.00247574,-0.124169,0.054528,-0.22042,4.29627,-50154.3,-1,1.04575e-09,1,0
0.00247694,-0.124917,0.0538113,-0.220112,4.29591,-50432,-1,1.0165e-09,1,0
0.00247791,-0.125033,0.054998,-0.220049,4.29415,-50459,-1,1.19408e-09,1,0
0.00247875,-0.124838,0.0542958,-0.219338,4.2945,-50363.2,-1,8.89552e-10,1,0
0.00247981,-0.124722,0.0541951,-0.218093,4.29455,-50295.1,-1,8.3557e-10,1,0
0.00247994,-0.12471,0.0542284,-0.217931,4.29455,-50287.6,-1,8.3557e-10,1,0
0.00248115,-0.125086,0.0543774,-0.217212,4.29297,-50414.7,-1,5.06992e-10,1,0
0.00248187,-0.124819,0.0550637,-0.217704,4.2928,-50292.4,-1,8.85974e-10,1,0
0.00248221,-0.125091,0.0552416,-0.217863,4.2935,-50395.1,-1,3.85101e-10,1,0
0.00248309,-0.124999,0.0543048,-0.217345,4.29579,-50340.2,-1,1.10688e-09,1,0
0.00248339,-0.124925,0.0541731,-0.217666,4.29534,-50304.3,-1,2.05714e-10,1,0
0.00248399,-0.125239,0.0543665,-0.217084,4.29525,-50418.6,-1,3.71067e-10,1,0
0.00248508,-0.126156,0.0544301,-0.216103,4.2952,-50765.4,-1,3.71067e-10,1,0
0.00248571,-0.126574,0.0546254,-0.215506,4.29547,-50920.5,-1,3.26234e-12,1,0
0.00248624,-0.126841,0.054329,-0.215575,4.29812,-51017.2,-1,2.74462e-11,1,0
0.00248711,-0.12737,0.0546503,-0.214695,4.29784,-51212,-1,1.07547e-09,1,0
0.0024877,-0.127485,0.0541843,-0.214807,4.29713,-51246,-1,1.27249e-10,1,0
0.00248882,-0.128396,0.0534671,-0.214807,4.29643,-51589.1,-1,6.11741e-10,1,0
0.00249056,-0.129157,0.052918,-0.214884,4.29414,-51858.6,-1,9.99478e-10,1,0
0.00249118,-0.129183,0.0522827,-0.214985,4.29363,-51856,-1,1.79764e-09,1,0
0.00249159,-0.129036,0.0524186,-0.214674,4.29551,-51788.6,-1,3.1185e-10,1,0
0.00249256,-0.12845,0.0530291,-0.215433,4.29984,-51533.1,-1,3.12891e-10,1,0
0.00249288,-0.12852,0.052959,-0.215417,4.30028,-51554.9,-1,2.19316e-10,1,0
0.0024939,-0.127867,0.0525159,-0.21559,4.30274,-51271.8,-1,5.50613e-10,1,0
0.00249457,-0.127786,0.0527595,-0.215122,4.30277,-51225.7,-1,5.74541e-10,1,0
0.00249539,-0.127805,0.0529753,-0.215357,4.30435,-51216.6,-1,4.70938e-10,1,0
0.0024959,-0.128141,0.05328,-0.215385,4.30694,-51340.8,-1,5.03881e-10,1,0
0.00249641,-0.128186,0.0530662,-0.215243,4.3092,-51348.2,-1,3.63215e-10,1,0
0.00249666,-0.12841,0.0529398,-0.215263,4.31185,-51432.6,-1,2.97934e-11,1,0
0.00249736,-0.12802,0.0535996,-0.214889,4.3128,-51262.3,-1,8.52681e-10,1,0
0.00249811,-0.128168,0.0534298,-0.215769,4.31225,-51306.1,-1,8.31334e-10,1,0
0.00249849,-0.128177,0.0534831,-0.215998,4.31454,-51301.6,-1,2.27748e-10,1,0
0.00249956,-0.128749,0.0543376,-0.21652,4.31665,-51508.5,-1,1.85359e-10,1,0
0.00250004,-0.128864,0.0547142,-0.216857,4.31729,-51544.8,-1,3.42026e-10,1,0
0.00250086,-0.128928,0.0557018,-0.216991,4.31601,-51553.7,-1,1.3603e-11,1,0
0.00250258,-0.128614,0.0566634,-0.21591,4.31664,-51392.5,-1,1.59654e-09,1,0
0.00250353,-0.129529,0.0572885,-0.216282,4.3166,-51738.5,-1,1.59654e-09,1,0
0.00250409,-0.13007,0.0576583,-0.216503,4.31657,-51943.1,-1,1.59654e-09,1,0
0.00250565,-0.131175,0.0577643,-0.217049,4.31396,-52351.7,-1,6.13761e-10,1,0
0.00250625,-0.130841,0.0575631,-0.217673,4.31398,-52205.8,-1,6.13761e-10,1,0
0.00250683,-0.130661,0.0572898,-0.218171,4.31389,-52121.9,-1,4.05619e-10,1,0
0.00250725,-0.130987,0.0571741,-0.218513,4.31244,-52243.4,-1,1.86091e-10,1,0
0.00250781,-0.130867,0.0575346,-0.21908,4.30908,-52183.8,-1,4.76791e-12,1,0
0.00250819,-0.130981,0.0572684,-0.219132,4.30891,-52221.2,-1,1.28872e-10,1,0
0.00250861,-0.130922,0.0573845,-0.219607,4.30759,-52188.9,-1,4.89926e-10,1,0
0.00250954,-0.131775,0.0571936,-0.219439,4.30657,-52509.7,-1,1.07525e-10,1,0
0.00250998,-0.131643,0.0573449,-0.219027,4.30893,-52447.8,-1,3.94141e-10,1,0
0.00251048,-0.131428,0.0577401,-0.218821,4.30655,-52351.7,-1,4.41867e-10,1,0
0.00251083,-0.131566,0.0578614,-0.21843,4.30594,-52399.3,-1,6.07732e-10,1,0
0.00251119,-0.131631,0.0575434,-0.21851,4.30758,-52417.7,-1,3.79594e-10,1,0
0.00251275,-0.131381,0.058058,-0.217719,4.30635,-52285.9,-1,8.74226e-10,1,0
0.00251332,-0.13128,0.0578948,-0.217045,4.30635,-52233.7,-1,8.74226e-10,1,0
0.00251474,-0.130887,0.0575032,-0.216159,4.30637,-52047.9,-1,3.11855e-09,1,0
0.00251529,-0.130578,0.0573735,-0.21674,4.30624,-51913.9,-1,1.10963e-09,1,0
0.0025163,-0.130972,0.0583014,-0.216013,4.30622,-52049.4,-1,1.10963e-09,1,0
0.00251713,-0.131189,0.0588122,-0.215321,4.30687,-52118.3,-1,2.02647e-09,1,0
0.00251804,-0.131048,0.058476,-0.21427,4.30687,-52043.7,-1,2.02647e-09,1,0
0.00251867,-0.130946,0.0579073,-0.213878,4.30621,-51990.3,-1,1.61776e-09,1,0
0.00252022,-0.130279,0.057332,-0.213375,4.30435,-51693.5,-1,7.55978e-10,1,0
0.00252079,-0.130697,0.0570766,-0.213102,4.30474,-51847.8,-1,2.18703e-10,1,0
0.00252176,-0.131262,0.0575641,-0.212763,4.30381,-52051.9,-1,8.67792e-10,1,0
0.00252227,-0.131289,0.0576039,-0.213374,4.30383,-52052.1,-1,5.472e-10,1,0
0.00252308,-0.130976,0.0579569,-0.21331,4.30406,-51911.1,-1,2.21394e-10,1,0
0.00252339,-0.130854,0.0580533,-0.213297,4.30657,-51856.2,-1,1.43681e-10,1,0
0.00252404,-0.130559,0.0585223,-0.213873,4.30658,-51726.2,-1,1.43681e-10,1,0
0.00252502,-0.130116,0.0592289,-0.214741,4.3066,-51530.6,-1,1.43681e-10,1,0
0.00252555,-0.12979,0.0595691,-0.214379,4.30601,-51390.9,-1,5.90695e-10,1,0
0.00252617,-0.130259,0.0595162,-0.214403,4.30238,-51563.6,-1,4.8692e-10,1,0
0.00252672,-0.130585,0.0593534,-0.214929,4.30255,-51681.5,-1,7.20434e-10,1,0
0.00252794,-0.130232,0.0606261,-0.215659,4.30248,-51516.8,-1,1.54286e-09,1,0
0.00252895,-0.129938,0.0603069,-0.216656,4.30124,-51380,-1,8.82483e-10,1,0
0.00252966,-0.12992,0.0601142,-0.217205,4.29913,-51358.6,-1,3.43581e-10,1,0
0.00253126,-0.130283,0.0594399,-0.218238,4.30019,-51469.4,-1,8.91546e-10,1,0
0.00253142,-0.130405,0.0593408,-0.218248,4.30093,-51514.5,-1,1.17327e-10,1,0
0.00253218,-0.131168,0.0589563,-0.218243,4.30051,-51800.3,-1,2.34155e-10,1,0
0.00253427,-0.131801,0.0576697,-0.218256,4.29959,-52007.4,-1,1.13826e-09,1,0
0.00253491,-0.132121,0.0577052,-0.218418,4.29974,-52120.5,-1,3.07025e-10,1,0
0.00253546,-0.13225,0.0576901,-0.218771,4.30141,-52160.2,-1,1.53293e-10,1,0
0.00253592,-0.132355,0.0579285,-0.218723,4.30458,-52192,-1,3.67413e-10,1,0
0.00253719,-0.131853,0.0575007,-0.217601,4.30249,-51968.2,-1,4.16791e-10,1,0
0.00253775,-0.131681,0.0573426,-0.217048,4.3024,-51889.1,-1,1.68934e-09,1,0
0.00253827,-0.131681,0.0567313,-0.21686,4.3024,-51878.3,-1,5.59539e-12,1,0
0.00253956,-0.13116,0.055733,-0.216845,4.30035,-51646.6,-1,3.54577e-10,1,0
0.0025401,-0.130734,0.0553058,-0.216964,4.30181,-51468,-1,6.31613e-10,1,0
0.00254129,-0.130761,0.0539271,-0.21748,4.30181,-51454.7,-1,6.31613e-10,1,0
0.00254143,-0.130713,0.0540651,-0.217474,4.30282,-51432.7,-1,1.60583e-09,1,0
0.0025422,-0.130419,0.0549628,-0.217417,4.30372,-51301.8,-1,1.1038e-09,1,0
0.00254269,-0.130358,0.0550225,-0.217914,4.29964,-51267.8,-1,3.9658e-10,1,0
0.00254364,-0.130718,0.0557406,-0.217989,4.29773,-51390.2,-1,7.77096e-11,1,0
0.00254468,-0.130282,0.0549391,-0.217482,4.29847,-51197.6,-1,1.69797e-10,1,0
0.00254523,-0.13001,0.0553997,-0.217721,4.29782,-51080,-1,5.57716e-10,1,0
0.0025461,-0.129583,0.0563716,-0.21788,4.29972,-50894.8,-1,1.07339e-09,1,0
0.00254659,-0.129235,0.0565931,-0.217734,4.29855,-50748.3,-1,3.39222e-10,1,0
0.00254771,-0.129505,0.0557472,-0.218141,4.29832,-50832.1,-1,1.00889e-09,1,0
0.00254904,-0.130279,0.0558874,-0.21953,4.2983,-51108.9,-1,7.68075e-10,1,0
0.0025511,-0.131329,0.0556478,-0.221534,4.29832,-51479.4,-1,2.26502e-09,1,0
0.00255151,-0.131547,0.0554582,-0.221606,4.2979,-51556.6,-1,1.33668e-10,1,0
0.00255318,-0.131299,0.0561317,-0.221711,4.29861,-51425.6,-1,6.41365e-10,1,0
0.00255338,-0.131175,0.0560857,-0.221588,4.29763,-51373.1,-1,1.12784e-09,1,0
0.00255507,-0.132106,0.057083,-0.220724,4.29531,-51703.2,-1,7.64729e-10,1,0
0.00255587,-0.132669,0.0573406,-0.221478,4.29562,-51907.7,-1,9.11101e-11,1,0
0.00255612,-0.132741,0.0576336,-0.221503,4.29723,-51930.8,-1,5.41836e-12,1,0
0.00255744,-0.133064,0.0569312,-0.221874,4.2987,-52030.1,-1,4.5585e-11,1,0
0.0025592,-0.13492,0.0562968,-0.221445,4.2978,-52719.4,-1,2.02763e-09,1,0
0.00256002,-0.13458,0.0563125,-0.220819,4.29707,-52570,-1,5.8271e-10,1,0
0.00256052,-0.13456,0.0563831,-0.220364,4.29815,-52552,-1,6.12103e-10,1,0
0.00256228,-0.135129,0.0560867,-0.218297,4.29694,-52737.9,-1,2.58813e-09,1,0
0.00256297,-0.135192,0.0562663,-0.219132,4.29491,-52748,-1,8.56684e-10,1,0
0.00256434,-0.135651,0.0562154,-0.217974,4.29258,-52899,-1,3.79373e-10,1,0
0.00256565,-0.13564,0.0549838,-0.216941,4.29465,-52867.7,-1,1.77338e-09,1,0
0.00256623,-0.135666,0.0551564,-0.217369,4.29678,-52866.1,-1,4.81419e-10,1,0
0.00256773,-0.13719,0.0560898,-0.217305,4.29658,-53428.7,-1,1.98094e-09,1,0
0.00256814,-0.137496,0.056324,-0.217461,4.29537,-53539.1,-1,2.92448e-10,1,0
0.00256914,-0.138285,0.0556432,-0.218075,4.29355,-53825.5,-1,1.84422e-11,1,0
0.00257092,-0.13812,0.0571258,-0.218699,4.29484,-53724,-1,1.79814e-09,1,0
0.002572,-0.139238,0.0574309,-0.21935,4.29479,-54136,-1,1.79814e-09,1,0
0.00257272,-0.139679,0.0575877,-0.219724,4.29501,-54292.5,-1,1.65302e-10,1,0
0.00257326,-0.140263,0.0572758,-0.219629,4.29469,-54507.9,-1,6.68721e-10,1,0
0.00257389,-0.140886,0.0574647,-0.21929,4.29449,-54736.6,-1,2.71069e-10,1,0
0.00257468,-0.141338,0.0566957,-0.218939,4.29525,-54895.5,-1,9.43913e-10,1,0
0.00257554,-0.141897,0.0572258,-0.218752,4.29652,-55094.1,-1,6.50086e-10,1,0
0.00257608,-0.142134,0.0574516,-0.218193,4.29677,-55174.7,-1,7.83131e-10,1,0
0.00257729,-0.142639,0.0566632,-0.217746,4.29453,-55344.6,-1,1.01524e-09,1,0
0.00257991,-0.144655,0.0569362,-0.217059,4.29227,-56069.7,-1,2.0833e-09,1,0
0.00258101,-0.144821,0.0570804,-0.217151,4.29246,-56110.3,-1,6.99051e-11,1,0
0.00258187,-0.144676,0.0580992,-0.217213,4.29181,-56035.1,-1,1.10354e-10,1,0
0.00258222,-0.144908,0.0583431,-0.216952,4.29179,-56117.7,-1,1.10354e-10,1,0
0.00258256,-0.144993,0.058668,-0.216761,4.29137,-56143,-1,2.50517e-10,1,0
0.00258367,-0.1444,0.0583451,-0.215767,4.29104,-55889.6,-1,1.20066e-09,1,0
0.00258504,-0.144318,0.0594946,-0.214792,4.29302,-55828.2,-1,1.1385e-09,1,0
0.00258557,-0.144628,0.0596062,-0.215355,4.29301,-55936.4,-1,1.1385e-09,1,0
0.00258611,-0.144221,0.0596704,-0.215711,4.28974,-55767.7,-1,8.59099e-10,1,0
0.00258768,-0.142966,0.0596742,-0.216915,4.29133,-55248.7,-1,6.22028e-10,1,0
0.00258892,-0.142679,0.0595576,-0.217052,4.2875,-55111.2,-1,6.87646e-10,1,0
0.002589,-0.142727,0.0595269,-0.217108,4.29183,-55128.1,-1,4.98981e-11,1,0
0.00259118,-0.141718,0.0598952,-0.216245,4.29123,-54692.4,-1,1.54209e-09,1,0
0.00259159,-0.142196,0.0597808,-0.216294,4.29077,-54868.2,-1,9.10155e-12,1,0
0.00259211,-0.142614,0.0597317,-0.216698,4.29043,-55018.7,-1,6.80072e-10,1,0
0.00259293,-0.142942,0.0596849,-0.217541,4.29371,-55127.5,-1,1.66154e-10,1,0
0.00259418,-0.144055,0.0586269,-0.217561,4.29365,-55530.2,-1,1.66154e-10,1,0
0.00259461,-0.144068,0.0586788,-0.217577,4.29003,-55525.8,-1,2.81653e-10,1,0
0.00259549,-0.143626,0.0584075,-0.218335,4.29173,-55336.5,-1,3.09498e-10,1,0
0.00259573,-0.143462,0.0584112,-0.218561,4.29444,-55268.6,-1,1.94193e-11,1,0
0.0025971,-0.144307,0.0594102,-0.217772,4.29325,-55564.6,-1,1.54189e-09,1,0
0.00259836,-0.144612,0.059976,-0.219147,4.29369,-55655,-1,1.28146e-09,1,0
0.0025993,-0.144464,0.0604827,-0.220141,4.2935,-55578.2,-1,1.47626e-09,1,0
0.0026003,-0.145542,0.0598971,-0.220084,4.2949,-55971,-1,8.77192e-11,1,0
0.0026007,-0.145968,0.0596633,-0.22006,4.29504,-56126.6,-1,1.71979e-09,1,0
0.00260159,-0.145032,0.0593713,-0.220158,4.29148,-55747.5,-1,1.14832e-10,1,0
0.00260308,-0.144134,0.0598497,-0.21871,4.2919,-55370.4,-1,1.56516e-09,1,0
0.0026042,-0.144265,0.0605443,-0.217529,4.29435,-55397.2,-1,1.64706e-09,1,0
0.00260519,-0.144871,0.0597372,-0.217996,4.29269,-55608.5,-1,3.77981e-10,1,0
0.00260633,-0.144111,0.0591198,-0.217214,4.29296,-55292.5,-1,7.15462e-10,1,0
0.00260727,-0.143841,0.0588972,-0.216111,4.29235,-55169.3,-1,1.15701e-09,1,0
0.00260831,-0.143863,0.0583593,-0.215478,4.29289,-55155.5,-1,3.98413e-10,1,0
0.00260955,-0.14331,0.0574668,-0.215448,4.29126,-54917.6,-1,3.19008e-10,1,0
0.00261007,-0.143357,0.0579544,-0.215064,4.29145,-54924.6,-1,4.31316e-11,1,0
0.00261175,-0.143535,0.0596387,-0.213895,4.2917,-54957.3,-1,2.65951e-09,1,0
0.00261324,-0.144592,0.0610242,-0.21446,4.29165,-55330.6,-1,2.65951e-09,1,0
0.00261488,-0.14572,0.0621231,-0.214424,4.29287,-55727.3,-1,9.89978e-10,1,0
0.00261588,-0.144935,0.0622436,-0.215105,4.29222,-55405.7,-1,1.13772e-09,1,0
0.00261666,-0.1447,0.0620257,-0.214878,4.29335,-55299.4,-1,5.1071e-10,1,0
0.00261749,-0.144989,0.0619229,-0.214023,4.29462,-55392.2,-1,4.38708e-10,1,0
0.00261913,-0.144227,0.0606041,-0.213037,4.29473,-55066.8,-1,9.75285e-10,1,0
0.00262022,-0.144333,0.0598427,-0.212321,4.29653,-55084.5,-1,6.79603e-10,1,0
0.002621,-0.145032,0.0599612,-0.212977,4.2983,-55334.8,-1,9.66406e-10,1,0
0.00262209,-0.145189,0.0588227,-0.213395,4.29679,-55371.6,-1,1.12875e-10,1,0
0.00262314,-0.144801,0.0588386,-0.213989,4.29666,-55201.6,-1,7.73036e-10,1,0
0.00262411,-0.14567,0.0580597,-0.214038,4.29701,-55512.3,-1,2.87654e-11,1,0
0.00262535,-0.146287,0.0571354,-0.213339,4.29894,-55720.9,-1,2.23423e-10,1,0
0.00262656,-0.146755,0.0565523,-0.2121,4.29884,-55873.5,-1,1.22387e-09,1,0
0.00262725,-0.146466,0.057137,-0.211652,4.29997,-55748.7,-1,1.05812e-09,1,0
0.00262787,-0.146586,0.0574833,-0.211457,4.30121,-55781.1,-1,2.28465e-10,1,0
0.00262904,-0.1474,0.058105,-0.211753,4.30231,-56066.2,-1,3.95578e-10,1,0
0.00263012,-0.147687,0.0590571,-0.212235,4.30199,-56152.1,-1,4.25198e-10,1,0
0.00263117,-0.147979,0.0587902,-0.213464,4.30252,-56240.9,-1,2.16484e-10,1,0
0.00263279,-0.146423,0.058175,-0.213079,4.30412,-55615.4,-1,8.21737e-10,1,0
0.00263374,-0.145857,0.0579158,-0.21238,4.30496,-55380.1,-1,1.46781e-09,1,0
0.00263428,-0.145685,0.0577594,-0.212596,4.30711,-55303.6,-1,2.31074e-10,1,0
0.00263595,-0.144128,0.058062,-0.211992,4.30599,-54677.8,-1,9.95878e-10,1,0
0.00263749,-0.142816,0.0587827,-0.211203,4.30451,-54148.4,-1,3.52628e-10,1,0
0.00263807,-0.142229,0.0590286,-0.210875,4.30448,-53914.1,-1,2.26413e-09,1,0
0.00263919,-0.141143,0.0591108,-0.210652,4.30588,-53479.8,-1,1.01701e-09,1,0
0.00264003,-0.140986,0.059739,-0.210203,4.30509,-53403.3,-1,6.56056e-10,1,0
0.00264177,-0.140886,0.0615387,-0.209032,4.30336,-53330,-1,3.02226e-09,1,0
0.00264266,-0.141454,0.0620672,-0.20957,4.30115,-53527.3,-1,7.78859e-10,1,0
0.00264406,-0.14108,0.0618459,-0.210507,4.30311,-53357.2,-1,1.19587e-09,1,0
0.0026448,-0.141696,0.0614665,-0.210108,4.30141,-53575.4,-1,1.27835e-10,1,0
0.00264528,-0.141835,0.0616651,-0.210289,4.30242,-53618.1,-1,9.28839e-12,1,0
0.00264559,-0.141984,0.0614697,-0.21043,4.30397,-53668.1,-1,1.8449e-10,1,0
0.00264671,-0.142287,0.0623035,-0.210101,4.30167,-53760,-1,5.52374e-10,1,0
0.00264699,-0.142296,0.0626008,-0.20991,4.30167,-53757.4,-1,5.52374e-10,1,0
0.00264742,-0.142336,0.0625008,-0.209821,4.30452,-53764.1,-1,1.38681e-10,1,0
0.00264833,-0.142137,0.062278,-0.210182,4.30574,-53670.6,-1,1.20254e-10,1,0
0.00264938,-0.141739,0.0630592,-0.209342,4.30778,-53499.1,-1,5.92274e-11,1,0
0.00265,-0.141249,0.0631395,-0.209366,4.30731,-53301.7,-1,5.71348e-10,1,0
0.00265111,-0.140699,0.0640278,-0.210251,4.30734,-53071.7,-1,5.71348e-10,1,0
0.0026526,-0.13996,0.0652196,-0.21144,4.3079,-52763.3,-1,3.20807e-09,1,0
0.002653,-0.140301,0.0654871,-0.211219,4.30744,-52884.1,-1,4.86593e-10,1,0
0.00265349,-0.140168,0.0657705,-0.211532,4.30471,-52823.9,-1,2.00505e-10,1,0
0.00265458,-0.141054,0.0662119,-0.211855,4.30683,-53136.3,-1,7.45002e-10,1,0
0.00265513,-0.140928,0.066638,-0.211703,4.30724,-53077.7,-1,1.28096e-10,1,0
0.00265624,-0.140955,0.067861,-0.211179,4.30627,-53065.7,-1,7.7055e-10,1,0
0.0026581,-0.141117,0.0686552,-0.210614,4.30773,-53089.4,-1,1.13848e-09,1,0
0.00265919,-0.14078,0.0680268,-0.210176,4.30677,-52940.9,-1,4.04794e-10,1,0
0.00266052,-0.139786,0.0690279,-0.210446,4.30486,-52540.8,-1,1.2993e-11,1,0
0.00266145,-0.139749,0.069813,-0.211099,4.30446,-52508.5,-1,6.62135e-11,1,0
0.0026616,-0.139667,0.0696908,-0.211056,4.30256,-52474.8,-1,1.51402e-10,1,0
0.00266199,-0.139569,0.0695362,-0.210724,4.30391,-52430.4,-1,2.45057e-10,1,0
0.00266294,-0.139336,0.0702566,-0.211569,4.30463,-52324.3,-1,6.43593e-10,1,0
0.00266375,-0.13969,0.0705281,-0.211742,4.30381,-52441,-1,3.22365e-10,1,0
0.00266407,-0.139971,0.0702488,-0.211734,4.3038,-52540.2,-1,3.22365e-10,1,0
0.00266426,-0.140136,0.0700847,-0.211729,4.3022,-52598.6,-1,6.29477e-10,1,0
0.00266537,-0.140842,0.0699267,-0.212891,4.30216,-52841.3,-1,6.29477e-10,1,0
0.00266697,-0.141732,0.0692576,-0.21235,4.3057,-53143.4,-1,4.14957e-10,1,0
0.00266806,-0.14252,0.0695687,-0.212307,4.30416,-53417.2,-1,8.21681e-10,1,0
0.00266951,-0.142756,0.0705751,-0.210852,4.30416,-53476.6,-1,1.78498e-09,1,0
0.00267017,-0.14255,0.0712247,-0.210411,4.30417,-53386.2,-1,1.78498e-09,1,0
0.0026706,-0.142449,0.0716751,-0.210175,4.30278,-53339.5,-1,1.18332e-10,1,0
0.00267121,-0.142369,0.0710148,-0.209829,4.30278,-53297.4,-1,1.18332e-10,1,0
0.00267278,-0.14179,0.0696626,-0.210674,4.30176,-53049.4,-1,1.13852e-09,1,0
0.00267302,-0.141956,0.0695195,-0.21054,4.29886,-53106.8,-1,1.11315e-10,1,0
0.00267373,-0.141874,0.0686761,-0.210723,4.29703,-53062.3,-1,8.66703e-10,1,0
0.00267458,-0.141406,0.0694715,-0.210966,4.29746,-52870.2,-1,1.90736e-10,1,0
0.00267524,-0.141392,0.0695354,-0.210878,4.29516,-52852.3,-1,4.11495e-10,1,0
0.00267658,-0.141483,0.0704351,-0.210612,4.29636,-52859.7,-1,8.03188e-10,1,0
0.00267702,-0.141229,0.0705244,-0.21081,4.29735,-52756,-1,3.81835e-10,1,0
0.00267819,-0.141724,0.0695786,-0.209959,4.29822,-52917.6,-1,1.13851e-09,1,0
0.00267885,-0.141384,0.0696882,-0.209228,4.29824,-52777.7,-1,1.13851e-09,1,0
0.00268008,-0.141884,0.0694006,-0.209496,4.29557,-52940.2,-1,1.28244e-09,1,0
0.00268065,-0.14193,0.0692848,-0.209392,4.29652,-52946.3,-1,1.37086e-09,1,0
0.00268194,-0.141323,0.0690661,-0.20823,4.29725,-52694.3,-1,1.74703e-09,1,0
0.0026824,-0.141444,0.0686354,-0.208565,4.29914,-52730.5,-1,5.14928e-10,1,0
0.00268329,-0.140485,0.0682286,-0.208891,4.29919,-52355.4,-1,5.14928e-10,1,0
0.00268414,-0.13956,0.067826,-0.209014,4.30001,-51994.3,-1,1.77463e-09,1,0
0.00268525,-0.140512,0.068316,-0.209359,4.2998,-52327.4,-1,1.24552e-09,1,0
0.00268606,-0.140999,0.0688458,-0.208691,4.29931,-52492.8,-1,4.49373e-11,1,0
0.00268725,-0.141462,0.069531,-0.20779,4.29879,-52642,-1,2.20641e-09,1,0
0.00268782,-0.140859,0.0698221,-0.207668,4.29929,-52406.5,-1,4.8276e-10,1,0
0.00268807,-0.140824,0.069733,-0.207704,4.30101,-52388.5,-1,1.83307e-10,1,0
0.00268819,-0.140925,0.0696269,-0.207671,4.30101,-52423.7,-1,1.83307e-10,1,0
0.00268938,-0.14193,0.0693098,-0.207807,4.3026,-52774.1,-1,2.36111e-10,1,0
0.00269152,-0.140283,0.0700609,-0.20689,4.30172,-52120.4,-1,2.27676e-09,1,0
0.00269206,-0.140298,0.0700281,-0.207429,4.30069,-52115.5,-1,1.02731e-10,1,0
0.00269258,-0.140347,0.069681,-0.206922,4.30116,-52123.7,-1,6.20874e-10,1,0
0.0026933,-0.139486,0.0695889,-0.206828,4.30132,-51790,-1,9.76017e-11,1,0
0.00269454,-0.138085,0.0693789,-0.20642,4.30107,-51246.4,-1,4.90513e-10,1,0
0.00269579,-0.138172,0.06898,-0.205266,4.29881,-51254.8,-1,3.67648e-10,1,0
0.00269739,-0.138619,0.06863,-0.203676,4.29816,-51390,-1,4.12436e-10,1,0
0.00269839,-0.137656,0.0686405,-0.202897,4.30067,-51014.1,-1,1.23845e-09,1,0
0.00269879,-0.137342,0.0685844,-0.203271,4.30069,-50890.3,-1,1.23845e-09,1,0
0.00269913,-0.137081,0.0685325,-0.203591,4.30012,-50787.2,-1,9.00429e-10,1,0
0.0027001,-0.136674,0.0688886,-0.204027,4.29888,-50618.2,-1,7.24443e-10,1,0
0.0027017,-0.137069,0.0698056,-0.203729,4.29558,-50734.2,-1,8.75433e-10,1,0
0.00270297,-0.13604,0.0689734,-0.204342,4.29558,-50329.8,-1,1.2488e-09,1,0
0.00270413,-0.135262,0.0689947,-0.205538,4.29562,-50020.5,-1,1.2488e-09,1,0
0.00270539,-0.134423,0.0690177,-0.206829,4.29566,-49687,-1,1.2488e-09,1,0
0.00270661,-0.133992,0.0691157,-0.207971,4.29686,-49505.6,-1,2.75361e-10,1,0
0.00270712,-0.133798,0.0693944,-0.207991,4.29666,-49424.3,-1,1.28689e-10,1,0
0.00270756,-0.133703,0.0696596,-0.207839,4.2934,-49381.2,-1,2.09764e-10,1,0
0.00270803,-0.13345,0.0698149,-0.20833,4.29342,-49279.3,-1,2.09764e-10,1,0
0.0027087,-0.133088,0.0700374,-0.209033,4.29403,-49133.4,-1,1.39539e-09,1,0
0.00270926,-0.133767,0.0699131,-0.20899,4.29331,-49373.9,-1,6.92084e-10,1,0
0.00271023,-0.133857,0.0692009,-0.209157,4.29172,-49389.5,-1,1.07468e-10,1,0
0.00271139,-0.133854,0.0697682,-0.207846,4.29126,-49367.3,-1,1.42874e-09,1,0
0.00271243,-0.133358,0.0707303,-0.20852,4.29134,-49165.6,-1,1.27505e-09,1,0
0.00271312,-0.132999,0.0713788,-0.208117,4.29123,-49020.6,-1,8.44022e-10,1,0
0.00271386,-0.132438,0.072068,-0.207931,4.29125,-48800.8,-1,8.44022e-10,1,0
0.00271444,-0.131992,0.072617,-0.207783,4.29128,-48625.8,-1,8.44022e-10,1,0
0.00271495,-0.131611,0.0730851,-0.207656,4.29074,-48476.6,-1,2.24686e-09,1,0
0.00271538,-0.131877,0.0729351,-0.208056,4.29288,-48566.8,-1,2.14926e-11,1,0
0.00271642,-0.132414,0.0725123,-0.209013,4.29101,-48745.7,-1,1.71162e-09,1,0
0.0027166,-0.132454,0.0724638,-0.209024,4.2924,-48757.2,-1,1.68021e-10,1,0
0.0027167,-0.132459,0.0724055,-0.209031,4.29521,-48757.4,-1,3.09382e-11,1,0
0.00271717,-0.132323,0.0723172,-0.209245,4.29658,-48698.7,-1,3.75659e-11,1,0
0.00271891,-0.131936,0.0720824,-0.209248,4.29399,-48525.1,-1,2.36623e-10,1,0
0.00271951,-0.132376,0.0723429,-0.208718,4.29521,-48676.4,-1,1.5028e-09,1,0
0.00272117,-0.132693,0.0712507,-0.210406,4.2952,-48763.3,-1,1.5028e-09,1,0
0.00272186,-0.132793,0.0708221,-0.210697,4.29393,-48787.7,-1,2.64583e-09,1,0
0.00272368,-0.131441,0.0704531,-0.209276,4.29466,-48258.8,-1,1.10063e-09,1,0
0.00272391,-0.131356,0.070419,-0.209549,4.29466,-48223.5,-1,1.10063e-09,1,0
0.00272437,-0.130972,0.0701032,-0.209703,4.29535,-48074,-1,3.90024e-10,1,0
0.00272475,-0.131072,0.0701291,-0.209579,4.29452,-48104.1,-1,2.9894e-10,1,0
0.00272495,-0.131083,0.0702929,-0.209554,4.29262,-48104.9,-1,6.3823e-11,1,0
0.00272547,-0.130672,0.0699743,-0.209627,4.29441,-47944.5,-1,5.03252e-11,1,0
0.0027262,-0.131202,0.0700809,-0.210336,4.29438,-48126.2,-1,5.03252e-11,1,0
0.00272731,-0.131942,0.0704644,-0.210342,4.29313,-48378.1,-1,1.56214e-09,1,0
0.00272895,-0.131577,0.0716797,-0.210055,4.29164,-48215.2,-1,1.51872e-09,1,0
0.00272965,-0.13098,0.0722346,-0.210249,4.29129,-47984,-1,1.90576e-09,1,0
0.00273031,-0.130668,0.0719102,-0.209686,4.29202,-47858.3,-1,2.02256e-12,1,0
0.00273069,-0.131055,0.0719482,-0.209717,4.29251,-47993.5,-1,6.55353e-11,1,0
0.00273153,-0.132081,0.071855,-0.209729,4.29246,-48354.3,-1,6.55353e-11,1,0
0.0027327,-0.133106,0.0725131,-0.209685,4.29228,-48708.6,-1,2.02292e-09,1,0
0.00273436,-0.134108,0.0742808,-0.20956,4.29511,-49045.6,-1,2.8586e-09,1,0
0.00273591,-0.133022,0.0757964,-0.209731,4.293,-48620.8,-1,1.85661e-09,1,0
0.0027361,-0.132874,0.0756258,-0.209716,4.29829,-48563.2,-1,5.04954e-11,1,0
0.0027368,-0.132586,0.0763814,-0.210032,4.2983,-48445.6,-1,5.04954e-11,1,0
0.00273804,-0.1325,0.0771232,-0.210533,4.29859,-48392.4,-1,2.00156e-09,1,0
0.00273982,-0.134223,0.0769095,-0.210825,4.29925,-48989.9,-1,9.07958e-10,1,0
0.00274053,-0.133545,0.0766826,-0.211005,4.29732,-48729.7,-1,5.03933e-10,1,0
0.00274121,-0.133688,0.0770955,-0.210886,4.29431,-48769.8,-1,2.99698e-10,1,0
0.00274158,-0.133562,0.077392,-0.211191,4.29552,-48717,-1,5.95452e-10,1,0
0.00274322,-0.132881,0.0786162,-0.212634,4.29555,-48439.9,-1,5.95452e-10,1,0
0.00274544,-0.131957,0.0802793,-0.214595,4.2956,-48064.1,-1,5.95452e-10,1,0
0.0027465,-0.131516,0.0810727,-0.21553,4.29828,-47885,-1,6.44829e-09,1,0
0.00274832,-0.130082,0.0825987,-0.216236,4.29913,-47331.3,-1,2.55779e-11,1,0
0.00274846,-0.129974,0.0827131,-0.216291,4.29914,-47289.9,-1,2.55779e-11,1,0
0.00275029,-0.128571,0.0842133,-0.216412,4.29996,-46748.2,-1,7.17019e-10,1,0
0.00275112,-0.128738,0.08373,-0.217249,4.30052,-46794.6,-1,9.08679e-10,1,0
0.00275303,-0.129454,0.0839626,-0.218916,4.30064,-47022.2,-1,1.18661e-09,1,0
0.0027549,-0.129494,0.0847878,-0.218307,4.30131,-47005.1,-1,1.05795e-09,1,0
0.00275598,-0.129038,0.0844168,-0.218106,4.30114,-46821,-1,9.45794e-10,1,0
0.0027567,-0.129707,0.0843813,-0.218543,4.30131,-47051.7,-1,6.15408e-11,1,0
0.0027575,-0.128808,0.0847,-0.218776,4.30202,-46711.8,-1,1.50939e-10,1,0
0.00275856,-0.128724,0.0858329,-0.218127,4.30203,-46663.4,-1,1.50939e-10,1,0
0.00276064,-0.12856,0.0880448,-0.216859,4.30335,-46569,-1,3.86275e-09,1,0
0.00276185,-0.129715,0.0873968,-0.216169,4.30329,-46966.7,-1,3.86275e-09,1,0
0.00276299,-0.130128,0.0868179,-0.21565,4.30768,-47096.8,-1,3.97161e-10,1,0
0.00276378,-0.130031,0.086675,-0.215305,4.30319,-47048.1,-1,3.84319e-10,1,0
0.00276451,-0.129685,0.0863808,-0.214535,4.30321,-46910.6,-1,3.84319e-10,1,0
0.0027654,-0.128937,0.086302,-0.214091,4.30313,-46625.3,-1,2.14571e-10,1,0
0.0027665,-0.129134,0.0863373,-0.214615,4.30234,-46677.9,-1,7.9462e-10,1,0
0.00276704,-0.129171,0.0865285,-0.21431,4.30176,-46682.2,-1,4.94648e-11,1,0
0.00276753,-0.129368,0.0861214,-0.214365,4.30236,-46744.8,-1,1.19839e-10,1,0
0.00276841,-0.12881,0.0854501,-0.213898,4.30186,-46528.5,-1,4.97277e-10,1,0
0.00276899,-0.128785,0.0857211,-0.213614,4.30015,-46509.8,-1,4.66828e-10,1,0
0.00276994,-0.1286,0.0861666,-0.213298,4.29734,-46427.1,-1,5.70879e-10,1,0
0.0027708,-0.127657,0.0858976,-0.212945,4.29798,-46072.3,-1,7.50299e-10,1,0
0.00277157,-0.127647,0.0857318,-0.212014,4.29673,-46055.7,-1,9.45287e-10,1,0
0.00277212,-0.127354,0.0852218,-0.211697,4.29686,-45940.9,-1,6.68481e-10,1,0
0.00277281,-0.127889,0.0846931,-0.211805,4.29867,-46122.5,-1,6.94604e-10,1,0
0.00277435,-0.127481,0.0846155,-0.21366,4.2985,-45949.7,-1,1.90073e-09,1,0
0.00277533,-0.12811,0.0840765,-0.213324,4.30143,-46160.2,-1,1.25541e-11,1,0
0.00277581,-0.12752,0.084046,-0.21333,4.30146,-45939.6,-1,1.25541e-11,1,0
0.00277612,-0.127357,0.0840537,-0.213052,4.30016,-45875.9,-1,2.8824e-10,1,0
0.00277688,-0.12753,0.0833627,-0.213095,4.29793,-45925.7,-1,1.32138e-10,1,0
0.00277857,-0.125491,0.083377,-0.213507,4.29754,-45163.8,-1,2.08045e-09,1,0
0.00277897,-0.12596,0.0832495,-0.213424,4.29787,-45326.2,-1,4.93295e-10,1,0
0.00277986,-0.125782,0.082815,-0.214192,4.29731,-45247.5,-1,5.99559e-10,1,0
0.00278103,-0.125867,0.0831306,-0.215507,4.29715,-45259.2,-1,1.75964e-09,1,0
0.00278161,-0.126262,0.0830424,-0.215165,4.29809,-45391.6,-1,3.13897e-10,1,0
0.00278328,-0.127571,0.0822858,-0.213779,4.2987,-45834.6,-1,2.62769e-09,1,0
0.00278398,-0.127456,0.082327,-0.213165,4.29766,-45782,-1,8.89236e-11,1,0
0.00278452,-0.126914,0.0823432,-0.212797,4.29938,-45578.5,-1,8.81716e-10,1,0
0.00278643,-0.128012,0.0805931,-0.213279,4.29943,-45941.2,-1,2.31927e-10,1,0
0.00278685,-0.128328,0.0802979,-0.213361,4.29987,-46047.7,-1,2.51196e-09,1,0
0.0027885,-0.128639,0.0813569,-0.213573,4.29756,-46132,-1,9.33933e-10,1,0
0.00278929,-0.128299,0.0804992,-0.213527,4.29773,-45996.9,-1,3.50671e-10,1,0
0.0027899,-0.128816,0.0805748,-0.21407,4.2985,-46172.4,-1,7.53748e-10,1,0
0.00279107,-0.130115,0.0808443,-0.214629,4.29828,-46618.4,-1,1.43954e-09,1,0
0.00279193,-0.130029,0.0810039,-0.214052,4.29928,-46573.1,-1,3.21469e-10,1,0
0.00279224,-0.13014,0.0811053,-0.214051,4.3002,-46607.8,-1,1.62149e-10,1,0
0.00279249,-0.130189,0.0810624,-0.21429,4.30044,-46621,-1,1.609e-10,1,0
0.00279272,-0.130322,0.0808551,-0.214309,4.30114,-46664.7,-1,8.12628e-11,1,0
0.0027946,-0.130262,0.0797861,-0.214914,4.29882,-46612.2,-1,1.44629e-09,1,0
0.00279625,-0.129037,0.081308,-0.215482,4.29888,-46146.6,-1,1.44629e-09,1,0
0.00279664,-0.12868,0.0814603,-0.215449,4.29817,-46012.4,-1,2.32708e-10,1,0
0.00279713,-0.128561,0.0819115,-0.215806,4.29933,-45961.8,-1,5.59089e-10,1,0
0.00279817,-0.128379,0.0824676,-0.214726,4.29797,-45879.7,-1,5.32332e-11,1,0
0.00279931,-0.12748,0.0824491,-0.214543,4.301,-45539.7,-1,8.57805e-10,1,0
0.00280013,-0.128404,0.0820734,-0.214402,4.30035,-45856.3,-1,1.00742e-09,1,0
0.00280154,-0.128805,0.0812215,-0.213627,4.30175,-45976.4,-1,1.43208e-09,1,0
0.00280217,-0.128855,0.0817318,-0.213383,4.30146,-45984,-1,2.92363e-10,1,0
0.00280404,-0.127424,0.0830746,-0.2146,4.30153,-45443,-1,2.92363e-10,1,0
0.00280536,-0.127925,0.0837383,-0.214816,4.30288,-45600.4,-1,2.96932e-09,1,0
0.00280601,-0.127907,0.0834766,-0.21501,4.30047,-45583.1,-1,1.94961e-10,1,0
0.00280743,-0.127349,0.0843077,-0.213575,4.3005,-45361.3,-1,1.94961e-10,1,0
0.00280854,-0.127701,0.0834459,-0.212896,4.30095,-45468.7,-1,3.00223e-11,1,0
0.00280916,-0.127985,0.0828197,-0.212556,4.3028,-45560,-1,1.90575e-09,1,0
0.00280961,-0.127938,0.0829981,-0.21276,4.29781,-45536,-1,3.13256e-10,1,0
0.00281049,-0.128471,0.082353,-0.213033,4.29733,-45711.2,-1,3.28591e-10,1,0
0.00281089,-0.128341,0.0821213,-0.212788,4.30018,-45658.6,-1,9.03362e-11,1,0
0.00281202,-0.128751,0.0822879,-0.211781,4.30032,-45785.8,-1,1.13858e-09,1,0
0.00281275,-0.128553,0.0821457,-0.211903,4.30065,-45703.6,-1,4.19621e-11,1,0
0.00281318,-0.128134,0.0820564,-0.212201,4.30195,-45547.7,-1,5.0122e-10,1,0
0.0028139,-0.128166,0.0829152,-0.211953,4.30129,-45547.3,-1,8.94669e-10,1,0
0.00281429,-0.127876,0.0826492,-0.211856,4.3009,-45438.1,-1,2.21436e-10,1,0
0.00281653,-0.125755,0.0818854,-0.210278,4.301,-44648.8,-1,2.21436e-10,1,0
0.00281688,-0.12542,0.0817615,-0.210026,4.30084,-44524.2,-1,3.43835e-09,1,0
0.00281727,-0.125227,0.0814775,-0.209688,4.30085,-44449.8,-1,3.43835e-09,1,0
0.00281875,-0.125122,0.0809576,-0.208488,4.30428,-44389.2,-1,5.5329e-10,1,0
0.0028195,-0.124646,0.0808154,-0.20844,4.30172,-44208.5,-1,4.8101e-10,1,0
0.00282051,-0.123617,0.0802896,-0.208916,4.30094,-43828,-1,1.39637e-09,1,0
0.00282237,-0.121833,0.0815475,-0.209614,4.30103,-43166.7,-1,1.39637e-09,1,0
0.00282305,-0.121249,0.0815008,-0.20979,4.29913,-42949.8,-1,1.76835e-10,1,0
0.00282339,-0.12143,0.0814396,-0.209602,4.30245,-43008.7,-1,5.88796e-10,1,0
0.00282416,-0.121725,0.0812995,-0.20888,4.30272,-43101.3,-1,8.00034e-11,1,0
0.00282501,-0.121303,0.0812744,-0.208185,4.29786,-42939,-1,1.51584e-10,1,0
0.00282583,-0.121029,0.0815502,-0.207637,4.29996,-42829.7,-1,5.14965e-10,1,0
0.00282656,-0.121496,0.0813852,-0.206991,4.29855,-42983.7,-1,8.22957e-10,1,0
0.00282733,-0.122143,0.0813692,-0.207472,4.29171,-43200.7,-1,7.22325e-10,1,0
0.00282787,-0.122193,0.081961,-0.207189,4.2917,-43210.1,-1,7.22325e-10,1,0
0.00282883,-0.122282,0.0830208,-0.206684,4.2917,-43227,-1,7.22325e-10,1,0
0.00282959,-0.121947,0.0826483,-0.206226,4.29148,-43097.1,-1,7.47078e-10,1,0
0.00283006,-0.121969,0.0821568,-0.206535,4.2921,-43097.7,-1,3.2121e-10,1,0
0.00283024,-0.121861,0.0821854,-0.206597,4.29069,-43056.8,-1,8.28264e-11,1,0
0.00283142,-0.122048,0.0823725,-0.207687,4.28884,-43105,-1,4.09019e-10,1,0
0.00283262,-0.121871,0.0821071,-0.208457,4.28772,-43024.3,-1,1.79378e-09,1,0
0.00283376,-0.120729,0.081401,-0.208585,4.28521,-42603.8,-1,2.72348e-10,1,0
0.0028353,-0.119234,0.0813874,-0.209481,4.28601,-42053.5,-1,1.58235e-09,1,0
0.0028357,-0.119339,0.0816431,-0.209757,4.28614,-42084.6,-1,1.95198e-10,1,0
0.00283645,-0.119204,0.0820842,-0.209585,4.28343,-42025.9,-1,4.04302e-10,1,0
0.00283741,-0.119845,0.082471,-0.20929,4.2815,-42237.6,-1,1.35643e-09,1,0
0.00283792,-0.120222,0.0819984,-0.209317,4.2813,-42362.6,-1,9.16206e-10,1,0
0.00283869,-0.120719,0.0816597,-0.21004,4.28128,-42526.5,-1,9.16206e-10,1,0
0.00283944,-0.121168,0.0817559,-0.210499,4.28003,-42673.3,-1,3.39876e-11,1,0
0.00284077,-0.12185,0.083207,-0.210816,4.28161,-42893.4,-1,1.97441e-09,1,0
0.00284168,-0.12193,0.0822854,-0.211054,4.27924,-42907.6,-1,3.97583e-10,1,0
0.00284256,-0.121106,0.0819612,-0.211374,4.27797,-42604.7,-1,7.15325e-10,1,0
0.0028432,-0.120999,0.081832,-0.211878,4.27545,-42557.3,-1,3.75718e-10,1,0
0.00284432,-0.121124,0.0807808,-0.212248,4.27606,-42584.4,-1,1.22584e-09,1,0
0.00284545,-0.121959,0.0810187,-0.211452,4.27703,-42861,-1,5.15033e-10,1,0
0.00284625,-0.122281,0.0810708,-0.210814,4.27874,-42962.1,-1,5.99922e-10,1,0
0.00284678,-0.122806,0.081291,-0.210989,4.2778,-43138.6,-1,7.55498e-10,1,0
0.00284767,-0.123639,0.0813211,-0.210806,4.27748,-43417.5,-1,4.05081e-10,1,0
0.00284839,-0.123635,0.080447,-0.210868,4.27845,-43405.4,-1,8.76292e-10,1,0
0.00284897,-0.124082,0.0801475,-0.211288,4.27992,-43553.4,-1,6.93432e-10,1,0
0.00284984,-0.124056,0.0811623,-0.21093,4.27962,-43530.9,-1,1.09362e-09,1,0
0.002851,-0.123961,0.0807669,-0.210723,4.28087,-43479.8,-1,5.45788e-10,1,0
0.00285163,-0.123412,0.0810454,-0.210867,4.27929,-43277.7,-1,6.16578e-10,1,0
0.00285237,-0.122626,0.0815073,-0.210965,4.27933,-42990.7,-1,6.16578e-10,1,0
0.00285371,-0.121694,0.0825552,-0.211397,4.27805,-42644.2,-1,6.39323e-10,1,0
0.00285505,-0.121606,0.0828523,-0.21249,4.27701,-42593.4,-1,7.47143e-10,1,0
0.0028556,-0.121523,0.0827622,-0.212161,4.27517,-42556,-1,3.14218e-10,1,0
0.00285615,-0.121629,0.0825254,-0.21187,4.27563,-42585.1,-1,3.81305e-10,1,0
0.0028565,-0.121593,0.0822311,-0.211714,4.27354,-42567.3,-1,4.25287e-10,1,0
0.0028581,-0.12307,0.0818825,-0.211033,4.2738,-43060.2,-1,1.84572e-09,1,0
0.0028584,-0.122997,0.0817512,-0.211365,4.27335,-43030,-1,3.10675e-10,1,0
0.00286003,-0.122584,0.0812229,-0.213242,4.27459,-42861.2,-1,2.27539e-09,1,0
0.00286057,-0.122358,0.0817271,-0.213602,4.27434,-42774.1,-1,6.59483e-10,1,0
0.00286175,-0.121493,0.0826076,-0.213613,4.2737,-42454.2,-1,1.16174e-09,1,0
0.0028623,-0.121851,0.0830121,-0.213789,4.2733,-42571,-1,3.5634e-10,1,0
0.00286295,-0.122402,0.0828289,-0.214296,4.2736,-42754,-1,1.16988e-10,1,0
0.00286424,-0.123321,0.0827762,-0.215579,4.2731,-43055.4,-1,1.57839e-09,1,0
0.0028649,-0.123071,0.0826602,-0.215297,4.27008,-42958.3,-1,4.93323e-10,1,0
0.00286527,-0.122839,0.0822726,-0.215239,4.27072,-42871.7,-1,4.5556e-10,1,0
0.00286638,-0.122981,0.0811567,-0.215369,4.27119,-42904.7,-1,3.02997e-10,1,0
0.00286719,-0.123628,0.0810487,-0.215712,4.26686,-43118.3,-1,1.41401e-10,1,0
0.00286831,-0.124758,0.080884,-0.216472,4.2668,-43495.2,-1,1.41401e-10,1,0
0.00286962,-0.126086,0.0806904,-0.217366,4.26673,-43938.1,-1,1.41401e-10,1,0
0.00287107,-0.127487,0.0805541,-0.218324,4.26358,-44404.1,-1,6.9931e-11,1,0
0.00287214,-0.127884,0.0798589,-0.219024,4.2646,-44525.5,-1,1.7353e-10,1,0
0.00287261,-0.127718,0.0798117,-0.218969,4.26446,-44460.6,-1,1.96009e-10,1,0
0.00287277,-0.127577,0.079732,-0.218998,4.26416,-44409.2,-1,4.81698e-10,1,0
0.00287402,-0.126751,0.0791676,-0.220154,4.2642,-44102.3,-1,4.81698e-10,1,0
0.00287459,-0.126375,0.0789112,-0.22068,4.26422,-43962.9,-1,4.81698e-10,1,0
0.00287562,-0.125691,0.0784437,-0.221637,4.26655,-43709,-1,3.57934e-09,1,0
0.00287673,-0.125556,0.0780797,-0.220561,4.26817,-43645.5,-1,2.19182e-10,1,0
0.0028772,-0.125421,0.0778402,-0.220078,4.27123,-43591.3,-1,1.70859e-09,1,0
0.00287838,-0.126097,0.0781216,-0.220953,4.27355,-43808.4,-1,3.58831e-10,1,0
0.00287914,-0.126642,0.0782968,-0.221642,4.27434,-43986.1,-1,1.37031e-10,1,0
0.00287957,-0.126915,0.0783817,-0.222075,4.27432,-44074.4,-1,1.37031e-10,1,0
0.00288072,-0.127657,0.0786123,-0.223253,4.27429,-44314.2,-1,1.37031e-10,1,0
0.00288186,-0.127531,0.0782848,-0.224128,4.2728,-44252.9,-1,7.21536e-10,1,0
0.00288267,-0.128338,0.0783754,-0.224688,4.27325,-44520.4,-1,9.69479e-10,1,0
0.00288317,-0.128678,0.0779787,-0.225002,4.27323,-44630.6,-1,9.69479e-10,1,0
0.00288358,-0.128769,0.0781674,-0.224634,4.27256,-44656.1,-1,6.84406e-10,1,0
0.00288517,-0.128526,0.0784074,-0.222905,4.27327,-44547.2,-1,1.36857e-09,1,0
0.00288576,-0.12874,0.0783133,-0.222427,4.2708,-44612.2,-1,1.3769e-09,1,0
0.00288739,-0.130552,0.0782315,-0.221672,4.27089,-45214.5,-1,2.16364e-09,1,0
0.00288798,-0.130571,0.0780529,-0.222045,4.27397,-45211.9,-1,4.62312e-10,1,0
0.00288851,-0.13061,0.0783357,-0.221826,4.27202,-45217.1,-1,6.30399e-10,1,0
0.00288985,-0.130766,0.0792426,-0.220697,4.27337,-45250,-1,2.78318e-10,1,0
0.00289021,-0.130597,0.0788679,-0.220553,4.2733,-45186.1,-1,4.35683e-10,1,0
0.00289183,-0.131313,0.0785868,-0.220796,4.27308,-45408.3,-1,8.55779e-10,1,0
0.00289271,-0.130731,0.0780136,-0.220149,4.27322,-45193.3,-1,2.03636e-10,1,0
0.00289384,-0.130006,0.0780601,-0.220599,4.27314,-44925.1,-1,7.00421e-10,1,0
0.00289468,-0.129746,0.0779134,-0.221507,4.2712,-44822.1,-1,3.62087e-11,1,0
0.00289549,-0.129215,0.0775121,-0.222234,4.27182,-44626.3,-1,1.26707e-09,1,0
0.00289587,-0.129516,0.0771561,-0.222195,4.2717,-44724.3,-1,4.6773e-10,1,0
0.00289609,-0.129605,0.0769636,-0.222372,4.27276,-44751.8,-1,2.76474e-10,1,0
0.00289693,-0.129198,0.0771188,-0.222987,4.27224,-44598.3,-1,5.55854e-10,1,0
0.00289829,-0.129996,0.0773179,-0.223976,4.27112,-44852.7,-1,1.26206e-09,1,0
0.00289886,-0.129764,0.0775309,-0.224596,4.26963,-44763.9,-1,6.95628e-10,1,0
0.00289961,-0.130085,0.0776042,-0.224925,4.27075,-44863.1,-1,2.4954e-10,1,0
0.00290054,-0.130905,0.0771253,-0.225148,4.27257,-45131.2,-1,6.12914e-10,1,0
0.00290085,-0.130767,0.0773857,-0.225036,4.27516,-45078.9,-1,3.37585e-10,1,0
0.00290204,-0.132093,0.076938,-0.224979,4.27422,-45517.2,-1,1.38808e-10,1,0
0.00290278,-0.132783,0.076661,-0.225115,4.27755,-45743.4,-1,1.26587e-10,1,0
0.00290409,-0.13213,0.0757959,-0.225468,4.27776,-45497.9,-1,3.22397e-10,1,0
0.00290561,-0.132714,0.074555,-0.226232,4.28021,-45675,-1,1.19831e-09,1,0
0.00290701,-0.132609,0.0759624,-0.227212,4.28022,-45616.9,-1,1.19831e-09,1,0
0.00290772,-0.132493,0.0766309,-0.227714,4.27972,-45566.1,-1,2.48644e-09,1,0
0.00290961,-0.131008,0.077652,-0.227752,4.28046,-45025.9,-1,2.43958e-10,1,0
0.00291022,-0.130554,0.0779688,-0.22724,4.28048,-44860.4,-1,2.43958e-10,1,0
0.00291056,-0.130304,0.0779184,-0.22702,4.28028,-44769.3,-1,1.96985e-10,1,0
0.00291142,-0.129762,0.0782108,-0.226166,4.2803,-44570.1,-1,1.96985e-10,1,0
0.0029118,-0.129521,0.0783409,-0.225786,4.28032,-44481.5,-1,1.96985e-10,1,0
0.00291234,-0.129107,0.0784924,-0.225338,4.27954,-44330.9,-1,1.25451e-10,1,0
0.00291335,-0.128011,0.0785518,-0.22514,4.28144,-43939.5,-1,1.0431e-10,1,0
0.00291489,-0.127164,0.0795137,-0.224695,4.2814,-43625.6,-1,7.12211e-10,1,0
0.00291644,-0.126533,0.0797224,-0.224812,4.28103,-43386.1,-1,1.13858e-09,1,0
0.00291749,-0.127529,0.0789417,-0.22502,4.28007,-43712,-1,1.437e-09,1,0
0.00291798,-0.127239,0.0784386,-0.224908,4.27966,-43605.3,-1,2.1841e-11,1,0
0.00291883,-0.126739,0.0785323,-0.224162,4.28146,-43421,-1,5.99518e-10,1,0
0.00291977,-0.127575,0.0788417,-0.223653,4.28198,-43693.5,-1,7.29632e-11,1,0
0.00292097,-0.128156,0.0787546,-0.222294,4.28195,-43874.5,-1,7.29632e-11,1,0
0.00292267,-0.128972,0.0786325,-0.220386,4.28191,-44128.2,-1,7.29632e-11,1,0
0.00292291,-0.129091,0.0786147,-0.220108,4.28009,-44165.3,-1,4.14995e-09,1,0
0.00292387,-0.128294,0.0793694,-0.219887,4.28024,-43878.2,-1,6.51026e-10,1,0
0.00292412,-0.128016,0.0794896,-0.219852,4.28025,-43779.4,-1,6.51026e-10,1,0
0.00292473,-0.127908,0.0797752,-0.220254,4.27952,-43733.2,-1,1.09152e-09,1,0
0.00292615,-0.128708,0.0804524,-0.221616,4.27734,-43985.6,-1,1.13845e-09,1,0
0.00292678,-0.128698,0.0797992,-0.222041,4.27734,-43972.5,-1,1.13845e-09,1,0
0.002928,-0.129471,0.079817,-0.221469,4.28193,-44218.4,-1,1.1388e-09,1,0
0.00292841,-0.129218,0.0800482,-0.221325,4.28292,-44125.8,-1,2.35728e-10,1,0
0.00292882,-0.129501,0.0802448,-0.220943,4.28332,-44216.1,-1,5.13875e-10,1,0
0.00292949,-0.128811,0.0798889,-0.221098,4.28129,-43970.4,-1,7.53959e-10,1,0
0.00293019,-0.128861,0.0793841,-0.221791,4.28276,-43977.1,-1,8.58442e-10,1,0
0.00293113,-0.128758,0.078713,-0.221218,4.28085,-43927.7,-1,5.96895e-10,1,0
0.00293193,-0.129021,0.0781388,-0.220933,4.27881,-44005.5,-1,2.68766e-10,1,0
0.00293334,-0.128305,0.0791771,-0.221465,4.27911,-43740.1,-1,1.45055e-09,1,0
0.00293458,-0.127641,0.0779022,-0.221719,4.28052,-43495.4,-1,8.91589e-11,1,0
0.00293571,-0.127264,0.0765774,-0.221881,4.28209,-43350.3,-1,2.18581e-09,1,0
0.00293737,-0.128681,0.0762179,-0.22109,4.27954,-43808.4,-1,1.73727e-09,1,0
0.00293805,-0.128359,0.0758061,-0.221284,4.27881,-43688.6,-1,6.18322e-10,1,0
0.00293906,-0.127814,0.0751494,-0.221816,4.28285,-43488,-1,3.34218e-10,1,0
0.00293944,-0.128141,0.0754647,-0.221936,4.28284,-43593.7,-1,3.34218e-10,1,0
0.00294104,-0.129509,0.0767824,-0.222437,4.28277,-44035.2,-1,3.34218e-10,1,0
0.00294194,-0.12992,0.0764132,-0.221761,4.28142,-44161.4,-1,2.61805e-09,1,0
0.00294216,-0.129863,0.0763113,-0.221692,4.28156,-44138.5,-1,7.34411e-11,1,0
0.00294264,-0.130044,0.0766064,-0.221806,4.28051,-44193,-1,4.14323e-10,1,0
0.00294376,-0.128816,0.0771347,-0.222142,4.28155,-43759.1,-1,1.55539e-09,1,0
0.00294492,-0.127872,0.0765369,-0.222056,4.28207,-43421.2,-1,2.52445e-10,1,0
0.00294527,-0.127953,0.0768113,-0.221756,4.28246,-43443.5,-1,3.06333e-10,1,0
0.00294544,-0.127981,0.0770112,-0.221805,4.28213,-43450.6,-1,6.46481e-12,1,0
0.0029463,-0.127906,0.0779308,-0.221746,4.28283,-43412.5,-1,2.70412e-10,1,0
0.00294775,-0.127331,0.0772567,-0.220202,4.28388,-43196,-1,1.78036e-09,1,0
0.00294822,-0.127888,0.0773824,-0.22017,4.28378,-43377.9,-1,1.15754e-10,1,0
0.00294856,-0.128086,0.0775833,-0.22013,4.28319,-43440.2,-1,4.45435e-11,1,0
0.00294985,-0.127016,0.0765409,-0.220503,4.2816,-43058.3,-1,3.715e-11,1,0
0.00295032,-0.126938,0.0759797,-0.220593,4.28342,-43025.2,-1,5.51995e-10,1,0
0.00295207,-0.125835,0.0764845,-0.219211,4.27936,-42625.8,-1,2.34527e-10,1,0
0.00295303,-0.125191,0.076937,-0.219158,4.28013,-42394,-1,3.17066e-10,1,0
0.00295352,-0.125395,0.0771936,-0.219519,4.27971,-42456,-1,4.64881e-10,1,0
0.00295444,-0.125264,0.077126,-0.218483,4.27867,-42398.5,-1,1.07486e-09,1,0
0.00295533,-0.126074,0.0770017,-0.21879,4.27781,-42660.1,-1,5.76415e-10,1,0
0.00295672,-0.127598,0.076364,-0.219236,4.27746,-43155.2,-1,2.06008e-09,1,0
0.00295723,-0.127308,0.0765429,-0.218715,4.27748,-43049.7,-1,2.06008e-09,1,0
0.00295802,-0.126772,0.0767357,-0.218122,4.27577,-42857.1,-1,1.41868e-09,1,0
0.00295933,-0.126147,0.0765136,-0.218502,4.27704,-42626.8,-1,4.37501e-10,1,0
0.00295997,-0.126141,0.0757843,-0.218377,4.27793,-42615.6,-1,2.30373e-10,1,0
0.00296109,-0.126328,0.0755885,-0.217029,4.27665,-42662.8,-1,1.37487e-09,1,0
0.00296298,-0.128344,0.0749826,-0.217217,4.27639,-43315.8,-1,9.34244e-10,1,0
0.00296434,-0.129881,0.0747965,-0.217858,4.27631,-43814.3,-1,9.34244e-10,1,0
0.00296579,-0.129558,0.0748506,-0.217763,4.27317,-43684.4,-1,9.91685e-10,1,0
0.00296628,-0.130051,0.0750219,-0.217448,4.27315,-43843,-1,9.91685e-10,1,0
0.00296739,-0.130579,0.0753472,-0.216392,4.2746,-44004.7,-1,7.67515e-10,1,0
0.00296869,-0.129359,0.0754435,-0.216408,4.27389,-43574.4,-1,6.86338e-10,1,0
0.00296924,-0.128764,0.0753187,-0.216254,4.27412,-43366,-1,2.40019e-11,1,0
0.00297035,-0.127517,0.0753732,-0.216414,4.27625,-42929.9,-1,7.27081e-10,1,0
0.00297069,-0.127848,0.0752357,-0.216514,4.2757,-43036.4,-1,3.93262e-10,1,0
0.00297091,-0.127715,0.0754389,-0.216424,4.27794,-42988.4,-1,2.79426e-10,1,0
0.00297245,-0.126111,0.0756471,-0.217412,4.27802,-42426.6,-1,2.79426e-10,1,0
0.00297318,-0.125625,0.0761405,-0.217254,4.27794,-42252.7,-1,5.50296e-11,1,0
0.00297418,-0.124837,0.0766601,-0.216749,4.27534,-41973.5,-1,3.63349e-10,1,0
0.0029754,-0.125015,0.0774988,-0.217662,4.27136,-42016.3,-1,4.41102e-10,1,0
0.00297625,-0.125196,0.0780813,-0.218234,4.26922,-42065.2,-1,2.84137e-10,1,0
0.00297693,-0.125339,0.0776973,-0.217594,4.269,-42103.4,-1,5.08161e-10,1,0
0.00297742,-0.125018,0.0775816,-0.217313,4.27227,-41988.6,-1,3.81746e-10,1,0
0.00297868,-0.125367,0.0779272,-0.217881,4.27162,-42088.1,-1,6.69331e-10,1,0
0.00298007,-0.125307,0.0791155,-0.218597,4.27168,-42048.3,-1,1.03938e-09,1,0
0.00298163,-0.126024,0.0781746,-0.218989,4.26968,-42266.9,-1,3.31368e-10,1,0
0.00298289,-0.126827,0.0786647,-0.220186,4.2691,-42518.4,-1,6.14509e-11,1,0
0.00298361,-0.126997,0.0786043,-0.220847,4.27074,-42564.9,-1,2.01497e-10,1,0
0.00298431,-0.126823,0.0787872,-0.221128,4.26955,-42496.6,-1,4.12005e-10,1,0
0.0029846,-0.1267,0.0789758,-0.221083,4.27007,-42451.2,-1,3.82353e-10,1,0
0.00298495,-0.126518,0.0792975,-0.221296,4.27008,-42385.2,-1,3.82353e-10,1,0
0.00298635,-0.126278,0.0782236,-0.222063,4.26972,-42285.1,-1,9.0986e-10,1,0
0.00298741,-0.126171,0.0770621,-0.222628,4.26973,-42234.2,-1,9.0986e-10,1,0
0.00298793,-0.126239,0.0764916,-0.222816,4.26958,-42249.8,-1,3.15095e-09,1,0
0.00298831,-0.12631,0.076332,-0.222996,4.27402,-42268,-1,2.19421e-10,1,0
0.00298996,-0.127887,0.0772457,-0.222456,4.27531,-42772.1,-1,8.85711e-10,1,0
0.00299109,-0.129215,0.0775485,-0.222191,4.27524,-43200,-1,8.85711e-10,1,0
0.00299254,-0.130924,0.077938,-0.221851,4.27516,-43749.9,-1,4.31138e-09,1,0
0.00299323,-0.13075,0.0784463,-0.222278,4.27772,-43681.8,-1,1.35498e-10,1,0
0.00299416,-0.130308,0.0793353,-0.222836,4.27774,-43520.9,-1,1.35498e-10,1,0
0.00299597,-0.129445,0.0810741,-0.223926,4.27755,-43206.4,-1,4.07023e-09,1,0
0.00299673,-0.12987,0.0808543,-0.223868,4.27751,-43337.1,-1,2.27172e-10,1,0
0.00299699,-0.129899,0.0809993,-0.223611,4.27715,-43343.2,-1,2.86282e-10,1,0
0.00299846,-0.130225,0.0819386,-0.223136,4.27882,-43430.7,-1,6.71921e-10,1,0
0.00299951,-0.129449,0.081861,-0.222916,4.28042,-43156.9,-1,5.39692e-10,1,0
0.0030005,-0.128854,0.08217,-0.222345,4.28349,-42944.2,-1,6.85331e-10,1,0
0.00300197,-0.128719,0.0818068,-0.220611,4.28395,-42878.3,-1,2.24079e-09,1,0
0.00300321,-0.128527,0.0805165,-0.219816,4.28369,-42796.5,-1,1.62696e-09,1,0
0.00300435,-0.128761,0.0792338,-0.220318,4.2848,-42858.2,-1,1.39728e-09,1,0
0.00300521,-0.128915,0.0786666,-0.220947,4.28357,-42897.4,-1,8.85063e-10,1,0
0.00300538,-0.128785,0.0788065,-0.221036,4.28063,-42851.4,-1,8.15197e-12,1,0
0.00300612,-0.129406,0.0784483,-0.221429,4.28192,-43047.6,-1,5.19998e-10,1,0
0.0030066,-0.129776,0.0782446,-0.221636,4.28206,-43163.6,-1,7.78761e-11,1,0
0.00300691,-0.129557,0.0780261,-0.221865,4.28207,-43086.4,-1,7.78761e-11,1,0
0.00300721,-0.129552,0.0778284,-0.221981,4.27925,-43080.3,-1,6.19614e-11,1,0
0.00300836,-0.129923,0.0787425,-0.22196,4.2804,-43187.2,-1,9.0036e-11,1,0
0.00300957,-0.130558,0.0800707,-0.221824,4.28289,-43381,-1,9.50115e-10,1,0
0.00301109,-0.131236,0.0791698,-0.22227,4.27829,-43584.1,-1,3.61176e-10,1,0
0.0030115,-0.131526,0.0790381,-0.222633,4.28116,-43674.5,-1,4.9511e-10,1,0
0.00301236,-0.131548,0.0789505,-0.221832,4.28269,-43669.2,-1,8.28341e-11,1,0
0.003013,-0.13202,0.0791161,-0.221556,4.28392,-43816.9,-1,3.38145e-10,1,0
0.00301456,-0.132858,0.0789523,-0.220341,4.28196,-44071.9,-1,1.02972e-09,1,0
0.00301493,-0.132755,0.0792657,-0.220083,4.28137,-44032.5,-1,1.49466e-10,1,0
0.00301587,-0.133195,0.0802115,-0.220562,4.28083,-44164.6,-1,1.08269e-09,1,0
0.00301639,-0.133562,0.0805288,-0.220766,4.28108,-44278.8,-1,1.20857e-10,1,0
0.00301696,-0.133543,0.0809937,-0.220295,4.28078,-44264.1,-1,4.10888e-10,1,0
0.00301804,-0.134049,0.0799533,-0.220939,4.28506,-44415.9,-1,1.32377e-09,1,0
0.00301859,-0.133581,0.0802212,-0.220712,4.2868,-44252.9,-1,1.74496e-10,1,0
0.00301946,-0.133799,0.0809268,-0.221241,4.28697,-44312.4,-1,9.0045e-10,1,0
0.00302015,-0.133701,0.0806413,-0.221451,4.28624,-44269.8,-1,2.74707e-10,1,0
0.00302128,-0.133544,0.0817626,-0.221707,4.28474,-44201.2,-1,1.43808e-10,1,0
0.00302181,-0.133019,0.0821441,-0.221685,4.28476,-44019.7,-1,1.43808e-10,1,0
0.00302246,-0.132369,0.0826163,-0.221658,4.28337,-43795.1,-1,1.45338e-09,1,0
0.00302321,-0.132568,0.0831289,-0.221069,4.2884,-43850,-1,7.03108e-11,1,0
0.00302388,-0.132861,0.0825144,-0.220704,4.28796,-43937.3,-1,3.69198e-11,1,0
0.00302441,-0.132999,0.0827278,-0.22017,4.29115,-43975.3,-1,4.09994e-11,1,0
0.00302547,-0.133416,0.0829352,-0.218979,4.29092,-44097.8,-1,1.24644e-09,1,0
0.00302657,-0.134305,0.0827061,-0.218043,4.29025,-44375.2,-1,1.06135e-09,1,0
0.00302697,-0.134688,0.0826143,-0.217775,4.29036,-44496,-1,1.42825e-09,1,0
0.00302774,-0.135304,0.0828296,-0.218161,4.29129,-44688,-1,6.34317e-10,1,0
0.00302838,-0.135471,0.0827205,-0.218925,4.29128,-44733.8,-1,6.34317e-10,1,0
0.00302941,-0.135739,0.0825462,-0.220146,4.29106,-44807,-1,2.3908e-09,1,0
0.00303063,-0.136359,0.0820537,-0.221415,4.29103,-44993.7,-1,2.3908e-09,1,0
0.0030322,-0.137511,0.0812355,-0.221408,4.29308,-45350.3,-1,6.71809e-11,1,0
0.00303295,-0.137158,0.0814949,-0.221776,4.29055,-45222.7,-1,4.61586e-10,1,0
0.00303322,-0.137252,0.0816287,-0.221658,4.29332,-45249.4,-1,7.04296e-11,1,0
0.00303389,-0.136772,0.0816391,-0.22222,4.2926,-45081.2,-1,7.03278e-10,1,0
0.00303426,-0.136372,0.0814765,-0.2221,4.29465,-44944,-1,5.686e-10,1,0
0.003035,-0.137194,0.0818808,-0.222141,4.29483,-45204,-1,9.17522e-10,1,0
0.00303549,-0.137255,0.0813235,-0.222321,4.29613,-45216.7,-1,3.89388e-11,1,0
0.00303605,-0.136875,0.0815682,-0.221812,4.29881,-45083.1,-1,7.16969e-12,1,0
0.00303665,-0.137247,0.0810689,-0.221982,4.30095,-45197,-1,6.73333e-10,1,0
0.0030378,-0.136672,0.0800746,-0.222612,4.30099,-44990.3,-1,2.24772e-10,1,0
0.00304036,-0.13565,0.0779185,-0.222151,4.29963,-44616.4,-1,8.75932e-10,1,0
0.0030409,-0.13529,0.0777231,-0.222218,4.30084,-44490.1,-1,1.91593e-10,1,0
0.00304153,-0.135038,0.0782198,-0.222371,4.29851,-44398,-1,5.21103e-10,1,0
0.00304281,-0.134264,0.077705,-0.221885,4.3007,-44125,-1,1.15971e-09,1,0
0.0030433,-0.133782,0.0775234,-0.22158,4.30032,-43959.6,-1,5.10515e-12,1,0
0.00304384,-0.133638,0.07789,-0.221044,4.30033,-43904.5,-1,5.10515e-12,1,0
0.00304567,-0.13315,0.0791339,-0.219227,4.30035,-43717.9,-1,5.10515e-12,1,0
0.00304657,-0.132911,0.0797429,-0.218337,4.30036,-43626.5,-1,5.10515e-12,1,0
0.00304814,-0.132908,0.080371,-0.216658,4.30121,-43603.1,-1,5.16357e-09,1,0
0.0030488,-0.132675,0.0801821,-0.216006,4.30217,-43517,-1,3.76527e-11,1,0
0.00304932,-0.13309,0.0799897,-0.216437,4.30088,-43645.8,-1,2.56586e-12,1,0
0.00305052,-0.132172,0.0795107,-0.216614,4.30069,-43327.6,-1,4.26822e-10,1,0
0.00305143,-0.131242,0.0789314,-0.216648,4.3002,-43009.9,-1,7.11425e-10,1,0
0.00305284,-0.131538,0.078691,-0.217572,4.30596,-43087,-1,9.27912e-10,1,0
0.00305333,-0.131298,0.0782531,-0.217563,4.30385,-43001.4,-1,1.79438e-10,1,0
0.00305385,-0.130983,0.0779256,-0.217423,4.30558,-42891.2,-1,5.26616e-10,1,0
0.00305471,-0.132003,0.0776306,-0.217297,4.30703,-43213,-1,1.17461e-09,1,0
0.00305543,-0.13214,0.0780081,-0.216516,4.30686,-43247.8,-1,8.77741e-10,1,0
0.00305669,-0.130699,0.0782207,-0.216026,4.30953,-42758.2,-1,1.20072e-09,1,0
0.00305715,-0.130693,0.078445,-0.21561,4.30795,-42749.9,-1,5.82128e-11,1,0
0.00305782,-0.130727,0.0786817,-0.214894,4.30995,-42751.8,-1,1.12638e-09,1,0
0.00305856,-0.131216,0.0784692,-0.214158,4.30992,-42901.4,-1,1.12638e-09,1,0
0.00305947,-0.13182,0.0782069,-0.21325,4.30972,-43086.1,-1,2.23003e-09,1,0
0.00306053,-0.131875,0.0781443,-0.211944,4.30971,-43088.9,-1,2.23003e-09,1,0
0.00306183,-0.131821,0.0781285,-0.210398,4.30989,-43052.9,-1,1.69383e-10,1,0
0.0030628,-0.13231,0.0778248,-0.209734,4.30812,-43199.2,-1,5.13258e-10,1,0
0.0030634,-0.132088,0.077912,-0.209506,4.30642,-43118.2,-1,6.87228e-10,1,0
0.00306486,-0.131813,0.0777147,-0.208464,4.30847,-43007.7,-1,1.07672e-09,1,0
0.00306607,-0.131694,0.0769195,-0.207766,4.31006,-42952.1,-1,8.39958e-10,1,0
0.00306633,-0.131512,0.0771136,-0.207628,4.30827,-42889.2,-1,2.42203e-10,1,0
0.00306748,-0.131811,0.0775754,-0.206454,4.30795,-42970.4,-1,1.24165e-10,1,0
0.0030692,-0.130917,0.0793183,-0.206933,4.30848,-42655.2,-1,1.89917e-09,1,0
0.00306977,-0.130766,0.0798339,-0.206497,4.30892,-42598.1,-1,5.83516e-10,1,0
0.0030708,-0.130595,0.0798996,-0.207194,4.30954,-42528.1,-1,4.53523e-10,1,0
0.00307217,-0.130614,0.0810914,-0.206073,4.30935,-42515.2,-1,1.20316e-09,1,0
0.00307326,-0.13061,0.0822606,-0.205808,4.30804,-42499,-1,1.67973e-09,1,0
0.00307382,-0.130809,0.0824907,-0.206424,4.30805,-42555.9,-1,8.40638e-10,1,0
0.00307463,-0.13009,0.0820998,-0.206983,4.30784,-42310.6,-1,9.39334e-10,1,0
0.00307569,-0.129132,0.0815834,-0.206963,4.30812,-41984.7,-1,4.76329e-10,1,0
0.00307619,-0.128964,0.0811808,-0.20707,4.30753,-41923.3,-1,1.25929e-09,1,0
0.00307718,-0.128903,0.0810629,-0.207962,4.3078,-41890,-1,8.40882e-10,1,0
0.00307787,-0.128448,0.0811236,-0.208506,4.30565,-41732.7,-1,1.27601e-10,1,0
0.00307884,-0.129297,0.0802878,-0.208492,4.30561,-41995.4,-1,1.27601e-10,1,0
0.00307958,-0.12995,0.0796448,-0.208482,4.30452,-42197.4,-1,2.18383e-09,1,0
0.00308032,-0.130673,0.079334,-0.208805,4.30438,-42422,-1,2.09083e-10,1,0
0.00308091,-0.130724,0.0790386,-0.208882,4.30304,-42430.3,-1,3.23247e-10,1,0
0.00308139,-0.130383,0.0795166,-0.208932,4.30305,-42313,-1,3.23247e-10,1,0
0.0030821,-0.130004,0.0796893,-0.209146,4.30265,-42180.2,-1,1.14321e-09,1,0
0.00308285,-0.129816,0.0789533,-0.209499,4.301,-42109,-1,1.15511e-09,1,0
0.0030834,-0.129503,0.0786538,-0.208978,4.29957,-42000.1,-1,7.64351e-10,1,0
0.00308485,-0.130528,0.0776593,-0.20966,4.30023,-42312.7,-1,1.38042e-09,1,0
0.00308508,-0.130531,0.0779388,-0.209644,4.29998,-42310.3,-1,4.12022e-10,1,0
0.00308622,-0.13081,0.0786359,-0.209414,4.30201,-42385.3,-1,1.25273e-09,1,0
0.00308727,-0.130084,0.0793721,-0.209088,4.30693,-42135.8,-1,1.17442e-09,1,0
0.0030875,-0.130112,0.0792662,-0.209358,4.30563,-42141.4,-1,2.91751e-10,1,0
0.00308818,-0.129708,0.0796928,-0.209141,4.30554,-42001.4,-1,4.252e-10,1,0
0.00308863,-0.129448,0.0800527,-0.209464,4.30362,-41911.2,-1,5.49143e-10,1,0
0.00308902,-0.129465,0.0800154,-0.209021,4.29873,-41911.3,-1,8.45391e-11,1,0
0.00308972,-0.130086,0.0805962,-0.208943,4.2987,-42102.8,-1,8.45391e-11,1,0
0.00308977,-0.130052,0.0806183,-0.208984,4.29815,-42091,-1,8.65402e-10,1,0
0.00309026,-0.129879,0.0809719,-0.209386,4.29947,-42028.5,-1,4.33069e-10,1,0
0.00309066,-0.129766,0.0813747,-0.209618,4.29962,-41986.5,-1,2.09538e-10,1,0
0.00309197,-0.129089,0.0807663,-0.210189,4.29829,-41749.7,-1,1.16883e-09,1,0
0.00309347,-0.13023,0.0817517,-0.209212,4.29732,-42098.3,-1,6.59151e-10,1,0
0.00309498,-0.130143,0.0815031,-0.209435,4.29553,-42049.8,-1,1.95961e-09,1,0
0.00309535,-0.12989,0.0812679,-0.209732,4.29554,-41963,-1,1.95961e-09,1,0
0.00309636,-0.130582,0.0815545,-0.209488,4.29609,-42172.8,-1,4.60873e-11,1,0
0.00309709,-0.131137,0.0818124,-0.209109,4.29642,-42342.1,-1,1.73574e-09,1,0
0.00309778,-0.130585,0.0816653,-0.208475,4.29645,-42154.4,-1,1.73574e-09,1,0
0.00309836,-0.130651,0.081863,-0.208348,4.28871,-42167.9,-1,3.18212e-10,1,0
0.00309921,-0.12978,0.0815546,-0.207855,4.28638,-41875.3,-1,1.04722e-09,1,0
0.00309989,-0.130038,0.0823242,-0.207661,4.2849,-41949.4,-1,8.34358e-10,1,0
0.00310079,-0.130618,0.0822366,-0.208472,4.28444,-42124.2,-1,1.25621e-10,1,0
0.00310114,-0.130254,0.0822726,-0.20826,4.28573,-42002,-1,4.23038e-10,1,0
0.00310239,-0.129958,0.0813418,-0.207127,4.28622,-41889.6,-1,1.44607e-09,1,0
0.00310262,-0.129979,0.0812718,-0.206854,4.28633,-41893.3,-1,2.82152e-10,1,0
0.00310324,-0.129714,0.0807954,-0.2064,4.28597,-41799.6,-1,5.03736e-11,1,0
0.00310467,-0.128571,0.0809802,-0.20652,4.28647,-41412.3,-1,1.02389e-09,1,0
0.00310559,-0.12921,0.0803706,-0.205805,4.28644,-41605.5,-1,1.02389e-09,1,0
0.0031065,-0.129969,0.0797993,-0.205503,4.28805,-41837.6,-1,1.80464e-11,1,0
0.00310682,-0.130082,0.0795124,-0.205634,4.28807,-41869.8,-1,6.24098e-10,1,0
0.0031071,-0.129984,0.0793512,-0.205834,4.29152,-41834.5,-1,2.08233e-12,1,0
0.00310849,-0.129267,0.0794043,-0.207102,4.29185,-41585,-1,1.53466e-09,1,0
0.00310867,-0.129376,0.0792826,-0.20725,4.29169,-41617.8,-1,5.36717e-10,1,0
0.00310975,-0.12966,0.078127,-0.20783,4.29167,-41694.7,-1,5.36717e-10,1,0
0.00311098,-0.129985,0.0768041,-0.208494,4.29177,-41782.7,-1,2.84289e-09,1,0
0.00311139,-0.129855,0.0764732,-0.208836,4.29178,-41735.4,-1,2.84289e-09,1,0
0.0031133,-0.129234,0.0748955,-0.210468,4.29265,-41510.2,-1,2.84666e-09,1,0
0.00311378,-0.129342,0.074709,-0.210667,4.29215,-41538.8,-1,4.29197e-10,1,0
0.0031151,-0.127974,0.0750158,-0.209844,4.29231,-41081.7,-1,1.78584e-09,1,0
0.0031158,-0.128141,0.0757028,-0.210327,4.29196,-41126.3,-1,8.56244e-10,1,0
0.0031161,-0.127967,0.0755031,-0.210547,4.29181,-41066.3,-1,1.10579e-10,1,0
0.00311718,-0.127267,0.0746535,-0.211076,4.29048,-40827.8,-1,8.11063e-10,1,0
0.00311802,-0.127187,0.0740836,-0.211256,4.29118,-40790.9,-1,5.51287e-10,1,0
0.00311819,-0.127271,0.0742198,-0.211271,4.28863,-40815.7,-1,1.7291e-10,1,0
0.00311944,-0.12747,0.0748402,-0.210562,4.28621,-40862.9,-1,3.22074e-11,1,0
0.00312028,-0.128098,0.0755962,-0.210509,4.28667,-41053.2,-1,1.40211e-09,1,0
0.00312176,-0.129327,0.0769154,-0.210712,4.28661,-41427.6,-1,1.40211e-09,1,0
0.00312292,-0.128574,0.0773433,-0.210192,4.28656,-41171,-1,2.88802e-09,1,0
0.00312345,-0.128021,0.0774625,-0.209873,4.28658,-40986.9,-1,2.88802e-09,1,0
0.00312397,-0.127575,0.0775523,-0.209822,4.28461,-40837.4,-1,1.81915e-10,1,0
0.00312416,-0.127452,0.0776685,-0.209829,4.28741,-40795.5,-1,1.88527e-11,1,0
0.0031261,-0.128377,0.0762901,-0.21119,4.28872,-41066.4,-1,2.15397e-09,1,0
0.00312675,-0.128448,0.0767418,-0.211764,4.28813,-41080.4,-1,2.77601e-11,1,0
0.00312794,-0.127843,0.0758169,-0.211025,4.28804,-40871.2,-1,1.99703e-10,1,0
0.00312808,-0.127878,0.0756949,-0.211053,4.28852,-40880.7,-1,1.18892e-09,1,0
0.00312885,-0.128382,0.0749998,-0.211465,4.2885,-41031.6,-1,1.18892e-09,1,0
0.00312971,-0.128885,0.0746552,-0.21214,4.28975,-41181.1,-1,4.67741e-10,1,0
0.00313054,-0.129073,0.0745916,-0.212942,4.2893,-41230.4,-1,1.52167e-10,1,0
0.00313208,-0.128277,0.0753849,-0.213227,4.29057,-40956,-1,5.28727e-10,1,0
0.00313368,-0.129793,0.0748051,-0.212109,4.28994,-41418.6,-1,1.97032e-09,1,0
0.00313436,-0.130223,0.0750729,-0.211449,4.28991,-41547,-1,1.97032e-09,1,0
0.003135,-0.130635,0.0752829,-0.210931,4.28821,-41669.9,-1,1.54683e-09,1,0
0.00313559,-0.131095,0.07507,-0.211464,4.28819,-41808.6,-1,1.54683e-09,1,0
0.00313656,-0.132251,0.0749004,-0.211555,4.28992,-42164.2,-1,1.1422e-09,1,0
0.00313736,-0.131877,0.0755151,-0.211392,4.28953,-42034.5,-1,6.92841e-10,1,0
0.00313819,-0.131192,0.0757428,-0.211383,4.28876,-41805,-1,8.14377e-10,1,0
0.00313885,-0.131642,0.0756303,-0.211985,4.28815,-41939.7,-1,4.30925e-10,1,0
0.00313938,-0.131992,0.0753828,-0.212479,4.28813,-42044,-1,4.30925e-10,1,0
0.0031398,-0.131599,0.0756386,-0.212658,4.28824,-41913.2,-1,5.03242e-10,1,0
0.0031405,-0.130977,0.0759896,-0.212423,4.28975,-41705.9,-1,7.0358e-10,1,0
0.00314187,-0.131085,0.0748868,-0.213035,4.2894,-41722,-1,1.44237e-09,1,0
0.00314269,-0.131357,0.0744233,-0.212754,4.29184,-41797.5,-1,7.71833e-10,1,0
0.00314361,-0.130824,0.0751132,-0.21296,4.29208,-41615.8,-1,2.44104e-10,1,0
0.00314444,-0.130736,0.0752681,-0.213103,4.2918,-41576.7,-1,1.39609e-09,1,0
0.00314472,-0.13102,0.0751092,-0.213089,4.29141,-41663.5,-1,7.07501e-11,1,0
0.00314541,-0.131828,0.0750433,-0.212876,4.29137,-41911.3,-1,7.07501e-11,1,0
0.00314649,-0.133022,0.0749519,-0.212599,4.29124,-42276.1,-1,2.22529e-09,1,0
0.00314664,-0.132913,0.0749783,-0.212738,4.29124,-42239.8,-1,2.22529e-09,1,0
0.00314749,-0.132279,0.0751328,-0.213553,4.2935,-42026.7,-1,1.28332e-09,1,0
0.00314834,-0.13288,0.0748337,-0.212749,4.2949,-42206.3,-1,1.04822e-09,1,0
0.0031487,-0.132555,0.0748307,-0.21301,4.29416,-42098.4,-1,3.22181e-10,1,0
0.00315007,-0.133171,0.0745652,-0.214477,4.29421,-42275.5,-1,6.76047e-10,1,0
0.00315108,-0.133882,0.0742447,-0.215445,4.29417,-42487.5,-1,2.25894e-09,1,0
0.00315203,-0.133667,0.0741427,-0.216586,4.29418,-42406.7,-1,2.25894e-09,1,0
0.0031528,-0.133493,0.0740601,-0.217512,4.29419,-42341.1,-1,2.25894e-09,1,0
0.0031539,-0.133156,0.0731817,-0.218406,4.29716,-42219.3,-1,1.13854e-09,1,0
0.00315489,-0.132277,0.072994,-0.217649,4.29571,-41927.5,-1,3.92625e-11,1,0
0.00315602,-0.13107,0.0734229,-0.21721,4.29492,-41530,-1,1.32862e-09,1,0
0.00315667,-0.130364,0.0737154,-0.216991,4.29496,-41298.1,-1,1.32862e-09,1,0
0.0031577,-0.131033,0.0740776,-0.217115,4.29548,-41496.3,-1,2.41885e-10,1,0
0.0031584,-0.130398,0.0741976,-0.216706,4.29512,-41286.1,-1,8.82585e-11,1,0
0.00315868,-0.130553,0.0742201,-0.21681,4.295,-41331.6,-1,1.84314e-10,1,0
0.00315969,-0.130674,0.0747043,-0.217022,4.29448,-41356.7,-1,4.09389e-10,1,0
0.00316065,-0.130162,0.0751794,-0.216319,4.29412,-41182.1,-1,9.89092e-10,1,0
0.00316141,-0.129923,0.0758494,-0.216083,4.29246,-41096.6,-1,6.2355e-10,1,0
0.00316323,-0.128028,0.0753811,-0.217176,4.29256,-40473.9,-1,6.2355e-10,1,0
0.00316375,-0.127479,0.0752455,-0.217492,4.29214,-40293.7,-1,2.88496e-09,1,0
0.00316436,-0.12702,0.0755866,-0.217833,4.28916,-40140.9,-1,7.01222e-10,1,0
0.00316463,-0.127135,0.0754031,-0.217797,4.29014,-40173.6,-1,1.71308e-10,1,0
0.00316564,-0.127857,0.0756342,-0.218038,4.28886,-40389,-1,9.63698e-10,1,0
0.00316607,-0.127787,0.0754256,-0.217623,4.28912,-40361.4,-1,4.29131e-10,1,0
0.00316689,-0.127129,0.0747038,-0.217872,4.28692,-40143.3,-1,1.04954e-09,1,0
0.00316821,-0.125676,0.0754253,-0.217796,4.28844,-39667.9,-1,1.62426e-09,1,0
0.00316964,-0.126732,0.0751323,-0.217619,4.28792,-39983,-1,6.42225e-10,1,0
0.00317098,-0.127556,0.0742618,-0.217156,4.2892,-40226.1,-1,2.56157e-09,1,0
0.00317181,-0.127127,0.0751646,-0.217032,4.2877,-40080.2,-1,1.19778e-09,1,0
0.00317286,-0.12605,0.0757213,-0.217476,4.28776,-39727.6,-1,1.19778e-09,1,0
0.00317379,-0.125416,0.0760939,-0.217584,4.2879,-39516.2,-1,2.2106e-09,1,0
0.00317465,-0.12596,0.0760118,-0.216679,4.2859,-39676.7,-1,1.29779e-09,1,0
0.00317593,-0.125697,0.0767535,-0.215317,4.28758,-39577.9,-1,1.57268e-09,1,0
0.00317633,-0.12616,0.0766761,-0.215263,4.28689,-39718.8,-1,3.41372e-10,1,0
0.00317683,-0.126255,0.076945,-0.215267,4.28356,-39742.5,-1,3.6225e-10,1,0
0.00317733,-0.126592,0.0774292,-0.215438,4.28247,-39842.3,-1,6.14192e-10,1,0
0.00317787,-0.126819,0.077526,-0.216053,4.28142,-39907,-1,6.62385e-10,1,0
0.00317864,-0.126546,0.0776892,-0.215331,4.28183,-39811.4,-1,6.8986e-10,1,0
0.00317965,-0.125885,0.0786662,-0.215526,4.28326,-39590.8,-1,1.25545e-09,1,0
0.00317996,-0.126011,0.0787503,-0.215687,4.28544,-39626.5,-1,9.55353e-11,1,0
0.00318166,-0.127233,0.078215,-0.216783,4.28621,-39989.4,-1,2.95555e-10,1,0
0.00318198,-0.127523,0.0779443,-0.216767,4.286,-40076.5,-1,3.46614e-10,1,0
0.00318309,-0.128354,0.0769049,-0.216464,4.28681,-40323.7,-1,1.41728e-09,1,0
0.00318412,-0.128864,0.0764789,-0.217483,4.28798,-40470.9,-1,3.56403e-11,1,0
0.00318574,-0.130048,0.0766125,-0.215897,4.28906,-40822,-1,1.98412e-09,1,0
0.00318687,-0.128862,0.0767491,-0.215178,4.28911,-40435.4,-1,1.98412e-09,1,0
0.00318808,-0.128642,0.0769699,-0.214474,4.28934,-40351,-1,3.53085e-10,1,0
0.00318896,-0.128812,0.0759559,-0.214739,4.2903,-40393,-1,1.02507e-09,1,0
0.00318933,-0.128991,0.0757648,-0.215106,4.2886,-40444.5,-1,5.06376e-10,1,0
0.00319029,-0.129308,0.0763433,-0.214959,4.28943,-40531.6,-1,7.19577e-10,1,0
0.00319088,-0.129394,0.0759262,-0.214649,4.28989,-40551.1,-1,6.14354e-10,1,0
0.00319163,-0.129031,0.0761808,-0.21467,4.28955,-40428,-1,5.6797e-10,1,0
0.00319219,-0.129009,0.0766189,-0.214648,4.28723,-40413.9,-1,1.12457e-12,1,0
0.00319257,-0.129122,0.0766421,-0.21455,4.28567,-40444.5,-1,2.43497e-10,1,0
0.0031928,-0.129261,0.0767923,-0.214554,4.28432,-40485.3,-1,2.35546e-10,1,0
0.0031944,-0.127356,0.0768291,-0.215033,4.28523,-39868.6,-1,2.00458e-09,1,0
0.00319498,-0.126844,0.0765512,-0.214765,4.28553,-39701.1,-1,2.4081e-10,1,0
0.00319599,-0.125773,0.0759805,-0.21462,4.28632,-39353.4,-1,1.67272e-09,1,0
0.00319668,-0.125813,0.0751511,-0.214752,4.28632,-39357.2,-1,1.67272e-09,1,0
0.0031973,-0.125848,0.074402,-0.214872,4.28632,-39360.7,-1,1.67272e-09,1,0
0.0031989,-0.126524,0.0741442,-0.214219,4.28659,-39552.3,-1,1.14727e-09,1,0
0.00319994,-0.125749,0.0746028,-0.215136,4.28653,-39297.3,-1,5.46719e-11,1,0
0.00320137,-0.124884,0.0752864,-0.215534,4.28805,-39009.4,-1,5.85769e-11,1,0
0.00320247,-0.12423,0.0760082,-0.214908,4.28713,-38792,-1,1.30095e-10,1,0
0.00320341,-0.123706,0.0769658,-0.214542,4.28943,-38616.9,-1,2.06762e-09,1,0
0.00320469,-0.124322,0.0779575,-0.21348,4.2894,-38793.9,-1,2.06762e-09,1,0
0.00320617,-0.125031,0.0790971,-0.212259,4.29045,-38997,-1,3.39268e-09,1,0
0.00320672,-0.124934,0.0794552,-0.212458,4.29404,-38960.1,-1,8.36659e-11,1,0
0.00320773,-0.124,0.0801381,-0.212915,4.29402,-38656.5,-1,1.57203e-09,1,0
0.00320907,-0.12344,0.0808034,-0.21358,4.29406,-38465.9,-1,1.23531e-09,1,0
0.00320929,-0.123399,0.0808361,-0.213555,4.29215,-38450.7,-1,1.42709e-10,1,0
0.00320963,-0.123078,0.080644,-0.21343,4.29156,-38346.6,-1,1.09746e-10,1,0
0.00321021,-0.12262,0.0802778,-0.213202,4.29495,-38196.8,-1,1.35967e-10,1,0
0.00321166,-0.122816,0.0808531,-0.214728,4.29492,-38240.7,-1,1.48356e-09,1,0
0.003212,-0.123096,0.0807535,-0.21487,4.29677,-38323.7,-1,1.03458e-10,1,0
0.00321377,-0.123582,0.0820868,-0.213213,4.29674,-38453.8,-1,1.03458e-10,1,0
0.00321525,-0.123481,0.0821884,-0.212635,4.29487,-38404.8,-1,3.27842e-09,1,0
0.00321593,-0.122932,0.0820562,-0.213142,4.29578,-38225.8,-1,9.43847e-10,1,0
0.00321686,-0.123257,0.081932,-0.213815,4.2983,-38315.9,-1,1.01258e-09,1,0
0.00321709,-0.123346,0.0818409,-0.213831,4.29558,-38340.7,-1,1.08608e-10,1,0
0.00321859,-0.124823,0.0814135,-0.213924,4.29623,-38781.8,-1,1.52393e-09,1,0
0.0032195,-0.125175,0.0813145,-0.212947,4.29618,-38880.2,-1,3.12173e-10,1,0
0.0032206,-0.12558,0.0810508,-0.213335,4.2955,-38992.6,-1,7.57732e-10,1,0
0.00322125,-0.125758,0.0813038,-0.213497,4.29295,-39040.2,-1,5.45003e-10,1,0
0.00322242,-0.125614,0.0818685,-0.212312,4.29387,-38981.4,-1,8.81718e-10,1,0
0.0032234,-0.126723,0.0816383,-0.211918,4.29381,-39313.4,-1,8.81718e-10,1,0
0.00322465,-0.128152,0.0813414,-0.21141,4.29402,-39741.2,-1,2.74372e-09,1,0
0.00322532,-0.127912,0.0811547,-0.211088,4.29507,-39658.8,-1,3.20424e-10,1,0
0.00322647,-0.128564,0.0804685,-0.211471,4.29301,-39846.7,-1,8.50868e-11,1,0
0.00322716,-0.128872,0.0802648,-0.211424,4.29338,-39933.6,-1,5.70097e-10,1,0
0.00322831,-0.129282,0.0797657,-0.210325,4.29463,-40046.3,-1,4.1661e-10,1,0
0.00322988,-0.128198,0.0808985,-0.211434,4.29425,-39691.2,-1,1.92071e-09,1,0
0.00323179,-0.12777,0.0808762,-0.211401,4.29508,-39535.2,-1,1.3391e-09,1,0
0.0032337,-0.126174,0.0803585,-0.211265,4.29716,-39018.5,-1,1.44695e-09,1,0
0.00323379,-0.126084,0.0803303,-0.211233,4.29503,-38989.4,-1,1.99772e-12,1,0
0.00323471,-0.125338,0.0798551,-0.210527,4.29507,-38747.7,-1,1.99772e-12,1,0
0.0032357,-0.124985,0.0795303,-0.210308,4.29034,-38626.9,-1,6.11752e-10,1,0
0.00323782,-0.124146,0.0803245,-0.208691,4.28575,-38342.4,-1,2.2004e-09,1,0
0.00323941,-0.123647,0.0796333,-0.20898,4.28704,-38169.4,-1,1.13821e-09,1,0
0.00324076,-0.124896,0.0786589,-0.209447,4.28698,-38539.1,-1,1.13821e-09,1,0
0.00324232,-0.126234,0.078165,-0.210078,4.29006,-38933.1,-1,4.88498e-10,1,0
0.00324348,-0.126381,0.0772894,-0.210658,4.29098,-38964.6,-1,6.22764e-10,1,0
0.00324447,-0.126828,0.0767109,-0.210776,4.29182,-39090.6,-1,6.4602e-10,1,0
0.00324576,-0.127849,0.077015,-0.209597,4.29177,-39389.6,-1,6.4602e-10,1,0
0.00324705,-0.129007,0.0773582,-0.208744,4.29203,-39730.6,-1,2.72726e-09,1,0
0.00324756,-0.12918,0.0774338,-0.208157,4.29307,-39777.5,-1,4.59845e-10,1,0
0.00324955,-0.128231,0.0781238,-0.206627,4.29198,-39461.1,-1,6.01037e-10,1,0
0.00324993,-0.128254,0.0785903,-0.206587,4.2902,-39463.5,-1,4.68723e-10,1,0
0.00325168,-0.128231,0.0786564,-0.207893,4.29035,-39435.2,-1,1.01738e-09,1,0
0.00325273,-0.128588,0.0782335,-0.208466,4.291,-39532.2,-1,1.75562e-10,1,0
0.00325382,-0.127845,0.0782859,-0.20747,4.2919,-39290.6,-1,1.27371e-09,1,0
0.00325431,-0.128091,0.0780116,-0.207235,4.29162,-39360.2,-1,5.19539e-10,1,0
0.00325554,-0.127807,0.0766143,-0.206732,4.29109,-39258.2,-1,1.51203e-09,1,0
0.00325743,-0.129296,0.0781646,-0.205856,4.28664,-39692.5,-1,2.3212e-09,1,0
0.00325859,-0.12788,0.0782655,-0.205982,4.28672,-39243.9,-1,2.3212e-09,1,0
0.00325872,-0.12774,0.0782262,-0.205997,4.2838,-39199.6,-1,4.36547e-11,1,0
0.00325993,-0.12778,0.0791654,-0.206483,4.27905,-39197.1,-1,1.93497e-10,1,0
0.00326101,-0.127468,0.0789651,-0.207606,4.27972,-39088.4,-1,1.07414e-09,1,0
0.00326204,-0.128194,0.0782283,-0.208096,4.27997,-39298.8,-1,1.84418e-10,1,0
0.00326262,-0.1284,0.0777399,-0.208504,4.27998,-39354.9,-1,1.54285e-09,1,0
0.00326282,-0.128358,0.0776404,-0.208667,4.27824,-39339.5,-1,3.06765e-11,1,0
0.00326448,-0.128072,0.0782365,-0.209014,4.28091,-39232.1,-1,4.681e-10,1,0
0.00326637,-0.127443,0.0791436,-0.20973,4.27896,-39016.8,-1,1.13827e-09,1,0
0.00326717,-0.127439,0.0794184,-0.210648,4.2799,-39005.7,-1,1.86416e-09,1,0
0.00326793,-0.127215,0.0796767,-0.210987,4.27959,-38928.3,-1,4.15892e-10,1,0
0.00326934,-0.126638,0.0793865,-0.211297,4.28121,-38735,-1,2.43185e-10,1,0
0.00327153,-0.126455,0.0781564,-0.213676,4.28172,-38653,-1,2.68444e-09,1,0
0.00327294,-0.127861,0.0786523,-0.214547,4.28165,-39066.3,-1,2.68444e-09,1,0
0.00327322,-0.127815,0.0784386,-0.214456,4.28014,-39048.8,-1,2.84134e-10,1,0
0.00327382,-0.12825,0.0781843,-0.213921,4.28012,-39174.3,-1,2.84134e-10,1,0
0.00327429,-0.128427,0.0783652,-0.213791,4.28158,-39222.8,-1,1.45444e-10,1,0
0.00327457,-0.128472,0.078663,-0.213624,4.28169,-39233.2,-1,6.75143e-10,1,0
0.00327586,-0.128767,0.0793702,-0.212397,4.28122,-39308,-1,1.92357e-10,1,0
0.00327703,-0.128288,0.0800133,-0.213088,4.28137,-39147.5,-1,5.99922e-10,1,0
0.00327828,-0.129562,0.0806885,-0.212581,4.2813,-39521.5,-1,5.99922e-10,1,0
0.00327949,-0.130371,0.0810937,-0.211889,4.28252,-39753.4,-1,2.8747e-09,1,0
0.00328101,-0.129552,0.0803745,-0.210741,4.28128,-39485.3,-1,1.00767e-10,1,0
0.00328256,-0.130566,0.0816928,-0.209819,4.27855,-39775.6,-1,1.90204e-09,1,0
0.0032839,-0.129125,0.0820038,-0.209093,4.27862,-39320.6,-1,1.90204e-09,1,0
0.00328539,-0.127543,0.0822107,-0.208371,4.27862,-38821.1,-1,3.32317e-09,1,0
0.00328695,-0.126217,0.0808506,-0.208606,4.27869,-38399.3,-1,3.32317e-09,1,0
0.00328772,-0.125563,0.0801796,-0.208722,4.27872,-38191.4,-1,3.32317e-09,1,0
0.00328799,-0.125349,0.0799772,-0.208878,4.27868,-38123.3,-1,3.2723e-10,1,0
0.00328865,-0.125311,0.0798797,-0.209412,4.2785,-38104.1,-1,6.27731e-10,1,0
0.00328979,-0.125941,0.0792719,-0.209134,4.27617,-38282.3,-1,3.82377e-10,1,0
0.00329016,-0.126262,0.079363,-0.208873,4.27574,-38375.7,-1,3.51389e-11,1,0
0.0032908,-0.126944,0.0794713,-0.208508,4.27478,-38575.4,-1,2.4366e-10,1,0
0.00329139,-0.126978,0.0793262,-0.208726,4.27356,-38578.7,-1,4.71738e-10,1,0
0.00329203,-0.127225,0.0790219,-0.208225,4.27277,-38646.4,-1,6.29527e-10,1,0
0.00329273,-0.126888,0.0790225,-0.208022,4.27035,-38535.9,-1,2.4202e-10,1,0
0.00329342,-0.126509,0.0791085,-0.208045,4.26645,-38412.6,-1,2.63104e-10,1,0
0.00329513,-0.126251,0.0789226,-0.209098,4.26516,-38314.3,-1,1.65422e-09,1,0
0.00329618,-0.127183,0.0783331,-0.209743,4.26492,-38584.9,-1,2.21733e-09,1,0
0.00329707,-0.127508,0.0772998,-0.20978,4.26491,-38673.3,-1,2.21733e-09,1,0
0.00329819,-0.127344,0.0765725,-0.210369,4.26632,-38610.3,-1,1.80135e-09,1,0
0.00329911,-0.126677,0.0766805,-0.21119,4.27026,-38397.2,-1,3.41868e-10,1,0
0.00329994,-0.127164,0.0767094,-0.210674,4.26869,-38535.1,-1,4.17667e-10,1,0
0.00330059,-0.12736,0.0765582,-0.210915,4.26943,-38587,-1,4.32149e-10,1,0
0.00330078,-0.127416,0.0766285,-0.210966,4.26853,-38601.6,-1,1.5148e-10,1,0
0.00330229,-0.126553,0.0755265,-0.212166,4.26763,-38322.7,-1,1.92502e-09,1,0
0.00330282,-0.1262,0.0754667,-0.2125,4.26902,-38209.6,-1,2.07109e-10,1,0
0.00330407,-0.125543,0.0757119,-0.213843,4.26962,-37996.4,-1,1.41395e-10,1,0
0.00330512,-0.126516,0.0757422,-0.214659,4.269,-38278.8,-1,1.26749e-09,1,0
0.00330596,-0.126689,0.0759134,-0.214467,4.27222,-38321.2,-1,3.8674e-10,1,0
0.00330648,-0.126417,0.0759003,-0.213897,4.27205,-38233.1,-1,4.59743e-11,1,0
0.00330712,-0.12622,0.0757294,-0.213779,4.27047,-38166.1,-1,2.58805e-10,1,0
0.00330804,-0.125328,0.0750753,-0.213569,4.27321,-37885.8,-1,1.12599e-09,1,0
0.00330945,-0.125171,0.075524,-0.21362,4.27441,-37822.3,-1,9.08528e-10,1,0
0.00331021,-0.125496,0.076064,-0.213277,4.27495,-37911.8,-1,6.72486e-11,1,0
0.0033112,-0.124557,0.0757559,-0.213924,4.27446,-37616.9,-1,1.17142e-09,1,0
0.00331197,-0.125071,0.0756748,-0.213224,4.27529,-37763.2,-1,5.34946e-10,1,0
0.00331253,-0.125215,0.0757342,-0.212553,4.27528,-37800.3,-1,5.34946e-10,1,0
0.00331334,-0.125725,0.0759903,-0.213169,4.27358,-37945.1,-1,1.19617e-09,1,0
0.00331369,-0.125557,0.0760946,-0.213359,4.27331,-37890.2,-1,2.68075e-10,1,0
0.00331434,-0.125341,0.0761605,-0.212604,4.27337,-37817.7,-1,8.00628e-10,1,0
0.00331499,-0.124793,0.0758967,-0.21213,4.27347,-37645.1,-1,6.89921e-10,1,0
0.00331641,-0.123422,0.0766194,-0.211707,4.27336,-37215.6,-1,7.13295e-10,1,0
0.00331753,-0.122489,0.0775067,-0.211221,4.27502,-36921.8,-1,2.51456e-09,1,0
0.00331813,-0.123004,0.077626,-0.210714,4.27499,-37070.3,-1,2.51456e-09,1,0
0.0033195,-0.123682,0.0770896,-0.209522,4.27504,-37259.2,-1,1.42792e-09,1,0
0.00332005,-0.123828,0.0772583,-0.210076,4.27253,-37297.1,-1,6.35755e-10,1,0
0.0033212,-0.123148,0.0777698,-0.210713,4.27217,-37079.5,-1,1.21997e-09,1,0
0.00332238,-0.123142,0.0780406,-0.210175,4.27149,-37064.3,-1,5.50833e-10,1,0
0.00332338,-0.122696,0.0769303,-0.210077,4.27276,-36919,-1,3.76587e-10,1,0
0.00332375,-0.123125,0.0767873,-0.21011,4.27357,-37044,-1,4.53552e-10,1,0
0.00332451,-0.123139,0.0762421,-0.210849,4.26961,-37039.7,-1,9.12988e-10,1,0
0.00332595,-0.122947,0.0758415,-0.209576,4.26931,-36966.1,-1,6.12432e-10,1,0
0.0033268,-0.123601,0.0755881,-0.209716,4.27263,-37153.1,-1,8.67007e-10,1,0
0.00332705,-0.123755,0.0755111,-0.209712,4.27026,-37196.5,-1,2.30246e-10,1,0
0.00332836,-0.12377,0.0748566,-0.210524,4.27111,-37186.4,-1,8.69517e-10,1,0
0.00332892,-0.124051,0.0742769,-0.210505,4.27508,-37264.6,-1,5.75439e-10,1,0
0.00332957,-0.123648,0.0740362,-0.210103,4.27605,-37136.2,-1,4.08018e-10,1,0
0.00333079,-0.122991,0.0740678,-0.208791,4.27627,-36925.5,-1,2.68202e-10,1,0
0.00333175,-0.122183,0.0737468,-0.208281,4.27572,-36672.3,-1,4.38361e-10,1,0
0.00333385,-0.120498,0.074397,-0.206727,4.27478,-36143.8,-1,9.53806e-10,1,0
0.00333537,-0.120861,0.0746077,-0.208545,4.27477,-36236.1,-1,9.53806e-10,1,0
0.00333574,-0.120845,0.0746405,-0.208954,4.27507,-36227.3,-1,2.21347e-09,1,0
0.00333652,-0.120073,0.0745786,-0.209489,4.27484,-35987.4,-1,8.24249e-10,1,0
0.00333782,-0.121034,0.0736732,-0.209593,4.27497,-36261.5,-1,4.03649e-10,1,0
0.00333851,-0.120821,0.0733822,-0.209524,4.27385,-36190.2,-1,3.92713e-10,1,0
0.00333959,-0.121645,0.0729325,-0.208656,4.27496,-36425.1,-1,4.53408e-10,1,0
0.00334031,-0.122058,0.0727384,-0.208988,4.27754,-36540.9,-1,5.40343e-10,1,0
0.00334066,-0.121831,0.0725436,-0.209178,4.27517,-36469.1,-1,3.4742e-10,1,0
0.0033411,-0.1218,0.0725498,-0.208671,4.27622,-36455,-1,1.60273e-11,1,0
0.00334227,-0.1217,0.072045,-0.208672,4.2783,-36412.5,-1,8.92863e-10,1,0
0.00334318,-0.121347,0.0730249,-0.208249,4.27832,-36296.9,-1,8.92863e-10,1,0
0.00334384,-0.121093,0.0737304,-0.207945,4.28155,-36213.7,-1,2.30808e-09,1,0
0.00334473,-0.120926,0.0732653,-0.208009,4.2837,-36154.2,-1,4.10117e-10,1,0
0.00334547,-0.121258,0.0740267,-0.208196,4.28215,-36245.4,-1,7.5228e-10,1,0
0.00334619,-0.120952,0.0738204,-0.207586,4.28296,-36146.2,-1,4.28724e-10,1,0
0.00334652,-0.120878,0.0740408,-0.207558,4.2786,-36120.6,-1,2.60643e-10,1,0
0.0033486,-0.120523,0.0717431,-0.208618,4.28063,-35991.9,-1,2.55534e-09,1,0
0.00335025,-0.11897,0.0730313,-0.208415,4.2807,-35510.8,-1,2.55534e-09,1,0
0.00335067,-0.118578,0.073357,-0.208364,4.27754,-35389.3,-1,2.53999e-09,1,0
0.0033511,-0.118406,0.072922,-0.208142,4.27756,-35333.4,-1,4.98721e-10,1,0
0.00335192,-0.118824,0.0735139,-0.207779,4.27495,-35449.7,-1,3.98468e-10,1,0
0.00335336,-0.12032,0.0742561,-0.207366,4.27283,-35880.5,-1,2.3221e-09,1,0
0.00335359,-0.120446,0.0740066,-0.207436,4.27341,-35915.6,-1,3.24856e-10,1,0
0.00335447,-0.121053,0.073893,-0.207732,4.2723,-36087.1,-1,8.64039e-10,1,0
0.00335551,-0.121173,0.0738363,-0.207346,4.27408,-36111.5,-1,2.21873e-10,1,0
0.00335675,-0.122252,0.0730563,-0.207284,4.27567,-36419.8,-1,1.92272e-09,1,0
0.00335729,-0.121883,0.0727236,-0.206898,4.27426,-36304.1,-1,6.04714e-10,1,0
0.00335795,-0.121735,0.0728739,-0.207234,4.27447,-36252.7,-1,3.07813e-10,1,0
0.00335951,-0.121841,0.0727352,-0.209134,4.27557,-36267.5,-1,2.41508e-09,1,0
0.00336012,-0.121565,0.0723591,-0.209393,4.28015,-36178.8,-1,6.38729e-11,1,0
0.00336041,-0.12132,0.0722595,-0.209491,4.28053,-36102.8,-1,1.86112e-10,1,0
0.00336128,-0.120792,0.0714538,-0.20942,4.28142,-35936.4,-1,9.40846e-10,1,0
0.00336225,-0.121245,0.0707178,-0.209507,4.28146,-36060.6,-1,8.07307e-10,1,0
0.0033634,-0.12233,0.0705232,-0.208632,4.2834,-36371,-1,1.82874e-09,1,0
0.00336384,-0.122103,0.070813,-0.208963,4.28216,-36298.6,-1,4.61728e-10,1,0
0.00336411,-0.122088,0.0707543,-0.208877,4.2822,-36291.3,-1,1.93773e-10,1,0
0.0033654,-0.122682,0.0693372,-0.208664,4.28237,-36453.7,-1,1.53327e-09,1,0
0.00336562,-0.122665,0.0693764,-0.208681,4.28084,-36446.6,-1,3.04009e-11,1,0
0.00336677,-0.122995,0.0702545,-0.20829,4.28345,-36532,-1,2.66262e-10,1,0
0.0033673,-0.122494,0.0703679,-0.207882,4.28348,-36377.4,-1,2.66262e-10,1,0
0.00336814,-0.122427,0.0705713,-0.207819,4.28226,-36348.6,-1,2.94075e-10,1,0
0.00336935,-0.12309,0.0700599,-0.208454,4.28431,-36532.2,-1,5.97044e-10,1,0
0.00337059,-0.123229,0.071418,-0.20781,4.28464,-36560,-1,1.13848e-09,1,0
0.00337121,-0.123328,0.0720996,-0.207848,4.28784,-36582.6,-1,3.35516e-11,1,0
0.003372,-0.12311,0.0711686,-0.208065,4.28785,-36509.4,-1,3.35516e-11,1,0
0.00337266,-0.123005,0.0704831,-0.208219,4.28731,-36471.4,-1,6.35466e-11,1,0
0.00337374,-0.123386,0.0713792,-0.208709,4.28634,-36572.6,-1,1.13831e-09,1,0
0.00337446,-0.123054,0.0709573,-0.208312,4.28642,-36466.3,-1,5.61419e-10,1,0
0.00337506,-0.123227,0.0702952,-0.208045,4.28641,-36511,-1,5.61419e-10,1,0
0.00337565,-0.123691,0.0700989,-0.207705,4.28555,-36642.1,-1,1.67166e-10,1,0
0.00337606,-0.12413,0.0702474,-0.207536,4.28531,-36767.7,-1,4.04831e-10,1,0
0.00337661,-0.124739,0.0704669,-0.207306,4.2851,-36942.1,-1,1.12162e-09,1,0
0.00337804,-0.124363,0.0709311,-0.206809,4.28429,-36815.2,-1,7.67587e-10,1,0
0.00337848,-0.124032,0.0708666,-0.206653,4.28319,-36712.2,-1,1.25904e-10,1,0
0.0033795,-0.124717,0.0713518,-0.206274,4.28563,-36904,-1,6.86867e-10,1,0
0.00338101,-0.124703,0.0697138,-0.205458,4.28714,-36883.3,-1,1.83118e-09,1,0
0.00338199,-0.124856,0.0689286,-0.204959,4.28453,-36918,-1,9.5011e-10,1,0
0.0033827,-0.124755,0.0683377,-0.205586,4.28479,-36880.4,-1,1.01815e-09,1,0
0.00338364,-0.125199,0.0677022,-0.20552,4.28297,-37001.4,-1,7.16348e-10,1,0
0.00338467,-0.126444,0.0679049,-0.205657,4.28378,-37357.9,-1,1.26858e-09,1,0
0.00338494,-0.126401,0.0678685,-0.205806,4.28613,-37342.3,-1,5.52614e-12,1,0
0.00338607,-0.127279,0.0680313,-0.206513,4.2887,-37589,-1,5.83958e-10,1,0
0.00338694,-0.126853,0.0676254,-0.206614,4.28873,-37453.4,-1,4.1765e-10,1,0
0.00338778,-0.127052,0.0667733,-0.206801,4.28859,-37503,-1,7.94184e-10,1,0
0.00338803,-0.127169,0.0664999,-0.206855,4.2888,-37534.7,-1,1.13844e-09,1,0
0.00338871,-0.127368,0.0658682,-0.206963,4.28966,-37586.1,-1,3.0081e-10,1,0
0.00338961,-0.127695,0.0665106,-0.207802,4.28964,-37672.4,-1,3.0081e-10,1,0
0.00339101,-0.128302,0.067126,-0.208613,4.29043,-37835.9,-1,3.57252e-10,1,0
0.00339211,-0.128743,0.067553,-0.209349,4.29247,-37953.6,-1,2.69179e-10,1,0
0.00339299,-0.12932,0.0674658,-0.210043,4.29245,-38113.9,-1,1.13251e-10,1,0
0.00339452,-0.130339,0.0683417,-0.210078,4.29359,-38396.8,-1,5.63703e-10,1,0
0.00339527,-0.130821,0.0678099,-0.210645,4.29356,-38530.5,-1,5.63703e-10,1,0
0.00339573,-0.131149,0.0674855,-0.210952,4.29549,-38621.8,-1,1.01318e-10,1,0
0.00339662,-0.130548,0.0667154,-0.211314,4.29707,-38434.6,-1,9.59457e-10,1,0
0.0033971,-0.130817,0.0668548,-0.211541,4.29383,-38508.4,-1,3.04717e-10,1,0
0.00339783,-0.130955,0.0661246,-0.212045,4.29383,-38540.8,-1,3.04717e-10,1,0
0.0033987,-0.131077,0.065293,-0.21247,4.29329,-38566.9,-1,1.83866e-09,1,0
0.00340005,-0.130769,0.0644001,-0.211103,4.29378,-38460.9,-1,1.78667e-09,1,0
0.00340125,-0.130826,0.0642103,-0.212322,4.29132,-38464.2,-1,5.77088e-10,1,0
0.00340199,-0.131116,0.0635452,-0.212713,4.28992,-38541,-1,1.0277e-10,1,0
0.00340289,-0.131185,0.064555,-0.212399,4.28637,-38551,-1,8.61202e-10,1,0
0.00340381,-0.13111,0.0646607,-0.212325,4.29208,-38518.6,-1,5.29336e-10,1,0
0.00340403,-0.131156,0.0646131,-0.212321,4.29093,-38529.8,-1,1.00805e-10,1,0
0.00340428,-0.131283,0.0645395,-0.212474,4.28826,-38564.2,-1,1.31377e-10,1,0
0.00340486,-0.130571,0.0644517,-0.212466,4.28969,-38348.3,-1,7.17872e-10,1,0
0.0034062,-0.13073,0.0634455,-0.212924,4.28968,-38380,-1,2.48071e-10,1,0
0.00340719,-0.130034,0.0636277,-0.213564,4.28707,-38164.8,-1,6.97012e-10,1,0
0.00340788,-0.130062,0.0640064,-0.213958,4.28459,-38165.1,-1,8.83464e-10,1,0
0.00340865,-0.130463,0.0638298,-0.214,4.28509,-38274,-1,4.06821e-10,1,0
0.00340908,-0.130129,0.0638086,-0.214208,4.28593,-38171.4,-1,8.25479e-11,1,0
0.00340984,-0.130822,0.0635043,-0.214042,4.28616,-38366,-1,3.23435e-10,1,0
0.0034102,-0.130777,0.0632078,-0.213755,4.28266,-38348.9,-1,1.40426e-10,1,0
0.003412,-0.130657,0.063247,-0.213741,4.28316,-38293.4,-1,9.99562e-10,1,0
0.0034138,-0.132325,0.0644603,-0.212944,4.28307,-38761.8,-1,9.99562e-10,1,0
0.00341587,-0.132036,0.0660552,-0.213195,4.28351,-38653.8,-1,3.15956e-09,1,0
0.00341623,-0.132027,0.0657298,-0.213047,4.28139,-38647,-1,1.07512e-10,1,0
0.00341687,-0.132392,0.0655076,-0.212664,4.2831,-38746.8,-1,5.32046e-10,1,0
0.00341877,-0.131687,0.0641456,-0.21431,4.28365,-38518.7,-1,1.00582e-10,1,0
0.0034196,-0.131829,0.0643578,-0.215138,4.28291,-38551,-1,7.86259e-10,1,0
0.00341998,-0.131937,0.0645479,-0.215039,4.28102,-38578.5,-1,3.12721e-10,1,0
0.00342077,-0.131839,0.0648551,-0.215952,4.27903,-38540.7,-1,9.68614e-10,1,0
0.00342121,-0.132191,0.0647074,-0.216148,4.27773,-38638.8,-1,3.43834e-10,1,0
0.00342232,-0.131622,0.0643091,-0.216193,4.27502,-38459.9,-1,6.15763e-10,1,0
0.00342262,-0.131463,0.0645132,-0.216325,4.27397,-38410,-1,4.41901e-12,1,0
0.00342401,-0.131136,0.0658736,-0.217302,4.27398,-38299,-1,4.41901e-12,1,0
0.0034241,-0.131095,0.0659327,-0.21737,4.27538,-38285.9,-1,1.77779e-09,1,0
0.00342517,-0.131081,0.0652878,-0.217624,4.27368,-38269.8,-1,7.80317e-10,1,0
0.00342661,-0.130112,0.0644543,-0.218476,4.27294,-37971,-1,7.92578e-10,1,0
0.00342711,-0.129987,0.0642814,-0.218534,4.27211,-37928.9,-1,2.50224e-10,1,0
0.00342855,-0.131312,0.0641839,-0.218401,4.27275,-38299.5,-1,1.39068e-09,1,0
0.00342979,-0.130379,0.0648456,-0.217798,4.27656,-38013.7,-1,1.13876e-09,1,0
0.00342995,-0.130389,0.0647124,-0.217928,4.27785,-38015,-1,1.48792e-10,1,0
0.00343065,-0.130557,0.063922,-0.218245,4.27654,-38056,-1,9.09392e-10,1,0
0.00343172,-0.131375,0.0630332,-0.217764,4.2741,-38282.7,-1,7.27284e-12,1,0
0.00343271,-0.130924,0.0627782,-0.21691,4.27684,-38140.2,-1,1.09022e-10,1,0
0.00343301,-0.1307,0.0629485,-0.216829,4.27411,-38071.5,-1,1.47754e-10,1,0
0.00343393,-0.130942,0.0621898,-0.216238,4.27595,-38131.8,-1,5.71742e-10,1,0
0.00343457,-0.130686,0.0625064,-0.216915,4.27596,-38050.1,-1,5.71742e-10,1,0
0.00343572,-0.129982,0.0627593,-0.217628,4.28073,-37832.5,-1,4.29493e-10,1,0
0.00343601,-0.130052,0.0627576,-0.217378,4.27907,-37849.9,-1,2.22734e-10,1,0
0.00343689,-0.129159,0.0626586,-0.217095,4.28041,-37580.1,-1,5.52347e-10,1,0
0.00343737,-0.128918,0.0623467,-0.216749,4.27922,-37504.8,-1,3.49036e-10,1,0
0.00343782,-0.128677,0.062199,-0.217223,4.27923,-37429.7,-1,3.49036e-10,1,0
0.00343876,-0.12817,0.0618862,-0.218175,4.27704,-37272.3,-1,2.41356e-11,1,0
0.00343921,-0.128392,0.0616438,-0.21808,4.27422,-37331.9,-1,2.56041e-10,1,0
0.00343981,-0.128747,0.0612352,-0.217862,4.27471,-37428.7,-1,1.04083e-10,1,0
0.00344094,-0.128208,0.060295,-0.216985,4.27486,-37259.4,-1,1.59531e-09,1,0
0.00344155,-0.128069,0.0606208,-0.216376,4.27422,-37212.5,-1,2.85083e-11,1,0
0.00344269,-0.127828,0.061305,-0.215175,4.27407,-37130.3,-1,2.11841e-09,1,0
0.0034439,-0.128952,0.0612586,-0.215115,4.27784,-37443.5,-1,1.13858e-09,1,0
0.00344432,-0.128537,0.0613599,-0.214837,4.27786,-37318.6,-1,1.13858e-09,1,0
0.00344486,-0.12819,0.0612147,-0.214613,4.27681,-37211.8,-1,2.32166e-10,1,0
0.00344621,-0.128557,0.0617168,-0.213077,4.27741,-37303.7,-1,1.6573e-09,1,0
0.00344754,-0.128128,0.0620005,-0.211541,4.27613,-37165.1,-1,1.61942e-09,1,0
0.00344816,-0.128694,0.0620813,-0.211124,4.27623,-37322.4,-1,4.56637e-10,1,0
0.00344829,-0.128718,0.062101,-0.211088,4.27733,-37328,-1,2.71776e-12,1,0
0.00344961,-0.129645,0.0623061,-0.211926,4.27775,-37582.4,-1,4.91112e-10,1,0
0.0034513,-0.130861,0.0622004,-0.213009,4.27595,-37916.3,-1,2.98618e-10,1,0
0.00345189,-0.130736,0.0622764,-0.212955,4.27667,-37873.8,-1,9.39644e-10,1,0
0.00345227,-0.130656,0.0623979,-0.212597,4.27257,-37846.5,-1,1.55284e-11,1,0
0.00345264,-0.130651,0.0622824,-0.212165,4.27027,-37840.9,-1,4.47206e-10,1,0
0.00345321,-0.130034,0.0619854,-0.212242,4.27028,-37655.8,-1,4.46477e-10,1,0
0.00345349,-0.129936,0.0618388,-0.21225,4.27188,-37624.6,-1,4.87637e-10,1,0
0.0034546,-0.128729,0.0613165,-0.212491,4.269,-37263.1,-1,1.35146e-09,1,0
0.0034549,-0.128774,0.0616117,-0.212633,4.26831,-37272.8,-1,4.33376e-11,1,0
0.00345583,-0.129006,0.0626591,-0.213006,4.26829,-37330,-1,4.33376e-11,1,0
0.00345619,-0.129097,0.0630698,-0.213152,4.26859,-37352.4,-1,1.89844e-09,1,0
0.00345701,-0.129017,0.0635346,-0.212326,4.2693,-37320.2,-1,9.60391e-10,1,0
0.00345836,-0.130646,0.0636774,-0.212549,4.26922,-37776.8,-1,9.60391e-10,1,0
0.00345948,-0.13155,0.0637719,-0.212114,4.27093,-38025.8,-1,2.52572e-09,1,0
0.00346157,-0.131733,0.0637259,-0.209611,4.27163,-38056,-1,2.48868e-09,1,0
0.00346206,-0.131609,0.063605,-0.209042,4.27156,-38014.6,-1,1.21827e-09,1,0
0.00346308,-0.131315,0.0638483,-0.207843,4.27247,-37918.4,-1,1.25856e-09,1,0
0.00346414,-0.130338,0.0643193,-0.207538,4.2727,-37624.9,-1,3.53068e-10,1,0
0.00346473,-0.130325,0.0642748,-0.207925,4.27241,-37614.8,-1,5.00673e-10,1,0
0.00346551,-0.130264,0.0633506,-0.207665,4.27229,-37588.8,-1,9.62037e-10,1,0
0.00346646,-0.131058,0.0634901,-0.207733,4.27434,-37807.6,-1,2.52318e-11,1,0
0.00346736,-0.130678,0.0639849,-0.207255,4.27762,-37688,-1,9.54425e-11,1,0
0.00346794,-0.13053,0.0634741,-0.207725,4.27603,-37638.9,-1,8.46833e-10,1,0
0.00346888,-0.131439,0.0641245,-0.207437,4.27723,-37891,-1,1.15481e-09,1,0
0.00346975,-0.131239,0.0631231,-0.207127,4.27724,-37823.6,-1,1.15481e-09,1,0
0.00347126,-0.131455,0.0620534,-0.206138,4.27886,-37869.6,-1,8.04527e-10,1,0
0.0034719,-0.130739,0.0619043,-0.205887,4.27917,-37656.3,-1,1.01623e-10,1,0
0.00347224,-0.13087,0.0617471,-0.205883,4.27813,-37690.5,-1,7.2431e-11,1,0
0.00347339,-0.130972,0.0612792,-0.206371,4.278,-37707.2,-1,4.35632e-10,1,0
0.00347401,-0.130364,0.0610625,-0.206416,4.27756,-37525.3,-1,5.48742e-10,1,0
0.00347448,-0.130024,0.0611066,-0.206883,4.27758,-37422.7,-1,5.48742e-10,1,0
0.00347465,-0.129929,0.0610588,-0.20703,4.27575,-37393.6,-1,7.99647e-11,1,0
0.00347597,-0.130961,0.0599156,-0.207531,4.27709,-37676.1,-1,1.62712e-09,1,0
0.00347718,-0.131099,0.0605451,-0.208326,4.28028,-37702.5,-1,5.33566e-10,1,0
0.00347754,-0.13122,0.060926,-0.208509,4.28028,-37733.4,-1,5.33566e-10,1,0
0.00347838,-0.131503,0.0618182,-0.208936,4.28068,-37805.8,-1,1.46836e-09,1,0
0.00347891,-0.131497,0.0623926,-0.208919,4.28234,-37798.4,-1,5.57749e-11,1,0
0.00347955,-0.131206,0.061877,-0.208401,4.28186,-37707.8,-1,7.86642e-10,1,0
0.00348013,-0.131628,0.0622329,-0.208784,4.28131,-37822.6,-1,4.16438e-10,1,0
0.00348071,-0.131935,0.0627395,-0.2091,4.2795,-37904.8,-1,7.66991e-11,1,0
0.00348163,-0.131049,0.0621385,-0.20889,4.27835,-37640.1,-1,2.94125e-10,1,0
0.00348247,-0.131556,0.062772,-0.208286,4.27841,-37776.7,-1,1.23248e-11,1,0
0.00348312,-0.131891,0.0632147,-0.208194,4.27777,-37865.8,-1,1.55021e-09,1,0
0.00348445,-0.13252,0.0642546,-0.208686,4.27612,-38031.9,-1,5.70269e-10,1,0
0.0034852,-0.132161,0.0644657,-0.208674,4.27616,-37920.6,-1,4.50037e-10,1,0
0.00348527,-0.132154,0.0644452,-0.208761,4.27335,-37917.8,-1,7.8355e-11,1,0
0.0034858,-0.132537,0.0641854,-0.208416,4.27341,-38022,-1,5.97396e-10,1,0
0.00348716,-0.131488,0.063648,-0.207845,4.27427,-37706.3,-1,1.99045e-10,1,0
0.00348795,-0.131189,0.0633468,-0.2083,4.27753,-37612.1,-1,2.23008e-10,1,0
0.0034888,-0.131873,0.0628913,-0.208353,4.27905,-37799,-1,2.74706e-11,1,0
0.00348901,-0.132115,0.0628054,-0.208354,4.27817,-37866.1,-1,2.39028e-10,1,0
0.00348928,-0.132443,0.0628344,-0.208351,4.27726,-37957.1,-1,3.48717e-10,1,0
0.00349016,-0.132753,0.0638671,-0.208296,4.27676,-38036.5,-1,1.07987e-09,1,0
0.00349091,-0.132556,0.0631007,-0.208609,4.27521,-37971.6,-1,6.50429e-11,1,0
0.0034914,-0.132803,0.0626099,-0.208843,4.2752,-38037.2,-1,6.50429e-11,1,0
0.00349161,-0.132682,0.062497,-0.208942,4.2738,-38000.1,-1,1.26035e-10,1,0
0.00349214,-0.13231,0.0622596,-0.208846,4.27323,-37888,-1,4.51798e-10,1,0
0.00349368,-0.13161,0.0631932,-0.207729,4.27459,-37671.1,-1,1.74756e-10,1,0
0.00349453,-0.13227,0.0633841,-0.207405,4.27445,-37850.5,-1,8.50403e-11,1,0
0.00349573,-0.132493,0.0646448,-0.206892,4.27378,-37901.2,-1,3.43601e-10,1,0
0.00349715,-0.131292,0.0650374,-0.206171,4.27383,-37542.4,-1,1.13831e-09,1,0
0.00349762,-0.131517,0.0647614,-0.205824,4.27307,-37601.9,-1,7.20202e-11,1,0
0.00349792,-0.13156,0.0650003,-0.20589,4.27419,-37610.9,-1,5.3361e-10,1,0
0.00349929,-0.131647,0.0665277,-0.206593,4.27418,-37621,-1,5.3361e-10,1,0
0.00350048,-0.13175,0.0674343,-0.206498,4.27407,-37637.7,-1,3.47222e-10,1,0
0.00350157,-0.132351,0.0674216,-0.205626,4.27307,-37797.7,-1,7.26769e-10,1,0
0.0035034,-0.133303,0.0675751,-0.207035,4.27101,-38049.6,-1,8.15969e-10,1,0
0.00350404,-0.133332,0.0677171,-0.207808,4.26915,-38051.1,-1,7.85874e-10,1,0
0.00350524,-0.132997,0.068506,-0.206616,4.26962,-37942.5,-1,1.46795e-09,1,0
0.00350568,-0.133122,0.0680038,-0.206605,4.26715,-37973.2,-1,5.90122e-11,1,0
0.00350705,-0.133715,0.0691019,-0.205479,4.26712,-38127.3,-1,5.90122e-11,1,0
0.00350816,-0.133954,0.0680522,-0.205902,4.2668,-38183.6,-1,1.79341e-09,1,0
0.0035091,-0.133766,0.0671218,-0.205868,4.26342,-38119.8,-1,2.58072e-10,1,0
0.00350975,-0.133379,0.0665447,-0.205706,4.26301,-38002.3,-1,1.05988e-09,1,0
0.00351017,-0.132995,0.0668445,-0.20558,4.26313,-37888.4,-1,4.47216e-11,1,0
0.00351163,-0.131999,0.067859,-0.205015,4.26544,-37589,-1,1.13879e-09,1,0
0.00351207,-0.132322,0.0679788,-0.205052,4.26469,-37676.3,-1,3.29046e-10,1,0
0.00351235,-0.132562,0.0678539,-0.205062,4.26763,-37741.8,-1,1.94237e-10,1,0
0.00351308,-0.131868,0.0676508,-0.205497,4.2686,-37536.4,-1,5.69335e-10,1,0
0.00351416,-0.132004,0.0683453,-0.205397,4.26929,-37563.4,-1,9.32183e-10,1,0
0.00351537,-0.13204,0.0676912,-0.205264,4.27069,-37560.9,-1,1.11411e-09,1,0
0.00351694,-0.13283,0.0684704,-0.204859,4.2675,-37768.5,-1,1.33803e-09,1,0
0.00351739,-0.132811,0.0685089,-0.205403,4.26503,-37758.4,-1,5.45806e-10,1,0
0.00351904,-0.132815,0.0679003,-0.204723,4.26331,-37741.8,-1,8.82513e-10,1,0
0.00351995,-0.132792,0.0676817,-0.205427,4.26243,-37725.5,-1,8.38132e-10,1,0
0.0035213,-0.133761,0.0685314,-0.204396,4.26134,-37986.2,-1,1.65038e-09,1,0
0.00352188,-0.133502,0.0687359,-0.204056,4.26183,-37906.5,-1,3.10331e-10,1,0
0.00352227,-0.13334,0.0686413,-0.203618,4.26174,-37856.3,-1,8.74037e-10,1,0
0.00352323,-0.13362,0.0690527,-0.202564,4.26214,-37925.4,-1,6.33505e-11,1,0
0.00352339,-0.133642,0.069112,-0.202586,4.2595,-37929.8,-1,5.35626e-11,1,0
0.00352509,-0.13561,0.0686103,-0.203041,4.2594,-38469.9,-1,5.35626e-11,1,0
0.00352603,-0.136695,0.0683337,-0.203291,4.25935,-38767.4,-1,5.35626e-11,1,0
0.0035264,-0.137105,0.0682217,-0.203337,4.25846,-38879.7,-1,3.62074e-09,1,0
0.00352705,-0.136883,0.068609,-0.20345,4.26061,-38809.6,-1,3.75534e-10,1,0
0.00352745,-0.136565,0.0688234,-0.20334,4.26082,-38714.9,-1,7.56362e-10,1,0
0.00352915,-0.137386,0.0681363,-0.203236,4.26189,-38928.9,-1,1.13863e-09,1,0
0.00353043,-0.137669,0.0675849,-0.202666,4.2627,-38995.1,-1,7.44911e-10,1,0
0.00353098,-0.137332,0.0672986,-0.202367,4.26364,-38893.4,-1,1.40298e-09,1,0
0.00353149,-0.137432,0.0676348,-0.202817,4.26179,-38916.2,-1,2.64045e-10,1,0
0.00353196,-0.137598,0.0680535,-0.203176,4.26158,-38957.8,-1,1.03683e-09,1,0
0.00353345,-0.137486,0.067789,-0.202422,4.26353,-38909.9,-1,8.15785e-10,1,0
0.00353396,-0.137905,0.0678318,-0.202319,4.26407,-39022.8,-1,2.93194e-10,1,0
0.00353455,-0.137674,0.0673727,-0.202481,4.26489,-38950.9,-1,2.01518e-10,1,0
0.00353502,-0.137425,0.067171,-0.2026,4.26505,-38875.2,-1,8.79384e-10,1,0
0.00353586,-0.137453,0.066914,-0.202208,4.26647,-38874,-1,4.82608e-10,1,0
0.00353651,-0.137249,0.0666643,-0.20196,4.26351,-38809.3,-1,1.08253e-10,1,0
0.00353704,-0.136993,0.0670453,-0.201908,4.2633,-38731,-1,1.79416e-10,1,0
0.00353879,-0.136087,0.067412,-0.201337,4.25565,-38455.9,-1,1.4679e-09,1,0
0.00353912,-0.13627,0.0675104,-0.201542,4.2568,-38504,-1,2.73313e-10,1,0
0.00353952,-0.136251,0.0676294,-0.201105,4.25965,-38494.1,-1,4.67251e-10,1,0
0.00354054,-0.136186,0.0672513,-0.201945,4.25993,-38464.8,-1,3.85694e-10,1,0
0.00354153,-0.136555,0.0665896,-0.202882,4.25991,-38558.3,-1,3.85694e-10,1,0
0.00354195,-0.136527,0.0662266,-0.203162,4.25961,-38545.6,-1,2.3355e-09,1,0
0.0035422,-0.136456,0.066271,-0.203393,4.26175,-38523,-1,2.37369e-10,1,0
0.0035425,-0.136378,0.0663736,-0.203079,4.26249,-38497.7,-1,1.8667e-11,1,0
0.00354414,-0.136012,0.0669469,-0.20118,4.26538,-38376.6,-1,2.35689e-09,1,0
0.00354507,-0.137094,0.066765,-0.201277,4.26683,-38671.7,-1,5.66535e-10,1,0
0.00354529,-0.137078,0.0667614,-0.201409,4.26553,-38664.7,-1,9.99535e-11,1,0
0.00354577,-0.136871,0.0664375,-0.201134,4.26749,-38601.2,-1,4.63112e-10,1,0
0.00354616,-0.13688,0.0667696,-0.201186,4.26504,-38599.3,-1,3.48491e-10,1,0
0.00354671,-0.136826,0.0665702,-0.201317,4.26327,-38578.2,-1,4.75069e-10,1,0
0.00354802,-0.137385,0.065663,-0.200107,4.26283,-38721.5,-1,1.90077e-09,1,0
0.00354996,-0.139313,0.064496,-0.199373,4.26274,-39243.4,-1,1.90077e-09,1,0
0.00355095,-0.139812,0.0640551,-0.199874,4.26437,-39373.1,-1,7.50956e-10,1,0
0.00355135,-0.139611,0.0643367,-0.199879,4.26779,-39312.2,-1,2.43085e-10,1,0
0.00355212,-0.139698,0.0647272,-0.200732,4.2677,-39328,-1,3.89834e-10,1,0
0.00355261,-0.139613,0.0649845,-0.201146,4.2682,-39298.7,-1,1.06411e-09,1,0
0.00355298,-0.139522,0.0650705,-0.201107,4.27212,-39269,-1,1.02822e-10,1,0
0.00355406,-0.140238,0.0653741,-0.202184,4.271,-39458.6,-1,1.42082e-09,1,0
0.00355501,-0.139155,0.0657315,-0.20193,4.27105,-39143.3,-1,1.42082e-09,1,0
0.00355635,-0.137793,0.0663196,-0.201578,4.26975,-38745.7,-1,1.34129e-10,1,0
0.00355735,-0.137329,0.0674079,-0.201249,4.26978,-38604.2,-1,1.34129e-10,1,0
0.00355816,-0.137868,0.0678225,-0.201471,4.27271,-38747,-1,7.26215e-10,1,0
0.00355949,-0.137116,0.0670496,-0.200371,4.27157,-38521.1,-1,1.16239e-09,1,0
0.00356155,-0.137877,0.0670549,-0.197964,4.27149,-38712.7,-1,2.52479e-09,1,0
0.00356333,-0.138146,0.0666234,-0.197613,4.27367,-38768.8,-1,9.59091e-10,1,0
0.00356408,-0.137242,0.0667128,-0.197773,4.27371,-38506.9,-1,9.22683e-10,1,0
0.00356509,-0.136898,0.0673702,-0.196835,4.2731,-38399.7,-1,2.92328e-11,1,0
0.00356657,-0.136585,0.0682278,-0.195482,4.27238,-38295.8,-1,1.69587e-09,1,0
0.00356736,-0.136736,0.068442,-0.19524,4.27386,-38329.8,-1,1.29277e-09,1,0
0.00356758,-0.136854,0.0685833,-0.195426,4.27351,-38360.4,-1,2.21036e-10,1,0
0.00356942,-0.13549,0.0697533,-0.195447,4.27154,-37958.5,-1,5.4506e-10,1,0
0.00357088,-0.135441,0.0684248,-0.195465,4.27086,-37929.3,-1,4.68858e-10,1,0
0.00357158,-0.135573,0.0682272,-0.194846,4.26926,-37958.7,-1,7.48022e-10,1,0
0.00357179,-0.13545,0.068436,-0.19486,4.26746,-37922.3,-1,1.54012e-10,1,0
0.00357246,-0.13506,0.0677194,-0.194979,4.26717,-37805.8,-1,8.24733e-10,1,0
0.00357283,-0.134678,0.0677199,-0.195152,4.27023,-37695,-1,9.9093e-11,1,0
0.00357492,-0.136931,0.0670826,-0.194473,4.26911,-38303.1,-1,1.86976e-09,1,0
0.00357679,-0.137759,0.0674926,-0.194364,4.27171,-38514.8,-1,7.38734e-10,1,0
0.00357738,-0.138385,0.0675892,-0.194032,4.27303,-38683.4,-1,8.54409e-11,1,0
0.0035778,-0.138334,0.0680017,-0.194073,4.27507,-38664.4,-1,1.0053e-10,1,0
0.00357829,-0.138408,0.0684048,-0.194401,4.27642,-38679.9,-1,3.09719e-10,1,0
0.00357967,-0.1374,0.0684067,-0.194694,4.27522,-38383.6,-1,1.13851e-09,1,0
0.0035806,-0.137015,0.0689176,-0.195181,4.27535,-38265.8,-1,5.84438e-10,1,0
0.00358182,-0.138264,0.0691984,-0.195442,4.27409,-38601.4,-1,2.24055e-10,1,0
0.00358263,-0.137637,0.069242,-0.194681,4.27329,-38417.8,-1,9.87215e-10,1,0
0.00358402,-0.137508,0.0701365,-0.19577,4.27382,-38366.9,-1,5.69001e-10,1,0
0.00358452,-0.137691,0.0703587,-0.196046,4.27374,-38412.7,-1,1.58242e-09,1,0
0.00358545,-0.138379,0.0706963,-0.195196,4.2737,-38594.7,-1,1.58242e-09,1,0
0.00358572,-0.138558,0.0708304,-0.195057,4.27251,-38641.5,-1,1.56362e-09,1,0
0.00358707,-0.13711,0.0707653,-0.195331,4.27074,-38223.4,-1,5.07018e-10,1,0
0.00358734,-0.136876,0.0706936,-0.195334,4.26906,-38155.3,-1,8.56033e-11,1,0
0.00358791,-0.136894,0.0706953,-0.195154,4.26506,-38154.4,-1,4.25504e-10,1,0
0.0035889,-0.137008,0.0704688,-0.194687,4.2609,-38175.6,-1,4.43664e-10,1,0
0.00358953,-0.137081,0.0702704,-0.195159,4.26017,-38189.1,-1,3.55964e-10,1,0
0.00358977,-0.137082,0.0703995,-0.195222,4.25966,-38187,-1,7.35312e-11,1,0
0.00359085,-0.136113,0.0708923,-0.194854,4.2599,-37905.6,-1,1.20634e-09,1,0
0.00359234,-0.136506,0.0714089,-0.193531,4.25534,-37999.2,-1,1.12441e-09,1,0
0.00359393,-0.135583,0.070837,-0.194599,4.2581,-37725.6,-1,1.13144e-09,1,0
0.00359576,-0.136133,0.0704674,-0.196154,4.25699,-37859.2,-1,9.20165e-10,1,0
0.00359616,-0.136547,0.070396,-0.196011,4.25822,-37970.1,-1,9.29067e-11,1,0
0.00359713,-0.137703,0.0704004,-0.195734,4.25817,-38281.3,-1,9.29067e-11,1,0
0.0035978,-0.138445,0.0704296,-0.19559,4.25847,-38480.6,-1,2.35346e-09,1,0
0.00359921,-0.139407,0.0703668,-0.195818,4.25983,-38732.7,-1,1.13827e-09,1,0
0.00359971,-0.139139,0.0705077,-0.195294,4.25984,-38652.8,-1,1.13827e-09,1,0
0.00360061,-0.139334,0.0710385,-0.196089,4.2598,-38697.4,-1,1.02876e-09,1,0
0.00360192,-0.140546,0.0702816,-0.195412,4.25974,-39019.6,-1,4.68495e-10,1,0
0.00360345,-0.142093,0.0694102,-0.195267,4.25735,-39432.5,-1,1.33056e-09,1,0
0.00360389,-0.141996,0.0694234,-0.195691,4.25714,-39400.7,-1,2.07546e-10,1,0
0.00360484,-0.14246,0.0697133,-0.195422,4.25998,-39519,-1,8.50167e-10,1,0
0.00360509,-0.142385,0.0697728,-0.195132,4.25905,-39495.7,-1,3.05829e-10,1,0
0.00360679,-0.143005,0.0701624,-0.19483,4.25906,-39648.8,-1,1.39864e-09,1,0
0.0036075,-0.142912,0.0700072,-0.194444,4.25985,-39615.3,-1,5.09272e-11,1,0
0.00360777,-0.142966,0.0700313,-0.194468,4.26165,-39627.2,-1,1.52674e-10,1,0
0.00360965,-0.14208,0.0689178,-0.194668,4.26067,-39361.3,-1,1.13831e-09,1,0
0.00361075,-0.141496,0.0686511,-0.193667,4.26153,-39187.5,-1,1.15706e-09,1,0
0.00361148,-0.142001,0.0689685,-0.193532,4.26243,-39319.4,-1,1.28154e-10,1,0
0.00361207,-0.142539,0.0694595,-0.193468,4.26322,-39461.9,-1,1.21929e-09,1,0
0.00361368,-0.141384,0.070003,-0.193689,4.26007,-39124.6,-1,1.24095e-10,1,0
0.00361434,-0.141504,0.0704895,-0.193713,4.26077,-39150.8,-1,3.16583e-10,1,0
0.00361473,-0.141558,0.0708639,-0.194002,4.26075,-39161.3,-1,9.23603e-10,1,0
0.00361599,-0.142243,0.0716218,-0.193629,4.26041,-39337.1,-1,5.90774e-10,1,0
0.00361658,-0.142667,0.0717981,-0.193121,4.26089,-39447.9,-1,1.65765e-09,1,0
0.00361729,-0.14292,0.0711824,-0.193076,4.26125,-39510.3,-1,3.29753e-10,1,0
0.00361845,-0.142452,0.0711304,-0.192816,4.25816,-39368.2,-1,7.43555e-10,1,0
0.00361942,-0.142106,0.0722623,-0.192848,4.25853,-39262.2,-1,1.18393e-09,1,0
0.00362014,-0.141873,0.0729425,-0.193323,4.25814,-39189.9,-1,8.34701e-11,1,0
0.00362163,-0.142061,0.0734472,-0.195069,4.25813,-39225.7,-1,8.34701e-11,1,0
0.00362265,-0.142189,0.073791,-0.196258,4.25813,-39250.1,-1,8.34701e-11,1,0
0.00362332,-0.142447,0.0740365,-0.196551,4.25932,-39313.9,-1,3.04024e-10,1,0
0.00362414,-0.142932,0.0739545,-0.195664,4.25837,-39438.9,-1,1.01448e-09,1,0
0.00362524,-0.143556,0.0741512,-0.195217,4.25792,-39598.9,-1,3.09771e-10,1,0
0.00362576,-0.143596,0.0742504,-0.194882,4.25892,-39604.4,-1,1.37254e-09,1,0
0.00362649,-0.143323,0.074027,-0.194425,4.26028,-39521.1,-1,4.3373e-10,1,0
0.00362704,-0.143675,0.0735154,-0.194551,4.25764,-39612.2,-1,7.10771e-11,1,0
0.00362757,-0.143352,0.0736577,-0.194144,4.25693,-39517.2,-1,5.01212e-11,1,0
0.00362778,-0.143334,0.0735828,-0.19396,4.25732,-39510.2,-1,1.47554e-10,1,0
0.00362962,-0.145332,0.0725189,-0.19393,4.25545,-40040.6,-1,2.26397e-09,1,0
0.00363064,-0.144787,0.0717296,-0.193884,4.25513,-39879.3,-1,7.11063e-10,1,0
0.0036315,-0.143785,0.0716948,-0.193552,4.25346,-39593.8,-1,1.05662e-09,1,0
0.00363247,-0.144092,0.0720571,-0.192459,4.25344,-39667.6,-1,1.05662e-09,1,0
0.00363322,-0.144275,0.0721102,-0.191824,4.25198,-39710.1,-1,1.92522e-09,1,0
0.00363441,-0.143686,0.0708868,-0.191817,4.25205,-39534.9,-1,7.36982e-10,1,0
0.00363511,-0.143613,0.0716435,-0.191576,4.25128,-39507.1,-1,8.19828e-10,1,0
0.00363555,-0.143365,0.0720038,-0.191556,4.25057,-39434.3,-1,5.03534e-11,1,0
0.00363627,-0.142932,0.0722908,-0.191097,4.25233,-39307.3,-1,2.83131e-10,1,0
0.00363725,-0.14295,0.071615,-0.19011,4.25233,-39301.6,-1,2.83131e-10,1,0
0.00363917,-0.143969,0.0703325,-0.188647,4.25201,-39561,-1,1.47719e-09,1,0
0.00364023,-0.143369,0.0710482,-0.189469,4.25029,-39384.5,-1,9.33604e-10,1,0
0.00364166,-0.144369,0.0702897,-0.188982,4.25185,-39643.7,-1,1.15928e-09,1,0
0.00364181,-0.144259,0.070419,-0.188934,4.25185,-39611.9,-1,1.15928e-09,1,0
0.00364268,-0.143593,0.0712007,-0.188643,4.25188,-39419.6,-1,1.15928e-09,1,0
0.00364362,-0.142874,0.0720442,-0.188329,4.2522,-39212.1,-1,2.39571e-09,1,0
0.00364439,-0.142792,0.0722876,-0.187428,4.25279,-39181.2,-1,9.36834e-10,1,0
0.00364488,-0.143261,0.0722165,-0.18714,4.25101,-39304.6,-1,2.62206e-10,1,0
0.00364513,-0.143229,0.0724205,-0.187045,4.25185,-39293.2,-1,3.96569e-11,1,0
0.00364595,-0.143899,0.072389,-0.186294,4.25328,-39468.1,-1,1.00693e-09,1,0
0.00364713,-0.142795,0.0716805,-0.186691,4.25355,-39152.8,-1,1.20833e-09,1,0
0.00364856,-0.142003,0.0714094,-0.185489,4.2525,-38920.4,-1,9.5537e-10,1,0
0.00365043,-0.141762,0.0712405,-0.1838,4.25214,-38834.3,-1,1.57584e-09,1,0
0.00365152,-0.141098,0.0718778,-0.184247,4.24947,-38641,-1,6.78017e-10,1,0
0.0036525,-0.141102,0.0728807,-0.184896,4.24947,-38631.8,-1,6.78017e-10,1,0
0.00365324,-0.141262,0.07352,-0.185353,4.25078,-38667.7,-1,2.58813e-09,1,0
0.00365428,-0.141678,0.0733153,-0.186065,4.24959,-38770.3,-1,2.29468e-10,1,0
0.0036556,-0.141946,0.0729609,-0.186582,4.25034,-38829.9,-1,6.96055e-10,1,0
0.00365581,-0.142022,0.0728065,-0.186624,4.24826,-38848.2,-1,5.63341e-11,1,0
0.0036562,-0.142184,0.0723547,-0.186639,4.25026,-38888.5,-1,4.80465e-10,1,0
0.00365708,-0.14162,0.072702,-0.186272,4.24915,-38724.8,-1,2.01706e-11,1,0
0.00365743,-0.141494,0.0730525,-0.186046,4.25012,-38686.7,-1,1.04896e-09,1,0
0.00365798,-0.142038,0.073383,-0.18584,4.25131,-38829.8,-1,6.69469e-10,1,0
0.00365908,-0.142107,0.073351,-0.186064,4.25186,-38836.7,-1,6.1755e-10,1,0
0.00366048,-0.14246,0.0721914,-0.185551,4.24856,-38918.4,-1,6.82471e-10,1,0
0.00366197,-0.142822,0.0710481,-0.18475,4.24839,-39001.3,-1,8.11631e-10,1,0
0.00366312,-0.142187,0.0700265,-0.185478,4.24729,-38815.9,-1,1.40586e-09,1,0
0.00366487,-0.141426,0.0706165,-0.185156,4.24458,-38589.7,-1,1.15893e-09,1,0
0.00366535,-0.141257,0.0708347,-0.185659,4.24523,-38538.4,-1,1.41979e-09,1,0
0.0036659,-0.141043,0.0708643,-0.185518,4.24328,-38474.3,-1,1.87282e-10,1,0
0.00366614,-0.141153,0.0710275,-0.185491,4.24297,-38501.9,-1,2.97558e-10,1,0
0.00366686,-0.14145,0.0711061,-0.185711,4.24455,-38575.4,-1,6.28005e-10,1,0
0.00366748,-0.141858,0.0706164,-0.185792,4.24317,-38680,-1,1.08513e-09,1,0
0.00366802,-0.142086,0.0710211,-0.185959,4.24349,-38736.5,-1,6.6642e-10,1,0
0.00366964,-0.143355,0.0701249,-0.186953,4.24383,-39065.2,-1,2.02013e-10,1,0
0.00367053,-0.143486,0.0706112,-0.187237,4.24287,-39091.4,-1,6.82263e-10,1,0
0.00367113,-0.143855,0.0708711,-0.186655,4.24357,-39185.3,-1,1.91802e-11,1,0
0.00367146,-0.143918,0.071247,-0.186784,4.24357,-39199.2,-1,1.91802e-11,1,0
0.00367278,-0.144173,0.0727543,-0.1873,4.24355,-39254.5,-1,1.91802e-11,1,0
0.00367344,-0.144311,0.0731133,-0.18673,4.24414,-39284.9,-1,3.89879e-11,1,0
0.00367483,-0.145556,0.0736503,-0.186915,4.24374,-39608.9,-1,1.04988e-09,1,0
0.00367578,-0.146482,0.0738629,-0.187553,4.24368,-39850.6,-1,1.65355e-09,1,0
0.00367746,-0.146534,0.0737037,-0.187923,4.24421,-39846.5,-1,9.33776e-10,1,0
0.00367785,-0.146593,0.0732933,-0.188146,4.24431,-39858.4,-1,4.65877e-12,1,0
0.00367897,-0.145805,0.0736775,-0.188462,4.24418,-39632,-1,1.06453e-09,1,0
0.00368059,-0.146471,0.0748078,-0.187187,4.24495,-39795.5,-1,1.81765e-09,1,0
0.00368226,-0.148355,0.0749355,-0.187958,4.24248,-40289.1,-1,2.21058e-09,1,0
0.00368276,-0.148884,0.0751769,-0.187795,4.24245,-40427.3,-1,2.21058e-09,1,0
0.00368309,-0.149086,0.0753291,-0.187714,4.24334,-40478.6,-1,9.26868e-10,1,0
0.00368382,-0.148225,0.0755745,-0.187773,4.24338,-40236.8,-1,9.26868e-10,1,0
0.00368492,-0.147162,0.0762198,-0.187577,4.24263,-39936.2,-1,1.65852e-09,1,0
0.00368614,-0.147596,0.075959,-0.186958,4.24149,-40040.9,-1,6.05608e-10,1,0
0.00368636,-0.147771,0.0757518,-0.186962,4.2436,-40085.7,-1,1.60353e-10,1,0
0.00368721,-0.14795,0.0767554,-0.187003,4.24415,-40125.3,-1,1.29912e-11,1,0
0.00368795,-0.147725,0.0765689,-0.186149,4.24337,-40056.1,-1,8.36955e-10,1,0
0.00368873,-0.147032,0.0760266,-0.186141,4.24462,-39859.8,-1,6.02171e-10,1,0
0.00368927,-0.146483,0.0758504,-0.186198,4.2432,-39705.3,-1,2.68161e-11,1,0
0.00369051,-0.146534,0.0759598,-0.187384,4.24192,-39705.7,-1,1.15899e-09,1,0
0.00369213,-0.147824,0.0755353,-0.186317,4.24268,-40037.5,-1,1.0029e-09,1,0
0.00369232,-0.147988,0.0756009,-0.186182,4.24281,-40079.9,-1,1.14022e-09,1,0
0.00369356,-0.148982,0.0750514,-0.186283,4.2433,-40335.6,-1,3.6442e-10,1,0
0.00369415,-0.149545,0.0746979,-0.186565,4.24327,-40481.4,-1,3.6442e-10,1,0
0.00369449,-0.149848,0.0745069,-0.186494,4.24402,-40560,-1,2.03747e-09,1,0
0.0036955,-0.150745,0.0739423,-0.185846,4.24397,-40791.6,-1,2.03747e-09,1,0
0.00369657,-0.151526,0.0736404,-0.185452,4.24694,-40991.1,-1,2.43574e-10,1,0
0.0036972,-0.152229,0.0737952,-0.18572,4.2469,-41174.2,-1,2.43574e-10,1,0
0.0036993,-0.154574,0.0743118,-0.186616,4.24716,-41784.6,-1,3.33033e-09,1,0
0.00369987,-0.154474,0.073979,-0.186887,4.24857,-41751.1,-1,2.25354e-10,1,0
0.00370098,-0.154688,0.0732362,-0.188008,4.24774,-41796.4,-1,1.83911e-09,1,0
0.00370145,-0.154909,0.073693,-0.188112,4.24845,-41850.8,-1,1.48834e-10,1,0
0.00370204,-0.155207,0.073552,-0.188042,4.24611,-41924.9,-1,4.7368e-10,1,0
0.00370285,-0.155067,0.0729687,-0.188726,4.24892,-41877.7,-1,9.18216e-10,1,0
0.00370392,-0.155227,0.0730651,-0.188769,4.24872,-41908.8,-1,6.46268e-10,1,0
0.00370432,-0.155098,0.0735283,-0.188679,4.24872,-41869.6,-1,6.46268e-10,1,0
0.00370453,-0.15503,0.0737752,-0.18863,4.24873,-41848.8,-1,6.46268e-10,1,0
0.00370532,-0.155299,0.0738431,-0.187903,4.24779,-41912.4,-1,1.60342e-09,1,0
0.00370677,-0.155697,0.0731541,-0.186681,4.24733,-42003.3,-1,5.24572e-10,1,0
0.00370765,-0.155844,0.0731406,-0.186181,4.24686,-42033.2,-1,7.0337e-10,1,0
0.00370786,-0.155794,0.0731426,-0.186107,4.24785,-42017.1,-1,1.23107e-10,1,0
0.00370818,-0.15556,0.0734452,-0.186061,4.24786,-41950.6,-1,1.23107e-10,1,0
0.0037089,-0.154996,0.0738933,-0.1861,4.24744,-41790.2,-1,2.12226e-10,1,0
0.00371012,-0.155778,0.0741074,-0.185011,4.2464,-41987.4,-1,6.20616e-10,1,0
0.00371084,-0.156524,0.0738393,-0.184864,4.24725,-42180.3,-1,6.85379e-10,1,0
0.00371315,-0.158413,0.0729764,-0.186773,4.24716,-42662.8,-1,6.85379e-10,1,0
0.00371439,-0.159427,0.0725132,-0.187799,4.24829,-42921.5,-1,4.3353e-09,1,0
0.00371507,-0.158705,0.0727865,-0.187635,4.24755,-42719.1,-1,6.81933e-10,1,0
0.00371622,-0.158888,0.0734283,-0.186581,4.24832,-42755.3,-1,6.64432e-10,1,0
0.00371694,-0.159257,0.073811,-0.186034,4.24941,-42846.2,-1,5.55672e-11,1,0
0.00371768,-0.159282,0.0742488,-0.186829,4.24941,-42844.5,-1,5.55672e-11,1,0
0.00371802,-0.159228,0.0744887,-0.187122,4.25038,-42825.8,-1,1.22065e-09,1,0
0.00371841,-0.159109,0.0747729,-0.187044,4.24856,-42789.5,-1,1.49361e-10,1,0
0.00372018,-0.158701,0.0756936,-0.186641,4.24835,-42659.4,-1,1.35052e-09,1,0
0.00372096,-0.158902,0.0762063,-0.186107,4.24792,-42704.7,-1,1.00145e-09,1,0
0.00372172,-0.159337,0.0766638,-0.18608,4.24775,-42812.8,-1,1.33957e-09,1,0
0.00372295,-0.159051,0.0756239,-0.186451,4.24845,-42721.6,-1,1.1593e-09,1,0
0.00372344,-0.159364,0.0757764,-0.186683,4.24684,-42800.2,-1,4.72772e-11,1,0
0.00372431,-0.159205,0.0752511,-0.18748,4.24756,-42747.5,-1,9.55197e-10,1,0
0.00372481,-0.159561,0.0755555,-0.187692,4.2473,-42837.5,-1,4.82743e-10,1,0
0.00372538,-0.159507,0.0758251,-0.188314,4.24589,-42816.3,-1,3.28026e-10,1,0
0.00372618,-0.159428,0.0760817,-0.188884,4.2436,-42785.9,-1,2.68973e-10,1,0
0.0037271,-0.158783,0.0752338,-0.188786,4.24124,-42602.3,-1,8.50696e-10,1,0
0.00372822,-0.159173,0.0752522,-0.189487,4.24174,-42694.1,-1,8.37145e-10,1,0
0.00372901,-0.159568,0.07502,-0.190262,4.23493,-42791,-1,7.08506e-10,1,0
0.00372994,-0.160188,0.0744912,-0.189466,4.2349,-42946.4,-1,7.08506e-10,1,0
0.00373048,-0.160447,0.0743517,-0.189018,4.23615,-43009.6,-1,6.59721e-11,1,0
0.00373061,-0.160399,0.0744964,-0.188986,4.23469,-42995.3,-1,8.05076e-11,1,0
0.0037318,-0.160179,0.0734714,-0.188811,4.23621,-42922.8,-1,4.53437e-10,1,0
0.00373287,-0.160216,0.0738406,-0.189484,4.23557,-42920.4,-1,3.77116e-11,1,0
0.00373328,-0.160384,0.0742209,-0.189508,4.23373,-42960.7,-1,4.25931e-10,1,0
0.00373397,-0.160734,0.0739313,-0.189721,4.23202,-43046.4,-1,5.05953e-10,1,0
0.00373492,-0.161501,0.0732325,-0.189216,4.23282,-43240.7,-1,1.07984e-09,1,0
0.00373587,-0.161998,0.0735778,-0.189948,4.23542,-43362.9,-1,1.70639e-10,1,0
0.00373632,-0.162306,0.0738956,-0.19024,4.23768,-43440,-1,7.68171e-12,1,0
0.00373684,-0.162264,0.0739782,-0.190602,4.23753,-43422.6,-1,4.50829e-10,1,0
0.00373734,-0.162128,0.0745455,-0.19064,4.23755,-43380.6,-1,1.44307e-10,1,0
0.00373822,-0.162794,0.075159,-0.190618,4.23518,-43548.4,-1,7.84706e-10,1,0
0.00373933,-0.16351,0.0752184,-0.191326,4.23604,-43727,-1,1.38364e-09,1,0
0.00374007,-0.163981,0.0751468,-0.191535,4.23662,-43844.3,-1,4.33206e-10,1,0
0.00374066,-0.164502,0.0752308,-0.191615,4.23507,-43976.9,-1,1.70314e-10,1,0
0.00374217,-0.165318,0.0747262,-0.19074,4.23471,-44177.1,-1,6.76657e-10,1,0
0.00374281,-0.164542,0.0747761,-0.190833,4.23536,-43962.2,-1,7.83118e-10,1,0
0.0037444,-0.164093,0.0746432,-0.190077,4.23477,-43823.7,-1,1.15896e-09,1,0
0.00374483,-0.164094,0.0741993,-0.18995,4.23312,-43818.9,-1,4.34019e-11,1,0
0.00374546,-0.164545,0.0738366,-0.189519,4.22965,-43931.9,-1,7.40758e-10,1,0
0.00374601,-0.163922,0.0739449,-0.189302,4.22968,-43759.2,-1,7.40758e-10,1,0
0.00374657,-0.163286,0.0740556,-0.189081,4.23025,-43582.8,-1,1.35093e-09,1,0
0.00374686,-0.163443,0.0740398,-0.189257,4.23164,-43621.3,-1,8.86709e-11,1,0
0.00374747,-0.163833,0.0742379,-0.189518,4.22892,-43718.5,-1,1.70497e-10,1,0
0.00374865,-0.16256,0.0745178,-0.19014,4.22899,-43364.9,-1,1.70497e-10,1,0
0.00374962,-0.161513,0.0747479,-0.190651,4.2296,-43074.5,-1,2.63218e-09,1,0
0.00375137,-0.162361,0.0764647,-0.191584,4.22738,-43280.6,-1,2.12985e-09,1,0
0.00375178,-0.162275,0.0768128,-0.191233,4.22876,-43252.8,-1,5.01712e-10,1,0
0.00375226,-0.162291,0.0769583,-0.191691,4.22482,-43251.6,-1,2.52201e-10,1,0
0.00375336,-0.161905,0.0775118,-0.19063,4.22233,-43135.9,-1,9.71854e-10,1,0
0.00375413,-0.162411,0.077697,-0.191218,4.22396,-43261.9,-1,5.31307e-11,1,0
0.00375522,-0.161622,0.0770295,-0.19155,4.22443,-43039.3,-1,4.86262e-10,1,0
0.00375627,-0.160907,0.0779499,-0.191083,4.22623,-42837,-1,1.24683e-09,1,0
0.00375728,-0.160741,0.0772731,-0.190076,4.22695,-42781.3,-1,5.36257e-12,1,0
0.0037579,-0.160648,0.0779111,-0.189838,4.22421,-42749.3,-1,6.83977e-10,1,0
0.00375924,-0.161292,0.0784918,-0.190415,4.22284,-42905.5,-1,3.29228e-10,1,0
0.00376031,-0.161075,0.0789207,-0.189207,4.22159,-42835.6,-1,1.2998e-09,1,0
0.00376083,-0.160708,0.0791948,-0.189575,4.22062,-42731.9,-1,1.61123e-10,1,0
0.00376167,-0.159797,0.0796734,-0.189586,4.2216,-42480.4,-1,1.02853e-09,1,0
0.0037624,-0.159509,0.0793712,-0.190253,4.21989,-42395.6,-1,2.86818e-10,1,0
0.00376288,-0.159728,0.079322,-0.19038,4.22057,-42448.4,-1,2.95858e-10,1,0
0.003764,-0.159471,0.0794215,-0.190718,4.22127,-42367.4,-1,4.10084e-10,1,0
0.00376415,-0.159588,0.0793007,-0.190701,4.22127,-42396.8,-1,6.10167e-10,1,0
0.00376588,-0.16004,0.078182,-0.189536,4.21812,-42497.3,-1,3.14344e-10,1,0
0.00376636,-0.160055,0.0783161,-0.188986,4.21887,-42495.9,-1,3.08232e-10,1,0
0.00376721,-0.160183,0.0777764,-0.189035,4.22026,-42520.4,-1,7.39133e-10,1,0
0.00376795,-0.160447,0.0774491,-0.189512,4.22186,-42582,-1,5.95988e-10,1,0
0.00376885,-0.159473,0.077837,-0.189503,4.22333,-42313.4,-1,1.06887e-09,1,0
0.00376926,-0.159125,0.0777413,-0.189776,4.22329,-42216.3,-1,6.13432e-11,1,0
0.00376978,-0.159429,0.0772882,-0.189465,4.22336,-42291.3,-1,6.28446e-10,1,0
0.0037702,-0.159759,0.0774717,-0.189246,4.2217,-42374.1,-1,2.35051e-10,1,0
0.0037706,-0.159755,0.0777543,-0.18934,4.22462,-42368.5,-1,4.86607e-10,1,0
0.00377183,-0.158825,0.0787582,-0.189753,4.2235,-42108.3,-1,1.61067e-09,1,0
0.00377272,-0.158801,0.0796235,-0.189852,4.22398,-42092,-1,4.16944e-10,1,0
0.00377322,-0.159122,0.0799891,-0.189982,4.22108,-42171.5,-1,4.76262e-10,1,0
0.00377373,-0.15931,0.0797856,-0.190537,4.22108,-42215.5,-1,4.76262e-10,1,0
0.00377519,-0.159813,0.0795962,-0.191072,4.21714,-42332.3,-1,5.8979e-10,1,0
0.00377608,-0.15891,0.0798282,-0.191607,4.21719,-42083.3,-1,5.8979e-10,1,0
0.00377703,-0.157935,0.0800785,-0.192184,4.21778,-41814.7,-1,2.23505e-09,1,0
0.00377806,-0.157762,0.0793909,-0.193178,4.21688,-41757.4,-1,5.48323e-10,1,0
0.003779,-0.156729,0.0795043,-0.192757,4.21861,-41473.6,-1,4.20495e-11,1,0
0.00377972,-0.156208,0.0793186,-0.192502,4.2197,-41328.1,-1,1.7418e-09,1,0
0.00378025,-0.156391,0.0787657,-0.19248,4.21907,-41370.6,-1,4.59933e-11,1,0
0.00378106,-0.156495,0.0783994,-0.191566,4.21906,-41389.3,-1,4.59933e-11,1,0
0.00378191,-0.156559,0.0780714,-0.190707,4.2185,-41396.9,-1,1.60644e-10,1,0
0.00378291,-0.156418,0.0772265,-0.190769,4.22066,-41348.6,-1,2.79971e-10,1,0
0.00378365,-0.155708,0.0770062,-0.190785,4.2165,-41153,-1,6.87954e-10,1,0
0.00378491,-0.155984,0.0767445,-0.189294,4.21629,-41212.1,-1,1.53876e-09,1,0
0.00378594,-0.156027,0.0757236,-0.188566,4.21629,-41212.3,-1,1.53876e-09,1,0
0.00378644,-0.155984,0.0753006,-0.188562,4.21536,-41195.4,-1,2.51506e-10,1,0
0.00378714,-0.156661,0.0752312,-0.188046,4.21794,-41366.5,-1,2.31294e-10,1,0
0.00378776,-0.156274,0.0747407,-0.187673,4.21854,-41257.6,-1,5.54018e-10,1,0
0.00378863,-0.156196,0.074245,-0.186834,4.21886,-41227.5,-1,9.68324e-10,1,0
0.00378904,-0.156475,0.0740455,-0.186474,4.21884,-41296.7,-1,9.68324e-10,1,0
0.00379035,-0.156228,0.0745542,-0.185166,4.21945,-41217.4,-1,1.33257e-09,1,0
0.00379134,-0.156684,0.0745591,-0.184488,4.22268,-41326.8,-1,7.09149e-11,1,0
0.0037923,-0.157559,0.0743964,-0.18526,4.22245,-41547.1,-1,5.46819e-13,1,0
0.00379288,-0.157347,0.074989,-0.185522,4.22379,-41484.9,-1,2.5359e-11,1,0
0.0037936,-0.15706,0.0748244,-0.185976,4.2226,-41401.3,-1,4.42506e-10,1,0
0.00379494,-0.157585,0.0735513,-0.185104,4.22222,-41525,-1,1.63004e-09,1,0
0.00379552,-0.156952,0.0738525,-0.185232,4.22225,-41352,-1,1.63004e-09,1,0
0.00379641,-0.156744,0.0738777,-0.185595,4.22299,-41287.3,-1,1.31924e-09,1,0
0.00379754,-0.157701,0.0732069,-0.186328,4.22294,-41527.2,-1,1.31924e-09,1,0
0.00379858,-0.158197,0.0731981,-0.18666,4.21731,-41646.4,-1,3.8419e-10,1,0
0.00379909,-0.158482,0.0737387,-0.186516,4.21695,-41715.9,-1,6.27884e-10,1,0
0.00379943,-0.158793,0.0739443,-0.186702,4.21578,-41793.9,-1,4.1638e-10,1,0
0.0038007,-0.158808,0.073089,-0.187547,4.21586,-41783.9,-1,3.85028e-10,1,0
0.00380168,-0.15794,0.073317,-0.188188,4.21621,-41544.9,-1,1.5455e-10,1,0
0.00380269,-0.158775,0.0725142,-0.187847,4.21659,-41753.4,-1,1.05727e-09,1,0
0.00380401,-0.159929,0.0720116,-0.18756,4.21541,-42042.3,-1,4.39908e-10,1,0
0.00380498,-0.159452,0.0723122,-0.186514,4.21544,-41906.1,-1,1.18791e-09,1,0
0.00380639,-0.159031,0.0723411,-0.186858,4.2172,-41780,-1,1.09662e-09,1,0
0.00380691,-0.159348,0.0720529,-0.186433,4.21745,-41857.6,-1,1.88694e-10,1,0
0.00380776,-0.158437,0.0722156,-0.186901,4.21749,-41608.9,-1,1.88694e-10,1,0
0.00380979,-0.156265,0.0726031,-0.188018,4.21771,-41016.7,-1,3.50991e-09,1,0
0.00381097,-0.155596,0.073221,-0.188572,4.21337,-40828.5,-1,3.17764e-10,1,0
0.00381187,-0.156245,0.0730871,-0.188518,4.21243,-40989,-1,3.25284e-10,1,0
0.00381242,-0.156727,0.0731557,-0.1884,4.20971,-41109.5,-1,3.00651e-10,1,0
0.00381335,-0.156609,0.0725873,-0.188763,4.21089,-41068.6,-1,8.39623e-10,1,0
0.00381424,-0.157147,0.0734985,-0.188573,4.21127,-41200.2,-1,3.04227e-10,1,0
0.00381523,-0.157556,0.0742276,-0.188356,4.21288,-41296.7,-1,1.77941e-10,1,0
0.00381594,-0.157996,0.0748029,-0.18875,4.21336,-41404.1,-1,5.41824e-10,1,0
0.00381666,-0.157993,0.0749174,-0.1882,4.21321,-41395.6,-1,5.43435e-10,1,0
0.00381723,-0.158058,0.0746297,-0.188424,4.21309,-41406.5,-1,3.02207e-10,1,0
0.0038174,-0.158081,0.0745868,-0.188556,4.21515,-41410.7,-1,4.46272e-11,1,0
0.00381866,-0.159086,0.0742718,-0.189528,4.21444,-41660.3,-1,1.36646e-10,1,0
0.00381974,-0.158391,0.0732392,-0.18908,4.21447,-41466.3,-1,1.36646e-10,1,0
0.00382167,-0.157155,0.0714067,-0.188284,4.21453,-41122.2,-1,1.36646e-10,1,0
0.00382229,-0.157296,0.0719939,-0.187883,4.2137,-41152.2,-1,7.34323e-10,1,0
0.00382322,-0.158271,0.0724359,-0.18756,4.21398,-41397.2,-1,2.60799e-10,1,0
0.00382471,-0.159573,0.0729499,-0.186707,4.21251,-41721.7,-1,2.46842e-10,1,0
0.00382573,-0.159401,0.0730524,-0.186393,4.21214,-41665.5,-1,5.97184e-10,1,0
0.00382632,-0.159429,0.0727684,-0.186143,4.21488,-41666.4,-1,7.0965e-10,1,0
0.00382669,-0.159406,0.0727678,-0.186322,4.21356,-41656.3,-1,4.10985e-10,1,0
0.00382857,-0.158955,0.0736608,-0.187208,4.21508,-41518,-1,1.15901e-09,1,0
0.00382903,-0.159013,0.0734621,-0.18713,4.21262,-41528.2,-1,3.49921e-10,1,0
0.00383037,-0.158418,0.0725667,-0.186103,4.21313,-41358.3,-1,7.25934e-10,1,0
0.00383206,-0.156863,0.0725695,-0.185467,4.21261,-40934.2,-1,2.06812e-09,1,0
0.00383252,-0.156368,0.0725462,-0.185637,4.21201,-40800.3,-1,1.0776e-09,1,0
0.00383335,-0.15644,0.0728256,-0.186107,4.21113,-40810.2,-1,7.46511e-10,1,0
0.00383422,-0.15652,0.0727731,-0.186836,4.21386,-40821.8,-1,6.1902e-10,1,0
0.00383467,-0.156016,0.0728937,-0.187015,4.21286,-40685.7,-1,5.47636e-10,1,0
0.00383501,-0.155778,0.0728359,-0.186694,4.21278,-40619.9,-1,8.79831e-12,1,0
0.00383518,-0.155731,0.0728332,-0.186823,4.21436,-40606,-1,1.64186e-10,1,0
0.00383641,-0.156747,0.0730571,-0.185736,4.21431,-40857.8,-1,1.64186e-10,1,0
0.00383737,-0.157325,0.07292,-0.184978,4.21421,-40998.1,-1,1.39281e-10,1,0
0.00383904,-0.156699,0.0746579,-0.185396,4.21308,-40817.1,-1,1.15895e-09,1,0
0.00384069,-0.155735,0.0752938,-0.186152,4.21131,-40548.6,-1,1.44931e-10,1,0
0.00384107,-0.155456,0.0750889,-0.186053,4.20887,-40472.2,-1,1.42085e-10,1,0
0.00384185,-0.156051,0.0758084,-0.18616,4.20932,-40618.7,-1,6.21687e-10,1,0
0.00384388,-0.156496,0.0773277,-0.187717,4.21085,-40712.9,-1,1.34709e-09,1,0
0.0038441,-0.156606,0.077511,-0.187629,4.21018,-40739.3,-1,1.10393e-10,1,0
0.00384554,-0.15626,0.0782496,-0.186804,4.20718,-40633.9,-1,2.93532e-10,1,0
0.00384628,-0.15581,0.0786571,-0.186725,4.20371,-40509.3,-1,1.61e-10,1,0
0.00384811,-0.155192,0.0770302,-0.186128,4.2046,-40329.3,-1,1.15925e-09,1,0
0.00384947,-0.155602,0.0756076,-0.185479,4.20465,-40421.5,-1,9.3526e-10,1,0
0.00384981,-0.155663,0.0753515,-0.185405,4.20291,-40433.8,-1,5.18245e-11,1,0
0.00385086,-0.154573,0.0748212,-0.185163,4.20434,-40139.9,-1,5.65037e-11,1,0
0.00385202,-0.154167,0.0754733,-0.186239,4.20481,-40022.5,-1,4.13412e-10,1,0
0.00385233,-0.154124,0.0756459,-0.186582,4.20482,-40007.9,-1,4.13412e-10,1,0
0.00385365,-0.153875,0.0763479,-0.187779,4.20255,-39929.6,-1,2.83892e-09,1,0
0.00385474,-0.153446,0.076807,-0.186773,4.20319,-39807,-1,1.09356e-09,1,0
0.00385571,-0.154069,0.0775745,-0.186728,4.20124,-39958.7,-1,8.5134e-10,1,0
0.00385685,-0.15275,0.0773828,-0.187091,4.2003,-39604.8,-1,1.38175e-09,1,0
0.0038576,-0.152812,0.0779348,-0.187583,4.20143,-39613.3,-1,1.32979e-10,1,0
0.00385855,-0.152346,0.0774963,-0.187736,4.20256,-39482.6,-1,7.08766e-10,1,0
0.0038588,-0.152198,0.0772298,-0.18773,4.20257,-39441.8,-1,7.08766e-10,1,0
0.00386004,-0.153372,0.0769531,-0.188433,4.20388,-39733.2,-1,3.88983e-10,1,0
0.00386153,-0.154927,0.0766932,-0.189336,4.2045,-40120.6,-1,3.23596e-09,1,0
0.00386356,-0.155653,0.0776669,-0.190483,4.20377,-40287.6,-1,1.08642e-09,1,0
0.00386547,-0.155196,0.0789036,-0.190866,4.20379,-40149.3,-1,4.67268e-11,1,0
0.00386597,-0.155548,0.0786173,-0.191172,4.20269,-40235.1,-1,1.19158e-09,1,0
0.00386608,-0.155627,0.0785731,-0.191226,4.20405,-40254.5,-1,3.23584e-11,1,0
0.00386695,-0.155433,0.0781058,-0.191089,4.20596,-40195.2,-1,4.54636e-10,1,0
0.00386839,-0.156083,0.0796659,-0.19151,4.20567,-40348.3,-1,1.50509e-09,1,0
0.00386965,-0.155797,0.0784856,-0.192406,4.20568,-40261.2,-1,1.15946e-09,1,0
0.00387072,-0.155495,0.0779744,-0.193484,4.20669,-40172.1,-1,1.29909e-09,1,0
0.0038711,-0.155234,0.0779717,-0.193869,4.20698,-40100.6,-1,8.47689e-10,1,0
0.00387216,-0.155078,0.0771702,-0.193592,4.20659,-40049.4,-1,3.46183e-10,1,0
0.00387418,-0.155437,0.0761852,-0.1922,4.20497,-40121.3,-1,6.05199e-10,1,0
0.00387454,-0.155273,0.0763805,-0.191967,4.20282,-40075.3,-1,8.31731e-11,1,0
0.00387477,-0.155461,0.0763366,-0.192117,4.20385,-40121.5,-1,9.20721e-12,1,0
0.00387534,-0.155897,0.076124,-0.192532,4.20455,-40227.9,-1,3.60081e-11,1,0
0.00387606,-0.156477,0.0759219,-0.192822,4.2041,-40370.2,-1,1.49665e-10,1,0
0.00387712,-0.157206,0.0766126,-0.192014,4.20271,-40547,-1,1.28856e-09,1,0
0.00387752,-0.157385,0.0768774,-0.191757,4.20452,-40589.1,-1,4.02165e-10,1,0
0.00387842,-0.157857,0.0774913,-0.191707,4.20092,-40701.4,-1,8.79464e-11,1,0
0.00387867,-0.157926,0.0777585,-0.191798,4.20035,-40716.6,-1,5.39451e-10,1,0
0.00387952,-0.158143,0.0787765,-0.191791,4.20034,-40763.6,-1,5.39451e-10,1,0
0.00387973,-0.158195,0.0790169,-0.191789,4.20033,-40774.7,-1,5.39451e-10,1,0
0.00388012,-0.158376,0.0794335,-0.191906,4.19783,-40817.2,-1,3.312e-10,1,0
0.00388043,-0.158094,0.0793346,-0.192106,4.19757,-40741.3,-1,3.6178e-10,1,0
0.00388156,-0.158991,0.0798155,-0.192775,4.19808,-40960.5,-1,1.25445e-09,1,0
0.00388265,-0.158636,0.0802297,-0.193044,4.19962,-40857.7,-1,4.64772e-10,1,0
0.00388389,-0.160078,0.0799434,-0.19338,4.1988,-41215.9,-1,1.50814e-09,1,0
0.00388423,-0.160014,0.0798212,-0.193386,4.19885,-41195.9,-1,9.32198e-11,1,0
0.00388577,-0.159032,0.0799885,-0.192882,4.19695,-40926.9,-1,7.11037e-10,1,0
0.00388712,-0.159729,0.0802245,-0.191661,4.19896,-41091.9,-1,1.82178e-10,1,0
0.00388792,-0.159882,0.0807705,-0.191934,4.19888,-41122.6,-1,1.62817e-10,1,0
0.00388834,-0.159945,0.0803849,-0.192156,4.20048,-41134.5,-1,2.16102e-10,1,0
0.00389047,-0.162448,0.0805106,-0.192811,4.20036,-41755.4,-1,2.16102e-10,1,0
0.00389207,-0.16387,0.0806536,-0.192879,4.1994,-42103.5,-1,3.60358e-10,1,0
0.00389263,-0.163847,0.0808446,-0.192725,4.19329,-42091.6,-1,3.71651e-10,1,0
0.00389281,-0.163987,0.0809692,-0.192822,4.19328,-42125.6,-1,3.71651e-10,1,0
0.00389316,-0.164155,0.0811849,-0.193058,4.19414,-42164.9,-1,8.52376e-10,1,0
0.00389442,-0.163187,0.0812395,-0.193893,4.19112,-41902.7,-1,3.86913e-10,1,0
0.00389575,-0.164037,0.0812599,-0.194951,4.19201,-42106.6,-1,7.15449e-10,1,0
0.00389607,-0.164255,0.0814517,-0.19521,4.192,-42159.2,-1,7.15449e-10,1,0
0.0038972,-0.165335,0.0816854,-0.194972,4.19377,-42424.1,-1,1.65475e-09,1,0
0.00389833,-0.166539,0.0817558,-0.194303,4.19371,-42720.5,-1,1.65475e-09,1,0
0.0039003,-0.166789,0.0830317,-0.196264,4.19432,-42763.2,-1,2.36035e-09,1,0
0.00390139,-0.167299,0.0826879,-0.19538,4.19528,-42882,-1,6.49644e-10,1,0
0.00390173,-0.167136,0.082941,-0.195234,4.19575,-42836.5,-1,2.92767e-10,1,0
0.00390202,-0.167377,0.0828517,-0.195104,4.19381,-42895.1,-1,5.62471e-11,1,0
0.00390456,-0.168726,0.0833204,-0.194265,4.19356,-43212.4,-1,7.28827e-10,1,0
0.00390534,-0.168436,0.0838952,-0.194162,4.19526,-43129.5,-1,3.98357e-10,1,0
0.00390609,-0.168424,0.0838382,-0.19334,4.19294,-43118.3,-1,8.39012e-10,1,0
0.00390686,-0.167733,0.0841399,-0.193802,4.19296,-42933.1,-1,4.13653e-11,1,0
0.00390719,-0.167745,0.084166,-0.193977,4.18797,-42932.3,-1,2.26106e-10,1,0
0.00390795,-0.168483,0.0837276,-0.193808,4.18659,-43112.9,-1,8.76815e-10,1,0
0.00390873,-0.168707,0.0838913,-0.193363,4.1881,-43161.5,-1,3.89442e-10,1,0
0.00390991,-0.168661,0.0842836,-0.194157,4.18633,-43136.7,-1,1.01844e-09,1,0
0.00391077,-0.168327,0.084415,-0.195129,4.18635,-43041.8,-1,1.01844e-09,1,0
0.0039123,-0.168278,0.0851384,-0.196711,4.18634,-43012.4,-1,1.03214e-09,1,0
0.00391313,-0.168592,0.0850888,-0.197406,4.18411,-43083.7,-1,1.37382e-10,1,0
0.00391399,-0.168561,0.0857984,-0.197043,4.18647,-43066.2,-1,7.06018e-10,1,0
0.00391459,-0.168033,0.0861793,-0.197266,4.18529,-42924.9,-1,1.82517e-10,1,0
0.00391551,-0.167613,0.0862315,-0.197312,4.18389,-42807.5,-1,2.202e-10,1,0
0.00391625,-0.168082,0.0862041,-0.197643,4.18267,-42919.1,-1,5.31681e-10,1,0
0.00391735,-0.168621,0.0861661,-0.198851,4.18465,-43044.6,-1,2.68673e-11,1,0
0.00391873,-0.168185,0.0847579,-0.199142,4.18505,-42918.1,-1,8.02804e-10,1,0
0.00391993,-0.16775,0.0834161,-0.198789,4.18565,-42794.2,-1,2.32874e-09,1,0
0.00392109,-0.16783,0.0840144,-0.199729,4.18597,-42801.9,-1,8.73867e-10,1,0
0.00392151,-0.16795,0.0836819,-0.199881,4.18665,-42827.9,-1,3.02293e-10,1,0
0.00392288,-0.16741,0.0851992,-0.199946,4.18586,-42675.4,-1,3.56769e-10,1,0
0.00392433,-0.167694,0.0851459,-0.19821,4.18622,-42731.9,-1,1.76022e-09,1,0
0.00392472,-0.167572,0.0855968,-0.198286,4.18624,-42696.6,-1,4.7322e-10,1,0
0.00392553,-0.167648,0.0861219,-0.198644,4.18939,-42707.1,-1,1.84162e-10,1,0
0.00392625,-0.167899,0.0859652,-0.1994,4.18907,-42763.2,-1,5.72725e-10,1,0
0.00392655,-0.167745,0.0859146,-0.199403,4.18647,-42720.7,-1,2.19942e-10,1,0
0.00392776,-0.167918,0.0857757,-0.200755,4.18708,-42751.5,-1,8.24826e-10,1,0
0.00392872,-0.168304,0.0867386,-0.200334,4.18687,-42839.3,-1,1.04043e-09,1,0
0.00392954,-0.168363,0.0876401,-0.200701,4.18707,-42845.6,-1,2.17995e-10,1,0
0.00393012,-0.168583,0.0872418,-0.200584,4.18721,-42895.2,-1,1.95245e-10,1,0
0.0039305,-0.168444,0.0870949,-0.200602,4.18579,-42855.6,-1,6.76555e-10,1,0
0.0039322,-0.167075,0.0875317,-0.202043,4.18514,-42488.9,-1,3.6662e-10,1,0
0.00393316,-0.166748,0.0873639,-0.201969,4.18431,-42395.5,-1,5.7856e-10,1,0
0.00393423,-0.167581,0.0868377,-0.201179,4.1869,-42595.6,-1,8.19868e-11,1,0
0.00393508,-0.168246,0.0866231,-0.200557,4.18718,-42755.4,-1,4.42058e-10,1,0
0.00393539,-0.168354,0.0868718,-0.200395,4.18596,-42779.4,-1,4.29406e-11,1,0
0.00393647,-0.167454,0.0859523,-0.200164,4.186,-42539,-1,4.29406e-11,1,0
0.00393681,-0.167259,0.0858554,-0.200332,4.1863,-42485.8,-1,8.84544e-11,1,0
0.00393722,-0.166909,0.0856057,-0.200581,4.18631,-42392.7,-1,8.84544e-11,1,0
0.00393837,-0.16598,0.0849355,-0.201321,4.18648,-42144.5,-1,2.0867e-09,1,0
0.00393963,-0.165955,0.0840981,-0.202058,4.18695,-42124.6,-1,7.18513e-10,1,0
0.00394025,-0.165241,0.0838739,-0.202151,4.18698,-41936.7,-1,7.18513e-10,1,0
0.00394203,-0.164556,0.0833308,-0.202774,4.1864,-41744.1,-1,7.52105e-10,1,0
0.00394247,-0.164422,0.0833979,-0.202713,4.19029,-41705.4,-1,1.30993e-10,1,0
0.00394272,-0.164593,0.0833435,-0.202836,4.18907,-41746.1,-1,1.47544e-10,1,0
0.00394412,-0.164696,0.0827454,-0.203222,4.18753,-41757.4,-1,1.34938e-09,1,0
0.00394502,-0.164021,0.083549,-0.202934,4.18875,-41576.6,-1,1.60295e-09,1,0
0.00394573,-0.164055,0.0832985,-0.202207,4.18847,-41577.8,-1,7.88351e-10,1,0
0.00394662,-0.164197,0.083476,-0.201151,4.18793,-41604.3,-1,7.76806e-11,1,0
0.00394689,-0.164239,0.0835267,-0.200835,4.18863,-41612.3,-1,1.40043e-09,1,0
0.00394832,-0.163172,0.0838731,-0.20153,4.18989,-41326.8,-1,8.92239e-10,1,0
0.00394918,-0.162967,0.08396,-0.202534,4.19011,-41266,-1,1.68408e-09,1,0
0.00394989,-0.162965,0.0837731,-0.203262,4.1912,-41258,-1,2.93637e-10,1,0
0.00395047,-0.163363,0.0838589,-0.203582,4.19317,-41352.7,-1,4.49742e-10,1,0
0.00395124,-0.163601,0.0832105,-0.204206,4.19317,-41405.1,-1,1.18409e-09,1,0
0.00395185,-0.163494,0.0828498,-0.203604,4.19765,-41371.4,-1,2.42738e-11,1,0
0.00395247,-0.163367,0.0824858,-0.202967,4.19748,-41333,-1,1.4611e-09,1,0
0.00395258,-0.163311,0.0824137,-0.20287,4.19748,-41317.5,-1,1.4611e-09,1,0
0.00395312,-0.163492,0.0821964,-0.202437,4.19782,-41357.7,-1,5.37402e-10,1,0
0.00395326,-0.163548,0.0821066,-0.202297,4.1981,-41370.3,-1,1.75354e-10,1,0
0.0039536,-0.16344,0.0824193,-0.20225,4.19681,-41339.6,-1,2.11291e-10,1,0
0.00395415,-0.16315,0.0826311,-0.201864,4.19423,-41260.6,-1,1.92935e-10,1,0
0.00395469,-0.163615,0.0830008,-0.202109,4.19455,-41372.3,-1,2.98698e-10,1,0
0.00395597,-0.163859,0.0831631,-0.203475,4.19389,-41420.8,-1,1.20074e-09,1,0
0.00395704,-0.162916,0.0828715,-0.202994,4.19244,-41171.1,-1,1.76757e-10,1,0
0.00395778,-0.162574,0.0834839,-0.203298,4.19389,-41077.2,-1,5.34967e-10,1,0
0.00395929,-0.163297,0.084147,-0.203771,4.19159,-41244,-1,1.24802e-10,1,0
0.00395995,-0.163042,0.0840694,-0.203876,4.1883,-41172.8,-1,2.59157e-10,1,0
0.00396148,-0.163431,0.0853856,-0.203969,4.18605,-41254.9,-1,1.2602e-09,1,0
0.00396248,-0.164428,0.0856975,-0.204579,4.186,-41496.4,-1,1.2602e-09,1,0
0.00396323,-0.165181,0.0859328,-0.205039,4.18454,-41678.5,-1,2.80757e-09,1,0
0.00396337,-0.165216,0.085816,-0.205083,4.18347,-41685.7,-1,3.77981e-11,1,0
0.00396412,-0.164748,0.086538,-0.205379,4.1835,-41559.9,-1,3.77981e-11,1,0
0.00396509,-0.164221,0.0872514,-0.205861,4.18642,-41416.7,-1,1.7548e-10,1,0
0.00396539,-0.164051,0.0870799,-0.205756,4.18191,-41370.7,-1,3.02931e-10,1,0
0.00396698,-0.165749,0.0874841,-0.204946,4.18182,-41782.1,-1,3.02931e-10,1,0
0.00396817,-0.167024,0.0877878,-0.204337,4.18176,-42091,-1,3.02931e-10,1,0
0.00396945,-0.167579,0.0872807,-0.204155,4.17636,-42217.3,-1,2.1041e-10,1,0
0.00397037,-0.167818,0.0870016,-0.204683,4.17656,-42267.7,-1,6.58593e-10,1,0
0.00397095,-0.167515,0.0863659,-0.204653,4.17657,-42185.1,-1,6.58593e-10,1,0
0.00397278,-0.167469,0.0851499,-0.205518,4.17707,-42154.2,-1,2.29873e-09,1,0
0.00397339,-0.168153,0.084957,-0.205606,4.17678,-42319.7,-1,1.08277e-09,1,0
0.00397466,-0.168584,0.0847875,-0.204551,4.176,-42414.6,-1,1.18024e-09,1,0
0.0039748,-0.168483,0.0847401,-0.204473,4.17391,-42387.7,-1,1.30909e-10,1,0
0.00397538,-0.168354,0.0846619,-0.204665,4.17621,-42349.3,-1,2.51156e-10,1,0
0.00397641,-0.168743,0.0850095,-0.204329,4.17517,-42435.9,-1,7.34647e-10,1,0
0.00397732,-0.167794,0.085569,-0.204306,4.17522,-42187.8,-1,7.34647e-10,1,0
0.00397926,-0.167891,0.08693,-0.205553,4.17792,-42191.5,-1,9.87744e-10,1,0
0.00397992,-0.167502,0.0873183,-0.205891,4.17728,-42086.9,-1,2.42161e-10,1,0
0.00398021,-0.167619,0.087322,-0.205569,4.17784,-42113.1,-1,1.58085e-10,1,0
0.00398127,-0.167547,0.0878109,-0.204654,4.1748,-42083.9,-1,4.61568e-10,1,0
0.00398166,-0.167228,0.087995,-0.204852,4.17537,-41999.6,-1,2.23876e-10,1,0
0.00398244,-0.166894,0.0874558,-0.204216,4.1743,-41907.4,-1,1.3852e-10,1,0
0.00398395,-0.166061,0.0868092,-0.203503,4.17373,-41682.5,-1,2.2074e-09,1,0
0.00398459,-0.165522,0.0871137,-0.20378,4.17093,-41540.6,-1,1.19111e-09,1,0
0.00398583,-0.165713,0.0883875,-0.203013,4.1733,-41575.7,-1,1.58923e-09,1,0
0.00398675,-0.166367,0.0887594,-0.202966,4.17188,-41729.9,-1,7.63824e-10,1,0
0.00398784,-0.166263,0.0900429,-0.203258,4.17189,-41692.4,-1,7.63824e-10,1,0
0.00398863,-0.166379,0.0905511,-0.203639,4.16967,-41713.3,-1,1.89414e-11,1,0
0.00399043,-0.166612,0.0894569,-0.205156,4.16878,-41752.8,-1,1.65373e-09,1,0
0.00399148,-0.165924,0.0884119,-0.205373,4.17075,-41569.5,-1,1.80238e-09,1,0
0.00399222,-0.166446,0.0881856,-0.205961,4.16906,-41692.5,-1,6.55306e-10,1,0
0.00399249,-0.166296,0.0881502,-0.206069,4.1666,-41652.1,-1,2.36446e-10,1,0
0.00399495,-0.167325,0.0866087,-0.207487,4.16792,-41884.1,-1,2.12788e-09,1,0
0.00399608,-0.167564,0.0868861,-0.206917,4.16723,-41932.1,-1,5.44841e-10,1,0
0.00399761,-0.168469,0.0870889,-0.207638,4.1691,-42142.5,-1,2.40272e-10,1,0
0.00399945,-0.169264,0.0861547,-0.209499,4.16818,-42321.8,-1,3.09179e-09,1,0
0.00400015,-0.169674,0.0867053,-0.210004,4.16851,-42416.8,-1,8.51928e-10,1,0
0.00400094,-0.170387,0.0870365,-0.210204,4.16937,-42586.8,-1,8.41078e-11,1,0
0.00400133,-0.170612,0.0870014,-0.210538,4.16755,-42638.9,-1,1.01825e-09,1,0
0.00400249,-0.171034,0.0865454,-0.211802,4.16753,-42731.8,-1,1.01825e-09,1,0
0.0040041,-0.171959,0.0867888,-0.211974,4.167,-42945.7,-1,2.62556e-09,1,0
0.00400454,-0.172279,0.0869393,-0.211649,4.16711,-43021,-1,1.46516e-09,1,0
0.00400621,-0.172077,0.0866766,-0.212245,4.16948,-42952.6,-1,5.10306e-10,1,0
0.00400695,-0.172265,0.086674,-0.212901,4.16712,-42991.6,-1,4.74205e-10,1,0
0.0040073,-0.172108,0.0865248,-0.21327,4.16543,-42948.5,-1,8.41899e-10,1,0
0.00400759,-0.171948,0.086358,-0.213158,4.16578,-42905.6,-1,5.87191e-11,1,0
0.00400836,-0.171412,0.086277,-0.213269,4.16792,-42763.7,-1,2.17072e-10,1,0
0.00400946,-0.17048,0.0865132,-0.212347,4.16797,-42519.4,-1,2.17072e-10,1,0
0.00400977,-0.17021,0.0865198,-0.212103,4.16827,-42448.7,-1,1.56313e-09,1,0
0.0040107,-0.169343,0.0862478,-0.211433,4.16831,-42222.8,-1,1.27061e-09,1,0
0.00401114,-0.169286,0.086635,-0.211785,4.16841,-42203.9,-1,2.4044e-10,1,0
0.00401166,-0.169133,0.0870528,-0.21209,4.16932,-42160.2,-1,2.82265e-10,1,0
0.00401305,-0.169671,0.0880347,-0.213189,4.16366,-42279.8,-1,4.916e-10,1,0
0.00401401,-0.169977,0.0871792,-0.213071,4.16407,-42346,-1,3.24115e-10,1,0
0.00401495,-0.170088,0.0876376,-0.213012,4.16528,-42363.8,-1,3.7282e-10,1,0
0.00401668,-0.169549,0.0874385,-0.212143,4.16662,-42211.3,-1,1.24763e-09,1,0
0.0040184,-0.168208,0.0861955,-0.211186,4.16752,-41859.5,-1,9.00976e-10,1,0
0.00401986,-0.168465,0.085227,-0.211565,4.16738,-41908.2,-1,9.39041e-10,1,0
0.00402095,-0.16905,0.0850399,-0.21243,4.16687,-42042.3,-1,1.48451e-10,1,0
0.00402159,-0.168704,0.0853096,-0.212392,4.16779,-41949.5,-1,5.52248e-10,1,0
0.00402246,-0.169376,0.0854991,-0.212357,4.16797,-42107.6,-1,7.36544e-12,1,0
0.00402375,-0.170388,0.0866227,-0.212785,4.16662,-42345.4,-1,2.18728e-09,1,0
0.00402426,-0.170507,0.0869354,-0.212936,4.16912,-42369.9,-1,1.83584e-10,1,0
0.0040246,-0.170351,0.0871858,-0.212992,4.17188,-42327.3,-1,2.95902e-10,1,0
0.00402529,-0.170534,0.0871652,-0.212919,4.16936,-42365.6,-1,3.29004e-10,1,0
0.00402664,-0.170846,0.0879964,-0.21275,4.16753,-42428.9,-1,1.31592e-09,1,0
0.00402728,-0.170494,0.0874079,-0.212862,4.16877,-42334.7,-1,5.74299e-10,1,0
0.00402816,-0.171403,0.0878172,-0.212774,4.1682,-42551.2,-1,1.06671e-10,1,0
0.00402862,-0.171761,0.088066,-0.212775,4.16537,-42635.2,-1,1.21991e-10,1,0
0.0040294,-0.172408,0.0879904,-0.213146,4.16492,-42787.6,-1,5.10691e-10,1,0
0.00403086,-0.172961,0.0874686,-0.212441,4.16306,-42909.3,-1,5.95394e-10,1,0
0.0040312,-0.173059,0.0872246,-0.212228,4.16446,-42930,-1,5.80315e-11,1,0
0.00403168,-0.173246,0.0871315,-0.212429,4.16547,-42971.1,-1,4.33782e-10,1,0
0.00403264,-0.172472,0.0877811,-0.211862,4.16551,-42769.1,-1,4.33782e-10,1,0
0.00403336,-0.171887,0.0882727,-0.211433,4.16512,-42616.3,-1,2.18458e-09,1,0
0.00403573,-0.171579,0.089162,-0.213227,4.16074,-42515.1,-1,6.52265e-10,1,0
0.00403689,-0.171545,0.0895155,-0.214257,4.1608,-42494.4,-1,2.84828e-10,1,0
0.00403816,-0.171912,0.0901498,-0.21322,4.16306,-42572,-1,1.2608e-09,1,0
0.00403836,-0.172061,0.0903227,-0.213282,4.16406,-42606.7,-1,2.36416e-10,1,0
0.00403918,-0.17251,0.0907296,-0.213763,4.15984,-42709.1,-1,3.67108e-10,1,0
0.00404006,-0.17183,0.0912458,-0.214393,4.15988,-42531.6,-1,3.67108e-10,1,0
0.00404047,-0.171995,0.0910389,-0.214724,4.15813,-42568,-1,3.94782e-10,1,0
0.00404071,-0.172217,0.0910434,-0.21481,4.15743,-42620.4,-1,3.15291e-10,1,0
0.00404107,-0.172023,0.0906691,-0.214686,4.15939,-42568.6,-1,4.73075e-10,1,0
0.00404282,-0.171082,0.0925362,-0.215013,4.15899,-42317.5,-1,2.11601e-09,1,0
0.00404374,-0.171276,0.092628,-0.215507,4.15852,-42355.7,-1,3.67814e-10,1,0
0.00404484,-0.170789,0.0937532,-0.216029,4.15855,-42224,-1,3.67814e-10,1,0
0.00404611,-0.170681,0.0947724,-0.216659,4.161,-42183.9,-1,7.81899e-12,1,0
0.00404619,-0.170692,0.0948411,-0.216731,4.15954,-42185.8,-1,1.31374e-12,1,0
0.00404698,-0.170805,0.095501,-0.217419,4.15882,-42205.5,-1,1.06122e-09,1,0
0.00404771,-0.171093,0.0955048,-0.217645,4.15584,-42269.2,-1,5.43249e-10,1,0
0.00404976,-0.169197,0.0951026,-0.219206,4.1562,-41779.4,-1,2.81931e-09,1,0
0.00405054,-0.168848,0.0949121,-0.218457,4.15488,-41685.3,-1,1.21952e-10,1,0
0.00405168,-0.168247,0.0959705,-0.218549,4.15386,-41525.2,-1,1.23558e-09,1,0
0.0040528,-0.167239,0.0966806,-0.21855,4.15238,-41265.1,-1,1.44445e-10,1,0
0.00405383,-0.166338,0.0971843,-0.218605,4.15046,-41032.4,-1,3.76161e-10,1,0
0.00405488,-0.166134,0.0982649,-0.217986,4.15047,-40971.4,-1,3.76161e-10,1,0
0.00405556,-0.166001,0.09897,-0.217582,4.15048,-40931.6,-1,3.76161e-10,1,0
0.00405583,-0.165947,0.0992514,-0.217421,4.14987,-40915.8,-1,2.66618e-09,1,0
0.00405693,-0.164902,0.099585,-0.218165,4.14992,-40647.1,-1,2.66618e-09,1,0
0.00405795,-0.163922,0.0998979,-0.218863,4.14997,-40395.2,-1,2.66618e-09,1,0
0.00405819,-0.163696,0.0999701,-0.219024,4.14998,-40337.1,-1,2.66618e-09,1,0
0.00405972,-0.162347,0.100243,-0.220232,4.1476,-39989.7,-1,1.06379e-09,1,0
0.00406071,-0.162996,0.0996644,-0.219511,4.14655,-40139.7,-1,1.11427e-09,1,0
0.00406117,-0.163155,0.0999765,-0.219678,4.14518,-40174.4,-1,1.82288e-10,1,0
0.00406208,-0.162745,0.100339,-0.220105,4.14588,-40064.5,-1,3.18207e-10,1,0
0.00406351,-0.163626,0.101506,-0.220813,4.1457,-40267.3,-1,4.36497e-10,1,0
0.00406455,-0.163848,0.102237,-0.220834,4.14342,-40311.5,-1,4.38396e-10,1,0
0.00406534,-0.16436,0.10203,-0.221385,4.14465,-40429.5,-1,3.9488e-10,1,0
0.00406671,-0.164781,0.102485,-0.222093,4.14725,-40519.6,-1,2.32684e-10,1,0
0.00406729,-0.164306,0.1022,-0.221798,4.15098,-40396.9,-1,6.53376e-10,1,0
0.00406812,-0.164198,0.103022,-0.221332,4.15292,-40362.1,-1,9.69e-10,1,0
0.00407057,-0.163122,0.105612,-0.220578,4.15379,-40073.6,-1,2.36061e-09,1,0
0.00407124,-0.163172,0.105733,-0.220169,4.15369,-40079.3,-1,5.81008e-10,1,0
0.00407301,-0.161695,0.106701,-0.221059,4.15443,-39699,-1,8.10502e-10,1,0
0.00407477,-0.160631,0.106526,-0.220844,4.15153,-39420.8,-1,2.28467e-09,1,0
0.00407512,-0.160295,0.106338,-0.220855,4.15126,-39334.9,-1,2.87438e-10,1,0
0.00407571,-0.159845,0.105981,-0.220445,4.15128,-39218.9,-1,2.87438e-10,1,0
0.00407657,-0.159204,0.105655,-0.219889,4.15063,-39053.6,-1,1.50591e-10,1,0
0.0040777,-0.159242,0.106879,-0.219672,4.1503,-39052.1,-1,1.87846e-10,1,0
0.00407852,-0.159252,0.106842,-0.219613,4.15186,-39046.6,-1,1.14216e-10,1,0
0.00407904,-0.159503,0.107233,-0.220043,4.15276,-39103,-1,6.33928e-10,1,0
0.00407981,-0.159701,0.106841,-0.220185,4.15097,-39144.2,-1,6.5472e-10,1,0
0.00408024,-0.159187,0.106931,-0.220193,4.15054,-39014.1,-1,7.93297e-10,1,0
0.00408159,-0.159827,0.108163,-0.21939,4.14868,-39158,-1,4.17712e-10,1,0
0.00408238,-0.159106,0.108556,-0.219807,4.14717,-38973.9,-1,1.88479e-11,1,0
0.00408356,-0.158622,0.1078,-0.220477,4.14897,-38844,-1,1.4575e-10,1,0
0.0040848,-0.158841,0.109047,-0.221202,4.14943,-38885.8,-1,7.6788e-10,1,0
0.00408534,-0.159035,0.108781,-0.220889,4.14948,-38928.1,-1,3.13425e-10,1,0
0.00408621,-0.159006,0.109085,-0.220603,4.15083,-38912.7,-1,8.43761e-10,1,0
0.00408794,-0.159428,0.111073,-0.221104,4.15081,-38999.6,-1,8.43761e-10,1,0
0.00408863,-0.159203,0.111582,-0.221132,4.15018,-38938.1,-1,3.38115e-10,1,0
0.00408907,-0.159062,0.111151,-0.221046,4.15106,-38899.3,-1,4.2443e-11,1,0
0.00409081,-0.159803,0.109246,-0.22058,4.15017,-39064,-1,2.16743e-09,1,0
0.00409128,-0.159741,0.109116,-0.220493,4.14718,-39044.2,-1,3.08543e-10,1,0
0.00409267,-0.160322,0.109529,-0.221002,4.14907,-39172.9,-1,4.77818e-10,1,0
0.00409358,-0.160715,0.108962,-0.220222,4.14788,-39260.1,-1,1.04035e-09,1,0
0.00409419,-0.160116,0.108888,-0.219923,4.14678,-39108,-1,3.50986e-11,1,0
0.00409454,-0.160493,0.108851,-0.220061,4.1451,-39196.9,-1,2.88453e-11,1,0
0.00409649,-0.160132,0.107523,-0.221133,4.14254,-39090,-1,1.82597e-09,1,0
0.00409689,-0.160212,0.10788,-0.221157,4.14238,-39105.6,-1,5.98921e-10,1,0
0.00409712,-0.160361,0.10784,-0.221222,4.14536,-39139.9,-1,6.35174e-11,1,0
0.00409831,-0.160399,0.108781,-0.22093,4.14331,-39137.8,-1,6.46213e-11,1,0
0.00409916,-0.160894,0.108726,-0.220153,4.14459,-39250.3,-1,3.93367e-10,1,0
0.00409983,-0.161052,0.108368,-0.220016,4.14499,-39282.6,-1,3.01638e-10,1,0
0.00410086,-0.160199,0.107559,-0.219623,4.14412,-39064.9,-1,1.23963e-09,1,0
0.0041012,-0.16053,0.107629,-0.219872,4.14527,-39142.2,-1,4.19723e-10,1,0
0.00410245,-0.159365,0.107121,-0.219966,4.14538,-38846.3,-1,8.77718e-10,1,0
0.00410454,-0.158794,0.109009,-0.218437,4.14618,-38687.4,-1,6.53279e-10,1,0
0.00410638,-0.159591,0.107192,-0.217942,4.14828,-38864.2,-1,1.45614e-09,1,0
0.00410693,-0.159887,0.107097,-0.218039,4.14914,-38931.1,-1,4.11286e-10,1,0
0.00410746,-0.15971,0.107171,-0.218644,4.14915,-38883.1,-1,4.11286e-10,1,0
0.00410853,-0.159314,0.107524,-0.219805,4.1487,-38776.5,-1,6.47248e-10,1,0
0.00410902,-0.159123,0.107603,-0.220244,4.15436,-38725.3,-1,1.78252e-11,1,0
0.0041098,-0.158727,0.107515,-0.220839,4.15645,-38621.5,-1,1.88148e-10,1,0
0.00411015,-0.158646,0.107417,-0.220847,4.15716,-38598.6,-1,2.03316e-10,1,0
0.00411099,-0.158045,0.107344,-0.220309,4.15634,-38444.6,-1,7.7325e-10,1,0
0.00411188,-0.158028,0.106322,-0.219992,4.15209,-38432,-1,1.31603e-09,1,0
0.00411298,-0.156743,0.106546,-0.220255,4.15438,-38109.5,-1,1.33005e-09,1,0
0.0041138,-0.15731,0.106644,-0.220484,4.15057,-38239.6,-1,2.44394e-10,1,0
0.00411433,-0.157775,0.107074,-0.22056,4.15357,-38347.6,-1,6.3783e-10,1,0
0.00411479,-0.157865,0.10686,-0.221051,4.15144,-38365.4,-1,5.43436e-10,1,0
0.00411649,-0.156045,0.105944,-0.220793,4.15153,-37907.3,-1,5.43436e-10,1,0
0.00411862,-0.156683,0.1055,-0.22136,4.14923,-38042.7,-1,1.62823e-09,1,0
0.00411952,-0.156503,0.105385,-0.220991,4.14989,-37990.5,-1,1.20735e-10,1,0
0.00412029,-0.156352,0.10512,-0.221158,4.15208,-37946.8,-1,1.02417e-09,1,0
0.00412073,-0.156219,0.105057,-0.221642,4.15181,-37910.4,-1,4.13029e-10,1,0
0.00412141,-0.15572,0.104618,-0.221728,4.15246,-37783.2,-1,9.50807e-11,1,0
0.00412221,-0.155226,0.105018,-0.222183,4.1492,-37656.1,-1,6.97642e-10,1,0
0.00412333,-0.154927,0.106005,-0.222767,4.14934,-37573.4,-1,1.13349e-09,1,0
0.00412386,-0.155004,0.106108,-0.22325,4.14761,-37587.2,-1,5.88339e-11,1,0
0.00412531,-0.154672,0.106447,-0.224814,4.14643,-37493.5,-1,6.92893e-10,1,0
0.00412646,-0.155617,0.10701,-0.224994,4.14813,-37711.9,-1,1.18045e-09,1,0
0.00412701,-0.155881,0.107069,-0.225512,4.14821,-37771,-1,1.34971e-10,1,0
0.00412816,-0.155643,0.106021,-0.224674,4.1464,-37702.8,-1,1.32084e-09,1,0
0.00412905,-0.156696,0.105912,-0.224732,4.14634,-37949.7,-1,7.12416e-10,1,0
0.00413072,-0.156089,0.105475,-0.222856,4.14653,-37787.4,-1,2.02027e-09,1,0
0.00413213,-0.15645,0.105198,-0.223482,4.14489,-37861.7,-1,3.84118e-11,1,0
0.00413302,-0.156016,0.106163,-0.223371,4.14492,-37748.7,-1,3.84118e-11,1,0
0.00413397,-0.155608,0.106529,-0.224053,4.14274,-37641.3,-1,7.64888e-10,1,0
0.00413442,-0.155669,0.106052,-0.223956,4.14265,-37652.1,-1,6.59645e-11,1,0
0.00413612,-0.15717,0.106007,-0.224893,4.14336,-37999.3,-1,1.79983e-09,1,0
0.00413662,-0.157407,0.105773,-0.225174,4.14247,-38052,-1,3.00988e-10,1,0
0.00413806,-0.158954,0.105167,-0.224662,4.14239,-38412.7,-1,3.00988e-10,1,0
0.00413834,-0.159255,0.105049,-0.224563,4.14203,-38482.9,-1,2.07699e-09,1,0
0.0041393,-0.15893,0.104377,-0.223685,4.14185,-38395.4,-1,1.15286e-09,1,0
0.00413961,-0.158907,0.104264,-0.22369,4.14017,-38386.9,-1,2.26064e-10,1,0
0.00414078,-0.159108,0.103518,-0.223117,4.14005,-38424.7,-1,3.88994e-10,1,0
0.00414159,-0.158697,0.103676,-0.22309,4.13969,-38317.9,-1,5.33642e-10,1,0
0.00414223,-0.158544,0.104138,-0.223369,4.13911,-38275.1,-1,4.55298e-10,1,0
0.00414296,-0.158182,0.10489,-0.223299,4.13877,-38180.9,-1,7.656e-10,1,0
0.00414484,-0.156243,0.104133,-0.222385,4.13887,-37695.8,-1,7.656e-10,1,0
0.00414606,-0.156396,0.103616,-0.22122,4.13792,-37721.5,-1,2.54277e-09,1,0
0.0041468,-0.15667,0.103435,-0.221117,4.14041,-37781,-1,3.70395e-10,1,0
0.0041473,-0.156216,0.103483,-0.220943,4.14,-37666.8,-1,2.84457e-10,1,0
0.00414875,-0.154875,0.104022,-0.220853,4.14108,-37330.6,-1,1.20202e-09,1,0
0.00414996,-0.155159,0.105125,-0.221129,4.14031,-37388.1,-1,1.30994e-10,1,0
0.00415098,-0.154963,0.106218,-0.220663,4.14025,-37331.8,-1,5.08637e-10,1,0
0.00415164,-0.155004,0.106889,-0.220379,4.14252,-37335.5,-1,1.1832e-10,1,0
0.00415255,-0.154873,0.105961,-0.220084,4.1432,-37295.9,-1,1.40017e-10,1,0
0.00415305,-0.154721,0.105581,-0.219852,4.14667,-37254.8,-1,5.25577e-11,1,0
0.00415327,-0.154526,0.105544,-0.219687,4.14529,-37206,-1,3.42183e-10,1,0
0.00415541,-0.153028,0.104311,-0.221407,4.14536,-36826.3,-1,3.42183e-10,1,0
0.00415651,-0.152264,0.103681,-0.222285,4.14519,-36632.6,-1,3.91722e-09,1,0
0.00415735,-0.152352,0.103209,-0.222754,4.14354,-36646.4,-1,1.60987e-10,1,0
0.00415746,-0.152475,0.103231,-0.222754,4.144,-36675,-1,3.29707e-12,1,0
0.0041583,-0.153254,0.103194,-0.222368,4.1442,-36854.9,-1,4.92544e-10,1,0
0.00415937,-0.152617,0.102826,-0.222986,4.1429,-36692.3,-1,9.99606e-11,1,0
0.00416076,-0.152841,0.103151,-0.224616,4.14289,-36734,-1,9.99606e-11,1,0
0.00416148,-0.152957,0.103319,-0.225459,4.14092,-36755.6,-1,2.54428e-09,1,0
0.00416184,-0.152533,0.103353,-0.225387,4.14063,-36650.5,-1,3.96564e-10,1,0
0.00416268,-0.152594,0.103869,-0.225766,4.14117,-36657.6,-1,5.35528e-10,1,0
0.00416353,-0.152428,0.104467,-0.226156,4.14125,-36610.2,-1,2.63521e-10,1,0
0.004164,-0.15267,0.104713,-0.226295,4.14538,-36664.2,-1,2.21816e-10,1,0
0.00416464,-0.152471,0.104454,-0.225854,4.1434,-36610.8,-1,2.2745e-10,1,0
0.00416595,-0.151493,0.104146,-0.22617,4.14223,-36364.5,-1,1.06166e-09,1,0
0.00416783,-0.151356,0.101932,-0.225717,4.14224,-36315.3,-1,1.06166e-09,1,0
0.00416845,-0.151533,0.101244,-0.225931,4.14089,-36352.4,-1,7.21257e-10,1,0
0.00416966,-0.151179,0.101136,-0.225208,4.13901,-36257,-1,3.2774e-10,1,0
0.00417095,-0.152332,0.101673,-0.226107,4.13855,-36522.2,-1,1.5574e-09,1,0
0.00417265,-0.152791,0.10141,-0.22571,4.13597,-36617.2,-1,1.20186e-09,1,0
0.00417388,-0.152249,0.102556,-0.224933,4.13584,-36476.7,-1,2.34098e-09,1,0
0.00417444,-0.151616,0.102677,-0.224725,4.13587,-36320.1,-1,2.34098e-09,1,0
0.00417594,-0.15089,0.102748,-0.22573,4.13496,-36133.3,-1,1.28096e-09,1,0
0.00417675,-0.15076,0.102718,-0.226694,4.13335,-36095,-1,2.17483e-09,1,0
0.00417693,-0.150769,0.102619,-0.226539,4.1319,-36095.7,-1,1.78943e-10,1,0
0.00417858,-0.150981,0.101519,-0.225687,4.13163,-36132.1,-1,7.19049e-10,1,0
0.00417964,-0.150068,0.102237,-0.226231,4.13168,-35904.6,-1,7.19049e-10,1,0
0.00418097,-0.149291,0.101647,-0.226781,4.13057,-35707.4,-1,8.206e-10,1,0
0.00418133,-0.149236,0.101662,-0.227216,4.13092,-35691,-1,5.16475e-10,1,0
0.00418209,-0.149107,0.101729,-0.228041,4.12867,-35653.6,-1,7.65339e-11,1,0
0.00418313,-0.148778,0.101253,-0.227376,4.12822,-35566.3,-1,6.57247e-10,1,0
0.00418383,-0.148689,0.101989,-0.227714,4.12909,-35538.9,-1,7.79388e-10,1,0
0.00418486,-0.149812,0.101827,-0.228206,4.13006,-35798.5,-1,1.20393e-10,1,0
0.00418573,-0.1495,0.102384,-0.228713,4.12683,-35716.6,-1,7.4517e-10,1,0
0.00418708,-0.14932,0.103754,-0.228916,4.1267,-35662.1,-1,1.405e-10,1,0
0.00418815,-0.148995,0.10477,-0.229609,4.12716,-35575.4,-1,1.66407e-09,1,0
0.00418881,-0.149139,0.104876,-0.23027,4.12689,-35604.1,-1,5.6741e-10,1,0
0.00419007,-0.149295,0.105162,-0.231648,4.12522,-35630.7,-1,1.02046e-09,1,0
0.00419139,-0.150631,0.105749,-0.231936,4.12348,-35938.2,-1,2.93717e-10,1,0
0.00419255,-0.150348,0.104464,-0.232266,4.12386,-35860.8,-1,1.24344e-10,1,0
0.00419348,-0.149852,0.103957,-0.233131,4.1237,-35734.6,-1,4.05197e-12,1,0
0.00419406,-0.15029,0.103581,-0.232732,4.12368,-35834.1,-1,4.05197e-12,1,0
0.00419515,-0.149788,0.103072,-0.23318,4.12335,-35705,-1,2.30653e-11,1,0
0.00419596,-0.150349,0.103582,-0.233148,4.12331,-35831.8,-1,2.77999e-10,1,0
0.00419707,-0.150217,0.103601,-0.231893,4.12365,-35790.9,-1,8.06445e-10,1,0
0.00419778,-0.15092,0.103469,-0.231481,4.12465,-35952.4,-1,5.95275e-10,1,0
0.0041982,-0.151318,0.103473,-0.231534,4.12454,-36043.6,-1,1.05841e-09,1,0
0.00419853,-0.151576,0.103564,-0.231821,4.12453,-36102.1,-1,1.05841e-09,1,0
0.00419906,-0.152061,0.103451,-0.232046,4.12484,-36213.2,-1,9.20995e-10,1,0
0.0042006,-0.153308,0.102314,-0.232438,4.12544,-36496.7,-1,6.53317e-10,1,0
0.00420106,-0.15324,0.101917,-0.232511,4.1262,-36476.6,-1,4.46366e-10,1,0
0.00420163,-0.152903,0.102207,-0.232778,4.12467,-36391.4,-1,3.52316e-10,1,0
0.00420194,-0.152647,0.102242,-0.233005,4.125,-36327.9,-1,4.01907e-10,1,0
0.00420293,-0.15233,0.10256,-0.231935,4.1228,-36243.8,-1,2.1736e-10,1,0
0.00420558,-0.151495,0.103444,-0.228977,4.12284,-36022.3,-1,2.1736e-10,1,0
0.00420688,-0.150474,0.103863,-0.230036,4.12372,-35768.4,-1,4.39667e-09,1,0
0.00420782,-0.150584,0.104187,-0.230738,4.12338,-35786.6,-1,4.576e-10,1,0
0.00420824,-0.150917,0.104382,-0.231059,4.12464,-35862.3,-1,6.40822e-10,1,0
0.00420976,-0.149299,0.103841,-0.23174,4.12472,-35464.9,-1,6.40822e-10,1,0
0.00421076,-0.148522,0.103109,-0.23162,4.12455,-35272.1,-1,2.25858e-09,1,0
0.00421152,-0.147956,0.102471,-0.231473,4.12385,-35131.2,-1,3.26352e-10,1,0
0.0042119,-0.148105,0.102446,-0.231324,4.12252,-35163.3,-1,2.96563e-10,1,0
0.00421222,-0.148335,0.102145,-0.231242,4.12251,-35215.5,-1,2.96563e-10,1,0
0.00421307,-0.149177,0.101957,-0.231027,4.12016,-35408.1,-1,7.76431e-10,1,0
0.00421338,-0.14953,0.102022,-0.23095,4.12014,-35489.2,-1,7.76431e-10,1,0
0.00421408,-0.149632,0.101749,-0.231262,4.11905,-35507.6,-1,5.34774e-10,1,0
0.00421489,-0.148939,0.102236,-0.231556,4.11408,-35336.3,-1,4.06088e-11,1,0
0.00421572,-0.148629,0.102771,-0.232009,4.11312,-35255.8,-1,5.01854e-10,1,0
0.00421664,-0.148931,0.102234,-0.232511,4.11462,-35319.7,-1,1.30205e-10,1,0
0.00421769,-0.149408,0.101539,-0.232683,4.11585,-35424.2,-1,2.72586e-10,1,0
0.00421875,-0.150276,0.100727,-0.232213,4.11581,-35620.9,-1,2.72586e-10,1,0
0.00421988,-0.151184,0.0998628,-0.231718,4.11578,-35826.6,-1,2.60625e-09,1,0
0.00422129,-0.15141,0.100017,-0.231809,4.11606,-35868.2,-1,9.60064e-10,1,0
0.00422139,-0.151483,0.100059,-0.2318,4.1183,-35884.6,-1,4.19293e-11,1,0
0.00422285,-0.151271,0.0998864,-0.233194,4.11844,-35822,-1,4.04803e-10,1,0
0.00422322,-0.151221,0.0998185,-0.233611,4.11987,-35807.1,-1,1.44743e-10,1,0
0.00422355,-0.151371,0.0994594,-0.233642,4.12075,-35839.8,-1,3.90229e-10,1,0
0.00422453,-0.151607,0.100092,-0.2336,4.11952,-35887.3,-1,4.61362e-10,1,0
0.00422499,-0.151399,0.0999197,-0.233925,4.12041,-35834.2,-1,3.7678e-10,1,0
0.00422632,-0.151679,0.100251,-0.232584,4.12064,-35889.2,-1,1.36261e-09,1,0
0.0042283,-0.153085,0.101064,-0.232597,4.11802,-36204.8,-1,1.0207e-09,1,0
0.0042288,-0.153305,0.101204,-0.23309,4.11827,-36252.7,-1,4.23257e-10,1,0
0.0042297,-0.153999,0.101043,-0.233835,4.11819,-36409,-1,1.34315e-10,1,0
0.00423099,-0.154519,0.100527,-0.235056,4.11859,-36520.9,-1,1.02812e-09,1,0
0.00423187,-0.154918,0.100887,-0.234153,4.11986,-36607.5,-1,1.025e-09,1,0
0.00423231,-0.15498,0.10124,-0.234322,4.1195,-36618.3,-1,6.25663e-11,1,0
0.0042333,-0.155582,0.100783,-0.23462,4.11867,-36751.8,-1,6.94944e-10,1,0
0.0042349,-0.154838,0.100965,-0.234069,4.11675,-36562.3,-1,1.84579e-10,1,0
0.0042351,-0.154869,0.101014,-0.234004,4.11741,-36567.9,-1,1.15658e-10,1,0
0.00423563,-0.15501,0.10099,-0.234328,4.11517,-36596.7,-1,3.89075e-10,1,0
0.00423631,-0.155682,0.101117,-0.23418,4.11419,-36749.4,-1,4.69589e-10,1,0
0.00423762,-0.156598,0.101528,-0.233591,4.11429,-36954.3,-1,6.0101e-10,1,0
0.00423813,-0.156497,0.101321,-0.233885,4.11726,-36926,-1,1.53649e-10,1,0
0.00423884,-0.156043,0.100837,-0.234417,4.11729,-36812.6,-1,1.53649e-10,1,0
0.00424029,-0.155785,0.099904,-0.235459,4.11628,-36739.2,-1,2.51131e-09,1,0
0.00424203,-0.157315,0.0992226,-0.23607,4.11551,-37084.8,-1,4.61444e-10,1,0
0.00424268,-0.157432,0.098966,-0.236568,4.11422,-37106.8,-1,4.337e-10,1,0
0.00424321,-0.157284,0.0993759,-0.237016,4.11506,-37067.3,-1,4.14189e-11,1,0
0.00424432,-0.156984,0.10018,-0.238004,4.11487,-36986.9,-1,4.18138e-11,1,0
0.00424515,-0.156817,0.100697,-0.238007,4.11733,-36940.2,-1,2.3428e-10,1,0
0.0042457,-0.157006,0.100698,-0.238632,4.11732,-36980.1,-1,2.3428e-10,1,0
0.00424654,-0.157154,0.100845,-0.239609,4.11564,-37007.6,-1,6.78195e-10,1,0
0.00424784,-0.158318,0.100874,-0.238561,4.11558,-37270.2,-1,6.78195e-10,1,0
0.00424825,-0.158687,0.100884,-0.238228,4.11389,-37353.5,-1,2.06348e-09,1,0
0.00424881,-0.15856,0.100758,-0.238536,4.112,-37318.7,-1,3.86385e-10,1,0
0.00425123,-0.158962,0.0995353,-0.237903,4.1122,-37392.1,-1,1.71305e-09,1,0
0.00425175,-0.159077,0.0995229,-0.237501,4.11522,-37414.6,-1,2.42822e-10,1,0
0.00425207,-0.15921,0.0993626,-0.237684,4.10944,-37443,-1,1.81622e-11,1,0
0.0042529,-0.159809,0.0992193,-0.237314,4.11185,-37576.4,-1,2.32043e-10,1,0
0.00425354,-0.160401,0.0988285,-0.237186,4.109,-37710,-1,1.6588e-10,1,0
0.00425421,-0.160842,0.0990474,-0.236822,4.10789,-37807.8,-1,4.64441e-10,1,0
0.00425553,-0.160864,0.0992612,-0.235542,4.10725,-37801.1,-1,2.34046e-10,1,0
0.00425735,-0.161283,0.100378,-0.233717,4.10723,-37883.4,-1,2.34046e-10,1,0
0.00425898,-0.161167,0.100567,-0.232818,4.10758,-37841.8,-1,3.40448e-10,1,0
0.00425995,-0.161656,0.0998904,-0.233039,4.10877,-37947.9,-1,3.77747e-10,1,0
0.00426154,-0.162707,0.0992991,-0.23298,4.10939,-38180.3,-1,9.69416e-10,1,0
0.00426263,-0.162393,0.0989524,-0.23317,4.11155,-38096.9,-1,5.10156e-10,1,0
0.00426305,-0.162442,0.0987524,-0.232894,4.11495,-38104.7,-1,5.98186e-10,1,0
0.00426515,-0.162213,0.0970885,-0.232,4.11394,-38032.3,-1,1.68095e-09,1,0
0.00426674,-0.160884,0.0960946,-0.231934,4.11305,-37706.6,-1,2.91412e-09,1,0
0.00426712,-0.160959,0.0962441,-0.23213,4.11186,-37720.7,-1,4.60477e-10,1,0
0.00426806,-0.161727,0.0960606,-0.232506,4.1082,-37892.5,-1,1.421e-10,1,0
0.00426924,-0.162032,0.0947556,-0.232036,4.10818,-37953.5,-1,1.421e-10,1,0
0.00427021,-0.162128,0.094716,-0.232226,4.10826,-37967.2,-1,4.60055e-10,1,0
0.00427093,-0.162549,0.0947884,-0.231577,4.1096,-38059.4,-1,2.53387e-10,1,0
0.00427163,-0.162124,0.0954581,-0.231281,4.10964,-37953.5,-1,8.4654e-10,1,0
0.00427296,-0.161764,0.0962332,-0.232062,4.1094,-37857.6,-1,1.2017e-09,1,0
0.00427515,-0.161036,0.0965254,-0.232913,4.10931,-37667.8,-1,1.43033e-09,1,0
0.00427591,-0.161307,0.0961482,-0.232448,4.10262,-37724.5,-1,3.19061e-10,1,0
0.00427698,-0.161707,0.0955146,-0.233367,4.10397,-37808.7,-1,2.17548e-11,1,0
0.00427743,-0.161968,0.095274,-0.232955,4.10269,-37865.7,-1,5.43682e-10,1,0
0.00427826,-0.161783,0.0959484,-0.233578,4.10466,-37815.3,-1,9.32354e-10,1,0
0.0042791,-0.162582,0.0955163,-0.233429,4.106,-37994.3,-1,9.18208e-10,1,0
0.0042807,-0.163866,0.096502,-0.234453,4.10593,-38280.1,-1,9.18208e-10,1,0
0.00428122,-0.164325,0.0967874,-0.234755,4.10608,-38382.8,-1,1.40478e-10,1,0
0.00428186,-0.164061,0.0965656,-0.235233,4.10686,-38315.4,-1,6.70799e-10,1,0
0.00428395,-0.164717,0.0959803,-0.234686,4.10944,-38449.8,-1,3.35654e-10,1,0
0.00428447,-0.16489,0.0956824,-0.23427,4.10897,-38485.6,-1,2.03164e-10,1,0
0.0042863,-0.163786,0.096395,-0.235493,4.10706,-38211.6,-1,1.20202e-09,1,0
0.00428695,-0.16374,0.0959892,-0.235472,4.10141,-38195,-1,1.1254e-10,1,0
0.00428802,-0.163525,0.0947774,-0.235743,4.10171,-38135.4,-1,9.88189e-10,1,0
0.00428869,-0.163919,0.0944381,-0.235917,4.10417,-38221.2,-1,1.32773e-10,1,0
0.00429058,-0.163307,0.0927323,-0.235526,4.10709,-38061.8,-1,2.34734e-10,1,0
0.00429108,-0.163661,0.0929549,-0.235959,4.10729,-38139.8,-1,1.19662e-11,1,0
0.00429183,-0.16325,0.0926586,-0.236377,4.1027,-38037.4,-1,6.20908e-10,1,0
0.00429319,-0.163686,0.0936357,-0.235137,4.10268,-38126.8,-1,6.20908e-10,1,0
0.0042937,-0.163978,0.0939312,-0.235061,4.10172,-38190.5,-1,1.96082e-09,1,0
0.00429498,-0.164901,0.0946665,-0.23605,4.10175,-38393.9,-1,7.40332e-10,1,0
0.00429569,-0.164802,0.095073,-0.236412,4.10158,-38364.6,-1,1.55058e-09,1,0
0.0042969,-0.164163,0.0949824,-0.23618,4.09983,-38205,-1,5.71054e-10,1,0
0.00429732,-0.164362,0.0945788,-0.235997,4.10045,-38247.5,-1,4.92422e-10,1,0
0.00429868,-0.16442,0.0947902,-0.237007,4.10111,-38249,-1,1.73365e-10,1,0
0.00429908,-0.164294,0.0945824,-0.237427,4.09947,-38216.1,-1,4.85471e-10,1,0
0.00430041,-0.164802,0.093674,-0.238023,4.10452,-38322.5,-1,1.38305e-09,1,0
0.0043012,-0.16481,0.0939185,-0.238162,4.10307,-38317.3,-1,4.48772e-10,1,0
0.00430199,-0.165067,0.094459,-0.238773,4.10326,-38369.8,-1,7.27801e-10,1,0
0.00430273,-0.165136,0.0950151,-0.239468,4.10375,-38379.3,-1,1.6195e-09,1,0
0.00430401,-0.165072,0.0956005,-0.240262,4.10473,-38353.2,-1,9.12368e-10,1,0
0.00430601,-0.166021,0.0958783,-0.242076,4.10487,-38555.8,-1,1.01406e-09,1,0
0.00430643,-0.166081,0.0957355,-0.242559,4.10547,-38565.7,-1,2.30835e-11,1,0
0.00430781,-0.166025,0.0941362,-0.242752,4.10516,-38540.3,-1,9.13663e-10,1,0
0.00430924,-0.166019,0.0925507,-0.243406,4.10516,-38526.3,-1,9.13663e-10,1,0
0.00430948,-0.166137,0.092377,-0.243398,4.10184,-38551.6,-1,6.75768e-11,1,0
0.00431046,-0.166954,0.0916965,-0.243191,4.10101,-38732.3,-1,6.47999e-10,1,0
0.00431106,-0.166977,0.0912754,-0.243222,4.09449,-38732.2,-1,1.06734e-10,1,0
0.004312,-0.167621,0.0910286,-0.242554,4.09314,-38873.1,-1,1.37519e-10,1,0
0.00431331,-0.166638,0.092255,-0.242718,4.09337,-38633.3,-1,1.58024e-09,1,0
0.00431397,-0.16662,0.0915235,-0.242854,4.09269,-38623.4,-1,6.7931e-10,1,0
0.00431434,-0.16685,0.0914282,-0.242485,4.0931,-38673.4,-1,4.4549e-10,1,0
0.00431557,-0.166409,0.0911522,-0.243516,4.0897,-38560.2,-1,2.78575e-10,1,0
0.0043165,-0.166793,0.0907814,-0.243621,4.09117,-38640.9,-1,3.59286e-10,1,0
0.00431721,-0.166887,0.090097,-0.244061,4.0915,-38656.2,-1,5.09933e-12,1,0
0.00431907,-0.166597,0.0922268,-0.243465,4.09151,-38572.5,-1,5.09933e-12,1,0
0.00431951,-0.166162,0.0919716,-0.243493,4.09136,-38467.8,-1,2.24126e-09,1,0
0.00432006,-0.166595,0.0921806,-0.243696,4.08986,-38563.1,-1,5.8409e-10,1,0
0.00432118,-0.167508,0.093122,-0.243872,4.09008,-38764.4,-1,1.13459e-09,1,0
0.0043217,-0.167167,0.0936337,-0.243964,4.09109,-38680.9,-1,1.76641e-13,1,0
0.00432297,-0.166331,0.0948898,-0.244192,4.09071,-38476.1,-1,2.14785e-09,1,0
0.00432484,-0.165732,0.0949752,-0.244884,4.08943,-38320.9,-1,8.26932e-10,1,0
0.00432579,-0.16599,0.093953,-0.244467,4.08942,-38372.1,-1,8.26932e-10,1,0
0.00432667,-0.16573,0.0940654,-0.244942,4.08744,-38304.3,-1,7.69126e-10,1,0
0.00432785,-0.165012,0.0940923,-0.245226,4.08706,-38128,-1,5.486e-10,1,0
0.00432868,-0.164438,0.0939814,-0.245552,4.09021,-37988.1,-1,7.68168e-10,1,0
0.00432897,-0.164437,0.0939607,-0.245354,4.09194,-37985.2,-1,4.62144e-10,1,0
0.0043298,-0.164435,0.094944,-0.245241,4.08864,-37977.6,-1,1.109e-09,1,0
0.00433025,-0.164438,0.0945351,-0.245061,4.0835,-37974.3,-1,4.8128e-11,1,0
0.0043314,-0.163936,0.094724,-0.244068,4.08387,-37848.4,-1,4.41996e-10,1,0
0.00433236,-0.163582,0.0947232,-0.243487,4.08004,-37758.1,-1,8.80335e-10,1,0
0.00433381,-0.163966,0.0956528,-0.243689,4.08243,-37834.1,-1,1.2242e-09,1,0
0.00433451,-0.164144,0.0961787,-0.243063,4.08339,-37869.1,-1,9.4872e-10,1,0
0.00433587,-0.164365,0.0952712,-0.244287,4.08146,-37908.2,-1,1.1398e-09,1,0
0.00433643,-0.164345,0.0953117,-0.244447,4.08232,-37898.7,-1,3.09093e-10,1,0
0.00433794,-0.165444,0.0957964,-0.244279,4.08091,-38138.8,-1,2.0116e-10,1,0
0.00433954,-0.165437,0.0939119,-0.244323,4.0808,-38123.1,-1,9.02793e-10,1,0
0.00434042,-0.165406,0.0928715,-0.244171,4.0811,-38108.4,-1,2.06528e-09,1,0
0.00434165,-0.165143,0.0935187,-0.24529,4.08115,-38037,-1,1.45129e-10,1,0
0.00434277,-0.164872,0.0930252,-0.244126,4.08103,-37964.6,-1,1.19695e-10,1,0
0.00434368,-0.164919,0.0924795,-0.24451,4.07925,-37967.6,-1,1.89385e-10,1,0
0.00434461,-0.165067,0.0917152,-0.244769,4.0787,-37993.6,-1,1.7505e-09,1,0
0.00434535,-0.165202,0.0912425,-0.24493,4.07524,-38018.1,-1,6.13862e-10,1,0
0.00434675,-0.165927,0.0911563,-0.246224,4.07493,-38172.6,-1,9.85647e-10,1,0
0.00434772,-0.166047,0.0915794,-0.247308,4.07493,-38191.8,-1,9.85647e-10,1,0
0.00434884,-0.165882,0.0921013,-0.246905,4.07568,-38143.9,-1,2.50094e-10,1,0
0.00434991,-0.16678,0.0918102,-0.246428,4.07556,-38341,-1,3.85799e-10,1,0
0.00435055,-0.166895,0.0913474,-0.246309,4.07644,-38361.8,-1,1.35861e-09,1,0
0.00435179,-0.166668,0.0918258,-0.24705,4.0753,-38298.6,-1,1.03745e-09,1,0
0.00435261,-0.166662,0.0918523,-0.247949,4.07584,-38290.1,-1,7.14626e-10,1,0
0.00435395,-0.166114,0.0912519,-0.24682,4.07606,-38152.5,-1,1.1241e-09,1,0
0.0043548,-0.166387,0.0910886,-0.245901,4.07254,-38207.7,-1,9.66777e-10,1,0
0.00435605,-0.166367,0.0923681,-0.24513,4.07217,-38192,-1,1.50174e-09,1,0
0.0043571,-0.166269,0.0921297,-0.243948,4.07078,-38160.6,-1,1.22826e-09,1,0
0.00435888,-0.165046,0.0929374,-0.245271,4.07066,-37864.4,-1,5.81923e-10,1,0
0.00435957,-0.164233,0.093036,-0.245175,4.0707,-37671.8,-1,5.81923e-10,1,0
0.00435986,-0.164101,0.0930684,-0.244958,4.07152,-37639.1,-1,1.68399e-10,1,0
0.00436051,-0.164012,0.09317,-0.245156,4.07012,-37613.1,-1,2.70556e-11,1,0
0.00436162,-0.164419,0.0934154,-0.24595,4.07056,-37696.7,-1,1.38793e-09,1,0
0.00436232,-0.164892,0.0938499,-0.245775,4.07144,-37799.1,-1,7.35265e-10,1,0
0.00436305,-0.165188,0.0946426,-0.245542,4.07159,-37860.7,-1,1.41252e-09,1,0
0.00436417,-0.166272,0.0948816,-0.245256,4.07071,-38099.5,-1,8.61501e-10,1,0
0.00436454,-0.166464,0.0949369,-0.245486,4.06971,-38140.1,-1,1.971e-10,1,0
0.00436491,-0.166441,0.0951759,-0.245444,4.07075,-38131.6,-1,1.35503e-11,1,0
0.00436601,-0.166609,0.0964432,-0.245775,4.07151,-38160.6,-1,1.32048e-09,1,0
0.00436658,-0.166399,0.0964501,-0.246267,4.06816,-38107.5,-1,3.29564e-10,1,0
0.00436762,-0.166888,0.0971217,-0.247072,4.06777,-38210.4,-1,6.07096e-10,1,0
0.00436855,-0.167673,0.0977084,-0.247601,4.06773,-38381.9,-1,6.07096e-10,1,0
0.0043703,-0.166831,0.0985176,-0.24789,4.06756,-38173.8,-1,2.44168e-09,1,0
0.00437086,-0.166559,0.0982808,-0.248453,4.06861,-38106.6,-1,1.40732e-09,1,0
0.00437206,-0.167143,0.097514,-0.248953,4.06899,-38229.9,-1,9.84114e-10,1,0
0.0043743,-0.168333,0.0974139,-0.246557,4.06638,-38482.3,-1,2.67721e-09,1,0
0.00437587,-0.166775,0.0975803,-0.246346,4.06608,-38112.4,-1,3.72146e-10,1,0
0.00437715,-0.166395,0.0972128,-0.245672,4.06724,-38014.3,-1,1.13887e-09,1,0
0.00437885,-0.165342,0.0957535,-0.244832,4.06586,-37759.2,-1,4.27527e-10,1,0
0.00438015,-0.165485,0.0945073,-0.244347,4.06575,-37780.6,-1,1.22398e-09,1,0
0.0043816,-0.164882,0.0945032,-0.242783,4.06524,-37630.5,-1,1.30869e-09,1,0
0.00438308,-0.165698,0.0935261,-0.241923,4.06449,-37804,-1,1.49187e-09,1,0
0.00438405,-0.164978,0.0934708,-0.242516,4.06396,-37631.3,-1,1.60936e-10,1,0
0.00438492,-0.165163,0.0928274,-0.242271,4.06289,-37666.1,-1,3.93961e-10,1,0
0.00438566,-0.165688,0.0925122,-0.242212,4.0632,-37779.4,-1,8.15029e-11,1,0
0.00438751,-0.165116,0.0922156,-0.241872,4.05945,-37633.3,-1,6.94299e-10,1,0
0.00438806,-0.165587,0.0920868,-0.241438,4.05972,-37735.9,-1,2.1631e-10,1,0
0.00438879,-0.165493,0.0923761,-0.240755,4.05908,-37708,-1,1.23364e-10,1,0
0.00438989,-0.165722,0.0921731,-0.23967,4.05915,-37750.9,-1,1.03228e-09,1,0
0.00439025,-0.165832,0.0924109,-0.239323,4.05915,-37772.7,-1,1.03228e-09,1,0
0.00439127,-0.166138,0.0930758,-0.238352,4.06054,-37833.7,-1,2.09502e-09,1,0
0.00439247,-0.165657,0.0934891,-0.238388,4.05861,-37713.8,-1,1.00067e-09,1,0
0.00439372,-0.165836,0.0937567,-0.239589,4.06386,-37743.9,-1,6.22633e-10,1,0
0.00439419,-0.165439,0.0934218,-0.239398,4.0636,-37649.5,-1,5.15189e-10,1,0
0.00439513,-0.164761,0.0938664,-0.239039,4.064,-37487.1,-1,7.19363e-10,1,0
0.00439614,-0.164615,0.0949564,-0.239414,4.0634,-37445.4,-1,6.28428e-10,1,0
0.00439754,-0.163141,0.0955833,-0.239679,4.06497,-37098.3,-1,5.14637e-11,1,0
0.00439886,-0.1617,0.0961504,-0.239963,4.0632,-36759.5,-1,3.19675e-09,1,0
0.00439934,-0.161682,0.0957424,-0.239632,4.06335,-36751.4,-1,3.37389e-10,1,0
0.00440023,-0.161922,0.0952393,-0.239046,4.06543,-36798.6,-1,9.08001e-10,1,0
0.004401,-0.162602,0.0953684,-0.239655,4.06603,-36946.5,-1,9.21676e-10,1,0
0.00440189,-0.16207,0.0959042,-0.239027,4.06518,-36818.2,-1,7.26829e-10,1,0
0.00440341,-0.163077,0.0961648,-0.237892,4.06466,-37034.3,-1,5.8882e-10,1,0
0.004404,-0.163258,0.0959876,-0.237244,4.06477,-37070.4,-1,1.36379e-09,1,0
0.00440445,-0.163346,0.095846,-0.236732,4.06421,-37086.5,-1,1.1088e-09,1,0
0.00440487,-0.162881,0.0960124,-0.236672,4.06423,-36977.5,-1,1.1088e-09,1,0
0.00440536,-0.163181,0.0962545,-0.236518,4.06374,-37041.4,-1,1.12272e-10,1,0
0.00440605,-0.163763,0.0967803,-0.23638,4.06643,-37167.8,-1,7.78541e-11,1,0
0.00440656,-0.163208,0.0969679,-0.236362,4.06734,-37037.6,-1,5.77508e-10,1,0
0.00440808,-0.163638,0.0963514,-0.237678,4.06477,-37122.4,-1,4.69203e-10,1,0
0.00441018,-0.164448,0.0967496,-0.238393,4.06624,-37288.4,-1,6.01528e-11,1,0
0.00441065,-0.164836,0.0969088,-0.238781,4.06622,-37372.2,-1,6.01528e-11,1,0
0.00441106,-0.165165,0.0970555,-0.239087,4.06512,-37443.4,-1,3.04215e-11,1,0
0.00441118,-0.165223,0.0970417,-0.239122,4.06538,-37455.4,-1,7.61743e-11,1,0
0.00441195,-0.165261,0.0976589,-0.239713,4.06541,-37457.6,-1,2.48898e-10,1,0
0.00441231,-0.165282,0.0978137,-0.239677,4.06476,-37459.2,-1,1.5652e-10,1,0
0.00441406,-0.167085,0.0975007,-0.239529,4.06396,-37852.8,-1,1.06468e-09,1,0
0.00441522,-0.16605,0.098037,-0.238932,4.06764,-37608.5,-1,6.09099e-10,1,0
0.00441632,-0.166707,0.0990855,-0.238827,4.06995,-37748,-1,1.27156e-09,1,0
0.00441778,-0.165579,0.0984026,-0.237725,4.06994,-37480.1,-1,1.64658e-09,1,0
0.00441823,-0.165369,0.0984221,-0.237221,4.06911,-37428.7,-1,6.88752e-10,1,0
0.00441901,-0.165831,0.098022,-0.236515,4.06908,-37526.7,-1,6.88752e-10,1,0
0.00441993,-0.166513,0.0976276,-0.235865,4.06759,-37673.3,-1,1.7299e-09,1,0
0.00442106,-0.167832,0.0973819,-0.235645,4.06753,-37961.9,-1,1.7299e-09,1,0
0.00442212,-0.168637,0.0970129,-0.235294,4.06262,-38134.9,-1,5.86317e-10,1,0
0.00442279,-0.168401,0.096951,-0.235647,4.06394,-38075.7,-1,3.58535e-10,1,0
0.00442411,-0.168419,0.0979958,-0.235159,4.06043,-38068.4,-1,2.78443e-12,1,0
0.00442494,-0.168925,0.0986494,-0.235548,4.05963,-38175.5,-1,1.11501e-09,1,0
0.00442623,-0.169153,0.0982833,-0.2352,4.05941,-38216,-1,1.13218e-09,1,0
0.00442698,-0.168835,0.0978537,-0.235119,4.0584,-38137.8,-1,2.88452e-10,1,0
0.00442873,-0.169085,0.0974448,-0.236205,4.05725,-38179.1,-1,9.98722e-10,1,0
0.00443054,-0.16874,0.0992057,-0.235142,4.05705,-38085.7,-1,3.553e-10,1,0
0.00443121,-0.167936,0.0991578,-0.23519,4.0593,-37898.5,-1,8.06935e-10,1,0
0.00443278,-0.167431,0.0979261,-0.235003,4.05968,-37771,-1,1.2206e-09,1,0
0.00443302,-0.167458,0.0979434,-0.234832,4.05868,-37775.2,-1,2.1114e-10,1,0
0.00443406,-0.167465,0.0991824,-0.234844,4.05526,-37767.8,-1,1.26073e-09,1,0
0.00443596,-0.167125,0.0997529,-0.23519,4.057,-37675,-1,1.26297e-09,1,0
0.00443635,-0.166873,0.0995422,-0.234861,4.05635,-37615,-1,4.65025e-10,1,0
0.00443839,-0.167155,0.0981575,-0.234628,4.05729,-37661.3,-1,6.7439e-10,1,0
0.00443982,-0.168365,0.0974263,-0.234508,4.05638,-37921.6,-1,1.2847e-09,1,0
0.00444022,-0.168337,0.0969593,-0.234577,4.05638,-37911.9,-1,1.2847e-09,1,0
0.00444108,-0.167844,0.0971193,-0.233713,4.05589,-37793.6,-1,9.19538e-10,1,0
0.00444154,-0.167571,0.0972142,-0.233232,4.0559,-37728.1,-1,9.19538e-10,1,0
0.00444203,-0.167955,0.0972593,-0.233241,4.05613,-37810.4,-1,1.51179e-10,1,0
0.00444303,-0.169084,0.0975297,-0.232983,4.05607,-38055.9,-1,1.51179e-10,1,0
0.00444408,-0.170212,0.098033,-0.232933,4.05716,-38300.9,-1,8.64253e-10,1,0
0.00444488,-0.170391,0.0975084,-0.232242,4.05938,-38334.2,-1,8.15539e-11,1,0
0.00444568,-0.170606,0.0978323,-0.2331,4.05857,-38375.6,-1,7.29575e-13,1,0
0.00444643,-0.170095,0.0977581,-0.23326,4.05761,-38254.2,-1,1.17471e-09,1,0
0.00444747,-0.17105,0.0976853,-0.232957,4.057,-38460.2,-1,7.38503e-10,1,0
0.0044488,-0.171882,0.0987779,-0.232509,4.05518,-38635.5,-1,3.62597e-10,1,0
0.00444997,-0.172569,0.0997777,-0.231897,4.05471,-38779.8,-1,9.94427e-11,1,0
0.00445157,-0.171867,0.100891,-0.230957,4.05284,-38608.2,-1,5.56647e-10,1,0
0.00445235,-0.17185,0.100866,-0.230473,4.05372,-38597.7,-1,2.44103e-10,1,0
0.00445362,-0.17248,0.100989,-0.229866,4.05438,-38728,-1,1.60865e-09,1,0
0.0044541,-0.172293,0.101112,-0.230009,4.05143,-38681.9,-1,7.74592e-11,1,0
0.00445559,-0.172906,0.100884,-0.230418,4.05372,-38806.6,-1,1.17817e-09,1,0
0.00445706,-0.173094,0.0996793,-0.230997,4.05296,-38835.9,-1,6.3495e-10,1,0
0.00445823,-0.172659,0.0995117,-0.231084,4.05469,-38728.2,-1,1.0022e-10,1,0
0.00445874,-0.172286,0.0991199,-0.231216,4.0495,-38639.9,-1,1.89113e-11,1,0
0.00445989,-0.172026,0.0981248,-0.230792,4.04905,-38571.8,-1,1.10541e-09,1,0
0.0044607,-0.172506,0.0980564,-0.231433,4.04367,-38672.5,-1,9.01269e-10,1,0
0.00446155,-0.172998,0.0980889,-0.232156,4.04411,-38775.3,-1,1.79811e-09,1,0
0.00446208,-0.17312,0.0982303,-0.23163,4.04189,-38798.1,-1,3.60535e-10,1,0
0.00446365,-0.174155,0.0970867,-0.232078,4.03999,-39016.2,-1,1.24342e-09,1,0
0.00446481,-0.175009,0.0966402,-0.231444,4.03948,-39197.5,-1,3.8252e-10,1,0
0.00446655,-0.17308,0.0974166,-0.231495,4.03958,-38750.3,-1,3.8252e-10,1,0
0.00446819,-0.171276,0.0981428,-0.231542,4.03967,-38332.3,-1,3.8252e-10,1,0
0.00446928,-0.171546,0.0987242,-0.231582,4.0362,-38383.4,-1,4.51001e-09,1,0
0.00447067,-0.172994,0.0995302,-0.231637,4.03612,-38695.2,-1,4.51001e-09,1,0
0.00447229,-0.174674,0.100466,-0.231701,4.03601,-39057,-1,4.40625e-09,1,0
0.00447318,-0.174925,0.101299,-0.232234,4.03537,-39105.4,-1,1.21832e-11,1,0
0.00447511,-0.175727,0.103205,-0.232677,4.0359,-39267.6,-1,1.5062e-09,1,0
0.00447588,-0.17598,0.103512,-0.233503,4.03589,-39317.5,-1,1.5062e-09,1,0
0.00447708,-0.177087,0.103757,-0.234258,4.03599,-39554.2,-1,1.2018e-09,1,0
0.0044784,-0.177595,0.103058,-0.233669,4.03712,-39656,-1,1.0999e-09,1,0
0.00447865,-0.177754,0.102877,-0.233777,4.03757,-39689.3,-1,1.07351e-10,1,0
0.00447928,-0.1777,0.102598,-0.234462,4.03691,-39671.6,-1,2.15239e-10,1,0
0.00447968,-0.177872,0.102598,-0.23451,4.03462,-39706.5,-1,3.19902e-10,1,0
0.00448031,-0.177237,0.102271,-0.23436,4.03387,-39559.1,-1,1.46582e-10,1,0
0.00448145,-0.176819,0.101555,-0.233994,4.03524,-39455.9,-1,5.22829e-10,1,0
0.00448281,-0.17624,0.101805,-0.232632,4.03515,-39314.5,-1,4.05711e-10,1,0
0.00448431,-0.176355,0.102163,-0.231575,4.03376,-39327.1,-1,3.19247e-10,1,0
0.00448554,-0.177112,0.102812,-0.232654,4.0344,-39485,-1,1.46889e-09,1,0
0.00448604,-0.177428,0.103057,-0.23232,4.03388,-39551.1,-1,3.34038e-10,1,0
0.00448689,-0.176964,0.10296,-0.231671,4.03508,-39440.3,-1,1.16562e-10,1,0
0.00448769,-0.176499,0.10298,-0.231035,4.03793,-39329.5,-1,8.74883e-11,1,0
0.00448811,-0.176558,0.10296,-0.230601,4.03907,-39339.1,-1,3.94214e-10,1,0
0.004489,-0.176317,0.10268,-0.229615,4.03806,-39277.6,-1,1.10786e-09,1,0
0.00448983,-0.176406,0.102718,-0.230146,4.03808,-39290.2,-1,4.5098e-10,1,0
0.00449071,-0.176294,0.101783,-0.230325,4.03598,-39257.6,-1,1.14828e-10,1,0
0.00449214,-0.176715,0.10063,-0.22963,4.03356,-39338.8,-1,5.1826e-10,1,0
0.00449322,-0.176967,0.100305,-0.229378,4.03431,-39385.3,-1,6.09253e-10,1,0
0.0044935,-0.177088,0.100542,-0.229183,4.03381,-39409.9,-1,3.30714e-10,1,0
0.00449404,-0.176644,0.100227,-0.228832,4.03383,-39306.2,-1,3.30714e-10,1,0
0.00449535,-0.176941,0.100058,-0.228644,4.03144,-39360.9,-1,7.63361e-10,1,0
0.00449636,-0.17671,0.100798,-0.227723,4.03216,-39300.6,-1,1.66379e-09,1,0
0.00449826,-0.176319,0.0995938,-0.228408,4.03416,-39197.3,-1,1.43774e-09,1,0
0.00449958,-0.174774,0.0994114,-0.228155,4.0336,-38842.3,-1,2.39457e-09,1,0
0.00450072,-0.173739,0.099657,-0.227463,4.0334,-38602.6,-1,8.89437e-10,1,0
0.00450092,-0.173516,0.0996829,-0.227493,4.03527,-38551.2,-1,1.3496e-10,1,0
0.00450206,-0.172598,0.100521,-0.227018,4.03466,-38337.6,-1,4.90176e-11,1,0
0.0045033,-0.172891,0.100661,-0.228224,4.03604,-38391.9,-1,1.30974e-09,1,0
0.00450542,-0.173797,0.101316,-0.230482,4.0358,-38575.1,-1,2.52023e-09,1,0
0.00450701,-0.174447,0.101809,-0.229452,4.03654,-38705.7,-1,1.21502e-09,1,0
0.00450859,-0.175398,0.10244,-0.227951,4.03649,-38903.1,-1,1.21502e-09,1,0
0.00451021,-0.175271,0.101962,-0.227575,4.03663,-38860.9,-1,3.0196e-09,1,0
0.00451107,-0.175298,0.102444,-0.226852,4.03964,-38859.5,-1,9.34137e-10,1,0
0.00451205,-0.175411,0.103096,-0.227809,4.04028,-38876.2,-1,1.16384e-09,1,0
0.00451295,-0.175511,0.102727,-0.228817,4.04093,-38890.6,-1,1.07825e-09,1,0
0.00451389,-0.174491,0.102362,-0.228804,4.04094,-38656.4,-1,4.58288e-11,1,0
0.00451488,-0.174757,0.10208,-0.229446,4.04007,-38706.8,-1,2.41488e-10,1,0
0.00451624,-0.175996,0.101658,-0.230407,4.04001,-38969.7,-1,2.41488e-10,1,0
0.00451793,-0.177572,0.101767,-0.230955,4.04065,-39303.8,-1,3.32098e-09,1,0
0.00451893,-0.17875,0.101905,-0.230854,4.04098,-39555.8,-1,1.16363e-09,1,0
0.00451987,-0.179202,0.101525,-0.231022,4.03902,-39647.5,-1,4.12903e-10,1,0
0.00452136,-0.179326,0.100974,-0.230923,4.03954,-39661.9,-1,6.73064e-10,1,0
0.00452249,-0.178687,0.100726,-0.229773,4.03966,-39510.9,-1,3.1561e-10,1,0
0.00452471,-0.177166,0.0994704,-0.22883,4.04114,-39155.3,-1,1.42749e-09,1,0
0.00452567,-0.17706,0.0984674,-0.229358,4.04099,-39123.5,-1,1.13856e-09,1,0
0.00452689,-0.177761,0.0984865,-0.230636,4.04067,-39267.9,-1,1.4577e-09,1,0
0.0045276,-0.177816,0.0991593,-0.230121,4.04067,-39273.7,-1,1.4577e-09,1,0
0.00452931,-0.179325,0.0990553,-0.231091,4.03915,-39592.2,-1,1.02276e-09,1,0
0.0045302,-0.180181,0.0989175,-0.231705,4.03947,-39773.3,-1,2.92231e-09,1,0
0.00453104,-0.17942,0.0990465,-0.23157,4.04033,-39598,-1,2.42007e-10,1,0
0.00453188,-0.179192,0.098462,-0.231742,4.0421,-39540.3,-1,5.8691e-10,1,0
0.00453247,-0.179128,0.0983401,-0.231286,4.04136,-39521.1,-1,4.47111e-10,1,0
0.00453264,-0.179089,0.0982793,-0.231428,4.04232,-39511.1,-1,1.73414e-10,1,0
0.00453427,-0.17859,0.0981286,-0.232498,4.04213,-39386.7,-1,4.86789e-10,1,0
0.00453455,-0.178424,0.0981307,-0.232604,4.04198,-39347.6,-1,1.0876e-10,1,0
0.00453547,-0.177459,0.0980008,-0.232104,4.04203,-39126.9,-1,1.0876e-10,1,0
0.00453669,-0.176249,0.0974144,-0.231661,4.04206,-38849.8,-1,1.22393e-09,1,0
0.00453741,-0.175966,0.0969899,-0.231682,4.04078,-38781.1,-1,5.41561e-10,1,0
0.00453803,-0.175711,0.0970861,-0.231622,4.03876,-38719.7,-1,3.17716e-10,1,0
0.00453867,-0.175734,0.0973082,-0.23102,4.03622,-38719.2,-1,3.33042e-10,1,0
0.00453949,-0.17554,0.0971211,-0.230558,4.03647,-38669.6,-1,4.74419e-10,1,0
0.00454005,-0.175582,0.0974914,-0.230715,4.02997,-38673.9,-1,5.0141e-10,1,0
0.00454053,-0.175136,0.0976704,-0.230962,4.03159,-38571.8,-1,5.56382e-10,1,0
0.00454086,-0.175474,0.0974985,-0.231058,4.03157,-38643.4,-1,5.56382e-10,1,0
0.00454151,-0.176146,0.097157,-0.231248,4.03183,-38785.7,-1,1.19044e-09,1,0
0.00454251,-0.176526,0.0981079,-0.231302,4.03057,-38860.9,-1,2.59878e-10,1,0
0.00454294,-0.176516,0.0982173,-0.23114,4.031,-38855,-1,7.17126e-11,1,0
0.00454414,-0.176866,0.0977572,-0.229827,4.03098,-38921.7,-1,7.17126e-11,1,0
0.00454513,-0.177155,0.0973768,-0.228741,4.03097,-38976.9,-1,7.17126e-11,1,0
0.00454572,-0.177082,0.0978788,-0.228853,4.02707,-38955.7,-1,2.93696e-09,1,0
0.00454638,-0.176948,0.0985944,-0.229139,4.02707,-38920.6,-1,2.93696e-09,1,0
0.00454697,-0.177017,0.098967,-0.229379,4.02524,-38930.7,-1,1.88498e-09,1,0
0.00454857,-0.176526,0.0987684,-0.230252,4.02372,-38809,-1,8.42104e-10,1,0
0.00455012,-0.175444,0.0978835,-0.23101,4.02321,-38558.1,-1,1.13937e-09,1,0
0.00455038,-0.175362,0.0977661,-0.231194,4.02588,-38537.9,-1,1.67557e-10,1,0
0.00455193,-0.17403,0.09764,-0.23143,4.02514,-38232.2,-1,1.0309e-09,1,0
0.00455249,-0.17367,0.0977644,-0.23198,4.02516,-38148.3,-1,1.0309e-09,1,0
0.00455369,-0.172897,0.0980309,-0.233158,4.02519,-37968.5,-1,1.0309e-09,1,0
0.00455421,-0.172642,0.0980681,-0.233643,4.02406,-37908.1,-1,3.44406e-09,1,0
0.0045553,-0.173142,0.0971103,-0.234364,4.02404,-38008.8,-1,3.44406e-09,1,0
0.00455627,-0.173583,0.0962647,-0.235,4.02402,-38097.6,-1,3.44406e-09,1,0
0.00455735,-0.17313,0.0963817,-0.233884,4.0236,-37989.2,-1,2.57824e-09,1,0
0.00455826,-0.172722,0.096514,-0.232894,4.02357,-37892.1,-1,2.32451e-09,1,0
0.00456011,-0.170652,0.0961963,-0.232211,4.02367,-37422.7,-1,2.32451e-09,1,0
0.00456101,-0.170471,0.0968249,-0.231537,4.02223,-37375.6,-1,9.01594e-10,1,0
0.00456147,-0.170703,0.0969571,-0.231249,4.02158,-37422.9,-1,4.07685e-10,1,0
0.00456223,-0.170868,0.0977319,-0.231525,4.01929,-37452.8,-1,1.44777e-10,1,0
0.00456279,-0.170609,0.0975592,-0.231027,4.02115,-37391.4,-1,7.71553e-11,1,0
0.00456331,-0.170311,0.0977642,-0.2306,4.02225,-37321.8,-1,4.78927e-11,1,0
0.00456494,-0.169166,0.0962006,-0.230563,4.02288,-37057.6,-1,1.93857e-09,1,0
0.00456582,-0.168976,0.0962666,-0.230264,4.02509,-37009,-1,5.38543e-10,1,0
0.00456636,-0.168975,0.0966343,-0.229784,4.02252,-37004.4,-1,2.93434e-11,1,0
0.00456652,-0.169051,0.0966478,-0.229664,4.02027,-37019.7,-1,2.42398e-11,1,0
0.00456748,-0.168445,0.096676,-0.22956,4.02185,-36879.2,-1,3.0238e-10,1,0
0.00456792,-0.168421,0.0965817,-0.229345,4.01973,-36870.4,-1,2.6061e-10,1,0
0.00456964,-0.169286,0.0979537,-0.230245,4.01884,-37045.7,-1,9.34288e-10,1,0
0.00457031,-0.169306,0.0977813,-0.230849,4.01949,-37044.7,-1,1.26981e-10,1,0
0.00457119,-0.169109,0.0975425,-0.231578,4.0191,-36994.4,-1,1.5578e-09,1,0
0.00457173,-0.169378,0.0972792,-0.231525,4.02115,-37049,-1,2.98462e-10,1,0
0.0045732,-0.170959,0.0971022,-0.232269,4.02107,-37382.8,-1,2.98462e-10,1,0
0.00457383,-0.171286,0.0970991,-0.232337,4.02326,-37449.2,-1,2.28363e-09,1,0
0.00457445,-0.171291,0.0969097,-0.231812,4.02233,-37445.1,-1,4.99998e-10,1,0
0.00457523,-0.171685,0.096391,-0.231142,4.02231,-37524.8,-1,4.99998e-10,1,0
0.00457569,-0.171565,0.0962488,-0.23083,4.02295,-37494.9,-1,1.6755e-09,1,0
0.0045761,-0.17113,0.0963151,-0.230651,4.02291,-37396.5,-1,9.02442e-11,1,0
0.0045777,-0.170074,0.0971848,-0.230589,4.02202,-37152.6,-1,6.60188e-10,1,0
0.0045783,-0.169466,0.0974524,-0.230854,4.02206,-37015.1,-1,6.60188e-10,1,0
0.00457921,-0.168883,0.0966744,-0.231068,4.01981,-36880.5,-1,1.4993e-10,1,0
0.00457968,-0.168394,0.0964081,-0.231113,4.01984,-36769.9,-1,1.4993e-10,1,0
0.00458025,-0.167793,0.0960809,-0.231169,4.01987,-36633.9,-1,1.4993e-10,1,0
0.00458105,-0.167877,0.0956717,-0.230941,4.0221,-36646,-1,5.4872e-10,1,0
0.00458275,-0.167627,0.0944658,-0.231091,4.02389,-36577.8,-1,5.44123e-10,1,0
0.0045834,-0.167398,0.094115,-0.230434,4.02311,-36522.5,-1,7.79669e-10,1,0
0.00458445,-0.167292,0.0949291,-0.230452,4.02044,-36491.1,-1,7.38019e-10,1,0
0.00458508,-0.167549,0.0950758,-0.231107,4.02171,-36542.2,-1,9.72785e-10,1,0
0.00458563,-0.167279,0.0949772,-0.231297,4.02088,-36479,-1,3.13251e-10,1,0
0.00458585,-0.167224,0.0952024,-0.231411,4.02089,-36465.3,-1,3.13251e-10,1,0
0.0045864,-0.167084,0.0957785,-0.231703,4.02106,-36430.3,-1,9.19255e-10,1,0
0.00458744,-0.166609,0.0962523,-0.230697,4.02189,-36318.5,-1,1.19714e-09,1,0
0.00458847,-0.16748,0.0962841,-0.229842,4.02047,-36500.1,-1,1.2205e-09,1,0
0.00458911,-0.167269,0.095707,-0.229683,4.02326,-36449.1,-1,1.1162e-10,1,0
0.00459011,-0.167969,0.0951918,-0.229619,4.02434,-36593.6,-1,8.85594e-10,1,0
0.00459167,-0.168877,0.0952882,-0.231062,4.02536,-36779,-1,2.37566e-10,1,0
0.00459307,-0.169389,0.0952956,-0.231243,4.02368,-36879.1,-1,3.04345e-10,1,0
0.00459345,-0.169176,0.0955033,-0.230975,4.02307,-36829.7,-1,1.84301e-10,1,0
0.00459482,-0.168916,0.0956798,-0.23254,4.02291,-36762.2,-1,1.26035e-09,1,0
0.00459518,-0.168807,0.0958177,-0.232665,4.02542,-36735.5,-1,2.52286e-10,1,0
0.00459562,-0.168796,0.0954389,-0.232984,4.02536,-36729.7,-1,2.3707e-10,1,0
0.00459697,-0.16901,0.0962452,-0.232529,4.02668,-36765.5,-1,8.91754e-10,1,0
0.00459787,-0.169213,0.0972378,-0.232471,4.02703,-36802.4,-1,9.83458e-10,1,0
0.00459878,-0.16985,0.0964876,-0.232689,4.02653,-36933.7,-1,1.02137e-09,1,0
0.00460127,-0.167554,0.0957271,-0.234392,4.02633,-36414.7,-1,3.02175e-09,1,0
0.00460231,-0.168455,0.0960637,-0.234601,4.02559,-36602.2,-1,3.42605e-10,1,0
0.00460321,-0.169422,0.0964569,-0.234337,4.02554,-36805.2,-1,3.42605e-10,1,0
0.00460495,-0.171385,0.0969325,-0.234102,4.02485,-37217.6,-1,2.76346e-09,1,0
0.0046065,-0.172035,0.0971803,-0.233958,4.02591,-37346.1,-1,6.07101e-10,1,0
0.00460787,-0.171972,0.0965693,-0.233067,4.0252,-37321.3,-1,7.82827e-10,1,0
0.00460812,-0.171752,0.096614,-0.232877,4.02578,-37271.7,-1,8.6812e-10,1,0
0.00461013,-0.172732,0.0985397,-0.2319,4.02619,-37467.9,-1,2.32421e-09,1,0
0.00461093,-0.172633,0.0984871,-0.230961,4.02696,-37440,-1,9.11182e-10,1,0
0.00461138,-0.172596,0.0990099,-0.230888,4.02696,-37428.3,-1,9.11182e-10,1,0
0.00461199,-0.172357,0.0990037,-0.231195,4.0302,-37371.6,-1,2.62048e-10,1,0
0.00461244,-0.17218,0.0990298,-0.231598,4.03073,-37329.6,-1,1.10227e-10,1,0
0.00461321,-0.172235,0.0989345,-0.230729,4.03051,-37335.3,-1,8.33199e-11,1,0
0.00461382,-0.172277,0.0989171,-0.23001,4.03046,-37339.4,-1,1.55523e-09,1,0
0.00461422,-0.17212,0.0989622,-0.229861,4.03183,-37302,-1,1.94005e-10,1,0
0.00461548,-0.172131,0.0982141,-0.230039,4.03223,-37294.3,-1,8.0082e-10,1,0
0.00461619,-0.172132,0.0986858,-0.2295,4.03034,-37288.8,-1,7.80263e-10,1,0
0.00461668,-0.172218,0.0988154,-0.229533,4.02792,-37303.4,-1,2.13276e-10,1,0
0.00461748,-0.172451,0.0991981,-0.230169,4.02686,-37347.6,-1,4.60126e-10,1,0
0.00461854,-0.171339,0.0986629,-0.230428,4.02681,-37098.1,-1,9.96803e-12,1,0
0.00462005,-0.171698,0.0998941,-0.230391,4.02799,-37163.7,-1,1.12529e-09,1,0
0.0046215,-0.17078,0.100132,-0.229322,4.0258,-36953.4,-1,1.22385e-09,1,0
0.0046238,-0.171202,0.10237,-0.22963,4.02751,-37026.3,-1,1.65802e-09,1,0
0.00462409,-0.171375,0.102482,-0.229778,4.02901,-37061.4,-1,1.03685e-10,1,0
0.00462454,-0.171182,0.1026,-0.230231,4.02943,-37016,-1,1.3388e-11,1,0
0.0046252,-0.17088,0.101915,-0.22999,4.02952,-36945.5,-1,7.8641e-10,1,0
0.0046271,-0.171293,0.103238,-0.229314,4.02819,-37019.4,-1,1.10165e-09,1,0
0.00462891,-0.1723,0.102308,-0.228908,4.02678,-37222.6,-1,7.01879e-10,1,0
0.0046292,-0.172268,0.102366,-0.229023,4.02534,-37213.3,-1,1.21622e-09,1,0
0.00463002,-0.172983,0.102643,-0.228469,4.02547,-37361.1,-1,2.47881e-10,1,0
0.0046306,-0.173487,0.102802,-0.228049,4.0255,-37465.4,-1,1.5952e-09,1,0
0.00463121,-0.173942,0.102413,-0.22782,4.02513,-37558.6,-1,3.80348e-10,1,0
0.00463267,-0.175307,0.101347,-0.227968,4.02506,-37841.4,-1,3.80348e-10,1,0
0.00463351,-0.175718,0.100626,-0.228027,4.02401,-37923.4,-1,2.80143e-09,1,0
0.00463425,-0.175439,0.0997892,-0.228033,4.02402,-37857,-1,2.80143e-09,1,0
0.00463512,-0.174582,0.0994954,-0.228225,4.02609,-37665.1,-1,1.4331e-09,1,0
0.00463585,-0.174284,0.0999399,-0.228839,4.02562,-37594.9,-1,7.77067e-10,1,0
0.00463758,-0.173781,0.100709,-0.228704,4.02564,-37472.3,-1,1.21044e-09,1,0
0.0046381,-0.173567,0.100932,-0.228979,4.02435,-37421.9,-1,1.31579e-10,1,0
0.00463914,-0.173882,0.100891,-0.228087,4.02523,-37481.5,-1,1.08973e-09,1,0
0.00464046,-0.173401,0.101356,-0.229444,4.02556,-37367.3,-1,1.39302e-09,1,0
0.00464154,-0.173125,0.101854,-0.230029,4.02194,-37299.1,-1,3.85671e-10,1,0
0.00464197,-0.173493,0.101891,-0.230328,4.02285,-37374.8,-1,1.72211e-11,1,0
0.00464226,-0.173738,0.101904,-0.230572,4.02275,-37425.4,-1,5.71027e-10,1,0
0.00464274,-0.173727,0.102251,-0.230388,4.0273,-37419,-1,4.51861e-10,1,0
0.00464436,-0.174101,0.103872,-0.229411,4.02728,-37486.5,-1,4.51861e-10,1,0
0.0046452,-0.174251,0.104795,-0.229233,4.02452,-37512.1,-1,5.47564e-10,1,0
0.00464626,-0.173766,0.103821,-0.229498,4.02369,-37399.2,-1,2.63807e-10,1,0
0.00464752,-0.174842,0.103351,-0.229431,4.02232,-37620.5,-1,1.24058e-09,1,0
0.00464822,-0.174723,0.102869,-0.229581,4.02106,-37589.2,-1,5.87454e-10,1,0
0.00464873,-0.175328,0.102806,-0.229589,4.02103,-37715.2,-1,5.87454e-10,1,0
0.00464899,-0.175168,0.102806,-0.229647,4.02108,-37678.7,-1,1.61027e-10,1,0
0.00464955,-0.174643,0.103191,-0.229812,4.02133,-37561.3,-1,7.54131e-10,1,0
0.00464991,-0.174881,0.102975,-0.229607,4.02128,-37609.5,-1,3.46024e-10,1,0
0.00465007,-0.174973,0.103045,-0.229461,4.02342,-37628.1,-1,3.02012e-12,1,0
0.00465092,-0.175514,0.10294,-0.229092,4.02152,-37737.4,-1,8.08068e-10,1,0
0.004652,-0.174965,0.102308,-0.229425,4.01935,-37610.7,-1,5.72572e-11,1,0
0.00465281,-0.175595,0.101866,-0.230005,4.01908,-37739.4,-1,9.63286e-10,1,0
0.00465441,-0.174846,0.100971,-0.22851,4.01912,-37565.7,-1,9.63286e-10,1,0
0.00465592,-0.174546,0.0999396,-0.227141,4.01938,-37488.9,-1,2.83469e-09,1,0
0.00465702,-0.173807,0.100532,-0.227276,4.01211,-37321.5,-1,6.41127e-10,1,0
0.00465787,-0.17462,0.101075,-0.227091,4.00971,-37489.3,-1,8.51452e-10,1,0
0.00465902,-0.175066,0.101502,-0.22665,4.00899,-37575.7,-1,5.73552e-10,1,0
0.0046595,-0.175058,0.101684,-0.226484,4.00944,-37570.1,-1,7.65831e-12,1,0
0.00466064,-0.174713,0.101837,-0.225856,4.01258,-37486.8,-1,4.91655e-10,1,0
0.00466153,-0.175388,0.101863,-0.225973,4.01262,-37624.5,-1,3.82624e-11,1,0
0.00466253,-0.175078,0.101189,-0.226174,4.01572,-37549.9,-1,5.9171e-10,1,0
0.00466416,-0.175656,0.101622,-0.227658,4.01724,-37660.9,-1,9.90254e-10,1,0
0.00466511,-0.176187,0.102312,-0.227991,4.01552,-37766.9,-1,4.91799e-10,1,0
0.0046657,-0.17596,0.101944,-0.228352,4.01401,-37713.6,-1,1.75635e-10,1,0
0.0046669,-0.175835,0.10199,-0.22917,4.01516,-37677.1,-1,1.00318e-09,1,0
0.00466853,-0.177299,0.103116,-0.22861,4.01508,-37977.6,-1,1.00318e-09,1,0
0.00466902,-0.177746,0.10346,-0.22844,4.01506,-38069.2,-1,1.00318e-09,1,0
0.00467061,-0.177969,0.103742,-0.228255,4.01415,-38104.1,-1,3.65056e-09,1,0
0.00467141,-0.177263,0.10334,-0.22819,4.01405,-37946.5,-1,1.67288e-10,1,0
0.00467233,-0.177794,0.103134,-0.227498,4.01314,-38052.5,-1,6.48093e-10,1,0
0.00467313,-0.178022,0.103952,-0.22793,4.01313,-38094.7,-1,6.48093e-10,1,0
0.00467343,-0.178107,0.104256,-0.228091,4.01239,-38110.5,-1,1.30723e-09,1,0
0.00467504,-0.177761,0.104981,-0.227527,4.01186,-38023.4,-1,1.32056e-09,1,0
0.00467672,-0.17641,0.103525,-0.227779,4.01258,-37720.8,-1,2.59316e-09,1,0
0.00467759,-0.176089,0.103184,-0.227138,4.01174,-37645.2,-1,8.71026e-10,1,0
0.00467817,-0.175847,0.103727,-0.227269,4.01375,-37588.8,-1,4.61418e-11,1,0
0.00467894,-0.175753,0.103437,-0.22811,4.01364,-37562.5,-1,5.09988e-10,1,0
0.00467923,-0.175742,0.103213,-0.228356,4.01441,-37557.9,-1,1.74108e-10,1,0
0.00467949,-0.175705,0.103138,-0.228397,4.01068,-37547.8,-1,2.69501e-11,1,0
0.00468088,-0.175345,0.103209,-0.228398,4.00638,-37459.9,-1,6.95441e-10,1,0
0.0046821,-0.17402,0.102916,-0.227937,4.00609,-37167.2,-1,1.85938e-10,1,0
0.00468503,-0.170684,0.102731,-0.228276,4.00764,-36431.9,-1,2.49115e-09,1,0
0.00468516,-0.17061,0.102679,-0.22835,4.00673,-36415,-1,2.5858e-11,1,0
0.00468642,-0.171491,0.102942,-0.228827,4.00868,-36593.2,-1,1.18974e-09,1,0
0.00468727,-0.172164,0.103103,-0.229568,4.00865,-36730.2,-1,1.18974e-09,1,0
0.00468767,-0.172479,0.103179,-0.229914,4.01038,-36794.2,-1,1.48765e-09,1,0
0.00468855,-0.172144,0.102664,-0.229186,4.01074,-36715.8,-1,5.35955e-10,1,0
0.00468999,-0.171099,0.102178,-0.22804,4.00858,-36481.7,-1,1.28644e-09,1,0
0.00469039,-0.170858,0.102567,-0.228072,4.00804,-36427.2,-1,4.64304e-10,1,0
0.0046928,-0.171778,0.104049,-0.229276,4.00747,-36604.6,-1,6.90959e-10,1,0
0.00469457,-0.171947,0.103891,-0.228347,4.00733,-36626.8,-1,8.39973e-10,1,0
0.00469575,-0.171502,0.104123,-0.227039,4.00735,-36522.8,-1,8.39973e-10,1,0
0.00469723,-0.170944,0.104414,-0.2254,4.00738,-36392.4,-1,8.39973e-10,1,0
0.00469766,-0.171053,0.104082,-0.22527,4.00523,-36412.4,-1,3.84539e-10,1,0
0.00469882,-0.171197,0.104186,-0.225245,4.00292,-36434.2,-1,4.75868e-10,1,0
0.0047004,-0.170287,0.104986,-0.224641,4.00136,-36228.3,-1,6.36869e-10,1,0
0.00470265,-0.171137,0.106126,-0.225703,4.00112,-36391.6,-1,1.42882e-09,1,0
0.00470358,-0.171497,0.105955,-0.226567,3.99963,-36461,-1,1.28124e-10,1,0
0.00470491,-0.170246,0.105656,-0.227489,3.99854,-36184.8,-1,1.58207e-09,1,0
0.00470588,-0.169633,0.104854,-0.226944,3.99857,-36047.2,-1,1.58207e-09,1,0
0.00470666,-0.169132,0.104197,-0.226517,3.99907,-35934.6,-1,2.05153e-09,1,0
0.00470798,-0.168241,0.102928,-0.226637,3.99912,-35735.3,-1,2.05153e-09,1,0
0.00470926,-0.167656,0.102385,-0.226886,3.99746,-35601.4,-1,2.70583e-09,1,0
0.00470992,-0.167789,0.103022,-0.227204,3.99883,-35624.5,-1,4.91366e-11,1,0
0.00471141,-0.16681,0.102631,-0.225975,4.00038,-35405.5,-1,1.07994e-10,1,0
0.00471215,-0.166247,0.10278,-0.226602,4.00013,-35280.4,-1,5.94111e-11,1,0
0.00471281,-0.165702,0.10292,-0.227143,4.00015,-35159.9,-1,5.94111e-11,1,0
0.0047133,-0.16537,0.102983,-0.227277,3.99986,-35085.8,-1,2.01843e-09,1,0
0.00471523,-0.164725,0.102675,-0.225521,3.99996,-34934.8,-1,2.17231e-09,1,0
0.00471563,-0.165017,0.102589,-0.225553,3.99844,-34993.6,-1,4.0129e-10,1,0
0.0047173,-0.166966,0.102474,-0.225336,3.9977,-35394.4,-1,9.68158e-11,1,0
0.0047185,-0.166417,0.102837,-0.226471,3.99434,-35269,-1,1.00663e-10,1,0
0.00471954,-0.166451,0.101696,-0.226115,3.99299,-35268.4,-1,8.52332e-11,1,0
0.00472082,-0.165838,0.100938,-0.226923,3.99276,-35129,-1,3.40975e-10,1,0
0.00472157,-0.165592,0.100231,-0.227392,3.99277,-35071.5,-1,3.40975e-10,1,0
0.00472339,-0.164994,0.0985062,-0.228537,3.99306,-34931.2,-1,3.30509e-09,1,0
0.00472471,-0.165695,0.098828,-0.228225,3.9904,-35069.9,-1,5.0025e-10,1,0
0.00472531,-0.165305,0.0984169,-0.227985,3.99068,-34982.9,-1,6.5233e-10,1,0
0.00472542,-0.165274,0.098464,-0.228016,3.9888,-34975.5,-1,7.20941e-11,1,0
0.00472642,-0.165071,0.0987752,-0.22754,3.98904,-34925.3,-1,6.24998e-10,1,0
0.00472822,-0.165477,0.0976897,-0.226863,3.98794,-34997.7,-1,1.38019e-09,1,0
0.0047299,-0.166003,0.098104,-0.228111,3.98841,-35096.5,-1,9.1964e-10,1,0
0.0047301,-0.165885,0.0981041,-0.228272,3.98939,-35070.2,-1,1.16273e-09,1,0
0.00473084,-0.16566,0.0984516,-0.228144,3.99056,-35017.2,-1,4.2634e-10,1,0
0.00473122,-0.165432,0.0985164,-0.228061,3.98835,-34966.2,-1,2.48734e-10,1,0
0.0047322,-0.165437,0.0993525,-0.227246,3.98494,-34959.8,-1,1.36872e-09,1,0
0.0047341,-0.164363,0.0983456,-0.22722,3.98536,-34718.9,-1,1.00566e-09,1,0
0.00473515,-0.163421,0.0982882,-0.226741,3.98138,-34512.2,-1,1.12234e-10,1,0
0.00473554,-0.162967,0.0983437,-0.226758,3.98141,-34413.7,-1,1.12234e-10,1,0
0.00473696,-0.161298,0.0985478,-0.226819,3.98184,-34051,-1,2.41816e-09,1,0
0.00473805,-0.160138,0.0988229,-0.22654,3.98165,-33798.4,-1,1.8996e-10,1,0
0.00473872,-0.159369,0.0989036,-0.226368,3.98376,-33631.3,-1,1.89431e-09,1,0
0.00473901,-0.159423,0.0990577,-0.226428,3.98402,-33640.6,-1,1.82471e-10,1,0
0.00474159,-0.158746,0.100884,-0.226508,3.98641,-33479.6,-1,2.33572e-09,1,0
0.00474205,-0.159131,0.100982,-0.226889,3.98655,-33557.3,-1,1.42586e-09,1,0
0.0047429,-0.159005,0.101917,-0.226989,3.98876,-33524.7,-1,1.63503e-10,1,0
0.00474345,-0.158856,0.102379,-0.226632,3.98871,-33489.5,-1,3.30992e-10,1,0
0.00474592,-0.158054,0.104621,-0.226049,3.98738,-33303,-1,4.41829e-10,1,0
0.00474625,-0.157904,0.104551,-0.225698,3.987,-33269.1,-1,3.18108e-10,1,0
0.00474657,-0.157994,0.104666,-0.225795,3.98454,-33286,-1,2.44799e-10,1,0
0.00474829,-0.15622,0.104241,-0.224895,3.98483,-32900.3,-1,7.92176e-10,1,0
0.00474899,-0.155915,0.104024,-0.224145,3.98484,-32831.1,-1,7.92176e-10,1,0
0.00475037,-0.155712,0.10412,-0.222675,3.98405,-32778.8,-1,9.04602e-11,1,0
0.00475092,-0.15517,0.104,-0.222595,3.98507,-32661.1,-1,5.55003e-10,1,0
0.00475175,-0.155081,0.104475,-0.222497,3.98928,-32636.5,-1,4.70636e-12,1,0
0.00475277,-0.155491,0.104843,-0.223282,3.99143,-32715.8,-1,3.66711e-10,1,0
0.00475433,-0.156542,0.105707,-0.222922,3.99109,-32926.1,-1,1.06555e-09,1,0
0.00475667,-0.154364,0.107023,-0.223602,3.99079,-32452.1,-1,2.76306e-10,1,0
0.00475744,-0.153837,0.107472,-0.223942,3.98941,-32336,-1,5.98756e-11,1,0
0.00475793,-0.153804,0.107154,-0.224412,3.98897,-32325.7,-1,5.21369e-10,1,0
0.00475967,-0.152492,0.108423,-0.225207,3.99242,-32038.3,-1,5.02993e-11,1,0
0.00476059,-0.152017,0.107994,-0.225008,3.9933,-31932.4,-1,8.39832e-10,1,0
0.00476138,-0.15178,0.108721,-0.22448,3.99434,-31877.3,-1,9.29598e-10,1,0
0.00476158,-0.151963,0.108627,-0.22452,3.99411,-31914.4,-1,1.38559e-10,1,0
0.00476202,-0.152203,0.108265,-0.224642,3.99474,-31961.8,-1,1.5759e-10,1,0
0.00476324,-0.153485,0.107944,-0.225236,3.99448,-32222.9,-1,1.44927e-09,1,0
0.00476366,-0.153297,0.107977,-0.225406,3.99309,-32180.5,-1,2.13862e-10,1,0
0.00476447,-0.152767,0.108752,-0.225347,3.99279,-32063.9,-1,7.57627e-10,1,0
0.00476474,-0.152732,0.108829,-0.225123,3.99361,-32054.6,-1,5.26606e-10,1,0
0.00476564,-0.152371,0.108942,-0.224193,3.99431,-31972.8,-1,6.58681e-10,1,0
0.00476608,-0.152344,0.108488,-0.224378,3.99107,-31964.2,-1,4.86951e-10,1,0
0.00476648,-0.152292,0.108201,-0.224507,3.99101,-31950.6,-1,7.21754e-11,1,0
0.00476742,-0.152137,0.107745,-0.224733,3.98893,-31911.8,-1,4.04831e-10,1,0
0.00476765,-0.152067,0.107927,-0.224737,3.98809,-31895.5,-1,2.27917e-10,1,0
0.00476856,-0.152493,0.107748,-0.224417,3.98604,-31979,-1,5.54916e-10,1,0
0.00476921,-0.152765,0.107778,-0.224867,3.98328,-32031.6,-1,5.37924e-10,1,0
0.00477068,-0.153643,0.107823,-0.223902,3.98486,-32205.6,-1,9.08168e-10,1,0
0.00477092,-0.153592,0.107779,-0.224029,3.98331,-32193.4,-1,1.1054e-10,1,0
0.00477128,-0.153818,0.107892,-0.224243,3.98187,-32238.4,-1,3.10643e-10,1,0
0.00477164,-0.153599,0.107884,-0.224388,3.98013,-32189.9,-1,9.72341e-11,1,0
0.00477269,-0.152478,0.107587,-0.224845,3.98019,-31948,-1,9.72341e-11,1,0
0.00477347,-0.15217,0.107257,-0.225231,3.97943,-31878.3,-1,4.43535e-10,1,0
0.00477412,-0.151977,0.107662,-0.224692,3.98031,-31833.6,-1,2.12758e-10,1,0
0.00477489,-0.152261,0.107297,-0.224932,3.98129,-31887.9,-1,2.73012e-10,1,0
0.00477669,-0.152985,0.106829,-0.225962,3.9831,-32027.5,-1,1.71325e-09,1,0
0.00477738,-0.152565,0.106607,-0.226342,3.98138,-31935,-1,1.32127e-09,1,0
0.00477813,-0.151971,0.105942,-0.226321,3.98141,-31805.4,-1,1.32127e-09,1,0
0.00477842,-0.151792,0.105795,-0.226372,3.98605,-31766.1,-1,5.75512e-11,1,0
0.00478037,-0.152691,0.10738,-0.225851,3.98439,-31941.2,-1,1.11576e-09,1,0
0.00478196,-0.152439,0.10875,-0.226376,3.98495,-31877.9,-1,1.20186e-09,1,0
0.00478286,-0.152263,0.108624,-0.225809,3.982,-31835.2,-1,7.68658e-10,1,0
0.00478342,-0.151813,0.108768,-0.225967,3.98031,-31737.4,-1,1.73474e-10,1,0
0.00478377,-0.151408,0.108839,-0.225966,3.98033,-31650.4,-1,1.73474e-10,1,0
0.00478447,-0.150588,0.108983,-0.225965,3.98037,-31474.2,-1,1.73474e-10,1,0
0.00478574,-0.150453,0.109453,-0.226103,3.98292,-31437.8,-1,4.74441e-10,1,0
0.00478691,-0.151799,0.109808,-0.226128,3.98285,-31711.2,-1,4.74441e-10,1,0
0.00478795,-0.152959,0.109979,-0.226242,3.98369,-31946.7,-1,2.26605e-10,1,0
0.0047883,-0.152813,0.109761,-0.226517,3.98568,-31913.8,-1,3.90463e-10,1,0
0.00478994,-0.151826,0.110014,-0.226669,3.9814,-31697,-1,3.3808e-10,1,0
0.00479189,-0.151652,0.11149,-0.224905,3.98141,-31647.7,-1,3.3808e-10,1,0
0.00479259,-0.151901,0.112045,-0.225064,3.98208,-31695.1,-1,1.00439e-10,1,0
0.00479336,-0.151297,0.112357,-0.225044,3.98253,-31564,-1,5.23279e-10,1,0
0.00479382,-0.151251,0.112765,-0.22528,3.98109,-31551.3,-1,1.78519e-10,1,0
0.0047947,-0.151634,0.113115,-0.226114,3.9821,-31625.3,-1,6.24704e-10,1,0
0.00479593,-0.152157,0.112565,-0.224977,3.98367,-31726.3,-1,3.58214e-10,1,0
0.00479639,-0.152006,0.112271,-0.225058,3.98484,-31691.7,-1,2.20345e-10,1,0
0.00479695,-0.151651,0.111761,-0.225318,3.98486,-31614,-1,2.20345e-10,1,0
0.00479848,-0.150589,0.111099,-0.226357,3.98553,-31382.7,-1,9.15291e-10,1,0
0.00480005,-0.150614,0.111608,-0.228156,3.98553,-31377.5,-1,9.15291e-10,1,0
0.00480047,-0.150671,0.11171,-0.22813,3.98652,-31386.7,-1,2.10352e-09,1,0
0.00480211,-0.150954,0.111636,-0.226484,3.98731,-31435,-1,1.88063e-09,1,0
0.00480235,-0.150948,0.111724,-0.226288,3.98746,-31432.1,-1,3.78603e-10,1,0
0.00480369,-0.150839,0.112667,-0.225036,3.98778,-31400.7,-1,1.40682e-09,1,0
0.00480398,-0.150783,0.112794,-0.224767,3.99136,-31387.1,-1,7.00848e-11,1,0
0.00480518,-0.151324,0.114077,-0.22448,3.99153,-31491.8,-1,1.42137e-09,1,0
0.00480596,-0.151382,0.114203,-0.225147,3.9924,-31498.7,-1,2.32237e-10,1,0
0.00480668,-0.150736,0.114725,-0.225338,3.99199,-31359.8,-1,8.27317e-10,1,0
0.00480724,-0.150436,0.115221,-0.225679,3.992,-31293.7,-1,8.27317e-10,1,0
0.00480787,-0.150182,0.115736,-0.226083,3.9931,-31236.7,-1,1.35523e-09,1,0
0.00480864,-0.150695,0.116119,-0.22579,3.99436,-31338.3,-1,6.95161e-10,1,0
0.00480937,-0.151039,0.115772,-0.22507,3.99653,-31405.1,-1,8.70367e-10,1,0
0.0048103,-0.151406,0.1166,-0.22452,3.99695,-31475.4,-1,4.11437e-11,1,0
0.00481072,-0.151058,0.116954,-0.224554,3.99697,-31400.2,-1,4.11437e-11,1,0
0.00481172,-0.151078,0.1168,-0.224589,3.99624,-31398,-1,1.02363e-09,1,0
0.00481224,-0.151392,0.116421,-0.224403,3.99915,-31459.9,-1,1.01112e-10,1,0
0.00481292,-0.152066,0.116314,-0.224797,3.99728,-31595.5,-1,3.90696e-10,1,0
0.00481342,-0.151926,0.115758,-0.224636,3.99729,-31563,-1,3.90696e-10,1,0
0.00481536,-0.151339,0.113679,-0.224586,3.99912,-31428.4,-1,8.02443e-10,1,0
0.00481659,-0.151646,0.112325,-0.224135,3.99857,-31484.1,-1,1.45948e-09,1,0
0.00481703,-0.151811,0.112493,-0.223769,4.00035,-31515.4,-1,6.89974e-11,1,0
0.00481832,-0.152495,0.113232,-0.222612,4.00032,-31649,-1,6.89974e-11,1,0
0.00481899,-0.151902,0.112801,-0.222722,4.00443,-31521.4,-1,7.64107e-10,1,0
0.00482004,-0.152248,0.112044,-0.223231,4.00344,-31586.5,-1,5.37779e-10,1,0
0.0048204,-0.152448,0.112253,-0.223538,4.00349,-31625.6,-1,4.04208e-10,1,0
0.00482097,-0.152526,0.112657,-0.223931,4.00421,-31638,-1,2.29454e-10,1,0
0.00482234,-0.152781,0.11224,-0.222579,4.00432,-31682,-1,1.24547e-09,1,0
0.0048233,-0.151804,0.112165,-0.222502,4.00416,-31473,-1,1.0019e-09,1,0
0.00482464,-0.150629,0.112088,-0.222452,4.00489,-31220.8,-1,1.27608e-09,1,0
0.00482582,-0.150994,0.112352,-0.22322,4.00735,-31288.7,-1,8.96957e-11,1,0
0.00482675,-0.151586,0.113268,-0.223352,4.00856,-31405.4,-1,1.72373e-09,1,0
0.00482802,-0.152054,0.113868,-0.222346,4.00744,-31494,-1,1.19198e-09,1,0
0.00482861,-0.151506,0.113633,-0.222626,4.00686,-31376.8,-1,2.23716e-10,1,0
0.00482935,-0.150885,0.113315,-0.223153,4.00689,-31243.4,-1,2.23716e-10,1,0
0.00483068,-0.151592,0.114174,-0.223778,4.00856,-31381.1,-1,1.36571e-09,1,0
0.00483198,-0.150852,0.114157,-0.223857,4.00784,-31219.5,-1,7.9282e-10,1,0
0.00483384,-0.149836,0.116121,-0.223862,4.00663,-30997.4,-1,2.96033e-09,1,0
0.00483556,-0.149183,0.115093,-0.224783,4.00479,-30851.3,-1,3.06965e-10,1,0
0.00483606,-0.149339,0.115292,-0.225017,4.00329,-30880.4,-1,1.25397e-10,1,0
0.00483716,-0.149551,0.115742,-0.225436,4.00417,-30917.1,-1,1.10195e-09,1,0
0.00483825,-0.149445,0.115517,-0.224871,4.00325,-30888.3,-1,6.2159e-10,1,0
0.00483893,-0.149649,0.116029,-0.224773,4.00224,-30926.1,-1,1.7631e-10,1,0
0.00483963,-0.150014,0.116671,-0.224444,4.00203,-30997,-1,1.12246e-09,1,0
0.0048404,-0.15042,0.117323,-0.224312,4.00238,-31075.9,-1,8.1408e-10,1,0
0.00484101,-0.15082,0.117237,-0.224354,4.00561,-31154.6,-1,3.29546e-10,1,0
0.0048422,-0.150282,0.117233,-0.223332,4.00609,-31036,-1,2.84906e-10,1,0
0.00484281,-0.150063,0.117098,-0.222661,4.00624,-30986.8,-1,1.85122e-09,1,0
0.00484406,-0.150128,0.116318,-0.221529,4.00696,-30992.2,-1,6.97157e-10,1,0
0.00484473,-0.149861,0.116436,-0.221752,4.00635,-30932.8,-1,6.86181e-10,1,0
0.00484617,-0.150111,0.116788,-0.220891,4.00629,-30975.1,-1,3.06757e-10,1,0
0.00484734,-0.150241,0.117251,-0.219582,4.00666,-30994.5,-1,2.48375e-09,1,0
0.00484814,-0.149844,0.117667,-0.21883,4.00792,-30907.5,-1,9.466e-10,1,0
0.00484942,-0.150119,0.117004,-0.217596,4.00715,-30956.1,-1,2.46331e-10,1,0
0.00485056,-0.150427,0.117914,-0.217537,4.00533,-31012.3,-1,1.42239e-11,1,0
0.00485123,-0.151059,0.118388,-0.217643,4.00554,-31138.2,-1,1.56704e-09,1,0
0.00485247,-0.151581,0.119006,-0.217948,4.00494,-31237.8,-1,1.07913e-09,1,0
0.004855,-0.153995,0.117396,-0.218725,4.00424,-31718.9,-1,3.0044e-09,1,0
0.00485661,-0.153981,0.117032,-0.219699,4.00159,-31705.4,-1,6.6798e-10,1,0
0.00485759,-0.155079,0.117,-0.220086,4.00153,-31925,-1,6.6798e-10,1,0
0.00485815,-0.155438,0.117012,-0.220584,4.00034,-31995.2,-1,4.75312e-10,1,0
0.00485902,-0.154853,0.11719,-0.220597,4.00203,-31869.2,-1,1.78171e-10,1,0
0.00486011,-0.154223,0.118152,-0.220951,4.00289,-31732.5,-1,1.23909e-09,1,0
0.0048606,-0.154213,0.118085,-0.221493,4.00299,-31727.2,-1,5.09389e-10,1,0
0.00486246,-0.15516,0.119581,-0.222483,4.00397,-31909.9,-1,4.2588e-10,1,0
0.0048633,-0.155924,0.120234,-0.222469,4.00223,-32061.3,-1,1.5413e-09,1,0
0.00486444,-0.15617,0.121088,-0.22273,4.00306,-32104.5,-1,3.09229e-10,1,0
0.00486531,-0.156379,0.121925,-0.223296,4.00305,-32141.7,-1,3.09229e-10,1,0
0.00486666,-0.156631,0.122941,-0.224104,4.00538,-32184.6,-1,3.51314e-09,1,0
0.00486749,-0.156336,0.122525,-0.223444,4.00712,-32118.3,-1,7.45176e-10,1,0
0.00486862,-0.157426,0.122952,-0.223109,4.00403,-32334.7,-1,1.24544e-09,1,0
0.00486939,-0.156733,0.122367,-0.223146,4.00406,-32187.4,-1,1.24544e-09,1,0
0.00487047,-0.155891,0.12299,-0.222565,4.00388,-32007.4,-1,1.18317e-09,1,0
0.00487082,-0.155576,0.122886,-0.222813,4.00365,-31940.5,-1,4.13824e-10,1,0
0.00487158,-0.155429,0.122217,-0.222928,4.00406,-31905.3,-1,1.92112e-11,1,0
0.00487212,-0.155648,0.122151,-0.222632,4.00352,-31946.8,-1,8.28691e-11,1,0
0.00487381,-0.154097,0.121555,-0.223269,4.00235,-31617.4,-1,6.62212e-10,1,0
0.00487477,-0.154761,0.120678,-0.222956,4.00058,-31747.4,-1,1.14328e-09,1,0
0.00487495,-0.154709,0.120788,-0.223013,4.00141,-31735.5,-1,1.67873e-10,1,0
0.00487582,-0.15504,0.120466,-0.22218,4.00358,-31797.8,-1,1.02121e-09,1,0
0.00487709,-0.15515,0.119137,-0.222347,4.00535,-31812,-1,1.24578e-09,1,0
0.00487747,-0.15531,0.118753,-0.22223,4.0054,-31842.3,-1,3.29119e-10,1,0
0.00487875,-0.155416,0.11862,-0.223,4.00649,-31855.6,-1,7.16945e-10,1,0
0.00487947,-0.155648,0.118844,-0.223248,4.00199,-31898.6,-1,2.66886e-10,1,0
0.00488081,-0.154496,0.118707,-0.222168,4.0013,-31653.9,-1,1.58492e-09,1,0
0.00488223,-0.153904,0.11973,-0.222423,4.0072,-31523.2,-1,1.24594e-09,1,0
0.00488334,-0.154342,0.118645,-0.221824,4.0056,-31605.9,-1,9.02602e-10,1,0
0.00488507,-0.153439,0.119938,-0.223139,4.00515,-31409.8,-1,2.05357e-09,1,0
0.00488569,-0.153089,0.119688,-0.223244,4.00122,-31334.2,-1,5.75726e-10,1,0
0.00488753,-0.154224,0.119774,-0.224394,3.99967,-31554.5,-1,1.53548e-09,1,0
0.00488811,-0.154177,0.120256,-0.224177,3.99648,-31541.3,-1,5.34722e-10,1,0
0.00489015,-0.15492,0.120656,-0.226436,3.99665,-31680,-1,2.41172e-09,1,0
0.0048921,-0.155224,0.120644,-0.228449,3.99814,-31729.6,-1,1.39269e-09,1,0
0.00489337,-0.155637,0.121113,-0.229567,3.99922,-31805.7,-1,2.17174e-09,1,0
0.0048937,-0.155641,0.120808,-0.229804,4.00008,-31804.4,-1,6.38579e-10,1,0
0.00489559,-0.153826,0.121447,-0.230036,4.00019,-31421.4,-1,1.57234e-09,1,0
0.00489601,-0.153822,0.121437,-0.230226,3.99674,-31417.9,-1,2.29806e-10,1,0
0.00489701,-0.153817,0.120605,-0.230726,3.99603,-31410.4,-1,2.08084e-10,1,0
0.00489817,-0.153944,0.119618,-0.231643,3.99488,-31428.8,-1,2.72157e-11,1,0
0.00489878,-0.154107,0.11997,-0.231555,3.99391,-31458.2,-1,3.13864e-10,1,0
0.00490022,-0.154709,0.120779,-0.230813,3.99463,-31571.8,-1,5.69599e-10,1,0
0.0049012,-0.155638,0.121145,-0.230222,3.99416,-31755,-1,2.29924e-09,1,0
0.00490174,-0.155811,0.121285,-0.229618,3.99408,-31786.9,-1,6.44431e-10,1,0
0.00490248,-0.156101,0.120521,-0.229416,3.99412,-31841.2,-1,2.7042e-10,1,0
0.00490254,-0.156083,0.120559,-0.229354,3.99412,-31837.2,-1,2.7042e-10,1,0
0.0049033,-0.15641,0.120974,-0.229037,3.9964,-31899,-1,5.01598e-10,1,0
0.00490384,-0.156661,0.120882,-0.228777,3.99817,-31946.6,-1,1.3856e-10,1,0
0.00490484,-0.157028,0.119837,-0.228367,3.99642,-32014.9,-1,1.15121e-09,1,0
0.00490508,-0.156839,0.119881,-0.228581,3.9964,-31974.7,-1,2.88763e-10,1,0
0.00490582,-0.156763,0.12033,-0.228408,3.99904,-31954.5,-1,2.67619e-10,1,0
0.00490687,-0.156735,0.120526,-0.228908,3.9967,-31942,-1,4.49423e-10,1,0
0.00490818,-0.15655,0.121075,-0.22857,3.99391,-31895.8,-1,9.65243e-10,1,0
0.00490832,-0.156606,0.121051,-0.228456,3.99375,-31906.2,-1,1.81226e-11,1,0
0.00490919,-0.15721,0.121518,-0.227766,3.9918,-32023.7,-1,1.09e-09,1,0
0.00491026,-0.156725,0.122168,-0.228496,3.98982,-31918,-1,1.17431e-09,1,0
0.00491117,-0.156343,0.121819,-0.228652,3.99177,-31834.3,-1,5.36186e-10,1,0
0.00491267,-0.154698,0.122179,-0.228868,3.99191,-31489.6,-1,1.30245e-09,1,0
0.00491336,-0.154316,0.121849,-0.228736,3.99597,-31407.4,-1,3.26187e-10,1,0
0.00491441,-0.15398,0.120744,-0.229183,3.99631,-31332.3,-1,1.39761e-09,1,0
0.00491487,-0.15418,0.120536,-0.229339,3.99458,-31370.1,-1,1.2048e-10,1,0
0.00491571,-0.154887,0.120021,-0.229496,3.99482,-31508.6,-1,2.18519e-10,1,0
0.00491753,-0.153184,0.120398,-0.228241,3.99418,-31150.6,-1,2.14908e-09,1,0
0.0049179,-0.153196,0.120622,-0.228473,3.99395,-31150.6,-1,1.41623e-10,1,0
0.00491929,-0.153453,0.121285,-0.228789,3.99391,-31194.1,-1,7.47687e-10,1,0
0.00491972,-0.153828,0.121009,-0.228979,3.9937,-31267.6,-1,5.02971e-10,1,0
0.00492095,-0.15492,0.121854,-0.229471,3.99364,-31481.6,-1,5.02971e-10,1,0
0.00492108,-0.154918,0.121802,-0.229467,3.99424,-31480.4,-1,5.54937e-11,1,0
0.00492139,-0.15467,0.121559,-0.229574,3.99438,-31428.1,-1,6.92983e-11,1,0
0.00492294,-0.153432,0.120331,-0.230174,3.99444,-31166.8,-1,6.92983e-11,1,0
0.00492404,-0.153017,0.120067,-0.230744,3.99299,-31075.5,-1,3.05162e-09,1,0
0.00492528,-0.153312,0.119841,-0.231458,3.99307,-31127.6,-1,1.17037e-09,1,0
0.00492557,-0.153198,0.119623,-0.231522,3.99253,-31102.6,-1,1.47893e-10,1,0
0.00492581,-0.153097,0.119829,-0.231391,3.99585,-31080.6,-1,7.14205e-11,1,0
0.00492759,-0.151797,0.120629,-0.231259,3.99716,-30805.4,-1,6.48673e-10,1,0
0.00492779,-0.151643,0.120754,-0.231184,3.99616,-30773.1,-1,3.23314e-11,1,0
0.00492882,-0.152362,0.121018,-0.230719,3.99426,-30912.6,-1,9.2025e-10,1,0
0.00492914,-0.152722,0.121091,-0.230817,3.99484,-30983.5,-1,3.79505e-10,1,0
0.00492975,-0.152518,0.120604,-0.23082,3.99388,-30938.3,-1,3.9145e-10,1,0
0.00493101,-0.151925,0.119752,-0.229738,3.99475,-30810.2,-1,1.83086e-09,1,0
0.00493203,-0.15124,0.119677,-0.230372,3.99315,-30664.8,-1,1.2807e-10,1,0
0.00493346,-0.151491,0.121023,-0.231221,3.99264,-30706.8,-1,4.66685e-10,1,0
0.0049351,-0.15097,0.1222,-0.230654,3.99516,-30591,-1,1.92674e-09,1,0
0.00493532,-0.150943,0.122074,-0.230522,3.99662,-30584.2,-1,1.71948e-10,1,0
0.00493628,-0.151547,0.122323,-0.229588,3.99659,-30700.6,-1,1.71948e-10,1,0
0.00493707,-0.151897,0.122673,-0.228915,3.99675,-30766.6,-1,2.10791e-10,1,0
0.00493794,-0.152306,0.122259,-0.228062,3.99673,-30844.1,-1,2.10791e-10,1,0
0.00493892,-0.152866,0.122781,-0.227523,3.99692,-30951.3,-1,5.6185e-10,1,0
0.00493965,-0.153316,0.122321,-0.227011,3.99895,-31037.8,-1,2.35894e-10,1,0
0.00494152,-0.152504,0.120422,-0.226213,3.99947,-30861.7,-1,2.21485e-09,1,0
0.00494237,-0.152972,0.121216,-0.226375,3.9982,-30951.2,-1,2.95221e-10,1,0
0.00494291,-0.153372,0.121469,-0.226764,3.9972,-31028.7,-1,2.2587e-11,1,0
0.00494372,-0.153639,0.121615,-0.227475,3.99989,-31077.6,-1,7.90872e-11,1,0
0.00494531,-0.152266,0.120948,-0.227352,4.00034,-30790.1,-1,1.64061e-09,1,0
0.00494595,-0.152293,0.121679,-0.227537,4.00029,-30791.5,-1,5.14068e-10,1,0
0.00494723,-0.152364,0.123161,-0.22755,4.00013,-30797.8,-1,6.27764e-10,1,0
0.0049479,-0.152572,0.123675,-0.227773,4.00033,-30835.6,-1,5.5823e-11,1,0
0.00494833,-0.152295,0.123464,-0.227924,3.99994,-30777.1,-1,3.99161e-10,1,0
0.00494926,-0.151997,0.124208,-0.228111,3.99766,-30711.1,-1,8.66388e-10,1,0
0.00494994,-0.152169,0.124017,-0.228415,3.99603,-30741.6,-1,4.54598e-10,1,0
0.00495043,-0.152157,0.124304,-0.228179,3.99939,-30736.1,-1,4.32877e-10,1,0
0.00495207,-0.152984,0.122838,-0.227202,3.99624,-30892.9,-1,2.08876e-09,1,0
0.00495275,-0.152694,0.12289,-0.226782,3.99686,-30830.2,-1,3.96877e-10,1,0
0.00495385,-0.15236,0.123,-0.227515,3.9987,-30756,-1,3.84202e-10,1,0
0.00495496,-0.152225,0.123557,-0.228693,3.99871,-30721.8,-1,3.84202e-10,1,0
0.00495643,-0.151751,0.124904,-0.229432,3.99928,-30617.1,-1,1.24571e-09,1,0
0.0049573,-0.151065,0.125174,-0.22887,3.99845,-30473.2,-1,3.48721e-11,1,0
0.00495794,-0.151433,0.124828,-0.228333,3.99717,-30543.6,-1,8.16608e-13,1,0
0.00495951,-0.152409,0.124003,-0.22727,3.99765,-30730.7,-1,8.54563e-10,1,0
0.00496012,-0.152665,0.123746,-0.227888,4.00057,-30778.5,-1,2.87218e-10,1,0
0.00496104,-0.15343,0.12365,-0.228226,4.00051,-30927,-1,8.76591e-10,1,0
0.00496166,-0.15346,0.123537,-0.227982,4.00325,-30929.2,-1,4.04846e-10,1,0
0.00496273,-0.154035,0.123471,-0.227033,4.00394,-31038.4,-1,3.76643e-10,1,0
0.00496353,-0.154443,0.124315,-0.227122,4.00186,-31115.6,-1,9.08427e-10,1,0
0.00496418,-0.154568,0.124355,-0.227828,4.00071,-31136.6,-1,1.29738e-10,1,0
0.0049654,-0.154969,0.124135,-0.226497,3.99949,-31209.7,-1,3.28296e-11,1,0
0.00496651,-0.155222,0.123953,-0.225432,3.9991,-31253.7,-1,2.6108e-09,1,0
0.00496691,-0.155167,0.124108,-0.225079,3.99866,-31240,-1,4.06493e-10,1,0
0.00496737,-0.155417,0.124586,-0.225077,3.99865,-31287.6,-1,4.06493e-10,1,0
0.00496951,-0.156595,0.126834,-0.225068,3.99859,-31511.2,-1,4.06493e-10,1,0
0.00497114,-0.157582,0.128101,-0.225061,4.00044,-31699.3,-1,2.91959e-10,1,0
0.00497334,-0.155183,0.128845,-0.224329,4.00396,-31203,-1,2.61553e-09,1,0
0.00497423,-0.155843,0.128376,-0.224065,4.00105,-31330,-1,5.1204e-10,1,0
0.00497571,-0.154931,0.127488,-0.22373,4.00268,-31137.5,-1,5.28693e-10,1,0
0.00497628,-0.154895,0.127654,-0.223414,4.00505,-31126.7,-1,6.35426e-10,1,0
0.00497684,-0.154564,0.127941,-0.223371,4.00356,-31056.7,-1,3.49173e-10,1,0
0.00497791,-0.153857,0.128965,-0.223331,4.00032,-30908,-1,2.2403e-10,1,0
0.00497925,-0.152571,0.128795,-0.224232,3.99893,-30641.4,-1,1.57981e-09,1,0
0.00498085,-0.152068,0.128541,-0.222907,3.99735,-30530.5,-1,1.13283e-09,1,0
0.00498195,-0.152686,0.128295,-0.222952,3.99196,-30647.8,-1,3.90823e-10,1,0
0.00498222,-0.152765,0.128195,-0.222994,3.98766,-30662,-1,1.30504e-10,1,0
0.00498423,-0.150599,0.127219,-0.223103,3.99044,-30215,-1,2.37904e-09,1,0
0.00498511,-0.150905,0.126709,-0.223118,3.99103,-30271.2,-1,5.67037e-10,1,0
0.00498664,-0.149863,0.126265,-0.222005,3.98873,-30052.9,-1,5.76902e-10,1,0
0.0049878,-0.148609,0.126609,-0.221559,3.98768,-29794.5,-1,1.37488e-09,1,0
0.00498877,-0.148775,0.125867,-0.222415,3.98731,-29822.1,-1,1.14496e-09,1,0
0.00498972,-0.148533,0.125469,-0.222124,3.99011,-29767.8,-1,3.26485e-10,1,0
0.00499077,-0.149281,0.12512,-0.22157,3.99143,-29911.4,-1,8.57839e-10,1,0
0.00499224,-0.149945,0.125638,-0.220233,3.99204,-30035.7,-1,3.68777e-11,1,0
0.00499429,-0.151445,0.123735,-0.220023,3.99197,-30323.6,-1,3.68777e-11,1,0
0.00499567,-0.150981,0.123473,-0.221064,3.99025,-30222.4,-1,2.79128e-09,1,0
0.00499593,-0.15081,0.123478,-0.221331,3.99026,-30186.6,-1,2.79128e-09,1,0
0.0049972,-0.150003,0.123501,-0.222594,3.9903,-30017.4,-1,2.79128e-09,1,0
0.00499788,-0.149591,0.123679,-0.222649,3.9908,-29930.9,-1,2.8379e-11,1,0
0.00499868,-0.149549,0.124243,-0.222805,3.98695,-29917.7,-1,6.60241e-11,1,0
0.00499906,-0.149844,0.124273,-0.222998,3.98707,-29974.4,-1,1.66305e-10,1,0
0.00500042,-0.151358,0.124732,-0.223226,3.98916,-30269.1,-1,3.34724e-11,1,0
0.00500098,-0.151401,0.124869,-0.223274,3.98829,-30274.2,-1,3.38838e-11,1,0
0.00500162,-0.150903,0.125197,-0.223176,3.98681,-30170.8,-1,6.57426e-10,1,0
0.00500235,-0.151227,0.125999,-0.223101,3.98679,-30231.2,-1,6.57426e-10,1,0
0.00500326,-0.151575,0.126872,-0.222923,3.98569,-30295.2,-1,9.97387e-11,1,0
0.00500461,-0.152221,0.127157,-0.223944,3.98473,-30416.2,-1,8.33151e-10,1,0
0.00500525,-0.152515,0.127741,-0.223777,3.98278,-30471,-1,4.54885e-10,1,0
0.00500633,-0.153452,0.127097,-0.224249,3.98301,-30651.6,-1,1.22035e-09,1,0
0.00500789,-0.15305,0.126766,-0.225273,3.98229,-30561.7,-1,1.15418e-09,1,0
0.00500819,-0.153047,0.126925,-0.225598,3.98373,-30559.3,-1,3.61978e-10,1,0
0.00500829,-0.153048,0.126954,-0.225594,3.98444,-30559,-1,4.36344e-11,1,0
0.00500889,-0.153016,0.126932,-0.225034,3.98495,-30548.9,-1,2.8908e-11,1,0
0.0050094,-0.153307,0.1269,-0.224869,3.98493,-30603.9,-1,3.96008e-12,1,0
0.00501093,-0.154515,0.127474,-0.225756,3.98475,-30835.6,-1,4.41516e-10,1,0
0.00501144,-0.154644,0.127812,-0.226232,3.98513,-30858.3,-1,1.26607e-09,1,0
0.00501232,-0.15446,0.12788,-0.226203,3.98528,-30816.1,-1,1.96473e-11,1,0
0.00501256,-0.154342,0.128049,-0.226097,3.98376,-30791.1,-1,2.55193e-10,1,0
0.00501258,-0.154333,0.128057,-0.226091,3.98458,-30789.2,-1,1.61862e-11,1,0
0.00501385,-0.154012,0.128538,-0.224749,3.98404,-30717.4,-1,2.68011e-10,1,0
0.00501435,-0.15421,0.128967,-0.224498,3.9851,-30753.8,-1,3.3762e-11,1,0
0.00501557,-0.155182,0.129574,-0.223759,3.98308,-30940,-1,9.86766e-10,1,0
0.00501624,-0.15543,0.129571,-0.223748,3.98245,-30985.4,-1,4.74278e-10,1,0
0.00501707,-0.154847,0.1296,-0.223225,3.98108,-30864.1,-1,6.80734e-10,1,0
0.00501832,-0.154432,0.13027,-0.222514,3.98169,-30773.7,-1,1.40799e-09,1,0
0.0050189,-0.154218,0.129862,-0.222199,3.98509,-30727.4,-1,6.59172e-11,1,0
0.00501916,-0.154189,0.129782,-0.221992,3.98399,-30720,-1,2.25998e-10,1,0
0.00501968,-0.154571,0.12936,-0.22216,3.98476,-30792.9,-1,5.98381e-10,1,0
0.00502103,-0.153404,0.12898,-0.221133,3.98482,-30552.3,-1,5.98381e-10,1,0
0.00502132,-0.153188,0.128898,-0.220941,3.98159,-30507.5,-1,1.93107e-09,1,0
0.00502206,-0.153064,0.12865,-0.221018,3.97667,-30478.2,-1,4.66185e-10,1,0
0.00502309,-0.152818,0.12837,-0.221858,3.97765,-30423,-1,2.06951e-10,1,0
0.00502434,-0.152347,0.127848,-0.223098,3.97735,-30321.8,-1,2.2579e-09,1,0
0.00502499,-0.152322,0.127852,-0.223608,3.9775,-30313,-1,2.35646e-10,1,0
0.00502575,-0.152207,0.127527,-0.224027,3.97635,-30285.4,-1,5.96086e-10,1,0
0.00502652,-0.152806,0.12686,-0.223835,3.97632,-30400,-1,5.96086e-10,1,0
0.0050283,-0.1546,0.126653,-0.223474,3.97471,-30745.9,-1,1.3747e-09,1,0
0.00502995,-0.155965,0.126203,-0.223803,3.97298,-31007.4,-1,1.24549e-09,1,0
0.00503032,-0.156045,0.12584,-0.224035,3.97126,-31020.9,-1,1.14461e-09,1,0
0.00503111,-0.155582,0.1263,-0.224708,3.97128,-30923.9,-1,1.14461e-09,1,0
0.00503153,-0.155338,0.126541,-0.225062,3.9713,-30872.9,-1,1.14461e-09,1,0
0.00503392,-0.153385,0.125715,-0.225429,3.97071,-30470.3,-1,1.26497e-09,1,0
0.00503462,-0.153235,0.125124,-0.225306,3.97104,-30436.3,-1,1.4642e-09,1,0
0.00503511,-0.153279,0.12456,-0.225188,3.97104,-30442,-1,1.4642e-09,1,0
0.0050361,-0.153367,0.123421,-0.224952,3.97104,-30453.6,-1,1.4642e-09,1,0
0.00503715,-0.153601,0.122545,-0.224732,3.97057,-30493.6,-1,3.41723e-09,1,0
0.0050374,-0.153817,0.12274,-0.22472,3.97046,-30535,-1,5.00859e-10,1,0
0.00503778,-0.154071,0.122993,-0.224533,3.97089,-30583,-1,4.20843e-10,1,0
0.00503912,-0.154477,0.121565,-0.224925,3.96813,-30655.6,-1,9.03579e-11,1,0
0.00503995,-0.154939,0.121273,-0.224204,3.96869,-30742.2,-1,4.35744e-10,1,0
0.00504086,-0.154983,0.121705,-0.223473,3.96727,-30745.3,-1,8.4174e-10,1,0
0.00504152,-0.155058,0.121848,-0.222854,3.96937,-30756.2,-1,5.57817e-10,1,0
0.00504262,-0.155708,0.121324,-0.223356,3.96691,-30878.5,-1,3.10894e-10,1,0
0.00504282,-0.155875,0.12124,-0.223504,3.96542,-30910.3,-1,1.29676e-09,1,0
0.00504476,-0.154996,0.120933,-0.224246,3.96617,-30724.2,-1,1.26507e-09,1,0
0.00504559,-0.15555,0.121626,-0.224003,3.96678,-30829,-1,8.10564e-10,1,0
0.00504736,-0.156339,0.122314,-0.222677,3.96636,-30974.4,-1,6.19262e-10,1,0
0.00504815,-0.156704,0.121629,-0.223194,3.96666,-31041.8,-1,1.29337e-10,1,0
0.00504858,-0.157112,0.121529,-0.223289,3.96686,-31120,-1,9.42158e-10,1,0
0.00504928,-0.157943,0.121567,-0.223302,3.9661,-31280.4,-1,1.18261e-09,1,0
0.00505062,-0.157361,0.120165,-0.222947,3.9676,-31156.8,-1,1.56602e-09,1,0
0.00505134,-0.157543,0.12048,-0.22353,3.96633,-31188.3,-1,4.52387e-10,1,0
0.00505199,-0.157912,0.120774,-0.223919,3.96626,-31257.3,-1,8.38402e-10,1,0
0.00505275,-0.158109,0.121625,-0.224082,3.96345,-31291.8,-1,1.22273e-09,1,0
0.00505379,-0.158671,0.120573,-0.223779,3.96342,-31396.5,-1,1.22273e-09,1,0
0.00505392,-0.158739,0.120467,-0.223738,3.96334,-31409.1,-1,1.44194e-11,1,0
0.00505563,-0.160553,0.119937,-0.223038,3.96325,-31757.2,-1,1.44194e-11,1,0
0.00505649,-0.16123,0.120333,-0.223081,3.96592,-31885.8,-1,6.20347e-10,1,0
0.00505759,-0.160188,0.121062,-0.22287,3.96579,-31672.9,-1,1.29229e-09,1,0
0.00505797,-0.160159,0.121167,-0.22295,3.96335,-31664.6,-1,1.90687e-10,1,0
0.00505886,-0.159809,0.121492,-0.222976,3.96282,-31589.9,-1,3.07625e-10,1,0
0.00505999,-0.159194,0.121091,-0.221963,3.96248,-31461.2,-1,1.14357e-11,1,0
0.00506149,-0.159961,0.121024,-0.221079,3.9626,-31603.6,-1,6.27247e-10,1,0
0.00506237,-0.160905,0.1207,-0.220762,3.96256,-31784.4,-1,6.27247e-10,1,0
0.00506278,-0.160695,0.120522,-0.220818,3.96293,-31740.5,-1,3.29266e-10,1,0
0.0050648,-0.161403,0.122011,-0.219554,3.96334,-31867.6,-1,1.43001e-09,1,0
0.00506578,-0.161464,0.123031,-0.219296,3.96127,-31873.4,-1,1.22659e-10,1,0
0.00506634,-0.161174,0.123205,-0.219281,3.95934,-31812.7,-1,4.67294e-10,1,0
0.00506688,-0.16129,0.123429,-0.218894,3.95682,-31832.2,-1,2.76669e-10,1,0
0.00506798,-0.161581,0.124245,-0.218286,3.95697,-31882.7,-1,4.69128e-10,1,0
0.00506919,-0.162024,0.12546,-0.218704,3.95794,-31962.5,-1,2.53032e-10,1,0
0.00506954,-0.162078,0.125138,-0.218924,3.95879,-31970.8,-1,3.62941e-10,1,0
0.00506996,-0.162344,0.125041,-0.219158,3.95867,-32020.8,-1,3.82131e-10,1,0
0.00507097,-0.162514,0.125548,-0.219974,3.96113,-32047.9,-1,1.1269e-09,1,0
0.00507221,-0.16267,0.124397,-0.2198,3.96117,-32070.9,-1,4.596e-10,1,0
0.00507447,-0.162533,0.121744,-0.219537,3.96117,-32029.5,-1,4.596e-10,1,0
0.00507528,-0.163157,0.121958,-0.219609,3.96007,-32147.4,-1,2.86988e-10,1,0
0.00507565,-0.16322,0.12189,-0.220024,3.95938,-32157.5,-1,1.6407e-10,1,0
0.00507597,-0.163298,0.1221,-0.219833,3.95723,-32170.7,-1,7.45197e-11,1,0
0.00507658,-0.163608,0.12148,-0.22,3.95948,-32228.1,-1,7.13596e-10,1,0
0.00507751,-0.164185,0.121432,-0.220938,3.95943,-32335.7,-1,1.10151e-09,1,0
0.00507804,-0.164356,0.121345,-0.221336,3.95661,-32366,-1,1.13843e-10,1,0
0.00507828,-0.164486,0.121573,-0.221281,3.9572,-32390.2,-1,1.47799e-10,1,0
0.00507897,-0.164625,0.122034,-0.221246,3.95797,-32413.1,-1,6.63713e-10,1,0
0.00507932,-0.16438,0.122188,-0.22153,3.95759,-32362.6,-1,6.99287e-10,1,0
0.00508039,-0.1645,0.123382,-0.221285,3.9558,-32379.4,-1,1.17778e-09,1,0
0.00508244,-0.16363,0.124662,-0.222066,3.95536,-32195.1,-1,1.15913e-09,1,0
0.0050832,-0.162903,0.124979,-0.222251,3.95453,-32047.4,-1,1.48557e-10,1,0
0.00508431,-0.163382,0.125801,-0.223145,3.95638,-32134.7,-1,7.59632e-13,1,0
0.00508521,-0.163481,0.125765,-0.223793,3.95803,-32148.4,-1,1.88549e-09,1,0
0.00508554,-0.163494,0.125499,-0.2239,3.95597,-32148.9,-1,7.79314e-10,1,0
0.00508586,-0.163817,0.125399,-0.223724,3.95548,-32210.3,-1,4.76798e-10,1,0
0.00508778,-0.163101,0.12367,-0.222444,3.95552,-32057.5,-1,4.76798e-10,1,0
0.00508923,-0.163709,0.122483,-0.221787,3.95604,-32167.8,-1,2.83875e-09,1,0
0.00508977,-0.164234,0.122504,-0.221842,3.95734,-32267.4,-1,3.37646e-10,1,0
0.00509109,-0.164374,0.123254,-0.222559,3.95741,-32286.5,-1,2.89072e-10,1,0
0.00509223,-0.163677,0.123608,-0.223518,3.9564,-32142.5,-1,1.08917e-10,1,0
0.00509353,-0.163278,0.124242,-0.224858,3.95649,-32055.9,-1,1.80836e-09,1,0
0.00509446,-0.163,0.12464,-0.223872,3.9565,-31995.5,-1,1.80836e-09,1,0
0.00509521,-0.162963,0.124415,-0.223689,3.95521,-31983.6,-1,2.35688e-11,1,0
0.00509569,-0.163108,0.124224,-0.223848,3.9569,-32009,-1,8.14896e-10,1,0
0.00509739,-0.163984,0.12602,-0.223658,3.95686,-32170.2,-1,8.14896e-10,1,0
0.00509792,-0.164026,0.126427,-0.223684,3.95854,-32175.1,-1,2.63644e-09,1,0
0.00509865,-0.163238,0.126425,-0.224027,3.95858,-32015.9,-1,2.63644e-09,1,0
0.00509955,-0.162507,0.126659,-0.223907,3.95718,-31866.9,-1,4.66388e-10,1,0
0.00510004,-0.162551,0.126979,-0.223434,3.95718,-31872.6,-1,4.66388e-10,1,0
0.00510121,-0.162659,0.127755,-0.222289,3.95753,-31886.4,-1,1.96e-09,1,0
0.00510181,-0.162298,0.128064,-0.221972,3.95663,-31811.8,-1,4.86266e-10,1,0
0.00510291,-0.162494,0.127274,-0.221342,3.95609,-31843.3,-1,1.67704e-10,1,0
0.00510332,-0.162517,0.127072,-0.221212,3.95702,-31845.4,-1,1.14505e-10,1,0
0.00510372,-0.162672,0.127083,-0.221602,3.95761,-31873.3,-1,5.63375e-10,1,0
0.00510543,-0.161264,0.127125,-0.221643,3.95635,-31586.8,-1,6.19241e-10,1,0
0.00510617,-0.160741,0.127199,-0.221381,3.95459,-31479.8,-1,5.2147e-10,1,0
0.00510761,-0.161182,0.12871,-0.220832,3.95005,-31557.2,-1,1.74326e-09,1,0
0.00510779,-0.161282,0.128555,-0.220754,3.94968,-31575.7,-1,5.86542e-12,1,0
0.00510872,-0.161604,0.128569,-0.220528,3.95198,-31633,-1,6.738e-10,1,0
0.00510929,-0.161278,0.129011,-0.220458,3.95115,-31565.6,-1,5.97876e-10,1,0
0.00511027,-0.162235,0.128502,-0.220159,3.9517,-31746.9,-1,1.08475e-09,1,0
0.00511212,-0.163334,0.128061,-0.221057,3.95244,-31950.4,-1,1.33203e-09,1,0
0.00511278,-0.162866,0.127863,-0.221387,3.95298,-31854.6,-1,4.69301e-10,1,0
0.00511424,-0.161407,0.128538,-0.221075,3.95299,-31560.4,-1,9.3762e-10,1,0
0.00511445,-0.16154,0.128646,-0.221008,3.95099,-31584.9,-1,1.98035e-10,1,0
0.00511566,-0.161649,0.129046,-0.221816,3.95108,-31598.8,-1,8.00658e-10,1,0
0.0051178,-0.161055,0.12984,-0.220591,3.95062,-31469.7,-1,6.98966e-10,1,0
0.00511891,-0.1605,0.129662,-0.220265,3.94729,-31354.3,-1,9.4953e-10,1,0
0.00512027,-0.16109,0.130727,-0.220414,3.94809,-31461.3,-1,1.92757e-10,1,0
0.00512142,-0.161463,0.130736,-0.221536,3.94867,-31526.9,-1,2.82211e-10,1,0
0.00512229,-0.161567,0.131105,-0.220971,3.9498,-31542,-1,6.46743e-10,1,0
0.00512292,-0.161958,0.130995,-0.221478,3.94933,-31614.4,-1,4.3869e-10,1,0
0.00512357,-0.161948,0.131671,-0.221803,3.94714,-31608.4,-1,7.48331e-10,1,0
0.00512482,-0.161281,0.130587,-0.221575,3.94706,-31470.6,-1,3.50975e-10,1,0
0.0051256,-0.161015,0.129711,-0.221432,3.94708,-31413.8,-1,3.50975e-10,1,0
0.0051266,-0.160578,0.12868,-0.221127,3.94696,-31322.5,-1,2.69316e-09,1,0
0.00512829,-0.159652,0.128445,-0.219511,3.94773,-31131.6,-1,8.21278e-10,1,0
0.00512959,-0.158901,0.127526,-0.220033,3.94762,-30977.4,-1,1.26526e-09,1,0
0.00513131,-0.160183,0.128245,-0.218944,3.94703,-31216.7,-1,2.56782e-10,1,0
0.00513188,-0.160655,0.128428,-0.218495,3.94701,-31305.3,-1,2.56782e-10,1,0
0.00513243,-0.16089,0.128605,-0.217954,3.94654,-31347.7,-1,2.68458e-09,1,0
0.0051329,-0.16046,0.128586,-0.218113,3.9474,-31261.1,-1,2.43547e-10,1,0
0.00513309,-0.160288,0.128479,-0.218209,3.94741,-31226.3,-1,2.43547e-10,1,0
0.00513362,-0.159837,0.128197,-0.218439,3.95118,-31135.3,-1,2.64124e-11,1,0
0.00513457,-0.159421,0.12762,-0.218017,3.95097,-31048.5,-1,3.4916e-10,1,0
0.00513621,-0.159269,0.128467,-0.218744,3.95259,-31009.2,-1,5.7269e-10,1,0
0.00513718,-0.158795,0.128998,-0.219653,3.95257,-30910.8,-1,2.50602e-09,1,0
0.00513756,-0.158908,0.12927,-0.219983,3.95257,-30930.6,-1,2.50602e-09,1,0
0.00513893,-0.159376,0.129979,-0.220968,3.9539,-31013.6,-1,1.80971e-10,1,0
0.00514015,-0.159975,0.128726,-0.220898,3.9536,-31122.7,-1,4.54065e-10,1,0
0.00514061,-0.159728,0.128501,-0.220897,3.95346,-31071.8,-1,1.36011e-09,1,0
0.0051428,-0.157738,0.127195,-0.220515,3.95257,-30671.6,-1,1.33823e-09,1,0
0.00514336,-0.157463,0.126677,-0.220391,3.95495,-30614.8,-1,1.46003e-10,1,0
0.00514461,-0.157866,0.127477,-0.221337,3.95446,-30685.7,-1,1.37029e-10,1,0
0.00514589,-0.157124,0.126993,-0.222237,3.95194,-30533.9,-1,2.38837e-10,1,0
0.00514624,-0.157276,0.127112,-0.222565,3.95058,-30561.4,-1,8.03786e-11,1,0
0.00514852,-0.155771,0.12805,-0.223441,3.94877,-30255.5,-1,1.26474e-09,1,0
0.00514971,-0.155398,0.129042,-0.224184,3.94777,-30176.1,-1,1.19306e-10,1,0
0.00515081,-0.15489,0.129394,-0.224899,3.94906,-30071,-1,3.92578e-10,1,0
0.00515136,-0.155265,0.129324,-0.225428,3.94904,-30140.6,-1,3.92578e-10,1,0
0.00515302,-0.156368,0.129069,-0.226568,3.94673,-30344.9,-1,2.33164e-09,1,0
0.00515382,-0.156847,0.12881,-0.225796,3.94872,-30433.2,-1,1.21616e-09,1,0
0.00515516,-0.157192,0.129613,-0.22577,3.95395,-30492.3,-1,5.33693e-11,1,0
0.0051561,-0.157167,0.129311,-0.226325,3.95327,-30481.7,-1,2.89339e-10,1,0
0.00515716,-0.157,0.130394,-0.225739,3.95356,-30443.2,-1,1.06175e-10,1,0
0.00515831,-0.156974,0.129499,-0.226509,3.95207,-30431.2,-1,1.26507e-09,1,0
0.00516,-0.157096,0.128755,-0.225789,3.95195,-30445,-1,1.99791e-10,1,0
0.0051609,-0.157451,0.128094,-0.225525,3.95197,-30508.5,-1,3.21201e-11,1,0
0.00516211,-0.158285,0.128053,-0.226165,3.95022,-30662.9,-1,4.91322e-11,1,0
0.00516409,-0.159782,0.127219,-0.225194,3.95103,-30941.1,-1,1.2651e-09,1,0
0.00516465,-0.159836,0.126725,-0.225447,3.95318,-30948.1,-1,8.60106e-11,1,0
0.00516529,-0.159956,0.126157,-0.225906,3.95372,-30967.5,-1,2.1073e-10,1,0
0.00516585,-0.159979,0.125701,-0.226313,3.953,-30968.5,-1,1.06001e-09,1,0
0.00516646,-0.159492,0.125275,-0.226621,3.95303,-30870.6,-1,1.06001e-09,1,0
0.00516676,-0.159238,0.125099,-0.22676,3.95239,-30819.8,-1,7.29626e-12,1,0
0.00516809,-0.15838,0.125162,-0.227693,3.95177,-30645.7,-1,8.49601e-10,1,0
0.00516877,-0.157796,0.124669,-0.227452,3.94928,-30528.8,-1,8.00751e-10,1,0
0.00516934,-0.157658,0.124514,-0.227777,3.95131,-30498.6,-1,2.6774e-10,1,0
0.00517003,-0.158053,0.124115,-0.228084,3.94958,-30571,-1,6.22413e-10,1,0
0.00517036,-0.158287,0.124112,-0.228381,3.94955,-30614.3,-1,3.19216e-10,1,0
0.00517157,-0.159464,0.124215,-0.229194,3.94948,-30834.6,-1,1.44562e-09,1,0
0.0051732,-0.161175,0.124918,-0.229705,3.94852,-31155.7,-1,1.91917e-09,1,0
0.00517382,-0.161193,0.125115,-0.230374,3.94737,-31155.5,-1,4.35577e-10,1,0
0.00517517,-0.160769,0.125019,-0.2309,3.94904,-31065.5,-1,1.19738e-09,1,0
0.00517666,-0.160057,0.1246,-0.230307,3.94865,-30919,-1,4.95133e-10,1,0
0.00517724,-0.160285,0.12486,-0.22986,3.94746,-30959.5,-1,4.8776e-10,1,0
0.00517867,-0.160554,0.124511,-0.228244,3.94775,-31002.9,-1,1.67549e-09,1,0
0.00518018,-0.159933,0.122905,-0.227883,3.94808,-30873.9,-1,1.66187e-09,1,0
0.00518133,-0.1598,0.121715,-0.228362,3.94813,-30841.5,-1,1.41514e-09,1,0
0.00518211,-0.15939,0.121377,-0.227626,3.94854,-30757.6,-1,9.77376e-10,1,0
0.00518335,-0.159341,0.120861,-0.228991,3.94861,-30740.9,-1,1.47089e-09,1,0
0.00518442,-0.158808,0.121168,-0.229781,3.94686,-30631.8,-1,6.48215e-10,1,0
0.00518565,-0.15962,0.120544,-0.229644,3.94366,-30781.2,-1,1.20275e-09,1,0
0.00518675,-0.15883,0.12055,-0.230677,3.94399,-30622.2,-1,1.53191e-09,1,0
0.00518915,-0.158884,0.122713,-0.231421,3.94233,-30618.5,-1,4.51105e-10,1,0
0.00519103,-0.158666,0.12361,-0.232906,3.94025,-30565.4,-1,8.1358e-10,1,0
0.00519158,-0.158606,0.123278,-0.232362,3.94025,-30550.6,-1,8.1358e-10,1,0
0.00519318,-0.159279,0.122761,-0.23112,3.93677,-30670.8,-1,8.38522e-10,1,0
0.00519362,-0.159654,0.122664,-0.230942,3.93472,-30740.5,-1,4.02296e-10,1,0
0.00519466,-0.159144,0.122401,-0.229857,3.93385,-30636,-1,1.22776e-09,1,0
0.00519526,-0.159017,0.121893,-0.23032,3.93385,-30608.2,-1,1.22776e-09,1,0
0.00519632,-0.1588,0.121159,-0.231135,3.93383,-30560,-1,1.13244e-10,1,0
0.00519798,-0.158485,0.121537,-0.230842,3.93543,-30489.8,-1,1.46933e-10,1,0
0.00519888,-0.15815,0.121796,-0.229868,3.93545,-30420,-1,1.46933e-10,1,0
0.00520079,-0.157439,0.122344,-0.227801,3.9359,-30272.1,-1,3.31614e-09,1,0
0.00520109,-0.157099,0.122365,-0.22772,3.93587,-30205.1,-1,3.49663e-10,1,0
0.0052027,-0.155752,0.122375,-0.226395,3.93625,-29936.8,-1,1.44654e-09,1,0
0.00520423,-0.155794,0.12283,-0.225902,3.9348,-29936,-1,9.1145e-10,1,0
0.00520496,-0.156615,0.123008,-0.225709,3.93476,-30089.6,-1,9.1145e-10,1,0
0.00520582,-0.15658,0.122604,-0.225217,3.93608,-30077.9,-1,2.52147e-12,1,0
0.00520656,-0.156153,0.122178,-0.225333,3.93636,-29991.5,-1,4.46742e-10,1,0
0.00520738,-0.15598,0.121747,-0.224941,3.93427,-29953.7,-1,2.07208e-10,1,0
0.00520911,-0.156558,0.120701,-0.22659,3.93405,-30054.6,-1,2.03664e-09,1,0
0.00521014,-0.156599,0.120038,-0.226745,3.93438,-30056.6,-1,8.5434e-10,1,0
0.00521102,-0.155856,0.119428,-0.22639,3.93425,-29909,-1,2.2432e-10,1,0
0.00521165,-0.155879,0.11894,-0.226266,3.93609,-29909.7,-1,1.14289e-09,1,0
0.00521183,-0.155818,0.118874,-0.226315,3.93723,-29897,-1,8.3552e-11,1,0
0.00521278,-0.155605,0.118596,-0.226288,3.93673,-29850.7,-1,1.81053e-10,1,0
0.00521343,-0.155357,0.119076,-0.226486,3.93895,-29799.3,-1,1.53396e-10,1,0
0.0052138,-0.155327,0.119007,-0.226472,3.9425,-29791.6,-1,1.95832e-10,1,0
0.00521488,-0.154718,0.118424,-0.225521,3.94253,-29668.6,-1,1.95832e-10,1,0
0.00521617,-0.154119,0.118894,-0.22563,3.94207,-29546.3,-1,2.07779e-09,1,0
0.00521638,-0.154163,0.119028,-0.22568,3.946,-29553.6,-1,6.43702e-11,1,0
0.00521704,-0.154051,0.119042,-0.226105,3.94589,-29528.3,-1,5.05058e-10,1,0
0.00521794,-0.15438,0.118348,-0.22657,3.9463,-29586.3,-1,9.74094e-10,1,0
0.00521831,-0.154143,0.118496,-0.226406,3.94796,-29538.8,-1,6.98018e-11,1,0
0.00521838,-0.15409,0.118508,-0.226392,3.94817,-29528.3,-1,1.69396e-11,1,0
0.00521934,-0.154115,0.118778,-0.225305,3.943,-29527.7,-1,3.27529e-12,1,0
0.00522062,-0.15426,0.118482,-0.225736,3.94395,-29548.3,-1,8.53281e-10,1,0
0.00522097,-0.154482,0.118782,-0.225795,3.94441,-29588.8,-1,6.13328e-10,1,0
0.00522147,-0.154923,0.118605,-0.226139,3.94495,-29670.5,-1,1.02245e-10,1,0
0.00522279,-0.155783,0.119517,-0.225845,3.94407,-29827.6,-1,8.17551e-10,1,0
0.00522417,-0.156598,0.120788,-0.225257,3.94403,-29975.7,-1,8.17551e-10,1,0
0.00522493,-0.157049,0.121492,-0.224931,3.94023,-30057.6,-1,3.78163e-09,1,0
0.00522558,-0.156913,0.121718,-0.225391,3.93977,-30027.9,-1,3.20796e-10,1,0
0.00522701,-0.156069,0.121691,-0.226186,3.93925,-29858.2,-1,8.41587e-10,1,0
0.0052288,-0.155549,0.121909,-0.226221,3.937,-29748.5,-1,8.7619e-10,1,0
0.0052299,-0.15511,0.121492,-0.225926,3.93757,-29658.3,-1,8.76511e-10,1,0
0.00523157,-0.156793,0.121136,-0.224974,3.9375,-29970.5,-1,2.39178e-09,1,0
0.00523269,-0.157434,0.121008,-0.225117,3.93435,-30086.7,-1,4.62453e-10,1,0
0.00523296,-0.157359,0.121217,-0.225014,3.93282,-30070.8,-1,2.31344e-10,1,0
0.00523434,-0.157839,0.121206,-0.22657,3.93279,-30154.4,-1,2.31344e-10,1,0
0.00523555,-0.158258,0.121195,-0.227931,3.93144,-30227.6,-1,3.05317e-09,1,0
0.00523686,-0.158265,0.120584,-0.226523,3.93144,-30221.4,-1,3.05317e-09,1,0
0.00523723,-0.157968,0.120618,-0.226298,3.93044,-30162.5,-1,1.63052e-09,1,0
0.00523967,-0.156026,0.120469,-0.224596,3.93015,-29777.9,-1,1.26496e-09,1,0
0.00524011,-0.155707,0.120379,-0.224229,3.93048,-29714.5,-1,3.78823e-10,1,0
0.00524034,-0.15587,0.120464,-0.224392,3.93132,-29744.2,-1,2.03047e-10,1,0
0.00524058,-0.155903,0.120387,-0.22455,3.92941,-29749.2,-1,2.27434e-10,1,0
0.00524195,-0.155252,0.121621,-0.224349,3.92763,-29617.2,-1,8.52962e-10,1,0
0.00524225,-0.155265,0.121875,-0.224397,3.92682,-29618,-1,9.86468e-10,1,0
0.0052436,-0.155323,0.1227,-0.223347,3.92643,-29621.5,-1,5.76773e-10,1,0
0.00524407,-0.155224,0.12295,-0.222858,3.92644,-29599.9,-1,5.76773e-10,1,0
0.00524466,-0.155098,0.123254,-0.222253,3.92323,-29572.6,-1,4.96865e-12,1,0
0.00524506,-0.155045,0.123133,-0.222064,3.92526,-29560.3,-1,1.78695e-10,1,0
0.00524628,-0.155315,0.121891,-0.221404,3.92525,-29604.8,-1,1.78695e-10,1,0
0.00524749,-0.155154,0.120922,-0.220801,3.92676,-29567.2,-1,3.84502e-10,1,0
0.00524893,-0.155452,0.121272,-0.221522,3.92484,-29615.9,-1,1.26481e-09,1,0
0.00524933,-0.155177,0.121507,-0.221227,3.92485,-29561.3,-1,1.26481e-09,1,0
0.00525128,-0.154666,0.123318,-0.220695,3.92623,-29453.1,-1,2.93086e-10,1,0
0.00525183,-0.154091,0.123148,-0.220793,3.9262,-29340.5,-1,3.93822e-10,1,0
0.00525262,-0.153527,0.122851,-0.221004,3.92474,-29228.7,-1,1.6505e-10,1,0
0.00525443,-0.151743,0.12337,-0.221486,3.92401,-28879,-1,1.72051e-09,1,0
0.00525564,-0.15046,0.123456,-0.221227,3.92381,-28628.4,-1,1.265e-09,1,0
0.00525645,-0.149615,0.123549,-0.221014,3.92639,-28463,-1,6.10348e-10,1,0
0.00525787,-0.150356,0.124824,-0.22173,3.92664,-28596.3,-1,1.21864e-09,1,0
0.00525943,-0.151374,0.124721,-0.221438,3.92581,-28781.5,-1,3.96112e-10,1,0
0.00526024,-0.151307,0.124717,-0.220991,3.92859,-28764.3,-1,4.70318e-10,1,0
0.00526176,-0.151103,0.124612,-0.222746,3.92859,-28717.2,-1,6.63688e-11,1,0
0.00526368,-0.152242,0.123369,-0.224022,3.92497,-28923.1,-1,7.13444e-10,1,0
0.00526486,-0.152729,0.123779,-0.224229,3.92387,-29009.1,-1,3.54914e-10,1,0
0.00526641,-0.153064,0.124836,-0.224008,3.92405,-29064.2,-1,3.43249e-10,1,0
0.005269,-0.152897,0.127861,-0.224307,3.92406,-29018.3,-1,3.43249e-10,1,0
0.0052703,-0.152737,0.128784,-0.223876,3.92584,-28980.8,-1,5.42088e-10,1,0
0.00527173,-0.151737,0.128872,-0.222854,3.92741,-28783.2,-1,1.53129e-09,1,0
0.00527383,-0.153199,0.128098,-0.223509,3.92674,-29048.9,-1,1.92535e-09,1,0
0.00527611,-0.152851,0.126642,-0.225695,3.92682,-28970.5,-1,1.26501e-09,1,0
0.00527638,-0.152865,0.126563,-0.22588,3.92872,-28971.6,-1,7.06089e-11,1,0
0.00527688,-0.153048,0.126902,-0.226319,3.9264,-29003.5,-1,2.03735e-11,1,0
0.00527775,-0.15292,0.126753,-0.226158,3.92169,-28974.5,-1,5.83039e-10,1,0
0.00527892,-0.151701,0.127365,-0.226076,3.92226,-28737.1,-1,1.36672e-09,1,0
0.00528082,-0.15041,0.126842,-0.225633,3.92035,-28482.3,-1,1.23328e-09,1,0
0.00528271,-0.151699,0.126518,-0.225292,3.91818,-28716.2,-1,1.08452e-09,1,0
0.00528304,-0.151967,0.126598,-0.225564,3.9178,-28765.1,-1,3.90229e-10,1,0
0.00528355,-0.152083,0.126179,-0.225321,3.91316,-28784.3,-1,6.29187e-11,1,0
0.00528552,-0.152429,0.124922,-0.224018,3.91193,-28838.9,-1,6.42325e-10,1,0
0.00528614,-0.15309,0.125125,-0.224017,3.91164,-28960.7,-1,4.98667e-10,1,0
0.00528723,-0.153815,0.125035,-0.224325,3.90977,-29091.8,-1,1.11748e-09,1,0
0.00528859,-0.152907,0.124828,-0.224479,3.9085,-28912.6,-1,5.21587e-10,1,0
0.00528863,-0.152917,0.124874,-0.224503,3.90988,-28914.3,-1,1.67716e-11,1,0
0.00529001,-0.153325,0.125099,-0.223088,3.90912,-28983.9,-1,1.36979e-09,1,0
0.00529076,-0.152933,0.124734,-0.222435,3.90966,-28905.7,-1,5.31193e-11,1,0
0.00529173,-0.152343,0.124986,-0.221983,3.90805,-28788.9,-1,3.74063e-10,1,0
0.00529213,-0.152001,0.125208,-0.222026,3.90802,-28722.1,-1,3.58057e-10,1,0
0.00529277,-0.151849,0.125328,-0.22234,3.90563,-28689.9,-1,1.62088e-10,1,0
0.00529297,-0.151951,0.125257,-0.222442,3.90588,-28708,-1,1.67238e-10,1,0
0.00529349,-0.151681,0.125427,-0.22265,3.90346,-28654.3,-1,3.75308e-10,1,0
0.00529524,-0.150054,0.12567,-0.222399,3.90547,-28337.5,-1,1.62709e-09,1,0
0.00529638,-0.150309,0.125619,-0.222158,3.90548,-28379.6,-1,1.17893e-09,1,0
0.00529815,-0.151486,0.125284,-0.222745,3.91027,-28592.2,-1,7.3156e-10,1,0
0.0052988,-0.151499,0.125263,-0.222913,3.90958,-28591.2,-1,3.79669e-10,1,0
0.00530037,-0.150795,0.125296,-0.222454,3.90814,-28449.9,-1,1.3959e-10,1,0
0.00530201,-0.150087,0.126986,-0.22303,3.90818,-28307.6,-1,1.3959e-10,1,0
0.0053033,-0.151055,0.126698,-0.222533,3.90871,-28483.2,-1,1.28354e-09,1,0
0.00530365,-0.150699,0.126847,-0.222402,3.90873,-28414.2,-1,1.28354e-09,1,0
0.00530556,-0.148671,0.126569,-0.222153,3.90994,-28021.7,-1,1.19279e-09,1,0
0.00530631,-0.147906,0.126839,-0.222482,3.9114,-27873.7,-1,8.61403e-10,1,0
0.00530865,-0.148837,0.125177,-0.224446,3.91137,-28036.7,-1,1.28366e-09,1,0
0.00531028,-0.150181,0.125301,-0.225552,3.91028,-28281.1,-1,1.84685e-09,1,0
0.00531107,-0.150462,0.125475,-0.226141,3.9095,-28329.9,-1,3.26949e-10,1,0
0.00531189,-0.149946,0.125055,-0.226792,3.90997,-28228.5,-1,8.43982e-10,1,0
0.00531325,-0.150166,0.125116,-0.227189,3.90463,-28262.6,-1,5.04671e-10,1,0
0.00531441,-0.15011,0.123938,-0.227836,3.90432,-28246,-1,9.31918e-10,1,0
0.00531571,-0.150019,0.122594,-0.228558,3.906,-28221.8,-1,2.85493e-09,1,0
0.00531607,-0.149948,0.122701,-0.228561,3.90858,-28206.5,-1,1.88352e-10,1,0
0.00531716,-0.149283,0.123042,-0.229523,3.90585,-28075.7,-1,1.27552e-10,1,0
0.0053184,-0.149422,0.12232,-0.230059,3.90884,-28095.2,-1,2.33982e-10,1,0
0.00531947,-0.150033,0.121939,-0.23105,3.90731,-28204.4,-1,7.54832e-10,1,0
0.00532098,-0.149636,0.122856,-0.230745,3.90655,-28121.9,-1,5.63213e-10,1,0
0.00532243,-0.148887,0.123614,-0.229454,3.90699,-27973.5,-1,1.59205e-10,1,0
0.00532348,-0.148315,0.124108,-0.228479,3.90566,-27860.6,-1,2.77777e-09,1,0
0.00532448,-0.148488,0.122952,-0.228525,3.90565,-27887.8,-1,2.77777e-09,1,0
0.00532489,-0.148572,0.12249,-0.228547,3.9075,-27901.4,-1,1.6258e-09,1,0
0.00532528,-0.148944,0.122286,-0.228555,3.90643,-27969.3,-1,5.6437e-11,1,0
0.00532659,-0.147857,0.121433,-0.227874,3.90649,-27758.2,-1,5.6437e-11,1,0
0.00532714,-0.147294,0.121327,-0.227658,3.90696,-27649.8,-1,1.75848e-09,1,0
0.00532797,-0.146707,0.120842,-0.227328,3.9077,-27535.3,-1,5.86771e-10,1,0
0.00532972,-0.144759,0.120301,-0.226978,3.9078,-27160.8,-1,5.86771e-10,1,0
0.00533026,-0.144721,0.120021,-0.227219,3.9059,-27150.8,-1,3.37326e-10,1,0
0.00533089,-0.14407,0.119761,-0.227424,3.90593,-27025.5,-1,3.37326e-10,1,0
0.00533263,-0.142934,0.118868,-0.228397,3.90556,-26803.7,-1,8.14815e-12,1,0
0.00533362,-0.143429,0.118416,-0.229029,3.90514,-26891.6,-1,1.40947e-09,1,0
0.00533531,-0.145365,0.11812,-0.229383,3.90428,-27245.8,-1,2.49152e-09,1,0
0.00533618,-0.145183,0.118912,-0.229855,3.90266,-27207.3,-1,8.42642e-10,1,0
0.00533749,-0.145025,0.11771,-0.229009,3.90269,-27171.1,-1,7.09882e-10,1,0
0.00533891,-0.1448,0.117475,-0.228974,3.90559,-27121.6,-1,7.73963e-10,1,0
0.00533953,-0.144513,0.117086,-0.228956,3.90567,-27064.7,-1,2.90401e-11,1,0
0.00534014,-0.144361,0.116485,-0.229318,3.90568,-27033.2,-1,2.90401e-11,1,0
0.00534092,-0.144093,0.116064,-0.229673,3.90613,-26979.2,-1,1.80297e-09,1,0
0.00534217,-0.145068,0.116639,-0.229693,3.90874,-27155.2,-1,4.83036e-10,1,0
0.00534296,-0.145963,0.116915,-0.229708,3.90869,-27318.7,-1,4.83036e-10,1,0
0.00534362,-0.146695,0.11714,-0.229719,3.90785,-27452.3,-1,2.88945e-09,1,0
0.00534469,-0.147426,0.117293,-0.229587,3.9068,-27583.7,-1,8.81024e-10,1,0
0.00534551,-0.146944,0.117352,-0.230277,3.90722,-27489.2,-1,2.96826e-10,1,0
0.00534757,-0.149208,0.117865,-0.22972,3.90624,-27902.1,-1,8.44392e-11,1,0
0.00534829,-0.149182,0.11782,-0.22907,3.90711,-27893.3,-1,6.51173e-10,1,0
0.00534951,-0.150321,0.11861,-0.228854,3.90735,-28100,-1,1.43737e-10,1,0
0.00534958,-0.150345,0.118662,-0.228862,3.90517,-28104,-1,3.11455e-11,1,0
0.00535079,-0.149324,0.118471,-0.229835,3.90425,-27906.9,-1,1.42294e-09,1,0
0.00535131,-0.148939,0.118845,-0.230117,3.90227,-27832.3,-1,6.06511e-10,1,0
0.00535148,-0.148924,0.118848,-0.229916,3.90227,-27828.5,-1,6.06511e-10,1,0
0.00535257,-0.147901,0.119231,-0.229342,3.90243,-27631.8,-1,2.92747e-10,1,0
0.0053534,-0.147133,0.119633,-0.228977,3.90015,-27484.1,-1,1.74306e-10,1,0
0.00535365,-0.147017,0.119563,-0.228936,3.90229,-27461,-1,7.8756e-11,1,0
0.00535513,-0.148153,0.119267,-0.228741,3.90097,-27665.6,-1,8.52798e-10,1,0
0.00535679,-0.148749,0.12065,-0.229725,3.90326,-27768.3,-1,1.62597e-09,1,0
0.00535706,-0.148699,0.120796,-0.229715,3.9036,-27757.6,-1,9.2618e-11,1,0
0.00535917,-0.148028,0.119332,-0.229496,3.90428,-27621.4,-1,5.40888e-10,1,0
0.00536003,-0.147094,0.119379,-0.229388,3.90134,-27442.7,-1,8.27148e-10,1,0
0.00536171,-0.14885,0.119425,-0.230286,3.90057,-27761.7,-1,1.97389e-09,1,0
0.00536221,-0.148749,0.119937,-0.230031,3.89974,-27740.2,-1,2.95389e-12,1,0
0.00536344,-0.149256,0.120699,-0.229042,3.90002,-27828.4,-1,8.84936e-10,1,0
0.00536525,-0.149474,0.11984,-0.228097,3.89963,-27859.7,-1,1.28328e-09,1,0
0.00536714,-0.15133,0.118653,-0.227934,3.89953,-28195.6,-1,1.28328e-09,1,0
0.00536763,-0.151816,0.118342,-0.227891,3.90158,-28283.6,-1,2.78731e-09,1,0
0.00536835,-0.151515,0.118599,-0.227154,3.90159,-28223.7,-1,2.78731e-09,1,0
0.00536937,-0.151084,0.118966,-0.2261,3.90165,-28138.1,-1,2.03323e-09,1,0
0.0053707,-0.151802,0.117918,-0.226527,3.90163,-28264.9,-1,1.02533e-10,1,0
0.00537222,-0.151475,0.119126,-0.226789,3.90031,-28195.9,-1,7.34042e-10,1,0
0.00537274,-0.151164,0.118683,-0.226934,3.89937,-28135.4,-1,2.36654e-10,1,0
0.00537381,-0.151625,0.118615,-0.226458,3.89648,-28215.5,-1,8.81197e-10,1,0
0.00537528,-0.151217,0.118124,-0.226461,3.89577,-28132,-1,1.09428e-09,1,0
0.00537596,-0.150815,0.118212,-0.226198,3.89253,-28053.5,-1,7.05563e-11,1,0
0.00537664,-0.150982,0.117987,-0.226944,3.89364,-28081.1,-1,7.97111e-10,1,0
0.00537822,-0.150736,0.117385,-0.226112,3.89322,-28027.2,-1,2.31727e-10,1,0
0.00538,-0.1498,0.117265,-0.227971,3.89327,-27843.8,-1,2.31727e-10,1,0
0.00538031,-0.149639,0.117245,-0.22829,3.89373,-27812.4,-1,2.78505e-09,1,0
0.00538107,-0.149697,0.116781,-0.227536,3.89349,-27819.3,-1,8.87659e-10,1,0
0.00538196,-0.150008,0.115863,-0.227156,3.89375,-27872.5,-1,1.04081e-09,1,0
0.00538218,-0.149968,0.11565,-0.227016,3.89438,-27863.7,-1,2.78532e-12,1,0
0.0053831,-0.149797,0.115938,-0.226105,3.8945,-27827.2,-1,6.18403e-10,1,0
0.00538475,-0.148524,0.11486,-0.226003,3.89157,-27582.4,-1,1.52634e-09,1,0
0.00538489,-0.148459,0.114856,-0.22593,3.89173,-27569.6,-1,9.01792e-11,1,0
0.00538619,-0.147658,0.115504,-0.225763,3.88924,-27414.2,-1,1.1878e-09,1,0
0.00538731,-0.147201,0.114311,-0.22582,3.89002,-27323.8,-1,1.28351e-09,1,0
0.00538829,-0.146348,0.114957,-0.225518,3.88995,-27160.3,-1,9.65656e-10,1,0
0.00538917,-0.145604,0.11558,-0.225652,3.88863,-27017.9,-1,6.87277e-10,1,0
0.00538974,-0.14528,0.115877,-0.225637,3.88766,-26955,-1,4.28183e-10,1,0
0.00539179,-0.143931,0.115413,-0.226444,3.88697,-26694.5,-1,1.28344e-09,1,0
0.00539252,-0.144054,0.115017,-0.226772,3.88829,-26713.8,-1,3.33742e-10,1,0
0.00539359,-0.143801,0.114092,-0.225959,3.88692,-26661.4,-1,1.25785e-09,1,0
0.00539512,-0.144242,0.11303,-0.226164,3.88859,-26735.6,-1,8.13445e-10,1,0
0.00539582,-0.144323,0.113139,-0.225359,3.89106,-26747.2,-1,8.1662e-10,1,0
0.00539678,-0.143545,0.113088,-0.225282,3.88949,-26598.2,-1,4.46487e-10,1,0
0.00539786,-0.144281,0.112996,-0.22437,3.88998,-26729.3,-1,9.96829e-10,1,0
0.00539913,-0.144238,0.11383,-0.223765,3.89253,-26715.1,-1,1.10263e-09,1,0
0.00540009,-0.143951,0.113963,-0.224115,3.89056,-26657.2,-1,2.91868e-10,1,0
0.00540117,-0.14297,0.113383,-0.224657,3.89061,-26470.1,-1,2.91868e-10,1,0
0.00540257,-0.141693,0.11263,-0.225361,3.89021,-26227,-1,3.46334e-09,1,0
0.00540318,-0.141347,0.112878,-0.225088,3.88991,-26159.9,-1,2.7887e-10,1,0
0.00540499,-0.141349,0.11486,-0.22466,3.89258,-26151.7,-1,1.98157e-09,1,0
0.00540527,-0.141169,0.114742,-0.224448,3.89162,-26116.9,-1,2.62718e-10,1,0
0.00540643,-0.142162,0.113895,-0.22479,3.89177,-26295,-1,1.34999e-09,1,0
0.00540729,-0.142114,0.11365,-0.224615,3.89099,-26282,-1,5.36834e-10,1,0
0.00540824,-0.143193,0.113416,-0.224593,3.89559,-26476.8,-1,1.10396e-09,1,0
0.00540981,-0.144823,0.113692,-0.225065,3.89368,-26770.4,-1,1.03904e-10,1,0
0.00541029,-0.145365,0.113788,-0.225187,3.89365,-26868.2,-1,1.03904e-10,1,0
0.00541147,-0.14669,0.114021,-0.225487,3.89359,-27107.3,-1,1.03904e-10,1,0
0.00541242,-0.146712,0.114515,-0.224983,3.89525,-27106.5,-1,4.0114e-09,1,0
0.00541384,-0.145901,0.114327,-0.225935,3.89589,-26949.7,-1,1.28385e-09,1,0
0.00541444,-0.14593,0.114463,-0.225789,3.89417,-26952.1,-1,3.76631e-10,1,0
0.00541557,-0.145615,0.113758,-0.226412,3.89358,-26888.2,-1,7.49475e-10,1,0
0.00541771,-0.145439,0.11563,-0.228058,3.89359,-26845.2,-1,7.49475e-10,1,0
0.00541945,-0.144074,0.115856,-0.228974,3.89395,-26584.6,-1,1.43797e-09,1,0
0.00542096,-0.144344,0.116564,-0.227965,3.89275,-26627.1,-1,5.49601e-10,1,0
0.00542162,-0.143685,0.11677,-0.227616,3.89279,-26502.2,-1,7.74145e-10,1,0
0.00542197,-0.143383,0.117009,-0.227519,3.89253,-26444.9,-1,1.81892e-10,1,0
0.00542261,-0.143077,0.117384,-0.227651,3.89211,-26385.2,-1,6.02851e-10,1,0
0.00542282,-0.143245,0.117201,-0.227659,3.89359,-26415.3,-1,1.36643e-11,1,0
0.00542353,-0.143295,0.117503,-0.22787,3.89445,-26421,-1,3.10211e-10,1,0
0.00542481,-0.142494,0.117709,-0.227785,3.89355,-26267,-1,4.40377e-10,1,0
0.00542606,-0.143381,0.117975,-0.227168,3.89389,-26424.4,-1,3.29528e-10,1,0
0.00542707,-0.14396,0.117363,-0.226822,3.89416,-26526.2,-1,6.62347e-10,1,0
0.00542804,-0.143258,0.118207,-0.22713,3.89419,-26392.1,-1,6.62347e-10,1,0
0.00542892,-0.143242,0.117572,-0.227366,3.89204,-26384.9,-1,8.17884e-10,1,0
0.00542972,-0.143427,0.117477,-0.226804,3.89433,-26415.2,-1,4.33467e-10,1,0
0.00543128,-0.144303,0.119012,-0.226303,3.89429,-26568.8,-1,4.33467e-10,1,0
0.00543275,-0.144019,0.12044,-0.226289,3.89296,-26509.5,-1,2.46379e-09,1,0
0.00543299,-0.143873,0.120579,-0.226455,3.89167,-26481.5,-1,1.95494e-10,1,0
0.00543361,-0.144333,0.120563,-0.22684,3.89076,-26562.9,-1,6.14645e-10,1,0
0.005434,-0.144294,0.120355,-0.226838,3.89342,-26554,-1,2.45285e-10,1,0
0.00543524,-0.145068,0.11967,-0.225819,3.89387,-26690.2,-1,1.60735e-09,1,0
0.00543666,-0.144597,0.120888,-0.226652,3.89467,-26596.7,-1,1.00178e-09,1,0
0.00543773,-0.144921,0.121708,-0.227508,3.89558,-26651,-1,9.73302e-10,1,0
0.0054386,-0.145504,0.121984,-0.228083,3.89413,-26754,-1,5.13728e-11,1,0
0.00543943,-0.146067,0.122206,-0.228337,3.89537,-26853.3,-1,3.28785e-10,1,0
0.0054399,-0.145556,0.12209,-0.228197,3.89449,-26757,-1,5.30168e-10,1,0
0.00544098,-0.145443,0.122141,-0.229159,3.89392,-26731.1,-1,1.90007e-10,1,0
0.00544224,-0.146589,0.12252,-0.229595,3.89422,-26935.3,-1,1.23473e-09,1,0
0.00544368,-0.147173,0.120933,-0.229489,3.89419,-27035.5,-1,1.23473e-09,1,0
0.00544452,-0.147506,0.120024,-0.229451,3.89418,-27092.5,-1,2.69088e-09,1,0
0.00544636,-0.148092,0.118199,-0.230431,3.89536,-27191,-1,2.19677e-09,1,0
0.00544682,-0.147609,0.118392,-0.230595,3.89538,-27100,-1,2.19677e-09,1,0
0.00544721,-0.147834,0.118516,-0.230401,3.89454,-27139.4,-1,3.79549e-10,1,0
0.00544811,-0.14736,0.118103,-0.230489,3.89477,-27048,-1,4.23249e-10,1,0
0.00544965,-0.146872,0.11668,-0.230274,3.89512,-26950.7,-1,1.92082e-09,1,0
0.0054509,-0.146194,0.116299,-0.22923,3.89621,-26820.2,-1,9.64884e-11,1,0
0.0054523,-0.147367,0.115162,-0.229073,3.89615,-27028.4,-1,9.64884e-11,1,0
0.00545311,-0.14805,0.114501,-0.228981,3.89611,-27149.6,-1,9.64884e-11,1,0
0.00545461,-0.149298,0.113296,-0.228822,3.8938,-27370.9,-1,9.0554e-12,1,0
0.00545711,-0.147835,0.112366,-0.228836,3.89222,-27090.4,-1,2.08951e-09,1,0
0.00545761,-0.147545,0.112614,-0.229273,3.89272,-27034.7,-1,5.57922e-10,1,0
0.00545892,-0.146184,0.112314,-0.229686,3.89195,-26778.9,-1,1.36664e-09,1,0
0.00546053,-0.145019,0.111984,-0.230584,3.89159,-26557.6,-1,5.99493e-10,1,0
0.00546078,-0.144734,0.112,-0.23063,3.8916,-26504.3,-1,5.99493e-10,1,0
0.00546197,-0.143748,0.111939,-0.231238,3.8915,-26317.9,-1,4.80891e-10,1,0
0.00546286,-0.143451,0.110955,-0.231154,3.89137,-26259.4,-1,1.03186e-09,1,0
0.00546375,-0.142612,0.111468,-0.231036,3.89255,-26101.5,-1,6.60789e-10,1,0
0.00546536,-0.14149,0.110781,-0.231053,3.89135,-25888.5,-1,1.2835e-09,1,0
0.00546717,-0.140235,0.111159,-0.230354,3.89141,-25650.4,-1,6.91161e-10,1,0
0.00546794,-0.140321,0.111368,-0.229722,3.88953,-25662.6,-1,1.45198e-09,1,0
0.00546893,-0.139541,0.111773,-0.229576,3.8863,-25515.3,-1,5.6936e-10,1,0
0.0054705,-0.139776,0.111008,-0.229329,3.88603,-25550.9,-1,4.74626e-10,1,0
0.00547159,-0.139032,0.111083,-0.228578,3.88466,-25409.7,-1,5.14555e-10,1,0
0.00547276,-0.13971,0.110867,-0.229264,3.88333,-25528.3,-1,1.09215e-09,1,0
0.0054731,-0.139689,0.111039,-0.228909,3.88362,-25522.9,-1,2.8667e-10,1,0
0.00547343,-0.139583,0.111079,-0.228861,3.88365,-25501.9,-1,8.17783e-11,1,0
0.00547521,-0.138651,0.110005,-0.229742,3.88499,-25323.5,-1,6.45265e-10,1,0
0.00547585,-0.139026,0.110659,-0.229752,3.88498,-25388.8,-1,6.45265e-10,1,0
0.00547754,-0.139388,0.111932,-0.229431,3.88187,-25447.2,-1,3.70458e-10,1,0
0.00547798,-0.139351,0.111544,-0.229344,3.88207,-25438.4,-1,5.48418e-10,1,0
0.00547873,-0.139816,0.110903,-0.228987,3.88258,-25519.8,-1,8.49194e-10,1,0
0.00548107,-0.138453,0.111538,-0.231268,3.88209,-25260.2,-1,2.73205e-09,1,0
0.00548232,-0.138274,0.112325,-0.23232,3.88083,-25221.8,-1,1.79987e-10,1,0
0.00548414,-0.137362,0.112322,-0.23321,3.88227,-25047.1,-1,1.57674e-09,1,0
0.00548485,-0.137545,0.111887,-0.232783,3.87952,-25077.3,-1,8.50562e-11,1,0
0.00548557,-0.137739,0.111991,-0.232338,3.88165,-25109.4,-1,8.22089e-10,1,0
0.00548614,-0.137607,0.112065,-0.232473,3.88285,-25082.6,-1,3.06093e-10,1,0
0.00548706,-0.136931,0.111644,-0.233115,3.88264,-24955.2,-1,4.82281e-10,1,0
0.00548952,-0.134857,0.111347,-0.234981,3.88253,-24566.4,-1,1.09422e-09,1,0
0.00548984,-0.134597,0.111389,-0.235028,3.88315,-24517.5,-1,1.34045e-10,1,0
0.0054913,-0.133535,0.112192,-0.234032,3.88296,-24317.7,-1,4.23022e-10,1,0
0.00549279,-0.132601,0.113107,-0.232875,3.88489,-24140.9,-1,3.03025e-09,1,0
0.00549437,-0.131482,0.112228,-0.23343,3.88661,-23930.3,-1,2.78924e-10,1,0
0.00549523,-0.130659,0.11192,-0.23376,3.8846,-23776.8,-1,2.22933e-09,1,0
0.00549783,-0.132028,0.114135,-0.234625,3.88588,-24014.6,-1,9.71681e-10,1,0
0.00549853,-0.132462,0.1148,-0.234687,3.88759,-24090.4,-1,3.12902e-11,1,0
0.00549913,-0.131865,0.114972,-0.234998,3.88689,-23979.2,-1,3.01436e-11,1,0
0.00550086,-0.130161,0.114505,-0.235038,3.88657,-23661.9,-1,1.78195e-09,1,0
0.00550198,-0.128907,0.114783,-0.23485,3.8869,-23429.2,-1,1.19874e-11,1,0
0.00550339,-0.127311,0.115123,-0.23461,3.88681,-23133.2,-1,2.94614e-09,1,0
0.00550396,-0.127548,0.11499,-0.234176,3.8872,-23173.9,-1,4.38505e-10,1,0
0.00550599,-0.125769,0.113546,-0.234788,3.88633,-22842.1,-1,2.37196e-09,1,0
0.00550722,-0.126078,0.114125,-0.235723,3.88617,-22893.2,-1,1.81851e-10,1,0
0.00550806,-0.126563,0.114206,-0.235026,3.88526,-22977.8,-1,8.93693e-10,1,0
0.00550891,-0.126617,0.11462,-0.234507,3.88513,-22984.1,-1,2.66689e-10,1,0
0.00550928,-0.126548,0.114886,-0.234258,3.88492,-22970,-1,2.70843e-10,1,0
0.00551117,-0.126705,0.114477,-0.235673,3.88037,-22990.6,-1,4.55698e-10,1,0
0.00551145,-0.126792,0.114413,-0.235517,3.88212,-23005.3,-1,1.89877e-09,1,0
0.00551265,-0.127249,0.114224,-0.234203,3.8821,-23083.1,-1,1.89877e-09,1,0
0.00551405,-0.126384,0.114353,-0.23493,3.88125,-22920.4,-1,1.91406e-09,1,0
0.00551614,-0.126561,0.114843,-0.234528,3.88437,-22943.7,-1,1.45049e-09,1,0
0.00551697,-0.126265,0.115683,-0.23414,3.88482,-22886.7,-1,3.03669e-11,1,0
0.00551739,-0.126075,0.116017,-0.234293,3.88385,-22850.6,-1,3.25092e-10,1,0
0.00551799,-0.12607,0.116602,-0.234674,3.8834,-22847.1,-1,6.97908e-10,1,0
0.00551854,-0.126263,0.116179,-0.23422,3.88421,-22879.9,-1,6.49904e-10,1,0
0.00551951,-0.126092,0.115637,-0.233422,3.88106,-22844.7,-1,9.40628e-10,1,0
0.0055201,-0.125592,0.115601,-0.233182,3.88182,-22751.8,-1,2.54012e-10,1,0
0.00552069,-0.125456,0.115944,-0.2329,3.87934,-22724.7,-1,1.52775e-10,1,0
0.00552206,-0.125749,0.11715,-0.233903,3.8782,-22772.2,-1,1.59571e-09,1,0
0.00552249,-0.125953,0.116837,-0.233964,3.87593,-22807.4,-1,1.82926e-10,1,0
0.00552275,-0.125749,0.116976,-0.233948,3.87591,-22769.4,-1,2.03403e-10,1,0
0.00552486,-0.124577,0.117964,-0.232452,3.8789,-22548.4,-1,2.33732e-10,1,0
0.00552539,-0.124529,0.118511,-0.232285,3.87834,-22537.6,-1,1.36245e-09,1,0
0.00552576,-0.124446,0.118473,-0.232074,3.87832,-22521,-1,4.11729e-11,1,0
0.00552634,-0.124371,0.118272,-0.232013,3.8762,-22505.2,-1,3.96077e-10,1,0
0.00552701,-0.123879,0.1184,-0.232447,3.87547,-22413.4,-1,6.41135e-10,1,0
0.00552884,-0.125033,0.117594,-0.232465,3.87595,-22614.8,-1,8.14394e-10,1,0
0.00552941,-0.125173,0.117571,-0.231811,3.87774,-22637.6,-1,6.69142e-10,1,0
0.00553088,-0.12443,0.117872,-0.23319,3.87816,-22497.4,-1,1.28382e-09,1,0
0.00553128,-0.124152,0.118179,-0.233386,3.87697,-22445.5,-1,8.95944e-10,1,0
0.00553172,-0.1239,0.118136,-0.232951,3.87758,-22398.2,-1,4.99425e-10,1,0
0.00553295,-0.122807,0.117534,-0.232836,3.87802,-22195.5,-1,1.0455e-09,1,0
0.00553416,-0.121636,0.11787,-0.232136,3.87808,-21979.1,-1,8.09664e-11,1,0
0.00553546,-0.12051,0.117607,-0.231146,3.87814,-21770.6,-1,8.09664e-11,1,0
0.00553723,-0.120219,0.116588,-0.230657,3.88019,-21711,-1,3.35894e-10,1,0
0.00553949,-0.12062,0.116549,-0.229937,3.88081,-21774.5,-1,2.56758e-09,1,0
0.00554041,-0.12081,0.116691,-0.230828,3.87841,-21805.3,-1,1.48416e-09,1,0
0.00554122,-0.120947,0.116897,-0.230764,3.87755,-21826.8,-1,1.37604e-09,1,0
0.00554336,-0.121697,0.118425,-0.229414,3.87703,-21953.7,-1,1.22086e-09,1,0
0.00554406,-0.122039,0.118176,-0.229728,3.87879,-22012.6,-1,4.11355e-10,1,0
0.00554496,-0.121688,0.117438,-0.229124,3.8782,-21945.6,-1,1.12942e-10,1,0
0.00554587,-0.121709,0.117601,-0.22839,3.87684,-21945.8,-1,3.01543e-10,1,0
0.00554643,-0.121391,0.117063,-0.22822,3.87684,-21886.3,-1,4.55766e-10,1,0
0.00554705,-0.12089,0.116595,-0.228004,3.87696,-21793.6,-1,6.86557e-11,1,0
0.00554783,-0.120612,0.116913,-0.228485,3.87589,-21740.4,-1,2.00129e-10,1,0
0.00554875,-0.120922,0.117469,-0.229073,3.87452,-21792.6,-1,9.4657e-11,1,0
0.00554962,-0.121322,0.117235,-0.228756,3.87518,-21861.4,-1,8.50869e-11,1,0
0.00554982,-0.121356,0.117164,-0.228854,3.87945,-21866.6,-1,1.59934e-10,1,0
0.00555055,-0.121691,0.117875,-0.228825,3.87827,-21924.1,-1,1.05255e-10,1,0
0.00555129,-0.122098,0.118639,-0.228892,3.8771,-21994.5,-1,1.567e-09,1,0
0.00555305,-0.122424,0.118469,-0.23056,3.87775,-22046.3,-1,1.85219e-09,1,0
0.0055542,-0.123128,0.119042,-0.230286,3.8816,-22168.5,-1,7.06013e-10,1,0
0.00555564,-0.122129,0.119207,-0.230215,3.88126,-21982.9,-1,3.46566e-10,1,0
0.00555671,-0.122353,0.118882,-0.230419,3.87848,-22019,-1,3.93284e-11,1,0
0.00555733,-0.122597,0.119202,-0.230933,3.87912,-22060.4,-1,1.39955e-10,1,0
0.00555811,-0.121765,0.118904,-0.231155,3.87971,-21907.7,-1,9.10994e-10,1,0
0.00555914,-0.121783,0.118808,-0.230307,3.87887,-21906.8,-1,7.69274e-10,1,0
0.00556043,-0.12047,0.118893,-0.230513,3.88035,-21665.7,-1,1.3876e-09,1,0
0.00556161,-0.120162,0.118344,-0.229288,3.87902,-21605.6,-1,1.37748e-09,1,0
0.00556269,-0.119866,0.118226,-0.228691,3.8793,-21548.2,-1,7.32657e-10,1,0
0.00556321,-0.119749,0.118103,-0.229075,3.87911,-21525.2,-1,1.96123e-10,1,0
0.0055641,-0.118771,0.118354,-0.229345,3.87759,-21346,-1,1.04452e-09,1,0
0.00556593,-0.120468,0.118858,-0.230395,3.87789,-21643.8,-1,3.7663e-10,1,0
0.00556708,-0.121492,0.119307,-0.231146,3.87633,-21823.4,-1,3.10333e-09,1,0
0.00556981,-0.120877,0.118232,-0.229731,3.87849,-21702.2,-1,8.40408e-10,1,0
0.00557083,-0.120482,0.118439,-0.228741,3.87863,-21627.3,-1,2.25817e-09,1,0
0.00557195,-0.120348,0.11757,-0.227773,3.87864,-21598.9,-1,2.25817e-09,1,0
0.0055728,-0.120246,0.11691,-0.227039,3.87864,-21577.3,-1,2.25817e-09,1,0
0.00557357,-0.120153,0.116313,-0.226374,3.87865,-21557.7,-1,2.25817e-09,1,0
0.00557434,-0.119639,0.115846,-0.226337,3.8789,-21462.5,-1,1.01202e-10,1,0
0.00557569,-0.118416,0.114862,-0.226221,3.87894,-21237.9,-1,2.31156e-09,1,0
0.00557853,-0.11702,0.115758,-0.227455,3.87645,-20976.8,-1,1.28298e-09,1,0
0.00557914,-0.116813,0.116032,-0.227582,3.87644,-20937.4,-1,4.42309e-10,1,0
0.00558013,-0.116481,0.116431,-0.22857,3.87677,-20874.2,-1,9.27776e-10,1,0
0.00558234,-0.11604,0.117532,-0.230686,3.87707,-20787,-1,1.35922e-09,1,0
0.00558381,-0.116796,0.11789,-0.229263,3.87772,-20916.9,-1,8.18039e-11,1,0
0.00558545,-0.115862,0.118291,-0.229777,3.87504,-20743.6,-1,1.28364e-09,1,0
0.00558678,-0.115324,0.117804,-0.229671,3.87241,-20642.4,-1,5.3491e-10,1,0
0.00558726,-0.115027,0.117832,-0.229499,3.87191,-20587.4,-1,8.77262e-10,1,0
0.00558837,-0.114401,0.118947,-0.229715,3.87233,-20471.2,-1,1.53109e-09,1,0
0.00558872,-0.114245,0.119142,-0.230012,3.87193,-20442.1,-1,2.58832e-10,1,0
0.00559079,-0.112935,0.118548,-0.230206,3.8731,-20200.2,-1,2.92548e-10,1,0
0.00559261,-0.113243,0.11994,-0.230054,3.87212,-20248.7,-1,1.54982e-09,1,0
0.00559378,-0.113144,0.119639,-0.228871,3.87266,-20226.7,-1,1.95747e-10,1,0
0.00559399,-0.113062,0.119811,-0.228771,3.87419,-20211.3,-1,3.40673e-11,1,0
0.00559525,-0.114488,0.119902,-0.229115,3.87335,-20461.6,-1,1.46987e-09,1,0
0.00559746,-0.114928,0.119703,-0.228863,3.87179,-20532.1,-1,1.42962e-09,1,0
0.00559803,-0.11456,0.119867,-0.229125,3.8658,-20464.4,-1,2.27872e-10,1,0
0.00559908,-0.115102,0.120391,-0.229433,3.86742,-20557.3,-1,8.70923e-10,1,0
0.00559976,-0.1146,0.120924,-0.229502,3.86742,-20465.1,-1,3.16329e-11,1,0
0.00560117,-0.114325,0.119737,-0.230606,3.86744,-20410.9,-1,3.16329e-11,1,0
0.00560186,-0.114046,0.119842,-0.230442,3.86703,-20358.6,-1,5.10447e-10,1,0
0.00560217,-0.113953,0.119492,-0.230525,3.86704,-20340.9,-1,5.10447e-10,1,0
0.00560291,-0.11374,0.118682,-0.230717,3.86705,-20300.1,-1,5.10447e-10,1,0
0.00560439,-0.113683,0.117446,-0.231682,3.86723,-20284.7,-1,9.55315e-10,1,0
0.00560577,-0.114899,0.117341,-0.231983,3.86834,-20496.6,-1,1.11528e-09,1,0
0.00560633,-0.115191,0.117856,-0.23224,3.87027,-20546.6,-1,1.15017e-09,1,0
0.00560694,-0.115045,0.117879,-0.231534,3.87028,-20518.3,-1,1.15017e-09,1,0
0.00560772,-0.115047,0.118369,-0.231311,3.87025,-20515.7,-1,1.11681e-09,1,0
0.00560924,-0.114469,0.118937,-0.231071,3.87182,-20407.1,-1,8.87082e-10,1,0
0.00560938,-0.114475,0.118999,-0.231078,3.86991,-20407.8,-1,3.80926e-11,1,0
0.00561067,-0.113443,0.118718,-0.230789,3.8676,-20219.2,-1,1.24578e-09,1,0
0.00561187,-0.114472,0.118794,-0.231711,3.86704,-20398.2,-1,1.38695e-09,1,0
0.0056128,-0.113871,0.118021,-0.231244,3.86905,-20287.8,-1,1.08477e-09,1,0
0.00561319,-0.11365,0.118415,-0.231262,3.86906,-20247,-1,1.08477e-09,1,0
0.00561464,-0.113092,0.119821,-0.231076,3.87185,-20142.3,-1,1.79608e-09,1,0
0.00561499,-0.113209,0.120099,-0.230792,3.87222,-20161.8,-1,7.63545e-10,1,0
0.00561699,-0.113665,0.119972,-0.230395,3.87351,-20235.9,-1,1.22882e-09,1,0
0.00561821,-0.112415,0.120417,-0.230297,3.87214,-20009,-1,1.33643e-09,1,0
0.00561859,-0.112427,0.120753,-0.230108,3.87137,-20009.8,-1,1.1104e-10,1,0
0.00561954,-0.111907,0.12157,-0.230458,3.87164,-19914,-1,6.68867e-10,1,0
0.00562023,-0.112635,0.12178,-0.230197,3.87077,-20041,-1,4.26664e-11,1,0
0.0056219,-0.111251,0.121033,-0.229889,3.87064,-19788.8,-1,8.01175e-10,1,0
0.00562249,-0.111404,0.120838,-0.229787,3.86682,-19814,-1,2.28793e-10,1,0
0.00562342,-0.111157,0.120656,-0.229328,3.86787,-19766.8,-1,4.13681e-10,1,0
0.00562438,-0.111368,0.121158,-0.229798,3.86895,-19800.9,-1,8.07432e-10,1,0
0.00562481,-0.111571,0.121511,-0.229734,3.86933,-19835.4,-1,2.34168e-10,1,0
0.00562566,-0.112427,0.12193,-0.229475,3.8705,-19984.7,-1,1.24093e-09,1,0
0.00562629,-0.11236,0.121574,-0.22897,3.87164,-19970.5,-1,3.63649e-10,1,0
0.00562713,-0.113101,0.121382,-0.229343,3.86971,-20099.3,-1,7.47629e-10,1,0
0.00562894,-0.112792,0.119321,-0.229687,3.86973,-20037.9,-1,7.47629e-10,1,0
0.00563101,-0.113188,0.117924,-0.230667,3.87027,-20100.8,-1,3.5733e-09,1,0
0.00563172,-0.113329,0.117974,-0.230985,3.8682,-20123.3,-1,1.5327e-09,1,0
0.00563359,-0.111643,0.118422,-0.230125,3.86808,-19817.4,-1,2.2217e-09,1,0
0.00563483,-0.112161,0.119117,-0.231221,3.86853,-19904.9,-1,5.5975e-11,1,0
0.00563594,-0.112237,0.11813,-0.231617,3.86799,-19914.5,-1,6.99595e-10,1,0
0.00563769,-0.11183,0.117183,-0.233377,3.86801,-19836.2,-1,6.99595e-10,1,0
0.00563829,-0.111772,0.116691,-0.233806,3.8682,-19823.7,-1,2.86004e-09,1,0
0.00563938,-0.111453,0.115603,-0.234098,3.87174,-19763.3,-1,5.08533e-10,1,0
0.0056395,-0.111576,0.115651,-0.234036,3.87094,-19784.8,-1,1.46617e-10,1,0
0.00564084,-0.110669,0.115586,-0.232769,3.86976,-19619.2,-1,1.56049e-09,1,0
0.00564134,-0.111089,0.115571,-0.233089,3.87041,-19692,-1,4.46432e-10,1,0
0.00564309,-0.11084,0.115613,-0.233672,3.86958,-19641.7,-1,1.40395e-09,1,0
0.00564374,-0.110426,0.11565,-0.233075,3.86806,-19566.2,-1,1.43743e-09,1,0
0.0056447,-0.110328,0.116019,-0.232828,3.86935,-19545.4,-1,5.15229e-10,1,0
0.00564507,-0.110312,0.115718,-0.233131,3.86935,-19541.4,-1,5.15229e-10,1,0
0.00564605,-0.110271,0.114915,-0.233941,3.86936,-19530.7,-1,5.15229e-10,1,0
0.00564669,-0.110979,0.115059,-0.234078,3.8678,-19653.9,-1,1.58457e-09,1,0
0.00564732,-0.111689,0.115175,-0.234163,3.86789,-19777.3,-1,1.37504e-09,1,0
0.00564864,-0.113152,0.114874,-0.233804,3.86813,-20031.8,-1,1.63624e-09,1,0
0.00564967,-0.112614,0.115519,-0.233499,3.86718,-19932.9,-1,6.85022e-10,1,0
0.00565114,-0.112767,0.116081,-0.232587,3.86626,-19954.8,-1,1.56911e-10,1,0
0.00565344,-0.113789,0.116264,-0.233002,3.86421,-20127.3,-1,8.30123e-10,1,0
0.00565485,-0.112443,0.115947,-0.232904,3.8657,-19884.3,-1,2.42895e-10,1,0
0.00565593,-0.111295,0.115617,-0.232597,3.86591,-19677.5,-1,2.64785e-09,1,0
0.00565677,-0.111058,0.11532,-0.232954,3.86839,-19632.8,-1,2.15689e-10,1,0
0.00565732,-0.111188,0.115398,-0.232759,3.87066,-19653.8,-1,1.04321e-10,1,0
0.00565872,-0.109931,0.115847,-0.232265,3.87206,-19426.8,-1,3.73135e-10,1,0
0.00565909,-0.109936,0.115907,-0.231965,3.87023,-19426.4,-1,1.44848e-10,1,0
0.00565962,-0.10958,0.115896,-0.232376,3.87133,-19361.8,-1,4.32537e-11,1,0
0.00566042,-0.109734,0.115716,-0.231674,3.87093,-19386.2,-1,3.098e-10,1,0
0.00566137,-0.110066,0.115902,-0.230635,3.87091,-19441.6,-1,3.098e-10,1,0
0.00566227,-0.109716,0.115287,-0.230922,3.87083,-19376.6,-1,1.90315e-09,1,0
0.00566306,-0.109159,0.11516,-0.230375,3.87053,-19275.6,-1,1.51962e-11,1,0
0.00566442,-0.108844,0.115013,-0.229351,3.8712,-19215.4,-1,3.67968e-10,1,0
0.00566513,-0.108938,0.114945,-0.230074,3.87206,-19229.6,-1,3.37322e-10,1,0
0.00566614,-0.109324,0.114099,-0.229696,3.86947,-19294.3,-1,2.82979e-10,1,0
0.00566767,-0.108769,0.113062,-0.228602,3.87263,-19191.1,-1,1.07982e-09,1,0
0.00566934,-0.108171,0.11164,-0.227872,3.8746,-19079.9,-1,3.41549e-10,1,0
0.0056698,-0.108032,0.111145,-0.227724,3.87461,-19053.9,-1,3.41549e-10,1,0
0.00567091,-0.108203,0.110629,-0.226727,3.87639,-19080.4,-1,5.79828e-11,1,0
0.00567206,-0.107997,0.110119,-0.226248,3.8769,-19040.1,-1,5.16744e-10,1,0
0.0056739,-0.107368,0.111012,-0.226063,3.87636,-18923.2,-1,1.28321e-09,1,0
0.00567532,-0.108758,0.111472,-0.226841,3.87629,-19163.3,-1,1.28321e-09,1,0
0.00567693,-0.109778,0.11222,-0.227905,3.87426,-19337.6,-1,7.78011e-10,1,0
0.00567813,-0.110172,0.111761,-0.228199,3.8744,-19402.9,-1,1.16078e-09,1,0
0.00567873,-0.109736,0.111698,-0.228141,3.87263,-19324.1,-1,3.78122e-10,1,0
0.00567942,-0.109617,0.111583,-0.228936,3.8741,-19300.8,-1,8.46262e-10,1,0
0.00567979,-0.109609,0.111158,-0.22891,3.87463,-19298,-1,4.24588e-10,1,0
0.00568065,-0.109154,0.110352,-0.228788,3.87522,-19215.1,-1,3.40392e-10,1,0
0.00568145,-0.108216,0.110407,-0.228826,3.87526,-19047.2,-1,3.40392e-10,1,0
0.00568254,-0.107161,0.110375,-0.228778,3.87534,-18857.9,-1,1.47379e-10,1,0
0.00568402,-0.108068,0.110047,-0.227591,3.87276,-19012.6,-1,1.20633e-09,1,0
0.00568519,-0.108645,0.110628,-0.227224,3.86854,-19110.2,-1,5.92114e-10,1,0
0.00568693,-0.110053,0.110021,-0.226925,3.86754,-19351.9,-1,8.94489e-10,1,0
0.00568834,-0.111151,0.109872,-0.227835,3.86622,-19540.1,-1,5.3673e-10,1,0
0.00568941,-0.11063,0.110863,-0.227389,3.86563,-19444.9,-1,1.04772e-09,1,0
0.00569151,-0.111825,0.110471,-0.22716,3.86266,-19647.7,-1,1.12422e-09,1,0
0.0056932,-0.112209,0.110404,-0.225449,3.86038,-19709.4,-1,1.29225e-09,1,0
0.00569349,-0.112404,0.110244,-0.225322,3.85895,-19742.5,-1,1.47164e-10,1,0
0.00569523,-0.11097,0.111648,-0.225627,3.85926,-19484.6,-1,2.03025e-09,1,0
0.00569662,-0.111087,0.113099,-0.226127,3.86333,-19500.5,-1,1.22483e-10,1,0
0.00569752,-0.110828,0.113233,-0.225115,3.86334,-19452,-1,1.22483e-10,1,0
0.00569813,-0.111213,0.11341,-0.224988,3.86079,-19517.4,-1,1.72564e-10,1,0
0.00569983,-0.111548,0.112354,-0.223346,3.86077,-19570.4,-1,1.72564e-10,1,0
0.00570104,-0.112239,0.113341,-0.222854,3.85825,-19687.4,-1,1.30584e-09,1,0
0.00570304,-0.111069,0.111927,-0.222639,3.85591,-19475.4,-1,4.95315e-10,1,0
0.00570401,-0.110472,0.111806,-0.22174,3.85623,-19367.5,-1,3.42225e-10,1,0
0.00570526,-0.109481,0.11157,-0.220707,3.85515,-19189.5,-1,2.23941e-09,1,0
0.00570609,-0.109181,0.111396,-0.21998,3.85681,-19134.1,-1,9.02523e-11,1,0
0.00570716,-0.108872,0.111538,-0.219381,3.85655,-19076.4,-1,6.3654e-10,1,0
0.00570839,-0.109595,0.111466,-0.21821,3.85649,-19198.9,-1,1.72167e-09,1,0
0.00570866,-0.109739,0.111293,-0.217987,3.85649,-19223.3,-1,1.72167e-09,1,0
0.00570936,-0.110072,0.110912,-0.217355,3.85566,-19279.3,-1,6.21131e-10,1,0
0.00571082,-0.110361,0.112574,-0.21758,3.85558,-19325,-1,1.20842e-09,1,0
0.00571135,-0.110513,0.113165,-0.217681,3.85532,-19349.6,-1,1.11374e-09,1,0
0.00571215,-0.110253,0.113766,-0.217809,3.85247,-19301.6,-1,1.65638e-10,1,0
0.00571357,-0.108903,0.114315,-0.217816,3.85282,-19060.4,-1,1.2926e-09,1,0
0.00571392,-0.108848,0.11435,-0.217615,3.85382,-19049.7,-1,3.44936e-10,1,0
0.00571542,-0.109367,0.114893,-0.216385,3.8522,-19135.5,-1,1.7348e-09,1,0
0.00571621,-0.109034,0.114424,-0.216107,3.85234,-19074.5,-1,6.27903e-10,1,0
0.00571717,-0.108718,0.113705,-0.216061,3.85211,-19016,-1,1.10756e-10,1,0
0.00571792,-0.108602,0.112918,-0.216372,3.85204,-18993.2,-1,6.81372e-10,1,0
0.00571917,-0.108934,0.114073,-0.216115,3.851,-19047.2,-1,1.04422e-09,1,0
0.00572085,-0.107744,0.11547,-0.215459,3.85106,-18833.5,-1,1.04422e-09,1,0
0.00572111,-0.107571,0.11566,-0.215385,3.85033,-18802.5,-1,3.09797e-11,1,0
0.00572269,-0.106929,0.11485,-0.21468,3.84827,-18685.1,-1,1.14639e-09,1,0
0.00572393,-0.107216,0.113604,-0.214702,3.8462,-18731.1,-1,1.76934e-10,1,0
0.00572541,-0.108617,0.114341,-0.214006,3.84613,-18970.9,-1,1.76934e-10,1,0
0.00572602,-0.109192,0.114644,-0.21372,3.8436,-19069.4,-1,2.44134e-09,1,0
0.00572694,-0.109795,0.115008,-0.213543,3.83801,-19171.6,-1,3.53954e-10,1,0
0.00572888,-0.111285,0.114619,-0.214768,3.83887,-19425.2,-1,8.5251e-10,1,0
0.00573046,-0.112266,0.11391,-0.215472,3.8379,-19591.1,-1,7.18014e-10,1,0
0.00573139,-0.11156,0.11355,-0.215109,3.83895,-19464.7,-1,7.65562e-10,1,0
0.00573264,-0.111703,0.113773,-0.216237,3.83817,-19485.5,-1,9.53797e-10,1,0
0.00573389,-0.112113,0.114962,-0.216684,3.8373,-19552.6,-1,1.60806e-09,1,0
0.00573497,-0.111539,0.114964,-0.21656,3.83826,-19448.8,-1,6.94018e-10,1,0
0.00573653,-0.111739,0.113194,-0.216562,3.83766,-19478.4,-1,1.77771e-09,1,0
0.00573691,-0.111873,0.113279,-0.21628,3.83589,-19500.5,-1,3.05191e-10,1,0
0.00573771,-0.111918,0.113186,-0.216225,3.83681,-19505.7,-1,5.79195e-10,1,0
0.00573903,-0.112358,0.113924,-0.216289,3.83688,-19577.9,-1,2.75334e-10,1,0
0.00574111,-0.11259,0.116323,-0.216199,3.83687,-19611.3,-1,2.75334e-10,1,0
0.00574148,-0.112704,0.116359,-0.216275,3.83715,-19629.7,-1,1.82195e-10,1,0
0.005743,-0.11152,0.115623,-0.217353,3.83721,-19418.4,-1,1.82195e-10,1,0
0.00574357,-0.111438,0.11587,-0.217747,3.83996,-19402.1,-1,1.46973e-10,1,0
0.00574398,-0.111724,0.115603,-0.217487,3.839,-19450.7,-1,4.70625e-10,1,0
0.00574574,-0.11246,0.116908,-0.218564,3.83882,-19572.7,-1,9.69262e-10,1,0
0.00574682,-0.113106,0.117688,-0.218919,3.84137,-19681.5,-1,1.01814e-10,1,0
0.00574819,-0.113258,0.118999,-0.218358,3.84083,-19703.2,-1,1.26293e-09,1,0
0.0057499,-0.114155,0.118593,-0.219693,3.83519,-19853.4,-1,2.16431e-10,1,0
0.00575077,-0.115121,0.118267,-0.219649,3.83585,-20018.3,-1,1.02004e-09,1,0
0.00575122,-0.115028,0.118079,-0.219455,3.82876,-20000.7,-1,1.1414e-10,1,0
0.00575287,-0.115929,0.116671,-0.21858,3.83021,-20151.5,-1,1.64384e-09,1,0
0.0057531,-0.115956,0.116431,-0.21864,3.83239,-20155.4,-1,4.09079e-11,1,0
0.00575371,-0.115555,0.115978,-0.218735,3.83152,-20083.6,-1,1.0028e-10,1,0
0.00575416,-0.115931,0.115637,-0.218624,3.83247,-20147.4,-1,5.19769e-10,1,0
0.00575535,-0.115072,0.11612,-0.219604,3.83251,-19993.9,-1,5.19769e-10,1,0
0.00575658,-0.114533,0.116583,-0.219823,3.83056,-19896,-1,4.23143e-10,1,0
0.00575735,-0.114046,0.116459,-0.219142,3.82806,-19808.8,-1,5.11033e-11,1,0
0.0057583,-0.114974,0.116727,-0.219341,3.82918,-19966.6,-1,8.71722e-10,1,0
0.00575958,-0.114546,0.116318,-0.217985,3.82894,-19887.9,-1,3.43618e-11,1,0
0.00576002,-0.114424,0.116011,-0.217593,3.83044,-19865.2,-1,2.22982e-11,1,0
0.00576039,-0.114522,0.11609,-0.217987,3.83031,-19880.9,-1,8.48059e-11,1,0
0.00576278,-0.114957,0.116492,-0.220706,3.8298,-19948.1,-1,3.06684e-09,1,0
0.0057635,-0.114835,0.115992,-0.22081,3.8303,-19924.5,-1,5.966e-10,1,0
0.00576404,-0.114801,0.115482,-0.22045,3.82978,-19916.7,-1,6.78361e-10,1,0
0.00576503,-0.115257,0.11618,-0.220349,3.82781,-19992.4,-1,6.90686e-10,1,0
0.00576666,-0.115458,0.117114,-0.218757,3.82732,-20021.7,-1,2.29298e-09,1,0
0.00576736,-0.115072,0.116906,-0.21939,3.8295,-19952.2,-1,7.9045e-10,1,0
0.00576809,-0.115866,0.116629,-0.219308,3.82649,-20087.5,-1,3.27566e-11,1,0
0.00576899,-0.116337,0.1164,-0.219345,3.82834,-20165.9,-1,4.24617e-10,1,0
0.00576916,-0.116376,0.116313,-0.219509,3.82816,-20172,-1,6.26663e-10,1,0
0.00577078,-0.116683,0.115436,-0.221134,3.82814,-20219.7,-1,6.26663e-10,1,0
0.00577322,-0.117163,0.113763,-0.221628,3.82627,-20294.2,-1,1.29243e-09,1,0
0.00577377,-0.117534,0.113599,-0.22209,3.8273,-20356.6,-1,2.32747e-11,1,0
0.00577492,-0.116971,0.113031,-0.222058,3.82991,-20255,-1,8.03944e-10,1,0
0.00577524,-0.117021,0.113199,-0.222068,3.8315,-20262.5,-1,1.00505e-10,1,0
0.00577666,-0.115903,0.113868,-0.221356,3.83208,-20064,-1,9.63863e-10,1,0
0.00577801,-0.115276,0.114342,-0.220008,3.83234,-19950.7,-1,2.25212e-09,1,0
0.00577961,-0.116329,0.113298,-0.220384,3.83008,-20127.5,-1,4.78911e-10,1,0
0.00578102,-0.116162,0.112136,-0.219308,3.83019,-20093.8,-1,3.44738e-10,1,0
0.00578216,-0.116995,0.111255,-0.218887,3.8301,-20233.8,-1,1.24649e-09,1,0
0.00578301,-0.11642,0.111797,-0.219464,3.83038,-20131.3,-1,8.49532e-11,1,0
0.00578392,-0.116193,0.111754,-0.218899,3.8306,-20089,-1,2.29004e-10,1,0
0.00578485,-0.116105,0.111266,-0.217946,3.8306,-20070.6,-1,2.29004e-10,1,0
0.00578603,-0.11489,0.111537,-0.217569,3.83038,-19856.4,-1,5.1416e-11,1,0
0.00578801,-0.114598,0.110152,-0.218334,3.83063,-19799.2,-1,1.00912e-09,1,0
0.00578975,-0.11307,0.108971,-0.218922,3.8307,-19529.4,-1,1.00912e-09,1,0
0.00579128,-0.111733,0.10944,-0.21892,3.8302,-19293.4,-1,1.22421e-09,1,0
0.00579341,-0.11043,0.110087,-0.217844,3.83002,-19061.3,-1,1.29256e-09,1,0
0.00579432,-0.110052,0.109392,-0.217545,3.82863,-18993.1,-1,4.11389e-10,1,0
0.00579531,-0.109882,0.109447,-0.21866,3.82736,-18960.4,-1,1.1313e-09,1,0
0.00579609,-0.110436,0.109821,-0.219085,3.82595,-19053.5,-1,7.54299e-10,1,0
0.00579665,-0.110536,0.110161,-0.219627,3.82595,-19068.9,-1,7.54299e-10,1,0
0.0057981,-0.110148,0.110279,-0.219338,3.82458,-18997.3,-1,9.34568e-10,1,0
0.00579887,-0.109546,0.11052,-0.219638,3.82592,-18891,-1,4.78838e-10,1,0
0.00579976,-0.108966,0.110408,-0.218914,3.82698,-18788,-1,9.48585e-10,1,0
0.00580044,-0.109045,0.111075,-0.218499,3.82584,-18799.4,-1,8.32308e-10,1,0
0.00580166,-0.109664,0.111862,-0.218564,3.82511,-18902.3,-1,3.06965e-10,1,0
0.00580217,-0.109744,0.112106,-0.218973,3.82226,-18914.3,-1,1.253e-10,1,0
0.00580392,-0.109992,0.112933,-0.218738,3.82425,-18951.3,-1,1.16546e-09,1,0
0.00580468,-0.109174,0.113072,-0.218852,3.8244,-18807.9,-1,5.48455e-10,1,0
0.00580634,-0.107993,0.113374,-0.220056,3.82333,-18599.2,-1,2.16571e-10,1,0
0.00580729,-0.107319,0.113092,-0.219326,3.82513,-18480,-1,3.32336e-11,1,0
0.00580841,-0.107432,0.114296,-0.219794,3.82513,-18495.9,-1,3.32336e-11,1,0
0.00580968,-0.107561,0.11567,-0.220328,3.82496,-18514,-1,2.77624e-09,1,0
0.00581134,-0.108079,0.115785,-0.221458,3.82808,-18597.9,-1,4.76744e-10,1,0
0.00581176,-0.107896,0.115728,-0.221373,3.82786,-18565.2,-1,1.61371e-10,1,0
0.00581401,-0.109702,0.1165,-0.223093,3.82777,-18868.6,-1,1.61371e-10,1,0
0.005815,-0.108913,0.116886,-0.222815,3.82364,-18729.7,-1,5.06784e-10,1,0
0.00581534,-0.108922,0.116909,-0.223079,3.82283,-18730.1,-1,8.53327e-11,1,0
0.00581548,-0.108845,0.116792,-0.223096,3.82031,-18716.5,-1,3.71124e-11,1,0
0.00581636,-0.109397,0.116958,-0.222314,3.82003,-18808.4,-1,1.82063e-10,1,0
0.00581699,-0.10975,0.117127,-0.222276,3.81988,-18867.2,-1,3.30355e-10,1,0
0.00581806,-0.109799,0.117413,-0.22133,3.81828,-18872.1,-1,1.38955e-10,1,0
0.00582012,-0.110204,0.118521,-0.219256,3.81826,-18934.9,-1,1.38955e-10,1,0
0.00582208,-0.108979,0.119154,-0.218868,3.81585,-18718.3,-1,1.00816e-09,1,0
0.00582305,-0.108075,0.119435,-0.218298,3.81561,-18559.8,-1,7.03242e-10,1,0
0.00582461,-0.107422,0.119522,-0.219253,3.81569,-18442.7,-1,2.05143e-11,1,0
0.00582535,-0.107722,0.11885,-0.219388,3.81526,-18492,-1,1.30059e-09,1,0
0.00582613,-0.108104,0.11802,-0.219413,3.81524,-18555.1,-1,1.30059e-09,1,0
0.00582704,-0.108716,0.117316,-0.219438,3.81717,-18657.2,-1,2.96107e-10,1,0
0.00582766,-0.108833,0.117791,-0.219878,3.81663,-18675.3,-1,2.35017e-10,1,0
0.005829,-0.110357,0.11757,-0.220017,3.81727,-18932.5,-1,7.08535e-11,1,0
0.0058305,-0.110681,0.117105,-0.218466,3.8155,-18983,-1,2.51492e-10,1,0
0.00583056,-0.110662,0.117101,-0.218417,3.81637,-18979.7,-1,5.28548e-11,1,0
0.00583087,-0.110808,0.11726,-0.218217,3.81817,-19003.7,-1,3.57478e-11,1,0
0.00583297,-0.111801,0.116607,-0.216091,3.81812,-19167.1,-1,3.57478e-11,1,0
0.00583363,-0.112112,0.116401,-0.215425,3.81952,-19218.3,-1,3.19926e-09,1,0
0.00583427,-0.111953,0.116936,-0.215112,3.81834,-19188.9,-1,6.19887e-11,1,0
0.00583521,-0.112311,0.11748,-0.214236,3.81814,-19247.2,-1,1.09126e-09,1,0
0.00583614,-0.111506,0.117733,-0.214624,3.81955,-19106.1,-1,1.84657e-10,1,0
0.00583692,-0.11072,0.117816,-0.215076,3.82047,-18968.8,-1,1.79743e-09,1,0
0.00583785,-0.110676,0.117599,-0.215538,3.81976,-18958.4,-1,2.79726e-10,1,0
0.00583882,-0.111144,0.116921,-0.216285,3.82059,-19035.3,-1,3.1631e-10,1,0
0.00584024,-0.109566,0.116467,-0.216075,3.82067,-18760.5,-1,3.1631e-10,1,0
0.00584115,-0.108559,0.116177,-0.21594,3.82072,-18585.2,-1,3.1631e-10,1,0
0.00584277,-0.107689,0.115912,-0.215422,3.8175,-18431.2,-1,5.40031e-10,1,0
0.00584453,-0.107903,0.116737,-0.216718,3.81774,-18462.3,-1,4.72146e-10,1,0
0.00584558,-0.107688,0.116832,-0.216714,3.81884,-18422.1,-1,5.78589e-10,1,0
0.00584658,-0.108658,0.116599,-0.216442,3.82208,-18584.8,-1,1.07407e-09,1,0
0.00584785,-0.108454,0.11645,-0.2168,3.82445,-18545.9,-1,7.20668e-10,1,0
0.0058487,-0.108013,0.115823,-0.216607,3.82063,-18467.9,-1,6.40164e-10,1,0
0.00584967,-0.107719,0.115968,-0.216502,3.81953,-18414.5,-1,6.0756e-10,1,0
0.00585074,-0.108218,0.116353,-0.215432,3.81942,-18496.5,-1,1.75954e-09,1,0
0.005852,-0.1082,0.116132,-0.215459,3.82347,-18489.4,-1,7.72704e-10,1,0
0.00585324,-0.108645,0.116088,-0.214641,3.82708,-18561.5,-1,9.92277e-10,1,0
0.0058547,-0.107165,0.115477,-0.215177,3.82715,-18304,-1,9.92277e-10,1,0
0.00585705,-0.10552,0.11421,-0.214683,3.82694,-18015.9,-1,6.56077e-10,1,0
0.00585846,-0.106328,0.11412,-0.215008,3.8277,-18149.4,-1,4.43688e-10,1,0
0.00585936,-0.106087,0.113161,-0.21535,3.82878,-18105.6,-1,1.04657e-09,1,0
0.00585999,-0.106584,0.113402,-0.215006,3.82909,-18188.4,-1,1.95191e-10,1,0
0.00586091,-0.106456,0.113665,-0.214984,3.83024,-18163.7,-1,7.64559e-11,1,0
0.00586154,-0.106536,0.11429,-0.214622,3.83174,-18175.4,-1,1.28292e-09,1,0
0.00586234,-0.105697,0.114665,-0.214725,3.83178,-18029.9,-1,1.28292e-09,1,0
0.00586268,-0.105337,0.114826,-0.214769,3.82985,-17967.3,-1,1.32211e-09,1,0
0.00586384,-0.104948,0.115112,-0.213513,3.82994,-17897.5,-1,1.34506e-09,1,0
0.00586486,-0.105173,0.1152,-0.213529,3.82603,-17932.7,-1,2.67092e-10,1,0
0.00586748,-0.105121,0.115425,-0.214825,3.82369,-17915.8,-1,1.06053e-09,1,0
0.00586797,-0.105322,0.115061,-0.214743,3.82561,-17948.6,-1,1.52888e-09,1,0
0.00586875,-0.105959,0.114858,-0.214134,3.82558,-18054.8,-1,1.52888e-09,1,0
0.00587047,-0.107224,0.114355,-0.212701,3.82614,-18265,-1,2.64381e-09,1,0
0.00587133,-0.107275,0.114755,-0.212255,3.82648,-18270.9,-1,9.35459e-10,1,0
0.00587244,-0.107276,0.115848,-0.211957,3.82736,-18267.6,-1,1.55517e-09,1,0
0.00587277,-0.10756,0.115944,-0.21176,3.82709,-18315,-1,5.90059e-10,1,0
0.00587329,-0.10737,0.115805,-0.211702,3.8275,-18281.1,-1,3.31056e-10,1,0
0.00587471,-0.106621,0.114744,-0.211652,3.82362,-18149.1,-1,3.9344e-10,1,0
0.00587603,-0.105757,0.113541,-0.211279,3.82367,-17998.1,-1,3.9344e-10,1,0
0.00587632,-0.105771,0.113391,-0.211034,3.82104,-17999.5,-1,2.77925e-12,1,0
0.00587668,-0.105879,0.11326,-0.210654,3.82104,-18016.7,-1,2.77925e-12,1,0
0.00587727,-0.106057,0.113042,-0.210026,3.82093,-18045.2,-1,1.3521e-09,1,0
0.00587877,-0.105073,0.111647,-0.209767,3.8209,-17873.4,-1,3.58096e-10,1,0
0.00588057,-0.104645,0.110916,-0.210093,3.82149,-17795,-1,2.73437e-09,1,0
0.00588165,-0.105346,0.111462,-0.210981,3.82145,-17911,-1,2.73437e-09,1,0
0.00588341,-0.106593,0.112345,-0.212241,3.82123,-18117.5,-1,3.71079e-09,1,0
0.00588463,-0.106702,0.111889,-0.211177,3.82155,-18132.2,-1,1.22002e-09,1,0
0.00588528,-0.106232,0.111852,-0.21117,3.82126,-18050.5,-1,5.21148e-10,1,0
0.00588598,-0.105612,0.111371,-0.210964,3.82141,-17943,-1,1.61136e-11,1,0
0.0058866,-0.105746,0.111343,-0.210597,3.8224,-17963.8,-1,1.05005e-09,1,0
0.0058878,-0.106166,0.111031,-0.210248,3.82226,-18031.6,-1,5.73094e-10,1,0
0.00588919,-0.105434,0.11104,-0.211694,3.82228,-17903,-1,1.92917e-09,1,0
0.00588996,-0.105156,0.11132,-0.21202,3.82334,-17853.4,-1,1.25904e-10,1,0
0.00589202,-0.103504,0.10986,-0.212945,3.82342,-17566.7,-1,1.25904e-10,1,0
0.00589444,-0.101569,0.108152,-0.214027,3.82356,-17231.4,-1,5.49045e-09,1,0
0.00589639,-0.10117,0.109318,-0.212596,3.82491,-17158,-1,2.6327e-10,1,0
0.00589817,-0.100673,0.11039,-0.210899,3.82452,-17068.5,-1,4.07428e-09,1,0
0.00589896,-0.100911,0.109969,-0.210907,3.82481,-17106.7,-1,4.39751e-10,1,0
0.00589989,-0.100346,0.110175,-0.210757,3.82257,-17008.2,-1,2.66692e-10,1,0
0.00590093,-0.0991637,0.110256,-0.210704,3.82203,-16804.8,-1,2.6815e-10,1,0
0.00590188,-0.098752,0.111024,-0.210304,3.82219,-16732.3,-1,2.16714e-10,1,0
0.00590244,-0.0990005,0.111067,-0.210658,3.82086,-16772.8,-1,1.88025e-10,1,0
0.00590389,-0.0989927,0.111071,-0.209882,3.8179,-16767.4,-1,5.06939e-10,1,0
0.00590446,-0.0991209,0.110475,-0.210129,3.81796,-16787.5,-1,2.55104e-12,1,0
0.00590551,-0.098978,0.110589,-0.210081,3.81801,-16760.3,-1,6.83635e-10,1,0
0.00590796,-0.100641,0.110064,-0.211855,3.81769,-17034.8,-1,7.07497e-10,1,0
0.00590891,-0.101239,0.110083,-0.212728,3.81746,-17133.3,-1,3.05326e-09,1,0
0.00591068,-0.100729,0.109546,-0.212154,3.8162,-17041.9,-1,1.23662e-09,1,0
0.0059127,-0.102665,0.108594,-0.211487,3.81363,-17363.4,-1,1.54406e-10,1,0
0.00591408,-0.102628,0.109653,-0.212413,3.81359,-17353.2,-1,2.17457e-10,1,0
0.00591512,-0.101705,0.110193,-0.211856,3.81363,-17194.1,-1,2.17457e-10,1,0
0.00591595,-0.10075,0.110252,-0.211808,3.81236,-17030.2,-1,9.37221e-10,1,0
0.0059165,-0.100316,0.110229,-0.212206,3.81483,-16955.3,-1,5.09076e-11,1,0
0.00591811,-0.100541,0.108758,-0.213342,3.81481,-16988.7,-1,5.09076e-11,1,0
0.00591883,-0.100501,0.108158,-0.21379,3.81481,-16979.8,-1,1.19869e-11,1,0
0.00591945,-0.0998988,0.107823,-0.213966,3.81525,-16876.4,-1,8.65062e-10,1,0
0.00592009,-0.0996493,0.107904,-0.213547,3.81545,-16832.4,-1,2.73821e-10,1,0
0.00592136,-0.099581,0.108451,-0.213463,3.81754,-16817.3,-1,7.14944e-11,1,0
0.0059223,-0.0991297,0.108111,-0.213263,3.81626,-16738.4,-1,1.52334e-10,1,0
0.00592271,-0.0988111,0.108066,-0.2135,3.81682,-16683.4,-1,4.61038e-11,1,0
0.00592324,-0.0990076,0.108282,-0.213006,3.81617,-16715.1,-1,3.33348e-10,1,0
0.00592426,-0.0997694,0.108144,-0.213205,3.8173,-16840.8,-1,5.53389e-10,1,0
0.00592553,-0.100723,0.107791,-0.214256,3.81669,-16998.1,-1,1.12814e-09,1,0
0.00592682,-0.099884,0.108133,-0.21367,3.81753,-16852.9,-1,1.24451e-09,1,0
0.00592737,-0.0999104,0.108266,-0.213628,3.81796,-16855.8,-1,3.88175e-10,1,0
0.00592756,-0.100023,0.10813,-0.213738,3.81904,-16874.3,-1,1.9038e-10,1,0
0.00593001,-0.0998813,0.107854,-0.213608,3.81857,-16843.3,-1,1.55368e-09,1,0
0.00593102,-0.0989398,0.107183,-0.213742,3.81844,-16681.8,-1,1.16372e-09,1,0
0.00593178,-0.0989331,0.106854,-0.214084,3.82048,-16678.5,-1,4.62236e-10,1,0
0.0059332,-0.0997315,0.107791,-0.213207,3.8236,-16809.1,-1,1.52078e-09,1,0
0.00593391,-0.0995602,0.10724,-0.213191,3.82562,-16778.2,-1,1.58088e-10,1,0
0.00593465,-0.0996223,0.107045,-0.213613,3.82713,-16786.5,-1,3.61884e-10,1,0
0.00593554,-0.100119,0.107204,-0.213504,3.82532,-16867.7,-1,1.25564e-11,1,0
0.0059361,-0.100256,0.107057,-0.213917,3.82621,-16889.3,-1,9.05426e-11,1,0
0.00593625,-0.100248,0.106984,-0.21385,3.82878,-16887.4,-1,3.5237e-12,1,0
0.00593789,-0.100085,0.106997,-0.212282,3.83015,-16855.3,-1,9.21338e-10,1,0
0.0059385,-0.0997352,0.107259,-0.212223,3.82998,-16794.7,-1,1.46172e-10,1,0
0.00594046,-0.0997973,0.105958,-0.210363,3.83058,-16799.6,-1,2.3929e-09,1,0
0.00594133,-0.100438,0.105699,-0.210885,3.83057,-16904.9,-1,1.86458e-10,1,0
0.00594193,-0.100805,0.105975,-0.211103,3.82999,-16965,-1,3.24704e-10,1,0
0.00594269,-0.100796,0.106845,-0.211168,3.83026,-16961.4,-1,6.62907e-10,1,0
0.00594294,-0.100547,0.106732,-0.211207,3.83187,-16918.8,-1,2.80598e-10,1,0
0.0059444,-0.100893,0.106344,-0.211621,3.8315,-16972.9,-1,8.16162e-10,1,0
0.00594566,-0.100908,0.104974,-0.212133,3.8315,-16971.7,-1,8.16162e-10,1,0
0.00594653,-0.100918,0.10403,-0.212487,3.8315,-16970.9,-1,8.16162e-10,1,0
0.00594796,-0.101126,0.102849,-0.212734,3.83235,-17001.8,-1,3.82319e-09,1,0
0.00594876,-0.101712,0.103106,-0.212054,3.83215,-17098,-1,1.24436e-09,1,0
0.00594939,-0.101436,0.103177,-0.211386,3.83216,-17049.8,-1,1.24436e-09,1,0
0.00594993,-0.101199,0.103238,-0.210811,3.83217,-17008.4,-1,1.24436e-09,1,0
0.00595011,-0.101119,0.103258,-0.210618,3.83165,-16994.5,-1,1.56049e-09,1,0
0.00595092,-0.100659,0.102508,-0.210882,3.82853,-16914.9,-1,3.05356e-10,1,0
0.0059513,-0.100805,0.102521,-0.21126,3.82666,-16938.3,-1,2.12417e-11,1,0
0.00595226,-0.101301,0.102877,-0.211637,3.82588,-17018.8,-1,1.02555e-09,1,0
0.00595331,-0.101999,0.103702,-0.211082,3.82584,-17133.1,-1,1.02555e-09,1,0
0.00595378,-0.102312,0.104073,-0.210832,3.82583,-17184.5,-1,1.02555e-09,1,0
0.00595455,-0.101717,0.104047,-0.210646,3.82543,-17082.2,-1,2.4152e-09,1,0
0.00595539,-0.100857,0.103723,-0.210528,3.82614,-16935.5,-1,1.48709e-09,1,0
0.00595567,-0.100662,0.103567,-0.210514,3.82325,-16901.9,-1,1.94544e-10,1,0
0.005956,-0.100804,0.10369,-0.21083,3.82384,-16924.7,-1,2.49037e-11,1,0
0.00595781,-0.102322,0.103617,-0.211506,3.8259,-17174.5,-1,1.29277e-09,1,0
0.00595867,-0.101803,0.103377,-0.210776,3.82321,-17084.8,-1,4.31053e-10,1,0
0.00595968,-0.101893,0.104002,-0.211204,3.8239,-17097,-1,8.42028e-10,1,0
0.0059602,-0.101784,0.104183,-0.21129,3.82482,-17077.3,-1,3.39884e-10,1,0
0.00596119,-0.101618,0.105241,-0.211229,3.82588,-17046.6,-1,9.33883e-10,1,0
0.00596261,-0.101744,0.105864,-0.210229,3.8296,-17063.7,-1,3.17351e-10,1,0
0.00596409,-0.100961,0.1062,-0.208742,3.82959,-16928.2,-1,1.71333e-09,1,0
0.00596511,-0.100913,0.105568,-0.208341,3.83195,-16917.2,-1,7.28059e-10,1,0
0.00596699,-0.0993162,0.106282,-0.208969,3.83203,-16644.3,-1,1.45319e-09,1,0
0.00596758,-0.0989496,0.106638,-0.2088,3.82947,-16581.2,-1,3.67658e-10,1,0
0.00596896,-0.0996877,0.105259,-0.208452,3.82943,-16701,-1,3.67658e-10,1,0
0.00597009,-0.100179,0.104271,-0.208079,3.82896,-16780.1,-1,5.62522e-10,1,0
0.00597032,-0.100264,0.10403,-0.208157,3.83016,-16793.7,-1,6.78661e-10,1,0
0.00597178,-0.0999216,0.102889,-0.209062,3.83157,-16732.3,-1,9.85935e-10,1,0
0.00597315,-0.100598,0.101875,-0.209339,3.83275,-16841.6,-1,8.69092e-10,1,0
0.00597404,-0.101306,0.10228,-0.208707,3.83312,-16957.8,-1,1.03226e-09,1,0
0.00597648,-0.102305,0.100562,-0.207401,3.83157,-17117.9,-1,1.12038e-09,1,0
0.0059785,-0.100512,0.10085,-0.208887,3.83166,-16812.2,-1,1.12038e-09,1,0
0.00597934,-0.100131,0.100668,-0.209336,3.83057,-16746.2,-1,2.34285e-10,1,0
0.00597981,-0.100231,0.100585,-0.208811,3.83056,-16761.6,-1,2.34285e-10,1,0
0.00598095,-0.100297,0.100198,-0.207634,3.83078,-16769.4,-1,1.50459e-09,1,0
0.00598209,-0.101345,0.0998481,-0.208172,3.83059,-16941.4,-1,8.96614e-10,1,0
0.00598253,-0.101855,0.0997901,-0.20817,3.83057,-17025.4,-1,8.96614e-10,1,0
0.00598308,-0.102294,0.100002,-0.207876,3.83022,-17097.2,-1,4.46544e-10,1,0
0.00598375,-0.1025,0.100444,-0.208208,3.83009,-17129.8,-1,2.55172e-10,1,0
0.00598441,-0.102456,0.101081,-0.208619,3.82991,-17120.5,-1,9.88112e-10,1,0
0.0059847,-0.10233,0.101144,-0.208741,3.82945,-17098.6,-1,1.31563e-10,1,0
0.00598775,-0.104109,0.0981653,-0.208021,3.82727,-17387,-1,3.54314e-09,1,0
0.00598862,-0.104694,0.0980783,-0.207416,3.82829,-17482.2,-1,3.81655e-10,1,0
0.00598912,-0.104425,0.0978465,-0.207694,3.82741,-17435.8,-1,4.15182e-10,1,0
0.00598978,-0.104281,0.0979743,-0.208135,3.82642,-17409.8,-1,4.29062e-10,1,0
0.00599138,-0.104947,0.0965833,-0.20799,3.82478,-17516.3,-1,3.01112e-10,1,0
0.00599317,-0.103762,0.0956509,-0.207955,3.82359,-17313.3,-1,1.20883e-09,1,0
0.0059937,-0.103365,0.0953968,-0.207561,3.82252,-17245.6,-1,1.74864e-09,1,0
0.00599447,-0.103063,0.0954481,-0.207321,3.82376,-17192.9,-1,3.29508e-10,1,0
0.0059966,-0.10158,0.095829,-0.207785,3.82516,-16939.6,-1,1.85812e-09,1,0
0.00599796,-0.101411,0.0969401,-0.207857,3.82285,-16907.6,-1,7.38317e-10,1,0
0.00599837,-0.101327,0.0971973,-0.207517,3.82376,-16892.5,-1,4.12244e-10,1,0
0.00600038,-0.10341,0.0981489,-0.207889,3.8234,-17234,-1,1.56233e-10,1,0
0.00600089,-0.102911,0.098386,-0.207893,3.82428,-17149.2,-1,5.69075e-10,1,0
0.00600203,-0.102992,0.0982547,-0.208055,3.82324,-17159.5,-1,3.40507e-10,1,0
0.0060028,-0.102368,0.098547,-0.207482,3.82369,-17053.4,-1,8.96073e-10,1,0
0.006004,-0.102309,0.0994417,-0.207354,3.8256,-17040.1,-1,7.29346e-10,1,0
0.00600508,-0.102461,0.0995365,-0.207836,3.82485,-17062.5,-1,6.54865e-10,1,0
0.00600691,-0.102089,0.0989729,-0.209013,3.8255,-16995.3,-1,2.09806e-09,1,0
0.00600734,-0.102363,0.0991141,-0.20902,3.8226,-17039.6,-1,2.07491e-10,1,0
0.00600844,-0.101541,0.0992507,-0.208353,3.82197,-16899.7,-1,7.11175e-10,1,0
0.00600922,-0.101006,0.0992275,-0.207972,3.82568,-16808.4,-1,1.05302e-11,1,0
0.00601044,-0.101018,0.100201,-0.207136,3.82687,-16807.1,-1,4.49895e-12,1,0
0.00601142,-0.102024,0.100386,-0.206864,3.82652,-16971.8,-1,5.38335e-10,1,0
0.0060122,-0.102351,0.10022,-0.206303,3.82555,-17023.8,-1,1.36061e-09,1,0
0.00601414,-0.102228,0.100956,-0.205448,3.82709,-16998,-1,1.12972e-09,1,0
0.00601571,-0.102734,0.100958,-0.206031,3.82788,-17077.6,-1,1.08151e-09,1,0
0.00601735,-0.103665,0.100561,-0.204696,3.82909,-17227.7,-1,2.29524e-09,1,0
0.00601862,-0.104934,0.100748,-0.205429,3.82903,-17434.9,-1,2.29524e-09,1,0
0.00601921,-0.105119,0.100502,-0.20543,3.82759,-17463.9,-1,2.03339e-09,1,0
0.00601961,-0.105044,0.100049,-0.20545,3.82822,-17450.3,-1,3.90914e-10,1,0
0.00602149,-0.104723,0.0979003,-0.205656,3.82824,-17391.5,-1,3.90914e-10,1,0
0.00602171,-0.104693,0.0977266,-0.205602,3.82827,-17385.9,-1,8.90252e-11,1,0
0.00602244,-0.104234,0.0974883,-0.205894,3.82766,-17307.6,-1,2.07319e-10,1,0
0.00602373,-0.103667,0.0978775,-0.207225,3.8279,-17209.8,-1,4.1499e-10,1,0
0.00602472,-0.103163,0.0979461,-0.20817,3.82841,-17123.3,-1,2.85311e-10,1,0
0.00602629,-0.102282,0.0979769,-0.209763,3.82846,-16972.6,-1,6.49545e-10,1,0
0.00602823,-0.102967,0.096418,-0.209118,3.83033,-17080.8,-1,8.4263e-10,1,0
0.00602878,-0.10286,0.096396,-0.209504,3.82977,-17061.4,-1,4.77175e-10,1,0
0.00602957,-0.102171,0.0967511,-0.209784,3.83017,-16945,-1,8.62379e-11,1,0
0.00603092,-0.102355,0.0967159,-0.21084,3.8296,-16971.7,-1,5.28553e-10,1,0
0.00603208,-0.103134,0.096964,-0.211908,3.83166,-17097.5,-1,2.3865e-09,1,0
0.00603308,-0.103084,0.0963184,-0.211068,3.83129,-17086.5,-1,1.02792e-09,1,0
0.00603329,-0.103093,0.0964566,-0.210867,3.83159,-17087.3,-1,3.74634e-10,1,0
0.00603451,-0.102992,0.0962807,-0.212274,3.83229,-17067.2,-1,1.42148e-09,1,0
0.00603546,-0.103187,0.0961539,-0.211217,3.83188,-17096.8,-1,9.76835e-10,1,0
0.00603635,-0.102958,0.0959936,-0.210221,3.83283,-17056.4,-1,1.14991e-09,1,0
0.00603817,-0.104786,0.0961566,-0.209883,3.83293,-17353.9,-1,3.80215e-10,1,0
0.00604013,-0.10692,0.0967664,-0.209389,3.83277,-17701.6,-1,2.72878e-09,1,0
0.00604165,-0.106986,0.0967831,-0.208026,3.83097,-17708.1,-1,1.75483e-09,1,0
0.00604343,-0.105888,0.0966295,-0.207222,3.83163,-17521.1,-1,8.42521e-10,1,0
0.00604468,-0.10603,0.0972088,-0.205898,3.83162,-17541,-1,8.42521e-10,1,0
0.00604582,-0.1059,0.0983286,-0.205595,3.83042,-17516.3,-1,1.47506e-10,1,0
0.00604699,-0.10579,0.0979719,-0.20463,3.82885,-17494.7,-1,1.18678e-09,1,0
0.00604739,-0.10553,0.0977303,-0.204372,3.82819,-17450.4,-1,3.83746e-10,1,0
0.00604813,-0.104708,0.0977556,-0.204177,3.82813,-17312.4,-1,7.85111e-10,1,0
0.00604952,-0.103331,0.0985766,-0.204072,3.8283,-17080.9,-1,8.49492e-10,1,0
0.00605044,-0.102788,0.0991813,-0.203435,3.82959,-16988.6,-1,1.02184e-09,1,0
0.00605095,-0.102507,0.0995199,-0.203042,3.82978,-16940.7,-1,1.54986e-09,1,0
0.00605135,-0.102105,0.0993117,-0.203064,3.82834,-16873,-1,4.41267e-10,1,0
0.00605287,-0.10225,0.0976266,-0.20304,3.82836,-16892.9,-1,1.72633e-10,1,0
0.00605404,-0.102641,0.0964572,-0.203126,3.82643,-16954.1,-1,6.05991e-10,1,0
0.00605496,-0.102165,0.0969639,-0.203936,3.82646,-16873,-1,6.05991e-10,1,0
0.00605576,-0.101754,0.097402,-0.204635,3.82615,-16802.9,-1,2.03192e-09,1,0
0.00605701,-0.1017,0.0984103,-0.205676,3.82615,-16790.5,-1,2.03192e-09,1,0
0.00605871,-0.101438,0.0991455,-0.2058,3.82681,-16742.6,-1,2.64902e-09,1,0
0.00605899,-0.101407,0.0992093,-0.205617,3.82574,-16736.7,-1,9.9885e-10,1,0
0.00606013,-0.101823,0.100404,-0.206008,3.82425,-16802.1,-1,1.42658e-09,1,0
0.00606126,-0.10101,0.10038,-0.206448,3.82706,-16664.9,-1,3.7567e-10,1,0
0.00606147,-0.100824,0.100224,-0.20649,3.82649,-16633.6,-1,2.466e-10,1,0
0.00606192,-0.10115,0.100606,-0.206505,3.82658,-16686.1,-1,2.57431e-11,1,0
0.0060633,-0.10157,0.101376,-0.207639,3.82669,-16751.6,-1,8.65747e-10,1,0
0.00606424,-0.101986,0.101588,-0.208511,3.82568,-16817.6,-1,1.87654e-09,1,0
0.00606517,-0.102462,0.101158,-0.20854,3.82722,-16893.5,-1,2.03726e-10,1,0
0.00606646,-0.101485,0.102057,-0.208269,3.8264,-16728.9,-1,1.82738e-10,1,0
0.00606692,-0.101077,0.102361,-0.208207,3.82617,-16660.4,-1,1.8382e-09,1,0
0.00606813,-0.102311,0.101789,-0.20856,3.82611,-16860.4,-1,1.8382e-09,1,0
0.00606965,-0.10154,0.101539,-0.207579,3.82827,-16729.2,-1,1.29279e-09,1,0
0.00607057,-0.100836,0.101387,-0.206871,3.82662,-16610.6,-1,1.07609e-10,1,0
0.00607202,-0.100686,0.100484,-0.205565,3.82678,-16581.9,-1,1.10821e-09,1,0
0.00607312,-0.0994962,0.100911,-0.205692,3.82684,-16383.1,-1,1.10821e-09,1,0
0.00607455,-0.100507,0.101587,-0.205201,3.82738,-16545.5,-1,1.4843e-09,1,0
0.00607632,-0.101633,0.102576,-0.204772,3.8283,-16726,-1,4.18458e-10,1,0
0.00607773,-0.10119,0.103028,-0.204872,3.8268,-16649.4,-1,6.56603e-10,1,0
0.00607887,-0.101007,0.104201,-0.204479,3.82438,-16616,-1,8.58494e-11,1,0
0.00608027,-0.100965,0.10338,-0.205878,3.82338,-16605.3,-1,1.62236e-09,1,0
0.00608246,-0.102989,0.104071,-0.207256,3.82328,-16932.1,-1,1.62236e-09,1,0
0.0060838,-0.104079,0.104001,-0.208026,3.8231,-17107.5,-1,3.2295e-10,1,0
0.00608478,-0.104503,0.103437,-0.208351,3.82376,-17174.5,-1,4.15474e-10,1,0
0.00608559,-0.10488,0.103127,-0.207919,3.82495,-17234.1,-1,6.0875e-10,1,0
0.00608664,-0.104456,0.102941,-0.208882,3.82431,-17161.5,-1,1.35419e-10,1,0
0.00608713,-0.10427,0.102945,-0.209422,3.82432,-17129.6,-1,1.35419e-10,1,0
0.00608824,-0.103851,0.102954,-0.210636,3.82434,-17057.7,-1,1.35419e-10,1,0
0.0060886,-0.103714,0.102957,-0.211034,3.82539,-17034.2,-1,3.24196e-09,1,0
0.00609048,-0.103616,0.103981,-0.210831,3.82721,-17012.9,-1,1.58264e-09,1,0
0.00609133,-0.103643,0.103503,-0.210244,3.82895,-17014.8,-1,7.73262e-10,1,0
0.00609307,-0.104324,0.10247,-0.209297,3.83187,-17121.7,-1,1.71092e-09,1,0
0.00609437,-0.10516,0.103682,-0.209597,3.831,-17255.3,-1,7.2537e-12,1,0
0.00609538,-0.104373,0.103539,-0.21011,3.83102,-17123.2,-1,1.0354e-09,1,0
0.00609654,-0.104656,0.10372,-0.209052,3.82835,-17166.4,-1,4.28672e-10,1,0
0.00609729,-0.104768,0.10361,-0.208401,3.82826,-17182.8,-1,2.18023e-10,1,0
0.00609816,-0.10507,0.103429,-0.208373,3.82607,-17229.8,-1,2.14792e-10,1,0
0.00609927,-0.104301,0.103357,-0.207665,3.82413,-17100.5,-1,1.22862e-10,1,0
0.00610043,-0.104332,0.103223,-0.207502,3.82451,-17102.3,-1,3.2549e-10,1,0
0.00610275,-0.104791,0.101547,-0.206249,3.82142,-17171.1,-1,2.0774e-09,1,0
0.00610312,-0.105163,0.101399,-0.206406,3.82241,-17231.1,-1,4.30454e-10,1,0
0.00610544,-0.106133,0.10364,-0.207529,3.82165,-17383.3,-1,2.68741e-09,1,0
0.00610589,-0.10572,0.103624,-0.207594,3.82195,-17314.5,-1,9.46668e-11,1,0
0.00610673,-0.104752,0.103748,-0.207603,3.822,-17153.6,-1,9.46668e-11,1,0
0.00610729,-0.104643,0.103921,-0.207923,3.82103,-17134.1,-1,1.67513e-09,1,0
0.00610897,-0.104533,0.103538,-0.209451,3.82061,-17111.4,-1,1.19255e-09,1,0
0.00611065,-0.104228,0.101936,-0.209503,3.821,-17056.7,-1,1.29268e-09,1,0
0.00611206,-0.103636,0.100735,-0.210426,3.82103,-16955.9,-1,1.29268e-09,1,0
0.00611305,-0.103215,0.0998819,-0.211081,3.82105,-16884.4,-1,1.29268e-09,1,0
0.00611427,-0.104095,0.0989337,-0.211192,3.82238,-17025,-1,3.31738e-09,1,0
0.00611464,-0.104421,0.0986439,-0.211199,3.82237,-17077.3,-1,3.31738e-09,1,0
0.00611549,-0.104993,0.0989749,-0.211249,3.82355,-17168.4,-1,2.02477e-09,1,0
0.00611643,-0.105472,0.0998984,-0.211378,3.82363,-17244,-1,1.66185e-09,1,0
0.00611765,-0.105754,0.100681,-0.211373,3.82457,-17286.8,-1,8.26576e-10,1,0
0.00611901,-0.106461,0.101436,-0.211758,3.82654,-17398.4,-1,6.49653e-10,1,0
0.00611942,-0.106852,0.101551,-0.211504,3.82652,-17461.2,-1,6.49653e-10,1,0
0.00612052,-0.106991,0.10167,-0.212355,3.82767,-17480.8,-1,9.99714e-10,1,0
0.00612126,-0.106625,0.101293,-0.21298,3.82793,-17418.9,-1,1.29288e-10,1,0
0.0061226,-0.106667,0.101755,-0.213986,3.82616,-17421.8,-1,1.19427e-09,1,0
0.00612296,-0.106514,0.101997,-0.213794,3.82675,-17395.9,-1,7.42806e-11,1,0
0.00612531,-0.108939,0.103207,-0.214172,3.82662,-17785.1,-1,7.42806e-11,1,0
0.00612701,-0.110054,0.103823,-0.213607,3.82935,-17962.1,-1,2.79251e-10,1,0
0.00612769,-0.109564,0.103965,-0.213229,3.82927,-17880.1,-1,6.23388e-10,1,0
0.00612887,-0.108687,0.104965,-0.213388,3.82866,-17733.5,-1,1.2926e-09,1,0
0.00613128,-0.107813,0.105883,-0.21386,3.82898,-17584.1,-1,1.29238e-09,1,0
0.00613178,-0.107616,0.106321,-0.214049,3.82963,-17550.5,-1,4.64484e-11,1,0
0.00613202,-0.107531,0.106559,-0.214154,3.82964,-17536,-1,4.64484e-11,1,0
0.00613314,-0.107125,0.107699,-0.214656,3.82966,-17466.6,-1,4.64484e-11,1,0
0.00613368,-0.106933,0.108239,-0.214895,3.83065,-17433.7,-1,2.74379e-09,1,0
0.00613456,-0.10761,0.107722,-0.215102,3.83029,-17541.6,-1,9.02684e-10,1,0
0.00613592,-0.107825,0.106554,-0.215915,3.83032,-17572.7,-1,1.36903e-09,1,0
0.0061384,-0.108003,0.107756,-0.216277,3.83188,-17594.7,-1,4.03626e-10,1,0
0.00613917,-0.107859,0.107703,-0.217156,3.83189,-17569,-1,4.03626e-10,1,0
0.00614038,-0.107055,0.107394,-0.218089,3.83275,-17434.6,-1,1.44055e-09,1,0
0.00614204,-0.106194,0.106707,-0.219205,3.83438,-17289.7,-1,2.15408e-09,1,0
0.00614368,-0.107336,0.105836,-0.219675,3.83583,-17471,-1,1.00701e-09,1,0
0.0061447,-0.106659,0.10534,-0.219119,3.83464,-17357.9,-1,2.99104e-10,1,0
0.00614568,-0.105704,0.105025,-0.218605,3.83548,-17199.7,-1,2.02021e-09,1,0
0.00614644,-0.105864,0.105171,-0.219398,3.83555,-17223.6,-1,3.23265e-10,1,0
0.00614765,-0.106144,0.105607,-0.219519,3.83033,-17265.9,-1,3.56863e-10,1,0
0.0061493,-0.104603,0.105563,-0.219195,3.83001,-17010.5,-1,3.78554e-10,1,0
0.00615039,-0.104804,0.105072,-0.219616,3.8277,-17040.3,-1,9.5817e-10,1,0
0.00615087,-0.104582,0.105412,-0.219331,3.82887,-17002.9,-1,2.31492e-10,1,0
0.00615119,-0.104629,0.105429,-0.219303,3.82986,-17009.6,-1,1.78606e-10,1,0
0.00615197,-0.105335,0.105314,-0.218876,3.83253,-17122.1,-1,8.56207e-10,1,0
0.00615244,-0.104898,0.105069,-0.218675,3.83062,-17049.8,-1,5.91185e-10,1,0
0.00615389,-0.104179,0.106101,-0.218175,3.83064,-16928.9,-1,1.29236e-09,1,0
0.00615472,-0.103773,0.105568,-0.217917,3.82964,-16860.7,-1,4.96327e-10,1,0
0.00615504,-0.103692,0.105626,-0.217931,3.83164,-16846.7,-1,1.17717e-10,1,0
0.00615649,-0.102648,0.106477,-0.218058,3.83255,-16673.1,-1,8.8726e-10,1,0
0.00615717,-0.102598,0.106957,-0.217647,3.83307,-16663.1,-1,3.35429e-10,1,0
0.0061587,-0.104208,0.106926,-0.216899,3.83334,-16920.5,-1,1.8606e-09,1,0
0.00615929,-0.104247,0.106346,-0.216871,3.83223,-16925.2,-1,6.02209e-10,1,0
0.0061596,-0.104517,0.106352,-0.21703,3.83417,-16968.2,-1,3.09844e-10,1,0
0.00616114,-0.104495,0.104748,-0.216336,3.83432,-16960.3,-1,1.6067e-09,1,0
0.00616144,-0.1045,0.104544,-0.216419,3.83182,-16960.3,-1,4.73097e-11,1,0
0.00616381,-0.105903,0.106897,-0.216098,3.83101,-17181.5,-1,2.78676e-09,1,0
0.0061645,-0.10545,0.107372,-0.216524,3.832,-17106,-1,7.81145e-10,1,0
0.00616645,-0.105482,0.107495,-0.216707,3.83319,-17105.8,-1,1.22964e-10,1,0
0.00616702,-0.105876,0.107709,-0.216785,3.83171,-17168.1,-1,4.91054e-10,1,0
0.00616801,-0.105807,0.107679,-0.217933,3.83179,-17154.1,-1,1.15094e-09,1,0
0.00616963,-0.105333,0.108546,-0.219523,3.83052,-17072.9,-1,1.87128e-09,1,0
0.00617019,-0.105455,0.109067,-0.219403,3.8286,-17091.1,-1,6.17579e-11,1,0
0.00617077,-0.105024,0.109114,-0.219329,3.82931,-17019.6,-1,1.99682e-10,1,0
0.00617167,-0.104986,0.108829,-0.218529,3.83126,-17010.9,-1,7.12686e-10,1,0
0.00617255,-0.105242,0.108487,-0.217635,3.83056,-17050,-1,1.68161e-09,1,0
0.00617349,-0.105718,0.107671,-0.217085,3.82854,-17124.5,-1,1.24521e-09,1,0
0.006175,-0.106433,0.107315,-0.218267,3.82763,-17236.1,-1,1.45393e-09,1,0
0.0061764,-0.107082,0.107295,-0.217728,3.82618,-17337.3,-1,4.80478e-10,1,0
0.00617762,-0.107758,0.106627,-0.216806,3.82609,-17443.3,-1,1.35994e-09,1,0
0.00617868,-0.107815,0.10675,-0.216853,3.82441,-17449.5,-1,1.76823e-09,1,0
0.00618005,-0.107339,0.1079,-0.217858,3.82394,-17368.5,-1,2.26064e-09,1,0
0.00618125,-0.107688,0.107558,-0.218995,3.82281,-17421.7,-1,1.43218e-10,1,0
0.00618269,-0.108754,0.108358,-0.218819,3.81981,-17590.1,-1,1.39388e-09,1,0
0.00618352,-0.108891,0.10754,-0.218967,3.82052,-17609.8,-1,4.91085e-10,1,0
0.00618523,-0.108803,0.106948,-0.21973,3.81976,-17590.8,-1,1.52578e-10,1,0
0.00618748,-0.109207,0.107419,-0.221402,3.82169,-17649.7,-1,2.37984e-09,1,0
0.00618936,-0.108467,0.106682,-0.220726,3.82104,-17524.8,-1,1.29256e-09,1,0
0.00619017,-0.10911,0.106959,-0.220115,3.82081,-17626.3,-1,7.2984e-10,1,0
0.00619055,-0.108691,0.107093,-0.220033,3.82076,-17557.5,-1,4.10928e-10,1,0
0.00619138,-0.108247,0.10707,-0.220508,3.82034,-17483.6,-1,2.52665e-10,1,0
0.00619182,-0.108458,0.107226,-0.220798,3.82129,-17516.3,-1,3.30681e-10,1,0
0.00619311,-0.107159,0.106856,-0.220167,3.82135,-17303,-1,3.30681e-10,1,0
0.00619456,-0.106823,0.105926,-0.219164,3.81843,-17244.7,-1,1.10534e-09,1,0
0.00619502,-0.106903,0.105771,-0.219525,3.81925,-17256.3,-1,7.00461e-11,1,0
0.00619577,-0.10688,0.105359,-0.219806,3.82233,-17250.5,-1,1.24437e-10,1,0
0.00619672,-0.106787,0.105215,-0.219423,3.8187,-17232.9,-1,5.91379e-10,1,0
0.00619739,-0.106408,0.105618,-0.21996,3.81754,-17169.9,-1,7.69843e-10,1,0
0.00619798,-0.105802,0.105898,-0.220122,3.81851,-17070.4,-1,6.87487e-10,1,0
0.0061992,-0.106064,0.105176,-0.219926,3.81973,-17109.4,-1,1.09345e-09,1,0
0.00620013,-0.105666,0.105405,-0.220434,3.82192,-17042.6,-1,2.87375e-10,1,0
0.00620096,-0.106498,0.105752,-0.220306,3.82076,-17174.5,-1,9.05538e-10,1,0
0.00620241,-0.10724,0.106949,-0.219467,3.81811,-17290,-1,1.57621e-09,1,0
0.00620316,-0.107195,0.106686,-0.219588,3.81773,-17280.7,-1,5.07797e-10,1,0
0.00620511,-0.109054,0.105524,-0.219121,3.81813,-17574.9,-1,2.36255e-10,1,0
0.00620651,-0.110014,0.105099,-0.218241,3.8193,-17725.6,-1,7.65908e-10,1,0
0.00620809,-0.109621,0.105823,-0.219868,3.81932,-17657.8,-1,7.65908e-10,1,0
0.00620924,-0.109247,0.106415,-0.220948,3.81844,-17594.3,-1,2.09855e-10,1,0
0.00621018,-0.110194,0.106937,-0.221081,3.81839,-17744.2,-1,2.09855e-10,1,0
0.00621099,-0.11101,0.107387,-0.221196,3.81749,-17873.2,-1,2.02856e-09,1,0
0.00621281,-0.11226,0.107105,-0.222393,3.81724,-18069.1,-1,2.25201e-10,1,0
0.00621358,-0.112865,0.106452,-0.222409,3.81721,-18164.3,-1,2.25201e-10,1,0
0.00621555,-0.114248,0.10492,-0.222524,3.81697,-18380.9,-1,1.27349e-10,1,0
0.00621587,-0.114274,0.104978,-0.222456,3.8191,-18384.2,-1,1.81001e-10,1,0
0.00621755,-0.113991,0.105171,-0.222571,3.82401,-18333.8,-1,9.00436e-10,1,0
0.00621853,-0.114058,0.10585,-0.222309,3.82271,-18341.6,-1,2.17804e-10,1,0
0.00621967,-0.114296,0.105526,-0.221207,3.82147,-18376.5,-1,1.85278e-10,1,0
0.00622073,-0.114558,0.105376,-0.220012,3.81822,-18415.5,-1,2.37304e-09,1,0
0.00622186,-0.113574,0.105442,-0.220691,3.81607,-18254.1,-1,6.16614e-11,1,0
0.00622264,-0.113664,0.105135,-0.221533,3.81659,-18266.2,-1,9.01246e-10,1,0
0.0062231,-0.113727,0.105111,-0.222059,3.81659,-18275,-1,9.01246e-10,1,0
0.00622405,-0.114006,0.104404,-0.222804,3.81596,-18317.1,-1,1.06281e-09,1,0
0.00622498,-0.113906,0.103943,-0.22194,3.81324,-18298.2,-1,8.94304e-10,1,0
0.00622539,-0.113862,0.104376,-0.22175,3.81324,-18289.9,-1,8.94304e-10,1,0
0.00622616,-0.113779,0.105182,-0.221395,3.81325,-18274.4,-1,8.94304e-10,1,0
0.00622659,-0.113689,0.105433,-0.221778,3.81208,-18258.6,-1,4.55266e-10,1,0
0.00622702,-0.113992,0.105557,-0.222106,3.81441,-18306,-1,2.8595e-10,1,0
0.00622792,-0.114267,0.106554,-0.222092,3.81424,-18347.5,-1,2.72001e-10,1,0
0.00622834,-0.113869,0.106644,-0.222266,3.81467,-18282.5,-1,1.25168e-10,1,0
0.00622965,-0.112698,0.106924,-0.223192,3.81339,-18090.5,-1,1.88907e-09,1,0
0.0062299,-0.112961,0.106984,-0.223154,3.81354,-18132,-1,2.61093e-10,1,0
0.00623061,-0.11355,0.106713,-0.223661,3.81348,-18224.6,-1,8.46968e-10,1,0
0.00623145,-0.113633,0.106073,-0.223582,3.81165,-18235.4,-1,4.76557e-10,1,0
0.00623272,-0.113863,0.104963,-0.224522,3.81207,-18268.6,-1,1.96633e-09,1,0
0.00623382,-0.113071,0.104986,-0.225228,3.81044,-18138.3,-1,3.39603e-10,1,0
0.00623596,-0.111596,0.104747,-0.227132,3.81053,-17895.6,-1,7.28428e-10,1,0
0.00623754,-0.110121,0.105231,-0.227812,3.80839,-17654.6,-1,1.30142e-09,1,0
0.0062387,-0.108911,0.105326,-0.227549,3.80743,-17457.3,-1,1.71536e-10,1,0
0.00623972,-0.109577,0.104474,-0.228025,3.80761,-17561.1,-1,1.2226e-09,1,0
0.00624072,-0.109718,0.10511,-0.227367,3.80537,-17581,-1,1.01127e-09,1,0
0.00624229,-0.10959,0.104205,-0.226718,3.80693,-17556,-1,6.89865e-10,1,0
0.00624432,-0.107622,0.104792,-0.227803,3.80691,-17235.1,-1,3.21826e-10,1,0
0.00624555,-0.106786,0.103653,-0.227905,3.80673,-17097.9,-1,1.41656e-09,1,0
0.00624642,-0.105861,0.103506,-0.227657,3.80701,-16947.4,-1,5.58508e-11,1,0
0.00624736,-0.104808,0.103369,-0.227433,3.8073,-16776.4,-1,2.04386e-09,1,0
0.0062478,-0.104461,0.103057,-0.227386,3.80668,-16719.7,-1,3.5526e-11,1,0
0.00624887,-0.103857,0.103888,-0.226823,3.80375,-16620.2,-1,3.01359e-10,1,0
0.00625025,-0.104924,0.104282,-0.227281,3.805,-16787.1,-1,1.36784e-09,1,0
0.00625073,-0.104878,0.104642,-0.227567,3.80321,-16778.6,-1,4.5873e-10,1,0
0.00625179,-0.104087,0.105589,-0.227589,3.80325,-16649.2,-1,4.5873e-10,1,0
0.00625266,-0.103683,0.105443,-0.227366,3.80514,-16582.2,-1,5.54066e-10,1,0
0.00625298,-0.10375,0.105586,-0.227696,3.80514,-16592.1,-1,5.54066e-10,1,0
0.00625402,-0.103907,0.10604,-0.22877,3.80532,-16614.5,-1,1.50954e-09,1,0
0.00625505,-0.104587,0.106577,-0.228991,3.8055,-16720.5,-1,2.7023e-10,1,0
0.00625592,-0.105178,0.107022,-0.22906,3.80573,-16812.5,-1,1.8545e-09,1,0
0.00625671,-0.10484,0.107194,-0.229484,3.80505,-16756.4,-1,5.56089e-10,1,0
0.00625766,-0.105288,0.107587,-0.230189,3.80502,-16825.4,-1,1.23657e-09,1,0
0.00625902,-0.106783,0.108034,-0.230355,3.80593,-17060.7,-1,1.93203e-09,1,0
0.00626027,-0.106408,0.106676,-0.230041,3.80843,-16997.3,-1,1.44313e-09,1,0
0.00626093,-0.10662,0.107365,-0.230262,3.80842,-17029.5,-1,1.44313e-09,1,0
0.00626154,-0.106912,0.107755,-0.23027,3.81086,-17074.5,-1,2.1483e-10,1,0
0.00626306,-0.10733,0.109012,-0.22911,3.81084,-17136.9,-1,2.1483e-10,1,0
0.0062641,-0.107717,0.109281,-0.228844,3.81135,-17195.8,-1,2.53945e-09,1,0
0.00626509,-0.108259,0.108514,-0.229506,3.81132,-17279.7,-1,2.53945e-09,1,0
0.0062661,-0.108839,0.108032,-0.230237,3.80604,-17369.5,-1,3.10297e-10,1,0
0.00626702,-0.109326,0.107923,-0.229865,3.80673,-17444.7,-1,8.0525e-10,1,0
0.00626877,-0.110042,0.107732,-0.229347,3.80663,-17554,-1,1.4293e-09,1,0
0.00626959,-0.109959,0.108056,-0.230238,3.80549,-17538.5,-1,9.50875e-10,1,0
0.00627095,-0.111112,0.10815,-0.229654,3.80496,-17718.6,-1,1.27222e-09,1,0
0.00627139,-0.111127,0.107758,-0.229355,3.80548,-17719.7,-1,7.88591e-10,1,0
0.0062724,-0.112084,0.107705,-0.228758,3.80541,-17869.4,-1,9.9335e-10,1,0
0.0062731,-0.11137,0.107717,-0.228784,3.80462,-17753.5,-1,4.6917e-10,1,0
0.00627359,-0.111518,0.107296,-0.229051,3.80454,-17775.7,-1,3.59269e-10,1,0
0.00627432,-0.112015,0.106812,-0.229199,3.80244,-17853,-1,2.08624e-10,1,0
0.00627468,-0.112347,0.106947,-0.229042,3.80235,-17904.8,-1,3.8561e-10,1,0
0.00627543,-0.112584,0.10753,-0.229642,3.80381,-17940.5,-1,9.0328e-10,1,0
0.00627679,-0.113621,0.106619,-0.228879,3.80376,-18101.8,-1,9.0328e-10,1,0
0.00627787,-0.113889,0.10631,-0.229242,3.80569,-18141.3,-1,5.00724e-10,1,0
0.00627854,-0.11321,0.106282,-0.229603,3.80567,-18031.3,-1,1.08407e-09,1,0
0.00627958,-0.113891,0.105658,-0.229601,3.80665,-18136.6,-1,5.6192e-10,1,0
0.00628107,-0.113405,0.105807,-0.230833,3.80464,-18055.1,-1,5.40002e-10,1,0
0.00628315,-0.112137,0.106166,-0.228913,3.80578,-17847.2,-1,7.84812e-10,1,0
0.00628383,-0.111729,0.106043,-0.228553,3.80656,-17780.4,-1,2.08705e-09,1,0
0.00628434,-0.111397,0.105587,-0.228444,3.80647,-17726.1,-1,3.08992e-10,1,0
0.0062853,-0.110853,0.10556,-0.227746,3.80518,-17636.9,-1,5.33044e-10,1,0
0.00628697,-0.110791,0.106129,-0.22735,3.80509,-17622.3,-1,1.10721e-09,1,0
0.00628814,-0.111344,0.106689,-0.226247,3.80559,-17707,-1,1.35557e-09,1,0
0.00628871,-0.110903,0.107165,-0.226293,3.80554,-17635.2,-1,5.41101e-10,1,0
0.00629059,-0.11212,0.107357,-0.225921,3.80055,-17823.5,-1,1.15753e-09,1,0
0.00629109,-0.111743,0.107566,-0.225957,3.80247,-17762.1,-1,2.38693e-10,1,0
0.00629184,-0.11177,0.107529,-0.226013,3.80356,-17764.2,-1,2.21864e-10,1,0
0.00629251,-0.111396,0.106865,-0.225909,3.80307,-17702.9,-1,1.10409e-09,1,0
0.0062937,-0.112205,0.107422,-0.226318,3.7991,-17828.2,-1,4.26344e-10,1,0
0.0062945,-0.112841,0.108012,-0.226618,3.79951,-17926.9,-1,9.62434e-10,1,0
0.00629564,-0.113912,0.107239,-0.226557,3.79837,-18093.8,-1,1.32205e-09,1,0
0.00629666,-0.113542,0.108301,-0.226187,3.79838,-18032.1,-1,1.32205e-09,1,0
0.00629711,-0.113382,0.108761,-0.226026,3.80069,-18005.4,-1,1.6968e-09,1,0
0.00629915,-0.111597,0.107805,-0.224906,3.80286,-17716.2,-1,1.42206e-09,1,0
0.00629974,-0.111895,0.107662,-0.224357,3.80093,-17761.9,-1,3.81616e-10,1,0
0.00630114,-0.112662,0.108269,-0.225052,3.7985,-17879.7,-1,7.03506e-11,1,0
0.00630164,-0.112731,0.107896,-0.225495,3.79849,-17889.1,-1,7.03506e-11,1,0
0.00630266,-0.112869,0.107145,-0.226387,3.79789,-17908.1,-1,1.75795e-09,1,0
0.00630426,-0.112879,0.106817,-0.22707,3.79669,-17905.2,-1,7.96986e-10,1,0
0.0063058,-0.112625,0.107886,-0.226574,3.79553,-17860.5,-1,1.06433e-09,1,0
0.00630662,-0.113321,0.107892,-0.226316,3.79705,-17968.7,-1,2.61543e-10,1,0
0.00630782,-0.113572,0.109054,-0.226537,3.79704,-18005,-1,9.78977e-10,1,0
0.00630827,-0.113563,0.109554,-0.226676,3.79803,-18002.3,-1,3.59049e-12,1,0
0.00630878,-0.113923,0.109739,-0.226266,3.79817,-18057.9,-1,3.147e-11,1,0
0.00630978,-0.114519,0.110044,-0.226016,3.79978,-18149.4,-1,3.51575e-10,1,0
0.00631102,-0.115298,0.109231,-0.225126,3.79967,-18269.3,-1,1.43566e-09,1,0
0.00631177,-0.115195,0.109759,-0.225204,3.80325,-18250.8,-1,2.31723e-10,1,0
0.00631254,-0.115352,0.110244,-0.225116,3.80247,-18273.5,-1,2.71638e-10,1,0
0.00631448,-0.114649,0.110595,-0.223891,3.80262,-18156.5,-1,1.34514e-09,1,0
0.00631517,-0.114917,0.110237,-0.223229,3.80261,-18196.9,-1,1.34514e-09,1,0
0.00631538,-0.114911,0.110363,-0.223224,3.80156,-18195.4,-1,1.213e-10,1,0
0.00631582,-0.114908,0.110643,-0.223645,3.80324,-18193.6,-1,5.69234e-10,1,0
0.00631756,-0.116176,0.110116,-0.225011,3.80236,-18389.4,-1,1.52135e-09,1,0
0.006319,-0.115661,0.11134,-0.225682,3.80187,-18303.7,-1,6.33117e-10,1,0
0.0063201,-0.115801,0.111501,-0.226308,3.80052,-18322.7,-1,6.48052e-10,1,0
0.00632072,-0.11548,0.111021,-0.226139,3.7998,-18270,-1,1.30052e-10,1,0
0.00632178,-0.115158,0.110269,-0.225789,3.80536,-18216.1,-1,8.12213e-11,1,0
0.0063222,-0.114981,0.110285,-0.225489,3.80325,-18186.8,-1,4.01237e-10,1,0
0.00632253,-0.115291,0.110284,-0.225284,3.80431,-18234.9,-1,3.56176e-10,1,0
0.00632297,-0.114994,0.110577,-0.225132,3.80461,-18186.7,-1,3.65258e-10,1,0
0.00632444,-0.115053,0.111618,-0.224222,3.80463,-18191.8,-1,5.17165e-10,1,0
0.00632539,-0.115201,0.112505,-0.224154,3.80562,-18212.4,-1,1.97129e-09,1,0
0.00632742,-0.116359,0.112832,-0.226121,3.8058,-18389.6,-1,5.48994e-10,1,0
0.00632794,-0.116671,0.112899,-0.226631,3.80579,-18437.4,-1,5.48994e-10,1,0
0.00632871,-0.117106,0.113005,-0.227386,3.8066,-18504,-1,3.72161e-09,1,0
0.00633038,-0.117365,0.114361,-0.228098,3.80823,-18539.9,-1,6.64487e-10,1,0
0.00633238,-0.118711,0.114106,-0.227881,3.80883,-18746.7,-1,1.41053e-09,1,0
0.00633299,-0.119123,0.113864,-0.227531,3.80826,-18810,-1,6.39961e-11,1,0
0.00633552,-0.118164,0.11412,-0.230262,3.80844,-18651,-1,1.6376e-09,1,0
0.00633723,-0.119124,0.114256,-0.229268,3.80973,-18797.4,-1,8.68906e-10,1,0
0.00633888,-0.120523,0.113482,-0.228223,3.80966,-19013.4,-1,8.68906e-10,1,0
0.00633987,-0.121363,0.113018,-0.227596,3.80962,-19142.8,-1,8.68906e-10,1,0
0.00634176,-0.122964,0.112133,-0.226401,3.81009,-19389.6,-1,4.91018e-09,1,0
0.00634346,-0.12447,0.111479,-0.225548,3.81124,-19621.9,-1,4.36641e-10,1,0
0.0063447,-0.125213,0.112247,-0.224577,3.81106,-19735,-1,1.43842e-09,1,0
0.00634648,-0.126015,0.112962,-0.226092,3.8091,-19855.9,-1,1.85667e-09,1,0
0.00634768,-0.126785,0.112471,-0.225917,3.80895,-19973.4,-1,1.04865e-09,1,0
0.00634907,-0.12779,0.11307,-0.225007,3.80905,-20127.4,-1,2.06894e-09,1,0
0.00635006,-0.12733,0.112636,-0.224338,3.80949,-20051.8,-1,2.36802e-10,1,0
0.00635079,-0.126897,0.112343,-0.223672,3.80951,-19981.2,-1,2.36802e-10,1,0
0.00635163,-0.127521,0.112421,-0.223956,3.80987,-20076.9,-1,8.19546e-10,1,0
0.00635321,-0.128522,0.113884,-0.223493,3.80982,-20229.4,-1,8.19546e-10,1,0
0.00635393,-0.128974,0.114545,-0.223284,3.80992,-20298.3,-1,2.65915e-09,1,0
0.00635463,-0.128506,0.114836,-0.223888,3.80938,-20222.4,-1,8.17177e-10,1,0
0.00635676,-0.126413,0.114608,-0.224145,3.81021,-19886.5,-1,1.908e-09,1,0
0.00635729,-0.126701,0.114898,-0.224297,3.81358,-19930,-1,1.70436e-10,1,0
0.0063575,-0.126505,0.114993,-0.224258,3.81363,-19898.6,-1,4.89418e-11,1,0
0.00635861,-0.126966,0.115126,-0.224166,3.81263,-19967.5,-1,7.1118e-10,1,0
0.00635914,-0.126779,0.11475,-0.224624,3.81518,-19936.6,-1,6.2115e-10,1,0
0.00636017,-0.127446,0.115281,-0.224143,3.81306,-20038.2,-1,1.48209e-10,1,0
0.00636127,-0.127712,0.115096,-0.225111,3.81261,-20076.5,-1,2.11754e-10,1,0
0.00636213,-0.127428,0.115485,-0.225044,3.81411,-20029.1,-1,1.36246e-09,1,0
0.00636318,-0.128001,0.114853,-0.225263,3.81452,-20115.8,-1,8.7637e-10,1,0
0.00636357,-0.127954,0.1147,-0.225286,3.81455,-20107.2,-1,8.4932e-11,1,0
0.00636472,-0.127286,0.114618,-0.225549,3.81244,-19998.8,-1,8.66699e-10,1,0
0.00636647,-0.12698,0.115249,-0.227449,3.81246,-19945.1,-1,8.66699e-10,1,0
0.00636771,-0.126616,0.114818,-0.228528,3.81165,-19884.1,-1,8.53969e-10,1,0
0.00636871,-0.126498,0.114708,-0.228953,3.81285,-19862.4,-1,6.56861e-11,1,0
0.00636953,-0.125667,0.114305,-0.229138,3.8129,-19729.4,-1,6.56861e-11,1,0
0.0063702,-0.124979,0.113971,-0.229291,3.81422,-19619.3,-1,1.72209e-09,1,0
0.00637082,-0.124637,0.114409,-0.229338,3.81526,-19563.7,-1,5.3019e-11,1,0
0.00637277,-0.124885,0.115351,-0.227303,3.81525,-19596.7,-1,5.3019e-11,1,0
0.00637492,-0.124917,0.117041,-0.225482,3.81505,-19595.1,-1,2.39477e-09,1,0
0.0063766,-0.125071,0.118346,-0.224066,3.81428,-19614,-1,3.9896e-10,1,0
0.00637748,-0.12579,0.118963,-0.223699,3.81424,-19724.1,-1,3.9896e-10,1,0
0.00637882,-0.125208,0.119877,-0.223058,3.81356,-19628.7,-1,1.2023e-09,1,0
0.00638021,-0.123737,0.119764,-0.223211,3.8158,-19394,-1,1.48091e-09,1,0
0.00638175,-0.123598,0.120288,-0.222035,3.81624,-19367.4,-1,1.16597e-09,1,0
0.00638315,-0.122477,0.121035,-0.222838,3.81633,-19187.5,-1,1.32188e-09,1,0
0.00638478,-0.121788,0.122703,-0.223365,3.81637,-19074.8,-1,1.32188e-09,1,0
0.00638498,-0.121668,0.122881,-0.223382,3.81696,-19055.4,-1,2.35577e-09,1,0
0.00638658,-0.120177,0.12368,-0.222639,3.81537,-18817.1,-1,1.92231e-09,1,0
0.0063884,-0.120772,0.124576,-0.222188,3.81323,-18904.9,-1,5.99723e-10,1,0
0.00638945,-0.121659,0.12537,-0.221939,3.81318,-19040.6,-1,5.99723e-10,1,0
0.00638996,-0.122089,0.125755,-0.221818,3.81254,-19106.4,-1,3.09869e-09,1,0
0.00639056,-0.121842,0.126072,-0.221725,3.8131,-19065.9,-1,3.02894e-10,1,0
0.00639156,-0.121419,0.126523,-0.220771,3.81187,-18996.8,-1,1.54045e-09,1,0
0.00639194,-0.121758,0.126319,-0.220964,3.81165,-19048.7,-1,4.97539e-11,1,0
0.00639247,-0.121708,0.126675,-0.221217,3.81146,-19039.4,-1,2.14738e-10,1,0
0.00639323,-0.120919,0.12669,-0.220884,3.81014,-18913.6,-1,5.78363e-11,1,0
0.00639468,-0.11935,0.126641,-0.22029,3.81022,-18663.9,-1,5.78363e-11,1,0
0.00639629,-0.117608,0.126587,-0.219632,3.81031,-18387,-1,5.78363e-11,1,0
0.00639749,-0.116303,0.126547,-0.219138,3.81037,-18179.5,-1,5.78363e-11,1,0
0.00639887,-0.116187,0.1267,-0.220278,3.80978,-18157.5,-1,1.13129e-09,1,0
0.00640002,-0.116764,0.125869,-0.219945,3.81208,-18244.3,-1,1.73242e-10,1,0
0.00640039,-0.116953,0.125561,-0.219988,3.80974,-18272.8,-1,1.70542e-10,1,0
0.00640078,-0.117044,0.125739,-0.220171,3.80935,-18285.8,-1,1.70113e-10,1,0
0.00640132,-0.11648,0.125945,-0.220157,3.80889,-18196.2,-1,4.73239e-10,1,0
0.00640181,-0.116067,0.126173,-0.219837,3.80824,-18130.3,-1,6.40792e-10,1,0
0.0064031,-0.117352,0.126728,-0.220057,3.80728,-18327.3,-1,1.75818e-10,1,0
0.00640444,-0.117769,0.128134,-0.21973,3.80484,-18388.6,-1,1.48116e-09,1,0
0.00640588,-0.116273,0.12775,-0.220145,3.80561,-18151,-1,3.83486e-10,1,0
0.0064065,-0.116233,0.12733,-0.22063,3.80592,-18143,-1,2.69549e-11,1,0
0.00640758,-0.11716,0.127461,-0.220475,3.80592,-18284.6,-1,6.32858e-10,1,0
0.0064082,-0.117633,0.127573,-0.219938,3.8059,-18356.6,-1,6.32858e-10,1,0
0.00640892,-0.117495,0.127805,-0.220486,3.80581,-18333,-1,5.59993e-10,1,0
0.00640952,-0.116872,0.127814,-0.220521,3.80482,-18234,-1,2.42666e-10,1,0
0.00640987,-0.116925,0.127658,-0.220643,3.80436,-18241.3,-1,2.31884e-10,1,0
0.00641091,-0.117156,0.126958,-0.219689,3.8027,-18274.5,-1,1.20548e-09,1,0
0.0064114,-0.117558,0.126834,-0.219885,3.79952,-18335.8,-1,4.30849e-10,1,0
0.00641223,-0.117939,0.127212,-0.220417,3.79819,-18392.8,-1,2.17093e-10,1,0
0.00641372,-0.118992,0.12849,-0.220614,3.79863,-18552.7,-1,9.53523e-10,1,0
0.00641435,-0.119365,0.128906,-0.220459,3.79522,-18609.1,-1,3.78121e-10,1,0
0.00641494,-0.119556,0.128565,-0.220577,3.79497,-18637.2,-1,3.17249e-10,1,0
0.00641648,-0.121181,0.128281,-0.221242,3.79538,-18885.9,-1,2.14427e-09,1,0
0.00641837,-0.12225,0.127738,-0.222269,3.79715,-19046.8,-1,8.61701e-10,1,0
0.00641953,-0.121791,0.127707,-0.222465,3.79718,-18972,-1,5.09682e-10,1,0
0.00642135,-0.120431,0.128578,-0.223806,3.79725,-18754.7,-1,5.09682e-10,1,0
0.00642269,-0.119366,0.12916,-0.22476,3.79525,-18585,-1,3.31643e-10,1,0
0.00642404,-0.119759,0.127891,-0.225313,3.7952,-18642.3,-1,1.46005e-09,1,0
0.00642525,-0.119339,0.126941,-0.226026,3.7943,-18573.4,-1,2.6147e-10,1,0
0.0064279,-0.118545,0.126541,-0.2274,3.79462,-18442.3,-1,3.04502e-09,1,0
0.00642816,-0.118441,0.126736,-0.227522,3.79193,-18425.3,-1,6.18155e-11,1,0
0.00642825,-0.118446,0.126684,-0.227448,3.7936,-18425.9,-1,3.96049e-11,1,0
0.00643039,-0.118108,0.124236,-0.22743,3.7927,-18367.1,-1,2.47094e-09,1,0
0.00643148,-0.117516,0.123958,-0.227733,3.79399,-18272,-1,2.76663e-10,1,0
0.00643222,-0.116894,0.123375,-0.227601,3.79668,-18173.2,-1,9.29584e-10,1,0
0.0064338,-0.117185,0.123692,-0.22677,3.79285,-18214,-1,4.48483e-10,1,0
0.00643478,-0.117384,0.122929,-0.226262,3.79317,-18242,-1,6.62447e-10,1,0
0.00643523,-0.116979,0.122838,-0.226355,3.79057,-18177.9,-1,2.23474e-10,1,0
0.00643637,-0.117553,0.122777,-0.225188,3.79278,-18263.8,-1,1.29431e-09,1,0
0.00643826,-0.118899,0.124317,-0.225957,3.79236,-18467.5,-1,2.18504e-09,1,0
0.00643976,-0.11889,0.125575,-0.226257,3.79237,-18461.8,-1,8.15993e-10,1,0
0.00644009,-0.118861,0.125788,-0.226265,3.79156,-18456.5,-1,1.79973e-11,1,0
0.00644088,-0.118458,0.125912,-0.225461,3.79158,-18391.6,-1,1.79973e-11,1,0
0.00644187,-0.11807,0.126231,-0.225341,3.79274,-18328.6,-1,4.52482e-10,1,0
0.00644253,-0.118045,0.125823,-0.225583,3.79217,-18322.8,-1,2.82954e-10,1,0
0.00644355,-0.118249,0.126753,-0.226282,3.79132,-18351.5,-1,1.18175e-09,1,0
0.00644407,-0.118277,0.126684,-0.226229,3.78934,-18354.4,-1,2.76177e-10,1,0
0.00644563,-0.118368,0.127333,-0.226868,3.78636,-18364.1,-1,9.34835e-10,1,0
0.0064464,-0.118243,0.127523,-0.227395,3.78578,-18342.6,-1,6.45024e-10,1,0
0.00644665,-0.118338,0.12747,-0.227627,3.78681,-18356.6,-1,1.05472e-10,1,0
0.00644717,-0.118422,0.127599,-0.227629,3.78679,-18368.1,-1,2.8855e-10,1,0
0.00644858,-0.117961,0.127342,-0.226083,3.78752,-18292.6,-1,1.8815e-09,1,0
0.00644963,-0.117967,0.127115,-0.226326,3.78569,-18290.5,-1,5.12821e-10,1,0
0.0064502,-0.118448,0.127471,-0.226089,3.78513,-18363.5,-1,3.05423e-10,1,0
0.00645141,-0.118373,0.127656,-0.226399,3.78414,-18348.4,-1,6.99391e-10,1,0
0.00645285,-0.117494,0.126281,-0.226111,3.78418,-18208,-1,6.99391e-10,1,0
0.0064549,-0.116464,0.124606,-0.225808,3.78417,-18042.8,-1,1.07224e-09,1,0
0.00645594,-0.116851,0.124905,-0.226786,3.78393,-18099.8,-1,1.61509e-10,1,0
0.00645674,-0.116969,0.125091,-0.227673,3.78515,-18115.8,-1,7.46169e-10,1,0
0.00645748,-0.117332,0.12458,-0.227812,3.78487,-18169.9,-1,4.02169e-10,1,0
0.00645815,-0.117091,0.124121,-0.228055,3.78424,-18130.7,-1,6.82321e-10,1,0
0.00645832,-0.116951,0.123984,-0.228082,3.78425,-18108.6,-1,6.82321e-10,1,0
0.00645858,-0.11695,0.124011,-0.227873,3.78398,-18107.7,-1,2.19705e-10,1,0
0.00645916,-0.116497,0.124084,-0.22738,3.78464,-18035.9,-1,6.95079e-10,1,0
0.00646064,-0.117509,0.124636,-0.227827,3.78383,-18188.5,-1,7.36931e-10,1,0
0.00646116,-0.117287,0.124999,-0.227646,3.78384,-18152.7,-1,3.79541e-10,1,0
0.00646196,-0.116762,0.125644,-0.227257,3.78468,-18069.1,-1,1.43474e-09,1,0
0.00646348,-0.115639,0.124414,-0.226679,3.78473,-17891.1,-1,1.43474e-09,1,0
0.0064647,-0.114698,0.12355,-0.226477,3.78589,-17742.2,-1,2.98243e-10,1,0
0.00646527,-0.114569,0.122963,-0.22672,3.78563,-17720.7,-1,4.29006e-10,1,0
0.00646701,-0.114521,0.121201,-0.227623,3.78623,-17708.4,-1,1.20152e-09,1,0
0.00646722,-0.114651,0.12122,-0.227596,3.78295,-17728.1,-1,1.43426e-10,1,0
0.00646856,-0.115772,0.120204,-0.22727,3.78333,-17897.7,-1,1.58316e-09,1,0
0.00646893,-0.115908,0.119853,-0.227465,3.78332,-17917.6,-1,1.58316e-09,1,0
0.00647034,-0.116451,0.119022,-0.228298,3.78408,-17997.7,-1,3.06823e-10,1,0
0.00647078,-0.116211,0.119082,-0.228677,3.78561,-17959.4,-1,1.85067e-10,1,0
0.00647248,-0.115839,0.117992,-0.229858,3.78288,-17897.2,-1,7.69129e-10,1,0
0.00647294,-0.115505,0.117713,-0.229805,3.78405,-17844.3,-1,5.67907e-11,1,0
0.0064739,-0.115403,0.117957,-0.229358,3.78777,-17825.9,-1,5.36533e-10,1,0
0.00647491,-0.115994,0.118913,-0.229637,3.78956,-17914.4,-1,1.15824e-09,1,0
0.00647622,-0.115729,0.119494,-0.229915,3.7921,-17869.9,-1,7.5819e-10,1,0
0.00647694,-0.115266,0.119824,-0.229858,3.79164,-17796.3,-1,1.4628e-10,1,0
0.00647813,-0.114096,0.120173,-0.229961,3.79207,-17612.5,-1,1.02964e-10,1,0
0.00647878,-0.113546,0.120283,-0.229579,3.79383,-17525.8,-1,4.20164e-10,1,0
0.00647929,-0.113035,0.120514,-0.229389,3.79386,-17445.6,-1,4.20164e-10,1,0
0.00648114,-0.11393,0.120592,-0.230714,3.7921,-17578.7,-1,1.2924e-09,1,0
0.00648272,-0.115025,0.120355,-0.230487,3.79226,-17743.4,-1,1.87783e-09,1,0
0.00648472,-0.115896,0.12059,-0.229552,3.78922,-17872.1,-1,1.19208e-09,1,0
0.0064861,-0.115341,0.121217,-0.230169,3.7889,-17782.8,-1,3.98827e-10,1,0
0.00648713,-0.115301,0.121184,-0.231319,3.78724,-17773.9,-1,1.13696e-09,1,0
0.00648802,-0.115614,0.121364,-0.231407,3.78923,-17819.7,-1,6.23245e-10,1,0
0.00648908,-0.11543,0.121865,-0.230306,3.79069,-17788.3,-1,1.37999e-09,1,0
0.00648975,-0.115421,0.12132,-0.230843,3.79091,-17785.1,-1,4.52173e-10,1,0
0.00649093,-0.114727,0.120634,-0.230857,3.79051,-17674.9,-1,9.11715e-10,1,0
0.00649241,-0.114919,0.120047,-0.230849,3.78915,-17700.6,-1,8.43206e-10,1,0
0.00649396,-0.11596,0.119881,-0.2323,3.7891,-17856.6,-1,8.43206e-10,1,0
0.00649461,-0.116416,0.119763,-0.232822,3.78913,-17925,-1,9.59703e-11,1,0
0.00649627,-0.115944,0.121148,-0.233057,3.78794,-17847.8,-1,1.15461e-09,1,0
0.00649768,-0.115148,0.120792,-0.234347,3.78666,-17721.5,-1,5.73829e-10,1,0
0.00649841,-0.115481,0.120547,-0.234735,3.78619,-17770.6,-1,1.39042e-10,1,0
0.00649912,-0.115939,0.119968,-0.235077,3.78701,-17839.1,-1,6.92425e-10,1,0
0.00649965,-0.115967,0.119774,-0.234701,3.78901,-17842.1,-1,3.70198e-10,1,0
0.00649993,-0.115691,0.119683,-0.234558,3.78699,-17798.8,-1,1.42545e-11,1,0
0.0065007,-0.115749,0.119271,-0.234857,3.78641,-17805.6,-1,3.19865e-10,1,0
0.00650223,-0.116571,0.117911,-0.235021,3.78704,-17927.8,-1,4.46493e-10,1,0
0.00650269,-0.116135,0.117818,-0.235316,3.78706,-17859.5,-1,4.46493e-10,1,0
0.0065032,-0.116273,0.117388,-0.235129,3.78814,-17879.4,-1,4.07373e-10,1,0
0.0065045,-0.117255,0.117016,-0.235588,3.78695,-18026.8,-1,7.64856e-10,1,0
0.00650509,-0.1174,0.116654,-0.235057,3.78604,-18047.4,-1,6.06561e-10,1,0
0.00650666,-0.116091,0.115482,-0.234606,3.78721,-17841.8,-1,1.814e-09,1,0
0.00650743,-0.115459,0.115284,-0.234432,3.78749,-17742.7,-1,6.21943e-10,1,0
0.00650823,-0.115134,0.115791,-0.233939,3.78743,-17690.6,-1,4.82617e-10,1,0
0.00650928,-0.114688,0.115513,-0.233325,3.78515,-17619.1,-1,1.88384e-10,1,0
0.00651014,-0.114629,0.114882,-0.233533,3.78727,-17607.8,-1,7.91584e-10,1,0
0.0065112,-0.114004,0.115544,-0.233097,3.78779,-17508.9,-1,5.21096e-10,1,0
0.00651146,-0.114196,0.115433,-0.233153,3.79074,-17537.7,-1,1.4348e-10,1,0
0.00651278,-0.115228,0.114483,-0.232573,3.79025,-17692.7,-1,1.67887e-09,1,0
0.00651323,-0.115056,0.114632,-0.232284,3.79033,-17665,-1,2.60788e-11,1,0
0.00651432,-0.114713,0.114958,-0.232384,3.79272,-17609.3,-1,5.73274e-10,1,0
0.00651552,-0.113972,0.114131,-0.233219,3.79276,-17492.4,-1,5.73274e-10,1,0
0.00651591,-0.113841,0.113847,-0.233462,3.79425,-17471.2,-1,1.08811e-10,1,0
0.0065167,-0.113094,0.113742,-0.23398,3.79428,-17354.5,-1,1.08811e-10,1,0
0.00651815,-0.113111,0.113677,-0.234612,3.7953,-17353.3,-1,7.36958e-10,1,0
0.00651849,-0.11294,0.113647,-0.234861,3.79813,-17326.2,-1,1.43605e-10,1,0
0.00651884,-0.112964,0.113793,-0.234904,3.79928,-17328.9,-1,3.81556e-10,1,0
0.00651896,-0.112951,0.11372,-0.234854,3.79912,-17326.5,-1,7.68226e-11,1,0
0.00652018,-0.112373,0.113072,-0.233918,3.79893,-17234.7,-1,5.68744e-10,1,0
0.0065209,-0.112575,0.113535,-0.233285,3.79931,-17263.7,-1,3.73245e-10,1,0
0.0065228,-0.113254,0.115098,-0.231899,3.79984,-17362.8,-1,2.65599e-09,1,0
0.00652511,-0.114066,0.116036,-0.231904,3.79809,-17481.1,-1,1.56332e-09,1,0
0.00652626,-0.113387,0.11646,-0.231721,3.79551,-17374,-1,3.44599e-10,1,0
0.00652684,-0.113188,0.11654,-0.231541,3.79408,-17341.9,-1,3.91339e-10,1,0
0.00652706,-0.113284,0.11669,-0.231485,3.79431,-17356.1,-1,1.40484e-10,1,0
0.00652765,-0.11389,0.116456,-0.231292,3.79309,-17447.3,-1,6.77501e-10,1,0
0.00652866,-0.114494,0.117136,-0.230783,3.79348,-17537.1,-1,1.24222e-10,1,0
0.00652971,-0.114733,0.118104,-0.230435,3.79396,-17570.9,-1,1.66192e-09,1,0
0.0065303,-0.114592,0.118544,-0.230338,3.79618,-17547.8,-1,5.50854e-10,1,0
0.00653082,-0.114643,0.117986,-0.230193,3.79436,-17554.2,-1,3.99614e-12,1,0
0.00653255,-0.114661,0.116248,-0.229213,3.79615,-17552.2,-1,2.31476e-09,1,0
0.00653323,-0.114867,0.116134,-0.22979,3.79094,-17581.9,-1,1.92279e-10,1,0
0.00653446,-0.114191,0.116512,-0.229431,3.79085,-17475.2,-1,6.89339e-10,1,0
0.00653517,-0.114164,0.116028,-0.228806,3.79049,-17469.2,-1,5.91957e-10,1,0
0.00653556,-0.114466,0.116321,-0.228659,3.79011,-17514.3,-1,4.48176e-10,1,0
0.0065377,-0.112403,0.116722,-0.227355,3.79014,-17193,-1,2.47347e-09,1,0
0.00653831,-0.112026,0.117008,-0.22736,3.79071,-17133.8,-1,2.45885e-10,1,0
0.00653888,-0.112162,0.116834,-0.227087,3.79138,-17153.1,-1,3.43296e-10,1,0
0.00654001,-0.111685,0.115836,-0.226838,3.79133,-17077.2,-1,9.25952e-10,1,0
0.00654117,-0.111111,0.116334,-0.22734,3.78958,-16986.4,-1,4.84113e-10,1,0
0.00654235,-0.110082,0.116937,-0.227075,3.78702,-16826,-1,1.19729e-09,1,0
0.00654275,-0.110045,0.1172,-0.227388,3.78898,-16819.4,-1,6.93523e-11,1,0
0.00654474,-0.110109,0.116757,-0.226513,3.78823,-16824,-1,1.29259e-09,1,0
0.00654676,-0.108011,0.116723,-0.227524,3.78821,-16498.4,-1,2.32884e-09,1,0
0.00654757,-0.107824,0.11664,-0.228008,3.78748,-16467.8,-1,6.72414e-10,1,0
0.00654937,-0.107688,0.116119,-0.227199,3.78843,-16442.4,-1,5.59482e-10,1,0
0.00655138,-0.106597,0.1166,-0.225513,3.78882,-16270.9,-1,9.58358e-10,1,0
0.00655222,-0.106673,0.116865,-0.224953,3.78881,-16280.4,-1,6.31849e-10,1,0
0.00655358,-0.108076,0.116638,-0.224373,3.78654,-16491.2,-1,1.92262e-10,1,0
0.00655459,-0.10757,0.117491,-0.224805,3.78639,-16411.5,-1,1.22268e-10,1,0
0.00655576,-0.107675,0.118632,-0.224306,3.78747,-16424.5,-1,8.35804e-10,1,0
0.00655605,-0.107946,0.118737,-0.22427,3.78767,-16465,-1,1.92532e-10,1,0
0.0065567,-0.108547,0.119103,-0.224426,3.79029,-16555.1,-1,8.15093e-10,1,0
0.00655792,-0.108362,0.120313,-0.223722,3.7929,-16523.8,-1,1.45601e-09,1,0
0.00655872,-0.108015,0.120257,-0.223208,3.79194,-16468.9,-1,1.77076e-10,1,0
0.00655931,-0.107566,0.120708,-0.223443,3.79233,-16399,-1,6.78571e-10,1,0
0.00656004,-0.107793,0.120885,-0.223369,3.79546,-16431.7,-1,5.31303e-10,1,0
0.00656076,-0.107569,0.121399,-0.222955,3.79806,-16395.8,-1,1.09387e-10,1,0
0.00656122,-0.107199,0.121652,-0.222685,3.7972,-16338.2,-1,5.08586e-10,1,0
0.00656292,-0.107406,0.122268,-0.224125,3.79877,-16365.6,-1,9.60461e-10,1,0
0.00656338,-0.107389,0.122756,-0.224316,3.79878,-16361.9,-1,5.24367e-10,1,0
0.00656427,-0.107073,0.123268,-0.225165,3.7988,-16311.5,-1,5.24367e-10,1,0
0.00656495,-0.107052,0.12363,-0.225538,3.79956,-16306.5,-1,1.62472e-09,1,0
0.0065665,-0.106644,0.124528,-0.22475,3.79607,-16240.7,-1,4.99822e-10,1,0
0.00656784,-0.10663,0.123043,-0.224791,3.79799,-16235.2,-1,1.08772e-09,1,0
0.00656807,-0.106629,0.122776,-0.224803,3.79799,-16234.5,-1,1.08772e-09,1,0
0.0065686,-0.106626,0.12216,-0.224832,3.79799,-16232.7,-1,1.08772e-09,1,0
0.00656954,-0.106622,0.121076,-0.224884,3.79799,-16229.7,-1,1.08772e-09,1,0
0.00657025,-0.106657,0.120655,-0.224792,3.79814,-16233.3,-1,1.40333e-10,1,0
0.00657079,-0.106552,0.120783,-0.225309,3.79801,-16216.1,-1,4.10331e-12,1,0
0.0065718,-0.106647,0.120496,-0.225477,3.80074,-16228,-1,1.05331e-09,1,0
0.0065722,-0.106464,0.120447,-0.225765,3.80246,-16199.2,-1,3.58748e-10,1,0
0.00657375,-0.106822,0.120856,-0.226343,3.79969,-16249.7,-1,3.83502e-10,1,0
0.00657497,-0.107061,0.120393,-0.226427,3.80167,-16283.1,-1,1.29279e-09,1,0
0.00657676,-0.106931,0.121414,-0.22626,3.80152,-16258.9,-1,1.17307e-09,1,0
0.00657711,-0.107122,0.121556,-0.226594,3.80151,-16287.1,-1,1.17307e-09,1,0
0.00657915,-0.10618,0.120048,-0.22776,3.80181,-16138.8,-1,9.62018e-10,1,0
0.00658163,-0.104777,0.117918,-0.229097,3.80188,-15919.5,-1,9.62018e-10,1,0
0.00658236,-0.104367,0.117296,-0.229487,3.80056,-15855.5,-1,5.85955e-09,1,0
0.00658328,-0.103785,0.117094,-0.229812,3.80012,-15764.9,-1,8.44427e-10,1,0
0.00658439,-0.104369,0.117375,-0.229241,3.79983,-15851,-1,9.34365e-10,1,0
0.00658582,-0.10559,0.118425,-0.229602,3.79977,-16033,-1,9.34365e-10,1,0
0.00658721,-0.10666,0.119407,-0.229691,3.79908,-16192,-1,3.58871e-09,1,0
0.00658883,-0.107094,0.120254,-0.228082,3.79836,-16253.8,-1,2.11524e-09,1,0
0.00658949,-0.106648,0.120801,-0.227794,3.79778,-16184.5,-1,7.61904e-10,1,0
0.00658993,-0.106685,0.120739,-0.228115,3.79822,-16189.1,-1,3.62745e-10,1,0
0.00659119,-0.107343,0.121027,-0.227677,3.79694,-16285.9,-1,5.48722e-10,1,0
0.00659244,-0.106998,0.12212,-0.22692,3.79741,-16230.4,-1,7.59366e-10,1,0
0.0065935,-0.1071,0.122965,-0.226217,3.7969,-16243.3,-1,8.01867e-11,1,0
0.00659431,-0.107128,0.122582,-0.225887,3.79562,-16245.5,-1,2.86175e-10,1,0
0.00659547,-0.108049,0.122889,-0.22662,3.79632,-16382.3,-1,7.21849e-10,1,0
0.00659664,-0.107284,0.122713,-0.226733,3.79662,-16263.5,-1,9.73455e-10,1,0
0.00659792,-0.107982,0.122521,-0.22803,3.79659,-16366,-1,9.73455e-10,1,0
0.00659863,-0.108368,0.122415,-0.228749,3.7957,-16422.8,-1,2.68323e-09,1,0
0.00659904,-0.108681,0.122072,-0.228791,3.79568,-16469.3,-1,2.68323e-09,1,0
0.00659992,-0.108227,0.122582,-0.228043,3.79523,-16398.2,-1,1.01771e-09,1,0
0.00660042,-0.108677,0.122614,-0.228373,3.79524,-16465.1,-1,8.42484e-11,1,0
0.00660143,-0.109041,0.122955,-0.228893,3.7945,-16517.8,-1,1.22997e-09,1,0
0.00660186,-0.108723,0.12329,-0.229045,3.79425,-16468.6,-1,8.01169e-10,1,0
0.00660382,-0.106814,0.123849,-0.229326,3.79286,-16174.6,-1,9.71167e-10,1,0
0.0066051,-0.106413,0.124999,-0.229984,3.79258,-16110.8,-1,1.01447e-10,1,0
0.00660528,-0.106366,0.12518,-0.230088,3.79145,-16103.2,-1,1.59669e-09,1,0
0.00660647,-0.106011,0.125899,-0.228981,3.79147,-16046.5,-1,1.59669e-09,1,0
0.00660804,-0.106078,0.126673,-0.229774,3.79199,-16052.9,-1,1.86655e-09,1,0
0.00660939,-0.106311,0.127277,-0.231189,3.79052,-16084.8,-1,2.87202e-09,1,0
0.00661042,-0.107223,0.127563,-0.230981,3.79037,-16220.3,-1,9.80308e-10,1,0
0.00661088,-0.107478,0.127805,-0.230603,3.78947,-16257.7,-1,2.15516e-10,1,0
0.00661193,-0.106584,0.128559,-0.230276,3.79187,-16119.9,-1,1.21444e-09,1,0
0.00661249,-0.106211,0.12808,-0.230496,3.79277,-16062.2,-1,6.45649e-10,1,0
0.00661336,-0.106388,0.127843,-0.230453,3.79035,-16086.9,-1,5.1977e-10,1,0
0.00661424,-0.107146,0.128208,-0.231021,3.79031,-16199.3,-1,5.1977e-10,1,0
0.0066151,-0.107766,0.128516,-0.23149,3.79227,-16290.9,-1,7.95302e-11,1,0
0.00661578,-0.107201,0.128298,-0.230993,3.79189,-16203.8,-1,1.28254e-12,1,0
0.00661735,-0.10585,0.12763,-0.230575,3.79069,-15995.9,-1,6.97239e-10,1,0
0.00661856,-0.105702,0.126885,-0.23118,3.79168,-15970.6,-1,4.94645e-10,1,0
0.00661914,-0.105348,0.126577,-0.231227,3.79068,-15915.7,-1,3.81011e-10,1,0
0.00662009,-0.105901,0.127002,-0.231744,3.79194,-15996.9,-1,2.28149e-10,1,0
0.00662046,-0.106085,0.126727,-0.232017,3.79193,-16023.8,-1,2.28149e-10,1,0
0.00662232,-0.107009,0.125347,-0.233387,3.79291,-16158.8,-1,2.58174e-09,1,0
0.00662348,-0.106208,0.126311,-0.233235,3.79243,-16035,-1,1.16599e-09,1,0
0.00662472,-0.105458,0.125455,-0.232507,3.79166,-15918.8,-1,3.90503e-10,1,0
0.00662666,-0.10661,0.125299,-0.233561,3.79251,-16088.1,-1,1.29254e-09,1,0
0.00662735,-0.106599,0.12465,-0.233177,3.79324,-16084.8,-1,7.7221e-10,1,0
0.00662886,-0.107136,0.124707,-0.234642,3.79425,-16162,-1,2.43236e-10,1,0
0.0066299,-0.107443,0.12541,-0.234106,3.79734,-16205.9,-1,1.56755e-10,1,0
0.00663137,-0.107378,0.12374,-0.234174,3.79711,-16192.4,-1,1.10809e-10,1,0
0.00663183,-0.107334,0.12351,-0.233838,3.79745,-16184.6,-1,1.73263e-10,1,0
0.00663274,-0.107803,0.123265,-0.23315,3.79724,-16253.2,-1,4.03394e-10,1,0
0.0066337,-0.10781,0.122876,-0.232863,3.79648,-16251.8,-1,7.9183e-10,1,0
0.00663562,-0.107957,0.124646,-0.233365,3.79707,-16269.3,-1,1.20877e-10,1,0
0.0066369,-0.106963,0.124572,-0.232535,3.79626,-16116.4,-1,1.79491e-10,1,0
0.00663778,-0.106419,0.12475,-0.231705,3.79397,-16032.3,-1,7.82089e-10,1,0
0.00663857,-0.106156,0.124646,-0.232253,3.7955,-15990.8,-1,5.45187e-10,1,0
0.00663893,-0.106279,0.124949,-0.232331,3.79519,-16008.4,-1,5.01101e-10,1,0
0.00664008,-0.105789,0.124865,-0.231983,3.79434,-15931.8,-1,7.8277e-10,1,0
0.00664123,-0.106177,0.124078,-0.232436,3.79241,-15987.6,-1,1.07504e-09,1,0
0.00664243,-0.106547,0.123522,-0.231855,3.79206,-16040.4,-1,3.48557e-10,1,0
0.00664392,-0.107545,0.123356,-0.231582,3.79413,-16186.9,-1,5.95397e-10,1,0
0.0066454,-0.108864,0.123433,-0.230497,3.79406,-16381.9,-1,5.95397e-10,1,0
0.00664739,-0.109227,0.123851,-0.230499,3.79469,-16431.6,-1,2.9553e-09,1,0
0.00664886,-0.108266,0.124432,-0.231773,3.79492,-16283.3,-1,2.75493e-09,1,0
0.00664976,-0.10808,0.124848,-0.23197,3.79701,-16253.1,-1,2.37886e-10,1,0
0.00665033,-0.107511,0.125161,-0.232,3.79706,-16166.3,-1,1.05666e-09,1,0
0.00665132,-0.106675,0.125747,-0.231547,3.79603,-16038.1,-1,8.57717e-10,1,0
0.00665297,-0.106788,0.126678,-0.232544,3.79569,-16051.2,-1,3.89303e-10,1,0
0.00665416,-0.105989,0.127126,-0.233095,3.79659,-15928.3,-1,1.18404e-09,1,0
0.00665501,-0.105815,0.126806,-0.233222,3.79409,-15900.1,-1,6.37261e-10,1,0
0.00665664,-0.107454,0.126979,-0.233454,3.79363,-16142.3,-1,1.41655e-09,1,0
0.00665717,-0.107667,0.126613,-0.233821,3.79326,-16173.1,-1,3.74293e-10,1,0
0.00665833,-0.107741,0.125383,-0.234142,3.79314,-16181.4,-1,7.38832e-10,1,0
0.00665864,-0.107734,0.125387,-0.234234,3.78685,-16179.6,-1,1.71298e-10,1,0
0.00665896,-0.107868,0.125519,-0.234418,3.78859,-16199,-1,1.53544e-10,1,0
0.00666014,-0.10837,0.126728,-0.234807,3.78856,-16271.4,-1,1.53544e-10,1,0
0.006662,-0.109428,0.1285,-0.235086,3.78953,-16425.7,-1,2.83224e-09,1,0
0.00666315,-0.110295,0.129484,-0.235036,3.78692,-16553,-1,1.06845e-10,1,0
0.00666409,-0.110057,0.129989,-0.235089,3.78584,-16514.9,-1,3.33298e-11,1,0
0.00666547,-0.109668,0.13063,-0.235448,3.78855,-16453.2,-1,7.34889e-10,1,0
0.00666733,-0.109014,0.130945,-0.23666,3.79003,-16350.4,-1,2.97735e-10,1,0
0.00666882,-0.109781,0.131663,-0.235399,3.78984,-16461.9,-1,4.46761e-10,1,0
0.00666993,-0.109035,0.131222,-0.235943,3.78614,-16347.2,-1,1.06803e-09,1,0
0.00667023,-0.109054,0.13105,-0.236075,3.78634,-16349.3,-1,2.02483e-10,1,0
0.00667196,-0.107998,0.131175,-0.23732,3.78598,-16186.8,-1,8.602e-10,1,0
0.00667323,-0.107646,0.131298,-0.235901,3.786,-16131,-1,8.602e-10,1,0
0.00667383,-0.107444,0.131349,-0.235287,3.78501,-16099.3,-1,2.11636e-09,1,0
0.0066746,-0.107266,0.130774,-0.235094,3.78531,-16070.8,-1,3.09977e-10,1,0
0.00667544,-0.107377,0.129907,-0.234674,3.78472,-16085.4,-1,1.59519e-09,1,0
0.00667664,-0.108051,0.131049,-0.234278,3.78298,-16183.5,-1,1.48462e-11,1,0
0.0066776,-0.107926,0.13086,-0.233996,3.7803,-16162.5,-1,5.36962e-10,1,0
0.00667781,-0.108021,0.130776,-0.233948,3.78343,-16176.2,-1,2.6504e-11,1,0
0.00667858,-0.107818,0.13005,-0.234154,3.78465,-16143.9,-1,8.30871e-10,1,0
0.00667936,-0.10762,0.1303,-0.233731,3.78413,-16112.3,-1,3.72879e-10,1,0
0.00667983,-0.107229,0.130322,-0.233349,3.78415,-16052.6,-1,3.72879e-10,1,0
0.00668051,-0.1071,0.130375,-0.232896,3.78585,-16031.8,-1,1.87189e-10,1,0
0.00668083,-0.107181,0.130206,-0.232567,3.78557,-16043,-1,7.03111e-10,1,0
0.00668125,-0.107232,0.130047,-0.232914,3.78608,-16049.7,-1,1.75658e-10,1,0
0.00668301,-0.106957,0.131931,-0.233629,3.78609,-16004.3,-1,1.75658e-10,1,0
0.00668347,-0.106917,0.132195,-0.233871,3.78648,-15997.2,-1,2.42151e-09,1,0
0.0066839,-0.106801,0.132057,-0.234028,3.7843,-15978.8,-1,4.56006e-10,1,0
0.00668566,-0.105211,0.132853,-0.233688,3.78327,-15736.8,-1,4.76192e-10,1,0
0.00668803,-0.105254,0.130952,-0.232027,3.78362,-15737.7,-1,9.7516e-10,1,0
0.00668885,-0.10549,0.130111,-0.23173,3.78401,-15770.9,-1,1.58595e-10,1,0
0.00668954,-0.105335,0.130206,-0.231298,3.78476,-15746.2,-1,1.93741e-10,1,0
0.00669146,-0.104112,0.130069,-0.231189,3.78341,-15558.9,-1,1.29236e-09,1,0
0.00669247,-0.103542,0.129055,-0.231156,3.78343,-15471.4,-1,1.29236e-09,1,0
0.00669482,-0.103363,0.127036,-0.230661,3.78335,-15439.2,-1,1.29258e-09,1,0
0.00669573,-0.103017,0.12702,-0.230808,3.78207,-15385.4,-1,5.45552e-10,1,0
0.00669758,-0.102528,0.127721,-0.228853,3.7821,-15308.2,-1,5.45552e-10,1,0
0.006698,-0.102461,0.127875,-0.228457,3.78224,-15297.3,-1,3.79585e-11,1,0
0.0066997,-0.102272,0.127996,-0.227333,3.78172,-15265.1,-1,1.29245e-09,1,0
0.00670055,-0.102795,0.128236,-0.226539,3.78168,-15341.3,-1,9.80355e-10,1,0
0.00670239,-0.101517,0.126959,-0.225411,3.78238,-15146.4,-1,2.12984e-09,1,0
0.00670419,-0.101111,0.126892,-0.226619,3.78329,-15081.7,-1,5.70583e-10,1,0
0.0067055,-0.100623,0.125847,-0.227607,3.78332,-15006,-1,5.70583e-10,1,0
0.00670627,-0.100337,0.125237,-0.228184,3.78419,-14961.7,-1,2.40574e-09,1,0
0.00670664,-0.100429,0.12492,-0.227961,3.78443,-14974.6,-1,6.57658e-11,1,0
0.00670718,-0.0999383,0.125184,-0.228235,3.7831,-14900.2,-1,1.52911e-10,1,0
0.00670785,-0.0993515,0.125093,-0.228259,3.78302,-14811.2,-1,1.21404e-10,1,0
0.00670854,-0.0985705,0.125025,-0.22842,3.78306,-14693.3,-1,1.21404e-10,1,0
0.00670977,-0.0975321,0.12482,-0.228672,3.78239,-14535.8,-1,2.67808e-09,1,0
0.00671128,-0.0987682,0.125044,-0.229482,3.78244,-14716.8,-1,1.24438e-09,1,0
0.00671238,-0.0999608,0.1249,-0.229821,3.78193,-14892,-1,1.25785e-09,1,0
0.00671272,-0.0997264,0.125137,-0.230022,3.78171,-14856.3,-1,4.07601e-10,1,0
0.00671443,-0.10032,0.123891,-0.229194,3.78389,-14940.9,-1,9.08007e-10,1,0
0.00671634,-0.100522,0.122728,-0.228934,3.78179,-14966.8,-1,9.4563e-10,1,0
0.00671767,-0.0995814,0.121884,-0.228571,3.78058,-14823.8,-1,1.49821e-09,1,0
0.00671887,-0.0994935,0.122461,-0.227307,3.78059,-14808.1,-1,1.49821e-09,1,0
0.00672117,-0.0993167,0.12335,-0.228855,3.77941,-14776.7,-1,2.11317e-09,1,0
0.0067224,-0.0992204,0.123801,-0.230201,3.77995,-14759.7,-1,3.55415e-09,1,0
0.00672255,-0.0992317,0.12385,-0.230238,3.7805,-14761,-1,5.98569e-11,1,0
0.00672298,-0.0993024,0.124079,-0.230613,3.77764,-14770.6,-1,4.2511e-10,1,0
0.00672413,-0.0997067,0.123865,-0.23046,3.77627,-14828.2,-1,6.85082e-10,1,0
0.0067247,-0.0996959,0.124068,-0.229835,3.77629,-14825.3,-1,6.57421e-10,1,0
0.00672587,-0.0990773,0.123604,-0.229746,3.77629,-14730.8,-1,6.11959e-10,1,0
0.00672713,-0.0983227,0.123151,-0.23047,3.77762,-14615.8,-1,2.29003e-10,1,0
0.00672749,-0.0983591,0.123189,-0.230866,3.77664,-14620.5,-1,3.51078e-10,1,0
0.00672912,-0.0973525,0.121965,-0.230301,3.77502,-14467.3,-1,9.19062e-10,1,0
0.00672971,-0.0970058,0.121714,-0.230366,3.77325,-14414.6,-1,1.51298e-10,1,0
0.00673038,-0.0966197,0.121325,-0.229993,3.7721,-14355.7,-1,6.44965e-10,1,0
0.00673068,-0.0966866,0.121002,-0.230086,3.77262,-14365.1,-1,3.42478e-10,1,0
0.00673089,-0.0966216,0.12082,-0.229998,3.76942,-14354.9,-1,2.24975e-10,1,0
0.0067321,-0.0957572,0.120158,-0.229128,3.76946,-14224,-1,2.24975e-10,1,0
0.00673284,-0.0957352,0.119499,-0.229248,3.76914,-14219.1,-1,6.21698e-10,1,0
0.00673479,-0.0954728,0.119213,-0.230659,3.76657,-14176.1,-1,1.27784e-09,1,0
0.00673569,-0.0946256,0.119053,-0.230113,3.76413,-14048.4,-1,4.89137e-11,1,0
0.00673581,-0.0945754,0.119167,-0.23013,3.76382,-14040.7,-1,8.8337e-11,1,0
0.00673732,-0.0943776,0.12047,-0.230711,3.76126,-14008.2,-1,2.26402e-10,1,0
0.00673815,-0.0938638,0.120669,-0.230214,3.75964,-13930.2,-1,1.40093e-10,1,0
0.00673984,-0.0930965,0.119967,-0.231151,3.75943,-13812.9,-1,6.16072e-10,1,0
0.00674123,-0.0928752,0.120024,-0.23223,3.75863,-13777.2,-1,3.91854e-10,1,0
0.00674209,-0.0938595,0.119962,-0.232174,3.75771,-13921.4,-1,9.87836e-10,1,0
0.00674249,-0.0939303,0.120065,-0.23249,3.75889,-13931.1,-1,7.64412e-11,1,0
0.00674335,-0.093576,0.119409,-0.232755,3.75931,-13876.8,-1,5.79297e-10,1,0
0.00674461,-0.0931304,0.118496,-0.232901,3.75789,-13808.1,-1,2.10824e-10,1,0
0.00674494,-0.0928981,0.11821,-0.233003,3.75713,-13773,-1,5.96194e-10,1,0
0.00674678,-0.0939138,0.117544,-0.23346,3.75258,-13919.8,-1,9.25069e-10,1,0
0.00674897,-0.0946514,0.11605,-0.234208,3.75159,-14024.6,-1,3.91837e-10,1,0
0.00674937,-0.0949122,0.11635,-0.234124,3.75285,-14062.4,-1,5.08665e-11,1,0
0.00674983,-0.094889,0.11625,-0.234282,3.75368,-14058,-1,2.5311e-10,1,0
0.00675068,-0.095531,0.115916,-0.234882,3.75284,-14151.3,-1,5.13996e-10,1,0
0.00675182,-0.0963716,0.116395,-0.234954,3.75385,-14273.4,-1,3.42787e-10,1,0
0.00675262,-0.0971059,0.116679,-0.235275,3.75438,-14380.5,-1,1.74834e-09,1,0
0.00675412,-0.09734,0.117961,-0.236377,3.75404,-14411.9,-1,1.59812e-09,1,0
0.0067544,-0.0974674,0.11814,-0.236296,3.75602,-14430.2,-1,3.85747e-10,1,0
0.00675517,-0.0978185,0.118432,-0.235895,3.75746,-14480.5,-1,9.04061e-10,1,0
0.00675657,-0.0987581,0.118132,-0.236988,3.7578,-14616.6,-1,1.38067e-09,1,0
0.00675766,-0.0996579,0.118662,-0.237582,3.75777,-14747.4,-1,2.81338e-11,1,0
0.00675821,-0.0998435,0.11862,-0.237825,3.75716,-14773.7,-1,1.6269e-10,1,0
0.00675883,-0.100302,0.118531,-0.238369,3.75714,-14840.2,-1,1.6269e-10,1,0
0.00676038,-0.10018,0.118559,-0.23996,3.758,-14818.7,-1,8.10498e-10,1,0
0.00676106,-0.100158,0.119119,-0.239414,3.75801,-14813.9,-1,8.10498e-10,1,0
0.00676139,-0.100145,0.119235,-0.239163,3.76016,-14811.2,-1,1.6241e-11,1,0
0.0067626,-0.100575,0.118538,-0.239991,3.75975,-14872.3,-1,1.20406e-09,1,0
0.00676369,-0.100616,0.118567,-0.239558,3.75759,-14876,-1,6.47091e-10,1,0
0.0067652,-0.1002,0.119058,-0.238898,3.75499,-14811,-1,1.3603e-09,1,0
0.00676602,-0.100079,0.118984,-0.238554,3.75812,-14791.5,-1,3.24169e-10,1,0
0.00676647,-0.100515,0.118906,-0.238822,3.75872,-14854.8,-1,5.16952e-10,1,0
0.00676675,-0.100502,0.118646,-0.238732,3.75572,-14852.3,-1,4.43418e-11,1,0
0.00676705,-0.100341,0.118559,-0.238906,3.75508,-14827.9,-1,1.16385e-10,1,0
0.006768,-0.10006,0.117874,-0.23971,3.75485,-14784.2,-1,1.3138e-09,1,0
0.00676941,-0.101101,0.118911,-0.240066,3.75393,-14935,-1,1.26085e-09,1,0
0.00677171,-0.101988,0.119668,-0.239824,3.75424,-15060.8,-1,1.71269e-09,1,0
0.00677254,-0.102265,0.119226,-0.239534,3.75274,-15100,-1,1.93206e-09,1,0
0.00677504,-0.10164,0.117412,-0.240182,3.7507,-15002.1,-1,1.05902e-09,1,0
0.0067767,-0.102467,0.115845,-0.239489,3.75232,-15120.5,-1,1.29221e-09,1,0
0.00677755,-0.103296,0.115533,-0.239483,3.75277,-15240.8,-1,8.51198e-10,1,0
0.0067783,-0.104123,0.115404,-0.239568,3.74997,-15361.3,-1,4.27824e-10,1,0
0.00677916,-0.103683,0.115749,-0.239025,3.74933,-15294.4,-1,2.6296e-10,1,0
0.00678045,-0.104246,0.115826,-0.239965,3.75202,-15374.6,-1,1.01556e-09,1,0
0.0067819,-0.103793,0.115945,-0.239749,3.75307,-15304.4,-1,9.09219e-10,1,0
0.00678383,-0.103242,0.116118,-0.237604,3.75528,-15218.8,-1,1.11923e-09,1,0
0.00678554,-0.103162,0.116233,-0.237125,3.756,-15203.2,-1,8.77211e-10,1,0
0.00678604,-0.103297,0.116638,-0.23707,3.75342,-15222,-1,1.77731e-11,1,0
0.00678667,-0.102956,0.116115,-0.237442,3.75291,-15170.3,-1,7.27051e-10,1,0
0.00678827,-0.10202,0.117466,-0.238128,3.75218,-15028.8,-1,9.342e-11,1,0
0.00678851,-0.102171,0.117253,-0.238131,3.75092,-15050.6,-1,2.62409e-11,1,0
0.00678933,-0.102717,0.117331,-0.238499,3.75012,-15129.1,-1,2.23125e-10,1,0
0.00679012,-0.103538,0.116965,-0.238593,3.75007,-15248.3,-1,2.23125e-10,1,0
0.00679113,-0.104006,0.116595,-0.238626,3.74961,-15314.9,-1,3.08892e-10,1,0
0.0067915,-0.104207,0.116503,-0.238985,3.74887,-15343.7,-1,7.56893e-11,1,0
0.00679306,-0.104645,0.114837,-0.238466,3.74885,-15404.7,-1,7.56893e-11,1,0
0.00679372,-0.104829,0.114139,-0.238248,3.74884,-15430.3,-1,7.56893e-11,1,0
0.00679516,-0.105341,0.112726,-0.237647,3.74845,-15502.4,-1,3.81429e-09,1,0
0.00679655,-0.106161,0.111747,-0.236701,3.74683,-15619.9,-1,1.98757e-09,1,0
0.00679767,-0.105217,0.112262,-0.235994,3.74754,-15478.4,-1,1.28732e-09,1,0
0.00679853,-0.104489,0.111949,-0.236199,3.74517,-15369.4,-1,2.35287e-10,1,0
0.00679933,-0.105045,0.112641,-0.235975,3.74436,-15449.3,-1,9.15179e-10,1,0
0.00680128,-0.103929,0.111253,-0.234822,3.74365,-15280.8,-1,9.41847e-10,1,0
0.00680215,-0.104415,0.111598,-0.234567,3.74595,-15350.3,-1,7.54015e-10,1,0
0.00680258,-0.104335,0.111402,-0.23494,3.74865,-15337.5,-1,5.4437e-11,1,0
0.00680311,-0.104702,0.111487,-0.234961,3.7497,-15390.3,-1,2.6145e-10,1,0
0.00680383,-0.105344,0.111176,-0.235289,3.74528,-15483,-1,1.84469e-10,1,0
0.00680531,-0.104309,0.111914,-0.23642,3.74585,-15327.6,-1,1.70121e-09,1,0
0.00680683,-0.103063,0.110886,-0.236533,3.74547,-15141.1,-1,1.53122e-09,1,0
0.00680775,-0.103548,0.111746,-0.23649,3.74473,-15210.4,-1,1.03438e-10,1,0
0.00680858,-0.10432,0.111471,-0.236359,3.74503,-15321.9,-1,8.28901e-10,1,0
0.0068102,-0.103214,0.110467,-0.236986,3.74715,-15155.8,-1,1.34498e-09,1,0
0.00681107,-0.102288,0.110693,-0.237077,3.74764,-15017.9,-1,9.34579e-10,1,0
0.00681147,-0.102146,0.110736,-0.236663,3.74846,-14996.1,-1,4.46376e-10,1,0
0.00681322,-0.102352,0.109206,-0.236063,3.74816,-15022.5,-1,4.09156e-10,1,0
0.00681415,-0.101728,0.108927,-0.235981,3.74801,-14928.9,-1,6.68159e-10,1,0
0.00681522,-0.101362,0.109844,-0.235854,3.74858,-14872.9,-1,2.53762e-12,1,0
0.00681604,-0.101561,0.10892,-0.235949,3.74857,-14900.2,-1,2.53762e-12,1,0
0.00681656,-0.101685,0.108345,-0.236008,3.74818,-14917.3,-1,1.65456e-09,1,0
0.00681727,-0.101859,0.107811,-0.235728,3.7468,-14941.3,-1,4.2368e-10,1,0
0.00681861,-0.102013,0.107533,-0.234225,3.74679,-14961,-1,4.2368e-10,1,0
0.00682017,-0.102116,0.107134,-0.23308,3.74579,-14972.7,-1,3.24765e-10,1,0
0.00682136,-0.102386,0.106758,-0.232701,3.74435,-15009.6,-1,8.78936e-10,1,0
0.00682251,-0.102948,0.106262,-0.232806,3.74363,-15089.4,-1,9.83471e-10,1,0
0.00682362,-0.103029,0.105615,-0.233094,3.74165,-15098.8,-1,3.05282e-10,1,0
0.00682445,-0.10343,0.104826,-0.233036,3.74227,-15155.9,-1,1.15335e-09,1,0
0.00682534,-0.103978,0.10398,-0.232835,3.74296,-15234.1,-1,1.79649e-09,1,0
0.00682653,-0.104708,0.104464,-0.232211,3.74135,-15338.4,-1,2.88151e-10,1,0
0.00682911,-0.106475,0.10678,-0.231691,3.74098,-15591.3,-1,3.75994e-09,1,0
0.00683002,-0.106567,0.106745,-0.231404,3.7382,-15602.7,-1,5.58959e-10,1,0
0.00683132,-0.107947,0.106347,-0.23181,3.7379,-15801.8,-1,1.97929e-09,1,0
0.00683316,-0.106532,0.106004,-0.2321,3.74012,-15590.5,-1,9.80278e-10,1,0
0.00683483,-0.105519,0.104525,-0.232772,3.73912,-15438.4,-1,3.04317e-09,1,0
0.00683584,-0.104974,0.105047,-0.23256,3.73703,-15356.4,-1,3.49522e-10,1,0
0.00683797,-0.102941,0.106391,-0.232748,3.73666,-15054.4,-1,3.15279e-09,1,0
0.00683998,-0.10291,0.107222,-0.233316,3.73578,-15045.3,-1,1.29238e-09,1,0
0.00684106,-0.102885,0.107069,-0.233463,3.73735,-15039.3,-1,7.27564e-10,1,0
0.00684128,-0.102835,0.107238,-0.233337,3.73957,-15031.5,-1,1.21367e-10,1,0
0.00684256,-0.101896,0.107909,-0.232433,3.73962,-14891.6,-1,1.21367e-10,1,0
0.00684285,-0.101683,0.108057,-0.232234,3.7367,-14859.8,-1,5.62422e-12,1,0
0.00684362,-0.101939,0.107524,-0.232618,3.73336,-14895.4,-1,7.269e-11,1,0
0.00684616,-0.103891,0.106206,-0.233795,3.73442,-15175,-1,3.92559e-10,1,0
0.00684688,-0.104369,0.106552,-0.233297,3.73505,-15243.2,-1,3.28607e-10,1,0
0.00684753,-0.10486,0.107073,-0.23331,3.73475,-15313.6,-1,2.24798e-10,1,0
0.00684785,-0.105045,0.107348,-0.233403,3.73321,-15339.9,-1,9.1511e-11,1,0
0.00684886,-0.105485,0.106292,-0.233193,3.73283,-15401.8,-1,1.16296e-09,1,0
0.00685017,-0.104766,0.105196,-0.232467,3.73222,-15293.9,-1,1.49877e-09,1,0
0.00685034,-0.104714,0.105339,-0.232433,3.73207,-15286,-1,5.39941e-11,1,0
0.00685132,-0.105573,0.105212,-0.233147,3.73203,-15409.1,-1,5.39941e-11,1,0
0.00685179,-0.105988,0.105151,-0.233492,3.73201,-15468.6,-1,5.39941e-11,1,0
0.00685244,-0.10633,0.104845,-0.233866,3.729,-15517.1,-1,2.61627e-10,1,0
0.00685363,-0.107043,0.105302,-0.233008,3.72892,-15618.5,-1,1.03587e-10,1,0
0.00685479,-0.107968,0.105285,-0.232612,3.72736,-15750.7,-1,5.96898e-10,1,0
0.00685691,-0.109853,0.103842,-0.232068,3.72726,-16020.7,-1,5.96898e-10,1,0
0.0068573,-0.10976,0.103703,-0.231939,3.72911,-16006.4,-1,3.34975e-09,1,0
0.00685818,-0.110351,0.104264,-0.231478,3.72598,-16090.4,-1,9.63623e-10,1,0
0.00685833,-0.110332,0.104412,-0.231517,3.72551,-16087.4,-1,9.77904e-11,1,0
0.00685954,-0.110218,0.105094,-0.230314,3.72458,-16067.8,-1,1.38755e-09,1,0
0.00686129,-0.109744,0.103352,-0.231185,3.72475,-15994.7,-1,3.4744e-10,1,0
0.00686156,-0.109766,0.10353,-0.231181,3.72345,-15997.3,-1,1.37791e-10,1,0
0.00686254,-0.109847,0.103339,-0.23228,3.72344,-16006.8,-1,1.37791e-10,1,0
0.00686354,-0.110703,0.103455,-0.232776,3.72196,-16129.2,-1,8.87463e-10,1,0
0.00686572,-0.108256,0.10332,-0.233296,3.72331,-15767.6,-1,2.50578e-09,1,0
0.006866,-0.108515,0.103252,-0.233374,3.72414,-15804.6,-1,2.95899e-10,1,0
0.006867,-0.108565,0.103923,-0.23287,3.72542,-15809.6,-1,5.89472e-10,1,0
0.00686793,-0.108451,0.104445,-0.231988,3.72452,-15791,-1,8.62939e-10,1,0
0.00687064,-0.106079,0.104139,-0.231344,3.72336,-15439.5,-1,5.10661e-10,1,0
0.00687162,-0.106622,0.103471,-0.231272,3.72067,-15516.3,-1,1.52926e-09,1,0
0.00687199,-0.10688,0.103415,-0.231194,3.71875,-15553,-1,1.33486e-10,1,0
0.0068733,-0.107037,0.10289,-0.232312,3.71887,-15572.9,-1,1.26366e-09,1,0
0.00687407,-0.107881,0.103105,-0.232235,3.72022,-15694,-1,1.09523e-09,1,0
0.00687651,-0.107378,0.10283,-0.232334,3.72037,-15615.1,-1,1.23716e-09,1,0
0.00687699,-0.107287,0.103208,-0.232386,3.71918,-15600.9,-1,3.69243e-10,1,0
0.00687788,-0.107223,0.103665,-0.232035,3.71678,-15589.5,-1,5.36423e-10,1,0
0.00687874,-0.106826,0.102894,-0.232034,3.71291,-15529.8,-1,4.34188e-10,1,0
0.00687918,-0.106832,0.102798,-0.231646,3.71124,-15529.7,-1,4.15198e-10,1,0
0.0068798,-0.106915,0.102509,-0.230999,3.71125,-15540.4,-1,7.13691e-10,1,0
0.00688069,-0.106143,0.102312,-0.230516,3.71055,-15426.2,-1,2.12851e-10,1,0
0.00688104,-0.105858,0.102248,-0.230247,3.71057,-15384,-1,2.12851e-10,1,0
0.00688172,-0.105751,0.101914,-0.230793,3.7092,-15367,-1,6.88508e-10,1,0
0.0068828,-0.10689,0.101468,-0.230896,3.70914,-15530,-1,6.88508e-10,1,0
0.00688307,-0.107146,0.101339,-0.230884,3.70847,-15566.7,-1,4.98435e-11,1,0
0.00688493,-0.106027,0.102506,-0.229536,3.70744,-15399.9,-1,1.2912e-11,1,0
0.00688794,-0.104775,0.102332,-0.229071,3.70792,-15211.4,-1,1.29301e-09,1,0
0.00688814,-0.10464,0.102378,-0.229255,3.70793,-15191.3,-1,1.29301e-09,1,0
0.00688947,-0.103766,0.102676,-0.230447,3.70663,-15061.6,-1,1.74144e-09,1,0
0.00689119,-0.104552,0.104002,-0.229341,3.70702,-15171.8,-1,1.29524e-09,1,0
0.00689196,-0.105162,0.104166,-0.228996,3.70613,-15258.7,-1,2.41258e-11,1,0
0.00689372,-0.106064,0.103865,-0.229547,3.70587,-15385.6,-1,1.77142e-09,1,0
0.00689451,-0.105175,0.103854,-0.229677,3.70826,-15254.9,-1,1.40072e-09,1,0
0.00689511,-0.105487,0.104305,-0.229798,3.70807,-15298.8,-1,9.53133e-11,1,0
0.00689672,-0.106032,0.106033,-0.229513,3.70704,-15374.2,-1,4.01263e-10,1,0
0.00689759,-0.106329,0.106976,-0.229357,3.70703,-15415.4,-1,4.01263e-10,1,0
0.00689794,-0.106446,0.107348,-0.229295,3.70702,-15431.6,-1,4.01263e-10,1,0
0.00689849,-0.106634,0.107942,-0.229197,3.70672,-15457.6,-1,3.80909e-09,1,0
0.00689995,-0.105676,0.108694,-0.229673,3.70772,-15315.5,-1,2.84834e-10,1,0
0.00690088,-0.10587,0.108626,-0.230719,3.70947,-15341.5,-1,1.15293e-09,1,0
0.00690232,-0.106011,0.110183,-0.23021,3.70947,-15358.8,-1,1.15293e-09,1,0
0.0069036,-0.106126,0.111564,-0.229851,3.70769,-15372.6,-1,1.26537e-10,1,0
0.0069051,-0.106125,0.110847,-0.228593,3.70699,-15369.1,-1,9.38722e-10,1,0
0.00690716,-0.104921,0.110385,-0.226999,3.70627,-15190.2,-1,1.96776e-09,1,0
0.00690823,-0.105566,0.110339,-0.225964,3.70624,-15281.1,-1,1.96776e-09,1,0
0.00691053,-0.105236,0.109329,-0.225565,3.70708,-15228.3,-1,7.03995e-10,1,0
0.00691139,-0.105778,0.109879,-0.225604,3.70324,-15304.9,-1,2.93718e-10,1,0
0.00691281,-0.106568,0.111134,-0.224989,3.70279,-15416,-1,4.10044e-11,1,0
0.00691411,-0.107402,0.111871,-0.224706,3.70181,-15533.7,-1,3.66627e-10,1,0
0.00691478,-0.1069,0.112324,-0.224828,3.70329,-15459.6,-1,5.71008e-10,1,0
0.00691637,-0.106605,0.111422,-0.225491,3.70505,-15413.5,-1,5.06545e-10,1,0
0.00691854,-0.10479,0.111113,-0.227148,3.70599,-15146.2,-1,2.49872e-09,1,0
0.00692028,-0.103337,0.110865,-0.228474,3.70606,-14932.5,-1,2.49872e-09,1,0
0.00692173,-0.102735,0.11125,-0.229553,3.70619,-14842.4,-1,6.67425e-10,1,0
0.00692369,-0.102375,0.112841,-0.229778,3.70492,-14786.2,-1,1.29257e-09,1,0
0.00692417,-0.102406,0.112663,-0.229863,3.70306,-14789.7,-1,6.81532e-10,1,0
0.00692478,-0.101742,0.112648,-0.229651,3.70293,-14692.5,-1,9.14619e-10,1,0
0.00692557,-0.102235,0.112483,-0.230393,3.70291,-14762,-1,9.14619e-10,1,0
0.00692602,-0.102255,0.112381,-0.23067,3.70488,-14764,-1,1.27746e-10,1,0
0.00692657,-0.102325,0.112551,-0.230395,3.70745,-14772.9,-1,3.75765e-10,1,0
0.00692834,-0.101046,0.111596,-0.229177,3.70746,-14584.4,-1,3.48995e-11,1,0
0.00692851,-0.101205,0.111617,-0.229258,3.70742,-14607,-1,3.04608e-11,1,0
0.00692975,-0.101964,0.110892,-0.229876,3.71153,-14714,-1,5.02683e-11,1,0
0.00693027,-0.102422,0.110583,-0.229646,3.71037,-14779,-1,5.98321e-10,1,0
0.00693131,-0.102685,0.11096,-0.230366,3.71181,-14814.7,-1,2.23264e-10,1,0
0.00693212,-0.102718,0.111316,-0.230438,3.71382,-14817.7,-1,3.4421e-10,1,0
0.00693237,-0.102727,0.111303,-0.230464,3.71482,-14818.5,-1,1.45515e-10,1,0
0.00693296,-0.103212,0.111141,-0.230018,3.71182,-14887.2,-1,7.3921e-10,1,0
0.00693324,-0.103011,0.111383,-0.230049,3.71118,-14857.6,-1,3.16565e-10,1,0
0.00693412,-0.10214,0.111447,-0.230233,3.71301,-14730.1,-1,8.83134e-10,1,0
0.00693452,-0.102057,0.11121,-0.230532,3.71543,-14717.3,-1,2.41516e-10,1,0
0.00693494,-0.101875,0.111001,-0.230783,3.71522,-14690.1,-1,4.39707e-10,1,0
0.0069354,-0.102135,0.111114,-0.23087,3.71233,-14726.7,-1,3.29011e-10,1,0
0.00693604,-0.102323,0.111115,-0.231578,3.71228,-14752.3,-1,9.80139e-10,1,0
0.00693667,-0.102449,0.110791,-0.232203,3.71227,-14769.2,-1,9.80139e-10,1,0
0.00693862,-0.102842,0.109781,-0.234153,3.71257,-14821.7,-1,2.94556e-09,1,0
0.00693973,-0.102589,0.109243,-0.234736,3.71159,-14782.9,-1,2.57299e-10,1,0
0.00694055,-0.101881,0.109811,-0.234587,3.71151,-14679.1,-1,6.18027e-10,1,0
0.00694264,-0.100998,0.107729,-0.235376,3.71314,-14547.5,-1,2.39512e-09,1,0
0.00694387,-0.102079,0.107339,-0.235666,3.71657,-14700.5,-1,5.43598e-10,1,0
0.00694575,-0.102687,0.1085,-0.237125,3.71563,-14784.1,-1,2.73108e-10,1,0
0.00694661,-0.10255,0.10769,-0.236575,3.71632,-14762.6,-1,9.89272e-10,1,0
0.00694721,-0.102491,0.107453,-0.237216,3.71582,-14752.8,-1,4.03773e-10,1,0
0.00694919,-0.101775,0.105359,-0.23768,3.71272,-14645.6,-1,2.06572e-09,1,0
0.00695109,-0.101199,0.104123,-0.238527,3.70895,-14558.7,-1,5.77165e-10,1,0
0.00695136,-0.101426,0.104097,-0.238406,3.70938,-14590.8,-1,6.02629e-11,1,0
0.0069519,-0.101889,0.104454,-0.238476,3.70871,-14656.3,-1,3.14713e-10,1,0
0.00695268,-0.102493,0.104953,-0.238697,3.7076,-14741.5,-1,6.25128e-11,1,0
0.00695486,-0.102971,0.105726,-0.240998,3.70763,-14805.6,-1,1.26435e-09,1,0
0.00695672,-0.103173,0.106391,-0.243009,3.70762,-14830.7,-1,1.26435e-09,1,0
0.00695769,-0.103281,0.106807,-0.24401,3.7087,-14844.1,-1,1.84382e-10,1,0
0.00695777,-0.103312,0.106886,-0.244033,3.70695,-14848.5,-1,4.68636e-11,1,0
0.00695889,-0.103911,0.105936,-0.243907,3.70958,-14932.2,-1,1.04365e-10,1,0
0.00695924,-0.104144,0.105712,-0.243894,3.70903,-14964.9,-1,6.16966e-11,1,0
0.00696,-0.103396,0.105555,-0.244123,3.70964,-14855.8,-1,9.93425e-11,1,0
0.00696147,-0.103843,0.1045,-0.245276,3.71104,-14916.8,-1,1.29275e-09,1,0
0.00696288,-0.104353,0.103557,-0.246485,3.71101,-14987,-1,1.29275e-09,1,0
0.00696324,-0.104483,0.103315,-0.246795,3.71041,-15005,-1,2.03073e-09,1,0
0.00696469,-0.104475,0.103319,-0.248378,3.71173,-15000.6,-1,1.5277e-09,1,0
0.00696504,-0.104646,0.103512,-0.248377,3.71173,-15024.5,-1,9.29495e-11,1,0
0.00696546,-0.104605,0.103669,-0.247943,3.71389,-15017.7,-1,3.36601e-10,1,0
0.006968,-0.107134,0.103206,-0.246605,3.71203,-15375.2,-1,2.91946e-09,1,0
0.00696836,-0.107157,0.103033,-0.246976,3.71203,-15377.6,-1,2.91946e-09,1,0
0.00696881,-0.107185,0.102814,-0.247448,3.71204,-15380.7,-1,9.31599e-10,1,0
0.00697007,-0.107978,0.102518,-0.247473,3.71052,-15491.7,-1,4.46985e-10,1,0
0.00697109,-0.107449,0.10278,-0.24764,3.70862,-15413.6,-1,7.73752e-10,1,0
0.00697219,-0.107383,0.103285,-0.248798,3.70742,-15401.6,-1,1.26468e-09,1,0
0.006973,-0.10733,0.102524,-0.248969,3.70773,-15392.2,-1,1.00384e-10,1,0
0.00697394,-0.107759,0.101991,-0.249254,3.70756,-15451.6,-1,4.34369e-10,1,0
0.00697523,-0.106775,0.102375,-0.250281,3.70833,-15307.7,-1,2.13437e-10,1,0
0.00697628,-0.106327,0.10142,-0.249823,3.7091,-15241.2,-1,6.85701e-11,1,0
0.00697848,-0.106679,0.0994653,-0.249551,3.70836,-15286.9,-1,2.45036e-09,1,0
0.00698042,-0.10646,0.0978734,-0.249052,3.70878,-15251.3,-1,1.99761e-09,1,0
0.00698149,-0.1058,0.0973825,-0.248772,3.70931,-15154.4,-1,2.37092e-09,1,0
0.00698198,-0.105805,0.0968732,-0.248803,3.70886,-15154,-1,5.27233e-10,1,0
0.00698307,-0.105008,0.0971209,-0.247883,3.71065,-15037.6,-1,1.24147e-09,1,0
0.00698494,-0.103624,0.0969665,-0.246937,3.71117,-14835.4,-1,3.31243e-10,1,0
0.00698534,-0.103384,0.0970131,-0.246749,3.70331,-14800.1,-1,8.05129e-11,1,0
0.00698625,-0.10394,0.0971923,-0.24645,3.70365,-14877.8,-1,2.18212e-10,1,0
0.00698815,-0.104933,0.097379,-0.246897,3.70284,-15015.8,-1,8.73579e-10,1,0
0.00698952,-0.104668,0.0962265,-0.246088,3.70292,-14975.1,-1,2.36886e-10,1,0
0.00698988,-0.104645,0.0959048,-0.245821,3.70439,-14971,-1,1.71118e-09,1,0
0.00699131,-0.105366,0.0961785,-0.244648,3.70493,-15071,-1,1.34966e-10,1,0
0.00699241,-0.10567,0.0964649,-0.243463,3.70633,-15112.1,-1,1.2565e-09,1,0
0.00699391,-0.106397,0.0969747,-0.242007,3.70673,-15212.8,-1,1.22119e-09,1,0
0.00699514,-0.107013,0.097378,-0.24082,3.70643,-15298.1,-1,1.6898e-09,1,0
0.00699634,-0.107878,0.0975992,-0.239784,3.70639,-15419.2,-1,1.6898e-09,1,0
0.00699733,-0.108425,0.0974728,-0.23952,3.7089,-15495.2,-1,2.79444e-10,1,0
0.00699859,-0.10706,0.0979209,-0.239441,3.70896,-15297.3,-1,2.79444e-10,1,0
0.00699938,-0.106596,0.0979737,-0.23962,3.70862,-15229.3,-1,5.26236e-10,1,0
0.00700003,-0.106291,0.0978436,-0.239317,3.70843,-15184.3,-1,1.39739e-10,1,0
0.00700082,-0.105816,0.0971785,-0.239466,3.71139,-15114.8,-1,1.81414e-10,1,0
0.00700191,-0.106617,0.0969932,-0.238625,3.71089,-15226.9,-1,1.15138e-09,1,0
0.00700316,-0.106115,0.0972073,-0.237569,3.70862,-15152.5,-1,9.68679e-11,1,0
0.00700521,-0.106576,0.0957991,-0.239233,3.70612,-15213.9,-1,1.16339e-09,1,0
0.00700782,-0.107199,0.095307,-0.237706,3.70905,-15297,-1,1.68361e-09,1,0
0.00700913,-0.108627,0.0955998,-0.23736,3.70889,-15498,-1,1.34346e-09,1,0
0.00701083,-0.109683,0.096321,-0.237701,3.70843,-15644.9,-1,5.13304e-10,1,0
0.007012,-0.110878,0.0962564,-0.2379,3.70849,-15812.6,-1,7.25473e-11,1,0
0.00701288,-0.111284,0.0958495,-0.238609,3.70997,-15868.5,-1,9.42007e-11,1,0
0.00701485,-0.110817,0.0971363,-0.240032,3.70974,-15797.5,-1,1.8618e-09,1,0
0.00701558,-0.111108,0.0965551,-0.240542,3.70972,-15837.4,-1,1.8618e-09,1,0
0.00701726,-0.111942,0.0969901,-0.241656,3.7118,-15952.4,-1,4.47581e-10,1,0
0.00701836,-0.112541,0.0978496,-0.242365,3.71086,-16035.2,-1,2.55747e-09,1,0
0.0070192,-0.11331,0.0978421,-0.24286,3.71244,-16142.8,-1,3.98483e-10,1,0
0.00702065,-0.113926,0.0976862,-0.242325,3.7104,-16227.3,-1,5.65345e-10,1,0
0.00702101,-0.114327,0.0976723,-0.242245,3.71038,-16283.6,-1,5.65345e-10,1,0
0.0070216,-0.114543,0.0975087,-0.242422,3.70907,-16312.9,-1,2.30641e-10,1,0
0.00702177,-0.114635,0.0976214,-0.242327,3.70958,-16325.7,-1,1.82203e-10,1,0
0.00702216,-0.11499,0.0978175,-0.242154,3.70945,-16375.3,-1,1.63242e-10,1,0
0.00702319,-0.115708,0.0982038,-0.241638,3.71007,-16475.1,-1,1.32612e-09,1,0
0.00702362,-0.115327,0.0981953,-0.241934,3.70736,-16419.9,-1,4.57614e-10,1,0
0.00702426,-0.115786,0.0981085,-0.241861,3.70962,-16483.8,-1,5.72725e-10,1,0
0.00702452,-0.115671,0.0980726,-0.24159,3.70803,-16466.8,-1,2.96724e-10,1,0
0.00702528,-0.115148,0.098032,-0.241148,3.70628,-16390.5,-1,2.54082e-10,1,0
0.0070265,-0.115013,0.0985824,-0.24143,3.70839,-16368.4,-1,6.30156e-10,1,0
0.00702803,-0.114042,0.0999482,-0.240936,3.70811,-16226.7,-1,2.37145e-09,1,0
0.00702938,-0.113186,0.101152,-0.240501,3.70879,-16101.8,-1,1.54009e-09,1,0
0.00703034,-0.113549,0.100908,-0.240617,3.70958,-16151.3,-1,3.96044e-10,1,0
0.00703111,-0.114167,0.100324,-0.240377,3.70955,-16237.4,-1,3.96044e-10,1,0
0.00703316,-0.115803,0.0987782,-0.239743,3.71088,-16465.2,-1,3.92102e-09,1,0
0.00703388,-0.115365,0.0992452,-0.239927,3.70843,-16401.4,-1,2.99538e-11,1,0
0.00703614,-0.114424,0.0970676,-0.240957,3.70326,-16262.4,-1,1.29327e-09,1,0
0.00703779,-0.114153,0.0956988,-0.241607,3.70606,-16220,-1,3.05545e-10,1,0
0.00703842,-0.114306,0.0954184,-0.241719,3.70473,-16240.3,-1,3.3266e-10,1,0
0.00703967,-0.114026,0.0944593,-0.240702,3.70475,-16197.6,-1,3.3266e-10,1,0
0.00704108,-0.114037,0.0954699,-0.240339,3.70461,-16196,-1,1.52617e-10,1,0
0.0070422,-0.112759,0.0953891,-0.240287,3.70467,-16012,-1,1.52617e-10,1,0
0.00704396,-0.110752,0.0952622,-0.240205,3.70645,-15723,-1,6.92636e-10,1,0
0.00704481,-0.110695,0.0957953,-0.239415,3.70597,-15713,-1,8.79e-11,1,0
0.007047,-0.110139,0.0971657,-0.239313,3.70297,-15629.2,-1,2.08804e-09,1,0
0.00704777,-0.109938,0.0975627,-0.239742,3.70002,-15599,-1,1.39499e-10,1,0
0.00704866,-0.109954,0.09775,-0.240257,3.6997,-15599.3,-1,1.42875e-09,1,0
0.00704913,-0.110054,0.0975812,-0.24018,3.69962,-15612.4,-1,1.59928e-10,1,0
0.00705016,-0.109333,0.0972577,-0.239771,3.70005,-15507.8,-1,8.96292e-10,1,0
0.00705038,-0.109386,0.0972915,-0.239528,3.69898,-15514.9,-1,2.51288e-10,1,0
0.00705084,-0.109147,0.0968768,-0.239571,3.69709,-15480,-1,4.62619e-10,1,0
0.00705123,-0.109293,0.0965158,-0.239509,3.69795,-15499.9,-1,3.99201e-12,1,0
0.00705179,-0.109295,0.0960165,-0.239432,3.69377,-15499,-1,1.45291e-10,1,0
0.00705261,-0.109153,0.0963234,-0.239389,3.69224,-15476.9,-1,3.93459e-10,1,0
0.00705484,-0.107542,0.0958929,-0.239496,3.69616,-15243.8,-1,1.74601e-09,1,0
0.00705617,-0.107976,0.094518,-0.238992,3.69614,-15302.4,-1,1.74601e-09,1,0
0.00705763,-0.108447,0.0930252,-0.238444,3.69611,-15366,-1,1.74601e-09,1,0
0.00705956,-0.109846,0.0916079,-0.238141,3.69332,-15559.9,-1,1.85624e-10,1,0
0.00706141,-0.109683,0.0909188,-0.238382,3.6892,-15532.7,-1,1.2674e-09,1,0
0.00706212,-0.109842,0.0910758,-0.238454,3.68926,-15553.7,-1,3.21354e-10,1,0
0.00706393,-0.110471,0.0926434,-0.238863,3.6915,-15638.8,-1,6.10311e-10,1,0
0.00706462,-0.110128,0.092365,-0.239208,3.69098,-15588.6,-1,2.7311e-10,1,0
0.00706536,-0.109427,0.0924085,-0.239463,3.69156,-15487.8,-1,7.10494e-10,1,0
0.00706569,-0.109104,0.0925369,-0.239596,3.69158,-15441.3,-1,7.10494e-10,1,0
0.00706651,-0.108311,0.0925801,-0.239924,3.69252,-15327.3,-1,3.41849e-10,1,0
0.00706774,-0.107408,0.0927985,-0.240637,3.69546,-15197,-1,2.84627e-10,1,0
0.00706864,-0.107436,0.0936999,-0.241079,3.69753,-15199,-1,3.11982e-10,1,0
0.00706905,-0.107517,0.0937869,-0.2412,3.69331,-15209.5,-1,2.6652e-10,1,0
0.00707048,-0.106034,0.0931395,-0.241321,3.69364,-14996.7,-1,1.71576e-10,1,0
0.00707102,-0.105506,0.0928152,-0.241254,3.69397,-14920.9,-1,1.46842e-09,1,0
0.00707174,-0.105385,0.0922426,-0.241063,3.69512,-14902.3,-1,9.85026e-10,1,0
0.00707303,-0.106013,0.0910121,-0.240576,3.69295,-14988.4,-1,5.83968e-10,1,0
0.0070747,-0.10471,0.0913862,-0.240806,3.69233,-14800.6,-1,4.11871e-10,1,0
0.0070749,-0.104783,0.0914894,-0.240859,3.69087,-14810.5,-1,1.5425e-10,1,0
0.00707559,-0.105314,0.0911215,-0.241307,3.69096,-14884.1,-1,6.76462e-10,1,0
0.00707802,-0.106329,0.092697,-0.243345,3.69091,-15022.4,-1,6.76462e-10,1,0
0.00707847,-0.106518,0.0929905,-0.243725,3.6909,-15048.2,-1,6.76462e-10,1,0
0.0070797,-0.107035,0.0937919,-0.244761,3.69081,-15118.5,-1,3.98223e-09,1,0
0.0070808,-0.107127,0.0934604,-0.244896,3.69286,-15129.2,-1,1.25835e-09,1,0
0.00708283,-0.10595,0.0930733,-0.244952,3.69223,-14958.7,-1,9.11102e-10,1,0
0.00708399,-0.105363,0.0932126,-0.246016,3.69125,-14873.4,-1,7.41348e-10,1,0
0.00708453,-0.105441,0.0931321,-0.246223,3.69,-14883.3,-1,4.02902e-11,1,0
0.00708677,-0.107051,0.0917184,-0.246022,3.68922,-15105.7,-1,1.09618e-09,1,0
0.00708799,-0.10725,0.0926435,-0.246668,3.68831,-15131.2,-1,4.73125e-10,1,0
0.00708934,-0.107064,0.0924295,-0.246354,3.69059,-15102.2,-1,5.976e-10,1,0
0.00709044,-0.106823,0.0925143,-0.245772,3.69222,-15065.8,-1,4.01192e-10,1,0
0.00709122,-0.10732,0.0931412,-0.245375,3.69219,-15134.3,-1,4.01192e-10,1,0
0.0070928,-0.107337,0.0942806,-0.244659,3.6936,-15133.2,-1,7.38408e-10,1,0
0.007094,-0.108625,0.0940099,-0.244267,3.69353,-15312.2,-1,7.38408e-10,1,0
0.00709454,-0.109155,0.0938673,-0.244127,3.69421,-15385.8,-1,3.81971e-11,1,0
0.0070952,-0.109244,0.0939928,-0.243895,3.6984,-15396.8,-1,2.00206e-10,1,0
0.00709588,-0.10897,0.0941315,-0.243595,3.69867,-15356.8,-1,2.66189e-10,1,0
0.00709638,-0.109128,0.0942951,-0.243293,3.70046,-15377.9,-1,6.77671e-11,1,0
0.00709716,-0.108403,0.0940862,-0.243746,3.6997,-15274.2,-1,3.73123e-11,1,0
0.00709781,-0.108732,0.0939738,-0.244125,3.69689,-15319.1,-1,3.19994e-10,1,0
0.00709846,-0.108208,0.0935539,-0.243902,3.69631,-15243.8,-1,3.35088e-11,1,0
0.00709964,-0.107705,0.0928688,-0.243273,3.69472,-15170.5,-1,3.82849e-10,1,0
0.0071008,-0.107807,0.0915828,-0.243552,3.69472,-15182.3,-1,3.82849e-10,1,0
0.00710146,-0.108001,0.0919706,-0.243763,3.69596,-15208.3,-1,5.98575e-10,1,0
0.00710318,-0.107208,0.0919313,-0.245554,3.694,-15093,-1,1.95885e-09,1,0
0.00710353,-0.106982,0.0920703,-0.245251,3.69312,-15060.3,-1,4.035e-10,1,0
0.00710492,-0.105478,0.0924705,-0.244954,3.69205,-14845.7,-1,8.23748e-10,1,0
0.0071063,-0.104479,0.0916886,-0.245573,3.69253,-14702.3,-1,1.01765e-09,1,0
0.00710757,-0.103597,0.0907733,-0.246234,3.69332,-14575.6,-1,2.1053e-10,1,0
0.00710917,-0.105235,0.0909481,-0.246985,3.69342,-14802.7,-1,6.03814e-10,1,0
0.00711039,-0.105522,0.0907363,-0.247241,3.6924,-14840.5,-1,4.3688e-10,1,0
0.00711149,-0.104468,0.0914069,-0.247258,3.69245,-14690,-1,4.3688e-10,1,0
0.00711204,-0.103935,0.0917456,-0.247266,3.69248,-14614,-1,4.3688e-10,1,0
0.00711266,-0.103609,0.0922205,-0.24725,3.68993,-14566.8,-1,2.8059e-10,1,0
0.0071137,-0.103642,0.0928535,-0.247696,3.69236,-14569.3,-1,8.85148e-10,1,0
0.00711492,-0.1031,0.0923928,-0.246899,3.69017,-14490.7,-1,6.91927e-10,1,0
0.00711698,-0.10376,0.0922182,-0.245904,3.68829,-14579.2,-1,1.53446e-09,1,0
0.00711782,-0.10331,0.0919607,-0.246406,3.68674,-14514.2,-1,5.99164e-10,1,0
0.00711826,-0.103153,0.0918952,-0.246043,3.68733,-14491.4,-1,2.83791e-10,1,0
0.00711862,-0.10322,0.0918187,-0.24576,3.68163,-14500,-1,2.81328e-10,1,0
0.00711991,-0.104485,0.0913325,-0.246009,3.67998,-14675.1,-1,9.53589e-11,1,0
0.00712057,-0.104912,0.0916275,-0.246019,3.6779,-14733.7,-1,2.8594e-12,1,0
0.00712111,-0.105066,0.0922146,-0.24595,3.67666,-14754.2,-1,1.02345e-09,1,0
0.00712215,-0.105214,0.0925851,-0.244841,3.67531,-14772.8,-1,1.17911e-09,1,0
0.00712268,-0.105277,0.0926151,-0.245444,3.67655,-14780.5,-1,6.07412e-10,1,0
0.00712471,-0.104663,0.0922401,-0.24479,3.67871,-14690.1,-1,1.29301e-09,1,0
0.00712545,-0.104643,0.0925348,-0.24402,3.67747,-14685.8,-1,6.65901e-12,1,0
0.00712616,-0.104099,0.0923236,-0.24403,3.67993,-14608,-1,8.09793e-11,1,0
0.00712732,-0.104536,0.0921479,-0.243494,3.68045,-14667,-1,1.35252e-11,1,0
0.00712857,-0.104911,0.0911698,-0.243648,3.67883,-14717,-1,1.38567e-09,1,0
0.0071295,-0.104554,0.0905204,-0.243556,3.67991,-14665,-1,2.93875e-10,1,0
0.00712988,-0.10451,0.090704,-0.243739,3.67528,-14658.1,-1,2.78426e-10,1,0
0.0071312,-0.104574,0.0897527,-0.244345,3.67093,-14664.3,-1,1.29243e-09,1,0
0.00713237,-0.103563,0.0904932,-0.244056,3.67171,-14520.1,-1,3.55454e-11,1,0
0.00713429,-0.105026,0.0919547,-0.243382,3.67163,-14721.3,-1,3.55454e-11,1,0
0.00713579,-0.105507,0.0931198,-0.242922,3.66966,-14785.6,-1,2.23193e-10,1,0
0.00713611,-0.105524,0.0929983,-0.242963,3.66785,-14787.3,-1,4.59089e-10,1,0
0.00713725,-0.105958,0.0918756,-0.243196,3.66722,-14845.8,-1,4.59058e-11,1,0
0.007139,-0.107346,0.0904451,-0.243235,3.66706,-15036.5,-1,2.29308e-09,1,0
0.00713991,-0.108156,0.090756,-0.243527,3.66801,-15148.1,-1,2.68314e-10,1,0
0.00714107,-0.108749,0.0899404,-0.242779,3.66857,-15228.6,-1,8.47283e-10,1,0
0.00714266,-0.109134,0.0883106,-0.242077,3.66581,-15279.2,-1,2.28695e-09,1,0
0.00714357,-0.10839,0.0884894,-0.242038,3.66538,-15173.1,-1,1.63385e-10,1,0
0.00714483,-0.108069,0.0889162,-0.240933,3.6664,-15125.4,-1,1.16721e-09,1,0
0.00714536,-0.108155,0.0891935,-0.240413,3.66639,-15136.5,-1,1.16721e-09,1,0
0.00714648,-0.108204,0.0895635,-0.239436,3.66463,-15140.9,-1,1.68902e-09,1,0
0.00714708,-0.108,0.0893534,-0.239413,3.66795,-15111.1,-1,1.97313e-10,1,0
0.00714785,-0.107595,0.0891238,-0.239477,3.66628,-15052.8,-1,3.36906e-10,1,0
0.00714937,-0.106516,0.0895608,-0.240754,3.66723,-14898.6,-1,1.80511e-09,1,0
0.00715011,-0.10597,0.0895975,-0.240112,3.66656,-14820.8,-1,7.53594e-10,1,0
0.00715205,-0.104191,0.089637,-0.240508,3.66642,-14567.9,-1,7.92212e-10,1,0
0.00715365,-0.104276,0.090714,-0.239755,3.66445,-14576.6,-1,2.06755e-10,1,0
0.00715504,-0.105137,0.0905576,-0.239622,3.66618,-14694.1,-1,2.65714e-10,1,0
0.00715597,-0.10531,0.0899447,-0.239716,3.66471,-14716.3,-1,6.18848e-10,1,0
0.00715656,-0.105971,0.0898738,-0.239809,3.66468,-14807.6,-1,6.18848e-10,1,0
0.00715743,-0.10634,0.0894178,-0.240298,3.66624,-14857.3,-1,6.02816e-10,1,0
0.00715925,-0.106231,0.0896496,-0.239555,3.66644,-14838.3,-1,1.02449e-09,1,0
0.00716057,-0.10682,0.0885005,-0.240164,3.66525,-14917.7,-1,1.42824e-09,1,0
0.00716229,-0.107153,0.0883692,-0.241539,3.66442,-14960.7,-1,7.27367e-10,1,0
0.00716301,-0.106588,0.0887067,-0.242028,3.66445,-14880.3,-1,7.27367e-10,1,0
0.00716434,-0.107383,0.0887279,-0.2419,3.66493,-14988.5,-1,9.68213e-10,1,0
0.00716473,-0.107642,0.0889102,-0.241975,3.66502,-15023.9,-1,1.45537e-10,1,0
0.00716521,-0.10766,0.0887324,-0.241738,3.66608,-15025.3,-1,1.88536e-10,1,0
0.00716546,-0.107547,0.0885181,-0.241584,3.66658,-15009.1,-1,1.33932e-10,1,0
0.00716603,-0.107589,0.0889041,-0.241919,3.66625,-15013.8,-1,1.00151e-10,1,0
0.00716725,-0.107155,0.0891127,-0.242638,3.66363,-14950.6,-1,2.63206e-10,1,0
0.00716774,-0.106931,0.0891617,-0.242887,3.66262,-14918.4,-1,1.32299e-10,1,0
0.00716865,-0.106877,0.0884741,-0.243603,3.66284,-14909,-1,9.76292e-10,1,0
0.00716973,-0.105813,0.0889742,-0.24395,3.66289,-14758.3,-1,9.76292e-10,1,0
0.0071718,-0.10484,0.0903589,-0.245129,3.66472,-14618.3,-1,2.28112e-09,1,0
0.00717375,-0.103975,0.0917557,-0.246071,3.6643,-14493.8,-1,9.25807e-10,1,0
0.00717487,-0.104812,0.0920732,-0.246203,3.66649,-14608.2,-1,4.63638e-10,1,0
0.0071758,-0.10543,0.0920627,-0.24683,3.66575,-14692.4,-1,4.68298e-10,1,0
0.00717656,-0.106025,0.091861,-0.24719,3.66337,-14773.7,-1,1.35121e-10,1,0
0.00717744,-0.106599,0.0911345,-0.246826,3.66283,-14852,-1,9.95196e-10,1,0
0.00717836,-0.107276,0.0914404,-0.247256,3.664,-14944.4,-1,1.33612e-10,1,0
0.0071791,-0.106763,0.0920222,-0.247565,3.66437,-14871.3,-1,5.61886e-10,1,0
0.00718136,-0.105625,0.0935686,-0.246697,3.66402,-14708.2,-1,1.0231e-09,1,0
0.00718215,-0.105745,0.0935893,-0.246131,3.66729,-14723.4,-1,4.27089e-10,1,0
0.00718361,-0.105949,0.0942281,-0.245611,3.66509,-14748.8,-1,7.09262e-10,1,0
0.00718575,-0.105255,0.0961926,-0.246866,3.66523,-14647.8,-1,1.29388e-09,1,0
0.00718602,-0.105167,0.0964413,-0.247025,3.6653,-14635,-1,1.44642e-09,1,0
0.00718734,-0.105376,0.0967861,-0.248399,3.66348,-14661.3,-1,1.45431e-09,1,0
0.00718818,-0.105414,0.0972088,-0.248033,3.66311,-14665,-1,2.39437e-10,1,0
0.007189,-0.105331,0.0977933,-0.247417,3.66249,-14651.7,-1,1.36565e-09,1,0
0.00719036,-0.104601,0.0991106,-0.247061,3.66252,-14547.4,-1,1.36565e-09,1,0
0.00719178,-0.10384,0.100483,-0.246689,3.66274,-14438.8,-1,3.43941e-09,1,0
0.00719298,-0.103743,0.100143,-0.247321,3.66059,-14422.8,-1,4.61228e-10,1,0
0.0071945,-0.103468,0.101229,-0.247301,3.66133,-14381.6,-1,1.06725e-09,1,0
0.00719644,-0.103038,0.10325,-0.246552,3.66135,-14317.9,-1,1.06725e-09,1,0
0.00719719,-0.103308,0.103661,-0.246035,3.66143,-14353.9,-1,5.42668e-10,1,0
0.00719851,-0.103402,0.10328,-0.246383,3.66181,-14364.4,-1,5.21722e-10,1,0
0.00719945,-0.103699,0.103519,-0.247004,3.66539,-14403.7,-1,5.89537e-10,1,0
0.00720027,-0.103709,0.103744,-0.247456,3.66522,-14403.5,-1,6.01561e-10,1,0
0.00720161,-0.104362,0.104752,-0.24839,3.66519,-14491.5,-1,6.01561e-10,1,0
0.00720243,-0.104495,0.103906,-0.248704,3.66513,-14508.3,-1,9.18043e-10,1,0
0.00720391,-0.103869,0.104079,-0.250074,3.66639,-14418.4,-1,1.30796e-09,1,0
0.00720499,-0.103879,0.103524,-0.250391,3.66893,-14417.6,-1,4.25141e-10,1,0
0.00720513,-0.103775,0.103429,-0.250394,3.66868,-14402.9,-1,4.57455e-11,1,0
0.0072058,-0.103346,0.102832,-0.250578,3.6687,-14342.1,-1,4.57455e-11,1,0
0.00720654,-0.103556,0.102561,-0.250771,3.6702,-14369.7,-1,4.45629e-10,1,0
0.00720835,-0.101719,0.10349,-0.25069,3.67081,-14111.3,-1,2.05969e-09,1,0
0.00720956,-0.10206,0.103163,-0.250912,3.6696,-14156.2,-1,9.35661e-10,1,0
0.00721171,-0.101841,0.105538,-0.251299,3.67087,-14121.6,-1,1.1236e-09,1,0
0.00721368,-0.102332,0.106604,-0.251313,3.66977,-14185.8,-1,1.12862e-09,1,0
0.00721559,-0.101907,0.105994,-0.25256,3.67141,-14123.2,-1,1.86441e-09,1,0
0.00721612,-0.101497,0.105963,-0.252732,3.66975,-14065.3,-1,1.46056e-11,1,0
0.00721761,-0.100649,0.106806,-0.252357,3.66669,-13944.9,-1,3.43886e-10,1,0
0.00721911,-0.101435,0.107231,-0.250903,3.66634,-14050.9,-1,1.70583e-09,1,0
0.00721994,-0.101771,0.106524,-0.251282,3.66746,-14095.8,-1,4.7251e-11,1,0
0.00722096,-0.101463,0.106741,-0.250779,3.66865,-14051.2,-1,8.80533e-10,1,0
0.0072218,-0.101111,0.107288,-0.251476,3.66826,-14000.8,-1,9.53398e-10,1,0
0.00722335,-0.102284,0.108494,-0.251194,3.66767,-14160.2,-1,2.99352e-10,1,0
0.00722447,-0.103246,0.108508,-0.251163,3.66835,-14291.1,-1,6.76975e-10,1,0
0.00722608,-0.10458,0.10757,-0.251531,3.66846,-14472.6,-1,1.50575e-09,1,0
0.00722698,-0.104264,0.106798,-0.251958,3.66442,-14427,-1,9.27478e-10,1,0
0.00722837,-0.105106,0.105479,-0.251766,3.66304,-14540.8,-1,1.57638e-09,1,0
0.00723018,-0.105604,0.103735,-0.252732,3.66301,-14606,-1,1.57638e-09,1,0
0.00723222,-0.106166,0.101765,-0.253823,3.66438,-14679.6,-1,4.3766e-09,1,0
0.00723278,-0.105975,0.101552,-0.253423,3.66351,-14652.1,-1,4.95031e-10,1,0
0.00723322,-0.105689,0.101429,-0.253595,3.66541,-14611.7,-1,1.5323e-10,1,0
0.00723438,-0.10564,0.100842,-0.254223,3.66511,-14602.4,-1,5.58057e-10,1,0
0.00723486,-0.105916,0.10067,-0.254659,3.66399,-14639.6,-1,1.30747e-09,1,0
0.00723616,-0.10674,0.0994556,-0.254821,3.66395,-14750.9,-1,1.30747e-09,1,0
0.00723833,-0.108112,0.0974338,-0.255092,3.66198,-14936,-1,3.9399e-09,1,0
0.00723989,-0.108144,0.0974586,-0.253924,3.66141,-14937.3,-1,1.43112e-09,1,0
0.00724141,-0.109222,0.0968739,-0.255146,3.66201,-15083,-1,5.70506e-10,1,0
0.00724271,-0.109575,0.0980532,-0.255945,3.66266,-15129,-1,1.36502e-09,1,0
0.00724319,-0.110003,0.0983763,-0.25589,3.66439,-15187.1,-1,2.80991e-10,1,0
0.00724409,-0.109897,0.0982549,-0.255691,3.66544,-15170.6,-1,4.08091e-10,1,0
0.00724438,-0.109913,0.0981345,-0.255566,3.66661,-15172.2,-1,2.23537e-10,1,0
0.00724503,-0.109297,0.097813,-0.255788,3.66301,-15085.8,-1,7.09862e-10,1,0
0.00724598,-0.110123,0.0971807,-0.256092,3.66069,-15197.8,-1,1.08398e-09,1,0
0.00724682,-0.109905,0.0967645,-0.25526,3.6607,-15166,-1,1.08398e-09,1,0
0.00724817,-0.109629,0.0963401,-0.254308,3.66103,-15125,-1,2.24745e-10,1,0
0.00725012,-0.107502,0.0968139,-0.254067,3.66125,-14827.7,-1,1.19745e-09,1,0
0.00725154,-0.108265,0.0974115,-0.254691,3.6595,-14929.9,-1,3.51004e-10,1,0
0.00725315,-0.107222,0.0959671,-0.25429,3.65996,-14782.8,-1,1.82593e-09,1,0
0.00725435,-0.107677,0.096789,-0.254364,3.65843,-14843,-1,7.15846e-10,1,0
0.00725565,-0.108865,0.0976495,-0.254243,3.66174,-15004.2,-1,7.62864e-10,1,0
0.00725646,-0.108859,0.0983675,-0.254064,3.65951,-15001.7,-1,6.14885e-10,1,0
0.00725737,-0.109779,0.0987477,-0.253794,3.65791,-15126.6,-1,3.43769e-10,1,0
0.00725786,-0.109766,0.0988259,-0.253576,3.65506,-15123.8,-1,1.06733e-10,1,0
0.00725961,-0.108706,0.0992321,-0.253168,3.65513,-14974.1,-1,1.37263e-09,1,0
0.0072614,-0.107866,0.0979983,-0.253065,3.65652,-14854.7,-1,7.86998e-10,1,0
0.00726218,-0.107443,0.0984099,-0.252663,3.65528,-14794.9,-1,1.48522e-10,1,0
0.00726377,-0.107265,0.0992884,-0.252184,3.65426,-14767.1,-1,4.3956e-10,1,0
0.00726483,-0.106093,0.0995462,-0.25219,3.65432,-14603.7,-1,4.3956e-10,1,0
0.00726561,-0.106212,0.0997839,-0.251837,3.65515,-14618.4,-1,5.78351e-10,1,0
0.00726655,-0.106467,0.100727,-0.252217,3.65702,-14651.7,-1,1.8151e-10,1,0
0.00726786,-0.106996,0.0996217,-0.251869,3.65787,-14721.9,-1,2.5149e-12,1,0
0.00726814,-0.106811,0.0995122,-0.251629,3.65666,-14695.8,-1,3.22493e-10,1,0
0.00726947,-0.106452,0.100398,-0.250461,3.65682,-14643.7,-1,1.50858e-09,1,0
0.00727104,-0.106857,0.0990112,-0.250923,3.65375,-14696.3,-1,1.62104e-09,1,0
0.00727357,-0.107461,0.10009,-0.249312,3.65251,-14774.1,-1,8.93589e-10,1,0
0.00727401,-0.107798,0.100342,-0.249364,3.65474,-14819.6,-1,1.08081e-09,1,0
0.00727602,-0.106994,0.100399,-0.249582,3.65723,-14705,-1,8.67835e-10,1,0
0.00727746,-0.105851,0.0997698,-0.249177,3.65665,-14545,-1,2.03863e-09,1,0
0.00727868,-0.105047,0.0987764,-0.248635,3.65884,-14432.1,-1,2.49638e-09,1,0
0.0072796,-0.105528,0.0991615,-0.249231,3.65874,-14496.4,-1,8.39647e-10,1,0
0.00728073,-0.106143,0.0988419,-0.250124,3.65763,-14578.7,-1,4.26587e-10,1,0
0.00728141,-0.106615,0.0984489,-0.250514,3.65887,-14642.1,-1,1.49682e-09,1,0
0.00728269,-0.10803,0.0981623,-0.250352,3.65871,-14833.8,-1,1.58529e-09,1,0
0.00728541,-0.107597,0.0977886,-0.250441,3.65801,-14768.9,-1,1.29253e-09,1,0
0.00728633,-0.107041,0.0969539,-0.250236,3.65824,-14690.6,-1,2.821e-09,1,0
0.00728678,-0.106791,0.0966546,-0.25054,3.65874,-14655.4,-1,3.84144e-10,1,0
0.00728838,-0.107684,0.097192,-0.252027,3.6597,-14774.7,-1,1.81612e-09,1,0
0.00728857,-0.107478,0.0971838,-0.252091,3.66015,-14746.1,-1,2.15929e-10,1,0
0.00728967,-0.106586,0.0963319,-0.251906,3.66019,-14621.5,-1,2.15929e-10,1,0
0.00729014,-0.106202,0.0959644,-0.251826,3.66021,-14567.9,-1,2.15929e-10,1,0
0.00729058,-0.105846,0.0956245,-0.251752,3.66023,-14518.2,-1,2.15929e-10,1,0
0.00729111,-0.105412,0.0952094,-0.251662,3.66025,-14457.5,-1,2.15929e-10,1,0
0.00729183,-0.104828,0.0946521,-0.251542,3.66028,-14376.1,-1,2.15929e-10,1,0
0.00729266,-0.104154,0.0940077,-0.251402,3.66032,-14282,-1,2.15929e-10,1,0
0.00729435,-0.10342,0.0948393,-0.251011,3.66012,-14178.1,-1,1.31244e-09,1,0
0.00729556,-0.102449,0.0954565,-0.251726,3.66004,-14042.7,-1,6.2869e-10,1,0
0.00729725,-0.100968,0.0964468,-0.252421,3.66012,-13836.5,-1,6.2869e-10,1,0
0.0072989,-0.0995149,0.0974188,-0.253103,3.66117,-13634.2,-1,4.54358e-09,1,0
0.00730105,-0.101576,0.09818,-0.254164,3.6612,-13912.5,-1,1.29271e-09,1,0
0.00730167,-0.10206,0.0984114,-0.254001,3.66079,-13977.7,-1,1.45771e-09,1,0
0.007303,-0.102911,0.098927,-0.252863,3.65714,-14091.6,-1,1.90688e-09,1,0
0.00730481,-0.102087,0.0986661,-0.253497,3.65695,-13975.3,-1,4.91732e-10,1,0
0.00730626,-0.103193,0.0989523,-0.253307,3.65949,-14123.9,-1,3.58543e-10,1,0
0.00730683,-0.103242,0.0989505,-0.253134,3.65988,-14129.5,-1,9.91664e-11,1,0
0.00730732,-0.103061,0.099389,-0.252904,3.66069,-14103.8,-1,1.00537e-10,1,0
0.00730878,-0.102597,0.100562,-0.25197,3.66346,-14037.5,-1,1.98501e-10,1,0
0.00730888,-0.102638,0.100537,-0.251974,3.66674,-14042.9,-1,7.1492e-11,1,0
0.00730989,-0.101919,0.100259,-0.25125,3.66727,-13942.5,-1,1.0328e-09,1,0
0.00731069,-0.10119,0.0999017,-0.251317,3.66627,-13841.4,-1,5.44859e-10,1,0
0.00731094,-0.10094,0.0997896,-0.251224,3.66628,-13806.7,-1,5.44859e-10,1,0
0.00731252,-0.100773,0.0998174,-0.251647,3.6662,-13780.9,-1,1.6079e-09,1,0
0.00731465,-0.102187,0.100708,-0.253398,3.66613,-13970.2,-1,1.6079e-09,1,0
0.00731693,-0.103697,0.101659,-0.255269,3.66605,-14172.3,-1,1.6079e-09,1,0
0.00731737,-0.103584,0.101402,-0.25516,3.66379,-14155.9,-1,3.94641e-11,1,0
0.00731761,-0.10371,0.101495,-0.255174,3.6629,-14172.6,-1,1.6758e-10,1,0
0.00731889,-0.104098,0.102029,-0.254104,3.66394,-14223.2,-1,1.26683e-09,1,0
0.0073198,-0.104082,0.101529,-0.254285,3.66241,-14219.2,-1,5.36769e-10,1,0
0.00732032,-0.104113,0.100951,-0.254433,3.66352,-14222.5,-1,1.37025e-09,1,0
0.00732076,-0.104265,0.101145,-0.254025,3.66379,-14242.3,-1,1.52237e-10,1,0
0.0073209,-0.104343,0.10121,-0.254079,3.66351,-14252.7,-1,3.83005e-10,1,0
0.0073227,-0.105281,0.102053,-0.255634,3.66336,-14377.4,-1,2.32694e-10,1,0
0.00732333,-0.105287,0.102281,-0.25598,3.66029,-14376.9,-1,1.7306e-10,1,0
0.00732354,-0.105467,0.10241,-0.255893,3.66009,-14401.1,-1,2.38529e-10,1,0
0.00732416,-0.105427,0.102753,-0.255466,3.65902,-14394.5,-1,1.63428e-10,1,0
0.00732469,-0.105509,0.102604,-0.255774,3.65702,-14404.5,-1,2.67792e-10,1,0
0.00732512,-0.105635,0.102692,-0.255939,3.66004,-14420.9,-1,1.22411e-10,1,0
0.00732591,-0.105284,0.103323,-0.255435,3.66208,-14371.4,-1,5.56083e-10,1,0
0.00732694,-0.104212,0.103015,-0.255808,3.66214,-14223.2,-1,5.56083e-10,1,0
0.00732833,-0.102778,0.102603,-0.256306,3.66221,-14024.7,-1,5.56083e-10,1,0
0.00733042,-0.101999,0.10289,-0.255763,3.66365,-13914.5,-1,1.15786e-09,1,0
0.00733162,-0.100892,0.102732,-0.255653,3.66514,-13761.2,-1,5.78718e-10,1,0
0.00733397,-0.101052,0.105079,-0.255322,3.6632,-13778.6,-1,2.29265e-09,1,0
0.00733561,-0.100433,0.105858,-0.256574,3.66567,-13691.1,-1,8.41082e-10,1,0
0.00733764,-0.0984515,0.104749,-0.256166,3.66561,-13417.3,-1,2.27085e-09,1,0
0.007338,-0.0981299,0.104897,-0.256279,3.66321,-13372.8,-1,1.08188e-10,1,0
0.00733941,-0.0976458,0.104141,-0.256851,3.66436,-13304.3,-1,5.70316e-10,1,0
0.00734111,-0.0978931,0.105342,-0.255754,3.66219,-13334.9,-1,1.78561e-09,1,0
0.00734151,-0.097996,0.105345,-0.2562,3.66248,-13348.2,-1,2.50452e-10,1,0
0.00734218,-0.0980431,0.105411,-0.255477,3.66006,-13353.4,-1,2.94576e-10,1,0
0.00734262,-0.0978838,0.10501,-0.255343,3.65895,-13330.9,-1,1.81522e-10,1,0
0.00734426,-0.0979844,0.104058,-0.256138,3.65688,-13341.6,-1,1.3101e-09,1,0
0.00734528,-0.0977273,0.1039,-0.256452,3.65475,-13304.8,-1,5.87216e-10,1,0
0.00734544,-0.0978149,0.103776,-0.25647,3.65511,-13316.4,-1,1.48995e-10,1,0
0.00734727,-0.0992003,0.103887,-0.257834,3.65486,-13501.7,-1,7.82478e-10,1,0
0.00734774,-0.099381,0.103948,-0.257781,3.6537,-13525.4,-1,1.83473e-10,1,0
0.0073491,-0.100235,0.104025,-0.259059,3.65366,-13639.1,-1,1.83473e-10,1,0
0.00734995,-0.100772,0.104074,-0.259863,3.65363,-13710.6,-1,1.83473e-10,1,0
0.0073508,-0.101304,0.104122,-0.260659,3.65361,-13781.4,-1,1.83473e-10,1,0
0.00735149,-0.101742,0.104161,-0.261313,3.65275,-13839.6,-1,5.22749e-11,1,0
0.007352,-0.102058,0.104147,-0.261713,3.65143,-13881.6,-1,5.74538e-11,1,0
0.0073528,-0.102551,0.103511,-0.261298,3.65141,-13947.3,-1,5.74538e-11,1,0
0.00735437,-0.103527,0.102257,-0.260479,3.65083,-14076.9,-1,1.01961e-09,1,0
0.00735512,-0.102909,0.101811,-0.260447,3.65216,-13991.5,-1,7.79837e-10,1,0
0.00735535,-0.103104,0.10164,-0.260466,3.64888,-14017.5,-1,2.09886e-10,1,0
0.0073564,-0.102289,0.101145,-0.260555,3.64839,-13904.8,-1,8.23382e-10,1,0
0.00735702,-0.101645,0.100881,-0.260597,3.64816,-13816,-1,2.36397e-10,1,0
0.00735747,-0.10116,0.10072,-0.26064,3.64819,-13749.3,-1,2.36397e-10,1,0
0.00735812,-0.100563,0.100555,-0.260585,3.64719,-13667,-1,1.6794e-09,1,0
0.00735967,-0.100466,0.101035,-0.2589,3.6472,-13650.9,-1,1.6794e-09,1,0
0.00736055,-0.100411,0.101308,-0.257941,3.65094,-13641.8,-1,2.86469e-09,1,0
0.00736317,-0.100268,0.100051,-0.259069,3.6489,-13617.5,-1,1.29321e-09,1,0
0.0073644,-0.100157,0.0986989,-0.259188,3.64917,-13600.1,-1,2.53607e-09,1,0
0.00736521,-0.100222,0.0980871,-0.259097,3.64949,-13607.5,-1,3.61706e-10,1,0
0.00736592,-0.100731,0.0981236,-0.258725,3.64659,-13675.3,-1,6.31215e-10,1,0
0.00736766,-0.0993569,0.0969631,-0.257928,3.64578,-13485.5,-1,1.886e-09,1,0
0.00736891,-0.0982135,0.0971824,-0.257157,3.64484,-13328.1,-1,2.75707e-10,1,0
0.00736958,-0.0981077,0.0969569,-0.256641,3.64476,-13312.5,-1,1.14252e-10,1,0
0.00737155,-0.0993735,0.096027,-0.255051,3.64561,-13480.7,-1,2.23501e-09,1,0
0.00737239,-0.0996377,0.0963513,-0.255401,3.64379,-13515,-1,1.93816e-10,1,0
0.00737376,-0.0986756,0.0964606,-0.256605,3.64384,-13382,-1,1.93816e-10,1,0
0.00737503,-0.0986429,0.0955257,-0.256207,3.6424,-13375.3,-1,4.65318e-11,1,0
0.0073766,-0.0975955,0.0950286,-0.255798,3.63936,-13230.4,-1,1.77475e-10,1,0
0.007378,-0.09791,0.0937429,-0.255167,3.64103,-13270.5,-1,3.32531e-10,1,0
0.00737997,-0.0969625,0.0931648,-0.253226,3.64294,-13138.6,-1,1.29282e-09,1,0
0.00738103,-0.0964547,0.0928549,-0.252186,3.64328,-13067.9,-1,2.14091e-09,1,0
0.00738218,-0.0957487,0.0939422,-0.25208,3.64317,-12970.3,-1,2.10569e-12,1,0
0.00738273,-0.0954085,0.0944675,-0.25203,3.64318,-12923.2,-1,2.10569e-12,1,0
0.00738328,-0.0950702,0.0949896,-0.25198,3.64186,-12876.4,-1,2.55171e-09,1,0
0.00738389,-0.0947146,0.094907,-0.25157,3.64202,-12827.2,-1,1.05244e-10,1,0
0.00738607,-0.0958765,0.0966172,-0.251886,3.64046,-12980.7,-1,6.8357e-10,1,0
0.00738769,-0.096375,0.0956728,-0.252919,3.64175,-13045.3,-1,1.1719e-09,1,0
0.0073892,-0.0968191,0.0946325,-0.253044,3.6436,-13102.8,-1,2.58602e-09,1,0
0.00738956,-0.0968882,0.0947034,-0.252647,3.64344,-13111.5,-1,8.12355e-10,1,0
0.00739129,-0.097427,0.0942659,-0.251597,3.64471,-13181.3,-1,1.52864e-09,1,0
0.0073926,-0.0974095,0.0934806,-0.252789,3.64418,-13176.6,-1,1.94132e-10,1,0
0.00739276,-0.09741,0.0936193,-0.252801,3.64409,-13176.4,-1,1.36842e-10,1,0
0.00739413,-0.0971357,0.0941603,-0.252966,3.64845,-13136.9,-1,6.8259e-10,1,0
0.00739677,-0.0971144,0.0919689,-0.252849,3.64633,-13129.3,-1,1.28607e-09,1,0
0.00739823,-0.0972518,0.090483,-0.252217,3.64715,-13145.3,-1,1.63546e-09,1,0
0.00739895,-0.0967283,0.0904665,-0.251595,3.64516,-13073.2,-1,1.80949e-11,1,0
0.00739963,-0.0964092,0.0904987,-0.25102,3.64568,-13028.9,-1,4.87732e-10,1,0
0.00740052,-0.0971036,0.0908529,-0.250391,3.64648,-13121.2,-1,1.13056e-09,1,0
0.00740105,-0.0972748,0.0907819,-0.250579,3.64322,-13143.4,-1,3.57601e-10,1,0
0.00740161,-0.0977421,0.0907761,-0.251004,3.64463,-13205.5,-1,6.3292e-10,1,0
0.00740243,-0.0985451,0.0911353,-0.250922,3.64215,-13312.5,-1,8.52491e-10,1,0
0.00740368,-0.0998162,0.0917283,-0.250745,3.64074,-13482,-1,2.1616e-10,1,0
0.0074045,-0.100646,0.0921153,-0.25063,3.64073,-13592.5,-1,9.22534e-10,1,0
0.0074052,-0.100923,0.0920875,-0.24989,3.64007,-13628.6,-1,6.41461e-10,1,0
0.00740653,-0.100584,0.0931449,-0.249865,3.63848,-13580.4,-1,1.03084e-09,1,0
0.00740761,-0.101243,0.0925745,-0.249091,3.63663,-13667.5,-1,1.16892e-09,1,0
0.00740808,-0.100938,0.0924019,-0.249243,3.63849,-13625.4,-1,4.10805e-10,1,0
0.00740916,-0.101917,0.0923788,-0.249985,3.63941,-13755.5,-1,1.2286e-09,1,0
0.00741093,-0.103568,0.0915297,-0.249229,3.63772,-13975,-1,2.00447e-09,1,0
0.0074125,-0.103428,0.0909896,-0.249753,3.64043,-13953.2,-1,5.8013e-10,1,0
0.00741264,-0.103392,0.0910331,-0.249659,3.64022,-13948,-1,4.95523e-11,1,0
0.00741451,-0.103266,0.0923079,-0.249349,3.64233,-13927.5,-1,1.43248e-09,1,0
0.00741629,-0.103558,0.0913453,-0.250667,3.64271,-13963.6,-1,4.73173e-10,1,0
0.00741691,-0.103728,0.0916438,-0.250949,3.6425,-13985.3,-1,1.59041e-10,1,0
0.00741741,-0.103868,0.0917408,-0.250849,3.64513,-14003.3,-1,2.28745e-10,1,0
0.00741806,-0.104147,0.0917584,-0.250487,3.6436,-14039.6,-1,2.6698e-11,1,0
0.00741866,-0.103994,0.0922101,-0.250969,3.64361,-14017.9,-1,2.6698e-11,1,0
0.00741938,-0.103809,0.0927549,-0.251551,3.64347,-13991.6,-1,1.63023e-09,1,0
0.00742002,-0.104314,0.0931155,-0.251176,3.64344,-14058.5,-1,1.63023e-09,1,0
0.00742117,-0.105221,0.0937625,-0.250504,3.6434,-14178.5,-1,1.63023e-09,1,0
0.00742224,-0.10604,0.0943496,-0.249958,3.64328,-14286.8,-1,3.18493e-09,1,0
0.00742244,-0.106082,0.0943973,-0.250177,3.64291,-14292.1,-1,2.68519e-10,1,0
0.00742301,-0.106015,0.0946687,-0.25076,3.64318,-14281.9,-1,6.62058e-10,1,0
0.00742383,-0.106114,0.0952159,-0.25134,3.64297,-14293.7,-1,4.93577e-10,1,0
0.00742462,-0.106653,0.0955908,-0.25194,3.64368,-14364.8,-1,1.3211e-09,1,0
0.00742638,-0.10621,0.0952863,-0.250184,3.6434,-14301.7,-1,1.69575e-09,1,0
0.00742677,-0.106148,0.0955512,-0.250077,3.64662,-14292.6,-1,2.72637e-11,1,0
0.00742788,-0.105984,0.0944874,-0.249426,3.64663,-14268.4,-1,2.72637e-11,1,0
0.00742973,-0.105787,0.0935736,-0.250119,3.64606,-14238.3,-1,1.17887e-09,1,0
0.00743035,-0.105981,0.0930855,-0.250101,3.6453,-14263.3,-1,8.93322e-11,1,0
0.00743216,-0.106633,0.0911919,-0.250061,3.64571,-14347.5,-1,2.55229e-09,1,0
0.00743316,-0.106115,0.0909092,-0.249201,3.64449,-14275.9,-1,6.52375e-10,1,0
0.0074339,-0.10665,0.0907085,-0.249517,3.64601,-14346.4,-1,4.74321e-10,1,0
0.00743502,-0.106745,0.0919736,-0.249537,3.64893,-14357.1,-1,2.06189e-10,1,0
0.00743558,-0.106822,0.0924044,-0.249523,3.64846,-14366.3,-1,1.92043e-11,1,0
0.00743681,-0.107522,0.0927904,-0.250666,3.64914,-14458,-1,1.30139e-09,1,0
0.00743933,-0.107896,0.0930466,-0.25185,3.64808,-14503.5,-1,2.10265e-09,1,0
0.00744082,-0.106618,0.0924427,-0.250917,3.64814,-14328.8,-1,2.10265e-09,1,0
0.00744214,-0.105244,0.0921325,-0.251089,3.64846,-14141.6,-1,1.26626e-09,1,0
0.00744402,-0.104579,0.0921222,-0.25206,3.64499,-14048.7,-1,1.82843e-09,1,0
0.00744506,-0.104811,0.0924762,-0.25135,3.64604,-14077.9,-1,3.35101e-10,1,0
0.00744524,-0.104618,0.0925052,-0.251268,3.64471,-14051.7,-1,5.36873e-10,1,0
0.00744703,-0.10508,0.0921851,-0.252175,3.64621,-14110.4,-1,1.10196e-09,1,0
0.00744802,-0.104381,0.0916599,-0.252864,3.64634,-14014.6,-1,2.03763e-09,1,0
0.00744864,-0.103969,0.091368,-0.253244,3.64663,-13958.1,-1,6.67522e-10,1,0
0.00744941,-0.10459,0.09145,-0.253158,3.64616,-14040,-1,3.15097e-10,1,0
0.00745023,-0.105493,0.0913347,-0.253371,3.64789,-14159.7,-1,1.14245e-09,1,0
0.00745055,-0.105744,0.0911852,-0.253538,3.64804,-14192.7,-1,2.29398e-10,1,0
0.00745119,-0.105748,0.0914845,-0.253451,3.64666,-14192.1,-1,3.45905e-10,1,0
0.00745216,-0.105694,0.090696,-0.254149,3.64726,-14183,-1,8.02604e-10,1,0
0.00745329,-0.106069,0.0900585,-0.254669,3.64582,-14231.2,-1,4.36043e-11,1,0
0.00745396,-0.106365,0.0903841,-0.255291,3.64581,-14269.6,-1,4.36043e-11,1,0
0.00745431,-0.106517,0.0905517,-0.255612,3.64613,-14289.3,-1,1.50554e-09,1,0
0.00745657,-0.107253,0.0900862,-0.25739,3.64618,-14383.7,-1,1.2926e-09,1,0
0.00745705,-0.107666,0.0899793,-0.25717,3.64458,-14438.1,-1,1.9986e-10,1,0
0.00745845,-0.107226,0.0902861,-0.258219,3.64554,-14376.5,-1,1.31692e-09,1,0
0.00745977,-0.107257,0.0914807,-0.259113,3.64554,-14378.1,-1,1.31692e-09,1,0
0.00746069,-0.107924,0.0920205,-0.259537,3.64557,-14465.7,-1,1.74195e-09,1,0
0.00746214,-0.109294,0.0927231,-0.260106,3.64374,-14646.5,-1,1.76048e-09,1,0
0.00746379,-0.110175,0.0937303,-0.259355,3.64454,-14761.3,-1,1.2671e-09,1,0
0.00746599,-0.110902,0.0936819,-0.257514,3.64426,-14854.4,-1,1.24998e-09,1,0
0.00746703,-0.111653,0.0934281,-0.256638,3.64422,-14952.8,-1,1.24998e-09,1,0
0.00746731,-0.111878,0.0933392,-0.25651,3.64183,-14982.3,-1,9.00437e-11,1,0
0.00746852,-0.111322,0.092085,-0.256607,3.6417,-14905.5,-1,1.37514e-09,1,0
0.00746995,-0.111698,0.0927645,-0.2552,3.64249,-14952.9,-1,8.59195e-12,1,0
0.00747097,-0.112786,0.0928308,-0.254974,3.64195,-15096.6,-1,1.08816e-09,1,0
0.00747204,-0.112741,0.0931783,-0.253814,3.64189,-15088.3,-1,1.21206e-09,1,0
0.00747346,-0.111604,0.093497,-0.252714,3.64194,-14933.4,-1,1.21206e-09,1,0
0.00747392,-0.111239,0.0935994,-0.25236,3.64234,-14883.6,-1,2.13238e-09,1,0
0.00747579,-0.112772,0.092136,-0.25233,3.64168,-15085,-1,1.05927e-09,1,0
0.00747698,-0.113397,0.093165,-0.252933,3.63948,-15166.1,-1,1.33859e-09,1,0
0.00747784,-0.113356,0.0925236,-0.252415,3.64021,-15158.9,-1,2.56732e-10,1,0
0.00747881,-0.113007,0.0916575,-0.251871,3.63982,-15110.3,-1,1.77551e-09,1,0
0.00748052,-0.112688,0.0918756,-0.253147,3.64415,-15064.2,-1,9.67266e-10,1,0
0.00748161,-0.112065,0.0916805,-0.254196,3.64419,-14978.7,-1,9.67266e-10,1,0
0.00748216,-0.111806,0.0917501,-0.254719,3.64087,-14943,-1,2.68376e-10,1,0
0.00748293,-0.112415,0.0919074,-0.254112,3.64084,-15022.9,-1,2.68376e-10,1,0
0.007485,-0.114044,0.0923279,-0.25249,3.64076,-15236.3,-1,2.68376e-10,1,0
0.00748608,-0.113453,0.0919336,-0.253112,3.64487,-15155.2,-1,1.08434e-09,1,0
0.00748671,-0.112863,0.0916684,-0.2534,3.64394,-15075.1,-1,7.08108e-10,1,0
0.00748758,-0.112597,0.0912353,-0.25292,3.64419,-15037.8,-1,7.07478e-10,1,0
0.00748857,-0.113254,0.090428,-0.252728,3.64251,-15123.6,-1,4.62502e-10,1,0
0.00748913,-0.113351,0.0907673,-0.252756,3.64153,-15135.4,-1,3.31452e-10,1,0
0.00749018,-0.113002,0.0912988,-0.252389,3.64504,-15086.6,-1,2.94933e-10,1,0
0.00749215,-0.113765,0.0897983,-0.252828,3.64423,-15184.6,-1,1.14495e-09,1,0
0.00749331,-0.113706,0.0898905,-0.253938,3.64278,-15174.3,-1,9.89713e-10,1,0
0.00749388,-0.113791,0.0905199,-0.254021,3.64251,-15184.5,-1,6.40559e-10,1,0
0.00749396,-0.113748,0.0906062,-0.254039,3.64269,-15178.6,-1,9.81344e-11,1,0
0.00749475,-0.11347,0.0911805,-0.25422,3.64111,-15139.9,-1,3.19069e-10,1,0
0.00749599,-0.113571,0.0902943,-0.254199,3.64142,-15151,-1,1.05545e-09,1,0
0.00749709,-0.113033,0.0899447,-0.253253,3.64189,-15077,-1,1.20245e-09,1,0
0.00749811,-0.112655,0.0906815,-0.252994,3.64197,-15024.4,-1,6.21102e-10,1,0
0.00749885,-0.112396,0.0912936,-0.252483,3.64216,-14988.5,-1,1.48395e-10,1,0
0.00750051,-0.111969,0.092723,-0.251371,3.63956,-14928.2,-1,4.53723e-10,1,0
0.00750223,-0.112703,0.0915727,-0.252762,3.63936,-15022.6,-1,1.94881e-09,1,0
0.00750226,-0.112707,0.0915635,-0.252759,3.63624,-15023.1,-1,9.41979e-12,1,0
0.0075028,-0.112105,0.0916538,-0.252745,3.63475,-14941.7,-1,4.79342e-10,1,0
0.00750295,-0.112126,0.0915769,-0.252894,3.63606,-14944.2,-1,1.69032e-10,1,0
0.00750405,-0.111391,0.091437,-0.253539,3.63381,-14844.1,-1,1.10235e-09,1,0
0.00750483,-0.112004,0.091798,-0.253356,3.63318,-14924.3,-1,5.08198e-10,1,0
0.00750566,-0.112314,0.0923935,-0.25271,3.63077,-14964,-1,1.31117e-09,1,0
0.00750644,-0.111991,0.0921009,-0.252464,3.63634,-14919.3,-1,1.72125e-10,1,0
0.00750681,-0.111765,0.0924315,-0.252331,3.63537,-14888.5,-1,4.21465e-10,1,0
0.00750822,-0.111885,0.0934153,-0.253161,3.63747,-14901.7,-1,3.83805e-11,1,0
0.00750894,-0.111557,0.0926801,-0.253065,3.63716,-14856.5,-1,1.20258e-11,1,0
0.00751153,-0.114085,0.0914105,-0.253103,3.63672,-15188,-1,8.61244e-10,1,0
0.00751304,-0.114264,0.0916035,-0.252165,3.63918,-15208.8,-1,1.02373e-09,1,0
0.0075142,-0.114275,0.0925243,-0.253101,3.63918,-15207.9,-1,1.02373e-09,1,0
0.00751521,-0.113899,0.0930361,-0.253569,3.63843,-15155.8,-1,2.89391e-10,1,0
0.0075157,-0.113601,0.0933762,-0.25388,3.63814,-15115.1,-1,1.66838e-10,1,0
0.00751656,-0.113103,0.093981,-0.254447,3.63525,-15047.2,-1,4.10036e-10,1,0
0.00751808,-0.113487,0.0934963,-0.253634,3.63252,-15095.3,-1,3.90874e-11,1,0
0.00751863,-0.113556,0.0930948,-0.253588,3.63506,-15103.2,-1,9.56085e-11,1,0
0.0075202,-0.114156,0.0941738,-0.254213,3.63664,-15179.9,-1,2.73265e-10,1,0
0.00752074,-0.113758,0.0944754,-0.254552,3.63807,-15125.9,-1,8.12496e-10,1,0
0.00752126,-0.113652,0.0940435,-0.254473,3.636,-15110.7,-1,5.898e-11,1,0
0.0075217,-0.113714,0.0936813,-0.254126,3.63611,-15118.1,-1,5.05296e-10,1,0
0.00752213,-0.11407,0.0936961,-0.254374,3.6341,-15164.6,-1,6.86016e-11,1,0
0.00752375,-0.115445,0.0939883,-0.255534,3.63503,-15344.1,-1,2.24162e-09,1,0
0.00752467,-0.1156,0.0946373,-0.256126,3.63635,-15362.8,-1,9.11392e-10,1,0
0.00752546,-0.115549,0.0951923,-0.255419,3.63635,-15354.4,-1,9.11392e-10,1,0
0.00752669,-0.115232,0.0946831,-0.254501,3.63435,-15309.8,-1,1.4055e-09,1,0
0.0075273,-0.115141,0.0942708,-0.254221,3.63739,-15296.4,-1,1.13497e-10,1,0
0.00752862,-0.115955,0.0935841,-0.253528,3.6373,-15401.9,-1,6.91543e-10,1,0
0.00752909,-0.115737,0.0938735,-0.25317,3.63886,-15372,-1,3.91228e-10,1,0
0.00753006,-0.116297,0.0942534,-0.25395,3.63816,-15444.4,-1,2.42694e-10,1,0
0.00753081,-0.116496,0.0947462,-0.25344,3.63836,-15469.2,-1,7.3621e-10,1,0
0.00753172,-0.11653,0.0957106,-0.253801,3.63737,-15471.8,-1,9.30169e-10,1,0
0.00753353,-0.116597,0.0976239,-0.254517,3.63668,-15477.1,-1,1.50104e-09,1,0
0.00753407,-0.116617,0.0981971,-0.254732,3.63668,-15478.7,-1,1.50104e-09,1,0
0.00753657,-0.116711,0.100847,-0.255724,3.63667,-15485.9,-1,1.50104e-09,1,0
0.00753809,-0.116767,0.102454,-0.256325,3.63844,-15490.3,-1,5.96811e-09,1,0
0.00754006,-0.117607,0.102406,-0.257118,3.6351,-15597.6,-1,3.59577e-10,1,0
0.00754131,-0.118284,0.103248,-0.256367,3.63574,-15684.8,-1,1.33294e-09,1,0
0.00754367,-0.119526,0.103654,-0.254391,3.63465,-15844.5,-1,2.13233e-09,1,0
0.00754394,-0.119523,0.103899,-0.25446,3.63426,-15843.6,-1,1.71244e-10,1,0
0.00754444,-0.119301,0.103922,-0.254732,3.62851,-15813.1,-1,2.87862e-10,1,0
0.00754597,-0.118669,0.10452,-0.255094,3.63626,-15726.2,-1,9.20335e-10,1,0
0.00754698,-0.11934,0.105351,-0.255261,3.63597,-15813,-1,5.62637e-10,1,0
0.00754851,-0.119428,0.106782,-0.25623,3.63432,-15821.3,-1,1.72986e-09,1,0
0.00755056,-0.117907,0.105813,-0.25692,3.63262,-15615.6,-1,1.6098e-09,1,0
0.00755195,-0.118114,0.105767,-0.256354,3.62887,-15640.1,-1,7.72853e-10,1,0
0.00755276,-0.118259,0.106453,-0.255832,3.62926,-15657.7,-1,7.01832e-11,1,0
0.00755309,-0.118038,0.106415,-0.255661,3.62988,-15627.8,-1,2.36021e-10,1,0
0.00755343,-0.117845,0.106502,-0.255343,3.62989,-15601.6,-1,2.36021e-10,1,0
0.00755381,-0.117627,0.106599,-0.254983,3.62991,-15571.9,-1,2.36021e-10,1,0
0.00755519,-0.116913,0.107095,-0.254082,3.63096,-15474.5,-1,1.09033e-10,1,0
0.00755691,-0.116972,0.108744,-0.255105,3.63074,-15478.9,-1,2.17945e-09,1,0
0.00755746,-0.117485,0.10869,-0.255454,3.63044,-15545.6,-1,6.18104e-10,1,0
0.00755846,-0.116661,0.109411,-0.25543,3.63073,-15434.5,-1,3.50871e-10,1,0
0.00755914,-0.116378,0.110109,-0.255509,3.63043,-15395.6,-1,8.19766e-10,1,0
0.00756053,-0.11585,0.11156,-0.255697,3.63052,-15322.9,-1,1.02066e-11,1,0
0.0075614,-0.115928,0.112434,-0.255629,3.6305,-15331.5,-1,1.07085e-10,1,0
0.00756229,-0.115679,0.113322,-0.25532,3.63024,-15296.8,-1,1.13885e-09,1,0
0.00756352,-0.115296,0.114081,-0.254592,3.62916,-15243.7,-1,3.44992e-10,1,0
0.00756468,-0.115458,0.112804,-0.254822,3.62915,-15262.8,-1,3.44992e-10,1,0
0.00756516,-0.115527,0.112264,-0.25492,3.62915,-15270.9,-1,3.44992e-10,1,0
0.00756764,-0.115873,0.109535,-0.255412,3.6296,-15311.7,-1,4.65514e-09,1,0
0.00756834,-0.116395,0.10902,-0.2556,3.63133,-15379.2,-1,3.67517e-10,1,0
0.00756876,-0.116743,0.109172,-0.255319,3.63132,-15424.3,-1,3.67517e-10,1,0
0.00757046,-0.118157,0.109793,-0.254173,3.63125,-15607.6,-1,3.67517e-10,1,0
0.0075722,-0.118855,0.110129,-0.252791,3.63245,-15696.2,-1,2.31868e-10,1,0
0.00757303,-0.118405,0.110141,-0.252405,3.63315,-15635.1,-1,3.11201e-10,1,0
0.00757388,-0.11835,0.109383,-0.252813,3.63526,-15626.1,-1,7.31561e-11,1,0
0.00757596,-0.118714,0.108611,-0.254629,3.63342,-15669.9,-1,1.71692e-09,1,0
0.00757761,-0.120159,0.108833,-0.255557,3.63422,-15857.1,-1,1.176e-09,1,0
0.00757874,-0.120809,0.1091,-0.25636,3.63434,-15940.4,-1,1.77834e-09,1,0
0.00758033,-0.122062,0.109541,-0.255286,3.63415,-16102.5,-1,4.59882e-10,1,0
0.00758081,-0.122343,0.109651,-0.255179,3.63426,-16138.6,-1,4.65628e-10,1,0
0.0075812,-0.122021,0.109641,-0.255232,3.63591,-16095.2,-1,4.21725e-10,1,0
0.00758179,-0.122411,0.109729,-0.255291,3.63588,-16145.4,-1,3.50199e-10,1,0
0.00758206,-0.122286,0.109718,-0.255379,3.63781,-16128.3,-1,6.54482e-11,1,0
0.00758347,-0.121799,0.109606,-0.255989,3.63883,-16061.2,-1,1.27066e-09,1,0
0.00758408,-0.122175,0.109696,-0.255791,3.63901,-16109.4,-1,8.9361e-10,1,0
0.00758499,-0.122076,0.110143,-0.254866,3.64065,-16094.4,-1,1.17064e-09,1,0
0.00758535,-0.122089,0.10999,-0.255118,3.6398,-16095.3,-1,2.03368e-10,1,0
0.0075865,-0.122156,0.109337,-0.256232,3.63979,-16101.7,-1,2.03368e-10,1,0
0.00758777,-0.122154,0.108432,-0.257255,3.63884,-16098.9,-1,5.76877e-10,1,0
0.00758901,-0.12243,0.109652,-0.257252,3.63767,-16132.5,-1,5.50626e-10,1,0
0.00758951,-0.122585,0.110125,-0.257521,3.63545,-16151.9,-1,4.61594e-10,1,0
0.00759055,-0.122545,0.109325,-0.257663,3.63785,-16144.4,-1,2.12242e-10,1,0
0.00759215,-0.122142,0.109517,-0.255902,3.64001,-16087.9,-1,1.16575e-09,1,0
0.00759299,-0.12193,0.109616,-0.25498,3.64227,-16058.2,-1,1.60033e-09,1,0
0.00759384,-0.121717,0.109715,-0.254054,3.64278,-16028.4,-1,9.54906e-10,1,0
0.00759487,-0.12176,0.109326,-0.254583,3.64336,-16031.9,-1,5.50935e-10,1,0
0.00759674,-0.121835,0.110206,-0.25463,3.64195,-16037.8,-1,1.49069e-09,1,0
0.00759741,-0.122257,0.110148,-0.254334,3.64286,-16091.9,-1,1.30433e-10,1,0
0.00759842,-0.12311,0.110007,-0.253918,3.64297,-16202.1,-1,1.49057e-09,1,0
0.00760008,-0.123725,0.109299,-0.253933,3.64159,-16279.5,-1,1.40801e-09,1,0
0.00760099,-0.123416,0.108833,-0.253065,3.6416,-16236.8,-1,1.40801e-09,1,0
0.00760246,-0.123071,0.109238,-0.253038,3.64019,-16188.4,-1,2.51062e-09,1,0
0.00760347,-0.122917,0.110122,-0.253741,3.6436,-16165.9,-1,2.08135e-09,1,0
0.00760387,-0.12273,0.109716,-0.253706,3.64361,-16140.4,-1,2.08135e-09,1,0
0.00760484,-0.122268,0.108715,-0.253619,3.64363,-16077.6,-1,2.08135e-09,1,0
0.00760538,-0.121985,0.108471,-0.25352,3.64747,-16039.3,-1,1.97369e-09,1,0
0.00760643,-0.122727,0.108894,-0.253047,3.64584,-16134.6,-1,1.69749e-11,1,0
0.0076073,-0.12256,0.109837,-0.252956,3.64346,-16110.9,-1,2.6761e-10,1,0
0.00760882,-0.12153,0.108941,-0.252402,3.6466,-15972.2,-1,9.07222e-10,1,0
0.00761007,-0.120428,0.10861,-0.251648,3.64725,-15824.8,-1,4.45679e-10,1,0
0.00761187,-0.118853,0.108387,-0.250369,3.64733,-15614.1,-1,4.45679e-10,1,0
0.00761322,-0.117754,0.108702,-0.249358,3.64716,-15467,-1,1.40981e-09,1,0
0.0076138,-0.117854,0.109149,-0.249363,3.65017,-15479,-1,4.78907e-10,1,0
0.00761459,-0.117491,0.109187,-0.249384,3.64994,-15429.8,-1,3.29552e-10,1,0
0.00761679,-0.115247,0.108131,-0.249117,3.65005,-15130.7,-1,3.29552e-10,1,0
0.00761811,-0.113909,0.107502,-0.248958,3.65222,-14952.5,-1,8.41416e-10,1,0
0.00761939,-0.113556,0.106166,-0.248489,3.65082,-14903.5,-1,1.45967e-09,1,0
0.00762001,-0.11376,0.105873,-0.249093,3.65081,-14929.2,-1,1.45967e-09,1,0
0.00762146,-0.11424,0.105187,-0.250509,3.64948,-14989.3,-1,1.92112e-09,1,0
0.00762304,-0.11476,0.104443,-0.252044,3.64946,-15054.4,-1,1.92112e-09,1,0
0.0076247,-0.115311,0.103655,-0.253669,3.64964,-15123.4,-1,4.09789e-09,1,0
0.00762557,-0.115397,0.103917,-0.254607,3.64886,-15132.9,-1,9.72207e-10,1,0
0.00762654,-0.116122,0.103618,-0.254072,3.64948,-15226.1,-1,6.33564e-10,1,0
0.00762729,-0.115905,0.103455,-0.254387,3.64945,-15196,-1,6.28926e-10,1,0
0.00762894,-0.116634,0.104205,-0.255273,3.65016,-15288.4,-1,4.87415e-10,1,0
0.00763093,-0.116175,0.104257,-0.255812,3.65164,-15224.2,-1,7.81946e-10,1,0
0.00763215,-0.115029,0.103532,-0.255502,3.65159,-15071.6,-1,2.49242e-11,1,0
0.00763264,-0.115175,0.103099,-0.255188,3.65159,-15089.8,-1,2.49242e-11,1,0
0.00763373,-0.115301,0.102503,-0.25497,3.65465,-15104.2,-1,2.67287e-10,1,0
0.00763421,-0.115281,0.102886,-0.254577,3.65485,-15100.6,-1,5.49527e-10,1,0
0.00763519,-0.115919,0.10227,-0.253913,3.65481,-15182.2,-1,5.49527e-10,1,0
0.00763673,-0.116247,0.102981,-0.253411,3.65457,-15222.1,-1,1.76961e-09,1,0
0.0076379,-0.116182,0.104296,-0.253283,3.65245,-15211.3,-1,9.97556e-10,1,0
0.00763906,-0.115418,0.103642,-0.252479,3.65134,-15108.9,-1,1.29236e-09,1,0
0.00764067,-0.114868,0.104487,-0.253993,3.65137,-15033.7,-1,1.29236e-09,1,0
0.00764175,-0.114497,0.105057,-0.255013,3.65197,-14983.1,-1,3.05576e-09,1,0
0.00764254,-0.11523,0.105463,-0.255247,3.65415,-15077.5,-1,8.33861e-10,1,0
0.00764287,-0.115232,0.105249,-0.255556,3.65493,-15077.1,-1,3.76382e-10,1,0
0.00764355,-0.115754,0.105318,-0.255959,3.65295,-15144,-1,5.82376e-11,1,0
0.00764409,-0.116258,0.105438,-0.256285,3.65292,-15208.9,-1,5.82376e-11,1,0
0.00764516,-0.117255,0.105674,-0.25693,3.65185,-15337.1,-1,2.2247e-09,1,0
0.00764603,-0.11713,0.10508,-0.257097,3.65117,-15319,-1,4.6095e-10,1,0
0.00764725,-0.117287,0.103914,-0.256831,3.65187,-15337.2,-1,8.48451e-10,1,0
0.00764842,-0.117442,0.10493,-0.256126,3.65127,-15355.1,-1,5.628e-10,1,0
0.00764961,-0.117457,0.105874,-0.255492,3.65121,-15354.6,-1,1.01798e-12,1,0
0.0076499,-0.117346,0.106156,-0.255508,3.65131,-15339.5,-1,1.09862e-10,1,0
0.00765086,-0.116762,0.105307,-0.255851,3.65193,-15261.3,-1,1.08566e-09,1,0
0.00765265,-0.115995,0.10431,-0.256574,3.65477,-15157.5,-1,1.07528e-09,1,0
0.00765419,-0.115439,0.104101,-0.257201,3.65963,-15081.8,-1,1.09804e-09,1,0
0.00765473,-0.115008,0.104253,-0.257529,3.6577,-15024.4,-1,5.29145e-10,1,0
0.00765617,-0.113978,0.103071,-0.257984,3.65728,-14887,-1,1.71083e-09,1,0
0.00765789,-0.112753,0.101664,-0.258525,3.65734,-14723.7,-1,1.71083e-09,1,0
0.00765884,-0.11207,0.10088,-0.258827,3.65738,-14632.7,-1,1.71083e-09,1,0
0.00766019,-0.111816,0.0999128,-0.2594,3.65738,-14597,-1,4.76953e-10,1,0
0.0076613,-0.112559,0.10054,-0.259919,3.65454,-14692,-1,1.16547e-09,1,0
0.00766319,-0.113612,0.102273,-0.260035,3.65348,-14825.7,-1,3.00101e-11,1,0
0.00766379,-0.113274,0.102662,-0.260332,3.65263,-14780.5,-1,2.86872e-10,1,0
0.00766459,-0.112922,0.10261,-0.260784,3.65078,-14732.9,-1,5.66175e-10,1,0
0.00766504,-0.11301,0.10278,-0.260465,3.65166,-14743.5,-1,4.94617e-11,1,0
0.00766571,-0.113129,0.102092,-0.260672,3.65338,-14757.7,-1,6.68589e-10,1,0
0.00766698,-0.113339,0.103228,-0.261536,3.65464,-14782.7,-1,7.63142e-10,1,0
0.00766765,-0.11345,0.103828,-0.261992,3.65464,-14795.9,-1,7.63142e-10,1,0
0.00766796,-0.113553,0.104124,-0.261927,3.65541,-14808.8,-1,2.76305e-10,1,0
0.00766831,-0.113777,0.103934,-0.262194,3.65539,-14837.3,-1,2.76305e-10,1,0
0.00766947,-0.114705,0.103665,-0.262915,3.65664,-14956,-1,5.4754e-10,1,0
0.00767047,-0.115156,0.104202,-0.262327,3.65727,-15013,-1,5.2542e-10,1,0
0.0076712,-0.115223,0.10417,-0.261506,3.65726,-15020.2,-1,5.2542e-10,1,0
0.00767187,-0.115526,0.103914,-0.260999,3.65719,-15058.4,-1,1.46392e-09,1,0
0.00767314,-0.116544,0.103016,-0.260499,3.65687,-15188.6,-1,1.83489e-09,1,0
0.00767545,-0.117019,0.102751,-0.262362,3.65373,-15245.9,-1,1.19515e-09,1,0
0.00767636,-0.117806,0.102701,-0.26178,3.65331,-15346.6,-1,1.86455e-10,1,0
0.00767687,-0.117601,0.10264,-0.261496,3.65355,-15318.9,-1,2.87397e-10,1,0
0.00767761,-0.117128,0.102528,-0.261785,3.65296,-15255.7,-1,5.06344e-10,1,0
0.00767934,-0.117502,0.101552,-0.262059,3.65514,-15301,-1,1.26789e-09,1,0
0.00767972,-0.117526,0.101475,-0.261706,3.6555,-15303.4,-1,4.43575e-10,1,0
0.00768064,-0.117967,0.101844,-0.260842,3.65524,-15359,-1,4.24703e-10,1,0
0.00768129,-0.117495,0.102077,-0.261331,3.65259,-15296.3,-1,7.26238e-10,1,0
0.00768251,-0.117523,0.101474,-0.260331,3.65201,-15297.5,-1,1.47712e-10,1,0
0.00768401,-0.117099,0.100843,-0.260374,3.64915,-15239.3,-1,5.96177e-10,1,0
0.00768483,-0.116443,0.101428,-0.26069,3.64918,-15152.4,-1,5.96177e-10,1,0
0.00768629,-0.115281,0.102466,-0.261249,3.64924,-14998.2,-1,5.96177e-10,1,0
0.00768742,-0.115363,0.102067,-0.262139,3.65037,-15006.7,-1,1.0163e-09,1,0
0.007689,-0.115651,0.103079,-0.260875,3.64972,-15041.1,-1,1.58079e-09,1,0
0.00768992,-0.116577,0.102881,-0.260434,3.64968,-15159.7,-1,1.58079e-09,1,0
0.00769179,-0.11814,0.102204,-0.259809,3.64826,-15359.3,-1,3.62365e-10,1,0
0.00769272,-0.118557,0.102988,-0.260291,3.64775,-15411.6,-1,9.86151e-10,1,0
0.00769342,-0.118804,0.103066,-0.26093,3.64745,-15442.3,-1,2.92807e-10,1,0
0.00769503,-0.119842,0.102515,-0.261588,3.64621,-15573.9,-1,9.61196e-10,1,0
0.00769604,-0.119308,0.103125,-0.261931,3.64338,-15502.6,-1,1.0087e-09,1,0
0.00769769,-0.118823,0.102237,-0.260779,3.63972,-15436.2,-1,7.12825e-11,1,0
0.00769847,-0.118954,0.10183,-0.260116,3.64008,-15451.7,-1,8.16318e-11,1,0
0.00770032,-0.120882,0.102026,-0.25969,3.64154,-15698.3,-1,1.27288e-09,1,0
0.00770106,-0.121233,0.10199,-0.259928,3.64176,-15742.4,-1,3.4515e-10,1,0
0.00770253,-0.120501,0.100895,-0.258944,3.64246,-15644.4,-1,1.43935e-09,1,0
0.0077036,-0.120261,0.100304,-0.257913,3.64361,-15611,-1,1.43671e-09,1,0
0.00770453,-0.120345,0.0999293,-0.257171,3.64518,-15620.1,-1,2.51364e-10,1,0
0.00770542,-0.119549,0.100531,-0.257032,3.64635,-15514.9,-1,1.00803e-09,1,0
0.00770564,-0.119374,0.1005,-0.257206,3.64587,-15491.8,-1,7.01682e-11,1,0
0.00770656,-0.11897,0.100962,-0.25691,3.6476,-15437.5,-1,5.84269e-10,1,0
0.00770815,-0.119045,0.101926,-0.256306,3.64239,-15444.1,-1,1.29218e-09,1,0
0.00771021,-0.118886,0.102329,-0.258393,3.64195,-15419.3,-1,2.13294e-09,1,0
0.00771093,-0.11867,0.101863,-0.258361,3.64237,-15389.8,-1,2.83638e-10,1,0
0.0077115,-0.119177,0.10204,-0.258225,3.6441,-15454.5,-1,4.93356e-10,1,0
0.00771288,-0.118863,0.102056,-0.257479,3.64777,-15410.9,-1,7.47883e-10,1,0
0.00771315,-0.118924,0.10185,-0.257692,3.64777,-15418.3,-1,7.47883e-10,1,0
0.00771357,-0.11902,0.101527,-0.258027,3.64776,-15430,-1,7.47883e-10,1,0
0.00771449,-0.119853,0.10096,-0.25775,3.64829,-15536.1,-1,3.14245e-11,1,0
0.00771644,-0.120671,0.101128,-0.256388,3.64799,-15638.2,-1,5.56041e-10,1,0
0.00771773,-0.120974,0.100534,-0.255284,3.64583,-15674.8,-1,1.29252e-09,1,0
0.0077189,-0.120118,0.0995533,-0.255496,3.64705,-15561.6,-1,1.49536e-09,1,0
0.00771971,-0.120092,0.100143,-0.255549,3.64514,-15556.5,-1,6.15721e-12,1,0
0.00772011,-0.120468,0.0999816,-0.255571,3.64617,-15604.5,-1,7.6449e-11,1,0
0.00772103,-0.119556,0.100262,-0.255134,3.64645,-15484.4,-1,1.05022e-09,1,0
0.00772157,-0.119272,0.100751,-0.255,3.64717,-15446.7,-1,1.78442e-11,1,0
0.00772242,-0.118664,0.100863,-0.254483,3.64669,-15366.2,-1,6.63752e-10,1,0
0.0077228,-0.118276,0.100945,-0.254328,3.64677,-15315.2,-1,1.05539e-11,1,0
0.00772356,-0.118403,0.100583,-0.254838,3.64718,-15330.1,-1,1.2815e-10,1,0
0.00772476,-0.119552,0.100255,-0.254481,3.64515,-15476.5,-1,6.62664e-11,1,0
0.00772655,-0.120266,0.0993403,-0.254735,3.6448,-15565.3,-1,1.29257e-09,1,0
0.00772686,-0.120146,0.0992692,-0.255032,3.64494,-15549.1,-1,1.27976e-10,1,0
0.00772712,-0.120035,0.0992839,-0.255273,3.64385,-15534.2,-1,2.42311e-11,1,0
0.00772763,-0.120368,0.0997396,-0.255327,3.6433,-15576.3,-1,2.31408e-11,1,0
0.00772896,-0.121261,0.100899,-0.255325,3.64393,-15689.2,-1,1.90379e-09,1,0
0.00772922,-0.121296,0.101015,-0.255069,3.64518,-15693.2,-1,2.03635e-10,1,0
0.00773026,-0.121973,0.100447,-0.254444,3.64603,-15778.7,-1,9.21303e-10,1,0
0.00773081,-0.122117,0.0998466,-0.254374,3.64603,-15796.1,-1,9.21303e-10,1,0
0.00773144,-0.121938,0.0991852,-0.254385,3.64561,-15771.7,-1,5.26646e-10,1,0
0.00773252,-0.122356,0.09917,-0.254907,3.64558,-15823.6,-1,2.34403e-10,1,0
0.00773292,-0.122702,0.0994329,-0.255027,3.64556,-15867.4,-1,2.34403e-10,1,0
0.00773366,-0.123235,0.099612,-0.255219,3.64888,-15934.8,-1,2.08988e-10,1,0
0.0077355,-0.125103,0.100005,-0.254783,3.64901,-16172.6,-1,2.458e-10,1,0
0.00773727,-0.125033,0.098443,-0.256044,3.64901,-16159.8,-1,2.458e-10,1,0
0.00773849,-0.124984,0.0973711,-0.256909,3.65026,-16151,-1,3.38569e-09,1,0
0.0077402,-0.125652,0.0968314,-0.257806,3.65088,-16233.7,-1,1.2926e-09,1,0
0.0077408,-0.125513,0.0969085,-0.257493,3.65221,-16214.5,-1,2.07652e-10,1,0
0.00774142,-0.126148,0.0969051,-0.257739,3.65209,-16295.2,-1,6.91365e-10,1,0
0.00774164,-0.126189,0.0971375,-0.257649,3.64841,-16300,-1,2.06688e-11,1,0
0.00774298,-0.125245,0.0965603,-0.257964,3.64968,-16175.3,-1,5.84577e-11,1,0
0.00774372,-0.125707,0.0969523,-0.257393,3.64928,-16233.4,-1,1.00589e-09,1,0
0.00774485,-0.125999,0.0964107,-0.257179,3.64671,-16268.7,-1,7.48733e-10,1,0
0.00774705,-0.124318,0.096512,-0.25534,3.64679,-16047.2,-1,7.48733e-10,1,0
0.00774839,-0.12435,0.0963013,-0.255075,3.64678,-16048.5,-1,3.30378e-09,1,0
0.00774964,-0.125499,0.0958164,-0.255739,3.64617,-16194.2,-1,9.97234e-10,1,0
0.00775071,-0.124949,0.0947801,-0.256046,3.64341,-16121,-1,1.21257e-09,1,0
0.00775236,-0.12407,0.0958681,-0.25481,3.64345,-16004.1,-1,1.21257e-09,1,0
0.00775363,-0.123393,0.0967045,-0.25386,3.64188,-15914.3,-1,3.30233e-09,1,0
0.00775417,-0.12295,0.096967,-0.253813,3.64151,-15856,-1,6.73412e-11,1,0
0.00775497,-0.123469,0.0967324,-0.253103,3.64147,-15921.2,-1,9.09761e-10,1,0
0.0077557,-0.123723,0.0964117,-0.252391,3.64241,-15952.6,-1,2.30414e-10,1,0
0.00775696,-0.124756,0.0967469,-0.252423,3.64425,-16083.1,-1,6.25457e-10,1,0
0.00775751,-0.125031,0.0968994,-0.252458,3.64483,-16117.4,-1,1.15298e-10,1,0
0.00775844,-0.124509,0.0975013,-0.252307,3.64436,-16048.1,-1,4.21564e-10,1,0
0.00775963,-0.123603,0.0974056,-0.252727,3.64382,-15928.9,-1,6.06527e-10,1,0
0.00776085,-0.122913,0.0964339,-0.253441,3.64386,-15837.5,-1,6.06527e-10,1,0
0.00776204,-0.121803,0.0967796,-0.253555,3.64457,-15692.1,-1,1.17027e-10,1,0
0.00776399,-0.121034,0.0973141,-0.252087,3.64282,-15589.2,-1,3.72877e-10,1,0
0.00776434,-0.121137,0.0976489,-0.252272,3.64282,-15601.7,-1,3.72877e-10,1,0
0.00776515,-0.121431,0.0978046,-0.252231,3.64175,-15638,-1,4.15909e-10,1,0
0.00776606,-0.121728,0.0976482,-0.251791,3.64457,-15674.4,-1,3.43418e-10,1,0
0.00776672,-0.122186,0.0972043,-0.251386,3.64455,-15731.9,-1,3.43418e-10,1,0
0.0077681,-0.123128,0.0962899,-0.250552,3.6445,-15850.5,-1,3.43418e-10,1,0
0.00776882,-0.123628,0.0958053,-0.250111,3.64333,-15913.3,-1,3.13043e-09,1,0
0.00776949,-0.123164,0.0957578,-0.250226,3.64118,-15852.3,-1,5.96389e-10,1,0
0.00777117,-0.121292,0.0954591,-0.250133,3.64127,-15607.9,-1,5.96389e-10,1,0
0.00777136,-0.121076,0.0954248,-0.250122,3.64097,-15579.8,-1,2.11722e-09,1,0
0.00777197,-0.121077,0.0952535,-0.249702,3.64137,-15578.7,-1,3.86245e-10,1,0
0.00777272,-0.121807,0.0951725,-0.249618,3.63957,-15671.1,-1,1.016e-10,1,0
0.00777411,-0.123019,0.0956515,-0.2505,3.63904,-15824.2,-1,4.90373e-10,1,0
0.0077758,-0.124494,0.0962343,-0.251573,3.63897,-16010.4,-1,4.90373e-10,1,0
0.00777631,-0.12494,0.0964109,-0.251898,3.63895,-16066.8,-1,4.90373e-10,1,0
0.00777724,-0.125022,0.0965045,-0.252104,3.6403,-16075.4,-1,1.62761e-10,1,0
0.00777916,-0.123815,0.0964277,-0.252105,3.64034,-15916.3,-1,8.72939e-10,1,0
0.00777944,-0.123735,0.0966061,-0.25231,3.63985,-15905.4,-1,1.2971e-10,1,0
0.00778126,-0.123968,0.0979352,-0.253872,3.63907,-15931.6,-1,2.23509e-09,1,0
0.00778273,-0.123268,0.0979626,-0.25271,3.64015,-15838.7,-1,2.43094e-10,1,0
0.00778366,-0.122736,0.0986196,-0.252081,3.64017,-15768.4,-1,2.43094e-10,1,0
0.00778495,-0.122206,0.0996337,-0.251904,3.63966,-15697.7,-1,5.5929e-10,1,0
0.00778623,-0.123348,0.0999465,-0.252743,3.63961,-15841.8,-1,5.5929e-10,1,0
0.00778671,-0.123775,0.100063,-0.253057,3.63958,-15895.7,-1,5.5929e-10,1,0
0.00778812,-0.125031,0.100407,-0.253981,3.64029,-16054.1,-1,3.59084e-09,1,0
0.00778876,-0.125185,0.100533,-0.254471,3.63924,-16072.5,-1,3.75764e-10,1,0
0.00779014,-0.124711,0.100793,-0.253364,3.64253,-16008.8,-1,5.28594e-10,1,0
0.00779097,-0.124793,0.101033,-0.254181,3.64475,-16017.6,-1,7.89399e-10,1,0
0.0077916,-0.124757,0.101279,-0.254504,3.64072,-16011.7,-1,9.38004e-11,1,0
0.00779267,-0.125793,0.100693,-0.254272,3.64066,-16142.4,-1,9.38004e-11,1,0
0.00779333,-0.126424,0.100336,-0.25413,3.64063,-16222,-1,9.38004e-11,1,0
0.00779467,-0.127725,0.0995992,-0.253838,3.63969,-16386.2,-1,3.47482e-09,1,0
0.00779573,-0.127451,0.0987654,-0.254182,3.63986,-16348.8,-1,3.41103e-10,1,0
0.00779704,-0.127822,0.0975787,-0.25453,3.63857,-16393.6,-1,1.40731e-10,1,0
0.00779725,-0.127782,0.0976937,-0.254435,3.63829,-16388.1,-1,1.18638e-10,1,0
0.00779779,-0.127449,0.0973773,-0.254036,3.63796,-16344.2,-1,2.83133e-10,1,0
0.00779905,-0.12812,0.096523,-0.253509,3.64078,-16427.7,-1,3.04306e-11,1,0
0.00779994,-0.127132,0.0964009,-0.253693,3.64366,-16299.1,-1,1.11703e-09,1,0
0.00780147,-0.127216,0.0947013,-0.253978,3.6435,-16306.6,-1,1.72536e-09,1,0
0.00780223,-0.127586,0.0941241,-0.253564,3.64645,-16352.5,-1,4.03167e-10,1,0
0.00780235,-0.12759,0.094154,-0.253523,3.64521,-16352.8,-1,8.56103e-11,1,0
0.0078029,-0.127766,0.0945003,-0.253603,3.64325,-16374.2,-1,2.04206e-10,1,0
0.00780447,-0.128814,0.0937671,-0.253521,3.64232,-16505.1,-1,1.30828e-09,1,0
0.00780585,-0.127608,0.094023,-0.254028,3.64414,-16347.7,-1,4.48757e-10,1,0
0.00780757,-0.129409,0.0932895,-0.254001,3.64602,-16574.9,-1,1.29246e-09,1,0
0.00780827,-0.128897,0.0931773,-0.254595,3.64604,-16507.8,-1,1.29246e-09,1,0
0.00780935,-0.128109,0.0930047,-0.255509,3.64608,-16404.5,-1,1.29246e-09,1,0
0.00781027,-0.127247,0.0929919,-0.255838,3.64526,-16292.2,-1,8.22845e-10,1,0
0.00781218,-0.12926,0.092619,-0.256532,3.64516,-16545.9,-1,8.22845e-10,1,0
0.00781274,-0.129638,0.0927265,-0.25656,3.64522,-16593.1,-1,2.63819e-09,1,0
0.00781453,-0.128602,0.0929491,-0.256026,3.64805,-16456.8,-1,1.13132e-09,1,0
0.00781539,-0.127726,0.0927869,-0.256067,3.64838,-16342.9,-1,1.63951e-09,1,0
0.00781554,-0.127555,0.0928281,-0.256095,3.64931,-16320.7,-1,5.35142e-10,1,0
0.00781631,-0.126716,0.0930298,-0.256232,3.64936,-16211.7,-1,5.35142e-10,1,0
0.00781728,-0.125662,0.0932832,-0.256405,3.64916,-16074.9,-1,2.05621e-09,1,0
0.0078186,-0.125192,0.0923209,-0.256299,3.65007,-16012.1,-1,6.40851e-10,1,0
0.00782042,-0.125228,0.090378,-0.25698,3.65305,-16012.9,-1,1.81845e-09,1,0
0.00782165,-0.125105,0.090379,-0.255589,3.65225,-15994.7,-1,2.50523e-11,1,0
0.00782325,-0.124834,0.0905611,-0.255974,3.65156,-15956.8,-1,1.11667e-09,1,0
0.00782408,-0.124403,0.0899718,-0.25606,3.65246,-15900,-1,3.35009e-10,1,0
0.00782564,-0.124729,0.0892123,-0.25667,3.64773,-15938.5,-1,1.70448e-09,1,0
0.0078272,-0.125395,0.0899851,-0.25674,3.64839,-16020.5,-1,4.77068e-10,1,0
0.00782858,-0.124246,0.0895996,-0.257644,3.6471,-15870.8,-1,6.64473e-10,1,0
0.00782946,-0.124201,0.0902054,-0.258342,3.64582,-15863.3,-1,7.83863e-10,1,0
0.0078303,-0.123487,0.0896005,-0.258169,3.64624,-15770.3,-1,9.52019e-10,1,0
0.0078307,-0.123161,0.089487,-0.258163,3.64587,-15728,-1,6.2613e-11,1,0
0.00783085,-0.123151,0.0893383,-0.25825,3.64587,-15726.4,-1,6.2613e-11,1,0
0.00783197,-0.123076,0.0882503,-0.258883,3.64651,-15714.5,-1,5.10996e-12,1,0
0.00783227,-0.122817,0.0881156,-0.258734,3.6457,-15680.9,-1,2.49283e-10,1,0
0.00783266,-0.122957,0.0877351,-0.258811,3.64483,-15698,-1,2.1908e-10,1,0
0.00783441,-0.123926,0.0862819,-0.259738,3.64261,-15818.2,-1,2.20415e-09,1,0
0.00783529,-0.124192,0.0861164,-0.259517,3.64244,-15850.4,-1,5.00857e-10,1,0
0.00783666,-0.12554,0.086735,-0.259964,3.64214,-16019.6,-1,1.38558e-09,1,0
0.0078383,-0.127224,0.0872242,-0.260547,3.64267,-16231.1,-1,1.91677e-09,1,0
0.00783857,-0.127317,0.0874337,-0.260573,3.6412,-16242.4,-1,1.77586e-10,1,0
0.00783905,-0.127445,0.0872435,-0.260889,3.64139,-16257.7,-1,4.0576e-10,1,0
0.00783994,-0.126587,0.0876864,-0.261199,3.64353,-16146.4,-1,3.56171e-11,1,0
0.00784201,-0.128218,0.0871753,-0.262257,3.64185,-16350.2,-1,1.17389e-09,1,0
0.00784269,-0.128321,0.0865867,-0.261984,3.63925,-16361.8,-1,5.99022e-10,1,0
0.00784393,-0.129173,0.0875188,-0.262595,3.63921,-16467.9,-1,5.99022e-10,1,0
0.00784495,-0.12947,0.0884772,-0.263109,3.63902,-16503.6,-1,8.66216e-10,1,0
0.0078461,-0.129968,0.0886064,-0.261922,3.63651,-16564.6,-1,1.11828e-11,1,0
0.00784704,-0.129004,0.0882745,-0.261702,3.63534,-16439.9,-1,7.83631e-11,1,0
0.00784799,-0.128148,0.0879202,-0.261653,3.63802,-16328.7,-1,1.91811e-09,1,0
0.00785065,-0.126745,0.0875595,-0.263973,3.63659,-16144.5,-1,1.42632e-09,1,0
0.00785206,-0.125821,0.0874778,-0.265022,3.63307,-16023.9,-1,2.95445e-10,1,0
0.00785236,-0.125927,0.0875905,-0.26532,3.63306,-16036.8,-1,2.95445e-10,1,0
0.0078538,-0.126443,0.088139,-0.26677,3.63304,-16099.6,-1,2.95445e-10,1,0
0.00785649,-0.127403,0.0891575,-0.269463,3.63299,-16216.2,-1,2.95445e-10,1,0
0.00785831,-0.128056,0.0898509,-0.271296,3.6337,-16295.6,-1,7.07107e-09,1,0
0.00785952,-0.127693,0.0887563,-0.271081,3.62712,-16246.9,-1,1.18555e-09,1,0
0.00786136,-0.1285,0.0905039,-0.271863,3.62411,-16345.7,-1,2.07748e-09,1,0
0.00786244,-0.129128,0.0901199,-0.271241,3.62495,-16423.5,-1,5.61657e-10,1,0
0.00786415,-0.128997,0.0882662,-0.270707,3.62555,-16403.2,-1,2.32077e-09,1,0
0.00786496,-0.12832,0.0879895,-0.271106,3.62516,-16315.5,-1,6.57618e-10,1,0
0.00786565,-0.127578,0.0879561,-0.271154,3.62549,-16219.7,-1,2.53332e-10,1,0
0.00786647,-0.126768,0.0875494,-0.271312,3.62534,-16115,-1,5.23234e-10,1,0
0.00786723,-0.126397,0.0876572,-0.27197,3.62477,-16066.2,-1,1.63849e-10,1,0
0.00786781,-0.126317,0.0872703,-0.271485,3.62475,-16054.9,-1,5.80679e-11,1,0
0.00786962,-0.125815,0.0858943,-0.270053,3.62524,-15987.4,-1,2.40352e-09,1,0
0.00787167,-0.125844,0.0875472,-0.270389,3.62692,-15986.9,-1,1.72172e-09,1,0
0.00787213,-0.125842,0.0875029,-0.27091,3.62692,-15985.8,-1,1.72172e-09,1,0
0.00787346,-0.126086,0.0871961,-0.272192,3.62759,-16014,-1,2.2536e-09,1,0
0.00787487,-0.125422,0.0873466,-0.270854,3.62776,-15926.9,-1,4.09861e-10,1,0
0.00787695,-0.124793,0.0853221,-0.270231,3.62545,-15842.8,-1,2.16721e-09,1,0
0.00787845,-0.125997,0.0856812,-0.271368,3.62504,-15992.6,-1,1.29254e-09,1,0
0.00787955,-0.126884,0.085946,-0.272207,3.6247,-16102.9,-1,3.162e-10,1,0
0.00788148,-0.126586,0.0841081,-0.272523,3.62481,-16061.2,-1,4.09549e-10,1,0
0.00788254,-0.126292,0.0844139,-0.27161,3.627,-16021.8,-1,6.13291e-10,1,0
0.0078835,-0.126193,0.0838326,-0.272148,3.6248,-16007.3,-1,1.46421e-10,1,0
0.00788447,-0.126363,0.0838791,-0.271069,3.62486,-16026.9,-1,1.09344e-09,1,0
0.00788497,-0.1267,0.0835434,-0.270846,3.62588,-16068.5,-1,5.34089e-10,1,0
0.00788586,-0.126511,0.0831192,-0.269949,3.62704,-16042.8,-1,8.37221e-10,1,0
0.00788653,-0.126371,0.082833,-0.269328,3.62565,-16023.6,-1,9.00122e-10,1,0
0.00788751,-0.126202,0.0835064,-0.270187,3.62566,-16000.2,-1,9.00122e-10,1,0
0.00788907,-0.126349,0.0848448,-0.271126,3.62389,-16015.6,-1,9.0689e-10,1,0
0.00788992,-0.125908,0.084595,-0.271772,3.62445,-15958.1,-1,8.44434e-11,1,0
0.00789091,-0.125285,0.0843741,-0.272143,3.62156,-15877.1,-1,6.37358e-10,1,0
0.00789199,-0.125961,0.0853612,-0.272363,3.61953,-15960.6,-1,4.8648e-10,1,0
0.00789323,-0.126101,0.086559,-0.272395,3.61936,-15975.9,-1,1.22018e-10,1,0
0.00789449,-0.126621,0.0858085,-0.272321,3.617,-16039.2,-1,3.26119e-10,1,0
0.00789456,-0.126623,0.0858257,-0.272308,3.61865,-16039.3,-1,3.88828e-11,1,0
0.00789497,-0.126817,0.0861712,-0.272436,3.62018,-16063.1,-1,3.65667e-11,1,0
0.00789537,-0.126863,0.0863689,-0.272449,3.62013,-16068,-1,2.35729e-11,1,0
0.00789679,-0.126374,0.0870945,-0.273001,3.61846,-16003.3,-1,1.29257e-09,1,0
0.00789827,-0.127665,0.0863268,-0.272868,3.61785,-16163.7,-1,1.87797e-09,1,0
0.00789973,-0.128109,0.0855184,-0.27282,3.61803,-16216.9,-1,7.26677e-10,1,0
0.00790104,-0.129262,0.0856727,-0.273722,3.61773,-16360.1,-1,1.47168e-09,1,0
0.00790262,-0.128889,0.0861488,-0.273985,3.61969,-16309.6,-1,9.45095e-10,1,0
0.00790321,-0.129416,0.0857915,-0.273785,3.61967,-16375.2,-1,9.45095e-10,1,0
0.00790349,-0.129393,0.0859008,-0.273619,3.61726,-16371.6,-1,2.2776e-10,1,0
0.00790471,-0.12929,0.086118,-0.274069,3.61769,-16356.1,-1,7.7998e-10,1,0
0.00790558,-0.129535,0.0854284,-0.274731,3.61768,-16385.3,-1,7.7998e-10,1,0
0.00790679,-0.129873,0.0844773,-0.275644,3.61711,-16425.5,-1,2.3357e-09,1,0
0.00790795,-0.129776,0.085328,-0.275345,3.61703,-16410.9,-1,6.07494e-10,1,0
0.00790871,-0.129129,0.0853068,-0.275127,3.61793,-16327.4,-1,6.66893e-10,1,0
0.00790918,-0.128653,0.08552,-0.275225,3.61796,-16266.2,-1,6.66893e-10,1,0
0.00791081,-0.127003,0.0862585,-0.275566,3.61815,-16054.3,-1,2.37055e-09,1,0
0.00791311,-0.125845,0.086067,-0.277874,3.6194,-15903.4,-1,2.58863e-09,1,0
0.0079135,-0.12592,0.085812,-0.277584,3.61987,-15912.1,-1,1.59143e-10,1,0
0.00791523,-0.127085,0.085472,-0.276328,3.62023,-16055.7,-1,6.61285e-10,1,0
0.0079166,-0.127614,0.0848025,-0.276742,3.62051,-16119.8,-1,9.09483e-10,1,0
0.00791725,-0.12822,0.0849636,-0.276656,3.62025,-16195,-1,6.53922e-10,1,0
0.00791765,-0.128432,0.0850461,-0.276687,3.62264,-16220.9,-1,2.39881e-10,1,0
0.00791913,-0.129431,0.083884,-0.27723,3.623,-16344,-1,1.86036e-10,1,0
0.00792061,-0.127916,0.0835608,-0.277137,3.62223,-16149.8,-1,1.29269e-09,1,0
0.00792315,-0.127151,0.0815011,-0.278568,3.62229,-16048,-1,1.67003e-09,1,0
0.00792485,-0.126676,0.0807348,-0.279846,3.62261,-15984.6,-1,1.29251e-09,1,0
0.0079255,-0.127199,0.0808717,-0.280351,3.62426,-16049.3,-1,4.62899e-10,1,0
0.00792563,-0.127324,0.0808222,-0.280297,3.62585,-16064.8,-1,5.16326e-11,1,0
0.0079273,-0.127832,0.0808764,-0.279562,3.62542,-16125.6,-1,4.90121e-10,1,0
0.00792942,-0.127585,0.0804024,-0.278377,3.62451,-16090,-1,1.10821e-09,1,0
0.00793049,-0.127106,0.0804891,-0.277439,3.62381,-16027.6,-1,3.47883e-10,1,0
0.00793225,-0.12849,0.0807322,-0.278834,3.62374,-16198.5,-1,3.47883e-10,1,0
0.00793349,-0.129469,0.0809042,-0.279821,3.62369,-16319.3,-1,3.47883e-10,1,0
0.00793492,-0.130344,0.0807438,-0.280756,3.62323,-16426.7,-1,2.13862e-10,1,0
0.00793589,-0.129844,0.0807716,-0.281209,3.62517,-16361.6,-1,6.59e-10,1,0
0.00793646,-0.129682,0.0813849,-0.281338,3.62275,-16340,-1,7.21139e-10,1,0
0.00793724,-0.129779,0.0816879,-0.281778,3.62345,-16350.6,-1,8.07588e-10,1,0
0.00793868,-0.128972,0.0810725,-0.282778,3.62267,-16246.1,-1,7.40947e-10,1,0
0.00793993,-0.12948,0.0815629,-0.283616,3.62056,-16307.4,-1,1.148e-09,1,0
0.00794073,-0.129633,0.0813394,-0.283418,3.61797,-16325,-1,5.88435e-10,1,0
0.00794129,-0.129411,0.0810626,-0.283909,3.6171,-16296,-1,1.12778e-10,1,0
0.00794311,-0.128618,0.0799101,-0.285413,3.61736,-16192.4,-1,2.57509e-09,1,0
0.00794381,-0.129211,0.0796272,-0.285681,3.61555,-16265.6,-1,5.29466e-10,1,0
0.00794558,-0.130512,0.0802774,-0.286572,3.61538,-16425.7,-1,9.50235e-10,1,0
0.00794697,-0.131467,0.0796625,-0.286178,3.61169,-16543,-1,1.29223e-09,1,0
0.00794804,-0.130904,0.0794455,-0.285157,3.61168,-16470,-1,2.10606e-10,1,0
0.00794865,-0.130525,0.079312,-0.284602,3.61171,-16421,-1,1.57134e-09,1,0
0.00794936,-0.130065,0.0791865,-0.283968,3.60944,-16361.7,-1,3.00688e-10,1,0
0.00794974,-0.129956,0.0792809,-0.283928,3.6106,-16347.2,-1,1.42898e-10,1,0
0.00795219,-0.128902,0.0801247,-0.285361,3.61198,-16209.7,-1,1.46651e-09,1,0
0.00795252,-0.128901,0.0798774,-0.285645,3.61143,-16208.8,-1,1.29709e-10,1,0
0.00795391,-0.128289,0.0805514,-0.28691,3.611,-16129,-1,2.31078e-10,1,0
0.00795492,-0.12824,0.080466,-0.28707,3.61109,-16120.8,-1,5.57849e-10,1,0
0.00795503,-0.128224,0.0804018,-0.287128,3.61195,-16118.6,-1,4.25592e-11,1,0
0.00795579,-0.128804,0.0808456,-0.286767,3.61103,-16190,-1,7.72164e-10,1,0
0.00795597,-0.128953,0.0809551,-0.286695,3.61206,-16208.4,-1,1.98899e-10,1,0
0.00795618,-0.128806,0.0808653,-0.28687,3.61207,-16189.5,-1,1.98899e-10,1,0
0.00795761,-0.128467,0.0807815,-0.286838,3.61153,-16143.9,-1,7.25794e-10,1,0
0.00795906,-0.129925,0.080807,-0.286101,3.61044,-16324.1,-1,1.63314e-09,1,0
0.00796003,-0.129514,0.0811801,-0.28515,3.61136,-16270.5,-1,1.10113e-09,1,0
0.00796117,-0.129735,0.0811758,-0.285106,3.61313,-16296,-1,6.60585e-10,1,0
0.00796287,-0.130163,0.0819348,-0.285456,3.61436,-16346.3,-1,8.99904e-11,1,0
0.00796458,-0.129891,0.0830352,-0.285726,3.61592,-16308.6,-1,1.07896e-09,1,0
0.00796517,-0.130317,0.0831884,-0.285311,3.61629,-16360.8,-1,1.7778e-10,1,0
0.00796565,-0.130668,0.083199,-0.284915,3.61663,-16403.9,-1,4.57603e-11,1,0
0.00796608,-0.130221,0.0832167,-0.285056,3.61645,-16347,-1,2.28003e-10,1,0
0.00796717,-0.129053,0.0834984,-0.285311,3.61645,-16198.2,-1,6.48065e-10,1,0
0.00796787,-0.128312,0.0833304,-0.285326,3.61911,-16103.7,-1,3.56392e-11,1,0
0.00796938,-0.127629,0.0826422,-0.28636,3.61916,-16015,-1,1.25339e-09,1,0
0.00797093,-0.127145,0.0829831,-0.287638,3.6187,-15951.1,-1,1.88993e-09,1,0
0.00797181,-0.12676,0.0836577,-0.288262,3.61816,-15901,-1,1.99981e-09,1,0
0.00797234,-0.126647,0.0838681,-0.288598,3.61809,-15885.8,-1,4.65231e-10,1,0
0.00797305,-0.127054,0.083236,-0.288868,3.61806,-15935.4,-1,4.65231e-10,1,0
0.00797434,-0.127736,0.0823354,-0.289105,3.61938,-16018.3,-1,1.42704e-10,1,0
0.0079746,-0.127818,0.0825387,-0.289245,3.61919,-16028.1,-1,7.03223e-11,1,0
0.00797515,-0.127898,0.0826888,-0.288744,3.6206,-16037.1,-1,2.90571e-10,1,0
0.00797551,-0.127904,0.0827216,-0.288596,3.62052,-16037.1,-1,8.36568e-10,1,0
0.00797753,-0.128082,0.0825797,-0.289006,3.61955,-16055.4,-1,2.08291e-10,1,0
0.00797819,-0.1287,0.0825238,-0.288613,3.61826,-16131.5,-1,6.47909e-10,1,0
0.00797845,-0.128897,0.0825149,-0.288554,3.61779,-16155.7,-1,2.30464e-10,1,0
0.00797919,-0.128817,0.0827702,-0.289323,3.61752,-16144.2,-1,8.27547e-10,1,0
0.00797988,-0.128353,0.0832929,-0.28967,3.61601,-16084.6,-1,8.43645e-10,1,0
0.00798112,-0.127977,0.0822935,-0.288815,3.61501,-16035,-1,1.29026e-09,1,0
0.00798171,-0.128006,0.0822121,-0.288156,3.6149,-16037.4,-1,2.00353e-10,1,0
0.00798219,-0.127768,0.0823295,-0.287897,3.61358,-16006.7,-1,6.20477e-11,1,0
0.00798255,-0.127623,0.0819836,-0.287898,3.61377,-15987.7,-1,1.12596e-10,1,0
0.00798364,-0.128496,0.0823573,-0.287115,3.61463,-16094.9,-1,7.11596e-10,1,0
0.00798442,-0.129119,0.0826238,-0.286557,3.61264,-16171.4,-1,3.69006e-10,1,0
0.00798484,-0.129194,0.0825106,-0.286299,3.61249,-16179.9,-1,2.36486e-10,1,0
0.00798555,-0.128885,0.0830532,-0.286794,3.61251,-16139.8,-1,2.36486e-10,1,0
0.0079858,-0.128677,0.0830845,-0.28695,3.61173,-16113.2,-1,2.24698e-10,1,0
0.00798756,-0.127928,0.0844949,-0.287838,3.61135,-16015.9,-1,1.76838e-09,1,0
0.00798839,-0.127947,0.0842932,-0.287746,3.60963,-16016.6,-1,4.18614e-10,1,0
0.00798962,-0.128327,0.0839005,-0.288597,3.61135,-16061.8,-1,7.41111e-10,1,0
0.0079914,-0.127587,0.0827215,-0.290049,3.61051,-15965.6,-1,2.66744e-09,1,0
0.00799198,-0.127847,0.082354,-0.289661,3.61227,-15996.9,-1,2.74154e-11,1,0
0.0079927,-0.127882,0.0830751,-0.289804,3.61169,-15999.9,-1,2.0194e-10,1,0
0.00799467,-0.127322,0.0848128,-0.290709,3.61192,-15925.9,-1,8.44267e-10,1,0
0.00799539,-0.127072,0.0842762,-0.290153,3.61019,-15893.2,-1,8.98665e-11,1,0
0.00799609,-0.127657,0.0846723,-0.289903,3.61013,-15965,-1,1.00545e-10,1,0
0.00799733,-0.127045,0.0849678,-0.290112,3.60848,-15885.9,-1,1.07627e-09,1,0
0.00799811,-0.126218,0.085074,-0.290399,3.60852,-15781,-1,1.07627e-09,1,0
0.00799888,-0.126365,0.0854504,-0.290105,3.608,-15797.8,-1,6.27097e-10,1,0
