2.24628e-07,-0.374906,-0.000309002,-0.649673,5.00039,-1.669e+09,-1,1.42715e-71,1,0
3.57554e-07,-0.374792,-0.000380882,-0.649668,5.00316,-1.04821e+09,-1,1.10206e-11,1,0
8.14392e-07,-0.37438,-0.000665947,-0.649529,5.00467,-4.59705e+08,-1,1.68838e-10,1,0
1.5856e-06,-0.374545,-7.5228e-05,-0.648709,5.00467,-2.36216e+08,-1,1.68838e-10,1,0
1.82077e-06,-0.374577,4.49128e-05,-0.648497,5.00452,-2.05725e+08,-1,3.94124e-11,1,0
2.70579e-06,-0.375369,-0.000712955,-0.64892,5.00448,-1.38728e+08,-1,3.94124e-11,1,0
3.86613e-06,-0.376407,-0.0017066,-0.649475,5.00388,-9.736e+07,-1,2.71508e-09,1,0
4.17035e-06,-0.376678,-0.00186256,-0.649361,5.00025,-9.03227e+07,-1,6.37524e-11,1,0
4.5699e-06,-0.376863,-0.00158954,-0.649238,4.998,-8.24664e+07,-1,1.19635e-11,1,0
5.65003e-06,-0.37639,-0.000298224,-0.64964,4.99803,-6.66173e+07,-1,1.19635e-11,1,0
6.20163e-06,-0.376338,-0.000553304,-0.649098,4.9963,-6.06837e+07,-1,6.52426e-10,1,0
7.16797e-06,-0.376075,-0.000619756,-0.649641,4.99628,-5.24661e+07,-1,8.69434e-10,1,0
7.5474e-06,-0.376163,-0.000342798,-0.649762,4.99499,-4.984e+07,-1,2.64751e-10,1,0
7.79318e-06,-0.376197,-0.000455184,-0.649992,4.99374,-4.82725e+07,-1,2.77854e-10,1,0
9.05035e-06,-0.375954,-0.00113878,-0.650875,4.98986,-4.15403e+07,-1,9.38081e-10,1,0
9.56695e-06,-0.375603,-0.000727512,-0.650455,4.99021,-3.92605e+07,-1,6.84753e-10,1,0
1.07008e-05,-0.374807,-0.000491789,-0.650599,4.9893,-3.5026e+07,-1,5.70317e-10,1,0
1.11526e-05,-0.37443,-2.84224e-05,-0.650554,4.98932,-3.35735e+07,-1,5.70317e-10,1,0
1.1935e-05,-0.373901,0.000720684,-0.65045,4.98677,-3.13282e+07,-1,6.47373e-11,1,0
1.21928e-05,-0.37402,0.000716071,-0.650724,4.98545,-3.06755e+07,-1,2.84137e-11,1,0
1.31901e-05,-0.374841,0.00169248,-0.651068,4.98376,-2.84184e+07,-1,1.32133e-09,1,0
1.33252e-05,-0.374709,0.00162427,-0.650969,4.98517,-2.81204e+07,-1,1.78926e-10,1,0
1.42815e-05,-0.373654,0.00185719,-0.650758,4.98646,-2.61634e+07,-1,3.40262e-10,1,0
1.50262e-05,-0.373941,0.00231424,-0.651584,4.98645,-2.4886e+07,-1,3.40262e-10,1,0
1.68736e-05,-0.374508,0.00109078,-0.65237,4.98546,-2.21949e+07,-1,9.38011e-10,1,0
1.73704e-05,-0.374307,0.00050091,-0.652542,4.9842,-2.15486e+07,-1,1.58226e-09,1,0
1.84114e-05,-0.374233,0.000669524,-0.653908,4.98014,-2.03262e+07,-1,1.39287e-09,1,0
1.9381e-05,-0.372992,0.000960882,-0.653945,4.9803,-1.92453e+07,-1,6.58003e-10,1,0
2.00237e-05,-0.372886,0.000569369,-0.654669,4.97999,-1.86222e+07,-1,4.1814e-10,1,0
2.07669e-05,-0.372711,-0.000360592,-0.654893,4.98406,-1.79473e+07,-1,9.37956e-10,1,0
2.2196e-05,-0.373442,0.00135139,-0.65455,4.9839,-1.68248e+07,-1,1.89307e-09,1,0
2.29829e-05,-0.374313,0.000833796,-0.654796,4.98368,-1.62866e+07,-1,1.04247e-09,1,0
2.33746e-05,-0.374428,0.000754486,-0.654335,4.98361,-1.60185e+07,-1,4.15349e-10,1,0
2.42227e-05,-0.374705,0.00131339,-0.653733,4.98248,-1.54692e+07,-1,1.6917e-10,1,0
2.5374e-05,-0.375387,0.00183797,-0.65382,4.98132,-1.47941e+07,-1,1.14413e-09,1,0
2.64985e-05,-0.375075,0.00325291,-0.653571,4.98151,-1.41546e+07,-1,7.55847e-10,1,0
2.69895e-05,-0.375479,0.00351476,-0.653702,4.98146,-1.3912e+07,-1,4.73518e-10,1,0
2.80076e-05,-0.376202,0.00436796,-0.652949,4.98206,-1.34322e+07,-1,1.34825e-09,1,0
2.89903e-05,-0.37581,0.00529571,-0.652746,4.98143,-1.29633e+07,-1,3.45134e-10,1,0
2.93403e-05,-0.375575,0.00569158,-0.652799,4.98144,-1.28007e+07,-1,3.45134e-10,1,0
2.98673e-05,-0.375715,0.00570981,-0.653357,4.98251,-1.25795e+07,-1,5.85122e-10,1,0
3.11435e-05,-0.37718,0.00529422,-0.654022,4.98545,-1.2111e+07,-1,9.7672e-11,1,0
3.22135e-05,-0.377848,0.00556901,-0.654781,4.98524,-1.17295e+07,-1,9.37942e-10,1,0
3.28644e-05,-0.37827,0.00484308,-0.654977,4.98387,-1.151e+07,-1,9.03485e-10,1,0
3.39596e-05,-0.379174,0.00557648,-0.654338,4.98373,-1.11654e+07,-1,3.40402e-10,1,0
3.46626e-05,-0.379939,0.00597415,-0.653988,4.98045,-1.09611e+07,-1,2.04167e-09,1,0
3.56923e-05,-0.378686,0.00643105,-0.654166,4.98146,-1.06097e+07,-1,5.09776e-11,1,0
3.60812e-05,-0.378763,0.0069288,-0.654058,4.98146,-1.04975e+07,-1,5.09776e-11,1,0
3.68812e-05,-0.378825,0.00736831,-0.653798,4.98521,-1.02715e+07,-1,1.33464e-10,1,0
3.74851e-05,-0.378504,0.00787875,-0.654035,4.98141,-1.00975e+07,-1,5.89871e-10,1,0
3.78648e-05,-0.378118,0.00785881,-0.653765,4.98335,-9.98601e+06,-1,3.39629e-10,1,0
3.88023e-05,-0.377508,0.00798762,-0.654497,4.98497,-9.729e+06,-1,2.24878e-10,1,0
3.94443e-05,-0.376927,0.00818287,-0.654975,4.98412,-9.55594e+06,-1,3.81135e-11,1,0
3.98056e-05,-0.376953,0.00844223,-0.655193,4.98367,-9.46986e+06,-1,7.55152e-11,1,0
4.00989e-05,-0.376741,0.00872982,-0.655346,4.98368,-9.39531e+06,-1,7.55152e-11,1,0
4.03095e-05,-0.376955,0.00871128,-0.655173,4.98034,-9.35152e+06,-1,2.76906e-10,1,0
4.13371e-05,-0.377006,0.00944724,-0.654521,4.98193,-9.12029e+06,-1,2.58427e-10,1,0
4.21964e-05,-0.377108,0.00916657,-0.653775,4.98484,-8.93698e+06,-1,7.24676e-10,1,0
4.24245e-05,-0.377207,0.0091519,-0.65349,4.98329,-8.89126e+06,-1,3.02199e-10,1,0
4.26611e-05,-0.377363,0.00926426,-0.653417,4.98535,-8.84558e+06,-1,2.03041e-10,1,0
4.31033e-05,-0.377269,0.00929254,-0.653088,4.98111,-8.75267e+06,-1,2.71879e-10,1,0
4.35408e-05,-0.377553,0.0097918,-0.653161,4.98109,-8.67126e+06,-1,2.71879e-10,1,0
4.37826e-05,-0.377711,0.0100678,-0.653202,4.98108,-8.62697e+06,-1,2.71879e-10,1,0
4.43897e-05,-0.378105,0.0107607,-0.653305,4.98133,-8.51786e+06,-1,1.7036e-09,1,0
4.52144e-05,-0.37736,0.0100226,-0.653608,4.98137,-8.34601e+06,-1,1.7036e-09,1,0
4.5672e-05,-0.376946,0.009613,-0.653777,4.98139,-8.25334e+06,-1,1.7036e-09,1,0
4.60767e-05,-0.376507,0.00934363,-0.653911,4.98312,-8.17132e+06,-1,4.16942e-10,1,0
4.62917e-05,-0.376658,0.0091291,-0.653799,4.98085,-8.13662e+06,-1,2.84758e-10,1,0
4.67316e-05,-0.376372,0.00913285,-0.654198,4.97786,-8.05389e+06,-1,6.94436e-11,1,0
4.77244e-05,-0.376723,0.00816289,-0.653384,4.97922,-7.89372e+06,-1,1.3143e-09,1,0
4.81815e-05,-0.377295,0.00808714,-0.653227,4.97874,-7.8307e+06,-1,5.50108e-10,1,0
4.91803e-05,-0.378475,0.00750339,-0.653101,4.9798,-7.69566e+06,-1,1.36705e-09,1,0
4.99451e-05,-0.377905,0.00669853,-0.653073,4.98031,-7.5664e+06,-1,2.30056e-10,1,0
5.0464e-05,-0.377462,0.00617464,-0.653113,4.98033,-7.47983e+06,-1,2.30056e-10,1,0
5.11219e-05,-0.377113,0.00632793,-0.653624,4.978,-7.37674e+06,-1,2.68243e-10,1,0
5.24495e-05,-0.376704,0.00607299,-0.65465,4.97691,-7.18223e+06,-1,8.4306e-10,1,0
5.29046e-05,-0.376929,0.00598437,-0.654637,4.98539,-7.1247e+06,-1,3.53118e-10,1,0
5.34929e-05,-0.376811,0.00600026,-0.654648,4.98374,-7.04412e+06,-1,4.02447e-10,1,0
5.42724e-05,-0.377521,0.00631248,-0.654013,4.98302,-6.95605e+06,-1,1.75747e-10,1,0
5.54781e-05,-0.37864,0.0068287,-0.654538,4.98252,-6.82504e+06,-1,9.37965e-10,1,0
5.59772e-05,-0.379069,0.00702256,-0.654746,4.9821,-6.77186e+06,-1,2.24348e-10,1,0
5.62922e-05,-0.379345,0.00715724,-0.654887,4.98399,-6.73886e+06,-1,5.16112e-11,1,0
5.71511e-05,-0.380133,0.00684456,-0.655189,4.98236,-6.65136e+06,-1,1.24439e-10,1,0
5.78978e-05,-0.380763,0.00643307,-0.655434,4.98033,-6.57647e+06,-1,1.86307e-10,1,0
5.83912e-05,-0.381154,0.00691872,-0.655239,4.98031,-6.5276e+06,-1,1.86307e-10,1,0
5.9146e-05,-0.381752,0.00766176,-0.65494,4.98028,-6.4544e+06,-1,1.86307e-10,1,0
6.03649e-05,-0.382461,0.0077888,-0.653952,4.97757,-6.33582e+06,-1,9.37861e-10,1,0
6.07426e-05,-0.382511,0.0077733,-0.653724,4.97835,-6.29725e+06,-1,3.79356e-10,1,0
6.17952e-05,-0.383406,0.0076922,-0.654267,4.9784,-6.20446e+06,-1,7.55043e-11,1,0
6.23954e-05,-0.383374,0.00726572,-0.653646,4.97915,-6.14426e+06,-1,5.58726e-10,1,0
6.35105e-05,-0.382917,0.00737841,-0.654291,4.98072,-6.02919e+06,-1,8.61057e-10,1,0
6.44818e-05,-0.38305,0.0070288,-0.65393,4.97853,-5.94044e+06,-1,6.21605e-10,1,0
6.47226e-05,-0.382858,0.00717262,-0.65372,4.97854,-5.91537e+06,-1,6.21605e-10,1,0
6.49633e-05,-0.38275,0.00716003,-0.653657,4.9758,-5.89179e+06,-1,1.17299e-10,1,0
6.53689e-05,-0.382477,0.00724363,-0.653677,4.97559,-5.85106e+06,-1,3.41774e-10,1,0
6.565e-05,-0.382311,0.00730492,-0.65386,4.9747,-5.82348e+06,-1,8.98983e-11,1,0
6.61099e-05,-0.381882,0.00754815,-0.653504,4.97376,-5.77647e+06,-1,6.08717e-10,1,0
6.73141e-05,-0.381714,0.00669517,-0.65476,4.97313,-5.67065e+06,-1,6.20244e-10,1,0
6.7627e-05,-0.381485,0.00640277,-0.654942,4.97345,-5.64101e+06,-1,4.49457e-10,1,0
6.77792e-05,-0.381378,0.00626197,-0.654961,4.97263,-5.62678e+06,-1,8.50289e-11,1,0
6.84258e-05,-0.380634,0.00584625,-0.655031,4.97267,-5.56272e+06,-1,8.50289e-11,1,0
6.98104e-05,-0.378919,0.00536806,-0.655109,4.973,-5.42783e+06,-1,1.86601e-09,1,0
7.07892e-05,-0.378439,0.00505707,-0.6553,4.97166,-5.34599e+06,-1,4.73818e-10,1,0
7.1746e-05,-0.37939,0.0045383,-0.655954,4.97161,-5.28797e+06,-1,4.73818e-10,1,0
7.27092e-05,-0.379888,0.00420528,-0.656778,4.96745,-5.22476e+06,-1,1.73474e-10,1,0
7.43382e-05,-0.378328,0.00385385,-0.657038,4.9621,-5.08928e+06,-1,3.08717e-10,1,0
7.51031e-05,-0.378591,0.00381547,-0.657711,4.95709,-5.04094e+06,-1,8.3342e-10,1,0
7.57738e-05,-0.378434,0.00371908,-0.656845,4.9571,-4.99427e+06,-1,8.3342e-10,1,0
7.60512e-05,-0.378255,0.00380086,-0.656565,4.95694,-4.9737e+06,-1,1.01046e-09,1,0
7.67908e-05,-0.378239,0.00374382,-0.656604,4.95457,-4.92558e+06,-1,7.10074e-10,1,0
7.76188e-05,-0.37882,0.00318619,-0.657323,4.9552,-4.88051e+06,-1,1.49801e-09,1,0
7.81523e-05,-0.378897,0.0032417,-0.657525,4.95706,-4.84819e+06,-1,3.54162e-10,1,0
7.83759e-05,-0.378924,0.00341988,-0.657656,4.95725,-4.83469e+06,-1,4.58004e-11,1,0
7.86106e-05,-0.379121,0.00325021,-0.657627,4.95835,-4.82277e+06,-1,2.80092e-10,1,0
7.89709e-05,-0.378658,0.00314459,-0.657591,4.95457,-4.7949e+06,-1,5.06067e-10,1,0
7.90643e-05,-0.378753,0.00322067,-0.657609,4.95457,-4.79044e+06,-1,5.06067e-10,1,0
8.01956e-05,-0.37991,0.00414262,-0.657818,4.9545,-4.73729e+06,-1,1.61748e-09,1,0
8.11962e-05,-0.379528,0.00442784,-0.657174,4.95383,-4.67421e+06,-1,9.01364e-11,1,0
8.15996e-05,-0.379556,0.0047178,-0.65762,4.95391,-4.65145e+06,-1,3.19513e-10,1,0
8.18588e-05,-0.379563,0.00490403,-0.657907,4.95298,-4.6368e+06,-1,5.55537e-10,1,0
8.21724e-05,-0.379202,0.00486569,-0.658008,4.95166,-4.61471e+06,-1,2.50229e-10,1,0
8.2657e-05,-0.378606,0.00467974,-0.657864,4.95169,-4.58045e+06,-1,2.50229e-10,1,0
8.37218e-05,-0.379775,0.00432662,-0.657829,4.95036,-4.53616e+06,-1,1.30417e-09,1,0
8.41566e-05,-0.379855,0.00414864,-0.657289,4.95035,-4.51367e+06,-1,1.30417e-09,1,0
8.49462e-05,-0.380001,0.00382543,-0.656309,4.95034,-4.47343e+06,-1,1.30417e-09,1,0
8.57322e-05,-0.380094,0.00364107,-0.656914,4.948,-4.4335e+06,-1,1.83392e-09,1,0
8.66699e-05,-0.379915,0.00302503,-0.657598,4.94863,-4.38347e+06,-1,1.48807e-09,1,0
8.72738e-05,-0.379593,0.00229649,-0.657632,4.94865,-4.34945e+06,-1,1.48807e-09,1,0
8.80612e-05,-0.379311,0.00134525,-0.657714,4.94887,-4.30736e+06,-1,2.25737e-10,1,0
8.88948e-05,-0.379981,0.000900099,-0.658064,4.94775,-4.27451e+06,-1,1.3534e-10,1,0
8.97599e-05,-0.380391,9.19422e-05,-0.657725,4.94774,-4.23788e+06,-1,1.37494e-10,1,0
9.0323e-05,-0.380373,-0.000352506,-0.657777,4.9448,-4.21125e+06,-1,1.01242e-10,1,0
9.06973e-05,-0.37989,-0.000358266,-0.657673,4.94482,-4.18855e+06,-1,1.01242e-10,1,0
9.17424e-05,-0.37891,5.04069e-05,-0.657167,4.94579,-4.13015e+06,-1,7.16234e-10,1,0
9.23889e-05,-0.378763,-0.000608805,-0.657043,4.95012,-4.09966e+06,-1,6.49672e-10,1,0
9.30633e-05,-0.378292,-0.000431408,-0.656665,4.95054,-4.06489e+06,-1,5.01317e-10,1,0
9.33093e-05,-0.37829,-0.000344011,-0.656353,4.95054,-4.05415e+06,-1,5.01317e-10,1,0
9.42382e-05,-0.377675,-0.000481566,-0.657157,4.95435,-4.00766e+06,-1,2.20183e-10,1,0
9.48309e-05,-0.377129,-0.000609968,-0.657703,4.95438,-3.97685e+06,-1,2.20183e-10,1,0
9.50881e-05,-0.377142,-0.000539553,-0.657738,4.95681,-3.96624e+06,-1,1.88309e-09,1,0
9.58915e-05,-0.377899,4.09849e-05,-0.657273,4.95508,-3.9409e+06,-1,1.23886e-09,1,0
9.66953e-05,-0.377946,0.000842697,-0.657942,4.95546,-3.90863e+06,-1,1.04217e-09,1,0
9.72697e-05,-0.378683,0.000838369,-0.658073,4.95618,-3.89313e+06,-1,7.66019e-10,1,0
9.75853e-05,-0.378789,0.000749813,-0.657755,4.95185,-3.88162e+06,-1,4.72095e-11,1,0
9.81782e-05,-0.378818,0.000572288,-0.657772,4.95345,-3.85848e+06,-1,3.80828e-10,1,0
9.84646e-05,-0.378503,0.000755029,-0.65777,4.95317,-3.84406e+06,-1,2.0535e-10,1,0
9.93876e-05,-0.378182,0.00133238,-0.658161,4.95305,-3.80512e+06,-1,4.80767e-10,1,0
0.000100651,-0.378424,0.00237739,-0.659093,4.95321,-3.75977e+06,-1,4.63178e-10,1,0
0.000101123,-0.377827,0.00251782,-0.659207,4.95227,-3.7363e+06,-1,6.23907e-10,1,0
0.000101589,-0.37794,0.00270671,-0.658832,4.95026,-3.72029e+06,-1,1.0205e-10,1,0
0.000101898,-0.378107,0.00284268,-0.658486,4.95031,-3.71064e+06,-1,6.46838e-10,1,0
0.000102219,-0.37827,0.0026811,-0.658618,4.94949,-3.70059e+06,-1,3.17995e-10,1,0
0.000102319,-0.378288,0.00275293,-0.658535,4.95068,-3.69714e+06,-1,1.05887e-10,1,0
0.00010327,-0.37877,0.00299728,-0.658619,4.95136,-3.66778e+06,-1,4.55407e-10,1,0
0.000103557,-0.378617,0.00303879,-0.65853,4.94873,-3.65614e+06,-1,1.2677e-10,1,0
0.00010459,-0.378986,0.00336257,-0.658899,4.94877,-3.62354e+06,-1,4.17801e-11,1,0
0.000105196,-0.379433,0.00379839,-0.658647,4.95274,-3.60692e+06,-1,3.27129e-10,1,0
0.000105936,-0.380038,0.00358404,-0.658571,4.95283,-3.58742e+06,-1,2.4675e-10,1,0
0.000106787,-0.380567,0.00282436,-0.658069,4.95445,-3.56379e+06,-1,6.05756e-10,1,0
0.000107368,-0.380143,0.0030151,-0.658548,4.95334,-3.54057e+06,-1,4.27951e-10,1,0
0.000107924,-0.380024,0.00330258,-0.657883,4.95335,-3.5212e+06,-1,4.27951e-10,1,0
0.000108646,-0.379876,0.00366877,-0.657021,4.95387,-3.49647e+06,-1,1.67827e-09,1,0
0.000108955,-0.380117,0.00367141,-0.656913,4.95332,-3.48876e+06,-1,2.6913e-10,1,0
0.000109885,-0.380848,0.00435409,-0.657626,4.95328,-3.46587e+06,-1,2.6913e-10,1,0
0.000110007,-0.380865,0.00444903,-0.657695,4.95465,-3.4622e+06,-1,1.0885e-10,1,0
0.000111102,-0.381176,0.00436577,-0.658029,4.94939,-3.43088e+06,-1,7.50654e-10,1,0
0.000111725,-0.381079,0.00470383,-0.657444,4.94912,-3.41087e+06,-1,1.28359e-10,1,0
0.000112676,-0.381096,0.00543718,-0.656424,4.9522,-3.38222e+06,-1,1.95031e-09,1,0
0.000113368,-0.380834,0.00561386,-0.656243,4.95312,-3.35925e+06,-1,3.43825e-10,1,0
0.000114055,-0.380545,0.00636204,-0.655968,4.9537,-3.33652e+06,-1,2.03093e-10,1,0
0.000114715,-0.379867,0.00690349,-0.65606,4.95374,-3.3114e+06,-1,2.03093e-10,1,0
0.000115218,-0.379388,0.00716911,-0.656106,4.95315,-3.29278e+06,-1,9.59725e-11,1,0
0.000115674,-0.379462,0.00666414,-0.655816,4.95142,-3.28045e+06,-1,5.76889e-10,1,0
0.000116077,-0.379847,0.00669831,-0.655711,4.95071,-3.27238e+06,-1,3.95866e-11,1,0
0.000116738,-0.380522,0.00696719,-0.656062,4.95053,-3.25963e+06,-1,9.97215e-10,1,0
0.000117713,-0.381223,0.0067311,-0.655524,4.95157,-3.2386e+06,-1,9.5456e-10,1,0
0.000119207,-0.382453,0.0066326,-0.655117,4.95027,-3.20831e+06,-1,7.22495e-10,1,0
0.000119746,-0.38283,0.00609577,-0.654867,4.9509,-3.19701e+06,-1,1.05927e-11,1,0
0.000120504,-0.382518,0.00667006,-0.654986,4.95055,-3.17432e+06,-1,1.57191e-10,1,0
0.000121156,-0.382881,0.00688713,-0.654703,4.95035,-3.16025e+06,-1,1.88037e-10,1,0
0.000122848,-0.383816,0.00526007,-0.655583,4.95033,-3.12432e+06,-1,3.50784e-10,1,0
0.000123178,-0.383734,0.00514816,-0.655191,4.9503,-3.11529e+06,-1,3.31334e-10,1,0
0.000123891,-0.383063,0.00492106,-0.654606,4.95225,-3.09193e+06,-1,8.58959e-10,1,0
0.000124657,-0.382336,0.00523714,-0.655102,4.95086,-3.06711e+06,-1,1.90023e-10,1,0
0.000125365,-0.382864,0.00514756,-0.655192,4.95146,-3.05398e+06,-1,6.52429e-11,1,0
0.000125988,-0.383495,0.00523084,-0.655507,4.94986,-3.0439e+06,-1,3.02233e-10,1,0
0.00012754,-0.383328,0.00454117,-0.656543,4.95151,-3.00555e+06,-1,1.42947e-09,1,0
0.000128647,-0.382261,0.00364066,-0.656974,4.95157,-2.97139e+06,-1,1.42947e-09,1,0
0.000129368,-0.381566,0.00305435,-0.657254,4.9516,-2.94947e+06,-1,1.42947e-09,1,0
0.000130356,-0.382121,0.00301433,-0.657512,4.95322,-2.93136e+06,-1,4.8075e-10,1,0
0.000131435,-0.382045,0.00303002,-0.658398,4.9532,-2.90673e+06,-1,7.38539e-10,1,0
0.000132058,-0.381594,0.00343416,-0.658674,4.95258,-2.88959e+06,-1,4.52149e-10,1,0
0.000132936,-0.380485,0.00374495,-0.65854,4.95263,-2.86218e+06,-1,4.52149e-10,1,0
0.000133962,-0.380517,0.00467925,-0.658815,4.9518,-2.84048e+06,-1,7.32903e-10,1,0
0.000134371,-0.380223,0.00501502,-0.659035,4.94818,-2.82965e+06,-1,4.75184e-11,1,0
0.000135236,-0.380671,0.00433294,-0.658821,4.95044,-2.81487e+06,-1,9.50952e-10,1,0
0.000135276,-0.380641,0.00434231,-0.658789,4.94924,-2.81381e+06,-1,4.4151e-11,1,0
0.000136553,-0.381357,0.00563649,-0.657982,4.9492,-2.79275e+06,-1,4.4151e-11,1,0
0.000137119,-0.381062,0.00530279,-0.658375,4.94712,-2.77905e+06,-1,6.69476e-10,1,0
0.00013862,-0.380045,0.0041379,-0.657362,4.95074,-2.74163e+06,-1,1.45215e-09,1,0
0.000139627,-0.378782,0.0042506,-0.657761,4.95081,-2.71281e+06,-1,1.45215e-09,1,0
0.000140416,-0.378025,0.00423165,-0.657902,4.94925,-2.69218e+06,-1,1.48836e-10,1,0
0.000140831,-0.378141,0.00424181,-0.657502,4.95038,-2.68507e+06,-1,2.86992e-10,1,0
0.000141937,-0.377803,0.00355288,-0.657708,4.94784,-2.66176e+06,-1,6.93793e-10,1,0
0.000142378,-0.378058,0.00372082,-0.657897,4.94741,-2.65531e+06,-1,1.19516e-09,1,0
0.000142957,-0.377939,0.0037353,-0.657403,4.9485,-2.64372e+06,-1,6.04828e-10,1,0
0.00014378,-0.378931,0.00415698,-0.657537,4.94845,-2.63549e+06,-1,6.04828e-10,1,0
0.000144982,-0.379142,0.00435453,-0.657573,4.94559,-2.61509e+06,-1,5.07852e-10,1,0
0.000145533,-0.379616,0.00413763,-0.657983,4.94301,-2.60846e+06,-1,9.55193e-11,1,0
0.000146252,-0.379444,0.00482073,-0.657927,4.94196,-2.59445e+06,-1,8.04688e-10,1,0
0.000147274,-0.379083,0.0055588,-0.657391,4.94509,-2.57399e+06,-1,9.0323e-10,1,0
0.000147791,-0.379038,0.0056068,-0.657507,4.944,-2.56468e+06,-1,3.98171e-10,1,0
0.000148349,-0.379014,0.00533576,-0.657574,4.9439,-2.55489e+06,-1,4.2633e-10,1,0
0.000148942,-0.379348,0.00550766,-0.657935,4.94057,-2.54696e+06,-1,1.36641e-10,1,0
0.000149412,-0.379587,0.00607965,-0.657969,4.94126,-2.54053e+06,-1,6.20688e-10,1,0
0.00015004,-0.379127,0.00581187,-0.657555,4.94013,-2.52684e+06,-1,1.16007e-10,1,0
0.000150931,-0.379487,0.00635896,-0.657354,4.9395,-2.5143e+06,-1,6.16757e-10,1,0
0.000151837,-0.380316,0.00713444,-0.657404,4.93861,-2.50476e+06,-1,1.40732e-09,1,0
0.000152568,-0.380719,0.00630978,-0.657436,4.93943,-2.49541e+06,-1,5.48155e-10,1,0
0.000153563,-0.381125,0.00721903,-0.658243,4.93637,-2.48187e+06,-1,1.01346e-10,1,0
0.000154196,-0.38123,0.00775738,-0.65824,4.9353,-2.47237e+06,-1,2.1494e-10,1,0
0.000154559,-0.380829,0.00793176,-0.658118,4.93619,-2.46397e+06,-1,4.05301e-10,1,0
0.000154844,-0.380714,0.00817221,-0.657854,4.9362,-2.45869e+06,-1,4.05301e-10,1,0
0.000155675,-0.380376,0.00887391,-0.657083,4.93621,-2.4434e+06,-1,4.05301e-10,1,0
0.00015591,-0.380282,0.0090662,-0.656868,4.93784,-2.43912e+06,-1,2.0056e-12,1,0
0.000156525,-0.380837,0.00891867,-0.657243,4.93781,-2.43308e+06,-1,2.52608e-11,1,0
0.000157211,-0.381157,0.00837006,-0.657251,4.93888,-2.4245e+06,-1,5.75674e-10,1,0
0.000157728,-0.38103,0.00854705,-0.656665,4.93981,-2.41574e+06,-1,2.24438e-10,1,0
0.000158716,-0.380442,0.00947824,-0.657285,4.94014,-2.39701e+06,-1,1.22596e-09,1,0
0.000159531,-0.38009,0.0102772,-0.657359,4.94082,-2.38254e+06,-1,6.79128e-10,1,0
0.000159845,-0.380307,0.0104564,-0.657135,4.94009,-2.37922e+06,-1,3.28055e-10,1,0
0.000160203,-0.380441,0.0107774,-0.657277,4.94067,-2.37475e+06,-1,1.06384e-10,1,0
0.000160611,-0.380382,0.0110289,-0.65753,4.9406,-2.36834e+06,-1,6.77428e-11,1,0
0.000160996,-0.380458,0.0108508,-0.657623,4.94103,-2.36316e+06,-1,1.34843e-10,1,0
0.000161416,-0.380762,0.0104942,-0.657918,4.93996,-2.35889e+06,-1,8.72426e-10,1,0
0.000162188,-0.380407,0.0107906,-0.65754,4.93717,-2.34547e+06,-1,6.48199e-12,1,0
0.000162602,-0.380192,0.0104559,-0.65746,4.92916,-2.33818e+06,-1,4.09356e-10,1,0
0.000163062,-0.380169,0.010903,-0.657408,4.92719,-2.33144e+06,-1,1.69211e-10,1,0
0.00016347,-0.380359,0.0109444,-0.656969,4.92626,-2.32679e+06,-1,1.99933e-10,1,0
0.000164362,-0.380856,0.0115279,-0.656173,4.92946,-2.31717e+06,-1,5.30484e-11,1,0
0.000165165,-0.380388,0.0110004,-0.655881,4.92963,-2.30308e+06,-1,1.32073e-09,1,0
0.000165588,-0.380546,0.0108363,-0.655816,4.92411,-2.29815e+06,-1,3.1175e-10,1,0
0.00016673,-0.381881,0.0102895,-0.655582,4.92565,-2.29042e+06,-1,4.92231e-11,1,0
0.000166899,-0.381901,0.0104418,-0.65562,4.92421,-2.28821e+06,-1,4.99535e-11,1,0
0.000168012,-0.381968,0.0110564,-0.654357,4.92398,-2.27346e+06,-1,5.44381e-10,1,0
0.00016926,-0.382063,0.0113522,-0.652759,4.92411,-2.25726e+06,-1,1.96797e-09,1,0
0.000169624,-0.381912,0.0114007,-0.652684,4.9242,-2.25153e+06,-1,2.24987e-10,1,0
0.000170426,-0.382459,0.011273,-0.652586,4.92668,-2.24414e+06,-1,4.62727e-10,1,0
0.0001708,-0.382117,0.0112143,-0.652401,4.92416,-2.23722e+06,-1,3.74077e-10,1,0
0.00017104,-0.381899,0.0113234,-0.652594,4.92541,-2.23281e+06,-1,8.68012e-11,1,0
0.000171843,-0.381748,0.0109887,-0.651602,4.92402,-2.2215e+06,-1,1.05799e-09,1,0
0.000172441,-0.381993,0.0115698,-0.651309,4.92555,-2.21522e+06,-1,1.95396e-10,1,0
0.000173859,-0.381819,0.0104684,-0.650939,4.92603,-2.19614e+06,-1,1.46764e-09,1,0
0.000174804,-0.380917,0.0099615,-0.650249,4.9258,-2.17911e+06,-1,1.24376e-09,1,0
0.000175851,-0.38033,0.0101378,-0.649654,4.92438,-2.1628e+06,-1,4.2472e-10,1,0
0.000176453,-0.380676,0.009688,-0.649918,4.92389,-2.15738e+06,-1,3.99283e-10,1,0
0.000177281,-0.380255,0.00913883,-0.650619,4.92341,-2.14493e+06,-1,7.2408e-10,1,0
0.000177921,-0.379427,0.00929183,-0.650645,4.92206,-2.13256e+06,-1,8.42661e-10,1,0
0.000178255,-0.379436,0.00896682,-0.650756,4.9226,-2.12862e+06,-1,2.15614e-10,1,0
0.000179171,-0.378757,0.00869493,-0.650999,4.92049,-2.11395e+06,-1,1.81897e-10,1,0
0.000180184,-0.377937,0.00891843,-0.650412,4.92029,-2.09751e+06,-1,1.62055e-09,1,0
0.000181101,-0.377773,0.00933495,-0.651054,4.92087,-2.08599e+06,-1,3.29331e-11,1,0
0.000181601,-0.377672,0.00893122,-0.65128,4.91895,-2.07968e+06,-1,5.16408e-11,1,0
0.000182443,-0.37872,0.00867551,-0.651532,4.91889,-2.07582e+06,-1,5.16408e-11,1,0
0.000183234,-0.378027,0.00887894,-0.651442,4.92033,-2.06308e+06,-1,6.93406e-10,1,0
0.00018352,-0.377903,0.00869179,-0.651226,4.92544,-2.05919e+06,-1,4.13224e-11,1,0
0.000183791,-0.377883,0.00885065,-0.651154,4.92649,-2.05605e+06,-1,6.76278e-11,1,0
0.000184362,-0.378502,0.00922397,-0.651361,4.92607,-2.05304e+06,-1,7.52272e-10,1,0
0.00018483,-0.378492,0.00875257,-0.651471,4.92372,-2.04778e+06,-1,4.53319e-10,1,0
0.000186052,-0.377822,0.00786647,-0.652504,4.92545,-2.03074e+06,-1,9.54609e-10,1,0
0.000186773,-0.377087,0.00755126,-0.652207,4.92855,-2.01896e+06,-1,5.15898e-10,1,0
0.000187201,-0.377016,0.00777604,-0.652678,4.9293,-2.01396e+06,-1,4.07699e-10,1,0
0.000188056,-0.377323,0.00777991,-0.653762,4.92929,-2.00643e+06,-1,4.07699e-10,1,0
0.000188632,-0.377452,0.0077558,-0.654481,4.93047,-2.00099e+06,-1,1.07367e-10,1,0
0.000189329,-0.376715,0.00741512,-0.654081,4.92795,-1.98974e+06,-1,8.61242e-10,1,0
0.00019031,-0.377112,0.00754514,-0.65412,4.92626,-1.98157e+06,-1,2.6367e-10,1,0
0.000190712,-0.377494,0.00776328,-0.653825,4.92624,-1.97939e+06,-1,2.6367e-10,1,0
0.000191027,-0.377555,0.00779597,-0.653513,4.92597,-1.97645e+06,-1,2.24261e-10,1,0
0.000192503,-0.376283,0.00728048,-0.652272,4.92609,-1.95469e+06,-1,9.88996e-10,1,0
0.00019382,-0.376728,0.00804556,-0.652399,4.92249,-1.9437e+06,-1,3.8351e-10,1,0
0.000194784,-0.376786,0.00746803,-0.651605,4.92174,-1.93438e+06,-1,1.09014e-09,1,0
0.000195187,-0.37675,0.00750198,-0.651579,4.92421,-1.9302e+06,-1,2.17978e-10,1,0
0.000195824,-0.37723,0.00739559,-0.651794,4.91953,-1.92638e+06,-1,6.78964e-10,1,0
0.00019635,-0.376594,0.00730794,-0.651634,4.91953,-1.91798e+06,-1,4.89734e-10,1,0
0.000197357,-0.375536,0.00706571,-0.651022,4.91744,-1.90282e+06,-1,4.02279e-11,1,0
0.000198169,-0.375964,0.00609291,-0.650912,4.91742,-1.89719e+06,-1,4.02279e-11,1,0
0.000198469,-0.376121,0.00573354,-0.650872,4.91813,-1.89511e+06,-1,1.46277e-09,1,0
0.00019942,-0.376457,0.00594116,-0.650551,4.91774,-1.88776e+06,-1,5.90728e-10,1,0
0.000199855,-0.37603,0.00568614,-0.650532,4.91646,-1.88151e+06,-1,7.43292e-10,1,0
0.000200441,-0.375681,0.00556138,-0.65023,4.91553,-1.87427e+06,-1,3.63401e-10,1,0
0.000200894,-0.375369,0.00566028,-0.650102,4.91362,-1.86849e+06,-1,4.78769e-10,1,0
0.000202118,-0.373888,0.00627422,-0.650244,4.9137,-1.84985e+06,-1,4.78769e-10,1,0
0.00020335,-0.372397,0.00689202,-0.650386,4.91377,-1.83131e+06,-1,4.78769e-10,1,0
0.000203574,-0.372233,0.00706079,-0.650426,4.91187,-1.82849e+06,-1,7.3676e-11,1,0
0.000204551,-0.371911,0.00790096,-0.651342,4.90819,-1.81819e+06,-1,1.37878e-09,1,0
0.000205745,-0.37253,0.00785325,-0.651063,4.90778,-1.81064e+06,-1,8.20682e-11,1,0
0.000206671,-0.371367,0.00749214,-0.651087,4.90784,-1.7969e+06,-1,8.20682e-11,1,0
0.000207228,-0.371283,0.00748698,-0.65097,4.90825,-1.79167e+06,-1,2.13391e-10,1,0
0.000207806,-0.37182,0.00717022,-0.650713,4.90829,-1.78926e+06,-1,1.75077e-10,1,0
0.00020797,-0.371782,0.00704836,-0.650631,4.90842,-1.78768e+06,-1,5.9078e-11,1,0
0.000208223,-0.371952,0.00693547,-0.650469,4.90861,-1.78632e+06,-1,2.50283e-10,1,0
0.000209096,-0.372373,0.00627748,-0.650188,4.90422,-1.78087e+06,-1,2.82161e-10,1,0
0.000209752,-0.372732,0.00566202,-0.649742,4.90595,-1.77701e+06,-1,3.10167e-10,1,0
0.000211022,-0.373021,0.00603878,-0.650553,4.90709,-1.76769e+06,-1,8.36218e-10,1,0
0.000211906,-0.372579,0.0061289,-0.64955,4.90372,-1.75822e+06,-1,4.4057e-10,1,0
0.000212376,-0.372486,0.00632674,-0.649788,4.90364,-1.7539e+06,-1,2.66779e-10,1,0
0.000212594,-0.372355,0.00628561,-0.650039,4.90364,-1.75148e+06,-1,2.66779e-10,1,0
0.000213571,-0.371768,0.00610123,-0.651166,4.90367,-1.74073e+06,-1,2.66779e-10,1,0
0.000214402,-0.372403,0.00543839,-0.651384,4.90058,-1.73694e+06,-1,2.05793e-09,1,0
0.000215492,-0.373297,0.00512018,-0.651221,4.89444,-1.7323e+06,-1,4.63784e-10,1,0
0.000216649,-0.374045,0.00578962,-0.651133,4.89506,-1.7265e+06,-1,1.13628e-09,1,0
0.000217501,-0.373405,0.00610905,-0.650274,4.8951,-1.7168e+06,-1,1.13628e-09,1,0
0.000217747,-0.373216,0.00607991,-0.650013,4.89456,-1.71399e+06,-1,1.50386e-09,1,0
0.000217959,-0.373054,0.00605377,-0.649789,4.89207,-1.71158e+06,-1,5.9805e-10,1,0
0.000219028,-0.37284,0.00675253,-0.650255,4.89228,-1.70225e+06,-1,9.54811e-10,1,0
0.000219867,-0.373553,0.00604235,-0.650619,4.89241,-1.69899e+06,-1,1.3069e-10,1,0
0.000220191,-0.373721,0.00578927,-0.650824,4.89118,-1.69726e+06,-1,1.81726e-10,1,0
0.000220897,-0.374093,0.00554361,-0.651321,4.88852,-1.69352e+06,-1,3.74384e-10,1,0
0.000221125,-0.374212,0.00569001,-0.6511,4.89242,-1.69231e+06,-1,2.80509e-10,1,0
0.000221794,-0.374745,0.00581629,-0.651668,4.88957,-1.68961e+06,-1,8.22915e-10,1,0
0.000222701,-0.374019,0.00561132,-0.652055,4.88912,-1.67947e+06,-1,2.49435e-10,1,0
0.000223278,-0.374427,0.0049806,-0.652148,4.8891,-1.67695e+06,-1,2.49435e-10,1,0
0.000224905,-0.374239,0.00433624,-0.652543,4.88623,-1.66399e+06,-1,2.25946e-10,1,0
0.000225293,-0.374121,0.0047984,-0.652657,4.88476,-1.6606e+06,-1,1.67831e-11,1,0
0.000226526,-0.373713,0.0063051,-0.65308,4.88478,-1.64976e+06,-1,1.67831e-11,1,0
0.000227316,-0.373705,0.00671329,-0.652528,4.88682,-1.64399e+06,-1,6.59128e-10,1,0
0.000228013,-0.374057,0.00612173,-0.652913,4.88671,-1.64051e+06,-1,4.01463e-10,1,0
0.00022842,-0.374175,0.00603812,-0.652901,4.89157,-1.63811e+06,-1,1.5804e-10,1,0
0.000228747,-0.374092,0.00645311,-0.65297,4.89158,-1.6354e+06,-1,1.5804e-10,1,0
0.000229514,-0.373321,0.00602215,-0.652733,4.88834,-1.62657e+06,-1,5.21175e-11,1,0
0.000229946,-0.373172,0.00625341,-0.653229,4.88861,-1.62287e+06,-1,5.66846e-10,1,0
0.000230837,-0.373702,0.00722976,-0.652871,4.88849,-1.6189e+06,-1,1.09615e-10,1,0
0.000231067,-0.373837,0.0074831,-0.652774,4.88755,-1.61787e+06,-1,1.36154e-09,1,0
0.000232223,-0.373926,0.00731027,-0.654032,4.88883,-1.6102e+06,-1,7.28187e-10,1,0
0.000233179,-0.374035,0.00737856,-0.653404,4.8893,-1.60407e+06,-1,8.47295e-10,1,0
0.000233629,-0.373991,0.00704007,-0.653553,4.88944,-1.60079e+06,-1,2.82889e-10,1,0
0.000234045,-0.374143,0.00654359,-0.653386,4.89098,-1.59859e+06,-1,8.53996e-10,1,0
0.000234634,-0.373905,0.0061948,-0.653883,4.89011,-1.59357e+06,-1,6.87129e-10,1,0
0.000235124,-0.374177,0.0065425,-0.654054,4.8888,-1.5914e+06,-1,1.07989e-10,1,0
0.000235977,-0.373935,0.00613143,-0.65311,4.88893,-1.58463e+06,-1,9.21758e-10,1,0
0.000236417,-0.374111,0.00559001,-0.65301,4.88892,-1.58242e+06,-1,9.21758e-10,1,0
0.000237086,-0.374316,0.00503573,-0.652594,4.8901,-1.57882e+06,-1,1.15342e-09,1,0
0.000238209,-0.374574,0.00485107,-0.651171,4.88976,-1.57246e+06,-1,2.49881e-10,1,0
0.000239251,-0.375854,0.00478706,-0.651159,4.88991,-1.57096e+06,-1,4.79711e-10,1,0
0.000240297,-0.375508,0.00440097,-0.650859,4.88954,-1.56268e+06,-1,5.58813e-10,1,0
0.000242061,-0.376759,0.00398592,-0.650997,4.89395,-1.55646e+06,-1,8.55469e-10,1,0
0.000242543,-0.376294,0.00382377,-0.650776,4.89368,-1.55145e+06,-1,1.47423e-10,1,0
0.000243542,-0.377268,0.00342693,-0.650411,4.8957,-1.54909e+06,-1,9.5454e-10,1,0
0.000243984,-0.377607,0.00305729,-0.650704,4.89568,-1.54767e+06,-1,9.5454e-10,1,0
0.000244636,-0.378114,0.00293622,-0.651133,4.89581,-1.54562e+06,-1,1.95155e-10,1,0
0.000245043,-0.377786,0.00276305,-0.651013,4.90097,-1.54172e+06,-1,4.5093e-10,1,0
0.000245961,-0.378987,0.002639,-0.651,4.90091,-1.54084e+06,-1,4.5093e-10,1,0
0.000246918,-0.379552,0.00321998,-0.651769,4.89767,-1.53716e+06,-1,1.03981e-09,1,0
0.000247783,-0.379288,0.00353342,-0.651529,4.89563,-1.53073e+06,-1,3.4881e-10,1,0
0.000248325,-0.378853,0.00406219,-0.651335,4.89495,-1.52563e+06,-1,1.49907e-09,1,0
0.000249406,-0.378661,0.00314449,-0.6524,4.89557,-1.51825e+06,-1,1.41924e-09,1,0
0.000250144,-0.378615,0.00353856,-0.652798,4.89242,-1.51359e+06,-1,4.852e-10,1,0
0.000250525,-0.378674,0.00354873,-0.652937,4.88709,-1.51152e+06,-1,2.89919e-10,1,0
0.000251257,-0.37803,0.00366775,-0.653041,4.88543,-1.50455e+06,-1,3.27641e-10,1,0
0.000252358,-0.377654,0.00282615,-0.652956,4.88141,-1.4965e+06,-1,1.84625e-10,1,0
0.000252734,-0.37745,0.00304459,-0.653258,4.87973,-1.49347e+06,-1,4.44306e-10,1,0
0.000254343,-0.376886,0.00426835,-0.653941,4.876,-1.4818e+06,-1,1.24939e-09,1,0
0.000254876,-0.37713,0.00449729,-0.653734,4.87361,-1.47966e+06,-1,3.55233e-10,1,0
0.000256176,-0.37709,0.00488715,-0.653227,4.87363,-1.47199e+06,-1,1.39632e-09,1,0
0.000256534,-0.377067,0.0051407,-0.653618,4.87461,-1.46985e+06,-1,1.11575e-09,1,0
0.00025701,-0.377507,0.00529208,-0.653673,4.8744,-1.46884e+06,-1,4.8251e-10,1,0
0.000258198,-0.3779,0.00610269,-0.652507,4.87519,-1.4636e+06,-1,1.02893e-09,1,0
0.000258494,-0.377893,0.00631822,-0.652257,4.87617,-1.4619e+06,-1,8.98523e-11,1,0
0.000259529,-0.377583,0.00518363,-0.65195,4.8767,-1.45488e+06,-1,7.05171e-10,1,0
0.000260532,-0.377242,0.00619398,-0.651182,4.87328,-1.44797e+06,-1,1.31406e-09,1,0
0.000261471,-0.378194,0.00549726,-0.651532,4.8732,-1.44641e+06,-1,1.23077e-09,1,0
0.000262455,-0.377293,0.00628591,-0.652005,4.87325,-1.43755e+06,-1,1.23077e-09,1,0
0.000263207,-0.37741,0.00708012,-0.651544,4.8753,-1.43389e+06,-1,9.09801e-10,1,0
0.000263839,-0.378001,0.00740752,-0.65152,4.87564,-1.4327e+06,-1,3.50442e-10,1,0
0.000264223,-0.37794,0.00700806,-0.651398,4.87373,-1.43039e+06,-1,5.1167e-11,1,0
0.000264459,-0.377764,0.00688368,-0.651554,4.87613,-1.42844e+06,-1,1.89924e-10,1,0
0.000264856,-0.37772,0.00661668,-0.651213,4.87656,-1.42614e+06,-1,1.06999e-10,1,0
0.000265727,-0.376686,0.00698374,-0.65134,4.87872,-1.41757e+06,-1,1.10594e-09,1,0
0.000266163,-0.376652,0.00651671,-0.651354,4.87797,-1.41512e+06,-1,4.24326e-10,1,0
0.000266513,-0.376693,0.00629576,-0.650986,4.87513,-1.41341e+06,-1,1.15191e-10,1,0
0.000267286,-0.37688,0.00651992,-0.651956,4.87512,-1.41002e+06,-1,1.15191e-10,1,0
0.000267596,-0.376913,0.00661831,-0.652316,4.87536,-1.40852e+06,-1,1.37836e-09,1,0
0.000268425,-0.377082,0.00732554,-0.651855,4.87483,-1.40479e+06,-1,8.74747e-10,1,0
0.000269206,-0.377642,0.00662698,-0.651359,4.87458,-1.4028e+06,-1,1.02368e-09,1,0
0.000269421,-0.377603,0.00675669,-0.651133,4.87314,-1.40154e+06,-1,1.87821e-11,1,0
0.000270393,-0.376704,0.00592867,-0.650776,4.87318,-1.39317e+06,-1,1.87821e-11,1,0
0.000270529,-0.3766,0.00581768,-0.650715,4.87579,-1.39209e+06,-1,1.97719e-11,1,0
0.0002713,-0.377553,0.00605595,-0.65095,4.87574,-1.39165e+06,-1,1.97719e-11,1,0
0.000271615,-0.377876,0.00611823,-0.650974,4.87305,-1.39122e+06,-1,7.6033e-11,1,0
0.000271797,-0.377964,0.006221,-0.651171,4.87552,-1.39061e+06,-1,2.38421e-10,1,0
0.000272102,-0.377665,0.00614555,-0.650923,4.87543,-1.38796e+06,-1,9.03623e-11,1,0
0.000272388,-0.377523,0.00606137,-0.650616,4.87379,-1.38597e+06,-1,1.8109e-10,1,0
0.000273327,-0.377561,0.00690856,-0.649844,4.87435,-1.38135e+06,-1,8.02293e-10,1,0
0.000274216,-0.377659,0.00727235,-0.648742,4.87434,-1.37723e+06,-1,8.02293e-10,1,0
0.000274768,-0.377861,0.00746662,-0.648103,4.87409,-1.3752e+06,-1,1.61634e-11,1,0
0.000275426,-0.377394,0.00674345,-0.648129,4.87411,-1.37022e+06,-1,1.61634e-11,1,0
0.000276823,-0.378173,0.00686651,-0.648475,4.87661,-1.36612e+06,-1,9.55385e-10,1,0
0.000277428,-0.378457,0.00651328,-0.648206,4.87764,-1.36416e+06,-1,1.44904e-10,1,0
0.000277526,-0.378422,0.00657548,-0.648313,4.87823,-1.36356e+06,-1,1.28446e-10,1,0
0.00027858,-0.378769,0.00734123,-0.649205,4.87903,-1.35964e+06,-1,7.55081e-10,1,0
0.000278701,-0.378754,0.00728798,-0.649311,4.87544,-1.359e+06,-1,9.40835e-11,1,0
0.000279276,-0.378668,0.00747302,-0.64883,4.87817,-1.35589e+06,-1,1.47381e-10,1,0
0.000280115,-0.378783,0.00741522,-0.648916,4.87443,-1.35224e+06,-1,4.50812e-10,1,0
0.000280964,-0.378959,0.00734973,-0.648908,4.87518,-1.34878e+06,-1,5.34411e-10,1,0
0.000281296,-0.379237,0.00708315,-0.649065,4.87607,-1.34818e+06,-1,3.80894e-10,1,0
0.000281921,-0.379384,0.0072517,-0.64961,4.87797,-1.34571e+06,-1,6.07309e-10,1,0
0.000283081,-0.378335,0.00771775,-0.650337,4.87706,-1.33649e+06,-1,4.82375e-10,1,0
0.000284491,-0.377403,0.00634006,-0.649634,4.87683,-1.32659e+06,-1,4.97015e-10,1,0
0.000285552,-0.376591,0.00568645,-0.648712,4.87687,-1.31882e+06,-1,4.97015e-10,1,0
0.000285699,-0.3765,0.00569078,-0.648647,4.87715,-1.31782e+06,-1,1.51584e-09,1,0
0.000285869,-0.376443,0.00589186,-0.648719,4.87654,-1.31684e+06,-1,2.36542e-10,1,0
0.000286574,-0.376259,0.00666551,-0.64919,4.87655,-1.31295e+06,-1,2.36542e-10,1,0
0.000287659,-0.375975,0.00785471,-0.649914,4.87608,-1.30702e+06,-1,2.39888e-09,1,0
0.000288597,-0.376293,0.00832595,-0.649573,4.87682,-1.30387e+06,-1,4.88799e-10,1,0
0.00028893,-0.376565,0.00865056,-0.649499,4.87705,-1.30331e+06,-1,3.76724e-10,1,0
0.000289568,-0.376564,0.00874837,-0.649344,4.87697,-1.30043e+06,-1,5.02462e-10,1,0
0.000289868,-0.376349,0.00904812,-0.649444,4.88066,-1.29835e+06,-1,3.82318e-10,1,0
0.000290631,-0.376072,0.0091138,-0.648733,4.88001,-1.29398e+06,-1,3.92631e-10,1,0
0.000292254,-0.374428,0.00898639,-0.647389,4.88009,-1.28117e+06,-1,3.92631e-10,1,0
0.000292495,-0.374553,0.00898374,-0.647146,4.88097,-1.28055e+06,-1,2.78306e-09,1,0
0.000293501,-0.375103,0.00865271,-0.646835,4.88098,-1.27803e+06,-1,4.87237e-10,1,0
0.000294277,-0.37468,0.00875045,-0.646863,4.88227,-1.27322e+06,-1,4.24795e-10,1,0
0.000294917,-0.374037,0.00869727,-0.646645,4.88218,-1.26828e+06,-1,4.40605e-10,1,0
0.000295499,-0.374597,0.00840663,-0.646723,4.88149,-1.26768e+06,-1,5.63079e-10,1,0
0.000295831,-0.374608,0.00859493,-0.64642,4.88307,-1.26629e+06,-1,5.26215e-11,1,0
0.000297037,-0.375771,0.00892949,-0.645649,4.88232,-1.26506e+06,-1,1.77014e-10,1,0
0.000297588,-0.375491,0.00952934,-0.645357,4.88233,-1.26178e+06,-1,1.77014e-10,1,0
0.000298107,-0.375211,0.0093744,-0.645063,4.8818,-1.25865e+06,-1,4.45235e-10,1,0
0.000298783,-0.37445,0.00941808,-0.645308,4.87964,-1.25325e+06,-1,3.52065e-10,1,0
0.000299972,-0.37521,0.00896045,-0.646588,4.8796,-1.25082e+06,-1,3.52065e-10,1,0
0.000300552,-0.375581,0.00873692,-0.647213,4.87654,-1.24964e+06,-1,2.31796e-09,1,0
0.000301039,-0.374986,0.00870142,-0.64744,4.87657,-1.24564e+06,-1,2.31796e-09,1,0
0.000301421,-0.37461,0.00872259,-0.647532,4.875,-1.24282e+06,-1,1.68628e-10,1,0
0.0003018,-0.374233,0.00879697,-0.647229,4.87493,-1.24e+06,-1,1.82514e-11,1,0
0.000302444,-0.373783,0.00902599,-0.646768,4.87667,-1.23587e+06,-1,1.17213e-09,1,0
0.000303377,-0.37401,0.0101808,-0.646695,4.87565,-1.23282e+06,-1,9.82904e-10,1,0
0.000304311,-0.374084,0.00974873,-0.647391,4.87571,-1.22928e+06,-1,4.31631e-10,1,0
0.000304745,-0.374126,0.00946852,-0.646949,4.8758,-1.22767e+06,-1,3.99953e-11,1,0
0.000305361,-0.374247,0.0090206,-0.646288,4.87527,-1.22559e+06,-1,1.33664e-09,1,0
0.000306322,-0.374876,0.00899386,-0.646578,4.87709,-1.2238e+06,-1,8.12077e-10,1,0
0.000307611,-0.375635,0.00905812,-0.646572,4.87638,-1.22114e+06,-1,7.29383e-10,1,0
0.000308726,-0.375858,0.0098585,-0.646415,4.8759,-1.21745e+06,-1,5.2909e-10,1,0
0.000309153,-0.376373,0.0100358,-0.646543,4.87587,-1.21743e+06,-1,5.2909e-10,1,0
0.000309845,-0.376185,0.0101567,-0.647046,4.87647,-1.21411e+06,-1,6.40629e-10,1,0
0.000311051,-0.376287,0.00972699,-0.646443,4.87468,-1.20973e+06,-1,9.7127e-10,1,0
0.000311448,-0.376553,0.00943952,-0.646538,4.87645,-1.20904e+06,-1,9.99415e-10,1,0
0.000312044,-0.376645,0.00935401,-0.645982,4.88049,-1.20702e+06,-1,3.14695e-10,1,0
0.000312757,-0.376567,0.00851112,-0.645892,4.87981,-1.20402e+06,-1,4.10541e-10,1,0
0.000313617,-0.377158,0.00815156,-0.645428,4.88111,-1.20261e+06,-1,4.17437e-10,1,0
0.000313968,-0.377467,0.00798021,-0.645405,4.87899,-1.20225e+06,-1,4.84066e-11,1,0
0.000314611,-0.378068,0.00785416,-0.645232,4.87946,-1.2017e+06,-1,2.14967e-10,1,0
0.000315025,-0.378006,0.008197,-0.64524,4.88052,-1.19992e+06,-1,3.80958e-10,1,0
0.000315957,-0.377263,0.00811221,-0.644273,4.8802,-1.19403e+06,-1,1.3837e-09,1,0
0.000317368,-0.377662,0.00774873,-0.64453,4.87948,-1.18998e+06,-1,8.55982e-10,1,0
0.0003185,-0.378474,0.0076056,-0.645124,4.88056,-1.1883e+06,-1,1.96508e-09,1,0
0.000319322,-0.378804,0.00713431,-0.645074,4.88154,-1.18628e+06,-1,1.9975e-10,1,0
0.000319448,-0.378865,0.00713424,-0.64509,4.88249,-1.186e+06,-1,6.45103e-11,1,0
0.000320003,-0.378459,0.00658838,-0.645172,4.88289,-1.18267e+06,-1,7.49487e-11,1,0
0.000321191,-0.378613,0.00550952,-0.645551,4.87918,-1.17878e+06,-1,2.72648e-10,1,0
0.000321784,-0.378469,0.00533489,-0.645541,4.87699,-1.17616e+06,-1,1.72826e-10,1,0
0.000322763,-0.378052,0.00504294,-0.644364,4.87702,-1.1713e+06,-1,1.72826e-10,1,0
0.000323718,-0.378211,0.00468022,-0.643234,4.87696,-1.16834e+06,-1,1.6444e-09,1,0
0.000324659,-0.378595,0.00429137,-0.642128,4.87694,-1.16613e+06,-1,1.6444e-09,1,0
0.000325762,-0.37919,0.00407654,-0.640841,4.87612,-1.16401e+06,-1,1.0178e-09,1,0
0.000326997,-0.37801,0.00499195,-0.641463,4.87618,-1.15601e+06,-1,1.0178e-09,1,0
0.000327985,-0.378694,0.00551348,-0.642178,4.87618,-1.15461e+06,-1,1.79195e-09,1,0
0.000328371,-0.378699,0.00520195,-0.642442,4.8752,-1.15327e+06,-1,1.21542e-09,1,0
0.000329865,-0.378394,0.00354582,-0.64344,4.87361,-1.14712e+06,-1,2.36816e-09,1,0
0.000330523,-0.377723,0.00379249,-0.643417,4.87376,-1.1428e+06,-1,4.91961e-10,1,0
0.00033084,-0.377588,0.00361759,-0.643735,4.87127,-1.1413e+06,-1,4.0017e-10,1,0
0.000331413,-0.377836,0.00322936,-0.644078,4.87382,-1.14007e+06,-1,1.7012e-10,1,0
0.000332071,-0.378237,0.0026443,-0.644078,4.87562,-1.13902e+06,-1,4.48596e-10,1,0
0.000333363,-0.379465,0.00185777,-0.644758,4.87458,-1.1383e+06,-1,1.84431e-09,1,0
0.000334338,-0.379484,0.0010181,-0.644285,4.87591,-1.13503e+06,-1,1.0499e-09,1,0
0.000335324,-0.379585,0.00186794,-0.643342,4.87569,-1.13199e+06,-1,4.95917e-10,1,0
0.00033597,-0.379665,0.00188403,-0.643164,4.86953,-1.13005e+06,-1,3.52531e-10,1,0
0.000336209,-0.379676,0.00200335,-0.642876,4.86721,-1.12929e+06,-1,5.22109e-10,1,0
0.000338434,-0.377882,0.00195201,-0.643845,4.86717,-1.11656e+06,-1,9.71237e-10,1,0
0.000339115,-0.377858,0.00193778,-0.644737,4.86717,-1.11425e+06,-1,9.71237e-10,1,0
0.000339317,-0.377832,0.00191371,-0.644926,4.86606,-1.11351e+06,-1,2.34993e-11,1,0
0.000339662,-0.377632,0.00166108,-0.644805,4.86671,-1.11179e+06,-1,3.93307e-11,1,0
0.000341079,-0.378424,0.00333703,-0.644732,4.86667,-1.10949e+06,-1,1.85494e-09,1,0
0.000342018,-0.379132,0.00336988,-0.644981,4.86721,-1.10851e+06,-1,7.54952e-10,1,0
0.00034248,-0.379043,0.00308297,-0.644855,4.86836,-1.10676e+06,-1,4.06796e-10,1,0
0.000342825,-0.378734,0.00307816,-0.645142,4.87033,-1.10474e+06,-1,8.52305e-11,1,0
0.000343173,-0.378857,0.00317003,-0.645079,4.86946,-1.10398e+06,-1,2.74774e-10,1,0
0.000343935,-0.379432,0.0032388,-0.644339,4.86885,-1.10321e+06,-1,1.141e-10,1,0
0.000344139,-0.379589,0.00341923,-0.644224,4.86906,-1.10301e+06,-1,2.06263e-10,1,0
0.000344674,-0.379812,0.00308427,-0.644274,4.86817,-1.10195e+06,-1,4.99634e-10,1,0
0.000345581,-0.379748,0.00211034,-0.643597,4.86817,-1.09887e+06,-1,4.99634e-10,1,0
0.000346404,-0.380467,0.00157537,-0.643922,4.86475,-1.09833e+06,-1,4.0971e-12,1,0
0.000346606,-0.380265,0.00152819,-0.643758,4.86476,-1.09711e+06,-1,4.0971e-12,1,0
0.000347621,-0.379691,0.00127959,-0.643319,4.86324,-1.09226e+06,-1,2.98547e-10,1,0
0.000348324,-0.379865,0.00209071,-0.643717,4.86136,-1.09055e+06,-1,9.20236e-10,1,0
0.000348368,-0.379834,0.00207528,-0.643679,4.8622,-1.09032e+06,-1,3.17058e-11,1,0
0.000348988,-0.379588,0.00162035,-0.643875,4.86049,-1.08768e+06,-1,4.4789e-11,1,0
0.000349377,-0.379187,0.00158525,-0.644186,4.86146,-1.08532e+06,-1,8.35483e-10,1,0
0.000350202,-0.379623,0.002223,-0.6446,4.86255,-1.08401e+06,-1,3.34337e-10,1,0
0.000350314,-0.379615,0.00232918,-0.644701,4.86182,-1.08364e+06,-1,1.46531e-10,1,0
0.000350635,-0.379876,0.00257134,-0.644622,4.86083,-1.0834e+06,-1,2.72497e-10,1,0
0.000351193,-0.37979,0.00316395,-0.644873,4.86103,-1.08143e+06,-1,5.22587e-10,1,0
0.000352368,-0.379322,0.00397652,-0.643986,4.86057,-1.0765e+06,-1,7.00861e-10,1,0
0.000353873,-0.379284,0.00500072,-0.6442,4.85943,-1.07181e+06,-1,9.71127e-10,1,0
0.000354209,-0.379313,0.00500218,-0.644429,4.8617,-1.07087e+06,-1,8.82774e-10,1,0
0.000354488,-0.379433,0.00504455,-0.644584,4.86143,-1.07037e+06,-1,2.44908e-10,1,0
0.000354675,-0.379543,0.00525631,-0.644532,4.86145,-1.07012e+06,-1,2.44414e-10,1,0
0.00035538,-0.379911,0.00604777,-0.644234,4.86096,-1.06903e+06,-1,9.22264e-10,1,0
0.000355708,-0.37949,0.00611819,-0.644278,4.86098,-1.06686e+06,-1,9.22264e-10,1,0
0.000356603,-0.378708,0.0059933,-0.644738,4.86098,-1.06199e+06,-1,2.35764e-10,1,0
0.000357353,-0.378702,0.00538733,-0.64551,4.86098,-1.05974e+06,-1,2.35764e-10,1,0
0.00035788,-0.378707,0.00475111,-0.645692,4.85992,-1.05819e+06,-1,1.3534e-09,1,0
0.000358477,-0.378713,0.00410207,-0.645731,4.86048,-1.05645e+06,-1,8.1175e-11,1,0
0.000359064,-0.37832,0.00452697,-0.646201,4.8611,-1.05363e+06,-1,3.37397e-11,1,0
0.000359388,-0.378084,0.00473204,-0.646376,4.86022,-1.05202e+06,-1,6.16546e-11,1,0
0.000360124,-0.378596,0.00496502,-0.646567,4.86056,-1.05129e+06,-1,4.4327e-10,1,0
0.000361459,-0.37876,0.00662193,-0.647097,4.86055,-1.04786e+06,-1,4.4327e-10,1,0
0.000362136,-0.378922,0.0074261,-0.647403,4.86212,-1.04635e+06,-1,3.09753e-10,1,0
0.000362896,-0.379015,0.00829279,-0.647594,4.86139,-1.04442e+06,-1,3.40943e-10,1,0
0.00036348,-0.379024,0.00862877,-0.647547,4.86532,-1.04277e+06,-1,2.64791e-10,1,0
0.000364345,-0.379631,0.0093706,-0.647267,4.86415,-1.04196e+06,-1,3.52027e-10,1,0
0.000364628,-0.379561,0.00951756,-0.647462,4.86667,-1.04095e+06,-1,2.48103e-10,1,0
0.000365852,-0.378481,0.00972321,-0.646361,4.86696,-1.03452e+06,-1,1.57812e-09,1,0
0.000366581,-0.378999,0.00953547,-0.645583,4.86693,-1.03388e+06,-1,1.57812e-09,1,0
0.000367098,-0.37913,0.00927629,-0.645475,4.86544,-1.03278e+06,-1,2.95632e-10,1,0
0.000367401,-0.379076,0.0092955,-0.645632,4.86456,-1.03178e+06,-1,2.33209e-10,1,0
0.000367914,-0.37904,0.00978104,-0.645711,4.86486,-1.03024e+06,-1,2.35151e-10,1,0
0.000368897,-0.379899,0.0101722,-0.646587,4.86247,-1.02982e+06,-1,1.2876e-09,1,0
0.000369303,-0.379394,0.0103236,-0.646531,4.86498,-1.02732e+06,-1,5.30915e-10,1,0
0.00036993,-0.379827,0.0103419,-0.647097,4.86487,-1.02675e+06,-1,6.72323e-10,1,0
0.000370227,-0.37964,0.0102808,-0.647086,4.86481,-1.02543e+06,-1,3.10049e-10,1,0
0.000371112,-0.379973,0.0112965,-0.647061,4.86544,-1.02388e+06,-1,2.78092e-10,1,0
0.000371947,-0.380913,0.0111637,-0.646955,4.86692,-1.0241e+06,-1,1.26195e-09,1,0
0.000372071,-0.381056,0.0111292,-0.646953,4.86777,-1.02415e+06,-1,1.083e-09,1,0
0.000372602,-0.381276,0.0114705,-0.647516,4.86629,-1.02328e+06,-1,7.11999e-10,1,0
0.000374218,-0.38092,0.0135184,-0.647118,4.8645,-1.01791e+06,-1,2.11622e-09,1,0
0.000374381,-0.380942,0.0134685,-0.646912,4.8645,-1.01752e+06,-1,2.11622e-09,1,0
0.000374918,-0.380823,0.0132825,-0.646283,4.86271,-1.01575e+06,-1,3.08534e-10,1,0
0.000376235,-0.380464,0.0119662,-0.647311,4.8628,-1.01124e+06,-1,1.00914e-09,1,0
0.000376825,-0.380198,0.0113661,-0.64772,4.86281,-1.00895e+06,-1,1.00914e-09,1,0
0.000378379,-0.380038,0.0104015,-0.648771,4.85877,-1.00438e+06,-1,4.9355e-10,1,0
0.00037939,-0.38068,0.00947175,-0.649315,4.85886,-1.0034e+06,-1,4.3523e-10,1,0
0.00037986,-0.38092,0.00904878,-0.649691,4.85885,-1.00279e+06,-1,4.3523e-10,1,0
0.000380844,-0.381597,0.00860524,-0.650079,4.8611,-1.00198e+06,-1,4.00799e-10,1,0
0.000381777,-0.381488,0.00906253,-0.64975,4.86391,-999244,-1,3.2674e-10,1,0
0.000382228,-0.381373,0.00915364,-0.650276,4.8631,-997761,-1,3.05497e-10,1,0
0.000382719,-0.381456,0.00939515,-0.650088,4.86227,-996699,-1,1.87006e-10,1,0
0.000383129,-0.38173,0.00981149,-0.649892,4.86225,-996349,-1,1.87006e-10,1,0
0.000384121,-0.38159,0.00941504,-0.64933,4.86233,-993409,-1,1.39587e-09,1,0
0.000385266,-0.381043,0.00828888,-0.648656,4.85955,-989040,-1,3.998e-11,1,0
0.000385807,-0.380672,0.008859,-0.648499,4.86212,-986691,-1,5.97715e-10,1,0
0.000386154,-0.380926,0.00870458,-0.648805,4.86239,-986462,-1,1.80145e-10,1,0
0.000386581,-0.381264,0.00838176,-0.649109,4.86026,-986246,-1,8.309e-10,1,0
0.00038716,-0.381595,0.00836291,-0.649061,4.86044,-985625,-1,5.186e-10,1,0
0.000388366,-0.382989,0.00891712,-0.648577,4.85875,-986157,-1,1.57681e-09,1,0
0.000388635,-0.382968,0.00861964,-0.648502,4.86144,-985419,-1,3.0046e-10,1,0
0.00038912,-0.383184,0.00886125,-0.648232,4.8602,-984744,-1,4.90582e-10,1,0
0.000389864,-0.383228,0.0086892,-0.647672,4.86205,-982977,-1,4.95548e-10,1,0
0.000390538,-0.383197,0.0089959,-0.647118,4.8605,-981204,-1,2.54601e-10,1,0
0.000391817,-0.382333,0.00835298,-0.646065,4.85924,-975795,-1,1.40204e-09,1,0
0.000392522,-0.382026,0.00909401,-0.646132,4.85889,-973259,-1,8.30014e-10,1,0
0.000392826,-0.382174,0.0092032,-0.645898,4.85878,-972884,-1,3.9863e-10,1,0
0.000393824,-0.382001,0.00932457,-0.645438,4.85868,-969978,-1,7.38502e-10,1,0
0.000394847,-0.381549,0.00934876,-0.644866,4.85658,-966321,-1,6.71676e-10,1,0
0.000395607,-0.381216,0.0102026,-0.644481,4.85556,-963622,-1,1.66057e-09,1,0
0.000396777,-0.380515,0.0101329,-0.643977,4.85781,-959014,-1,9.71339e-10,1,0
0.000398307,-0.378837,0.00977764,-0.643014,4.85687,-951119,-1,1.86243e-10,1,0
0.000398914,-0.378163,0.00959064,-0.642636,4.85691,-947981,-1,1.86243e-10,1,0
0.000400336,-0.377754,0.0103419,-0.642311,4.85664,-943592,-1,3.46258e-09,1,0
0.000400952,-0.377975,0.0111133,-0.642352,4.85666,-942695,-1,1.44432e-09,1,0
0.000401187,-0.377974,0.0113604,-0.642319,4.85738,-942139,-1,6.05318e-10,1,0
0.000402726,-0.378107,0.0116462,-0.642131,4.85443,-938871,-1,9.71283e-10,1,0
0.000403507,-0.378057,0.0115757,-0.642311,4.85561,-936928,-1,2.87619e-10,1,0
0.000404584,-0.379043,0.0111329,-0.641408,4.85557,-936871,-1,2.87619e-10,1,0
0.000404968,-0.379391,0.0109825,-0.641088,4.85899,-936841,-1,2.22174e-09,1,0
0.000405696,-0.378599,0.0112657,-0.640687,4.85956,-933208,-1,3.83233e-11,1,0
0.000405923,-0.378344,0.0113468,-0.640561,4.85758,-932059,-1,1.21581e-09,1,0
0.000406731,-0.3792,0.011251,-0.640917,4.86014,-932312,-1,8.51392e-11,1,0
0.000407696,-0.379496,0.0104472,-0.640967,4.86078,-930831,-1,5.88278e-10,1,0
0.000408378,-0.379659,0.0111073,-0.641516,4.86057,-929677,-1,1.04683e-10,1,0
0.000409471,-0.380043,0.0116343,-0.642543,4.86023,-928131,-1,1.59329e-09,1,0
0.000410291,-0.38043,0.0114405,-0.643211,4.85763,-927220,-1,1.54194e-09,1,0
0.000411533,-0.380436,0.0109298,-0.642265,4.85923,-924437,-1,4.77911e-10,1,0
0.000412043,-0.380313,0.0112959,-0.642609,4.85618,-922995,-1,5.45491e-10,1,0
0.000413048,-0.380293,0.0111734,-0.642114,4.85798,-920698,-1,4.25219e-10,1,0
0.000413375,-0.380291,0.0110717,-0.6417,4.85798,-919966,-1,4.25219e-10,1,0
0.00041416,-0.380223,0.0109841,-0.640785,4.8562,-918059,-1,1.51353e-10,1,0
0.00041425,-0.380194,0.0109986,-0.640671,4.85503,-917789,-1,1.18176e-10,1,0
0.000415247,-0.379557,0.0112164,-0.640661,4.85649,-914050,-1,9.7762e-10,1,0
0.000416376,-0.379371,0.0117286,-0.640822,4.85718,-911126,-1,8.84674e-10,1,0
0.000416999,-0.378955,0.0122465,-0.640753,4.85336,-908768,-1,5.80144e-11,1,0
0.000417971,-0.378765,0.0134997,-0.640655,4.85337,-906199,-1,5.80144e-11,1,0
0.000418848,-0.379556,0.0137914,-0.641153,4.85236,-906192,-1,1.66354e-09,1,0
0.000419372,-0.379795,0.0135763,-0.641474,4.85154,-905628,-1,1.00279e-10,1,0
0.000420014,-0.380146,0.0131175,-0.642083,4.85152,-905079,-1,1.00279e-10,1,0
0.000420427,-0.380372,0.0128228,-0.642475,4.85151,-904728,-1,1.00279e-10,1,0
0.000421867,-0.379986,0.0124517,-0.642396,4.85297,-900726,-1,1.02568e-09,1,0
0.000422419,-0.379933,0.0123767,-0.642457,4.85309,-899422,-1,3.32146e-10,1,0
0.000423139,-0.379808,0.0125537,-0.643233,4.8527,-897596,-1,1.91199e-10,1,0
0.000423567,-0.379527,0.0127366,-0.643405,4.85161,-896025,-1,3.7639e-10,1,0
0.000424126,-0.379897,0.0130987,-0.643401,4.85239,-895717,-1,2.79071e-10,1,0
0.00042491,-0.38021,0.0137102,-0.64264,4.85238,-894800,-1,2.79071e-10,1,0
0.000425124,-0.380275,0.0138053,-0.642469,4.85267,-894504,-1,1.97579e-11,1,0
0.000426123,-0.380321,0.0129396,-0.642488,4.85995,-892516,-1,3.56727e-10,1,0
0.00042734,-0.379713,0.0123473,-0.6417,4.85906,-888550,-1,6.2124e-10,1,0
0.000428369,-0.379107,0.012087,-0.64118,4.85683,-885000,-1,1.23711e-11,1,0
0.000428988,-0.378639,0.0121933,-0.641331,4.85602,-882634,-1,8.94362e-10,1,0
0.000429763,-0.378632,0.0117561,-0.641368,4.85852,-881025,-1,5.31808e-10,1,0
0.000430008,-0.378584,0.011901,-0.641542,4.85449,-880412,-1,2.16131e-10,1,0
0.000430719,-0.378595,0.01131,-0.640938,4.85529,-878984,-1,1.89761e-10,1,0
0.000431369,-0.378262,0.0108338,-0.640321,4.85525,-876888,-1,1.64569e-11,1,0
0.000431629,-0.378548,0.010771,-0.640385,4.85568,-877022,-1,1.39038e-10,1,0
0.000433047,-0.378353,0.0093038,-0.641413,4.85524,-873700,-1,6.25311e-10,1,0
0.000433361,-0.378206,0.00918062,-0.641127,4.85474,-872728,-1,3.23331e-10,1,0
0.000434091,-0.377774,0.00889582,-0.641326,4.85361,-870265,-1,6.09842e-10,1,0
0.000434707,-0.378067,0.00960161,-0.641438,4.85388,-869705,-1,3.36414e-11,1,0
0.000435383,-0.378436,0.0103936,-0.64157,4.85386,-869203,-1,3.36414e-11,1,0
0.000435676,-0.378597,0.0107376,-0.641627,4.8546,-868986,-1,2.0393e-09,1,0
0.000436731,-0.378099,0.0116083,-0.641062,4.85469,-865749,-1,3.12466e-10,1,0
0.000437021,-0.377891,0.0118324,-0.64091,4.85463,-864698,-1,2.52773e-11,1,0
0.000437941,-0.378229,0.0123931,-0.641034,4.85015,-863654,-1,2.65692e-10,1,0
0.00043828,-0.378242,0.0121875,-0.641296,4.84762,-863014,-1,2.86862e-10,1,0
0.000439065,-0.378769,0.0114555,-0.641507,4.84624,-862672,-1,9.66922e-10,1,0
0.000439499,-0.378369,0.0113379,-0.641434,4.8465,-860911,-1,4.34077e-10,1,0
0.000440329,-0.378356,0.0111765,-0.641081,4.84401,-859257,-1,4.28212e-10,1,0
0.000440598,-0.378382,0.0114416,-0.641292,4.84645,-858793,-1,3.91873e-10,1,0
0.000441469,-0.37878,0.0118739,-0.641703,4.84561,-857999,-1,3.6386e-10,1,0
0.00044262,-0.379532,0.01196,-0.640922,4.84467,-857469,-1,1.15832e-09,1,0
0.000443475,-0.380267,0.011743,-0.641375,4.84596,-857472,-1,9.15243e-10,1,0
0.00044404,-0.380858,0.0120116,-0.641595,4.84596,-857710,-1,3.41346e-11,1,0
0.000445202,-0.380915,0.0124713,-0.64149,4.84651,-855601,-1,1.25092e-10,1,0
0.000445502,-0.381069,0.0121684,-0.641399,4.84717,-855369,-1,1.06197e-10,1,0
0.000445929,-0.381462,0.0120083,-0.64176,4.84715,-855432,-1,1.06197e-10,1,0
0.000446284,-0.381789,0.0118748,-0.642061,4.84713,-855484,-1,1.06197e-10,1,0
0.000446763,-0.38223,0.0116952,-0.642467,4.84711,-855554,-1,1.06197e-10,1,0
0.000447201,-0.382358,0.0114847,-0.642247,4.84737,-855002,-1,1.84124e-09,1,0
0.000447591,-0.382346,0.0112767,-0.641783,4.84737,-854231,-1,1.84124e-09,1,0
0.000449194,-0.382297,0.0104214,-0.639872,4.84694,-851075,-1,2.98125e-09,1,0
0.000449617,-0.382543,0.0102502,-0.640337,4.84699,-850820,-1,5.52739e-10,1,0
0.000450096,-0.38228,0.00993668,-0.640527,4.8472,-849330,-1,1.51677e-10,1,0
0.000450689,-0.382534,0.00966759,-0.641143,4.8459,-848776,-1,5.26175e-10,1,0
0.000451626,-0.383388,0.00934188,-0.641942,4.84635,-848906,-1,7.40759e-10,1,0
0.000452262,-0.382942,0.00922286,-0.642214,4.84993,-846727,-1,4.14958e-10,1,0
0.000452715,-0.383105,0.00925749,-0.641692,4.85006,-846240,-1,3.00541e-10,1,0
0.000453519,-0.38259,0.00981713,-0.641488,4.85142,-843602,-1,1.70096e-10,1,0
0.00045489,-0.381926,0.0101909,-0.640041,4.8514,-839600,-1,9.71045e-10,1,0
0.00045563,-0.381533,0.0105093,-0.639402,4.85055,-837375,-1,1.3647e-10,1,0
0.000456084,-0.381177,0.0104526,-0.63925,4.85326,-835761,-1,1.1068e-10,1,0
0.000457162,-0.380951,0.0111984,-0.63908,4.85485,-833295,-1,3.70882e-10,1,0
0.000458554,-0.379952,0.0126184,-0.638536,4.85696,-828588,-1,2.36549e-09,1,0
0.000458982,-0.379758,0.0123254,-0.638439,4.85844,-827393,-1,4.0928e-10,1,0
0.000459672,-0.379253,0.0125731,-0.638212,4.86038,-825052,-1,1.11922e-10,1,0
0.000460602,-0.37835,0.0121447,-0.638127,4.85842,-821426,-1,2.5123e-10,1,0
0.000461075,-0.378814,0.0118877,-0.637818,4.85846,-821588,-1,5.90047e-10,1,0
0.000462185,-0.380023,0.0125896,-0.637431,4.85896,-822233,-1,1.45113e-09,1,0
0.000462843,-0.380482,0.0121646,-0.637744,4.85878,-822053,-1,4.07117e-10,1,0
0.000463727,-0.38077,0.0120319,-0.638647,4.86029,-821108,-1,7.0553e-10,1,0
0.000464433,-0.380746,0.0120382,-0.638208,4.86106,-819808,-1,3.92599e-10,1,0
0.000464747,-0.380573,0.0119457,-0.638115,4.86235,-818882,-1,1.1242e-10,1,0
0.000464827,-0.380505,0.0120252,-0.638117,4.86235,-818594,-1,1.1242e-10,1,0
0.000465269,-0.380261,0.0115372,-0.638215,4.8627,-817294,-1,5.60818e-10,1,0
0.000465615,-0.380325,0.0117168,-0.638159,4.86454,-816823,-1,1.30463e-10,1,0
0.000466901,-0.378966,0.0126815,-0.638393,4.86461,-811662,-1,1.30463e-10,1,0
0.000467883,-0.378924,0.0130933,-0.638943,4.86343,-809867,-1,6.58029e-10,1,0
0.000468757,-0.37847,0.0140027,-0.638533,4.86521,-807390,-1,1.01755e-09,1,0
0.000469148,-0.37867,0.013797,-0.638109,4.8652,-807143,-1,1.01755e-09,1,0
0.000470041,-0.378744,0.0135113,-0.637473,4.86352,-805768,-1,1.38932e-09,1,0
0.000470559,-0.379168,0.0133544,-0.637524,4.8632,-805782,-1,5.49125e-10,1,0
0.000471009,-0.37931,0.0130837,-0.637123,4.86209,-805312,-1,8.68873e-11,1,0
0.000471396,-0.379415,0.0128757,-0.636674,4.86174,-804874,-1,1.00793e-09,1,0
0.000471776,-0.379193,0.0129694,-0.636337,4.86204,-803757,-1,2.30165e-10,1,0
0.000472251,-0.378753,0.0131919,-0.636203,4.8602,-802016,-1,2.31933e-10,1,0
0.000472633,-0.378778,0.0128427,-0.636178,4.86013,-801421,-1,3.83402e-10,1,0
0.000473915,-0.378744,0.0129237,-0.637852,4.86013,-799181,-1,3.83402e-10,1,0
0.000474641,-0.378335,0.0132439,-0.638293,4.8527,-797097,-1,5.92774e-10,1,0
0.000474955,-0.378576,0.013013,-0.638477,4.85316,-797077,-1,1.2756e-10,1,0
0.000476105,-0.379452,0.0118737,-0.63892,4.85312,-796991,-1,1.2756e-10,1,0
0.000476666,-0.379879,0.011319,-0.639136,4.8531,-796950,-1,1.2756e-10,1,0
0.000477499,-0.38074,0.0117909,-0.639443,4.85267,-797364,-1,2.5929e-09,1,0
0.000478433,-0.380873,0.012127,-0.639841,4.85239,-796084,-1,1.74202e-09,1,0
0.000479616,-0.379455,0.0119961,-0.640442,4.85246,-791164,-1,1.74202e-09,1,0
0.000480023,-0.379503,0.0122676,-0.640287,4.85177,-790594,-1,1.03529e-10,1,0
0.000480678,-0.3795,0.0125492,-0.640967,4.85149,-789509,-1,3.08196e-10,1,0
0.000481465,-0.379936,0.0125368,-0.64135,4.85267,-789124,-1,3.63838e-10,1,0
0.000482303,-0.378953,0.0129867,-0.64153,4.85272,-785716,-1,3.63838e-10,1,0
0.000483096,-0.378024,0.0134125,-0.641701,4.85406,-782501,-1,2.13215e-09,1,0
0.000484308,-0.377868,0.0121732,-0.641631,4.85419,-780222,-1,9.71292e-10,1,0
0.000485137,-0.377367,0.0125219,-0.641221,4.85193,-777856,-1,4.3034e-10,1,0
0.000486229,-0.37793,0.011817,-0.641776,4.84921,-777267,-1,1.09649e-09,1,0
0.000487427,-0.377659,0.0117632,-0.640273,4.84814,-774801,-1,1.44942e-09,1,0
0.000487846,-0.37793,0.0114769,-0.640301,4.85075,-774691,-1,2.11565e-10,1,0
0.000488338,-0.378388,0.0112219,-0.640416,4.8491,-774848,-1,8.72401e-10,1,0
0.000488459,-0.378502,0.0112878,-0.640457,4.84897,-774891,-1,5.81971e-11,1,0
0.000489035,-0.379045,0.0109346,-0.6407,4.84541,-775087,-1,6.91682e-10,1,0
0.000489923,-0.379116,0.0112862,-0.641803,4.8454,-773827,-1,6.91682e-10,1,0
0.000490964,-0.379627,0.0121216,-0.642352,4.84634,-773228,-1,1.76671e-09,1,0
0.000491777,-0.379647,0.0112936,-0.642291,4.83952,-771989,-1,1.73222e-10,1,0
0.000492739,-0.37967,0.0109163,-0.641903,4.83859,-770530,-1,6.07505e-10,1,0
0.000493019,-0.379593,0.0110094,-0.641557,4.83859,-769936,-1,6.07505e-10,1,0
0.000494287,-0.379696,0.00971429,-0.642313,4.83549,-768169,-1,1.56661e-09,1,0
0.000494764,-0.379976,0.0094645,-0.641834,4.83575,-767995,-1,6.05411e-10,1,0
0.000494974,-0.380187,0.00963648,-0.641797,4.83574,-768095,-1,6.05411e-10,1,0
0.000495371,-0.380507,0.00962484,-0.641878,4.83629,-768126,-1,2.43695e-10,1,0
0.000496244,-0.379707,0.00942628,-0.641476,4.83315,-765162,-1,1.28606e-10,1,0
0.000496796,-0.379765,0.01013,-0.641617,4.83182,-764429,-1,8.13355e-10,1,0
0.000497469,-0.380019,0.0103293,-0.641925,4.83023,-763905,-1,3.32709e-10,1,0
0.000498775,-0.38092,0.00948474,-0.64123,4.83044,-763712,-1,8.37808e-10,1,0
0.000499726,-0.381262,0.00861537,-0.641043,4.83131,-762943,-1,5.00885e-10,1,0
0.000500816,-0.381486,0.00900291,-0.640696,4.82893,-761729,-1,5.48576e-10,1,0
0.000501227,-0.38123,0.00939043,-0.640678,4.83056,-760594,-1,3.69694e-10,1,0
0.000501989,-0.381374,0.00940917,-0.640915,4.83083,-759726,-1,3.50935e-12,1,0
0.000502223,-0.381358,0.00953994,-0.640972,4.82994,-759341,-1,1.33885e-10,1,0
0.000502489,-0.381605,0.00975436,-0.640974,4.82811,-759431,-1,2.25058e-10,1,0
0.000503016,-0.382057,0.00929762,-0.640726,4.82976,-759531,-1,6.88409e-10,1,0
0.000503552,-0.381527,0.0090443,-0.641102,4.82979,-757671,-1,6.88409e-10,1,0
0.000503866,-0.381482,0.00920156,-0.641301,4.82813,-757109,-1,8.54267e-10,1,0
0.000504738,-0.382432,0.00900056,-0.641334,4.82964,-757683,-1,9.65404e-10,1,0
0.000505249,-0.382304,0.00884004,-0.640874,4.82928,-756665,-1,5.66231e-10,1,0
0.000506236,-0.382282,0.00971065,-0.640433,4.8278,-755145,-1,6.8309e-10,1,0
0.000507811,-0.383369,0.00896541,-0.641451,4.82473,-754945,-1,6.57144e-10,1,0
0.000508982,-0.384345,0.00823769,-0.642372,4.82468,-755125,-1,6.57144e-10,1,0
0.000509617,-0.384395,0.00804938,-0.643007,4.82616,-754283,-1,4.49664e-10,1,0
0.000510614,-0.383665,0.00804597,-0.642496,4.82254,-751380,-1,9.02867e-10,1,0
0.000511712,-0.38419,0.00820677,-0.64276,4.82133,-750792,-1,9.53803e-10,1,0
0.000512281,-0.384615,0.00772979,-0.64244,4.82181,-750789,-1,9.63227e-10,1,0
0.000513294,-0.385125,0.00711262,-0.641618,4.82045,-750300,-1,3.0388e-10,1,0
0.000514673,-0.384564,0.00806495,-0.642649,4.82175,-747202,-1,4.61303e-10,1,0
0.000516327,-0.383886,0.00958702,-0.643059,4.82091,-743495,-1,6.7895e-10,1,0
0.000516861,-0.383492,0.0099036,-0.642952,4.82013,-741963,-1,3.17127e-10,1,0
0.00051761,-0.38295,0.00988504,-0.642333,4.81947,-739842,-1,8.50307e-11,1,0
0.000518303,-0.38259,0.00933436,-0.64203,4.82035,-738159,-1,3.44762e-10,1,0
0.000518826,-0.382587,0.00882403,-0.641669,4.8205,-737410,-1,1.92989e-10,1,0
0.000519589,-0.383248,0.00836482,-0.641408,4.81985,-737598,-1,8.75033e-10,1,0
0.000520758,-0.383264,0.0097657,-0.641719,4.81952,-735973,-1,4.40314e-10,1,0
0.000520898,-0.383238,0.00994141,-0.641763,4.81952,-735725,-1,4.40314e-10,1,0
0.000521423,-0.38314,0.0105979,-0.641928,4.81942,-734798,-1,2.09793e-09,1,0
0.000521995,-0.382607,0.0109102,-0.642228,4.81858,-732970,-1,3.20956e-10,1,0
0.00052318,-0.383057,0.0117114,-0.641968,4.81841,-732171,-1,9.88071e-10,1,0
0.00052381,-0.383488,0.0112883,-0.642402,4.81346,-732114,-1,1.40833e-10,1,0
0.000524468,-0.383187,0.011481,-0.642275,4.81223,-730621,-1,4.59313e-10,1,0
0.000525145,-0.382788,0.0110162,-0.642082,4.81384,-728920,-1,1.22153e-10,1,0
0.000525499,-0.383004,0.0108386,-0.641991,4.81203,-728839,-1,1.93683e-10,1,0
0.000526399,-0.382511,0.0105659,-0.641975,4.81306,-726655,-1,6.46458e-10,1,0
0.000527975,-0.384285,0.0106214,-0.640948,4.81117,-727848,-1,2.33495e-09,1,0
0.000529114,-0.384436,0.0117526,-0.640001,4.81339,-726565,-1,1.4833e-09,1,0
0.000529531,-0.38425,0.0116955,-0.639613,4.81235,-725643,-1,1.43845e-10,1,0
0.000529711,-0.384086,0.0116652,-0.639448,4.81201,-725085,-1,6.32903e-10,1,0
0.000530383,-0.38339,0.0112577,-0.639109,4.81219,-722854,-1,8.74908e-10,1,0
0.00053088,-0.383497,0.0115333,-0.638623,4.81385,-722380,-1,5.67662e-10,1,0
0.000531354,-0.383527,0.0117843,-0.638501,4.81277,-721792,-1,4.11616e-10,1,0
0.000531512,-0.383536,0.0115795,-0.638481,4.81277,-721594,-1,4.11616e-10,1,0
0.000532139,-0.38365,0.0112207,-0.638419,4.80879,-720959,-1,2.66494e-11,1,0
0.000533693,-0.384272,0.00955517,-0.637622,4.81162,-720025,-1,7.20053e-11,1,0
0.000534415,-0.384012,0.00962073,-0.63699,4.8126,-718566,-1,5.06233e-10,1,0
0.000534585,-0.38394,0.00947262,-0.636841,4.8126,-718201,-1,5.06233e-10,1,0
0.000535355,-0.383533,0.00914681,-0.636264,4.81335,-716408,-1,1.20872e-10,1,0
0.000536131,-0.383627,0.00877061,-0.636464,4.8099,-715546,-1,7.07789e-10,1,0
0.000537117,-0.383298,0.0084167,-0.636949,4.80996,-713621,-1,8.12674e-10,1,0
0.000537403,-0.383458,0.00809609,-0.636847,4.80964,-713538,-1,8.42789e-10,1,0
0.000538603,-0.383411,0.0079991,-0.636245,4.80756,-711863,-1,1.52818e-10,1,0
0.000539424,-0.384345,0.00850245,-0.636241,4.80726,-712510,-1,1.03836e-09,1,0
0.000540005,-0.38392,0.00868669,-0.636093,4.80803,-710955,-1,2.91978e-10,1,0
0.000540578,-0.383404,0.00869028,-0.636421,4.81067,-709248,-1,6.42401e-10,1,0
0.000541102,-0.383245,0.00842359,-0.63639,4.81303,-708268,-1,1.99764e-10,1,0
0.000541752,-0.383272,0.00832378,-0.636135,4.81221,-707469,-1,6.6927e-10,1,0
0.000542633,-0.38417,0.00860138,-0.636228,4.81168,-707974,-1,1.16289e-09,1,0
0.000543178,-0.384064,0.00896402,-0.636291,4.81234,-707069,-1,2.70406e-11,1,0
0.000543754,-0.383427,0.00910387,-0.635918,4.81238,-705147,-1,2.70406e-11,1,0
0.000544263,-0.38379,0.0096178,-0.636082,4.81235,-705155,-1,6.53933e-10,1,0
0.000544772,-0.38411,0.00970381,-0.636317,4.81033,-705085,-1,2.19979e-10,1,0
0.000545597,-0.38336,0.0104678,-0.636239,4.81032,-702643,-1,1.09271e-09,1,0
0.000546745,-0.382235,0.0110347,-0.636355,4.8102,-699111,-1,1.09455e-09,1,0
0.000547065,-0.382279,0.011269,-0.636486,4.81053,-698781,-1,2.32816e-11,1,0
0.000547452,-0.382512,0.0117034,-0.63659,4.81052,-698713,-1,2.32816e-11,1,0
0.000547943,-0.383022,0.0118675,-0.63687,4.80618,-699018,-1,5.33167e-10,1,0
0.000549384,-0.381457,0.0114966,-0.636205,4.80711,-694337,-1,8.68996e-10,1,0
0.000550593,-0.38155,0.0121054,-0.635994,4.8093,-692980,-1,5.84336e-10,1,0
0.000551611,-0.381889,0.0129014,-0.635579,4.81198,-692316,-1,7.14896e-10,1,0
0.000552016,-0.382229,0.0128214,-0.63594,4.81267,-692424,-1,4.98219e-10,1,0
0.000552491,-0.382303,0.0134239,-0.636053,4.81249,-691963,-1,1.34791e-10,1,0
0.000552959,-0.382214,0.0133947,-0.636047,4.80898,-691217,-1,2.88086e-10,1,0
0.000553647,-0.382267,0.0139618,-0.636623,4.80875,-690453,-1,8.47017e-10,1,0
0.000554191,-0.3824,0.0137623,-0.635957,4.80874,-690014,-1,8.47017e-10,1,0
0.000554763,-0.382522,0.0139073,-0.636208,4.80978,-689523,-1,5.16282e-10,1,0
0.000555614,-0.382637,0.0144229,-0.635913,4.81266,-688675,-1,2.86826e-10,1,0
0.000557514,-0.383275,0.0136039,-0.634432,4.81153,-687472,-1,2.02935e-09,1,0
0.000558528,-0.383917,0.0124638,-0.634606,4.81416,-687374,-1,2.18141e-09,1,0
0.000559149,-0.383467,0.01283,-0.63483,4.81353,-685804,-1,1.89787e-10,1,0
0.00055952,-0.383855,0.0126974,-0.635085,4.81352,-686043,-1,1.89787e-10,1,0
0.00055958,-0.383917,0.0126762,-0.635126,4.81351,-686081,-1,1.89787e-10,1,0
0.00056002,-0.384256,0.0126242,-0.635511,4.81614,-686146,-1,9.38062e-10,1,0
0.000561155,-0.384977,0.0130979,-0.635439,4.81819,-686043,-1,5.75399e-10,1,0
0.00056267,-0.383012,0.0132625,-0.635523,4.81871,-680704,-1,1.97344e-09,1,0
0.000563097,-0.383246,0.0132748,-0.635116,4.81431,-680604,-1,1.21338e-10,1,0
0.00056332,-0.383338,0.0135101,-0.635009,4.81677,-680498,-1,2.65932e-10,1,0
0.000564115,-0.38363,0.0130573,-0.634929,4.81446,-680056,-1,2.122e-10,1,0
0.000564325,-0.383851,0.0129921,-0.634956,4.81398,-680194,-1,3.13433e-11,1,0
0.000564683,-0.384193,0.0129651,-0.634649,4.81177,-680369,-1,4.53578e-10,1,0
0.000565598,-0.384278,0.0124216,-0.634552,4.81618,-679419,-1,8.36699e-10,1,0
0.000565889,-0.384398,0.0125667,-0.63469,4.81869,-679282,-1,4.88504e-11,1,0
0.000566302,-0.384783,0.0128092,-0.634978,4.81867,-679466,-1,4.88504e-11,1,0
0.000567311,-0.384026,0.0129222,-0.635723,4.81288,-676923,-1,1.10611e-09,1,0
0.000568347,-0.383404,0.012219,-0.636101,4.8146,-674594,-1,6.89366e-10,1,0
0.0005696,-0.382467,0.0125077,-0.637174,4.81348,-671465,-1,1.83373e-09,1,0
0.000570386,-0.382405,0.0130911,-0.637641,4.81609,-670432,-1,1.41499e-10,1,0
0.000570845,-0.382182,0.0131333,-0.637867,4.81495,-669503,-1,1.26569e-10,1,0
0.000571397,-0.381811,0.01349,-0.637737,4.81543,-668207,-1,1.93395e-10,1,0
0.000571645,-0.381693,0.0133062,-0.637708,4.81692,-667711,-1,2.19602e-10,1,0
0.000572136,-0.381584,0.0133052,-0.638239,4.81593,-666947,-1,4.86608e-11,1,0
0.000573126,-0.381517,0.0129338,-0.639473,4.81471,-665677,-1,1.74376e-09,1,0
0.0005735,-0.381682,0.0127473,-0.639644,4.81748,-665530,-1,3.40113e-10,1,0
0.000574014,-0.381852,0.0132757,-0.640018,4.81747,-665232,-1,3.40113e-10,1,0
0.000575986,-0.381598,0.0147374,-0.640544,4.81512,-662512,-1,8.31281e-10,1,0
0.000576505,-0.381404,0.0148575,-0.641149,4.81314,-661581,-1,6.48454e-10,1,0
0.000576897,-0.38185,0.0147377,-0.641291,4.81381,-661903,-1,1.08206e-10,1,0
0.00057742,-0.382039,0.0148061,-0.641088,4.81513,-661631,-1,1.53866e-10,1,0
0.000577882,-0.382435,0.0144066,-0.641285,4.81504,-661787,-1,3.92603e-10,1,0
0.000578281,-0.382615,0.0142954,-0.64163,4.81756,-661642,-1,2.78925e-11,1,0
0.000579199,-0.381983,0.014398,-0.641309,4.81467,-659502,-1,6.56381e-10,1,0
0.000580436,-0.381956,0.0147309,-0.639734,4.81355,-658050,-1,2.14923e-09,1,0
0.000581176,-0.381723,0.0147765,-0.639002,4.81099,-656811,-1,3.73645e-10,1,0
0.000581578,-0.381615,0.0151719,-0.638974,4.80953,-656171,-1,8.76683e-11,1,0
0.000582091,-0.381537,0.0158218,-0.638841,4.80828,-655459,-1,1.1036e-09,1,0
0.000583554,-0.380578,0.0161542,-0.640451,4.80929,-652173,-1,1.90317e-09,1,0
0.000584342,-0.381028,0.0155929,-0.639958,4.8105,-652064,-1,3.50121e-10,1,0
0.00058449,-0.381128,0.0155274,-0.639805,4.80867,-652069,-1,8.67791e-10,1,0
0.000585158,-0.381565,0.0159248,-0.640338,4.80826,-652071,-1,7.72158e-10,1,0
0.000585679,-0.381191,0.0164169,-0.640573,4.80794,-650853,-1,7.66255e-10,1,0
0.000586254,-0.381753,0.0160576,-0.640378,4.80804,-651173,-1,7.16009e-10,1,0
0.0005874,-0.381218,0.0163304,-0.640103,4.8036,-648993,-1,2.97976e-10,1,0
0.000588926,-0.381638,0.0182089,-0.639948,4.80408,-648024,-1,2.63638e-10,1,0
0.000590009,-0.381751,0.018433,-0.640871,4.80399,-647026,-1,2.14109e-09,1,0
0.000590818,-0.381658,0.0187359,-0.641357,4.8001,-645982,-1,4.49832e-10,1,0
0.000591918,-0.381285,0.0188834,-0.640145,4.80363,-644151,-1,1.87628e-10,1,0
0.000593226,-0.381022,0.0178382,-0.639496,4.80624,-642287,-1,1.43027e-09,1,0
0.000594423,-0.379713,0.017589,-0.638809,4.80681,-638792,-1,8.53661e-11,1,0
0.000595345,-0.380051,0.0164921,-0.638606,4.80762,-638370,-1,2.38669e-11,1,0
0.000595463,-0.37992,0.0165148,-0.638683,4.80847,-638024,-1,1.53146e-10,1,0
0.000595863,-0.380091,0.0164144,-0.638875,4.80559,-637883,-1,3.2224e-10,1,0
0.000596253,-0.380313,0.0160763,-0.638568,4.80584,-637838,-1,5.07491e-10,1,0
0.000596857,-0.380343,0.0161991,-0.639242,4.80517,-637242,-1,2.5198e-10,1,0
0.000597295,-0.380445,0.015981,-0.639488,4.80358,-636947,-1,5.44772e-11,1,0
0.000597795,-0.380723,0.016223,-0.639495,4.80504,-636879,-1,3.86424e-10,1,0
0.000598488,-0.381076,0.0159257,-0.639065,4.80454,-636730,-1,3.88688e-10,1,0
0.000599534,-0.380877,0.0148756,-0.639079,4.80559,-635289,-1,3.00827e-10,1,0
0.000599794,-0.380835,0.0145535,-0.639176,4.80565,-634943,-1,1.39807e-09,1,0
0.000600889,-0.38101,0.0133878,-0.639818,4.80639,-634078,-1,1.37873e-09,1,0
0.000601164,-0.381026,0.0135423,-0.639496,4.80685,-633815,-1,4.02664e-10,1,0
0.000601971,-0.380299,0.0135978,-0.640251,4.80545,-631756,-1,1.05026e-09,1,0
0.000602636,-0.380502,0.0131672,-0.640148,4.80505,-631397,-1,4.49736e-10,1,0
0.000603832,-0.379751,0.0128568,-0.639984,4.80472,-628901,-1,5.46968e-10,1,0
0.000605183,-0.378445,0.0118997,-0.63978,4.8057,-625340,-1,7.68823e-10,1,0
0.000605975,-0.378752,0.0111307,-0.639679,4.80409,-625029,-1,5.82748e-11,1,0
0.000606426,-0.378623,0.01087,-0.639619,4.80166,-624351,-1,2.77079e-10,1,0
0.000606947,-0.37899,0.0108043,-0.639683,4.79899,-624420,-1,4.61722e-10,1,0
0.000607321,-0.378902,0.0110298,-0.639997,4.80251,-623891,-1,1.65355e-10,1,0
0.000608364,-0.378144,0.0101283,-0.639425,4.8009,-621576,-1,4.39424e-10,1,0
0.000608835,-0.378117,0.00961431,-0.639621,4.80042,-621049,-1,1.18833e-10,1,0
0.000610114,-0.378034,0.00991033,-0.640259,4.80211,-619612,-1,2.56121e-10,1,0
0.000610956,-0.378186,0.00964641,-0.640648,4.80174,-619006,-1,7.26251e-10,1,0
0.000612982,-0.379629,0.0111555,-0.639082,4.80174,-619315,-1,9.88438e-10,1,0
0.0006135,-0.380046,0.0115523,-0.638731,4.80114,-619471,-1,2.3194e-09,1,0
0.000614238,-0.380095,0.0124145,-0.638402,4.80157,-618807,-1,6.37209e-10,1,0
0.000614859,-0.38048,0.0128798,-0.637941,4.80187,-618807,-1,5.02889e-10,1,0
0.000616327,-0.380492,0.0145464,-0.637626,4.80219,-617354,-1,1.34741e-09,1,0
0.000616516,-0.380342,0.0147178,-0.637556,4.80543,-616922,-1,2.06298e-11,1,0
0.00061724,-0.380848,0.0144863,-0.638076,4.80288,-617017,-1,4.28305e-10,1,0
0.000617886,-0.380816,0.0141566,-0.638483,4.80422,-616320,-1,4.5007e-11,1,0
0.000618702,-0.381048,0.0151224,-0.638349,4.80464,-615883,-1,9.87543e-10,1,0
0.000619101,-0.381283,0.0149573,-0.637939,4.80422,-615865,-1,5.16218e-10,1,0
0.000619389,-0.381645,0.0148962,-0.637869,4.80416,-616163,-1,4.25096e-10,1,0
0.000619906,-0.382146,0.0145476,-0.637904,4.80436,-616458,-1,1.86572e-10,1,0
0.000620265,-0.382499,0.0147233,-0.637691,4.80548,-616670,-1,4.22783e-10,1,0
0.000620638,-0.382633,0.0149503,-0.637993,4.80796,-616516,-1,4.19421e-10,1,0
0.000621861,-0.382596,0.0152162,-0.638917,4.80733,-615244,-1,6.48455e-10,1,0
0.000622376,-0.382846,0.0152755,-0.639529,4.80768,-615136,-1,5.39394e-10,1,0
0.000623889,-0.383161,0.0143855,-0.639335,4.80926,-614149,-1,6.74018e-10,1,0
0.000624833,-0.38259,0.0142599,-0.640415,4.8096,-612308,-1,1.22809e-09,1,0
0.000625474,-0.382893,0.0145101,-0.640769,4.80859,-612164,-1,7.08181e-11,1,0
0.000625848,-0.383001,0.0147542,-0.641063,4.80425,-611971,-1,3.35169e-11,1,0
0.000626415,-0.38261,0.014513,-0.640861,4.80354,-610792,-1,2.24796e-10,1,0
0.000626899,-0.382199,0.0140567,-0.64072,4.80356,-609666,-1,2.24796e-10,1,0
0.000627715,-0.38168,0.0133362,-0.640972,4.80237,-608047,-1,1.71833e-09,1,0
0.000628038,-0.381574,0.0131404,-0.641233,4.80435,-607565,-1,4.47864e-11,1,0
0.000628861,-0.382517,0.0135483,-0.641224,4.80641,-608270,-1,3.09601e-11,1,0
0.00062901,-0.382697,0.0136215,-0.641212,4.80638,-608411,-1,1.07404e-09,1,0
0.000630157,-0.384074,0.0141834,-0.641098,4.80632,-609490,-1,1.07404e-09,1,0
0.000630846,-0.384783,0.0145346,-0.641236,4.80509,-609947,-1,2.3136e-09,1,0
0.00063117,-0.384729,0.0147864,-0.641352,4.80449,-609549,-1,4.36592e-10,1,0
0.000631716,-0.384311,0.0153035,-0.641162,4.80461,-608362,-1,7.2122e-11,1,0
0.000632729,-0.384225,0.0153315,-0.641509,4.80698,-607251,-1,4.31896e-10,1,0
0.000633413,-0.38465,0.0157135,-0.642103,4.80548,-607265,-1,3.06386e-10,1,0
0.000633886,-0.384237,0.0158091,-0.641727,4.80441,-606161,-1,6.65422e-11,1,0
0.00063481,-0.385061,0.0160086,-0.642116,4.80313,-606577,-1,2.40748e-10,1,0
0.000635719,-0.38579,0.0158272,-0.64265,4.80263,-606856,-1,1.72502e-09,1,0
0.000636313,-0.386238,0.015258,-0.642868,4.80173,-606993,-1,5.15371e-10,1,0
0.000637624,-0.38555,0.0136993,-0.642814,4.8019,-604667,-1,1.70445e-09,1,0
0.000638055,-0.385453,0.013258,-0.643005,4.80184,-604106,-1,7.57685e-11,1,0
0.000638684,-0.384893,0.0136803,-0.643255,4.80085,-602635,-1,5.12076e-10,1,0
0.000639207,-0.385165,0.0137598,-0.643203,4.80236,-602567,-1,3.72265e-10,1,0
0.000639411,-0.385269,0.0136733,-0.643131,4.80446,-602536,-1,1.86645e-10,1,0
0.000640148,-0.384575,0.0130133,-0.64318,4.8045,-600759,-1,1.86645e-10,1,0
0.000640354,-0.384364,0.0130982,-0.643093,4.80449,-600237,-1,9.92512e-10,1,0
0.000640695,-0.384125,0.0132801,-0.642995,4.80231,-599544,-1,1.37983e-10,1,0
0.000642624,-0.383124,0.0140147,-0.643894,4.80247,-596187,-1,9.88283e-10,1,0
0.000642979,-0.382684,0.0140706,-0.643767,4.80049,-595174,-1,4.61073e-10,1,0
0.000643577,-0.382584,0.0133295,-0.64398,4.80171,-594464,-1,7.77666e-10,1,0
0.000643944,-0.382625,0.0130914,-0.644259,4.79891,-594191,-1,3.64602e-10,1,0
0.0006448,-0.383414,0.0129945,-0.644769,4.80055,-594625,-1,9.28497e-10,1,0
0.00064585,-0.383411,0.0127194,-0.644031,4.79518,-593654,-1,3.2553e-10,1,0
0.000646152,-0.383291,0.0126118,-0.643698,4.79503,-593190,-1,2.7024e-10,1,0
0.000647249,-0.38326,0.0126438,-0.643698,4.79015,-592136,-1,7.03839e-10,1,0
0.000647576,-0.383198,0.0126283,-0.643727,4.78817,-591743,-1,1.20047e-10,1,0
0.000648749,-0.383558,0.0116414,-0.642623,4.78724,-591227,-1,1.63424e-09,1,0
0.000649035,-0.383841,0.0116357,-0.642571,4.78739,-591402,-1,2.01446e-11,1,0
0.000650615,-0.383206,0.012266,-0.643028,4.78659,-588991,-1,1.47979e-09,1,0
0.0006507,-0.383162,0.0122066,-0.642951,4.78708,-588845,-1,5.84064e-10,1,0
0.00065135,-0.383146,0.0126523,-0.642502,4.78552,-588233,-1,6.49914e-10,1,0
0.000651915,-0.383763,0.0124962,-0.642722,4.78673,-588670,-1,4.09017e-11,1,0
0.000652596,-0.383907,0.0121143,-0.643501,4.78647,-588278,-1,6.8983e-10,1,0
0.000653336,-0.384065,0.0118503,-0.644411,4.78653,-587852,-1,1.15432e-09,1,0
0.000653692,-0.38447,0.0118806,-0.644209,4.78619,-588152,-1,4.28349e-10,1,0
0.000654224,-0.384584,0.0120916,-0.643772,4.78367,-587847,-1,1.712e-10,1,0
0.000655083,-0.385108,0.0116228,-0.644092,4.7808,-587876,-1,8.34582e-10,1,0
0.000656237,-0.383961,0.0108924,-0.644717,4.78086,-585095,-1,8.34582e-10,1,0
0.000657416,-0.384034,0.0100111,-0.644346,4.78121,-584157,-1,2.319e-09,1,0
0.000658932,-0.384535,0.00939627,-0.644385,4.78133,-583574,-1,7.52125e-10,1,0
0.000659318,-0.384231,0.00946652,-0.644461,4.78306,-582771,-1,1.33139e-10,1,0
0.000659609,-0.384188,0.00959575,-0.644109,4.78306,-582449,-1,1.33139e-10,1,0
0.000661172,-0.383212,0.00943107,-0.644551,4.78274,-579594,-1,9.88355e-10,1,0
0.000662186,-0.382914,0.00860378,-0.643572,4.78295,-578257,-1,1.31531e-09,1,0
0.000662965,-0.38235,0.00834598,-0.642773,4.78298,-576728,-1,1.31531e-09,1,0
0.00066381,-0.38174,0.00806663,-0.641907,4.78365,-575074,-1,2.10707e-09,1,0
0.000663939,-0.381855,0.00812537,-0.642014,4.78365,-575136,-1,2.10707e-09,1,0
0.000664152,-0.382038,0.00814457,-0.642048,4.78627,-575227,-1,2.32991e-11,1,0
0.00066442,-0.382258,0.00797498,-0.641839,4.78626,-575327,-1,2.32991e-11,1,0
0.000665891,-0.383504,0.006872,-0.641663,4.78679,-575927,-1,1.33964e-09,1,0
0.000666345,-0.383627,0.00708519,-0.642048,4.77928,-575718,-1,5.07341e-10,1,0
0.000667092,-0.383222,0.00765037,-0.642143,4.77849,-574466,-1,5.76333e-11,1,0
0.000667865,-0.383336,0.00807241,-0.64273,4.77806,-573973,-1,1.0759e-09,1,0
0.0006685,-0.383531,0.00833417,-0.643308,4.77714,-573719,-1,1.20909e-09,1,0
0.000669075,-0.383261,0.00879514,-0.643447,4.77978,-572822,-1,2.09757e-10,1,0
0.000669546,-0.38342,0.00876631,-0.643921,4.78088,-572656,-1,2.44902e-10,1,0
0.000670415,-0.384197,0.00852638,-0.644702,4.78084,-573074,-1,2.44902e-10,1,0
0.000670551,-0.38433,0.0084678,-0.644792,4.77964,-573155,-1,7.44369e-11,1,0
0.000671037,-0.384208,0.00906171,-0.644621,4.7789,-572559,-1,6.29723e-10,1,0
0.000671371,-0.384277,0.00904501,-0.644702,4.77633,-572377,-1,1.55971e-10,1,0
0.000672793,-0.383394,0.00936291,-0.643397,4.7763,-569854,-1,1.00827e-09,1,0
0.000673774,-0.383615,0.0099416,-0.64377,4.77636,-569352,-1,7.46212e-10,1,0
0.000674832,-0.384118,0.0098161,-0.644552,4.77669,-569206,-1,2.7815e-10,1,0
0.000675802,-0.383987,0.00904814,-0.644823,4.77776,-568195,-1,5.13088e-10,1,0
0.00067617,-0.384058,0.00932839,-0.645132,4.77851,-567991,-1,1.63229e-11,1,0
0.000677302,-0.385389,0.00891986,-0.645362,4.77798,-569006,-1,3.76754e-10,1,0
0.000677585,-0.385731,0.0088433,-0.645473,4.77687,-569273,-1,1.45976e-09,1,0
0.000678714,-0.386532,0.00940721,-0.646032,4.77579,-569507,-1,2.45464e-10,1,0
0.000679495,-0.386996,0.0095392,-0.646922,4.77577,-569535,-1,2.45464e-10,1,0
0.000680215,-0.387182,0.00954373,-0.64754,4.77182,-569206,-1,2.42271e-09,1,0
0.000680622,-0.386791,0.00921532,-0.647562,4.77147,-568290,-1,3.20475e-10,1,0
0.000681485,-0.386105,0.00927454,-0.648444,4.7715,-566564,-1,3.20475e-10,1,0
0.000681841,-0.386038,0.00970513,-0.648403,4.77103,-566170,-1,4.36634e-10,1,0
0.000682143,-0.385852,0.00963546,-0.648337,4.77306,-565647,-1,2.18147e-10,1,0
0.000682881,-0.385408,0.00979178,-0.648785,4.77157,-564386,-1,3.48727e-11,1,0
0.000683518,-0.385113,0.00993994,-0.648852,4.77379,-563428,-1,4.36092e-10,1,0
0.000685085,-0.385564,0.00881602,-0.647628,4.77342,-562798,-1,1.17491e-10,1,0
0.000685953,-0.385711,0.00847492,-0.646642,4.77389,-562300,-1,1.34324e-10,1,0
0.000687146,-0.384916,0.00945022,-0.647541,4.77393,-560166,-1,1.34324e-10,1,0
0.000687398,-0.384909,0.00972881,-0.647707,4.77206,-559951,-1,3.10626e-10,1,0
0.000688656,-0.384457,0.0100923,-0.647993,4.77068,-558272,-1,1.33669e-10,1,0
0.000689189,-0.384497,0.0104983,-0.648241,4.76892,-557898,-1,1.098e-10,1,0
0.000689899,-0.38477,0.0113658,-0.64838,4.76891,-557720,-1,1.098e-10,1,0
0.000690722,-0.385073,0.0123678,-0.648531,4.76549,-557493,-1,1.62325e-11,1,0
0.000691323,-0.38514,0.0126642,-0.649238,4.76816,-557105,-1,6.73344e-12,1,0
0.000691842,-0.38521,0.0127704,-0.649245,4.76773,-556789,-1,3.19761e-10,1,0
0.000693546,-0.383985,0.0121985,-0.649973,4.76576,-553654,-1,4.94767e-10,1,0
0.000693812,-0.384091,0.0123694,-0.650104,4.76365,-553595,-1,1.96091e-10,1,0
0.000694561,-0.38355,0.0131114,-0.650419,4.76368,-552220,-1,1.96091e-10,1,0
0.000695231,-0.383052,0.0137359,-0.650752,4.76374,-550971,-1,4.78474e-10,1,0
0.000695797,-0.3832,0.0140503,-0.650855,4.76549,-550736,-1,4.68793e-10,1,0
0.000696432,-0.383702,0.0139321,-0.650215,4.76546,-550954,-1,4.68793e-10,1,0
0.000697367,-0.383598,0.0134626,-0.649282,4.76421,-550066,-1,1.30543e-10,1,0
0.000698404,-0.382858,0.0123434,-0.649318,4.76425,-548189,-1,1.30543e-10,1,0
0.00069912,-0.382346,0.0115702,-0.649343,4.76574,-546896,-1,2.27006e-09,1,0
0.000699934,-0.382055,0.0113337,-0.649044,4.76276,-545845,-1,3.23139e-10,1,0
0.000700252,-0.382319,0.0113311,-0.648793,4.76018,-545974,-1,3.6921e-10,1,0
0.000701379,-0.382926,0.0102708,-0.649103,4.76166,-545962,-1,8.56961e-10,1,0
0.000703136,-0.384273,0.00904808,-0.64914,4.76155,-546512,-1,1.56872e-09,1,0
0.0007039,-0.384876,0.0087172,-0.649507,4.76224,-546777,-1,6.79887e-10,1,0
0.000704274,-0.385037,0.00826323,-0.64946,4.76381,-546715,-1,4.83864e-10,1,0
0.000705137,-0.385492,0.00746136,-0.649504,4.76523,-546691,-1,3.73228e-11,1,0
0.000705646,-0.385836,0.00689768,-0.649494,4.76563,-546783,-1,1.64843e-09,1,0
0.000706603,-0.385527,0.00606979,-0.649775,4.76629,-545606,-1,1.02902e-09,1,0
0.000708246,-0.386013,0.00656107,-0.649292,4.76599,-545027,-1,9.882e-10,1,0
0.000708954,-0.386021,0.00634183,-0.648505,4.76375,-544493,-1,1.47402e-09,1,0
0.000709281,-0.386006,0.00644802,-0.64815,4.76284,-544222,-1,2.26117e-11,1,0
0.000710634,-0.386079,0.0075496,-0.64778,4.7651,-543287,-1,9.68238e-10,1,0
0.000711279,-0.38589,0.00829454,-0.647987,4.7692,-542530,-1,1.78705e-09,1,0
0.000712206,-0.386292,0.0087137,-0.647048,4.76799,-542388,-1,1.11802e-09,1,0
0.000713467,-0.385701,0.0101084,-0.646878,4.76925,-540601,-1,1.57054e-09,1,0
0.000713985,-0.385515,0.00983134,-0.64719,4.76769,-539948,-1,2.45399e-10,1,0
0.000715672,-0.384642,0.00817691,-0.646539,4.76775,-537456,-1,8.43891e-10,1,0
0.000716399,-0.384325,0.00756808,-0.646097,4.76666,-536468,-1,5.77717e-11,1,0
0.000717041,-0.38382,0.00753142,-0.646057,4.76518,-535283,-1,1.67567e-10,1,0
0.0007185,-0.383132,0.00727852,-0.645193,4.76433,-533239,-1,1.19914e-09,1,0
0.000718913,-0.383607,0.00715196,-0.645162,4.76474,-533594,-1,1.06165e-09,1,0
0.000719415,-0.384079,0.00693391,-0.645279,4.76426,-533877,-1,2.68249e-11,1,0
0.000720967,-0.384653,0.00764348,-0.645198,4.76742,-533524,-1,1.39584e-09,1,0
0.000721163,-0.384881,0.00775654,-0.645186,4.76913,-533694,-1,2.54629e-10,1,0
0.000721654,-0.384868,0.00728425,-0.645215,4.76914,-533314,-1,9.99457e-11,1,0
0.000722378,-0.38444,0.00758306,-0.644743,4.76935,-532186,-1,5.53039e-10,1,0
0.0007234,-0.384618,0.00721803,-0.6439,4.766,-531681,-1,9.46011e-10,1,0
0.000724127,-0.384036,0.00707829,-0.644565,4.76609,-530344,-1,9.11276e-10,1,0
0.000724603,-0.384374,0.00756876,-0.64451,4.76653,-530462,-1,6.15374e-10,1,0
0.000724882,-0.384273,0.00726538,-0.644388,4.76552,-530118,-1,5.03536e-11,1,0
0.000725164,-0.384194,0.00729291,-0.644124,4.7671,-529804,-1,4.44045e-10,1,0
0.000725469,-0.38446,0.00726717,-0.643926,4.76427,-529947,-1,3.12645e-10,1,0
0.000726473,-0.38401,0.00730905,-0.642707,4.76547,-528595,-1,1.30037e-09,1,0
0.000727217,-0.38405,0.0078255,-0.643147,4.76609,-528110,-1,5.9953e-10,1,0
0.000727461,-0.384112,0.00778304,-0.643446,4.76705,-528017,-1,6.37918e-10,1,0
0.000727719,-0.383878,0.007972,-0.643461,4.76612,-527508,-1,7.15785e-11,1,0
0.000728165,-0.383587,0.00834135,-0.643399,4.76525,-526786,-1,7.42966e-10,1,0
0.000728629,-0.383861,0.00883231,-0.643186,4.76523,-526827,-1,7.42966e-10,1,0
0.000729545,-0.384773,0.00844936,-0.643183,4.76506,-527416,-1,9.3875e-10,1,0
0.000730448,-0.385738,0.00781905,-0.643289,4.76496,-528084,-1,3.50051e-11,1,0
0.000731111,-0.386022,0.00827304,-0.64384,4.76616,-527994,-1,4.06149e-10,1,0
0.000731573,-0.385526,0.00794035,-0.643871,4.76401,-526982,-1,5.98456e-10,1,0
0.000732389,-0.385146,0.00805651,-0.642891,4.76403,-525877,-1,5.98456e-10,1,0
0.000733575,-0.384964,0.00781754,-0.642362,4.76469,-524778,-1,5.47738e-10,1,0
0.00073452,-0.385786,0.00721701,-0.642461,4.7627,-525223,-1,1.4835e-10,1,0
0.000735716,-0.386667,0.00763678,-0.641258,4.76266,-525566,-1,1.4835e-10,1,0
0.000737119,-0.386685,0.00751588,-0.641944,4.76279,-524590,-1,1.22379e-09,1,0
0.00073767,-0.386858,0.00792195,-0.641392,4.76248,-524433,-1,6.28264e-10,1,0
0.000738782,-0.386752,0.00753949,-0.640334,4.7629,-523500,-1,2.08733e-10,1,0
0.000738905,-0.386737,0.00742773,-0.640225,4.76233,-523392,-1,1.12498e-09,1,0
0.000739126,-0.386808,0.00717355,-0.640116,4.76271,-523332,-1,3.08901e-10,1,0
0.000739972,-0.38615,0.00770842,-0.640171,4.76784,-521843,-1,9.25961e-10,1,0
0.00074014,-0.386036,0.00759891,-0.640176,4.76637,-521572,-1,1.65164e-11,1,0
0.000741489,-0.384752,0.00747912,-0.641269,4.76391,-518891,-1,6.92572e-11,1,0
0.000741613,-0.384835,0.00747687,-0.641296,4.76292,-518917,-1,4.37139e-11,1,0
0.000742284,-0.384973,0.00819996,-0.641304,4.76412,-518632,-1,2.98385e-10,1,0
0.000743478,-0.385865,0.00884373,-0.641625,4.76553,-519001,-1,9.19252e-12,1,0
0.000743952,-0.386429,0.00890021,-0.641865,4.7648,-519427,-1,1.6035e-09,1,0
0.000744437,-0.386762,0.00878949,-0.642386,4.76478,-519535,-1,1.6035e-09,1,0
0.000745778,-0.387313,0.00887872,-0.642106,4.76178,-519341,-1,5.62456e-10,1,0
0.000747141,-0.386892,0.0087753,-0.642373,4.76039,-517829,-1,8.32258e-10,1,0
0.000748283,-0.387489,0.00776622,-0.641652,4.76206,-517838,-1,8.46149e-10,1,0
0.000748612,-0.3876,0.00771017,-0.641955,4.76183,-517757,-1,2.1182e-10,1,0
0.0007492,-0.387,0.0077722,-0.641957,4.76339,-516551,-1,2.23637e-10,1,0
0.000749387,-0.386935,0.00784037,-0.641928,4.76123,-516336,-1,1.8411e-11,1,0
0.00074981,-0.38655,0.00810279,-0.64211,4.76218,-515530,-1,5.78432e-11,1,0
0.00075111,-0.385004,0.00844916,-0.641611,4.76277,-512579,-1,1.42594e-09,1,0
0.000751622,-0.385292,0.00874684,-0.641899,4.76089,-512614,-1,5.30152e-10,1,0
0.000752669,-0.385561,0.00961023,-0.642143,4.76049,-512258,-1,1.10085e-09,1,0
0.000753669,-0.386223,0.00884054,-0.64134,4.75893,-512457,-1,1.55018e-09,1,0
0.000753873,-0.386036,0.00880445,-0.641397,4.76047,-512071,-1,1.76033e-10,1,0
0.000754932,-0.385319,0.00814375,-0.641054,4.75899,-510402,-1,1.21979e-10,1,0
0.000755466,-0.38515,0.00829561,-0.640877,4.75791,-509817,-1,3.4444e-10,1,0
0.000756359,-0.384113,0.00782709,-0.640669,4.75742,-507844,-1,1.50308e-09,1,0
0.000756869,-0.384485,0.00750431,-0.64066,4.7585,-507994,-1,5.69231e-10,1,0
0.000757438,-0.384033,0.0076877,-0.640526,4.75655,-507016,-1,2.49571e-10,1,0
0.000757547,-0.383988,0.00773543,-0.640435,4.75724,-506884,-1,1.04771e-10,1,0
0.000758344,-0.384984,0.00795776,-0.640588,4.75649,-507664,-1,1.04231e-09,1,0
0.00075879,-0.384852,0.0074868,-0.640486,4.7569,-507192,-1,5.0997e-10,1,0
0.000759666,-0.384311,0.006913,-0.641176,4.75545,-505895,-1,3.33088e-10,1,0
0.000760572,-0.384574,0.00759187,-0.641557,4.75582,-505638,-1,7.61124e-10,1,0
0.000761957,-0.384824,0.00917353,-0.640892,4.75595,-505047,-1,1.98968e-09,1,0
0.000762892,-0.385173,0.00871433,-0.641939,4.75573,-504886,-1,1.08385e-09,1,0
0.000763712,-0.384687,0.00814205,-0.641308,4.75636,-503707,-1,9.91658e-10,1,0
0.000765158,-0.383255,0.00933531,-0.641467,4.75654,-500884,-1,1.87094e-09,1,0
0.00076558,-0.383452,0.00915835,-0.640993,4.75677,-500864,-1,5.42526e-10,1,0
0.000766616,-0.382406,0.00869201,-0.640946,4.75651,-498823,-1,1.83412e-10,1,0
0.000767643,-0.382488,0.00756658,-0.641277,4.7577,-498263,-1,1.0151e-09,1,0
0.000768471,-0.382478,0.00727924,-0.64218,4.75347,-497712,-1,7.57564e-11,1,0
0.000768998,-0.382857,0.00774096,-0.642162,4.75531,-497864,-1,6.67085e-11,1,0
0.000770029,-0.383527,0.00815863,-0.641907,4.75421,-498068,-1,1.61088e-09,1,0
0.000770479,-0.383522,0.00765117,-0.641622,4.75421,-497772,-1,1.61088e-09,1,0
0.000770576,-0.383584,0.00768152,-0.641681,4.75462,-497788,-1,1.05084e-10,1,0
0.000770925,-0.383395,0.00763954,-0.641572,4.74835,-497318,-1,2.92179e-10,1,0
0.000771814,-0.38366,0.00775884,-0.640528,4.74692,-497089,-1,9.77823e-11,1,0
0.000772637,-0.384152,0.00752948,-0.640394,4.74603,-497196,-1,1.53589e-09,1,0
0.000773852,-0.385065,0.00765463,-0.641298,4.74494,-497595,-1,1.28234e-09,1,0
0.000774379,-0.385399,0.00807432,-0.64168,4.74385,-497688,-1,1.50077e-09,1,0
0.000774965,-0.385585,0.00850764,-0.64144,4.74298,-497552,-1,3.70592e-10,1,0
0.000776006,-0.385182,0.00930324,-0.641559,4.7426,-496365,-1,1.17832e-10,1,0
0.000776607,-0.384893,0.00960054,-0.641645,4.74053,-495608,-1,1.91752e-10,1,0
0.000777345,-0.385233,0.0104007,-0.641254,4.74051,-495575,-1,9.5336e-10,1,0
0.000778045,-0.38552,0.0111035,-0.64091,4.74283,-495499,-1,3.65638e-11,1,0
0.000778789,-0.385804,0.0117152,-0.640929,4.74279,-495390,-1,1.10559e-10,1,0
0.000779188,-0.385941,0.012194,-0.640792,4.74278,-495312,-1,1.10559e-10,1,0
0.000779312,-0.385975,0.0123405,-0.640747,4.74248,-495276,-1,1.24497e-09,1,0
0.000779734,-0.386077,0.0126917,-0.640555,4.74072,-495140,-1,2.86945e-10,1,0
0.000780366,-0.38551,0.0132663,-0.640671,4.74118,-494012,-1,8.15999e-10,1,0
0.000781246,-0.385242,0.0143298,-0.640369,4.7413,-493112,-1,1.13768e-09,1,0
0.000781903,-0.385312,0.0143918,-0.640743,4.74028,-492787,-1,2.97903e-10,1,0
0.000781993,-0.385348,0.0143753,-0.640852,4.74028,-492777,-1,2.97903e-10,1,0
0.000783279,-0.386207,0.0140353,-0.641767,4.73879,-493064,-1,1.58106e-09,1,0
0.000784242,-0.38735,0.0136272,-0.641495,4.73896,-493916,-1,1.80039e-09,1,0
0.000784785,-0.387413,0.0136651,-0.641582,4.74118,-493655,-1,2.28034e-10,1,0
0.000785785,-0.387051,0.01456,-0.642022,4.74439,-492567,-1,7.23948e-10,1,0
0.000786237,-0.386917,0.0144068,-0.641718,4.74258,-492113,-1,1.45948e-10,1,0
0.000786781,-0.387339,0.0148263,-0.641829,4.74276,-492309,-1,2.10949e-10,1,0
0.000787275,-0.38775,0.0152915,-0.641928,4.74093,-492521,-1,6.03163e-12,1,0
0.000787631,-0.388005,0.0156316,-0.641756,4.74081,-492623,-1,4.59054e-10,1,0
0.000788841,-0.388242,0.0160218,-0.642679,4.73895,-492167,-1,1.0055e-09,1,0
0.000789175,-0.388667,0.016087,-0.64269,4.73844,-492498,-1,4.30743e-10,1,0
0.000789599,-0.388492,0.0164009,-0.642618,4.7387,-492012,-1,1.31992e-10,1,0
0.000790418,-0.38802,0.017193,-0.642099,4.74039,-490904,-1,1.47396e-09,1,0
0.00079076,-0.387769,0.0172708,-0.642236,4.74241,-490375,-1,1.58813e-10,1,0
0.000791388,-0.387103,0.0176928,-0.642297,4.74191,-489144,-1,6.56023e-10,1,0
0.00079234,-0.386325,0.0185484,-0.642382,4.7416,-487574,-1,1.51902e-09,1,0
0.00079279,-0.386025,0.0186603,-0.642052,4.74177,-486920,-1,5.17134e-10,1,0
0.000793238,-0.386362,0.0188305,-0.642338,4.74051,-487070,-1,2.47571e-10,1,0
0.000794015,-0.386714,0.0193725,-0.643066,4.74161,-487036,-1,1.26385e-10,1,0
0.000794431,-0.386819,0.0198611,-0.643264,4.74161,-486913,-1,1.26385e-10,1,0
0.000794992,-0.3867,0.0200248,-0.642995,4.73783,-486419,-1,3.5054e-10,1,0
0.000795963,-0.387041,0.0193653,-0.643507,4.74041,-486254,-1,3.3027e-10,1,0
0.000796594,-0.387345,0.0189334,-0.644115,4.74011,-486251,-1,4.72269e-11,1,0
0.000797684,-0.388027,0.0189617,-0.644076,4.73779,-486442,-1,3.77456e-10,1,0
0.000798336,-0.388036,0.0191503,-0.644356,4.7347,-486056,-1,3.33998e-10,1,0
0.000799217,-0.387621,0.018879,-0.645268,4.73432,-485000,-1,3.61054e-10,1,0
0.000800303,-0.38683,0.0187721,-0.646389,4.73448,-483354,-1,2.11515e-09,1,0
0.000801213,-0.38708,0.018302,-0.646059,4.73453,-483117,-1,5.32855e-10,1,0
0.000802693,-0.387314,0.0177929,-0.64631,4.73004,-482518,-1,1.61005e-09,1,0
0.000803061,-0.387098,0.0176216,-0.646698,4.73006,-482028,-1,1.61005e-09,1,0
0.000803848,-0.386703,0.0171935,-0.64686,4.72711,-481065,-1,2.08497e-09,1,0
0.000804295,-0.38648,0.0170187,-0.646402,4.72672,-480520,-1,8.2106e-10,1,0
0.000805539,-0.385537,0.0175123,-0.645228,4.72592,-478608,-1,1.32251e-09,1,0
0.000806383,-0.385928,0.0172873,-0.64567,4.72344,-478591,-1,8.58081e-10,1,0
0.000807143,-0.38602,0.0165513,-0.646312,4.72306,-478254,-1,9.80621e-10,1,0
0.000807608,-0.38592,0.0160136,-0.646173,4.72325,-477856,-1,1.4913e-10,1,0
0.000808067,-0.386035,0.0160778,-0.646699,4.72453,-477727,-1,5.60003e-10,1,0
0.00080889,-0.385364,0.0157255,-0.646759,4.72404,-476410,-1,4.15315e-11,1,0
0.000809812,-0.384854,0.0160174,-0.646452,4.72661,-475239,-1,1.94832e-10,1,0
0.000810911,-0.385281,0.0166878,-0.647504,4.72607,-475121,-1,1.21624e-09,1,0
0.00081146,-0.385345,0.0162421,-0.647251,4.72005,-474879,-1,2.05501e-10,1,0
0.000812382,-0.385553,0.016797,-0.647109,4.7236,-474596,-1,4.89194e-10,1,0
0.000813231,-0.385476,0.0162596,-0.64621,4.72531,-474006,-1,3.35121e-11,1,0
0.000814027,-0.385735,0.0157573,-0.645353,4.72393,-473861,-1,1.02641e-09,1,0
0.000815129,-0.38571,0.0148035,-0.645664,4.72365,-473189,-1,1.12612e-09,1,0
0.000815956,-0.385024,0.0152346,-0.646148,4.72468,-471869,-1,2.40453e-10,1,0
0.000816204,-0.384797,0.0150943,-0.646324,4.72469,-471447,-1,2.40453e-10,1,0
0.000816953,-0.384024,0.0146599,-0.646681,4.72274,-470069,-1,6.40452e-10,1,0
0.000817781,-0.383691,0.0145042,-0.646218,4.71664,-469186,-1,6.30584e-10,1,0
0.000818216,-0.383244,0.0145602,-0.646551,4.71666,-468390,-1,6.30584e-10,1,0
0.000818744,-0.382702,0.0146283,-0.646956,4.71669,-467425,-1,6.30584e-10,1,0
0.00081999,-0.38142,0.0147891,-0.647911,4.71675,-465152,-1,6.30584e-10,1,0
0.000820309,-0.381093,0.0148301,-0.648155,4.71677,-464573,-1,6.30584e-10,1,0
0.00082089,-0.38058,0.0149203,-0.648608,4.71779,-463619,-1,6.05787e-11,1,0
0.000821608,-0.381077,0.015291,-0.648077,4.71605,-463818,-1,9.47022e-11,1,0
0.000823343,-0.381495,0.014353,-0.647742,4.71364,-463348,-1,1.0054e-09,1,0
0.000823608,-0.381178,0.0143478,-0.647617,4.71366,-462815,-1,1.0054e-09,1,0
0.000824951,-0.382157,0.0144648,-0.64738,4.7142,-463248,-1,6.76383e-10,1,0
0.000826051,-0.383205,0.0154178,-0.647384,4.71415,-463900,-1,6.76383e-10,1,0
0.000828104,-0.384306,0.0167355,-0.646985,4.7154,-464079,-1,6.34787e-10,1,0
0.000828683,-0.384826,0.0167106,-0.647362,4.71385,-464382,-1,5.40755e-11,1,0
0.000829439,-0.384401,0.0171306,-0.647922,4.7124,-463447,-1,5.06644e-10,1,0
0.000829509,-0.384477,0.0170847,-0.647944,4.7116,-463499,-1,9.10787e-11,1,0
0.000830198,-0.383968,0.0171653,-0.647471,4.71455,-462501,-1,7.76125e-10,1,0
0.000831567,-0.383928,0.0171578,-0.649005,4.71288,-461692,-1,7.57668e-10,1,0
0.000832044,-0.383962,0.0168017,-0.648712,4.71267,-461469,-1,1.09991e-10,1,0
0.00083253,-0.383823,0.0165655,-0.648711,4.71246,-461032,-1,8.70038e-11,1,0
0.00083342,-0.38332,0.0169676,-0.648764,4.71414,-459936,-1,7.33191e-10,1,0
0.000833786,-0.38312,0.0170334,-0.648481,4.7146,-459495,-1,5.34816e-11,1,0
0.000834444,-0.383043,0.0166344,-0.649225,4.71461,-459039,-1,5.34816e-11,1,0
0.000835794,-0.382846,0.0164999,-0.650142,4.71566,-458062,-1,5.42308e-10,1,0
0.000836899,-0.383918,0.0166378,-0.651067,4.71514,-458739,-1,1.94094e-09,1,0
0.000837755,-0.383397,0.017458,-0.650729,4.71379,-457648,-1,1.02625e-09,1,0
0.000838424,-0.382875,0.0179065,-0.650849,4.71304,-456660,-1,7.77553e-10,1,0
0.00083911,-0.383611,0.0175664,-0.650544,4.71212,-457165,-1,8.45099e-10,1,0
0.000840072,-0.383769,0.0181432,-0.651151,4.71309,-456828,-1,9.54859e-10,1,0
0.000840424,-0.383899,0.0183837,-0.651479,4.71601,-456792,-1,4.17229e-10,1,0
0.000840793,-0.384149,0.0184806,-0.651462,4.7153,-456889,-1,3.49832e-11,1,0
0.000841536,-0.383736,0.0193312,-0.651382,4.71516,-455994,-1,7.84118e-10,1,0
0.00084197,-0.383707,0.0193703,-0.651306,4.71371,-455725,-1,7.6089e-11,1,0
0.000843301,-0.382833,0.019871,-0.651259,4.71365,-453970,-1,1.26946e-09,1,0
0.000844158,-0.382758,0.0204394,-0.650315,4.71366,-453419,-1,1.26946e-09,1,0
0.000844873,-0.382708,0.0210281,-0.649639,4.71414,-452976,-1,2.38093e-09,1,0
0.000845681,-0.382676,0.0219016,-0.649074,4.71414,-452506,-1,2.38093e-09,1,0
0.000846478,-0.382942,0.0218587,-0.649381,4.71129,-452394,-1,3.02118e-10,1,0
0.000847486,-0.383941,0.0222626,-0.64982,4.71062,-453035,-1,8.17761e-10,1,0
0.000848314,-0.38475,0.0228499,-0.650191,4.71058,-453546,-1,8.17761e-10,1,0
0.00084941,-0.385447,0.0224849,-0.650884,4.71274,-453782,-1,7.64711e-12,1,0
0.000849945,-0.384895,0.0223473,-0.65112,4.71199,-452847,-1,9.55497e-10,1,0
0.000851134,-0.383754,0.0222886,-0.651747,4.71179,-450874,-1,1.88607e-09,1,0
0.000851903,-0.384019,0.0228218,-0.6524,4.71244,-450777,-1,1.01527e-09,1,0
0.000852351,-0.384281,0.0233351,-0.652375,4.71242,-450849,-1,1.01527e-09,1,0
0.000853509,-0.384954,0.0245321,-0.652351,4.71304,-451025,-1,2.2265e-09,1,0
0.000853985,-0.38518,0.0240545,-0.652662,4.71448,-451038,-1,6.90356e-10,1,0
0.000854351,-0.385036,0.0237519,-0.652331,4.71431,-450676,-1,4.70965e-10,1,0
0.000855402,-0.384509,0.0240442,-0.651467,4.71337,-449507,-1,1.14951e-09,1,0
0.00085617,-0.384849,0.0235567,-0.652027,4.71169,-449500,-1,6.34924e-10,1,0
0.000857502,-0.385054,0.0240704,-0.651309,4.71508,-449042,-1,1.30914e-09,1,0
0.000858041,-0.385359,0.0242328,-0.650706,4.71507,-449115,-1,1.30914e-09,1,0
0.000858873,-0.385089,0.0240466,-0.650216,4.71501,-448366,-1,3.19389e-10,1,0
0.000859792,-0.385794,0.0248466,-0.649926,4.71619,-448706,-1,7.82691e-10,1,0
0.000860309,-0.385942,0.0253705,-0.649555,4.71792,-448609,-1,4.97172e-12,1,0
0.000860513,-0.386054,0.0251417,-0.649491,4.71792,-448632,-1,4.97172e-12,1,0
0.000861144,-0.386412,0.024482,-0.649306,4.71886,-448719,-1,1.0426e-09,1,0
0.000862132,-0.387002,0.0248291,-0.648924,4.71772,-448890,-1,7.72884e-10,1,0
0.000863214,-0.386622,0.0255367,-0.648657,4.72076,-447887,-1,1.91542e-12,1,0
0.000863691,-0.386807,0.0252438,-0.648413,4.72152,-447853,-1,1.00856e-09,1,0
0.000864519,-0.387277,0.0244603,-0.647862,4.72071,-447968,-1,1.58313e-09,1,0
0.000865045,-0.387438,0.0248048,-0.647889,4.7183,-447882,-1,3.44602e-10,1,0
0.000865716,-0.386944,0.0242648,-0.647428,4.71735,-446964,-1,8.64911e-10,1,0
0.000866176,-0.38662,0.024134,-0.647728,4.71838,-446353,-1,2.91888e-10,1,0
0.000867389,-0.386032,0.023095,-0.64854,4.71886,-445050,-1,4.54867e-10,1,0
0.000868819,-0.38519,0.0216174,-0.649239,4.71946,-443349,-1,2.16151e-10,1,0
0.000869726,-0.385983,0.0223441,-0.648985,4.72306,-443798,-1,8.62938e-11,1,0
0.000870326,-0.386451,0.0219403,-0.649393,4.72267,-444031,-1,5.701e-11,1,0
0.000870492,-0.386519,0.0218075,-0.649498,4.71971,-444023,-1,1.03173e-11,1,0
0.000871123,-0.386243,0.0223843,-0.649624,4.72034,-443385,-1,4.66157e-10,1,0
0.000871937,-0.38599,0.022761,-0.650139,4.72042,-442681,-1,6.36861e-10,1,0
0.000872371,-0.3864,0.0227481,-0.650153,4.72141,-442931,-1,8.1292e-10,1,0
0.000873423,-0.387485,0.0223343,-0.649923,4.7207,-443640,-1,3.51126e-10,1,0
0.000874126,-0.387879,0.0221984,-0.65018,4.71691,-443733,-1,3.57896e-10,1,0
0.000874647,-0.387863,0.0219856,-0.649843,4.7189,-443451,-1,2.11964e-10,1,0
0.000875501,-0.387573,0.0211261,-0.649257,4.71914,-442687,-1,1.20609e-09,1,0
0.000877063,-0.387558,0.0193116,-0.648386,4.71914,-441881,-1,1.20609e-09,1,0
0.000878653,-0.386546,0.0182987,-0.647994,4.71685,-439930,-1,5.9242e-11,1,0
0.000879736,-0.386407,0.0180788,-0.648098,4.71499,-439231,-1,1.75911e-09,1,0
0.000880471,-0.385658,0.017963,-0.648332,4.71739,-438014,-1,2.44952e-10,1,0
0.000880544,-0.38557,0.0179594,-0.648363,4.71693,-437877,-1,1.0666e-11,1,0
0.00088213,-0.384427,0.0187755,-0.646879,4.71698,-435794,-1,1.0666e-11,1,0
0.000882897,-0.384463,0.018205,-0.646465,4.72105,-435457,-1,6.04062e-11,1,0
0.000883865,-0.383576,0.0190014,-0.646097,4.72109,-433976,-1,6.04062e-11,1,0
0.000884293,-0.383998,0.0192138,-0.646044,4.72293,-434243,-1,1.30439e-09,1,0
0.000884661,-0.384391,0.0193691,-0.646022,4.72588,-434507,-1,9.43976e-10,1,0
0.000885541,-0.383382,0.0191859,-0.646481,4.7236,-432935,-1,1.33309e-11,1,0
0.000886026,-0.38374,0.0190413,-0.646758,4.72242,-433103,-1,2.47033e-10,1,0
0.000886639,-0.383448,0.0189511,-0.647487,4.72196,-432473,-1,7.91111e-10,1,0
0.000887636,-0.382354,0.0189274,-0.648121,4.72109,-430755,-1,1.26126e-09,1,0
0.00088827,-0.382438,0.0195097,-0.64866,4.72075,-430543,-1,1.86765e-10,1,0
0.000889165,-0.382755,0.0193227,-0.648846,4.7217,-430466,-1,4.03705e-10,1,0
0.000889888,-0.382789,0.0185715,-0.649309,4.72253,-430154,-1,2.70153e-11,1,0
0.000890164,-0.382664,0.0182671,-0.649448,4.72254,-429880,-1,2.70153e-11,1,0
0.000891617,-0.382255,0.0174797,-0.650917,4.7243,-428721,-1,9.33218e-10,1,0
0.000892334,-0.382508,0.0171071,-0.650959,4.72443,-428660,-1,2.7315e-11,1,0
0.000893374,-0.383324,0.0164026,-0.65016,4.72546,-429074,-1,1.8542e-09,1,0
0.00089363,-0.383241,0.0163026,-0.650447,4.72528,-428859,-1,2.89307e-11,1,0
0.00089445,-0.383082,0.0165114,-0.651363,4.72567,-428288,-1,1.59002e-10,1,0
0.000894843,-0.38262,0.0166367,-0.65131,4.72516,-427583,-1,1.2722e-10,1,0
0.000894956,-0.382561,0.016667,-0.651386,4.72358,-427464,-1,8.33921e-11,1,0
0.000895379,-0.382456,0.0169374,-0.651603,4.72157,-427145,-1,2.04372e-10,1,0
0.0008971,-0.38172,0.0189711,-0.651104,4.72148,-425504,-1,2.21979e-09,1,0
0.000898033,-0.381466,0.0189613,-0.651213,4.72008,-424779,-1,6.01807e-10,1,0
0.000898746,-0.38071,0.0186298,-0.651619,4.71815,-423601,-1,9.19891e-10,1,0
0.000899778,-0.381927,0.0183036,-0.651194,4.71809,-424468,-1,9.19891e-10,1,0
0.000900409,-0.382577,0.0181323,-0.651,4.71637,-424893,-1,2.08142e-09,1,0
0.000901305,-0.382415,0.0184778,-0.651554,4.71498,-424291,-1,6.13652e-10,1,0
0.000901605,-0.382703,0.0187032,-0.651543,4.71432,-424469,-1,5.5688e-11,1,0
0.000901939,-0.382958,0.0190212,-0.651596,4.71396,-424594,-1,3.95265e-10,1,0
0.000902471,-0.383164,0.0196433,-0.6518,4.71378,-424571,-1,8.45793e-10,1,0
0.000902652,-0.383077,0.0197386,-0.651625,4.71226,-424391,-1,1.64291e-10,1,0
0.00090321,-0.382552,0.0195045,-0.651329,4.71483,-423548,-1,9.65062e-12,1,0
0.000904162,-0.383118,0.0188127,-0.65217,4.7148,-423727,-1,9.65062e-12,1,0
0.000904766,-0.383477,0.018374,-0.652703,4.71478,-423841,-1,9.65062e-12,1,0
0.000905703,-0.384034,0.0176938,-0.65353,4.71369,-424017,-1,3.25483e-09,1,0
0.00090665,-0.38427,0.0167436,-0.653539,4.71503,-423835,-1,9.33639e-10,1,0
0.000908002,-0.385287,0.0161312,-0.653507,4.71452,-424324,-1,3.30073e-10,1,0
0.000908713,-0.385246,0.0155626,-0.653406,4.71451,-423947,-1,2.94828e-10,1,0
0.000909182,-0.385019,0.015446,-0.653194,4.71336,-423478,-1,3.25916e-10,1,0
0.000910054,-0.38497,0.0145582,-0.652509,4.71362,-423019,-1,1.12243e-09,1,0
0.000910405,-0.384668,0.0146541,-0.652185,4.71364,-422524,-1,1.12243e-09,1,0
0.00091102,-0.384112,0.0145335,-0.65262,4.71193,-421628,-1,1.96043e-11,1,0
0.000912093,-0.38511,0.0136894,-0.652449,4.71208,-422227,-1,8.8879e-10,1,0
0.000912362,-0.384977,0.013947,-0.652493,4.70986,-421956,-1,5.23127e-10,1,0
0.000913098,-0.384502,0.0147497,-0.652663,4.70989,-421096,-1,5.23127e-10,1,0
0.000914072,-0.38377,0.0155987,-0.652746,4.71066,-419847,-1,2.27036e-09,1,0
0.000915311,-0.382561,0.015216,-0.652711,4.7087,-417957,-1,1.25387e-09,1,0
0.000917177,-0.381403,0.0137043,-0.654174,4.70766,-415844,-1,2.99241e-09,1,0
0.000918974,-0.379236,0.0137524,-0.653363,4.70943,-412673,-1,2.31448e-09,1,0
0.000919274,-0.379218,0.0136114,-0.653548,4.71049,-412519,-1,1.3105e-10,1,0
0.000919556,-0.379453,0.0133773,-0.653572,4.7104,-412648,-1,3.60239e-10,1,0
0.000920155,-0.379398,0.0134954,-0.653571,4.70982,-412320,-1,4.07941e-10,1,0
0.000920787,-0.378698,0.0134982,-0.653591,4.70564,-411276,-1,5.58481e-10,1,0
0.000921328,-0.378144,0.0137728,-0.653722,4.70382,-410433,-1,6.17493e-11,1,0
0.000922524,-0.377233,0.0140661,-0.653506,4.70105,-408914,-1,4.89913e-10,1,0
0.000923476,-0.376703,0.0146431,-0.652857,4.69996,-407918,-1,2.19081e-10,1,0
0.000923832,-0.376614,0.0144378,-0.652524,4.70071,-407665,-1,1.06741e-09,1,0
0.000924793,-0.376089,0.0134511,-0.652076,4.69941,-406674,-1,1.0319e-09,1,0
0.000925283,-0.375753,0.0134216,-0.652055,4.70181,-406095,-1,1.88147e-10,1,0
0.000926527,-0.3756,0.0136162,-0.651412,4.69971,-405385,-1,1.8648e-10,1,0
0.000927338,-0.375389,0.0132185,-0.650701,4.69829,-404803,-1,5.62876e-10,1,0
0.000928059,-0.374839,0.0138132,-0.650645,4.69751,-403895,-1,3.8151e-10,1,0
0.000929226,-0.374758,0.0125843,-0.651503,4.69751,-403301,-1,3.8151e-10,1,0
0.000929683,-0.374789,0.0121263,-0.651461,4.6976,-403137,-1,2.31922e-10,1,0
0.000930111,-0.37464,0.0115973,-0.651474,4.70172,-402790,-1,5.49972e-10,1,0
0.000931604,-0.374531,0.0112835,-0.651704,4.70253,-402028,-1,3.98272e-10,1,0
0.000931982,-0.374708,0.0110666,-0.651675,4.70402,-402055,-1,1.23672e-10,1,0
0.000932993,-0.374594,0.0118236,-0.651241,4.70412,-401497,-1,1.03819e-09,1,0
0.000933387,-0.375034,0.011744,-0.651196,4.70298,-401799,-1,4.18339e-10,1,0
0.000934175,-0.374805,0.0120527,-0.652054,4.7044,-401215,-1,1.33946e-10,1,0
0.000934721,-0.374777,0.0121974,-0.65143,4.7026,-400951,-1,6.21545e-10,1,0
0.000935178,-0.374737,0.0121289,-0.651314,4.70216,-400711,-1,2.11576e-10,1,0
0.000935955,-0.374864,0.0122021,-0.651066,4.70313,-400515,-1,3.01974e-10,1,0
0.000936574,-0.375,0.012246,-0.651328,4.70822,-400396,-1,4.44851e-10,1,0
0.000937773,-0.373946,0.0128132,-0.650927,4.7079,-398759,-1,1.05631e-09,1,0
0.000938557,-0.374243,0.0126885,-0.651883,4.70809,-398743,-1,1.00979e-09,1,0
0.000939335,-0.373294,0.012438,-0.652079,4.70814,-397402,-1,1.00979e-09,1,0
0.00093971,-0.373191,0.0127636,-0.652276,4.70733,-397134,-1,1.0915e-09,1,0
0.000940539,-0.373081,0.012763,-0.652724,4.70596,-396668,-1,5.27272e-10,1,0
0.000941085,-0.373423,0.0126888,-0.653334,4.70595,-396801,-1,5.27272e-10,1,0
0.000941865,-0.373912,0.0125826,-0.654205,4.70592,-396991,-1,5.27272e-10,1,0
0.000942921,-0.374353,0.0122846,-0.655241,4.70173,-397014,-1,2.16115e-10,1,0
0.000943631,-0.374415,0.011982,-0.655645,4.69638,-396781,-1,2.75261e-11,1,0
0.000943853,-0.374405,0.0117441,-0.655752,4.69658,-396677,-1,2.1281e-10,1,0
0.000944542,-0.374306,0.0114903,-0.655284,4.69723,-396283,-1,4.6856e-10,1,0
0.000944786,-0.37412,0.011358,-0.655112,4.69502,-395984,-1,3.4046e-11,1,0
0.000945432,-0.373728,0.0108786,-0.655407,4.69517,-395299,-1,6.37654e-10,1,0
0.000945784,-0.373622,0.0105034,-0.655637,4.69224,-395039,-1,4.52847e-10,1,0
0.000946495,-0.373488,0.0108536,-0.655421,4.6922,-394601,-1,5.78122e-10,1,0
0.000946702,-0.37351,0.0110263,-0.655404,4.69587,-394538,-1,1.41976e-10,1,0
0.000947559,-0.373143,0.0118143,-0.656082,4.69494,-393794,-1,1.10217e-09,1,0
0.000947851,-0.373206,0.0115543,-0.656062,4.69325,-393739,-1,3.16236e-10,1,0
0.000948817,-0.372823,0.0121725,-0.656216,4.69442,-392935,-1,1.06803e-10,1,0
0.000950158,-0.374493,0.0125184,-0.656477,4.69627,-394137,-1,1.96338e-09,1,0
0.00095043,-0.374195,0.0125938,-0.656365,4.69385,-393712,-1,3.21806e-10,1,0
0.000950663,-0.374022,0.0123855,-0.65649,4.69189,-393433,-1,3.26603e-10,1,0
0.000952028,-0.37459,0.0132616,-0.655368,4.69109,-393465,-1,5.0313e-10,1,0
0.000952279,-0.374584,0.0132605,-0.655352,4.68937,-393355,-1,1.39198e-10,1,0
0.000952547,-0.37453,0.0132648,-0.655485,4.69281,-393188,-1,1.58578e-10,1,0
0.000953103,-0.375017,0.0137836,-0.655525,4.69311,-393469,-1,8.65656e-11,1,0
0.000953577,-0.375429,0.01423,-0.655555,4.69496,-393706,-1,1.30775e-09,1,0
0.000954335,-0.376142,0.014467,-0.656144,4.69472,-394141,-1,6.72842e-11,1,0
0.000954948,-0.375753,0.0140461,-0.656338,4.69447,-393481,-1,3.60967e-10,1,0
0.00095603,-0.374869,0.0140908,-0.655454,4.69423,-392110,-1,6.56236e-10,1,0
0.000956464,-0.374496,0.0142103,-0.65509,4.6943,-391542,-1,1.06805e-09,1,0
0.000957137,-0.374314,0.0142136,-0.654503,4.69303,-391077,-1,2.80753e-10,1,0
0.000958838,-0.373501,0.0153156,-0.652798,4.69272,-389535,-1,2.66611e-09,1,0
0.000959886,-0.373173,0.0151376,-0.651746,4.69383,-388768,-1,8.7601e-10,1,0
0.000960573,-0.372634,0.0148938,-0.651425,4.69218,-387929,-1,1.28607e-10,1,0
0.000961657,-0.372417,0.0136017,-0.651041,4.69319,-387266,-1,1.77556e-10,1,0
0.00096305,-0.372539,0.0121346,-0.65062,4.69023,-386832,-1,3.92995e-10,1,0
0.000963701,-0.372639,0.0124595,-0.65096,4.69258,-386674,-1,5.6654e-10,1,0
0.000964883,-0.372184,0.0129411,-0.652075,4.6921,-385730,-1,7.82597e-10,1,0
0.000965432,-0.37282,0.0127832,-0.652319,4.69199,-386169,-1,6.5952e-10,1,0
0.000966047,-0.37288,0.0121489,-0.651973,4.68885,-385985,-1,2.78489e-11,1,0
0.000966455,-0.372683,0.0118215,-0.65185,4.6904,-385619,-1,4.38397e-10,1,0
0.000966889,-0.37262,0.0122331,-0.651479,4.69003,-385380,-1,6.443e-10,1,0
0.000967795,-0.371593,0.0122852,-0.651186,4.68905,-383958,-1,5.1149e-10,1,0
0.00096932,-0.371846,0.0131727,-0.652332,4.68732,-383616,-1,4.01623e-10,1,0
0.000970007,-0.371719,0.0125094,-0.65248,4.68647,-383212,-1,1.85691e-10,1,0
0.000970433,-0.371753,0.0119907,-0.652652,4.68653,-383080,-1,1.24499e-09,1,0
0.000970792,-0.371661,0.0122808,-0.65236,4.68863,-382843,-1,3.87791e-10,1,0
0.000971328,-0.371411,0.0117634,-0.6523,4.69096,-382374,-1,4.63512e-11,1,0
0.000971569,-0.371717,0.0117464,-0.65234,4.68989,-382595,-1,3.65337e-10,1,0
0.00097259,-0.370777,0.0114948,-0.652732,4.69221,-381227,-1,2.86168e-10,1,0
0.000973451,-0.369936,0.0118977,-0.653265,4.69142,-380026,-1,8.08179e-10,1,0
0.000974816,-0.370322,0.0135842,-0.653559,4.69267,-379889,-1,1.75473e-09,1,0
0.000975387,-0.370212,0.013566,-0.653793,4.69244,-379554,-1,4.51141e-10,1,0
0.000976373,-0.370046,0.0141901,-0.653999,4.68733,-379001,-1,8.9494e-10,1,0
0.000977282,-0.370342,0.0133686,-0.654775,4.68731,-378951,-1,8.9494e-10,1,0
0.000977596,-0.370445,0.0130846,-0.655043,4.68731,-378934,-1,8.9494e-10,1,0
0.000978628,-0.370851,0.012418,-0.655521,4.68681,-378950,-1,2.62497e-09,1,0
0.000979283,-0.371282,0.0126454,-0.654836,4.68679,-379137,-1,2.62497e-09,1,0
0.00098051,-0.371175,0.0114811,-0.654676,4.6824,-378553,-1,3.06872e-10,1,0
0.000981672,-0.371941,0.011416,-0.653397,4.6835,-378885,-1,1.49265e-09,1,0
0.000982572,-0.372448,0.0106789,-0.654127,4.68378,-379054,-1,1.15469e-09,1,0
0.000982889,-0.372254,0.0105483,-0.654271,4.68177,-378734,-1,2.03734e-10,1,0
0.000983325,-0.372795,0.0106847,-0.654302,4.68174,-379117,-1,2.03734e-10,1,0
0.000983998,-0.373441,0.0106802,-0.654617,4.68303,-379514,-1,2.62346e-12,1,0
0.000984281,-0.373325,0.0104971,-0.654526,4.68436,-379287,-1,5.34512e-11,1,0
0.000984659,-0.373265,0.0104155,-0.654696,4.6822,-379080,-1,3.66293e-10,1,0
0.000985314,-0.373227,0.0108519,-0.654731,4.68067,-378790,-1,5.97683e-10,1,0
0.000986171,-0.372609,0.0109912,-0.654718,4.68003,-377834,-1,7.12036e-10,1,0
0.00098687,-0.371827,0.0113381,-0.654993,4.67927,-376774,-1,8.98083e-10,1,0
0.000987421,-0.371713,0.0118952,-0.655075,4.67663,-376449,-1,9.00049e-11,1,0
0.000988478,-0.37194,0.0117311,-0.654091,4.67398,-376275,-1,1.18287e-09,1,0
0.00098908,-0.372537,0.0114901,-0.654472,4.67481,-376650,-1,6.31659e-10,1,0
0.000989934,-0.372827,0.0123926,-0.653921,4.67584,-376618,-1,1.09632e-09,1,0
0.000991024,-0.373899,0.0123005,-0.653757,4.67574,-377285,-1,1.241e-09,1,0
0.000991839,-0.373719,0.0118569,-0.654223,4.67929,-376794,-1,5.67531e-10,1,0
0.000992285,-0.37418,0.0116637,-0.653943,4.67875,-377089,-1,5.72451e-10,1,0
0.000993113,-0.374728,0.0122053,-0.654307,4.67848,-377326,-1,9.26411e-10,1,0
0.000993815,-0.374576,0.0126025,-0.654013,4.67882,-376907,-1,2.78706e-10,1,0
0.000994497,-0.375264,0.0131223,-0.654167,4.67863,-377340,-1,1.149e-09,1,0
0.000995242,-0.374385,0.0127548,-0.65426,4.67855,-376175,-1,9.56605e-10,1,0
0.000995856,-0.373947,0.012975,-0.653781,4.67782,-375503,-1,5.38443e-10,1,0
0.000996982,-0.373703,0.0131769,-0.653954,4.67489,-374834,-1,2.39919e-10,1,0
0.000997652,-0.374257,0.0130596,-0.6546,4.67384,-375138,-1,1.28464e-09,1,0
0.000997915,-0.374285,0.0131374,-0.654331,4.67238,-375067,-1,5.83377e-11,1,0
0.000999343,-0.374348,0.0136156,-0.653157,4.67174,-374594,-1,3.44458e-10,1,0
0.000999621,-0.374433,0.0138659,-0.652917,4.67061,-374575,-1,3.56717e-10,1,0
0.00100045,-0.374867,0.0131459,-0.652926,4.6701,-374700,-1,9.41828e-10,1,0
0.00100102,-0.374608,0.0131694,-0.652372,4.67001,-374225,-1,7.8497e-11,1,0
0.00100202,-0.373534,0.0124776,-0.652257,4.67006,-372779,-1,7.8497e-11,1,0
0.00100237,-0.373367,0.0128473,-0.652261,4.6706,-372483,-1,1.31825e-09,1,0
0.00100277,-0.373232,0.0133302,-0.652244,4.67109,-372200,-1,8.36269e-10,1,0
0.0010038,-0.373562,0.0136629,-0.652494,4.67127,-372147,-1,7.84468e-10,1,0
0.00100424,-0.373758,0.0133262,-0.652833,4.67002,-372181,-1,1.09375e-09,1,0
0.00100464,-0.373685,0.012813,-0.652832,4.67002,-371959,-1,1.09375e-09,1,0
0.00100587,-0.372834,0.0116726,-0.652872,4.66966,-370656,-1,9.13961e-10,1,0
0.00100698,-0.373604,0.0117528,-0.652782,4.67086,-371015,-1,9.63402e-10,1,0
0.00100768,-0.374376,0.0120923,-0.652543,4.67361,-371521,-1,1.72213e-11,1,0
0.00100845,-0.374362,0.012465,-0.651635,4.6721,-371225,-1,5.03998e-10,1,0
0.0010096,-0.375287,0.0127856,-0.65244,4.67013,-371719,-1,1.02328e-09,1,0
0.00100977,-0.37514,0.0127578,-0.652348,4.66411,-371509,-1,1.82157e-10,1,0
0.00101078,-0.375878,0.0131154,-0.652412,4.66469,-371870,-1,3.6067e-11,1,0
0.00101144,-0.3759,0.0129645,-0.652147,4.6673,-371648,-1,2.26931e-10,1,0
0.00101178,-0.375798,0.013044,-0.652393,4.67033,-371421,-1,3.0931e-10,1,0
0.0010126,-0.375554,0.0133454,-0.651843,4.67112,-370880,-1,3.14009e-10,1,0
0.00101292,-0.375851,0.0131547,-0.651676,4.66956,-371058,-1,3.96204e-10,1,0
0.00101373,-0.376274,0.0126447,-0.652443,4.67041,-371177,-1,7.11262e-10,1,0
0.0010146,-0.375955,0.0116376,-0.652113,4.6704,-370547,-1,3.21153e-11,1,0
0.00101478,-0.376001,0.0115793,-0.652112,4.66918,-370525,-1,1.20241e-09,1,0
0.0010154,-0.376638,0.011593,-0.652561,4.67013,-370924,-1,6.87261e-10,1,0
0.00101584,-0.376656,0.0117021,-0.65297,4.67062,-370782,-1,3.61331e-10,1,0
0.00101632,-0.376512,0.012256,-0.653158,4.67356,-370466,-1,8.05901e-10,1,0
0.00101693,-0.375988,0.0123742,-0.65337,4.67151,-369728,-1,4.2599e-10,1,0
0.00101801,-0.37517,0.0134062,-0.653808,4.67065,-368532,-1,1.38771e-09,1,0
0.00101881,-0.375065,0.0132047,-0.652876,4.67043,-368140,-1,9.75418e-11,1,0
0.00101925,-0.374944,0.0127927,-0.652676,4.66781,-367864,-1,3.60189e-12,1,0
0.00101964,-0.374758,0.0126416,-0.652392,4.66869,-367539,-1,2.67315e-10,1,0
0.00102008,-0.37479,0.0128847,-0.652028,4.66926,-367412,-1,2.26424e-10,1,0
0.00102084,-0.375148,0.0131594,-0.652012,4.67213,-367489,-1,5.15245e-10,1,0
0.00102303,-0.37451,0.0157422,-0.652922,4.67276,-366078,-1,3.27544e-09,1,0
0.00102402,-0.37501,0.0152208,-0.653967,4.67321,-366212,-1,1.27035e-09,1,0
0.00102516,-0.375515,0.0152893,-0.654682,4.66435,-366298,-1,3.11833e-10,1,0
0.00102576,-0.375602,0.0150049,-0.654748,4.66174,-366168,-1,4.23372e-11,1,0
0.00102618,-0.375996,0.0152132,-0.654916,4.66082,-366404,-1,3.33525e-11,1,0
0.00102692,-0.375467,0.0147394,-0.655301,4.6611,-365624,-1,8.04875e-10,1,0
0.00102756,-0.37577,0.0146048,-0.654723,4.65812,-365692,-1,1.5152e-10,1,0
0.00102809,-0.376229,0.0146393,-0.654731,4.65907,-365951,-1,1.23579e-10,1,0
0.00102826,-0.376403,0.0145741,-0.654817,4.65614,-366058,-1,1.3745e-10,1,0
0.00102962,-0.377733,0.0156745,-0.654551,4.65607,-366865,-1,1.3745e-10,1,0
0.00103099,-0.378028,0.0167869,-0.654469,4.65442,-366664,-1,9.8737e-11,1,0
0.00103145,-0.378212,0.0169877,-0.653947,4.65309,-366678,-1,5.89136e-10,1,0
0.00103283,-0.378259,0.0160095,-0.652887,4.65134,-366236,-1,7.3705e-10,1,0
0.00103365,-0.377681,0.0159499,-0.653337,4.652,-365384,-1,6.05331e-10,1,0
0.00103439,-0.377317,0.0166626,-0.653842,4.65201,-364771,-1,6.05331e-10,1,0
0.00103491,-0.377052,0.0171417,-0.654157,4.64949,-364334,-1,2.02377e-09,1,0
0.00103504,-0.376978,0.0171727,-0.654058,4.64952,-364215,-1,1.7105e-10,1,0
0.00103596,-0.378057,0.0170683,-0.653611,4.65049,-364934,-1,4.45036e-12,1,0
0.00103639,-0.37831,0.0170768,-0.653202,4.65111,-365027,-1,3.95171e-10,1,0
0.00103715,-0.377969,0.0164652,-0.652814,4.65186,-364429,-1,6.22291e-10,1,0
0.0010374,-0.377947,0.016228,-0.652853,4.65156,-364320,-1,7.26683e-10,1,0
0.00103821,-0.377733,0.0156045,-0.652358,4.6509,-363830,-1,2.97687e-10,1,0
0.00103887,-0.37742,0.0152019,-0.651684,4.65168,-363297,-1,1.43691e-09,1,0
0.00103983,-0.377423,0.0158945,-0.652697,4.65168,-362964,-1,1.43691e-09,1,0
0.00104065,-0.377425,0.0164808,-0.653555,4.65168,-362683,-1,1.43691e-09,1,0
0.00104095,-0.377425,0.0167007,-0.653877,4.65187,-362578,-1,2.65569e-09,1,0
0.00104185,-0.376706,0.0173627,-0.653469,4.64864,-361575,-1,1.01549e-09,1,0
0.00104279,-0.377541,0.0170718,-0.653484,4.64828,-362047,-1,1.83215e-11,1,0
0.00104366,-0.378319,0.0167553,-0.652972,4.65096,-362492,-1,7.02512e-10,1,0
0.00104543,-0.377954,0.0165232,-0.652864,4.65092,-361531,-1,1.02313e-09,1,0
0.00104564,-0.377988,0.0166288,-0.653056,4.65106,-361489,-1,7.69157e-11,1,0
0.00104626,-0.378361,0.0171368,-0.653386,4.64973,-361633,-1,4.74766e-10,1,0
0.00104704,-0.378499,0.017558,-0.653476,4.65123,-361494,-1,3.56326e-10,1,0
0.00104816,-0.379259,0.0185732,-0.653872,4.64987,-361834,-1,1.2937e-09,1,0
0.00104895,-0.379178,0.0184311,-0.654009,4.64389,-361484,-1,6.07121e-10,1,0
0.00105022,-0.379215,0.0195213,-0.652803,4.64342,-361082,-1,2.02984e-09,1,0
0.00105065,-0.37908,0.01972,-0.653162,4.64227,-360807,-1,4.04929e-10,1,0
0.00105117,-0.378833,0.0199619,-0.653343,4.64353,-360392,-1,4.73891e-10,1,0
0.00105218,-0.379164,0.0194891,-0.653939,4.64719,-360360,-1,6.15868e-10,1,0
0.00105302,-0.3789,0.0192367,-0.654168,4.64264,-359822,-1,1.2602e-10,1,0
0.00105384,-0.379562,0.0187393,-0.65419,4.63762,-360171,-1,9.77812e-11,1,0
0.00105482,-0.378836,0.0177742,-0.654537,4.63645,-359146,-1,1.43415e-09,1,0
0.00105525,-0.378561,0.0174745,-0.65467,4.63567,-358739,-1,7.96992e-11,1,0
0.00105605,-0.378518,0.0172044,-0.655367,4.63463,-358430,-1,5.44938e-10,1,0
0.00105688,-0.379152,0.0164799,-0.655165,4.63507,-358748,-1,7.09137e-11,1,0
0.00105791,-0.378662,0.0175183,-0.655298,4.63662,-357934,-1,1.18207e-09,1,0
0.00105867,-0.378407,0.0174275,-0.656217,4.63704,-357437,-1,2.42716e-10,1,0
0.00105881,-0.378386,0.0174956,-0.656249,4.63871,-357367,-1,6.50519e-11,1,0
0.00105919,-0.378589,0.0175035,-0.656427,4.63626,-357432,-1,2.99118e-10,1,0
0.00105963,-0.378238,0.0175106,-0.656859,4.63239,-356952,-1,4.0629e-10,1,0
0.00106037,-0.378419,0.0178709,-0.656145,4.63248,-356874,-1,8.62854e-10,1,0
0.00106099,-0.378674,0.01781,-0.656461,4.63415,-356906,-1,5.25351e-10,1,0
0.00106147,-0.378358,0.018314,-0.656342,4.63509,-356448,-1,6.07036e-10,1,0
0.00106161,-0.378431,0.0184254,-0.656255,4.63366,-356467,-1,3.09173e-11,1,0
0.00106272,-0.378365,0.0184157,-0.655953,4.63398,-356033,-1,6.45077e-10,1,0
0.00106354,-0.378965,0.0186195,-0.656446,4.63604,-356325,-1,3.63778e-11,1,0
0.00106363,-0.378998,0.0187077,-0.656495,4.63483,-356324,-1,9.98794e-12,1,0
0.00106391,-0.379125,0.018875,-0.656516,4.63691,-356349,-1,7.50064e-11,1,0
0.00106489,-0.379845,0.0186426,-0.656288,4.63447,-356698,-1,5.53537e-10,1,0
0.00106599,-0.380148,0.0189714,-0.656329,4.62989,-356615,-1,6.70568e-10,1,0
0.00106639,-0.380127,0.0192852,-0.656581,4.63063,-356462,-1,7.1116e-11,1,0
0.00106726,-0.380066,0.0199138,-0.657504,4.62845,-356112,-1,1.11791e-09,1,0
0.00106799,-0.379182,0.0201477,-0.657391,4.62849,-355044,-1,1.11791e-09,1,0
0.00106887,-0.378163,0.0204117,-0.657185,4.62928,-353798,-1,7.79751e-11,1,0
0.00106991,-0.377887,0.0194996,-0.656617,4.63071,-353195,-1,8.21632e-10,1,0
0.00107013,-0.377672,0.0194754,-0.656464,4.63067,-352921,-1,2.33839e-11,1,0
0.00107137,-0.377689,0.0195854,-0.65489,4.63067,-352530,-1,2.33839e-11,1,0
0.00107298,-0.37705,0.0189031,-0.654102,4.63867,-351406,-1,1.02397e-09,1,0
0.00107376,-0.376948,0.0192098,-0.653708,4.63523,-351053,-1,4.73382e-10,1,0
0.00107515,-0.376523,0.0193874,-0.652948,4.63478,-350204,-1,8.75726e-10,1,0
0.00107599,-0.376153,0.0185895,-0.653467,4.63468,-349587,-1,8.08601e-10,1,0
0.00107663,-0.376466,0.0188811,-0.653444,4.63669,-349669,-1,2.88012e-10,1,0
0.00107713,-0.376493,0.0190223,-0.65348,4.63614,-349535,-1,3.02589e-10,1,0
0.00107764,-0.376011,0.019156,-0.653721,4.6366,-348920,-1,2.97227e-10,1,0
0.00107834,-0.375154,0.0189677,-0.653816,4.63717,-347900,-1,2.45353e-10,1,0
0.00107947,-0.375178,0.0197723,-0.652688,4.63765,-347559,-1,1.55739e-10,1,0
0.00107969,-0.37532,0.0197915,-0.652652,4.64078,-347618,-1,1.36296e-10,1,0
0.00108008,-0.375342,0.0201833,-0.652914,4.64056,-347515,-1,1.76465e-10,1,0
0.00108096,-0.375324,0.0209427,-0.653702,4.63941,-347215,-1,1.71439e-11,1,0
0.00108139,-0.374789,0.0209832,-0.653541,4.63919,-346580,-1,5.5988e-10,1,0
0.00108207,-0.37518,0.0205024,-0.653512,4.63627,-346722,-1,5.44864e-11,1,0
0.00108236,-0.375209,0.0207051,-0.653593,4.6347,-346659,-1,1.13051e-10,1,0
0.00108327,-0.374879,0.0218153,-0.653764,4.63472,-346062,-1,1.13051e-10,1,0
0.00108412,-0.374562,0.0228369,-0.65377,4.63466,-345500,-1,1.86943e-09,1,0
0.00108456,-0.374472,0.0233069,-0.653774,4.63759,-345276,-1,4.81923e-11,1,0
0.00108488,-0.37429,0.0234331,-0.653613,4.63514,-345006,-1,1.73421e-10,1,0
0.00108588,-0.37524,0.0232784,-0.653379,4.63777,-345563,-1,3.39547e-10,1,0
0.00108638,-0.37487,0.0237272,-0.653211,4.63595,-345064,-1,3.90849e-10,1,0
0.00108721,-0.374385,0.0239243,-0.653165,4.63762,-344353,-1,3.43915e-10,1,0
0.00108843,-0.373067,0.024524,-0.653731,4.63768,-342757,-1,3.43915e-10,1,0
0.0010889,-0.372552,0.0247579,-0.653952,4.63771,-342135,-1,3.43915e-10,1,0
0.0010897,-0.372056,0.0254009,-0.654303,4.63794,-341429,-1,3.45583e-09,1,0
0.00109114,-0.372314,0.0262937,-0.654951,4.63924,-341214,-1,5.16377e-10,1,0
0.0010916,-0.372311,0.0261333,-0.655404,4.64236,-341070,-1,5.3593e-11,1,0
0.00109301,-0.372762,0.0262886,-0.656074,4.64608,-341041,-1,8.59256e-10,1,0
0.00109357,-0.37264,0.026276,-0.656024,4.6497,-340754,-1,1.26606e-10,1,0
0.00109385,-0.372588,0.0263513,-0.656173,4.6473,-340619,-1,1.65747e-10,1,0
0.00109473,-0.373201,0.0262921,-0.656435,4.64736,-340907,-1,6.4044e-10,1,0
0.00109556,-0.372948,0.0266983,-0.656833,4.64911,-340417,-1,5.99265e-10,1,0
0.00109715,-0.373426,0.0273864,-0.656426,4.64738,-340359,-1,2.07031e-10,1,0
0.0010986,-0.373678,0.0264347,-0.657839,4.64556,-340139,-1,1.70278e-09,1,0
0.00109892,-0.373752,0.0264724,-0.657773,4.64581,-340109,-1,2.21085e-10,1,0
0.00109989,-0.373813,0.0254031,-0.658409,4.6458,-339863,-1,2.21085e-10,1,0
0.00110087,-0.373894,0.0254482,-0.659204,4.64575,-339636,-1,1.76526e-09,1,0
0.00110146,-0.373953,0.0259628,-0.659759,4.64574,-339506,-1,1.76526e-09,1,0
0.00110186,-0.373882,0.0257537,-0.660181,4.64566,-339320,-1,4.63561e-10,1,0
0.00110286,-0.374491,0.0268577,-0.660057,4.64047,-339565,-1,1.25336e-09,1,0
0.00110413,-0.373863,0.0270541,-0.660441,4.63943,-338604,-1,9.53266e-10,1,0
0.00110445,-0.373965,0.0267824,-0.660638,4.63744,-338597,-1,3.40962e-10,1,0
0.00110493,-0.373878,0.0271027,-0.66048,4.63256,-338373,-1,2.00557e-10,1,0
0.0011052,-0.37383,0.0273652,-0.660469,4.63233,-338245,-1,1.15042e-10,1,0
0.00110634,-0.373805,0.0266175,-0.660469,4.62941,-337876,-1,8.69269e-10,1,0
0.00110734,-0.374464,0.0255621,-0.660768,4.62804,-338166,-1,1.37654e-09,1,0
0.00110796,-0.374258,0.0256956,-0.660959,4.62954,-337789,-1,1.9654e-10,1,0
0.00110837,-0.374471,0.0252837,-0.660708,4.62953,-337855,-1,1.9654e-10,1,0
0.00110888,-0.374849,0.0249943,-0.660372,4.62977,-338043,-1,2.87723e-10,1,0
0.00110965,-0.374753,0.0256026,-0.660266,4.63223,-337721,-1,2.44331e-10,1,0
0.00111068,-0.374283,0.0258079,-0.660649,4.6312,-336987,-1,4.40011e-11,1,0
0.00111211,-0.37486,0.0241608,-0.660756,4.63044,-337072,-1,8.02426e-10,1,0
0.00111329,-0.375807,0.0231567,-0.660195,4.62969,-337565,-1,1.42515e-09,1,0
0.00111389,-0.375584,0.0235489,-0.660453,4.62759,-337181,-1,6.26661e-10,1,0
0.00111423,-0.37547,0.0236425,-0.660095,4.62826,-336976,-1,1.87759e-10,1,0
0.00111554,-0.375242,0.0245766,-0.658805,4.62359,-336378,-1,1.879e-09,1,0
0.001116,-0.375692,0.0246043,-0.658728,4.62597,-336641,-1,4.2628e-10,1,0
0.00111671,-0.376318,0.0249611,-0.659046,4.6275,-336989,-1,8.35379e-10,1,0
0.00111736,-0.375661,0.0251812,-0.658579,4.62721,-336204,-1,9.00087e-10,1,0
0.00111762,-0.375584,0.0251182,-0.658837,4.62859,-336057,-1,2.77582e-10,1,0
0.0011184,-0.375433,0.0251424,-0.658908,4.62984,-335688,-1,4.68645e-10,1,0
0.00111951,-0.374729,0.024205,-0.658575,4.63224,-334725,-1,2.70847e-10,1,0
0.00111997,-0.374387,0.0245872,-0.658296,4.63189,-334284,-1,5.8343e-10,1,0
0.00112131,-0.37418,0.0243789,-0.659192,4.63216,-333700,-1,4.98826e-10,1,0
0.00112305,-0.373441,0.0256519,-0.658837,4.63392,-332523,-1,7.05277e-10,1,0
0.00112387,-0.373926,0.0264949,-0.659198,4.63436,-332714,-1,1.72924e-09,1,0
0.00112469,-0.373478,0.0266925,-0.659787,4.63554,-332074,-1,4.7943e-10,1,0
0.00112499,-0.373135,0.026845,-0.659865,4.63262,-331679,-1,9.5089e-10,1,0
0.00112605,-0.373839,0.0259914,-0.659705,4.63239,-331990,-1,1.1158e-09,1,0
0.00112661,-0.37387,0.0255084,-0.660059,4.63089,-331854,-1,5.8376e-10,1,0
0.00112744,-0.374488,0.0253069,-0.660236,4.63348,-332159,-1,4.67626e-10,1,0
0.00112774,-0.374427,0.0255094,-0.660485,4.63206,-332016,-1,1.25029e-10,1,0
0.00112847,-0.373845,0.0255904,-0.661217,4.63209,-331284,-1,1.25029e-10,1,0
0.00112928,-0.373203,0.0256799,-0.662026,4.63198,-330478,-1,1.98938e-09,1,0
0.00113013,-0.373051,0.0257737,-0.663093,4.63537,-330095,-1,1.08194e-09,1,0
0.00113103,-0.373203,0.0259139,-0.662494,4.63611,-329966,-1,8.45672e-10,1,0
0.00113167,-0.372443,0.0258898,-0.662773,4.63729,-329109,-1,1.1194e-09,1,0
0.00113199,-0.372342,0.0261868,-0.662609,4.6354,-328928,-1,8.95914e-11,1,0
0.00113268,-0.372247,0.025922,-0.662491,4.63645,-328642,-1,4.51161e-10,1,0
0.00113355,-0.371425,0.0263407,-0.662481,4.63664,-327665,-1,7.60658e-10,1,0
0.00113437,-0.371524,0.0260798,-0.661548,4.63802,-327517,-1,7.87864e-11,1,0
0.00113462,-0.371461,0.0261783,-0.661641,4.63602,-327388,-1,1.20164e-10,1,0
0.00113527,-0.370782,0.0265358,-0.661614,4.63347,-326603,-1,6.44398e-10,1,0
0.00113583,-0.370754,0.0259063,-0.661272,4.63347,-326418,-1,6.44398e-10,1,0
0.00113628,-0.371087,0.0256131,-0.66112,4.63469,-326581,-1,9.32598e-10,1,0
0.00113659,-0.371416,0.0257582,-0.661242,4.63478,-326781,-1,3.46929e-10,1,0
0.00113771,-0.372025,0.0270449,-0.661283,4.63475,-326996,-1,3.46929e-10,1,0
0.00113837,-0.372445,0.0277559,-0.661305,4.63455,-327174,-1,1.19809e-10,1,0
0.00114031,-0.371706,0.0269845,-0.662163,4.63096,-325969,-1,8.51429e-10,1,0
0.00114134,-0.371787,0.0270126,-0.662391,4.62967,-325746,-1,6.04542e-10,1,0
0.00114222,-0.371603,0.0263985,-0.662474,4.63048,-325335,-1,5.87871e-10,1,0
0.00114325,-0.370776,0.026062,-0.66345,4.63016,-324317,-1,1.85258e-09,1,0
0.00114417,-0.370108,0.0251062,-0.663428,4.63169,-323474,-1,1.16617e-09,1,0
0.00114467,-0.370223,0.0250236,-0.663213,4.63229,-323433,-1,3.33332e-10,1,0
0.0011455,-0.369357,0.0245223,-0.662855,4.63234,-322442,-1,3.33332e-10,1,0
0.00114622,-0.36884,0.0242665,-0.662644,4.62893,-321786,-1,1.70805e-10,1,0
0.00114821,-0.368292,0.0250894,-0.662344,4.63134,-320755,-1,1.02371e-09,1,0
0.00114888,-0.368114,0.0257155,-0.662362,4.63305,-320412,-1,3.73316e-10,1,0
0.00114986,-0.367707,0.0262218,-0.661291,4.63307,-319785,-1,3.73316e-10,1,0
0.00115119,-0.367133,0.0263963,-0.659754,4.63638,-318917,-1,1.06054e-09,1,0
0.00115175,-0.366485,0.0266475,-0.659936,4.63613,-318199,-1,7.03001e-10,1,0
0.00115257,-0.365954,0.0275276,-0.660097,4.63564,-317511,-1,6.99659e-10,1,0
0.00115356,-0.365487,0.0286929,-0.660122,4.63566,-316835,-1,6.99659e-10,1,0
0.00115407,-0.365731,0.0291821,-0.659872,4.63703,-316906,-1,2.85519e-11,1,0
0.00115529,-0.36691,0.0287076,-0.659047,4.63589,-317591,-1,1.07054e-09,1,0
0.00115564,-0.366835,0.0285311,-0.659457,4.63616,-317429,-1,4.53128e-10,1,0
0.00115579,-0.366945,0.0285245,-0.659592,4.63652,-317485,-1,7.69901e-11,1,0
0.00115675,-0.367085,0.0280791,-0.658699,4.63607,-317340,-1,2.6107e-10,1,0
0.00115694,-0.366959,0.0280329,-0.658776,4.63464,-317182,-1,1.13057e-09,1,0
0.00115731,-0.366618,0.0279839,-0.659063,4.63732,-316784,-1,3.81769e-11,1,0
0.00115805,-0.366651,0.0277926,-0.65998,4.63732,-316612,-1,3.81769e-11,1,0
0.00115905,-0.366695,0.0275312,-0.661233,4.63732,-316376,-1,3.81769e-11,1,0
0.00115955,-0.366718,0.0274007,-0.661858,4.63666,-316259,-1,2.85679e-09,1,0
0.00116026,-0.36626,0.0274381,-0.662191,4.63829,-315671,-1,6.0815e-10,1,0
0.00116084,-0.366948,0.0271577,-0.662229,4.6374,-316105,-1,7.44143e-10,1,0
0.00116194,-0.367434,0.0275558,-0.662289,4.64107,-316223,-1,7.49066e-10,1,0
0.00116305,-0.36759,0.0285808,-0.662358,4.64529,-316057,-1,2.25874e-10,1,0
0.0011633,-0.367693,0.028883,-0.662378,4.64561,-316078,-1,1.34335e-09,1,0
0.00116439,-0.368327,0.0284151,-0.662817,4.63871,-316327,-1,4.26464e-10,1,0
0.00116596,-0.368861,0.0280222,-0.662274,4.63958,-316357,-1,9.33397e-10,1,0
0.00116635,-0.36879,0.027931,-0.662229,4.64149,-316191,-1,1.29151e-09,1,0
0.0011674,-0.367937,0.0271294,-0.662749,4.64215,-315175,-1,1.22691e-10,1,0
0.00116866,-0.368108,0.0262933,-0.662578,4.64377,-314983,-1,1.02338e-09,1,0
0.00116913,-0.368038,0.0257724,-0.662861,4.64242,-314797,-1,5.97108e-10,1,0
0.0011703,-0.367451,0.0248845,-0.661802,4.64245,-313980,-1,5.97108e-10,1,0
0.00117095,-0.367129,0.0243965,-0.66122,4.64247,-313532,-1,5.97108e-10,1,0
0.00117153,-0.366841,0.0239594,-0.660698,4.64248,-313131,-1,5.97108e-10,1,0
0.00117221,-0.366501,0.0234457,-0.660085,4.64333,-312660,-1,3.93423e-09,1,0
0.00117294,-0.366755,0.0226533,-0.659984,4.6442,-312680,-1,1.67829e-10,1,0
0.00117329,-0.366795,0.0223049,-0.659807,4.64129,-312619,-1,1.32461e-10,1,0
0.00117466,-0.368031,0.0222527,-0.66013,4.64113,-313307,-1,1.01742e-09,1,0
0.00117503,-0.368244,0.0219243,-0.660388,4.64112,-313391,-1,1.01742e-09,1,0
0.00117645,-0.368871,0.0212491,-0.661394,4.64102,-313546,-1,3.93479e-10,1,0
0.00117711,-0.368824,0.0207256,-0.661404,4.64036,-313330,-1,4.03339e-10,1,0
0.00117733,-0.368833,0.0204902,-0.661367,4.6425,-313279,-1,1.76453e-10,1,0
0.00117846,-0.369653,0.0197595,-0.662251,4.64156,-313674,-1,2.37687e-10,1,0
0.00117956,-0.37031,0.0204475,-0.662181,4.64331,-313939,-1,9.30184e-10,1,0
0.00118052,-0.369905,0.0202359,-0.661194,4.64277,-313341,-1,2.07431e-10,1,0
0.00118115,-0.369661,0.0200684,-0.660479,4.64188,-312967,-1,1.66369e-09,1,0
0.00118249,-0.368101,0.0201395,-0.660555,4.64248,-311293,-1,1.32388e-09,1,0
0.00118334,-0.368016,0.0199255,-0.659565,4.64249,-310997,-1,7.62679e-11,1,0
0.00118401,-0.368275,0.0196365,-0.659198,4.64621,-311041,-1,3.85276e-10,1,0
0.00118564,-0.368116,0.018236,-0.65856,4.64546,-310479,-1,4.54652e-11,1,0
0.00118611,-0.367846,0.0177126,-0.658675,4.64547,-310128,-1,4.54652e-11,1,0
0.00118635,-0.367703,0.0177105,-0.658731,4.64752,-309944,-1,1.77492e-09,1,0
0.00118732,-0.36727,0.0188231,-0.658635,4.64797,-309328,-1,2.58815e-10,1,0
0.00118813,-0.367134,0.0191248,-0.659625,4.64955,-309001,-1,1.04393e-09,1,0
0.00118843,-0.367375,0.0189979,-0.659393,4.64862,-309126,-1,2.81511e-11,1,0
0.00118889,-0.367824,0.0192583,-0.659673,4.64956,-309383,-1,5.89593e-10,1,0
0.00118964,-0.367411,0.0191451,-0.659016,4.64785,-308843,-1,1.72532e-10,1,0
0.00119001,-0.367684,0.0194925,-0.658977,4.64743,-308974,-1,1.48711e-10,1,0
0.0011912,-0.366726,0.0200285,-0.658472,4.6463,-307863,-1,1.02327e-09,1,0
0.0011915,-0.366515,0.0203036,-0.658649,4.64631,-307607,-1,1.02327e-09,1,0
0.00119224,-0.366004,0.0209696,-0.659079,4.64404,-306988,-1,1.82519e-09,1,0
0.00119295,-0.365346,0.0214621,-0.659251,4.64431,-306254,-1,8.61357e-10,1,0
0.00119331,-0.365413,0.0213995,-0.658814,4.64401,-306219,-1,3.32334e-11,1,0
0.00119376,-0.365641,0.0214438,-0.658286,4.64472,-306293,-1,5.25236e-10,1,0
0.00119508,-0.365512,0.0198256,-0.65828,4.64555,-305846,-1,1.22079e-09,1,0
0.00119601,-0.364992,0.0187986,-0.658574,4.64568,-305174,-1,1.65783e-09,1,0
0.00119714,-0.365004,0.0181367,-0.658679,4.64335,-304897,-1,2.56806e-10,1,0
0.00119737,-0.36477,0.0179643,-0.658658,4.64336,-304644,-1,2.56806e-10,1,0
0.00119765,-0.364479,0.0177494,-0.658632,4.64337,-304328,-1,2.56806e-10,1,0
0.00119853,-0.36421,0.0172341,-0.658791,4.64179,-303881,-1,3.9035e-10,1,0
0.00119978,-0.36543,0.0174855,-0.659792,4.64173,-304581,-1,3.9035e-10,1,0
0.00120022,-0.365816,0.0176925,-0.660137,4.64208,-304791,-1,1.76641e-09,1,0
0.00120098,-0.366451,0.0181365,-0.660726,4.63986,-305127,-1,1.36892e-09,1,0
0.0012019,-0.366345,0.0184004,-0.659715,4.64082,-304805,-1,8.45393e-10,1,0
0.0012026,-0.366271,0.0189614,-0.659017,4.64082,-304565,-1,8.45393e-10,1,0
0.00120291,-0.366438,0.0190563,-0.658851,4.63889,-304627,-1,9.74203e-11,1,0
0.00120392,-0.367173,0.0193061,-0.657814,4.63885,-304981,-1,9.74203e-11,1,0
0.00120521,-0.368106,0.0196229,-0.656497,4.63796,-305429,-1,3.12519e-09,1,0
0.0012058,-0.367834,0.019397,-0.657028,4.63672,-305054,-1,6.45057e-10,1,0
0.00120607,-0.367522,0.0193803,-0.656869,4.63673,-304727,-1,6.45057e-10,1,0
0.00120712,-0.367105,0.0198052,-0.656881,4.63765,-304117,-1,4.69284e-10,1,0
0.00120739,-0.366866,0.0199309,-0.657025,4.63329,-303850,-1,5.24577e-11,1,0
0.00120807,-0.366605,0.0206916,-0.657355,4.63223,-303463,-1,8.69006e-10,1,0
0.00120922,-0.366462,0.0194319,-0.657818,4.63073,-303056,-1,2.93603e-10,1,0
0.00121075,-0.366635,0.01852,-0.659171,4.63065,-302817,-1,2.04676e-09,1,0
0.00121142,-0.366209,0.0181762,-0.658857,4.62974,-302298,-1,7.2264e-10,1,0
0.00121171,-0.366329,0.0180991,-0.658685,4.62831,-302323,-1,3.07239e-11,1,0
0.00121259,-0.365753,0.0172905,-0.65874,4.62913,-301630,-1,1.04612e-09,1,0
0.00121296,-0.365734,0.0176939,-0.658507,4.62934,-301523,-1,5.37883e-10,1,0
0.0012139,-0.365695,0.0167882,-0.658646,4.62927,-301257,-1,1.73801e-10,1,0
0.00121436,-0.365838,0.0167247,-0.658546,4.63138,-301260,-1,1.32691e-09,1,0
0.00121531,-0.36638,0.0177049,-0.658074,4.63136,-301470,-1,1.32691e-09,1,0
0.00121616,-0.366015,0.0181713,-0.65735,4.63252,-300960,-1,1.75822e-09,1,0
0.00121714,-0.365298,0.0185682,-0.656409,4.63445,-300129,-1,2.07842e-09,1,0
0.0012176,-0.365873,0.0186612,-0.656287,4.635,-300486,-1,5.94887e-10,1,0
0.00121964,-0.366912,0.0190843,-0.655839,4.63507,-300836,-1,1.5839e-09,1,0
0.00121991,-0.366921,0.0188279,-0.65562,4.63328,-300778,-1,1.36078e-09,1,0
0.00122116,-0.368229,0.0185312,-0.65555,4.63457,-301540,-1,2.71972e-10,1,0
0.00122157,-0.367876,0.0185888,-0.655523,4.63584,-301151,-1,4.36667e-10,1,0
0.00122203,-0.368201,0.018427,-0.655051,4.63583,-301302,-1,4.36667e-10,1,0
0.00122256,-0.368572,0.0182423,-0.654513,4.62902,-301474,-1,1.27455e-09,1,0
0.00122384,-0.367758,0.0190542,-0.654442,4.62936,-300494,-1,1.33182e-09,1,0
0.00122532,-0.368662,0.0186468,-0.653521,4.62858,-300871,-1,1.02335e-09,1,0
0.00122659,-0.36865,0.0174343,-0.653637,4.62901,-300549,-1,4.95388e-10,1,0
0.00122788,-0.369679,0.0175631,-0.653619,4.6295,-301070,-1,1.02352e-09,1,0
0.00122809,-0.369608,0.0177776,-0.653741,4.62668,-300962,-1,2.31392e-10,1,0
0.00122886,-0.369096,0.0181354,-0.653012,4.62587,-300356,-1,3.88606e-10,1,0
0.001229,-0.36918,0.0181727,-0.652962,4.627,-300392,-1,4.81312e-11,1,0
0.0012304,-0.370643,0.0189868,-0.653291,4.62937,-301239,-1,1.74162e-09,1,0
0.00123125,-0.371025,0.01802,-0.653616,4.62981,-301340,-1,1.16372e-09,1,0
0.00123196,-0.371363,0.0178397,-0.653562,4.6289,-301439,-1,3.28716e-10,1,0
0.00123205,-0.371421,0.0177925,-0.653499,4.62877,-301466,-1,9.08097e-11,1,0
0.00123286,-0.372114,0.0182756,-0.653723,4.62545,-301830,-1,5.68178e-10,1,0
0.0012338,-0.371373,0.0181071,-0.652798,4.62549,-301000,-1,5.68178e-10,1,0
0.00123504,-0.370395,0.017885,-0.651579,4.62554,-299907,-1,5.68178e-10,1,0
0.00123568,-0.370003,0.0176155,-0.650928,4.62608,-299432,-1,4.7324e-10,1,0
0.00123632,-0.370759,0.017533,-0.651039,4.62635,-299890,-1,1.44517e-10,1,0
0.00123708,-0.371324,0.017965,-0.650862,4.62221,-300162,-1,2.23526e-10,1,0
0.00123764,-0.371196,0.0184518,-0.650884,4.62256,-299923,-1,9.42324e-10,1,0
0.00123802,-0.37087,0.0188124,-0.650903,4.62359,-299567,-1,9.67216e-10,1,0
0.00123869,-0.370867,0.018609,-0.650324,4.62153,-299403,-1,2.19684e-10,1,0
0.00123903,-0.370745,0.0183091,-0.650162,4.6222,-299222,-1,8.69052e-10,1,0
0.00123966,-0.370301,0.0178963,-0.649933,4.62093,-298711,-1,6.99734e-10,1,0
0.00124041,-0.369948,0.017703,-0.649949,4.6211,-298246,-1,4.93057e-10,1,0
0.00124171,-0.368743,0.0165782,-0.649791,4.62116,-296964,-1,4.93057e-10,1,0
0.00124234,-0.368411,0.0161177,-0.650333,4.62095,-296546,-1,7.49915e-10,1,0
0.00124284,-0.368036,0.0161641,-0.65062,4.62053,-296126,-1,8.17817e-11,1,0
0.00124313,-0.368307,0.0160348,-0.650397,4.62051,-296274,-1,8.17817e-11,1,0
0.00124443,-0.369504,0.0154635,-0.649408,4.62024,-296927,-1,2.02857e-09,1,0
0.00124491,-0.369137,0.0156276,-0.64894,4.62026,-296517,-1,2.02857e-09,1,0
0.00124598,-0.368536,0.0155705,-0.647967,4.62016,-295779,-1,1.59318e-09,1,0
0.00124659,-0.368714,0.0155821,-0.648196,4.61719,-295777,-1,1.87789e-10,1,0
0.00124743,-0.369188,0.0162085,-0.648101,4.61681,-295959,-1,6.77755e-10,1,0
0.00124906,-0.369255,0.0152383,-0.647881,4.61477,-295627,-1,4.29737e-10,1,0
0.00124988,-0.369537,0.0148513,-0.647938,4.61266,-295658,-1,1.69507e-09,1,0
0.00125098,-0.369489,0.0146857,-0.648468,4.60862,-295359,-1,5.00151e-11,1,0
0.00125208,-0.369187,0.0149004,-0.647681,4.61561,-294858,-1,1.93771e-11,1,0
0.0012525,-0.369423,0.0147225,-0.647472,4.61324,-294949,-1,1.17051e-10,1,0
0.001253,-0.369376,0.0148786,-0.647148,4.61356,-294793,-1,2.34295e-10,1,0
0.00125467,-0.369227,0.0145547,-0.645049,4.61299,-294281,-1,2.54109e-09,1,0
0.00125504,-0.368776,0.0146731,-0.645025,4.61314,-293836,-1,4.66859e-10,1,0
0.00125584,-0.369513,0.0145091,-0.645043,4.61772,-294236,-1,8.01792e-10,1,0
0.00125624,-0.369326,0.0146183,-0.64522,4.61665,-293993,-1,2.96956e-10,1,0
0.00125733,-0.369909,0.0155988,-0.645503,4.61824,-294201,-1,1.4155e-09,1,0
0.00125848,-0.370795,0.0153,-0.644384,4.6182,-294638,-1,1.4155e-09,1,0
0.00125941,-0.37177,0.0152208,-0.644261,4.61735,-295195,-1,2.10088e-09,1,0
0.00125974,-0.372158,0.0152743,-0.644423,4.61646,-295425,-1,3.01162e-10,1,0
0.00126017,-0.372025,0.0157014,-0.644131,4.61574,-295219,-1,1.2244e-10,1,0
0.00126053,-0.372223,0.0159319,-0.644484,4.61587,-295290,-1,5.39086e-11,1,0
0.00126151,-0.37267,0.0164822,-0.645466,4.61549,-295415,-1,1.37838e-09,1,0
0.00126214,-0.372259,0.016306,-0.645473,4.61727,-294944,-1,5.39181e-10,1,0
0.00126324,-0.371141,0.0157238,-0.644836,4.61733,-293800,-1,5.39181e-10,1,0
0.00126421,-0.370557,0.0158435,-0.644043,4.61686,-293113,-1,2.53134e-09,1,0
0.00126493,-0.370675,0.0162185,-0.644211,4.61833,-293039,-1,1.03349e-09,1,0
0.00126526,-0.370799,0.0163583,-0.644544,4.62107,-293062,-1,2.67179e-11,1,0
0.00126611,-0.371513,0.016671,-0.644227,4.61965,-293428,-1,7.93691e-10,1,0
0.00126641,-0.371514,0.0170488,-0.644266,4.61965,-293360,-1,7.93691e-10,1,0
0.00126705,-0.371542,0.0176877,-0.644309,4.61727,-293234,-1,8.91219e-11,1,0
0.00126812,-0.371612,0.0164504,-0.644752,4.61533,-293041,-1,6.82475e-11,1,0
0.0012692,-0.371546,0.0153375,-0.645318,4.61544,-292740,-1,2.09009e-10,1,0
0.00127026,-0.371896,0.0159204,-0.645342,4.61375,-292772,-1,6.20537e-10,1,0
0.00127098,-0.372215,0.0157713,-0.646,4.61371,-292857,-1,4.89047e-10,1,0
0.00127162,-0.372147,0.016324,-0.645667,4.61267,-292657,-1,6.01649e-10,1,0
0.00127241,-0.372021,0.015881,-0.646562,4.61268,-292376,-1,6.01649e-10,1,0
0.00127255,-0.371997,0.0157994,-0.646727,4.61268,-292324,-1,6.01649e-10,1,0
0.00127336,-0.371867,0.0153428,-0.647649,4.61333,-292035,-1,2.22912e-09,1,0
0.00127406,-0.372641,0.0152691,-0.647686,4.61311,-292483,-1,8.38159e-11,1,0
0.00127533,-0.37406,0.0155766,-0.647235,4.6123,-293305,-1,1.44248e-09,1,0
0.00127675,-0.374027,0.0151844,-0.646504,4.6142,-292952,-1,1.04174e-09,1,0
0.00127726,-0.374242,0.0149176,-0.646601,4.61484,-293002,-1,4.34536e-10,1,0
0.00127743,-0.374328,0.0148839,-0.646431,4.61621,-293034,-1,8.25812e-12,1,0
0.00127807,-0.374167,0.0149502,-0.646258,4.62312,-292760,-1,3.59126e-10,1,0
0.00127872,-0.373854,0.0150743,-0.646962,4.62396,-292365,-1,3.64419e-10,1,0
0.00127897,-0.373886,0.0152575,-0.646737,4.62426,-292333,-1,4.36465e-11,1,0
0.00127905,-0.373867,0.0152415,-0.646676,4.62581,-292301,-1,3.16619e-10,1,0
0.00127936,-0.373646,0.0150839,-0.646395,4.62283,-292057,-1,3.42872e-10,1,0
0.00128005,-0.37413,0.0157061,-0.645995,4.6228,-292277,-1,3.42872e-10,1,0
0.00128087,-0.374403,0.0164007,-0.645424,4.62229,-292303,-1,1.5916e-09,1,0
0.00128162,-0.374434,0.0165517,-0.644999,4.62229,-292158,-1,1.06428e-10,1,0
0.00128246,-0.374881,0.0169178,-0.6459,4.62227,-292315,-1,1.06428e-10,1,0
0.0012831,-0.375203,0.0172256,-0.646489,4.62091,-292419,-1,2.23428e-11,1,0
0.00128391,-0.374323,0.0176974,-0.646716,4.62127,-291548,-1,9.69922e-10,1,0
0.0012846,-0.373626,0.0172469,-0.646912,4.62103,-290849,-1,7.82184e-10,1,0
0.00128484,-0.373532,0.0173582,-0.647094,4.62249,-290722,-1,2.45188e-10,1,0
0.00128523,-0.373395,0.0175373,-0.646945,4.62502,-290527,-1,3.07813e-10,1,0
0.00128627,-0.373417,0.0173785,-0.647227,4.61969,-290310,-1,5.89057e-10,1,0
0.00128661,-0.373295,0.0176931,-0.647126,4.61805,-290138,-1,8.18967e-10,1,0
0.00128692,-0.373105,0.0178791,-0.646892,4.61918,-289921,-1,3.24812e-11,1,0
0.00128796,-0.372699,0.0180031,-0.646371,4.61985,-289371,-1,3.56937e-10,1,0
0.00128865,-0.372934,0.0183676,-0.647068,4.61895,-289398,-1,6.03561e-10,1,0
0.00128895,-0.372815,0.0185523,-0.647324,4.61965,-289240,-1,5.72527e-10,1,0
0.00129037,-0.373204,0.0188752,-0.647544,4.62153,-289223,-1,3.23284e-10,1,0
0.00129103,-0.373401,0.0183294,-0.647744,4.62234,-289228,-1,9.644e-10,1,0
0.00129247,-0.373024,0.017503,-0.647057,4.62428,-288612,-1,6.94661e-10,1,0
0.00129267,-0.37309,0.0174787,-0.647112,4.62323,-288620,-1,1.4204e-10,1,0
0.00129346,-0.373066,0.017958,-0.646829,4.62235,-288426,-1,2.90975e-10,1,0
0.00129429,-0.372993,0.0189916,-0.646582,4.62457,-288183,-1,1.80351e-09,1,0
0.00129463,-0.372885,0.018976,-0.646735,4.62276,-288024,-1,2.91077e-10,1,0
0.0012959,-0.373356,0.0193833,-0.646784,4.62181,-288105,-1,9.31108e-10,1,0
0.00129609,-0.373177,0.019491,-0.646676,4.61942,-287926,-1,2.35508e-10,1,0
0.0012964,-0.372951,0.0193462,-0.646855,4.62138,-287683,-1,7.35369e-11,1,0
0.00129741,-0.372555,0.0184183,-0.647371,4.62333,-287153,-1,5.02429e-10,1,0
0.00129817,-0.373101,0.0186681,-0.646876,4.62116,-287406,-1,2.61032e-10,1,0
0.00129859,-0.372744,0.0188971,-0.64704,4.61853,-287038,-1,6.45163e-11,1,0
0.00129984,-0.372897,0.0187718,-0.6477,4.61564,-286879,-1,1.04129e-09,1,0
0.00130047,-0.372949,0.0187322,-0.648224,4.61556,-286780,-1,1.64336e-10,1,0
0.00130092,-0.373108,0.0191667,-0.648485,4.61205,-286802,-1,9.22309e-11,1,0
0.00130242,-0.372866,0.0209938,-0.647998,4.61207,-286287,-1,9.22309e-11,1,0
0.001304,-0.372281,0.0225009,-0.648488,4.61313,-285490,-1,2.88482e-09,1,0
0.00130485,-0.371802,0.0230912,-0.649256,4.61054,-284938,-1,2.12216e-09,1,0
0.0013053,-0.371839,0.0233638,-0.648866,4.60912,-284869,-1,3.81395e-10,1,0
0.00130544,-0.371933,0.0235052,-0.648831,4.60949,-284911,-1,6.70418e-11,1,0
0.00130665,-0.372899,0.0240262,-0.647918,4.60988,-285385,-1,1.46241e-09,1,0
0.00130757,-0.373355,0.0233724,-0.648619,4.61137,-285533,-1,9.99462e-11,1,0
0.00130821,-0.373284,0.0235361,-0.648428,4.61194,-285339,-1,2.5887e-10,1,0
0.00130945,-0.372081,0.0232477,-0.648164,4.61255,-284151,-1,5.80882e-10,1,0
0.00130979,-0.371715,0.023116,-0.648244,4.61553,-283796,-1,1.31214e-09,1,0
0.00131068,-0.371386,0.0240536,-0.648792,4.61555,-283353,-1,1.31214e-09,1,0
0.00131164,-0.371031,0.0250652,-0.649382,4.61556,-282875,-1,1.31214e-09,1,0
0.00131303,-0.371797,0.0263974,-0.649837,4.62108,-283159,-1,1.34871e-09,1,0
0.00131331,-0.371583,0.0261453,-0.649973,4.62114,-282935,-1,1.91976e-12,1,0
0.00131353,-0.371362,0.0260828,-0.649887,4.62035,-282720,-1,2.1332e-10,1,0
0.00131487,-0.37164,0.0271081,-0.648559,4.61866,-282645,-1,1.70069e-09,1,0
0.00131607,-0.370495,0.0271507,-0.649578,4.61872,-281517,-1,1.70069e-09,1,0
0.00131739,-0.369462,0.0274289,-0.650717,4.62103,-280450,-1,3.49539e-10,1,0
0.00131767,-0.369428,0.0272483,-0.650694,4.62042,-280366,-1,2.13229e-10,1,0
0.00131783,-0.369375,0.0271664,-0.650675,4.61591,-280291,-1,1.24089e-10,1,0
0.00131914,-0.370043,0.0269391,-0.650395,4.61646,-280518,-1,3.25296e-10,1,0
0.00132,-0.369878,0.0264819,-0.651378,4.61598,-280210,-1,1.40904e-09,1,0
0.00132088,-0.369504,0.0256866,-0.651892,4.61466,-279741,-1,3.92324e-10,1,0
0.00132166,-0.370209,0.025543,-0.651684,4.61322,-280110,-1,5.28578e-10,1,0
0.00132283,-0.37108,0.0256612,-0.650885,4.61219,-280520,-1,3.06565e-10,1,0
0.00132366,-0.371295,0.0266324,-0.651061,4.61457,-280507,-1,9.87473e-10,1,0
0.0013246,-0.37135,0.025694,-0.651585,4.61717,-280348,-1,1.68618e-10,1,0
0.00132505,-0.371331,0.0252804,-0.651675,4.61732,-280239,-1,9.5889e-11,1,0
0.00132579,-0.372052,0.0255895,-0.651217,4.61519,-280626,-1,1.06929e-10,1,0
0.00132639,-0.37169,0.02518,-0.651674,4.6155,-280228,-1,2.28054e-10,1,0
0.00132703,-0.371831,0.0252713,-0.651893,4.61188,-280198,-1,4.97154e-10,1,0
0.00132801,-0.372165,0.0255094,-0.652968,4.6121,-280242,-1,1.11097e-09,1,0
0.00132869,-0.371911,0.0255358,-0.65301,4.61106,-279909,-1,6.36605e-10,1,0
0.00132978,-0.37216,0.024319,-0.652785,4.61114,-279865,-1,1.40729e-09,1,0
0.00133074,-0.372732,0.0234304,-0.653399,4.61142,-280093,-1,1.57987e-09,1,0
0.00133138,-0.37293,0.0231627,-0.653621,4.61113,-280108,-1,5.81268e-10,1,0
0.00133334,-0.371576,0.0232678,-0.653723,4.60769,-278682,-1,2.09776e-09,1,0
0.00133393,-0.372136,0.0230022,-0.654137,4.60743,-278977,-1,1.19818e-11,1,0
0.00133469,-0.371947,0.0237764,-0.654139,4.60553,-278676,-1,4.34698e-10,1,0
0.00133558,-0.372797,0.0243201,-0.653735,4.60655,-279126,-1,5.38529e-11,1,0
0.00133712,-0.374298,0.0253752,-0.653059,4.60694,-279929,-1,3.03798e-09,1,0
0.00133789,-0.374526,0.0255078,-0.652791,4.60545,-279939,-1,3.85411e-10,1,0
0.00133878,-0.374562,0.0264981,-0.652319,4.60541,-279778,-1,1.10417e-09,1,0
0.00133954,-0.373716,0.0266167,-0.652744,4.60539,-278988,-1,6.26508e-10,1,0
0.00134063,-0.373227,0.0260295,-0.653266,4.61007,-278396,-1,3.82901e-10,1,0
0.00134147,-0.372793,0.0268811,-0.653082,4.60842,-277899,-1,2.4979e-10,1,0
0.0013424,-0.372459,0.0273735,-0.653568,4.61076,-277457,-1,6.34134e-10,1,0
0.00134335,-0.371914,0.0276101,-0.654626,4.61125,-276855,-1,1.21329e-09,1,0
0.0013446,-0.370845,0.0271435,-0.653543,4.6113,-275803,-1,1.21329e-09,1,0
0.00134511,-0.370414,0.0269553,-0.653107,4.61132,-275379,-1,1.21329e-09,1,0
0.00134545,-0.370012,0.0270915,-0.653113,4.61263,-275009,-1,4.0606e-10,1,0
0.00134751,-0.369526,0.0260401,-0.651596,4.61445,-274229,-1,5.50612e-10,1,0
0.00134817,-0.369148,0.0253709,-0.651876,4.61518,-273815,-1,4.8943e-11,1,0
0.00134886,-0.369863,0.0255499,-0.652332,4.61577,-274205,-1,8.15497e-10,1,0
0.00134994,-0.371044,0.0262742,-0.652328,4.61571,-274859,-1,8.15497e-10,1,0
0.00135018,-0.370923,0.0261271,-0.652209,4.617,-274720,-1,2.4724e-10,1,0
0.00135067,-0.370998,0.0260131,-0.651869,4.61674,-274676,-1,4.44181e-10,1,0
0.00135151,-0.370353,0.0268168,-0.651711,4.61469,-274029,-1,2.34684e-11,1,0
0.00135235,-0.3714,0.0267681,-0.651939,4.61597,-274633,-1,1.07293e-09,1,0
0.00135386,-0.372218,0.0253133,-0.652739,4.61464,-274930,-1,1.75025e-09,1,0
0.00135435,-0.37204,0.0247239,-0.652713,4.61465,-274701,-1,1.75025e-09,1,0
0.00135446,-0.372046,0.0246393,-0.652656,4.61398,-274683,-1,8.74071e-10,1,0
0.00135509,-0.37225,0.0248835,-0.652493,4.61681,-274705,-1,3.64614e-10,1,0
0.00135559,-0.371691,0.0251301,-0.652652,4.61576,-274192,-1,6.31264e-10,1,0
0.00135625,-0.371085,0.0254713,-0.652403,4.61465,-273611,-1,6.93308e-10,1,0
0.00135674,-0.37104,0.0255172,-0.652089,4.61525,-273479,-1,1.72049e-10,1,0
0.00135729,-0.370889,0.0257648,-0.651978,4.6149,-273256,-1,4.74474e-10,1,0
0.00135787,-0.371458,0.0255522,-0.65157,4.61284,-273560,-1,7.31485e-10,1,0
0.00135826,-0.371761,0.0253844,-0.651405,4.61721,-273704,-1,2.955e-10,1,0
0.00135955,-0.37152,0.0247574,-0.650549,4.61697,-273267,-1,1.54886e-10,1,0
0.00135982,-0.37165,0.0248103,-0.650339,4.61621,-273308,-1,7.36564e-11,1,0
0.00136053,-0.372187,0.0247737,-0.649634,4.61634,-273560,-1,1.0232e-09,1,0
0.00136069,-0.37218,0.0248346,-0.649674,4.6138,-273523,-1,1.28283e-10,1,0
0.00136245,-0.372875,0.0265567,-0.649731,4.61047,-273680,-1,6.60538e-10,1,0
0.00136328,-0.372446,0.0260989,-0.650463,4.61047,-273199,-1,1.96699e-10,1,0
0.00136408,-0.37211,0.0256097,-0.650423,4.61122,-272793,-1,1.43742e-09,1,0
0.00136522,-0.372039,0.0259154,-0.649789,4.61092,-272512,-1,6.01882e-10,1,0
0.00136652,-0.373331,0.025905,-0.649426,4.61033,-273198,-1,1.04148e-09,1,0
0.00136747,-0.373737,0.0269023,-0.649988,4.61137,-273305,-1,1.21462e-09,1,0
0.001368,-0.373638,0.0275028,-0.649692,4.61094,-273127,-1,6.76628e-10,1,0
0.00136851,-0.373397,0.0270512,-0.649533,4.60951,-272849,-1,3.82435e-10,1,0
0.00136932,-0.373603,0.0262364,-0.648933,4.60851,-272838,-1,1.03226e-09,1,0
0.0013706,-0.373417,0.0259061,-0.648465,4.60531,-272449,-1,4.52251e-10,1,0
0.00137098,-0.373705,0.0260027,-0.648084,4.60559,-272582,-1,7.50453e-10,1,0
0.00137222,-0.373872,0.0267075,-0.646688,4.6055,-272458,-1,1.06721e-09,1,0
0.00137349,-0.372906,0.0271245,-0.646143,4.60484,-271502,-1,1.07483e-09,1,0
0.00137455,-0.372147,0.0272368,-0.645171,4.60357,-270741,-1,4.63493e-10,1,0
0.0013758,-0.373673,0.0272306,-0.645261,4.60434,-271605,-1,4.97309e-10,1,0
0.00137778,-0.374393,0.026823,-0.64309,4.60416,-271736,-1,1.64818e-09,1,0
0.0013783,-0.373784,0.0267563,-0.643082,4.60442,-271191,-1,6.03268e-10,1,0
0.0013795,-0.373362,0.0278375,-0.644058,4.60343,-270651,-1,1.51673e-09,1,0
0.00138029,-0.372765,0.0286221,-0.644009,4.60411,-270062,-1,3.61322e-11,1,0
0.00138044,-0.372867,0.0285752,-0.644064,4.60352,-270108,-1,9.01904e-12,1,0
0.00138081,-0.372883,0.0288814,-0.644,4.60493,-270045,-1,2.40313e-10,1,0
0.00138109,-0.373001,0.0289876,-0.644249,4.60437,-270077,-1,3.32568e-11,1,0
0.00138141,-0.373186,0.0291301,-0.644575,4.60494,-270149,-1,7.2218e-10,1,0
0.00138251,-0.37411,0.0300996,-0.644758,4.60567,-270602,-1,4.61538e-10,1,0
0.00138357,-0.37491,0.0300584,-0.645182,4.60152,-270973,-1,1.59616e-09,1,0
0.0013844,-0.37562,0.0293428,-0.645231,4.60323,-271324,-1,5.69047e-10,1,0
0.00138468,-0.375354,0.0294758,-0.64523,4.60669,-271076,-1,2.81787e-10,1,0
0.00138506,-0.375345,0.0298828,-0.645004,4.60666,-270995,-1,4.74672e-10,1,0
0.00138604,-0.374991,0.0310238,-0.644965,4.61225,-270548,-1,3.31839e-11,1,0
0.00138649,-0.374826,0.0313833,-0.64456,4.61166,-270342,-1,5.66315e-10,1,0
0.00138725,-0.374817,0.0305585,-0.644038,4.61167,-270186,-1,5.66315e-10,1,0
0.0013879,-0.374809,0.0298584,-0.643595,4.61167,-270054,-1,5.66315e-10,1,0
0.00138826,-0.374884,0.0297059,-0.643399,4.6094,-270039,-1,7.02543e-12,1,0
0.00138899,-0.374457,0.0295504,-0.643258,4.60511,-269590,-1,2.95523e-10,1,0
0.00138953,-0.374266,0.0299212,-0.643119,4.6026,-269348,-1,8.93788e-10,1,0
0.00138995,-0.374546,0.0298715,-0.643356,4.60351,-269467,-1,3.33736e-10,1,0
0.00139016,-0.374569,0.0297029,-0.643561,4.60506,-269443,-1,3.64652e-10,1,0
0.00139052,-0.374488,0.0296529,-0.643233,4.60482,-269315,-1,1.21454e-10,1,0
0.00139089,-0.374423,0.0294693,-0.643461,4.60163,-269197,-1,1.2187e-10,1,0
0.001392,-0.373455,0.0298356,-0.64403,4.60314,-268286,-1,4.28863e-10,1,0
0.00139265,-0.37346,0.0300398,-0.643561,4.60141,-268166,-1,1.55011e-10,1,0
0.00139315,-0.373163,0.0295408,-0.643376,4.60271,-267855,-1,5.98508e-10,1,0
0.00139348,-0.373371,0.0298783,-0.643304,4.6007,-267942,-1,7.9297e-12,1,0
0.00139387,-0.373561,0.0298903,-0.643449,4.60052,-268002,-1,1.94091e-12,1,0
0.00139421,-0.373944,0.0300403,-0.643536,4.6005,-268213,-1,1.94091e-12,1,0
0.00139587,-0.375872,0.0307956,-0.643977,4.6004,-269274,-1,1.94091e-12,1,0
0.00139717,-0.376659,0.0300272,-0.644347,4.60378,-269588,-1,1.04182e-09,1,0
0.00139885,-0.376722,0.029114,-0.643597,4.60589,-269309,-1,7.97456e-10,1,0
0.00140005,-0.377914,0.0287239,-0.642724,4.60664,-269929,-1,2.56979e-09,1,0
0.00140122,-0.377944,0.0279554,-0.642983,4.60475,-269725,-1,2.30784e-10,1,0
0.00140169,-0.37817,0.0276185,-0.64343,4.60666,-269795,-1,6.03024e-10,1,0
0.00140251,-0.379045,0.0273922,-0.643086,4.60464,-270262,-1,1.58109e-11,1,0
0.00140362,-0.379096,0.0278252,-0.642478,4.60336,-270085,-1,7.8684e-10,1,0
0.00140561,-0.378676,0.028005,-0.641934,4.59956,-269403,-1,9.90344e-10,1,0
0.00140594,-0.379004,0.0281843,-0.641747,4.59957,-269573,-1,4.17772e-10,1,0
0.00140651,-0.379524,0.0285572,-0.641958,4.59959,-269833,-1,4.81969e-11,1,0
0.00140764,-0.380631,0.0293878,-0.642313,4.59922,-270404,-1,2.1097e-09,1,0
0.00140939,-0.378807,0.0302853,-0.643232,4.59931,-268774,-1,2.1097e-09,1,0
0.00141008,-0.378163,0.0306439,-0.643604,4.5998,-268186,-1,3.05405e-09,1,0
0.00141087,-0.378749,0.030872,-0.644037,4.60027,-268451,-1,2.44988e-10,1,0
0.00141169,-0.379779,0.0308321,-0.643865,4.59963,-269025,-1,1.41209e-09,1,0
0.00141241,-0.3797,0.0315797,-0.644329,4.60302,-268830,-1,6.79986e-11,1,0
0.00141254,-0.379775,0.0314484,-0.644386,4.60223,-268860,-1,1.61669e-10,1,0
0.00141281,-0.379832,0.0317668,-0.644419,4.6016,-268850,-1,2.96675e-10,1,0
0.00141306,-0.379766,0.0316747,-0.644393,4.60284,-268754,-1,2.11742e-10,1,0
0.00141376,-0.379171,0.0319743,-0.644011,4.60457,-268201,-1,7.64197e-10,1,0
0.00141507,-0.37986,0.0317537,-0.644304,4.60832,-268440,-1,4.72304e-10,1,0
0.00141574,-0.379781,0.0311288,-0.6446,4.6099,-268255,-1,1.22261e-09,1,0
0.00141599,-0.379757,0.030833,-0.644658,4.61001,-268193,-1,7.86607e-10,1,0
0.00141659,-0.379584,0.030252,-0.644867,4.60952,-267956,-1,2.45018e-10,1,0
0.00141726,-0.379612,0.0298964,-0.645168,4.61083,-267849,-1,9.51657e-11,1,0
0.00141815,-0.379804,0.0298185,-0.644084,4.61245,-267816,-1,1.06216e-09,1,0
0.00141868,-0.380359,0.0296184,-0.643754,4.61512,-268108,-1,5.77355e-10,1,0
0.00141942,-0.381128,0.0294781,-0.643882,4.61536,-268509,-1,2.92646e-10,1,0
0.00142132,-0.382997,0.0284803,-0.643581,4.6161,-269466,-1,2.27311e-09,1,0
0.00142205,-0.383707,0.0285818,-0.643273,4.61541,-269827,-1,1.26911e-09,1,0
0.00142322,-0.385041,0.0292389,-0.643415,4.61386,-270542,-1,1.95472e-09,1,0
0.00142408,-0.384452,0.0283797,-0.643747,4.61389,-269965,-1,1.95472e-09,1,0
0.00142487,-0.384653,0.0277062,-0.644399,4.61341,-269957,-1,1.20466e-09,1,0
0.00142511,-0.384742,0.0275045,-0.644612,4.6134,-269974,-1,1.20466e-09,1,0
0.00142537,-0.384842,0.027281,-0.644848,4.61166,-269993,-1,7.52956e-13,1,0
0.00142687,-0.384284,0.0262776,-0.643936,4.60957,-269319,-1,1.0415e-09,1,0
0.00142796,-0.383837,0.0260194,-0.643087,4.60628,-268801,-1,4.79455e-10,1,0
0.00142852,-0.38366,0.0264208,-0.642935,4.60543,-268571,-1,4.73932e-10,1,0
0.00142892,-0.384034,0.0264731,-0.642715,4.61299,-268759,-1,7.37575e-11,1,0
0.00142984,-0.384301,0.0256936,-0.642595,4.61327,-268771,-1,4.26797e-10,1,0
0.00143047,-0.383623,0.0256764,-0.642556,4.61495,-268180,-1,4.68951e-11,1,0
0.00143084,-0.383334,0.0256536,-0.64235,4.61801,-267909,-1,1.84601e-10,1,0
0.00143185,-0.384172,0.0260542,-0.641447,4.61797,-268304,-1,1.84601e-10,1,0
0.0014325,-0.384503,0.0264858,-0.641094,4.61984,-268414,-1,1.81958e-11,1,0
0.0014333,-0.385026,0.0263431,-0.640409,4.62253,-268630,-1,9.38026e-10,1,0
0.00143441,-0.384424,0.0262408,-0.640188,4.62264,-268002,-1,3.36719e-10,1,0
0.00143471,-0.384442,0.0264316,-0.640227,4.62396,-267958,-1,4.90777e-11,1,0
0.00143543,-0.38456,0.0255925,-0.64042,4.6221,-267906,-1,8.90601e-10,1,0
0.00143663,-0.384739,0.0265762,-0.640979,4.62067,-267807,-1,4.82847e-10,1,0
0.00143775,-0.384329,0.0257811,-0.641085,4.61994,-267313,-1,6.80046e-10,1,0
0.00143792,-0.384403,0.0255827,-0.641104,4.61885,-267333,-1,1.37623e-12,1,0
0.00143864,-0.384154,0.0250896,-0.641735,4.61814,-267026,-1,4.79489e-10,1,0
0.00143964,-0.384956,0.0257498,-0.642425,4.61706,-267397,-1,1.0866e-09,1,0
0.00143988,-0.384938,0.0259118,-0.642667,4.61487,-267341,-1,2.78748e-11,1,0
0.00144042,-0.38426,0.0259968,-0.642797,4.61522,-266768,-1,6.95905e-10,1,0
0.00144143,-0.384776,0.0255241,-0.643362,4.61434,-266940,-1,8.31579e-10,1,0
0.00144167,-0.384972,0.0253579,-0.643226,4.61426,-267031,-1,7.13741e-10,1,0
0.00144193,-0.385248,0.0254125,-0.643177,4.6155,-267175,-1,6.04075e-11,1,0
0.00144215,-0.385511,0.0253434,-0.643233,4.61402,-267318,-1,2.77709e-10,1,0
0.00144295,-0.386061,0.0258769,-0.642621,4.61366,-267550,-1,8.55529e-10,1,0
0.00144395,-0.386773,0.0251768,-0.641831,4.61363,-267858,-1,8.55529e-10,1,0
0.0014454,-0.387808,0.0241597,-0.640683,4.6131,-268304,-1,3.12368e-09,1,0
0.00144635,-0.387416,0.0249573,-0.639869,4.61312,-267858,-1,3.12368e-09,1,0
0.00144739,-0.386985,0.025836,-0.638972,4.61281,-267368,-1,2.5326e-09,1,0
0.00144774,-0.386991,0.0261605,-0.63866,4.61246,-267306,-1,4.49784e-10,1,0
0.00144908,-0.386128,0.0274215,-0.638641,4.6124,-266464,-1,1.1794e-09,1,0
0.00144937,-0.385887,0.0275102,-0.638653,4.61049,-266245,-1,6.60838e-10,1,0
0.00144961,-0.386016,0.0273891,-0.638787,4.61012,-266289,-1,2.46427e-10,1,0
0.00145068,-0.385307,0.027882,-0.639375,4.61109,-265604,-1,1.16139e-10,1,0
0.00145139,-0.385343,0.0270291,-0.639681,4.61109,-265499,-1,1.16139e-10,1,0
0.00145229,-0.385393,0.0259569,-0.640057,4.6128,-265368,-1,2.24927e-09,1,0
0.00145267,-0.385556,0.0258065,-0.639631,4.61328,-265412,-1,4.89805e-10,1,0
0.00145293,-0.385423,0.0256655,-0.639368,4.61329,-265274,-1,4.89805e-10,1,0
0.00145406,-0.384833,0.0250408,-0.638199,4.61216,-264660,-1,1.77744e-09,1,0
0.00145472,-0.385234,0.0243231,-0.638044,4.61214,-264817,-1,1.77744e-09,1,0
0.00145502,-0.385355,0.0240843,-0.637918,4.61396,-264845,-1,7.71656e-11,1,0
0.00145561,-0.385896,0.0237839,-0.637954,4.61806,-265109,-1,1.63015e-10,1,0
0.00145661,-0.384738,0.0237115,-0.637539,4.61783,-264133,-1,1.04177e-09,1,0
0.00145789,-0.383388,0.0236315,-0.637472,4.61735,-262975,-1,4.75112e-10,1,0
0.00145846,-0.382864,0.0231728,-0.63725,4.61685,-262512,-1,7.3071e-10,1,0
0.00145887,-0.383209,0.0228437,-0.637034,4.61683,-262675,-1,7.3071e-10,1,0
0.00145961,-0.382871,0.0221492,-0.637119,4.61367,-262310,-1,7.56498e-10,1,0
0.0014609,-0.382739,0.0214284,-0.638499,4.60999,-261989,-1,1.04163e-09,1,0
0.00146197,-0.38236,0.0224798,-0.638685,4.60829,-261537,-1,1.04789e-09,1,0
0.00146348,-0.381739,0.0221728,-0.639254,4.60971,-260844,-1,9.52523e-10,1,0
0.00146489,-0.382551,0.0227224,-0.640214,4.60952,-261147,-1,1.04137e-09,1,0
0.00146522,-0.382817,0.0225948,-0.640479,4.61034,-261270,-1,1.01294e-10,1,0
0.00146552,-0.382743,0.0222852,-0.640622,4.61106,-261165,-1,3.52039e-10,1,0
0.00146595,-0.382571,0.0220095,-0.640224,4.60973,-260971,-1,1.3646e-10,1,0
0.00146657,-0.382954,0.022475,-0.640682,4.60989,-261123,-1,4.59791e-10,1,0
0.00146712,-0.383169,0.0229243,-0.64102,4.6107,-261172,-1,1.35288e-09,1,0
0.00146759,-0.38304,0.0227442,-0.641365,4.61109,-260999,-1,4.65144e-10,1,0
0.0014685,-0.382873,0.0236995,-0.641884,4.61197,-260724,-1,4.13667e-10,1,0
0.00146947,-0.382227,0.0243185,-0.641261,4.6126,-260112,-1,7.56731e-10,1,0
0.00147098,-0.381191,0.0251317,-0.639945,4.61194,-259140,-1,2.90762e-09,1,0
0.00147243,-0.382757,0.025315,-0.638983,4.61336,-259949,-1,1.90707e-09,1,0
0.0014731,-0.383051,0.0253335,-0.639779,4.61527,-260031,-1,8.47909e-10,1,0
0.00147343,-0.382906,0.025626,-0.639548,4.61819,-259874,-1,7.04713e-11,1,0
0.00147464,-0.384,0.0248081,-0.638832,4.61813,-260402,-1,7.04713e-11,1,0
0.00147545,-0.384581,0.0242708,-0.638749,4.61511,-260653,-1,3.02911e-10,1,0
0.00147592,-0.384579,0.0239493,-0.63837,4.61431,-260569,-1,1.72333e-10,1,0
0.00147646,-0.384635,0.0233475,-0.638034,4.61666,-260511,-1,1.82343e-10,1,0
0.00147751,-0.385077,0.0243429,-0.638747,4.61699,-260626,-1,4.48407e-11,1,0
0.00147785,-0.385139,0.0244922,-0.639062,4.61832,-260608,-1,1.75938e-10,1,0
0.00147879,-0.38517,0.0234631,-0.639086,4.61702,-260464,-1,6.76959e-10,1,0
0.00147951,-0.385034,0.0237733,-0.639801,4.61603,-260244,-1,3.18043e-10,1,0
0.00148034,-0.384231,0.0231632,-0.639492,4.61607,-259556,-1,3.18043e-10,1,0
0.00148086,-0.383726,0.0227794,-0.639297,4.61609,-259124,-1,3.18043e-10,1,0
0.0014824,-0.38223,0.0216416,-0.63872,4.61499,-257845,-1,3.68462e-09,1,0
0.00148342,-0.382363,0.022368,-0.63942,4.61654,-257758,-1,7.12724e-10,1,0
0.00148439,-0.382557,0.0221657,-0.640018,4.6089,-257720,-1,2.87715e-10,1,0
0.00148603,-0.38184,0.0236911,-0.638792,4.6097,-256953,-1,2.08445e-09,1,0
0.00148705,-0.382326,0.0244517,-0.637858,4.60798,-257104,-1,1.29895e-09,1,0
0.00148745,-0.382219,0.0243729,-0.638127,4.60761,-256962,-1,5.70893e-11,1,0
0.00148842,-0.381768,0.0243564,-0.639277,4.60763,-256492,-1,1.58578e-09,1,0
0.00148879,-0.381631,0.0243585,-0.639732,4.60764,-256335,-1,1.58578e-09,1,0
0.00148915,-0.381523,0.0243446,-0.640101,4.60581,-256202,-1,8.91208e-10,1,0
0.00149,-0.381898,0.0238564,-0.639202,4.60467,-256307,-1,1.12459e-09,1,0
0.0014903,-0.382168,0.0240966,-0.639199,4.60525,-256438,-1,1.15886e-10,1,0
0.00149092,-0.381961,0.0246414,-0.639341,4.60669,-256192,-1,5.07627e-10,1,0
0.00149114,-0.381765,0.0248285,-0.639427,4.6067,-256023,-1,5.07627e-10,1,0
0.00149206,-0.381899,0.0250158,-0.639022,4.60529,-255954,-1,1.283e-09,1,0
0.00149221,-0.381985,0.0249759,-0.638888,4.60685,-255987,-1,8.72611e-10,1,0
0.00149259,-0.381746,0.0246825,-0.638571,4.60856,-255760,-1,5.18234e-10,1,0
0.00149313,-0.381935,0.0251615,-0.638125,4.60856,-255795,-1,5.18234e-10,1,0
0.0014934,-0.38199,0.0253314,-0.638139,4.60657,-255786,-1,1.27516e-10,1,0
0.00149388,-0.38192,0.0258712,-0.63838,4.60763,-255657,-1,5.34059e-10,1,0
0.00149407,-0.381944,0.0258526,-0.638349,4.60951,-255641,-1,4.77082e-11,1,0
0.00149507,-0.381854,0.0267702,-0.638072,4.61225,-255409,-1,1.04163e-09,1,0
0.00149578,-0.381199,0.0266448,-0.637831,4.61101,-254849,-1,1.24649e-10,1,0
0.00149665,-0.380344,0.0261001,-0.637692,4.61021,-254130,-1,1.21078e-09,1,0
0.00149728,-0.380593,0.0256871,-0.638217,4.61038,-254189,-1,7.00391e-10,1,0
0.00149781,-0.38031,0.0256244,-0.638087,4.60487,-253911,-1,3.60078e-10,1,0
0.0014983,-0.380215,0.0250901,-0.637782,4.60487,-253764,-1,3.60078e-10,1,0
0.00149871,-0.380253,0.0248912,-0.637503,4.60082,-253720,-1,1.73955e-10,1,0
0.00150015,-0.37986,0.0250077,-0.63703,4.60154,-253216,-1,1.08953e-09,1,0
0.00150059,-0.380044,0.0255138,-0.637203,4.60153,-253263,-1,1.08953e-09,1,0
0.00150142,-0.37998,0.0264452,-0.637459,4.60039,-253081,-1,1.83447e-09,1,0
0.00150265,-0.379675,0.0272967,-0.637854,4.59884,-252671,-1,3.36406e-10,1,0
0.00150341,-0.379681,0.0277818,-0.637021,4.60002,-252547,-1,8.18151e-11,1,0
0.00150481,-0.379983,0.0279882,-0.636885,4.59912,-252511,-1,1.9167e-10,1,0
0.00150627,-0.378362,0.0287886,-0.636973,4.59817,-251191,-1,1.26429e-09,1,0
0.00150739,-0.377924,0.0276265,-0.636837,4.59617,-250714,-1,1.25363e-09,1,0
0.00150824,-0.378684,0.0271052,-0.637301,4.59553,-251077,-1,2.0721e-10,1,0
0.00150907,-0.377994,0.0278695,-0.637079,4.59862,-250482,-1,1.05361e-09,1,0
0.00151001,-0.37902,0.0274722,-0.636611,4.59976,-251006,-1,1.19617e-09,1,0
0.00151035,-0.378883,0.027238,-0.636617,4.60053,-250858,-1,2.3273e-10,1,0
0.0015107,-0.378724,0.0275246,-0.636435,4.60648,-250695,-1,3.76834e-10,1,0
0.00151224,-0.378657,0.0269033,-0.637416,4.60747,-250394,-1,9.31281e-10,1,0
0.00151297,-0.379142,0.0276878,-0.637371,4.60599,-250594,-1,9.23256e-10,1,0
0.00151351,-0.379378,0.0277469,-0.636727,4.60795,-250661,-1,1.94771e-12,1,0
0.00151396,-0.379417,0.0279495,-0.636571,4.61061,-250612,-1,2.39801e-10,1,0
0.00151471,-0.379625,0.0277479,-0.635781,4.61285,-250626,-1,4.9464e-11,1,0
0.00151529,-0.37941,0.0276736,-0.635674,4.61293,-250387,-1,3.2926e-10,1,0
0.00151629,-0.37841,0.0271139,-0.636229,4.61297,-249563,-1,1.69091e-09,1,0
0.00151733,-0.378623,0.0269205,-0.63643,4.61233,-249532,-1,7.13596e-10,1,0
0.00151772,-0.378923,0.0270712,-0.636545,4.60986,-249666,-1,4.48514e-11,1,0
0.00151878,-0.379194,0.0265595,-0.635987,4.60933,-249671,-1,5.49787e-10,1,0
0.00151958,-0.379127,0.027453,-0.63552,4.60948,-249494,-1,9.89109e-10,1,0
0.0015207,-0.378717,0.0278323,-0.63614,4.60791,-249041,-1,8.00977e-10,1,0
0.00152189,-0.37836,0.0284974,-0.634833,4.60793,-248612,-1,8.00977e-10,1,0
0.001523,-0.378026,0.029119,-0.63361,4.60669,-248212,-1,2.9215e-09,1,0
0.00152356,-0.377942,0.0296547,-0.633534,4.60781,-248065,-1,4.66224e-10,1,0
0.00152401,-0.378357,0.0300444,-0.633587,4.60786,-248264,-1,7.94642e-10,1,0
0.00152455,-0.37898,0.029768,-0.633676,4.60784,-248584,-1,6.14367e-10,1,0
0.0015253,-0.379421,0.0302528,-0.634283,4.60732,-248752,-1,2.62634e-10,1,0
0.00152619,-0.380069,0.0304421,-0.634735,4.60789,-249031,-1,1.40391e-09,1,0
0.00152636,-0.380216,0.0302868,-0.634772,4.60789,-249100,-1,1.40391e-09,1,0
0.00152709,-0.380613,0.0296822,-0.634536,4.60621,-249240,-1,4.01582e-10,1,0
0.00152781,-0.380471,0.0290187,-0.634937,4.60485,-249031,-1,7.45572e-10,1,0
0.00152871,-0.379657,0.0283967,-0.634425,4.60437,-248352,-1,2.93399e-10,1,0
0.00152941,-0.379044,0.0279062,-0.634009,4.6044,-247838,-1,2.93399e-10,1,0
0.00153007,-0.378648,0.0277823,-0.634097,4.60424,-247470,-1,3.55811e-10,1,0
0.00153079,-0.377872,0.0276736,-0.633669,4.60559,-246848,-1,6.04862e-11,1,0
0.00153199,-0.376571,0.0274263,-0.632897,4.60566,-245804,-1,6.04862e-11,1,0
0.00153271,-0.376702,0.0265622,-0.63311,4.60617,-245775,-1,2.40038e-09,1,0
0.00153306,-0.376773,0.0261376,-0.633219,4.60501,-245765,-1,1.34518e-09,1,0
0.00153319,-0.376822,0.0261099,-0.633073,4.60489,-245777,-1,8.94456e-12,1,0
0.00153333,-0.376866,0.0260516,-0.632954,4.602,-245783,-1,3.53496e-11,1,0
0.00153439,-0.377414,0.0256401,-0.632079,4.60219,-245969,-1,8.72828e-10,1,0
0.00153547,-0.376864,0.0249,-0.631679,4.59961,-245439,-1,1.4578e-09,1,0
0.00153728,-0.376341,0.0257387,-0.631894,4.59619,-244810,-1,9.22285e-10,1,0
0.001539,-0.377181,0.0264717,-0.632369,4.59387,-245081,-1,1.15442e-09,1,0
0.00153964,-0.37747,0.0262442,-0.633025,4.5952,-245167,-1,5.23162e-11,1,0
0.00154125,-0.375539,0.0264227,-0.63239,4.59436,-243659,-1,2.04035e-09,1,0
0.00154146,-0.375342,0.0262605,-0.632287,4.59437,-243497,-1,2.04035e-09,1,0
0.00154192,-0.375505,0.0261284,-0.632063,4.59464,-243531,-1,3.52329e-10,1,0
0.00154229,-0.375929,0.0262507,-0.631877,4.59462,-243747,-1,3.52329e-10,1,0
0.00154299,-0.37671,0.0264758,-0.631535,4.59458,-244143,-1,3.52329e-10,1,0
0.00154384,-0.377714,0.0267372,-0.631226,4.5947,-244658,-1,1.97196e-09,1,0
0.00154516,-0.376522,0.0267227,-0.632033,4.59092,-243678,-1,6.07289e-10,1,0
0.0015454,-0.376268,0.0267119,-0.632162,4.59131,-243477,-1,1.81013e-09,1,0
0.00154623,-0.37524,0.0266023,-0.631948,4.59136,-242681,-1,1.81013e-09,1,0
0.00154822,-0.373983,0.0278273,-0.631132,4.58767,-241557,-1,4.5316e-10,1,0
0.00154876,-0.373628,0.0282256,-0.631563,4.58658,-241243,-1,6.85758e-10,1,0
0.00154906,-0.373722,0.0281583,-0.631386,4.5868,-241258,-1,2.00857e-10,1,0
0.00154974,-0.3742,0.0279623,-0.631871,4.58424,-241460,-1,6.24027e-10,1,0
0.00155027,-0.374464,0.0273698,-0.632057,4.58423,-241548,-1,6.24027e-10,1,0
0.00155069,-0.374475,0.0270604,-0.632072,4.5858,-241490,-1,1.60592e-10,1,0
0.00155127,-0.375045,0.027324,-0.632032,4.58489,-241767,-1,7.9649e-11,1,0
0.0015534,-0.374831,0.0271393,-0.630424,4.58834,-241298,-1,6.25622e-10,1,0
0.00155461,-0.375652,0.0269775,-0.63171,4.58824,-241637,-1,1.22856e-09,1,0
0.00155549,-0.375684,0.0273407,-0.631971,4.58782,-241521,-1,4.00757e-10,1,0
0.00155661,-0.375876,0.0278696,-0.632627,4.58443,-241471,-1,3.10655e-10,1,0
0.00155699,-0.376101,0.0278978,-0.632253,4.58509,-241556,-1,1.2906e-10,1,0
0.0015575,-0.376604,0.0279382,-0.631853,4.58897,-241800,-1,3.06263e-10,1,0
0.0015584,-0.376601,0.0273449,-0.632829,4.58837,-241658,-1,1.14591e-09,1,0
0.00155956,-0.376295,0.0280557,-0.634075,4.58839,-241284,-1,1.14591e-09,1,0
0.00155996,-0.376277,0.028185,-0.634416,4.58798,-241210,-1,6.5507e-11,1,0
0.00156105,-0.376652,0.0280948,-0.635746,4.58743,-241282,-1,1.58237e-09,1,0
0.0015619,-0.376745,0.0281267,-0.636725,4.58741,-241209,-1,7.2443e-11,1,0
0.00156259,-0.376772,0.0281479,-0.637594,4.58741,-241120,-1,7.2443e-11,1,0
0.0015629,-0.376784,0.0281574,-0.637985,4.58649,-241081,-1,2.27842e-09,1,0
0.00156359,-0.376831,0.0283714,-0.637998,4.58832,-241004,-1,3.23892e-10,1,0
0.00156421,-0.37725,0.0281812,-0.638642,4.5883,-241176,-1,3.23892e-10,1,0
0.0015648,-0.377646,0.0280017,-0.63925,4.58828,-241338,-1,3.23892e-10,1,0
0.00156612,-0.378463,0.028177,-0.639886,4.58973,-241656,-1,5.66049e-10,1,0
0.00156639,-0.378177,0.0280074,-0.639817,4.58975,-241432,-1,5.66049e-10,1,0
0.00156671,-0.377829,0.0278015,-0.639732,4.58977,-241160,-1,5.66049e-10,1,0
0.00156698,-0.377673,0.0277857,-0.639843,4.58714,-241020,-1,1.7058e-10,1,0
0.00156776,-0.378076,0.0284445,-0.639391,4.58789,-241157,-1,6.58434e-10,1,0
0.00156843,-0.378768,0.0282994,-0.639079,4.58903,-241494,-1,3.26406e-10,1,0
0.00156921,-0.379697,0.027994,-0.639205,4.58899,-241967,-1,3.26406e-10,1,0
0.00157042,-0.380005,0.0287214,-0.639801,4.58756,-241977,-1,1.04153e-09,1,0
0.00157123,-0.380249,0.0282937,-0.638898,4.58755,-242008,-1,1.04153e-09,1,0
0.0015718,-0.380085,0.027935,-0.638595,4.58739,-241815,-1,1.43024e-09,1,0
0.00157296,-0.379021,0.0273061,-0.638968,4.58775,-240961,-1,1.27939e-10,1,0
0.0015734,-0.379211,0.0271529,-0.639359,4.58555,-241014,-1,4.06e-10,1,0
0.00157416,-0.379768,0.0267475,-0.640037,4.58552,-241251,-1,4.06e-10,1,0
0.00157518,-0.380148,0.0258231,-0.639467,4.58519,-241336,-1,1.58879e-09,1,0
0.00157659,-0.379094,0.0255501,-0.638572,4.5877,-240452,-1,7.95559e-10,1,0
0.00157708,-0.37931,0.0257008,-0.639136,4.58769,-240514,-1,7.95559e-10,1,0
0.00157733,-0.379376,0.025778,-0.639417,4.58924,-240517,-1,3.99728e-11,1,0
0.00157858,-0.379262,0.0245459,-0.639273,4.58837,-240255,-1,2.2132e-10,1,0
0.00157933,-0.379552,0.0239619,-0.63989,4.58961,-240325,-1,8.28313e-10,1,0
0.00157985,-0.379943,0.0238563,-0.639894,4.58704,-240492,-1,3.65413e-10,1,0
0.00158019,-0.379751,0.0239941,-0.640002,4.58478,-240320,-1,8.73632e-11,1,0
0.00158074,-0.380074,0.024186,-0.640082,4.58275,-240440,-1,2.87215e-10,1,0
0.00158254,-0.381648,0.0225904,-0.639615,4.58267,-241161,-1,2.87215e-10,1,0
0.00158326,-0.382276,0.0219545,-0.639429,4.58338,-241448,-1,3.202e-09,1,0
0.00158371,-0.381908,0.0218729,-0.639664,4.58184,-241148,-1,4.87767e-10,1,0
0.00158499,-0.381362,0.0229889,-0.638696,4.58093,-240608,-1,6.17801e-11,1,0
0.00158519,-0.381289,0.0230248,-0.63859,4.57497,-240532,-1,1.86573e-10,1,0
0.00158556,-0.381539,0.0228975,-0.638457,4.57095,-240633,-1,1.89815e-10,1,0
0.0015869,-0.380214,0.0231771,-0.638658,4.5716,-239595,-1,9.53993e-11,1,0
0.00158777,-0.379437,0.0233587,-0.639426,4.57194,-238974,-1,1.88923e-09,1,0
0.00158821,-0.379039,0.0236093,-0.639271,4.57102,-238659,-1,3.7015e-10,1,0
0.00158888,-0.378603,0.024283,-0.639425,4.56916,-238283,-1,7.42682e-11,1,0
0.00158953,-0.37795,0.0245236,-0.639222,4.56989,-237775,-1,6.79501e-10,1,0
0.00159065,-0.37767,0.0238544,-0.640443,4.5699,-237431,-1,6.79501e-10,1,0
0.00159171,-0.378042,0.0246794,-0.639629,4.56839,-237507,-1,2.69422e-10,1,0
0.00159228,-0.378185,0.0250288,-0.639078,4.56652,-237511,-1,5.89683e-11,1,0
0.00159291,-0.378103,0.025198,-0.638473,4.56518,-237366,-1,6.28575e-10,1,0
0.00159406,-0.378274,0.0262429,-0.63776,4.56359,-237302,-1,1.00332e-10,1,0
0.00159517,-0.378015,0.0268693,-0.638647,4.56326,-236974,-1,5.0354e-10,1,0
0.00159531,-0.378039,0.0268298,-0.638549,4.55865,-236969,-1,9.30118e-10,1,0
0.00159607,-0.3782,0.0272274,-0.638634,4.55903,-236957,-1,2.90932e-10,1,0
0.00159636,-0.378196,0.0268938,-0.638615,4.56228,-236911,-1,6.44708e-11,1,0
0.00159764,-0.3782,0.0271751,-0.637031,4.56391,-236724,-1,1.60817e-09,1,0
0.00159831,-0.378241,0.0267578,-0.636889,4.56338,-236650,-1,5.78317e-10,1,0
0.0015993,-0.377076,0.0270251,-0.637025,4.56217,-235776,-1,1.40621e-09,1,0
0.00160071,-0.376242,0.0286031,-0.636876,4.56221,-235047,-1,1.40621e-09,1,0
0.0016018,-0.37616,0.0292121,-0.636124,4.56207,-234835,-1,2.55641e-09,1,0
0.00160286,-0.376531,0.0294846,-0.634939,4.56166,-234912,-1,3.01378e-10,1,0
0.00160376,-0.375579,0.0296464,-0.634338,4.56183,-234187,-1,1.13783e-09,1,0
0.00160516,-0.375293,0.0308262,-0.634651,4.56052,-233804,-1,5.2145e-10,1,0
0.00160599,-0.376163,0.0314075,-0.634563,4.56048,-234225,-1,5.2145e-10,1,0
0.00160696,-0.376462,0.0319661,-0.634992,4.5607,-234270,-1,5.74968e-10,1,0
0.00160789,-0.376846,0.0319887,-0.634709,4.55953,-234373,-1,8.23031e-10,1,0
0.00160825,-0.376916,0.032353,-0.634442,4.55953,-234364,-1,8.23031e-10,1,0
0.00160924,-0.37711,0.0333546,-0.633709,4.55952,-234340,-1,8.23031e-10,1,0
0.00160977,-0.377214,0.0338897,-0.633317,4.55923,-234327,-1,2.38455e-09,1,0
0.00161089,-0.377402,0.0347225,-0.634173,4.56203,-234281,-1,3.22217e-10,1,0
0.00161183,-0.377072,0.035076,-0.633515,4.5644,-233941,-1,6.77418e-10,1,0
0.00161251,-0.377291,0.0356134,-0.63288,4.5645,-233978,-1,6.21548e-10,1,0
0.00161309,-0.377364,0.0358383,-0.632451,4.56268,-233938,-1,8.5717e-11,1,0
0.00161432,-0.376771,0.0357543,-0.633014,4.56516,-233394,-1,9.20605e-10,1,0
0.00161533,-0.377213,0.0351977,-0.63223,4.56568,-233520,-1,1.05494e-09,1,0
0.0016155,-0.37728,0.0353587,-0.632118,4.56844,-233538,-1,4.429e-10,1,0
0.00161603,-0.376922,0.0348293,-0.631909,4.56846,-233240,-1,4.429e-10,1,0
0.00161638,-0.376673,0.0350229,-0.632078,4.56935,-233035,-1,7.39162e-10,1,0
0.00161699,-0.376232,0.0355312,-0.632468,4.56937,-232674,-1,7.39162e-10,1,0
0.00161769,-0.375731,0.036108,-0.632911,4.5694,-232264,-1,7.39162e-10,1,0
0.00161804,-0.375591,0.0364601,-0.632987,4.56872,-232127,-1,2.59279e-10,1,0
0.00161874,-0.375969,0.0368692,-0.633026,4.57075,-232260,-1,4.97139e-10,1,0
0.00161904,-0.376119,0.0366897,-0.633104,4.5736,-232310,-1,2.74027e-10,1,0
0.00161965,-0.375827,0.0371527,-0.632914,4.57425,-232043,-1,4.88482e-10,1,0
0.00161977,-0.375684,0.0371458,-0.63287,4.57349,-231938,-1,4.3494e-10,1,0
0.00162051,-0.375173,0.0368526,-0.633014,4.57007,-231515,-1,3.38195e-10,1,0
0.00162148,-0.374765,0.0367521,-0.633508,4.56779,-231125,-1,1.28698e-09,1,0
0.00162195,-0.374639,0.037249,-0.633794,4.56635,-230981,-1,1.13887e-09,1,0
0.00162243,-0.374339,0.0375608,-0.633392,4.56827,-230728,-1,5.79799e-10,1,0
0.00162308,-0.374602,0.0372761,-0.632661,4.56914,-230797,-1,8.27547e-10,1,0
0.00162353,-0.37443,0.037644,-0.632998,4.56879,-230628,-1,5.10141e-10,1,0
0.00162405,-0.373939,0.0374064,-0.633367,4.56835,-230251,-1,7.16446e-10,1,0
0.00162524,-0.373074,0.0369391,-0.634511,4.57146,-229550,-1,1.5081e-09,1,0
0.00162626,-0.372928,0.0369649,-0.633224,4.57401,-229317,-1,1.29458e-09,1,0
0.00162761,-0.372725,0.0377115,-0.632512,4.5747,-229001,-1,9.30373e-10,1,0
0.00162834,-0.371897,0.0378295,-0.632167,4.56742,-228390,-1,1.45589e-10,1,0
0.00162943,-0.372884,0.0377285,-0.631496,4.56733,-228843,-1,1.11505e-09,1,0
0.00163008,-0.37233,0.0382045,-0.631718,4.56724,-228411,-1,3.96783e-11,1,0
0.0016304,-0.372096,0.0382046,-0.631432,4.56996,-228223,-1,3.70798e-10,1,0
0.00163112,-0.372735,0.0375954,-0.631183,4.57243,-228514,-1,9.17758e-10,1,0
0.00163207,-0.3726,0.0368603,-0.632128,4.57243,-228299,-1,9.17758e-10,1,0
0.00163316,-0.37228,0.0366748,-0.632274,4.5683,-227950,-1,1.77955e-10,1,0
0.00163394,-0.372162,0.0359016,-0.632672,4.56746,-227770,-1,9.01128e-10,1,0
0.00163452,-0.372311,0.0363659,-0.633218,4.5668,-227781,-1,8.14102e-10,1,0
0.00163504,-0.372392,0.0360314,-0.632727,4.56535,-227757,-1,2.49236e-10,1,0
0.00163663,-0.373503,0.0352628,-0.631481,4.56584,-228215,-1,1.58886e-09,1,0
0.00163685,-0.373256,0.0353162,-0.631581,4.56693,-228033,-1,1.98056e-10,1,0
0.0016372,-0.373089,0.0352152,-0.631679,4.5638,-227882,-1,2.2968e-10,1,0
0.00163782,-0.372618,0.035784,-0.631845,4.56092,-227509,-1,1.85912e-10,1,0
0.00163925,-0.372766,0.0345217,-0.632557,4.562,-227400,-1,4.48417e-10,1,0
0.00164048,-0.372463,0.0331276,-0.633175,4.56277,-227045,-1,2.92714e-09,1,0
0.00164146,-0.371234,0.0333424,-0.633143,4.56315,-226160,-1,1.24776e-09,1,0
0.00164284,-0.371372,0.0350259,-0.633497,4.56351,-226055,-1,8.07286e-10,1,0
0.00164314,-0.371354,0.0351977,-0.633789,4.56068,-226003,-1,2.75619e-10,1,0
0.00164362,-0.371339,0.0355376,-0.63393,4.56181,-225927,-1,1.3782e-10,1,0
0.00164468,-0.370667,0.0352275,-0.633398,4.56363,-225374,-1,6.03033e-10,1,0
0.00164478,-0.370691,0.035135,-0.633352,4.56455,-225374,-1,7.30076e-11,1,0
0.00164612,-0.371839,0.0346359,-0.632789,4.56499,-225888,-1,1.23937e-10,1,0
0.00164642,-0.372053,0.0344477,-0.632547,4.56684,-225978,-1,1.41531e-09,1,0
0.00164718,-0.371768,0.0350515,-0.633036,4.56526,-225699,-1,7.06057e-10,1,0
0.00164752,-0.371804,0.034999,-0.633123,4.56093,-225675,-1,6.45315e-11,1,0
0.00164871,-0.37198,0.0340355,-0.633013,4.56021,-225618,-1,2.68999e-10,1,0
0.00164922,-0.372547,0.0340292,-0.632719,4.55984,-225892,-1,8.31833e-12,1,0
0.00165036,-0.373918,0.0337831,-0.632386,4.55978,-226567,-1,1.17577e-09,1,0
0.00165114,-0.373045,0.0342316,-0.632312,4.5577,-225932,-1,9.8458e-10,1,0
0.00165152,-0.373498,0.0343685,-0.632397,4.55767,-226154,-1,9.8458e-10,1,0
0.00165236,-0.374497,0.0346709,-0.632586,4.55714,-226644,-1,1.54204e-09,1,0
0.00165306,-0.374372,0.0354902,-0.632261,4.55476,-226472,-1,8.71056e-10,1,0
0.00165366,-0.374593,0.0350559,-0.632705,4.55182,-226524,-1,3.68477e-10,1,0
0.00165469,-0.374346,0.0345479,-0.633001,4.55181,-226233,-1,7.95914e-10,1,0
0.00165632,-0.37283,0.0350553,-0.6343,4.55303,-225095,-1,2.06043e-09,1,0
0.00165719,-0.371918,0.0348268,-0.63486,4.55346,-224428,-1,1.09355e-09,1,0
0.00165781,-0.372023,0.0347753,-0.6356,4.55411,-224406,-1,1.17317e-10,1,0
0.00165829,-0.372185,0.0347659,-0.635948,4.55192,-224438,-1,1.14309e-09,1,0
0.00165959,-0.37276,0.0348593,-0.634935,4.55087,-224610,-1,4.95942e-10,1,0
0.00166097,-0.373453,0.0343333,-0.633944,4.55328,-224841,-1,1.20473e-09,1,0
0.00166177,-0.373099,0.0343235,-0.632996,4.5533,-224519,-1,1.20473e-09,1,0
0.00166321,-0.37246,0.0343058,-0.631285,4.55386,-223941,-1,3.4607e-09,1,0
0.00166415,-0.371838,0.0344305,-0.631196,4.55611,-223440,-1,4.50351e-10,1,0
0.00166455,-0.372048,0.034452,-0.631471,4.5589,-223513,-1,8.52306e-10,1,0
0.00166532,-0.372773,0.0345776,-0.632078,4.55935,-223845,-1,1.33355e-09,1,0
0.00166637,-0.372643,0.0348557,-0.633141,4.56046,-223626,-1,8.10324e-11,1,0
0.0016669,-0.372474,0.034516,-0.633472,4.56104,-223453,-1,4.36846e-10,1,0
0.00166727,-0.372298,0.0346388,-0.633065,4.56105,-223298,-1,4.36846e-10,1,0
0.00166811,-0.371963,0.0347531,-0.632445,4.56001,-222984,-1,2.95509e-11,1,0
0.00166864,-0.372387,0.034387,-0.632809,4.56109,-223168,-1,1.23584e-11,1,0
0.00166943,-0.373025,0.0338458,-0.633355,4.56164,-223445,-1,1.65588e-09,1,0
0.00166999,-0.372533,0.0340511,-0.633468,4.55971,-223075,-1,4.99819e-10,1,0
0.00167011,-0.372419,0.0339476,-0.633441,4.56088,-222990,-1,1.56419e-10,1,0
0.00167096,-0.37319,0.0334247,-0.632949,4.56052,-223338,-1,8.73735e-10,1,0
0.00167258,-0.374802,0.0333699,-0.632062,4.56001,-224086,-1,6.6699e-11,1,0
0.00167327,-0.375611,0.0336619,-0.631917,4.55997,-224478,-1,6.6699e-11,1,0
0.0016745,-0.376384,0.0340059,-0.631419,4.56232,-224774,-1,5.52626e-10,1,0
0.00167631,-0.375926,0.0344456,-0.630579,4.55937,-224258,-1,1.56533e-09,1,0
0.00167669,-0.375736,0.0348802,-0.63058,4.55943,-224094,-1,1.53981e-09,1,0
0.00167795,-0.375236,0.0360076,-0.630644,4.5577,-223628,-1,1.52356e-09,1,0
0.00167888,-0.374575,0.0356231,-0.630891,4.55735,-223110,-1,1.84295e-10,1,0
0.00167911,-0.37478,0.0357805,-0.630924,4.55724,-223202,-1,2.76601e-10,1,0
0.00168028,-0.375543,0.035348,-0.631331,4.55822,-223500,-1,6.25357e-10,1,0
0.00168203,-0.37435,0.0344746,-0.63299,4.55904,-222558,-1,2.4331e-09,1,0
0.00168294,-0.375349,0.0343826,-0.632424,4.55965,-223031,-1,1.13073e-09,1,0
0.00168335,-0.375834,0.0342181,-0.632397,4.55854,-223265,-1,5.37133e-10,1,0
0.00168483,-0.375017,0.0358444,-0.63286,4.55883,-222584,-1,1.87759e-09,1,0
0.00168565,-0.375365,0.0354995,-0.633701,4.55938,-222683,-1,9.46333e-10,1,0
0.00168634,-0.375632,0.0360777,-0.633913,4.5612,-222750,-1,6.05336e-10,1,0
0.00168771,-0.376405,0.0352748,-0.633602,4.56042,-223027,-1,5.65887e-10,1,0
0.0016888,-0.37646,0.0363368,-0.632989,4.55996,-222915,-1,1.23901e-09,1,0
0.00169051,-0.374951,0.0348736,-0.633507,4.56004,-221797,-1,1.23901e-09,1,0
0.00169066,-0.37482,0.0347459,-0.633552,4.56004,-221700,-1,1.23901e-09,1,0
0.00169136,-0.374199,0.034144,-0.633765,4.55871,-221241,-1,3.24439e-09,1,0
0.0016921,-0.374817,0.034686,-0.633418,4.55511,-221510,-1,3.20825e-10,1,0
0.00169312,-0.374255,0.0337727,-0.632694,4.55622,-221044,-1,1.29387e-09,1,0
0.00169368,-0.373632,0.0336393,-0.632971,4.5555,-220603,-1,1.84985e-11,1,0
0.00169381,-0.373484,0.0336108,-0.633033,4.55551,-220499,-1,1.84985e-11,1,0
0.00169561,-0.371954,0.0335945,-0.633001,4.55564,-219363,-1,6.91612e-10,1,0
0.00169674,-0.372123,0.0342618,-0.631772,4.55418,-219316,-1,3.79184e-10,1,0
0.00169791,-0.372469,0.0328575,-0.63146,4.556,-219369,-1,1.47954e-09,1,0
0.00169891,-0.373276,0.033456,-0.630697,4.55596,-219716,-1,1.47954e-09,1,0
0.00169946,-0.373626,0.0334688,-0.630684,4.55526,-219850,-1,1.93351e-10,1,0
0.0017,-0.37348,0.0337844,-0.631158,4.55832,-219694,-1,1.78897e-10,1,0
0.00170055,-0.37344,0.0337438,-0.631288,4.56008,-219600,-1,3.12364e-10,1,0
0.00170184,-0.374642,0.0343223,-0.631054,4.55985,-220140,-1,1.05995e-09,1,0
0.00170221,-0.374653,0.0341112,-0.630821,4.55624,-220098,-1,3.02565e-11,1,0
0.00170337,-0.374465,0.0331223,-0.629949,4.55411,-219838,-1,1.37871e-09,1,0
0.00170389,-0.374462,0.0332192,-0.630242,4.55278,-219769,-1,2.64056e-10,1,0
0.00170461,-0.375095,0.032946,-0.629706,4.55234,-220048,-1,7.42139e-10,1,0
0.0017054,-0.374914,0.0332955,-0.628808,4.55329,-219840,-1,6.92065e-10,1,0
0.00170635,-0.374782,0.0333599,-0.627611,4.55373,-219639,-1,1.03817e-11,1,0
0.0017071,-0.374485,0.0327593,-0.627179,4.55322,-219369,-1,1.31378e-11,1,0
0.00170812,-0.375194,0.0332857,-0.626679,4.55476,-219654,-1,1.11545e-09,1,0
0.00170871,-0.374505,0.0335705,-0.62656,4.55038,-219174,-1,7.5481e-10,1,0
0.00170948,-0.374528,0.0334122,-0.627425,4.54963,-219089,-1,5.80274e-10,1,0
0.00170963,-0.374532,0.0333744,-0.627592,4.54619,-219072,-1,8.05048e-12,1,0
0.00171041,-0.373963,0.033665,-0.62719,4.54297,-218640,-1,8.04379e-10,1,0
0.00171071,-0.374334,0.0336491,-0.627301,4.54352,-218817,-1,3.87846e-10,1,0
0.0017109,-0.374215,0.0334879,-0.627257,4.54301,-218725,-1,2.44451e-11,1,0
0.00171207,-0.374646,0.0322586,-0.626636,4.54366,-218826,-1,2.76863e-10,1,0
0.0017133,-0.373778,0.0320811,-0.627442,4.54212,-218162,-1,1.2938e-09,1,0
0.00171367,-0.374093,0.031882,-0.627722,4.54308,-218300,-1,4.67038e-10,1,0
0.00171462,-0.373064,0.0317499,-0.627102,4.54314,-217578,-1,4.67038e-10,1,0
0.00171596,-0.371628,0.0315656,-0.626237,4.54426,-216572,-1,2.89573e-09,1,0
0.00171702,-0.371797,0.0315877,-0.626931,4.54337,-216536,-1,5.68443e-10,1,0
0.00171851,-0.372514,0.0328771,-0.628097,4.54142,-216765,-1,2.65996e-09,1,0
0.0017192,-0.372324,0.0331005,-0.62838,4.53841,-216569,-1,2.16793e-10,1,0
0.00171963,-0.372481,0.0330655,-0.627878,4.53838,-216605,-1,9.19892e-11,1,0
0.00172064,-0.372899,0.0328285,-0.62669,4.53835,-216720,-1,1.73959e-09,1,0
0.00172123,-0.372746,0.0323787,-0.62724,4.54097,-216558,-1,6.1045e-10,1,0
0.00172183,-0.372756,0.0321928,-0.627782,4.54006,-216488,-1,1.05884e-10,1,0
0.00172258,-0.373301,0.0321705,-0.628525,4.53952,-216710,-1,2.17399e-11,1,0
0.00172324,-0.373607,0.0322311,-0.628263,4.53995,-216805,-1,5.05938e-10,1,0
0.00172448,-0.37284,0.0308648,-0.628368,4.53889,-216204,-1,1.57034e-09,1,0
0.0017252,-0.37228,0.0315011,-0.628692,4.53591,-215790,-1,9.07218e-10,1,0
0.00172554,-0.372578,0.0317105,-0.6286,4.53465,-215919,-1,3.84993e-10,1,0
0.00172645,-0.372631,0.0322145,-0.628762,4.53457,-215837,-1,6.37101e-10,1,0
0.00172701,-0.372723,0.0326825,-0.628238,4.53659,-215820,-1,1.2631e-09,1,0
0.00172814,-0.372946,0.0317959,-0.628305,4.5369,-215808,-1,3.53368e-10,1,0
0.0017289,-0.373312,0.0319699,-0.627429,4.53688,-215924,-1,3.53368e-10,1,0
0.00172987,-0.373709,0.0321079,-0.626332,4.53624,-216033,-1,1.1044e-10,1,0
0.00173055,-0.374,0.0324125,-0.626201,4.53382,-216117,-1,6.03234e-10,1,0
0.00173176,-0.37379,0.0317353,-0.625885,4.53717,-215844,-1,3.1013e-10,1,0
0.00173284,-0.374,0.0314693,-0.626097,4.53598,-215831,-1,6.64306e-10,1,0
0.00173385,-0.373318,0.0312821,-0.625838,4.53284,-215312,-1,1.14413e-09,1,0
0.001734,-0.373303,0.0313707,-0.625987,4.53368,-215284,-1,1.66366e-10,1,0
0.00173463,-0.373306,0.0318917,-0.625486,4.53437,-215208,-1,2.0085e-10,1,0
0.0017363,-0.374548,0.0318127,-0.625037,4.53467,-215716,-1,9.04468e-10,1,0
0.00173768,-0.375005,0.0324508,-0.625784,4.53513,-215808,-1,2.85236e-10,1,0
0.00173796,-0.374798,0.0325611,-0.626007,4.53585,-215654,-1,3.25526e-11,1,0
0.00173869,-0.374219,0.0319122,-0.626296,4.53588,-215231,-1,3.25526e-11,1,0
0.00173929,-0.374024,0.0319623,-0.626671,4.52999,-215044,-1,1.27672e-10,1,0
0.00173951,-0.374078,0.032093,-0.626777,4.52869,-215048,-1,6.45275e-10,1,0
0.00174005,-0.374552,0.0325502,-0.626621,4.52837,-215254,-1,8.05586e-10,1,0
0.00174065,-0.374787,0.0325994,-0.62686,4.52543,-215314,-1,5.043e-10,1,0
0.0017417,-0.37409,0.0323573,-0.626873,4.52194,-214785,-1,8.83299e-11,1,0
0.00174247,-0.374099,0.0316291,-0.627168,4.52117,-214694,-1,1.15031e-09,1,0
0.00174315,-0.374111,0.0314764,-0.627727,4.52228,-214618,-1,2.41838e-10,1,0
0.001744,-0.374298,0.0317394,-0.628725,4.52165,-214621,-1,1.26505e-09,1,0
0.00174503,-0.374645,0.031594,-0.629199,4.52124,-214692,-1,4.92259e-10,1,0
0.00174593,-0.374165,0.03149,-0.628597,4.51769,-214307,-1,3.58142e-10,1,0
0.0017464,-0.374441,0.0311922,-0.628924,4.51829,-214407,-1,5.24325e-11,1,0
0.00174712,-0.373958,0.0308111,-0.628698,4.51959,-214043,-1,1.95591e-10,1,0
0.00174872,-0.373994,0.0302288,-0.627386,4.52069,-213867,-1,1.05998e-09,1,0
0.00174892,-0.37381,0.0301918,-0.627205,4.52077,-213737,-1,1.21908e-09,1,0
0.00174951,-0.374096,0.0296311,-0.627424,4.5213,-213829,-1,3.17967e-10,1,0
0.00175024,-0.374144,0.028803,-0.627803,4.51802,-213768,-1,1.3386e-09,1,0
0.00175105,-0.374567,0.0292632,-0.628257,4.51936,-213910,-1,7.24935e-10,1,0
0.00175153,-0.374931,0.0290218,-0.628561,4.51606,-214059,-1,6.65895e-11,1,0
0.00175315,-0.376854,0.0293431,-0.6285,4.51681,-214958,-1,6.46716e-11,1,0
0.00175405,-0.37797,0.0295285,-0.62843,4.51675,-215484,-1,6.46716e-11,1,0
0.00175459,-0.378021,0.0298922,-0.62868,4.51681,-215447,-1,4.34369e-11,1,0
0.00175556,-0.377462,0.0309041,-0.628516,4.51778,-215010,-1,6.33205e-10,1,0
0.00175659,-0.376493,0.0309128,-0.629061,4.51731,-214332,-1,1.30095e-09,1,0
0.001757,-0.376126,0.030772,-0.629293,4.51754,-214073,-1,6.38684e-11,1,0
0.00175737,-0.375869,0.0310789,-0.629041,4.51755,-213882,-1,6.38684e-11,1,0
0.0017576,-0.375941,0.0311101,-0.629033,4.51881,-213894,-1,4.92957e-11,1,0
0.00175857,-0.376816,0.0305623,-0.629646,4.51379,-214275,-1,2.77144e-10,1,0
0.00176011,-0.377502,0.032366,-0.629868,4.51376,-214477,-1,2.77144e-10,1,0
0.00176058,-0.377391,0.0321258,-0.630284,4.51462,-214357,-1,1.56254e-11,1,0
0.0017616,-0.378367,0.0329159,-0.63001,4.51308,-214786,-1,1.28505e-09,1,0
0.0017632,-0.377486,0.0331408,-0.629117,4.5128,-214092,-1,3.94883e-10,1,0
0.00176407,-0.377459,0.0330761,-0.628533,4.51176,-213971,-1,3.01071e-10,1,0
0.00176482,-0.376575,0.0331062,-0.62824,4.51237,-213379,-1,3.68707e-10,1,0
0.0017655,-0.376513,0.0337842,-0.628387,4.51314,-213262,-1,5.2279e-10,1,0
0.00176637,-0.376661,0.0340203,-0.627807,4.51257,-213240,-1,7.43058e-10,1,0
0.00176651,-0.376642,0.0340209,-0.627722,4.51152,-213212,-1,4.49355e-11,1,0
0.00176786,-0.37766,0.033851,-0.626376,4.51141,-213626,-1,1.69584e-09,1,0
0.00176848,-0.377204,0.0334617,-0.62664,4.51241,-213292,-1,5.20983e-10,1,0
0.00176916,-0.377439,0.0334206,-0.627014,4.51289,-213344,-1,4.948e-10,1,0
0.00177087,-0.376156,0.03425,-0.628539,4.51299,-212413,-1,2.51327e-09,1,0
0.00177127,-0.375889,0.0343114,-0.628942,4.51177,-212214,-1,6.31871e-11,1,0
0.00177152,-0.375987,0.0344619,-0.628942,4.51252,-212240,-1,1.02443e-10,1,0
0.00177175,-0.376035,0.0346191,-0.628913,4.50897,-212239,-1,1.14715e-10,1,0
0.00177263,-0.37513,0.0341767,-0.629296,4.50847,-211623,-1,6.80107e-10,1,0
0.00177337,-0.37499,0.0338252,-0.630077,4.5081,-211456,-1,7.52637e-10,1,0
0.00177406,-0.375453,0.0334113,-0.630333,4.50881,-211636,-1,4.48979e-10,1,0
0.00177559,-0.376327,0.0322356,-0.63043,4.50769,-211945,-1,1.66328e-09,1,0
0.00177637,-0.376477,0.0331935,-0.630599,4.50769,-211936,-1,1.66328e-09,1,0
0.00177659,-0.376531,0.0329821,-0.630503,4.50835,-211940,-1,1.43372e-10,1,0
0.00177757,-0.375487,0.0330802,-0.630119,4.50942,-211236,-1,1.13211e-10,1,0
0.00177825,-0.374999,0.0327241,-0.630438,4.50815,-210880,-1,6.50823e-10,1,0
0.0017796,-0.374229,0.0318803,-0.631698,4.50819,-210288,-1,6.50823e-10,1,0
0.00178052,-0.373707,0.0313074,-0.632553,4.50875,-209886,-1,2.97894e-09,1,0
0.00178076,-0.373766,0.031545,-0.632657,4.51028,-209891,-1,1.1798e-10,1,0
0.00178163,-0.372707,0.0315227,-0.632547,4.50985,-209194,-1,6.98535e-10,1,0
0.00178254,-0.371979,0.0310477,-0.63204,4.51062,-208679,-1,4.2767e-10,1,0
0.00178344,-0.372506,0.0310948,-0.631921,4.50667,-208869,-1,6.4376e-10,1,0
0.00178382,-0.372829,0.0307718,-0.631805,4.50666,-209006,-1,6.15541e-10,1,0
0.00178415,-0.373075,0.0307899,-0.631971,4.50821,-209105,-1,6.87573e-11,1,0
0.00178492,-0.37243,0.030492,-0.632493,4.50744,-208654,-1,1.89745e-10,1,0
0.00178557,-0.373041,0.0307749,-0.632393,4.50533,-208920,-1,8.13471e-12,1,0
0.00178658,-0.373401,0.0298678,-0.633081,4.50562,-209003,-1,1.06021e-09,1,0
0.00178776,-0.372769,0.0288214,-0.633917,4.50615,-208512,-1,1.48121e-09,1,0
0.00178816,-0.372352,0.0289491,-0.633868,4.50551,-208232,-1,4.10513e-10,1,0
0.00178832,-0.37247,0.0289488,-0.633894,4.50395,-208279,-1,1.24379e-10,1,0
0.00178931,-0.372399,0.0286786,-0.634515,4.50259,-208124,-1,7.59212e-10,1,0
0.00178965,-0.372447,0.0286385,-0.634692,4.5019,-208112,-1,7.94215e-11,1,0
0.00179071,-0.372011,0.0290074,-0.635396,4.50253,-207745,-1,9.46878e-10,1,0
0.00179173,-0.372932,0.0297498,-0.635242,4.50348,-208141,-1,7.21475e-10,1,0
0.00179284,-0.372022,0.0300955,-0.634692,4.49953,-207504,-1,7.45552e-12,1,0
0.00179339,-0.37148,0.0299598,-0.635027,4.49784,-207138,-1,9.86747e-10,1,0
0.00179445,-0.370953,0.0311916,-0.634982,4.49581,-206722,-1,1.38004e-09,1,0
0.00179533,-0.371196,0.0305722,-0.635697,4.4955,-206756,-1,3.02791e-10,1,0
0.00179551,-0.37106,0.0304852,-0.635713,4.49508,-206660,-1,2.45138e-11,1,0
0.00179662,-0.371377,0.030401,-0.634847,4.49225,-206708,-1,1.07891e-09,1,0
0.00179774,-0.371056,0.0307335,-0.635775,4.49159,-206401,-1,8.06917e-11,1,0
0.00179855,-0.371583,0.0312649,-0.635934,4.4908,-206602,-1,1.70652e-10,1,0
0.00179897,-0.371493,0.0312039,-0.635819,4.48761,-206503,-1,2.86658e-10,1,0
0.00179926,-0.371353,0.0312163,-0.635953,4.48723,-206392,-1,1.98185e-10,1,0
0.00179975,-0.3709,0.0311734,-0.635654,4.48832,-206084,-1,3.15555e-11,1,0
0.00180122,-0.370726,0.0305782,-0.635709,4.48839,-205819,-1,9.15172e-10,1,0
0.00180141,-0.370575,0.0304074,-0.635617,4.4884,-205713,-1,9.15172e-10,1,0
0.00180293,-0.369406,0.0290851,-0.634903,4.48855,-204892,-1,2.26987e-09,1,0
0.0018031,-0.369454,0.0289569,-0.634835,4.48663,-204899,-1,5.80076e-11,1,0
0.00180429,-0.368619,0.0278033,-0.634988,4.48431,-204302,-1,2.21388e-10,1,0
0.00180539,-0.367735,0.026744,-0.635147,4.48526,-203687,-1,2.76809e-09,1,0
0.00180623,-0.368522,0.0271699,-0.6353,4.48614,-204028,-1,9.27822e-10,1,0
0.00180645,-0.368622,0.0272503,-0.635455,4.49026,-204059,-1,1.8954e-10,1,0
0.0018074,-0.369363,0.0270588,-0.634747,4.48998,-204361,-1,1.07912e-09,1,0
0.00180871,-0.368522,0.0267299,-0.634544,4.49382,-203748,-1,9.55634e-10,1,0
0.0018095,-0.368675,0.0265273,-0.634025,4.4946,-203745,-1,6.75223e-10,1,0
0.00181023,-0.368552,0.0258099,-0.633513,4.49569,-203594,-1,2.44053e-10,1,0
0.00181059,-0.368528,0.0254097,-0.633301,4.4951,-203540,-1,1.13336e-09,1,0
0.00181197,-0.367904,0.0263445,-0.633621,4.49265,-203042,-1,6.23263e-10,1,0
0.00181283,-0.367177,0.0258742,-0.634188,4.49535,-202543,-1,4.62204e-10,1,0
0.00181351,-0.366826,0.0262051,-0.633726,4.49546,-202273,-1,2.55134e-10,1,0
0.0018141,-0.366924,0.0259561,-0.633918,4.49487,-202262,-1,3.04046e-10,1,0
0.00181506,-0.366154,0.0259915,-0.634311,4.49501,-201731,-1,2.99036e-10,1,0
0.00181565,-0.365434,0.0261179,-0.634428,4.49505,-201269,-1,2.99036e-10,1,0
0.00181693,-0.365165,0.0272066,-0.634865,4.4944,-200979,-1,1.07893e-09,1,0
0.00181824,-0.365444,0.0274405,-0.635177,4.49426,-200988,-1,2.06829e-10,1,0
0.0018193,-0.365689,0.0273925,-0.634161,4.4948,-201005,-1,2.30625e-10,1,0
0.0018201,-0.365625,0.027527,-0.634314,4.49701,-200882,-1,6.07331e-10,1,0
0.00182091,-0.365855,0.0267957,-0.634179,4.49265,-200919,-1,4.47141e-10,1,0
0.00182198,-0.36497,0.0259977,-0.634408,4.49359,-200316,-1,8.12617e-10,1,0
0.00182245,-0.364682,0.0259558,-0.634699,4.49572,-200105,-1,1.89392e-10,1,0
0.00182271,-0.364808,0.0258044,-0.634645,4.49534,-200145,-1,1.09026e-10,1,0
0.00182287,-0.36495,0.0258475,-0.634687,4.49632,-200206,-1,3.16411e-11,1,0
0.00182414,-0.363744,0.0258207,-0.634531,4.49649,-199406,-1,1.35663e-09,1,0
0.00182472,-0.364032,0.0257569,-0.635056,4.49571,-199501,-1,1.38661e-10,1,0
0.00182532,-0.363715,0.0253348,-0.635178,4.4948,-199261,-1,1.75793e-10,1,0
0.00182578,-0.363312,0.0254016,-0.635021,4.49729,-198991,-1,2.02534e-11,1,0
0.00182621,-0.363132,0.025148,-0.63468,4.49888,-198844,-1,3.61493e-10,1,0
0.0018274,-0.364118,0.026268,-0.634717,4.49863,-199255,-1,1.49275e-09,1,0
0.00182866,-0.364489,0.0266063,-0.633805,4.49809,-199321,-1,1.209e-09,1,0
0.00182882,-0.364667,0.0266313,-0.633734,4.49795,-199400,-1,3.86974e-10,1,0
0.00182957,-0.364222,0.0261247,-0.633347,4.49722,-199075,-1,3.01171e-10,1,0
0.00182979,-0.364101,0.0259288,-0.633414,4.49682,-198985,-1,9.3292e-10,1,0
0.00183056,-0.363655,0.0255068,-0.633871,4.49894,-198658,-1,3.17798e-10,1,0
0.00183184,-0.36299,0.0265873,-0.634202,4.49743,-198156,-1,1.00793e-09,1,0
0.00183268,-0.362751,0.0271706,-0.635042,4.49732,-197935,-1,1.79076e-09,1,0
0.00183412,-0.361129,0.0278104,-0.634797,4.49663,-196894,-1,4.94901e-10,1,0
0.00183473,-0.360826,0.0271333,-0.634987,4.49594,-196664,-1,7.65644e-10,1,0
0.00183581,-0.360886,0.0262458,-0.633963,4.49594,-196581,-1,7.65644e-10,1,0
0.00183775,-0.360993,0.0246516,-0.632124,4.49635,-196433,-1,3.79243e-09,1,0
0.00183838,-0.361502,0.0249882,-0.632551,4.49643,-196641,-1,8.92362e-11,1,0
0.00184004,-0.363067,0.0260665,-0.631791,4.49303,-197315,-1,4.24541e-11,1,0
0.00184203,-0.362155,0.0279168,-0.632608,4.49312,-196606,-1,5.1722e-10,1,0
0.00184279,-0.362207,0.0283135,-0.632422,4.49026,-196553,-1,1.71155e-10,1,0
0.00184402,-0.361344,0.0278189,-0.631483,4.49109,-195954,-1,4.12369e-10,1,0
0.00184449,-0.361382,0.0279113,-0.631008,4.49069,-195925,-1,7.67619e-11,1,0
0.00184549,-0.362152,0.028764,-0.631492,4.49066,-196236,-1,1.16843e-09,1,0
0.00184595,-0.362286,0.0285693,-0.631372,4.49203,-196260,-1,1.14517e-10,1,0
0.00184641,-0.36243,0.0281469,-0.631056,4.4913,-196290,-1,5.51606e-10,1,0
0.00184744,-0.362794,0.027312,-0.630128,4.49137,-196376,-1,1.69049e-09,1,0
0.00184893,-0.363837,0.0267401,-0.629129,4.49434,-196782,-1,1.26042e-09,1,0
0.0018494,-0.3641,0.0264214,-0.629478,4.49485,-196875,-1,2.1484e-10,1,0
0.0018504,-0.364286,0.0268673,-0.630636,4.49664,-196869,-1,1.25468e-09,1,0
0.00185134,-0.364921,0.0259585,-0.630784,4.49481,-197111,-1,1.07925e-09,1,0
0.00185154,-0.365044,0.0259487,-0.630989,4.49421,-197157,-1,3.48435e-10,1,0
0.0018525,-0.36585,0.0256933,-0.631676,4.49401,-197490,-1,1.07909e-09,1,0
0.00185344,-0.3653,0.0253598,-0.630691,4.49404,-197094,-1,1.07909e-09,1,0
0.00185472,-0.365365,0.0242307,-0.631395,4.49574,-196992,-1,1.39746e-09,1,0
0.00185496,-0.365644,0.024339,-0.63145,4.49573,-197117,-1,1.39746e-09,1,0
0.00185569,-0.366332,0.0248877,-0.631683,4.49268,-197410,-1,7.28378e-10,1,0
0.00185725,-0.364512,0.0252562,-0.631091,4.49516,-196265,-1,1.72369e-09,1,0
0.00185808,-0.364819,0.0248397,-0.630351,4.49543,-196342,-1,7.03646e-10,1,0
0.00185917,-0.365428,0.0237176,-0.630416,4.49524,-196555,-1,5.78464e-11,1,0
0.00185969,-0.36581,0.0237986,-0.630597,4.49508,-196705,-1,3.58666e-10,1,0
0.00186017,-0.365726,0.0235089,-0.630607,4.49238,-196609,-1,3.22873e-10,1,0
0.00186108,-0.366254,0.0231101,-0.63149,4.49127,-196796,-1,1.11291e-09,1,0
0.00186254,-0.367397,0.0234204,-0.631587,4.49126,-197256,-1,8.46936e-10,1,0
0.00186427,-0.368383,0.0231916,-0.631264,4.49561,-197602,-1,1.10116e-09,1,0
0.00186518,-0.368686,0.0229982,-0.631529,4.49224,-197668,-1,6.38811e-10,1,0
0.00186587,-0.368389,0.0229556,-0.63153,4.49072,-197436,-1,5.65978e-10,1,0
0.00186696,-0.368403,0.0227169,-0.632359,4.49025,-197328,-1,8.79042e-10,1,0
0.0018687,-0.368064,0.0214281,-0.632873,4.4915,-196962,-1,8.14052e-10,1,0
0.00186946,-0.368315,0.0208813,-0.63343,4.48898,-197017,-1,1.27186e-10,1,0
0.00187054,-0.368752,0.0209109,-0.633122,4.49249,-197137,-1,6.92484e-10,1,0
0.00187103,-0.368923,0.0214293,-0.633299,4.48987,-197176,-1,6.97387e-10,1,0
0.00187184,-0.368646,0.0218002,-0.633214,4.49134,-196942,-1,3.26409e-10,1,0
0.00187229,-0.36823,0.0220177,-0.633397,4.49182,-196673,-1,2.39165e-10,1,0
0.00187355,-0.368645,0.0211216,-0.632813,4.49363,-196763,-1,1.07916e-09,1,0
0.00187407,-0.368859,0.0209475,-0.632963,4.49191,-196823,-1,1.94116e-10,1,0
0.00187469,-0.369126,0.0205858,-0.633612,4.49212,-196899,-1,1.08572e-09,1,0
0.00187503,-0.368827,0.020575,-0.633457,4.49135,-196704,-1,3.78441e-10,1,0
0.00187557,-0.369025,0.0205252,-0.633448,4.49039,-196753,-1,2.82065e-10,1,0
0.00187699,-0.367554,0.0201036,-0.633463,4.49322,-195821,-1,6.95268e-10,1,0
0.00187786,-0.367993,0.0191509,-0.633146,4.4932,-195964,-1,6.95268e-10,1,0
0.00187835,-0.368049,0.0188685,-0.633407,4.49643,-195943,-1,7.34304e-11,1,0
0.00187873,-0.368039,0.0191682,-0.633706,4.49516,-195898,-1,1.62786e-10,1,0
0.00187997,-0.369545,0.0195316,-0.633856,4.49508,-196570,-1,1.62786e-10,1,0
0.00188012,-0.369718,0.0195698,-0.633846,4.49507,-196646,-1,2.98069e-11,1,0
0.00188104,-0.369821,0.0203095,-0.633029,4.496,-196605,-1,1.1202e-09,1,0
0.00188159,-0.370303,0.0201918,-0.632716,4.49517,-196803,-1,6.2852e-10,1,0
0.00188356,-0.370508,0.0210714,-0.634255,4.49542,-196706,-1,6.02409e-10,1,0
0.0018842,-0.371053,0.021393,-0.634463,4.49675,-196929,-1,2.27851e-10,1,0
0.0018847,-0.371416,0.0211831,-0.634419,4.49499,-197069,-1,3.44241e-10,1,0
0.00188515,-0.371915,0.0214144,-0.634557,4.49497,-197287,-1,3.44241e-10,1,0
0.00188608,-0.372943,0.0218905,-0.634843,4.49518,-197734,-1,1.94602e-09,1,0
0.00188679,-0.372858,0.0221291,-0.634312,4.49125,-197615,-1,5.57634e-10,1,0
0.00188756,-0.372683,0.0223286,-0.634161,4.49155,-197442,-1,8.14765e-10,1,0
0.00188827,-0.37292,0.0231754,-0.634371,4.49089,-197492,-1,1.38923e-09,1,0
0.00189003,-0.374602,0.0245768,-0.634081,4.49053,-198199,-1,2.20907e-09,1,0
0.0018907,-0.374787,0.0240129,-0.633663,4.49075,-198227,-1,7.65511e-10,1,0
0.00189126,-0.374563,0.0239812,-0.633714,4.48882,-198050,-1,4.05722e-10,1,0
0.00189162,-0.374593,0.0242325,-0.633577,4.49079,-198027,-1,9.36293e-11,1,0
0.0018922,-0.374467,0.0240614,-0.633412,4.48888,-197900,-1,1.02955e-10,1,0
0.00189287,-0.374309,0.0241497,-0.633801,4.48577,-197747,-1,4.8309e-10,1,0
0.00189344,-0.374102,0.0243283,-0.633545,4.4848,-197578,-1,3.66328e-10,1,0
0.00189455,-0.372866,0.0237967,-0.633167,4.48508,-196810,-1,1.74983e-09,1,0
0.00189607,-0.373173,0.0226058,-0.632015,4.4865,-196814,-1,1.05503e-09,1,0
0.00189771,-0.374075,0.0230725,-0.630937,4.48546,-197118,-1,9.90902e-10,1,0
0.00189857,-0.373891,0.0225303,-0.630943,4.48596,-196933,-1,2.83349e-10,1,0
0.00189918,-0.373466,0.0223081,-0.6307,4.48673,-196646,-1,3.06313e-10,1,0
0.00189985,-0.373077,0.0221116,-0.630177,4.48755,-196372,-1,1.22659e-10,1,0
0.00190043,-0.372578,0.0224015,-0.630507,4.48903,-196049,-1,5.48817e-10,1,0
0.00190212,-0.373392,0.0214693,-0.631013,4.49022,-196303,-1,6.80684e-10,1,0
0.00190335,-0.373224,0.0208192,-0.632351,4.49048,-196088,-1,8.1757e-11,1,0
0.00190404,-0.372672,0.0206816,-0.632479,4.48684,-195727,-1,3.61374e-10,1,0
0.00190489,-0.373173,0.0209292,-0.633385,4.48914,-195903,-1,1.06453e-09,1,0
0.00190607,-0.372983,0.0216544,-0.632098,4.48915,-195682,-1,1.06453e-09,1,0
0.00190719,-0.373881,0.022649,-0.631707,4.48556,-196038,-1,1.50438e-09,1,0
0.00190818,-0.374629,0.0232606,-0.631584,4.48666,-196328,-1,1.38905e-10,1,0
0.00190877,-0.375248,0.0233154,-0.631827,4.48759,-196592,-1,4.00103e-11,1,0
0.0019093,-0.375664,0.0231193,-0.632091,4.48899,-196755,-1,1.13714e-10,1,0
0.00191031,-0.376247,0.0227397,-0.632897,4.48901,-196956,-1,1.20203e-09,1,0
0.00191154,-0.376463,0.0237034,-0.634084,4.48858,-196942,-1,1.84524e-09,1,0
0.00191197,-0.376939,0.0234666,-0.63403,4.48856,-197148,-1,1.84524e-09,1,0
0.00191259,-0.37729,0.0230015,-0.634121,4.48898,-197267,-1,2.98581e-10,1,0
0.00191393,-0.376715,0.023805,-0.632747,4.48901,-196828,-1,2.98581e-10,1,0
0.00191445,-0.376869,0.0233703,-0.632517,4.48902,-196855,-1,1.80633e-09,1,0
0.00191579,-0.377465,0.0218568,-0.632094,4.48911,-197028,-1,2.2237e-09,1,0
0.00191744,-0.375831,0.0207471,-0.63145,4.48919,-196006,-1,2.2237e-09,1,0
0.00191806,-0.375248,0.0206911,-0.631122,4.48899,-195640,-1,3.73984e-10,1,0
0.0019187,-0.374804,0.0200484,-0.6309,4.49054,-195342,-1,8.12295e-10,1,0
0.00191898,-0.374927,0.0201663,-0.630748,4.49552,-195379,-1,1.42398e-10,1,0
0.00191944,-0.374597,0.020279,-0.630404,4.49908,-195160,-1,4.72293e-10,1,0
0.00192153,-0.375514,0.020409,-0.630726,4.49756,-195424,-1,1.70055e-09,1,0
0.00192223,-0.376354,0.0206477,-0.630642,4.49751,-195790,-1,1.70055e-09,1,0
0.0019226,-0.376429,0.0204015,-0.630718,4.49914,-195791,-1,1.03341e-09,1,0
0.00192389,-0.376399,0.0190908,-0.631604,4.49981,-195645,-1,7.28968e-10,1,0
0.00192433,-0.37624,0.0193713,-0.631671,4.50013,-195517,-1,1.33919e-09,1,0
0.00192452,-0.376144,0.0195781,-0.631654,4.49804,-195448,-1,8.8739e-12,1,0
0.00192591,-0.376495,0.0186275,-0.630896,4.49544,-195490,-1,1.45747e-09,1,0
0.00192774,-0.3773,0.0206253,-0.6306,4.49571,-195721,-1,1.69587e-09,1,0
0.00192934,-0.378754,0.0220032,-0.630496,4.49564,-196313,-1,1.69587e-09,1,0
0.00193031,-0.378997,0.0229975,-0.630661,4.49558,-196340,-1,5.01333e-10,1,0
0.00193059,-0.379211,0.0231141,-0.630889,4.49767,-196423,-1,1.01267e-10,1,0
0.00193142,-0.378458,0.0237513,-0.631057,4.49568,-195948,-1,6.37873e-11,1,0
0.00193187,-0.378556,0.0236194,-0.63085,4.49433,-195953,-1,1.91537e-10,1,0
0.00193221,-0.378633,0.0233979,-0.630759,4.49635,-195959,-1,3.33535e-10,1,0
0.00193246,-0.378435,0.0232223,-0.63057,4.49683,-195830,-1,3.25106e-10,1,0
0.0019335,-0.377741,0.0239409,-0.630337,4.4996,-195366,-1,7.06545e-10,1,0
0.00193421,-0.377528,0.0232965,-0.63043,4.49911,-195184,-1,7.41696e-10,1,0
0.00193487,-0.37766,0.0235082,-0.631186,4.5005,-195187,-1,5.29719e-10,1,0
0.00193582,-0.378172,0.0231429,-0.631458,4.49982,-195355,-1,7.05149e-10,1,0
0.00193673,-0.377964,0.022939,-0.63215,4.49866,-195156,-1,5.96561e-10,1,0
0.00193768,-0.377491,0.0229217,-0.632762,4.49639,-194816,-1,2.5893e-10,1,0
0.00193903,-0.377856,0.0231678,-0.633203,4.49267,-194868,-1,1.74538e-09,1,0
0.00194016,-0.379011,0.0236431,-0.63283,4.49237,-195350,-1,2.79379e-10,1,0
0.00194191,-0.380082,0.0249604,-0.633197,4.49253,-195726,-1,9.66557e-10,1,0
0.00194231,-0.380309,0.0253601,-0.633115,4.49374,-195802,-1,9.24458e-11,1,0
0.00194291,-0.380412,0.0251705,-0.633133,4.48979,-195795,-1,2.75633e-10,1,0
0.00194352,-0.379851,0.0247984,-0.633197,4.48397,-195444,-1,5.89351e-10,1,0
0.00194461,-0.379849,0.0256554,-0.633269,4.4828,-195335,-1,1.01385e-09,1,0
0.00194514,-0.379722,0.0254223,-0.633876,4.48419,-195216,-1,1.01317e-09,1,0
0.00194601,-0.379337,0.0261706,-0.634577,4.48439,-194931,-1,1.09545e-09,1,0
0.00194665,-0.379027,0.0261362,-0.633905,4.48356,-194707,-1,5.63219e-10,1,0
0.00194776,-0.379763,0.0266533,-0.633701,4.48107,-194974,-1,9.76642e-10,1,0
0.00194916,-0.381138,0.0257513,-0.633651,4.48155,-195540,-1,1.6037e-09,1,0
0.00194964,-0.381079,0.0252907,-0.633378,4.48189,-195462,-1,4.93134e-11,1,0
0.00195024,-0.381619,0.0257045,-0.63332,4.48385,-195678,-1,4.94913e-11,1,0
0.00195086,-0.381915,0.0259485,-0.633759,4.48034,-195768,-1,4.66603e-10,1,0
0.00195133,-0.381697,0.0255773,-0.633715,4.4805,-195609,-1,3.00816e-10,1,0
0.0019533,-0.382141,0.0239526,-0.635531,4.48068,-195639,-1,2.63412e-09,1,0
0.00195448,-0.383463,0.0239327,-0.63619,4.48062,-196198,-1,2.63412e-09,1,0
0.00195561,-0.384756,0.0239465,-0.636729,4.48263,-196744,-1,1.73447e-10,1,0
0.00195648,-0.384825,0.0229508,-0.636655,4.48241,-196693,-1,3.33456e-10,1,0
0.00195787,-0.384219,0.0217524,-0.636535,4.48323,-196243,-1,7.88785e-10,1,0
0.00195867,-0.384208,0.0207986,-0.636859,4.48323,-196157,-1,7.88785e-10,1,0
0.00195925,-0.38433,0.02043,-0.637313,4.48392,-196162,-1,3.6146e-10,1,0
0.0019599,-0.384473,0.020867,-0.637258,4.48556,-196170,-1,6.13683e-11,1,0
0.00196099,-0.385024,0.019799,-0.637785,4.4845,-196341,-1,2.51507e-10,1,0
0.00196138,-0.384708,0.0201015,-0.637858,4.48457,-196142,-1,3.59888e-10,1,0
0.00196225,-0.384066,0.0207169,-0.638196,4.48247,-195727,-1,5.97523e-10,1,0
0.00196346,-0.382903,0.0216417,-0.637877,4.48195,-195014,-1,2.02409e-09,1,0
0.00196504,-0.381546,0.0213894,-0.639291,4.48202,-194167,-1,2.02409e-09,1,0
0.00196583,-0.381127,0.0209373,-0.638946,4.4831,-193876,-1,7.20507e-10,1,0
0.00196648,-0.381885,0.0207385,-0.638859,4.48334,-194198,-1,7.94665e-10,1,0
0.00196682,-0.381629,0.0205849,-0.638743,4.48195,-194034,-1,1.96187e-10,1,0
0.00196708,-0.381378,0.0205461,-0.638525,4.48196,-193880,-1,1.96187e-10,1,0
0.00196823,-0.380804,0.021289,-0.638487,4.48111,-193475,-1,1.0885e-09,1,0
0.00196895,-0.381185,0.0211251,-0.638592,4.47962,-193598,-1,6.12823e-10,1,0
0.00197017,-0.380617,0.0207568,-0.637432,4.48024,-193190,-1,9.23056e-10,1,0
0.00197114,-0.379787,0.0200971,-0.637453,4.48074,-192673,-1,1.20435e-09,1,0
0.00197191,-0.37918,0.0198872,-0.63777,4.48052,-192291,-1,3.69281e-10,1,0
0.00197244,-0.378998,0.0195993,-0.637423,4.4786,-192147,-1,2.58273e-11,1,0
0.00197309,-0.379062,0.0193486,-0.636891,4.47823,-192116,-1,2.12185e-11,1,0
0.00197398,-0.378534,0.0196325,-0.636045,4.47646,-191762,-1,7.8685e-10,1,0
0.00197458,-0.377811,0.0195981,-0.635889,4.47642,-191337,-1,6.96958e-10,1,0
0.00197612,-0.376458,0.0198061,-0.636289,4.47587,-190504,-1,1.56351e-09,1,0
0.00197702,-0.37628,0.0208337,-0.636659,4.47293,-190327,-1,1.0789e-09,1,0
0.00197795,-0.37635,0.0205813,-0.636266,4.4723,-190273,-1,5.46453e-10,1,0
0.00197919,-0.37702,0.0198012,-0.635328,4.47175,-190492,-1,1.19894e-09,1,0
0.00198042,-0.376615,0.0194727,-0.633874,4.47177,-190169,-1,1.19894e-09,1,0
0.00198065,-0.376514,0.0195215,-0.63374,4.46897,-190096,-1,9.14658e-11,1,0
0.00198134,-0.376317,0.0187425,-0.633585,4.4678,-189930,-1,1.12635e-10,1,0
0.00198187,-0.376316,0.018788,-0.633745,4.47052,-189879,-1,1.72556e-10,1,0
0.0019827,-0.376071,0.0178462,-0.633476,4.47067,-189676,-1,1.3519e-10,1,0
0.00198323,-0.375945,0.017232,-0.633257,4.47067,-189562,-1,1.3519e-10,1,0
0.00198419,-0.375717,0.0161207,-0.632861,4.47068,-189356,-1,1.3519e-10,1,0
0.00198436,-0.375793,0.0162365,-0.63278,4.47014,-189377,-1,1.84052e-10,1,0
0.00198484,-0.375426,0.0163226,-0.632606,4.46744,-189147,-1,1.84805e-10,1,0
0.00198627,-0.376257,0.0164438,-0.63294,4.46871,-189429,-1,8.68021e-10,1,0
0.00198789,-0.377952,0.015892,-0.631962,4.46863,-190127,-1,8.68021e-10,1,0
0.00198878,-0.378812,0.0155404,-0.631798,4.46711,-190475,-1,1.57515e-10,1,0
0.00198933,-0.378623,0.0154385,-0.632165,4.46433,-190327,-1,2.15446e-10,1,0
0.00198957,-0.378567,0.0152925,-0.631983,4.46661,-190276,-1,1.19127e-10,1,0
0.00199034,-0.378847,0.0148806,-0.631547,4.46871,-190343,-1,9.54237e-10,1,0
0.00199092,-0.379214,0.0154076,-0.631888,4.46879,-190472,-1,9.15425e-10,1,0
0.00199169,-0.379588,0.0147645,-0.632182,4.46799,-190586,-1,6.30759e-10,1,0
0.00199296,-0.38069,0.0137177,-0.631697,4.46541,-191017,-1,1.89344e-09,1,0
0.00199319,-0.380544,0.0136952,-0.631453,4.46743,-190922,-1,2.84616e-10,1,0
0.00199448,-0.381895,0.0145764,-0.631551,4.46736,-191476,-1,2.84616e-10,1,0
0.00199467,-0.382101,0.0147103,-0.631566,4.46735,-191561,-1,2.84616e-10,1,0
0.00199579,-0.381652,0.0141174,-0.631329,4.46951,-191229,-1,2.18085e-09,1,0
0.00199648,-0.381173,0.0142331,-0.631634,4.46931,-190923,-1,4.09198e-10,1,0
0.00199735,-0.380818,0.0150217,-0.631444,4.46828,-190662,-1,1.00393e-09,1,0
0.00199801,-0.381112,0.0157842,-0.631283,4.46546,-190746,-1,1.27535e-09,1,0
0.0019986,-0.38169,0.0153934,-0.631537,4.46609,-190978,-1,7.42088e-10,1,0
0.00199961,-0.381644,0.0158592,-0.63267,4.46323,-190859,-1,1.06503e-09,1,0
0.00200001,-0.381681,0.0160293,-0.632738,4.46294,-190840,-1,2.72081e-10,1,0
0.00200077,-0.38189,0.0159413,-0.631802,4.46292,-190871,-1,2.72081e-10,1,0
0.00200183,-0.38212,0.0164368,-0.630635,4.46307,-190885,-1,1.07899e-09,1,0
0.00200323,-0.381228,0.0166225,-0.631006,4.46093,-190307,-1,1.04498e-09,1,0
0.00200427,-0.38078,0.0163759,-0.631407,4.45998,-189984,-1,5.39312e-10,1,0
0.00200462,-0.380516,0.0164456,-0.631748,4.46056,-189820,-1,1.27698e-09,1,0
0.00200494,-0.380364,0.0162586,-0.631771,4.4629,-189714,-1,2.10907e-10,1,0
0.00200649,-0.378671,0.0153523,-0.631494,4.46206,-188724,-1,1.93967e-09,1,0
0.00200673,-0.378789,0.0153798,-0.631328,4.45926,-188759,-1,1.3413e-10,1,0
0.00200847,-0.379555,0.0143684,-0.631612,4.45807,-188978,-1,4.08797e-10,1,0
0.00200886,-0.379645,0.0142402,-0.631862,4.45697,-188985,-1,1.36042e-09,1,0
0.00200978,-0.379875,0.0137893,-0.630936,4.45843,-189013,-1,1.07911e-09,1,0
0.00201061,-0.380466,0.0132418,-0.631043,4.45945,-189229,-1,2.59512e-10,1,0
0.00201198,-0.382116,0.0132155,-0.631507,4.45937,-189920,-1,2.59512e-10,1,0
0.0020126,-0.382053,0.0137262,-0.631343,4.45783,-189831,-1,4.77054e-10,1,0
0.00201296,-0.381745,0.0134634,-0.631492,4.4581,-189643,-1,1.36461e-10,1,0
0.00201352,-0.38133,0.0129291,-0.631657,4.46027,-189384,-1,1.01985e-09,1,0
0.00201495,-0.383082,0.0132896,-0.631632,4.46019,-190120,-1,1.01985e-09,1,0
0.00201611,-0.383741,0.0124868,-0.632471,4.46097,-190337,-1,1.96828e-09,1,0
0.00201736,-0.38305,0.0113547,-0.633148,4.46205,-189877,-1,1.44422e-09,1,0
0.002018,-0.382943,0.0107394,-0.63315,4.46238,-189764,-1,3.66494e-10,1,0
0.00201825,-0.383032,0.010653,-0.63291,4.46275,-189785,-1,1.87184e-10,1,0
0.00201856,-0.382921,0.0103905,-0.632754,4.46316,-189700,-1,2.57194e-11,1,0
0.0020193,-0.383781,0.0104062,-0.6331,4.46312,-190057,-1,2.57194e-11,1,0
0.00202047,-0.38516,0.0104995,-0.633507,4.46421,-190630,-1,3.80751e-10,1,0
0.00202078,-0.385348,0.0103005,-0.633753,4.46678,-190693,-1,3.73962e-10,1,0
0.00202133,-0.385232,0.0106405,-0.633682,4.46246,-190584,-1,2.92765e-10,1,0
0.00202236,-0.38581,0.0105267,-0.63276,4.46458,-190772,-1,6.75922e-10,1,0
0.00202254,-0.385915,0.0104508,-0.632575,4.46666,-190807,-1,1.25782e-09,1,0
0.00202281,-0.386177,0.0104182,-0.632796,4.47105,-190911,-1,2.09818e-13,1,0
0.00202402,-0.387335,0.0102749,-0.633769,4.47099,-191369,-1,2.09818e-13,1,0
0.00202428,-0.38758,0.0102447,-0.633974,4.47264,-191465,-1,2.18408e-09,1,0
0.00202497,-0.387139,0.00993594,-0.634638,4.47261,-191183,-1,8.12515e-10,1,0
0.00202548,-0.386596,0.00974438,-0.634917,4.47299,-190867,-1,1.46573e-11,1,0
0.00202672,-0.387857,0.0106183,-0.635198,4.47399,-191372,-1,1.55977e-09,1,0
0.00202676,-0.387819,0.0106364,-0.635187,4.47598,-191350,-1,4.99639e-13,1,0
0.00202696,-0.38768,0.0106061,-0.635018,4.479,-191262,-1,1.76796e-10,1,0
0.00202873,-0.387833,0.0097817,-0.63524,4.47658,-191170,-1,6.32186e-10,1,0
0.0020296,-0.387983,0.00973414,-0.636255,4.47696,-191162,-1,7.5553e-11,1,0
0.00203021,-0.387275,0.00944705,-0.636268,4.47699,-190756,-1,7.5553e-11,1,0
0.00203102,-0.386333,0.00906475,-0.636285,4.47704,-190216,-1,7.5553e-11,1,0
0.00203209,-0.385862,0.00908555,-0.635495,4.47584,-189885,-1,8.26723e-10,1,0
0.00203279,-0.386542,0.00901483,-0.635243,4.47566,-190153,-1,5.3823e-10,1,0
0.00203331,-0.3862,0.00914426,-0.635225,4.47393,-189937,-1,4.46385e-10,1,0
0.00203437,-0.385592,0.00980331,-0.635673,4.47359,-189538,-1,6.77183e-10,1,0
0.00203528,-0.385934,0.0101944,-0.636176,4.47443,-189622,-1,5.98365e-10,1,0
0.00203574,-0.385686,0.00976594,-0.636135,4.47319,-189457,-1,2.46449e-10,1,0
0.00203721,-0.38544,0.00815869,-0.635427,4.47384,-189200,-1,2.10562e-09,1,0
0.00203817,-0.386391,0.00809767,-0.635213,4.47211,-189578,-1,3.26621e-10,1,0
0.00203853,-0.38657,0.0084142,-0.635165,4.47015,-189632,-1,1.68826e-10,1,0
0.0020391,-0.38703,0.00883198,-0.634905,4.47229,-189804,-1,3.42281e-10,1,0
0.00203938,-0.387097,0.00867502,-0.634836,4.4744,-189811,-1,2.39266e-10,1,0
0.00204063,-0.386644,0.00891227,-0.634326,4.47156,-189472,-1,8.02819e-10,1,0
0.0020416,-0.386451,0.00852719,-0.633537,4.47318,-189289,-1,2.01065e-10,1,0
0.0020431,-0.385555,0.00809976,-0.631995,4.47149,-188711,-1,7.36872e-10,1,0
0.00204407,-0.385834,0.00881224,-0.631729,4.46989,-188758,-1,6.69214e-10,1,0
0.00204498,-0.386335,0.00878567,-0.631805,4.46929,-188919,-1,6.25699e-10,1,0
0.00204612,-0.38629,0.00762028,-0.632545,4.46919,-188792,-1,1.02306e-09,1,0
0.00204717,-0.386872,0.00737342,-0.633655,4.46929,-188978,-1,1.08362e-09,1,0
0.00204823,-0.387608,0.00731364,-0.633412,4.46621,-189240,-1,3.02663e-11,1,0
0.00204978,-0.389053,0.00772059,-0.634642,4.46955,-189803,-1,1.94129e-09,1,0
0.0020515,-0.387165,0.00861848,-0.634336,4.47019,-188723,-1,1.08475e-09,1,0
0.00205191,-0.387222,0.00850368,-0.634196,4.4709,-188713,-1,2.86213e-10,1,0
0.00205286,-0.387625,0.0082013,-0.634416,4.4708,-188822,-1,1.0121e-09,1,0
0.00205375,-0.387697,0.00839792,-0.633784,4.47046,-188775,-1,4.27306e-10,1,0
0.00205413,-0.387491,0.00847855,-0.633372,4.4708,-188640,-1,4.67688e-10,1,0
0.00205527,-0.386639,0.00743956,-0.632857,4.47084,-188120,-1,4.67688e-10,1,0
0.00205547,-0.386699,0.00729289,-0.632781,4.47113,-188132,-1,1.46623e-10,1,0
0.00205603,-0.387344,0.00727624,-0.633078,4.4711,-188394,-1,1.46623e-10,1,0
0.00205663,-0.387673,0.00730294,-0.633418,4.46678,-188499,-1,7.42173e-12,1,0
0.00205713,-0.387598,0.00747275,-0.633737,4.46521,-188417,-1,2.19149e-10,1,0
0.00205894,-0.388252,0.00735227,-0.635913,4.46525,-188569,-1,2.32463e-09,1,0
0.00205909,-0.388232,0.00736335,-0.636092,4.46301,-188545,-1,1.43203e-10,1,0
0.0020601,-0.388456,0.00787318,-0.63525,4.46303,-188561,-1,1.07874e-09,1,0
0.00206079,-0.388422,0.00817257,-0.636014,4.46141,-188482,-1,8.23524e-10,1,0
0.00206198,-0.38847,0.00883532,-0.635532,4.4616,-188396,-1,3.73326e-10,1,0
0.00206344,-0.388492,0.00765518,-0.63544,4.45925,-188274,-1,5.24778e-10,1,0
0.00206461,-0.389847,0.0070971,-0.63542,4.4618,-188824,-1,1.46576e-09,1,0
0.00206587,-0.38913,0.00672418,-0.636784,4.46183,-188361,-1,1.46576e-09,1,0
0.00206663,-0.388784,0.00655664,-0.63747,4.46003,-188125,-1,2.44879e-09,1,0
0.00206714,-0.388992,0.00681228,-0.637077,4.46078,-188179,-1,9.32167e-11,1,0
0.00206788,-0.389913,0.00672717,-0.637091,4.45873,-188557,-1,9.24935e-10,1,0
0.00206887,-0.390045,0.00645307,-0.636551,4.45835,-188530,-1,1.95099e-10,1,0
0.00207001,-0.391075,0.00548733,-0.636718,4.4583,-188925,-1,1.95099e-10,1,0
0.00207155,-0.392648,0.00537092,-0.636095,4.458,-189543,-1,2.42285e-09,1,0
0.00207245,-0.393609,0.00557271,-0.635538,4.45822,-189925,-1,2.51936e-09,1,0
0.00207258,-0.393701,0.00559222,-0.635585,4.45872,-189957,-1,9.28889e-11,1,0
0.00207325,-0.393071,0.0061236,-0.635766,4.45837,-189591,-1,8.43635e-10,1,0
0.00207394,-0.392942,0.00645382,-0.636205,4.45543,-189467,-1,2.12336e-10,1,0
0.00207495,-0.393654,0.00705385,-0.636846,4.45417,-189717,-1,7.03296e-11,1,0
0.00207551,-0.393683,0.00689728,-0.637433,4.45239,-189680,-1,5.15713e-10,1,0
0.00207737,-0.394458,0.00563849,-0.638475,4.45257,-189883,-1,1.07911e-09,1,0
0.00207771,-0.394299,0.00583972,-0.638367,4.45222,-189776,-1,3.41574e-10,1,0
0.00207858,-0.395305,0.00570087,-0.638252,4.45162,-190180,-1,2.84946e-10,1,0
0.00207912,-0.395441,0.00630448,-0.638432,4.45131,-190196,-1,4.59215e-10,1,0
0.00207968,-0.39544,0.00695336,-0.638563,4.4479,-190145,-1,1.66654e-10,1,0
0.00208053,-0.395291,0.00700763,-0.638884,4.45073,-189995,-1,6.36112e-10,1,0
0.00208159,-0.396314,0.00666615,-0.638761,4.45144,-190391,-1,1.06417e-09,1,0
0.00208196,-0.396358,0.0066651,-0.638294,4.45156,-190377,-1,7.22815e-10,1,0
0.00208242,-0.396432,0.00620657,-0.638305,4.45204,-190371,-1,1.92963e-10,1,0
0.00208301,-0.395869,0.00577221,-0.6385,4.45199,-190047,-1,5.86955e-10,1,0
0.00208354,-0.395548,0.0060274,-0.638066,4.45456,-189844,-1,2.60283e-11,1,0
0.00208438,-0.395005,0.00648299,-0.637284,4.45459,-189507,-1,2.60283e-11,1,0
0.00208514,-0.394573,0.0069134,-0.63658,4.45542,-189231,-1,7.32742e-11,1,0
0.00208565,-0.394697,0.00680099,-0.636453,4.45299,-189244,-1,3.54443e-10,1,0
0.00208616,-0.394998,0.00697685,-0.636549,4.454,-189342,-1,4.53664e-10,1,0
0.00208627,-0.394949,0.00687173,-0.636474,4.45052,-189309,-1,2.12118e-10,1,0
0.00208727,-0.395611,0.00705278,-0.637524,4.45049,-189535,-1,2.12118e-10,1,0
0.00208777,-0.395694,0.00648465,-0.637461,4.44926,-189529,-1,5.8511e-10,1,0
0.00208826,-0.395955,0.00594627,-0.637326,4.44925,-189610,-1,5.8511e-10,1,0
0.00208883,-0.396303,0.00539599,-0.637233,4.44957,-189725,-1,1.22805e-09,1,0
0.00208907,-0.396486,0.00534609,-0.637245,4.4498,-189791,-1,1.79093e-11,1,0
0.00208957,-0.39591,0.00533406,-0.637102,4.45148,-189469,-1,6.089e-10,1,0
0.00209011,-0.39575,0.00558683,-0.637555,4.45256,-189344,-1,3.8693e-10,1,0
0.00209083,-0.395331,0.00510215,-0.637151,4.45309,-189079,-1,5.36377e-10,1,0
0.00209169,-0.395149,0.0044495,-0.636674,4.45231,-188914,-1,4.08923e-10,1,0
0.00209307,-0.395874,0.00479999,-0.635975,4.45212,-189136,-1,3.79105e-10,1,0
0.0020935,-0.396015,0.0044294,-0.636001,4.4516,-189164,-1,2.94167e-11,1,0
0.00209441,-0.395527,0.00347998,-0.635604,4.45162,-188849,-1,2.94167e-11,1,0
0.00209587,-0.394664,0.00211777,-0.634848,4.45085,-188306,-1,3.94185e-10,1,0
0.00209764,-0.395365,0.000176727,-0.634835,4.44985,-188481,-1,1.309e-09,1,0
0.00209845,-0.395993,-0.000528996,-0.635045,4.44938,-188707,-1,8.13256e-10,1,0
0.00209891,-0.39636,-0.000745413,-0.635205,4.44733,-188841,-1,2.5125e-10,1,0
0.00210015,-0.397698,-0.00144684,-0.634889,4.44726,-189367,-1,2.5125e-10,1,0
0.00210022,-0.397683,-0.00145971,-0.634863,4.44763,-189353,-1,5.43272e-11,1,0
0.00210224,-0.397308,-0.000775748,-0.63671,4.44694,-188992,-1,8.88725e-10,1,0
0.0021034,-0.397125,-0.000792849,-0.636852,4.44847,-188801,-1,2.39346e-09,1,0
0.00210451,-0.397042,-0.0012305,-0.635635,4.4481,-188662,-1,1.06489e-09,1,0
0.00210587,-0.396813,-2.03304e-05,-0.634826,4.44526,-188432,-1,1.35822e-09,1,0
0.00210663,-0.396587,0.000682239,-0.635102,4.44562,-188257,-1,1.14078e-10,1,0
0.0021072,-0.39663,0.000468755,-0.635076,4.44381,-188226,-1,1.22587e-10,1,0
0.00210845,-0.397133,-0.000351417,-0.633834,4.44379,-188353,-1,1.22587e-10,1,0
0.00210959,-0.397139,-0.00137454,-0.633032,4.44394,-188254,-1,2.22262e-09,1,0
0.00211075,-0.396915,-0.00243084,-0.633681,4.44238,-188045,-1,3.13407e-11,1,0
0.00211173,-0.396448,-0.00352907,-0.633993,4.4424,-187736,-1,3.13407e-11,1,0
0.0021126,-0.39603,-0.00448514,-0.634293,4.44548,-187461,-1,1.78744e-10,1,0
0.00211287,-0.396228,-0.00432744,-0.63414,4.44617,-187530,-1,1.78084e-10,1,0
0.00211308,-0.396208,-0.0043363,-0.634036,4.44289,-187503,-1,1.06505e-10,1,0
0.00211426,-0.395703,-0.00405373,-0.634044,4.44056,-187159,-1,2.20568e-10,1,0
0.00211486,-0.395009,-0.00428946,-0.633886,4.44022,-186778,-1,7.49827e-10,1,0
0.00211665,-0.394006,-0.00527229,-0.632864,4.43873,-186146,-1,1.97705e-09,1,0
0.00211723,-0.394357,-0.00516166,-0.633379,4.43774,-186261,-1,1.00405e-10,1,0
0.0021177,-0.394374,-0.00474892,-0.633799,4.43737,-186227,-1,2.3422e-10,1,0
0.0021185,-0.394527,-0.00419902,-0.634359,4.43671,-186229,-1,1.32214e-10,1,0
0.00211927,-0.394522,-0.00431403,-0.635187,4.4359,-186160,-1,1.08342e-10,1,0
0.00211974,-0.394351,-0.00377019,-0.635366,4.43591,-186037,-1,1.08342e-10,1,0
0.00212046,-0.394094,-0.0029523,-0.635635,4.43592,-185853,-1,1.08342e-10,1,0
0.00212164,-0.39534,-0.00232105,-0.635769,4.43288,-186337,-1,1.57638e-09,1,0
0.00212265,-0.396491,-0.00182363,-0.635871,4.43075,-186791,-1,1.58496e-11,1,0
0.00212344,-0.397237,-0.00173674,-0.635518,4.43085,-187073,-1,5.3418e-10,1,0
0.00212459,-0.396478,-0.00183786,-0.635793,4.42885,-186614,-1,9.61331e-10,1,0
0.00212521,-0.396612,-0.00135877,-0.635353,4.42671,-186622,-1,5.20621e-10,1,0
0.00212553,-0.396825,-0.00115043,-0.635206,4.42774,-186695,-1,1.14233e-10,1,0
0.00212691,-0.398319,-0.00113527,-0.635728,4.42852,-187276,-1,5.75741e-10,1,0
0.00212753,-0.398595,-0.00120787,-0.635908,4.42696,-187351,-1,1.07796e-10,1,0
0.0021279,-0.398592,-0.00104188,-0.63597,4.42659,-187317,-1,2.65061e-10,1,0
0.00212866,-0.398929,-0.000647197,-0.6367,4.42556,-187408,-1,9.13923e-10,1,0
0.00212973,-0.398593,-0.0015461,-0.635778,4.42406,-187157,-1,1.33085e-09,1,0
0.00213033,-0.399128,-0.00178401,-0.636235,4.42491,-187355,-1,7.43294e-10,1,0
0.00213147,-0.399484,-0.000982539,-0.635881,4.42481,-187422,-1,1.14224e-09,1,0
0.00213214,-0.398962,-0.00103841,-0.636532,4.42484,-187119,-1,1.14224e-09,1,0
0.00213262,-0.398947,-0.00100232,-0.636293,4.42425,-187069,-1,1.31819e-09,1,0
0.00213309,-0.399101,-0.000932051,-0.635735,4.42424,-187100,-1,1.31819e-09,1,0
0.00213329,-0.399241,-0.00104847,-0.635749,4.42886,-187148,-1,1.90059e-10,1,0
0.00213436,-0.40019,-0.00085222,-0.634911,4.43097,-187499,-1,2.88895e-11,1,0
0.00213472,-0.400327,-0.000739509,-0.634822,4.43045,-187532,-1,1.60291e-09,1,0
0.00213593,-0.401277,-0.000601484,-0.635463,4.43014,-187870,-1,6.15157e-10,1,0
0.00213656,-0.401748,-7.57347e-05,-0.635293,4.4298,-188035,-1,7.636e-10,1,0
0.00213728,-0.401855,0.000207293,-0.635284,4.42839,-188022,-1,1.22939e-09,1,0
0.0021376,-0.401617,-3.58695e-05,-0.635486,4.4284,-187882,-1,1.22939e-09,1,0
0.00213884,-0.400858,-0.000931217,-0.636415,4.42746,-187418,-1,1.91324e-09,1,0
0.00213929,-0.400827,-0.00112689,-0.636913,4.42457,-187365,-1,3.31771e-11,1,0
0.00214009,-0.400099,-0.00157254,-0.636827,4.42434,-186954,-1,2.8476e-10,1,0
0.00214137,-0.39855,-0.00193964,-0.636655,4.42442,-186119,-1,2.8476e-10,1,0
0.00214361,-0.397399,-0.00360611,-0.637985,4.42434,-185388,-1,2.12362e-09,1,0
0.00214484,-0.395905,-0.003303,-0.638167,4.42429,-184585,-1,2.12635e-11,1,0
0.00214555,-0.395073,-0.00309108,-0.638264,4.42427,-184136,-1,2.33845e-09,1,0
0.00214584,-0.395339,-0.00292038,-0.638146,4.42384,-184235,-1,3.38201e-10,1,0
0.00214632,-0.395434,-0.00247779,-0.637757,4.42384,-184238,-1,3.38201e-10,1,0
0.00214677,-0.395523,-0.00205701,-0.637386,4.42548,-184241,-1,1.16474e-09,1,0
0.00214742,-0.395394,-0.00242387,-0.637654,4.42642,-184125,-1,2.718e-10,1,0
0.0021481,-0.395096,-0.00272485,-0.63838,4.42573,-183928,-1,1.38189e-09,1,0
0.00214886,-0.394923,-0.0035794,-0.638496,4.42484,-183783,-1,8.25157e-13,1,0
0.00215023,-0.394261,-0.0031202,-0.637485,4.42427,-183357,-1,6.02624e-10,1,0
0.00215066,-0.394099,-0.00348341,-0.637265,4.42541,-183245,-1,2.39312e-10,1,0
0.00215191,-0.395283,-0.00441107,-0.63768,4.42535,-183689,-1,2.39312e-10,1,0
0.00215258,-0.394982,-0.00475773,-0.637471,4.42621,-183492,-1,3.216e-10,1,0
0.00215323,-0.395255,-0.00511677,-0.638125,4.42395,-183564,-1,2.57207e-11,1,0
0.00215396,-0.395605,-0.00521097,-0.638209,4.4266,-183664,-1,4.05325e-10,1,0
0.00215556,-0.394789,-0.00551267,-0.639888,4.42671,-183149,-1,1.11966e-09,1,0
0.00215773,-0.393298,-0.00537806,-0.640367,4.42784,-182273,-1,2.73567e-09,1,0
0.00215812,-0.39335,-0.00530352,-0.640143,4.42652,-182265,-1,1.18735e-09,1,0
0.00215933,-0.394122,-0.00603892,-0.640953,4.42637,-182521,-1,7.31218e-11,1,0
0.00216062,-0.394613,-0.00728165,-0.641871,4.42634,-182639,-1,7.31218e-11,1,0
0.00216147,-0.394411,-0.00822314,-0.641445,4.42353,-182474,-1,1.04971e-09,1,0
0.00216262,-0.394497,-0.00693652,-0.641323,4.42075,-182416,-1,3.35415e-10,1,0
0.00216289,-0.394596,-0.00661007,-0.6413,4.42074,-182439,-1,3.35415e-10,1,0
0.00216356,-0.394479,-0.00625457,-0.641306,4.42187,-182329,-1,4.88149e-10,1,0
0.0021643,-0.394023,-0.00569103,-0.640987,4.41965,-182056,-1,7.86661e-10,1,0
0.00216518,-0.393804,-0.00500009,-0.641818,4.41966,-181880,-1,7.86661e-10,1,0
0.002166,-0.393591,-0.004718,-0.642622,4.41816,-181713,-1,3.29826e-10,1,0
0.00216669,-0.39324,-0.00486106,-0.64274,4.41813,-181494,-1,5.92207e-10,1,0
0.00216721,-0.39317,-0.00544279,-0.642449,4.41723,-181417,-1,6.54498e-10,1,0
0.00216782,-0.392776,-0.00515788,-0.642934,4.41817,-181185,-1,6.49164e-11,1,0
0.00216884,-0.392042,-0.00498478,-0.643344,4.41635,-180761,-1,1.50998e-09,1,0
0.00217008,-0.391287,-0.006195,-0.642747,4.41638,-180310,-1,1.50998e-09,1,0
0.00217095,-0.390762,-0.00703659,-0.642332,4.41641,-179996,-1,1.50998e-09,1,0
0.00217128,-0.391083,-0.00693601,-0.64247,4.41781,-180117,-1,3.85124e-10,1,0
0.00217271,-0.390385,-0.00601522,-0.64207,4.4176,-179677,-1,6.84165e-10,1,0
0.00217414,-0.389531,-0.00593646,-0.642381,4.41608,-179165,-1,8.94136e-10,1,0
0.00217522,-0.388324,-0.00631715,-0.642253,4.41613,-178521,-1,7.47219e-10,1,0
0.00217603,-0.387873,-0.00660607,-0.641883,4.41405,-178249,-1,2.80542e-10,1,0
0.00217699,-0.386908,-0.00612428,-0.641636,4.41398,-177727,-1,5.47882e-11,1,0
0.00217716,-0.386867,-0.00604475,-0.641662,4.41355,-177694,-1,3.25734e-10,1,0
0.00217808,-0.38637,-0.00642386,-0.641705,4.41227,-177390,-1,1.63049e-10,1,0
0.00217911,-0.386756,-0.00662634,-0.641391,4.4127,-177483,-1,1.36038e-10,1,0
0.00218044,-0.387731,-0.00732045,-0.640567,4.41218,-177822,-1,1.40138e-09,1,0
0.00218148,-0.387726,-0.00791692,-0.639763,4.41134,-177735,-1,3.89335e-10,1,0
0.00218237,-0.388402,-0.00808245,-0.639155,4.41326,-177973,-1,9.45098e-10,1,0
0.00218286,-0.388106,-0.00772157,-0.638767,4.41392,-177797,-1,7.55466e-10,1,0
0.00218379,-0.388219,-0.00851765,-0.63905,4.41277,-177773,-1,3.65174e-10,1,0
0.00218515,-0.387832,-0.0100804,-0.639575,4.41385,-177486,-1,2.41414e-09,1,0
0.00218562,-0.387439,-0.0102195,-0.639162,4.41288,-177268,-1,5.87563e-10,1,0
0.00218649,-0.387591,-0.0103935,-0.639499,4.40937,-177266,-1,3.54732e-10,1,0
0.00218697,-0.387015,-0.0102394,-0.639535,4.4094,-176964,-1,3.54732e-10,1,0
0.00218722,-0.386874,-0.0103173,-0.639435,4.40749,-176879,-1,1.57742e-10,1,0
0.00218802,-0.386966,-0.0112684,-0.639137,4.40748,-176857,-1,1.57742e-10,1,0
0.00218883,-0.386926,-0.0114307,-0.63841,4.40428,-176773,-1,6.49438e-10,1,0
0.00218958,-0.386699,-0.0119222,-0.638958,4.40348,-176609,-1,8.12302e-11,1,0
0.00219027,-0.386975,-0.0112114,-0.639361,4.40349,-176679,-1,8.62772e-10,1,0
0.00219087,-0.387578,-0.0114868,-0.63941,4.40078,-176907,-1,3.89541e-11,1,0
0.00219136,-0.387027,-0.0114712,-0.639511,4.40001,-176615,-1,2.71734e-10,1,0
0.00219194,-0.386613,-0.010987,-0.639478,4.39914,-176379,-1,1.76476e-10,1,0
0.00219217,-0.386785,-0.0108308,-0.639433,4.39904,-176439,-1,2.26773e-10,1,0
0.00219237,-0.386813,-0.0106943,-0.639604,4.39969,-176436,-1,2.2208e-10,1,0
0.00219251,-0.386747,-0.0106244,-0.639583,4.39528,-176395,-1,8.67083e-11,1,0
0.00219328,-0.386688,-0.0115195,-0.639277,4.39586,-176306,-1,5.55152e-11,1,0
0.00219444,-0.386552,-0.0128736,-0.638805,4.39616,-176151,-1,2.34195e-09,1,0
0.00219536,-0.38733,-0.0120976,-0.639155,4.39612,-176431,-1,2.34195e-09,1,0
0.00219588,-0.387652,-0.012123,-0.639052,4.39756,-176536,-1,1.46975e-09,1,0
0.00219729,-0.387573,-0.0130946,-0.637673,4.39901,-176387,-1,1.28847e-09,1,0
0.00219772,-0.387269,-0.0135111,-0.637753,4.3988,-176214,-1,1.29432e-10,1,0
0.002198,-0.387065,-0.0136409,-0.63792,4.39766,-176099,-1,1.93129e-10,1,0
0.00219826,-0.387065,-0.013829,-0.63796,4.39832,-176078,-1,1.63592e-10,1,0
0.00219898,-0.387123,-0.0138669,-0.638037,4.3988,-176046,-1,2.0874e-10,1,0
0.0021995,-0.386724,-0.0137872,-0.638533,4.39949,-175823,-1,4.55511e-10,1,0
0.00219993,-0.386597,-0.0137878,-0.638668,4.39721,-175732,-1,8.52822e-11,1,0
0.00220065,-0.387136,-0.0133519,-0.638084,4.39719,-175919,-1,8.52822e-11,1,0
0.00220212,-0.38685,-0.0121648,-0.637762,4.39608,-175671,-1,9.23556e-10,1,0
0.00220231,-0.386745,-0.0119549,-0.637731,4.39608,-175609,-1,9.23556e-10,1,0
0.00220285,-0.386293,-0.0116785,-0.637636,4.39597,-175360,-1,6.13631e-10,1,0
0.00220403,-0.384958,-0.0115017,-0.637552,4.39635,-174661,-1,1.11766e-09,1,0
0.00220458,-0.384386,-0.0114508,-0.637638,4.39595,-174358,-1,1.02861e-09,1,0
0.0022057,-0.383573,-0.0118575,-0.638074,4.39662,-173901,-1,1.39331e-09,1,0
0.00220619,-0.383664,-0.0116279,-0.638611,4.39609,-173904,-1,5.33631e-10,1,0
0.0022071,-0.383004,-0.0113563,-0.637968,4.39742,-173533,-1,1.03057e-09,1,0
0.00220764,-0.382862,-0.0109891,-0.637425,4.39581,-173426,-1,6.71381e-10,1,0
0.00220879,-0.383856,-0.010835,-0.637255,4.39552,-173786,-1,8.72729e-10,1,0
0.00220964,-0.384183,-0.00991923,-0.637685,4.39551,-173866,-1,8.72729e-10,1,0
0.00221011,-0.384243,-0.00990757,-0.637588,4.39522,-173857,-1,3.08455e-10,1,0
0.00221143,-0.384523,-0.0087819,-0.63818,4.39669,-173880,-1,9.25575e-10,1,0
0.00221284,-0.383379,-0.00980842,-0.638434,4.39505,-173252,-1,4.4668e-10,1,0
0.0022137,-0.382528,-0.00987562,-0.637795,4.3951,-172800,-1,4.4668e-10,1,0
0.00221514,-0.381878,-0.0105917,-0.637025,4.3955,-172394,-1,6.94322e-10,1,0
0.00221645,-0.382918,-0.00981239,-0.63663,4.39401,-172762,-1,5.05169e-10,1,0
0.00221724,-0.383831,-0.00991569,-0.636436,4.39368,-173112,-1,1.30334e-09,1,0
0.0022186,-0.385478,-0.0102802,-0.636256,4.39447,-173748,-1,2.47179e-09,1,0
0.00221943,-0.385904,-0.00965,-0.636007,4.39385,-173876,-1,2.28376e-10,1,0
0.00222102,-0.387166,-0.0108082,-0.635408,4.39352,-174319,-1,5.70572e-10,1,0
0.00222162,-0.387561,-0.0113023,-0.63534,4.39599,-174450,-1,2.25452e-10,1,0
0.00222238,-0.387424,-0.0103772,-0.635477,4.39491,-174328,-1,9.45183e-10,1,0
0.00222329,-0.386397,-0.0106296,-0.635876,4.39504,-173795,-1,1.13039e-09,1,0
0.00222374,-0.386382,-0.010724,-0.635835,4.3951,-173753,-1,1.83524e-10,1,0
0.00222424,-0.386465,-0.0107504,-0.635984,4.39005,-173751,-1,2.41887e-10,1,0
0.0022248,-0.386724,-0.0112081,-0.635911,4.38767,-173824,-1,5.45163e-10,1,0
0.00222506,-0.386454,-0.0113841,-0.635948,4.38776,-173682,-1,4.73494e-10,1,0
0.00222574,-0.38576,-0.0117389,-0.63562,4.38778,-173317,-1,8.4574e-10,1,0
0.00222705,-0.38646,-0.0125685,-0.635787,4.38929,-173530,-1,5.28152e-10,1,0
0.00222822,-0.386363,-0.0116749,-0.636641,4.39039,-173395,-1,3.55832e-10,1,0
0.00222938,-0.385244,-0.0115785,-0.637059,4.39141,-172803,-1,1.47157e-09,1,0
0.00223023,-0.384272,-0.0118775,-0.637292,4.38996,-172301,-1,2.57952e-10,1,0
0.0022307,-0.384408,-0.0116355,-0.637714,4.38853,-172326,-1,8.19427e-11,1,0
0.00223151,-0.384863,-0.0125284,-0.637682,4.38802,-172467,-1,1.05567e-09,1,0
0.00223217,-0.384506,-0.0119659,-0.638034,4.38714,-172257,-1,7.33392e-10,1,0
0.00223255,-0.384894,-0.0120257,-0.638248,4.38656,-172401,-1,1.40232e-10,1,0
0.00223379,-0.386226,-0.0123614,-0.638928,4.38626,-172902,-1,3.72198e-10,1,0
0.00223427,-0.386618,-0.0122224,-0.639213,4.38536,-173040,-1,1.81978e-09,1,0
0.00223435,-0.386673,-0.0121841,-0.639264,4.38676,-173058,-1,3.51861e-10,1,0
0.00223509,-0.38702,-0.012593,-0.639429,4.38862,-173156,-1,2.20192e-10,1,0
0.00223698,-0.388434,-0.0139776,-0.640697,4.38785,-173642,-1,3.01764e-09,1,0
0.00223852,-0.38882,-0.0146039,-0.640133,4.38965,-173695,-1,1.07278e-09,1,0
0.00223868,-0.388676,-0.0146767,-0.640027,4.38939,-173618,-1,9.17496e-10,1,0
0.00224019,-0.387172,-0.0156181,-0.640597,4.38939,-172830,-1,1.0006e-09,1,0
0.00224046,-0.38711,-0.0155843,-0.640923,4.39023,-172782,-1,3.30243e-10,1,0
0.00224186,-0.386902,-0.0147049,-0.641865,4.38895,-172581,-1,2.36271e-10,1,0
0.00224316,-0.385571,-0.0155137,-0.641855,4.39215,-171888,-1,1.09857e-09,1,0
0.0022444,-0.385007,-0.0163149,-0.641918,4.39117,-171541,-1,1.03399e-09,1,0
0.00224505,-0.384815,-0.0169923,-0.642308,4.39153,-171406,-1,8.04706e-10,1,0
0.00224662,-0.386745,-0.0171489,-0.642085,4.39125,-172145,-1,1.94902e-09,1,0
0.00224747,-0.386998,-0.0179287,-0.64141,4.39124,-172193,-1,1.94902e-09,1,0
0.0022488,-0.387476,-0.0174351,-0.641202,4.3906,-172304,-1,1.02425e-09,1,0
0.00224974,-0.388209,-0.0183582,-0.64122,4.39019,-172557,-1,1.17907e-09,1,0
0.00225044,-0.387996,-0.0188663,-0.641737,4.39021,-172409,-1,5.82636e-10,1,0
0.00225187,-0.387595,-0.0187309,-0.642557,4.39158,-172122,-1,1.1201e-10,1,0
0.00225222,-0.387577,-0.018915,-0.642871,4.39545,-172086,-1,3.50802e-10,1,0
0.00225276,-0.387671,-0.0188155,-0.642304,4.39547,-172088,-1,5.48789e-11,1,0
0.00225325,-0.387654,-0.0188632,-0.641899,4.3966,-172042,-1,2.18704e-10,1,0
0.0022539,-0.388179,-0.0185289,-0.642406,4.39658,-172225,-1,2.18704e-10,1,0
0.00225414,-0.388136,-0.0186515,-0.642407,4.39342,-172188,-1,9.53537e-10,1,0
0.00225489,-0.387813,-0.0192304,-0.642048,4.39452,-171987,-1,1.6052e-10,1,0
0.00225532,-0.387605,-0.019322,-0.641849,4.39355,-171863,-1,1.98868e-10,1,0
0.00225598,-0.387146,-0.01908,-0.641215,4.39344,-171608,-1,1.15337e-09,1,0
0.0022567,-0.38684,-0.0184322,-0.641757,4.39346,-171418,-1,1.15337e-09,1,0
0.00225807,-0.386908,-0.0179319,-0.642649,4.39467,-171345,-1,4.92099e-11,1,0
0.002259,-0.386645,-0.0173483,-0.641684,4.39436,-171158,-1,1.15783e-09,1,0
0.00226,-0.385627,-0.0173942,-0.6424,4.39441,-170632,-1,1.15783e-09,1,0
0.00226068,-0.385272,-0.0175462,-0.642599,4.38783,-170423,-1,2.4508e-10,1,0
0.00226083,-0.385216,-0.0174899,-0.642707,4.38631,-170387,-1,8.35141e-11,1,0
0.00226216,-0.384449,-0.0170044,-0.643132,4.38728,-169948,-1,1.00267e-09,1,0
0.00226249,-0.384454,-0.0173844,-0.6433,4.38897,-169925,-1,5.83799e-10,1,0
0.00226308,-0.38433,-0.0175358,-0.643273,4.38903,-169826,-1,3.87634e-10,1,0
0.00226324,-0.384273,-0.0176562,-0.643245,4.38858,-169789,-1,1.21057e-10,1,0
0.00226446,-0.384649,-0.0187066,-0.643622,4.38593,-169863,-1,1.36067e-09,1,0
0.00226502,-0.384434,-0.0185712,-0.64338,4.38746,-169727,-1,2.29003e-10,1,0
0.0022658,-0.384624,-0.0181578,-0.644237,4.38719,-169752,-1,9.70684e-10,1,0
0.00226613,-0.384542,-0.0181641,-0.644252,4.38695,-169691,-1,1.70316e-10,1,0
0.00226693,-0.383893,-0.0174361,-0.644434,4.3884,-169345,-1,2.4687e-10,1,0
0.002268,-0.383199,-0.0167813,-0.644654,4.38846,-168959,-1,1.01672e-10,1,0
0.00226934,-0.383502,-0.0156292,-0.644675,4.38739,-168993,-1,1.31285e-09,1,0
0.00226958,-0.3833,-0.0154483,-0.64454,4.38759,-168886,-1,3.03035e-10,1,0
0.00226972,-0.383258,-0.0155054,-0.6447,4.38759,-168857,-1,3.03035e-10,1,0
0.00227018,-0.383122,-0.0156908,-0.645221,4.38633,-168763,-1,7.44571e-10,1,0
0.00227099,-0.382756,-0.0161203,-0.644867,4.38481,-168541,-1,7.64434e-10,1,0
0.00227165,-0.382829,-0.0165786,-0.645331,4.38498,-168525,-1,3.50859e-10,1,0
0.00227242,-0.38234,-0.016326,-0.644743,4.384,-168253,-1,6.10182e-10,1,0
0.00227331,-0.381933,-0.0153423,-0.644435,4.38402,-168007,-1,6.10182e-10,1,0
0.00227455,-0.381365,-0.0139721,-0.644006,4.38405,-167666,-1,6.10182e-10,1,0
0.00227506,-0.381175,-0.0134272,-0.643859,4.38415,-167545,-1,3.58659e-09,1,0
0.00227611,-0.382245,-0.0127405,-0.643755,4.38448,-167938,-1,2.10958e-10,1,0
0.00227685,-0.382908,-0.0129704,-0.643699,4.38524,-168175,-1,5.38231e-10,1,0
0.00227756,-0.382352,-0.0132776,-0.644312,4.38248,-167877,-1,7.22035e-12,1,0
0.00227823,-0.382292,-0.0134856,-0.643979,4.37952,-167802,-1,3.44231e-10,1,0
0.00227827,-0.382269,-0.0134552,-0.644007,4.3791,-167789,-1,4.76784e-11,1,0
0.00227874,-0.382037,-0.013355,-0.644351,4.3801,-167653,-1,8.12348e-11,1,0
0.00227965,-0.381942,-0.0143398,-0.644787,4.37902,-167544,-1,3.51019e-10,1,0
0.00228075,-0.381194,-0.0142124,-0.645606,4.38003,-167135,-1,1.0984e-09,1,0
0.00228146,-0.380387,-0.014473,-0.645631,4.37839,-166730,-1,7.85333e-10,1,0
0.00228232,-0.380621,-0.0147853,-0.646509,4.37861,-166769,-1,7.15813e-10,1,0
0.00228381,-0.380481,-0.0143872,-0.648311,4.37862,-166599,-1,7.15813e-10,1,0
0.00228499,-0.380509,-0.0145561,-0.649593,4.37802,-166525,-1,3.11868e-09,1,0
0.00228581,-0.380573,-0.0146275,-0.650351,4.37875,-166493,-1,1.06127e-09,1,0
0.0022863,-0.380436,-0.0142594,-0.650737,4.37903,-166398,-1,1.33931e-10,1,0
0.00228674,-0.380569,-0.0138976,-0.65081,4.38448,-166424,-1,4.63552e-10,1,0
0.00228773,-0.381266,-0.0144908,-0.650166,4.38473,-166657,-1,1.60876e-10,1,0
0.00228824,-0.381127,-0.0147486,-0.650369,4.38546,-166559,-1,4.45273e-10,1,0
0.00228874,-0.381452,-0.0148339,-0.649992,4.38679,-166665,-1,4.96215e-10,1,0
0.00228992,-0.380241,-0.0149942,-0.649215,4.38637,-166050,-1,3.10737e-10,1,0
0.00229063,-0.379904,-0.0152172,-0.648909,4.39054,-165851,-1,1.35834e-10,1,0
0.00229117,-0.37975,-0.0151983,-0.648921,4.38944,-165745,-1,3.53576e-10,1,0
0.00229295,-0.379711,-0.0142203,-0.650913,4.39009,-165599,-1,2.21923e-09,1,0
0.0022939,-0.37901,-0.0132782,-0.650869,4.39013,-165225,-1,2.21923e-09,1,0
0.00229491,-0.378409,-0.0123421,-0.650564,4.39069,-164890,-1,2.10131e-09,1,0
0.00229528,-0.378257,-0.0124215,-0.65052,4.39059,-164798,-1,5.34389e-10,1,0
0.00229565,-0.378483,-0.0125721,-0.650827,4.39051,-164870,-1,3.90691e-10,1,0
0.00229611,-0.378158,-0.0126346,-0.650575,4.39061,-164695,-1,7.35655e-13,1,0
0.00229683,-0.377552,-0.0121765,-0.650772,4.38849,-164380,-1,8.37071e-10,1,0
0.00229716,-0.377667,-0.0123947,-0.651094,4.38801,-164406,-1,1.48075e-11,1,0
0.00229753,-0.377321,-0.0123819,-0.651011,4.39159,-164229,-1,1.47113e-11,1,0
0.00229794,-0.377156,-0.0126402,-0.651409,4.3916,-164128,-1,1.47113e-11,1,0
0.00229818,-0.377055,-0.0127973,-0.65165,4.39161,-164067,-1,1.47113e-11,1,0
0.00229935,-0.376983,-0.0132546,-0.652234,4.38958,-163952,-1,3.92972e-10,1,0
0.00230094,-0.376352,-0.0134766,-0.65103,4.39132,-163564,-1,8.74313e-10,1,0
0.0023017,-0.376727,-0.0137442,-0.651536,4.3903,-163673,-1,1.26356e-09,1,0
0.00230296,-0.376251,-0.0143771,-0.652555,4.39277,-163377,-1,1.0253e-09,1,0
0.00230432,-0.375457,-0.0158689,-0.652669,4.39281,-162936,-1,1.0253e-09,1,0
0.00230557,-0.375329,-0.0164764,-0.652928,4.3927,-162792,-1,2.73956e-09,1,0
0.00230599,-0.37572,-0.016275,-0.653003,4.39127,-162932,-1,1.47836e-10,1,0
0.00230733,-0.375648,-0.0178266,-0.653401,4.39109,-162807,-1,1.61378e-09,1,0
0.00230842,-0.376188,-0.0178093,-0.652265,4.39141,-162964,-1,1.05792e-10,1,0
0.00230883,-0.37651,-0.01777,-0.652536,4.38978,-163074,-1,1.33493e-10,1,0
0.00231016,-0.376746,-0.0173723,-0.652441,4.39091,-163082,-1,1.28428e-09,1,0
0.00231113,-0.376424,-0.0173215,-0.651511,4.3901,-162874,-1,1.75781e-09,1,0
0.0023121,-0.377347,-0.0170272,-0.651524,4.38736,-163205,-1,5.70297e-10,1,0
0.00231311,-0.377814,-0.0178282,-0.651184,4.3848,-163336,-1,4.17943e-10,1,0
0.0023139,-0.376838,-0.0176827,-0.651116,4.38485,-162858,-1,4.17943e-10,1,0
0.00231503,-0.375462,-0.0175759,-0.650985,4.3825,-162185,-1,3.41344e-10,1,0
0.00231566,-0.376169,-0.0174167,-0.650685,4.38246,-162446,-1,3.41344e-10,1,0
0.0023167,-0.37667,-0.0165255,-0.650991,4.38532,-162589,-1,1.52272e-10,1,0
0.00231766,-0.376505,-0.0167231,-0.650479,4.3864,-162450,-1,3.64328e-10,1,0
0.00231907,-0.37597,-0.0178964,-0.651494,4.38621,-162121,-1,1.41925e-09,1,0
0.00232005,-0.375962,-0.0183234,-0.652118,4.38391,-162049,-1,1.04458e-09,1,0
0.00232128,-0.376014,-0.0193766,-0.651731,4.38613,-161985,-1,8.25765e-10,1,0
0.00232288,-0.376865,-0.0208232,-0.651819,4.38659,-162241,-1,2.63214e-10,1,0
0.00232411,-0.377168,-0.0197509,-0.652318,4.38523,-162285,-1,4.35623e-10,1,0
0.00232461,-0.37749,-0.019229,-0.652425,4.38521,-162388,-1,4.35623e-10,1,0
0.00232605,-0.378415,-0.0177287,-0.652731,4.38543,-162685,-1,3.50929e-09,1,0
0.00232699,-0.379179,-0.0171702,-0.65205,4.3854,-162948,-1,3.50929e-09,1,0
0.00232845,-0.378539,-0.01692,-0.652525,4.38891,-162571,-1,5.2913e-10,1,0
0.00232979,-0.377404,-0.0162343,-0.652995,4.38961,-161991,-1,2.0018e-09,1,0
0.00233008,-0.377381,-0.0160796,-0.652858,4.38933,-161961,-1,8.3573e-10,1,0
0.00233049,-0.377473,-0.0164336,-0.653163,4.3901,-161971,-1,4.94054e-10,1,0
0.00233125,-0.377788,-0.0167114,-0.653809,4.39211,-162054,-1,2.53955e-10,1,0
0.00233177,-0.377305,-0.0164491,-0.653757,4.39275,-161810,-1,5.89742e-10,1,0
0.00233291,-0.377308,-0.0162093,-0.654051,4.39272,-161733,-1,4.86776e-10,1,0
0.0023338,-0.377702,-0.0155012,-0.654029,4.39093,-161839,-1,5.46351e-10,1,0
0.00233467,-0.37791,-0.0151944,-0.654233,4.3908,-161869,-1,3.63739e-10,1,0
0.00233567,-0.378456,-0.0150599,-0.655343,4.39077,-162033,-1,3.63739e-10,1,0
0.00233673,-0.379033,-0.0149178,-0.656517,4.39074,-162207,-1,3.63739e-10,1,0
0.0023382,-0.378831,-0.0159178,-0.656944,4.39083,-162018,-1,3.20642e-09,1,0
0.00233861,-0.378624,-0.0163741,-0.65688,4.39108,-161901,-1,1.68988e-09,1,0
0.00233872,-0.378629,-0.0164041,-0.656836,4.38954,-161896,-1,8.09677e-11,1,0
0.00233971,-0.379382,-0.017071,-0.657111,4.38732,-162149,-1,2.82556e-10,1,0
0.00234086,-0.380252,-0.0181391,-0.657319,4.3868,-162441,-1,6.76486e-11,1,0
0.00234215,-0.381237,-0.0193646,-0.657623,4.38675,-162772,-1,6.76486e-11,1,0
0.00234286,-0.381597,-0.0201485,-0.657724,4.38652,-162877,-1,3.15402e-09,1,0
0.00234325,-0.381589,-0.0199809,-0.657262,4.3861,-162846,-1,6.83535e-10,1,0
0.00234417,-0.381625,-0.0196294,-0.656302,4.38628,-162798,-1,7.04494e-11,1,0
0.00234524,-0.382359,-0.0186911,-0.655883,4.3856,-163036,-1,8.04816e-10,1,0
0.00234685,-0.382885,-0.0179915,-0.656914,4.38397,-163149,-1,3.49917e-10,1,0
0.00234739,-0.382948,-0.0180601,-0.657268,4.38315,-163137,-1,1.5035e-10,1,0
0.00234869,-0.38224,-0.0191455,-0.657399,4.37897,-162746,-1,2.79878e-10,1,0
0.00234991,-0.380967,-0.0185409,-0.657911,4.37888,-162120,-1,1.19377e-09,1,0
0.00235014,-0.38071,-0.0184082,-0.657956,4.37776,-161995,-1,6.06022e-10,1,0
0.00235076,-0.380733,-0.0180639,-0.658084,4.37447,-161961,-1,2.17866e-10,1,0
0.00235183,-0.379587,-0.0176504,-0.657927,4.37481,-161401,-1,3.05942e-10,1,0
0.00235291,-0.380057,-0.0165943,-0.658584,4.37397,-161526,-1,1.28033e-09,1,0
0.00235383,-0.379707,-0.015612,-0.658972,4.37354,-161314,-1,4.70296e-11,1,0
0.00235446,-0.379654,-0.0158074,-0.659727,4.37284,-161249,-1,7.80962e-10,1,0
0.00235554,-0.380522,-0.0164963,-0.659827,4.37203,-161544,-1,1.11378e-09,1,0
0.00235634,-0.381094,-0.0160312,-0.659154,4.37202,-161731,-1,7.42558e-11,1,0
0.00235745,-0.380757,-0.0148796,-0.659815,4.3722,-161512,-1,1.36975e-09,1,0
0.00235892,-0.379741,-0.0139607,-0.658859,4.37285,-160981,-1,2.73768e-10,1,0
0.00235976,-0.379114,-0.0132739,-0.658375,4.37288,-160657,-1,2.73768e-10,1,0
0.00236078,-0.37892,-0.0123001,-0.658143,4.37351,-160506,-1,3.28103e-09,1,0
0.00236142,-0.378351,-0.0121719,-0.658251,4.37235,-160221,-1,6.36924e-10,1,0
0.00236181,-0.377984,-0.0121121,-0.658386,4.3752,-160040,-1,8.82388e-11,1,0
0.00236224,-0.377749,-0.0119207,-0.658811,4.37465,-159911,-1,3.61188e-10,1,0
0.00236318,-0.377674,-0.0109673,-0.658171,4.37828,-159816,-1,5.04995e-10,1,0
0.00236489,-0.378309,-0.0113513,-0.657981,4.37923,-159969,-1,7.12026e-10,1,0
0.00236525,-0.378187,-0.0116654,-0.658226,4.37899,-159893,-1,1.72633e-10,1,0
0.00236646,-0.37777,-0.0108214,-0.658263,4.37747,-159635,-1,1.09852e-09,1,0
0.00236696,-0.377546,-0.0113613,-0.658451,4.37721,-159507,-1,6.14074e-10,1,0
0.00236725,-0.377803,-0.0111105,-0.658415,4.37519,-159595,-1,2.81781e-10,1,0
0.00236831,-0.376522,-0.0108736,-0.658533,4.37436,-158984,-1,1.3077e-09,1,0
0.002369,-0.375759,-0.0112461,-0.658479,4.37421,-158615,-1,7.52903e-11,1,0
0.00236969,-0.375247,-0.0117955,-0.658661,4.37622,-158353,-1,3.74319e-10,1,0
0.00237094,-0.374657,-0.0130076,-0.658649,4.37546,-158021,-1,1.02295e-09,1,0
0.00237192,-0.374761,-0.0138298,-0.659175,4.37593,-157999,-1,8.16483e-10,1,0
0.00237262,-0.375313,-0.0139217,-0.659841,4.37565,-158185,-1,1.16638e-09,1,0
0.00237307,-0.375644,-0.0138847,-0.660297,4.37564,-158294,-1,1.16638e-09,1,0
0.00237349,-0.375949,-0.0138505,-0.660718,4.37255,-158395,-1,1.19248e-09,1,0
0.00237396,-0.375522,-0.013695,-0.660649,4.37165,-158184,-1,4.74683e-10,1,0
0.00237486,-0.375852,-0.0137165,-0.6616,4.37376,-158263,-1,6.99468e-10,1,0
0.00237564,-0.376558,-0.0141273,-0.66182,4.37338,-158508,-1,8.62432e-10,1,0
0.00237688,-0.376315,-0.014946,-0.661309,4.37557,-158323,-1,4.20845e-10,1,0
0.0023773,-0.376526,-0.0144801,-0.661398,4.37532,-158384,-1,5.1915e-10,1,0
0.00237798,-0.376562,-0.0150199,-0.661815,4.37715,-158354,-1,6.27043e-10,1,0
0.00237931,-0.375459,-0.0162039,-0.661472,4.37721,-157802,-1,6.27043e-10,1,0
0.00238071,-0.374298,-0.0174509,-0.661111,4.37666,-157221,-1,3.61387e-09,1,0
0.00238103,-0.374456,-0.0177191,-0.661108,4.37464,-157266,-1,1.1969e-10,1,0
0.00238186,-0.373982,-0.0181407,-0.66092,4.37442,-157013,-1,6.2499e-10,1,0
0.00238227,-0.373786,-0.0180308,-0.660462,4.373,-156904,-1,9.12753e-10,1,0
0.00238284,-0.373672,-0.0176983,-0.660496,4.36913,-156818,-1,2.84055e-10,1,0
0.00238352,-0.373336,-0.0175731,-0.659822,4.36855,-156633,-1,5.45509e-10,1,0
0.00238438,-0.373183,-0.017591,-0.660549,4.36613,-156512,-1,6.16319e-10,1,0
0.00238481,-0.373083,-0.0175501,-0.660527,4.36591,-156442,-1,2.94427e-10,1,0
0.00238525,-0.372882,-0.0172236,-0.660516,4.36793,-156328,-1,3.69444e-10,1,0
0.00238705,-0.373301,-0.0172155,-0.66069,4.36511,-156386,-1,1.1895e-09,1,0
0.00238791,-0.373214,-0.0163629,-0.660701,4.36491,-156293,-1,6.75355e-10,1,0
0.00238844,-0.373268,-0.0165237,-0.660667,4.36388,-156281,-1,3.3458e-10,1,0
0.00239029,-0.375154,-0.0165176,-0.661806,4.36367,-156949,-1,2.23649e-09,1,0
0.00239165,-0.375051,-0.0171449,-0.660895,4.36532,-156817,-1,3.13848e-10,1,0
0.00239209,-0.374906,-0.0170198,-0.660458,4.36227,-156727,-1,7.48576e-11,1,0
0.00239282,-0.37447,-0.0170021,-0.660889,4.36619,-156498,-1,6.21755e-10,1,0
0.00239317,-0.374566,-0.0166444,-0.661111,4.36774,-156515,-1,7.14056e-10,1,0
0.00239499,-0.374738,-0.0162686,-0.659299,4.36761,-156468,-1,1.13882e-09,1,0
0.00239558,-0.375209,-0.0161066,-0.65876,4.36759,-156626,-1,1.13882e-09,1,0
0.00239622,-0.375373,-0.0158749,-0.658586,4.36681,-156652,-1,3.40793e-10,1,0
0.0023974,-0.374271,-0.0152143,-0.658404,4.36769,-156115,-1,1.31394e-09,1,0
0.00239804,-0.373725,-0.0151555,-0.658738,4.36373,-155846,-1,2.6173e-10,1,0
0.00239848,-0.374108,-0.014953,-0.65908,4.36321,-155977,-1,5.52548e-10,1,0
0.00239941,-0.374052,-0.0154764,-0.658144,4.36391,-155893,-1,4.38984e-10,1,0
0.00240002,-0.373932,-0.0151878,-0.658103,4.363,-155803,-1,4.86157e-10,1,0
0.0024011,-0.37397,-0.0143412,-0.657469,4.36515,-155750,-1,8.76329e-10,1,0
0.00240233,-0.372951,-0.0132018,-0.657451,4.36814,-155245,-1,1.98579e-09,1,0
0.00240256,-0.372906,-0.0133754,-0.657678,4.36517,-155212,-1,2.88859e-10,1,0
0.00240299,-0.372531,-0.0133693,-0.657305,4.36519,-155028,-1,2.88859e-10,1,0
0.00240353,-0.372986,-0.0132254,-0.657392,4.36622,-155183,-1,3.54921e-10,1,0
0.00240441,-0.372984,-0.0124474,-0.656624,4.36622,-155125,-1,3.54921e-10,1,0
0.00240547,-0.373117,-0.0117172,-0.655973,4.36458,-155112,-1,2.21132e-09,1,0
0.0024065,-0.373172,-0.0125351,-0.65636,4.36965,-155068,-1,6.877e-10,1,0
0.00240799,-0.371776,-0.0119703,-0.657346,4.36889,-154393,-1,1.34055e-09,1,0
0.00240815,-0.3717,-0.0119912,-0.657302,4.36768,-154351,-1,3.55328e-11,1,0
0.00240864,-0.371202,-0.0119165,-0.657067,4.36762,-154113,-1,3.70311e-11,1,0
0.00240954,-0.370703,-0.012415,-0.656513,4.3712,-153848,-1,8.76613e-10,1,0
0.00241097,-0.369869,-0.0137496,-0.657338,4.37124,-153410,-1,8.76613e-10,1,0
0.00241138,-0.369631,-0.0141298,-0.657573,4.37125,-153286,-1,8.76613e-10,1,0
0.00241267,-0.369974,-0.015415,-0.657532,4.37242,-153346,-1,1.11827e-09,1,0
0.00241371,-0.368727,-0.0151022,-0.65771,4.37248,-152763,-1,1.11827e-09,1,0
0.0024138,-0.368636,-0.0150699,-0.657659,4.37125,-152720,-1,9.46999e-11,1,0
0.00241491,-0.368036,-0.0157068,-0.656863,4.37484,-152402,-1,1.68185e-10,1,0
0.00241515,-0.367934,-0.0157836,-0.656619,4.37436,-152344,-1,1.2176e-10,1,0
0.00241661,-0.368111,-0.016658,-0.65795,4.37338,-152325,-1,1.62721e-09,1,0
0.00241854,-0.368322,-0.0177925,-0.659456,4.37169,-152291,-1,1.92549e-09,1,0
0.00241972,-0.369223,-0.0186661,-0.659577,4.3709,-152589,-1,4.05067e-10,1,0
0.00242041,-0.368988,-0.0188526,-0.65917,4.36872,-152449,-1,5.98668e-10,1,0
0.00242141,-0.36888,-0.0195368,-0.658904,4.36759,-152341,-1,5.48039e-10,1,0
0.00242188,-0.368525,-0.0198364,-0.658558,4.36827,-152165,-1,7.16347e-10,1,0
0.00242315,-0.367532,-0.020656,-0.657644,4.36856,-151675,-1,2.13629e-09,1,0
0.00242397,-0.367451,-0.0204381,-0.657855,4.36765,-151590,-1,3.641e-10,1,0
0.00242457,-0.36785,-0.0205466,-0.657234,4.36763,-151717,-1,3.641e-10,1,0
0.00242526,-0.368254,-0.0206101,-0.6567,4.36177,-151841,-1,1.01956e-10,1,0
0.00242585,-0.36773,-0.0208432,-0.65635,4.36312,-151588,-1,4.58022e-11,1,0
0.00242735,-0.367289,-0.0199737,-0.655355,4.36407,-151313,-1,2.05223e-10,1,0
0.00242769,-0.367095,-0.0202663,-0.655242,4.36253,-151212,-1,1.02008e-10,1,0
0.00242852,-0.366303,-0.0198344,-0.655678,4.36722,-150834,-1,2.5449e-11,1,0
0.00242867,-0.366395,-0.0197452,-0.655543,4.36722,-150863,-1,2.5449e-11,1,0
0.00242928,-0.366626,-0.0192559,-0.655502,4.36904,-150920,-1,4.75114e-10,1,0
0.00242958,-0.366532,-0.0190953,-0.655578,4.36736,-150862,-1,1.57642e-10,1,0
0.00243024,-0.365776,-0.0187859,-0.655592,4.36864,-150510,-1,1.32536e-11,1,0
0.00243114,-0.365951,-0.0185504,-0.656124,4.36775,-150526,-1,8.28286e-10,1,0
0.00243202,-0.365197,-0.0190782,-0.655619,4.36983,-150162,-1,1.04071e-09,1,0
0.0024332,-0.365813,-0.0202283,-0.656281,4.3698,-150343,-1,1.04071e-09,1,0
0.00243445,-0.366997,-0.0208581,-0.656732,4.36756,-150751,-1,9.77134e-10,1,0
0.00243499,-0.367096,-0.0214018,-0.656438,4.36811,-150759,-1,6.21958e-10,1,0
0.00243518,-0.366979,-0.0212865,-0.656502,4.36778,-150699,-1,1.37121e-10,1,0
0.00243625,-0.366749,-0.0200275,-0.656131,4.36679,-150538,-1,1.43031e-09,1,0
0.00243699,-0.366268,-0.0194741,-0.655592,4.36569,-150295,-1,9.10487e-10,1,0
0.00243868,-0.366141,-0.0212728,-0.656313,4.3621,-150139,-1,2.70787e-10,1,0
0.00243938,-0.366206,-0.0219553,-0.656622,4.35726,-150122,-1,3.34673e-10,1,0
0.00244054,-0.365333,-0.021658,-0.657438,4.35848,-149694,-1,1.11762e-09,1,0
0.00244191,-0.365738,-0.0228738,-0.658115,4.35885,-149775,-1,1.11807e-09,1,0
0.0024425,-0.365417,-0.0233258,-0.658493,4.36136,-149608,-1,3.19089e-11,1,0
0.00244322,-0.365951,-0.0240037,-0.658551,4.35975,-149782,-1,3.02429e-10,1,0
0.00244427,-0.365986,-0.0233603,-0.657755,4.35946,-149732,-1,1.97229e-10,1,0
0.0024446,-0.365844,-0.0232169,-0.657405,4.35947,-149654,-1,1.97229e-10,1,0
0.00244602,-0.364892,-0.0230824,-0.656058,4.35946,-149178,-1,9.11341e-10,1,0
0.00244649,-0.365037,-0.0229311,-0.65566,4.35714,-149208,-1,4.70257e-10,1,0
0.00244805,-0.363915,-0.0218,-0.654571,4.35687,-148655,-1,1.93008e-09,1,0
0.00244872,-0.363888,-0.0210884,-0.654407,4.35056,-148604,-1,1.91896e-10,1,0
0.00244961,-0.364155,-0.0210334,-0.653339,4.35055,-148659,-1,1.91896e-10,1,0
0.00245113,-0.36507,-0.0210044,-0.651952,4.35185,-148939,-1,2.35328e-09,1,0
0.00245152,-0.365337,-0.0208946,-0.65208,4.35297,-149025,-1,8.84328e-10,1,0
0.00245204,-0.365421,-0.0205529,-0.652625,4.35297,-149027,-1,8.84328e-10,1,0
0.00245412,-0.365754,-0.0191975,-0.654785,4.35195,-149037,-1,3.45316e-09,1,0
0.00245466,-0.365972,-0.0194097,-0.654463,4.35327,-149093,-1,5.401e-10,1,0
0.0024557,-0.365665,-0.0188612,-0.654483,4.35066,-148905,-1,1.71654e-10,1,0
0.00245645,-0.365688,-0.0191222,-0.653906,4.34862,-148869,-1,6.77071e-10,1,0
0.00245724,-0.365506,-0.0187317,-0.653377,4.35075,-148747,-1,7.83295e-10,1,0
0.00245765,-0.365635,-0.0186627,-0.653408,4.35018,-148774,-1,2.6064e-10,1,0
0.00245834,-0.365123,-0.0183113,-0.653312,4.34952,-148524,-1,1.31014e-10,1,0
0.00245987,-0.366164,-0.0185341,-0.653082,4.35265,-148855,-1,9.78499e-10,1,0
0.00246083,-0.365838,-0.0179304,-0.652585,4.35078,-148664,-1,2.82297e-10,1,0
0.00246122,-0.365901,-0.0180672,-0.6526,4.35111,-148666,-1,1.9359e-10,1,0
0.00246267,-0.367354,-0.0176912,-0.653587,4.35103,-149169,-1,1.9359e-10,1,0
0.00246288,-0.367556,-0.0176782,-0.653721,4.35085,-149238,-1,2.01181e-09,1,0
0.00246355,-0.367893,-0.0176637,-0.653464,4.34756,-149335,-1,4.76118e-10,1,0
0.00246448,-0.368551,-0.017595,-0.65251,4.34543,-149545,-1,1.16104e-09,1,0
0.00246514,-0.3682,-0.017224,-0.652391,4.34273,-149363,-1,3.19445e-10,1,0
0.00246601,-0.368688,-0.0168062,-0.651896,4.34314,-149508,-1,8.66696e-10,1,0
0.00246619,-0.36854,-0.0168445,-0.651806,4.342,-149437,-1,3.92391e-10,1,0
0.00246634,-0.368494,-0.0167952,-0.651662,4.34268,-149409,-1,1.54182e-10,1,0
0.00246742,-0.369174,-0.0164732,-0.652029,4.34176,-149619,-1,4.90456e-10,1,0
0.00246779,-0.369418,-0.0164228,-0.652123,4.34296,-149696,-1,1.33139e-09,1,0
0.00246838,-0.36933,-0.0163197,-0.651818,4.3447,-149624,-1,2.63499e-10,1,0
0.00246977,-0.368742,-0.016713,-0.651639,4.34364,-149302,-1,1.39546e-10,1,0
0.00247031,-0.368554,-0.0169077,-0.652141,4.34101,-149194,-1,4.2764e-10,1,0
0.00247128,-0.367604,-0.0172685,-0.652763,4.33884,-148751,-1,2.13478e-10,1,0
0.00247171,-0.367697,-0.0174486,-0.652756,4.33624,-148762,-1,5.54497e-11,1,0
0.00247243,-0.367925,-0.0177715,-0.653502,4.33588,-148811,-1,6.31996e-11,1,0
0.00247346,-0.368335,-0.0171813,-0.653473,4.33425,-148915,-1,3.27863e-10,1,0
0.00247441,-0.368744,-0.0175143,-0.653804,4.333,-149023,-1,1.86377e-10,1,0
0.00247508,-0.368853,-0.0168821,-0.653967,4.33213,-149027,-1,3.19927e-10,1,0
0.00247535,-0.368681,-0.01679,-0.65424,4.33173,-148941,-1,3.35713e-10,1,0
0.00247588,-0.368645,-0.0171543,-0.654523,4.33279,-148895,-1,1.30334e-10,1,0
0.00247719,-0.367445,-0.0182473,-0.654463,4.33285,-148331,-1,1.30334e-10,1,0
0.0024784,-0.366339,-0.0192555,-0.654408,4.33291,-147812,-1,1.30334e-10,1,0
0.00247937,-0.365749,-0.0200423,-0.655005,4.32928,-147517,-1,1.11795e-09,1,0
0.0024799,-0.365848,-0.0201479,-0.655196,4.32923,-147525,-1,1.00891e-10,1,0
0.00248026,-0.366227,-0.0202808,-0.655315,4.32898,-147656,-1,4.97462e-10,1,0
0.00248109,-0.365678,-0.0208431,-0.65522,4.32793,-147386,-1,8.59177e-10,1,0
0.00248199,-0.365561,-0.0197832,-0.655556,4.32794,-147285,-1,8.59177e-10,1,0
0.00248372,-0.36606,-0.0184202,-0.65663,4.32572,-147384,-1,1.00706e-09,1,0
0.00248449,-0.366334,-0.0178758,-0.656812,4.32814,-147449,-1,5.11178e-10,1,0
0.00248528,-0.36593,-0.0169896,-0.656826,4.32919,-147239,-1,1.417e-09,1,0
0.00248572,-0.365994,-0.0173628,-0.656652,4.3305,-147239,-1,4.52065e-10,1,0
0.00248649,-0.366538,-0.0171295,-0.657129,4.3289,-147412,-1,8.11729e-10,1,0
0.00248709,-0.366299,-0.0175344,-0.65759,4.32959,-147280,-1,4.87912e-10,1,0
0.00248768,-0.365778,-0.0179965,-0.657691,4.33023,-147036,-1,6.25157e-10,1,0
0.00248867,-0.364793,-0.0187032,-0.657767,4.33028,-146582,-1,6.25157e-10,1,0
0.00248914,-0.364321,-0.0190418,-0.657803,4.32996,-146364,-1,2.39017e-09,1,0
0.00249041,-0.365332,-0.0181236,-0.658573,4.33051,-146696,-1,1.5677e-09,1,0
0.00249078,-0.365253,-0.0179774,-0.658462,4.33261,-146642,-1,1.37735e-10,1,0
0.00249141,-0.365407,-0.0180772,-0.658735,4.33006,-146667,-1,6.52576e-11,1,0
0.00249307,-0.365364,-0.0184072,-0.659529,4.329,-146552,-1,1.11821e-09,1,0
0.00249405,-0.365774,-0.0172962,-0.659759,4.32898,-146659,-1,1.11821e-09,1,0
0.00249511,-0.366221,-0.016085,-0.66001,4.32896,-146775,-1,1.11821e-09,1,0
0.00249608,-0.366695,-0.0151863,-0.660253,4.32776,-146909,-1,1.41387e-10,1,0
0.00249626,-0.366894,-0.0151663,-0.660171,4.32782,-146977,-1,1.04864e-10,1,0
0.00249732,-0.366871,-0.0142676,-0.660882,4.32975,-146906,-1,1.1183e-09,1,0
0.00249789,-0.367108,-0.0137325,-0.660632,4.33018,-146967,-1,3.5448e-10,1,0
0.00249906,-0.366013,-0.0130092,-0.660851,4.33018,-146461,-1,1.16518e-09,1,0
0.00249957,-0.365927,-0.012526,-0.660723,4.33033,-146396,-1,5.30984e-10,1,0
0.00250009,-0.365994,-0.0127101,-0.660972,4.32897,-146392,-1,1.44322e-10,1,0
0.00250119,-0.366857,-0.0132898,-0.661701,4.3257,-146673,-1,1.11796e-09,1,0
0.00250172,-0.366443,-0.0131271,-0.661904,4.32532,-146476,-1,2.84827e-10,1,0
0.00250246,-0.366613,-0.0130352,-0.662782,4.3233,-146501,-1,1.09286e-10,1,0
0.00250312,-0.365802,-0.0129889,-0.662703,4.32313,-146138,-1,8.1657e-10,1,0
0.00250374,-0.365408,-0.0126458,-0.662239,4.32787,-145945,-1,1.06079e-10,1,0
0.00250444,-0.365029,-0.0131527,-0.662829,4.32766,-145753,-1,8.64935e-10,1,0
0.00250495,-0.365111,-0.013562,-0.663021,4.32731,-145756,-1,2.19797e-10,1,0
0.0025067,-0.363688,-0.0151189,-0.66351,4.3259,-145086,-1,2.16496e-09,1,0
0.00250831,-0.36263,-0.0138174,-0.662443,4.32595,-144572,-1,2.16496e-09,1,0
0.00250856,-0.362451,-0.0136188,-0.662433,4.32465,-144486,-1,2.14029e-09,1,0
0.00250971,-0.361636,-0.0130023,-0.663153,4.32592,-144094,-1,2.29504e-10,1,0
0.00251031,-0.361198,-0.0130568,-0.662971,4.32543,-143886,-1,3.50886e-10,1,0
0.00251151,-0.360509,-0.0141832,-0.662304,4.32546,-143543,-1,3.50886e-10,1,0
0.00251219,-0.36076,-0.0138805,-0.661731,4.32563,-143603,-1,1.9852e-09,1,0
0.00251303,-0.361107,-0.013606,-0.661183,4.32558,-143694,-1,1.55733e-09,1,0
0.00251442,-0.361747,-0.0142199,-0.662233,4.32637,-143869,-1,2.20814e-10,1,0
0.00251548,-0.362393,-0.0149314,-0.662941,4.3279,-144065,-1,6.14604e-10,1,0
0.0025161,-0.362538,-0.0154319,-0.66345,4.32646,-144087,-1,5.18692e-11,1,0
0.00251758,-0.36186,-0.0162869,-0.664216,4.32398,-143733,-1,7.58419e-10,1,0
0.00251858,-0.3624,-0.0162961,-0.66506,4.32519,-143891,-1,3.60352e-10,1,0
0.00252002,-0.363372,-0.0158433,-0.664768,4.32213,-144194,-1,1.36235e-10,1,0
0.00252032,-0.363376,-0.0156595,-0.664526,4.32256,-144179,-1,1.60893e-10,1,0
0.00252155,-0.363055,-0.0155088,-0.665184,4.32368,-143981,-1,9.27926e-12,1,0
0.00252291,-0.362629,-0.0150611,-0.664991,4.32385,-143735,-1,5.25112e-10,1,0
0.00252383,-0.36375,-0.0149005,-0.665159,4.32516,-144126,-1,1.25123e-09,1,0
0.00252513,-0.363059,-0.0134728,-0.665347,4.32519,-143778,-1,1.25123e-09,1,0
0.00252575,-0.362725,-0.0127829,-0.665438,4.32491,-143610,-1,2.36917e-09,1,0
0.00252705,-0.36367,-0.0115585,-0.665823,4.32479,-143910,-1,1.4476e-09,1,0
0.0025277,-0.363971,-0.011358,-0.666329,4.32095,-143993,-1,2.338e-10,1,0
0.00252847,-0.364462,-0.010655,-0.666738,4.32102,-144143,-1,7.41733e-10,1,0
0.00253012,-0.364571,-0.00921593,-0.666422,4.31886,-144092,-1,9.09806e-10,1,0
0.00253046,-0.364619,-0.00919191,-0.666474,4.31673,-144092,-1,2.64124e-11,1,0
0.00253088,-0.36467,-0.00909106,-0.666029,4.31549,-144088,-1,1.37456e-10,1,0
0.00253149,-0.364458,-0.00920912,-0.665587,4.31535,-143970,-1,1.86698e-10,1,0
0.00253181,-0.364502,-0.00908329,-0.665955,4.31416,-143969,-1,3.10848e-10,1,0
0.00253242,-0.365101,-0.00893998,-0.665542,4.31617,-144171,-1,1.14944e-11,1,0
0.00253251,-0.365119,-0.00884756,-0.665547,4.31662,-144173,-1,8.91232e-11,1,0
0.00253322,-0.365331,-0.00934557,-0.666242,4.31157,-144216,-1,8.81232e-10,1,0
0.00253373,-0.365647,-0.00953594,-0.66648,4.30772,-144312,-1,4.76313e-10,1,0
0.0025339,-0.36551,-0.00948862,-0.666432,4.30635,-144248,-1,1.70499e-10,1,0
0.00253526,-0.365863,-0.0109916,-0.665791,4.30586,-144310,-1,1.71033e-09,1,0
0.00253563,-0.365732,-0.0106375,-0.665807,4.3046,-144237,-1,4.00077e-10,1,0
0.0025368,-0.365207,-0.00994716,-0.665886,4.30488,-143964,-1,9.97629e-10,1,0
0.00253719,-0.36539,-0.0101272,-0.666216,4.30788,-144014,-1,3.73713e-10,1,0
0.00253781,-0.36559,-0.0104521,-0.666665,4.30614,-144057,-1,2.33923e-10,1,0
0.00253833,-0.366178,-0.0103567,-0.666896,4.30373,-144259,-1,6.39073e-10,1,0
0.00253934,-0.365426,-0.0112016,-0.667404,4.30377,-143906,-1,6.39073e-10,1,0
0.00253993,-0.365388,-0.0115746,-0.667606,4.30236,-143858,-1,2.53882e-10,1,0
0.00254047,-0.365789,-0.0119881,-0.667352,4.3022,-143985,-1,4.41791e-10,1,0
0.00254155,-0.365975,-0.0112286,-0.667636,4.30185,-143997,-1,9.12027e-10,1,0
0.00254189,-0.365765,-0.0114741,-0.667422,4.30263,-143895,-1,7.68882e-11,1,0
0.00254218,-0.365485,-0.0115829,-0.667265,4.30206,-143768,-1,1.44105e-11,1,0
0.00254296,-0.365606,-0.0117224,-0.667385,4.29949,-143772,-1,4.68211e-10,1,0
0.00254444,-0.365814,-0.0115408,-0.668272,4.29866,-143770,-1,5.51337e-10,1,0
0.00254502,-0.365601,-0.0111026,-0.668637,4.29991,-143654,-1,2.20644e-10,1,0
0.00254601,-0.365107,-0.011403,-0.66943,4.30012,-143403,-1,6.83928e-10,1,0
0.00254658,-0.364938,-0.011248,-0.669946,4.2979,-143305,-1,4.21801e-10,1,0
0.00254718,-0.36504,-0.0108034,-0.670474,4.29791,-143312,-1,1.7792e-10,1,0
0.00254892,-0.365018,-0.00927972,-0.671986,4.29581,-143205,-1,2.70554e-09,1,0
0.00254939,-0.365484,-0.00910759,-0.671918,4.29625,-143361,-1,8.176e-11,1,0
0.00255036,-0.36644,-0.00938736,-0.671254,4.2962,-143682,-1,8.176e-11,1,0
0.00255082,-0.366306,-0.00931388,-0.670934,4.29487,-143603,-1,3.04018e-10,1,0
0.00255158,-0.365586,-0.00924365,-0.670332,4.2949,-143278,-1,3.04018e-10,1,0
0.00255248,-0.365444,-0.00903159,-0.669746,4.29372,-143172,-1,1.68647e-09,1,0
0.00255349,-0.365843,-0.00911501,-0.66977,4.2914,-143272,-1,5.07742e-10,1,0
0.00255443,-0.365932,-0.00850171,-0.669185,4.29226,-143254,-1,8.21405e-10,1,0
0.00255547,-0.366066,-0.00784715,-0.669359,4.29069,-143248,-1,9.72067e-10,1,0
0.00255596,-0.365515,-0.00793449,-0.669168,4.28959,-143005,-1,3.23138e-10,1,0
0.00255643,-0.365635,-0.00820571,-0.669349,4.28829,-143025,-1,7.3539e-10,1,0
0.00255703,-0.366079,-0.00863545,-0.669737,4.28827,-143166,-1,7.3539e-10,1,0
0.00255802,-0.365943,-0.00746508,-0.669793,4.28692,-143057,-1,1.19624e-09,1,0
0.0025608,-0.368472,-0.00770866,-0.672075,4.28679,-143889,-1,1.19624e-09,1,0
0.00256102,-0.368673,-0.00772804,-0.672257,4.28555,-143955,-1,3.6871e-09,1,0
0.00256247,-0.367809,-0.00656764,-0.671234,4.28559,-143537,-1,3.6871e-09,1,0
0.00256343,-0.367566,-0.00712391,-0.671614,4.28012,-143389,-1,7.38322e-10,1,0
0.00256448,-0.36688,-0.00780828,-0.672024,4.27756,-143062,-1,1.13827e-09,1,0
0.00256498,-0.367345,-0.0079802,-0.671719,4.27759,-143216,-1,5.81748e-10,1,0
0.00256515,-0.367376,-0.00801899,-0.671681,4.27838,-143218,-1,1.12726e-11,1,0
0.00256625,-0.367778,-0.00776686,-0.671095,4.27546,-143313,-1,6.19351e-10,1,0
0.00256643,-0.367639,-0.00773986,-0.67106,4.27547,-143249,-1,4.68123e-11,1,0
0.00256701,-0.367029,-0.0075824,-0.670714,4.27273,-142979,-1,8.8531e-10,1,0
0.00256716,-0.367175,-0.00749714,-0.670768,4.27272,-143028,-1,8.8531e-10,1,0
0.0025683,-0.368322,-0.00682415,-0.671199,4.27266,-143411,-1,8.8531e-10,1,0
0.00256937,-0.369404,-0.00618945,-0.671605,4.27261,-143772,-1,8.8531e-10,1,0
0.00256963,-0.369454,-0.00601161,-0.671542,4.27231,-143777,-1,3.0442e-09,1,0
0.00257055,-0.369021,-0.00519663,-0.67092,4.27446,-143557,-1,5.99406e-10,1,0
0.00257094,-0.369081,-0.00501113,-0.671354,4.27404,-143559,-1,4.75923e-10,1,0
0.00257179,-0.368414,-0.00455807,-0.671134,4.27264,-143252,-1,2.44076e-10,1,0
0.0025734,-0.367783,-0.00473595,-0.671048,4.27226,-142917,-1,9.0893e-10,1,0
0.00257499,-0.366949,-0.00614042,-0.672093,4.2723,-142505,-1,9.0893e-10,1,0
0.00257552,-0.366718,-0.00632309,-0.672406,4.27082,-142386,-1,3.48785e-09,1,0
0.00257637,-0.366568,-0.00534099,-0.672734,4.27083,-142281,-1,3.48785e-09,1,0
0.00257683,-0.366487,-0.00480913,-0.672912,4.27083,-142224,-1,3.48785e-09,1,0
0.00257759,-0.366951,-0.00483682,-0.673204,4.27356,-142362,-1,4.08654e-10,1,0
0.002578,-0.367121,-0.00495412,-0.672996,4.27135,-142405,-1,7.14773e-10,1,0
0.00257891,-0.366366,-0.00442491,-0.672627,4.2694,-142062,-1,6.48762e-10,1,0
0.00257976,-0.366334,-0.00462188,-0.672779,4.2715,-142003,-1,6.24207e-10,1,0
0.00258058,-0.36698,-0.00429857,-0.67233,4.27022,-142209,-1,7.61914e-10,1,0
0.00258118,-0.366967,-0.0045657,-0.672836,4.26479,-142170,-1,3.47087e-10,1,0
0.00258156,-0.366775,-0.00490506,-0.672806,4.2646,-142075,-1,3.76839e-10,1,0
0.00258286,-0.367839,-0.00547966,-0.672106,4.26442,-142415,-1,4.43895e-10,1,0
0.00258417,-0.368107,-0.00550007,-0.671164,4.262,-142447,-1,5.7863e-10,1,0
0.00258454,-0.368148,-0.00579619,-0.67139,4.26261,-142442,-1,3.63933e-10,1,0
0.00258525,-0.368785,-0.00549685,-0.671865,4.2624,-142650,-1,2.39492e-10,1,0
0.00258681,-0.368481,-0.00458376,-0.670546,4.26377,-142446,-1,7.79694e-10,1,0
0.00258828,-0.367858,-0.00313362,-0.669686,4.26381,-142125,-1,7.79694e-10,1,0
0.00258867,-0.367808,-0.00329232,-0.66952,4.26027,-142083,-1,2.62297e-10,1,0
0.0025894,-0.367513,-0.00265244,-0.669441,4.25905,-141930,-1,2.2899e-10,1,0
0.00259008,-0.366891,-0.00279502,-0.669436,4.26296,-141652,-1,5.31118e-10,1,0
0.00259112,-0.366765,-0.00192048,-0.668888,4.26283,-141547,-1,4.67409e-11,1,0
0.00259195,-0.36657,-0.000970909,-0.669158,4.26283,-141427,-1,4.67409e-11,1,0
0.00259254,-0.366496,-0.000402817,-0.669594,4.26285,-141366,-1,4.19508e-10,1,0
0.00259292,-0.366148,-0.000262531,-0.669699,4.26337,-141211,-1,3.13313e-10,1,0
0.00259383,-0.365774,8.15343e-05,-0.670673,4.26099,-141017,-1,1.25263e-09,1,0
0.00259449,-0.365051,-0.00013819,-0.670592,4.26239,-140703,-1,6.50488e-10,1,0
0.00259496,-0.364648,-0.00017881,-0.67093,4.25902,-140522,-1,2.10473e-10,1,0
0.00259558,-0.36511,0.000366998,-0.671159,4.25933,-140666,-1,7.4997e-10,1,0
0.00259643,-0.365053,-0.000122245,-0.670538,4.25708,-140598,-1,7.11965e-10,1,0
0.00259695,-0.365495,-0.000339648,-0.670589,4.25743,-140740,-1,2.15211e-10,1,0
0.00259781,-0.364478,-0.000579965,-0.670429,4.25612,-140302,-1,1.05721e-09,1,0
0.00260012,-0.36553,-0.000745563,-0.673039,4.25607,-140582,-1,1.05721e-09,1,0
0.00260127,-0.366012,-0.000850935,-0.674235,4.25588,-140705,-1,4.16611e-09,1,0
0.00260257,-0.365414,-0.00182709,-0.674784,4.25576,-140405,-1,1.26724e-09,1,0
0.00260297,-0.365347,-0.00156269,-0.674757,4.25623,-140358,-1,9.98495e-11,1,0
0.00260353,-0.365261,-0.00188224,-0.674767,4.25372,-140294,-1,5.10663e-10,1,0
0.00260566,-0.364476,-0.0020544,-0.673029,4.25069,-139879,-1,1.67712e-09,1,0
0.0026061,-0.364323,-0.0018897,-0.672982,4.25025,-139796,-1,1.90863e-10,1,0
0.00260694,-0.364788,-0.00107808,-0.673166,4.25121,-139929,-1,6.64911e-10,1,0
0.00260827,-0.364941,-0.00156512,-0.672588,4.25147,-139917,-1,9.98949e-10,1,0
0.00260986,-0.364615,-0.00254522,-0.673984,4.25392,-139707,-1,1.15923e-09,1,0
0.00261197,-0.364321,-0.00362691,-0.675676,4.25385,-139481,-1,1.4225e-09,1,0
0.00261244,-0.364431,-0.00377033,-0.675986,4.25306,-139498,-1,3.25718e-10,1,0
0.00261318,-0.363806,-0.00408737,-0.675406,4.25528,-139220,-1,9.0973e-10,1,0
0.00261416,-0.364094,-0.00343285,-0.676197,4.25548,-139278,-1,1.7162e-10,1,0
0.00261597,-0.364355,-0.00333186,-0.675696,4.25363,-139281,-1,1.15921e-09,1,0
0.00261665,-0.364271,-0.00330375,-0.675192,4.24963,-139213,-1,4.17515e-10,1,0
0.00261765,-0.363826,-0.00398195,-0.674557,4.24857,-138990,-1,8.89665e-10,1,0
0.00261832,-0.363933,-0.00409409,-0.674753,4.25077,-138995,-1,4.05889e-10,1,0
0.00262003,-0.36354,-0.00421052,-0.675582,4.24932,-138754,-1,2.16987e-10,1,0
0.00262115,-0.36347,-0.00340653,-0.676691,4.25007,-138668,-1,2.53014e-09,1,0
0.00262311,-0.363337,-0.00444499,-0.676135,4.24953,-138514,-1,1.54302e-09,1,0
0.00262419,-0.363738,-0.00372351,-0.675812,4.24968,-138609,-1,5.07609e-10,1,0
0.00262435,-0.363828,-0.00360265,-0.67577,4.24656,-138635,-1,1.73957e-10,1,0
0.00262576,-0.36359,-0.0044804,-0.676811,4.24793,-138470,-1,4.48596e-10,1,0
0.00262742,-0.36275,-0.0058658,-0.675735,4.24616,-138063,-1,1.14635e-10,1,0
0.00262848,-0.362105,-0.00657919,-0.675241,4.2476,-137762,-1,2.98545e-09,1,0
0.00262958,-0.360926,-0.00602356,-0.67558,4.24721,-137256,-1,1.57089e-09,1,0
0.0026308,-0.360782,-0.00651992,-0.674178,4.24639,-137138,-1,1.4943e-09,1,0
0.00263145,-0.361512,-0.00622513,-0.674233,4.24749,-137381,-1,6.67004e-10,1,0
0.00263254,-0.36031,-0.00580871,-0.674652,4.24755,-136868,-1,6.67004e-10,1,0
0.00263315,-0.359641,-0.00557711,-0.674884,4.24758,-136582,-1,6.67004e-10,1,0
0.00263477,-0.357959,-0.0047962,-0.674884,4.24515,-135860,-1,1.98496e-10,1,0
0.00263514,-0.357846,-0.00445838,-0.674825,4.24463,-135798,-1,3.90081e-10,1,0
0.0026357,-0.358483,-0.00420136,-0.674902,4.2446,-136010,-1,3.90081e-10,1,0
0.002637,-0.35871,-0.00365837,-0.674588,4.24446,-136030,-1,2.93343e-10,1,0
0.00263779,-0.358145,-0.00386039,-0.675064,4.24335,-135775,-1,6.25282e-10,1,0
0.00263849,-0.357658,-0.00415037,-0.675709,4.24248,-135554,-1,1.61956e-09,1,0
0.00263892,-0.357844,-0.0042029,-0.675231,4.2406,-135602,-1,2.83722e-11,1,0
0.00264015,-0.357722,-0.00476193,-0.673946,4.23908,-135493,-1,1.02629e-09,1,0
0.00264154,-0.35703,-0.00434256,-0.673924,4.24011,-135160,-1,9.82169e-10,1,0
0.00264298,-0.356822,-0.00504561,-0.673277,4.24063,-135007,-1,1.21331e-09,1,0
0.00264416,-0.356767,-0.00390648,-0.672575,4.24252,-134926,-1,1.91128e-09,1,0
0.00264507,-0.356834,-0.00380651,-0.673527,4.23926,-134905,-1,3.26141e-10,1,0
0.00264601,-0.356752,-0.00311362,-0.673238,4.24069,-134827,-1,2.36866e-10,1,0
0.00264623,-0.357017,-0.00307383,-0.673223,4.24062,-134916,-1,2.68723e-10,1,0
0.00264653,-0.356948,-0.00320089,-0.673388,4.24075,-134874,-1,2.81263e-10,1,0
0.00264729,-0.356901,-0.00334807,-0.673206,4.24071,-134818,-1,5.10803e-10,1,0
0.0026477,-0.356463,-0.00324737,-0.673311,4.24084,-134631,-1,8.44686e-10,1,0
0.0026486,-0.35669,-0.00350793,-0.673842,4.24255,-134671,-1,8.6293e-10,1,0
0.00264986,-0.357108,-0.00457002,-0.674879,4.24253,-134765,-1,8.6293e-10,1,0
0.00265054,-0.357334,-0.00514264,-0.675438,4.24512,-134816,-1,2.37351e-09,1,0
0.00265138,-0.357161,-0.00460962,-0.675573,4.24232,-134707,-1,6.24486e-10,1,0
0.00265239,-0.357435,-0.00560469,-0.675193,4.24303,-134760,-1,2.66776e-11,1,0
0.00265349,-0.358564,-0.00531092,-0.675724,4.24432,-135129,-1,1.84774e-10,1,0
0.00265462,-0.3576,-0.00562823,-0.675064,4.24202,-134709,-1,1.44402e-10,1,0
0.00265491,-0.357306,-0.005445,-0.675007,4.2417,-134583,-1,3.36951e-10,1,0
0.0026559,-0.357806,-0.00479372,-0.674741,4.24139,-134721,-1,4.33682e-10,1,0
0.00265648,-0.357948,-0.00419517,-0.674775,4.24237,-134745,-1,6.31332e-10,1,0
0.00265735,-0.358624,-0.00476388,-0.674831,4.24186,-134955,-1,6.33646e-10,1,0
0.0026578,-0.358803,-0.00442735,-0.674864,4.24238,-135000,-1,9.23678e-11,1,0
0.00265849,-0.358526,-0.00470879,-0.674293,4.24336,-134860,-1,2.66857e-11,1,0
0.00265878,-0.358256,-0.00469741,-0.674083,4.24374,-134744,-1,7.94937e-10,1,0
0.00265968,-0.357767,-0.00390085,-0.674391,4.24163,-134515,-1,9.45126e-10,1,0
0.00266003,-0.357733,-0.00370385,-0.674058,4.24073,-134485,-1,6.56158e-11,1,0
0.00266068,-0.358226,-0.0040327,-0.674096,4.24133,-134637,-1,4.88793e-10,1,0
0.00266166,-0.357758,-0.00306735,-0.674613,4.24135,-134412,-1,4.88793e-10,1,0
0.00266285,-0.357377,-0.00198727,-0.674715,4.24466,-134209,-1,4.23653e-10,1,0
0.00266332,-0.357516,-0.00210059,-0.674552,4.24235,-134237,-1,3.9719e-10,1,0
0.00266341,-0.357419,-0.00212487,-0.674544,4.24496,-134196,-1,4.51677e-13,1,0
0.00266373,-0.357035,-0.00222017,-0.674512,4.24555,-134035,-1,4.98306e-10,1,0
0.0026642,-0.357388,-0.00235281,-0.674673,4.24504,-134145,-1,3.13098e-10,1,0
0.00266508,-0.35657,-0.00239118,-0.674556,4.24372,-133793,-1,3.81159e-10,1,0
0.00266582,-0.35576,-0.00266451,-0.674771,4.2433,-133453,-1,1.58461e-09,1,0
0.00266633,-0.35618,-0.00255838,-0.674814,4.23856,-133584,-1,1.8588e-10,1,0
0.00266677,-0.356181,-0.00298861,-0.674956,4.23866,-133563,-1,3.85239e-10,1,0
0.0026679,-0.356981,-0.00370154,-0.675335,4.24004,-133806,-1,2.32672e-10,1,0
0.00266894,-0.357965,-0.00300876,-0.674957,4.23685,-134123,-1,1.26179e-09,1,0
0.00267043,-0.35649,-0.00393701,-0.675503,4.23736,-133495,-1,1.82622e-09,1,0
0.00267139,-0.356008,-0.00454403,-0.675479,4.23589,-133267,-1,7.22845e-10,1,0
0.00267297,-0.355678,-0.0043441,-0.67515,4.23877,-133065,-1,1.03269e-09,1,0
0.00267337,-0.355974,-0.00431657,-0.674796,4.23551,-133156,-1,8.83382e-12,1,0
0.00267381,-0.355603,-0.00436987,-0.674518,4.23258,-132995,-1,1.48856e-10,1,0
0.00267459,-0.356375,-0.00406835,-0.674337,4.22967,-133244,-1,7.55701e-10,1,0
0.0026747,-0.35634,-0.00407929,-0.674316,4.22742,-133226,-1,4.68059e-11,1,0
0.00267579,-0.355525,-0.00360967,-0.674529,4.22825,-132867,-1,3.43538e-10,1,0
0.00267621,-0.355692,-0.00374266,-0.674553,4.2251,-132909,-1,2.59976e-10,1,0
0.00267689,-0.35531,-0.00383671,-0.673948,4.22022,-132732,-1,6.88113e-10,1,0
0.00267765,-0.355476,-0.00295334,-0.674143,4.22049,-132756,-1,1.3644e-11,1,0
0.00267867,-0.354889,-0.00403681,-0.673977,4.22052,-132487,-1,1.3644e-11,1,0
0.00267894,-0.35472,-0.00415043,-0.67403,4.22613,-132411,-1,9.32226e-11,1,0
0.00267998,-0.354365,-0.00528305,-0.673711,4.22557,-132227,-1,7.27962e-10,1,0
0.00268115,-0.353946,-0.00437907,-0.673908,4.22683,-132012,-1,2.28142e-10,1,0
0.00268171,-0.354058,-0.00389124,-0.673905,4.2248,-132027,-1,3.60386e-10,1,0
0.00268279,-0.354394,-0.00318461,-0.674963,4.22478,-132099,-1,3.60386e-10,1,0
0.00268348,-0.354489,-0.00291012,-0.675736,4.22428,-132101,-1,1.58358e-09,1,0
0.00268412,-0.354375,-0.00266329,-0.676224,4.22816,-132027,-1,1.97068e-10,1,0
0.00268552,-0.355013,-0.00399566,-0.676853,4.22835,-132196,-1,1.49486e-09,1,0
0.00268636,-0.35459,-0.0045026,-0.677354,4.22776,-131996,-1,6.10951e-12,1,0
0.00268657,-0.354452,-0.00437274,-0.677512,4.22463,-131935,-1,2.51432e-10,1,0
0.00268688,-0.354506,-0.0045472,-0.677351,4.22506,-131940,-1,2.54964e-10,1,0
0.00268775,-0.354248,-0.00469677,-0.677305,4.22391,-131801,-1,1.50338e-10,1,0
0.00268847,-0.354262,-0.00429771,-0.676526,4.22502,-131771,-1,8.75013e-10,1,0
0.00268928,-0.353696,-0.00422226,-0.676409,4.22122,-131521,-1,1.34158e-10,1,0
0.00268987,-0.35397,-0.00413771,-0.676705,4.21949,-131594,-1,2.57252e-10,1,0
0.00269019,-0.35388,-0.00389664,-0.676414,4.21978,-131545,-1,1.99007e-10,1,0
0.00269124,-0.353305,-0.00341797,-0.675518,4.21841,-131280,-1,2.57302e-10,1,0
0.00269212,-0.35261,-0.0030635,-0.674791,4.21845,-130979,-1,2.57302e-10,1,0
0.00269276,-0.352028,-0.00286244,-0.674432,4.21992,-130731,-1,2.08846e-10,1,0
0.00269303,-0.351821,-0.00271991,-0.67441,4.21696,-130641,-1,2.6747e-10,1,0
0.00269396,-0.351212,-0.00306991,-0.674181,4.21681,-130370,-1,1.84388e-10,1,0
0.00269469,-0.35104,-0.00376679,-0.674066,4.21679,-130271,-1,6.08093e-10,1,0
0.00269647,-0.352406,-0.0044134,-0.674529,4.21903,-130691,-1,1.74188e-09,1,0
0.00269721,-0.351511,-0.00444238,-0.674665,4.22138,-130324,-1,9.04899e-10,1,0
0.00269795,-0.351792,-0.00511728,-0.674544,4.22179,-130392,-1,5.11463e-10,1,0
0.00269807,-0.351845,-0.00523421,-0.6746,4.21907,-130406,-1,1.12672e-10,1,0
0.00269902,-0.351715,-0.00555739,-0.675544,4.21762,-130312,-1,3.90065e-10,1,0
0.00269999,-0.352359,-0.00509582,-0.676428,4.21697,-130504,-1,1.18745e-09,1,0
0.0027008,-0.351949,-0.00556767,-0.676761,4.21591,-130313,-1,2.69627e-10,1,0
0.00270135,-0.351832,-0.00548383,-0.677254,4.21548,-130243,-1,8.73175e-10,1,0
0.0027027,-0.3515,-0.00438285,-0.678424,4.21531,-130055,-1,7.50333e-10,1,0
0.00270333,-0.351201,-0.00408543,-0.678396,4.20941,-129914,-1,3.65768e-10,1,0
0.00270399,-0.351922,-0.00429248,-0.678694,4.2082,-130149,-1,8.07746e-10,1,0
0.00270528,-0.351388,-0.00510839,-0.679113,4.2088,-129890,-1,7.44721e-10,1,0
0.00270611,-0.351626,-0.00576693,-0.678992,4.20661,-129938,-1,1.35313e-10,1,0
0.00270688,-0.351921,-0.00653747,-0.678539,4.20573,-130010,-1,1.63622e-09,1,0
0.00270762,-0.352693,-0.00607037,-0.678492,4.20568,-130259,-1,9.04378e-10,1,0
0.00270849,-0.352763,-0.00685447,-0.678933,4.20569,-130243,-1,4.05882e-10,1,0
0.00270909,-0.352323,-0.00661452,-0.678519,4.20419,-130052,-1,7.04337e-10,1,0
0.00270994,-0.352262,-0.00657345,-0.678178,4.20417,-129989,-1,4.01349e-10,1,0
0.00271068,-0.352731,-0.00581076,-0.678274,4.20415,-130126,-1,4.01349e-10,1,0
0.00271203,-0.353326,-0.00491021,-0.679208,4.20395,-130281,-1,9.50733e-10,1,0
0.00271326,-0.352925,-0.00430021,-0.680522,4.20397,-130074,-1,9.50733e-10,1,0
0.00271459,-0.353114,-0.00361472,-0.679848,4.20145,-130080,-1,1.15907e-09,1,0
0.00271638,-0.351895,-0.00410629,-0.679805,4.20142,-129546,-1,1.3934e-09,1,0
0.00271758,-0.352131,-0.00517606,-0.67885,4.19762,-129575,-1,1.79479e-10,1,0
0.00271791,-0.351802,-0.00538561,-0.678915,4.19764,-129438,-1,1.79479e-10,1,0
0.00271843,-0.351279,-0.00571797,-0.679017,4.19794,-129221,-1,1.02371e-09,1,0
0.00271973,-0.352728,-0.00569577,-0.679222,4.19922,-129692,-1,1.51368e-09,1,0
0.00272111,-0.354218,-0.00499053,-0.678884,4.2001,-130174,-1,1.68352e-09,1,0
0.00272315,-0.352397,-0.00441112,-0.677466,4.2013,-129408,-1,1.43849e-09,1,0
0.0027234,-0.352413,-0.0044706,-0.677766,4.2013,-129402,-1,1.43849e-09,1,0
0.00272435,-0.353201,-0.00401033,-0.677485,4.19933,-129646,-1,4.48849e-10,1,0
0.00272588,-0.353826,-0.00360621,-0.676921,4.19628,-129802,-1,4.31516e-10,1,0
0.00272689,-0.353133,-0.00292141,-0.676976,4.19508,-129500,-1,2.49681e-10,1,0
0.00272757,-0.353623,-0.00342372,-0.676827,4.19348,-129648,-1,4.7922e-10,1,0
0.00272829,-0.353443,-0.00324168,-0.67676,4.19367,-129547,-1,3.58997e-10,1,0
0.00272917,-0.353722,-0.00310756,-0.675928,4.19067,-129608,-1,8.86252e-10,1,0
0.00273047,-0.354736,-0.00310069,-0.674724,4.19115,-129918,-1,2.27408e-09,1,0
0.0027309,-0.355166,-0.00301864,-0.674494,4.19224,-130054,-1,4.9473e-10,1,0
0.00273195,-0.355407,-0.00263889,-0.674663,4.19056,-130093,-1,4.4012e-10,1,0
0.00273355,-0.35621,-0.00206946,-0.674739,4.19039,-130311,-1,2.06482e-11,1,0
0.00273468,-0.356007,-0.00247979,-0.67604,4.18941,-130182,-1,1.36824e-09,1,0
0.00273582,-0.356953,-0.00279458,-0.676919,4.19002,-130474,-1,7.57841e-11,1,0
0.00273644,-0.356416,-0.0030968,-0.677014,4.18666,-130248,-1,4.01171e-10,1,0
0.00273705,-0.356298,-0.00307803,-0.677293,4.18632,-130176,-1,1.56829e-10,1,0
0.002738,-0.356147,-0.0024255,-0.676966,4.18368,-130075,-1,7.80038e-10,1,0
0.00273929,-0.35563,-0.00103067,-0.677448,4.1837,-129826,-1,7.80038e-10,1,0
0.00274044,-0.35495,-0.000513888,-0.677617,4.18329,-129523,-1,4.91387e-10,1,0
0.0027417,-0.354105,-0.000897414,-0.677842,4.18404,-129155,-1,9.97745e-11,1,0
0.00274218,-0.354434,-0.00088833,-0.677764,4.18201,-129253,-1,2.71385e-10,1,0
0.00274395,-0.353639,-0.00224665,-0.677417,4.18323,-128879,-1,1.84311e-09,1,0
0.00274555,-0.352853,-0.00136006,-0.675887,4.18327,-128518,-1,1.84311e-09,1,0
0.00274581,-0.352588,-0.00127394,-0.675837,4.18318,-128409,-1,2.02024e-09,1,0
0.00274693,-0.351433,-0.0010554,-0.675723,4.18437,-127937,-1,1.38863e-09,1,0
0.00274738,-0.351578,-0.000945958,-0.67593,4.18455,-127968,-1,5.09285e-12,1,0
0.00274849,-0.351296,-0.00151384,-0.676285,4.18683,-127814,-1,4.21921e-12,1,0
0.00274963,-0.350984,-0.00252345,-0.675686,4.1861,-127648,-1,3.18135e-10,1,0
0.00275098,-0.351699,-0.00366082,-0.676115,4.18669,-127845,-1,1.11266e-09,1,0
0.0027521,-0.352159,-0.0044182,-0.676731,4.18631,-127960,-1,1.76897e-10,1,0
0.00275358,-0.35291,-0.00520435,-0.675949,4.18597,-128164,-1,3.64179e-10,1,0
0.0027548,-0.35386,-0.00504937,-0.675931,4.18768,-128452,-1,8.97764e-10,1,0
0.00275553,-0.353506,-0.00491984,-0.675196,4.1896,-128290,-1,4.57281e-11,1,0
0.00275628,-0.352798,-0.00513293,-0.67516,4.18872,-127998,-1,1.09196e-09,1,0
0.00275737,-0.351625,-0.00563188,-0.675521,4.18878,-127522,-1,1.09196e-09,1,0
0.00275952,-0.350815,-0.00718788,-0.677127,4.18829,-127129,-1,2.65339e-09,1,0
0.00276083,-0.350405,-0.00819204,-0.678041,4.1893,-126920,-1,3.23027e-09,1,0
0.00276147,-0.350576,-0.00778376,-0.678383,4.19049,-126952,-1,4.32185e-10,1,0
0.00276171,-0.350663,-0.00755896,-0.678495,4.19128,-126973,-1,7.19128e-11,1,0
0.00276217,-0.350387,-0.00727963,-0.678146,4.19105,-126852,-1,4.17917e-11,1,0
0.00276239,-0.350228,-0.00718883,-0.678041,4.18977,-126784,-1,7.20704e-10,1,0
0.00276364,-0.349119,-0.00740656,-0.678878,4.19119,-126326,-1,1.14742e-10,1,0
0.00276544,-0.348541,-0.00852103,-0.680671,4.19124,-126034,-1,2.18931e-09,1,0
0.00276699,-0.348627,-0.00977904,-0.679815,4.18965,-125995,-1,3.77298e-10,1,0
0.00276803,-0.348727,-0.0106159,-0.678869,4.18992,-125984,-1,2.76815e-09,1,0
0.00276889,-0.348709,-0.00968018,-0.678415,4.18992,-125938,-1,2.76815e-09,1,0
0.00276988,-0.348537,-0.00870054,-0.677932,4.18977,-125831,-1,1.62486e-10,1,0
0.00277153,-0.347735,-0.00836874,-0.678129,4.19342,-125467,-1,1.18061e-09,1,0
0.00277182,-0.347668,-0.00830867,-0.677798,4.19343,-125430,-1,1.18061e-09,1,0
0.00277198,-0.34759,-0.00819516,-0.677739,4.19341,-125394,-1,4.23614e-10,1,0
0.00277266,-0.347344,-0.00772448,-0.677832,4.19554,-125275,-1,6.75387e-11,1,0
0.00277328,-0.347854,-0.00814908,-0.67818,4.19548,-125431,-1,8.80703e-10,1,0
0.00277433,-0.347418,-0.00750778,-0.679103,4.19653,-125226,-1,5.75209e-10,1,0
0.0027752,-0.346762,-0.007104,-0.679811,4.19717,-124950,-1,1.75675e-09,1,0
0.00277584,-0.347412,-0.00707129,-0.67938,4.19726,-125156,-1,7.81109e-10,1,0
0.00277659,-0.347824,-0.00641804,-0.67895,4.197,-125270,-1,8.56283e-11,1,0
0.00277767,-0.348893,-0.00660879,-0.678766,4.19615,-125606,-1,1.01472e-09,1,0
0.00277939,-0.349819,-0.00705075,-0.680539,4.19583,-125862,-1,1.63108e-10,1,0
0.00278035,-0.34886,-0.0076451,-0.680854,4.19587,-125473,-1,1.63108e-10,1,0
0.00278231,-0.347781,-0.00710975,-0.680907,4.19581,-124997,-1,2.37384e-09,1,0
0.00278407,-0.349316,-0.00633805,-0.681484,4.1963,-125469,-1,1.57177e-09,1,0
0.00278459,-0.34985,-0.00610797,-0.681681,4.19662,-125638,-1,2.16986e-09,1,0
0.00278624,-0.349946,-0.00715944,-0.681236,4.19718,-125598,-1,1.1805e-09,1,0
0.0027872,-0.349249,-0.00670462,-0.681931,4.19619,-125304,-1,1.05255e-09,1,0
0.00278765,-0.34899,-0.00627016,-0.681734,4.19866,-125192,-1,5.42945e-10,1,0
0.00278871,-0.349075,-0.00673173,-0.682877,4.19988,-125174,-1,1.1804e-09,1,0
0.00278907,-0.348859,-0.00675396,-0.682866,4.19942,-125081,-1,1.75961e-10,1,0
0.00278979,-0.348301,-0.00731655,-0.682653,4.19872,-124849,-1,3.06608e-10,1,0
0.00279015,-0.34842,-0.00748904,-0.682365,4.1974,-124875,-1,3.37732e-10,1,0
0.00279072,-0.348567,-0.00790991,-0.682332,4.19633,-124902,-1,1.54218e-10,1,0
0.00279194,-0.349173,-0.00732254,-0.681593,4.19461,-125065,-1,2.4884e-10,1,0
0.00279216,-0.34907,-0.00757004,-0.681548,4.1951,-125018,-1,3.2253e-10,1,0
0.00279365,-0.348373,-0.00713947,-0.681422,4.19336,-124702,-1,4.93749e-10,1,0
0.00279426,-0.347784,-0.00669668,-0.681334,4.19339,-124464,-1,4.93749e-10,1,0
0.00279502,-0.347051,-0.00614579,-0.681224,4.19417,-124167,-1,2.9779e-09,1,0
0.00279567,-0.347591,-0.00621434,-0.681067,4.19198,-124332,-1,4.70929e-10,1,0
0.00279694,-0.34854,-0.00591735,-0.681754,4.19148,-124615,-1,6.20052e-10,1,0
0.00279792,-0.348261,-0.00624784,-0.681317,4.18897,-124472,-1,8.52102e-10,1,0
0.00279839,-0.347995,-0.00586802,-0.681328,4.18472,-124356,-1,6.57085e-11,1,0
0.00279998,-0.346887,-0.00569398,-0.681917,4.18494,-123889,-1,1.41072e-09,1,0
0.00280126,-0.346187,-0.00636968,-0.681985,4.18378,-123582,-1,2.11992e-09,1,0
0.00280218,-0.346224,-0.00636514,-0.68087,4.18328,-123555,-1,1.56082e-09,1,0
0.00280281,-0.346186,-0.00625978,-0.680523,4.18334,-123514,-1,3.91931e-10,1,0
0.00280375,-0.345729,-0.00596385,-0.681193,4.18474,-123309,-1,6.0164e-10,1,0
0.00280411,-0.345615,-0.00611447,-0.681516,4.18602,-123253,-1,3.35739e-11,1,0
0.00280485,-0.346118,-0.00598881,-0.682041,4.18675,-123400,-1,6.43463e-10,1,0
0.00280607,-0.345174,-0.0065525,-0.682778,4.18716,-123010,-1,1.18034e-09,1,0
0.00280703,-0.344565,-0.00570024,-0.682554,4.18828,-122750,-1,1.09997e-09,1,0
0.00280853,-0.345135,-0.00400485,-0.682908,4.18825,-122888,-1,1.09997e-09,1,0
0.00280972,-0.345585,-0.00266731,-0.683187,4.18789,-122996,-1,3.26203e-09,1,0
0.00281065,-0.345613,-0.00219924,-0.682844,4.18781,-122965,-1,1.99119e-10,1,0
0.0028115,-0.345378,-0.00230886,-0.682205,4.18425,-122845,-1,6.68254e-10,1,0
0.00281262,-0.344731,-0.00216605,-0.682279,4.18201,-122566,-1,5.23807e-10,1,0
0.002814,-0.343222,-0.00286968,-0.682216,4.18053,-121970,-1,2.51006e-09,1,0
0.00281503,-0.344036,-0.00319773,-0.682801,4.17902,-122214,-1,4.12155e-10,1,0
0.00281583,-0.344109,-0.00337448,-0.68333,4.17874,-122205,-1,7.44668e-11,1,0
0.00281692,-0.342918,-0.00379715,-0.682987,4.17873,-121735,-1,9.45098e-10,1,0
0.00281763,-0.342347,-0.00399531,-0.682635,4.17834,-121502,-1,1.093e-10,1,0
0.00281852,-0.342087,-0.0039036,-0.682738,4.18288,-121371,-1,4.35562e-10,1,0
0.00281967,-0.34096,-0.00423678,-0.68325,4.17857,-120922,-1,6.23814e-11,1,0
0.00282063,-0.340099,-0.00428618,-0.683917,4.17987,-120576,-1,8.69815e-10,1,0
0.00282162,-0.339892,-0.00343233,-0.683371,4.17875,-120460,-1,1.27876e-10,1,0
0.00282187,-0.339824,-0.00317307,-0.683243,4.17875,-120425,-1,1.27876e-10,1,0
0.00282328,-0.340022,-0.00186314,-0.682502,4.17746,-120435,-1,2.44367e-09,1,0
0.00282423,-0.340122,-0.00125886,-0.682285,4.1776,-120430,-1,4.3546e-10,1,0
0.00282582,-0.341771,-0.000804305,-0.682514,4.17802,-120946,-1,4.7212e-11,1,0
0.00282781,-0.342521,-0.0019715,-0.682547,4.17898,-121126,-1,1.1802e-09,1,0
0.00282896,-0.342591,-0.00192209,-0.681482,4.17771,-121102,-1,1.19729e-09,1,0
0.00283009,-0.343635,-0.00199265,-0.682363,4.17766,-121422,-1,1.19729e-09,1,0
0.00283109,-0.343525,-0.00216037,-0.682381,4.17911,-121341,-1,2.12625e-09,1,0
0.00283157,-0.343693,-0.00203276,-0.68284,4.17755,-121379,-1,5.40488e-10,1,0
0.00283267,-0.344099,-0.00235867,-0.681873,4.17457,-121475,-1,9.36955e-10,1,0
0.00283393,-0.343075,-0.00321625,-0.681134,4.17462,-121060,-1,9.36955e-10,1,0
0.00283497,-0.342857,-0.00398729,-0.681078,4.17318,-120939,-1,5.39791e-10,1,0
0.00283647,-0.342358,-0.00317198,-0.682141,4.17271,-120699,-1,1.18029e-09,1,0
0.00283675,-0.342526,-0.00341618,-0.682099,4.17236,-120746,-1,2.38574e-10,1,0
0.00283822,-0.342897,-0.00222732,-0.681889,4.17406,-120814,-1,4.1827e-10,1,0
0.00283878,-0.342933,-0.00156431,-0.681888,4.17411,-120803,-1,1.97128e-09,1,0
0.00283994,-0.342775,-0.000635714,-0.682263,4.17543,-120698,-1,1.38059e-10,1,0
0.00284146,-0.341193,-0.000393661,-0.682089,4.17518,-120077,-1,2.28176e-10,1,0
0.00284176,-0.341302,-0.000395227,-0.681861,4.17519,-120103,-1,8.25295e-11,1,0
0.00284289,-0.34091,-0.000861349,-0.680628,4.17423,-119917,-1,2.38282e-10,1,0
0.00284356,-0.341606,-0.000926615,-0.680292,4.17415,-120133,-1,2.87636e-10,1,0
0.00284507,-0.341289,-0.0010444,-0.680011,4.17529,-119958,-1,1.20655e-09,1,0
0.00284565,-0.340935,-0.00113391,-0.680303,4.17543,-119809,-1,3.0654e-10,1,0
0.00284628,-0.341411,-0.00153916,-0.680329,4.17129,-119950,-1,5.29923e-11,1,0
0.00284722,-0.341623,-0.00176569,-0.680636,4.17074,-119985,-1,4.21189e-10,1,0
0.00284771,-0.342013,-0.0022072,-0.680742,4.16973,-120101,-1,7.83431e-10,1,0
0.00284791,-0.341908,-0.00208764,-0.680614,4.16848,-120056,-1,2.1519e-10,1,0
0.00284916,-0.342541,-0.0012175,-0.679612,4.16853,-120225,-1,1.48516e-09,1,0
0.00284969,-0.343014,-0.00127684,-0.679337,4.16742,-120369,-1,4.32097e-10,1,0
0.00285027,-0.343051,-0.00144493,-0.678837,4.16609,-120357,-1,5.9298e-10,1,0
0.00285134,-0.343572,-0.000648585,-0.678953,4.16561,-120495,-1,1.93302e-10,1,0
0.00285236,-0.34344,0.000570684,-0.678909,4.16561,-120406,-1,1.93302e-10,1,0
0.00285343,-0.343965,0.000702629,-0.678001,4.16606,-120544,-1,1.46609e-09,1,0
0.00285443,-0.344433,0.000420319,-0.676946,4.16828,-120666,-1,5.73404e-10,1,0
0.0028562,-0.345185,0.00100927,-0.676358,4.16913,-120855,-1,1.07844e-09,1,0
0.00285691,-0.345485,0.000579442,-0.676008,4.16901,-120930,-1,3.98446e-10,1,0
0.00285776,-0.345517,0.000852913,-0.675862,4.17108,-120905,-1,5.31015e-10,1,0
0.00285863,-0.346253,0.00139351,-0.67629,4.17142,-121125,-1,1.18516e-09,1,0
0.00285987,-0.346783,0.00139846,-0.675822,4.17046,-121258,-1,1.1601e-10,1,0
0.00286119,-0.347226,0.00232178,-0.675524,4.16983,-121357,-1,4.17895e-10,1,0
0.00286166,-0.347306,0.00236959,-0.675111,4.16833,-121365,-1,3.75738e-10,1,0
0.00286277,-0.348012,0.00252281,-0.675516,4.16792,-121565,-1,4.93789e-10,1,0
0.00286361,-0.348414,0.00299305,-0.676284,4.16534,-121669,-1,1.22455e-10,1,0
0.00286485,-0.34904,0.00332234,-0.675477,4.16603,-121835,-1,3.04017e-10,1,0
0.00286505,-0.349139,0.00338157,-0.675304,4.16801,-121861,-1,1.40198e-09,1,0
0.00286564,-0.34983,0.0033064,-0.675473,4.16962,-122077,-1,7.02414e-10,1,0
0.00286599,-0.349894,0.00298345,-0.675411,4.16918,-122085,-1,3.26321e-10,1,0
0.00286728,-0.348942,0.00242584,-0.675189,4.16739,-121698,-1,8.43751e-11,1,0
0.00286781,-0.348584,0.00274818,-0.675304,4.16533,-121551,-1,3.10053e-10,1,0
0.00286827,-0.348405,0.00264087,-0.675082,4.16557,-121468,-1,4.08051e-10,1,0
0.00286878,-0.348797,0.00278482,-0.67496,4.1648,-121584,-1,2.87705e-10,1,0
0.00286979,-0.348922,0.00223891,-0.675451,4.16332,-121584,-1,9.06016e-10,1,0
0.0028704,-0.34821,0.00217086,-0.67526,4.16335,-121311,-1,9.06016e-10,1,0
0.00287075,-0.347808,0.00213248,-0.675152,4.1644,-121156,-1,1.15788e-09,1,0
0.00287112,-0.347753,0.00222514,-0.674713,4.16432,-121121,-1,4.51513e-10,1,0
0.0028725,-0.347223,0.00101211,-0.675662,4.16411,-120878,-1,1.59596e-09,1,0
0.00287311,-0.347012,0.00168362,-0.675462,4.1643,-120779,-1,6.7725e-10,1,0
0.00287346,-0.346851,0.00206902,-0.67555,4.16293,-120709,-1,4.89154e-10,1,0
0.00287383,-0.346998,0.00195051,-0.675616,4.16188,-120744,-1,2.75915e-10,1,0
0.00287484,-0.347689,0.00292637,-0.675634,4.16082,-120942,-1,2.70831e-11,1,0
0.00287667,-0.348577,0.00290229,-0.673614,4.16091,-121174,-1,2.20724e-09,1,0
0.00287729,-0.348494,0.00245209,-0.673764,4.16139,-121119,-1,3.0655e-10,1,0
0.00287891,-0.349405,0.000747822,-0.673478,4.16111,-121367,-1,4.56751e-10,1,0
0.00288053,-0.349807,-0.000913231,-0.672765,4.16248,-121439,-1,1.18035e-09,1,0
0.00288075,-0.35006,-0.000966147,-0.672765,4.15954,-121517,-1,2.96781e-10,1,0
0.00288129,-0.349814,-0.000525342,-0.672785,4.15915,-121409,-1,2.96259e-11,1,0
0.00288259,-0.34856,-0.000454959,-0.67228,4.16234,-120919,-1,5.00835e-10,1,0
0.0028846,-0.346267,-0.000816358,-0.671821,4.16355,-120040,-1,5.00365e-10,1,0
0.00288544,-0.346766,-0.000382343,-0.672523,4.16141,-120178,-1,2.97744e-11,1,0
0.00288699,-0.345583,-0.000898082,-0.673397,4.15882,-119704,-1,8.30644e-10,1,0
0.00288805,-0.345297,-0.00204512,-0.672885,4.15796,-119561,-1,1.28818e-09,1,0
0.00288918,-0.344774,-0.00162978,-0.671936,4.15572,-119333,-1,1.0696e-09,1,0
0.00288979,-0.344368,-0.00152635,-0.671744,4.15724,-119167,-1,4.83181e-10,1,0
0.00289096,-0.344144,-0.00207156,-0.672793,4.15882,-119041,-1,2.55331e-10,1,0
0.00289139,-0.344234,-0.00197702,-0.672929,4.15465,-119055,-1,1.81867e-10,1,0
0.00289189,-0.343779,-0.00185008,-0.672929,4.1584,-118877,-1,5.27134e-10,1,0
0.00289292,-0.344488,-0.00183797,-0.671901,4.15753,-119080,-1,1.24837e-09,1,0
0.002894,-0.344695,-0.00135008,-0.672261,4.15885,-119107,-1,7.75725e-10,1,0
0.00289571,-0.343629,-0.00266651,-0.672886,4.15651,-118668,-1,1.97717e-09,1,0
0.00289747,-0.344434,-0.0018384,-0.671869,4.1572,-118874,-1,8.69829e-10,1,0
0.00289786,-0.344248,-0.00159493,-0.671633,4.15788,-118794,-1,1.67293e-09,1,0
0.00289954,-0.342471,-0.000815224,-0.671002,4.15797,-118112,-1,1.67293e-09,1,0
0.00289995,-0.342042,-0.000694955,-0.670853,4.15614,-117947,-1,6.48508e-11,1,0
0.00290046,-0.342293,-0.000210686,-0.671033,4.15163,-118014,-1,6.17358e-11,1,0
0.00290089,-0.341895,-0.000397311,-0.671103,4.1512,-117859,-1,2.71603e-10,1,0
0.0029017,-0.342768,-0.000258717,-0.671236,4.15235,-118127,-1,9.33668e-10,1,0
0.00290276,-0.343292,0.000779186,-0.670698,4.15207,-118264,-1,1.28143e-09,1,0
0.00290301,-0.343476,0.000664778,-0.670592,4.15425,-118317,-1,9.01837e-11,1,0
0.00290335,-0.343651,0.000650369,-0.670486,4.15253,-118364,-1,7.99719e-11,1,0
0.00290387,-0.343896,0.000130946,-0.670223,4.15181,-118427,-1,7.39897e-10,1,0
0.00290521,-0.342582,-4.1086e-05,-0.669357,4.15274,-117920,-1,1.80006e-10,1,0
0.00290644,-0.341384,-0.000307351,-0.668527,4.15548,-117458,-1,2.92499e-09,1,0
0.0029071,-0.341782,-0.00047229,-0.668858,4.15312,-117568,-1,2.90435e-11,1,0
0.00290809,-0.340707,-0.000740156,-0.669281,4.15278,-117158,-1,1.18656e-09,1,0
0.00290945,-0.341609,-0.00152132,-0.670302,4.15329,-117414,-1,1.18022e-09,1,0
0.00291004,-0.341778,-0.00210827,-0.670671,4.15315,-117448,-1,1.18017e-09,1,0
0.00291178,-0.343852,-0.00221307,-0.670347,4.15304,-118090,-1,1.18017e-09,1,0
0.00291278,-0.345056,-0.00227389,-0.670159,4.156,-118463,-1,3.32197e-09,1,0
0.0029142,-0.344932,-0.00131198,-0.671008,4.15498,-118363,-1,1.18022e-09,1,0
0.00291485,-0.344624,-0.000863912,-0.670746,4.15666,-118231,-1,3.85734e-10,1,0
0.00291613,-0.344108,-0.000679379,-0.670846,4.1569,-118001,-1,5.82899e-10,1,0
0.00291783,-0.343639,-0.000181329,-0.672674,4.15917,-117772,-1,8.45446e-10,1,0
0.00291949,-0.343486,-0.000520529,-0.674194,4.15943,-117653,-1,5.45791e-10,1,0
0.00292087,-0.342113,-0.00061763,-0.674215,4.15982,-117127,-1,1.29437e-09,1,0
0.00292166,-0.342114,-0.00107878,-0.673926,4.16109,-117096,-1,1.30735e-09,1,0
0.00292235,-0.341974,-0.000868038,-0.674537,4.16348,-117020,-1,5.94812e-10,1,0
0.00292296,-0.341741,-0.000585184,-0.675171,4.16284,-116916,-1,1.45911e-09,1,0
0.00292332,-0.341941,-0.000228089,-0.675249,4.16409,-116970,-1,3.25268e-10,1,0
0.00292376,-0.342011,-0.000253741,-0.675588,4.16357,-116977,-1,3.97129e-10,1,0
0.00292443,-0.341858,-0.000361124,-0.675748,4.16152,-116897,-1,3.88038e-10,1,0
0.00292452,-0.341842,-0.000362479,-0.675637,4.16152,-116888,-1,3.88038e-10,1,0
0.00292476,-0.342004,-0.000502395,-0.675457,4.16097,-116934,-1,1.24046e-10,1,0
0.00292547,-0.342793,-0.000262065,-0.675295,4.1592,-117175,-1,8.17296e-10,1,0
0.00292608,-0.342343,-0.00019665,-0.674719,4.15922,-116997,-1,8.17296e-10,1,0
0.00292651,-0.342106,-0.00047014,-0.674376,4.1584,-116899,-1,4.36415e-10,1,0
0.00292703,-0.342273,-0.000965239,-0.674027,4.15922,-116935,-1,7.09838e-10,1,0
0.00292858,-0.342977,0.000622499,-0.674683,4.15896,-117114,-1,1.78932e-09,1,0
0.00292948,-0.343667,0.00114435,-0.675342,4.15878,-117313,-1,1.16597e-09,1,0
0.0029313,-0.345326,6.8491e-05,-0.67554,4.16046,-117806,-1,1.95723e-09,1,0
0.00293186,-0.344965,-0.000481498,-0.675727,4.16048,-117661,-1,1.95723e-09,1,0
0.00293249,-0.344551,-0.000988678,-0.67585,4.15963,-117494,-1,9.11171e-11,1,0
0.00293314,-0.344951,-0.00139658,-0.675409,4.1569,-117604,-1,2.73648e-10,1,0
0.00293376,-0.344912,-0.00158621,-0.676037,4.15984,-117567,-1,9.91288e-11,1,0
0.00293414,-0.34528,-0.00159937,-0.676222,4.15944,-117677,-1,4.05055e-10,1,0
0.00293461,-0.345526,-0.00198481,-0.676078,4.15983,-117742,-1,4.01061e-10,1,0
0.00293588,-0.344849,-0.00181572,-0.676179,4.15853,-117460,-1,7.57564e-10,1,0
0.00293676,-0.344587,-0.00104485,-0.675646,4.15965,-117336,-1,4.90841e-10,1,0
0.00293751,-0.34511,-0.000523708,-0.675371,4.15927,-117484,-1,6.50335e-10,1,0
0.00293871,-0.344025,-0.00118716,-0.675887,4.1587,-117067,-1,1.33059e-09,1,0
0.0029392,-0.343678,-0.00121751,-0.676092,4.15995,-116929,-1,4.71079e-10,1,0
0.00293976,-0.344193,-0.00148555,-0.676456,4.15807,-117082,-1,6.85585e-10,1,0
0.00294093,-0.344213,-0.00186243,-0.67628,4.16401,-117042,-1,4.55993e-10,1,0
0.00294167,-0.344764,-0.00206191,-0.675763,4.16327,-117200,-1,8.59978e-10,1,0
0.00294278,-0.344911,-0.00110729,-0.674978,4.1646,-117206,-1,1.18943e-09,1,0
0.0029432,-0.344878,-0.00158661,-0.675083,4.16455,-117178,-1,1.8611e-10,1,0
0.00294412,-0.343843,-0.00147482,-0.674693,4.16466,-116790,-1,1.11206e-09,1,0
0.00294502,-0.342802,-0.00129975,-0.674967,4.16427,-116401,-1,1.09005e-09,1,0
0.00294648,-0.341772,-0.00122432,-0.673843,4.16302,-115993,-1,1.18037e-09,1,0
0.00294797,-0.343125,-0.00197271,-0.674608,4.16359,-116393,-1,1.3729e-10,1,0
0.00294848,-0.342822,-0.00182129,-0.674563,4.16446,-116271,-1,1.874e-09,1,0
0.00294936,-0.342131,-0.00153783,-0.674306,4.16444,-116002,-1,1.58167e-10,1,0
0.00295016,-0.342727,-0.00140482,-0.674116,4.1661,-116172,-1,1.86945e-11,1,0
0.00295026,-0.34278,-0.00137718,-0.674003,4.16589,-116186,-1,6.06234e-10,1,0
0.00295133,-0.343448,-0.000928975,-0.673935,4.16517,-116370,-1,8.03958e-10,1,0
0.00295198,-0.343961,-0.00117596,-0.674469,4.16515,-116519,-1,8.03958e-10,1,0
0.00295315,-0.344931,-0.00161125,-0.675348,4.16365,-116801,-1,1.20829e-10,1,0
0.00295438,-0.345622,-0.0023401,-0.675807,4.16443,-116987,-1,7.05198e-10,1,0
0.00295556,-0.344404,-0.00256276,-0.676364,4.1658,-116528,-1,1.08263e-09,1,0
0.002956,-0.344639,-0.00241702,-0.676481,4.16428,-116590,-1,2.01572e-10,1,0
0.00295681,-0.344175,-0.00261322,-0.677035,4.16307,-116401,-1,1.28411e-11,1,0
0.00295826,-0.344694,-0.00382883,-0.678186,4.16465,-116519,-1,1.75239e-09,1,0
0.00295907,-0.344821,-0.00285605,-0.678242,4.16704,-116530,-1,9.73027e-10,1,0
0.00295963,-0.344592,-0.00291945,-0.677747,4.16852,-116431,-1,5.17005e-10,1,0
0.00296077,-0.344555,-0.00418779,-0.677917,4.16744,-116373,-1,1.10714e-09,1,0
0.00296089,-0.344524,-0.00423386,-0.677974,4.16607,-116358,-1,3.687e-10,1,0
0.00296167,-0.345281,-0.00384872,-0.678385,4.16544,-116583,-1,9.91976e-10,1,0
0.00296222,-0.34575,-0.0036231,-0.677972,4.16809,-116720,-1,6.64679e-10,1,0
0.00296318,-0.345195,-0.00410302,-0.677863,4.16895,-116495,-1,5.53815e-10,1,0
0.00296395,-0.345378,-0.00412334,-0.678534,4.1667,-116526,-1,5.43866e-10,1,0
0.00296476,-0.344827,-0.00463347,-0.679034,4.1688,-116308,-1,2.72216e-11,1,0
0.00296508,-0.345049,-0.00470929,-0.679337,4.16676,-116371,-1,3.83192e-10,1,0
0.00296594,-0.344696,-0.00480606,-0.67858,4.1662,-116218,-1,5.42381e-10,1,0
0.00296628,-0.344659,-0.00478534,-0.678965,4.16608,-116192,-1,2.07348e-10,1,0
0.00296668,-0.344565,-0.00479502,-0.679425,4.16602,-116145,-1,4.17166e-10,1,0
0.00296781,-0.34498,-0.00521586,-0.680607,4.16633,-116240,-1,4.69633e-10,1,0
0.00296861,-0.345094,-0.00507834,-0.680741,4.16639,-116247,-1,4.56314e-10,1,0
0.00296936,-0.344882,-0.00583677,-0.680446,4.16629,-116147,-1,1.0627e-09,1,0
0.00296969,-0.345084,-0.00585679,-0.680718,4.16633,-116202,-1,9.98747e-11,1,0
0.00297055,-0.345092,-0.00580576,-0.680361,4.16934,-116171,-1,2.48748e-10,1,0
0.00297145,-0.345011,-0.00516595,-0.680313,4.1675,-116109,-1,2.96646e-10,1,0
0.00297217,-0.345644,-0.00565386,-0.680636,4.16669,-116294,-1,8.61864e-10,1,0
0.00297411,-0.343702,-0.00535768,-0.680008,4.16759,-115565,-1,6.45402e-10,1,0
0.00297479,-0.342914,-0.00511982,-0.679962,4.1656,-115273,-1,2.53861e-09,1,0
0.00297615,-0.343029,-0.00400864,-0.679466,4.16622,-115259,-1,2.8282e-10,1,0
0.00297686,-0.342698,-0.00429812,-0.680093,4.16343,-115121,-1,8.07706e-10,1,0
0.00297833,-0.342648,-0.00602659,-0.680489,4.16344,-115047,-1,8.07706e-10,1,0
0.00297894,-0.342437,-0.00642903,-0.680391,4.16205,-114953,-1,2.31452e-10,1,0
0.00297958,-0.342063,-0.00667141,-0.679936,4.16059,-114802,-1,5.02222e-10,1,0
0.00298062,-0.342624,-0.00605113,-0.679429,4.16035,-114951,-1,7.57839e-10,1,0
0.00298281,-0.34156,-0.00419979,-0.677848,4.1604,-114509,-1,7.57839e-10,1,0
0.00298331,-0.341381,-0.00403518,-0.677332,4.1586,-114430,-1,4.31541e-10,1,0
0.00298469,-0.34176,-0.00330119,-0.678016,4.15682,-114504,-1,2.94887e-10,1,0
0.00298634,-0.339799,-0.00294862,-0.67806,4.15827,-113784,-1,1.9929e-09,1,0
0.00298749,-0.338923,-0.00394521,-0.677963,4.15757,-113447,-1,1.82765e-10,1,0
0.00298842,-0.338553,-0.00471342,-0.678707,4.15702,-113288,-1,1.13178e-09,1,0
0.00299015,-0.337805,-0.00411579,-0.678987,4.15563,-112973,-1,8.3994e-10,1,0
0.00299112,-0.337156,-0.00358139,-0.678509,4.15629,-112719,-1,1.19029e-09,1,0
0.00299194,-0.337918,-0.00313769,-0.678617,4.15644,-112943,-1,9.98302e-10,1,0
0.00299335,-0.33932,-0.00272379,-0.679046,4.15694,-113358,-1,7.23653e-10,1,0
0.00299494,-0.339552,-0.00168088,-0.680005,4.15752,-113375,-1,2.35974e-10,1,0
0.00299617,-0.339506,-0.00155028,-0.679744,4.15788,-113313,-1,6.46299e-10,1,0
0.00299721,-0.339872,-0.000532229,-0.680043,4.15518,-113396,-1,7.77471e-11,1,0
0.00299761,-0.339769,-0.000101562,-0.680118,4.15556,-113346,-1,3.45982e-10,1,0
0.00299941,-0.341052,0.000265953,-0.679296,4.155,-113706,-1,6.17727e-10,1,0
0.00300175,-0.34242,-0.00110621,-0.677868,4.14952,-114074,-1,1.18012e-09,1,0
0.00300237,-0.342158,-0.000948261,-0.678535,4.14917,-113963,-1,1.57002e-11,1,0
0.00300309,-0.342238,-0.000170451,-0.678192,4.14978,-113962,-1,1.03863e-11,1,0
0.00300469,-0.341101,-0.000813571,-0.678693,4.14868,-113523,-1,1.61282e-09,1,0
0.0030049,-0.34122,-0.000637682,-0.678711,4.15025,-113554,-1,1.55034e-10,1,0
0.00300527,-0.341362,-0.00084732,-0.678497,4.15066,-113588,-1,1.53654e-10,1,0
0.00300592,-0.341976,-0.0012771,-0.678234,4.15121,-113767,-1,1.07749e-09,1,0
0.00300659,-0.341769,-0.00148212,-0.677984,4.14994,-113674,-1,1.93746e-10,1,0
0.00300671,-0.341671,-0.00148546,-0.678012,4.14913,-113636,-1,7.47528e-11,1,0
0.00300822,-0.340974,-0.00243225,-0.678899,4.14874,-113347,-1,2.32262e-10,1,0
0.00300892,-0.340896,-0.00296168,-0.679509,4.14734,-113295,-1,1.08245e-10,1,0
0.00300947,-0.340608,-0.00284675,-0.67993,4.14959,-113179,-1,9.86738e-11,1,0
0.00300992,-0.340609,-0.00322476,-0.680218,4.14835,-113162,-1,7.98031e-11,1,0
0.00301061,-0.340805,-0.00377423,-0.680462,4.14938,-113201,-1,1.00675e-10,1,0
0.00301216,-0.341753,-0.00231419,-0.681152,4.14933,-113458,-1,1.00675e-10,1,0
0.00301256,-0.342198,-0.0021298,-0.681125,4.14841,-113591,-1,1.87568e-09,1,0
0.00301277,-0.342213,-0.00223937,-0.681099,4.14908,-113587,-1,1.65811e-10,1,0
0.00301323,-0.342068,-0.00212334,-0.681164,4.14688,-113522,-1,2.7353e-10,1,0
0.00301389,-0.342342,-0.0020657,-0.681502,4.14674,-113588,-1,3.87917e-10,1,0
0.00301635,-0.343131,-0.00283439,-0.681334,4.14403,-113757,-1,1.1797e-09,1,0
0.00301752,-0.342592,-0.00343344,-0.680249,4.14416,-113534,-1,3.33667e-10,1,0
0.0030187,-0.342234,-0.00402961,-0.679007,4.14418,-113371,-1,3.33667e-10,1,0
0.00301948,-0.342661,-0.00397572,-0.678452,4.14509,-113484,-1,1.45144e-10,1,0
0.00302045,-0.342001,-0.00422372,-0.679017,4.14437,-113228,-1,4.1909e-10,1,0
0.00302174,-0.342414,-0.00377549,-0.678287,4.14246,-113317,-1,3.7382e-10,1,0
0.00302247,-0.342204,-0.00364185,-0.677797,4.14268,-113220,-1,1.63777e-09,1,0
0.00302387,-0.340953,-0.00448542,-0.677498,4.14307,-112754,-1,1.60751e-09,1,0
0.00302444,-0.340622,-0.00473217,-0.67757,4.13907,-112623,-1,1.29122e-10,1,0
0.00302506,-0.340736,-0.00400099,-0.677472,4.13906,-112638,-1,1.29122e-10,1,0
0.00302556,-0.340975,-0.00374174,-0.677502,4.13908,-112698,-1,2.25441e-10,1,0
0.00302665,-0.341251,-0.00300833,-0.67856,4.13873,-112749,-1,1.31693e-09,1,0
0.00302751,-0.34122,-0.00281839,-0.678692,4.1401,-112706,-1,4.4327e-10,1,0
0.00302782,-0.341298,-0.00272915,-0.679035,4.13996,-112721,-1,4.08373e-11,1,0
0.00302846,-0.341196,-0.00241463,-0.678808,4.13309,-112663,-1,1.03116e-10,1,0
0.0030297,-0.341957,-0.0035649,-0.678456,4.13329,-112868,-1,5.15412e-10,1,0
0.00303096,-0.342506,-0.0039987,-0.678725,4.13429,-113003,-1,3.95325e-10,1,0
0.00303179,-0.34226,-0.00379271,-0.678816,4.13082,-112891,-1,5.08906e-10,1,0
0.00303221,-0.341997,-0.00376179,-0.679135,4.13218,-112788,-1,3.18372e-10,1,0
0.00303394,-0.343227,-0.00226308,-0.679921,4.13214,-113129,-1,2.09225e-09,1,0
0.00303439,-0.343503,-0.0020296,-0.679998,4.13511,-113204,-1,1.18007e-10,1,0
0.00303485,-0.343561,-0.00206209,-0.679935,4.13596,-113205,-1,2.60228e-10,1,0
0.00303527,-0.34407,-0.00202875,-0.679962,4.13415,-113357,-1,8.11419e-10,1,0
0.00303643,-0.344578,-0.00217861,-0.681209,4.13121,-113481,-1,1.367e-09,1,0
0.00303813,-0.344709,-0.00349193,-0.67992,4.12936,-113461,-1,1.20172e-09,1,0
0.00304,-0.345708,-0.00367234,-0.680302,4.12695,-113720,-1,1.15979e-09,1,0
0.00304059,-0.346249,-0.00363331,-0.680416,4.12442,-113876,-1,4.49582e-10,1,0
0.00304185,-0.345597,-0.00344857,-0.681768,4.12446,-113614,-1,4.49582e-10,1,0
0.00304204,-0.345432,-0.00345937,-0.681896,4.12236,-113553,-1,1.63925e-10,1,0
0.00304316,-0.34676,-0.00342358,-0.681962,4.12171,-113947,-1,1.25214e-09,1,0
0.00304554,-0.347938,-0.0049943,-0.683551,4.12239,-114245,-1,1.20195e-09,1,0
0.00304603,-0.348336,-0.00515525,-0.683629,4.12495,-114357,-1,6.5468e-11,1,0
0.00304731,-0.347999,-0.00583532,-0.683317,4.12406,-114199,-1,9.23775e-10,1,0
0.00304794,-0.34795,-0.00564297,-0.682708,4.12729,-114159,-1,4.67604e-11,1,0
0.0030488,-0.347788,-0.00547023,-0.683124,4.12297,-114073,-1,3.36675e-10,1,0
0.00305039,-0.346121,-0.00641329,-0.683094,4.12296,-113468,-1,1.91555e-09,1,0
0.00305113,-0.346734,-0.00586467,-0.683414,4.12197,-113641,-1,8.83231e-10,1,0
0.00305166,-0.346321,-0.00562631,-0.683062,4.11907,-113486,-1,4.23781e-11,1,0
0.00305209,-0.345986,-0.00537627,-0.682867,4.11677,-113360,-1,8.14954e-11,1,0
0.00305351,-0.347599,-0.00589408,-0.683093,4.1155,-113836,-1,1.70903e-09,1,0
0.00305384,-0.347494,-0.00594699,-0.683145,4.11694,-113789,-1,2.02274e-10,1,0
0.00305461,-0.347301,-0.00633596,-0.683317,4.11373,-113697,-1,2.72326e-10,1,0
0.00305557,-0.347479,-0.00636456,-0.683309,4.10777,-113720,-1,4.65295e-10,1,0
0.00305758,-0.34933,-0.00482169,-0.683546,4.10768,-114250,-1,4.65295e-10,1,0
0.0030579,-0.349538,-0.00459306,-0.683533,4.10933,-114307,-1,3.22117e-09,1,0
0.00305867,-0.349051,-0.00425812,-0.682818,4.10936,-114119,-1,2.07682e-10,1,0
0.00305915,-0.348983,-0.00388166,-0.682792,4.10928,-114078,-1,3.37804e-10,1,0
0.00306006,-0.349551,-0.00450938,-0.682406,4.10832,-114230,-1,4.95632e-10,1,0
0.00306104,-0.350403,-0.00504595,-0.682431,4.10892,-114472,-1,8.61089e-10,1,0
0.00306228,-0.350917,-0.00406166,-0.682624,4.11169,-114594,-1,2.82969e-10,1,0
0.00306324,-0.351345,-0.00346033,-0.682436,4.10959,-114697,-1,8.36648e-10,1,0
0.00306441,-0.351885,-0.0042394,-0.681388,4.10956,-114830,-1,8.36648e-10,1,0
0.00306566,-0.352274,-0.00457468,-0.68029,4.11076,-114909,-1,3.90812e-10,1,0
0.00306649,-0.351972,-0.00411766,-0.680678,4.10599,-114780,-1,8.15155e-10,1,0
0.00306794,-0.352459,-0.00558972,-0.68096,4.10928,-114885,-1,5.42114e-10,1,0
0.00306918,-0.351976,-0.00420769,-0.680685,4.10939,-114681,-1,1.4897e-09,1,0
0.00307071,-0.352266,-0.00352749,-0.679584,4.11065,-114718,-1,1.20086e-09,1,0
0.00307166,-0.353219,-0.0038583,-0.679041,4.10957,-114993,-1,1.78823e-09,1,0
0.00307215,-0.352932,-0.00434978,-0.678889,4.10958,-114881,-1,1.78823e-09,1,0
0.00307262,-0.352873,-0.00474109,-0.678625,4.10816,-114844,-1,9.04069e-10,1,0
0.00307403,-0.352807,-0.00625847,-0.677916,4.10806,-114770,-1,3.45291e-10,1,0
0.00307508,-0.352724,-0.00741287,-0.677417,4.11077,-114704,-1,2.85753e-09,1,0
0.00307608,-0.35383,-0.00748365,-0.677899,4.11201,-115026,-1,4.01735e-11,1,0
0.00307667,-0.354273,-0.00800226,-0.678077,4.11199,-115148,-1,4.01735e-11,1,0
0.00307713,-0.354046,-0.00819501,-0.678494,4.11456,-115057,-1,7.48852e-10,1,0
0.0030782,-0.353976,-0.00874545,-0.677401,4.11386,-114994,-1,5.51084e-10,1,0
0.00307886,-0.353946,-0.00908549,-0.676685,4.11386,-114960,-1,5.51084e-10,1,0
0.00308053,-0.353125,-0.00979294,-0.675853,4.11626,-114631,-1,8.33497e-10,1,0
0.00308142,-0.353597,-0.00903457,-0.675306,4.11627,-114751,-1,1.54647e-10,1,0
0.00308195,-0.353315,-0.00867879,-0.675648,4.11532,-114640,-1,5.54359e-10,1,0
0.00308202,-0.353332,-0.00868122,-0.675719,4.11375,-114643,-1,9.93454e-12,1,0
0.00308294,-0.352915,-0.00798372,-0.675211,4.11644,-114473,-1,4.30484e-10,1,0
0.00308406,-0.352539,-0.00859348,-0.674062,4.11842,-114310,-1,1.35323e-09,1,0
0.00308473,-0.352672,-0.00811357,-0.673567,4.11887,-114328,-1,7.38256e-10,1,0
0.00308661,-0.352069,-0.00843331,-0.671646,4.11896,-114063,-1,2.09415e-09,1,0
0.00308738,-0.351542,-0.0082301,-0.672383,4.11898,-113864,-1,2.09415e-09,1,0
0.00308827,-0.350936,-0.00799582,-0.673233,4.11768,-113635,-1,1.99851e-09,1,0
0.00308956,-0.35041,-0.00858733,-0.672706,4.1166,-113417,-1,1.14557e-09,1,0
0.00309157,-0.350397,-0.00789211,-0.672417,4.11894,-113340,-1,1.99481e-09,1,0
0.00309311,-0.350455,-0.00951955,-0.673307,4.1197,-113302,-1,2.6879e-09,1,0
0.00309398,-0.351073,-0.00888411,-0.672847,4.11943,-113470,-1,4.40971e-10,1,0
0.00309559,-0.350687,-0.00931097,-0.672678,4.11598,-113286,-1,4.68823e-10,1,0
0.0030973,-0.349679,-0.00799493,-0.673807,4.11586,-112898,-1,8.67537e-10,1,0
0.00309803,-0.3501,-0.00792127,-0.674096,4.11481,-113007,-1,5.0482e-10,1,0
0.0030992,-0.350905,-0.00713266,-0.674752,4.11392,-113225,-1,3.79253e-11,1,0
0.00310062,-0.351976,-0.00660061,-0.674109,4.11603,-113518,-1,1.20209e-09,1,0
0.00310103,-0.351688,-0.00650635,-0.674408,4.11537,-113410,-1,1.00267e-10,1,0
0.0031019,-0.351303,-0.00609141,-0.674227,4.11352,-113254,-1,2.33316e-10,1,0
0.00310241,-0.350791,-0.00603294,-0.67454,4.11297,-113071,-1,5.87217e-10,1,0
0.00310393,-0.350762,-0.00566315,-0.67545,4.10995,-113006,-1,9.3243e-10,1,0
0.00310499,-0.350341,-0.005414,-0.675271,4.1115,-112832,-1,5.84166e-10,1,0
0.00310568,-0.350271,-0.00604901,-0.675804,4.11143,-112784,-1,1.17332e-09,1,0
0.00310669,-0.351004,-0.00664628,-0.676354,4.11097,-112983,-1,9.58859e-10,1,0
0.00310706,-0.350639,-0.00681126,-0.676158,4.11099,-112852,-1,9.58859e-10,1,0
0.0031077,-0.349964,-0.00714545,-0.676196,4.11087,-112612,-1,5.51622e-10,1,0
0.00310832,-0.349603,-0.00758041,-0.676113,4.11309,-112473,-1,2.72477e-10,1,0
0.00311019,-0.350087,-0.00685067,-0.677553,4.11158,-112561,-1,1.21498e-09,1,0
0.00311114,-0.349856,-0.0075242,-0.678086,4.11818,-112453,-1,8.31567e-10,1,0
0.00311176,-0.349604,-0.00682183,-0.678178,4.11814,-112349,-1,7.51845e-10,1,0
0.00311269,-0.348773,-0.00610798,-0.677968,4.11819,-112049,-1,7.51845e-10,1,0
0.00311307,-0.348433,-0.00581605,-0.677883,4.1182,-111926,-1,7.51845e-10,1,0
0.00311348,-0.34809,-0.00569692,-0.67789,4.12017,-111801,-1,1.5176e-10,1,0
0.00311388,-0.347738,-0.00563882,-0.678051,4.1181,-111673,-1,3.20593e-10,1,0
0.00311456,-0.348256,-0.00621934,-0.677943,4.11746,-111815,-1,5.46358e-10,1,0
0.00311563,-0.348592,-0.00712747,-0.677937,4.1179,-111885,-1,1.59512e-10,1,0
0.00311698,-0.347985,-0.00824249,-0.678927,4.11726,-111642,-1,1.57344e-09,1,0
0.00311723,-0.347925,-0.00846879,-0.678911,4.11587,-111613,-1,5.25387e-11,1,0
0.00311835,-0.347364,-0.00969316,-0.678996,4.11557,-111393,-1,1.59605e-09,1,0
0.00312059,-0.348086,-0.0100635,-0.679385,4.11756,-111545,-1,8.73453e-10,1,0
0.00312152,-0.348386,-0.00933162,-0.67953,4.11534,-111608,-1,3.51423e-10,1,0
0.00312182,-0.348306,-0.00942765,-0.679426,4.11225,-111571,-1,2.4647e-10,1,0
0.00312251,-0.348358,-0.00983081,-0.678781,4.11034,-111564,-1,4.18338e-11,1,0
0.00312388,-0.348135,-0.0104787,-0.677388,4.10968,-111443,-1,1.95848e-09,1,0
0.00312428,-0.347953,-0.0105849,-0.67706,4.10894,-111371,-1,8.30494e-11,1,0
0.00312588,-0.349336,-0.0117989,-0.676474,4.10741,-111756,-1,1.93079e-09,1,0
0.00312651,-0.349648,-0.0122086,-0.676482,4.10509,-111833,-1,4.64643e-10,1,0
0.003128,-0.348524,-0.013423,-0.677158,4.10515,-111421,-1,4.64643e-10,1,0
0.00312994,-0.347057,-0.0150076,-0.67804,4.10301,-110883,-1,4.2209e-09,1,0
0.00313148,-0.346986,-0.0152113,-0.676581,4.09999,-110806,-1,5.34554e-10,1,0
0.00313301,-0.34649,-0.014889,-0.675617,4.09917,-110593,-1,6.1287e-10,1,0
0.0031332,-0.346415,-0.0150148,-0.675689,4.10076,-110563,-1,1.19505e-10,1,0
0.00313434,-0.346293,-0.0143868,-0.676618,4.10002,-110484,-1,1.09855e-09,1,0
0.00313523,-0.346966,-0.0143491,-0.677447,4.09999,-110667,-1,1.09855e-09,1,0
0.00313665,-0.347586,-0.0136132,-0.677545,4.0993,-110815,-1,8.92337e-10,1,0
0.00313803,-0.346336,-0.0136272,-0.677249,4.09755,-110367,-1,3.96758e-10,1,0
0.00313989,-0.344251,-0.0132623,-0.67737,4.09756,-109638,-1,2.11802e-09,1,0
0.00314175,-0.342449,-0.0123758,-0.678024,4.09866,-108999,-1,1.19654e-09,1,0
0.00314213,-0.34209,-0.0122376,-0.677986,4.09947,-108872,-1,2.11082e-10,1,0
0.00314396,-0.340135,-0.0116204,-0.678547,4.1013,-108187,-1,1.73667e-09,1,0
0.00314536,-0.338903,-0.0119926,-0.677843,4.0993,-107747,-1,1.398e-09,1,0
0.00314553,-0.338865,-0.0120745,-0.677752,4.10302,-107729,-1,3.95859e-11,1,0
0.00314656,-0.338107,-0.011565,-0.678039,4.10263,-107453,-1,1.02498e-09,1,0
0.00314728,-0.337935,-0.0116401,-0.677964,4.10072,-107374,-1,3.62895e-10,1,0
0.00314825,-0.337777,-0.0113852,-0.678256,4.09961,-107291,-1,1.09111e-10,1,0
0.00314938,-0.338494,-0.0115272,-0.678707,4.09873,-107479,-1,1.20071e-09,1,0
0.0031502,-0.339165,-0.0118566,-0.679259,4.09737,-107664,-1,9.02811e-10,1,0
0.0031518,-0.340788,-0.012783,-0.679664,4.09746,-108125,-1,1.91266e-09,1,0
0.00315326,-0.340107,-0.0128887,-0.678753,4.09582,-107859,-1,1.25807e-09,1,0
0.00315394,-0.340742,-0.0127127,-0.67828,4.09579,-108037,-1,1.25807e-09,1,0
0.00315503,-0.341557,-0.0122148,-0.677594,4.09655,-108258,-1,2.32882e-09,1,0
0.00315593,-0.341642,-0.0111903,-0.677245,4.09655,-108254,-1,2.32882e-09,1,0
0.00315723,-0.34128,-0.0112455,-0.675796,4.09564,-108095,-1,1.46307e-09,1,0
0.00315761,-0.341205,-0.0111143,-0.675614,4.0946,-108058,-1,1.79822e-10,1,0
0.00315875,-0.340594,-0.0119327,-0.674982,4.09416,-107825,-1,4.67673e-10,1,0
0.00315971,-0.340173,-0.0129466,-0.674654,4.09418,-107660,-1,4.67673e-10,1,0
0.00316058,-0.341125,-0.0127643,-0.674695,4.09322,-107931,-1,9.96577e-10,1,0
0.00316138,-0.340821,-0.0131628,-0.674947,4.0942,-107808,-1,4.38762e-10,1,0
0.00316191,-0.341128,-0.0132769,-0.675259,4.09626,-107887,-1,3.01593e-10,1,0
0.00316235,-0.341388,-0.0132851,-0.675323,4.092,-107954,-1,1.13098e-10,1,0
0.00316319,-0.341053,-0.0141061,-0.674867,4.0919,-107819,-1,7.89466e-10,1,0
0.0031639,-0.340764,-0.0138004,-0.674119,4.09201,-107704,-1,8.57546e-10,1,0
0.00316461,-0.340874,-0.0144429,-0.674049,4.09219,-107714,-1,3.70094e-10,1,0
0.0031667,-0.339787,-0.0147164,-0.673875,4.09249,-107300,-1,4.97286e-10,1,0
0.00316751,-0.340041,-0.0141675,-0.673526,4.09218,-107353,-1,1.96101e-10,1,0
0.0031677,-0.340068,-0.0140472,-0.673608,4.0917,-107355,-1,1.25183e-10,1,0
0.0031692,-0.33963,-0.012917,-0.672283,4.09173,-107166,-1,1.25183e-10,1,0
0.00316931,-0.339597,-0.0128322,-0.672183,4.09173,-107152,-1,1.93116e-09,1,0
0.00317019,-0.340291,-0.0128393,-0.672238,4.09376,-107341,-1,2.38994e-10,1,0
0.00317139,-0.339653,-0.0125801,-0.672871,4.09467,-107099,-1,8.63179e-10,1,0
0.00317337,-0.338809,-0.0121997,-0.675057,4.09471,-106766,-1,8.63179e-10,1,0
0.00317423,-0.338686,-0.0118608,-0.675912,4.09642,-106699,-1,3.3917e-09,1,0
0.00317496,-0.338085,-0.0116678,-0.676204,4.0957,-106485,-1,5.16084e-10,1,0
0.00317606,-0.336815,-0.0116015,-0.676518,4.09572,-106048,-1,1.01145e-09,1,0
0.00317664,-0.337433,-0.0115856,-0.676848,4.09569,-106223,-1,1.01145e-09,1,0
0.0031772,-0.337795,-0.0117705,-0.67692,4.09228,-106319,-1,1.03859e-10,1,0
0.00317781,-0.337522,-0.0112913,-0.677078,4.09183,-106212,-1,2.44721e-10,1,0
0.00317929,-0.336802,-0.0104319,-0.677309,4.09239,-105936,-1,3.75523e-10,1,0
0.0031807,-0.335296,-0.0105693,-0.678066,4.0928,-105416,-1,1.61021e-10,1,0
0.00318203,-0.333935,-0.0107736,-0.677772,4.09419,-104944,-1,1.36881e-09,1,0
0.00318332,-0.334593,-0.0108714,-0.678632,4.09404,-105108,-1,7.09277e-10,1,0
0.00318338,-0.334618,-0.0108192,-0.678663,4.09483,-105114,-1,1.10285e-09,1,0
0.00318503,-0.334293,-0.0108946,-0.677812,4.09513,-104957,-1,1.15807e-10,1,0
0.00318568,-0.334045,-0.0115865,-0.677997,4.09595,-104859,-1,7.40312e-10,1,0
0.00318649,-0.33453,-0.0123994,-0.677753,4.09731,-104984,-1,1.01107e-09,1,0
0.0031875,-0.33465,-0.012017,-0.678067,4.09688,-104988,-1,3.93389e-10,1,0
0.00318897,-0.334757,-0.0123649,-0.677115,4.09513,-104973,-1,1.0856e-09,1,0
0.00318949,-0.33519,-0.0123534,-0.677151,4.09241,-105092,-1,2.58726e-10,1,0
0.0031906,-0.33477,-0.0121051,-0.676871,4.09116,-104924,-1,9.74959e-11,1,0
0.00319102,-0.334856,-0.0116862,-0.676666,4.09231,-104937,-1,1.68783e-10,1,0
0.00319196,-0.335312,-0.0107935,-0.67614,4.09106,-105049,-1,1.46794e-09,1,0
0.00319292,-0.334984,-0.0099076,-0.676466,4.09177,-104915,-1,6.47397e-10,1,0
0.00319536,-0.335423,-0.00766461,-0.678308,4.09252,-104972,-1,3.432e-09,1,0
0.00319607,-0.334985,-0.00704675,-0.678154,4.09493,-104811,-1,1.13551e-10,1,0
0.00319679,-0.334242,-0.00715347,-0.677725,4.09496,-104555,-1,1.13551e-10,1,0
0.00319797,-0.33377,-0.00694689,-0.677751,4.09248,-104370,-1,1.68927e-09,1,0
0.0031985,-0.333788,-0.0069844,-0.677908,4.09333,-104358,-1,2.46547e-10,1,0
0.00319886,-0.333768,-0.00712895,-0.677548,4.0946,-104340,-1,4.02615e-10,1,0
0.00319992,-0.333458,-0.00648767,-0.677142,4.09696,-104208,-1,2.82077e-10,1,0
0.00320148,-0.333692,-0.00526552,-0.677044,4.09745,-104231,-1,6.30504e-10,1,0
0.00320229,-0.333121,-0.00522653,-0.677068,4.0981,-104026,-1,4.96535e-10,1,0
0.00320284,-0.332972,-0.00546064,-0.676789,4.09945,-103961,-1,2.63286e-10,1,0
0.00320422,-0.33269,-0.00567596,-0.677471,4.09896,-103829,-1,1.15084e-09,1,0
0.00320537,-0.333663,-0.00594452,-0.676924,4.09972,-104095,-1,1.43508e-10,1,0
0.00320665,-0.333387,-0.00659882,-0.675638,4.10081,-103968,-1,8.68427e-10,1,0
0.00320845,-0.334415,-0.00797436,-0.675769,4.10024,-104229,-1,1.07033e-09,1,0
0.00320912,-0.334122,-0.00751216,-0.675379,4.10267,-104116,-1,1.07825e-09,1,0
0.00321061,-0.333764,-0.00602848,-0.674889,4.10325,-103957,-1,8.25726e-10,1,0
0.00321213,-0.333166,-0.00608479,-0.675661,4.10054,-103721,-1,5.33577e-10,1,0
0.00321299,-0.332465,-0.00657512,-0.675386,4.10099,-103475,-1,6.74255e-10,1,0
0.00321393,-0.332128,-0.00655337,-0.675267,4.10085,-103340,-1,4.70545e-10,1,0
0.0032143,-0.331762,-0.00676404,-0.675296,4.10082,-103215,-1,3.29831e-10,1,0
0.00321513,-0.332256,-0.00633696,-0.675689,4.10134,-103342,-1,6.59318e-10,1,0
0.00321586,-0.333089,-0.00659377,-0.675838,4.10023,-103577,-1,1.19928e-09,1,0
0.00321719,-0.333456,-0.00648578,-0.674462,4.09983,-103648,-1,1.77087e-10,1,0
0.00321899,-0.334041,-0.00656316,-0.672683,4.10255,-103772,-1,2.43075e-09,1,0
0.0032195,-0.334473,-0.00674857,-0.672576,4.10083,-103890,-1,4.59152e-11,1,0
0.0032199,-0.334639,-0.00672536,-0.67259,4.09925,-103928,-1,9.16094e-11,1,0
0.00322111,-0.335231,-0.00562072,-0.673183,4.0959,-104073,-1,1.40785e-09,1,0
0.00322182,-0.33521,-0.00520505,-0.673856,4.09607,-104043,-1,2.913e-10,1,0
0.00322265,-0.335061,-0.00434191,-0.673888,4.09377,-103971,-1,7.65312e-10,1,0
0.00322312,-0.33532,-0.0043733,-0.673755,4.09241,-104036,-1,3.7806e-10,1,0
0.00322344,-0.335375,-0.00414803,-0.673899,4.09326,-104042,-1,4.99766e-10,1,0
0.00322447,-0.335463,-0.00501739,-0.67351,4.08967,-104037,-1,1.14269e-09,1,0
0.00322582,-0.335773,-0.0038576,-0.674559,4.09006,-104089,-1,1.79162e-10,1,0
0.00322636,-0.335724,-0.00333813,-0.674413,4.09389,-104057,-1,5.48684e-10,1,0
0.00322659,-0.335747,-0.00330914,-0.674196,4.096,-104056,-1,4.86642e-11,1,0
0.00322799,-0.3367,-0.0025963,-0.673011,4.09637,-104307,-1,1.67945e-09,1,0
0.00322864,-0.336686,-0.00332163,-0.673298,4.09616,-104281,-1,7.80045e-10,1,0
0.00322964,-0.337165,-0.00326363,-0.673918,4.09662,-104397,-1,8.8504e-10,1,0
0.00323141,-0.336463,-0.00370857,-0.673895,4.099,-104123,-1,1.20195e-09,1,0
0.00323366,-0.336692,-0.00395888,-0.674072,4.09708,-104121,-1,1.19474e-09,1,0
0.00323526,-0.336454,-0.00386982,-0.672585,4.09977,-103996,-1,5.37706e-10,1,0
0.00323671,-0.336635,-0.00362491,-0.67127,4.10055,-104006,-1,3.67445e-10,1,0
0.00323744,-0.335933,-0.00314535,-0.671052,4.10071,-103765,-1,8.76444e-10,1,0
0.00323833,-0.336816,-0.00316869,-0.671404,4.1007,-104009,-1,7.85386e-10,1,0
0.00323931,-0.337074,-0.00343782,-0.672223,4.09794,-104058,-1,1.27129e-09,1,0
0.00324038,-0.336415,-0.00435194,-0.671599,4.09815,-103820,-1,1.4732e-09,1,0
0.00324125,-0.337085,-0.00418039,-0.671509,4.09932,-103998,-1,4.55102e-10,1,0
0.00324275,-0.33868,-0.00352186,-0.670965,4.09924,-104442,-1,4.55102e-10,1,0
0.00324367,-0.338276,-0.00296843,-0.670723,4.09854,-104288,-1,8.12173e-10,1,0
0.00324475,-0.33809,-0.00287124,-0.670203,4.09779,-104196,-1,6.69262e-10,1,0
0.00324588,-0.33676,-0.00310297,-0.670328,4.09786,-103750,-1,6.69262e-10,1,0
0.00324675,-0.335752,-0.00307382,-0.670284,4.09694,-103412,-1,3.92238e-11,1,0
0.00324721,-0.335676,-0.00288362,-0.670015,4.09642,-103374,-1,9.97544e-10,1,0
0.00324758,-0.335851,-0.00264815,-0.66969,4.09578,-103416,-1,4.1776e-12,1,0
0.00324883,-0.336644,-0.00220468,-0.669646,4.09509,-103620,-1,5.70601e-10,1,0
0.00324928,-0.336491,-0.00211346,-0.669483,4.09528,-103559,-1,3.40037e-10,1,0
0.00325047,-0.335836,-0.00331479,-0.669886,4.09531,-103319,-1,3.40037e-10,1,0
0.00325115,-0.335381,-0.00376385,-0.67015,4.09467,-103158,-1,2.07918e-10,1,0
0.00325125,-0.335278,-0.00380819,-0.670109,4.09497,-103123,-1,5.54686e-12,1,0
0.00325197,-0.335036,-0.00321877,-0.669592,4.09337,-103026,-1,7.82317e-10,1,0
0.00325343,-0.334951,-0.00174085,-0.668638,4.0927,-102953,-1,1.76107e-09,1,0
0.00325476,-0.335808,-0.0020668,-0.669111,4.09298,-103174,-1,1.20178e-09,1,0
0.00325637,-0.334959,-0.000512089,-0.669894,4.09263,-102863,-1,1.9616e-09,1,0
0.00325692,-0.334822,-0.000207417,-0.670439,4.09394,-102803,-1,6.46978e-10,1,0
0.0032581,-0.335529,-0.000346762,-0.671548,4.09395,-102983,-1,8.96956e-10,1,0
0.00325981,-0.335414,-0.00120391,-0.670863,4.09395,-102894,-1,1.24188e-09,1,0
0.0032602,-0.335746,-0.00111794,-0.671119,4.09548,-102983,-1,5.03732e-11,1,0
0.00326053,-0.336084,-0.0010584,-0.671328,4.09546,-103076,-1,5.03732e-11,1,0
0.00326144,-0.337006,-0.000896013,-0.671899,4.09313,-103330,-1,1.91116e-09,1,0
0.00326173,-0.337089,-0.00108101,-0.6721,4.09354,-103347,-1,1.43865e-10,1,0
0.00326248,-0.337233,-0.0013289,-0.672728,4.09367,-103367,-1,1.70025e-10,1,0
0.003263,-0.337215,-0.00193365,-0.67288,4.09367,-103345,-1,1.70025e-10,1,0
0.00326431,-0.338095,-0.00200578,-0.67221,4.09555,-103573,-1,9.88461e-10,1,0
0.00326476,-0.338007,-0.00179474,-0.671963,4.09759,-103532,-1,1.42618e-09,1,0
0.00326606,-0.336755,-0.00101198,-0.671442,4.09765,-103107,-1,1.42618e-09,1,0
0.00326693,-0.335857,-0.0014342,-0.671736,4.09743,-102805,-1,1.89605e-09,1,0
0.00326734,-0.33563,-0.00169163,-0.671944,4.09582,-102723,-1,4.59581e-11,1,0
0.00326876,-0.334977,-0.00183872,-0.671623,4.09529,-102478,-1,1.11396e-09,1,0
0.00326971,-0.333889,-0.00210598,-0.671846,4.09444,-102116,-1,1.14156e-09,1,0
0.00327014,-0.33418,-0.0020656,-0.672192,4.09676,-102192,-1,3.61648e-11,1,0
0.00327065,-0.334149,-0.0016386,-0.672533,4.09726,-102166,-1,6.69363e-11,1,0
0.00327103,-0.333942,-0.00144808,-0.672429,4.09769,-102091,-1,3.12372e-10,1,0
0.0032716,-0.333891,-0.000938657,-0.672244,4.09438,-102057,-1,5.54356e-10,1,0
0.00327244,-0.334311,-0.000171592,-0.671733,4.09435,-102159,-1,5.54356e-10,1,0
0.00327327,-0.334617,0.000302744,-0.671962,4.09484,-102227,-1,1.50902e-09,1,0
0.00327473,-0.33497,0.000650435,-0.673645,4.09439,-102289,-1,2.25402e-09,1,0
0.0032765,-0.334566,7.37654e-05,-0.672716,4.09387,-102111,-1,7.31218e-10,1,0
0.00327683,-0.334482,-0.00026013,-0.672588,4.09441,-102075,-1,1.46107e-09,1,0
0.00327754,-0.334393,-0.000851014,-0.672224,4.09245,-102025,-1,1.00811e-09,1,0
0.00327917,-0.334943,-0.000750957,-0.671292,4.08941,-102143,-1,1.32428e-09,1,0
0.00327944,-0.334977,-0.000808434,-0.671423,4.08882,-102145,-1,9.67451e-10,1,0
0.00328035,-0.334164,-0.000732554,-0.672143,4.08991,-101868,-1,1.24672e-09,1,0
0.00328235,-0.334507,0.000276246,-0.67429,4.08683,-101911,-1,2.39726e-09,1,0
0.00328339,-0.334724,4.5873e-05,-0.673842,4.08588,-101945,-1,8.76716e-10,1,0
0.00328433,-0.334141,0.000409329,-0.674337,4.0853,-101738,-1,4.51468e-11,1,0
0.0032853,-0.333693,0.00051815,-0.675372,4.08596,-101571,-1,1.08721e-09,1,0
0.00328633,-0.333643,0.00105493,-0.676225,4.0871,-101525,-1,4.09279e-10,1,0
0.00328653,-0.333709,0.00117647,-0.676154,4.08644,-101538,-1,6.40796e-11,1,0
0.0032872,-0.333734,0.00179371,-0.676578,4.08585,-101525,-1,3.10665e-10,1,0
0.00328835,-0.333658,0.000990244,-0.67613,4.08481,-101467,-1,1.11676e-09,1,0
0.00328874,-0.333931,0.000622563,-0.676214,4.0848,-101538,-1,1.11676e-09,1,0
0.00328949,-0.333804,2.21373e-05,-0.67634,4.08385,-101476,-1,9.03081e-10,1,0
0.0032897,-0.33365,-2.00535e-05,-0.676473,4.08238,-101423,-1,1.35369e-10,1,0
0.00329036,-0.333741,-8.39689e-05,-0.67676,4.08321,-101430,-1,5.16901e-10,1,0
0.00329082,-0.333693,-0.000333789,-0.676787,4.07826,-101401,-1,1.99618e-10,1,0
0.00329148,-0.333888,-0.00024517,-0.676909,4.07565,-101440,-1,4.68202e-10,1,0
0.00329278,-0.334448,0.000322521,-0.677976,4.07425,-101570,-1,9.73723e-10,1,0
0.00329404,-0.335537,0.000549071,-0.678291,4.0762,-101862,-1,1.30433e-09,1,0
0.00329459,-0.335154,0.000584392,-0.677765,4.07596,-101729,-1,3.65991e-10,1,0
0.00329572,-0.335149,0.000582805,-0.678668,4.07474,-101692,-1,1.31807e-10,1,0
0.00329727,-0.335739,0.00234163,-0.678685,4.07446,-101823,-1,1.85542e-09,1,0
0.00329816,-0.335546,0.00263267,-0.679143,4.07357,-101737,-1,2.06063e-10,1,0
0.00329862,-0.335524,0.0022519,-0.679538,4.07357,-101716,-1,2.06063e-10,1,0
0.0032994,-0.335204,0.00261512,-0.679396,4.07014,-101595,-1,2.71625e-11,1,0
0.00330033,-0.335444,0.00243109,-0.679876,4.07102,-101639,-1,7.50821e-10,1,0
0.00330108,-0.335257,0.00229119,-0.679284,4.07027,-101560,-1,5.78559e-10,1,0
0.00330285,-0.335993,0.000997806,-0.679652,4.06815,-101728,-1,1.66263e-09,1,0
0.00330426,-0.336476,0.00229287,-0.679608,4.06762,-101831,-1,8.48793e-10,1,0
0.00330547,-0.336462,0.00161252,-0.679507,4.07053,-101789,-1,6.40549e-10,1,0
0.00330636,-0.336666,0.000898947,-0.680012,4.07131,-101824,-1,1.53364e-10,1,0
0.00330797,-0.337447,0.00135414,-0.680173,4.07137,-102010,-1,1.15012e-09,1,0
0.00330858,-0.337451,0.00171592,-0.680618,4.07187,-101993,-1,3.51806e-10,1,0
0.00330939,-0.338061,0.00143815,-0.681015,4.07066,-102152,-1,5.53891e-10,1,0
0.00331028,-0.338728,0.00140951,-0.681132,4.07043,-102326,-1,4.04159e-10,1,0
0.00331112,-0.338421,0.00148519,-0.681434,4.071,-102208,-1,3.41288e-11,1,0
0.00331209,-0.33846,0.0017924,-0.682331,4.07094,-102189,-1,1.34365e-10,1,0
0.00331384,-0.339036,0.00124533,-0.6823,4.07132,-102309,-1,1.2606e-09,1,0
0.0033155,-0.338637,0.000418329,-0.680563,4.07312,-102137,-1,1.824e-09,1,0
0.00331562,-0.338609,0.00046839,-0.680519,4.07208,-102125,-1,8.94159e-11,1,0
0.00331597,-0.338867,0.000146504,-0.680491,4.07206,-102192,-1,8.94159e-11,1,0
0.0033166,-0.338827,0.000203683,-0.680517,4.07264,-102161,-1,3.58698e-10,1,0
0.0033171,-0.338726,0.000140924,-0.680702,4.06865,-102115,-1,2.30713e-10,1,0
0.00331793,-0.338274,1.57172e-05,-0.680982,4.0682,-101953,-1,4.2751e-10,1,0
0.00331902,-0.339392,0.000517578,-0.680708,4.06561,-102257,-1,1.26871e-09,1,0
0.00331946,-0.339846,0.000617956,-0.680644,4.06674,-102380,-1,4.61546e-10,1,0
0.0033201,-0.339416,0.00044833,-0.68107,4.0649,-102231,-1,1.54662e-10,1,0
0.00332076,-0.338747,0.000311722,-0.681478,4.06494,-102009,-1,1.54662e-10,1,0
0.00332101,-0.3385,0.000275193,-0.681614,4.06549,-101927,-1,1.68075e-09,1,0
0.00332134,-0.338239,0.000498088,-0.681531,4.06448,-101838,-1,3.76341e-10,1,0
0.00332278,-0.338074,0.000794258,-0.683223,4.06449,-101744,-1,3.76341e-10,1,0
0.0033247,-0.337855,0.00118848,-0.685476,4.06683,-101620,-1,4.06519e-09,1,0
0.00332525,-0.337758,0.0007329,-0.685018,4.06709,-101574,-1,6.53211e-10,1,0
0.00332676,-0.337926,0.000137341,-0.683321,4.06709,-101578,-1,6.53211e-10,1,0
0.00332728,-0.338088,8.57405e-05,-0.683233,4.06714,-101611,-1,3.58596e-10,1,0
0.00332772,-0.338519,0.000326782,-0.68329,4.06663,-101727,-1,2.80268e-11,1,0
0.00332934,-0.33985,0.00169585,-0.682965,4.06657,-102077,-1,6.21945e-10,1,0
0.00333113,-0.341386,0.00301573,-0.682544,4.06605,-102483,-1,3.61289e-09,1,0
0.00333221,-0.342496,0.00318971,-0.681994,4.06593,-102783,-1,1.18041e-09,1,0
0.00333297,-0.342947,0.00340955,-0.681328,4.06786,-102895,-1,1.21953e-09,1,0
0.00333349,-0.342741,0.00375955,-0.680852,4.06643,-102817,-1,7.73468e-10,1,0
0.00333435,-0.343172,0.00459213,-0.681111,4.06496,-102920,-1,2.09012e-10,1,0
0.00333517,-0.34413,0.00470695,-0.680947,4.06491,-103182,-1,2.09012e-10,1,0
0.00333522,-0.344186,0.00471368,-0.680937,4.06386,-103197,-1,1.03581e-09,1,0
0.0033356,-0.344528,0.00483861,-0.681201,4.06407,-103288,-1,4.50215e-10,1,0
0.00333715,-0.345176,0.00497735,-0.681304,4.06325,-103434,-1,9.07495e-11,1,0
0.00333783,-0.345136,0.00477222,-0.680859,4.06363,-103401,-1,2.09104e-11,1,0
0.00334008,-0.347666,0.00464111,-0.679969,4.06351,-104089,-1,2.09104e-11,1,0
0.00334139,-0.348982,0.00471023,-0.679937,4.0642,-104442,-1,3.80684e-09,1,0
0.00334247,-0.349248,0.00461525,-0.681197,4.06331,-104488,-1,1.24962e-09,1,0
0.00334367,-0.350607,0.00505145,-0.68118,4.06311,-104857,-1,1.42749e-09,1,0
0.00334406,-0.350484,0.0054074,-0.680991,4.06246,-104808,-1,4.35463e-10,1,0
0.00334533,-0.351313,0.00451137,-0.680089,4.06071,-105016,-1,1.55082e-09,1,0
0.00334603,-0.351445,0.00490264,-0.680137,4.05789,-105033,-1,5.31756e-10,1,0
0.00334801,-0.349883,0.00613406,-0.67986,4.05817,-104505,-1,1.41765e-09,1,0
0.00334887,-0.349615,0.00696521,-0.679864,4.05888,-104398,-1,3.5969e-10,1,0
0.00334967,-0.348931,0.0076265,-0.679762,4.05807,-104169,-1,1.0876e-12,1,0
0.00335066,-0.350055,0.00755959,-0.679455,4.05842,-104473,-1,1.26562e-10,1,0
0.00335264,-0.351626,0.00654321,-0.678536,4.05611,-104880,-1,2.28182e-09,1,0
0.00335436,-0.351457,0.00619623,-0.677916,4.05846,-104776,-1,8.5696e-10,1,0
0.00335455,-0.351469,0.00629622,-0.677853,4.05574,-104774,-1,1.0156e-10,1,0
0.00335571,-0.35072,0.00692419,-0.678667,4.05588,-104514,-1,1.10815e-09,1,0
0.00335715,-0.350643,0.00696989,-0.678177,4.05374,-104447,-1,8.7149e-10,1,0
0.0033582,-0.350654,0.0067477,-0.67728,4.05457,-104417,-1,1.31026e-09,1,0
0.00335909,-0.350405,0.00636264,-0.676472,4.05488,-104315,-1,1.43995e-09,1,0
0.0033597,-0.350972,0.00613853,-0.676254,4.05589,-104465,-1,5.75124e-10,1,0
0.00335997,-0.350926,0.00633981,-0.676148,4.05616,-104443,-1,4.49721e-11,1,0
0.00336122,-0.351581,0.00669962,-0.675922,4.05306,-104599,-1,6.07954e-10,1,0
0.003362,-0.352345,0.00642662,-0.675724,4.05155,-104802,-1,4.69231e-10,1,0
0.00336311,-0.351966,0.00748596,-0.675694,4.0507,-104655,-1,8.96606e-10,1,0
0.00336414,-0.351453,0.00699872,-0.675266,4.04839,-104471,-1,9.65328e-10,1,0
0.00336513,-0.35156,0.00733561,-0.674132,4.04838,-104471,-1,9.65328e-10,1,0
0.00336672,-0.351733,0.00693816,-0.673764,4.0494,-104474,-1,2.22184e-09,1,0
0.00336796,-0.351871,0.00582224,-0.674721,4.0485,-104476,-1,2.37667e-09,1,0
0.00336847,-0.35245,0.00594464,-0.674855,4.04769,-104632,-1,6.07015e-10,1,0
0.00336903,-0.352909,0.00632483,-0.674538,4.04639,-104751,-1,6.75452e-10,1,0
0.00337068,-0.353245,0.00560015,-0.675164,4.04638,-104799,-1,3.19459e-10,1,0
0.0033711,-0.353117,0.0058007,-0.675607,4.04639,-104748,-1,3.19459e-10,1,0
0.00337207,-0.352952,0.00601597,-0.676457,4.04714,-104669,-1,6.38587e-11,1,0
0.00337248,-0.353128,0.00556229,-0.676421,4.04592,-104709,-1,6.69687e-10,1,0
0.0033741,-0.353408,0.00526574,-0.677194,4.04579,-104742,-1,3.36216e-10,1,0
0.003375,-0.352433,0.00506329,-0.676794,4.04584,-104425,-1,3.36216e-10,1,0
0.00337595,-0.353039,0.00447435,-0.676037,4.04545,-104575,-1,1.13517e-09,1,0
0.00337693,-0.353817,0.00418146,-0.675222,4.0448,-104775,-1,1.16356e-09,1,0
0.0033773,-0.353533,0.00435987,-0.675395,4.0464,-104679,-1,2.83913e-10,1,0
0.00337819,-0.353005,0.00526983,-0.675239,4.04643,-104495,-1,2.83913e-10,1,0
0.00338042,-0.352486,0.00733025,-0.67415,4.04684,-104273,-1,1.22374e-09,1,0
0.00338176,-0.353689,0.00714233,-0.675171,4.04875,-104588,-1,1.58922e-09,1,0
0.00338298,-0.353182,0.00817231,-0.675567,4.051,-104400,-1,1.32708e-09,1,0
0.00338357,-0.353512,0.00756671,-0.67573,4.05099,-104479,-1,1.32708e-09,1,0
0.00338473,-0.354159,0.00637963,-0.676049,4.04886,-104634,-1,2.2284e-09,1,0
0.00338761,-0.35477,0.00367732,-0.674016,4.04883,-104726,-1,2.2284e-09,1,0
0.00338879,-0.353932,0.00310373,-0.67464,4.0464,-104442,-1,1.21673e-09,1,0
0.00338891,-0.353886,0.00317238,-0.674578,4.04807,-104425,-1,1.16591e-10,1,0
0.00338975,-0.353483,0.00270686,-0.675154,4.04793,-104280,-1,3.73988e-10,1,0
0.00339103,-0.352365,0.00345438,-0.675544,4.04724,-103911,-1,5.78191e-10,1,0
0.00339228,-0.351961,0.00365147,-0.675867,4.04615,-103754,-1,5.45884e-10,1,0
0.00339256,-0.351982,0.00375978,-0.675962,4.0447,-103751,-1,3.20511e-11,1,0
0.0033931,-0.352208,0.00432733,-0.675782,4.04482,-103801,-1,7.8732e-10,1,0
0.00339456,-0.351127,0.00549612,-0.675962,4.04282,-103438,-1,1.63706e-09,1,0
0.00339524,-0.351305,0.00527674,-0.676566,4.04656,-103470,-1,8.02423e-10,1,0
0.00339676,-0.35024,0.00386365,-0.676174,4.04662,-103110,-1,8.02423e-10,1,0
0.00339727,-0.349879,0.00338362,-0.676041,4.04663,-102988,-1,8.02423e-10,1,0
0.00339874,-0.350186,0.003195,-0.674791,4.04719,-103034,-1,2.99689e-09,1,0
0.00339957,-0.350426,0.0033306,-0.674082,4.04568,-103080,-1,9.92286e-11,1,0
0.00340018,-0.350836,0.00301606,-0.673608,4.04392,-103181,-1,4.92282e-11,1,0
0.0034004,-0.350988,0.00287632,-0.673472,4.04383,-103220,-1,8.51761e-10,1,0
0.00340081,-0.351366,0.00273094,-0.673386,4.04194,-103318,-1,3.44115e-10,1,0
0.00340165,-0.352342,0.00293677,-0.673362,4.04167,-103580,-1,9.18993e-10,1,0
0.00340264,-0.353045,0.00243128,-0.672947,4.04068,-103756,-1,2.65594e-10,1,0
0.00340331,-0.353477,0.00262088,-0.673322,4.03839,-103863,-1,6.58017e-10,1,0
0.00340404,-0.353873,0.00190301,-0.673609,4.03837,-103957,-1,6.58017e-10,1,0
0.00340479,-0.354277,0.00117119,-0.673903,4.03835,-104053,-1,6.58017e-10,1,0
0.00340605,-0.354401,0.000107273,-0.674488,4.03746,-104050,-1,4.19417e-10,1,0
0.0034064,-0.354611,0.000229628,-0.674822,4.0376,-104101,-1,4.1276e-10,1,0
0.00340737,-0.354173,0.000817979,-0.674431,4.04034,-103943,-1,9.07038e-10,1,0
0.00340782,-0.354387,0.000744769,-0.674496,4.04108,-103992,-1,3.29159e-10,1,0
0.00340899,-0.353669,0.001594,-0.675199,4.03828,-103746,-1,2.63826e-11,1,0
0.00340996,-0.352843,0.00208509,-0.674911,4.03934,-103474,-1,7.53674e-10,1,0
0.00341034,-0.353003,0.00247067,-0.674907,4.04127,-103510,-1,1.79437e-10,1,0
0.00341177,-0.354083,0.00144828,-0.67456,4.04263,-103783,-1,4.14928e-10,1,0
0.00341239,-0.354466,0.000867891,-0.674317,4.04287,-103876,-1,2.03236e-09,1,0
0.00341399,-0.353958,0.00101706,-0.674593,4.04528,-103679,-1,6.93127e-10,1,0
0.00341456,-0.353481,0.000890478,-0.674993,4.04639,-103522,-1,1.16006e-10,1,0
0.00341505,-0.353694,0.00143243,-0.674979,4.04638,-103569,-1,1.16006e-10,1,0
0.00341601,-0.353452,0.00183024,-0.675519,4.0458,-103469,-1,1.03791e-09,1,0
0.00341691,-0.352509,0.00168703,-0.675252,4.04491,-103166,-1,9.54838e-10,1,0
0.00341745,-0.352053,0.00138812,-0.675156,4.04272,-103016,-1,5.07314e-10,1,0
0.0034179,-0.352142,0.00141791,-0.674762,4.03792,-103029,-1,3.0062e-11,1,0
0.00341959,-0.353779,0.00118187,-0.673613,4.03785,-103457,-1,2.01384e-09,1,0
0.00342007,-0.353858,0.0011385,-0.673085,4.03613,-103465,-1,4.50708e-10,1,0
0.00342114,-0.353113,0.00133914,-0.673205,4.03499,-103215,-1,4.75244e-11,1,0
0.00342186,-0.352749,0.00106424,-0.673933,4.03501,-103087,-1,4.75244e-11,1,0
0.00342369,-0.351857,0.000373816,-0.675462,4.03368,-102771,-1,3.33125e-09,1,0
0.00342615,-0.349706,0.000521965,-0.675408,4.03379,-102070,-1,1.19268e-09,1,0
0.00342823,-0.349884,0.0013629,-0.675941,4.03468,-102059,-1,1.22405e-09,1,0
0.00342877,-0.350067,0.00107833,-0.676467,4.03474,-102097,-1,1.28104e-09,1,0
0.00343137,-0.35082,-0.00042462,-0.679071,4.03509,-102239,-1,3.68026e-09,1,0
0.00343156,-0.350869,-0.000607292,-0.679146,4.03256,-102248,-1,1.95823e-10,1,0
0.00343186,-0.350743,-0.000482194,-0.679049,4.02933,-102202,-1,1.20175e-10,1,0
0.00343226,-0.351008,-0.000579796,-0.6787,4.02863,-102267,-1,3.77946e-11,1,0
0.00343338,-0.350784,-6.45615e-05,-0.677523,4.02833,-102169,-1,1.27891e-09,1,0
0.0034339,-0.350609,-0.000120993,-0.677871,4.03083,-102102,-1,2.38485e-10,1,0
0.00343451,-0.351276,-0.000304385,-0.677922,4.03054,-102278,-1,5.75117e-10,1,0
0.00343492,-0.351594,-8.89923e-05,-0.678123,4.03037,-102359,-1,4.15551e-10,1,0
0.0034358,-0.351326,0.000404446,-0.679011,4.03029,-102255,-1,1.05038e-09,1,0
0.00343682,-0.351348,0.000379288,-0.678402,4.02847,-102231,-1,5.77783e-10,1,0
0.00343826,-0.35191,-0.000616671,-0.677117,4.02844,-102351,-1,5.77783e-10,1,0
0.00343921,-0.352477,-0.000549264,-0.676915,4.03049,-102488,-1,5.84285e-10,1,0
0.00344019,-0.352973,-0.00141978,-0.677101,4.02962,-102603,-1,6.48452e-10,1,0
0.00344147,-0.351858,-0.00137174,-0.676123,4.0275,-102241,-1,1.49814e-09,1,0
0.00344285,-0.351907,-0.00158941,-0.675438,4.02834,-102214,-1,4.82513e-10,1,0
0.00344401,-0.351636,-0.00138125,-0.676665,4.02839,-102101,-1,6.42932e-11,1,0
0.00344589,-0.351123,-0.000958335,-0.678804,4.02889,-101896,-1,3.56297e-09,1,0
0.00344692,-0.350545,-0.000295155,-0.679413,4.02873,-101698,-1,1.02018e-09,1,0
0.00344826,-0.351786,-0.000579986,-0.679782,4.02763,-102019,-1,8.52054e-10,1,0
0.00344879,-0.351667,-0.000212977,-0.679356,4.02646,-101968,-1,4.54687e-10,1,0
0.00345002,-0.351488,-0.000235841,-0.679049,4.02971,-101880,-1,1.70845e-10,1,0
0.00345168,-0.350749,-5.34897e-05,-0.677373,4.02991,-101617,-1,6.94835e-10,1,0
0.00345276,-0.351162,0.000491104,-0.677964,4.02835,-101705,-1,3.90719e-10,1,0
0.00345351,-0.351006,0.000108896,-0.677409,4.02535,-101638,-1,4.35137e-10,1,0
0.00345406,-0.351092,0.000491987,-0.677475,4.02578,-101646,-1,3.78278e-10,1,0
0.00345555,-0.351335,0.00164175,-0.678607,4.02645,-101673,-1,6.96706e-10,1,0
0.00345606,-0.351263,0.00209005,-0.679003,4.02646,-101637,-1,6.96706e-10,1,0
0.00345764,-0.35077,0.00323578,-0.678987,4.02518,-101448,-1,2.30789e-10,1,0
0.00345862,-0.350516,0.00391171,-0.678072,4.02622,-101346,-1,1.97557e-09,1,0
0.00346023,-0.351289,0.0021514,-0.678107,4.02619,-101522,-1,1.97557e-09,1,0
0.00346187,-0.351626,0.0030573,-0.677865,4.02968,-101571,-1,1.22399e-09,1,0
0.00346375,-0.35035,0.00414527,-0.677264,4.03031,-101148,-1,1.01243e-09,1,0
0.00346468,-0.349359,0.00418941,-0.677755,4.03036,-100835,-1,1.01243e-09,1,0
0.00346563,-0.349151,0.00384889,-0.677468,4.03133,-100747,-1,6.57224e-10,1,0
0.0034668,-0.350303,0.00363146,-0.678155,4.03198,-101045,-1,1.16943e-09,1,0
0.00346797,-0.350453,0.00374706,-0.6776,4.03369,-101054,-1,4.93671e-10,1,0
0.00346832,-0.350427,0.00383556,-0.67733,4.03324,-101037,-1,1.72195e-10,1,0
0.00346989,-0.349874,0.00424579,-0.675588,4.03234,-100831,-1,2.0372e-09,1,0
0.00347089,-0.348765,0.00424976,-0.676035,4.03158,-100483,-1,1.19555e-09,1,0
0.003472,-0.349972,0.00406597,-0.675735,4.03051,-100798,-1,5.2113e-11,1,0
0.0034733,-0.34985,0.00469035,-0.676078,4.02946,-100726,-1,9.51272e-10,1,0
0.0034749,-0.34885,0.00485795,-0.674464,4.02951,-100391,-1,9.51272e-10,1,0
0.00347554,-0.348594,0.0045294,-0.673951,4.02803,-100299,-1,4.46372e-10,1,0
0.0034759,-0.348519,0.00435056,-0.673571,4.02803,-100267,-1,4.46372e-10,1,0
0.00347761,-0.347673,0.00261932,-0.673183,4.02969,-99974.9,-1,1.86354e-09,1,0
0.00347851,-0.34787,0.00262743,-0.674213,4.02872,-100006,-1,9.99593e-10,1,0
0.00347975,-0.34709,0.00215989,-0.675372,4.02951,-99745.7,-1,1.54937e-09,1,0
0.00348155,-0.345469,0.00321554,-0.674424,4.02931,-99228.4,-1,2.15388e-09,1,0
0.00348258,-0.345706,0.0035308,-0.6736,4.02846,-99267.1,-1,2.32879e-10,1,0
0.00348284,-0.346003,0.00358944,-0.673634,4.02845,-99345.2,-1,2.32879e-10,1,0
0.00348428,-0.34677,0.00397026,-0.673932,4.02788,-99524.2,-1,1.5361e-09,1,0
0.00348511,-0.346327,0.00436373,-0.674143,4.03014,-99373.1,-1,1.57484e-10,1,0
0.00348691,-0.347198,0.00584974,-0.672879,4.0301,-99572,-1,1.57484e-10,1,0
0.00348798,-0.346599,0.00647963,-0.672626,4.03116,-99369.6,-1,2.80591e-09,1,0
0.00348892,-0.345568,0.00691487,-0.67263,4.03046,-99047.3,-1,1.9619e-09,1,0
0.00348942,-0.34542,0.00741014,-0.672505,4.03011,-98990.4,-1,3.45485e-10,1,0
0.00349017,-0.345473,0.00683586,-0.67201,4.02999,-98984.7,-1,1.12548e-10,1,0
0.00349122,-0.345698,0.00603008,-0.671666,4.03092,-99019.2,-1,1.78674e-09,1,0
0.00349366,-0.344595,0.00424158,-0.673068,4.03038,-98634.5,-1,6.89208e-10,1,0
0.00349437,-0.345282,0.00425479,-0.67269,4.02951,-98811.1,-1,8.08816e-10,1,0
0.00349556,-0.344964,0.00485802,-0.673026,4.0263,-98686.3,-1,1.08444e-09,1,0
0.00349627,-0.345492,0.00497542,-0.67285,4.02504,-98817.3,-1,5.60818e-10,1,0
0.0034966,-0.345368,0.00482931,-0.672979,4.025,-98772.6,-1,1.31501e-10,1,0
0.00349744,-0.345498,0.00518421,-0.67333,4.02158,-98786,-1,1.80487e-10,1,0
0.00349821,-0.344961,0.00592751,-0.673274,4.02306,-98610.7,-1,1.17757e-09,1,0
0.00349954,-0.345676,0.00499949,-0.672254,4.02164,-98777.5,-1,1.17938e-10,1,0
0.00349979,-0.345651,0.00508735,-0.671982,4.02069,-98763.3,-1,4.40405e-11,1,0
0.00350092,-0.34486,0.00565283,-0.671215,4.0195,-98505.7,-1,7.45923e-10,1,0
0.00350138,-0.344645,0.00593179,-0.670874,4.01816,-98431.1,-1,4.72074e-11,1,0
0.00350247,-0.344315,0.00635824,-0.670129,4.01865,-98306.5,-1,2.17244e-10,1,0
0.00350326,-0.345136,0.00627395,-0.670584,4.0186,-98518.6,-1,9.42204e-10,1,0
0.00350377,-0.345443,0.00622795,-0.670576,4.01696,-98591.8,-1,3.63903e-10,1,0
0.00350455,-0.345722,0.00622538,-0.670417,4.01329,-98649.3,-1,2.8269e-10,1,0
0.00350626,-0.346221,0.00538494,-0.670703,4.01195,-98743.9,-1,3.23099e-10,1,0
0.00350757,-0.345925,0.00593668,-0.671869,4.01284,-98622.6,-1,1.34568e-09,1,0
0.00350855,-0.346677,0.00644795,-0.671794,4.01396,-98809.2,-1,2.46539e-11,1,0
0.0035086,-0.346707,0.00648736,-0.671791,4.01166,-98816.4,-1,6.75098e-12,1,0
0.00350938,-0.346059,0.00664676,-0.671588,4.0126,-98609.7,-1,7.2856e-11,1,0
0.00351081,-0.346114,0.00752168,-0.670498,4.01121,-98585.4,-1,4.42923e-10,1,0
0.00351157,-0.346296,0.00668461,-0.670374,4.01082,-98615.8,-1,5.05032e-10,1,0
0.00351197,-0.346008,0.00652017,-0.670357,4.01012,-98522.7,-1,3.89674e-10,1,0
0.00351238,-0.346111,0.00637349,-0.669951,4.00727,-98540.3,-1,3.10077e-11,1,0
0.00351325,-0.346318,0.00608301,-0.669111,4.00415,-98574.7,-1,6.68578e-11,1,0
0.00351391,-0.346312,0.00549028,-0.669622,4.00416,-98554.7,-1,7.82381e-10,1,0
0.00351459,-0.346919,0.00549408,-0.669446,4.00175,-98708.3,-1,5.66607e-10,1,0
0.00351548,-0.347524,0.00519906,-0.669851,4.00039,-98855.2,-1,5.25152e-10,1,0
0.00351582,-0.347166,0.0050438,-0.669783,4.00039,-98743.8,-1,7.07655e-12,1,0
0.00351612,-0.346883,0.00485487,-0.66977,4.00075,-98655.1,-1,3.46098e-11,1,0
0.0035174,-0.34697,0.00423244,-0.670271,4.00217,-98643.9,-1,7.57712e-10,1,0
0.00351803,-0.347062,0.00353065,-0.670009,4.00217,-98652.2,-1,7.57712e-10,1,0
0.00352007,-0.34768,0.00347556,-0.66775,4.00116,-98770.9,-1,1.24543e-09,1,0
0.00352031,-0.34768,0.00328139,-0.66756,4.00123,-98763.9,-1,1.18427e-09,1,0
0.00352149,-0.347694,0.00245182,-0.666862,4.00099,-98735,-1,1.85824e-10,1,0
0.00352325,-0.346073,0.00311775,-0.667996,4.00107,-98225.4,-1,1.85824e-10,1,0
0.00352381,-0.345806,0.00310726,-0.668326,3.99733,-98134.2,-1,1.99813e-10,1,0
0.0035243,-0.345576,0.00324918,-0.667813,3.99635,-98055.1,-1,5.8059e-10,1,0
0.00352466,-0.345416,0.00334483,-0.667701,3.99704,-97999.8,-1,2.26538e-10,1,0
0.0035256,-0.345508,0.00334764,-0.666874,3.99514,-97999.8,-1,4.11573e-10,1,0
0.00352605,-0.345497,0.00359482,-0.667259,3.99317,-97984.3,-1,3.22395e-10,1,0
0.00352773,-0.345575,0.00389061,-0.668861,3.99033,-97959.7,-1,6.49654e-11,1,0
0.00352875,-0.344614,0.00420797,-0.669517,3.99067,-97658.9,-1,1.2069e-09,1,0
0.00353026,-0.344529,0.00517006,-0.670417,3.99153,-97593.1,-1,8.31867e-10,1,0
0.0035303,-0.34452,0.00516674,-0.670412,3.99192,-97589.4,-1,3.02581e-11,1,0
0.00353105,-0.34457,0.0056746,-0.6698,3.99343,-97582.8,-1,2.33797e-10,1,0
0.00353139,-0.34449,0.0053186,-0.669625,3.99343,-97550.9,-1,2.33797e-10,1,0
0.00353211,-0.344561,0.00489103,-0.669405,3.99389,-97551.1,-1,2.32514e-10,1,0
0.00353285,-0.344441,0.00500805,-0.668562,3.99202,-97496.6,-1,8.54925e-10,1,0
0.00353397,-0.344453,0.00392777,-0.669267,3.98969,-97469.1,-1,7.2211e-11,1,0
0.00353552,-0.343414,0.00462372,-0.668935,3.99081,-97132.5,-1,1.51655e-09,1,0
0.00353641,-0.342676,0.00519487,-0.668451,3.99051,-96899.4,-1,1.05132e-09,1,0
0.00353775,-0.343617,0.00598114,-0.668529,3.98787,-97128.8,-1,1.24554e-09,1,0
0.00353899,-0.343028,0.0060303,-0.667942,3.98784,-96928.3,-1,2.17552e-10,1,0
0.00353969,-0.343207,0.00528534,-0.667634,3.98936,-96959.6,-1,2.69342e-10,1,0
0.00354049,-0.342708,0.00582951,-0.667275,3.99023,-96796.8,-1,2.31336e-10,1,0
0.00354206,-0.343263,0.00614068,-0.668693,3.98796,-96910.6,-1,2.08373e-10,1,0
0.00354262,-0.343462,0.00587394,-0.669214,3.98749,-96951.2,-1,1.84589e-09,1,0
0.00354358,-0.344082,0.00534659,-0.66993,3.98791,-97099.9,-1,1.0676e-09,1,0
0.00354452,-0.345006,0.00506738,-0.670073,3.98621,-97335.1,-1,1.63336e-10,1,0
0.00354626,-0.345807,0.00696609,-0.669937,3.98432,-97513.2,-1,2.06539e-09,1,0
0.00354715,-0.346333,0.00748893,-0.670153,3.98467,-97637.1,-1,3.77862e-11,1,0
0.00354836,-0.346299,0.00767025,-0.670759,3.98151,-97594.2,-1,5.254e-10,1,0
0.00354883,-0.346134,0.00756127,-0.671128,3.98175,-97534.8,-1,1.37798e-09,1,0
0.00354948,-0.345753,0.0077159,-0.670477,3.98176,-97409.5,-1,1.37798e-09,1,0
0.00354997,-0.34561,0.0079099,-0.670278,3.98111,-97355.7,-1,1.30409e-10,1,0
0.00355074,-0.345437,0.00812508,-0.66985,3.9806,-97285.8,-1,9.8906e-10,1,0
0.0035522,-0.344495,0.00717928,-0.669222,3.98399,-96980.7,-1,1.37841e-09,1,0
0.00355248,-0.344514,0.00712637,-0.669123,3.98488,-96978.6,-1,1.94847e-10,1,0
0.00355277,-0.344242,0.0069337,-0.669037,3.98332,-96893.8,-1,3.28835e-10,1,0
0.00355332,-0.344033,0.00718526,-0.669255,3.98392,-96820.3,-1,3.64524e-10,1,0
0.00355435,-0.345237,0.00725625,-0.669076,3.98332,-97131,-1,1.21933e-09,1,0
0.00355521,-0.345063,0.00732511,-0.670053,3.98281,-97058.6,-1,1.85628e-10,1,0
0.00355669,-0.346068,0.00858459,-0.669696,3.98158,-97300.4,-1,1.67682e-09,1,0
0.00355762,-0.346193,0.00915958,-0.670303,3.98368,-97310.3,-1,1.99875e-10,1,0
0.0035582,-0.346411,0.00953478,-0.670825,3.98341,-97355.8,-1,1.57971e-09,1,0
0.00355991,-0.346076,0.011024,-0.670711,3.98277,-97214.9,-1,1.24554e-09,1,0
0.00356057,-0.345475,0.0109457,-0.671216,3.9828,-97027.9,-1,1.24554e-09,1,0
0.00356127,-0.345211,0.0107711,-0.671897,3.98234,-96934.7,-1,4.71008e-10,1,0
0.00356153,-0.345302,0.0108999,-0.671766,3.97945,-96953.2,-1,4.93414e-11,1,0
0.00356277,-0.345579,0.0102673,-0.673034,3.9813,-96997.2,-1,1.24553e-09,1,0
0.00356348,-0.345077,0.0101039,-0.672577,3.97894,-96837.1,-1,6.33683e-11,1,0
0.00356433,-0.34482,0.00992518,-0.671784,3.97987,-96741.8,-1,2.29313e-10,1,0
0.00356494,-0.344614,0.0101359,-0.67175,3.97932,-96667.4,-1,4.46735e-10,1,0
0.00356523,-0.344807,0.0100822,-0.671572,3.97977,-96714,-1,1.41036e-10,1,0
0.00356667,-0.344341,0.0100018,-0.670889,3.97956,-96544.1,-1,1.18503e-09,1,0
0.0035682,-0.345986,0.0105138,-0.670528,3.97922,-96963.6,-1,1.03424e-09,1,0
0.00356952,-0.346386,0.0112185,-0.671712,3.97872,-97039.9,-1,7.13652e-11,1,0
0.00357169,-0.345429,0.0110929,-0.673258,3.98053,-96713.1,-1,1.91655e-09,1,0
0.00357332,-0.345065,0.0127988,-0.673791,3.98127,-96567.1,-1,1.68906e-10,1,0
0.00357363,-0.345022,0.0125419,-0.673834,3.98205,-96546.6,-1,2.98259e-10,1,0
0.00357411,-0.344685,0.0128041,-0.674116,3.9809,-96439.5,-1,3.87556e-10,1,0
0.00357535,-0.345543,0.0126471,-0.673846,3.98125,-96645.7,-1,6.52261e-10,1,0
0.00357653,-0.344488,0.0121533,-0.674604,3.98072,-96319.1,-1,1.02725e-09,1,0
0.00357732,-0.343829,0.0125186,-0.675153,3.98159,-96113.5,-1,9.32595e-10,1,0
0.00357764,-0.343517,0.0123404,-0.675272,3.98161,-96018,-1,9.32595e-10,1,0
0.00357818,-0.342947,0.0121867,-0.675481,3.98131,-95844,-1,4.0564e-10,1,0
0.0035794,-0.343589,0.0126455,-0.674497,3.98446,-95990.6,-1,1.10891e-10,1,0
0.00358053,-0.343296,0.0124388,-0.673203,3.98448,-95878.4,-1,1.10891e-10,1,0
0.00358057,-0.343286,0.0124322,-0.673161,3.98376,-95874.8,-1,1.38564e-09,1,0
0.0035818,-0.343829,0.0110817,-0.673068,3.98374,-95993.4,-1,1.38564e-09,1,0
0.00358304,-0.344639,0.0103218,-0.673251,3.98528,-96186.2,-1,5.32678e-10,1,0
0.00358388,-0.34402,0.0104951,-0.673606,3.98344,-95990.9,-1,7.55511e-10,1,0
0.00358491,-0.344805,0.00982273,-0.673084,3.98409,-96182.2,-1,4.71125e-10,1,0
0.00358665,-0.34641,0.00861553,-0.672628,3.98401,-96583.1,-1,4.71125e-10,1,0
0.00358717,-0.346942,0.00840752,-0.672601,3.98499,-96717.4,-1,3.27533e-10,1,0
0.00358845,-0.345724,0.00780316,-0.673276,3.98505,-96343.4,-1,3.27533e-10,1,0
0.00358862,-0.345578,0.00772379,-0.673349,3.9848,-96298.1,-1,1.7073e-09,1,0
0.00358991,-0.346245,0.00725812,-0.672064,3.98476,-96449.5,-1,1.7073e-09,1,0
0.00359132,-0.346725,0.00667727,-0.671351,3.98682,-96545.2,-1,2.39147e-10,1,0
0.00359172,-0.346828,0.00681667,-0.671111,3.98584,-96563.2,-1,1.71759e-10,1,0
0.00359339,-0.347,0.00851712,-0.672111,3.98583,-96566,-1,1.71759e-10,1,0
0.00359458,-0.346698,0.00910368,-0.672939,3.98618,-96450.2,-1,2.75553e-10,1,0
0.00359518,-0.346163,0.00925836,-0.673388,3.98647,-96285.2,-1,1.43608e-09,1,0
0.00359557,-0.346235,0.00945077,-0.673137,3.98864,-96294.9,-1,7.50507e-11,1,0
0.00359714,-0.346233,0.00915393,-0.672502,3.98879,-96252.3,-1,7.3323e-10,1,0
0.0035981,-0.345858,0.00999943,-0.671852,3.98863,-96122.4,-1,1.25645e-09,1,0
0.00359839,-0.34564,0.0102473,-0.671737,3.98864,-96054,-1,1.25645e-09,1,0
0.0035998,-0.345955,0.0116829,-0.671063,3.98869,-96104.1,-1,4.75989e-10,1,0
0.00360074,-0.346175,0.0123863,-0.670693,3.98971,-96139.9,-1,1.51986e-10,1,0
0.00360145,-0.346389,0.0125681,-0.669905,3.99044,-96180.4,-1,8.36766e-10,1,0
0.00360192,-0.346197,0.0123093,-0.669489,3.99045,-96114.6,-1,3.78843e-10,1,0
0.00360275,-0.346252,0.0115865,-0.668818,3.99045,-96107.5,-1,3.78843e-10,1,0
0.00360428,-0.346188,0.0104382,-0.667872,3.99017,-96049.1,-1,2.08639e-10,1,0
0.00360481,-0.345671,0.0101183,-0.668025,3.99029,-95891.5,-1,6.27193e-10,1,0
0.00360516,-0.34595,0.0101144,-0.668123,3.98874,-95959.8,-1,8.12867e-11,1,0
0.00360571,-0.345621,0.0100513,-0.668689,3.98948,-95853.8,-1,6.58074e-10,1,0
0.00360618,-0.345162,0.0100911,-0.668382,3.98983,-95713.8,-1,5.19692e-10,1,0
0.00360687,-0.345441,0.00995918,-0.669112,3.98693,-95773.2,-1,7.99849e-10,1,0
0.00360864,-0.344537,0.00994125,-0.668011,3.9862,-95475.4,-1,8.63402e-10,1,0
0.00361024,-0.34354,0.0102132,-0.666425,3.98625,-95157,-1,8.63402e-10,1,0
0.00361117,-0.343282,0.0103759,-0.665867,3.98708,-95061.2,-1,2.45177e-10,1,0
0.00361174,-0.343041,0.0104026,-0.665364,3.98639,-94979.3,-1,3.94985e-10,1,0
0.00361244,-0.343395,0.0103035,-0.664769,3.98517,-95059.2,-1,2.87517e-11,1,0
0.00361345,-0.343724,0.0097947,-0.664072,3.98526,-95123.4,-1,6.30692e-10,1,0
0.00361483,-0.343998,0.00896179,-0.663308,3.98737,-95163.1,-1,2.46719e-10,1,0
0.00361671,-0.344038,0.0110549,-0.664067,3.98701,-95124.5,-1,2.36558e-09,1,0
0.00361754,-0.343962,0.0114743,-0.664955,3.98742,-95081.9,-1,9.84821e-10,1,0
0.00361957,-0.342942,0.012381,-0.664566,3.99081,-94746.5,-1,1.1647e-09,1,0
0.00362105,-0.343441,0.0134979,-0.663658,3.98893,-94845.8,-1,6.37325e-10,1,0
0.00362179,-0.342938,0.0130928,-0.664162,3.98998,-94687.4,-1,8.14941e-10,1,0
0.00362298,-0.344024,0.0126879,-0.664145,3.98891,-94956,-1,4.59024e-11,1,0
0.00362391,-0.344885,0.0127556,-0.663778,3.98913,-95169.2,-1,1.77442e-09,1,0
0.00362454,-0.345381,0.0131467,-0.663372,3.9891,-95289.5,-1,1.77442e-09,1,0
0.00362588,-0.346512,0.0139623,-0.66273,3.98938,-95566.4,-1,2.45723e-09,1,0
0.00362752,-0.348186,0.01494,-0.662644,3.98929,-95984.8,-1,2.45723e-09,1,0
0.00362939,-0.350103,0.0160591,-0.662546,3.9892,-96463.3,-1,2.45723e-09,1,0
0.00363082,-0.350106,0.0148704,-0.66218,3.99054,-96426.1,-1,1.24567e-09,1,0
0.00363109,-0.350044,0.0149891,-0.661919,3.99285,-96401.8,-1,2.75523e-10,1,0
0.00363228,-0.349974,0.0161383,-0.661105,3.99029,-96350.9,-1,1.41791e-09,1,0
0.00363378,-0.350979,0.0152773,-0.659933,3.99024,-96587.9,-1,1.41791e-09,1,0
0.00363536,-0.351986,0.0146887,-0.658766,3.98806,-96822.7,-1,2.36709e-10,1,0
0.00363666,-0.350773,0.013738,-0.658822,3.98812,-96454.5,-1,2.36709e-10,1,0
0.00363701,-0.350616,0.0134849,-0.658829,3.98947,-96402.3,-1,1.84565e-09,1,0
0.00363792,-0.350975,0.0126031,-0.658735,3.98976,-96476.9,-1,3.90696e-10,1,0
0.00363851,-0.351204,0.0120027,-0.658998,3.98861,-96524.2,-1,6.9412e-10,1,0
0.00364008,-0.351176,0.0122352,-0.658944,3.98688,-96474.8,-1,6.49577e-10,1,0
0.00364066,-0.350766,0.0122673,-0.659494,3.98632,-96346.9,-1,1.31373e-09,1,0
0.00364093,-0.350697,0.0124832,-0.659261,3.98683,-96320.7,-1,3.25309e-10,1,0
0.00364143,-0.350873,0.0127613,-0.658819,3.98904,-96355.8,-1,1.07589e-10,1,0
0.00364193,-0.351066,0.0130956,-0.658442,3.98852,-96395.5,-1,9.24249e-11,1,0
0.00364332,-0.351279,0.0134885,-0.657882,3.99016,-96417.4,-1,3.27263e-11,1,0
0.00364483,-0.351545,0.0136119,-0.658558,3.99007,-96450.3,-1,4.11556e-10,1,0
0.00364576,-0.351947,0.0128519,-0.659142,3.99127,-96536,-1,8.16788e-10,1,0
0.00364608,-0.351945,0.0126715,-0.659486,3.99127,-96526.9,-1,8.16788e-10,1,0
0.00364648,-0.352025,0.0124644,-0.659435,3.98871,-96538.3,-1,8.74974e-10,1,0
0.00364693,-0.35188,0.0127451,-0.659545,3.98984,-96486.7,-1,4.20206e-10,1,0
0.00364809,-0.352497,0.0134099,-0.658516,3.98981,-96625,-1,4.20206e-10,1,0
0.00364887,-0.352627,0.0137587,-0.658255,3.9876,-96640,-1,2.01718e-09,1,0
0.0036497,-0.352628,0.0137294,-0.658466,3.98337,-96618.2,-1,1.38415e-10,1,0
0.00365034,-0.352534,0.0134475,-0.657782,3.9842,-96575.6,-1,7.42811e-10,1,0
0.00365226,-0.351158,0.0120706,-0.657132,3.98617,-96147.9,-1,1.24557e-09,1,0
0.00365398,-0.349411,0.0121004,-0.656873,3.98528,-95624.8,-1,7.83622e-10,1,0
0.00365645,-0.350207,0.0128541,-0.654407,3.98583,-95777.9,-1,9.50253e-10,1,0
0.00365727,-0.350202,0.0123476,-0.65385,3.9848,-95754.9,-1,4.86992e-10,1,0
0.00365825,-0.349868,0.0126028,-0.654037,3.98331,-95638.2,-1,4.09046e-10,1,0
0.00365884,-0.349653,0.0130088,-0.654309,3.98227,-95563.7,-1,1.06723e-10,1,0
0.00365997,-0.348761,0.0139003,-0.654615,3.98257,-95290.5,-1,1.20143e-09,1,0
0.00366061,-0.349424,0.0138434,-0.654449,3.98246,-95455.4,-1,7.38179e-11,1,0
0.0036615,-0.350477,0.013791,-0.654298,3.97929,-95719.5,-1,1.74048e-09,1,0
0.00366185,-0.350247,0.0140793,-0.654128,3.97827,-95647.7,-1,4.05966e-10,1,0
0.00366404,-0.349296,0.0135997,-0.653859,3.97734,-95330.9,-1,7.91947e-10,1,0
0.0036645,-0.349613,0.0132518,-0.653631,3.98021,-95405.3,-1,5.23375e-10,1,0
0.00366478,-0.349555,0.0130371,-0.653392,3.97922,-95382.1,-1,3.26582e-10,1,0
0.00366705,-0.349181,0.0120455,-0.65285,3.97872,-95221.1,-1,1.24535e-09,1,0
0.00366769,-0.349049,0.0119209,-0.652641,3.97922,-95168.6,-1,9.05062e-13,1,0
0.00366822,-0.348954,0.0116233,-0.652372,3.98029,-95128.8,-1,1.14019e-10,1,0
0.00367036,-0.347989,0.0101507,-0.650605,3.97984,-94810.8,-1,1.42021e-09,1,0
0.0036705,-0.348023,0.0100983,-0.650611,3.98088,-94816.2,-1,9.77193e-11,1,0
0.00367118,-0.348122,0.00966311,-0.650362,3.98017,-94825.6,-1,4.63091e-10,1,0
0.00367185,-0.347544,0.0101081,-0.650063,3.97799,-94651.1,-1,9.57403e-10,1,0
0.00367352,-0.347694,0.0106233,-0.650825,3.98004,-94648.7,-1,6.94327e-10,1,0
0.00367462,-0.347529,0.0108496,-0.651969,3.98084,-94575.3,-1,1.18593e-10,1,0
0.0036757,-0.34747,0.0111384,-0.653208,3.98085,-94531.6,-1,1.18593e-10,1,0
0.00367718,-0.34842,0.0117692,-0.653481,3.97853,-94752,-1,9.92042e-10,1,0
0.00367918,-0.348879,0.0120959,-0.652392,3.98036,-94825.3,-1,1.24561e-09,1,0
0.00367969,-0.349223,0.0123291,-0.651952,3.98009,-94905.4,-1,6.05342e-10,1,0
0.00368053,-0.348687,0.011836,-0.652181,3.98056,-94738.3,-1,2.51333e-10,1,0
0.003681,-0.348639,0.0115794,-0.652523,3.98064,-94713.2,-1,9.18752e-11,1,0
0.00368147,-0.348717,0.0115164,-0.652277,3.98093,-94722.3,-1,2.70807e-10,1,0
0.00368287,-0.348462,0.0103402,-0.65294,3.97968,-94617,-1,6.29987e-10,1,0
0.00368323,-0.348363,0.0100876,-0.653144,3.98109,-94580.7,-1,5.55869e-11,1,0
0.00368387,-0.34828,0.0100803,-0.652628,3.98019,-94541.9,-1,3.24684e-10,1,0
0.00368558,-0.348567,0.00826053,-0.651788,3.98028,-94576,-1,2.24949e-09,1,0
0.00368675,-0.347975,0.00735134,-0.652085,3.97791,-94385.3,-1,5.59169e-10,1,0
0.0036877,-0.349056,0.00761237,-0.652181,3.97806,-94654.3,-1,1.1164e-09,1,0
0.00368803,-0.349203,0.0074379,-0.65202,3.97736,-94685.4,-1,2.27023e-10,1,0
0.00368964,-0.349555,0.00790009,-0.650415,3.97809,-94739.6,-1,2.51502e-10,1,0
0.00368988,-0.349533,0.00805675,-0.650258,3.98112,-94727.5,-1,8.56529e-11,1,0
0.00369191,-0.349912,0.00855149,-0.648629,3.98081,-94778,-1,3.71498e-10,1,0
0.00369273,-0.3502,0.00792482,-0.64932,3.9808,-94834.9,-1,3.71498e-10,1,0
0.00369317,-0.350019,0.00810588,-0.649527,3.98139,-94774.7,-1,2.71943e-10,1,0
0.00369428,-0.349438,0.00900857,-0.650275,3.98114,-94589.1,-1,1.30841e-09,1,0
0.00369564,-0.348162,0.0080217,-0.65031,3.97983,-94208.8,-1,1.6138e-09,1,0
0.00369667,-0.347959,0.00808309,-0.65052,3.98213,-94127.6,-1,7.43137e-10,1,0
0.00369752,-0.347615,0.0074683,-0.650139,3.98013,-94012.9,-1,3.50808e-10,1,0
0.00369877,-0.347362,0.00718566,-0.649364,3.97954,-93912.7,-1,1.01549e-09,1,0
0.00369927,-0.347252,0.00712851,-0.649724,3.9782,-93870.3,-1,4.43261e-10,1,0
0.00369981,-0.347305,0.00741764,-0.649357,3.97688,-93871.1,-1,1.4813e-10,1,0
0.00370073,-0.347008,0.00779917,-0.650201,3.9768,-93767.4,-1,7.83948e-11,1,0
0.00370206,-0.348177,0.00862713,-0.65047,3.97743,-94049.5,-1,1.41514e-09,1,0
0.00370263,-0.348664,0.00837077,-0.650874,3.97741,-94166.5,-1,1.41514e-09,1,0
0.00370348,-0.34864,0.00892311,-0.65025,3.97921,-94138.4,-1,9.03416e-10,1,0
0.00370412,-0.348662,0.00916683,-0.650404,3.97894,-94128.3,-1,8.05288e-11,1,0
0.00370516,-0.349246,0.00905547,-0.650903,3.97952,-94259.3,-1,6.71908e-10,1,0
0.00370603,-0.348463,0.00868387,-0.650588,3.98044,-94025.9,-1,4.05017e-10,1,0
0.00370712,-0.348112,0.00838386,-0.651785,3.98059,-93903.6,-1,1.04322e-09,1,0
0.00370933,-0.348723,0.00714725,-0.652293,3.98207,-94012.2,-1,8.45816e-10,1,0
0.0037099,-0.349142,0.0070072,-0.651786,3.98315,-94110.9,-1,1.58595e-09,1,0
0.00371031,-0.348857,0.00675302,-0.65208,3.9826,-94023.8,-1,4.81936e-10,1,0
0.003712,-0.348629,0.0059878,-0.650414,3.98455,-93919.4,-1,1.73546e-09,1,0
0.00371294,-0.349029,0.00515466,-0.649965,3.9846,-94003.3,-1,3.3554e-10,1,0
0.00371362,-0.348381,0.00541129,-0.64993,3.98646,-93811.7,-1,6.91606e-10,1,0
0.00371377,-0.348415,0.00556747,-0.649998,3.98791,-93817.3,-1,1.7364e-10,1,0
0.00371414,-0.348738,0.00547637,-0.650218,3.98638,-93894.7,-1,7.17801e-11,1,0
0.00371496,-0.349055,0.00474445,-0.649773,3.98697,-93959.3,-1,6.37137e-10,1,0
0.00371683,-0.347965,0.00321593,-0.650165,3.98721,-93618.8,-1,3.7775e-10,1,0
0.00371708,-0.34786,0.00332879,-0.649988,3.98668,-93584.3,-1,2.07026e-12,1,0
0.00371749,-0.348219,0.00341238,-0.649667,3.98559,-93670.5,-1,4.88894e-10,1,0
0.00371833,-0.34773,0.00299431,-0.649347,3.98025,-93517.7,-1,7.00792e-11,1,0
0.00371918,-0.347427,0.00357234,-0.64954,3.97755,-93414.9,-1,2.36247e-11,1,0
0.00372081,-0.346831,0.00521018,-0.650182,3.97737,-93213.8,-1,1.80265e-10,1,0
0.0037213,-0.34668,0.00575268,-0.650242,3.97782,-93161,-1,5.53071e-10,1,0
0.00372344,-0.344532,0.00656289,-0.651316,3.97793,-92530.7,-1,5.53071e-10,1,0
0.00372408,-0.343896,0.00679271,-0.65161,3.979,-92343.8,-1,3.29789e-09,1,0
0.00372511,-0.344004,0.00660375,-0.65127,3.9747,-92347.3,-1,2.08455e-10,1,0
0.0037271,-0.342828,0.00699238,-0.652011,3.97339,-91982.4,-1,5.62898e-10,1,0
0.00372811,-0.343197,0.00812303,-0.651956,3.97383,-92056.5,-1,1.19048e-09,1,0
0.00372881,-0.343996,0.00832454,-0.651876,3.97352,-92253.5,-1,4.50727e-11,1,0
0.00372931,-0.344431,0.00795114,-0.651783,3.97351,-92357.9,-1,5.74482e-10,1,0
0.0037306,-0.345545,0.00822239,-0.651135,3.97184,-92624.5,-1,1.26469e-09,1,0
0.00373179,-0.344441,0.00807355,-0.650292,3.97045,-92298.9,-1,7.55786e-12,1,0
0.00373321,-0.345871,0.00730885,-0.650199,3.96955,-92646.9,-1,1.31689e-09,1,0
0.00373414,-0.346589,0.00694994,-0.650733,3.96804,-92816.4,-1,3.59009e-10,1,0
0.00373456,-0.346421,0.00733386,-0.65085,3.96967,-92760.8,-1,4.16316e-10,1,0
0.00373513,-0.346616,0.00767949,-0.651251,3.96816,-92798.8,-1,1.83513e-10,1,0
0.00373656,-0.346887,0.00808711,-0.651332,3.96418,-92835.9,-1,8.29062e-10,1,0
0.00373733,-0.347287,0.00836763,-0.652094,3.96349,-92923.9,-1,9.05268e-10,1,0
0.00373799,-0.346973,0.00904568,-0.652325,3.96476,-92823.3,-1,7.82159e-10,1,0
0.00373879,-0.346958,0.00935428,-0.651573,3.96521,-92799.5,-1,3.50029e-10,1,0
0.00373966,-0.347093,0.00942083,-0.651268,3.96953,-92814,-1,3.62629e-10,1,0
0.00373996,-0.347203,0.00937992,-0.650949,3.96956,-92836.1,-1,2.78323e-10,1,0
0.00374064,-0.347101,0.00905038,-0.650876,3.97035,-92791.7,-1,4.71819e-10,1,0
0.00374176,-0.348008,0.0093575,-0.650523,3.97099,-93006.4,-1,7.0707e-10,1,0
0.00374326,-0.347033,0.00919607,-0.65198,3.96992,-92708.8,-1,1.73352e-09,1,0
0.00374401,-0.34711,0.00866681,-0.652607,3.96606,-92710.8,-1,3.24284e-11,1,0
0.00374525,-0.347292,0.00901017,-0.651831,3.96513,-92728.5,-1,4.69769e-10,1,0
0.00374649,-0.348139,0.00916942,-0.652509,3.96683,-92924.1,-1,1.43475e-10,1,0
0.00374699,-0.348591,0.00940576,-0.652808,3.96681,-93032.5,-1,1.43475e-10,1,0
0.00374736,-0.348933,0.00958422,-0.653034,3.96679,-93114.2,-1,1.43475e-10,1,0
0.00374794,-0.348968,0.00983372,-0.653143,3.96578,-93109.2,-1,2.59564e-10,1,0
0.00374866,-0.349473,0.010482,-0.653295,3.9656,-93226.1,-1,1.11292e-09,1,0
0.00374915,-0.349634,0.0110161,-0.653416,3.96549,-93257,-1,3.72783e-10,1,0
0.00375059,-0.350142,0.0126202,-0.653675,3.96547,-93356.6,-1,3.72783e-10,1,0
0.00375102,-0.350295,0.0131025,-0.653753,3.96362,-93386.6,-1,2.57212e-09,1,0
0.00375163,-0.349781,0.0132295,-0.653453,3.96259,-93234.6,-1,3.97221e-10,1,0
0.003753,-0.351196,0.0134493,-0.652993,3.96229,-93577.5,-1,1.06311e-09,1,0
0.00375369,-0.351977,0.013326,-0.653092,3.96237,-93768.4,-1,5.87363e-11,1,0
0.00375506,-0.351007,0.0142163,-0.653338,3.96133,-93475.6,-1,2.13791e-10,1,0
0.00375537,-0.350689,0.0142005,-0.653511,3.96025,-93383.2,-1,3.60349e-10,1,0
0.00375605,-0.351158,0.0136519,-0.653549,3.96027,-93491.2,-1,5.69725e-10,1,0
0.00375653,-0.351258,0.0131098,-0.6534,3.96027,-93505.8,-1,5.69725e-10,1,0
0.00375845,-0.351437,0.014803,-0.653069,3.95941,-93505.7,-1,1.98144e-09,1,0
0.00375892,-0.351447,0.0143372,-0.652901,3.95833,-93496.7,-1,1.19765e-10,1,0
0.00375936,-0.351649,0.0144308,-0.653224,3.95885,-93539.5,-1,2.95636e-10,1,0
0.00375991,-0.351819,0.0149781,-0.653484,3.95986,-93571,-1,6.02211e-11,1,0
0.0037616,-0.351523,0.0153338,-0.655362,3.96015,-93450.3,-1,1.17908e-09,1,0
0.00376257,-0.35186,0.0152636,-0.655673,3.96053,-93515.8,-1,3.96854e-10,1,0
0.00376297,-0.35167,0.0153462,-0.65608,3.9596,-93455.3,-1,8.81939e-12,1,0
0.00376384,-0.35111,0.015464,-0.656228,3.95774,-93284.9,-1,6.20174e-10,1,0
0.0037662,-0.349574,0.0157956,-0.654494,3.95813,-92818.6,-1,2.62232e-10,1,0
0.00376745,-0.348429,0.0157269,-0.654,3.96135,-92484.1,-1,2.16524e-10,1,0
0.0037684,-0.347379,0.0156706,-0.65361,3.9614,-92182.2,-1,2.16524e-10,1,0
0.00376927,-0.346433,0.0155855,-0.653244,3.9618,-91909.7,-1,2.78388e-09,1,0
0.00376999,-0.346528,0.0159263,-0.653407,3.9611,-91917.5,-1,2.01614e-10,1,0
0.00377167,-0.347658,0.0175301,-0.653647,3.96211,-92176.2,-1,2.4796e-09,1,0
0.00377216,-0.347209,0.01758,-0.653769,3.96394,-92045.3,-1,4.78463e-10,1,0
0.00377321,-0.348035,0.0176464,-0.653281,3.96228,-92238.6,-1,7.71981e-10,1,0
0.00377446,-0.347091,0.017136,-0.653945,3.96094,-91957.9,-1,9.74027e-10,1,0
0.0037747,-0.347149,0.0170557,-0.654094,3.96291,-91967.2,-1,7.09639e-10,1,0
0.00377529,-0.347451,0.0173338,-0.653573,3.96233,-92033,-1,2.00747e-10,1,0
0.00377695,-0.347474,0.0179733,-0.652151,3.96356,-91998.5,-1,1.64708e-10,1,0
0.00377775,-0.347846,0.0173112,-0.652704,3.96354,-92077.8,-1,1.64708e-10,1,0
0.00378035,-0.349111,0.0167195,-0.654821,3.96234,-92349.1,-1,1.26493e-09,1,0
0.00378105,-0.348473,0.0169803,-0.654526,3.96209,-92162.9,-1,5.33705e-10,1,0
0.00378229,-0.348131,0.0180305,-0.653906,3.96223,-92042.3,-1,7.47122e-10,1,0
0.00378243,-0.348122,0.0180864,-0.653796,3.96095,-92036.5,-1,6.2832e-11,1,0
0.00378317,-0.34816,0.0178533,-0.653824,3.96208,-92028.7,-1,2.74331e-10,1,0
0.0037846,-0.348003,0.0177104,-0.652273,3.96257,-91952.2,-1,4.29323e-10,1,0
0.00378563,-0.349162,0.0179728,-0.652257,3.96304,-92233.6,-1,9.86811e-10,1,0
0.00378619,-0.349731,0.0182044,-0.652019,3.96302,-92370.3,-1,9.86811e-10,1,0
0.00378651,-0.350065,0.0183401,-0.65188,3.963,-92450.5,-1,9.86811e-10,1,0
0.0037877,-0.351271,0.0186552,-0.651399,3.96467,-92739.9,-1,2.44927e-09,1,0
0.00378916,-0.352737,0.0178573,-0.650965,3.965,-93091.1,-1,1.94191e-09,1,0
0.00378984,-0.353121,0.018092,-0.651631,3.96498,-93175.7,-1,1.94191e-09,1,0
0.00379083,-0.353715,0.0184695,-0.652537,3.96521,-93308,-1,1.87642e-09,1,0
0.00379148,-0.353896,0.0182449,-0.652041,3.96468,-93339.8,-1,2.52733e-10,1,0
0.00379221,-0.353739,0.0174954,-0.65172,3.96355,-93280.5,-1,7.64039e-10,1,0
0.00379276,-0.353609,0.0169674,-0.651522,3.96232,-93232.5,-1,5.18097e-11,1,0
0.00379309,-0.353775,0.0166534,-0.651369,3.95943,-93268.3,-1,3.86784e-10,1,0
0.00379407,-0.353535,0.0172218,-0.650393,3.95984,-93180.9,-1,1.15432e-09,1,0
0.00379463,-0.353784,0.0166129,-0.650433,3.95982,-93233,-1,1.15432e-09,1,0
0.0037953,-0.354085,0.0158783,-0.650481,3.95996,-93295.7,-1,1.45458e-09,1,0
0.00379605,-0.354009,0.0167616,-0.650497,3.96239,-93257.3,-1,8.86746e-10,1,0
0.00379697,-0.353932,0.0162694,-0.650595,3.96159,-93214.3,-1,5.22496e-10,1,0
0.00379872,-0.35546,0.0150368,-0.651251,3.96138,-93573.7,-1,2.63052e-09,1,0
0.0037994,-0.355358,0.0151412,-0.651064,3.95819,-93530,-1,4.84476e-10,1,0
0.00380035,-0.355307,0.0148863,-0.651609,3.95734,-93493,-1,4.10319e-10,1,0
0.00380052,-0.355347,0.0146981,-0.651583,3.95658,-93499.7,-1,1.27086e-12,1,0
0.00380087,-0.355419,0.0144,-0.651624,3.95666,-93510,-1,8.56471e-11,1,0
0.00380204,-0.356299,0.0150365,-0.651459,3.95784,-93712.5,-1,6.10273e-10,1,0
0.00380242,-0.356459,0.0152308,-0.651128,3.95756,-93745.3,-1,4.01305e-10,1,0
0.00380333,-0.355767,0.0160466,-0.651086,3.95712,-93540.9,-1,1.05976e-09,1,0
0.00380425,-0.35517,0.016136,-0.651021,3.95467,-93361.5,-1,5.1519e-10,1,0
0.00380505,-0.354764,0.0159947,-0.650459,3.95484,-93235,-1,2.72043e-10,1,0
0.00380663,-0.356354,0.0165069,-0.649778,3.95523,-93614.2,-1,8.5165e-10,1,0
0.00380758,-0.356284,0.0160588,-0.649446,3.95102,-93572.3,-1,6.84858e-10,1,0
0.00380836,-0.356946,0.0164159,-0.649681,3.95613,-93727,-1,7.81815e-10,1,0
0.00380927,-0.356643,0.0168499,-0.648757,3.95615,-93625.2,-1,7.81815e-10,1,0
0.00381104,-0.358153,0.0172089,-0.648983,3.95442,-93977.9,-1,1.26502e-09,1,0
0.0038121,-0.359128,0.0170924,-0.649528,3.95411,-94207.3,-1,2.98071e-10,1,0
0.00381397,-0.358729,0.0166821,-0.649936,3.95321,-94056.8,-1,1.04058e-09,1,0
0.00381499,-0.35762,0.0167147,-0.649887,3.95433,-93740.7,-1,1.1641e-10,1,0
0.00381521,-0.357758,0.0168006,-0.649984,3.95716,-93771.4,-1,3.03543e-10,1,0
0.00381588,-0.357329,0.0163526,-0.650337,3.95815,-93642.5,-1,2.71675e-10,1,0
0.00381742,-0.356161,0.0152085,-0.651131,3.95821,-93298.8,-1,2.71675e-10,1,0
0.00381862,-0.35678,0.0143108,-0.651945,3.95633,-93431.5,-1,1.32779e-09,1,0
0.00381987,-0.355869,0.0138385,-0.651387,3.95337,-93162.7,-1,4.0265e-10,1,0
0.00382096,-0.355161,0.0138579,-0.650757,3.95338,-92950.6,-1,3.20264e-10,1,0
0.00382228,-0.353641,0.0139829,-0.651056,3.95346,-92520.8,-1,3.20264e-10,1,0
0.0038235,-0.352244,0.0141144,-0.651317,3.95275,-92126,-1,3.16802e-11,1,0
0.00382402,-0.351794,0.0141003,-0.651735,3.95276,-91995.8,-1,4.1553e-11,1,0
0.00382532,-0.350668,0.0142129,-0.652692,3.9497,-91670.3,-1,1.86618e-10,1,0
0.00382609,-0.351304,0.0138924,-0.652131,3.94897,-91818,-1,9.06059e-10,1,0
0.00382727,-0.350265,0.0140806,-0.652286,3.94658,-91518.2,-1,1.07553e-09,1,0
0.00382867,-0.349903,0.0153492,-0.651291,3.9466,-91390.2,-1,1.07553e-09,1,0
0.0038294,-0.349715,0.0160088,-0.650774,3.94661,-91323.8,-1,1.07553e-09,1,0
0.00383081,-0.349351,0.0172863,-0.649772,3.94663,-91195.1,-1,1.07553e-09,1,0
0.00383131,-0.348943,0.0172728,-0.649546,3.94333,-91076.9,-1,4.1629e-10,1,0
0.0038316,-0.34901,0.0174444,-0.649371,3.94316,-91087.3,-1,2.09117e-10,1,0
0.00383225,-0.349663,0.0176455,-0.649211,3.94169,-91242.2,-1,5.2601e-10,1,0
0.00383332,-0.350551,0.0176356,-0.648315,3.94299,-91448.4,-1,1.26137e-09,1,0
0.00383428,-0.351434,0.0169412,-0.648274,3.94294,-91655.9,-1,1.26137e-09,1,0
0.00383547,-0.351973,0.017076,-0.648001,3.94426,-91768,-1,6.5025e-10,1,0
0.00383635,-0.35175,0.0180711,-0.648229,3.94523,-91688.5,-1,1.04522e-09,1,0
0.00383669,-0.351409,0.0182428,-0.648327,3.94373,-91591.6,-1,3.4428e-12,1,0
0.00383852,-0.351732,0.0198541,-0.648104,3.94152,-91632.2,-1,1.16139e-09,1,0
0.00383984,-0.353138,0.0198989,-0.647454,3.94074,-91966.8,-1,1.54873e-09,1,0
0.00384014,-0.353098,0.0199334,-0.647794,3.93858,-91949.3,-1,3.16328e-10,1,0
0.00384184,-0.353899,0.0210183,-0.646314,3.93907,-92117.1,-1,2.00197e-09,1,0
0.00384256,-0.354131,0.0210916,-0.646112,3.93801,-92160.3,-1,1.78354e-10,1,0
0.00384355,-0.355168,0.0214113,-0.64568,3.94082,-92406.2,-1,1.55676e-09,1,0
0.00384503,-0.354807,0.0197896,-0.645137,3.93989,-92276.7,-1,1.74776e-09,1,0
0.0038456,-0.355387,0.0199411,-0.644836,3.93986,-92414,-1,1.74776e-09,1,0
0.00384624,-0.355902,0.0195904,-0.644811,3.93845,-92532.6,-1,5.16626e-10,1,0
0.00384654,-0.355871,0.0196124,-0.644781,3.93568,-92517.3,-1,1.61691e-10,1,0
0.0038468,-0.35557,0.0196887,-0.644803,3.9357,-92432.6,-1,1.61691e-10,1,0
0.00384767,-0.354587,0.0199376,-0.644877,3.93575,-92156.4,-1,1.61691e-10,1,0
0.00384803,-0.354171,0.0200431,-0.644908,3.93577,-92039.5,-1,1.61691e-10,1,0
0.00384887,-0.353314,0.0200076,-0.644788,3.93616,-91796.6,-1,2.43389e-09,1,0
0.00385075,-0.35222,0.0190646,-0.644085,3.93404,-91467.7,-1,2.24876e-09,1,0
0.00385154,-0.352784,0.0194315,-0.644726,3.93401,-91595.4,-1,2.24876e-09,1,0
0.00385233,-0.353051,0.0195727,-0.645295,3.93197,-91646.1,-1,1.93848e-09,1,0
0.00385251,-0.353119,0.0194767,-0.645154,3.93299,-91659.4,-1,6.57585e-12,1,0
0.00385455,-0.353228,0.0195532,-0.643676,3.93135,-91639.1,-1,7.22343e-10,1,0
0.00385536,-0.353067,0.0204453,-0.643394,3.93136,-91578.3,-1,7.22343e-10,1,0
0.00385587,-0.35266,0.0202661,-0.643356,3.9284,-91460.5,-1,1.95896e-09,1,0
0.00385706,-0.352514,0.0192732,-0.643114,3.92874,-91394.7,-1,7.49634e-10,1,0
0.00385756,-0.352162,0.0189408,-0.643441,3.92786,-91291.6,-1,1.22197e-11,1,0
0.0038584,-0.351277,0.0189773,-0.642999,3.92718,-91042,-1,9.77348e-10,1,0
0.0038587,-0.350976,0.0191083,-0.643128,3.9272,-90956.8,-1,9.77348e-10,1,0
0.00386029,-0.350543,0.0203631,-0.643823,3.92708,-90807.4,-1,1.16926e-09,1,0
0.00386102,-0.350763,0.020174,-0.644363,3.92886,-90847.3,-1,1.81134e-11,1,0
0.00386307,-0.349458,0.019894,-0.645302,3.92946,-90461.2,-1,1.95104e-10,1,0
0.00386365,-0.348875,0.019579,-0.645433,3.92949,-90296.7,-1,1.95104e-10,1,0
0.00386431,-0.348486,0.0191811,-0.64568,3.93155,-90180.6,-1,2.50069e-09,1,0
0.00386561,-0.348228,0.0182362,-0.644967,3.93104,-90083.5,-1,5.12819e-10,1,0
0.00386611,-0.347701,0.0181146,-0.645031,3.93166,-89935.4,-1,1.55346e-10,1,0
0.00386731,-0.347286,0.0188208,-0.645888,3.93036,-89800.2,-1,6.98347e-10,1,0
0.00386865,-0.347099,0.0199365,-0.646976,3.93002,-89720.9,-1,2.67067e-09,1,0
0.0038696,-0.346918,0.0195459,-0.64672,3.92775,-89652.2,-1,8.08611e-10,1,0
0.00387073,-0.346897,0.0182582,-0.64641,3.92359,-89620.6,-1,1.32448e-09,1,0
0.00387119,-0.346532,0.0178987,-0.646551,3.92405,-89515.7,-1,8.90883e-12,1,0
0.00387259,-0.346202,0.0164418,-0.646566,3.92615,-89398.1,-1,1.08415e-09,1,0
0.00387313,-0.346624,0.0162081,-0.64699,3.92613,-89494.5,-1,1.08415e-09,1,0
0.00387378,-0.346565,0.0161066,-0.647435,3.92642,-89464.2,-1,3.70408e-10,1,0
0.00387469,-0.345916,0.0161024,-0.647082,3.92397,-89275.7,-1,5.8861e-10,1,0
0.00387561,-0.346167,0.0151684,-0.647509,3.92404,-89319.5,-1,5.01392e-10,1,0
0.00387638,-0.346401,0.0143876,-0.647897,3.92431,-89361.9,-1,1.94905e-09,1,0
0.00387699,-0.346631,0.01445,-0.648419,3.92393,-89407.3,-1,2.77097e-10,1,0
0.00387804,-0.347384,0.0149765,-0.648163,3.92436,-89577.2,-1,1.6265e-10,1,0
0.00387856,-0.347871,0.0152815,-0.64797,3.92462,-89690.8,-1,1.54898e-09,1,0
0.00388033,-0.349751,0.0161423,-0.647758,3.9238,-90134.2,-1,9.76633e-10,1,0
0.00388143,-0.35,0.0159484,-0.648594,3.92625,-90173.1,-1,5.24863e-10,1,0
0.00388294,-0.350038,0.0149313,-0.649735,3.92821,-90147.6,-1,1.44864e-09,1,0
0.00388335,-0.35047,0.0148223,-0.649811,3.9286,-90249.3,-1,2.40594e-11,1,0
0.00388377,-0.350781,0.0150527,-0.649789,3.9276,-90319.8,-1,1.05997e-10,1,0
0.00388494,-0.351607,0.0157691,-0.650629,3.92756,-90505.1,-1,1.05997e-10,1,0
0.00388516,-0.351682,0.0157731,-0.650712,3.92307,-90519.1,-1,1.77038e-09,1,0
0.00388636,-0.351916,0.0155401,-0.649873,3.92417,-90551.6,-1,6.74474e-11,1,0
0.00388867,-0.35332,0.0161893,-0.647649,3.9241,-90859,-1,6.74474e-11,1,0
0.00388979,-0.353285,0.0164904,-0.646675,3.92239,-90823.6,-1,5.70947e-10,1,0
0.00389209,-0.355083,0.0154441,-0.648137,3.92221,-91231.9,-1,7.17184e-10,1,0
0.00389415,-0.357059,0.0157864,-0.647854,3.9205,-91691,-1,1.55421e-09,1,0
0.00389473,-0.357528,0.0153895,-0.64813,3.92099,-91797.8,-1,6.73479e-10,1,0
0.0038956,-0.357512,0.0149714,-0.649072,3.92099,-91773.2,-1,6.73479e-10,1,0
0.0038966,-0.357495,0.0144983,-0.650138,3.92061,-91745.4,-1,2.19653e-09,1,0
0.00389869,-0.357407,0.0152115,-0.651527,3.92032,-91673.5,-1,6.89952e-10,1,0
0.00390103,-0.35558,0.0168108,-0.652189,3.91894,-91150.5,-1,1.00341e-09,1,0
0.00390229,-0.355165,0.0172595,-0.65194,3.91626,-91014.5,-1,7.55239e-10,1,0
0.00390397,-0.355712,0.016182,-0.650855,3.91449,-91115.3,-1,5.97059e-10,1,0
0.00390451,-0.356183,0.0162512,-0.65091,3.9163,-91223.4,-1,4.34523e-10,1,0
0.00390575,-0.3555,0.0159982,-0.649892,3.91703,-91019.8,-1,1.28377e-09,1,0
0.00390582,-0.355445,0.016037,-0.649905,3.91655,-91004,-1,5.45613e-11,1,0
0.00390681,-0.354688,0.0155499,-0.649165,3.91846,-90787.1,-1,1.16563e-09,1,0
0.00390712,-0.354335,0.0155877,-0.649095,3.91863,-90689.6,-1,2.26454e-10,1,0
0.00390861,-0.353049,0.0147985,-0.64894,3.92436,-90326,-1,1.33766e-10,1,0
0.00390938,-0.352616,0.0145561,-0.6493,3.92305,-90197.6,-1,3.82024e-10,1,0
0.00390995,-0.353244,0.014629,-0.649062,3.92302,-90344.8,-1,6.74979e-10,1,0
0.00391033,-0.353552,0.0145272,-0.649292,3.92112,-90414.8,-1,6.76296e-11,1,0
0.00391067,-0.353867,0.0145254,-0.649515,3.92349,-90487.6,-1,3.20575e-12,1,0
0.00391168,-0.354076,0.0149443,-0.649755,3.92233,-90517.7,-1,7.81722e-11,1,0
0.00391405,-0.355399,0.0165334,-0.65123,3.92209,-90800.8,-1,2.96287e-10,1,0
0.00391446,-0.355726,0.0161921,-0.651313,3.92207,-90874.8,-1,2.96287e-10,1,0
0.003916,-0.356907,0.0159065,-0.650954,3.92307,-91140.8,-1,8.83075e-10,1,0
0.00391663,-0.35752,0.0160609,-0.651334,3.92304,-91282.8,-1,8.83075e-10,1,0
0.0039175,-0.357663,0.016362,-0.650512,3.92335,-91299,-1,9.20345e-10,1,0
0.00391821,-0.358423,0.0165289,-0.65032,3.92564,-91476.4,-1,1.07978e-10,1,0
0.0039189,-0.359054,0.0166279,-0.649841,3.92611,-91621.2,-1,7.26129e-10,1,0
0.0039205,-0.359421,0.0182966,-0.649207,3.92561,-91677.3,-1,7.98295e-10,1,0
0.00392109,-0.35938,0.0183773,-0.648991,3.92617,-91653.2,-1,3.41051e-10,1,0
0.00392174,-0.359767,0.0182816,-0.648483,3.92593,-91736.5,-1,2.3162e-10,1,0
0.00392317,-0.361426,0.0184276,-0.648198,3.92551,-92125.8,-1,1.68962e-09,1,0
0.00392408,-0.361443,0.0181375,-0.647272,3.92605,-92109,-1,8.25948e-11,1,0
0.00392473,-0.361321,0.0177802,-0.647304,3.92785,-92062.5,-1,2.02993e-10,1,0
0.00392641,-0.36032,0.0177668,-0.64872,3.92801,-91768.2,-1,1.90466e-09,1,0
0.00392765,-0.360224,0.0184398,-0.649353,3.92543,-91715,-1,3.96939e-10,1,0
0.00392824,-0.360517,0.0187635,-0.649628,3.92458,-91775.8,-1,4.71954e-11,1,0
0.00392905,-0.359924,0.019371,-0.649649,3.92332,-91605.9,-1,8.65591e-10,1,0
0.00393004,-0.360007,0.0192579,-0.64999,3.92179,-91603.9,-1,5.10686e-10,1,0
0.00393246,-0.359777,0.019749,-0.651357,3.922,-91489.1,-1,1.80263e-09,1,0
0.00393268,-0.359653,0.0195713,-0.651429,3.91992,-91452.3,-1,4.40486e-11,1,0
0.00393429,-0.359033,0.01821,-0.650793,3.91955,-91257.4,-1,6.26803e-10,1,0
0.00393594,-0.357633,0.0173451,-0.649762,3.92005,-90863.3,-1,1.94208e-09,1,0
0.00393767,-0.357835,0.0191823,-0.649041,3.91592,-90874.7,-1,2.96138e-10,1,0
0.00393819,-0.357824,0.0194227,-0.648727,3.91404,-90860,-1,1.56239e-11,1,0
0.00393908,-0.357396,0.0187966,-0.649013,3.9138,-90730.6,-1,5.81371e-10,1,0
0.00393979,-0.356747,0.0188086,-0.64953,3.91383,-90549.7,-1,5.81371e-10,1,0
0.0039408,-0.356576,0.0182632,-0.649835,3.91225,-90483.2,-1,1.07658e-11,1,0
0.00394145,-0.357012,0.017884,-0.65029,3.91317,-90578.7,-1,6.35957e-11,1,0
0.00394276,-0.356277,0.018625,-0.649162,3.9132,-90362.4,-1,6.35957e-11,1,0
0.00394326,-0.355815,0.0186039,-0.649131,3.91421,-90233.8,-1,1.71766e-09,1,0
0.00394467,-0.355445,0.0190007,-0.649439,3.91629,-90107.5,-1,1.44952e-10,1,0
0.0039454,-0.354905,0.0187552,-0.649772,3.91449,-89954.2,-1,6.25159e-10,1,0
0.00394574,-0.354864,0.0186804,-0.650066,3.91666,-89935.9,-1,3.01073e-10,1,0
0.00394634,-0.354598,0.0182384,-0.650112,3.91673,-89854.8,-1,5.72415e-10,1,0
0.00394851,-0.356277,0.0187603,-0.649199,3.91609,-90230.6,-1,1.74569e-09,1,0
0.00394874,-0.356422,0.0189802,-0.649247,3.91639,-90262.1,-1,1.21172e-09,1,0
0.00395007,-0.355369,0.0184539,-0.648943,3.91362,-89965.3,-1,1.29068e-09,1,0
0.00395106,-0.356109,0.0178559,-0.648267,3.91326,-90129.9,-1,1.43129e-09,1,0
0.00395257,-0.355691,0.0188294,-0.649123,3.91157,-89990,-1,1.24304e-10,1,0
0.00395351,-0.355616,0.019539,-0.649977,3.91157,-89949.3,-1,1.24304e-10,1,0
0.00395373,-0.355463,0.019707,-0.649986,3.91328,-89905.7,-1,2.04092e-10,1,0
0.00395453,-0.355256,0.0204329,-0.649559,3.91409,-89835.3,-1,8.28481e-10,1,0
0.00395577,-0.356421,0.0210032,-0.649212,3.91419,-90101.4,-1,1.76579e-10,1,0
0.00395719,-0.356368,0.0202745,-0.650055,3.91165,-90055.7,-1,1.25058e-09,1,0
0.00395793,-0.356546,0.0199812,-0.649976,3.91346,-90084,-1,2.9376e-10,1,0
0.00395816,-0.356483,0.0199822,-0.649949,3.91504,-90062.8,-1,1.42412e-10,1,0
0.00395882,-0.355964,0.020081,-0.650304,3.9168,-89916.7,-1,3.40619e-10,1,0
0.00395892,-0.355892,0.0201594,-0.650326,3.91456,-89896.2,-1,5.33901e-10,1,0
0.00395996,-0.356495,0.0205124,-0.649518,3.91559,-90024.8,-1,2.30645e-10,1,0
0.00396039,-0.356781,0.0205285,-0.649099,3.91557,-90087.4,-1,2.30645e-10,1,0
0.00396139,-0.35746,0.0207218,-0.648333,3.91693,-90235.9,-1,2.13171e-10,1,0
0.00396222,-0.357172,0.0200681,-0.647826,3.91734,-90144.3,-1,9.02705e-10,1,0
0.00396305,-0.358133,0.0199846,-0.647929,3.91739,-90367.9,-1,1.04345e-09,1,0
0.0039644,-0.357252,0.0186628,-0.647949,3.91743,-90114.9,-1,1.04345e-09,1,0
0.00396501,-0.356573,0.01858,-0.64815,3.91701,-89930,-1,7.11937e-10,1,0
0.00396611,-0.356321,0.0190404,-0.648385,3.91373,-89841.3,-1,7.41334e-10,1,0
0.00396701,-0.356499,0.0194194,-0.649347,3.91373,-89866.1,-1,7.41334e-10,1,0
0.00396762,-0.356413,0.0195045,-0.64979,3.91209,-89830.4,-1,2.04478e-10,1,0
0.00396814,-0.356117,0.0196427,-0.649521,3.91035,-89744,-1,2.07972e-10,1,0
0.00396889,-0.355288,0.0198101,-0.649333,3.91041,-89518.4,-1,1.19541e-09,1,0
0.00397154,-0.352247,0.0201724,-0.649277,3.91048,-88692.8,-1,2.21663e-09,1,0
0.0039727,-0.352976,0.020553,-0.648551,3.91281,-88850.5,-1,3.49169e-10,1,0
0.00397443,-0.35365,0.0204977,-0.647509,3.91404,-88981.3,-1,5.53633e-10,1,0
0.00397504,-0.353191,0.0201331,-0.647162,3.91605,-88852.4,-1,6.72221e-10,1,0
0.00397545,-0.353273,0.0200304,-0.647363,3.91764,-88863.5,-1,2.72876e-10,1,0
0.00397727,-0.353547,0.0199825,-0.649113,3.91712,-88891.8,-1,1.48646e-09,1,0
0.00397897,-0.352574,0.0186459,-0.650234,3.91716,-88609.1,-1,1.48646e-09,1,0
0.00397988,-0.352284,0.0181642,-0.650314,3.91764,-88516.2,-1,2.80219e-10,1,0
0.00398125,-0.353361,0.0172872,-0.649493,3.91758,-88756.3,-1,2.80219e-10,1,0
0.00398395,-0.354282,0.0181797,-0.648727,3.91599,-88927.3,-1,1.2831e-09,1,0
0.00398602,-0.352993,0.0188381,-0.64722,3.91546,-88557.8,-1,2.89327e-09,1,0
0.00398715,-0.352516,0.0180616,-0.646248,3.91553,-88412.9,-1,1.933e-09,1,0
0.00398819,-0.352191,0.0176849,-0.645135,3.91554,-88308.6,-1,1.933e-09,1,0
0.0039885,-0.3521,0.0175691,-0.644828,3.91274,-88278.8,-1,1.29987e-11,1,0
0.00398883,-0.352015,0.0176303,-0.645006,3.91272,-88250.1,-1,1.71524e-10,1,0
0.00398915,-0.351874,0.0179547,-0.645124,3.91273,-88207.7,-1,1.71524e-10,1,0
0.0039899,-0.351543,0.0187163,-0.645399,3.9114,-88108.4,-1,1.47109e-09,1,0
0.00399027,-0.351915,0.018942,-0.645423,3.91138,-88193.3,-1,1.47109e-09,1,0
0.003992,-0.353647,0.0199945,-0.645534,3.9103,-88589,-1,2.46531e-09,1,0
0.00399253,-0.353444,0.0202502,-0.645962,3.90865,-88526.3,-1,2.44178e-10,1,0
0.00399389,-0.353062,0.0215331,-0.646704,3.90861,-88400.5,-1,1.64368e-09,1,0
0.00399541,-0.353872,0.0203638,-0.64718,3.90643,-88569.6,-1,1.59693e-09,1,0
0.0039959,-0.354418,0.0201959,-0.647236,3.9064,-88695.3,-1,1.59693e-09,1,0
0.00399715,-0.355559,0.020843,-0.64658,3.9071,-88953.1,-1,1.46654e-09,1,0
0.00399761,-0.355177,0.020841,-0.646209,3.90712,-88847.3,-1,1.46654e-09,1,0
0.0039995,-0.353586,0.0208329,-0.644667,3.9072,-88407.6,-1,1.46654e-09,1,0
0.00400071,-0.353082,0.020708,-0.644719,3.9073,-88254.7,-1,1.35678e-10,1,0
0.00400117,-0.352827,0.0207662,-0.645137,3.90616,-88180.9,-1,8.82931e-10,1,0
0.00400258,-0.352526,0.0209096,-0.646179,3.90629,-88074.6,-1,6.36552e-10,1,0
0.00400314,-0.352068,0.0205079,-0.645947,3.90428,-87948,-1,6.51638e-10,1,0
0.00400348,-0.352338,0.0205452,-0.645662,3.90514,-88008.1,-1,3.9485e-10,1,0
0.00400358,-0.352372,0.0204367,-0.645615,3.90679,-88014.1,-1,1.23088e-10,1,0
0.00400564,-0.352114,0.0201317,-0.647044,3.90755,-87904.6,-1,1.78266e-09,1,0
0.00400746,-0.354058,0.0210146,-0.646896,3.90745,-88349.8,-1,1.78266e-09,1,0
0.00400884,-0.354159,0.0218222,-0.646978,3.90919,-88344.4,-1,8.06276e-10,1,0
0.00400977,-0.35402,0.0213879,-0.646902,3.90882,-88289.4,-1,4.23622e-10,1,0
0.00401001,-0.353897,0.0213118,-0.646884,3.90658,-88253.4,-1,3.49744e-11,1,0
0.0040104,-0.35432,0.0214699,-0.646931,3.90459,-88350.4,-1,4.53977e-10,1,0
0.00401294,-0.354207,0.0210888,-0.644688,3.90391,-88266.3,-1,8.12955e-10,1,0
0.00401387,-0.353743,0.0203456,-0.644263,3.90662,-88130,-1,7.51939e-10,1,0
0.00401512,-0.353412,0.021447,-0.643576,3.9074,-88020.3,-1,2.10182e-10,1,0
0.00401643,-0.352941,0.0227882,-0.642981,3.90743,-87874.3,-1,2.10182e-10,1,0
0.00401783,-0.353546,0.0230584,-0.641894,3.90624,-87994.1,-1,1.28357e-09,1,0
0.00402023,-0.355555,0.0232587,-0.640551,3.90587,-88441.3,-1,3.93526e-10,1,0
0.00402228,-0.357451,0.0232936,-0.639074,3.90567,-88867.7,-1,4.94544e-09,1,0
0.00402302,-0.357233,0.022541,-0.639379,3.90644,-88797,-1,4.40376e-10,1,0
0.00402512,-0.357243,0.0205289,-0.64035,3.90633,-88753.4,-1,2.52256e-09,1,0
0.0040262,-0.357459,0.0205073,-0.641593,3.90244,-88783.2,-1,6.94184e-11,1,0
0.00402775,-0.356781,0.0213669,-0.641241,3.90388,-88580.9,-1,1.30712e-09,1,0
0.0040285,-0.356434,0.0206183,-0.641089,3.9017,-88478,-1,5.4261e-10,1,0
0.00403023,-0.35687,0.0193114,-0.64022,3.9008,-88548.3,-1,1.28347e-09,1,0
0.00403093,-0.356953,0.0191477,-0.639421,3.9008,-88553.6,-1,1.28347e-09,1,0
0.00403248,-0.357138,0.018784,-0.637646,3.90079,-88565.3,-1,1.28347e-09,1,0
0.00403292,-0.356958,0.0190086,-0.63749,3.90147,-88511,-1,1.82998e-10,1,0
0.0040333,-0.357383,0.0189358,-0.637595,3.90059,-88608,-1,4.44005e-10,1,0
0.0040353,-0.356302,0.0203383,-0.63726,3.90006,-88296.2,-1,1.7238e-09,1,0
0.00403662,-0.357361,0.0200021,-0.63695,3.90024,-88529.8,-1,1.25886e-09,1,0
0.00403774,-0.3573,0.0189903,-0.636798,3.89958,-88489.9,-1,9.16765e-10,1,0
0.00403898,-0.356209,0.0189129,-0.637665,3.89913,-88193,-1,4.74531e-10,1,0
0.00404143,-0.354287,0.0189717,-0.639799,3.89923,-87663.8,-1,4.74531e-10,1,0
0.0040428,-0.354244,0.0189064,-0.64071,3.89971,-87623.4,-1,6.40401e-10,1,0
0.00404467,-0.352457,0.0185317,-0.639637,3.90026,-87141.1,-1,2.07978e-09,1,0
0.00404584,-0.351435,0.0180948,-0.640271,3.89917,-86863.4,-1,2.30495e-10,1,0
0.00404667,-0.35162,0.0186928,-0.640472,3.90079,-86891.1,-1,1.16353e-10,1,0
0.00404739,-0.351183,0.0191751,-0.640995,3.90056,-86767.8,-1,2.09976e-11,1,0
0.00404867,-0.351752,0.0194922,-0.640026,3.90074,-86880.9,-1,1.09519e-10,1,0
0.00404952,-0.351734,0.0193455,-0.639817,3.90048,-86858.3,-1,2.85803e-10,1,0
0.00405098,-0.350989,0.0185518,-0.639365,3.90153,-86643.1,-1,1.28371e-09,1,0
0.00405215,-0.350702,0.0174005,-0.639168,3.90036,-86547.1,-1,1.02498e-09,1,0
0.00405236,-0.350527,0.0173172,-0.639047,3.90112,-86499.3,-1,7.36914e-12,1,0
0.00405377,-0.351346,0.0183729,-0.64002,3.89879,-86671.3,-1,1.65257e-09,1,0
0.00405559,-0.352353,0.0165087,-0.63983,3.89874,-86880.8,-1,1.65257e-09,1,0
0.00405641,-0.352393,0.0162851,-0.639568,3.89997,-86873.1,-1,2.6824e-09,1,0
0.00405687,-0.352093,0.016639,-0.639281,3.89998,-86789.2,-1,2.6824e-09,1,0
0.00405792,-0.352594,0.016984,-0.639621,3.89704,-86890.1,-1,8.7963e-10,1,0
0.0040584,-0.352601,0.0167038,-0.63933,3.89749,-86881.7,-1,3.20973e-10,1,0
0.00405906,-0.352737,0.0168116,-0.638578,3.89749,-86901.3,-1,1.00679e-09,1,0
0.00405946,-0.352739,0.0169329,-0.638279,3.89444,-86893.3,-1,4.36697e-11,1,0
0.00406054,-0.35206,0.0176028,-0.639094,3.89442,-86702.8,-1,3.26959e-10,1,0
0.00406121,-0.351644,0.0180716,-0.639556,3.89338,-86586.1,-1,1.77901e-09,1,0
0.00406273,-0.350087,0.018242,-0.639272,3.89322,-86170.4,-1,7.9923e-10,1,0
0.00406462,-0.349995,0.0179439,-0.638986,3.89342,-86107.5,-1,1.28344e-09,1,0
0.00406576,-0.349538,0.0185955,-0.638852,3.8945,-85971,-1,1.92433e-10,1,0
0.00406694,-0.350066,0.018444,-0.638661,3.89939,-86076.2,-1,8.83297e-10,1,0
0.00406704,-0.350075,0.0184707,-0.63876,3.89961,-86076.2,-1,9.43537e-11,1,0
0.00406736,-0.349904,0.0184457,-0.638963,3.90007,-86027.5,-1,1.00311e-10,1,0
0.00406962,-0.350904,0.0181604,-0.638459,3.90272,-86225.2,-1,1.28378e-09,1,0
0.00407107,-0.351136,0.0178412,-0.637849,3.903,-86251.7,-1,6.8797e-10,1,0
0.00407265,-0.352302,0.0182053,-0.637058,3.90034,-86504.3,-1,1.28331e-09,1,0
0.00407419,-0.351607,0.016839,-0.637125,3.89948,-86301.2,-1,7.45185e-10,1,0
0.00407545,-0.35279,0.016902,-0.636617,3.90053,-86564.5,-1,1.33706e-10,1,0
0.00407693,-0.353318,0.0178294,-0.636521,3.89934,-86662.8,-1,1.23323e-09,1,0
0.0040776,-0.353219,0.0179346,-0.635826,3.89931,-86624.3,-1,7.00177e-10,1,0
0.0040783,-0.353013,0.0182317,-0.635084,3.89855,-86558.8,-1,7.88307e-10,1,0
0.0040793,-0.352525,0.0183159,-0.635493,3.89878,-86417.9,-1,8.56446e-10,1,0
0.00408042,-0.353039,0.0190088,-0.636028,3.89947,-86520.4,-1,1.57256e-10,1,0
0.00408148,-0.353718,0.0199867,-0.636348,3.89907,-86664.1,-1,1.68321e-09,1,0
0.0040826,-0.354781,0.0200626,-0.63638,3.90188,-86900.8,-1,1.17748e-09,1,0
0.00408378,-0.353677,0.0200938,-0.635741,3.90072,-86605.4,-1,8.9107e-11,1,0
0.0040848,-0.353194,0.0202683,-0.636818,3.89806,-86465.4,-1,1.19354e-09,1,0
0.00408599,-0.353511,0.0200436,-0.635838,3.89956,-86517.8,-1,5.95604e-10,1,0
0.00408727,-0.354121,0.019349,-0.636994,3.90093,-86639.9,-1,1.48813e-09,1,0
0.00408923,-0.353586,0.0199469,-0.635835,3.89816,-86467.4,-1,5.3379e-10,1,0
0.0040904,-0.354551,0.0200617,-0.635019,3.89982,-86678.9,-1,6.0481e-10,1,0
0.00409119,-0.354064,0.0204649,-0.634933,3.90127,-86543.2,-1,7.15689e-10,1,0
0.00409177,-0.354146,0.0207847,-0.634968,3.89986,-86551,-1,1.93418e-10,1,0
0.00409213,-0.354158,0.0210764,-0.634978,3.90225,-86546.2,-1,8.36573e-10,1,0
0.00409374,-0.354566,0.019959,-0.633562,3.90177,-86611.8,-1,1.70063e-09,1,0
0.00409493,-0.353691,0.0195751,-0.633967,3.90018,-86372.9,-1,5.24025e-10,1,0
0.00409614,-0.35377,0.0207265,-0.634334,3.90033,-86366.6,-1,1.30603e-09,1,0
0.00409845,-0.353037,0.0226146,-0.635013,3.90097,-86139.1,-1,1.38791e-10,1,0
0.00409883,-0.352887,0.0229718,-0.634909,3.90223,-86094.4,-1,2.54801e-10,1,0
0.00410136,-0.352074,0.0257816,-0.634392,3.90163,-85843.2,-1,3.0404e-09,1,0
0.00410201,-0.352194,0.0261509,-0.634874,3.90283,-85858.9,-1,2.20532e-10,1,0
0.00410256,-0.352313,0.0260521,-0.635257,3.90315,-85876.4,-1,1.15136e-10,1,0
0.00410321,-0.352594,0.0264694,-0.635686,3.90341,-85931.2,-1,4.10561e-10,1,0
0.00410413,-0.352742,0.0260686,-0.634826,3.90325,-85947.9,-1,1.84317e-10,1,0
0.00410682,-0.35399,0.0261485,-0.631942,3.90319,-86195.8,-1,1.84317e-10,1,0
0.0041072,-0.353979,0.0262196,-0.631531,3.90275,-86185.1,-1,1.67315e-10,1,0
0.00410853,-0.354488,0.0272356,-0.631427,3.903,-86281,-1,4.68848e-10,1,0
0.00410973,-0.355486,0.0272867,-0.631956,3.90172,-86498.8,-1,5.8195e-10,1,0
0.00411121,-0.354721,0.0277508,-0.632717,3.90177,-86281.4,-1,1.03133e-09,1,0
0.00411179,-0.354233,0.0280157,-0.632699,3.90204,-86150.4,-1,1.75231e-09,1,0
0.00411321,-0.353067,0.0282791,-0.633362,3.90094,-85837.3,-1,1.28362e-09,1,0
0.00411457,-0.352712,0.027225,-0.632511,3.90167,-85722.8,-1,1.83783e-10,1,0
0.00411511,-0.352497,0.026727,-0.632183,3.90029,-85659.2,-1,2.04691e-09,1,0
0.00411539,-0.352523,0.0266663,-0.632248,3.89654,-85659.6,-1,1.62832e-10,1,0
0.00411608,-0.352674,0.0267007,-0.631522,3.89466,-85681.9,-1,3.7558e-10,1,0
0.00411797,-0.352672,0.0262526,-0.629414,3.8936,-85642.3,-1,2.47307e-09,1,0
0.00412003,-0.354322,0.0261014,-0.628648,3.89425,-85999.8,-1,9.44678e-10,1,0
0.00412121,-0.353272,0.0260348,-0.627752,3.8943,-85720.5,-1,9.44678e-10,1,0
0.00412187,-0.352707,0.0261996,-0.627511,3.8955,-85569.8,-1,2.81657e-10,1,0
0.00412231,-0.352941,0.0261449,-0.627766,3.89463,-85617.3,-1,2.98339e-10,1,0
0.00412337,-0.352894,0.0260855,-0.626672,3.89498,-85583.9,-1,1.43054e-10,1,0
0.0041239,-0.352974,0.0264605,-0.62632,3.89441,-85592.3,-1,4.15477e-10,1,0
0.0041247,-0.353174,0.0265548,-0.627235,3.8944,-85624.1,-1,4.15477e-10,1,0
0.004127,-0.353745,0.0268246,-0.629851,3.89437,-85714.9,-1,4.15477e-10,1,0
0.00412848,-0.353671,0.0268494,-0.630954,3.89345,-85666.3,-1,4.05642e-10,1,0
0.00413015,-0.355237,0.0279155,-0.630455,3.89384,-86010.7,-1,3.91752e-11,1,0
0.00413114,-0.355782,0.028574,-0.630512,3.89473,-86122,-1,5.69015e-10,1,0
0.00413233,-0.355153,0.0288955,-0.631024,3.89638,-85945.1,-1,1.08296e-09,1,0
0.00413307,-0.355347,0.0285985,-0.630425,3.89574,-85976.6,-1,5.00238e-10,1,0
0.00413424,-0.356423,0.0282645,-0.630901,3.89415,-86212.4,-1,1.15725e-10,1,0
0.00413491,-0.356833,0.0277833,-0.631112,3.89457,-86297.6,-1,1.17647e-10,1,0
0.00413629,-0.357019,0.027165,-0.630354,3.89727,-86314,-1,3.69469e-10,1,0
0.00413832,-0.35717,0.0262528,-0.628171,3.8972,-86308,-1,6.33976e-10,1,0
0.00413913,-0.357383,0.0259261,-0.627642,3.89514,-86342.4,-1,3.09516e-10,1,0
0.00414018,-0.357281,0.0253318,-0.628244,3.89634,-86296,-1,8.4677e-10,1,0
0.00414068,-0.357695,0.0249436,-0.628376,3.89661,-86385.7,-1,5.82973e-10,1,0
0.00414185,-0.357768,0.0241459,-0.628576,3.89961,-86378.8,-1,8.52004e-10,1,0
0.00414226,-0.357684,0.0240044,-0.62824,3.9002,-86350.1,-1,3.26791e-10,1,0
0.00414333,-0.35726,0.0234454,-0.627194,3.90266,-86225.3,-1,1.25947e-09,1,0
0.00414558,-0.355831,0.0243797,-0.628727,3.90277,-85833.9,-1,6.06311e-11,1,0
0.00414647,-0.356424,0.0238382,-0.628632,3.90073,-85958.4,-1,3.52719e-10,1,0
0.00414776,-0.356285,0.024891,-0.629695,3.90092,-85898.2,-1,1.73502e-10,1,0
0.00414851,-0.356203,0.025514,-0.630321,3.90128,-85862.8,-1,2.39293e-09,1,0
0.00414935,-0.356091,0.025445,-0.630531,3.9014,-85818.5,-1,4.19435e-10,1,0
0.00415032,-0.355587,0.0262494,-0.631144,3.89991,-85677,-1,1.13054e-09,1,0
0.00415101,-0.354993,0.0260526,-0.630638,3.90046,-85519.6,-1,3.57958e-11,1,0
0.00415156,-0.355147,0.0259847,-0.630707,3.89892,-85545.4,-1,2.9052e-10,1,0
0.00415299,-0.355352,0.0252766,-0.630784,3.89554,-85565.3,-1,7.67438e-10,1,0
0.00415363,-0.355284,0.0249,-0.631433,3.89513,-85535.8,-1,7.53411e-10,1,0
0.00415453,-0.355305,0.0253545,-0.631933,3.89315,-85522.2,-1,2.9307e-10,1,0
0.00415497,-0.355161,0.0253857,-0.632427,3.89508,-85478.7,-1,6.81452e-10,1,0
0.00415586,-0.354385,0.025242,-0.631746,3.89512,-85273.6,-1,6.81452e-10,1,0
0.00415698,-0.35341,0.0250616,-0.630891,3.89659,-85016,-1,2.35202e-09,1,0
0.00415774,-0.35389,0.0257174,-0.631267,3.89656,-85115.9,-1,2.35202e-09,1,0
0.00415853,-0.354383,0.0263896,-0.631653,3.89985,-85218.3,-1,1.81396e-09,1,0
0.004159,-0.353944,0.0265103,-0.631457,3.89827,-85103.2,-1,1.11993e-10,1,0
0.00415946,-0.353489,0.0267304,-0.631293,3.89962,-84984.3,-1,9.74666e-10,1,0
0.00416017,-0.353599,0.0262979,-0.630774,3.89859,-84996.1,-1,1.25181e-10,1,0
0.00416108,-0.353622,0.0262765,-0.631031,3.8987,-84983.1,-1,4.2689e-10,1,0
0.00416121,-0.353578,0.0262158,-0.630966,3.89686,-84970,-1,2.51147e-11,1,0
0.0041626,-0.353691,0.0267386,-0.632343,3.89557,-84968.8,-1,8.98587e-10,1,0
0.00416401,-0.353214,0.0261326,-0.632718,3.89794,-84825.5,-1,8.42511e-10,1,0
0.00416575,-0.355126,0.0262982,-0.632002,3.89785,-85249,-1,8.42511e-10,1,0
0.00416701,-0.355346,0.0260635,-0.632238,3.8967,-85276,-1,2.78452e-09,1,0
0.00416743,-0.355027,0.0262496,-0.63222,3.89699,-85190.9,-1,5.39689e-13,1,0
0.00416907,-0.353766,0.0275704,-0.631619,3.89706,-84854.8,-1,5.39689e-13,1,0
0.00417024,-0.352872,0.0285064,-0.631193,3.8971,-84616.8,-1,5.39689e-13,1,0
0.00417157,-0.351852,0.0295748,-0.630707,3.89528,-84345.3,-1,5.19195e-09,1,0
0.00417197,-0.352194,0.0292633,-0.630817,3.89404,-84419,-1,2.82661e-13,1,0
0.00417235,-0.352491,0.0290738,-0.630672,3.89396,-84482.7,-1,1.26011e-10,1,0
0.0041734,-0.351406,0.0289591,-0.630844,3.89415,-84201.5,-1,7.22717e-10,1,0
0.00417385,-0.351149,0.0287818,-0.631119,3.89538,-84130.9,-1,8.1589e-10,1,0
0.00417493,-0.351032,0.0276223,-0.631594,3.89478,-84081.1,-1,1.44252e-09,1,0
0.00417569,-0.350533,0.0269182,-0.631821,3.8945,-83946.1,-1,9.31523e-10,1,0
0.00417733,-0.350411,0.0278601,-0.632284,3.89381,-83883.9,-1,2.48911e-10,1,0
0.00417826,-0.350422,0.0274124,-0.632304,3.88862,-83867.8,-1,5.97867e-10,1,0
0.00417951,-0.349243,0.0279221,-0.632804,3.88762,-83560.6,-1,1.1691e-09,1,0
0.00418122,-0.349011,0.0268131,-0.634457,3.88756,-83471,-1,2.00425e-09,1,0
0.00418246,-0.348959,0.0258554,-0.635542,3.88756,-83433.9,-1,2.00425e-09,1,0
0.00418346,-0.349198,0.0258057,-0.636392,3.88632,-83471.1,-1,2.01766e-09,1,0
0.0041854,-0.349624,0.0263751,-0.637377,3.88599,-83534.2,-1,5.51839e-10,1,0
0.00418813,-0.349739,0.0261883,-0.63781,3.89237,-83507.2,-1,6.29788e-10,1,0
0.0041889,-0.349218,0.0268059,-0.637784,3.8925,-83367.6,-1,7.54488e-10,1,0
0.00419078,-0.348644,0.0257994,-0.636058,3.89185,-83193,-1,1.69812e-09,1,0
0.004191,-0.348877,0.0258998,-0.636084,3.89184,-83244.5,-1,1.69812e-09,1,0
0.00419261,-0.349011,0.0273458,-0.635897,3.89357,-83244.2,-1,8.39553e-10,1,0
0.00419389,-0.348521,0.0287505,-0.63576,3.89396,-83102.1,-1,1.28352e-09,1,0
0.00419468,-0.34925,0.0291322,-0.636043,3.89358,-83260.2,-1,3.96528e-11,1,0
0.00419594,-0.349634,0.028106,-0.63632,3.89378,-83326.7,-1,2.58797e-10,1,0
0.00419675,-0.349064,0.0276293,-0.636475,3.89289,-83175,-1,6.63657e-10,1,0
0.00419806,-0.349172,0.0278048,-0.637828,3.89319,-83174.6,-1,3.45323e-10,1,0
0.00419917,-0.349153,0.0279164,-0.638104,3.89105,-83148,-1,2.11191e-10,1,0
0.00420084,-0.349235,0.0260357,-0.63795,3.88992,-83134.4,-1,1.2834e-09,1,0
0.00420249,-0.349984,0.0268637,-0.638775,3.88824,-83280.1,-1,8.90284e-10,1,0
0.00420269,-0.349932,0.0268357,-0.638643,3.88781,-83263.8,-1,7.86161e-11,1,0
0.00420372,-0.349141,0.0263594,-0.638267,3.88976,-83055.2,-1,8.68648e-10,1,0
0.00420417,-0.349249,0.0264722,-0.638174,3.89262,-83072.2,-1,2.0335e-10,1,0
0.00420492,-0.349207,0.0266774,-0.638402,3.89249,-83047.4,-1,2.47637e-10,1,0
0.00420506,-0.349238,0.0267548,-0.6384,3.8939,-83051.7,-1,1.15582e-10,1,0
0.00420631,-0.34936,0.0263717,-0.638413,3.89177,-83056.2,-1,8.16743e-10,1,0
0.00420686,-0.348843,0.0267434,-0.638302,3.89179,-82922.4,-1,8.16743e-10,1,0
0.00420699,-0.348703,0.0267249,-0.638335,3.89187,-82886.4,-1,6.58092e-10,1,0
0.00420782,-0.34826,0.0261674,-0.638073,3.89433,-82764.9,-1,5.62602e-10,1,0
0.00420861,-0.347877,0.0258684,-0.638861,3.89435,-82658.3,-1,5.62602e-10,1,0
0.00420979,-0.347462,0.026951,-0.639457,3.89075,-82536.7,-1,1.2832e-09,1,0
0.00421114,-0.346564,0.0264103,-0.63861,3.89224,-82296.8,-1,1.43611e-09,1,0
0.00421252,-0.346742,0.0265924,-0.638306,3.89334,-82312.2,-1,7.94736e-10,1,0
0.00421346,-0.346839,0.027091,-0.639034,3.8929,-82317,-1,1.88275e-10,1,0
0.00421352,-0.3468,0.0271001,-0.63908,3.89397,-82306.4,-1,9.35818e-10,1,0
0.00421415,-0.346472,0.0272461,-0.639071,3.89615,-82216.3,-1,3.14507e-10,1,0
0.0042153,-0.347354,0.0266048,-0.638308,3.89637,-82403.1,-1,1.01082e-09,1,0
0.00421637,-0.347131,0.0261567,-0.638726,3.89611,-82329.5,-1,6.84845e-10,1,0
0.0042169,-0.347267,0.0259917,-0.63878,3.89861,-82351.3,-1,3.85961e-10,1,0
0.00421779,-0.3473,0.0263437,-0.639712,3.89929,-82341.6,-1,6.06946e-10,1,0
0.00421983,-0.346285,0.0264107,-0.639713,3.89694,-82061.3,-1,2.32754e-10,1,0
0.00422083,-0.345874,0.0268696,-0.640524,3.89742,-81944.6,-1,1.07514e-09,1,0
0.0042221,-0.345464,0.0260557,-0.640632,3.89705,-81822.8,-1,1.04926e-09,1,0
0.00422225,-0.34551,0.0260546,-0.640624,3.89794,-81830.8,-1,7.35559e-11,1,0
0.0042225,-0.345277,0.0261834,-0.640518,3.89806,-81770.9,-1,2.86247e-10,1,0
0.0042236,-0.346021,0.0251705,-0.640836,3.89802,-81925.6,-1,2.86247e-10,1,0
0.00422405,-0.346446,0.025096,-0.640728,3.89939,-82017.6,-1,1.44962e-09,1,0
0.00422569,-0.347008,0.0261685,-0.640511,3.89695,-82118.7,-1,4.81029e-10,1,0
0.0042266,-0.347122,0.0262305,-0.64016,3.89519,-82128.1,-1,5.36964e-10,1,0
0.0042289,-0.345258,0.0266285,-0.640866,3.89553,-81642.4,-1,9.06696e-10,1,0
0.00423007,-0.344067,0.0265914,-0.641511,3.89333,-81338.5,-1,1.22647e-09,1,0
0.00423142,-0.343847,0.0257269,-0.641118,3.89131,-81260.5,-1,1.08212e-09,1,0
0.00423201,-0.34447,0.0257661,-0.640804,3.88972,-81396.3,-1,1.16295e-09,1,0
0.00423309,-0.344626,0.0268086,-0.640247,3.88974,-81412.3,-1,1.49845e-10,1,0
0.00423369,-0.344309,0.02702,-0.640739,3.89032,-81326,-1,4.60948e-10,1,0
0.00423379,-0.34432,0.0270737,-0.640834,3.89032,-81326.7,-1,4.60948e-10,1,0
0.00423496,-0.34467,0.027308,-0.640732,3.88738,-81386.8,-1,9.85231e-10,1,0
0.00423648,-0.345316,0.0279468,-0.639406,3.88645,-81510,-1,8.52979e-10,1,0
0.00423783,-0.345771,0.0286472,-0.638135,3.88775,-81591.4,-1,1.47366e-09,1,0
0.00424038,-0.345422,0.0288267,-0.639852,3.89005,-81460.1,-1,2.35958e-09,1,0
0.00424138,-0.344967,0.0279072,-0.639541,3.89233,-81333.6,-1,4.19332e-10,1,0
0.00424251,-0.345015,0.0274896,-0.639288,3.89083,-81323.2,-1,1.43868e-09,1,0
0.00424338,-0.344847,0.0273783,-0.639026,3.88966,-81267,-1,3.50537e-10,1,0
0.00424432,-0.345624,0.0272979,-0.638398,3.88928,-81432,-1,1.00568e-09,1,0
0.00424582,-0.345541,0.0268818,-0.639404,3.89018,-81383.8,-1,3.83797e-10,1,0
0.00424594,-0.345574,0.0267903,-0.6395,3.89357,-81389.2,-1,1.39121e-10,1,0
0.00424725,-0.345867,0.0255416,-0.640338,3.89358,-81433.2,-1,1.53179e-09,1,0
0.00424846,-0.346156,0.0245671,-0.640992,3.89454,-81478,-1,1.29639e-09,1,0
0.00424884,-0.346183,0.0246501,-0.640665,3.89778,-81477.1,-1,5.15725e-11,1,0
0.00425048,-0.346883,0.0234806,-0.639991,3.89507,-81610.3,-1,1.13406e-09,1,0
0.00425076,-0.34706,0.0233887,-0.639873,3.89554,-81646.5,-1,6.40029e-11,1,0
0.00425198,-0.347571,0.0227873,-0.639525,3.89721,-81743.4,-1,4.2184e-10,1,0
0.00425376,-0.348673,0.0216203,-0.640468,3.89585,-81968.1,-1,1.57748e-09,1,0
0.00425481,-0.348033,0.0207037,-0.640834,3.89688,-81797.7,-1,3.2961e-10,1,0
0.00425553,-0.347716,0.0206446,-0.640428,3.89476,-81709.3,-1,5.48066e-10,1,0
0.00425717,-0.3486,0.0207978,-0.642128,3.89472,-81885.4,-1,5.48066e-10,1,0
0.00425839,-0.348589,0.0202915,-0.641579,3.89362,-81859.5,-1,1.48559e-10,1,0
0.00425976,-0.34814,0.0193506,-0.640351,3.89339,-81727.6,-1,2.39503e-09,1,0
0.0042607,-0.347772,0.0187685,-0.639503,3.89174,-81623.2,-1,1.09439e-12,1,0
0.00426158,-0.348075,0.0178167,-0.639766,3.89288,-81677.4,-1,1.03272e-09,1,0
0.00426311,-0.348296,0.0167335,-0.638353,3.89287,-81699.9,-1,1.03272e-09,1,0
0.00426418,-0.34845,0.0159784,-0.637369,3.89292,-81715.6,-1,3.04385e-09,1,0
0.0042664,-0.348464,0.0147568,-0.637443,3.89318,-81676.4,-1,1.31633e-09,1,0
0.00426759,-0.348114,0.0141991,-0.638674,3.8932,-81571.4,-1,1.31633e-09,1,0
0.00426874,-0.34775,0.01365,-0.639774,3.89294,-81464.3,-1,6.32078e-11,1,0
0.00426935,-0.348038,0.0136292,-0.639862,3.89337,-81520,-1,2.75183e-10,1,0
0.00427063,-0.348221,0.0137265,-0.63838,3.89336,-81538.4,-1,2.75183e-10,1,0
0.00427121,-0.347912,0.013463,-0.638079,3.8933,-81455,-1,4.43169e-10,1,0
0.00427202,-0.348089,0.0126053,-0.638358,3.8908,-81481,-1,3.92261e-11,1,0
0.00427299,-0.348262,0.0115381,-0.638711,3.8908,-81503.1,-1,3.92261e-11,1,0
0.00427418,-0.348474,0.0102318,-0.639144,3.89005,-81530,-1,3.4388e-09,1,0
0.00427453,-0.348864,0.0103011,-0.639235,3.89003,-81614.5,-1,3.4388e-09,1,0
0.00427528,-0.349711,0.0104519,-0.63943,3.88998,-81798.3,-1,3.4388e-09,1,0
0.00427569,-0.350172,0.0105339,-0.639537,3.88996,-81898.3,-1,3.4388e-09,1,0
0.00427584,-0.35014,0.0106787,-0.639483,3.88692,-81887.9,-1,1.78437e-09,1,0
0.00427622,-0.35001,0.0110676,-0.639326,3.88692,-81850.4,-1,1.78437e-09,1,0
0.00427791,-0.34978,0.0127373,-0.639212,3.88733,-81764.2,-1,4.04018e-10,1,0
0.00427913,-0.348811,0.0135076,-0.639916,3.88738,-81514.5,-1,4.04018e-10,1,0
0.00428023,-0.348214,0.0129545,-0.640354,3.88714,-81354.1,-1,1.84581e-09,1,0
0.0042815,-0.347685,0.01162,-0.640748,3.88752,-81206.3,-1,2.3598e-09,1,0
0.00428302,-0.346781,0.0123334,-0.640157,3.88757,-80966.5,-1,1.51457e-09,1,0
0.00428516,-0.345858,0.0137443,-0.641326,3.88755,-80710.6,-1,8.73447e-10,1,0
0.00428553,-0.345745,0.0141215,-0.641435,3.88618,-80677.3,-1,2.04522e-09,1,0
0.00428593,-0.345923,0.0141771,-0.641515,3.87998,-80711.2,-1,2.34883e-10,1,0
0.00428708,-0.346004,0.0137329,-0.641883,3.87866,-80708.5,-1,4.03077e-10,1,0
0.00428787,-0.345874,0.0134278,-0.641024,3.87867,-80663.2,-1,4.03077e-10,1,0
0.00428941,-0.345911,0.013224,-0.639814,3.88246,-80643.2,-1,2.34008e-09,1,0
0.00429095,-0.345248,0.0144055,-0.639958,3.88488,-80459.6,-1,1.28377e-09,1,0
0.00429143,-0.345179,0.0146381,-0.639455,3.88462,-80434.6,-1,5.5849e-10,1,0
0.00429211,-0.344928,0.0152316,-0.639804,3.88703,-80363.2,-1,8.41428e-11,1,0
0.00429318,-0.344987,0.0140154,-0.639502,3.88703,-80357,-1,8.41428e-11,1,0
0.00429447,-0.345059,0.0125528,-0.639138,3.88372,-80349.6,-1,2.7634e-09,1,0
0.00429528,-0.344646,0.013035,-0.638442,3.88374,-80238.4,-1,2.7634e-09,1,0
0.00429654,-0.344178,0.0137528,-0.637523,3.88255,-80105.7,-1,2.28044e-09,1,0
0.00429726,-0.344876,0.0139493,-0.637937,3.88251,-80254.9,-1,2.28044e-09,1,0
0.00429926,-0.345579,0.0133767,-0.637735,3.88184,-80381,-1,9.73311e-10,1,0
0.00429997,-0.345503,0.0140045,-0.637559,3.87975,-80350.1,-1,4.68706e-10,1,0
0.00430086,-0.346299,0.0133897,-0.637313,3.87974,-80518.6,-1,1.03534e-09,1,0
0.00430134,-0.346035,0.0133099,-0.637517,3.87781,-80448.2,-1,3.53304e-10,1,0
0.00430238,-0.346014,0.013988,-0.637421,3.87844,-80423.8,-1,7.89092e-10,1,0
0.0043037,-0.344938,0.0130934,-0.637418,3.87837,-80149.2,-1,7.47735e-10,1,0
0.00430543,-0.344437,0.0128213,-0.637806,3.88052,-80000.6,-1,2.68237e-09,1,0
0.00430578,-0.344668,0.0131207,-0.637968,3.88051,-80047.6,-1,2.68237e-09,1,0
0.00430631,-0.344791,0.0133444,-0.638151,3.87714,-80066.5,-1,1.64041e-10,1,0
0.00430682,-0.344911,0.0137734,-0.638102,3.87756,-80084.8,-1,3.0175e-10,1,0
0.00430817,-0.344753,0.0121962,-0.638144,3.8787,-80023.1,-1,1.58561e-09,1,0
0.00430915,-0.344674,0.0125967,-0.637953,3.87778,-79986.5,-1,5.87934e-10,1,0
0.00431061,-0.343632,0.0116616,-0.637459,3.87836,-79717.8,-1,1.20284e-09,1,0
0.00431159,-0.344239,0.012503,-0.637938,3.87935,-79840.5,-1,1.1429e-09,1,0
0.00431272,-0.345499,0.0128436,-0.637959,3.88071,-80111.6,-1,3.66626e-11,1,0
0.00431375,-0.344966,0.0127787,-0.637199,3.87925,-79968.9,-1,9.47633e-10,1,0
0.00431438,-0.344868,0.0134548,-0.637063,3.8785,-79934.7,-1,4.6302e-11,1,0
0.00431517,-0.344662,0.013557,-0.637907,3.87832,-79872.2,-1,8.75438e-10,1,0
0.00431657,-0.345269,0.0133566,-0.638676,3.88148,-79986.8,-1,7.77268e-10,1,0
0.00431706,-0.345274,0.013281,-0.6391,3.88131,-79979.1,-1,1.01703e-09,1,0
0.00431869,-0.344363,0.0122679,-0.640361,3.88265,-79737.9,-1,7.94634e-10,1,0
0.00432013,-0.344339,0.0136717,-0.641284,3.88265,-79705.7,-1,7.94634e-10,1,0
0.0043206,-0.344228,0.0140366,-0.641385,3.88255,-79671.5,-1,2.06714e-09,1,0
0.00432127,-0.343859,0.014247,-0.640802,3.88531,-79573.6,-1,1.56132e-10,1,0
0.00432312,-0.342894,0.0144215,-0.639238,3.886,-79316.4,-1,8.2724e-10,1,0
0.00432343,-0.342926,0.0144395,-0.639343,3.88853,-79318,-1,1.73182e-10,1,0
0.00432381,-0.342667,0.0142566,-0.639655,3.88855,-79251.2,-1,1.73182e-10,1,0
0.00432565,-0.341414,0.0133699,-0.641168,3.88862,-78927.9,-1,2.78911e-09,1,0
0.00432622,-0.341826,0.0134526,-0.641427,3.88751,-79012.7,-1,3.81964e-10,1,0
0.00432696,-0.341196,0.0139996,-0.641279,3.88747,-78853.6,-1,8.22811e-10,1,0
0.00432738,-0.341125,0.0136647,-0.641365,3.886,-78829.6,-1,6.56311e-11,1,0
0.00432901,-0.341202,0.0145448,-0.643047,3.88697,-78817.6,-1,1.62558e-11,1,0
0.00433087,-0.340934,0.0157641,-0.644819,3.88729,-78721.9,-1,1.99618e-09,1,0
0.00433201,-0.340823,0.015894,-0.645749,3.89009,-78675.5,-1,4.88615e-10,1,0
0.00433302,-0.341163,0.0164258,-0.644748,3.89007,-78735.6,-1,4.88615e-10,1,0
0.00433441,-0.341763,0.0169089,-0.643422,3.89065,-78848.7,-1,3.45896e-10,1,0
0.00433554,-0.342162,0.0170859,-0.644625,3.89118,-78920.3,-1,6.01611e-11,1,0
0.00433773,-0.342858,0.0185693,-0.646195,3.88979,-79040.9,-1,2.39087e-09,1,0
0.00433857,-0.343019,0.0188199,-0.646727,3.88713,-79062.7,-1,4.20247e-10,1,0
0.0043397,-0.343466,0.0187166,-0.645939,3.88566,-79145.2,-1,7.06642e-10,1,0
0.00434019,-0.343668,0.0191342,-0.645666,3.88512,-79182.7,-1,5.23972e-10,1,0
0.0043415,-0.34408,0.0199562,-0.646307,3.88427,-79253.6,-1,2.07738e-10,1,0
0.00434218,-0.344274,0.0197869,-0.646512,3.88347,-79286,-1,4.98733e-10,1,0
0.00434321,-0.344437,0.0204608,-0.646488,3.88387,-79304.7,-1,2.62026e-10,1,0
0.0043447,-0.344487,0.0218273,-0.645844,3.88259,-79289.2,-1,9.17529e-10,1,0
0.00434611,-0.344188,0.0227015,-0.644962,3.88342,-79194.4,-1,2.62324e-09,1,0
0.00434627,-0.344218,0.0226071,-0.644845,3.89221,-79198.5,-1,5.36452e-12,1,0
0.00434814,-0.346252,0.0231945,-0.64538,3.8959,-79632.2,-1,2.18297e-09,1,0
0.00434998,-0.344755,0.0224439,-0.645208,3.89703,-79254.4,-1,6.70597e-10,1,0
0.0043504,-0.344494,0.0221994,-0.644875,3.89704,-79186.9,-1,6.70597e-10,1,0
0.00435094,-0.344234,0.0219719,-0.644554,3.89911,-79117.3,-1,8.72491e-11,1,0
0.00435159,-0.343801,0.0215071,-0.644525,3.89856,-79005.8,-1,3.7489e-10,1,0
0.00435284,-0.343908,0.0210117,-0.645679,3.89911,-79007.7,-1,2.92178e-10,1,0
0.00435348,-0.343701,0.0204101,-0.645951,3.89877,-78948.4,-1,3.65099e-10,1,0
0.00435505,-0.342175,0.0197745,-0.646747,3.89884,-78569.6,-1,3.65099e-10,1,0
0.0043558,-0.342272,0.0195175,-0.647031,3.89513,-78578.5,-1,2.96528e-10,1,0
0.00435695,-0.34205,0.0197244,-0.648034,3.89517,-78506.7,-1,5.22773e-10,1,0
0.00435779,-0.341645,0.019102,-0.648107,3.89602,-78398.7,-1,7.03683e-10,1,0
0.00435885,-0.341383,0.0186711,-0.648265,3.89015,-78319.5,-1,5.91046e-10,1,0
0.00435946,-0.340962,0.0187506,-0.648248,3.8951,-78212,-1,2.84372e-10,1,0
0.00436007,-0.341359,0.018597,-0.648638,3.89362,-78292.2,-1,3.48581e-12,1,0
0.00436056,-0.341132,0.0182966,-0.648463,3.89258,-78231.2,-1,3.91406e-10,1,0
0.00436147,-0.341381,0.0182009,-0.647439,3.89355,-78271.9,-1,1.24664e-09,1,0
0.0043623,-0.341805,0.0182612,-0.647887,3.89368,-78354.4,-1,6.04739e-11,1,0
0.0043628,-0.342364,0.0181348,-0.647951,3.89251,-78473.5,-1,5.83412e-10,1,0
0.00436437,-0.343625,0.0189306,-0.648614,3.89044,-78734.2,-1,6.25625e-10,1,0
0.00436486,-0.343425,0.0194394,-0.648788,3.88985,-78679.6,-1,5.73677e-10,1,0
0.00436518,-0.343407,0.019295,-0.648793,3.88634,-78669.5,-1,1.318e-10,1,0
0.00436561,-0.343517,0.0190064,-0.648399,3.88431,-78687.1,-1,5.50262e-10,1,0
0.00436627,-0.343059,0.0195438,-0.648704,3.88455,-78570.2,-1,7.69708e-10,1,0
0.00436734,-0.342875,0.0195903,-0.648475,3.88666,-78508.9,-1,5.9139e-10,1,0
0.00436883,-0.343315,0.0199568,-0.646977,3.88733,-78582.8,-1,8.29048e-10,1,0
0.00436966,-0.34366,0.0196533,-0.646539,3.88857,-78646.9,-1,4.8141e-10,1,0
0.00437126,-0.344301,0.0194333,-0.647158,3.8882,-78764.7,-1,5.78299e-10,1,0
0.00437192,-0.344293,0.0193979,-0.647582,3.89154,-78750.9,-1,1.276e-10,1,0
0.00437398,-0.342448,0.0185253,-0.646294,3.8883,-78292,-1,2.41326e-09,1,0
0.0043754,-0.343138,0.0180341,-0.647454,3.88671,-78424.4,-1,9.211e-10,1,0
0.00437596,-0.343421,0.0184771,-0.647551,3.88629,-78478.9,-1,2.68486e-10,1,0
0.00437656,-0.343428,0.0187377,-0.647686,3.88264,-78469.7,-1,3.27116e-10,1,0
0.00437739,-0.342595,0.0185404,-0.648148,3.88268,-78264.7,-1,3.27116e-10,1,0
0.00437806,-0.342114,0.0184656,-0.648069,3.88114,-78142.8,-1,2.68793e-10,1,0
0.00437962,-0.341159,0.0185762,-0.647829,3.8782,-77897,-1,5.4365e-10,1,0
0.00438005,-0.341436,0.0182692,-0.647701,3.87566,-77952.6,-1,4.31667e-10,1,0
0.00438114,-0.34256,0.0188024,-0.647566,3.87566,-78189.7,-1,4.22924e-11,1,0
0.00438254,-0.343801,0.0192861,-0.647824,3.8749,-78448,-1,4.4484e-10,1,0
0.00438405,-0.345074,0.0189884,-0.648979,3.8746,-78711.2,-1,9.03572e-10,1,0
0.00438602,-0.346803,0.0185216,-0.650037,3.8771,-79070,-1,3.0206e-09,1,0
0.00438831,-0.346408,0.0178096,-0.647604,3.87628,-78938.9,-1,1.77374e-09,1,0
0.00438935,-0.345732,0.017826,-0.64832,3.87672,-78766,-1,4.26836e-10,1,0
0.00439054,-0.346552,0.0178915,-0.648309,3.87518,-78931.6,-1,6.73511e-10,1,0
0.00439115,-0.34695,0.0180501,-0.64815,3.87502,-79011.3,-1,1.11324e-10,1,0
0.00439337,-0.349088,0.0179456,-0.648985,3.8749,-79457.8,-1,1.37505e-09,1,0
0.00439389,-0.349658,0.0178045,-0.648841,3.87463,-79578.2,-1,6.04825e-10,1,0
0.00439493,-0.350381,0.0176929,-0.648383,3.87441,-79724,-1,4.23175e-10,1,0
0.00439535,-0.35082,0.0177982,-0.648506,3.87465,-79816.1,-1,3.3967e-10,1,0
0.00439628,-0.350903,0.0171409,-0.647659,3.87465,-79818.3,-1,3.3967e-10,1,0
0.00439803,-0.351438,0.0168456,-0.646384,3.87701,-79908.1,-1,7.12806e-10,1,0
0.00439894,-0.351696,0.0161514,-0.645658,3.87626,-79950.1,-1,7.70779e-10,1,0
0.00440004,-0.351661,0.0150462,-0.645016,3.87666,-79922.2,-1,1.57636e-09,1,0
0.00440089,-0.352178,0.0158921,-0.644988,3.87663,-80024.3,-1,1.57636e-09,1,0
0.00440271,-0.353291,0.0177109,-0.644928,3.87703,-80243.8,-1,3.1248e-09,1,0
0.00440332,-0.353518,0.0181982,-0.645393,3.87507,-80284.4,-1,7.11045e-10,1,0
0.00440494,-0.353945,0.0176719,-0.64465,3.87647,-80351.7,-1,1.30031e-09,1,0
0.00440645,-0.354408,0.0174415,-0.642974,3.87577,-80429.6,-1,1.7546e-09,1,0
0.00440748,-0.353252,0.0175856,-0.642664,3.87583,-80148.4,-1,1.7546e-09,1,0
0.00440906,-0.351485,0.0178869,-0.64229,3.87651,-79718.9,-1,4.18098e-10,1,0
0.00440973,-0.352129,0.0178345,-0.642352,3.87582,-79852.8,-1,9.14645e-11,1,0
0.00441092,-0.352631,0.0176591,-0.641078,3.87579,-79945.1,-1,9.14645e-11,1,0
0.00441138,-0.352569,0.0178217,-0.641474,3.87472,-79922.6,-1,1.43547e-09,1,0
0.00441295,-0.352258,0.0184622,-0.643162,3.87473,-79823.7,-1,1.43547e-09,1,0
0.00441375,-0.352256,0.0191779,-0.643201,3.87356,-79808.8,-1,1.07047e-10,1,0
0.00441496,-0.352239,0.0188381,-0.643383,3.87727,-79783,-1,1.40024e-10,1,0
0.00441564,-0.352101,0.0181908,-0.64315,3.87754,-79739.4,-1,3.04014e-10,1,0
0.00441614,-0.351789,0.0178834,-0.642951,3.87613,-79659.8,-1,5.78121e-11,1,0
0.00441637,-0.351935,0.0179653,-0.643042,3.87676,-79688.8,-1,5.35579e-11,1,0
0.0044168,-0.352092,0.0174922,-0.643006,3.87675,-79716.6,-1,5.35579e-11,1,0
0.00441783,-0.35296,0.0182418,-0.642925,3.8738,-79894.4,-1,5.43566e-10,1,0
0.00441942,-0.353688,0.0194395,-0.643174,3.87503,-80030.4,-1,8.96878e-11,1,0
0.0044209,-0.352379,0.0195354,-0.643061,3.87222,-79707.4,-1,1.28342e-09,1,0
0.00442241,-0.353306,0.0196836,-0.644552,3.87136,-79890,-1,1.76249e-09,1,0
0.00442373,-0.353163,0.0201099,-0.643974,3.87221,-79833.9,-1,1.03518e-10,1,0
0.00442422,-0.353097,0.0200923,-0.643509,3.87329,-79810,-1,1.46724e-10,1,0
0.00442594,-0.352735,0.0210497,-0.64432,3.87046,-79697.2,-1,7.03381e-10,1,0
0.00442718,-0.353419,0.0205743,-0.644474,3.87231,-79829.4,-1,9.53749e-10,1,0
0.00442831,-0.353723,0.0194947,-0.645155,3.87229,-79877.8,-1,9.53749e-10,1,0
0.00442935,-0.35424,0.018511,-0.645551,3.87128,-79975.6,-1,6.64898e-10,1,0
0.00443025,-0.355177,0.0184968,-0.645396,3.87079,-80170.8,-1,2.35977e-11,1,0
0.00443056,-0.355409,0.0185584,-0.64538,3.87284,-80217.7,-1,5.05474e-11,1,0
0.00443123,-0.355251,0.0185146,-0.645256,3.87394,-80169.9,-1,2.56588e-10,1,0
0.00443244,-0.355407,0.0184211,-0.646422,3.87642,-80183.2,-1,1.18333e-09,1,0
0.0044336,-0.355302,0.0189827,-0.645439,3.87683,-80138.5,-1,3.03966e-10,1,0
0.00443515,-0.355481,0.0184284,-0.643983,3.87748,-80150.8,-1,1.15473e-09,1,0
0.00443573,-0.355322,0.0184794,-0.643732,3.87774,-80104.6,-1,2.91828e-10,1,0
0.00443622,-0.35534,0.0179415,-0.643932,3.87599,-80099.7,-1,5.7391e-10,1,0
0.00443778,-0.354684,0.0191999,-0.643747,3.87501,-79923.8,-1,1.40762e-09,1,0
0.00443828,-0.35449,0.0191533,-0.643567,3.87368,-79871.1,-1,1.71108e-10,1,0
0.00443925,-0.354241,0.0181154,-0.643962,3.87687,-79797.5,-1,1.1962e-09,1,0
0.0044411,-0.352151,0.0185442,-0.643646,3.87723,-79293.6,-1,2.15727e-09,1,0
0.00444285,-0.351818,0.0204398,-0.643419,3.87767,-79187.4,-1,7.0763e-10,1,0
0.00444401,-0.352116,0.0214605,-0.64373,3.87754,-79234,-1,4.34104e-10,1,0
0.00444462,-0.351594,0.0213112,-0.643307,3.8779,-79105.5,-1,5.10655e-11,1,0
0.00444559,-0.351041,0.0215545,-0.643827,3.87512,-78963.8,-1,9.69598e-10,1,0
0.00444615,-0.350821,0.0216357,-0.643276,3.8748,-78904.4,-1,8.6149e-10,1,0
0.00444762,-0.350191,0.0220314,-0.641845,3.87537,-78736.7,-1,2.04664e-09,1,0
0.00444786,-0.35005,0.022237,-0.64174,3.87573,-78700.7,-1,3.25082e-11,1,0
0.00444883,-0.350213,0.0215295,-0.641078,3.87635,-78720.2,-1,2.15065e-10,1,0
0.00445023,-0.349789,0.0223704,-0.641913,3.87672,-78600,-1,6.35626e-10,1,0
0.00445126,-0.34945,0.0224315,-0.642761,3.87705,-78505.8,-1,5.4915e-10,1,0
0.00445283,-0.350077,0.0222626,-0.644473,3.87701,-78619,-1,5.4915e-10,1,0
0.00445372,-0.350317,0.0225251,-0.645196,3.87742,-78657.4,-1,3.14963e-10,1,0
0.00445508,-0.350002,0.0234613,-0.646192,3.88065,-78562.5,-1,1.07707e-10,1,0
0.00445526,-0.350005,0.0234858,-0.646259,3.87924,-78560.1,-1,6.96171e-11,1,0
0.00445626,-0.350274,0.0236784,-0.646225,3.88201,-78602.6,-1,7.29562e-10,1,0
0.00445658,-0.350224,0.0235863,-0.645895,3.88312,-78585.9,-1,8.33434e-13,1,0
0.00445712,-0.35002,0.0241925,-0.645856,3.88162,-78530.5,-1,6.40636e-10,1,0
0.00445853,-0.349892,0.024388,-0.647123,3.87907,-78477,-1,7.60323e-10,1,0
0.00446016,-0.351159,0.0256503,-0.646797,3.87912,-78732.2,-1,6.58308e-11,1,0
0.00446136,-0.351543,0.0260232,-0.647524,3.87951,-78797.2,-1,2.51037e-10,1,0
0.00446224,-0.35173,0.0259296,-0.648529,3.88305,-78823.6,-1,1.62796e-09,1,0
0.00446409,-0.350285,0.0254649,-0.648175,3.88093,-78467.2,-1,3.90571e-10,1,0
0.00446462,-0.350553,0.0249374,-0.648024,3.88103,-78518,-1,1.47961e-10,1,0
0.00446497,-0.350393,0.0245771,-0.648103,3.88369,-78476,-1,3.84541e-10,1,0
0.00446592,-0.350622,0.024444,-0.648514,3.88197,-78510.7,-1,5.61645e-10,1,0
0.00446629,-0.350736,0.0240643,-0.648331,3.88158,-78529.6,-1,4.36524e-10,1,0
0.00446809,-0.351103,0.0238023,-0.647726,3.88131,-78580,-1,5.47754e-10,1,0
0.00446964,-0.35017,0.0242324,-0.646317,3.88014,-78344.1,-1,1.89001e-09,1,0
0.00446981,-0.35001,0.0242398,-0.646209,3.87887,-78305.4,-1,7.22716e-10,1,0
0.00447125,-0.348929,0.0230762,-0.645701,3.87772,-78038.3,-1,1.57712e-09,1,0
0.00447274,-0.348542,0.0238769,-0.646611,3.8743,-77925.7,-1,1.28303e-09,1,0
0.00447341,-0.348445,0.0241237,-0.64713,3.87627,-77892.6,-1,1.8541e-10,1,0
0.00447362,-0.348379,0.0241561,-0.647364,3.87723,-77874.2,-1,8.3708e-10,1,0
0.00447439,-0.349195,0.024504,-0.647448,3.87671,-78043,-1,4.13338e-10,1,0
0.00447454,-0.349304,0.0245767,-0.647562,3.87727,-78064.8,-1,1.74403e-10,1,0
0.00447468,-0.349226,0.0246621,-0.647585,3.877,-78045,-1,4.90763e-11,1,0
0.0044759,-0.349871,0.0242184,-0.648459,3.88016,-78167.6,-1,2.15157e-10,1,0
0.0044765,-0.350136,0.0239594,-0.648958,3.87897,-78216.4,-1,1.83643e-09,1,0
0.00447721,-0.349986,0.024561,-0.649463,3.87971,-78170.6,-1,8.93759e-10,1,0
0.00447741,-0.349884,0.0244637,-0.649276,3.87982,-78144.3,-1,2.45888e-10,1,0
0.00447806,-0.349924,0.0239094,-0.64878,3.881,-78141.7,-1,6.90292e-10,1,0
0.00447922,-0.35055,0.0234505,-0.648457,3.88072,-78261.3,-1,5.46509e-11,1,0
0.00448014,-0.350359,0.0232164,-0.649049,3.88045,-78202.7,-1,4.34241e-10,1,0
0.00448114,-0.350477,0.0233395,-0.649907,3.87987,-78211.5,-1,9.57972e-10,1,0
0.00448168,-0.350089,0.0229107,-0.649775,3.87983,-78115.6,-1,3.62281e-10,1,0
0.00448277,-0.349868,0.0239471,-0.65031,3.87893,-78047.4,-1,3.28368e-10,1,0
0.00448456,-0.349056,0.0247205,-0.650545,3.87899,-77835,-1,2.49097e-09,1,0
0.00448571,-0.349154,0.0258514,-0.650113,3.87683,-77836.8,-1,7.59187e-10,1,0
0.00448607,-0.349411,0.026026,-0.65021,3.87791,-77888,-1,2.23783e-10,1,0
0.00448683,-0.349737,0.0261407,-0.649388,3.87789,-77947.4,-1,2.23783e-10,1,0
0.00448885,-0.348941,0.0261133,-0.648857,3.87302,-77735,-1,1.28322e-09,1,0
0.00448987,-0.349347,0.0253323,-0.64814,3.87346,-77807.8,-1,1.13905e-09,1,0
0.00449065,-0.34952,0.0260935,-0.648069,3.87279,-77833,-1,7.11246e-10,1,0
0.00449113,-0.349619,0.0264521,-0.648494,3.87279,-77846.6,-1,7.11246e-10,1,0
0.00449182,-0.350048,0.0268083,-0.648788,3.87047,-77930,-1,3.35871e-10,1,0
0.00449371,-0.350004,0.0272335,-0.647747,3.87417,-77887.5,-1,1.05995e-09,1,0
0.00449405,-0.350092,0.0268883,-0.647596,3.8734,-77901.3,-1,5.09046e-11,1,0
0.00449504,-0.351221,0.026846,-0.647751,3.87166,-78135.2,-1,4.06667e-10,1,0
0.00449627,-0.352156,0.0269446,-0.647947,3.87032,-78321.9,-1,2.31329e-09,1,0
0.0044965,-0.352054,0.0269323,-0.647976,3.86864,-78295.2,-1,1.00951e-10,1,0
0.00449822,-0.351835,0.0283751,-0.649368,3.86865,-78216.5,-1,1.00951e-10,1,0
0.00449904,-0.351835,0.0288817,-0.650154,3.86849,-78202.4,-1,2.31609e-09,1,0
0.0044995,-0.351626,0.0286009,-0.650551,3.86661,-78147.8,-1,5.20798e-10,1,0
0.00450011,-0.351367,0.0282989,-0.65,3.86671,-78079.6,-1,1.98829e-10,1,0
0.00450111,-0.351215,0.0274979,-0.649372,3.87087,-78028.6,-1,3.39767e-10,1,0
0.00450227,-0.35053,0.0280007,-0.650155,3.86971,-77856.2,-1,1.09276e-10,1,0
0.00450344,-0.350722,0.0267306,-0.649752,3.86956,-77878.7,-1,1.35427e-09,1,0
0.00450436,-0.350724,0.0273482,-0.64998,3.86684,-77863.2,-1,2.62517e-10,1,0
0.00450557,-0.351017,0.0284393,-0.64987,3.86655,-77907.4,-1,4.69181e-10,1,0
0.00450678,-0.352406,0.0284691,-0.649585,3.86447,-78194.6,-1,1.56757e-09,1,0
0.0045085,-0.351191,0.0274439,-0.648847,3.86473,-77895.2,-1,1.70869e-09,1,0
0.00450933,-0.351512,0.0270413,-0.648502,3.86242,-77952,-1,1.7221e-10,1,0
0.00451013,-0.351552,0.0279067,-0.648174,3.85867,-77947.3,-1,9.26301e-10,1,0
0.00451107,-0.35199,0.0271253,-0.648569,3.85856,-78028,-1,4.09172e-10,1,0
0.00451171,-0.352224,0.0268577,-0.648638,3.85901,-78068.8,-1,1.22104e-09,1,0
0.00451281,-0.352313,0.0279774,-0.648873,3.8622,-78069.5,-1,1.23391e-10,1,0
0.00451417,-0.353242,0.0279947,-0.64844,3.86281,-78251.9,-1,3.90906e-10,1,0
0.0045147,-0.353725,0.0280807,-0.648372,3.86011,-78349.6,-1,9.24774e-11,1,0
0.00451524,-0.354273,0.0279893,-0.648485,3.85984,-78461.6,-1,1.91509e-10,1,0
0.00451763,-0.355331,0.0294132,-0.647886,3.8574,-78654.3,-1,1.49319e-09,1,0
0.00451842,-0.355184,0.0298073,-0.648281,3.85655,-78607.9,-1,4.10605e-10,1,0
0.00451925,-0.354896,0.0290161,-0.64795,3.85604,-78529.7,-1,2.16671e-11,1,0
0.00452043,-0.355268,0.0300776,-0.647663,3.86139,-78591.7,-1,4.44893e-10,1,0
0.0045216,-0.355322,0.0298265,-0.648333,3.86237,-78583.3,-1,7.54485e-10,1,0
0.00452191,-0.355647,0.0299804,-0.648347,3.86134,-78649.7,-1,3.59888e-10,1,0
0.0045235,-0.355605,0.0296137,-0.649479,3.8638,-78612.8,-1,1.40493e-09,1,0
0.00452456,-0.354502,0.0298556,-0.649043,3.86357,-78350.6,-1,1.54308e-09,1,0
0.00452521,-0.354389,0.0303798,-0.649486,3.86222,-78314.4,-1,3.36349e-10,1,0
0.0045258,-0.354673,0.030326,-0.649043,3.8609,-78367,-1,4.05013e-10,1,0
0.00452647,-0.353966,0.0304421,-0.648894,3.86088,-78199.2,-1,3.2154e-10,1,0
0.00452683,-0.35405,0.0304476,-0.648694,3.86244,-78211.6,-1,8.31208e-10,1,0
0.0045285,-0.355525,0.0303561,-0.647413,3.86237,-78508.3,-1,8.31208e-10,1,0
0.00452953,-0.356432,0.0302998,-0.646625,3.86267,-78690.7,-1,3.44308e-09,1,0
0.00453069,-0.355871,0.0291057,-0.646337,3.8627,-78546.6,-1,3.44308e-09,1,0
0.00453127,-0.355389,0.0287739,-0.646558,3.86273,-78430.2,-1,5.28384e-10,1,0
0.00453407,-0.355876,0.0255477,-0.646502,3.86264,-78489.3,-1,3.26332e-09,1,0
0.00453516,-0.356937,0.0252183,-0.646047,3.86421,-78704.4,-1,2.8128e-10,1,0
0.00453641,-0.358148,0.0248869,-0.645443,3.86381,-78949.7,-1,1.88114e-09,1,0
0.00453684,-0.358478,0.0247897,-0.645081,3.86581,-79014.9,-1,1.06044e-09,1,0
0.0045373,-0.358447,0.0245854,-0.645506,3.86319,-79000.1,-1,4.2606e-10,1,0
0.00453848,-0.359121,0.025239,-0.645463,3.86437,-79128.1,-1,1.11588e-09,1,0
0.00453996,-0.358046,0.0260144,-0.645401,3.8638,-78865.4,-1,1.02234e-09,1,0
0.00454076,-0.357387,0.0261705,-0.646027,3.86383,-78706.4,-1,1.02234e-09,1,0
0.00454217,-0.356206,0.0264501,-0.647147,3.86389,-78422,-1,1.02234e-09,1,0
0.00454302,-0.355501,0.026617,-0.647816,3.86314,-78252.3,-1,4.27414e-09,1,0
0.00454389,-0.355657,0.0261921,-0.647798,3.86237,-78271.6,-1,6.21866e-10,1,0
0.00454522,-0.354278,0.0267814,-0.647659,3.86342,-77945.2,-1,1.51843e-09,1,0
0.00454608,-0.354745,0.0262933,-0.648035,3.86305,-78033.1,-1,1.03813e-10,1,0
0.00454759,-0.353985,0.0272975,-0.64697,3.86401,-77840.2,-1,6.76048e-10,1,0
0.00454795,-0.353948,0.0275054,-0.646856,3.86084,-77825.8,-1,1.99165e-09,1,0
0.00454901,-0.354913,0.027825,-0.647563,3.86329,-78019.7,-1,1.36691e-09,1,0
0.00455047,-0.354306,0.0273449,-0.647021,3.86068,-77861.4,-1,1.06482e-10,1,0
0.00455252,-0.352145,0.0268904,-0.64612,3.86078,-77351.8,-1,1.06482e-10,1,0
0.00455294,-0.352625,0.0268887,-0.646171,3.85923,-77449.8,-1,2.39278e-09,1,0
0.00455365,-0.352634,0.0264428,-0.646148,3.85588,-77439.8,-1,2.25132e-10,1,0
0.00455475,-0.352484,0.0252532,-0.64659,3.85588,-77388.2,-1,2.25132e-10,1,0
0.00455556,-0.352374,0.0243805,-0.646914,3.85625,-77350.4,-1,2.64544e-09,1,0
0.00455709,-0.353839,0.0246578,-0.646357,3.85677,-77645.8,-1,6.88508e-10,1,0
0.00455827,-0.354867,0.0251278,-0.64557,3.85657,-77851.2,-1,1.73716e-09,1,0
0.00455906,-0.355573,0.0255913,-0.645775,3.85567,-77992.8,-1,8.60178e-10,1,0
0.0045601,-0.355038,0.0262928,-0.646194,3.85445,-77857.5,-1,9.8107e-10,1,0
0.00456202,-0.355297,0.024969,-0.646824,3.85414,-77881.4,-1,2.30696e-10,1,0
0.00456263,-0.355026,0.0250525,-0.646467,3.85389,-77811.8,-1,3.76297e-10,1,0
0.00456477,-0.354115,0.0268952,-0.645904,3.85417,-77575.6,-1,1.05831e-09,1,0
0.00456494,-0.354157,0.0270106,-0.645955,3.85428,-77582,-1,7.95945e-11,1,0
0.0045665,-0.355452,0.0277683,-0.646975,3.85336,-77839.1,-1,1.92937e-09,1,0
0.00456813,-0.354958,0.0273871,-0.648768,3.85339,-77703.3,-1,1.92937e-09,1,0
0.0045701,-0.354175,0.0267008,-0.649728,3.85264,-77498.3,-1,3.45809e-09,1,0
0.00457076,-0.353549,0.0267059,-0.650148,3.85333,-77350.1,-1,7.57568e-10,1,0
0.00457216,-0.3535,0.0264457,-0.65174,3.85278,-77315.7,-1,7.88649e-10,1,0
0.00457375,-0.352367,0.0257854,-0.651923,3.85456,-77041,-1,8.49678e-11,1,0
0.00457451,-0.352322,0.0249452,-0.651683,3.85533,-77018.4,-1,1.31441e-09,1,0
0.00457541,-0.352266,0.0240712,-0.651343,3.85401,-76991.3,-1,1.80893e-09,1,0
0.00457642,-0.352319,0.0248605,-0.651283,3.85444,-76985.6,-1,2.0178e-10,1,0
0.00457811,-0.352692,0.0257112,-0.652375,3.85679,-77038.7,-1,1.23463e-09,1,0
0.00457951,-0.353484,0.0259613,-0.652446,3.85411,-77188.1,-1,8.1896e-10,1,0
0.00458163,-0.355412,0.0268482,-0.653491,3.85485,-77573.3,-1,1.44953e-09,1,0
0.00458298,-0.356719,0.0276592,-0.653832,3.85479,-77835.7,-1,1.44953e-09,1,0
0.004584,-0.357711,0.0282741,-0.65409,3.85212,-78034.6,-1,4.04866e-09,1,0
0.00458545,-0.356484,0.0282144,-0.654237,3.85219,-77742.4,-1,9.19382e-10,1,0
0.00458671,-0.355046,0.027918,-0.654361,3.84977,-77407.6,-1,1.47287e-09,1,0
0.00458767,-0.355482,0.0288429,-0.653909,3.84975,-77486.4,-1,1.47287e-09,1,0
0.00458922,-0.356187,0.0303383,-0.653178,3.84971,-77613.7,-1,1.47287e-09,1,0
0.00459083,-0.356576,0.0314584,-0.65209,3.84933,-77671.4,-1,5.79285e-10,1,0
0.00459176,-0.357284,0.0319761,-0.652027,3.85145,-77809.8,-1,1.2984e-10,1,0
0.00459375,-0.358096,0.0318361,-0.651918,3.85259,-77952.8,-1,1.02561e-09,1,0
0.00459504,-0.357643,0.0328775,-0.652619,3.85315,-77832.2,-1,9.09246e-10,1,0
0.00459637,-0.358002,0.0339841,-0.653636,3.85314,-77888,-1,9.09246e-10,1,0
0.00459663,-0.358053,0.0342065,-0.653809,3.85311,-77894.8,-1,2.39995e-09,1,0
0.00459687,-0.357977,0.0344816,-0.653814,3.85311,-77874,-1,2.39995e-09,1,0
0.00459829,-0.357326,0.0353806,-0.653844,3.85225,-77708.5,-1,7.0594e-10,1,0
0.00459993,-0.35719,0.0370522,-0.654763,3.85225,-77651.1,-1,7.0594e-10,1,0
0.00460054,-0.357173,0.0365052,-0.654938,3.85241,-77637.2,-1,5.41211e-10,1,0
0.00460128,-0.356701,0.0370669,-0.655251,3.85209,-77522,-1,5.61092e-10,1,0
0.00460233,-0.357033,0.0378277,-0.65594,3.85195,-77576.4,-1,9.35378e-10,1,0
0.00460412,-0.358105,0.0382878,-0.657299,3.84835,-77779.1,-1,2.10277e-10,1,0
0.00460491,-0.357888,0.0386424,-0.657725,3.85132,-77718.8,-1,2.84466e-10,1,0
0.00460584,-0.358176,0.0395384,-0.657735,3.85122,-77765.7,-1,2.6473e-10,1,0
0.00460646,-0.35824,0.0393924,-0.657818,3.85112,-77768.9,-1,2.39323e-10,1,0
0.00460687,-0.358208,0.0394819,-0.658216,3.84876,-77755.2,-1,5.45119e-10,1,0
0.00460741,-0.357684,0.0393969,-0.658392,3.84851,-77632.3,-1,7.09815e-11,1,0
0.00460871,-0.358344,0.0404835,-0.659179,3.84838,-77753.6,-1,1.23254e-09,1,0
0.00460921,-0.358586,0.0406308,-0.658739,3.85123,-77797.6,-1,5.41284e-10,1,0
0.00461097,-0.357163,0.0392337,-0.659168,3.8513,-77459.5,-1,5.41284e-10,1,0
0.00461235,-0.355856,0.03854,-0.658719,3.8508,-77152.8,-1,2.35759e-09,1,0
0.00461371,-0.354524,0.0379563,-0.658088,3.85087,-76841.5,-1,2.35759e-09,1,0
0.0046141,-0.354146,0.0377904,-0.657908,3.85039,-76753,-1,3.32795e-09,1,0
0.00461478,-0.354679,0.0377007,-0.657696,3.84855,-76857.2,-1,1.70725e-10,1,0
0.00461534,-0.35508,0.0377185,-0.657552,3.85026,-76934.8,-1,1.24228e-10,1,0
0.0046168,-0.354735,0.0366973,-0.656737,3.84783,-76835.7,-1,2.95554e-10,1,0
0.00461739,-0.355355,0.0369066,-0.656632,3.84694,-76960.3,-1,8.82956e-11,1,0
0.00461855,-0.356576,0.0374481,-0.656428,3.8473,-77205.3,-1,1.94741e-09,1,0
0.00461969,-0.356583,0.0366727,-0.655349,3.84755,-77187.7,-1,1.32816e-09,1,0
0.00461982,-0.356527,0.0366808,-0.655436,3.84843,-77173.4,-1,7.5845e-11,1,0
0.0046202,-0.35655,0.0370047,-0.655739,3.84525,-77172,-1,4.44717e-10,1,0
0.00462092,-0.356638,0.036791,-0.654984,3.8439,-77179.1,-1,3.05908e-10,1,0
0.00462344,-0.35593,0.0351204,-0.657299,3.84391,-76983.8,-1,2.94157e-09,1,0
0.0046249,-0.356165,0.0355467,-0.658435,3.84361,-77010.2,-1,5.67656e-10,1,0
0.00462554,-0.356589,0.0358985,-0.658188,3.84677,-77091.2,-1,1.27334e-10,1,0
0.00462764,-0.355905,0.0343931,-0.65829,3.85027,-76908.6,-1,1.00985e-09,1,0
0.00462858,-0.355751,0.0334358,-0.658693,3.84906,-76859.6,-1,5.31017e-10,1,0
0.0046298,-0.354401,0.0332093,-0.658322,3.85069,-76547.9,-1,1.41777e-09,1,0
0.00463053,-0.354355,0.0324541,-0.658286,3.8522,-76525.8,-1,3.58567e-10,1,0
0.00463124,-0.355,0.0327801,-0.658689,3.85183,-76653.2,-1,8.49072e-10,1,0
0.00463163,-0.354871,0.0327091,-0.658301,3.85184,-76619.1,-1,3.41997e-10,1,0
0.00463236,-0.354789,0.0335253,-0.658328,3.85221,-76589.3,-1,5.66718e-10,1,0
0.0046336,-0.354131,0.034815,-0.658344,3.85402,-76426.8,-1,1.73059e-09,1,0
0.00463598,-0.356126,0.0356094,-0.660096,3.85448,-76817.8,-1,2.77057e-09,1,0
0.00463733,-0.357144,0.0365992,-0.659417,3.8548,-77014.9,-1,1.57341e-09,1,0
0.00463879,-0.357898,0.0369108,-0.658067,3.85449,-77153.2,-1,1.47929e-09,1,0
0.00464002,-0.357285,0.0372621,-0.656894,3.85256,-77000.8,-1,1.42776e-10,1,0
0.00464077,-0.357525,0.0366245,-0.657444,3.85255,-77040,-1,1.42776e-10,1,0
0.00464203,-0.357924,0.035563,-0.65836,3.85253,-77105.2,-1,1.42776e-10,1,0
0.00464348,-0.358365,0.0346623,-0.658927,3.85118,-77175.9,-1,1.06664e-10,1,0
0.00464408,-0.358804,0.0346583,-0.658384,3.85115,-77260.6,-1,1.06664e-10,1,0
0.00464503,-0.359445,0.0345809,-0.657615,3.85175,-77382.7,-1,2.0206e-09,1,0
0.00464625,-0.359376,0.0335788,-0.658255,3.85349,-77347.6,-1,1.72751e-10,1,0
0.00464648,-0.359556,0.0335905,-0.658273,3.85299,-77382.6,-1,2.00048e-10,1,0
0.00464693,-0.359497,0.033754,-0.658218,3.85316,-77362.4,-1,6.11959e-11,1,0
0.00464822,-0.358557,0.0341672,-0.658613,3.85321,-77138.6,-1,4.35292e-10,1,0
0.00464925,-0.35874,0.0348776,-0.658627,3.85088,-77160.9,-1,5.29884e-10,1,0
0.00465079,-0.358246,0.0362509,-0.657994,3.8481,-77029,-1,1.47165e-10,1,0
0.00465141,-0.357615,0.0361565,-0.657667,3.84812,-76883.3,-1,7.16575e-10,1,0
0.00465226,-0.358431,0.0366857,-0.657478,3.84806,-77044.5,-1,9.90234e-10,1,0
0.00465307,-0.35831,0.0371516,-0.657422,3.84767,-77005.1,-1,3.4651e-10,1,0
0.00465346,-0.358512,0.037211,-0.657091,3.84741,-77042,-1,2.04886e-10,1,0
0.00465571,-0.358306,0.0389074,-0.655382,3.84753,-76960.5,-1,1.53846e-09,1,0
0.00465631,-0.35869,0.039348,-0.655264,3.84763,-77033.2,-1,1.50057e-09,1,0
0.00465765,-0.358535,0.0401134,-0.656334,3.8493,-76977.6,-1,1.2925e-09,1,0
0.00465934,-0.356855,0.0408651,-0.655841,3.84969,-76589.3,-1,1.43627e-09,1,0
0.00466039,-0.357467,0.0402914,-0.656105,3.84944,-76703.2,-1,1.01145e-09,1,0
0.00466231,-0.355413,0.0396418,-0.655526,3.84954,-76231,-1,1.01145e-09,1,0
0.00466392,-0.355081,0.041274,-0.654713,3.84973,-76133.8,-1,2.45941e-09,1,0
0.00466493,-0.35463,0.0421949,-0.65418,3.84918,-76020.4,-1,6.78908e-10,1,0
0.00466558,-0.354661,0.0423753,-0.654023,3.85028,-76016.5,-1,2.92893e-10,1,0
0.00466675,-0.355306,0.0416099,-0.653859,3.85017,-76135.6,-1,1.01276e-09,1,0
0.00466781,-0.355033,0.0412118,-0.65273,3.85054,-76059.8,-1,1.22868e-09,1,0
0.00466913,-0.353877,0.0407334,-0.65333,3.85172,-75790.7,-1,1.29249e-09,1,0
0.00467029,-0.353539,0.0396805,-0.652729,3.85305,-75699.5,-1,1.28461e-09,1,0
0.00467111,-0.353452,0.0396301,-0.653549,3.85256,-75667.6,-1,7.20061e-11,1,0
0.00467201,-0.353553,0.0395318,-0.65417,3.84946,-75674.9,-1,1.6853e-09,1,0
0.00467299,-0.353718,0.0392134,-0.655199,3.84851,-75694.2,-1,9.99349e-10,1,0
0.00467335,-0.35372,0.038926,-0.655395,3.84923,-75688.8,-1,2.4255e-10,1,0
0.00467387,-0.353618,0.0386955,-0.655576,3.84572,-75658.5,-1,7.45132e-10,1,0
0.00467572,-0.353802,0.0404431,-0.656389,3.84506,-75668,-1,1.45579e-09,1,0
0.00467739,-0.35389,0.0412062,-0.656851,3.84411,-75659.6,-1,6.39858e-10,1,0
0.00467888,-0.353942,0.0425832,-0.657345,3.84386,-75646.8,-1,1.67516e-10,1,0
0.00467924,-0.354218,0.0425207,-0.657164,3.84307,-75700,-1,8.09157e-11,1,0
0.0046809,-0.35377,0.0418529,-0.655413,3.84298,-75577.4,-1,6.82756e-10,1,0
0.00468164,-0.353537,0.0415392,-0.654649,3.84203,-75515.6,-1,2.12877e-09,1,0
0.00468195,-0.353266,0.0414865,-0.654576,3.84266,-75452.7,-1,3.15353e-10,1,0
0.00468306,-0.353058,0.0421088,-0.654723,3.84308,-75390.4,-1,1.02843e-10,1,0
0.0046845,-0.352408,0.0421287,-0.656265,3.84522,-75228.5,-1,1.67354e-09,1,0
0.00468464,-0.352422,0.0421695,-0.656103,3.84522,-75229.2,-1,1.67354e-09,1,0
0.00468576,-0.352821,0.0425019,-0.654921,3.8452,-75296.5,-1,1.04869e-09,1,0
0.00468707,-0.35408,0.0424827,-0.654502,3.84714,-75543.9,-1,6.18456e-10,1,0
0.00468897,-0.355417,0.0408865,-0.654009,3.84613,-75798.5,-1,1.26437e-09,1,0
0.00469004,-0.354717,0.0401046,-0.653715,3.84735,-75631.9,-1,4.14944e-10,1,0
0.00469062,-0.354981,0.0399585,-0.653705,3.84858,-75678.7,-1,2.05395e-10,1,0
0.00469202,-0.355085,0.0405226,-0.653095,3.84999,-75678.5,-1,6.47899e-10,1,0
0.00469261,-0.35491,0.0402904,-0.652837,3.85056,-75631.7,-1,8.14928e-10,1,0
0.00469335,-0.355535,0.0403712,-0.652747,3.85091,-75752.8,-1,6.15828e-11,1,0
0.00469548,-0.355921,0.0403343,-0.652955,3.85042,-75800.7,-1,8.23667e-10,1,0
0.00469565,-0.355845,0.0403078,-0.652906,3.8511,-75781.9,-1,6.83795e-11,1,0
0.00469653,-0.355815,0.0407232,-0.652831,3.85221,-75761.2,-1,4.62834e-10,1,0
0.00469721,-0.356073,0.0413163,-0.652431,3.8509,-75805.1,-1,1.39194e-09,1,0
0.00469741,-0.355895,0.0412251,-0.652454,3.85183,-75764.1,-1,6.63428e-11,1,0
0.00469814,-0.355173,0.0407607,-0.652497,3.85094,-75598.7,-1,1.05968e-09,1,0
0.0046989,-0.35569,0.0409484,-0.652709,3.85212,-75696.4,-1,7.22114e-10,1,0
0.00469922,-0.355868,0.0407881,-0.652993,3.85165,-75729,-1,6.13092e-11,1,0
0.00470033,-0.355127,0.0407023,-0.651948,3.85169,-75553.6,-1,6.13092e-11,1,0
0.00470154,-0.354492,0.0405679,-0.650916,3.85319,-75399,-1,1.22893e-10,1,0
0.00470317,-0.353635,0.0402849,-0.650446,3.85052,-75190.7,-1,7.01854e-10,1,0
0.00470477,-0.353225,0.039758,-0.649117,3.8542,-75078.1,-1,1.71902e-09,1,0
0.00470607,-0.353613,0.0384059,-0.648545,3.85418,-75139.7,-1,1.71902e-09,1,0
0.00470745,-0.353889,0.0386166,-0.648263,3.8551,-75176.5,-1,2.88097e-09,1,0
0.00470912,-0.354081,0.0402997,-0.647967,3.85525,-75190.4,-1,2.53465e-09,1,0
0.00471035,-0.354181,0.040428,-0.646548,3.85515,-75192.1,-1,1.71405e-09,1,0
0.00471165,-0.355232,0.0409728,-0.646189,3.85498,-75394.3,-1,6.6906e-10,1,0
0.00471209,-0.355569,0.0410822,-0.646218,3.85596,-75458.9,-1,1.13835e-09,1,0
0.00471359,-0.356194,0.042034,-0.647468,3.85492,-75567.4,-1,1.91574e-09,1,0
0.0047147,-0.356627,0.0411439,-0.647883,3.85307,-75641.5,-1,1.23356e-10,1,0
0.00471574,-0.35648,0.0417163,-0.648726,3.85473,-75593.7,-1,2.63341e-10,1,0
0.00471671,-0.356569,0.0422273,-0.649729,3.8517,-75596.9,-1,2.07724e-09,1,0
0.00471731,-0.356533,0.0420711,-0.649946,3.85138,-75579.7,-1,3.27543e-10,1,0
0.00471762,-0.356735,0.0421293,-0.649992,3.85046,-75617.7,-1,7.9346e-11,1,0
0.00471802,-0.357055,0.0420808,-0.64982,3.85018,-75678.9,-1,4.03777e-13,1,0
0.0047185,-0.357192,0.0416614,-0.649638,3.84876,-75700.3,-1,5.41887e-11,1,0
0.00471895,-0.35722,0.0416355,-0.649628,3.84741,-75699.2,-1,2.75256e-10,1,0
0.0047204,-0.356469,0.0426583,-0.650389,3.84852,-75516.7,-1,4.01386e-10,1,0
0.00472126,-0.356823,0.0426163,-0.650653,3.84709,-75578,-1,6.7557e-10,1,0
0.00472165,-0.356769,0.0425102,-0.650791,3.845,-75560.2,-1,1.57511e-10,1,0
0.00472297,-0.357844,0.0435794,-0.651026,3.84494,-75766.9,-1,1.57511e-10,1,0
0.0047234,-0.358246,0.043449,-0.650987,3.84049,-75844.9,-1,3.84877e-10,1,0
0.00472378,-0.358065,0.0437557,-0.650863,3.8426,-75800.5,-1,5.37988e-11,1,0
0.00472502,-0.358297,0.0441306,-0.649533,3.84244,-75829.7,-1,1.36254e-09,1,0
0.00472648,-0.358076,0.0450112,-0.650198,3.84227,-75759.5,-1,2.36208e-10,1,0
0.00472745,-0.358493,0.0454412,-0.65097,3.84179,-75832.2,-1,7.89803e-10,1,0
0.00472931,-0.3595,0.0459203,-0.650292,3.84062,-76015.4,-1,1.22384e-10,1,0
0.00473043,-0.359998,0.0462665,-0.649131,3.84045,-76102.6,-1,2.60222e-09,1,0
0.00473143,-0.360306,0.0468507,-0.648172,3.84044,-76151.6,-1,2.60222e-09,1,0
0.00473271,-0.360615,0.0476213,-0.64705,3.84158,-76196.4,-1,2.55204e-09,1,0
0.00473403,-0.360642,0.0487726,-0.647482,3.84111,-76180.8,-1,1.74886e-10,1,0
0.00473542,-0.360624,0.0493633,-0.648683,3.83861,-76154.6,-1,1.54878e-09,1,0
0.00473603,-0.360726,0.0496949,-0.649291,3.83818,-76166.3,-1,4.66114e-10,1,0
0.00473625,-0.360918,0.0496027,-0.649157,3.83817,-76203.4,-1,4.66114e-10,1,0
0.00473673,-0.361197,0.0493733,-0.648808,3.83686,-76254.6,-1,1.72976e-10,1,0
0.00473693,-0.361218,0.0494233,-0.648893,3.83291,-76255.7,-1,1.64067e-10,1,0
0.00473848,-0.360538,0.0498752,-0.647595,3.83177,-76087.3,-1,1.48761e-09,1,0
0.00474024,-0.359523,0.0491431,-0.647316,3.83423,-75844.9,-1,4.75624e-10,1,0
0.00474139,-0.359132,0.0485894,-0.647104,3.83505,-75744,-1,7.75196e-10,1,0
0.00474302,-0.358254,0.0495767,-0.648457,3.8375,-75533,-1,1.89057e-09,1,0
0.0047446,-0.35745,0.0500863,-0.649003,3.83488,-75338.2,-1,1.46287e-09,1,0
0.00474512,-0.357097,0.0499577,-0.649476,3.83473,-75255.6,-1,6.03823e-10,1,0
0.00474622,-0.356773,0.0502686,-0.649422,3.83437,-75170,-1,5.81168e-10,1,0
0.00474707,-0.35707,0.0501514,-0.649103,3.83395,-75218.9,-1,2.60697e-11,1,0
0.00474749,-0.35692,0.0500119,-0.648949,3.83284,-75180.8,-1,6.36334e-10,1,0
0.00474817,-0.356325,0.0504767,-0.648866,3.83445,-75044.8,-1,6.9984e-10,1,0
0.00474996,-0.355194,0.0498723,-0.648557,3.83227,-74778.5,-1,1.2119e-09,1,0
0.00475018,-0.355075,0.049846,-0.648701,3.83134,-74749.8,-1,3.87636e-11,1,0
0.00475094,-0.354493,0.0495777,-0.649169,3.83012,-74615.5,-1,3.89073e-11,1,0
0.00475211,-0.353802,0.0499407,-0.649988,3.82711,-74451.5,-1,1.14088e-09,1,0
0.00475272,-0.35355,0.0496695,-0.650481,3.82557,-74389,-1,3.87014e-10,1,0
0.00475466,-0.354165,0.0509223,-0.65129,3.82635,-74487.8,-1,8.68228e-10,1,0
0.00475619,-0.355739,0.050851,-0.652085,3.82552,-74795,-1,1.76527e-09,1,0
0.00475654,-0.355558,0.0509355,-0.652181,3.82277,-74751.4,-1,4.82015e-11,1,0
0.00475806,-0.356926,0.0506774,-0.652372,3.82153,-75015.1,-1,3.28182e-10,1,0
0.0047582,-0.35684,0.0507335,-0.652341,3.82254,-74994.9,-1,9.61816e-10,1,0
0.00475858,-0.356596,0.0507996,-0.652223,3.82122,-74937.5,-1,1.23455e-10,1,0
0.00475956,-0.356794,0.0499869,-0.652991,3.82121,-74963.7,-1,1.23455e-10,1,0
0.0047603,-0.356198,0.049898,-0.653211,3.82159,-74826.8,-1,6.41403e-10,1,0
0.00476166,-0.356004,0.051441,-0.653502,3.8216,-74764.6,-1,6.41403e-10,1,0
0.00476267,-0.35614,0.0518618,-0.653432,3.82215,-74777.4,-1,2.31804e-09,1,0
0.00476342,-0.356668,0.0512765,-0.653096,3.8219,-74876.4,-1,1.0926e-09,1,0
0.00476409,-0.357302,0.0508334,-0.653043,3.82113,-74998.9,-1,9.87878e-10,1,0
0.00476474,-0.357173,0.0507797,-0.653478,3.82174,-74961.7,-1,8.06486e-11,1,0
0.00476519,-0.357099,0.0505261,-0.653847,3.82241,-74939,-1,2.94177e-10,1,0
0.00476615,-0.357397,0.049951,-0.652982,3.82332,-74986.6,-1,8.16601e-10,1,0
0.00476713,-0.356846,0.0499818,-0.653518,3.82135,-74855.5,-1,9.12367e-10,1,0
0.00476805,-0.356986,0.0500331,-0.65397,3.8185,-74870.3,-1,5.58487e-10,1,0
0.00476945,-0.356374,0.0506366,-0.654329,3.81598,-74720.2,-1,2.74842e-10,1,0
0.00477033,-0.3563,0.0510533,-0.654364,3.81548,-74690.9,-1,3.60278e-10,1,0
0.00477188,-0.355514,0.050733,-0.655245,3.81628,-74501.8,-1,8.14597e-10,1,0
0.0047727,-0.355909,0.0503326,-0.65448,3.81626,-74571.9,-1,8.14597e-10,1,0
0.00477355,-0.35644,0.0498035,-0.654019,3.81549,-74669.8,-1,4.0641e-10,1,0
0.00477587,-0.358206,0.0509037,-0.652628,3.81552,-75003.3,-1,1.00468e-10,1,0
0.00477675,-0.357616,0.0514532,-0.653161,3.81634,-74866,-1,9.92601e-10,1,0
0.00477744,-0.358347,0.0515641,-0.652962,3.81604,-75008.1,-1,6.91266e-10,1,0
0.00477841,-0.358566,0.0510061,-0.653715,3.81457,-75038.7,-1,2.76568e-10,1,0
0.00478011,-0.358782,0.0497272,-0.655198,3.81456,-75057.2,-1,2.76568e-10,1,0
0.00478142,-0.35909,0.0488959,-0.656364,3.81625,-75101.1,-1,3.51606e-10,1,0
0.00478276,-0.35891,0.0503565,-0.655966,3.81787,-75042.4,-1,2.80139e-11,1,0
0.00478379,-0.358884,0.05122,-0.655238,3.81578,-75020.9,-1,1.1352e-09,1,0
0.00478498,-0.359387,0.0502315,-0.655557,3.81717,-75107.3,-1,1.29879e-10,1,0
0.00478547,-0.359664,0.049771,-0.655724,3.81716,-75157.6,-1,1.29879e-10,1,0
0.00478612,-0.360103,0.0495482,-0.6557,3.81682,-75239,-1,2.26529e-09,1,0
0.00478702,-0.36058,0.0502294,-0.655651,3.81777,-75324.6,-1,4.84985e-10,1,0
0.00478853,-0.36079,0.0515313,-0.656162,3.81636,-75344.6,-1,9.68008e-10,1,0
0.00478923,-0.360853,0.0523181,-0.656303,3.81636,-75346.7,-1,9.68008e-10,1,0
0.00479018,-0.360795,0.053324,-0.656378,3.8179,-75319.7,-1,2.27169e-09,1,0
0.00479049,-0.360548,0.0535101,-0.656209,3.81791,-75263.2,-1,2.27169e-09,1,0
0.00479248,-0.359068,0.0548221,-0.655311,3.81454,-74923.3,-1,2.47191e-10,1,0
0.00479363,-0.35934,0.0553108,-0.655895,3.8165,-74962,-1,1.03307e-09,1,0
0.00479477,-0.359768,0.0564962,-0.655505,3.81648,-75033.5,-1,1.03307e-09,1,0
0.00479643,-0.359693,0.0571065,-0.654098,3.81637,-74991.9,-1,1.29266e-09,1,0
0.00479677,-0.360076,0.0570673,-0.654207,3.81916,-75066.3,-1,4.49976e-10,1,0
0.0047983,-0.359652,0.0565472,-0.652791,3.81586,-74954,-1,1.16848e-10,1,0
0.00479947,-0.359137,0.0559136,-0.653019,3.81864,-74828.5,-1,1.07868e-09,1,0
0.00480036,-0.358869,0.0564165,-0.652857,3.81635,-74758.8,-1,1.68091e-10,1,0
0.00480069,-0.358768,0.056331,-0.652658,3.81659,-74732.7,-1,1.5396e-10,1,0
0.00480166,-0.359444,0.0557474,-0.652226,3.81882,-74858.2,-1,1.86188e-10,1,0
0.00480255,-0.360138,0.0560568,-0.651532,3.81879,-74989,-1,1.86188e-10,1,0
0.00480366,-0.360365,0.0556701,-0.652271,3.81953,-75018.9,-1,5.02326e-10,1,0
0.00480387,-0.360368,0.0556666,-0.652417,3.82067,-75016.2,-1,5.34941e-11,1,0
0.00480549,-0.361469,0.0560715,-0.65095,3.82155,-75220.1,-1,1.87804e-09,1,0
0.00480621,-0.361506,0.0567251,-0.650638,3.82037,-75216.5,-1,1.19575e-10,1,0
0.00480793,-0.361865,0.0549896,-0.65156,3.82035,-75264.1,-1,1.19575e-10,1,0
0.00480902,-0.362106,0.0547114,-0.652134,3.819,-75297.2,-1,5.09316e-10,1,0
0.00480933,-0.362042,0.0544355,-0.65214,3.81698,-75279.2,-1,5.06674e-11,1,0
0.00481151,-0.362404,0.0520183,-0.6527,3.81712,-75320.3,-1,7.58617e-10,1,0
0.00481212,-0.362502,0.0521078,-0.652418,3.82033,-75331,-1,3.45176e-10,1,0
0.00481387,-0.361584,0.0531315,-0.653188,3.82194,-75112.9,-1,1.49103e-09,1,0
0.0048143,-0.361931,0.0529368,-0.652893,3.82228,-75178.2,-1,4.95598e-10,1,0
0.00481554,-0.363268,0.0526076,-0.652921,3.825,-75436.6,-1,2.95618e-10,1,0
0.00481612,-0.362907,0.0522205,-0.652523,3.82721,-75352.5,-1,7.05436e-12,1,0
0.00481717,-0.362946,0.0529581,-0.652263,3.82409,-75344.3,-1,5.04771e-10,1,0
0.00481862,-0.363095,0.051615,-0.652538,3.8247,-75352.3,-1,4.67487e-10,1,0
0.00482042,-0.363706,0.0528236,-0.650961,3.82507,-75451.2,-1,2.07898e-09,1,0
0.00482247,-0.36252,0.0537992,-0.652533,3.82447,-75173.2,-1,5.92071e-10,1,0
0.00482322,-0.361954,0.0542496,-0.652924,3.82243,-75044.2,-1,2.93596e-10,1,0
0.00482419,-0.361788,0.0548227,-0.651962,3.8224,-74994.4,-1,1.81265e-10,1,0
0.00482534,-0.36175,0.0553402,-0.651975,3.82197,-74968.9,-1,6.37896e-10,1,0
0.00482609,-0.362159,0.0561121,-0.651983,3.82133,-75041.8,-1,8.73382e-10,1,0
0.00482681,-0.362382,0.0565873,-0.651667,3.82217,-75076.9,-1,4.64168e-10,1,0
0.00482807,-0.362344,0.0563487,-0.651623,3.82046,-75049.4,-1,7.38674e-10,1,0
0.00482911,-0.362193,0.0567996,-0.65243,3.82067,-75001.9,-1,7.20931e-10,1,0
0.00482936,-0.362144,0.0566196,-0.652259,3.82149,-74988,-1,2.70122e-11,1,0
0.00483018,-0.362234,0.0563674,-0.651632,3.825,-74993.8,-1,1.70514e-10,1,0
0.00483236,-0.360123,0.0566374,-0.650676,3.82291,-74523.3,-1,2.4131e-09,1,0
0.00483379,-0.361484,0.0572183,-0.651425,3.8208,-74782.8,-1,1.65847e-09,1,0
0.00483471,-0.361926,0.0564227,-0.651961,3.82299,-74859.8,-1,5.78231e-11,1,0
0.00483709,-0.359694,0.056672,-0.65074,3.82386,-74361.7,-1,7.98906e-10,1,0
0.00483849,-0.358705,0.0564837,-0.651751,3.82572,-74135.7,-1,2.17881e-09,1,0
0.00484036,-0.35816,0.0570988,-0.652723,3.82679,-73994.5,-1,2.69852e-09,1,0
0.00484194,-0.358586,0.0587432,-0.652671,3.82547,-74058.4,-1,2.73294e-10,1,0
0.00484394,-0.357883,0.0570828,-0.651208,3.82529,-73882.6,-1,2.32221e-09,1,0
0.0048453,-0.358691,0.0562166,-0.651856,3.82607,-74028.7,-1,1.18097e-09,1,0
0.00484562,-0.358821,0.0561802,-0.652009,3.82587,-74050.6,-1,7.48618e-11,1,0
0.0048468,-0.35865,0.0567278,-0.651225,3.82624,-73997.3,-1,4.07612e-10,1,0
0.00484704,-0.358825,0.0567958,-0.651164,3.8255,-74029.7,-1,9.7356e-11,1,0
0.00484877,-0.358579,0.0587597,-0.650838,3.82452,-73952.6,-1,2.0059e-09,1,0
0.00484979,-0.358513,0.0580819,-0.651642,3.82436,-73923.3,-1,1.36152e-10,1,0
0.00485032,-0.358558,0.0575045,-0.651723,3.82439,-73924.7,-1,1.13957e-09,1,0
0.00485084,-0.358761,0.0574465,-0.651439,3.82585,-73958.4,-1,3.03999e-10,1,0
0.00485249,-0.360008,0.0588471,-0.651283,3.82451,-74190.3,-1,1.36537e-09,1,0
0.00485301,-0.36028,0.0588692,-0.651705,3.82495,-74238.5,-1,1.7007e-10,1,0
0.0048535,-0.360435,0.0590048,-0.651789,3.82416,-74263,-1,7.92637e-10,1,0
0.00485431,-0.360186,0.0596395,-0.651649,3.82427,-74199.3,-1,4.0778e-10,1,0
0.00485593,-0.359735,0.0610188,-0.650462,3.82373,-74081.6,-1,1.8751e-09,1,0
0.00485746,-0.358422,0.0611258,-0.649262,3.8238,-73787.9,-1,1.8751e-09,1,0
0.0048583,-0.357853,0.0609576,-0.648516,3.82291,-73658.1,-1,6.5568e-10,1,0
0.00485869,-0.357629,0.0607343,-0.648367,3.82299,-73606,-1,3.11154e-10,1,0
0.00486016,-0.357762,0.059653,-0.647674,3.8244,-73611.1,-1,6.72112e-10,1,0
0.00486248,-0.356958,0.0607749,-0.649985,3.82444,-73410.9,-1,6.72112e-10,1,0
0.00486335,-0.357161,0.0613393,-0.650424,3.82368,-73439.3,-1,3.21173e-09,1,0
0.00486431,-0.357824,0.0618049,-0.650048,3.81968,-73561,-1,3.96825e-10,1,0
0.00486642,-0.357333,0.0630658,-0.651299,3.81932,-73428.2,-1,1.98752e-09,1,0
0.00486711,-0.357402,0.0635149,-0.650668,3.81805,-73432.2,-1,1.23178e-09,1,0
0.00486815,-0.356718,0.0644547,-0.650885,3.81828,-73275.8,-1,7.87406e-10,1,0
0.00486993,-0.355672,0.0659153,-0.650755,3.8181,-73034.2,-1,2.0976e-09,1,0
0.00487108,-0.355265,0.0655868,-0.649608,3.81463,-72933.6,-1,1.16248e-09,1,0
0.00487199,-0.355654,0.0662936,-0.649576,3.81285,-72999.7,-1,8.12208e-10,1,0
0.00487338,-0.35496,0.0663935,-0.650863,3.8119,-72836.4,-1,6.58624e-10,1,0
0.00487426,-0.35542,0.0667711,-0.650667,3.8108,-72917.7,-1,4.53944e-10,1,0
0.00487545,-0.354809,0.0678273,-0.650407,3.8136,-72774.7,-1,9.08635e-11,1,0
0.00487602,-0.354659,0.0678895,-0.649898,3.81114,-72735.4,-1,3.65499e-10,1,0
0.00487674,-0.354959,0.0673757,-0.650482,3.81183,-72786.2,-1,8.33409e-10,1,0
0.0048776,-0.354591,0.0669076,-0.651229,3.81465,-72697.7,-1,4.65452e-11,1,0
0.00487838,-0.35433,0.0665486,-0.65184,3.81401,-72632.7,-1,1.78356e-09,1,0
0.00487967,-0.354654,0.0677055,-0.650959,3.81404,-72679.9,-1,9.36863e-10,1,0
0.00488103,-0.354873,0.0689717,-0.650043,3.81403,-72704.6,-1,9.36863e-10,1,0
0.00488197,-0.355023,0.0698419,-0.649411,3.81466,-72721.2,-1,9.70505e-12,1,0
0.00488352,-0.356815,0.0699368,-0.64923,3.81457,-73065.1,-1,9.70505e-12,1,0
0.0048845,-0.357889,0.0698305,-0.649047,3.81459,-73270.2,-1,2.63524e-09,1,0
0.00488505,-0.357952,0.0703028,-0.649336,3.81802,-73275,-1,3.52806e-10,1,0
0.00488629,-0.358016,0.0715342,-0.650093,3.8165,-73269.4,-1,2.02872e-09,1,0
0.00488744,-0.356903,0.0715742,-0.649415,3.81626,-73024.4,-1,3.86005e-11,1,0
0.00488827,-0.356561,0.0718111,-0.649072,3.81475,-72942.1,-1,3.09389e-10,1,0
0.00488876,-0.356665,0.0721049,-0.649018,3.81395,-72956.1,-1,4.36159e-10,1,0
0.004889,-0.356512,0.0722412,-0.648961,3.8117,-72921.2,-1,1.93376e-10,1,0
0.0048899,-0.355999,0.073093,-0.648649,3.81173,-72802.9,-1,1.93376e-10,1,0
0.00489136,-0.356318,0.074574,-0.648587,3.81095,-72846.3,-1,3.44699e-10,1,0
0.0048922,-0.356754,0.0754207,-0.648547,3.81163,-72923,-1,1.69328e-09,1,0
0.00489334,-0.357399,0.0763736,-0.648743,3.81165,-73037.8,-1,8.06464e-11,1,0
0.00489429,-0.357829,0.0771063,-0.648203,3.81399,-73111.4,-1,9.7661e-10,1,0
0.00489601,-0.358399,0.0787517,-0.648472,3.81416,-73202.2,-1,1.25751e-09,1,0
0.00489718,-0.358076,0.0788368,-0.648432,3.80942,-73118.8,-1,2.83017e-10,1,0
0.00489842,-0.358916,0.0793431,-0.648876,3.8099,-73271.9,-1,1.15054e-09,1,0
0.0048992,-0.358507,0.0793099,-0.648197,3.80855,-73176.6,-1,6.62473e-10,1,0
0.00489998,-0.358466,0.0795441,-0.647336,3.80887,-73156.7,-1,8.92872e-10,1,0
0.00490145,-0.358445,0.0788058,-0.646903,3.80927,-73130.3,-1,5.10946e-10,1,0
0.00490288,-0.358068,0.0775237,-0.646959,3.81086,-73032.2,-1,2.39827e-10,1,0
0.00490352,-0.357333,0.0774365,-0.64691,3.81089,-72872.9,-1,2.39827e-10,1,0
0.00490403,-0.356968,0.0773247,-0.647192,3.80994,-72790.7,-1,3.26399e-10,1,0
0.0049054,-0.356195,0.0765838,-0.647245,3.80877,-72612.9,-1,2.30621e-10,1,0
0.00490636,-0.355767,0.0773851,-0.647574,3.80895,-72511.5,-1,1.20301e-09,1,0
0.00490776,-0.355397,0.0772289,-0.646641,3.80897,-72415.4,-1,2.12711e-10,1,0
0.00490825,-0.355651,0.077008,-0.646399,3.81069,-72459.8,-1,1.63323e-10,1,0
0.00490986,-0.357183,0.0772699,-0.646577,3.81186,-72748,-1,2.69273e-10,1,0
0.0049118,-0.356711,0.0765528,-0.644501,3.81188,-72623.3,-1,2.69273e-10,1,0
0.00491304,-0.35641,0.0760941,-0.643174,3.8119,-72543.6,-1,2.69273e-10,1,0
0.00491436,-0.356306,0.0756436,-0.641852,3.81132,-72503,-1,2.00512e-10,1,0
0.00491591,-0.355611,0.074871,-0.642016,3.81423,-72338.9,-1,3.54396e-10,1,0
0.00491729,-0.35461,0.0746546,-0.641989,3.81576,-72114.9,-1,2.9847e-10,1,0
0.0049191,-0.355084,0.0739197,-0.640214,3.81559,-72184.8,-1,1.12543e-10,1,0
0.00491994,-0.354939,0.0734179,-0.639402,3.8156,-72143.1,-1,1.12543e-10,1,0
0.00492071,-0.354805,0.0729513,-0.638646,3.81652,-72104.3,-1,2.56687e-09,1,0
0.00492177,-0.35456,0.0723558,-0.637705,3.81721,-72039.1,-1,1.07225e-09,1,0
0.00492336,-0.353358,0.0735227,-0.637835,3.8165,-71771.8,-1,6.09605e-10,1,0
0.00492384,-0.353065,0.0739694,-0.637988,3.81651,-71705.1,-1,6.09605e-10,1,0
0.0049249,-0.353298,0.0740416,-0.63874,3.81621,-71737.1,-1,9.13756e-10,1,0
0.00492591,-0.353178,0.0741559,-0.638221,3.81214,-71698,-1,7.63026e-11,1,0
0.0049277,-0.354625,0.0739078,-0.637222,3.81092,-71965.6,-1,7.01602e-10,1,0
0.00492834,-0.355018,0.074508,-0.637389,3.81034,-72036,-1,4.64977e-10,1,0
0.00492964,-0.354147,0.0737919,-0.637308,3.8094,-71840.4,-1,9.39373e-10,1,0
0.0049302,-0.35444,0.0733592,-0.637647,3.80651,-71891.8,-1,6.31097e-10,1,0
0.00493033,-0.354432,0.073513,-0.637632,3.80639,-71888.1,-1,1.43396e-10,1,0
0.00493226,-0.355235,0.0747984,-0.636888,3.80622,-72022.8,-1,5.21902e-10,1,0
0.00493351,-0.355415,0.0744652,-0.635753,3.80844,-72041,-1,9.11696e-10,1,0
0.00493409,-0.35483,0.0745052,-0.636081,3.80846,-71914,-1,9.11696e-10,1,0
0.00493521,-0.353698,0.0745826,-0.636718,3.80661,-71668.2,-1,6.29886e-10,1,0
0.00493554,-0.353673,0.0747293,-0.636376,3.80773,-71658.5,-1,3.73328e-10,1,0
0.00493723,-0.351856,0.0748216,-0.636471,3.8072,-71265.8,-1,1.1286e-10,1,0
0.00493833,-0.351004,0.0753875,-0.636541,3.80646,-71077.5,-1,2.58709e-09,1,0
0.00493884,-0.351112,0.0757148,-0.636601,3.80409,-71091.9,-1,2.00454e-10,1,0
0.00493935,-0.351425,0.0756274,-0.636941,3.80647,-71148,-1,1.59725e-10,1,0
0.00494071,-0.351833,0.0766322,-0.636924,3.80782,-71211,-1,3.63183e-10,1,0
0.00494118,-0.352045,0.076727,-0.636868,3.80775,-71247.2,-1,1.9097e-10,1,0
0.00494269,-0.352443,0.0751544,-0.636221,3.80577,-71306,-1,1.95275e-09,1,0
0.00494359,-0.35205,0.0743818,-0.636212,3.80715,-71213.4,-1,2.14245e-10,1,0
0.00494413,-0.351608,0.0741471,-0.636083,3.80886,-71116.3,-1,4.82224e-11,1,0
0.00494544,-0.350395,0.0732533,-0.635946,3.80873,-70852.1,-1,7.27322e-10,1,0
0.00494728,-0.348703,0.0719615,-0.635796,3.80767,-70483.9,-1,3.46919e-09,1,0
0.00494797,-0.348627,0.0727291,-0.635857,3.80848,-70458.6,-1,2.39851e-10,1,0
0.00494883,-0.348615,0.0735036,-0.635989,3.80992,-70443.9,-1,1.42527e-09,1,0
0.00494934,-0.349057,0.0737284,-0.635753,3.80985,-70526.1,-1,2.16809e-10,1,0
0.00495152,-0.350267,0.0742355,-0.635544,3.81149,-70739.3,-1,2.34155e-09,1,0
0.00495195,-0.350284,0.0738281,-0.63575,3.81125,-70736.5,-1,9.09039e-10,1,0
0.00495242,-0.350259,0.0734148,-0.635713,3.8121,-70724.8,-1,1.89337e-10,1,0
0.00495428,-0.349915,0.073361,-0.637636,3.81059,-70628.7,-1,1.81983e-09,1,0
0.00495606,-0.350502,0.0752972,-0.637576,3.81271,-70721.8,-1,2.03939e-09,1,0
0.00495626,-0.350441,0.0751608,-0.637686,3.8115,-70706.7,-1,1.91924e-10,1,0
0.00495714,-0.349553,0.0756596,-0.637752,3.81155,-70515,-1,1.91924e-10,1,0
0.00495889,-0.349342,0.0767161,-0.637383,3.80987,-70447.6,-1,9.83573e-10,1,0
0.004961,-0.349092,0.0779967,-0.637446,3.80949,-70367.3,-1,4.31772e-10,1,0
0.00496236,-0.348262,0.0793127,-0.63727,3.81091,-70180.7,-1,1.45597e-11,1,0
0.0049634,-0.349051,0.0797838,-0.636492,3.81087,-70324.9,-1,1.45597e-11,1,0
0.00496474,-0.347747,0.0804102,-0.636382,3.80723,-70043.4,-1,1.47682e-09,1,0
0.00496656,-0.347323,0.0803625,-0.635744,3.80941,-69932.3,-1,1.22884e-09,1,0
0.0049671,-0.347434,0.0799899,-0.635466,3.8085,-69947.1,-1,6.37518e-11,1,0
0.00496765,-0.347686,0.0801697,-0.635097,3.80693,-69990.1,-1,2.98785e-10,1,0
0.0049683,-0.348308,0.0803814,-0.635118,3.80607,-70106.1,-1,3.04722e-10,1,0
0.00496856,-0.348338,0.0802839,-0.635105,3.8127,-70108.4,-1,1.78006e-10,1,0
0.00497061,-0.349466,0.0809331,-0.635526,3.81351,-70306.4,-1,1.01423e-09,1,0
0.00497197,-0.350324,0.0819296,-0.636384,3.81347,-70459.9,-1,1.01423e-09,1,0
0.00497338,-0.350017,0.082896,-0.636785,3.81395,-70378,-1,8.71038e-10,1,0
0.00497405,-0.349876,0.0830692,-0.636529,3.81368,-70340.3,-1,3.12217e-10,1,0
0.00497607,-0.349442,0.0839823,-0.637461,3.81163,-70224.5,-1,1.29219e-09,1,0
0.00497734,-0.349954,0.0827564,-0.636813,3.80901,-70309.3,-1,1.47784e-09,1,0
0.00497845,-0.349656,0.0833428,-0.636879,3.80853,-70233.8,-1,3.23757e-10,1,0
0.00497875,-0.349835,0.0831111,-0.636926,3.80926,-70265.7,-1,1.43259e-10,1,0
0.0049792,-0.350144,0.0827766,-0.636797,3.80817,-70321.4,-1,2.6548e-11,1,0
0.0049804,-0.34889,0.0822771,-0.637137,3.80717,-70052.6,-1,2.79062e-11,1,0
0.00498152,-0.34916,0.0830997,-0.637785,3.80841,-70091,-1,5.54703e-10,1,0
0.00498259,-0.349263,0.0839398,-0.638218,3.80735,-70096.6,-1,1.97715e-10,1,0
0.00498438,-0.348393,0.082256,-0.638383,3.80783,-69897,-1,5.57273e-10,1,0
0.00498618,-0.348856,0.0813598,-0.639116,3.80779,-69964.5,-1,2.9073e-09,1,0
0.00498723,-0.348867,0.0813155,-0.639429,3.80679,-69952,-1,1.51211e-10,1,0
0.00498948,-0.34857,0.0838918,-0.639175,3.8068,-69860.9,-1,1.51211e-10,1,0
0.00499156,-0.348824,0.0854536,-0.638995,3.80361,-69882.8,-1,3.64386e-10,1,0
0.00499353,-0.348519,0.0861687,-0.640925,3.80345,-69794.1,-1,1.05486e-09,1,0
0.00499447,-0.34838,0.0864847,-0.641825,3.80272,-69753.1,-1,4.65483e-10,1,0
0.00499488,-0.348724,0.086373,-0.64203,3.8026,-69816.4,-1,9.7265e-11,1,0
0.0049963,-0.349118,0.0873544,-0.641246,3.80336,-69875.2,-1,1.29257e-09,1,0
0.00499696,-0.349302,0.0872413,-0.640753,3.80322,-69902.8,-1,5.79217e-10,1,0
0.0049982,-0.348638,0.0872345,-0.639901,3.80413,-69752.6,-1,5.24604e-10,1,0
0.00499903,-0.34854,0.0881743,-0.640081,3.80442,-69721.5,-1,3.13754e-10,1,0
0.00500075,-0.348339,0.0901107,-0.640451,3.80308,-69657.5,-1,2.6297e-09,1,0
0.0050015,-0.348177,0.0904766,-0.639681,3.80215,-69614.5,-1,8.67976e-10,1,0
0.00500285,-0.347658,0.0891473,-0.639035,3.80218,-69492.1,-1,8.67976e-10,1,0
0.00500395,-0.347302,0.0882188,-0.638794,3.80296,-69405.6,-1,2.63957e-09,1,0
0.00500582,-0.347243,0.0886808,-0.640555,3.80495,-69367.7,-1,6.04307e-10,1,0
0.00500601,-0.347267,0.088667,-0.64058,3.80654,-69370,-1,9.09835e-11,1,0
0.0050077,-0.345885,0.0885193,-0.640252,3.80842,-69070.7,-1,9.76462e-10,1,0
0.00500913,-0.344751,0.0891236,-0.639214,3.80926,-68824.6,-1,2.6964e-09,1,0
0.00500943,-0.344843,0.0890141,-0.639171,3.80679,-68838.7,-1,1.61395e-10,1,0
0.00501105,-0.34521,0.0893559,-0.639898,3.80608,-68889.8,-1,5.58987e-10,1,0
0.00501237,-0.346396,0.0890104,-0.639101,3.80452,-69108.2,-1,1.49638e-09,1,0
0.00501304,-0.345712,0.0893721,-0.639156,3.80455,-68962.5,-1,1.49638e-09,1,0
0.00501335,-0.345503,0.0896267,-0.639054,3.80508,-68916.7,-1,8.51375e-10,1,0
0.0050148,-0.346639,0.0898469,-0.638355,3.80357,-69123.2,-1,1.41715e-09,1,0
0.00501592,-0.347073,0.0903386,-0.637448,3.80502,-69194.3,-1,8.98579e-11,1,0
0.00501828,-0.347783,0.0914603,-0.635108,3.80453,-69303.2,-1,1.00893e-09,1,0
0.00502027,-0.348325,0.0919325,-0.63548,3.80329,-69383.9,-1,9.45962e-10,1,0
0.00502218,-0.347345,0.0905436,-0.636073,3.80482,-69162.2,-1,1.48188e-09,1,0
0.00502337,-0.347774,0.0896694,-0.635776,3.80428,-69231.3,-1,4.62476e-10,1,0
0.005024,-0.347287,0.0892647,-0.635413,3.80644,-69125.7,-1,7.2996e-10,1,0
0.00502502,-0.34827,0.0896867,-0.635863,3.80568,-69307.2,-1,1.14298e-09,1,0
0.00502511,-0.348291,0.0897415,-0.635883,3.80999,-69310.1,-1,1.05675e-10,1,0
0.00502708,-0.348675,0.089805,-0.637146,3.81214,-69359.4,-1,1.73697e-09,1,0
0.00502759,-0.34898,0.0900647,-0.63716,3.81037,-69412.9,-1,8.82627e-10,1,0
0.00502886,-0.349511,0.0902333,-0.638139,3.81134,-69501.2,-1,1.45812e-09,1,0
0.00503058,-0.348914,0.088441,-0.638794,3.80905,-69358.5,-1,1.14459e-10,1,0
0.00503133,-0.349224,0.088556,-0.639086,3.80841,-69409.7,-1,2.87838e-10,1,0
0.00503312,-0.349787,0.0888363,-0.640885,3.80851,-69497.1,-1,1.6993e-09,1,0
0.00503436,-0.349356,0.0883338,-0.641617,3.80695,-69394.2,-1,8.65623e-10,1,0
0.00503593,-0.347942,0.0878953,-0.640557,3.80702,-69091.7,-1,8.65623e-10,1,0
0.00503702,-0.347911,0.0879969,-0.640345,3.80552,-69070.7,-1,5.84669e-10,1,0
0.00503828,-0.346632,0.0882224,-0.641,3.8033,-68799.6,-1,1.45453e-09,1,0
0.00503859,-0.346448,0.0882701,-0.641001,3.80401,-68758.9,-1,1.12076e-10,1,0
0.00503914,-0.346385,0.0886993,-0.640849,3.80346,-68738.8,-1,2.75792e-10,1,0
0.00504,-0.346417,0.0888249,-0.641045,3.80322,-68733.5,-1,4.90859e-10,1,0
0.00504126,-0.346197,0.0895544,-0.640841,3.80079,-68672.8,-1,2.11172e-10,1,0
0.00504178,-0.346285,0.0899074,-0.640617,3.80132,-68683.2,-1,2.67165e-10,1,0
0.00504339,-0.346942,0.0906921,-0.640979,3.80105,-68791.4,-1,4.31447e-10,1,0
0.00504388,-0.347266,0.0908325,-0.641261,3.80039,-68848.9,-1,1.44087e-10,1,0
0.00504523,-0.346786,0.0910896,-0.642665,3.80122,-68735.5,-1,1.08553e-09,1,0
0.00504616,-0.345887,0.0907271,-0.642209,3.80242,-68544.6,-1,1.07207e-09,1,0
0.00504796,-0.34481,0.0892233,-0.641248,3.80259,-68306.9,-1,1.29275e-09,1,0
0.00504948,-0.343705,0.0882297,-0.640799,3.80302,-68067.5,-1,2.08377e-09,1,0
0.00505061,-0.342468,0.0880575,-0.641213,3.80188,-67807.1,-1,1.78141e-09,1,0
0.00505233,-0.341744,0.0881624,-0.641319,3.79623,-67641,-1,1.18556e-09,1,0
0.00505283,-0.341773,0.0882001,-0.641494,3.79663,-67640,-1,2.84709e-10,1,0
0.00505379,-0.340825,0.0885191,-0.641012,3.79668,-67439.6,-1,2.84709e-10,1,0
0.00505404,-0.340559,0.088503,-0.640936,3.79718,-67383.6,-1,1.91641e-10,1,0
0.00505427,-0.340572,0.088364,-0.641147,3.7968,-67383,-1,2.37956e-10,1,0
0.00505608,-0.341348,0.0870821,-0.642026,3.79635,-67512.4,-1,1.2583e-09,1,0
0.00505757,-0.342666,0.0880453,-0.641478,3.79424,-67753.1,-1,1.72195e-09,1,0
0.00505859,-0.342159,0.087181,-0.641398,3.79199,-67639.3,-1,1.03518e-09,1,0
0.00505904,-0.34208,0.0868331,-0.641622,3.79132,-67617.5,-1,3.9568e-10,1,0
0.00506087,-0.342831,0.0871558,-0.643066,3.7916,-67741.5,-1,5.1456e-10,1,0
0.00506165,-0.343591,0.086916,-0.64304,3.79226,-67881.2,-1,1.7979e-09,1,0
0.00506373,-0.344143,0.0867071,-0.642922,3.79139,-67962.3,-1,9.3909e-10,1,0
0.00506534,-0.344127,0.0858324,-0.64396,3.79146,-67937.5,-1,3.22799e-10,1,0
0.00506682,-0.344068,0.0858013,-0.644986,3.79085,-67906.1,-1,2.11605e-11,1,0
0.0050678,-0.344223,0.0851957,-0.645048,3.78976,-67923.6,-1,1.46206e-10,1,0
0.00506866,-0.343913,0.0853183,-0.645706,3.79035,-67850.9,-1,1.06247e-09,1,0
0.0050704,-0.343092,0.0840506,-0.645774,3.791,-67665.8,-1,2.08584e-10,1,0
0.00507151,-0.342052,0.0834149,-0.645372,3.79341,-67445.9,-1,2.10313e-09,1,0
0.0050721,-0.342231,0.0831506,-0.645746,3.79235,-67473.3,-1,3.66872e-10,1,0
0.00507336,-0.343572,0.0826829,-0.646048,3.79229,-67720.9,-1,3.66872e-10,1,0
0.00507483,-0.345149,0.082133,-0.646402,3.79221,-68011.9,-1,3.66872e-10,1,0
0.00507523,-0.345573,0.081985,-0.646497,3.79262,-68090.1,-1,3.62439e-09,1,0
0.00507665,-0.347085,0.0814578,-0.646836,3.79151,-68368.9,-1,1.94927e-09,1,0
0.00507758,-0.346866,0.0824673,-0.64651,3.79152,-68313.1,-1,1.94927e-09,1,0
0.00507897,-0.34711,0.0828849,-0.646281,3.79183,-68342.7,-1,2.08434e-10,1,0
0.00508057,-0.347501,0.0813405,-0.645337,3.79,-68398.1,-1,1.85178e-09,1,0
0.0050826,-0.347754,0.0826191,-0.646756,3.79032,-68420.5,-1,1.29252e-09,1,0
0.00508374,-0.348308,0.0833315,-0.647022,3.7907,-68514,-1,1.93491e-09,1,0
0.0050848,-0.347548,0.0825625,-0.647162,3.7915,-68350.3,-1,2.56899e-10,1,0
0.00508678,-0.347543,0.0813429,-0.646174,3.78923,-68322.7,-1,3.85172e-10,1,0
0.00508749,-0.347445,0.0814343,-0.646125,3.78886,-68294,-1,9.89161e-10,1,0
0.00508972,-0.347281,0.0839165,-0.646769,3.78902,-68232,-1,3.01184e-09,1,0
0.00509091,-0.348567,0.0836592,-0.646572,3.79042,-68468.4,-1,2.8937e-11,1,0
0.00509165,-0.348528,0.0834835,-0.64675,3.79153,-68450.8,-1,1.54828e-10,1,0
0.00509275,-0.348058,0.0829681,-0.646564,3.79029,-68343.9,-1,1.30193e-09,1,0
0.00509338,-0.348113,0.0836617,-0.646778,3.79029,-68346.2,-1,1.30193e-09,1,0
0.00509493,-0.348248,0.0853759,-0.647306,3.79028,-68351.8,-1,1.30193e-09,1,0
0.0050965,-0.348383,0.0870997,-0.647837,3.79087,-68357.4,-1,4.62796e-09,1,0
0.00509835,-0.347848,0.0887171,-0.647673,3.79308,-68227.5,-1,9.91485e-11,1,0
0.00509959,-0.347852,0.0885624,-0.647446,3.79698,-68211.8,-1,7.93208e-10,1,0
0.00510102,-0.348126,0.0882138,-0.648651,3.80059,-68246.4,-1,3.14781e-11,1,0
0.00510167,-0.347858,0.0887623,-0.649083,3.79987,-68185.2,-1,3.27492e-12,1,0
0.00510218,-0.34738,0.0888858,-0.649202,3.7995,-68084.7,-1,9.32921e-10,1,0
0.00510429,-0.347807,0.0882321,-0.650121,3.79735,-68140.2,-1,1.18266e-09,1,0
0.00510573,-0.349133,0.0880357,-0.649968,3.79703,-68380.6,-1,1.38571e-09,1,0
0.00510636,-0.349385,0.0881844,-0.649637,3.79469,-68421.6,-1,1.84188e-10,1,0
0.00510763,-0.349609,0.0884843,-0.649449,3.79459,-68448.5,-1,7.08639e-10,1,0
0.00510888,-0.350025,0.0887797,-0.648396,3.79409,-68513.1,-1,3.30184e-10,1,0
0.00510912,-0.349874,0.0886354,-0.648216,3.79516,-68480.4,-1,3.7751e-10,1,0
0.00510952,-0.349796,0.0885298,-0.647809,3.7938,-68459.7,-1,3.86813e-10,1,0
0.00511077,-0.349505,0.0871503,-0.64749,3.79381,-68385.9,-1,3.86813e-10,1,0
0.00511182,-0.348708,0.0874766,-0.647035,3.79087,-68215.9,-1,8.51257e-11,1,0
0.00511264,-0.349025,0.0880376,-0.646853,3.79286,-68267,-1,1.21549e-09,1,0
0.00511385,-0.349994,0.088849,-0.647116,3.79182,-68440.5,-1,2.13554e-10,1,0
0.00511533,-0.35157,0.0884993,-0.646555,3.79174,-68728.8,-1,2.13554e-10,1,0
0.00511595,-0.352043,0.0885682,-0.646605,3.79204,-68812.7,-1,1.41911e-10,1,0
0.0051171,-0.352185,0.0881837,-0.646655,3.78815,-68825,-1,4.80566e-10,1,0
0.00511856,-0.35234,0.0870915,-0.647804,3.78869,-68835.8,-1,8.15565e-10,1,0
0.0051192,-0.352267,0.0864627,-0.648195,3.7887,-68812.8,-1,8.15565e-10,1,0
0.0051198,-0.352382,0.0861889,-0.648158,3.78877,-68827.3,-1,2.01001e-09,1,0
0.00512147,-0.353383,0.0865885,-0.646567,3.78872,-69000.4,-1,2.01001e-09,1,0
0.00512394,-0.354747,0.0877248,-0.646592,3.78753,-69233.4,-1,3.51076e-09,1,0
0.00512584,-0.356139,0.0883177,-0.647032,3.78819,-69479.2,-1,2.8051e-09,1,0
0.00512723,-0.357188,0.0882069,-0.647448,3.78301,-69664.9,-1,1.26099e-10,1,0
0.00512775,-0.357539,0.0881727,-0.647945,3.78501,-69726.2,-1,5.54846e-10,1,0
0.00512894,-0.357069,0.0893962,-0.64781,3.78358,-69618.4,-1,1.20868e-09,1,0
0.0051305,-0.355594,0.0883613,-0.647885,3.78365,-69309.8,-1,1.20868e-09,1,0
0.00513133,-0.355425,0.0891193,-0.647834,3.78431,-69265.7,-1,1.92655e-09,1,0
0.00513216,-0.355778,0.089051,-0.647644,3.78143,-69323.3,-1,5.94437e-10,1,0
0.00513268,-0.356168,0.0886171,-0.647474,3.78133,-69392.2,-1,6.07811e-10,1,0
0.00513404,-0.355912,0.0899634,-0.648224,3.78134,-69324,-1,6.07811e-10,1,0
0.00513536,-0.354672,0.0902492,-0.648248,3.77998,-69064.8,-1,1.88965e-09,1,0
0.00513579,-0.354334,0.0903489,-0.648202,3.77787,-68993.2,-1,8.81287e-11,1,0
0.0051362,-0.354035,0.0904138,-0.64841,3.77716,-68929.2,-1,3.19223e-10,1,0
0.00513735,-0.354327,0.0906386,-0.649014,3.77972,-68970.7,-1,6.1273e-10,1,0
0.00513844,-0.355551,0.0907135,-0.648957,3.7798,-69194.4,-1,4.07069e-10,1,0
0.00513881,-0.355501,0.0907061,-0.648862,3.78038,-69179.5,-1,2.28488e-10,1,0
0.00514097,-0.356693,0.089564,-0.6495,3.77986,-69382.4,-1,5.21107e-10,1,0
0.00514249,-0.35619,0.090587,-0.649739,3.78323,-69264.2,-1,2.30042e-09,1,0
0.00514334,-0.356202,0.0907236,-0.650068,3.78373,-69254.9,-1,1.90789e-09,1,0
0.00514387,-0.356486,0.0903869,-0.650464,3.78403,-69303,-1,3.25408e-11,1,0
0.00514479,-0.355663,0.0910304,-0.650301,3.78407,-69130.7,-1,3.25408e-11,1,0
0.00514603,-0.354845,0.0914733,-0.650236,3.78242,-68955,-1,2.20336e-09,1,0
0.00514622,-0.354749,0.0914302,-0.650314,3.78188,-68934,-1,1.29896e-10,1,0
0.00514822,-0.355387,0.0922363,-0.650528,3.78478,-69031.1,-1,7.76836e-10,1,0
0.0051496,-0.355008,0.0909371,-0.649688,3.7848,-68938.9,-1,7.76836e-10,1,0
0.00515084,-0.354514,0.0897609,-0.649031,3.78511,-68826.5,-1,1.10971e-09,1,0
0.00515171,-0.353668,0.0892615,-0.649033,3.78415,-68650.5,-1,8.79286e-10,1,0
0.00515261,-0.353173,0.0885562,-0.648592,3.78339,-68542.5,-1,6.92276e-10,1,0
0.00515375,-0.352971,0.0886182,-0.649103,3.78258,-68488.2,-1,1.47068e-10,1,0
0.00515478,-0.352037,0.0878949,-0.648953,3.78224,-68293.3,-1,1.19088e-09,1,0
0.00515558,-0.3523,0.0883201,-0.649099,3.78217,-68333.6,-1,6.86861e-10,1,0
0.0051572,-0.351184,0.0874495,-0.649582,3.78069,-68095.8,-1,7.36746e-10,1,0
0.00515866,-0.352373,0.0874189,-0.650686,3.78276,-68307.1,-1,1.29269e-09,1,0
0.0051595,-0.352175,0.0870996,-0.650468,3.78419,-68257.6,-1,6.23322e-10,1,0
0.00516074,-0.351133,0.0878791,-0.65108,3.78444,-68039.4,-1,1.43777e-09,1,0
0.00516193,-0.351026,0.0868659,-0.651943,3.78289,-68002.8,-1,1.34679e-09,1,0
0.00516242,-0.350971,0.086983,-0.652012,3.78287,-67985.7,-1,3.19401e-10,1,0
0.00516288,-0.351145,0.0869794,-0.651676,3.78261,-68013.4,-1,4.26768e-10,1,0
0.00516444,-0.351628,0.0874848,-0.652443,3.78202,-68086.4,-1,1.29249e-09,1,0
0.0051656,-0.351154,0.0884666,-0.651668,3.77976,-67979.4,-1,1.33767e-09,1,0
0.00516638,-0.351478,0.0878585,-0.651773,3.77896,-68031.7,-1,1.17454e-10,1,0
0.00516691,-0.351695,0.087702,-0.651676,3.7783,-68066.8,-1,3.22917e-10,1,0
0.00516827,-0.350414,0.0879752,-0.652541,3.77723,-67801,-1,1.73648e-09,1,0
0.00516867,-0.350041,0.0878893,-0.652496,3.77818,-67723.6,-1,4.46319e-11,1,0
0.00516935,-0.349307,0.0879039,-0.652626,3.77794,-67572.8,-1,6.495e-10,1,0
0.00517043,-0.348134,0.0881045,-0.652999,3.77836,-67331.7,-1,1.7899e-09,1,0
0.00517087,-0.347882,0.0883356,-0.653384,3.77837,-67277.2,-1,1.7899e-09,1,0
0.00517246,-0.346748,0.0888021,-0.652673,3.78289,-67037.3,-1,3.90984e-10,1,0
0.00517401,-0.347574,0.0887087,-0.653602,3.78153,-67176.9,-1,1.24539e-09,1,0
0.00517512,-0.348571,0.0884849,-0.652834,3.78281,-67355.2,-1,1.2785e-09,1,0
0.00517627,-0.348042,0.08863,-0.654013,3.78116,-67237.9,-1,2.75971e-10,1,0
0.00517674,-0.34855,0.0887883,-0.654068,3.78065,-67330,-1,4.9672e-10,1,0
0.00517755,-0.348819,0.088465,-0.65447,3.77598,-67371.6,-1,6.45098e-10,1,0
0.00517795,-0.348574,0.0883849,-0.654577,3.77468,-67318.8,-1,1.92047e-10,1,0
0.00517824,-0.348664,0.0883096,-0.654734,3.77468,-67332.5,-1,1.93543e-10,1,0
0.00517916,-0.348292,0.0880212,-0.654547,3.77603,-67248.7,-1,5.83272e-10,1,0
0.00517941,-0.348232,0.0882743,-0.654445,3.77597,-67233.9,-1,5.2996e-10,1,0
0.00518056,-0.348036,0.0895144,-0.654041,3.77598,-67181.2,-1,5.2996e-10,1,0
0.00518172,-0.348586,0.0897589,-0.654999,3.77575,-67272.4,-1,2.0776e-10,1,0
0.00518388,-0.349696,0.0897496,-0.657231,3.77569,-67458.3,-1,2.0776e-10,1,0
0.00518478,-0.350159,0.0897457,-0.658163,3.77554,-67535.9,-1,4.59546e-09,1,0
0.00518552,-0.350105,0.0904414,-0.658489,3.77617,-67515.9,-1,3.24419e-10,1,0
0.00518619,-0.350261,0.0906157,-0.659173,3.77473,-67537.2,-1,2.11225e-10,1,0
0.00518673,-0.350358,0.0905788,-0.659539,3.77671,-67549,-1,1.38631e-10,1,0
0.00518904,-0.350967,0.0890143,-0.65816,3.77716,-67636.2,-1,1.47868e-09,1,0
0.00519001,-0.351163,0.0881592,-0.658554,3.77642,-67661.3,-1,1.70029e-09,1,0
0.00519087,-0.351433,0.0879574,-0.658895,3.77559,-67702.2,-1,4.23849e-10,1,0
0.00519183,-0.350544,0.0884721,-0.659188,3.77582,-67518.4,-1,1.02646e-09,1,0
0.0051926,-0.350268,0.0891885,-0.659519,3.7782,-67455.3,-1,3.61079e-10,1,0
0.00519329,-0.349911,0.0894517,-0.659627,3.77686,-67377.5,-1,7.88925e-10,1,0
0.0051944,-0.349941,0.0883758,-0.659246,3.77915,-67368.8,-1,5.84833e-10,1,0
0.00519543,-0.349106,0.0878364,-0.6586,3.7792,-67194.7,-1,5.84833e-10,1,0
0.00519618,-0.348393,0.0879928,-0.658664,3.77909,-67047.9,-1,6.3808e-10,1,0
0.0051968,-0.348081,0.0885807,-0.658415,3.77949,-66979.9,-1,7.10593e-10,1,0
0.00519887,-0.349095,0.0891765,-0.658537,3.77751,-67148.2,-1,1.09525e-09,1,0
0.00520046,-0.348409,0.0882847,-0.657606,3.77596,-66995.9,-1,1.64454e-09,1,0
0.00520252,-0.347972,0.0882819,-0.65994,3.77598,-66885.3,-1,1.64454e-09,1,0
0.00520383,-0.347613,0.0876796,-0.661229,3.78002,-66799.4,-1,1.13528e-09,1,0
0.00520531,-0.347641,0.0892501,-0.660558,3.77919,-66785.8,-1,1.70796e-09,1,0
0.00520565,-0.347476,0.088939,-0.66039,3.7798,-66749.8,-1,3.90389e-10,1,0
0.0052064,-0.346767,0.0890287,-0.660793,3.78246,-66603.9,-1,8.08466e-10,1,0
0.0052074,-0.346342,0.0883998,-0.659987,3.78162,-66509.7,-1,1.54949e-10,1,0
0.00520996,-0.344536,0.0866174,-0.65894,3.78147,-66130.4,-1,6.69941e-10,1,0
0.0052114,-0.343554,0.0862426,-0.660183,3.78138,-65923.5,-1,1.30999e-09,1,0
0.00521186,-0.343195,0.0864007,-0.659989,3.78501,-65848.8,-1,2.50439e-10,1,0
0.00521275,-0.343157,0.0868218,-0.66001,3.78233,-65830.5,-1,6.42918e-10,1,0
0.00521428,-0.342119,0.0871885,-0.661401,3.78239,-65611.9,-1,6.42918e-10,1,0
0.00521497,-0.341613,0.0870294,-0.661688,3.78153,-65506.3,-1,2.20629e-09,1,0
0.00521738,-0.339645,0.0850949,-0.661288,3.78163,-65098.8,-1,2.20629e-09,1,0
0.00521763,-0.339591,0.0849093,-0.661179,3.78172,-65085.4,-1,3.2993e-09,1,0
0.00521824,-0.340091,0.0849073,-0.661419,3.78216,-65173.5,-1,2.78448e-10,1,0
0.00522017,-0.339685,0.085159,-0.661089,3.78253,-65071.5,-1,1.2927e-09,1,0
0.00522133,-0.339228,0.0861061,-0.661921,3.78255,-64969.7,-1,1.2927e-09,1,0
0.00522256,-0.338646,0.0868334,-0.661672,3.78465,-64842.9,-1,6.83449e-10,1,0
0.00522348,-0.338439,0.0864226,-0.660819,3.78205,-64791.8,-1,2.59758e-10,1,0
0.00522421,-0.338862,0.086093,-0.660332,3.78453,-64863.8,-1,7.63533e-10,1,0
0.00522523,-0.339252,0.0868221,-0.660848,3.78472,-64925.8,-1,3.53655e-10,1,0
0.00522642,-0.339571,0.0879021,-0.66155,3.78682,-64972.1,-1,8.45327e-10,1,0
0.00522684,-0.3391,0.0878571,-0.661456,3.7852,-64876.7,-1,4.82732e-10,1,0
0.00522786,-0.338498,0.0884351,-0.66222,3.78523,-64748.8,-1,1.61137e-10,1,0
0.00522891,-0.338018,0.0889504,-0.663088,3.78427,-64644.1,-1,7.90814e-10,1,0
0.0052306,-0.336339,0.0898146,-0.663563,3.78417,-64302.1,-1,1.94796e-09,1,0
0.00523082,-0.336389,0.0896241,-0.663453,3.78278,-64309.1,-1,2.48888e-11,1,0
0.0052315,-0.336609,0.0898311,-0.664169,3.78246,-64342.7,-1,5.28904e-10,1,0
0.00523304,-0.336885,0.0904592,-0.664356,3.78503,-64376.5,-1,2.19881e-10,1,0
0.00523381,-0.337146,0.0907892,-0.664732,3.78664,-64417,-1,2.00385e-10,1,0
0.00523531,-0.338099,0.0914989,-0.665127,3.78584,-64580.6,-1,4.34426e-10,1,0
0.00523682,-0.33826,0.0922075,-0.663867,3.78572,-64592.6,-1,1.51266e-09,1,0
0.00523725,-0.33814,0.0922264,-0.663989,3.7846,-64564.6,-1,1.54617e-10,1,0
0.00523894,-0.337006,0.0911661,-0.664058,3.78611,-64327.1,-1,1.06399e-09,1,0
0.00523959,-0.336924,0.0905746,-0.664352,3.78765,-64303.4,-1,5.94767e-11,1,0
0.00524161,-0.336155,0.0886579,-0.663551,3.78745,-64131.9,-1,9.95319e-10,1,0
0.00524242,-0.336357,0.0877823,-0.663768,3.78782,-64160.7,-1,7.10703e-12,1,0
0.00524259,-0.336508,0.0878508,-0.663665,3.78782,-64187.4,-1,7.10703e-12,1,0
0.00524321,-0.336791,0.0876522,-0.663439,3.78973,-64233.7,-1,1.60106e-10,1,0
0.0052442,-0.337459,0.0879524,-0.662861,3.79047,-64349,-1,7.87191e-10,1,0
0.00524537,-0.336553,0.0879799,-0.662504,3.79216,-64162,-1,1.5511e-10,1,0
0.00524601,-0.336943,0.0882235,-0.662816,3.79181,-64228.4,-1,1.96452e-10,1,0
0.00524727,-0.33638,0.087441,-0.663593,3.79287,-64105.7,-1,3.60617e-10,1,0
0.00524771,-0.3365,0.0875278,-0.663723,3.79193,-64123.3,-1,2.65697e-10,1,0
0.00524906,-0.336723,0.0889607,-0.663599,3.79222,-64149.2,-1,1.27809e-09,1,0
0.00524943,-0.336388,0.0890413,-0.663418,3.79257,-64080.8,-1,3.63268e-10,1,0
0.00525078,-0.336311,0.0897551,-0.663944,3.79445,-64049.6,-1,5.34352e-10,1,0
0.00525182,-0.337137,0.0895283,-0.664134,3.79561,-64194.3,-1,2.28717e-10,1,0
0.00525213,-0.337356,0.0894981,-0.664066,3.79494,-64232.2,-1,1.56996e-10,1,0
0.00525366,-0.338344,0.0883079,-0.664769,3.79484,-64401.6,-1,1.56231e-09,1,0
0.00525429,-0.338555,0.0881327,-0.664772,3.79575,-64433.9,-1,2.108e-10,1,0
0.00525556,-0.339102,0.0872334,-0.665176,3.79683,-64522.4,-1,6.00856e-10,1,0
0.00525683,-0.339438,0.0863965,-0.665449,3.79456,-64570.8,-1,1.17351e-10,1,0
0.00525743,-0.339116,0.0866732,-0.66548,3.7934,-64502.3,-1,7.71385e-11,1,0
0.00525838,-0.339081,0.0859819,-0.665751,3.79007,-64484,-1,3.81156e-11,1,0
0.00525878,-0.339447,0.0860355,-0.665467,3.78945,-64548.5,-1,4.66063e-10,1,0
0.00525964,-0.339609,0.0862962,-0.664545,3.79126,-64568.9,-1,9.81885e-10,1,0
0.00526062,-0.339352,0.0858913,-0.665365,3.78965,-64507.9,-1,9.92001e-10,1,0
0.00526165,-0.338796,0.0869271,-0.665523,3.78968,-64389.6,-1,9.92001e-10,1,0
0.00526385,-0.337606,0.0891426,-0.665862,3.78974,-64136.7,-1,9.92001e-10,1,0
0.00526427,-0.337904,0.0893211,-0.665936,3.79042,-64188.1,-1,3.99528e-09,1,0
0.00526525,-0.338982,0.0894798,-0.666137,3.791,-64381,-1,1.39551e-09,1,0
0.00526608,-0.338915,0.090021,-0.666619,3.7914,-64358.1,-1,2.81195e-10,1,0
0.00526677,-0.338699,0.0906589,-0.667046,3.79141,-64308.6,-1,2.81195e-10,1,0
0.00526792,-0.338339,0.09172,-0.667756,3.79047,-64226.4,-1,2.90426e-09,1,0
0.0052684,-0.338613,0.0916433,-0.667861,3.78514,-64272.5,-1,3.46232e-10,1,0
0.00527001,-0.337975,0.0918027,-0.669587,3.78492,-64131.7,-1,1.83397e-09,1,0
0.00527121,-0.337851,0.0924167,-0.669609,3.78708,-64093.6,-1,1.63411e-10,1,0
0.00527217,-0.338062,0.0925068,-0.670195,3.7871,-64121.9,-1,3.39889e-10,1,0
0.00527285,-0.337727,0.0927933,-0.669656,3.78679,-64050.2,-1,3.16777e-11,1,0
0.00527419,-0.338409,0.0923739,-0.669582,3.78311,-64163.3,-1,7.20532e-10,1,0
0.0052755,-0.338639,0.0909146,-0.669893,3.7831,-64191,-1,7.20532e-10,1,0
0.00527588,-0.338876,0.0907524,-0.669576,3.78236,-64231.2,-1,1.52472e-09,1,0
0.0052765,-0.339277,0.0905001,-0.669028,3.78109,-64299.5,-1,1.14795e-09,1,0
0.00527766,-0.339231,0.0917073,-0.668531,3.78122,-64276.7,-1,1.28881e-09,1,0
0.00527912,-0.338462,0.0929322,-0.667681,3.78125,-64113.4,-1,1.28881e-09,1,0
0.0052795,-0.338637,0.093009,-0.667441,3.77993,-64141.8,-1,1.82603e-09,1,0
0.00528021,-0.339009,0.0932195,-0.667221,3.78124,-64203.8,-1,2.27362e-10,1,0
0.00528237,-0.339595,0.0930836,-0.667245,3.78118,-64288.4,-1,1.2927e-09,1,0
0.00528341,-0.339426,0.0919746,-0.667665,3.78119,-64243.8,-1,1.2927e-09,1,0
0.00528468,-0.340681,0.0920787,-0.667176,3.78076,-64465.9,-1,2.48012e-09,1,0
0.00528643,-0.341746,0.0924153,-0.667575,3.77718,-64645.9,-1,2.54538e-09,1,0
0.00528755,-0.342323,0.0920503,-0.667773,3.7762,-64741.4,-1,9.38975e-10,1,0
0.00528808,-0.342211,0.0921064,-0.66797,3.77527,-64713.5,-1,2.5091e-10,1,0
0.00528963,-0.341871,0.0936579,-0.667671,3.77155,-64630.5,-1,1.31337e-11,1,0
0.00529055,-0.342012,0.0937514,-0.667953,3.77054,-64645.8,-1,6.4207e-10,1,0
0.00529137,-0.341783,0.0942527,-0.667603,3.7719,-64592.5,-1,9.23071e-10,1,0
0.0052931,-0.342112,0.0957591,-0.667041,3.77251,-64633.5,-1,1.7359e-09,1,0
0.00529324,-0.342045,0.0958673,-0.667028,3.7708,-64619.1,-1,8.31418e-10,1,0
0.00529596,-0.343313,0.0949872,-0.667633,3.76883,-64825.4,-1,9.06961e-10,1,0
0.00529717,-0.34426,0.0944725,-0.668511,3.76861,-64989.5,-1,3.65364e-09,1,0
0.00529847,-0.344,0.0941483,-0.668539,3.76898,-64924.5,-1,5.7034e-10,1,0
0.00529869,-0.343908,0.0941884,-0.668594,3.76703,-64904.2,-1,9.43568e-11,1,0
0.00530016,-0.34282,0.0935916,-0.668663,3.76754,-64681.1,-1,7.75639e-10,1,0
0.00530057,-0.342929,0.0932022,-0.668586,3.76813,-64696.7,-1,9.67826e-10,1,0
0.00530198,-0.343486,0.0917151,-0.668263,3.76853,-64784.5,-1,2.05109e-09,1,0
0.00530381,-0.343639,0.0935109,-0.667168,3.76788,-64790.9,-1,2.10878e-09,1,0
0.00530525,-0.342927,0.0930319,-0.666958,3.77001,-64639.2,-1,5.46209e-10,1,0
0.00530614,-0.342612,0.0936846,-0.666895,3.77054,-64568.9,-1,6.89196e-10,1,0
0.00530739,-0.343156,0.094255,-0.665683,3.77051,-64656.3,-1,6.89196e-10,1,0
0.00530804,-0.343311,0.0936621,-0.665553,3.76873,-64677.6,-1,6.4515e-10,1,0
0.00530955,-0.342936,0.0937284,-0.66386,3.76873,-64588.5,-1,1.73582e-09,1,0
0.00531018,-0.343137,0.0931798,-0.664231,3.77092,-64618.7,-1,2.2354e-11,1,0
0.00531147,-0.343068,0.0941523,-0.663734,3.76661,-64590.2,-1,5.01768e-10,1,0
0.00531271,-0.342746,0.095163,-0.664467,3.76511,-64514.3,-1,1.26259e-10,1,0
0.00531378,-0.342441,0.0947252,-0.663978,3.76719,-64444,-1,7.14248e-10,1,0
0.0053141,-0.342394,0.094422,-0.664171,3.7672,-64431.2,-1,7.14248e-10,1,0
0.00531499,-0.342258,0.0935632,-0.664716,3.7672,-64394.9,-1,7.14248e-10,1,0
0.00531549,-0.341884,0.0937402,-0.66509,3.76751,-64318.5,-1,1.69958e-09,1,0
0.00531607,-0.341438,0.0939792,-0.665524,3.76753,-64227.5,-1,1.69958e-09,1,0
0.00531655,-0.341493,0.0938607,-0.665736,3.77067,-64232.1,-1,3.07712e-10,1,0
0.00531839,-0.34012,0.0941584,-0.666321,3.77015,-63951.7,-1,1.24825e-09,1,0
0.00531888,-0.340348,0.0946644,-0.666378,3.7703,-63988.6,-1,7.21426e-10,1,0
0.00531919,-0.340342,0.0949327,-0.666351,3.77407,-63983.7,-1,1.41861e-10,1,0
0.00532152,-0.341508,0.0949624,-0.66653,3.77208,-64175,-1,4.01517e-10,1,0
0.00532342,-0.341774,0.0956379,-0.664812,3.77213,-64201.9,-1,1.13599e-09,1,0
0.00532404,-0.342261,0.0960687,-0.664847,3.77074,-64285.9,-1,7.61069e-11,1,0
0.0053254,-0.342446,0.0946934,-0.664644,3.76788,-64304.2,-1,7.33663e-10,1,0
0.00532622,-0.342342,0.0939912,-0.664616,3.77047,-64274.8,-1,2.22171e-09,1,0
0.00532692,-0.341869,0.0936414,-0.664327,3.7697,-64177.7,-1,6.22662e-10,1,0
0.00532818,-0.342796,0.0937624,-0.664784,3.77034,-64336.4,-1,1.44036e-10,1,0
0.00532952,-0.344165,0.0942983,-0.665239,3.76891,-64577.2,-1,2.45518e-09,1,0
0.00532991,-0.34381,0.0942936,-0.665504,3.77118,-64505.8,-1,8.93221e-12,1,0
0.00533098,-0.344056,0.0934984,-0.665677,3.77142,-64539,-1,3.6001e-10,1,0
0.00533197,-0.343515,0.0930635,-0.666143,3.76966,-64425.4,-1,3.75485e-10,1,0
0.00533388,-0.342604,0.0924301,-0.665182,3.77062,-64231.7,-1,1.12535e-09,1,0
0.00533479,-0.342428,0.0930931,-0.664547,3.77217,-64187.7,-1,7.31118e-11,1,0
0.00533597,-0.342601,0.0926168,-0.665806,3.77038,-64205.9,-1,1.35723e-09,1,0
0.00533679,-0.341856,0.0931028,-0.66558,3.76989,-64056.4,-1,7.72623e-10,1,0
0.00533801,-0.341051,0.0942482,-0.665695,3.76777,-63891.1,-1,1.57499e-09,1,0
0.00533922,-0.340913,0.0940295,-0.667061,3.76761,-63850.8,-1,1.38332e-09,1,0
0.00533967,-0.341021,0.0937308,-0.667472,3.76753,-63865.6,-1,5.18926e-10,1,0
0.00534228,-0.341899,0.0914128,-0.665781,3.76713,-63998.7,-1,3.0002e-09,1,0
0.00534325,-0.342189,0.0915305,-0.664705,3.76671,-64041.4,-1,1.12008e-09,1,0
0.00534486,-0.341598,0.0920535,-0.663588,3.76516,-63911.5,-1,2.25125e-10,1,0
0.00534648,-0.341285,0.0918387,-0.665119,3.76202,-63833.6,-1,1.29255e-09,1,0
0.00534793,-0.34137,0.0916816,-0.664872,3.76352,-63832.1,-1,9.86849e-10,1,0
0.00534876,-0.340808,0.0912499,-0.664554,3.76379,-63717.2,-1,8.10044e-10,1,0
0.00534942,-0.341018,0.0909884,-0.664333,3.76564,-63748.7,-1,4.61169e-10,1,0
0.00535082,-0.34202,0.0899771,-0.665104,3.76559,-63919.2,-1,4.61169e-10,1,0
0.0053522,-0.342749,0.0893892,-0.665446,3.7621,-64038.9,-1,1.20937e-10,1,0
0.00535252,-0.342823,0.0891138,-0.665308,3.75928,-64049,-1,2.71807e-10,1,0
0.00535332,-0.342795,0.089217,-0.665469,3.75605,-64034,-1,5.44104e-10,1,0
0.00535426,-0.342494,0.0886624,-0.66497,3.75517,-63966.6,-1,2.40935e-10,1,0
0.00535453,-0.342486,0.0888704,-0.664779,3.7579,-63961.9,-1,1.80212e-10,1,0
0.00535526,-0.343109,0.0891117,-0.664578,3.75806,-64069.6,-1,1.14115e-11,1,0
0.00535632,-0.342345,0.0893886,-0.665289,3.75866,-63914.3,-1,4.96886e-10,1,0
0.0053571,-0.342172,0.0896196,-0.665462,3.75799,-63872.5,-1,6.01951e-10,1,0
0.00535897,-0.340642,0.0890177,-0.666535,3.75788,-63564.8,-1,8.82405e-10,1,0
0.00536014,-0.339833,0.0896274,-0.666386,3.75957,-63400.2,-1,1.76117e-09,1,0
0.00536158,-0.339055,0.0895195,-0.665418,3.75826,-63237.8,-1,1.12504e-09,1,0
0.00536234,-0.338682,0.0891785,-0.666112,3.75746,-63159.3,-1,8.53697e-10,1,0
0.00536335,-0.33833,0.0890837,-0.667178,3.75783,-63081.8,-1,8.54909e-10,1,0
0.00536406,-0.338367,0.0888313,-0.667953,3.75866,-63080.4,-1,1.12468e-09,1,0
0.00536578,-0.340069,0.0890009,-0.666964,3.75857,-63377.3,-1,1.12468e-09,1,0
0.00536687,-0.340445,0.0892968,-0.667325,3.75798,-63434.5,-1,6.54194e-10,1,0
0.00536819,-0.339563,0.0893042,-0.666085,3.75816,-63254.7,-1,4.68135e-10,1,0
0.00536912,-0.339072,0.089519,-0.66528,3.7578,-63152.2,-1,1.86818e-09,1,0
0.00536962,-0.339344,0.0896508,-0.664895,3.75841,-63197,-1,3.86957e-10,1,0
0.00537056,-0.339015,0.090087,-0.664073,3.75809,-63124.8,-1,4.59332e-10,1,0
0.00537262,-0.339157,0.0909558,-0.663152,3.75737,-63126.9,-1,4.50085e-10,1,0
0.00537422,-0.338153,0.0906646,-0.66444,3.75731,-62921.4,-1,2.05177e-10,1,0
0.00537469,-0.337826,0.0910836,-0.664338,3.75732,-62854.9,-1,2.05177e-10,1,0
0.00537589,-0.336932,0.090781,-0.663424,3.75623,-62674.7,-1,6.39864e-10,1,0
0.0053764,-0.336665,0.0906211,-0.662979,3.7557,-62619,-1,1.74508e-09,1,0
0.00537653,-0.336654,0.0905849,-0.662942,3.75421,-62615.4,-1,6.05516e-11,1,0
0.00537839,-0.335448,0.0901842,-0.661513,3.75423,-62369.6,-1,9.22474e-10,1,0
0.00537907,-0.335448,0.0899775,-0.662236,3.75491,-62361.6,-1,6.92203e-10,1,0
0.00538012,-0.334936,0.0901698,-0.662437,3.7553,-62254.5,-1,6.17919e-10,1,0
0.00538097,-0.334314,0.0904635,-0.661789,3.75652,-62129,-1,8.01906e-10,1,0
0.00538154,-0.334426,0.0909829,-0.661402,3.75534,-62143.2,-1,6.57491e-10,1,0
0.00538224,-0.334355,0.0902551,-0.66107,3.75493,-62121.9,-1,8.02834e-10,1,0
0.00538524,-0.335946,0.0902453,-0.659045,3.75272,-62382.7,-1,1.29245e-09,1,0
0.00538668,-0.337549,0.090147,-0.659454,3.75131,-62663.6,-1,2.63974e-09,1,0
0.0053871,-0.337688,0.0900534,-0.659423,3.752,-62684.5,-1,2.84598e-10,1,0
0.00538759,-0.337992,0.0898564,-0.658985,3.75199,-62735.3,-1,2.84598e-10,1,0
0.00538867,-0.338134,0.0897751,-0.657771,3.75118,-62749.1,-1,6.47787e-10,1,0
0.0053896,-0.338576,0.0896174,-0.657586,3.75128,-62820.3,-1,1.68501e-09,1,0
0.00539086,-0.339633,0.08929,-0.65845,3.74953,-63001.6,-1,3.97281e-11,1,0
0.00539138,-0.339394,0.0894981,-0.65826,3.7465,-62951.2,-1,4.62934e-10,1,0
0.00539315,-0.33978,0.0895372,-0.660259,3.74649,-63002.1,-1,4.62934e-10,1,0
0.00539448,-0.339663,0.0893418,-0.661523,3.74778,-62964.9,-1,3.25927e-09,1,0
0.00539537,-0.33973,0.0889777,-0.660738,3.746,-62966.9,-1,9.03282e-10,1,0
0.0053962,-0.340143,0.0896653,-0.660224,3.74598,-63033.8,-1,9.03282e-10,1,0
0.00539787,-0.341539,0.0901363,-0.660637,3.74805,-63273,-1,1.3584e-09,1,0
0.00539856,-0.341699,0.0899578,-0.661265,3.74937,-63294.4,-1,6.97479e-10,1,0
0.00539959,-0.341328,0.0896198,-0.661022,3.74676,-63213.6,-1,6.33451e-10,1,0
0.00540081,-0.340732,0.0907109,-0.660368,3.74897,-63089.1,-1,1.40427e-09,1,0
0.00540212,-0.340742,0.089651,-0.660663,3.74941,-63075.5,-1,1.7974e-10,1,0
0.00540414,-0.340891,0.0885196,-0.661002,3.75128,-63079.6,-1,2.14495e-09,1,0
0.00540476,-0.34031,0.088794,-0.661081,3.75055,-62964.8,-1,4.39164e-10,1,0
0.00540538,-0.340186,0.0886845,-0.661592,3.75214,-62934.7,-1,4.17645e-10,1,0
0.00540675,-0.34125,0.0891042,-0.660843,3.75169,-63115.5,-1,1.3395e-09,1,0
0.00540724,-0.340945,0.0894881,-0.661124,3.75171,-63053.5,-1,1.3395e-09,1,0
0.00540966,-0.339964,0.0914311,-0.66252,3.75161,-62843.9,-1,6.91911e-10,1,0
0.0054104,-0.339384,0.0915156,-0.663025,3.75136,-62728.1,-1,1.0042e-10,1,0
0.00541109,-0.339224,0.0916902,-0.66376,3.75165,-62690.6,-1,8.08471e-10,1,0
0.00541195,-0.339347,0.0918455,-0.664249,3.75111,-62703.3,-1,4.18841e-10,1,0
0.00541261,-0.339435,0.0916975,-0.663875,3.75244,-62711.9,-1,7.68509e-10,1,0
0.0054137,-0.339427,0.0917804,-0.664132,3.75086,-62697.7,-1,2.08243e-11,1,0
0.00541461,-0.340046,0.091787,-0.664498,3.75196,-62801.7,-1,1.51542e-09,1,0
0.00541525,-0.339972,0.0915938,-0.664557,3.75095,-62780.5,-1,2.68221e-10,1,0
0.00541641,-0.339839,0.0905486,-0.66415,3.75049,-62742.4,-1,4.52724e-10,1,0
0.0054167,-0.339611,0.0903515,-0.664268,3.75023,-62697.1,-1,3.24628e-12,1,0
0.0054172,-0.339297,0.0899677,-0.664554,3.75054,-62633.4,-1,4.44314e-10,1,0
0.0054185,-0.338548,0.0889472,-0.665351,3.75058,-62480.1,-1,4.44314e-10,1,0
0.00541993,-0.337925,0.0890435,-0.664945,3.7497,-62348.6,-1,9.78867e-10,1,0
0.0054228,-0.338147,0.0876497,-0.665402,3.75133,-62356.5,-1,2.14628e-09,1,0
0.00542345,-0.338208,0.0875699,-0.664676,3.75213,-62360.3,-1,2.50198e-10,1,0
0.00542481,-0.337266,0.088763,-0.664319,3.75218,-62171.1,-1,2.50198e-10,1,0
0.00542576,-0.336644,0.0894475,-0.664225,3.75073,-62045.5,-1,2.51523e-09,1,0
0.00542621,-0.336321,0.0895732,-0.664474,3.75024,-61980.8,-1,3.27875e-10,1,0
0.00542659,-0.336422,0.0894416,-0.664783,3.74897,-61995.1,-1,3.25662e-10,1,0
0.00542715,-0.336246,0.0895454,-0.665311,3.74958,-61956.3,-1,5.30635e-10,1,0
0.00542859,-0.336947,0.0894846,-0.666475,3.74886,-62069,-1,5.35648e-10,1,0
0.00543018,-0.337615,0.0905646,-0.666409,3.74995,-62173.7,-1,7.12113e-10,1,0
0.00543074,-0.337708,0.0903771,-0.666518,3.75292,-62184.5,-1,3.57028e-10,1,0
0.00543222,-0.337311,0.0914979,-0.666951,3.74901,-62094.5,-1,5.0823e-11,1,0
0.00543253,-0.337267,0.0914805,-0.666597,3.74955,-62082.8,-1,3.56797e-10,1,0
0.0054339,-0.33691,0.0922033,-0.667942,3.74956,-62001.5,-1,3.56797e-10,1,0
0.0054353,-0.338351,0.0921179,-0.668582,3.74837,-62250.5,-1,1.57459e-09,1,0
0.00543688,-0.338948,0.0917598,-0.668856,3.75033,-62342.4,-1,1.07644e-09,1,0
0.00543808,-0.339616,0.0921351,-0.667714,3.74996,-62451.5,-1,2.11446e-09,1,0
0.00543853,-0.339974,0.0921483,-0.667407,3.74764,-62512.1,-1,1.84565e-10,1,0
0.00543923,-0.33983,0.0916731,-0.667017,3.74883,-62477.6,-1,4.23402e-10,1,0
0.00544033,-0.339188,0.0923141,-0.667521,3.7479,-62346.9,-1,1.69624e-10,1,0
0.00544131,-0.338702,0.0929646,-0.667644,3.74995,-62246.5,-1,1.6221e-10,1,0
0.00544265,-0.337492,0.0926459,-0.668203,3.74853,-62008.7,-1,1.26162e-09,1,0
0.0054436,-0.33649,0.0926748,-0.66778,3.74842,-61813.8,-1,1.08847e-09,1,0
0.00544411,-0.336729,0.0931516,-0.668017,3.74841,-61852,-1,1.08847e-09,1,0
0.00544541,-0.337464,0.0939718,-0.66823,3.74755,-61972.2,-1,1.54423e-11,1,0
0.00544714,-0.338296,0.0947314,-0.667853,3.74844,-62105.3,-1,8.79039e-10,1,0
0.00544975,-0.337688,0.0933929,-0.666801,3.74374,-61963.9,-1,2.33664e-09,1,0
0.00545137,-0.336971,0.0945045,-0.666783,3.74262,-61814,-1,5.57428e-10,1,0
0.00545239,-0.336789,0.0956526,-0.666641,3.74152,-61769.1,-1,2.46343e-09,1,0
0.00545417,-0.33671,0.09551,-0.666364,3.74592,-61734.5,-1,8.03535e-10,1,0
0.005455,-0.337096,0.095493,-0.667233,3.74594,-61795.8,-1,9.51085e-10,1,0
0.00545528,-0.336937,0.0954461,-0.667437,3.74393,-61763.4,-1,1.93481e-11,1,0
0.00545713,-0.335925,0.0956172,-0.665579,3.74402,-61557.1,-1,2.12209e-09,1,0
0.00545848,-0.336184,0.0944767,-0.666586,3.74401,-61589.4,-1,2.12209e-09,1,0
0.00545937,-0.336357,0.0937165,-0.667257,3.744,-61610.9,-1,2.12209e-09,1,0
0.00546106,-0.33686,0.0923521,-0.668525,3.7441,-61684,-1,3.62986e-09,1,0
0.00546274,-0.33757,0.0910809,-0.669785,3.74407,-61795,-1,3.62986e-09,1,0
0.00546375,-0.337999,0.0903132,-0.670546,3.74404,-61862,-1,3.62986e-09,1,0
0.00546553,-0.339086,0.0896668,-0.672027,3.74485,-62040.8,-1,1.29238e-09,1,0
0.00546585,-0.338806,0.0895484,-0.672064,3.74446,-61985.9,-1,2.53096e-10,1,0
0.0054661,-0.338627,0.0893388,-0.671996,3.74263,-61950.4,-1,3.14361e-10,1,0
0.00546748,-0.337871,0.0897424,-0.672333,3.74446,-61796.5,-1,2.72792e-10,1,0
0.00546876,-0.336809,0.08903,-0.672712,3.74224,-61587.8,-1,2.01312e-09,1,0
0.00546974,-0.337377,0.0885678,-0.672434,3.74626,-61680.6,-1,2.9515e-10,1,0
0.00547123,-0.338253,0.0888913,-0.671408,3.74716,-61823.9,-1,1.29298e-09,1,0
0.00547289,-0.337826,0.0905798,-0.670619,3.74718,-61727.2,-1,1.29298e-09,1,0
0.00547396,-0.337554,0.0916605,-0.670115,3.7468,-61665.4,-1,3.54662e-09,1,0
0.00547446,-0.33727,0.0921152,-0.670024,3.74602,-61607.9,-1,1.87858e-10,1,0
0.0054758,-0.336018,0.092593,-0.669265,3.74697,-61364.2,-1,1.53987e-09,1,0
0.00547781,-0.336879,0.0911373,-0.669695,3.74506,-61498.8,-1,1.87045e-09,1,0
0.00547946,-0.336697,0.0917366,-0.668933,3.74246,-61447.1,-1,4.73673e-10,1,0
0.00547999,-0.336525,0.0920757,-0.668937,3.7428,-61409.7,-1,1.35941e-10,1,0
0.00548078,-0.336889,0.0913105,-0.669264,3.74128,-61467.4,-1,9.0869e-10,1,0
0.00548241,-0.337451,0.0909985,-0.667766,3.74262,-61551.6,-1,1.59311e-09,1,0
0.00548374,-0.338433,0.0898243,-0.667775,3.74303,-61715.7,-1,1.53073e-09,1,0
0.00548446,-0.338856,0.0901183,-0.667679,3.74347,-61784.9,-1,4.17186e-10,1,0
0.00548611,-0.338071,0.0901628,-0.668839,3.74443,-61623,-1,7.35501e-10,1,0
0.00548637,-0.337867,0.090127,-0.668996,3.74507,-61582.9,-1,6.95657e-10,1,0
0.00548667,-0.337635,0.0901635,-0.669254,3.74738,-61537.3,-1,3.98006e-10,1,0
0.00548694,-0.337428,0.0901961,-0.669485,3.74739,-61496.6,-1,3.98006e-10,1,0
0.0054877,-0.336848,0.0902876,-0.670132,3.74742,-61382.3,-1,3.98006e-10,1,0
0.00548832,-0.336839,0.0899415,-0.669751,3.75036,-61373.8,-1,4.72524e-10,1,0
0.00548984,-0.336343,0.0891568,-0.668579,3.75033,-61266.4,-1,4.05994e-10,1,0
0.00549099,-0.337283,0.0886233,-0.667824,3.75028,-61424.9,-1,4.05994e-10,1,0
0.0054931,-0.338578,0.088504,-0.66621,3.74831,-61637.1,-1,1.72705e-10,1,0
0.00549424,-0.339178,0.0889487,-0.665137,3.74828,-61733.5,-1,1.72705e-10,1,0
0.00549479,-0.339462,0.0891965,-0.664622,3.74728,-61778.9,-1,1.43677e-10,1,0
0.0054965,-0.339924,0.0905961,-0.663439,3.74788,-61843.7,-1,1.89453e-09,1,0
0.0054973,-0.340036,0.0909975,-0.662947,3.75004,-61855,-1,3.72004e-10,1,0
0.00549833,-0.340048,0.0902532,-0.663479,3.7491,-61845.7,-1,9.26308e-10,1,0
0.00549933,-0.340154,0.0894262,-0.664023,3.74748,-61853.8,-1,3.70669e-10,1,0
0.00550148,-0.340849,0.0894417,-0.663476,3.74551,-61955.9,-1,1.06437e-09,1,0
0.00550196,-0.340919,0.0893484,-0.663214,3.74637,-61963.2,-1,1.367e-09,1,0
0.00550208,-0.340953,0.0892403,-0.663171,3.74336,-61968.1,-1,3.47048e-10,1,0
0.00550311,-0.340518,0.0891004,-0.663843,3.74173,-61877.4,-1,8.03091e-10,1,0
0.0055043,-0.340391,0.0903491,-0.664365,3.74223,-61841,-1,1.69127e-09,1,0
0.00550588,-0.34098,0.0896751,-0.663734,3.74235,-61930.1,-1,1.24853e-09,1,0
0.00550698,-0.340634,0.0888292,-0.664608,3.7416,-61855,-1,7.32359e-10,1,0
0.00550777,-0.340362,0.0881269,-0.664112,3.74161,-61796.7,-1,7.32359e-10,1,0
0.00550949,-0.340001,0.0877775,-0.665457,3.74344,-61711.9,-1,1.2949e-09,1,0
0.00551005,-0.339902,0.0877599,-0.666094,3.74344,-61687.7,-1,1.2949e-09,1,0
0.00551139,-0.339671,0.0877244,-0.667614,3.74365,-61630.8,-1,3.73526e-09,1,0
0.00551174,-0.339651,0.087958,-0.667678,3.74274,-61623.2,-1,7.96646e-11,1,0
0.00551274,-0.340034,0.088873,-0.667362,3.74422,-61681.5,-1,1.00457e-09,1,0
0.00551444,-0.339926,0.0892619,-0.669272,3.74453,-61642.8,-1,2.03266e-09,1,0
0.00551515,-0.339937,0.0894832,-0.668992,3.7432,-61636.9,-1,2.34494e-10,1,0
0.00551643,-0.340015,0.0903074,-0.6681,3.74185,-61636.8,-1,6.23929e-11,1,0
0.0055167,-0.340174,0.0900991,-0.668209,3.7424,-61662.5,-1,2.12366e-10,1,0
0.00551709,-0.340594,0.0899381,-0.668245,3.74187,-61734.4,-1,5.48542e-10,1,0
0.00551838,-0.341149,0.090549,-0.668645,3.7446,-61820.5,-1,5.63337e-10,1,0
0.00552016,-0.342548,0.0911458,-0.669808,3.7448,-62054.1,-1,3.13827e-10,1,0
0.00552136,-0.34344,0.0915265,-0.670789,3.74514,-62202.1,-1,3.10687e-09,1,0
0.0055242,-0.345506,0.0910068,-0.672589,3.74539,-62544.1,-1,1.29269e-09,1,0
0.00552589,-0.345829,0.091475,-0.67435,3.74678,-62583.4,-1,1.85842e-09,1,0
0.00552645,-0.345468,0.0917806,-0.6745,3.74837,-62511.7,-1,2.18119e-10,1,0
0.00552731,-0.345052,0.0922622,-0.675146,3.74807,-62426.7,-1,7.92713e-11,1,0
0.00552778,-0.344708,0.0920978,-0.675517,3.74789,-62359.1,-1,4.23428e-10,1,0
0.00552908,-0.34518,0.0925112,-0.676847,3.74779,-62429.9,-1,3.22873e-10,1,0
0.00552981,-0.345442,0.0928669,-0.676506,3.74722,-62468.9,-1,6.5751e-11,1,0
0.00553062,-0.345386,0.0931512,-0.676665,3.74507,-62449.9,-1,2.65034e-10,1,0
0.00553209,-0.344945,0.0937844,-0.675164,3.74416,-62353.4,-1,1.6878e-09,1,0
0.00553412,-0.346102,0.0924409,-0.6762,3.74548,-62539.8,-1,1.05179e-10,1,0
0.00553477,-0.346096,0.0917379,-0.676316,3.74385,-62531.3,-1,5.46897e-10,1,0
0.0055356,-0.346046,0.0913211,-0.675829,3.74183,-62512.8,-1,3.82661e-10,1,0
0.00553671,-0.345548,0.0912765,-0.676468,3.74503,-62410.3,-1,4.62539e-10,1,0
0.0055381,-0.345914,0.0911995,-0.675502,3.74507,-62460.8,-1,2.95699e-10,1,0
0.00553907,-0.346144,0.0919899,-0.675488,3.74433,-62491.3,-1,8.30483e-10,1,0
0.00553995,-0.346309,0.0928947,-0.675396,3.74478,-62511.2,-1,4.66613e-10,1,0
0.00554025,-0.346079,0.0928877,-0.675598,3.74352,-62466.4,-1,5.74784e-10,1,0
0.00554076,-0.345634,0.0928335,-0.675967,3.74345,-62380.3,-1,7.88765e-10,1,0
0.00554283,-0.344135,0.0936883,-0.676095,3.74342,-62086.4,-1,1.29248e-09,1,0
0.00554403,-0.344571,0.0937671,-0.676363,3.7405,-62151.7,-1,8.56548e-10,1,0
0.00554622,-0.344491,0.0926847,-0.677714,3.74167,-62112.8,-1,1.83487e-09,1,0
0.00554685,-0.343981,0.0925818,-0.678222,3.7418,-62013.7,-1,7.26909e-10,1,0
0.00554804,-0.34365,0.093524,-0.678708,3.74135,-61940.8,-1,3.14394e-10,1,0
0.00554993,-0.343567,0.0950274,-0.680203,3.74156,-61904.7,-1,9.66782e-10,1,0
0.00555052,-0.343349,0.0953604,-0.680425,3.74171,-61858.9,-1,2.73982e-10,1,0
0.00555179,-0.342508,0.0964471,-0.680916,3.73976,-61693.2,-1,1.45944e-09,1,0
0.00555221,-0.342665,0.0966081,-0.680498,3.7391,-61716.8,-1,4.7524e-10,1,0
0.00555282,-0.34225,0.0963824,-0.680697,3.7399,-61635.3,-1,1.17768e-10,1,0
0.00555547,-0.339846,0.0945342,-0.680782,3.73838,-61173.2,-1,3.3215e-09,1,0
0.00555662,-0.339993,0.0936295,-0.680287,3.73652,-61187.1,-1,9.67589e-10,1,0
0.00555909,-0.339669,0.0941571,-0.680084,3.73787,-61101.6,-1,1.2925e-09,1,0
0.00556033,-0.339513,0.0942558,-0.680542,3.73663,-61059.9,-1,2.38756e-09,1,0
0.00556137,-0.339664,0.094149,-0.681445,3.73212,-61075.7,-1,9.36216e-10,1,0
0.00556273,-0.339382,0.094909,-0.680113,3.73225,-61009.9,-1,1.5591e-09,1,0
0.00556414,-0.340182,0.0954056,-0.679829,3.73044,-61138.2,-1,1.02842e-09,1,0
0.00556503,-0.339907,0.0950161,-0.679572,3.72904,-61079.2,-1,9.44036e-11,1,0
0.00556606,-0.339302,0.0944683,-0.679031,3.73057,-60959.1,-1,5.35723e-11,1,0
0.00556719,-0.338538,0.0940246,-0.678617,3.733,-60809.5,-1,2.61826e-10,1,0
0.00556887,-0.337803,0.0939409,-0.679229,3.73416,-60659.1,-1,1.2925e-09,1,0
0.00557078,-0.338396,0.0926738,-0.679028,3.73613,-60744.8,-1,4.50016e-10,1,0
0.0055723,-0.33791,0.091587,-0.679287,3.7351,-60641,-1,1.04568e-09,1,0
0.00557386,-0.33792,0.0917969,-0.678979,3.73532,-60625.8,-1,1.53524e-09,1,0
0.00557471,-0.337797,0.0926956,-0.678899,3.7364,-60594.5,-1,1.6354e-09,1,0
0.00557602,-0.338116,0.0939402,-0.678262,3.73722,-60637.5,-1,4.81575e-11,1,0
0.00557841,-0.335774,0.093437,-0.678776,3.73592,-60191.7,-1,2.76793e-10,1,0
0.00557917,-0.335739,0.0926533,-0.679159,3.73592,-60177.2,-1,2.76793e-10,1,0
0.00558066,-0.335671,0.091111,-0.679913,3.73592,-60148.9,-1,2.76793e-10,1,0
0.00558141,-0.335637,0.0903451,-0.680288,3.73592,-60134.8,-1,2.76793e-10,1,0
0.00558209,-0.336122,0.0903619,-0.679784,3.7357,-60214.4,-1,3.50265e-09,1,0
0.00558279,-0.336387,0.0901554,-0.679581,3.73816,-60254.3,-1,1.55496e-10,1,0
0.00558455,-0.337462,0.0884714,-0.679296,3.73784,-60427.7,-1,2.40489e-09,1,0
0.00558483,-0.337506,0.0884833,-0.679195,3.73975,-60432.6,-1,1.6562e-10,1,0
0.00558576,-0.337143,0.0881249,-0.678627,3.74283,-60357.6,-1,5.70333e-10,1,0
0.00558651,-0.336966,0.0883589,-0.678515,3.74205,-60317.8,-1,3.32487e-10,1,0
0.00558737,-0.336589,0.0880677,-0.678787,3.7399,-60241.1,-1,9.65198e-10,1,0
0.00558862,-0.336689,0.0870039,-0.679746,3.74153,-60245.5,-1,2.67784e-11,1,0
0.00559024,-0.336498,0.0866096,-0.679138,3.7428,-60193.8,-1,6.621e-10,1,0
0.0055907,-0.336757,0.0867594,-0.678701,3.74247,-60235.3,-1,1.45608e-09,1,0
0.00559131,-0.337001,0.0864851,-0.678399,3.74292,-60272.3,-1,1.8613e-10,1,0
0.00559213,-0.337043,0.0865689,-0.679331,3.74339,-60271,-1,8.83971e-10,1,0
0.00559358,-0.338164,0.0870108,-0.678456,3.74335,-60455.7,-1,3.04945e-10,1,0
0.00559539,-0.339643,0.0871417,-0.67802,3.74353,-60700.5,-1,2.61116e-09,1,0
0.00559633,-0.340133,0.0866156,-0.678371,3.74164,-60777.8,-1,1.66641e-09,1,0
0.00559692,-0.339446,0.0866155,-0.678331,3.74148,-60648.7,-1,8.52043e-10,1,0
0.00559782,-0.340034,0.0858467,-0.677987,3.74145,-60744,-1,8.52043e-10,1,0
0.00559813,-0.340147,0.08564,-0.677915,3.73913,-60760.8,-1,6.22702e-11,1,0
0.00559865,-0.339703,0.0855077,-0.677811,3.73687,-60675.9,-1,4.21318e-10,1,0
0.00559955,-0.339089,0.086118,-0.6783,3.73634,-60556.4,-1,1.28476e-10,1,0
0.00560098,-0.340223,0.0855045,-0.677843,3.73437,-60743.5,-1,1.54936e-10,1,0
0.00560225,-0.339019,0.0856255,-0.678501,3.73407,-60514.7,-1,2.40738e-10,1,0
0.00560402,-0.337339,0.0855874,-0.679633,3.73415,-60195.8,-1,2.40738e-10,1,0
0.00560636,-0.336142,0.0855132,-0.681946,3.73461,-59957.2,-1,2.15947e-09,1,0
0.00560788,-0.335098,0.0847027,-0.682311,3.73468,-59754.8,-1,1.90633e-10,1,0
0.00561019,-0.337037,0.0865084,-0.682383,3.73458,-60075.8,-1,1.90633e-10,1,0
0.00561121,-0.337674,0.0874259,-0.68229,3.73389,-60178.5,-1,3.30779e-09,1,0
0.00561248,-0.338125,0.0887788,-0.681972,3.73387,-60245.2,-1,3.30779e-09,1,0
0.00561296,-0.338272,0.0892292,-0.681772,3.73387,-60266.2,-1,1.32391e-10,1,0
0.00561466,-0.33857,0.0903836,-0.683121,3.73481,-60301.1,-1,5.70054e-10,1,0
0.00561521,-0.338482,0.0906541,-0.683552,3.73292,-60279.5,-1,1.82506e-09,1,0
0.00561593,-0.337949,0.0900475,-0.683743,3.73412,-60176.8,-1,9.24797e-10,1,0
0.00561724,-0.339127,0.0906385,-0.6839,3.73238,-60372.6,-1,1.412e-09,1,0
0.00561808,-0.338512,0.0899881,-0.683636,3.7323,-60254.1,-1,8.04559e-10,1,0
0.0056192,-0.339462,0.0908065,-0.683363,3.7334,-60411.1,-1,1.28295e-09,1,0
0.0056209,-0.339005,0.0910071,-0.683754,3.73429,-60311.4,-1,1.02817e-09,1,0
0.00562291,-0.338779,0.0921726,-0.683723,3.73284,-60249.8,-1,2.56618e-09,1,0
0.00562475,-0.338586,0.0910737,-0.684033,3.73371,-60195.7,-1,1.9582e-09,1,0
0.0056263,-0.339259,0.0905495,-0.683779,3.73298,-60298.7,-1,1.90037e-09,1,0
0.00562649,-0.339262,0.0903512,-0.683731,3.73483,-60297.3,-1,1.93396e-10,1,0
0.00562757,-0.339253,0.0900479,-0.684497,3.73283,-60284.1,-1,2.60788e-10,1,0
0.00562896,-0.340056,0.0886938,-0.684226,3.73279,-60411.8,-1,2.60788e-10,1,0
0.00563052,-0.339663,0.0875187,-0.685056,3.73227,-60325.3,-1,8.04086e-10,1,0
0.00563175,-0.340403,0.0883001,-0.684195,3.73139,-60443.5,-1,5.84375e-11,1,0
0.00563222,-0.340335,0.0882845,-0.684392,3.72916,-60426.4,-1,9.86413e-11,1,0
0.00563277,-0.339954,0.088026,-0.684391,3.72986,-60352.9,-1,6.1199e-11,1,0
0.00563346,-0.339944,0.087617,-0.683838,3.72976,-60343.8,-1,6.97236e-10,1,0
0.00563446,-0.340336,0.0869623,-0.683164,3.72941,-60402.6,-1,1.32061e-09,1,0
0.00563495,-0.340302,0.0864819,-0.682999,3.72823,-60391.2,-1,2.72334e-10,1,0
0.005636,-0.340236,0.0871243,-0.682178,3.72852,-60368.4,-1,1.90426e-10,1,0
0.00563665,-0.3401,0.0867678,-0.681985,3.72897,-60337.3,-1,2.92404e-10,1,0
0.00563827,-0.33944,0.0857704,-0.680591,3.73047,-60202.8,-1,1.82028e-09,1,0
0.005639,-0.339305,0.0854879,-0.680211,3.725,-60171.2,-1,1.68209e-10,1,0
0.00563954,-0.338922,0.0853716,-0.680445,3.72457,-60097.3,-1,1.31804e-10,1,0
0.00564147,-0.340267,0.0854614,-0.682149,3.72417,-60315.3,-1,2.72518e-10,1,0
0.00564278,-0.341166,0.0856079,-0.683339,3.72389,-60460.6,-1,3.45855e-09,1,0
0.00564356,-0.341938,0.0852295,-0.68309,3.72361,-60589.1,-1,8.95205e-10,1,0
0.00564543,-0.341551,0.0845235,-0.683523,3.72309,-60500.5,-1,1.055e-10,1,0
0.00564631,-0.341596,0.0847446,-0.683931,3.72041,-60499,-1,5.80425e-10,1,0
0.0056464,-0.341661,0.0847702,-0.683988,3.72004,-60509.5,-1,3.21029e-11,1,0
0.00564779,-0.342117,0.0854766,-0.684087,3.72127,-60575.3,-1,2.27365e-11,1,0
0.0056495,-0.342238,0.0859803,-0.683448,3.72263,-60578.5,-1,7.28385e-10,1,0
0.00565048,-0.342331,0.0849376,-0.683521,3.72305,-60584.3,-1,2.01866e-10,1,0
0.00565146,-0.342375,0.085339,-0.683673,3.71941,-60581.7,-1,7.46305e-10,1,0
0.00565241,-0.342206,0.0850335,-0.683155,3.71679,-60541.6,-1,4.71573e-10,1,0
0.00565312,-0.342681,0.0851348,-0.682901,3.71682,-60617.9,-1,1.00917e-09,1,0
0.00565391,-0.342733,0.0844292,-0.683332,3.72063,-60618.7,-1,1.00833e-09,1,0
0.00565587,-0.344574,0.0850635,-0.684446,3.72054,-60923.3,-1,1.00833e-09,1,0
0.00565751,-0.346114,0.0855938,-0.685378,3.72046,-61177.8,-1,1.00833e-09,1,0
0.00565925,-0.347752,0.086158,-0.686369,3.72038,-61448.4,-1,1.00833e-09,1,0
0.00566023,-0.348004,0.0857369,-0.686667,3.72028,-61482.2,-1,5.9618e-10,1,0
0.00566096,-0.34854,0.0862247,-0.687041,3.72088,-61569.1,-1,6.84064e-10,1,0
0.00566255,-0.348942,0.0870484,-0.688306,3.72023,-61622.8,-1,1.44278e-09,1,0
0.00566388,-0.349122,0.086578,-0.689742,3.71818,-61640,-1,2.05625e-09,1,0
0.00566515,-0.348059,0.0867982,-0.690547,3.7167,-61438.7,-1,1.91417e-10,1,0
0.00566574,-0.34818,0.0861536,-0.690725,3.71669,-61453.5,-1,1.91417e-10,1,0
0.00566723,-0.348481,0.0845422,-0.691172,3.71794,-61490.5,-1,2.37867e-09,1,0
0.00566832,-0.347456,0.0849553,-0.691137,3.71843,-61297.9,-1,1.05855e-09,1,0
0.00566951,-0.347465,0.0852972,-0.691766,3.71955,-61286.6,-1,6.30984e-10,1,0
0.00567046,-0.347421,0.0862717,-0.691301,3.71991,-61268.6,-1,1.46392e-09,1,0
0.00567089,-0.347179,0.0866937,-0.69132,3.71992,-61221.3,-1,1.46392e-09,1,0
0.00567316,-0.34588,0.0889529,-0.691421,3.71898,-60967.8,-1,3.13752e-09,1,0
0.00567368,-0.345421,0.0890318,-0.691776,3.71756,-60881.2,-1,3.36153e-10,1,0
0.00567465,-0.346343,0.0894597,-0.692206,3.71757,-61033.3,-1,1.10377e-09,1,0
0.00567577,-0.346179,0.0899584,-0.692972,3.71584,-60992.4,-1,1.00189e-09,1,0
0.00567693,-0.346412,0.0901522,-0.694031,3.71599,-61021,-1,1.85921e-10,1,0
0.00567761,-0.345771,0.0903885,-0.694164,3.71691,-60900.8,-1,2.26536e-10,1,0
0.00567794,-0.345408,0.0904056,-0.694265,3.71693,-60833.4,-1,2.26536e-10,1,0
0.00567863,-0.344664,0.0904127,-0.694409,3.71761,-60694.9,-1,7.85215e-11,1,0
0.0056803,-0.344573,0.0899107,-0.69295,3.71863,-60661.1,-1,6.40334e-10,1,0
0.00568093,-0.344585,0.0899663,-0.692241,3.7171,-60656.4,-1,1.98549e-09,1,0
0.0056828,-0.34389,0.091216,-0.691956,3.71559,-60514.1,-1,4.97379e-10,1,0
0.00568328,-0.344169,0.0910769,-0.692163,3.71424,-60558.2,-1,4.30697e-10,1,0
0.00568462,-0.344047,0.0899068,-0.692211,3.71483,-60522.4,-1,1.22038e-09,1,0
0.00568586,-0.342745,0.0893437,-0.692212,3.71325,-60280.2,-1,1.41841e-09,1,0
0.00568694,-0.342903,0.089575,-0.693406,3.71325,-60296.6,-1,1.41841e-09,1,0
0.00568813,-0.34303,0.0891933,-0.693987,3.71446,-60306.3,-1,5.69033e-10,1,0
0.00569,-0.343315,0.0904772,-0.69455,3.71073,-60336.5,-1,1.03394e-09,1,0
0.00569055,-0.343448,0.0903775,-0.695152,3.71073,-60354.1,-1,1.03394e-09,1,0
0.00569112,-0.343559,0.0904903,-0.695211,3.70677,-60367.6,-1,3.74957e-10,1,0
0.00569204,-0.343435,0.0912963,-0.694703,3.70962,-60336,-1,7.01631e-10,1,0
0.00569242,-0.343841,0.0913553,-0.694862,3.70697,-60403.2,-1,4.3979e-10,1,0
0.00569302,-0.343914,0.091118,-0.695475,3.70636,-60409.9,-1,2.6749e-11,1,0
0.00569471,-0.343031,0.092138,-0.694726,3.70494,-60236.7,-1,8.72304e-10,1,0
0.00569543,-0.342587,0.0920349,-0.694564,3.70502,-60151.2,-1,1.31068e-10,1,0
0.00569649,-0.343353,0.0920782,-0.694064,3.70448,-60274.6,-1,8.82898e-10,1,0
0.00569718,-0.34363,0.0914006,-0.693792,3.70424,-60315.8,-1,1.02435e-09,1,0
0.00569775,-0.343906,0.091137,-0.693449,3.70334,-60358.1,-1,2.32344e-10,1,0
0.00569949,-0.344844,0.0901598,-0.694147,3.70313,-60504.4,-1,1.6983e-09,1,0
0.00570055,-0.344258,0.0902306,-0.693915,3.70396,-60390.2,-1,8.38409e-10,1,0
0.00570278,-0.343126,0.0890245,-0.691973,3.70401,-60168.2,-1,8.38409e-10,1,0
0.00570403,-0.342836,0.0884237,-0.691537,3.70376,-60104.2,-1,3.73674e-10,1,0
0.00570474,-0.342948,0.0880362,-0.691216,3.70591,-60116.3,-1,8.66916e-10,1,0
0.00570528,-0.342778,0.0879455,-0.6918,3.70625,-60080.8,-1,2.22822e-10,1,0
0.00570699,-0.342155,0.0878136,-0.692393,3.70783,-59953.7,-1,7.89882e-10,1,0
0.0057074,-0.342066,0.0880133,-0.692372,3.70705,-59933.9,-1,5.02288e-11,1,0
0.00570994,-0.341926,0.0866633,-0.690955,3.70629,-59882.5,-1,1.7394e-09,1,0
0.0057119,-0.340918,0.0858774,-0.689929,3.70358,-59685.6,-1,1.96823e-09,1,0
0.00571379,-0.340588,0.0856061,-0.689883,3.70236,-59608,-1,2.81689e-09,1,0
0.00571526,-0.341043,0.0852933,-0.689997,3.7067,-59672.3,-1,8.35305e-10,1,0
0.0057179,-0.340552,0.0868578,-0.68979,3.70457,-59558.9,-1,1.29219e-09,1,0
0.00571841,-0.340132,0.0871669,-0.689811,3.70531,-59480.2,-1,3.37378e-11,1,0
0.00571937,-0.339669,0.086176,-0.689954,3.70248,-59389.1,-1,5.22767e-10,1,0
0.00572124,-0.338773,0.0842609,-0.69023,3.70234,-59213.2,-1,2.71267e-09,1,0
0.00572187,-0.339133,0.0838316,-0.690651,3.70414,-59269.7,-1,2.77401e-11,1,0
0.00572231,-0.338882,0.0837448,-0.6907,3.70298,-59221.1,-1,3.37996e-10,1,0
0.00572322,-0.338282,0.0844283,-0.690506,3.70163,-59107,-1,8.64284e-10,1,0
0.00572406,-0.338355,0.0836695,-0.690797,3.70184,-59111.1,-1,7.8068e-11,1,0
0.00572466,-0.33857,0.0842073,-0.690959,3.70265,-59142.3,-1,6.11339e-10,1,0
0.00572493,-0.338537,0.0841251,-0.690878,3.70344,-59133.9,-1,1.84202e-10,1,0
0.00572705,-0.337175,0.0850362,-0.690168,3.70223,-58874.1,-1,1.31177e-09,1,0
0.00572773,-0.336594,0.0848551,-0.69019,3.70457,-58765.6,-1,1.44704e-10,1,0
0.00572829,-0.336932,0.084795,-0.689713,3.70415,-58819,-1,2.86172e-11,1,0
0.00572973,-0.338546,0.0849038,-0.69002,3.70357,-59085.9,-1,1.64694e-09,1,0
0.00573013,-0.33854,0.0851625,-0.689809,3.70337,-59080.7,-1,6.36881e-11,1,0
0.00573054,-0.33893,0.0852426,-0.689769,3.70353,-59144.6,-1,6.92683e-11,1,0
0.00573161,-0.339925,0.084663,-0.690154,3.70545,-59307.1,-1,1.21376e-09,1,0
0.00573259,-0.339639,0.0855968,-0.690711,3.70736,-59247.1,-1,1.12421e-09,1,0
0.00573363,-0.340378,0.0858148,-0.690183,3.70894,-59365.2,-1,6.09826e-10,1,0
0.00573498,-0.340074,0.085159,-0.690883,3.70778,-59298.3,-1,9.22196e-10,1,0
0.00573523,-0.34032,0.0851471,-0.690968,3.707,-59338.6,-1,7.40063e-10,1,0
0.00573646,-0.341656,0.085541,-0.691156,3.70694,-59558.8,-1,7.40063e-10,1,0
0.00573707,-0.342318,0.085736,-0.691249,3.70681,-59667.7,-1,1.97161e-09,1,0
0.00573813,-0.343426,0.0859463,-0.691393,3.70631,-59849.8,-1,1.16306e-10,1,0
0.00574053,-0.34398,0.0871416,-0.688997,3.70628,-59921.4,-1,1.16306e-10,1,0
0.00574125,-0.34418,0.0873985,-0.688605,3.70607,-59948.6,-1,1.41377e-10,1,0
0.00574268,-0.345136,0.0876256,-0.688165,3.70626,-60100.2,-1,1.29278e-09,1,0
0.00574349,-0.345799,0.0878808,-0.687575,3.70609,-60207.1,-1,9.23125e-10,1,0
0.00574473,-0.345789,0.0879023,-0.686158,3.70609,-60192.3,-1,9.23125e-10,1,0
0.00574581,-0.345744,0.0879308,-0.685102,3.70118,-60173.2,-1,9.29777e-11,1,0
0.00574695,-0.344922,0.0887818,-0.685281,3.70266,-60018.3,-1,6.62e-11,1,0
0.00574879,-0.344049,0.089804,-0.684408,3.70368,-59847.1,-1,3.05728e-10,1,0
0.0057502,-0.343664,0.0890108,-0.683951,3.70574,-59765.6,-1,6.94275e-10,1,0
0.00575097,-0.343759,0.0889489,-0.683424,3.70671,-59774.1,-1,2.57978e-10,1,0
0.00575151,-0.343679,0.0884961,-0.683205,3.70789,-59754.5,-1,6.87635e-11,1,0
0.00575189,-0.343709,0.0884984,-0.682968,3.70577,-59755.9,-1,2.18228e-10,1,0
0.00575293,-0.342551,0.088257,-0.682924,3.70313,-59543.7,-1,1.03472e-11,1,0
0.00575388,-0.342559,0.0885207,-0.682457,3.70292,-59535.3,-1,3.6849e-10,1,0
0.00575495,-0.342762,0.0881664,-0.682076,3.70517,-59559.6,-1,4.59658e-10,1,0
0.00575605,-0.342781,0.0886645,-0.682534,3.70125,-59551.4,-1,8.28017e-10,1,0
0.00575702,-0.343786,0.0882286,-0.682638,3.70003,-59716.1,-1,4.46488e-11,1,0
0.00575809,-0.344897,0.0877274,-0.682746,3.69997,-59897.8,-1,4.46488e-11,1,0
0.00575907,-0.344883,0.0872033,-0.682375,3.70047,-59885.1,-1,6.78909e-10,1,0
0.0057597,-0.344709,0.0869873,-0.681876,3.69966,-59848.5,-1,5.36128e-10,1,0
0.00576021,-0.344301,0.0865762,-0.681851,3.70003,-59772.3,-1,4.9158e-10,1,0
0.00576074,-0.34419,0.0861364,-0.681696,3.70005,-59747.5,-1,6.16137e-10,1,0
0.00576176,-0.345283,0.0864032,-0.681403,3.7,-59926.7,-1,6.16137e-10,1,0
0.00576248,-0.346059,0.0865925,-0.681196,3.69996,-60053.7,-1,6.16137e-10,1,0
0.00576362,-0.347276,0.0868894,-0.680871,3.6999,-60253,-1,6.16137e-10,1,0
0.00576461,-0.348193,0.0863312,-0.680792,3.7,-60401.8,-1,9.69452e-10,1,0
0.00576502,-0.347895,0.0862884,-0.680443,3.69863,-60345.8,-1,4.61515e-10,1,0
0.00576619,-0.348669,0.0852768,-0.680568,3.69951,-60467.7,-1,7.12633e-10,1,0
0.00576684,-0.349039,0.0855242,-0.680593,3.69681,-60525.1,-1,7.67661e-11,1,0
0.0057676,-0.3484,0.0855922,-0.680342,3.69663,-60406.4,-1,3.55024e-10,1,0
0.00576889,-0.346994,0.0851834,-0.680186,3.6967,-60149.1,-1,3.55024e-10,1,0
0.0057699,-0.34708,0.085192,-0.680953,3.69596,-60153.6,-1,8.71473e-10,1,0
0.00577103,-0.34634,0.0852071,-0.681449,3.69796,-60013.6,-1,6.43302e-10,1,0
0.0057722,-0.347211,0.0845809,-0.682135,3.69912,-60152.3,-1,7.67968e-11,1,0
0.00577297,-0.34779,0.0840174,-0.682487,3.6992,-60244.4,-1,1.22307e-09,1,0
0.00577437,-0.348773,0.0829119,-0.683074,3.69915,-60400.2,-1,1.22307e-09,1,0
0.00577548,-0.349558,0.0820292,-0.683542,3.69774,-60524.5,-1,4.49074e-10,1,0
0.00577637,-0.349431,0.0822452,-0.683011,3.69282,-60493.3,-1,2.9673e-10,1,0
0.00577748,-0.349734,0.081923,-0.683939,3.69232,-60534,-1,8.79347e-12,1,0
0.00577857,-0.350852,0.0818194,-0.683853,3.69287,-60716.1,-1,2.62158e-10,1,0
0.00577966,-0.35206,0.0819189,-0.68361,3.69281,-60913.6,-1,2.62158e-10,1,0
0.00578045,-0.352101,0.0818538,-0.683258,3.69195,-60912.3,-1,3.40594e-10,1,0
0.00578138,-0.351446,0.0823377,-0.683769,3.69306,-60789.3,-1,2.90094e-10,1,0
0.00578316,-0.349805,0.0826418,-0.68456,3.69324,-60486.9,-1,1.3293e-09,1,0
0.00578478,-0.348275,0.0826273,-0.685234,3.69258,-60205.4,-1,1.6284e-09,1,0
0.00578586,-0.349184,0.0833097,-0.685132,3.69146,-60351.3,-1,1.09324e-09,1,0
0.00578609,-0.349114,0.0835617,-0.685106,3.69037,-60336.8,-1,2.06987e-10,1,0
0.00578755,-0.348839,0.0848663,-0.684747,3.68963,-60274.1,-1,1.47176e-09,1,0
0.00578877,-0.349416,0.0845759,-0.683521,3.6896,-60361.1,-1,1.47176e-09,1,0
0.00578947,-0.349484,0.0849251,-0.683709,3.68861,-60365.6,-1,1.87233e-09,1,0
0.00579092,-0.349397,0.0860954,-0.684872,3.68862,-60335.4,-1,1.87233e-09,1,0
0.00579186,-0.349508,0.0863546,-0.685649,3.69111,-60344.7,-1,4.01671e-10,1,0
0.00579265,-0.349001,0.0866875,-0.686325,3.69114,-60249,-1,4.01671e-10,1,0
0.00579485,-0.348822,0.0861413,-0.688376,3.69114,-60195.2,-1,1.7194e-09,1,0
0.00579668,-0.349556,0.0858051,-0.689844,3.69131,-60302.7,-1,3.10265e-09,1,0
0.00579721,-0.349904,0.0856728,-0.690046,3.69232,-60357.3,-1,1.18172e-10,1,0
0.00579854,-0.350549,0.0843687,-0.690469,3.69282,-60454.6,-1,5.75563e-11,1,0
0.00579907,-0.350346,0.0847744,-0.690573,3.69592,-60414.1,-1,4.12515e-10,1,0
0.00579983,-0.350582,0.0845273,-0.689779,3.69594,-60446.8,-1,6.91461e-10,1,0
0.00580018,-0.350785,0.0844293,-0.689459,3.69593,-60478.3,-1,6.91461e-10,1,0
0.00580063,-0.350822,0.0849321,-0.689437,3.69601,-60479.9,-1,5.83151e-10,1,0
0.00580212,-0.350831,0.0866172,-0.689459,3.69385,-60466,-1,4.05881e-10,1,0
0.00580381,-0.352418,0.0863491,-0.690517,3.69251,-60721.8,-1,1.92611e-09,1,0
0.00580446,-0.352844,0.086058,-0.690226,3.69238,-60788.5,-1,3.14659e-10,1,0
0.00580467,-0.353016,0.0860205,-0.69017,3.68876,-60815.8,-1,1.0878e-10,1,0
0.00580629,-0.35173,0.085573,-0.690467,3.68859,-60577.4,-1,1.21741e-09,1,0
0.00580702,-0.351067,0.0855831,-0.690059,3.6865,-60455.6,-1,7.6599e-10,1,0
0.0058077,-0.351022,0.0862165,-0.689751,3.68477,-60440.8,-1,2.20536e-10,1,0
0.00580921,-0.350017,0.0871113,-0.688851,3.68488,-60252.2,-1,6.7741e-10,1,0
0.00580969,-0.349778,0.0870291,-0.688864,3.68487,-60205.9,-1,1.79866e-10,1,0
0.00581045,-0.350123,0.0863303,-0.688822,3.68468,-60257.4,-1,7.24481e-10,1,0
0.00581268,-0.35113,0.0872212,-0.690982,3.68253,-60407.6,-1,2.54509e-09,1,0
0.00581425,-0.351317,0.0859311,-0.690307,3.68161,-60423.5,-1,1.62584e-10,1,0
0.00581548,-0.351951,0.0848437,-0.689969,3.68253,-60519.6,-1,2.30705e-09,1,0
0.00581703,-0.352469,0.0840455,-0.69018,3.68567,-60592.7,-1,3.67892e-10,1,0
0.00581765,-0.352611,0.083656,-0.690508,3.68621,-60610.5,-1,4.19476e-10,1,0
0.00581898,-0.351903,0.0832021,-0.691772,3.68625,-60475.1,-1,4.19476e-10,1,0
0.00581938,-0.351711,0.0830857,-0.692159,3.68338,-60437.9,-1,3.36813e-11,1,0
0.00582145,-0.352794,0.0840584,-0.690671,3.68771,-60602.3,-1,1.47981e-10,1,0
0.0058237,-0.353575,0.0834345,-0.692745,3.6866,-60713.1,-1,1.98269e-09,1,0
0.00582438,-0.353574,0.0841884,-0.692693,3.68514,-60705.8,-1,5.25937e-10,1,0
0.00582545,-0.353581,0.0842459,-0.693412,3.68653,-60695.9,-1,3.01021e-11,1,0
0.00582582,-0.35343,0.0844507,-0.693427,3.68137,-60666,-1,8.60237e-11,1,0
0.00582635,-0.353067,0.0847526,-0.693447,3.68149,-60598.2,-1,8.52294e-10,1,0
0.00582805,-0.352808,0.0829513,-0.692799,3.68151,-60536.3,-1,8.52294e-10,1,0
0.00582886,-0.352992,0.082562,-0.692781,3.68265,-60559.3,-1,2.58956e-09,1,0
0.00582997,-0.353233,0.0832777,-0.693381,3.68216,-60589.1,-1,5.5927e-10,1,0
0.00583135,-0.354498,0.0831657,-0.692455,3.67985,-60791.8,-1,1.57258e-09,1,0
0.00583248,-0.353964,0.0833983,-0.691849,3.67952,-60688.4,-1,8.39683e-10,1,0
0.0058336,-0.353678,0.0846098,-0.692092,3.68004,-60627.8,-1,1.71752e-09,1,0
0.0058342,-0.354012,0.0851084,-0.691751,3.68134,-60678.7,-1,6.90133e-10,1,0
0.00583493,-0.353981,0.0852453,-0.691742,3.68019,-60665.8,-1,4.10997e-10,1,0
0.00583596,-0.354473,0.085647,-0.691559,3.67687,-60739.6,-1,3.76588e-10,1,0
0.00583676,-0.354415,0.0852633,-0.691724,3.67399,-60721.1,-1,6.60748e-10,1,0
0.00583748,-0.354455,0.0860071,-0.691721,3.67638,-60720.6,-1,6.38374e-10,1,0
0.00583851,-0.355244,0.0865602,-0.69106,3.67634,-60844.9,-1,6.38374e-10,1,0
0.00584053,-0.356796,0.0876493,-0.689759,3.67651,-61089.7,-1,3.46802e-09,1,0
0.00584194,-0.356575,0.0871716,-0.690486,3.67671,-61037.1,-1,1.15839e-09,1,0
0.00584376,-0.357287,0.0877087,-0.691337,3.67657,-61140,-1,7.724e-10,1,0
0.00584444,-0.357236,0.087633,-0.692107,3.6768,-61124.1,-1,7.30254e-12,1,0
0.00584561,-0.356917,0.0876732,-0.693057,3.67667,-61057.1,-1,1.80763e-09,1,0
0.00584645,-0.356114,0.0879039,-0.692833,3.68004,-60911.1,-1,2.06124e-10,1,0
0.00584798,-0.354431,0.0875797,-0.693107,3.68085,-60607.4,-1,1.68228e-09,1,0
0.00584904,-0.35438,0.0874945,-0.693628,3.68106,-60587.6,-1,7.88632e-10,1,0
0.00584927,-0.354148,0.087426,-0.693532,3.68023,-60545.7,-1,1.36391e-10,1,0
0.00584938,-0.354137,0.0874304,-0.693592,3.67767,-60542.7,-1,6.824e-11,1,0
0.00585042,-0.354116,0.0873641,-0.69308,3.68159,-60528.3,-1,4.53594e-10,1,0
0.00585259,-0.35219,0.0884309,-0.69231,3.68212,-60176.7,-1,2.06972e-09,1,0
0.00585412,-0.352348,0.0893946,-0.691482,3.68487,-60188,-1,5.40699e-10,1,0
0.00585574,-0.353626,0.0902703,-0.690482,3.6848,-60389.7,-1,5.40699e-10,1,0
0.00585682,-0.353947,0.090765,-0.689977,3.68591,-60433.3,-1,3.17603e-10,1,0
0.00585763,-0.353856,0.0912522,-0.689993,3.68355,-60409.4,-1,4.72881e-10,1,0
0.00586002,-0.354749,0.090463,-0.691905,3.68311,-60537.1,-1,1.29248e-09,1,0
0.00586069,-0.354354,0.0900347,-0.691711,3.68155,-60462.9,-1,9.14083e-11,1,0
0.00586203,-0.353415,0.0899066,-0.690507,3.6816,-60288.7,-1,9.14083e-11,1,0
0.00586257,-0.353042,0.0898558,-0.69003,3.68115,-60219.8,-1,2.21201e-09,1,0
0.00586333,-0.35342,0.0894971,-0.690095,3.68231,-60276.3,-1,6.52872e-10,1,0
0.00586463,-0.354078,0.0887545,-0.690264,3.68134,-60375.2,-1,1.18428e-09,1,0
0.00586571,-0.354772,0.0894726,-0.690018,3.68025,-60482.4,-1,1.93255e-10,1,0
0.00586753,-0.355427,0.0898173,-0.688313,3.67898,-60575.3,-1,1.86977e-09,1,0
0.00586984,-0.353503,0.0891955,-0.686638,3.68043,-60223.7,-1,2.62553e-09,1,0
0.00587056,-0.352946,0.0893189,-0.686058,3.68057,-60121.4,-1,1.09465e-10,1,0
0.00587222,-0.351688,0.0897131,-0.684713,3.68151,-59890.1,-1,2.59837e-09,1,0
0.00587349,-0.350937,0.0885128,-0.684384,3.68128,-59749.4,-1,1.45308e-09,1,0
0.00587443,-0.351471,0.0884157,-0.684553,3.68153,-59830.7,-1,1.29224e-10,1,0
0.00587498,-0.351764,0.0884542,-0.684846,3.67985,-59875,-1,1.22208e-09,1,0
0.0058763,-0.350896,0.0890305,-0.685492,3.68088,-59713.8,-1,6.77456e-10,1,0
0.00587773,-0.352001,0.0896531,-0.685882,3.68116,-59887.3,-1,1.27425e-09,1,0
0.00587842,-0.352684,0.0898011,-0.685961,3.68008,-59996.4,-1,2.0221e-09,1,0
0.00588007,-0.353358,0.0886406,-0.684647,3.68083,-60094.2,-1,1.10928e-09,1,0
0.00588198,-0.353248,0.088723,-0.685657,3.67964,-60055.9,-1,1.29279e-09,1,0
0.00588292,-0.35275,0.0894068,-0.685202,3.67911,-59961.7,-1,1.40485e-10,1,0
0.0058835,-0.352948,0.0894407,-0.685716,3.67675,-59989.5,-1,4.28766e-12,1,0
0.00588522,-0.353142,0.0891028,-0.685717,3.6771,-60004.9,-1,2.80265e-10,1,0
0.00588601,-0.352641,0.0891505,-0.686264,3.67583,-59911.8,-1,3.18138e-10,1,0
0.00588823,-0.35405,0.0873536,-0.685164,3.67576,-60128.3,-1,3.18138e-10,1,0
0.00588846,-0.354131,0.0872511,-0.685154,3.67827,-60139.8,-1,1.00094e-10,1,0
0.00589005,-0.354346,0.0854888,-0.685228,3.6772,-60160.1,-1,1.79161e-09,1,0
0.00589025,-0.354336,0.0853298,-0.685386,3.6772,-60156.4,-1,1.79161e-09,1,0
0.00589214,-0.353206,0.0840083,-0.685493,3.67845,-59945.3,-1,1.29273e-09,1,0
0.0058928,-0.353509,0.0833511,-0.685449,3.67708,-59989.9,-1,2.37434e-11,1,0
0.00589408,-0.354089,0.0820553,-0.685319,3.67643,-60075.3,-1,2.92094e-11,1,0
0.00589493,-0.354879,0.0820303,-0.684947,3.67614,-60200.7,-1,3.06782e-11,1,0
0.00589585,-0.355704,0.0819325,-0.684948,3.67659,-60331.2,-1,2.26009e-10,1,0
0.00589732,-0.354788,0.0811393,-0.683789,3.67655,-60160.9,-1,1.67638e-09,1,0
0.00589864,-0.355536,0.0804058,-0.682715,3.67691,-60274.2,-1,7.91357e-10,1,0
0.00589947,-0.355237,0.0802607,-0.682713,3.67867,-60215.1,-1,1.40127e-11,1,0
0.00590024,-0.355091,0.0801409,-0.683562,3.67582,-60182.6,-1,8.69204e-10,1,0
0.00590111,-0.355295,0.0806829,-0.68321,3.67525,-60208.1,-1,4.38419e-10,1,0
0.00590206,-0.35448,0.0806525,-0.683915,3.6753,-60060.4,-1,4.38419e-10,1,0
0.00590429,-0.352195,0.0808381,-0.684902,3.67506,-59650.8,-1,1.65523e-09,1,0
0.00590494,-0.351524,0.0809484,-0.685105,3.67434,-59530.5,-1,4.9338e-11,1,0
0.00590506,-0.351433,0.0810227,-0.68504,3.67144,-59513.9,-1,3.48909e-11,1,0
0.00590675,-0.352433,0.0808195,-0.683843,3.66775,-59666.2,-1,1.70453e-09,1,0
0.00590742,-0.352399,0.0814164,-0.684118,3.66807,-59653.6,-1,3.77976e-10,1,0
0.00590811,-0.352144,0.0821017,-0.684409,3.66808,-59603.4,-1,3.77976e-10,1,0
0.0059087,-0.351948,0.0825589,-0.684686,3.66762,-59564.4,-1,8.0998e-11,1,0
0.00591021,-0.350805,0.0822953,-0.685914,3.6697,-59355.8,-1,5.71464e-10,1,0
0.0059108,-0.350508,0.0827384,-0.685562,3.67007,-59299.6,-1,4.90874e-11,1,0
0.00591166,-0.350395,0.0830228,-0.684885,3.66919,-59271.9,-1,8.13783e-10,1,0
0.00591205,-0.350249,0.0831848,-0.684499,3.66864,-59243.3,-1,4.43408e-10,1,0
0.00591245,-0.350488,0.0834705,-0.684511,3.66635,-59279.7,-1,2.86616e-10,1,0
0.00591386,-0.351106,0.084912,-0.684603,3.66756,-59370,-1,1.59764e-11,1,0
0.00591512,-0.351598,0.0853572,-0.685574,3.66851,-59440.6,-1,8.71047e-10,1,0
0.00591585,-0.351244,0.0850331,-0.686091,3.66676,-59373.3,-1,1.98083e-10,1,0
0.00591657,-0.351053,0.0848116,-0.685401,3.66533,-59333.9,-1,1.45957e-10,1,0
0.00591828,-0.350301,0.0843438,-0.685406,3.6663,-59189.6,-1,5.35426e-10,1,0
0.00591999,-0.349524,0.0847424,-0.68692,3.66447,-59041.4,-1,1.02744e-10,1,0
0.00592185,-0.350324,0.0841853,-0.685093,3.66478,-59157.8,-1,2.04597e-09,1,0
0.00592378,-0.351297,0.0834778,-0.684291,3.66482,-59302.8,-1,9.87349e-10,1,0
0.00592432,-0.351682,0.0832051,-0.684016,3.66686,-59362.5,-1,4.54109e-10,1,0
0.00592467,-0.352009,0.0834212,-0.683974,3.66837,-59414.2,-1,3.36316e-10,1,0
0.0059266,-0.351703,0.084539,-0.685345,3.66903,-59343.1,-1,1.2925e-09,1,0
0.00592778,-0.351596,0.0845446,-0.686465,3.66873,-59313.2,-1,1.8087e-10,1,0
0.00592946,-0.352579,0.0861368,-0.686583,3.66703,-59462.2,-1,3.74714e-11,1,0
0.00592977,-0.352912,0.0860862,-0.686576,3.67029,-59515.3,-1,3.38036e-10,1,0
0.00593045,-0.353019,0.0861038,-0.686805,3.67071,-59526.4,-1,9.91559e-11,1,0
0.00593065,-0.353156,0.0862169,-0.686932,3.67065,-59547.6,-1,2.07847e-10,1,0
0.00593194,-0.353014,0.0865493,-0.688348,3.67139,-59510.6,-1,1.47941e-09,1,0
0.00593357,-0.354104,0.0876909,-0.688723,3.67178,-59678,-1,5.76271e-10,1,0
0.00593481,-0.355334,0.0883344,-0.688989,3.67172,-59872.8,-1,5.76271e-10,1,0
0.00593607,-0.356579,0.0889852,-0.689258,3.67113,-60069.8,-1,4.12227e-09,1,0
0.00593641,-0.356726,0.0889763,-0.688897,3.6728,-60091.1,-1,3.89465e-10,1,0
0.00593835,-0.356451,0.0898796,-0.688936,3.66919,-60025.3,-1,6.25498e-10,1,0
0.0059388,-0.356661,0.0900927,-0.688931,3.67181,-60056.1,-1,5.54975e-11,1,0
0.00594005,-0.356488,0.0886993,-0.688967,3.66979,-60014.2,-1,2.03334e-10,1,0
0.00594195,-0.356248,0.0902648,-0.6875,3.67098,-59954.8,-1,2.15867e-09,1,0
0.00594369,-0.357667,0.0890271,-0.688087,3.67087,-60175.9,-1,9.45497e-10,1,0
0.00594432,-0.358184,0.0885759,-0.688301,3.67085,-60256.5,-1,9.45497e-10,1,0
0.00594567,-0.35929,0.0876107,-0.688759,3.67079,-60428.9,-1,9.45497e-10,1,0
0.00594671,-0.358363,0.0881538,-0.688329,3.67074,-60262.3,-1,3.2972e-09,1,0
0.00594744,-0.3577,0.0885439,-0.688022,3.67078,-60143.5,-1,3.2972e-09,1,0
0.00594887,-0.356554,0.0888295,-0.687351,3.66865,-59936.4,-1,3.21672e-09,1,0
0.00594952,-0.356265,0.0883161,-0.686899,3.66989,-59881.2,-1,2.55867e-10,1,0
0.00595093,-0.355551,0.0875601,-0.687965,3.66971,-59747.1,-1,5.17124e-10,1,0
0.00595259,-0.355181,0.087723,-0.68722,3.67144,-59668.4,-1,1.60958e-09,1,0
0.00595414,-0.355453,0.0882776,-0.686073,3.67312,-59698.5,-1,2.61123e-09,1,0
0.00595473,-0.355645,0.0881594,-0.685692,3.67313,-59724.8,-1,1.84316e-10,1,0
0.00595607,-0.355073,0.0876272,-0.684388,3.67316,-59615.3,-1,1.84316e-10,1,0
0.00595756,-0.354435,0.0870341,-0.682934,3.67263,-59493.2,-1,1.59053e-09,1,0
0.00595898,-0.353332,0.0881747,-0.682665,3.67268,-59294.1,-1,1.59053e-09,1,0
0.00595971,-0.352935,0.088799,-0.682421,3.67267,-59220.2,-1,7.99774e-11,1,0
0.00596042,-0.352741,0.0895286,-0.682603,3.67351,-59180.5,-1,6.67224e-10,1,0
0.00596239,-0.351908,0.0894981,-0.683189,3.67336,-59021.2,-1,1.30966e-10,1,0
0.00596391,-0.351253,0.0891694,-0.683403,3.6701,-58896.5,-1,7.71923e-11,1,0
0.0059653,-0.35112,0.0907111,-0.683109,3.67015,-58860.3,-1,1.18439e-09,1,0
0.00596632,-0.351004,0.0918189,-0.682816,3.6692,-58831,-1,2.10645e-09,1,0
0.00596747,-0.350887,0.0927824,-0.683703,3.66948,-58799.9,-1,1.31485e-09,1,0
0.00596858,-0.351413,0.0939013,-0.683963,3.66945,-58877.1,-1,1.31485e-09,1,0
0.00596885,-0.351456,0.0938167,-0.683933,3.6669,-58881.7,-1,1.9322e-10,1,0
0.00596967,-0.351992,0.0931576,-0.683727,3.6628,-58963.5,-1,9.09541e-11,1,0
0.00597007,-0.352379,0.0930395,-0.683954,3.66327,-59024.2,-1,4.63732e-10,1,0
0.00597066,-0.352003,0.0925483,-0.683981,3.66198,-58955.5,-1,6.36809e-10,1,0
0.00597195,-0.352593,0.0931828,-0.68471,3.66292,-59041.5,-1,1.29508e-09,1,0
0.00597356,-0.351584,0.0932512,-0.684313,3.66036,-58856.7,-1,1.48829e-09,1,0
0.00597495,-0.350611,0.0926203,-0.684938,3.66139,-58680.1,-1,9.08552e-10,1,0
0.00597629,-0.349923,0.0918,-0.686016,3.66183,-58552,-1,1.51908e-09,1,0
0.00597679,-0.350418,0.0915397,-0.685971,3.66347,-58629.8,-1,5.6029e-10,1,0
0.00597792,-0.350576,0.0905482,-0.685803,3.66104,-58645.1,-1,1.96895e-10,1,0
0.00597866,-0.350791,0.0898671,-0.685587,3.66048,-58673.8,-1,3.64699e-11,1,0
0.00598077,-0.349466,0.0886247,-0.686645,3.65848,-58431.5,-1,2.45752e-10,1,0
0.00598105,-0.349306,0.0884909,-0.686869,3.65851,-58402.2,-1,6.04454e-11,1,0
0.00598145,-0.34975,0.0884497,-0.686797,3.65908,-58472.4,-1,4.29127e-10,1,0
0.00598163,-0.349671,0.0883623,-0.686914,3.65882,-58457.5,-1,1.98133e-11,1,0
0.00598333,-0.349875,0.0869243,-0.688199,3.65922,-58474.8,-1,1.93928e-09,1,0
0.00598451,-0.349347,0.0864388,-0.688183,3.65725,-58375.3,-1,8.59104e-10,1,0
0.00598635,-0.348931,0.0868668,-0.688176,3.65682,-58287.8,-1,7.41963e-10,1,0
0.00598706,-0.348727,0.0870865,-0.688312,3.65691,-58246.8,-1,4.64982e-10,1,0
0.00598743,-0.348681,0.0873339,-0.688611,3.65668,-58235.6,-1,4.64701e-10,1,0
0.0059877,-0.34863,0.0871402,-0.688419,3.65767,-58224.4,-1,9.26558e-11,1,0
0.00598871,-0.348338,0.0864894,-0.68757,3.65818,-58165.7,-1,1.06663e-09,1,0
0.00598952,-0.347733,0.0862398,-0.68693,3.65829,-58056.8,-1,7.22045e-10,1,0
0.00599036,-0.347135,0.0857668,-0.686801,3.66146,-57948.9,-1,4.50032e-10,1,0
0.00599156,-0.347215,0.0865749,-0.686224,3.66209,-57950.7,-1,6.41082e-10,1,0
0.0059927,-0.347665,0.0864816,-0.685718,3.66177,-58014.6,-1,1.43139e-09,1,0
0.0059931,-0.347641,0.0860537,-0.685848,3.66315,-58006.8,-1,8.88406e-10,1,0
0.00599389,-0.347786,0.085489,-0.685485,3.66386,-58023.4,-1,4.01981e-10,1,0
0.00599454,-0.34779,0.0862007,-0.685308,3.66359,-58017.8,-1,9.87955e-11,1,0
0.00599703,-0.346637,0.0879379,-0.685452,3.66523,-57801.4,-1,2.17549e-09,1,0
0.00599923,-0.344393,0.0884056,-0.686449,3.66534,-57406.2,-1,2.17549e-09,1,0
0.0060005,-0.343104,0.0886742,-0.687022,3.66321,-57179.3,-1,5.22836e-09,1,0
0.00600137,-0.343937,0.0888997,-0.687521,3.66063,-57309.7,-1,9.96997e-10,1,0
0.00600209,-0.343417,0.0887447,-0.687972,3.66012,-57216.3,-1,4.58684e-10,1,0
0.00600363,-0.342422,0.0899481,-0.688596,3.66,-57035.9,-1,4.3817e-10,1,0
0.00600438,-0.342005,0.0906452,-0.688859,3.65675,-56959.2,-1,6.27486e-10,1,0
0.00600514,-0.342164,0.091356,-0.689309,3.65674,-56978.5,-1,6.27486e-10,1,0
0.00600597,-0.342144,0.0918064,-0.68906,3.65813,-56967.4,-1,4.8819e-10,1,0
0.00600724,-0.342021,0.0917407,-0.687662,3.65811,-56934.8,-1,1.30157e-09,1,0
0.00600757,-0.342146,0.0919227,-0.687353,3.6581,-56952.4,-1,1.30157e-09,1,0
0.00600825,-0.342067,0.0921642,-0.686941,3.65821,-56933,-1,1.1834e-10,1,0
0.00600865,-0.34167,0.0923993,-0.686901,3.65627,-56862.9,-1,7.36163e-10,1,0
0.0060094,-0.342158,0.0930726,-0.686731,3.6574,-56937,-1,8.48755e-10,1,0
0.00601074,-0.34244,0.0928867,-0.687284,3.65529,-56971.3,-1,7.80548e-10,1,0
0.0060117,-0.342506,0.0937665,-0.68712,3.65561,-56973.3,-1,1.08788e-09,1,0
0.00601406,-0.342461,0.0940292,-0.686184,3.65342,-56943.5,-1,3.07459e-10,1,0
0.00601508,-0.342641,0.0950888,-0.685857,3.6524,-56963.6,-1,1.14195e-09,1,0
0.00601634,-0.341626,0.095779,-0.686424,3.65232,-56783,-1,1.18825e-09,1,0
0.00601802,-0.343362,0.0950209,-0.68621,3.65174,-57055.7,-1,1.90837e-09,1,0
0.00601866,-0.343508,0.0952085,-0.685854,3.65121,-57073.8,-1,2.74631e-10,1,0
0.00601911,-0.343821,0.0952208,-0.685847,3.65528,-57121.6,-1,3.6635e-10,1,0
0.00602002,-0.343017,0.0947536,-0.685406,3.65736,-56979.4,-1,1.02899e-09,1,0
0.0060206,-0.343638,0.0949756,-0.685359,3.65733,-57077,-1,1.02899e-09,1,0
0.00602151,-0.344608,0.0953223,-0.685286,3.65708,-57229.5,-1,1.69363e-09,1,0
0.00602223,-0.345377,0.0955975,-0.685227,3.65704,-57350.4,-1,1.69363e-09,1,0
0.00602407,-0.347339,0.0962989,-0.685078,3.65626,-57658.6,-1,9.22946e-10,1,0
0.00602552,-0.346817,0.0967614,-0.686034,3.6552,-57558,-1,9.43821e-10,1,0
0.00602655,-0.347615,0.0960519,-0.685586,3.65491,-57680.6,-1,9.55142e-11,1,0
0.00602771,-0.347414,0.0964082,-0.684345,3.6542,-57636.2,-1,8.82928e-10,1,0
0.00602888,-0.347695,0.0961803,-0.68339,3.65402,-57671.5,-1,5.51174e-10,1,0
0.00602988,-0.347626,0.0961122,-0.683042,3.65494,-57650.5,-1,4.68219e-10,1,0
0.00603084,-0.34757,0.0958615,-0.682679,3.65642,-57632,-1,5.92262e-10,1,0
0.00603214,-0.347819,0.0950506,-0.683136,3.65838,-57661,-1,3.35418e-10,1,0
0.0060333,-0.348978,0.0956672,-0.683278,3.65832,-57842,-1,3.35418e-10,1,0
0.00603409,-0.34871,0.0956195,-0.683578,3.65856,-57790,-1,1.60169e-09,1,0
0.00603492,-0.348163,0.0952976,-0.682905,3.65666,-57691.4,-1,9.19155e-10,1,0
0.00603507,-0.34833,0.0952595,-0.682878,3.65741,-57717.7,-1,1.6849e-10,1,0
0.00603627,-0.349034,0.0957941,-0.68185,3.6556,-57822.9,-1,5.59504e-10,1,0
0.00603656,-0.349227,0.0958423,-0.681844,3.65635,-57851.9,-1,8.27646e-11,1,0
0.00603701,-0.349328,0.0958575,-0.681927,3.65694,-57864.5,-1,6.84213e-11,1,0
0.00603825,-0.34884,0.0947961,-0.681199,3.6573,-57771.6,-1,9.74897e-11,1,0
0.00603963,-0.348086,0.0949147,-0.680725,3.65582,-57633.6,-1,5.04167e-10,1,0
0.00604036,-0.347949,0.0951948,-0.681023,3.65614,-57604.1,-1,4.42251e-10,1,0
0.00604175,-0.347468,0.0955165,-0.682357,3.65423,-57511.2,-1,5.07198e-10,1,0
0.00604238,-0.347468,0.0956136,-0.682531,3.65651,-57505.2,-1,1.8356e-10,1,0
0.00604321,-0.347881,0.0956986,-0.681693,3.65649,-57565.7,-1,1.8356e-10,1,0
0.00604461,-0.346574,0.0949083,-0.681974,3.65709,-57336,-1,1.05457e-09,1,0
0.00604573,-0.345501,0.0944756,-0.682259,3.65771,-57147.9,-1,2.36332e-10,1,0
0.00604627,-0.345921,0.0940586,-0.682128,3.65575,-57212.4,-1,6.0653e-10,1,0
0.00604668,-0.345776,0.0941024,-0.68169,3.65575,-57184.5,-1,6.0653e-10,1,0
0.00604793,-0.345331,0.0942365,-0.68035,3.65491,-57099.1,-1,1.88199e-09,1,0
0.0060487,-0.345218,0.0942189,-0.67977,3.65552,-57073.1,-1,2.19756e-10,1,0
0.00604966,-0.344222,0.0946587,-0.679653,3.65606,-56899.4,-1,1.22587e-09,1,0
0.00605076,-0.343408,0.0938333,-0.67936,3.65531,-56754.5,-1,4.16016e-10,1,0
0.00605246,-0.342638,0.0947417,-0.677995,3.65367,-56611.4,-1,4.50582e-10,1,0
0.00605403,-0.342941,0.0947653,-0.67917,3.65815,-56646.8,-1,1.43146e-10,1,0
0.00605469,-0.342296,0.095049,-0.679244,3.65956,-56534,-1,1.36401e-10,1,0
0.00605541,-0.341841,0.0944573,-0.67947,3.6602,-56452.2,-1,3.17616e-11,1,0
0.00605696,-0.340581,0.0935853,-0.67967,3.65856,-56229.6,-1,5.90586e-10,1,0
0.00605764,-0.340331,0.0929168,-0.679932,3.65672,-56182.1,-1,2.34466e-11,1,0
0.00605953,-0.339833,0.0921397,-0.6815,3.6568,-56082.3,-1,8.38207e-10,1,0
0.00606098,-0.340059,0.0907984,-0.68059,3.65679,-56106.3,-1,8.38207e-10,1,0
0.00606122,-0.340018,0.0907076,-0.680343,3.65626,-56097.4,-1,2.49294e-10,1,0
0.00606213,-0.338987,0.0907306,-0.680439,3.65572,-55918.7,-1,4.66618e-10,1,0
0.00606304,-0.338343,0.0910327,-0.680836,3.65786,-55804.2,-1,3.23085e-10,1,0
0.00606359,-0.337803,0.0907171,-0.680745,3.65788,-55710,-1,3.23085e-10,1,0
0.0060652,-0.336241,0.0898043,-0.680482,3.656,-55437.6,-1,2.46039e-09,1,0
0.00606583,-0.336153,0.0895568,-0.681136,3.65601,-55417.4,-1,2.46039e-09,1,0
0.00606763,-0.334796,0.0882009,-0.681617,3.65459,-55177.4,-1,1.89647e-09,1,0
0.00606896,-0.334875,0.0886858,-0.682581,3.65523,-55178.3,-1,5.25982e-10,1,0
0.00606939,-0.335129,0.0889428,-0.682911,3.65522,-55216.2,-1,5.25982e-10,1,0
0.00607026,-0.335471,0.0894286,-0.683296,3.65629,-55264.7,-1,2.29486e-10,1,0
0.00607229,-0.337298,0.0906608,-0.683746,3.6555,-55547.1,-1,2.16463e-09,1,0
0.00607332,-0.337781,0.0914957,-0.683093,3.65547,-55617.2,-1,2.16463e-09,1,0
0.00607479,-0.338728,0.0925071,-0.682438,3.65554,-55759.7,-1,2.4817e-09,1,0
0.00607567,-0.339607,0.0929372,-0.682519,3.65542,-55896.3,-1,1.16227e-09,1,0
0.00607638,-0.340222,0.0934266,-0.682704,3.65711,-55991,-1,6.03251e-10,1,0
0.00607751,-0.339874,0.0933395,-0.681941,3.65744,-55923.3,-1,3.57386e-10,1,0
0.00607846,-0.339526,0.0928135,-0.681405,3.65797,-55857.2,-1,1.34519e-09,1,0
0.00607967,-0.339517,0.0928178,-0.680362,3.65901,-55844.6,-1,1.00033e-09,1,0
0.00608126,-0.339556,0.0935586,-0.679046,3.65839,-55836.4,-1,3.72159e-10,1,0
0.00608218,-0.339721,0.0927147,-0.679472,3.65853,-55855.1,-1,1.36788e-10,1,0
0.006083,-0.339977,0.0921154,-0.679355,3.65808,-55889.8,-1,1.8942e-10,1,0
0.00608457,-0.34132,0.0909434,-0.679479,3.6589,-56095.9,-1,4.21972e-10,1,0
0.00608534,-0.3409,0.090761,-0.679222,3.65875,-56019.9,-1,6.07872e-10,1,0
0.00608692,-0.342028,0.0905038,-0.677857,3.65869,-56190.7,-1,6.07872e-10,1,0
0.00608741,-0.342198,0.0903515,-0.677532,3.65776,-56214,-1,1.3423e-10,1,0
0.00608835,-0.34173,0.0904028,-0.676996,3.66037,-56128.4,-1,7.63817e-10,1,0
0.00608976,-0.34164,0.0906366,-0.675599,3.66118,-56100.7,-1,3.18589e-10,1,0
0.00609178,-0.341121,0.0922775,-0.674465,3.65995,-55997,-1,1.72846e-09,1,0
0.00609288,-0.340386,0.0924148,-0.673465,3.65998,-55866.3,-1,1.72846e-09,1,0
0.00609445,-0.339225,0.0925516,-0.672126,3.66182,-55661.3,-1,1.51008e-09,1,0
0.00609508,-0.338985,0.0921056,-0.671817,3.66164,-55616.2,-1,1.74227e-10,1,0
0.00609568,-0.338678,0.0917378,-0.671427,3.66014,-55560.2,-1,1.07237e-09,1,0
0.0060963,-0.338131,0.0914513,-0.671687,3.66029,-55464.9,-1,4.21851e-10,1,0
0.0060979,-0.3364,0.0909408,-0.671544,3.66076,-55166.6,-1,1.81016e-09,1,0
0.00609848,-0.336731,0.0912396,-0.671063,3.65896,-55215.6,-1,2.2126e-10,1,0
0.00609997,-0.336573,0.0918098,-0.670815,3.6585,-55176.3,-1,7.7154e-10,1,0
0.00610045,-0.336378,0.0916333,-0.670331,3.65914,-55139.9,-1,5.50908e-10,1,0
0.00610187,-0.335738,0.0930114,-0.670074,3.65851,-55022.2,-1,6.14338e-11,1,0
0.0061036,-0.334268,0.0931827,-0.670501,3.66195,-54765.7,-1,1.38185e-09,1,0
0.00610484,-0.335083,0.0929539,-0.671622,3.66191,-54888.1,-1,1.38185e-09,1,0
0.006106,-0.33601,0.0925989,-0.672322,3.66341,-55029.5,-1,5.08761e-10,1,0
0.00610701,-0.336724,0.0921934,-0.67152,3.66338,-55137.2,-1,5.08761e-10,1,0
0.00610844,-0.336834,0.0920243,-0.670991,3.66448,-55142.4,-1,2.17654e-09,1,0
0.00610927,-0.335996,0.0923321,-0.671292,3.66392,-54997.7,-1,1.53785e-09,1,0
0.00610937,-0.335932,0.0923823,-0.671238,3.66578,-54986.5,-1,3.4504e-11,1,0
0.00611048,-0.33572,0.0932838,-0.670376,3.66579,-54941.8,-1,3.4504e-11,1,0
0.00611228,-0.335379,0.094737,-0.668985,3.66542,-54869.7,-1,3.30556e-09,1,0
0.00611277,-0.335472,0.0952224,-0.66917,3.66791,-54880.5,-1,2.47363e-11,1,0
0.0061133,-0.335187,0.0952748,-0.668671,3.66874,-54829.2,-1,1.56848e-10,1,0
0.00611518,-0.334448,0.0966808,-0.66752,3.66843,-54691.4,-1,9.92724e-11,1,0
0.00611573,-0.334235,0.0966389,-0.667415,3.66836,-54651.7,-1,2.21989e-10,1,0
0.00611749,-0.335109,0.095857,-0.668586,3.66812,-54778.8,-1,1.50277e-09,1,0
0.00611909,-0.335358,0.0964588,-0.667301,3.66704,-54805.1,-1,6.99439e-10,1,0
0.00611993,-0.3348,0.096988,-0.667825,3.66772,-54706.6,-1,1.62779e-09,1,0
0.00612045,-0.334447,0.0973184,-0.668162,3.66652,-54644.3,-1,1.52393e-09,1,0
0.00612226,-0.334088,0.0988695,-0.668253,3.66751,-54569.4,-1,5.67787e-10,1,0
0.00612328,-0.334198,0.100005,-0.668088,3.66757,-54578.3,-1,1.15278e-09,1,0
0.00612404,-0.334455,0.0998513,-0.668895,3.66756,-54613.6,-1,1.15278e-09,1,0
0.00612542,-0.334547,0.100385,-0.669683,3.66927,-54616.2,-1,4.99178e-10,1,0
0.00612721,-0.334131,0.101215,-0.671497,3.66929,-54532.4,-1,4.99178e-10,1,0
0.00612772,-0.334258,0.101298,-0.671138,3.66984,-54548.4,-1,4.78648e-10,1,0
0.00612972,-0.334481,0.0992334,-0.671323,3.6701,-54567.1,-1,1.29267e-09,1,0
0.00613132,-0.334864,0.100167,-0.672562,3.67106,-54615.3,-1,1.10179e-09,1,0
0.00613307,-0.335114,0.0990444,-0.673425,3.67251,-54640.5,-1,2.16942e-09,1,0
0.0061334,-0.335152,0.0986834,-0.673553,3.6725,-54643.7,-1,2.16942e-09,1,0
0.0061342,-0.334584,0.0982623,-0.673229,3.67293,-54544,-1,2.59272e-10,1,0
0.00613517,-0.33373,0.0978509,-0.673186,3.67445,-54396.2,-1,5.74359e-10,1,0
0.00613582,-0.334019,0.0977724,-0.673369,3.67699,-54437.6,-1,3.45035e-10,1,0
0.00613712,-0.333655,0.0991086,-0.672844,3.6771,-54366.7,-1,1.88334e-10,1,0
0.00613785,-0.333111,0.0987574,-0.67232,3.67713,-54271.7,-1,1.88334e-10,1,0
0.00613946,-0.331863,0.0999519,-0.672016,3.67876,-54054.1,-1,1.72511e-09,1,0
0.00614161,-0.329539,0.100508,-0.6725,3.68033,-53656.8,-1,2.4382e-09,1,0
0.00614242,-0.329546,0.100388,-0.673279,3.67857,-53650.9,-1,2.7842e-10,1,0
0.00614455,-0.328641,0.100415,-0.674951,3.67917,-53484.9,-1,1.77602e-09,1,0
0.00614587,-0.327534,0.10106,-0.675732,3.67923,-53293.3,-1,1.77602e-09,1,0
0.0061483,-0.325398,0.101485,-0.677332,3.67996,-52924.8,-1,1.70584e-09,1,0
0.00615034,-0.325586,0.099499,-0.676644,3.67894,-52938,-1,4.65567e-10,1,0
0.00615214,-0.326044,0.0975743,-0.676135,3.67886,-52996.9,-1,2.77311e-09,1,0
0.00615241,-0.326073,0.0972715,-0.676072,3.67861,-52999.2,-1,1.28442e-09,1,0
0.00615367,-0.326093,0.0961864,-0.675596,3.67992,-52991.6,-1,5.05081e-10,1,0
0.00615428,-0.326548,0.0961203,-0.675431,3.68215,-53060.4,-1,7.0497e-10,1,0
0.00615534,-0.32607,0.0953473,-0.674934,3.68121,-52973.5,-1,1.28194e-10,1,0
0.00615693,-0.324809,0.0953499,-0.673639,3.68128,-52755,-1,1.28194e-10,1,0
0.00615793,-0.324016,0.0953516,-0.672825,3.68216,-52617.6,-1,2.94411e-09,1,0
0.00615971,-0.324535,0.0950218,-0.671083,3.681,-52686.8,-1,4.57022e-10,1,0
0.00616056,-0.324375,0.0952441,-0.670448,3.68021,-52653.5,-1,2.10436e-09,1,0
0.00616084,-0.324277,0.0950839,-0.670366,3.68018,-52635.2,-1,7.09153e-11,1,0
0.00616202,-0.32419,0.0937794,-0.670031,3.68018,-52610.9,-1,7.09153e-11,1,0
0.00616324,-0.324086,0.0931523,-0.669118,3.68058,-52583.8,-1,7.60408e-10,1,0
0.00616478,-0.323649,0.0930447,-0.667612,3.68059,-52499.6,-1,3.4301e-10,1,0
0.00616669,-0.322217,0.0924549,-0.668795,3.68066,-52251.1,-1,1.93398e-09,1,0
0.0061675,-0.322644,0.0918701,-0.669343,3.67899,-52313.5,-1,9.07098e-10,1,0
0.00616873,-0.323645,0.0912482,-0.668903,3.67846,-52465.4,-1,1.15987e-09,1,0
0.00617174,-0.326264,0.089866,-0.667179,3.67854,-52864.2,-1,3.42694e-09,1,0
0.00617414,-0.327195,0.0890522,-0.66544,3.67465,-52994.3,-1,1.45143e-09,1,0
0.00617508,-0.327414,0.0892357,-0.66441,3.67464,-53021.8,-1,1.45143e-09,1,0
0.00617751,-0.329155,0.0903629,-0.663123,3.67277,-53282.8,-1,1.90125e-09,1,0
0.00617848,-0.329861,0.0908755,-0.662761,3.67367,-53388.6,-1,9.52151e-10,1,0
0.0061799,-0.329304,0.0914858,-0.66197,3.67333,-53286.3,-1,6.829e-10,1,0
0.00618033,-0.32918,0.0912942,-0.661678,3.67286,-53262.6,-1,1.48973e-10,1,0
0.00618161,-0.328798,0.0916424,-0.660979,3.6718,-53189.7,-1,8.98104e-10,1,0
0.00618321,-0.329194,0.0932069,-0.660739,3.67289,-53239.9,-1,9.22037e-10,1,0
0.00618384,-0.329268,0.0936869,-0.661009,3.6722,-53246.6,-1,4.32358e-10,1,0
0.00618548,-0.329407,0.0946573,-0.660211,3.67259,-53254.9,-1,5.60848e-10,1,0
0.00618638,-0.329742,0.0946215,-0.65967,3.67262,-53301.3,-1,2.44142e-10,1,0
0.00618784,-0.330561,0.0939771,-0.659366,3.67419,-53421,-1,3.65936e-10,1,0
0.00618945,-0.330511,0.0954981,-0.659434,3.67283,-53399.1,-1,1.01287e-09,1,0
0.0061906,-0.330577,0.0960243,-0.65934,3.67394,-53399.8,-1,1.37357e-10,1,0
0.00619133,-0.331144,0.0956739,-0.65914,3.67289,-53485.2,-1,8.83391e-10,1,0
0.00619261,-0.331095,0.0958412,-0.658481,3.67286,-53466.1,-1,3.99252e-10,1,0
0.006194,-0.332073,0.0956987,-0.658432,3.67426,-53612,-1,1.04077e-09,1,0
0.00619477,-0.331431,0.0955642,-0.658198,3.67093,-53501.7,-1,4.93986e-11,1,0
0.00619542,-0.331426,0.0959767,-0.658802,3.67114,-53495.3,-1,8.05927e-10,1,0
0.00619619,-0.331813,0.0963535,-0.658986,3.67232,-53551.2,-1,6.84572e-10,1,0
0.00619835,-0.331215,0.0963768,-0.657336,3.67148,-53435.9,-1,8.61348e-10,1,0
0.0062007,-0.331723,0.095656,-0.658219,3.67099,-53497.7,-1,1.84804e-09,1,0
0.00620119,-0.332032,0.0956955,-0.658099,3.6743,-53543.2,-1,1.30876e-10,1,0
0.00620348,-0.332897,0.0952243,-0.658531,3.67054,-53663,-1,1.30456e-09,1,0
0.00620478,-0.332395,0.0963609,-0.657731,3.67013,-53570.8,-1,1.47787e-09,1,0
0.00620648,-0.333054,0.0962921,-0.659338,3.67082,-53662.4,-1,1.52646e-09,1,0
0.00620824,-0.333653,0.0978317,-0.660479,3.67079,-53743.5,-1,1.52646e-09,1,0
0.00620871,-0.333565,0.098348,-0.660445,3.67062,-53725.3,-1,2.43471e-09,1,0
0.00620996,-0.332401,0.0980892,-0.660265,3.66857,-53527,-1,5.84976e-10,1,0
0.00621039,-0.332131,0.0979517,-0.660303,3.66834,-53480,-1,2.90556e-11,1,0
0.00621075,-0.331772,0.0978135,-0.660275,3.66799,-53419,-1,1.43154e-10,1,0
0.00621127,-0.331786,0.0975163,-0.660134,3.66836,-53416.8,-1,3.72793e-11,1,0
0.00621265,-0.333035,0.0965779,-0.660205,3.66914,-53605.9,-1,1.82479e-09,1,0
0.00621382,-0.332624,0.0957642,-0.659426,3.66938,-53529.7,-1,1.23553e-09,1,0
0.00621464,-0.333356,0.0961624,-0.65906,3.66965,-53640.4,-1,4.44114e-11,1,0
0.0062158,-0.332791,0.0971455,-0.659737,3.66879,-53539.5,-1,1.09144e-09,1,0
0.00621622,-0.332913,0.0971435,-0.659974,3.66902,-53555.5,-1,2.57723e-10,1,0
0.00621655,-0.332788,0.0968912,-0.659819,3.66861,-53532.6,-1,2.93073e-10,1,0
0.00621736,-0.331954,0.0971069,-0.659492,3.66813,-53391.4,-1,9.40887e-10,1,0
0.00621826,-0.331186,0.0967366,-0.658916,3.66817,-53260.2,-1,9.40887e-10,1,0
0.00621901,-0.331323,0.0968775,-0.658819,3.66739,-53275.7,-1,2.26526e-11,1,0
0.00622102,-0.332732,0.0966722,-0.659837,3.6661,-53485.1,-1,1.08809e-09,1,0
0.00622154,-0.332934,0.0969442,-0.659388,3.66589,-53513,-1,5.6599e-10,1,0
0.00622211,-0.332457,0.0965476,-0.659535,3.66188,-53431.6,-1,6.37283e-10,1,0
0.00622352,-0.332607,0.0969231,-0.658605,3.65996,-53443.6,-1,2.0375e-10,1,0
0.00622434,-0.333066,0.0965871,-0.659341,3.65994,-53510.3,-1,2.0375e-10,1,0
0.00622522,-0.334008,0.096812,-0.659201,3.66054,-53654.1,-1,9.69406e-10,1,0
0.00622679,-0.333068,0.0957465,-0.659454,3.66217,-53489.5,-1,2.06782e-10,1,0
0.00622875,-0.332844,0.0948778,-0.658995,3.6646,-53436.7,-1,2.86544e-09,1,0
0.0062296,-0.333384,0.0950282,-0.658203,3.66477,-53516,-1,1.90321e-09,1,0
0.00623024,-0.332858,0.0953101,-0.658226,3.66423,-53426.3,-1,1.64312e-10,1,0
0.00623089,-0.33323,0.0952938,-0.658029,3.66667,-53480.4,-1,2.79221e-10,1,0
0.00623167,-0.333626,0.0954325,-0.657247,3.66665,-53537.2,-1,2.79221e-10,1,0
0.00623313,-0.334894,0.0958754,-0.656994,3.66571,-53728.1,-1,1.86311e-09,1,0
0.00623408,-0.335781,0.0961906,-0.657053,3.663,-53862.1,-1,1.37794e-10,1,0
0.0062348,-0.336027,0.0969151,-0.657355,3.66299,-53895.4,-1,1.37794e-10,1,0
0.00623715,-0.336827,0.099269,-0.658337,3.66392,-54003.4,-1,3.49584e-09,1,0
0.00623792,-0.337551,0.0997075,-0.658162,3.66393,-54112.8,-1,8.63863e-10,1,0
0.00623869,-0.337352,0.0999867,-0.658881,3.66578,-54074.2,-1,7.43005e-11,1,0
0.00623979,-0.337275,0.100393,-0.658774,3.66856,-54052.4,-1,6.55156e-10,1,0
0.00624109,-0.336315,0.101031,-0.659698,3.66861,-53887.3,-1,6.55156e-10,1,0
0.00624184,-0.336064,0.101047,-0.659373,3.66429,-53840.5,-1,5.3433e-10,1,0
0.00624228,-0.336086,0.101224,-0.659726,3.66656,-53840.2,-1,1.98348e-10,1,0
0.00624305,-0.336374,0.101136,-0.660151,3.67014,-53879.7,-1,3.1883e-10,1,0
0.00624381,-0.337184,0.100849,-0.660085,3.66964,-54002.9,-1,4.21774e-10,1,0
0.00624535,-0.337362,0.101566,-0.661316,3.67017,-54018.2,-1,1.35511e-09,1,0
0.00624621,-0.338264,0.101704,-0.660965,3.67013,-54155.1,-1,1.35511e-09,1,0
0.00624697,-0.338264,0.101522,-0.661207,3.6684,-54148.5,-1,5.2881e-10,1,0
0.00624962,-0.337705,0.101729,-0.664162,3.66843,-54036.1,-1,5.2881e-10,1,0
0.00625112,-0.336653,0.102784,-0.664717,3.66637,-53854.8,-1,1.49492e-09,1,0
0.00625248,-0.337796,0.103765,-0.664366,3.66631,-54025.9,-1,1.49492e-09,1,0
0.00625368,-0.337608,0.104342,-0.664401,3.66254,-53985.4,-1,6.59977e-10,1,0
0.00625558,-0.337119,0.105935,-0.664136,3.66182,-53890.9,-1,1.29788e-09,1,0
0.00625806,-0.337971,0.103437,-0.664295,3.66247,-54005.7,-1,1.29253e-09,1,0
0.00625954,-0.338212,0.102597,-0.665106,3.66442,-54031.4,-1,9.66612e-10,1,0
0.00625989,-0.338248,0.102743,-0.665119,3.66585,-54034.2,-1,1.67186e-10,1,0
0.00626069,-0.337403,0.103044,-0.664986,3.66589,-53892.4,-1,1.67186e-10,1,0
0.00626189,-0.336133,0.103497,-0.664785,3.66595,-53679.3,-1,1.67186e-10,1,0
0.00626234,-0.335867,0.103636,-0.664779,3.66547,-53632.8,-1,2.6661e-09,1,0
0.00626313,-0.336667,0.103694,-0.665188,3.66543,-53753.8,-1,2.6661e-09,1,0
0.00626464,-0.337589,0.104047,-0.665583,3.66566,-53888,-1,2.71111e-10,1,0
0.00626493,-0.337728,0.104035,-0.665557,3.6673,-53907.7,-1,1.43816e-10,1,0
0.00626532,-0.337742,0.104043,-0.665622,3.67043,-53906.6,-1,1.9511e-10,1,0
0.00626648,-0.337824,0.104459,-0.66687,3.67041,-53909.7,-1,1.31773e-09,1,0
0.00626671,-0.33762,0.104605,-0.666808,3.67051,-53875.2,-1,1.14245e-10,1,0
0.0062681,-0.337084,0.105893,-0.666589,3.67078,-53777.7,-1,1.39448e-09,1,0
0.00626877,-0.336941,0.105859,-0.667337,3.67128,-53749.1,-1,7.39057e-10,1,0
0.00627009,-0.337078,0.105555,-0.66629,3.66975,-53759.6,-1,1.29245e-09,1,0
0.00627053,-0.337312,0.105519,-0.666653,3.66846,-53793.1,-1,4.36961e-10,1,0
0.00627199,-0.337878,0.105668,-0.66811,3.66697,-53871,-1,7.20403e-10,1,0
0.00627392,-0.337174,0.106977,-0.668335,3.66903,-53742.1,-1,7.14198e-10,1,0
0.00627583,-0.339176,0.107756,-0.66802,3.66893,-54044.8,-1,7.14198e-10,1,0
0.00627707,-0.339835,0.108724,-0.667376,3.66938,-54139.1,-1,1.11524e-09,1,0
0.00627854,-0.339639,0.107791,-0.668281,3.67072,-54095.2,-1,1.29255e-09,1,0
0.00627975,-0.339497,0.106827,-0.667861,3.66893,-54062.2,-1,2.37884e-10,1,0
0.00628058,-0.339181,0.107213,-0.667405,3.67021,-54004.7,-1,6.32368e-10,1,0
0.00628188,-0.340155,0.10789,-0.666539,3.67028,-54148.6,-1,3.18481e-10,1,0
0.00628393,-0.341704,0.108966,-0.665162,3.6718,-54377.4,-1,3.48559e-09,1,0
0.00628489,-0.342428,0.109469,-0.664518,3.67176,-54484.3,-1,3.48559e-09,1,0
0.00628567,-0.342934,0.110005,-0.664257,3.67447,-54558.1,-1,3.08925e-10,1,0
0.00628637,-0.343534,0.110017,-0.663966,3.67768,-54647.4,-1,7.33329e-10,1,0
0.00628759,-0.344117,0.110944,-0.663804,3.68086,-54729.6,-1,1.20604e-09,1,0
0.00628815,-0.344516,0.11142,-0.663697,3.68084,-54788.2,-1,1.20604e-09,1,0
0.00628966,-0.345069,0.112754,-0.664167,3.67936,-54862.9,-1,6.71981e-10,1,0
0.00629051,-0.345179,0.113307,-0.663875,3.68083,-54873,-1,3.02266e-10,1,0
0.00629125,-0.3456,0.113058,-0.663783,3.6836,-54933.5,-1,4.1542e-10,1,0
0.00629294,-0.345656,0.114219,-0.662664,3.68269,-54927.6,-1,5.06877e-10,1,0
0.0062939,-0.345265,0.114903,-0.662206,3.68186,-54857,-1,1.66497e-10,1,0
0.00629469,-0.344971,0.114472,-0.662438,3.6845,-54803.5,-1,5.13198e-11,1,0
0.00629564,-0.344486,0.114395,-0.661783,3.6859,-54718.1,-1,7.44732e-10,1,0
0.00629626,-0.34418,0.114459,-0.661298,3.68527,-54664.2,-1,6.75662e-11,1,0
0.00629702,-0.344235,0.114617,-0.660579,3.68528,-54666.4,-1,1.06142e-10,1,0
0.00629755,-0.343802,0.114778,-0.660498,3.68467,-54593,-1,8.40428e-10,1,0
0.00629944,-0.341742,0.115284,-0.6608,3.68477,-54249.6,-1,8.40428e-10,1,0
0.00630106,-0.340028,0.115664,-0.66094,3.68479,-53963.7,-1,1.1952e-10,1,0
0.00630159,-0.3395,0.11578,-0.660931,3.68604,-53875.3,-1,4.51501e-11,1,0
0.00630191,-0.339662,0.115481,-0.660851,3.68615,-53898.3,-1,3.52253e-10,1,0
0.00630323,-0.340223,0.116667,-0.660413,3.68464,-53976.1,-1,6.29962e-11,1,0
0.00630422,-0.340129,0.11619,-0.660078,3.68142,-53952.7,-1,6.64719e-10,1,0
0.00630542,-0.339151,0.116603,-0.659218,3.68124,-53787.2,-1,1.83442e-09,1,0
0.00630618,-0.339354,0.116971,-0.658459,3.68002,-53812.9,-1,5.79979e-10,1,0
0.0063077,-0.339438,0.118353,-0.657607,3.68107,-53813.2,-1,1.61441e-09,1,0
0.0063092,-0.339044,0.117977,-0.656646,3.68347,-53738.1,-1,1.29132e-09,1,0
0.00631115,-0.339304,0.117438,-0.658564,3.68549,-53762.7,-1,1.29262e-09,1,0
0.00631255,-0.338747,0.117975,-0.659128,3.68201,-53662.4,-1,1.11051e-09,1,0
0.00631298,-0.338476,0.118045,-0.658727,3.682,-53615.8,-1,9.82481e-10,1,0
0.00631394,-0.338932,0.118121,-0.658104,3.68264,-53679.9,-1,1.5196e-10,1,0
0.00631516,-0.338807,0.117999,-0.657084,3.68154,-53649.8,-1,6.06935e-10,1,0
0.00631595,-0.338673,0.117437,-0.656473,3.68112,-53621.9,-1,1.54764e-09,1,0
0.00631747,-0.338882,0.115861,-0.65578,3.68242,-53642,-1,2.02913e-09,1,0
0.00631865,-0.337713,0.115541,-0.656,3.68248,-53447,-1,5.8443e-10,1,0
0.00632002,-0.337493,0.116304,-0.657306,3.68139,-53400.6,-1,1.50307e-09,1,0
0.0063207,-0.336974,0.116317,-0.657727,3.68014,-53312.8,-1,5.99787e-10,1,0
0.006322,-0.336361,0.117154,-0.658734,3.68054,-53204.8,-1,8.79697e-10,1,0
0.0063233,-0.335294,0.117932,-0.659373,3.67817,-53025.2,-1,1.10068e-09,1,0
0.00632352,-0.335436,0.117727,-0.659425,3.68006,-53045.8,-1,2.54745e-10,1,0
0.00632371,-0.335279,0.117805,-0.659403,3.68185,-53019.2,-1,6.58146e-11,1,0
0.00632536,-0.335325,0.116581,-0.65965,3.68037,-53012.7,-1,1.2993e-09,1,0
0.0063261,-0.33533,0.115972,-0.659147,3.67992,-53007.4,-1,3.87701e-10,1,0
0.00632729,-0.335745,0.114881,-0.658465,3.6799,-53063,-1,3.87701e-10,1,0
0.0063284,-0.336041,0.114323,-0.659132,3.68062,-53100.4,-1,9.0765e-10,1,0
0.00632915,-0.33685,0.11417,-0.658895,3.68079,-53221.9,-1,8.57163e-10,1,0
0.00633065,-0.338395,0.113656,-0.658414,3.68069,-53453.4,-1,4.03004e-10,1,0
0.00633111,-0.338433,0.113713,-0.658348,3.68108,-53455.5,-1,1.73946e-10,1,0
0.00633183,-0.338331,0.113425,-0.658692,3.68343,-53433.4,-1,3.13258e-11,1,0
0.00633262,-0.338215,0.112897,-0.659409,3.68087,-53408.4,-1,1.50793e-09,1,0
0.00633495,-0.336909,0.113046,-0.65925,3.68347,-53182.5,-1,1.0558e-09,1,0
0.00633569,-0.336237,0.112582,-0.659043,3.6835,-53070.3,-1,1.0558e-09,1,0
0.006337,-0.336135,0.111167,-0.659189,3.68302,-53043.3,-1,6.51726e-10,1,0
0.00633825,-0.336301,0.110635,-0.658311,3.67955,-53058.9,-1,1.88425e-10,1,0
0.00633874,-0.336578,0.110403,-0.658546,3.67639,-53098.6,-1,3.72166e-10,1,0
0.00633988,-0.337406,0.111222,-0.658556,3.67658,-53219.6,-1,1.18246e-09,1,0
0.00634144,-0.337087,0.111364,-0.659721,3.67677,-53156.2,-1,1.40475e-09,1,0
0.00634235,-0.336918,0.111306,-0.659463,3.67367,-53121.9,-1,3.48663e-10,1,0
0.00634313,-0.336889,0.110722,-0.659891,3.67159,-53110.8,-1,6.79435e-10,1,0
0.00634431,-0.335864,0.110745,-0.659029,3.67164,-52939.3,-1,6.79435e-10,1,0
0.00634566,-0.334835,0.111195,-0.658299,3.67273,-52765.9,-1,4.5314e-10,1,0
0.00634666,-0.334774,0.111505,-0.658255,3.67419,-52748,-1,4.63012e-10,1,0
0.00634703,-0.334491,0.111654,-0.657993,3.67347,-52700.4,-1,9.52478e-10,1,0
0.00634745,-0.334339,0.111743,-0.657622,3.67367,-52672.9,-1,2.3445e-10,1,0
0.00634812,-0.334774,0.111493,-0.657736,3.67554,-52735.9,-1,1.56685e-10,1,0
0.00634912,-0.335631,0.111299,-0.657754,3.67488,-52862.6,-1,1.82305e-10,1,0
0.00635051,-0.335519,0.112543,-0.658548,3.67622,-52833.4,-1,1.37176e-10,1,0
0.00635183,-0.335519,0.112077,-0.658642,3.67733,-52822.3,-1,5.21397e-10,1,0
0.0063536,-0.335135,0.111027,-0.660128,3.67724,-52747.3,-1,1.65712e-09,1,0
0.00635408,-0.334956,0.111206,-0.660047,3.6759,-52715.1,-1,3.22104e-10,1,0
0.00635503,-0.334437,0.111896,-0.660293,3.67624,-52625.5,-1,5.05069e-10,1,0
0.00635692,-0.333236,0.112897,-0.661158,3.67786,-52420.9,-1,1.18808e-09,1,0
0.00635733,-0.333189,0.113197,-0.661487,3.67803,-52410.3,-1,1.41246e-09,1,0
0.00635797,-0.332494,0.113196,-0.661709,3.67663,-52295.6,-1,7.42064e-10,1,0
0.00635976,-0.332808,0.111793,-0.661071,3.67628,-52330.2,-1,1.7421e-09,1,0
0.00636036,-0.33245,0.112099,-0.661412,3.67544,-52269,-1,5.05502e-10,1,0
0.00636094,-0.332499,0.112462,-0.661816,3.67528,-52272,-1,5.25597e-10,1,0
0.00636216,-0.331723,0.113075,-0.661737,3.67347,-52140,-1,1.22677e-09,1,0
0.00636285,-0.331409,0.112459,-0.66211,3.67578,-52085,-1,6.21755e-10,1,0
0.00636407,-0.331545,0.112258,-0.66229,3.67597,-52096.4,-1,3.74342e-10,1,0
0.00636552,-0.332236,0.112242,-0.663651,3.67578,-52193.1,-1,7.85964e-11,1,0
0.00636635,-0.332123,0.112439,-0.664147,3.6767,-52168.5,-1,3.25084e-10,1,0
0.00636807,-0.331587,0.113794,-0.664824,3.6758,-52070.3,-1,8.79467e-10,1,0
0.00636911,-0.331748,0.113417,-0.665925,3.67612,-52087,-1,1.42087e-09,1,0
0.0063703,-0.332086,0.112565,-0.666488,3.67321,-52130.4,-1,1.6807e-10,1,0
0.00637142,-0.330832,0.1127,-0.666335,3.6726,-51924.3,-1,1.27173e-09,1,0
0.00637247,-0.331133,0.112119,-0.665885,3.67158,-51963.1,-1,4.74695e-10,1,0
0.00637289,-0.331392,0.112493,-0.665793,3.67098,-52000.3,-1,8.16646e-12,1,0
0.00637403,-0.33158,0.113754,-0.665569,3.6688,-52020.4,-1,1.03622e-11,1,0
0.00637549,-0.330947,0.113766,-0.666581,3.66809,-51909.2,-1,1.03237e-09,1,0
0.00637707,-0.331795,0.113651,-0.667883,3.66508,-52029.4,-1,2.24931e-09,1,0
0.00637847,-0.33258,0.113803,-0.666994,3.66114,-52141.1,-1,1.73845e-10,1,0
0.00637969,-0.331241,0.113915,-0.667324,3.66121,-51921.2,-1,1.73845e-10,1,0
0.00638136,-0.329816,0.113186,-0.668237,3.66077,-51684.3,-1,1.80482e-09,1,0
0.00638238,-0.328914,0.112552,-0.668434,3.66146,-51534.7,-1,7.90681e-10,1,0
0.00638375,-0.329644,0.1113,-0.667862,3.66143,-51638,-1,7.90681e-10,1,0
0.00638414,-0.329853,0.11094,-0.667698,3.66058,-51667.6,-1,2.00553e-09,1,0
0.00638439,-0.329856,0.110968,-0.667518,3.65841,-51666,-1,1.00753e-10,1,0
0.00638487,-0.330061,0.111438,-0.667391,3.65849,-51694.2,-1,1.53504e-11,1,0
0.00638543,-0.330288,0.112017,-0.667268,3.65848,-51725.2,-1,1.53504e-11,1,0
0.00638588,-0.330471,0.112484,-0.667169,3.65886,-51750.2,-1,1.63493e-09,1,0
0.00638643,-0.330188,0.11208,-0.667289,3.65777,-51701.4,-1,5.25431e-10,1,0
0.00638815,-0.331071,0.112593,-0.668588,3.65767,-51825.8,-1,1.72063e-09,1,0
0.00638959,-0.332412,0.111986,-0.668216,3.65864,-52023.9,-1,6.10083e-10,1,0
0.00639225,-0.334706,0.112391,-0.667601,3.65512,-52361.3,-1,1.29244e-09,1,0
0.00639376,-0.33402,0.113815,-0.668258,3.65276,-52241.6,-1,1.84206e-11,1,0
0.00639408,-0.333925,0.113964,-0.668132,3.65189,-52224,-1,1.16381e-10,1,0
0.0063953,-0.332787,0.114466,-0.667522,3.65239,-52036.2,-1,1.38501e-09,1,0
0.00639648,-0.331778,0.11448,-0.666988,3.65204,-51868.9,-1,8.9859e-10,1,0
0.00639814,-0.330611,0.113134,-0.666393,3.6521,-51673.1,-1,8.9859e-10,1,0
0.00639871,-0.330208,0.112668,-0.666187,3.65215,-51605.4,-1,2.53006e-09,1,0
0.00639958,-0.329746,0.112068,-0.666672,3.65324,-51526.1,-1,6.3179e-10,1,0
0.00640028,-0.32953,0.111472,-0.666782,3.65189,-51486.8,-1,4.34036e-11,1,0
0.00640145,-0.329263,0.110275,-0.666267,3.65202,-51435.6,-1,1.72041e-09,1,0
0.00640349,-0.327909,0.109087,-0.664812,3.65449,-51207.9,-1,2.3152e-09,1,0
0.00640406,-0.327991,0.108974,-0.665379,3.65205,-51216.2,-1,5.49107e-10,1,0
0.00640574,-0.32838,0.110613,-0.664719,3.65197,-51263.4,-1,1.20976e-09,1,0
0.00640752,-0.328021,0.112338,-0.663723,3.65082,-51193.2,-1,2.716e-09,1,0
0.00640825,-0.328582,0.112344,-0.663401,3.65105,-51274.9,-1,6.566e-10,1,0
0.00640926,-0.328232,0.111596,-0.662611,3.65123,-51212.2,-1,1.31395e-09,1,0
0.00641034,-0.327585,0.111227,-0.662709,3.65214,-51102.6,-1,7.32061e-10,1,0
0.00641076,-0.327211,0.111517,-0.662678,3.65092,-51040.8,-1,9.71296e-10,1,0
0.00641234,-0.328242,0.111005,-0.662638,3.64913,-51189.1,-1,7.22312e-10,1,0
0.00641377,-0.329769,0.11115,-0.663164,3.64906,-51415.8,-1,7.22312e-10,1,0
0.00641466,-0.329668,0.111106,-0.662866,3.648,-51392.8,-1,4.5725e-10,1,0
0.00641611,-0.329853,0.109566,-0.663407,3.64799,-51410.2,-1,4.5725e-10,1,0
0.0064171,-0.329761,0.10917,-0.663745,3.64722,-51387.9,-1,2.3943e-09,1,0
0.00641803,-0.329089,0.109738,-0.663677,3.64648,-51275.6,-1,4.33033e-10,1,0
0.00641877,-0.329623,0.109602,-0.663188,3.64462,-51352.9,-1,1.4003e-10,1,0
0.00641893,-0.329752,0.109535,-0.663085,3.64444,-51371.8,-1,8.35292e-10,1,0
0.00641964,-0.33035,0.109421,-0.662682,3.64428,-51459.3,-1,1.64445e-10,1,0
0.00642119,-0.329115,0.108282,-0.663219,3.64434,-51254.6,-1,1.64445e-10,1,0
0.00642295,-0.329384,0.107206,-0.66377,3.64049,-51282.4,-1,1.06728e-09,1,0
0.0064231,-0.329334,0.107357,-0.663785,3.64005,-51273.3,-1,1.5485e-10,1,0
0.00642358,-0.329068,0.107544,-0.663341,3.6412,-51228.1,-1,5.64917e-10,1,0
0.00642554,-0.329819,0.109485,-0.662584,3.63971,-51329.4,-1,1.71886e-09,1,0
0.00642707,-0.329917,0.108513,-0.663445,3.63852,-51332.4,-1,1.50511e-09,1,0
0.00642795,-0.329766,0.107838,-0.664037,3.63945,-51301.9,-1,8.38659e-10,1,0
0.00642972,-0.329938,0.106305,-0.662751,3.63944,-51314.5,-1,8.38659e-10,1,0
0.00643141,-0.329914,0.107165,-0.662283,3.63962,-51297.3,-1,2.59984e-09,1,0
0.00643279,-0.328885,0.107144,-0.662917,3.63556,-51126.3,-1,1.29217e-09,1,0
0.00643378,-0.329634,0.107324,-0.662351,3.63307,-51234.9,-1,1.06361e-09,1,0
0.00643607,-0.329615,0.104816,-0.661985,3.63262,-51213.6,-1,1.42001e-09,1,0
0.00643741,-0.328956,0.106112,-0.662147,3.63078,-51100.7,-1,1.0193e-11,1,0
0.00643787,-0.329113,0.105939,-0.662113,3.62962,-51121.5,-1,1.63663e-10,1,0
0.00643856,-0.328732,0.105307,-0.661924,3.63072,-51056.8,-1,2.29644e-10,1,0
0.00643991,-0.329074,0.104516,-0.662721,3.62995,-51099.1,-1,1.34598e-10,1,0
0.00644115,-0.329609,0.104543,-0.663239,3.62887,-51172.3,-1,1.91911e-09,1,0
0.00644261,-0.330025,0.10554,-0.662211,3.629,-51225.3,-1,1.79799e-10,1,0
0.00644327,-0.329942,0.104843,-0.662455,3.62901,-51207.2,-1,1.79799e-10,1,0
0.00644414,-0.329604,0.103968,-0.662479,3.62956,-51147.9,-1,1.09841e-09,1,0
0.00644442,-0.32971,0.103785,-0.662396,3.6303,-51162,-1,6.34914e-11,1,0
0.00644583,-0.329846,0.103513,-0.663571,3.63097,-51172,-1,1.29265e-09,1,0
0.00644672,-0.329832,0.102963,-0.663024,3.63167,-51162.7,-1,4.21801e-10,1,0
0.0064474,-0.330147,0.10229,-0.663096,3.62989,-51206.2,-1,6.62034e-10,1,0
0.00644972,-0.328979,0.104114,-0.664382,3.62912,-51006.7,-1,1.34311e-09,1,0
0.00645034,-0.328504,0.104491,-0.664734,3.63126,-50928.2,-1,1.9771e-09,1,0
0.00645178,-0.328762,0.103179,-0.664278,3.63018,-50956.9,-1,1.06704e-09,1,0
0.00645245,-0.329238,0.102953,-0.664831,3.63074,-51025.3,-1,7.63666e-10,1,0
0.00645464,-0.32807,0.104192,-0.663404,3.62953,-50827,-1,1.45295e-10,1,0
0.00645553,-0.328339,0.104564,-0.66304,3.63011,-50861.7,-1,2.3082e-10,1,0
0.00645755,-0.329224,0.10635,-0.66192,3.63016,-50982.8,-1,3.0562e-09,1,0
0.00645935,-0.328906,0.108104,-0.661172,3.63187,-50919.3,-1,2.40716e-10,1,0
0.00646098,-0.327299,0.108664,-0.660685,3.63031,-50657.7,-1,7.72077e-11,1,0
0.00646308,-0.325184,0.109462,-0.659948,3.63041,-50314,-1,7.72077e-11,1,0
0.00646436,-0.323901,0.109945,-0.659501,3.63048,-50105.7,-1,7.72077e-11,1,0
0.00646545,-0.323921,0.11029,-0.65991,3.63299,-50100.3,-1,7.25059e-10,1,0
0.00646639,-0.323983,0.111057,-0.65955,3.63221,-50102.6,-1,8.26349e-10,1,0
0.00646816,-0.322598,0.111016,-0.658106,3.63115,-49874.8,-1,2.2361e-09,1,0
0.00646865,-0.322178,0.111295,-0.657965,3.63132,-49806.1,-1,1.83353e-10,1,0
0.00646932,-0.321496,0.111529,-0.657748,3.63109,-49695.5,-1,6.7632e-10,1,0
0.00646983,-0.321261,0.111556,-0.657606,3.63342,-49655.2,-1,1.69448e-10,1,0
0.00647165,-0.322135,0.110325,-0.657581,3.63356,-49776.3,-1,1.16176e-09,1,0
0.00647241,-0.321977,0.109557,-0.657927,3.63375,-49746,-1,1.25725e-09,1,0
0.00647366,-0.32163,0.108271,-0.658401,3.63376,-49682.9,-1,1.25725e-09,1,0
0.00647558,-0.321099,0.1063,-0.659127,3.63379,-49586.1,-1,1.25725e-09,1,0
0.0064763,-0.320948,0.105532,-0.659324,3.63428,-49557.3,-1,2.42934e-10,1,0
0.00647798,-0.321219,0.105018,-0.658179,3.63378,-49586.3,-1,2.1851e-10,1,0
0.00647873,-0.321362,0.10447,-0.657769,3.6358,-49602.6,-1,3.11652e-10,1,0
0.00647956,-0.321215,0.104253,-0.656974,3.63599,-49573.6,-1,1.01085e-10,1,0
0.00648123,-0.319752,0.104455,-0.655993,3.63623,-49335.1,-1,1.16405e-09,1,0
0.00648186,-0.319106,0.104526,-0.655735,3.63597,-49230.7,-1,7.88292e-11,1,0
0.00648215,-0.31899,0.104355,-0.65575,3.63519,-49210.4,-1,2.81255e-10,1,0
0.00648265,-0.319405,0.103989,-0.655818,3.63632,-49270.7,-1,4.47624e-10,1,0
0.00648456,-0.320858,0.104967,-0.654556,3.63862,-49480.3,-1,2.15909e-09,1,0
0.00648571,-0.321399,0.105624,-0.65442,3.6386,-49554.9,-1,4.52551e-10,1,0
0.00648662,-0.321301,0.106189,-0.655192,3.63747,-49532.9,-1,4.05888e-11,1,0
0.00648868,-0.319671,0.104573,-0.655129,3.64011,-49265.9,-1,5.58437e-10,1,0
0.00648932,-0.319951,0.104394,-0.655384,3.64276,-49304.2,-1,4.41434e-10,1,0
0.00648948,-0.31979,0.104364,-0.655317,3.64277,-49278.3,-1,4.41434e-10,1,0
0.0064908,-0.318909,0.103649,-0.654961,3.64342,-49132.4,-1,6.1675e-10,1,0
0.00649297,-0.319458,0.104257,-0.654235,3.64175,-49200.7,-1,1.29223e-09,1,0
0.006494,-0.320109,0.104058,-0.653424,3.64259,-49293.1,-1,8.28909e-11,1,0
0.00649474,-0.320009,0.104734,-0.653907,3.64298,-49272.1,-1,8.36226e-10,1,0
0.00649569,-0.319852,0.105432,-0.653797,3.64212,-49240.7,-1,2.38155e-10,1,0
0.00649642,-0.320415,0.104823,-0.653859,3.64209,-49321.7,-1,2.38155e-10,1,0
0.00649728,-0.32107,0.104113,-0.653932,3.64206,-49416.1,-1,2.38155e-10,1,0
0.00649878,-0.319812,0.103932,-0.654229,3.64129,-49211,-1,1.45436e-09,1,0
0.00650117,-0.319046,0.105345,-0.655045,3.64116,-49075.2,-1,7.6471e-10,1,0
0.00650208,-0.319399,0.106135,-0.655599,3.64016,-49122.5,-1,1.67798e-09,1,0
0.00650265,-0.320034,0.106137,-0.655713,3.64012,-49216,-1,1.67798e-09,1,0
0.0065029,-0.319926,0.105963,-0.655772,3.64332,-49197.4,-1,2.21067e-11,1,0
0.0065036,-0.320048,0.105904,-0.655389,3.6424,-49210.9,-1,3.09044e-10,1,0
0.00650434,-0.320621,0.106291,-0.65505,3.64132,-49293.5,-1,1.47352e-10,1,0
0.00650465,-0.320741,0.106418,-0.65498,3.64101,-49309.6,-1,9.35824e-10,1,0
0.00650549,-0.320016,0.106983,-0.655091,3.64201,-49191.6,-1,4.68098e-10,1,0
0.00650604,-0.319702,0.10742,-0.655018,3.64086,-49139.3,-1,1.03139e-10,1,0
0.00650794,-0.318851,0.108918,-0.654036,3.64071,-48994.2,-1,1.23771e-09,1,0
0.00650867,-0.318889,0.109285,-0.653477,3.64016,-48994.4,-1,1.29614e-09,1,0
0.00650962,-0.318744,0.108792,-0.652538,3.63863,-48965.1,-1,8.26972e-10,1,0
0.00651016,-0.318597,0.108335,-0.652168,3.63872,-48938.5,-1,6.90546e-12,1,0
0.00651091,-0.318023,0.108139,-0.651582,3.63875,-48844.7,-1,6.90546e-12,1,0
0.00651203,-0.317111,0.108402,-0.651319,3.63943,-48696.1,-1,6.08721e-10,1,0
0.00651311,-0.316387,0.107506,-0.65127,3.64122,-48577,-1,8.95315e-10,1,0
0.00651417,-0.315436,0.107769,-0.651386,3.64002,-48423,-1,4.97447e-10,1,0
0.00651491,-0.315579,0.10776,-0.65141,3.63979,-48439.4,-1,3.61011e-10,1,0
0.00651625,-0.314492,0.107622,-0.652237,3.64015,-48262.7,-1,5.86114e-10,1,0
0.00651664,-0.314125,0.107593,-0.652482,3.64017,-48203.4,-1,5.86114e-10,1,0
0.00651792,-0.313197,0.107555,-0.652653,3.63847,-48051.7,-1,2.88522e-09,1,0
0.00651855,-0.313322,0.106988,-0.652327,3.63558,-48066.2,-1,3.7458e-10,1,0
0.00651979,-0.314096,0.108152,-0.652399,3.63539,-48175.8,-1,1.37096e-09,1,0
0.00652043,-0.314499,0.10875,-0.652438,3.63437,-48232.9,-1,2.04762e-10,1,0
0.00652191,-0.314525,0.109511,-0.653578,3.6357,-48225.9,-1,2.16904e-10,1,0
0.00652422,-0.316763,0.110489,-0.653453,3.63236,-48551.9,-1,4.50904e-10,1,0
0.00652564,-0.316222,0.110227,-0.654357,3.63199,-48458.4,-1,6.82309e-10,1,0
0.00652648,-0.316094,0.109691,-0.654917,3.63092,-48432.5,-1,3.26084e-10,1,0
0.0065269,-0.316228,0.109643,-0.655273,3.63043,-48450,-1,1.40317e-10,1,0
0.00652772,-0.316888,0.10987,-0.655885,3.63016,-48544.9,-1,9.27738e-10,1,0
0.00652927,-0.315508,0.109012,-0.656302,3.63005,-48322.1,-1,3.45459e-10,1,0
0.00652981,-0.315644,0.108435,-0.656219,3.63094,-48338.8,-1,5.46311e-11,1,0
0.0065302,-0.315986,0.10865,-0.656052,3.63092,-48388.4,-1,5.46311e-11,1,0
0.00653148,-0.316097,0.108629,-0.656967,3.6291,-48396,-1,7.97279e-10,1,0
0.00653197,-0.31608,0.10904,-0.656979,3.62914,-48389.7,-1,2.88607e-11,1,0
0.00653212,-0.31605,0.109204,-0.657033,3.63061,-48384,-1,1.70103e-10,1,0
0.00653331,-0.316583,0.110408,-0.657202,3.63134,-48456.7,-1,4.62081e-10,1,0
0.00653385,-0.316802,0.110951,-0.657351,3.6297,-48486.3,-1,3.39843e-12,1,0
0.00653457,-0.316732,0.110347,-0.657798,3.63039,-48470.2,-1,2.72001e-10,1,0
0.00653506,-0.31623,0.110543,-0.657928,3.62836,-48389.7,-1,1.56954e-10,1,0
0.00653555,-0.316109,0.1109,-0.657717,3.63104,-48367.6,-1,3.90703e-10,1,0
0.00653755,-0.315115,0.109192,-0.657411,3.63213,-48200.8,-1,1.10428e-09,1,0
0.00653894,-0.315363,0.109291,-0.658205,3.63355,-48228.5,-1,6.02556e-10,1,0
0.00653937,-0.315345,0.108893,-0.657925,3.63355,-48222.6,-1,6.02556e-10,1,0
0.00654097,-0.314894,0.108082,-0.658522,3.63201,-48141.7,-1,4.86866e-10,1,0
0.0065424,-0.314706,0.107912,-0.659875,3.63187,-48102.6,-1,1.29253e-09,1,0
0.00654505,-0.317293,0.107741,-0.660697,3.63109,-48478.4,-1,1.29249e-09,1,0
0.00654706,-0.319122,0.106982,-0.660225,3.63121,-48742.8,-1,3.25202e-09,1,0
0.00654771,-0.319579,0.106721,-0.65983,3.63103,-48807.8,-1,1.2372e-09,1,0
0.00654811,-0.319977,0.106494,-0.659858,3.63101,-48865.6,-1,1.2372e-09,1,0
0.00654924,-0.320251,0.106063,-0.660003,3.63384,-48898.9,-1,4.52501e-10,1,0
0.00655104,-0.318469,0.106045,-0.65982,3.63039,-48613.4,-1,1.81648e-09,1,0
0.00655207,-0.31917,0.106702,-0.65917,3.63036,-48712.8,-1,1.81648e-09,1,0
0.00655311,-0.31967,0.107317,-0.658629,3.6302,-48781.3,-1,1.39208e-10,1,0
0.00655597,-0.319405,0.109205,-0.657714,3.62765,-48719.8,-1,1.29234e-09,1,0
0.00655904,-0.318003,0.107589,-0.656126,3.62873,-48483.2,-1,1.25018e-09,1,0
0.00655947,-0.318137,0.10796,-0.656395,3.62779,-48500.4,-1,4.77228e-10,1,0
0.00656026,-0.318982,0.108249,-0.656305,3.62775,-48623.4,-1,4.77228e-10,1,0
0.00656079,-0.318943,0.108116,-0.656194,3.63001,-48613.4,-1,3.13683e-10,1,0
0.00656262,-0.318927,0.106887,-0.655644,3.62955,-48597.6,-1,9.53092e-10,1,0
0.00656305,-0.318617,0.106633,-0.655366,3.62975,-48547.1,-1,1.59931e-09,1,0
0.00656416,-0.318145,0.105986,-0.655912,3.62803,-48467,-1,5.06698e-11,1,0
0.00656494,-0.318547,0.106488,-0.656498,3.62688,-48522.5,-1,8.06924e-10,1,0
0.00656667,-0.318192,0.105043,-0.65542,3.62495,-48455.6,-1,1.55012e-10,1,0
0.00656849,-0.318126,0.104975,-0.654357,3.62889,-48432.2,-1,1.48917e-09,1,0
0.00656909,-0.317773,0.104939,-0.654643,3.63046,-48374,-1,1.13806e-10,1,0
0.00657001,-0.31699,0.104863,-0.655319,3.63072,-48248.1,-1,1.46472e-09,1,0
0.00657093,-0.31748,0.105442,-0.654636,3.63103,-48315.9,-1,9.89657e-10,1,0
0.00657294,-0.31867,0.105042,-0.652952,3.63116,-48482.1,-1,2.06986e-09,1,0
0.00657393,-0.318161,0.105876,-0.653145,3.62886,-48397.4,-1,4.20823e-10,1,0
0.00657491,-0.317466,0.106687,-0.653418,3.62908,-48284.4,-1,2.05939e-09,1,0
0.0065772,-0.315778,0.107032,-0.652469,3.62715,-48011,-1,1.29214e-09,1,0
0.0065775,-0.315701,0.10703,-0.652164,3.6253,-47997.1,-1,1.59723e-10,1,0
0.00657848,-0.315508,0.106312,-0.651572,3.62789,-47960.5,-1,9.69265e-11,1,0
0.00657978,-0.31516,0.106852,-0.651252,3.627,-47898.3,-1,1.1168e-10,1,0
0.00658036,-0.315089,0.107321,-0.650797,3.62695,-47883.3,-1,1.61152e-09,1,0
0.00658226,-0.314076,0.107097,-0.649156,3.62575,-47715.6,-1,4.95069e-10,1,0
0.00658342,-0.31458,0.106335,-0.649152,3.62631,-47783.7,-1,1.10705e-09,1,0
0.00658385,-0.314845,0.106173,-0.649197,3.62893,-47820.8,-1,1.95507e-10,1,0
0.00658485,-0.315846,0.10594,-0.648722,3.62888,-47965.6,-1,1.95507e-10,1,0
0.00658627,-0.317007,0.105428,-0.647924,3.62917,-48131.6,-1,2.60587e-09,1,0
0.00658731,-0.316776,0.104858,-0.647734,3.62934,-48088.8,-1,6.1227e-10,1,0
0.00658778,-0.317073,0.104595,-0.64745,3.62892,-48130.4,-1,6.93428e-10,1,0
0.00659008,-0.316511,0.103765,-0.646229,3.6286,-48028.3,-1,1.35365e-09,1,0
0.00659129,-0.317864,0.103611,-0.646339,3.62806,-48224.9,-1,1.36693e-09,1,0
0.00659142,-0.317921,0.103701,-0.646236,3.62805,-48232.6,-1,1.36693e-09,1,0
0.00659383,-0.318964,0.105352,-0.644347,3.62887,-48373.2,-1,2.8656e-09,1,0
0.00659461,-0.318427,0.105756,-0.644701,3.62878,-48286,-1,6.50997e-10,1,0
0.00659535,-0.31759,0.105653,-0.644723,3.63065,-48153.5,-1,6.44262e-10,1,0
0.0065963,-0.316809,0.105703,-0.644975,3.6291,-48028.3,-1,8.00514e-10,1,0
0.00659704,-0.316826,0.105937,-0.645592,3.63163,-48025.4,-1,1.41898e-10,1,0
0.00659841,-0.3179,0.1055,-0.645061,3.62988,-48178.2,-1,4.90085e-10,1,0
0.00660068,-0.315816,0.105546,-0.645255,3.63067,-47845.9,-1,1.29271e-09,1,0
0.00660175,-0.316966,0.105857,-0.645045,3.63046,-48012.4,-1,1.08036e-09,1,0
0.0066039,-0.315217,0.106771,-0.646318,3.63294,-47731.9,-1,1.79704e-10,1,0
0.00660502,-0.314252,0.107233,-0.646498,3.632,-47577.8,-1,5.42066e-10,1,0
0.00660555,-0.314025,0.10687,-0.646656,3.62888,-47539.5,-1,4.65216e-10,1,0
0.00660665,-0.313213,0.107381,-0.647161,3.62782,-47408.8,-1,1.12469e-09,1,0
0.00660831,-0.312792,0.106149,-0.648204,3.6272,-47333.1,-1,8.14579e-10,1,0
0.00660917,-0.312574,0.106599,-0.648651,3.62705,-47293.9,-1,1.53671e-09,1,0
0.00661019,-0.312537,0.107523,-0.649265,3.62511,-47281,-1,7.45278e-10,1,0
0.00661055,-0.312387,0.107162,-0.649146,3.62595,-47255.9,-1,4.07603e-10,1,0
0.00661141,-0.312033,0.106866,-0.648303,3.62496,-47196.1,-1,1.89248e-10,1,0
0.00661279,-0.310871,0.106479,-0.647759,3.62536,-47010.6,-1,5.5325e-10,1,0
0.00661361,-0.310583,0.10643,-0.647458,3.62682,-46961.1,-1,1.11733e-10,1,0
0.00661414,-0.311144,0.10662,-0.647518,3.62727,-47042.2,-1,5.95137e-10,1,0
0.00661488,-0.311843,0.106525,-0.647075,3.62918,-47142.7,-1,2.30934e-10,1,0
0.00661547,-0.311899,0.105866,-0.646989,3.62849,-47146.9,-1,5.56076e-11,1,0
0.00661584,-0.311934,0.105452,-0.646934,3.628,-47149.5,-1,1.03059e-09,1,0
0.00661682,-0.312705,0.104651,-0.646914,3.62834,-47259.1,-1,1.11227e-09,1,0
0.00661777,-0.312538,0.105612,-0.647361,3.62834,-47227,-1,1.11227e-09,1,0
0.00661849,-0.312411,0.106335,-0.647697,3.62835,-47202.8,-1,1.11227e-09,1,0
0.00661941,-0.312144,0.107037,-0.647994,3.62891,-47155.9,-1,1.67641e-10,1,0
0.00661995,-0.312095,0.107442,-0.648057,3.62925,-47144.6,-1,3.47272e-10,1,0
0.00662118,-0.312029,0.106718,-0.646891,3.62952,-47125.9,-1,2.96617e-11,1,0
0.00662179,-0.312183,0.10686,-0.647123,3.63342,-47144.8,-1,2.49045e-10,1,0
0.00662228,-0.311989,0.106619,-0.647135,3.63058,-47112,-1,5.17982e-10,1,0
0.00662331,-0.311941,0.107109,-0.647053,3.63216,-47097.5,-1,7.89483e-10,1,0
0.00662406,-0.311818,0.107797,-0.64725,3.63113,-47073.5,-1,1.54341e-10,1,0
0.00662534,-0.310944,0.108793,-0.64782,3.63318,-46932.6,-1,1.251e-09,1,0
0.00662602,-0.311215,0.109318,-0.647323,3.63241,-46968.6,-1,7.72292e-10,1,0
0.00662756,-0.310142,0.109304,-0.648115,3.63374,-46795.8,-1,1.34661e-09,1,0
0.00662804,-0.309995,0.109041,-0.648098,3.63249,-46770.3,-1,1.07699e-11,1,0
0.0066286,-0.310467,0.109214,-0.647895,3.63322,-46837.5,-1,3.95334e-10,1,0
0.00662976,-0.310076,0.109505,-0.648019,3.63333,-46770.2,-1,4.52503e-10,1,0
0.00663082,-0.310279,0.10949,-0.648021,3.63308,-46793.5,-1,5.55125e-10,1,0
0.00663313,-0.309713,0.109544,-0.649406,3.63415,-46691.8,-1,1.29252e-09,1,0
0.00663451,-0.311247,0.109433,-0.649162,3.63155,-46913.3,-1,1.55725e-09,1,0
0.00663561,-0.310718,0.110039,-0.649834,3.63262,-46825.9,-1,4.87043e-10,1,0
0.00663687,-0.310116,0.111002,-0.649699,3.63258,-46726.2,-1,1.72533e-09,1,0
0.00663814,-0.309678,0.111521,-0.648425,3.63284,-46651.3,-1,8.41971e-11,1,0
0.00663929,-0.310137,0.110403,-0.648062,3.63259,-46712.4,-1,1.17777e-10,1,0
0.0066408,-0.308964,0.109507,-0.648417,3.63192,-46525.2,-1,1.38006e-09,1,0
0.00664171,-0.308843,0.109091,-0.648902,3.63045,-46500.5,-1,3.09227e-10,1,0
0.00664296,-0.308807,0.108882,-0.650302,3.63045,-46486.3,-1,3.09227e-10,1,0
0.00664371,-0.308785,0.108757,-0.65114,3.62972,-46477.8,-1,2.8661e-09,1,0
0.00664418,-0.308428,0.108825,-0.651529,3.62974,-46420.7,-1,2.8661e-09,1,0
0.00664542,-0.307352,0.109085,-0.652371,3.63036,-46250.2,-1,1.11754e-09,1,0
0.00664681,-0.306044,0.109438,-0.653165,3.63043,-46043.8,-1,1.11754e-09,1,0
0.00664844,-0.304505,0.109854,-0.654098,3.6305,-45801,-1,1.11754e-09,1,0
0.00664848,-0.304468,0.109864,-0.654121,3.63022,-45795.1,-1,4.25639e-09,1,0
0.00664969,-0.303745,0.109888,-0.654208,3.62455,-45678.1,-1,6.23394e-11,1,0
0.00665067,-0.304124,0.109351,-0.653988,3.62065,-45728.3,-1,9.27696e-11,1,0
0.00665225,-0.305149,0.110666,-0.654612,3.6206,-45871.5,-1,9.27696e-11,1,0
0.00665261,-0.305332,0.110676,-0.65482,3.62213,-45896.6,-1,2.05922e-10,1,0
0.00665406,-0.305722,0.109813,-0.656164,3.6233,-45945.2,-1,1.64423e-09,1,0
0.00665449,-0.305838,0.110191,-0.656229,3.62744,-45959.6,-1,4.00547e-11,1,0
0.00665527,-0.305569,0.109422,-0.655868,3.62745,-45913.8,-1,4.00547e-11,1,0
0.00665665,-0.306069,0.109479,-0.656969,3.62556,-45979.5,-1,1.29227e-09,1,0
0.0066571,-0.305978,0.109693,-0.656892,3.6247,-45962.6,-1,1.64375e-10,1,0
0.00665782,-0.305857,0.109666,-0.656078,3.6246,-45939.5,-1,8.2261e-10,1,0
0.00665872,-0.305901,0.109749,-0.655246,3.62396,-45939.9,-1,8.48122e-10,1,0
0.00665943,-0.305114,0.10962,-0.655249,3.62243,-45816.8,-1,7.97969e-10,1,0
0.00666055,-0.304042,0.109543,-0.655238,3.62177,-45648.1,-1,2.07327e-10,1,0
0.00666145,-0.303058,0.109397,-0.655047,3.62182,-45494.4,-1,2.07327e-10,1,0
0.00666241,-0.302002,0.10924,-0.654842,3.62137,-45329.2,-1,3.15985e-09,1,0
0.00666418,-0.300972,0.108791,-0.655369,3.62053,-45162.6,-1,1.47632e-09,1,0
0.00666648,-0.299407,0.110204,-0.65447,3.62129,-44912.3,-1,7.13634e-10,1,0
0.00666708,-0.299181,0.11055,-0.654055,3.62284,-44874.3,-1,2.71879e-10,1,0
0.00666852,-0.299183,0.109411,-0.654197,3.62056,-44865,-1,7.69445e-10,1,0
0.00666946,-0.298842,0.108735,-0.654521,3.62407,-44807.5,-1,1.47456e-09,1,0
0.00667042,-0.299393,0.109513,-0.654015,3.62404,-44883.7,-1,1.47456e-09,1,0
0.00667216,-0.300398,0.110931,-0.653094,3.62385,-45022.5,-1,3.16913e-09,1,0
0.00667286,-0.300083,0.111446,-0.653357,3.62443,-44970.7,-1,6.79831e-10,1,0
0.0066734,-0.299611,0.111399,-0.653692,3.6244,-44896.4,-1,5.92177e-10,1,0
0.00667432,-0.300069,0.110778,-0.653925,3.62319,-44958.8,-1,2.13214e-10,1,0
0.00667484,-0.300221,0.110293,-0.654229,3.62261,-44977.9,-1,1.28867e-09,1,0
0.00667533,-0.300149,0.110327,-0.654222,3.62438,-44964,-1,2.34553e-10,1,0
0.00667631,-0.299319,0.110095,-0.65491,3.62442,-44832.9,-1,2.34553e-10,1,0
0.00667927,-0.297887,0.108851,-0.6532,3.6254,-44598.7,-1,1.86326e-09,1,0
0.00667955,-0.297899,0.108927,-0.653197,3.62534,-44598.6,-1,2.04056e-11,1,0
0.00668007,-0.298073,0.109414,-0.653493,3.6215,-44621.2,-1,7.62844e-10,1,0
0.00668165,-0.298244,0.10988,-0.653202,3.62159,-44636.3,-1,8.16041e-10,1,0
0.00668283,-0.298457,0.109153,-0.652816,3.61782,-44660.2,-1,1.34282e-09,1,0
0.00668399,-0.29807,0.108497,-0.652782,3.61603,-44594.6,-1,1.82339e-09,1,0
0.00668533,-0.29725,0.108955,-0.653961,3.61389,-44463,-1,1.93713e-09,1,0
0.00668633,-0.29632,0.108474,-0.653672,3.61451,-44317.3,-1,1.62283e-10,1,0
0.00668704,-0.295712,0.107994,-0.653458,3.614,-44221.7,-1,1.40409e-09,1,0
0.00668798,-0.295713,0.107396,-0.652983,3.61496,-44215.6,-1,2.99247e-10,1,0
0.00668935,-0.296153,0.105919,-0.653088,3.61494,-44272.3,-1,2.99247e-10,1,0
0.00669096,-0.296672,0.104174,-0.653211,3.61492,-44339.2,-1,2.99247e-10,1,0
0.00669255,-0.297182,0.102463,-0.653332,3.61407,-44404.8,-1,1.01376e-09,1,0
0.00669377,-0.296707,0.102748,-0.653742,3.61068,-44325.8,-1,9.03206e-10,1,0
0.00669419,-0.296564,0.103116,-0.654005,3.61245,-44301.7,-1,4.74471e-10,1,0
0.00669545,-0.29793,0.103474,-0.65386,3.61238,-44497.5,-1,4.74471e-10,1,0
0.0066959,-0.298019,0.103188,-0.654027,3.61179,-44507.7,-1,3.70461e-10,1,0
0.00669623,-0.297923,0.103161,-0.653709,3.613,-44491.2,-1,3.31486e-11,1,0
0.00669726,-0.297835,0.102096,-0.654163,3.61411,-44471.2,-1,1.16123e-09,1,0
0.00669905,-0.299041,0.101905,-0.653198,3.61409,-44639.4,-1,8.94211e-10,1,0
0.00670005,-0.299425,0.101371,-0.652275,3.61346,-44689.9,-1,2.04628e-09,1,0
0.00670128,-0.299892,0.100721,-0.651151,3.61348,-44751.5,-1,1.58563e-09,1,0
0.006702,-0.300363,0.100629,-0.650522,3.61297,-44816.9,-1,1.64197e-10,1,0
0.00670249,-0.299885,0.100825,-0.650398,3.6135,-44742.4,-1,1.32011e-10,1,0
0.0067028,-0.299596,0.100948,-0.650553,3.61483,-44697.1,-1,3.51012e-10,1,0
0.006704,-0.299782,0.1003,-0.651724,3.61711,-44716.9,-1,5.14057e-10,1,0
0.00670598,-0.298931,0.098703,-0.650403,3.61805,-44576.7,-1,2.23976e-09,1,0
0.00670697,-0.299734,0.0984649,-0.649664,3.61801,-44689.9,-1,2.23976e-09,1,0
0.00670742,-0.299891,0.0988195,-0.649563,3.61857,-44710.3,-1,3.87337e-10,1,0
0.00670791,-0.300092,0.0993223,-0.649479,3.61856,-44737.1,-1,3.87337e-10,1,0
0.00670941,-0.300431,0.100854,-0.649166,3.61823,-44777.6,-1,1.88443e-09,1,0
0.00671071,-0.299948,0.101231,-0.649785,3.61673,-44696.9,-1,8.47027e-10,1,0
0.00671153,-0.300554,0.100748,-0.649856,3.61864,-44781.8,-1,6.39913e-10,1,0
0.00671216,-0.301114,0.100677,-0.649427,3.61721,-44861,-1,3.74532e-10,1,0
0.0067137,-0.302487,0.100504,-0.648377,3.61715,-45055.3,-1,3.74532e-10,1,0
0.00671415,-0.302628,0.100621,-0.647937,3.61857,-45073.1,-1,2.01278e-10,1,0
0.00671496,-0.30328,0.100511,-0.648356,3.62063,-45164.8,-1,6.35452e-10,1,0
0.00671705,-0.302132,0.102573,-0.648276,3.62069,-44979.8,-1,6.35452e-10,1,0
0.00671731,-0.30199,0.102828,-0.648266,3.61999,-44957,-1,2.59023e-09,1,0
0.00671863,-0.301738,0.104037,-0.648104,3.61889,-44910.7,-1,1.15292e-09,1,0
0.00671994,-0.30277,0.104996,-0.64764,3.61799,-45055.4,-1,1.88222e-09,1,0
0.00672163,-0.302741,0.104781,-0.648245,3.61597,-45039.9,-1,2.43665e-11,1,0
0.00672214,-0.302883,0.104547,-0.648013,3.61499,-45057.6,-1,2.39872e-10,1,0
0.00672419,-0.30288,0.106152,-0.646926,3.61525,-45043.4,-1,6.65012e-10,1,0
0.00672545,-0.303071,0.106701,-0.647892,3.62066,-45063.2,-1,2.84926e-10,1,0
0.00672637,-0.303126,0.106645,-0.648849,3.62037,-45065.3,-1,6.20175e-10,1,0
0.00672669,-0.303265,0.106631,-0.648728,3.62064,-45083.9,-1,2.46707e-10,1,0
0.00672712,-0.303073,0.107085,-0.648743,3.62065,-45052.3,-1,2.46707e-10,1,0
0.00672851,-0.301878,0.108039,-0.648427,3.62014,-44865.5,-1,1.52343e-09,1,0
0.00673063,-0.302525,0.106132,-0.647406,3.61987,-44947.5,-1,1.34177e-09,1,0
0.00673147,-0.30272,0.10521,-0.647306,3.61905,-44970.9,-1,5.26283e-10,1,0
0.00673242,-0.303099,0.105675,-0.646414,3.61866,-45020.8,-1,1.07472e-09,1,0
0.00673255,-0.30302,0.105732,-0.646354,3.61913,-45008.3,-1,3.78595e-11,1,0
0.0067339,-0.303976,0.106143,-0.646794,3.62172,-45141.2,-1,2.33834e-10,1,0
0.00673586,-0.303781,0.103947,-0.646576,3.62173,-45099,-1,2.33834e-10,1,0
0.00673685,-0.303625,0.103135,-0.64593,3.62187,-45069.2,-1,2.60464e-10,1,0
0.00673798,-0.30345,0.102482,-0.644913,3.62069,-45035.8,-1,1.8581e-10,1,0
0.00673865,-0.303078,0.102183,-0.64476,3.62093,-44976.1,-1,4.4856e-10,1,0
0.00674082,-0.302609,0.103328,-0.645252,3.62026,-44892,-1,1.29231e-09,1,0
0.00674206,-0.30289,0.104617,-0.644819,3.62107,-44925.4,-1,1.37199e-09,1,0
0.00674262,-0.303068,0.105116,-0.645165,3.62045,-44948.1,-1,6.5947e-10,1,0
0.00674378,-0.304012,0.104847,-0.645791,3.61973,-45080.3,-1,1.08394e-09,1,0
0.00674429,-0.304507,0.104589,-0.645664,3.61924,-45150.4,-1,5.72743e-10,1,0
0.00674488,-0.304921,0.104735,-0.645808,3.62008,-45207.7,-1,2.38278e-10,1,0
0.00674533,-0.30479,0.10514,-0.645749,3.61936,-45185.3,-1,2.06016e-10,1,0
0.00674627,-0.305102,0.10465,-0.645269,3.6188,-45225.3,-1,2.13296e-10,1,0
0.00674675,-0.3048,0.104364,-0.645036,3.62058,-45177.3,-1,3.65427e-10,1,0
0.00674742,-0.305143,0.104486,-0.644929,3.62133,-45223.7,-1,3.07677e-10,1,0
0.00674907,-0.304705,0.105776,-0.645678,3.62239,-45147.7,-1,8.62521e-10,1,0
0.00675023,-0.304665,0.106296,-0.645939,3.61757,-45134,-1,4.39015e-10,1,0
0.0067516,-0.303752,0.107006,-0.644914,3.61762,-44989.6,-1,4.39015e-10,1,0
0.0067524,-0.303216,0.107422,-0.644312,3.61764,-44904.9,-1,4.39015e-10,1,0
0.00675292,-0.302871,0.107691,-0.643924,3.61755,-44850.4,-1,3.03678e-09,1,0
0.00675416,-0.302345,0.107152,-0.645048,3.61746,-44764.3,-1,7.17088e-10,1,0
0.00675495,-0.302555,0.106741,-0.644642,3.61693,-44790.1,-1,4.47535e-10,1,0
0.00675531,-0.302802,0.106691,-0.64433,3.61832,-44824.3,-1,6.67054e-10,1,0
0.0067567,-0.303606,0.105713,-0.645108,3.61813,-44934.1,-1,6.36123e-10,1,0
0.0067584,-0.305312,0.105654,-0.645967,3.61613,-45175.2,-1,1.5441e-09,1,0
0.00675922,-0.306129,0.105698,-0.646366,3.61504,-45290.6,-1,8.17977e-10,1,0
0.00675987,-0.305947,0.105264,-0.646673,3.61086,-45259.4,-1,5.30959e-10,1,0
0.00676092,-0.305886,0.104565,-0.64608,3.61088,-45243.3,-1,7.03239e-10,1,0
0.00676141,-0.306211,0.104227,-0.645917,3.61226,-45288,-1,5.94334e-11,1,0
0.00676346,-0.307509,0.103001,-0.645993,3.61565,-45466.2,-1,2.02386e-09,1,0
0.00676472,-0.306752,0.102059,-0.645239,3.61568,-45345.8,-1,2.02386e-09,1,0
0.00676496,-0.306594,0.101945,-0.645295,3.6139,-45320.9,-1,1.33395e-10,1,0
0.00676587,-0.30705,0.102014,-0.645369,3.61193,-45382.2,-1,3.4892e-10,1,0
0.00676619,-0.307314,0.102071,-0.645383,3.61404,-45419.1,-1,1.046e-09,1,0
0.00676727,-0.306782,0.10168,-0.644361,3.61399,-45333.2,-1,1.27111e-09,1,0
0.00676842,-0.307106,0.100505,-0.644447,3.61071,-45373.4,-1,2.69728e-10,1,0
0.0067689,-0.307118,0.100412,-0.644076,3.61097,-45371.9,-1,3.89507e-11,1,0
0.00676973,-0.307098,0.10073,-0.643203,3.61097,-45363.4,-1,3.89507e-11,1,0
0.00677069,-0.307074,0.101103,-0.642178,3.61042,-45353.4,-1,2.34616e-09,1,0
0.00677141,-0.307763,0.101304,-0.642064,3.60976,-45450.4,-1,7.11183e-10,1,0
0.00677237,-0.308073,0.102046,-0.641884,3.60948,-45489.7,-1,8.12496e-10,1,0
0.00677378,-0.308375,0.101229,-0.642314,3.60885,-45524.8,-1,1.7898e-10,1,0
0.00677459,-0.307974,0.100522,-0.642637,3.60977,-45460.1,-1,5.54614e-10,1,0
0.00677534,-0.307939,0.100602,-0.642272,3.60833,-45450,-1,4.08131e-10,1,0
0.00677554,-0.30806,0.100419,-0.642223,3.61001,-45466.4,-1,2.2189e-12,1,0
0.0067773,-0.308775,0.100089,-0.64404,3.61008,-45560.1,-1,1.98113e-09,1,0
0.00677802,-0.308975,0.100405,-0.643844,3.6073,-45584.8,-1,2.93095e-10,1,0
0.00677874,-0.309465,0.100611,-0.643236,3.60728,-45652.3,-1,2.93095e-10,1,0
0.00678127,-0.310188,0.0987879,-0.643539,3.60496,-45741.9,-1,2.17807e-09,1,0
0.00678265,-0.310412,0.0973604,-0.644121,3.60515,-45765.6,-1,5.51523e-10,1,0
0.0067839,-0.31044,0.0968022,-0.644075,3.60079,-45761.2,-1,5.35915e-10,1,0
0.00678503,-0.310997,0.0971445,-0.643727,3.59844,-45835.7,-1,4.93952e-10,1,0
0.00678592,-0.311582,0.0975525,-0.643037,3.5981,-45916,-1,1.73916e-10,1,0
0.00678691,-0.311992,0.0976119,-0.643293,3.59778,-45969.7,-1,1.03483e-09,1,0
0.00679018,-0.313159,0.0988818,-0.646182,3.59796,-46119.5,-1,1.86003e-09,1,0
0.00679177,-0.313847,0.0999685,-0.64742,3.59785,-46209.9,-1,4.23296e-09,1,0
0.00679244,-0.31425,0.100301,-0.647065,3.59893,-46264.7,-1,4.14362e-10,1,0
0.00679323,-0.314662,0.100835,-0.647424,3.59766,-46319.9,-1,7.42575e-10,1,0
0.00679407,-0.315122,0.101561,-0.64783,3.59671,-46381.9,-1,1.01458e-09,1,0
0.00679466,-0.315004,0.102133,-0.647522,3.59672,-46360.6,-1,1.01458e-09,1,0
0.006795,-0.314936,0.102465,-0.647343,3.59554,-46348.2,-1,1.04381e-09,1,0
0.00679658,-0.31587,0.102439,-0.647397,3.59556,-46474.8,-1,3.73773e-10,1,0
0.00679771,-0.315951,0.101557,-0.646706,3.59613,-46479.1,-1,1.19613e-09,1,0
0.00679946,-0.315265,0.100399,-0.646558,3.59543,-46366.1,-1,1.19379e-09,1,0
0.0068008,-0.31439,0.100585,-0.646421,3.59425,-46228.3,-1,8.54059e-10,1,0
0.00680165,-0.314638,0.100413,-0.64616,3.59455,-46259.1,-1,6.68674e-10,1,0
0.00680311,-0.313853,0.100787,-0.646042,3.59226,-46133.7,-1,4.06845e-10,1,0
0.0068043,-0.313309,0.101553,-0.645084,3.59228,-46045.7,-1,4.06845e-10,1,0
0.00680513,-0.312917,0.101984,-0.644564,3.59371,-45982.4,-1,1.01757e-10,1,0
0.00680686,-0.312896,0.101782,-0.644571,3.5931,-45967.7,-1,1.86433e-11,1,0
0.00680759,-0.31258,0.101094,-0.644254,3.5917,-45916.4,-1,2.13643e-10,1,0
0.00680853,-0.313044,0.102027,-0.644047,3.59168,-45978.2,-1,2.13643e-10,1,0
0.00680916,-0.313314,0.102415,-0.64397,3.58937,-46013.5,-1,1.28364e-10,1,0
0.00681021,-0.313299,0.102983,-0.64459,3.58656,-46004.2,-1,2.23949e-10,1,0
0.00681051,-0.313288,0.103152,-0.64488,3.5872,-46000.7,-1,1.29107e-09,1,0
0.00681085,-0.313022,0.103129,-0.64501,3.5861,-45959.3,-1,6.72157e-11,1,0
0.00681148,-0.3136,0.103311,-0.644639,3.58594,-46039.8,-1,7.0062e-10,1,0
0.00681303,-0.315017,0.103757,-0.64373,3.58587,-46237.4,-1,7.0062e-10,1,0
0.00681347,-0.31509,0.103741,-0.643312,3.58477,-46245.2,-1,1.88003e-09,1,0
0.00681549,-0.314627,0.102313,-0.643465,3.58443,-46163.6,-1,1.01301e-09,1,0
0.00681676,-0.314269,0.101126,-0.644176,3.58428,-46102.4,-1,1.8712e-09,1,0
0.00681748,-0.314916,0.100861,-0.644567,3.58247,-46192.4,-1,7.95935e-10,1,0
0.00681845,-0.315808,0.100517,-0.64509,3.58281,-46316.6,-1,1.09004e-09,1,0
0.00682054,-0.315503,0.100141,-0.64619,3.58321,-46257.8,-1,1.29227e-09,1,0
0.00682126,-0.315776,0.0998657,-0.645797,3.584,-46292.9,-1,3.81425e-10,1,0
0.00682182,-0.315555,0.0999969,-0.645407,3.58502,-46256.7,-1,9.36369e-11,1,0
0.00682366,-0.314796,0.0985119,-0.646621,3.5839,-46133.1,-1,2.06222e-09,1,0
0.0068248,-0.314324,0.097587,-0.647376,3.58392,-46056.2,-1,2.06222e-09,1,0
0.00682644,-0.313616,0.0962826,-0.648447,3.58391,-45941.4,-1,3.01078e-09,1,0
0.00682714,-0.313106,0.0965047,-0.648643,3.58755,-45862,-1,2.77035e-10,1,0
0.00682805,-0.312821,0.0973054,-0.648943,3.58663,-45814.1,-1,4.30364e-10,1,0
0.00682975,-0.312848,0.0987816,-0.649328,3.58694,-45806.6,-1,7.16472e-10,1,0
0.00683069,-0.312297,0.0984855,-0.649832,3.58675,-45719.7,-1,6.70567e-10,1,0
0.00683303,-0.312658,0.100052,-0.65091,3.58685,-45756.8,-1,2.25076e-09,1,0
0.00683405,-0.312843,0.100399,-0.650059,3.58659,-45777.1,-1,7.97574e-11,1,0
0.00683547,-0.314092,0.0997591,-0.650321,3.58772,-45950.2,-1,2.16252e-10,1,0
0.0068372,-0.314341,0.0987788,-0.649363,3.58635,-45975,-1,2.07548e-09,1,0
0.00683862,-0.313893,0.0978944,-0.648117,3.58551,-45900.1,-1,2.86892e-09,1,0
0.00683946,-0.314057,0.0980408,-0.6472,3.5855,-45918.4,-1,2.86892e-09,1,0
0.00684007,-0.314178,0.0981479,-0.646529,3.58501,-45931.9,-1,1.30621e-10,1,0
0.00684056,-0.314609,0.0982471,-0.646433,3.5838,-45991.7,-1,1.82507e-10,1,0
0.0068418,-0.313919,0.0988169,-0.647493,3.58645,-45882.6,-1,1.38704e-09,1,0
0.00684229,-0.313569,0.0986085,-0.64756,3.58667,-45828.2,-1,1.27291e-10,1,0
0.006843,-0.313796,0.0984756,-0.647296,3.58609,-45856.4,-1,5.62565e-10,1,0
0.00684476,-0.313332,0.100297,-0.64793,3.58611,-45776.9,-1,5.62565e-10,1,0
0.00684503,-0.313149,0.100502,-0.647981,3.58686,-45748.3,-1,1.76744e-10,1,0
0.00684637,-0.313608,0.101446,-0.648804,3.58564,-45806.4,-1,9.5104e-10,1,0
0.00684787,-0.314154,0.101532,-0.650335,3.58582,-45876.2,-1,9.47606e-10,1,0
0.00684852,-0.314328,0.101075,-0.650407,3.58626,-45897.2,-1,1.5243e-09,1,0
0.00685004,-0.314752,0.0995142,-0.649881,3.58256,-45949,-1,6.57135e-12,1,0
0.006852,-0.314372,0.0985846,-0.649232,3.5829,-45880.4,-1,6.55612e-10,1,0
0.00685225,-0.314201,0.0985449,-0.649407,3.58234,-45853.7,-1,1.91728e-10,1,0
0.0068543,-0.314106,0.0978057,-0.651582,3.58327,-45826.2,-1,2.38622e-09,1,0
0.00685475,-0.313784,0.0979041,-0.651424,3.58455,-45776.1,-1,1.34231e-10,1,0
0.0068552,-0.313447,0.0981529,-0.651296,3.58469,-45724,-1,7.66475e-10,1,0
0.00685599,-0.312846,0.0984508,-0.651876,3.58455,-45631,-1,1.00599e-09,1,0
0.00685767,-0.312543,0.10025,-0.652343,3.58718,-45575.7,-1,1.88336e-09,1,0
0.00685905,-0.313837,0.0994683,-0.652169,3.58684,-45755.1,-1,2.62863e-11,1,0
0.00685979,-0.314126,0.0997645,-0.651716,3.58652,-45792.3,-1,1.11404e-10,1,0
0.00686031,-0.314254,0.0998552,-0.652129,3.58941,-45807.6,-1,8.75383e-11,1,0
0.00686194,-0.313818,0.100114,-0.652744,3.5881,-45733.1,-1,1.07327e-09,1,0
0.00686271,-0.314299,0.0998825,-0.652774,3.58992,-45798.1,-1,4.36258e-10,1,0
0.00686477,-0.315716,0.0999615,-0.651154,3.58996,-45990.8,-1,1.29255e-09,1,0
0.00686584,-0.316565,0.0996911,-0.650917,3.59049,-46107.3,-1,2.38853e-10,1,0
0.00686688,-0.316043,0.0991541,-0.650319,3.59083,-46024.2,-1,7.63595e-10,1,0
0.00686801,-0.315581,0.0981179,-0.650423,3.59354,-45949.4,-1,1.0323e-09,1,0
0.00686929,-0.3159,0.0975198,-0.651492,3.59295,-45987.3,-1,4.86242e-11,1,0
0.00687161,-0.315067,0.0983234,-0.649648,3.59515,-45850.6,-1,9.35177e-10,1,0
0.00687256,-0.314611,0.097791,-0.649431,3.59426,-45777.8,-1,6.10883e-10,1,0
0.00687315,-0.314996,0.097614,-0.649566,3.5942,-45829.9,-1,4.33877e-10,1,0
0.00687463,-0.314592,0.0980447,-0.648715,3.59326,-45761.2,-1,4.95725e-10,1,0
0.00687594,-0.31422,0.0980959,-0.647297,3.59333,-45698.5,-1,2.64369e-09,1,0
0.00687651,-0.314556,0.0980899,-0.647186,3.58846,-45743.6,-1,4.72784e-10,1,0
0.00687874,-0.314026,0.099327,-0.646742,3.59071,-45651.7,-1,1.29267e-09,1,0
0.00688036,-0.315076,0.0980513,-0.6475,3.59335,-45793.6,-1,1.81795e-09,1,0
0.00688238,-0.315835,0.0988844,-0.645523,3.59331,-45890.4,-1,1.81795e-09,1,0
0.00688302,-0.315733,0.0991134,-0.644989,3.59439,-45871.4,-1,3.0676e-10,1,0
0.00688422,-0.315137,0.100144,-0.645623,3.59028,-45776.8,-1,6.39135e-10,1,0
0.00688627,-0.314791,0.101665,-0.64574,3.58873,-45712.8,-1,7.72032e-10,1,0
0.00688778,-0.314381,0.102877,-0.645432,3.58958,-45643.4,-1,1.49127e-09,1,0
0.00688796,-0.314534,0.102747,-0.645436,3.58741,-45664.3,-1,1.99899e-10,1,0
0.00688905,-0.31385,0.10302,-0.646032,3.58864,-45557.8,-1,3.34571e-10,1,0
0.00689092,-0.31193,0.103483,-0.64674,3.58987,-45266.9,-1,2.99593e-09,1,0
0.00689214,-0.312064,0.103067,-0.646031,3.58735,-45278.3,-1,4.88355e-10,1,0
0.00689376,-0.311105,0.10456,-0.645635,3.58634,-45128.5,-1,1.81818e-09,1,0
0.00689457,-0.311447,0.104298,-0.646432,3.58632,-45172.8,-1,1.81818e-09,1,0
0.0068958,-0.311979,0.103833,-0.647613,3.58422,-45242,-1,3.81662e-10,1,0
0.0068972,-0.311644,0.103195,-0.648364,3.58353,-45184.1,-1,2.76678e-10,1,0
0.00689775,-0.311848,0.103154,-0.647991,3.58379,-45210.1,-1,7.63506e-11,1,0
0.00689906,-0.31104,0.102627,-0.648119,3.58159,-45084.4,-1,7.84262e-10,1,0
0.00690131,-0.309694,0.100759,-0.64859,3.58137,-44874.6,-1,1.40167e-09,1,0
0.00690193,-0.30935,0.100171,-0.648452,3.58023,-44820.8,-1,6.9413e-10,1,0
0.006903,-0.310054,0.0998115,-0.649246,3.57932,-44915.8,-1,6.76893e-10,1,0
0.00690516,-0.30868,0.0996036,-0.651016,3.58076,-44702.8,-1,3.53011e-10,1,0
0.00690547,-0.308547,0.0996871,-0.651298,3.57929,-44681.5,-1,2.63552e-11,1,0
0.00690696,-0.308994,0.0984526,-0.65146,3.57836,-44736.5,-1,2.53941e-10,1,0
0.00690727,-0.308676,0.09842,-0.651474,3.578,-44688.5,-1,1.78897e-10,1,0
0.00690864,-0.30847,0.0990168,-0.652417,3.57736,-44649.8,-1,7.23938e-10,1,0
0.0069089,-0.308726,0.0989456,-0.652388,3.57913,-44685.2,-1,2.67e-10,1,0
0.00691102,-0.309354,0.0994657,-0.651346,3.57766,-44762.4,-1,1.66139e-09,1,0
0.0069114,-0.309465,0.0994764,-0.651478,3.57439,-44776.1,-1,2.60882e-10,1,0
0.00691276,-0.309586,0.09907,-0.65003,3.5748,-44784.7,-1,2.9312e-10,1,0
0.00691354,-0.309839,0.0991482,-0.650596,3.5721,-44816.2,-1,7.48325e-10,1,0
0.0069142,-0.309647,0.0990443,-0.650768,3.57317,-44784.2,-1,1.96697e-10,1,0
0.00691556,-0.309282,0.0994138,-0.651195,3.56949,-44722.6,-1,4.59605e-11,1,0
0.00691626,-0.308987,0.100148,-0.651219,3.5698,-44675.4,-1,1.64763e-09,1,0
0.00691706,-0.308778,0.100954,-0.650891,3.57115,-44640,-1,6.04632e-10,1,0
0.00691802,-0.308903,0.101687,-0.65014,3.57181,-44651.9,-1,4.2703e-10,1,0
0.00691852,-0.308996,0.102046,-0.649726,3.57181,-44662.2,-1,4.2703e-10,1,0
0.00691872,-0.309013,0.10216,-0.649551,3.57176,-44663.3,-1,1.6826e-09,1,0
0.00691928,-0.30866,0.102612,-0.649542,3.57362,-44608.6,-1,5.69589e-10,1,0
0.00692067,-0.30944,0.10323,-0.649096,3.57511,-44712.5,-1,1.14641e-09,1,0
0.00692136,-0.309358,0.102722,-0.648967,3.57686,-44696.2,-1,3.07335e-11,1,0
0.0069218,-0.309569,0.102276,-0.648958,3.57825,-44723.7,-1,9.01186e-10,1,0
0.00692393,-0.310942,0.102336,-0.647657,3.57845,-44908.3,-1,1.5838e-09,1,0
0.00692436,-0.311014,0.102073,-0.647454,3.57724,-44915.8,-1,3.62915e-11,1,0
0.0069259,-0.310672,0.101923,-0.648286,3.57994,-44856.6,-1,7.02777e-10,1,0
0.00692714,-0.309971,0.100769,-0.648591,3.58,-44747.4,-1,1.38443e-09,1,0
0.00692873,-0.309223,0.102326,-0.64854,3.57913,-44629,-1,8.39622e-10,1,0
0.00692886,-0.309293,0.102234,-0.648518,3.57913,-44638.4,-1,1.01411e-11,1,0
0.00692989,-0.31004,0.10274,-0.648651,3.57988,-44739.6,-1,9.70348e-10,1,0
0.0069308,-0.310336,0.102108,-0.648167,3.57731,-44776.4,-1,9.3011e-10,1,0
0.00693217,-0.310816,0.101942,-0.649408,3.57449,-44836.7,-1,1.41793e-09,1,0
0.00693335,-0.311292,0.101555,-0.649003,3.57471,-44897.8,-1,9.21345e-10,1,0
0.00693433,-0.312101,0.102212,-0.649316,3.57525,-45008.1,-1,1.0061e-09,1,0
0.0069359,-0.311642,0.103872,-0.649722,3.57527,-44931.7,-1,1.0061e-09,1,0
0.00693822,-0.313524,0.102905,-0.649745,3.57477,-45188,-1,2.05247e-09,1,0
0.00693995,-0.312702,0.102475,-0.649975,3.57675,-45058.2,-1,1.29273e-09,1,0
0.00694094,-0.312293,0.103094,-0.649462,3.57747,-44992.9,-1,1.03532e-09,1,0
0.00694209,-0.312204,0.102153,-0.648582,3.57906,-44972.7,-1,2.69018e-10,1,0
0.00694352,-0.312264,0.10132,-0.647297,3.579,-44972,-1,2.12499e-09,1,0
0.00694405,-0.312372,0.101181,-0.646726,3.57899,-44984,-1,2.12499e-09,1,0
0.00694548,-0.312638,0.100631,-0.645435,3.58371,-45013.2,-1,6.35695e-11,1,0
0.00694596,-0.312657,0.100156,-0.645689,3.58181,-45012.8,-1,3.23352e-10,1,0
0.00694697,-0.312917,0.0992884,-0.646378,3.58227,-45043.7,-1,2.58588e-10,1,0
0.00694844,-0.312281,0.100005,-0.646621,3.58141,-44942.6,-1,1.29252e-09,1,0
0.00694884,-0.312083,0.100097,-0.646607,3.57853,-44911.4,-1,1.06428e-10,1,0
0.00694981,-0.31289,0.100483,-0.646136,3.57511,-45021.5,-1,3.79942e-10,1,0
0.00695164,-0.314424,0.101274,-0.645011,3.5771,-45230.2,-1,2.65901e-09,1,0
0.00695233,-0.313732,0.101356,-0.645356,3.58014,-45126.1,-1,5.77454e-10,1,0
0.0069527,-0.313596,0.101025,-0.645495,3.57952,-45104.2,-1,3.23731e-10,1,0
0.0069545,-0.312853,0.100342,-0.647244,3.57956,-44985.8,-1,3.23731e-10,1,0
0.00695583,-0.313587,0.100023,-0.647599,3.57627,-45082.5,-1,9.94936e-10,1,0
0.00695637,-0.313064,0.0998167,-0.647372,3.57698,-45003.8,-1,7.34375e-10,1,0
0.00695731,-0.313218,0.0993126,-0.646573,3.57589,-45020,-1,3.90764e-10,1,0
0.00695934,-0.313431,0.100721,-0.647687,3.57722,-45037.5,-1,8.47401e-10,1,0
0.00696022,-0.313688,0.101602,-0.647313,3.57582,-45068.7,-1,1.2224e-11,1,0
0.00696156,-0.314077,0.102934,-0.646746,3.57575,-45115.9,-1,1.49885e-09,1,0
0.00696182,-0.314174,0.103076,-0.646708,3.57732,-45128.2,-1,2.12275e-11,1,0
0.00696281,-0.315113,0.103578,-0.646604,3.57586,-45256.5,-1,1.04647e-09,1,0
0.00696453,-0.315448,0.103204,-0.648472,3.57631,-45293.5,-1,1.93452e-09,1,0
0.00696524,-0.315788,0.102945,-0.648596,3.57489,-45337.7,-1,4.94871e-10,1,0
0.0069673,-0.314283,0.103431,-0.647841,3.57696,-45108.3,-1,1.92331e-09,1,0
0.00696906,-0.315492,0.104976,-0.648087,3.5769,-45270.4,-1,1.92331e-09,1,0
0.00696975,-0.315964,0.10558,-0.648183,3.57316,-45333.7,-1,3.13068e-09,1,0
0.00697059,-0.316424,0.104928,-0.647994,3.57362,-45394.1,-1,9.04757e-11,1,0
0.00697244,-0.31741,0.103166,-0.647503,3.57341,-45523.5,-1,7.42304e-10,1,0
0.00697479,-0.317006,0.103652,-0.646381,3.57379,-45450.3,-1,1.11815e-09,1,0
0.00697513,-0.316674,0.103561,-0.646236,3.57454,-45400.5,-1,3.26275e-10,1,0
0.00697672,-0.315099,0.103055,-0.645568,3.57462,-45164.4,-1,3.26275e-10,1,0
0.00697722,-0.314607,0.102897,-0.64536,3.57464,-45090.6,-1,3.26275e-10,1,0
0.00697773,-0.314101,0.102734,-0.645145,3.57467,-45014.8,-1,3.26275e-10,1,0
0.00697914,-0.312701,0.102285,-0.644551,3.57231,-44805,-1,3.1679e-09,1,0
0.00698002,-0.311835,0.102007,-0.644185,3.57235,-44675.4,-1,3.1679e-09,1,0
0.00698035,-0.311586,0.10184,-0.644067,3.57167,-44637.6,-1,8.39675e-11,1,0
0.00698053,-0.311604,0.101643,-0.644047,3.5723,-44639.1,-1,1.72466e-10,1,0
0.00698223,-0.31173,0.100176,-0.645259,3.56945,-44646.3,-1,1.9078e-09,1,0
0.00698371,-0.312078,0.100507,-0.646846,3.57013,-44686.5,-1,1.65871e-09,1,0
0.00698445,-0.312251,0.100672,-0.647638,3.56899,-44706.6,-1,1.78148e-11,1,0
0.00698501,-0.312383,0.100798,-0.648244,3.5698,-44722,-1,1.44239e-09,1,0
0.00698566,-0.31226,0.10144,-0.648291,3.5708,-44700.1,-1,5.64415e-10,1,0
0.00698635,-0.31188,0.101913,-0.648771,3.57032,-44641.4,-1,7.74257e-10,1,0
0.00698662,-0.31188,0.101978,-0.648982,3.56935,-44639.7,-1,1.59558e-10,1,0
0.0069872,-0.312051,0.101973,-0.649385,3.57119,-44660.4,-1,2.15444e-10,1,0
0.00698806,-0.311443,0.102718,-0.649276,3.57122,-44567.8,-1,2.15444e-10,1,0
0.00698852,-0.31144,0.102538,-0.649752,3.56887,-44564.5,-1,5.12006e-10,1,0
0.00698933,-0.311498,0.102218,-0.650303,3.56586,-44567.7,-1,2.8067e-11,1,0
0.00699026,-0.311469,0.101566,-0.649577,3.56521,-44557.6,-1,9.84749e-10,1,0
0.00699104,-0.311273,0.101077,-0.649457,3.56545,-44524.5,-1,2.9807e-10,1,0
0.00699204,-0.310919,0.10018,-0.648893,3.56448,-44467.6,-1,1.11674e-09,1,0
0.00699289,-0.311605,0.0995651,-0.649143,3.56427,-44560.3,-1,7.69669e-10,1,0
0.00699441,-0.312776,0.098897,-0.649663,3.56402,-44717.9,-1,1.06533e-09,1,0
0.00699522,-0.313267,0.0995145,-0.650103,3.56307,-44783,-1,1.22833e-09,1,0
0.00699628,-0.313522,0.0989719,-0.649611,3.56206,-44812.6,-1,5.49341e-10,1,0
0.00699898,-0.314625,0.0983386,-0.648399,3.56231,-44953,-1,1.72289e-09,1,0
0.00700012,-0.315146,0.0971812,-0.648274,3.56104,-45020.1,-1,1.27545e-09,1,0
0.00700125,-0.315734,0.0974139,-0.648568,3.5609,-45096.9,-1,4.52844e-10,1,0
0.00700265,-0.315644,0.0986879,-0.648623,3.56364,-45075,-1,9.6891e-10,1,0
0.00700405,-0.315526,0.0993099,-0.648096,3.56048,-45049.1,-1,2.88313e-10,1,0
0.0070056,-0.315979,0.0984149,-0.64867,3.5618,-45103.8,-1,1.19833e-09,1,0
0.00700577,-0.316015,0.0983139,-0.64851,3.56192,-45107.7,-1,7.43359e-11,1,0
0.00700642,-0.315866,0.0983084,-0.648828,3.5587,-45082.4,-1,1.94728e-10,1,0
0.00700901,-0.316385,0.0985154,-0.650332,3.55636,-45139.8,-1,1.16591e-09,1,0
0.00700921,-0.316444,0.0986434,-0.650337,3.55743,-45146.9,-1,8.74109e-11,1,0
0.00701001,-0.317,0.0989836,-0.649809,3.55828,-45221.1,-1,7.81318e-10,1,0
0.00701102,-0.317617,0.0986617,-0.650473,3.557,-45302.5,-1,8.07806e-10,1,0
0.00701157,-0.317819,0.0989621,-0.650916,3.55707,-45327.8,-1,1.58225e-10,1,0
0.00701322,-0.319065,0.0998162,-0.651151,3.55817,-45494.7,-1,1.291e-09,1,0
0.00701406,-0.319796,0.100285,-0.650809,3.55816,-45593.6,-1,1.95201e-09,1,0
0.00701594,-0.320173,0.101164,-0.650235,3.56159,-45635.1,-1,7.29622e-10,1,0
0.00701788,-0.321043,0.101885,-0.6512,3.55945,-45746.5,-1,1.5843e-09,1,0
0.0070185,-0.321551,0.101859,-0.650718,3.55943,-45814.8,-1,1.5843e-09,1,0
0.00701933,-0.322237,0.101486,-0.650387,3.55941,-45907.1,-1,1.08207e-09,1,0
0.00701962,-0.322476,0.101276,-0.650347,3.5594,-45939.3,-1,1.08207e-09,1,0
0.00702008,-0.322776,0.100947,-0.650265,3.5585,-45979,-1,1.32882e-09,1,0
0.0070219,-0.321939,0.0998701,-0.649046,3.55774,-45847.9,-1,8.82442e-10,1,0
0.00702365,-0.321906,0.1003,-0.648523,3.55762,-45831.7,-1,9.55867e-10,1,0
0.0070261,-0.322059,0.100507,-0.650724,3.5556,-45837.6,-1,1.66128e-09,1,0
0.00702662,-0.322145,0.100482,-0.651219,3.55671,-45846.4,-1,8.56524e-11,1,0
0.00702795,-0.32306,0.101087,-0.651224,3.55669,-45967.8,-1,4.12512e-10,1,0
0.00702883,-0.32339,0.100821,-0.650981,3.55743,-46009.1,-1,1.51594e-09,1,0
0.00703019,-0.32342,0.0993228,-0.650741,3.55733,-46004.5,-1,1.05388e-09,1,0
0.00703195,-0.323363,0.0973725,-0.6506,3.55846,-45984.9,-1,8.19687e-10,1,0
0.00703346,-0.324596,0.0969085,-0.651666,3.55936,-46150.3,-1,1.69442e-09,1,0
0.00703385,-0.324813,0.0966082,-0.651469,3.5586,-46178.5,-1,9.30473e-12,1,0
0.00703466,-0.325648,0.0965426,-0.651758,3.56007,-46292,-1,3.67526e-11,1,0
0.00703712,-0.325823,0.0971584,-0.651619,3.55657,-46300.6,-1,7.44897e-10,1,0
0.00703808,-0.325871,0.0977796,-0.65077,3.55551,-46301.2,-1,1.03282e-09,1,0
0.00703982,-0.324035,0.0972982,-0.650698,3.55517,-46028.9,-1,6.20678e-11,1,0
0.00704081,-0.322968,0.0970094,-0.650654,3.55567,-45870.9,-1,3.02516e-09,1,0
0.00704115,-0.322931,0.0967938,-0.650493,3.55834,-45863.4,-1,3.19266e-10,1,0
0.00704257,-0.323872,0.0974238,-0.650819,3.55717,-45987.7,-1,1.44365e-09,1,0
0.00704407,-0.32226,0.0970116,-0.650668,3.55638,-45749.1,-1,1.88269e-09,1,0
0.00704449,-0.322198,0.0966409,-0.650815,3.55665,-45737.6,-1,2.5716e-10,1,0
0.00704589,-0.321079,0.0971872,-0.649872,3.55782,-45569.7,-1,9.7274e-10,1,0
0.00704671,-0.320563,0.0971988,-0.650246,3.55774,-45491.1,-1,8.74173e-10,1,0
0.00704728,-0.320633,0.0967722,-0.650274,3.55742,-45497.4,-1,1.62803e-10,1,0
0.00704901,-0.321158,0.0975048,-0.650696,3.55672,-45560.8,-1,1.37616e-09,1,0
0.00705117,-0.322417,0.0959134,-0.652009,3.55666,-45725.4,-1,1.37616e-09,1,0
0.00705276,-0.323338,0.0947364,-0.652952,3.55608,-45845.6,-1,2.24012e-11,1,0
0.0070541,-0.323047,0.0962111,-0.652996,3.55609,-45795.6,-1,2.24012e-11,1,0
0.00705489,-0.322828,0.0964928,-0.653275,3.55433,-45759.4,-1,5.55644e-10,1,0
0.00705605,-0.323751,0.0961184,-0.653396,3.55264,-45882.7,-1,9.90127e-10,1,0
0.00705691,-0.324325,0.0954473,-0.653017,3.55261,-45958.5,-1,9.90127e-10,1,0
0.00705853,-0.322892,0.0948829,-0.652963,3.5541,-45745,-1,1.61031e-09,1,0
0.00706063,-0.324989,0.0951451,-0.651935,3.5537,-46028.3,-1,2.35e-09,1,0
0.00706238,-0.326033,0.0952449,-0.650874,3.55099,-46164.7,-1,5.99157e-10,1,0
0.00706319,-0.325727,0.095451,-0.651184,3.54829,-46116.1,-1,2.80417e-10,1,0
0.00706548,-0.325762,0.096619,-0.651902,3.54756,-46106.2,-1,1.29234e-09,1,0
0.00706701,-0.324388,0.0971573,-0.651605,3.54883,-45901.8,-1,2.99904e-10,1,0
0.00706916,-0.324436,0.0976664,-0.652016,3.55012,-45894.6,-1,1.13245e-09,1,0
0.00707012,-0.323563,0.0972546,-0.651549,3.5507,-45764.8,-1,2.92008e-11,1,0
0.00707126,-0.324163,0.0969889,-0.650626,3.55027,-45842.3,-1,6.65776e-11,1,0
0.00707176,-0.324507,0.0966357,-0.650869,3.55134,-45887.8,-1,5.50085e-10,1,0
0.00707328,-0.323045,0.0960523,-0.650223,3.55279,-45671.2,-1,1.70191e-09,1,0
0.00707498,-0.32456,0.0957127,-0.651321,3.55345,-45874.3,-1,1.90156e-09,1,0
0.00707649,-0.325909,0.0954101,-0.6523,3.55521,-46055.2,-1,1.96751e-10,1,0
0.00707817,-0.326844,0.0962662,-0.653318,3.5531,-46176.4,-1,1.35248e-09,1,0
0.00707958,-0.327236,0.097065,-0.652008,3.55331,-46222.5,-1,1.38766e-11,1,0
0.00707998,-0.32696,0.0968812,-0.651784,3.55558,-46181,-1,4.69208e-11,1,0
0.00708099,-0.326978,0.0960315,-0.652359,3.55454,-46176.8,-1,1.01408e-09,1,0
0.00708246,-0.325974,0.0971705,-0.651733,3.55459,-46025.6,-1,1.01408e-09,1,0
0.00708338,-0.325728,0.097668,-0.651553,3.55391,-45984.8,-1,2.56445e-10,1,0
0.00708398,-0.325309,0.0979508,-0.651109,3.55142,-45921.7,-1,2.45407e-10,1,0
0.00708522,-0.324801,0.0977375,-0.65081,3.54858,-45842.1,-1,5.91181e-10,1,0
0.00708551,-0.324936,0.097971,-0.650625,3.55081,-45859.3,-1,1.56543e-10,1,0
0.00708578,-0.325196,0.0980487,-0.65066,3.55003,-45894.2,-1,2.84298e-11,1,0
0.00708749,-0.327042,0.09765,-0.650377,3.55028,-46143.6,-1,4.66189e-10,1,0
0.00708796,-0.326855,0.0980807,-0.650627,3.55024,-46114.1,-1,4.19359e-10,1,0
0.00708925,-0.326939,0.0983451,-0.651308,3.54962,-46117.5,-1,5.94804e-10,1,0
0.00709078,-0.327991,0.0973721,-0.652105,3.54676,-46255.9,-1,1.10546e-10,1,0
0.00709241,-0.328978,0.0984625,-0.652213,3.54514,-46384.6,-1,6.33287e-10,1,0
0.00709397,-0.33021,0.0974944,-0.652859,3.54572,-46548,-1,1.51246e-09,1,0
0.00709438,-0.330493,0.0973435,-0.653153,3.5444,-46585.2,-1,6.03578e-10,1,0
0.00709532,-0.330884,0.0966756,-0.653851,3.54438,-46634.2,-1,6.03578e-10,1,0
0.00709645,-0.331358,0.0958657,-0.654699,3.54422,-46693.5,-1,2.29523e-09,1,0
0.00709648,-0.33137,0.095845,-0.654721,3.544,-46695,-1,2.03705e-10,1,0
0.0070984,-0.330034,0.0955219,-0.655511,3.54258,-46494.1,-1,8.89425e-10,1,0
0.00710011,-0.329592,0.0953518,-0.656879,3.54546,-46420.8,-1,4.71005e-10,1,0
0.00710042,-0.329641,0.0956217,-0.656705,3.54378,-46425.5,-1,3.22552e-10,1,0
0.00710245,-0.331419,0.0950406,-0.656104,3.54144,-46662.7,-1,2.00084e-09,1,0
0.00710431,-0.330816,0.0952731,-0.656624,3.53973,-46565.5,-1,1.08121e-09,1,0
0.0071049,-0.330584,0.0953096,-0.657176,3.54021,-46529.1,-1,4.69453e-10,1,0
0.00710541,-0.330358,0.0954869,-0.657468,3.53672,-46493.8,-1,4.36091e-11,1,0
0.00710638,-0.329692,0.0950194,-0.657352,3.53525,-46393.8,-1,5.18149e-10,1,0
0.00710708,-0.329257,0.0944273,-0.657151,3.53569,-46328,-1,1.51987e-09,1,0
0.00710775,-0.328892,0.0940416,-0.656847,3.53505,-46272.3,-1,3.05954e-10,1,0
0.00710901,-0.327887,0.0942241,-0.656471,3.5364,-46122.8,-1,6.84719e-10,1,0
0.00710958,-0.327703,0.0941719,-0.655861,3.5364,-46093.2,-1,6.84719e-10,1,0
0.00711038,-0.327353,0.094212,-0.655056,3.53598,-46038.8,-1,1.61935e-09,1,0
0.0071113,-0.327424,0.0947255,-0.654424,3.53692,-46042.9,-1,3.00138e-10,1,0
0.00711355,-0.329013,0.0962003,-0.653141,3.53502,-46251.5,-1,3.03178e-09,1,0
0.00711458,-0.329739,0.0968742,-0.652555,3.53753,-46346.9,-1,1.15085e-09,1,0
0.00711578,-0.32888,0.0965265,-0.653235,3.5351,-46218.4,-1,1.0212e-09,1,0
0.00711721,-0.328082,0.0951759,-0.652943,3.53588,-46097,-1,1.91076e-09,1,0
0.00711853,-0.326624,0.0953616,-0.653007,3.53819,-45883.7,-1,8.59898e-11,1,0
0.00711921,-0.326043,0.0954554,-0.653172,3.5391,-45797.6,-1,1.43893e-10,1,0
0.007121,-0.325845,0.0958401,-0.654697,3.53764,-45758.3,-1,5.40263e-10,1,0
0.00712159,-0.32555,0.0954758,-0.655161,3.53887,-45713.1,-1,8.23306e-10,1,0
0.00712355,-0.326319,0.0966624,-0.653614,3.53938,-45808.5,-1,1.29276e-09,1,0
0.00712422,-0.326158,0.0969813,-0.653454,3.53332,-45781.5,-1,1.5748e-10,1,0
0.00712551,-0.326824,0.0966516,-0.652404,3.53081,-45866.7,-1,1.09781e-09,1,0
0.00712596,-0.327263,0.0968121,-0.652535,3.53078,-45925.5,-1,4.8092e-10,1,0
0.00712767,-0.326613,0.0957559,-0.65306,3.52956,-45823.3,-1,1.56994e-09,1,0
0.00712871,-0.326136,0.0953556,-0.653464,3.5273,-45749.6,-1,3.8816e-10,1,0
0.00712976,-0.326319,0.0945598,-0.654246,3.52634,-45768.5,-1,4.62052e-10,1,0
0.00713114,-0.324834,0.0941857,-0.654265,3.52666,-45551.5,-1,7.62536e-10,1,0
0.00713307,-0.325309,0.0937562,-0.654395,3.52956,-45605.7,-1,4.94153e-10,1,0
0.00713476,-0.326129,0.0946105,-0.654227,3.53096,-45709.9,-1,1.58868e-09,1,0
0.00713488,-0.32616,0.0946929,-0.654326,3.53081,-45713.5,-1,1.27645e-10,1,0
0.00713585,-0.326272,0.0954936,-0.655053,3.5308,-45722.9,-1,1.27645e-10,1,0
0.00713724,-0.326593,0.0961854,-0.655638,3.53191,-45759.1,-1,3.10167e-10,1,0
0.00713781,-0.326815,0.0963955,-0.655069,3.53322,-45786.4,-1,9.78181e-10,1,0
0.00714,-0.329138,0.095832,-0.655549,3.53474,-46097.8,-1,2.12471e-09,1,0
0.00714168,-0.330923,0.0953991,-0.655918,3.53465,-46336.9,-1,2.12471e-09,1,0
0.00714289,-0.33221,0.0950869,-0.656184,3.53459,-46509.2,-1,2.12471e-09,1,0
0.00714518,-0.332845,0.0950584,-0.655644,3.53353,-46583.2,-1,1.13271e-09,1,0
0.0071467,-0.333662,0.0937767,-0.656178,3.53498,-46687.5,-1,7.59081e-11,1,0
0.00714853,-0.335528,0.0936121,-0.65699,3.53436,-46936.7,-1,2.04217e-09,1,0
0.00714897,-0.335271,0.0940201,-0.657094,3.53596,-46897.8,-1,5.82966e-11,1,0
0.00715051,-0.334373,0.0954447,-0.657455,3.53671,-46762.1,-1,1.29271e-09,1,0
0.00715227,-0.333319,0.0967663,-0.657942,3.53715,-46603.2,-1,2.24017e-10,1,0
0.00715362,-0.333312,0.0956887,-0.658475,3.53567,-46593.4,-1,3.57131e-10,1,0
0.00715411,-0.333238,0.095229,-0.658762,3.53609,-46580,-1,9.20571e-10,1,0
0.00715503,-0.332613,0.0955686,-0.658059,3.53518,-46486.7,-1,1.22066e-11,1,0
0.00715584,-0.332832,0.0951261,-0.657534,3.53488,-46512,-1,1.18819e-09,1,0
0.00715679,-0.333321,0.0943828,-0.656943,3.53486,-46574.1,-1,1.18819e-09,1,0
0.00715736,-0.333611,0.0939412,-0.656592,3.5347,-46610.9,-1,4.3327e-10,1,0
0.00715845,-0.33382,0.0937997,-0.65664,3.53153,-46633,-1,5.35665e-10,1,0
0.00715989,-0.334929,0.0931439,-0.655682,3.53148,-46778.5,-1,5.35665e-10,1,0
0.00716076,-0.335377,0.0931084,-0.655063,3.53291,-46835.4,-1,3.26848e-10,1,0
0.00716207,-0.334536,0.0926226,-0.654872,3.53442,-46709.4,-1,6.6378e-10,1,0
0.00716363,-0.333249,0.0928474,-0.654583,3.53481,-46519.5,-1,2.47401e-10,1,0
0.0071645,-0.333658,0.0921457,-0.654156,3.5344,-46570.9,-1,2.97313e-10,1,0
0.00716648,-0.333271,0.0914594,-0.653895,3.5345,-46504.1,-1,1.97132e-09,1,0
0.00716767,-0.332165,0.0921293,-0.654201,3.53455,-46342.1,-1,1.97132e-09,1,0
0.0071684,-0.331484,0.0925415,-0.654389,3.53459,-46242.4,-1,1.97132e-09,1,0
0.0071696,-0.330367,0.0932176,-0.654698,3.53464,-46078.9,-1,1.97132e-09,1,0
0.00716995,-0.330261,0.0934918,-0.654706,3.53472,-46061.9,-1,4.59585e-09,1,0
0.00717142,-0.33095,0.0928177,-0.654888,3.53579,-46148.4,-1,6.04886e-10,1,0
0.00717257,-0.331528,0.0917179,-0.655161,3.53496,-46221.7,-1,2.50048e-09,1,0
0.00717298,-0.331065,0.0917107,-0.655178,3.53498,-46154.5,-1,2.50048e-09,1,0
0.00717437,-0.329521,0.0916867,-0.655235,3.53449,-45930.3,-1,2.00877e-09,1,0
0.00717526,-0.329678,0.0918721,-0.654588,3.53304,-45946.5,-1,2.17971e-10,1,0
0.0071767,-0.330448,0.0922519,-0.65326,3.53069,-46044.6,-1,1.3625e-11,1,0
0.00717737,-0.330833,0.0924198,-0.65348,3.52504,-46094,-1,5.60828e-10,1,0
0.00717931,-0.328768,0.0921211,-0.652897,3.5258,-45793.9,-1,9.52872e-10,1,0
0.00718018,-0.3285,0.0927581,-0.652844,3.52669,-45751,-1,1.49846e-09,1,0
0.00718087,-0.328152,0.0930565,-0.652572,3.52835,-45698,-1,9.88491e-11,1,0
0.00718152,-0.328427,0.0935402,-0.652264,3.52833,-45732.2,-1,6.47216e-10,1,0
0.00718277,-0.327249,0.0931626,-0.652453,3.52992,-45560.3,-1,1.44279e-10,1,0
0.00718404,-0.325924,0.0934204,-0.652891,3.52894,-45367.8,-1,1.41878e-09,1,0
0.00718455,-0.325745,0.0928849,-0.65298,3.52895,-45339.6,-1,1.41878e-09,1,0
0.00718601,-0.326088,0.0918089,-0.654105,3.53011,-45378.2,-1,1.52866e-09,1,0
0.00718691,-0.326377,0.0918366,-0.654755,3.52794,-45412.6,-1,4.80322e-10,1,0
0.00718836,-0.326394,0.0928659,-0.654362,3.52883,-45405.9,-1,3.09806e-10,1,0
0.00718886,-0.326649,0.0928639,-0.654099,3.52713,-45438.2,-1,1.48236e-09,1,0
0.00719111,-0.328497,0.0917654,-0.652871,3.52832,-45680.9,-1,2.85927e-09,1,0
0.00719199,-0.328678,0.0908579,-0.652968,3.52946,-45700.5,-1,1.56604e-10,1,0
0.0071935,-0.328676,0.0896467,-0.654098,3.52998,-45690.7,-1,9.67184e-10,1,0
0.00719489,-0.328639,0.0885589,-0.655204,3.52964,-45676.7,-1,2.8135e-09,1,0
0.00719703,-0.328583,0.0868912,-0.6569,3.53144,-45655.3,-1,1.59951e-09,1,0
0.00719734,-0.328463,0.0869153,-0.65716,3.53024,-45636.7,-1,1.19705e-09,1,0
0.0071983,-0.327953,0.0875782,-0.657203,3.52629,-45559.9,-1,6.32915e-10,1,0
0.00719954,-0.327325,0.088518,-0.65654,3.52677,-45464.8,-1,1.29234e-09,1,0
0.00719999,-0.327413,0.0882503,-0.656407,3.52787,-45474.1,-1,2.30646e-10,1,0
0.00720193,-0.327827,0.0887801,-0.658215,3.52836,-45519.4,-1,1.61363e-09,1,0
0.00720253,-0.328196,0.0892043,-0.658268,3.5302,-45566.7,-1,7.99812e-10,1,0
0.0072027,-0.328103,0.0891665,-0.658337,3.53332,-45552.7,-1,1.53632e-10,1,0
0.00720307,-0.328282,0.0894521,-0.658464,3.53506,-45575.3,-1,3.59288e-10,1,0
0.0072046,-0.329144,0.0908326,-0.658985,3.53508,-45685.3,-1,1.70872e-09,1,0
0.00720611,-0.328953,0.0912776,-0.657747,3.53465,-45649.2,-1,1.01701e-09,1,0
0.00720734,-0.329598,0.092042,-0.656974,3.53482,-45731,-1,1.21338e-10,1,0
0.00720832,-0.330627,0.0916778,-0.656939,3.53401,-45867.5,-1,1.09205e-09,1,0
0.00720897,-0.33005,0.0916867,-0.656626,3.53289,-45783.3,-1,6.45615e-10,1,0
0.00720953,-0.329757,0.091544,-0.656876,3.53287,-45739.1,-1,1.3159e-10,1,0
0.0072109,-0.329738,0.0928,-0.656007,3.53595,-45727.7,-1,1.4615e-09,1,0
0.00721167,-0.329898,0.0933681,-0.655476,3.5371,-45745,-1,7.11308e-11,1,0
0.00721274,-0.33011,0.0937196,-0.655459,3.53771,-45767.6,-1,4.88286e-10,1,0
0.00721324,-0.3303,0.0940161,-0.655869,3.53791,-45790.8,-1,2.98935e-10,1,0
0.00721442,-0.331036,0.0941251,-0.656636,3.53813,-45885.4,-1,4.11864e-11,1,0
0.00721523,-0.331607,0.0938066,-0.656964,3.53731,-45959.4,-1,3.10821e-10,1,0
0.00721787,-0.331207,0.093443,-0.655175,3.53552,-45887.1,-1,3.67824e-10,1,0
0.00721935,-0.330177,0.0945214,-0.655157,3.53542,-45734.9,-1,1.29252e-09,1,0
0.00722134,-0.329198,0.094368,-0.653543,3.53769,-45586.9,-1,1.29304e-09,1,0
0.00722349,-0.328131,0.0952015,-0.652213,3.53731,-45425.5,-1,7.0947e-10,1,0
0.00722533,-0.329393,0.0961215,-0.652568,3.53813,-45588.6,-1,1.65564e-09,1,0
0.00722605,-0.329225,0.0960375,-0.653344,3.5369,-45560.8,-1,5.01668e-10,1,0
0.00722711,-0.32889,0.0966156,-0.654034,3.543,-45507.8,-1,7.08391e-10,1,0
0.00722838,-0.329597,0.0962397,-0.652853,3.54288,-45597.6,-1,2.51272e-10,1,0
0.00722894,-0.329903,0.0960773,-0.652344,3.54211,-45636.4,-1,1.79128e-09,1,0
0.00722971,-0.329091,0.095849,-0.652137,3.54195,-45519.2,-1,5.89086e-10,1,0
0.00723137,-0.328005,0.0948959,-0.651061,3.54236,-45358.6,-1,5.6924e-10,1,0
0.00723235,-0.32791,0.0939358,-0.650641,3.54192,-45339.3,-1,9.25873e-10,1,0
0.00723301,-0.327344,0.0943056,-0.650444,3.54213,-45257,-1,4.41723e-10,1,0
0.00723459,-0.327215,0.093767,-0.65206,3.54276,-45229.3,-1,1.7101e-09,1,0
0.00723627,-0.327701,0.092616,-0.653466,3.54297,-45285.8,-1,1.88068e-09,1,0
0.00723852,-0.328007,0.0950042,-0.652737,3.54599,-45314.1,-1,2.51585e-09,1,0
0.00723932,-0.328289,0.0948687,-0.652651,3.54227,-45348.1,-1,1.78351e-10,1,0
0.00724011,-0.328371,0.0948741,-0.652236,3.54277,-45354.5,-1,5.32827e-10,1,0
0.00724095,-0.328501,0.0946211,-0.651334,3.54095,-45367.1,-1,9.45308e-10,1,0
0.00724214,-0.327864,0.0936841,-0.652019,3.54098,-45271.6,-1,9.45308e-10,1,0
0.00724432,-0.328071,0.0928831,-0.650644,3.54064,-45286.7,-1,1.94646e-09,1,0
0.00724603,-0.327283,0.0924359,-0.651475,3.53878,-45167.3,-1,3.95695e-10,1,0
0.00724668,-0.326705,0.0922376,-0.651864,3.53839,-45083.4,-1,2.01643e-09,1,0
0.00724811,-0.327174,0.0920226,-0.651962,3.5365,-45139.2,-1,5.97344e-10,1,0
0.00725046,-0.325542,0.0908662,-0.653599,3.53653,-44899.5,-1,1.0215e-09,1,0
0.00725094,-0.325229,0.0907452,-0.653948,3.53711,-44853.4,-1,2.07177e-09,1,0
0.00725172,-0.325585,0.090415,-0.654468,3.53845,-44897.7,-1,2.74026e-10,1,0
0.00725278,-0.326154,0.0895834,-0.655101,3.53654,-44969.5,-1,1.84369e-09,1,0
0.00725412,-0.326003,0.0897288,-0.655774,3.53686,-44940.5,-1,8.29961e-10,1,0
0.00725528,-0.326632,0.0893558,-0.656142,3.53414,-45019.9,-1,4.05942e-10,1,0
0.00725642,-0.326877,0.0884305,-0.6553,3.53412,-45046.6,-1,4.05942e-10,1,0
0.00725778,-0.327106,0.0875822,-0.654386,3.53475,-45069.7,-1,1.47862e-10,1,0
0.00725866,-0.326303,0.0874099,-0.65492,3.53479,-44953.5,-1,1.47862e-10,1,0
0.00726028,-0.325243,0.0866099,-0.655302,3.53447,-44797.5,-1,3.5885e-10,1,0
0.00726115,-0.325218,0.0856369,-0.655321,3.53571,-44788.8,-1,1.55749e-09,1,0
0.00726328,-0.325156,0.0876577,-0.65656,3.53572,-44767.1,-1,1.55749e-09,1,0
0.00726405,-0.324723,0.0873118,-0.657089,3.53798,-44702.8,-1,1.57578e-10,1,0
0.00726549,-0.324646,0.0869147,-0.658603,3.53856,-44683.3,-1,9.53072e-10,1,0
0.00726643,-0.324693,0.0867034,-0.659626,3.53898,-44684,-1,2.36179e-09,1,0
0.00726748,-0.325011,0.087474,-0.660416,3.53984,-44721.3,-1,1.13079e-09,1,0
0.00726838,-0.324968,0.088431,-0.660333,3.53904,-44709.8,-1,5.1859e-10,1,0
0.00726907,-0.325131,0.0891876,-0.660337,3.53909,-44728,-1,1.30286e-09,1,0
0.00727082,-0.325543,0.0910979,-0.660347,3.5377,-44773.9,-1,1.95419e-09,1,0
0.00727167,-0.325308,0.091218,-0.660166,3.53793,-44736.4,-1,1.67399e-11,1,0
0.00727292,-0.32447,0.0922051,-0.659644,3.53856,-44613.5,-1,1.98799e-09,1,0
0.007274,-0.323748,0.0930554,-0.659194,3.53635,-44507.6,-1,9.19316e-10,1,0
0.00727438,-0.323928,0.0930147,-0.659513,3.53198,-44530,-1,8.88127e-11,1,0
0.00727507,-0.323881,0.0925303,-0.659574,3.53138,-44519.3,-1,6.20065e-10,1,0
0.00727542,-0.323776,0.0927126,-0.659652,3.53049,-44502.7,-1,4.47127e-10,1,0
0.00727697,-0.324515,0.0914808,-0.660605,3.5312,-44594.8,-1,1.3767e-09,1,0
0.0072794,-0.324189,0.0895469,-0.65983,3.52993,-44535.2,-1,2.20342e-09,1,0
0.00728079,-0.325663,0.0892647,-0.660214,3.52985,-44729,-1,2.20342e-09,1,0
0.0072818,-0.325949,0.0891678,-0.6593,3.53009,-44762.1,-1,2.22011e-09,1,0
0.00728332,-0.326175,0.0890506,-0.65763,3.53008,-44783.9,-1,2.22011e-09,1,0
0.00728494,-0.326542,0.0894902,-0.656594,3.52759,-44824.3,-1,5.87342e-10,1,0
0.00728627,-0.327609,0.0899694,-0.655683,3.52594,-44962.6,-1,1.48284e-09,1,0
0.00728699,-0.327202,0.0898032,-0.655792,3.52616,-44902.2,-1,1.95146e-10,1,0
0.00728837,-0.326165,0.0887337,-0.656174,3.52715,-44751.5,-1,2.04513e-09,1,0
0.00729032,-0.327911,0.0893767,-0.657296,3.52688,-44978.9,-1,1.60126e-09,1,0
0.00729094,-0.328378,0.0895074,-0.656987,3.52631,-45039.1,-1,6.09423e-11,1,0
0.00729153,-0.328258,0.0889234,-0.656798,3.52466,-45019.1,-1,1.29365e-10,1,0
0.00729243,-0.328793,0.0884976,-0.657131,3.52244,-45086.9,-1,5.98534e-10,1,0
0.00729348,-0.329668,0.0886685,-0.657659,3.52155,-45200.3,-1,4.77993e-11,1,0
0.00729386,-0.329295,0.0887926,-0.657821,3.52322,-45146.9,-1,5.68641e-11,1,0
0.0072954,-0.330163,0.0898907,-0.657894,3.52329,-45256.3,-1,1.60914e-10,1,0
0.00729577,-0.33011,0.0897782,-0.657503,3.52329,-45246.8,-1,1.60914e-10,1,0
0.00729646,-0.330099,0.0893442,-0.657337,3.52319,-45241,-1,3.85207e-10,1,0
0.00729818,-0.330358,0.0896195,-0.656829,3.52114,-45265.8,-1,7.26886e-10,1,0
0.00729935,-0.329666,0.0901966,-0.655957,3.52202,-45163.7,-1,3.08451e-11,1,0
0.00729942,-0.329647,0.0901555,-0.655989,3.52285,-45160.8,-1,5.38807e-11,1,0
0.00729998,-0.329597,0.0902989,-0.655557,3.52124,-45150.4,-1,2.34399e-10,1,0
0.00730132,-0.329941,0.0912327,-0.654525,3.52058,-45189.2,-1,1.77076e-09,1,0
0.00730273,-0.331325,0.091967,-0.654358,3.52133,-45369.9,-1,1.71247e-09,1,0
0.00730318,-0.33176,0.092198,-0.654306,3.52318,-45426.8,-1,2.66593e-10,1,0
0.00730448,-0.332802,0.0928923,-0.654215,3.52417,-45561.4,-1,3.19144e-10,1,0
0.00730605,-0.331442,0.0918105,-0.654457,3.52267,-45365.4,-1,1.75469e-09,1,0
0.00730737,-0.330309,0.0909091,-0.654658,3.52326,-45202.2,-1,1.46194e-09,1,0
0.00730833,-0.330116,0.0900163,-0.654707,3.52368,-45169.8,-1,2.20448e-10,1,0
0.00730928,-0.329706,0.089119,-0.654752,3.52371,-45107.9,-1,1.30268e-09,1,0
0.00731068,-0.328699,0.0879434,-0.654629,3.52308,-44961.4,-1,2.1642e-09,1,0
0.00731123,-0.32925,0.0878566,-0.654458,3.52358,-45033.5,-1,5.58569e-10,1,0
0.00731216,-0.328914,0.0876604,-0.654001,3.52495,-44981.8,-1,4.94345e-10,1,0
0.00731301,-0.329164,0.0885014,-0.654085,3.52567,-45010.7,-1,7.59665e-10,1,0
0.00731546,-0.330645,0.0885065,-0.652071,3.52557,-45198.1,-1,2.31897e-10,1,0
0.00731713,-0.329619,0.087211,-0.651217,3.52626,-45047.6,-1,1.86009e-09,1,0
0.007318,-0.329442,0.0867317,-0.652039,3.52627,-45018.1,-1,1.86009e-09,1,0
0.00731937,-0.329205,0.086189,-0.652959,3.52531,-44977.2,-1,2.19648e-10,1,0
0.00732035,-0.329001,0.0858798,-0.651935,3.52441,-44943.3,-1,1.28863e-11,1,0
0.00732082,-0.328903,0.0857382,-0.65145,3.52626,-44927.1,-1,6.2506e-12,1,0
0.00732221,-0.329475,0.084415,-0.651755,3.52819,-44996.7,-1,1.48532e-09,1,0
0.00732246,-0.329486,0.0844318,-0.651711,3.52708,-44996.6,-1,6.08888e-11,1,0
0.00732266,-0.329569,0.084354,-0.6519,3.52859,-45006.8,-1,8.84944e-11,1,0
0.00732395,-0.330113,0.0838485,-0.653129,3.52798,-45073.1,-1,1.47344e-09,1,0
0.00732469,-0.330282,0.0833658,-0.652624,3.52897,-45091.6,-1,3.85289e-10,1,0
0.00732659,-0.331084,0.0846904,-0.653241,3.52988,-45189.4,-1,1.23522e-09,1,0
0.00732763,-0.332162,0.0851245,-0.653198,3.53211,-45330.1,-1,6.13267e-10,1,0
0.00732911,-0.331752,0.0835343,-0.653255,3.53209,-45265,-1,1.35971e-09,1,0
0.00733018,-0.331444,0.0836112,-0.65324,3.52936,-45216.4,-1,2.57814e-10,1,0
0.00733179,-0.331916,0.0834411,-0.653128,3.52787,-45270.7,-1,1.09062e-09,1,0
0.00733229,-0.332201,0.0838367,-0.6529,3.52844,-45306.5,-1,6.16009e-11,1,0
0.00733306,-0.332561,0.0838105,-0.653373,3.52781,-45350.9,-1,8.31784e-11,1,0
0.0073333,-0.332483,0.0836783,-0.65334,3.52488,-45338.9,-1,6.21333e-11,1,0
0.00733461,-0.331922,0.0823923,-0.653576,3.52508,-45254.2,-1,1.051e-10,1,0
0.00733522,-0.332241,0.0826913,-0.653836,3.5277,-45293.9,-1,1.1191e-10,1,0
0.00733586,-0.332552,0.0831965,-0.653863,3.52779,-45332.4,-1,3.42999e-10,1,0
0.00733619,-0.332545,0.0831388,-0.653843,3.52704,-45329.3,-1,1.91349e-10,1,0
0.00733676,-0.332377,0.0828586,-0.654317,3.53004,-45302.9,-1,5.13494e-10,1,0
0.00733783,-0.333271,0.082898,-0.65395,3.52784,-45418.2,-1,4.6363e-10,1,0
0.00733947,-0.334394,0.0831379,-0.653202,3.52813,-45561.1,-1,7.36418e-10,1,0
0.00734061,-0.334366,0.0831217,-0.652567,3.52818,-45550.2,-1,4.18369e-10,1,0
0.00734085,-0.334324,0.0828578,-0.652527,3.5273,-45542.9,-1,2.70183e-10,1,0
0.00734187,-0.334146,0.0817465,-0.652359,3.52722,-45512.4,-1,1.13792e-09,1,0
0.00734326,-0.334092,0.0801947,-0.652301,3.52658,-45496.4,-1,1.55379e-09,1,0
0.00734498,-0.334603,0.0804013,-0.653618,3.52547,-45555.3,-1,1.22584e-09,1,0
0.00734597,-0.334739,0.0804324,-0.654188,3.52514,-45567.7,-1,3.55458e-10,1,0
0.0073467,-0.335184,0.0804255,-0.653823,3.5269,-45623.7,-1,3.0737e-10,1,0
0.00734909,-0.336096,0.0809209,-0.651371,3.52685,-45733,-1,3.0737e-10,1,0
0.0073497,-0.336517,0.0809707,-0.651093,3.52533,-45786.4,-1,3.55388e-09,1,0
0.00735039,-0.337259,0.0809167,-0.651281,3.52556,-45883.1,-1,5.93701e-10,1,0
0.00735236,-0.337241,0.0802772,-0.650753,3.52681,-45868.4,-1,9.45418e-10,1,0
0.00735318,-0.336614,0.079868,-0.650222,3.52863,-45778.1,-1,1.44433e-09,1,0
0.00735435,-0.336068,0.0800752,-0.6492,3.52846,-45696.4,-1,9.34682e-10,1,0
0.00735494,-0.336141,0.0800101,-0.648558,3.52846,-45702.8,-1,9.34682e-10,1,0
0.0073554,-0.336192,0.0799451,-0.648067,3.5307,-45706.8,-1,1.60866e-11,1,0
0.0073559,-0.336375,0.0797224,-0.647725,3.52813,-45728.6,-1,4.20293e-11,1,0
0.00735746,-0.335473,0.079698,-0.649115,3.52853,-45596.3,-1,4.58504e-11,1,0
0.00735839,-0.335875,0.0803391,-0.648409,3.52949,-45645.2,-1,1.00432e-09,1,0
0.00735875,-0.336032,0.0805879,-0.648134,3.52859,-45664.2,-1,8.42968e-11,1,0
0.00736067,-0.336843,0.0808916,-0.648003,3.52605,-45762.6,-1,9.2766e-10,1,0
0.00736185,-0.336219,0.0818506,-0.648053,3.52521,-45670.4,-1,3.83557e-10,1,0
0.007364,-0.334543,0.0828487,-0.648471,3.5247,-45429.5,-1,5.24452e-10,1,0
0.00736477,-0.333932,0.0826868,-0.648571,3.52304,-45341.8,-1,2.14554e-10,1,0
0.00736553,-0.333206,0.0824273,-0.648273,3.52321,-45238.6,-1,2.26155e-10,1,0
0.00736671,-0.332033,0.0820867,-0.647915,3.523,-45072,-1,2.05471e-11,1,0
0.00736759,-0.332785,0.0825005,-0.648123,3.52103,-45168.8,-1,9.08184e-11,1,0
0.00736778,-0.33297,0.0824213,-0.648108,3.52158,-45192.8,-1,5.62964e-11,1,0
0.00736874,-0.332971,0.0821777,-0.647069,3.52108,-45186.9,-1,1.56664e-10,1,0
0.00736927,-0.332846,0.0823666,-0.646825,3.51974,-45166.7,-1,1.37087e-09,1,0
0.00737138,-0.332206,0.0820704,-0.645164,3.51736,-45067,-1,7.18401e-10,1,0
0.00737274,-0.331978,0.0821489,-0.644178,3.515,-45027.7,-1,1.85392e-10,1,0
0.00737461,-0.333307,0.0820299,-0.643818,3.51679,-45196.5,-1,7.77419e-10,1,0
0.00737549,-0.334229,0.0823088,-0.643996,3.5154,-45316.2,-1,1.37542e-09,1,0
0.00737631,-0.334963,0.0824441,-0.6442,3.51943,-45410.6,-1,1.77823e-10,1,0
0.00737755,-0.334491,0.0821187,-0.642948,3.51973,-45339.1,-1,1.37716e-09,1,0
0.00737955,-0.334952,0.0839744,-0.642451,3.51716,-45389.2,-1,1.96719e-09,1,0
0.00738009,-0.334779,0.0839977,-0.642488,3.51833,-45362.4,-1,2.53499e-10,1,0
0.00738139,-0.33415,0.0830499,-0.643379,3.51821,-45269.3,-1,9.91736e-10,1,0
0.00738213,-0.334253,0.0827046,-0.643975,3.51792,-45278.7,-1,6.13129e-10,1,0
0.00738253,-0.334065,0.082752,-0.644375,3.51803,-45250.8,-1,4.44985e-10,1,0
0.00738359,-0.333665,0.081875,-0.644943,3.51756,-45190.1,-1,1.14618e-09,1,0
0.007384,-0.333567,0.0821777,-0.645016,3.51945,-45174.3,-1,3.07179e-10,1,0
0.00738534,-0.333191,0.0818389,-0.646143,3.51972,-45115.2,-1,1.9976e-10,1,0
0.00738616,-0.332793,0.0815553,-0.646916,3.52011,-45056.3,-1,2.20714e-09,1,0
0.00738681,-0.332477,0.0813298,-0.647531,3.51535,-45009.5,-1,3.9978e-11,1,0
0.00738737,-0.332274,0.0812087,-0.648083,3.51402,-44978.7,-1,1.99918e-11,1,0
0.00738818,-0.332716,0.0812998,-0.648262,3.51384,-45033.6,-1,3.78921e-10,1,0
0.0073888,-0.332254,0.0811273,-0.648104,3.51532,-44967.2,-1,5.16207e-10,1,0
0.00738957,-0.331894,0.0804236,-0.648431,3.51525,-44913.8,-1,8.55539e-10,1,0
0.00738996,-0.331822,0.0803758,-0.648035,3.5167,-44901.7,-1,7.97943e-11,1,0
0.00739047,-0.331942,0.0805494,-0.647671,3.51639,-44914.9,-1,1.05608e-10,1,0
0.00739097,-0.33209,0.0809949,-0.647458,3.51405,-44931.8,-1,4.00118e-11,1,0
0.00739201,-0.332398,0.081199,-0.647037,3.51246,-44967.2,-1,8.17526e-10,1,0
0.00739281,-0.332782,0.0804783,-0.646698,3.51302,-45014.3,-1,8.84144e-10,1,0
0.00739354,-0.333228,0.0805382,-0.646319,3.51295,-45070.1,-1,3.19315e-10,1,0
0.00739453,-0.333584,0.0804159,-0.645291,3.51321,-45112.2,-1,1.59426e-09,1,0
0.00739538,-0.332748,0.0804663,-0.644847,3.51205,-44994,-1,6.24686e-10,1,0
0.00739624,-0.332388,0.0803397,-0.64474,3.50934,-44940.2,-1,7.45685e-11,1,0
0.00739779,-0.332857,0.0815759,-0.643638,3.50997,-44994.1,-1,1.72101e-09,1,0
0.00739978,-0.331795,0.0835189,-0.643597,3.51002,-44838.5,-1,1.72101e-09,1,0
0.00740196,-0.331368,0.0844225,-0.644801,3.50771,-44767.5,-1,1.67435e-10,1,0
0.00740293,-0.331864,0.0850683,-0.645491,3.50729,-44828.8,-1,1.06802e-09,1,0
0.00740392,-0.332473,0.0850448,-0.645481,3.5047,-44905,-1,1.48631e-10,1,0
0.00740566,-0.331694,0.0834729,-0.646267,3.50421,-44789.2,-1,8.21657e-10,1,0
0.00740621,-0.331528,0.0833756,-0.646502,3.50259,-44763.6,-1,2.11328e-10,1,0
0.00740634,-0.331471,0.0834065,-0.64657,3.49943,-44755.1,-1,6.70993e-11,1,0
0.00740801,-0.329783,0.0841769,-0.646633,3.49952,-44517.1,-1,6.70993e-11,1,0
0.00740846,-0.329326,0.0843859,-0.64665,3.5008,-44452.6,-1,2.43527e-09,1,0
0.00740918,-0.329084,0.0839699,-0.647071,3.50031,-44415.7,-1,1.56825e-10,1,0
0.00741,-0.329623,0.0842517,-0.647736,3.50043,-44483.6,-1,2.23645e-10,1,0
0.0074101,-0.329674,0.0843585,-0.647713,3.50043,-44489.8,-1,2.23645e-10,1,0
0.0074106,-0.329834,0.0843557,-0.647982,3.50071,-44508.4,-1,3.57405e-10,1,0
0.0074123,-0.329753,0.0834213,-0.648938,3.49986,-44487.3,-1,4.94424e-10,1,0
0.00741376,-0.329135,0.0822507,-0.64986,3.49989,-44395.2,-1,4.94424e-10,1,0
0.00741508,-0.328605,0.0816375,-0.651015,3.4992,-44315.8,-1,3.54866e-09,1,0
0.00741691,-0.327904,0.0811538,-0.65285,3.4998,-44210.3,-1,4.27677e-10,1,0
0.00741759,-0.328539,0.0809242,-0.653197,3.50015,-44291.9,-1,7.59355e-10,1,0
0.00741892,-0.328912,0.0797792,-0.653706,3.49762,-44334.3,-1,1.27711e-09,1,0
0.00742188,-0.329589,0.0794164,-0.653192,3.49636,-44407.8,-1,7.03156e-10,1,0
0.00742337,-0.330126,0.0791383,-0.651755,3.49934,-44471.1,-1,1.29271e-09,1,0
0.00742483,-0.330776,0.0787206,-0.650336,3.49931,-44550,-1,1.29271e-09,1,0
0.00742545,-0.331055,0.0785414,-0.649727,3.49929,-44583.8,-1,1.29271e-09,1,0
0.00742675,-0.331326,0.0796582,-0.648966,3.4996,-44612.4,-1,1.2926e-09,1,0
0.00742761,-0.332006,0.0800837,-0.649135,3.5033,-44698.9,-1,8.22797e-10,1,0
0.00742884,-0.333014,0.0803079,-0.648232,3.50325,-44827.2,-1,8.22797e-10,1,0
0.00742959,-0.333625,0.0804438,-0.647684,3.50237,-44904.9,-1,6.59189e-10,1,0
0.00743137,-0.333194,0.0790003,-0.646415,3.50289,-44836.2,-1,1.07053e-10,1,0
0.00743231,-0.33298,0.0782059,-0.645808,3.50192,-44801.7,-1,1.07431e-10,1,0
0.00743304,-0.332542,0.0781324,-0.645518,3.50156,-44738.3,-1,1.67867e-10,1,0
0.00743406,-0.331556,0.0782445,-0.644968,3.50107,-44599.5,-1,3.42307e-10,1,0
0.00743438,-0.331302,0.0780648,-0.644829,3.49773,-44563.4,-1,7.75506e-11,1,0
0.00743513,-0.330685,0.0781712,-0.644278,3.49622,-44476.1,-1,8.33068e-10,1,0
0.00743563,-0.330764,0.0778112,-0.643869,3.49447,-44483.6,-1,9.57267e-11,1,0
0.0074372,-0.331576,0.0771254,-0.642489,3.49741,-44583.4,-1,4.49741e-10,1,0
0.00743905,-0.332531,0.076319,-0.640865,3.49686,-44700.7,-1,2.04854e-09,1,0
0.00744027,-0.332926,0.0757447,-0.640148,3.49144,-44746.5,-1,2.47451e-10,1,0
0.00744269,-0.332631,0.078326,-0.639494,3.49146,-44692.4,-1,2.47451e-10,1,0
0.00744305,-0.332692,0.078568,-0.639304,3.49058,-44698.3,-1,2.92605e-09,1,0
0.00744438,-0.333507,0.0786056,-0.638087,3.48991,-44799.9,-1,1.62218e-09,1,0
0.00744674,-0.334658,0.0802268,-0.636924,3.48968,-44940.2,-1,1.32864e-09,1,0
0.00744813,-0.335432,0.0806989,-0.635681,3.48978,-45035.7,-1,2.39385e-10,1,0
0.00744948,-0.334994,0.0801053,-0.636894,3.49038,-44968.8,-1,7.66376e-11,1,0
0.00745031,-0.335513,0.0808562,-0.636833,3.49234,-45033.4,-1,4.47314e-10,1,0
0.00745082,-0.335172,0.0804318,-0.636995,3.49402,-44984.6,-1,5.67541e-10,1,0
0.00745332,-0.33656,0.0793936,-0.636448,3.49356,-45155.7,-1,2.2227e-09,1,0
0.00745416,-0.335818,0.0791354,-0.636265,3.49395,-45051.1,-1,8.75061e-10,1,0
0.00745504,-0.335175,0.0795459,-0.636612,3.49465,-44959.5,-1,7.64424e-10,1,0
0.00745534,-0.334984,0.0797568,-0.636715,3.49431,-44932,-1,1.07363e-09,1,0
0.00745621,-0.334246,0.0797473,-0.636782,3.49348,-44827.9,-1,3.01336e-10,1,0
0.00745875,-0.332656,0.0782959,-0.638595,3.49296,-44599.5,-1,2.81429e-09,1,0
0.00745943,-0.332406,0.0784105,-0.638823,3.4959,-44561.8,-1,2.62361e-10,1,0
0.00746012,-0.332529,0.0786731,-0.639517,3.49592,-44574.2,-1,2.42159e-10,1,0
0.0074606,-0.332562,0.0788447,-0.640026,3.49432,-44575.7,-1,2.96559e-10,1,0
0.00746098,-0.332587,0.0789784,-0.640423,3.49431,-44576.9,-1,2.96559e-10,1,0
0.00746259,-0.332372,0.0778973,-0.639956,3.49088,-44538.5,-1,1.29243e-09,1,0
0.00746407,-0.33174,0.0778059,-0.639037,3.49169,-44444.9,-1,1.07843e-10,1,0
0.00746483,-0.331525,0.0773465,-0.639105,3.491,-44411.7,-1,5.24591e-10,1,0
0.00746652,-0.332622,0.0779106,-0.637944,3.48911,-44548.4,-1,1.29259e-09,1,0
0.00746749,-0.332766,0.0787288,-0.637269,3.49072,-44561.9,-1,1.66024e-09,1,0
0.00746819,-0.332643,0.0786585,-0.636969,3.49063,-44541.3,-1,4.17559e-10,1,0
0.00746871,-0.332298,0.0790934,-0.636835,3.4891,-44492.1,-1,9.31025e-10,1,0
0.00747023,-0.332864,0.0806659,-0.636605,3.48859,-44558.7,-1,8.58266e-10,1,0
0.00747101,-0.333004,0.0812165,-0.636192,3.48909,-44572.9,-1,2.54387e-10,1,0
0.00747216,-0.333377,0.0819041,-0.637038,3.4894,-44615.9,-1,6.59621e-10,1,0
0.0074731,-0.333893,0.0821376,-0.637912,3.48889,-44679.3,-1,6.47591e-10,1,0
0.00747542,-0.333097,0.0806971,-0.638498,3.4914,-44558.9,-1,8.04015e-10,1,0
0.00747565,-0.333054,0.0805302,-0.638437,3.49075,-44551.9,-1,6.77526e-11,1,0
0.00747709,-0.331946,0.0813309,-0.638559,3.49252,-44395,-1,8.39328e-10,1,0
0.00747833,-0.332408,0.0819495,-0.63895,3.49094,-44449.5,-1,1.0577e-09,1,0
0.00747923,-0.333125,0.0824685,-0.639413,3.49185,-44540,-1,8.78716e-11,1,0
0.00748055,-0.33417,0.0832249,-0.640088,3.49163,-44671.9,-1,1.45571e-09,1,0
0.00748107,-0.334574,0.0836005,-0.640279,3.49161,-44722.8,-1,1.45571e-09,1,0
0.00748123,-0.334692,0.0837101,-0.640335,3.49161,-44737.6,-1,1.45571e-09,1,0
0.00748203,-0.335401,0.0840727,-0.640577,3.49137,-44827.5,-1,2.17985e-10,1,0
0.007483,-0.336463,0.0840259,-0.640754,3.49132,-44963.6,-1,2.17985e-10,1,0
0.00748393,-0.337477,0.0839812,-0.640923,3.49088,-45093.6,-1,2.19715e-09,1,0
0.00748495,-0.336572,0.0835666,-0.640388,3.49043,-44966.5,-1,6.01733e-11,1,0
0.00748631,-0.336935,0.083116,-0.640016,3.48938,-45006.8,-1,2.32671e-10,1,0
0.00748716,-0.336724,0.0827563,-0.640185,3.49041,-44973.6,-1,2.72348e-10,1,0
0.0074881,-0.337227,0.0822539,-0.640737,3.49031,-45035.1,-1,9.1232e-10,1,0
0.00748917,-0.336589,0.0816312,-0.64095,3.4889,-44943.5,-1,1.04052e-09,1,0
0.00748963,-0.336571,0.0816937,-0.641463,3.48799,-44938.2,-1,7.89956e-10,1,0
0.00749078,-0.336525,0.0818466,-0.642719,3.48799,-44925.3,-1,7.89956e-10,1,0
0.00749193,-0.336639,0.0816869,-0.643145,3.48589,-44933.5,-1,2.96522e-10,1,0
0.00749277,-0.335818,0.0818518,-0.643055,3.48373,-44819,-1,3.64169e-10,1,0
0.00749399,-0.335803,0.0818431,-0.643859,3.48519,-44809.6,-1,3.06009e-10,1,0
0.00749514,-0.33682,0.0825494,-0.643652,3.48506,-44938.5,-1,1.24718e-09,1,0
0.00749591,-0.337211,0.0818299,-0.643834,3.48545,-44986,-1,7.84293e-10,1,0
0.00749699,-0.337241,0.080994,-0.644064,3.48431,-44983.5,-1,5.33619e-10,1,0
0.00749813,-0.336879,0.0815944,-0.644018,3.48559,-44928.4,-1,7.9564e-10,1,0
0.00749951,-0.336948,0.0830542,-0.643567,3.48586,-44929.3,-1,2.32163e-09,1,0
0.0075015,-0.337694,0.083332,-0.64151,3.48582,-45016.9,-1,2.32163e-09,1,0
0.00750251,-0.337632,0.0834104,-0.640764,3.48672,-45002.6,-1,1.56251e-10,1,0
0.00750382,-0.339043,0.0834707,-0.640426,3.48819,-45182.8,-1,1.45262e-09,1,0
0.00750482,-0.339924,0.0832645,-0.640117,3.48415,-45294.1,-1,1.97168e-10,1,0
0.00750631,-0.338548,0.0827816,-0.640892,3.48459,-45101.8,-1,1.65216e-09,1,0
0.00750866,-0.337504,0.0821777,-0.643189,3.48385,-44948.7,-1,2.59428e-09,1,0
0.00751001,-0.336901,0.0818288,-0.644517,3.48326,-44860.3,-1,1.49911e-09,1,0
0.00751098,-0.337344,0.0821144,-0.645173,3.48342,-44913.4,-1,4.60932e-10,1,0
0.00751296,-0.339284,0.0825024,-0.646124,3.48361,-45159.7,-1,1.72621e-09,1,0
0.00751386,-0.340009,0.0823825,-0.646563,3.48388,-45250.9,-1,3.04755e-10,1,0
0.00751438,-0.339669,0.0820378,-0.646792,3.48479,-45202.5,-1,1.34888e-10,1,0
0.00751668,-0.33972,0.0808034,-0.647804,3.48851,-45195.5,-1,1.05365e-09,1,0
0.0075179,-0.339102,0.0803142,-0.646705,3.49095,-45105.9,-1,1.48728e-09,1,0
0.00751833,-0.338881,0.0801398,-0.646313,3.49266,-45074,-1,5.42095e-10,1,0
0.0075204,-0.337834,0.079311,-0.644452,3.49271,-44922.3,-1,5.42095e-10,1,0
0.00752074,-0.337666,0.0791798,-0.644146,3.48991,-44897.9,-1,7.0265e-12,1,0
0.00752163,-0.338115,0.0785425,-0.644752,3.4895,-44952.3,-1,9.87487e-10,1,0
0.00752268,-0.338414,0.0777853,-0.645222,3.48751,-44985.9,-1,9.02448e-10,1,0
0.00752349,-0.338353,0.077627,-0.645763,3.48534,-44972.9,-1,4.79417e-10,1,0
0.00752398,-0.338259,0.0778876,-0.645299,3.4857,-44957.5,-1,5.6371e-11,1,0
0.00752473,-0.338657,0.0778494,-0.64472,3.48462,-45005.8,-1,5.86947e-10,1,0
0.00752509,-0.339011,0.0778899,-0.6449,3.48543,-45050.7,-1,1.20995e-10,1,0
0.00752615,-0.338324,0.0781777,-0.644817,3.48433,-44953.1,-1,9.47875e-10,1,0
0.00752678,-0.337676,0.0783702,-0.644681,3.48426,-44863.2,-1,1.99346e-10,1,0
0.00752739,-0.337042,0.0785583,-0.644549,3.48518,-44775.4,-1,1.16475e-09,1,0
0.00752881,-0.337452,0.0782791,-0.64305,3.48516,-44821.4,-1,1.16475e-09,1,0
0.00752964,-0.337693,0.0778894,-0.643066,3.48262,-44848.4,-1,1.97317e-09,1,0
0.00753057,-0.337966,0.077259,-0.643834,3.48229,-44879.2,-1,1.24519e-09,1,0
0.00753172,-0.338302,0.0764817,-0.644781,3.48304,-44917,-1,5.95688e-10,1,0
0.00753295,-0.338663,0.0756497,-0.645795,3.48302,-44957.5,-1,5.95688e-10,1,0
0.00753408,-0.338947,0.0749467,-0.646646,3.48349,-44988.5,-1,3.1132e-09,1,0
0.00753463,-0.339023,0.0748308,-0.646216,3.486,-44995.3,-1,2.56666e-10,1,0
0.00753592,-0.339705,0.073731,-0.645697,3.48609,-45078.1,-1,7.05719e-10,1,0
0.00753739,-0.33989,0.074507,-0.645819,3.48364,-45093.8,-1,2.59838e-10,1,0
0.0075389,-0.339737,0.076099,-0.646309,3.48326,-45064.6,-1,2.72678e-09,1,0
0.00754073,-0.339703,0.0778778,-0.646813,3.48587,-45049,-1,1.96964e-09,1,0
0.00754183,-0.340839,0.0777439,-0.646404,3.48582,-45193.1,-1,1.96964e-09,1,0
0.00754361,-0.34198,0.0774208,-0.645731,3.48585,-45333.7,-1,2.93858e-09,1,0
0.00754454,-0.341103,0.077029,-0.645359,3.48562,-45211.9,-1,1.42223e-09,1,0
0.00754568,-0.339903,0.0766444,-0.645218,3.48538,-45046.1,-1,4.76569e-10,1,0
0.0075468,-0.339468,0.0764666,-0.64476,3.48345,-44981.8,-1,5.86569e-10,1,0
0.00754804,-0.34027,0.0765786,-0.643691,3.48339,-45080.6,-1,1.80656e-09,1,0
0.00754975,-0.340577,0.0757698,-0.644182,3.482,-45111,-1,9.92921e-10,1,0
0.00755172,-0.341768,0.0755119,-0.645994,3.48194,-45257,-1,9.92921e-10,1,0
0.00755356,-0.340758,0.0752257,-0.647407,3.47839,-45112.2,-1,4.75533e-10,1,0
0.00755462,-0.341372,0.0751871,-0.646579,3.48094,-45187.2,-1,7.17053e-10,1,0
0.00755494,-0.341529,0.0750752,-0.646308,3.4806,-45206,-1,9.46858e-11,1,0
0.00755533,-0.341717,0.075056,-0.64669,3.48313,-45228.7,-1,4.26667e-10,1,0
0.00755674,-0.340853,0.0763243,-0.647001,3.48417,-45105.8,-1,4.51935e-10,1,0
0.00755873,-0.339636,0.0781079,-0.647437,3.48423,-44933,-1,4.51935e-10,1,0
0.00756003,-0.338842,0.0792727,-0.647723,3.48278,-44820.2,-1,2.63274e-09,1,0
0.00756075,-0.3384,0.0799207,-0.647881,3.48355,-44757.5,-1,1.42178e-09,1,0
0.00756167,-0.337837,0.0807464,-0.648084,3.48357,-44677.6,-1,1.42178e-09,1,0
0.00756253,-0.337927,0.0810129,-0.64825,3.48067,-44684.4,-1,1.93614e-09,1,0
0.00756312,-0.338524,0.0807594,-0.648345,3.47974,-44759.8,-1,1.0752e-09,1,0
0.0075634,-0.338414,0.0807929,-0.64852,3.47756,-44743.6,-1,2.17106e-10,1,0
0.00756448,-0.338349,0.0808999,-0.647854,3.47401,-44728.7,-1,8.9753e-11,1,0
0.00756509,-0.337921,0.08115,-0.648138,3.47265,-44668.5,-1,1.41395e-10,1,0
0.00756652,-0.338633,0.080737,-0.647909,3.4715,-44754.1,-1,5.45783e-10,1,0
0.00756757,-0.337948,0.0805455,-0.648292,3.46979,-44657.4,-1,3.80129e-10,1,0
0.00756886,-0.338724,0.0805129,-0.647494,3.46848,-44752.3,-1,1.23033e-09,1,0
0.00756937,-0.338965,0.0805922,-0.647344,3.46706,-44781.1,-1,1.81075e-10,1,0
0.00757051,-0.33912,0.0812156,-0.64626,3.46342,-44794.9,-1,1.2602e-09,1,0
0.00757169,-0.338674,0.0799983,-0.646381,3.46345,-44729,-1,1.2602e-09,1,0
0.00757278,-0.338291,0.0792813,-0.645855,3.46244,-44672,-1,1.86609e-09,1,0
0.00757415,-0.33784,0.0788284,-0.644476,3.46075,-44604.3,-1,2.27714e-10,1,0
0.00757508,-0.338468,0.0783877,-0.645147,3.46014,-44681.7,-1,2.49143e-12,1,0
0.0075765,-0.337757,0.0777568,-0.646005,3.45999,-44579.5,-1,1.29297e-09,1,0
0.00757771,-0.337134,0.0771804,-0.647045,3.46002,-44490.2,-1,1.29297e-09,1,0
0.00757854,-0.336857,0.0767354,-0.647746,3.45919,-44448.8,-1,4.4493e-11,1,0
0.00757927,-0.336999,0.0762148,-0.648335,3.46142,-44463.3,-1,5.02388e-10,1,0
0.0075815,-0.335902,0.0742741,-0.648192,3.46158,-44305.4,-1,2.09978e-09,1,0
0.00758288,-0.335723,0.0731579,-0.647239,3.46226,-44273.8,-1,1.33345e-09,1,0
0.00758465,-0.336824,0.0725424,-0.646492,3.4624,-44408.7,-1,1.14246e-09,1,0
0.00758503,-0.337166,0.0723093,-0.646439,3.46158,-44451.5,-1,6.39465e-10,1,0
0.00758687,-0.338548,0.0718434,-0.645661,3.45956,-44622.8,-1,1.29391e-09,1,0
0.00758822,-0.338304,0.0710443,-0.646398,3.46123,-44582.9,-1,9.36053e-10,1,0
0.0075896,-0.33874,0.0709183,-0.645365,3.46222,-44632.2,-1,1.29253e-09,1,0
0.00759039,-0.338798,0.070653,-0.645156,3.4589,-44635.1,-1,5.67016e-10,1,0
0.00759118,-0.33883,0.0713758,-0.645653,3.4589,-44634.6,-1,5.67016e-10,1,0
0.00759234,-0.338877,0.072367,-0.646425,3.45921,-44634.1,-1,9.71968e-10,1,0
0.00759365,-0.339517,0.0733474,-0.647273,3.45464,-44710.7,-1,2.73582e-10,1,0
0.00759467,-0.340017,0.0741127,-0.647935,3.45534,-44770.4,-1,1.64255e-09,1,0
0.0075953,-0.340218,0.0740945,-0.64818,3.45289,-44793.3,-1,5.1967e-11,1,0
0.00759631,-0.340421,0.0730109,-0.648208,3.45774,-44814,-1,3.69865e-10,1,0
0.00759712,-0.339959,0.0735937,-0.648701,3.45945,-44748.4,-1,5.79405e-10,1,0
0.00759918,-0.339465,0.0746285,-0.649733,3.4602,-44671.3,-1,7.68135e-10,1,0
0.00759957,-0.339333,0.074445,-0.649851,3.46133,-44651.6,-1,1.29829e-09,1,0
0.00760064,-0.33864,0.0734833,-0.649872,3.46136,-44554.1,-1,1.29829e-09,1,0
0.00760209,-0.339681,0.0738015,-0.649019,3.46101,-44682.6,-1,1.29248e-09,1,0
0.0076027,-0.339986,0.0733214,-0.648662,3.46089,-44719.1,-1,2.55613e-10,1,0
0.00760328,-0.340282,0.072857,-0.648332,3.45686,-44754.6,-1,7.18761e-11,1,0
0.00760408,-0.340947,0.072337,-0.648579,3.45682,-44837.4,-1,7.18761e-11,1,0
0.00760595,-0.342474,0.0711173,-0.64891,3.45542,-45027,-1,2.62205e-09,1,0
0.00760808,-0.343987,0.0697446,-0.647754,3.45396,-45213.4,-1,1.70487e-09,1,0
0.00761049,-0.345699,0.0681921,-0.646447,3.45789,-45424,-1,3.62224e-09,1,0
0.00761289,-0.346727,0.070626,-0.646534,3.46281,-45544.8,-1,2.64382e-09,1,0
0.00761409,-0.346182,0.0694378,-0.646314,3.46383,-45466,-1,2.67474e-10,1,0
0.00761447,-0.345832,0.0696013,-0.646475,3.46247,-45417.8,-1,2.00234e-10,1,0
0.00761626,-0.346531,0.0689884,-0.644721,3.46343,-45498.8,-1,1.29228e-09,1,0
0.00761727,-0.347108,0.0687366,-0.643996,3.46375,-45568.6,-1,1.51705e-09,1,0
0.0076187,-0.348693,0.0687516,-0.644017,3.46686,-45768,-1,5.18164e-10,1,0
0.00762008,-0.347965,0.0697716,-0.644875,3.46742,-45664.3,-1,4.93353e-10,1,0
0.00762086,-0.347972,0.070136,-0.644756,3.46545,-45660.5,-1,4.28657e-10,1,0
0.00762208,-0.348827,0.0704616,-0.643948,3.46607,-45765.3,-1,4.25547e-10,1,0
0.00762354,-0.348329,0.069855,-0.64365,3.46619,-45691.2,-1,4.15817e-10,1,0
0.00762534,-0.347636,0.0703542,-0.642642,3.46676,-45589.6,-1,1.29267e-09,1,0
0.00762627,-0.347072,0.071132,-0.642362,3.46739,-45510.1,-1,2.36664e-11,1,0
0.00762789,-0.346497,0.071612,-0.640736,3.46741,-45424.9,-1,2.36664e-11,1,0
0.00762891,-0.346136,0.0719131,-0.639716,3.46743,-45371.6,-1,2.36664e-11,1,0
0.00763024,-0.345452,0.0722948,-0.639665,3.4667,-45274,-1,9.60787e-10,1,0
0.00763288,-0.345048,0.0714057,-0.638922,3.46662,-45205.5,-1,1.62147e-09,1,0
0.00763311,-0.345065,0.0715269,-0.638695,3.46661,-45206.3,-1,1.62147e-09,1,0
0.00763433,-0.344592,0.0717763,-0.637726,3.46781,-45137.1,-1,6.67363e-10,1,0
0.00763488,-0.345003,0.0715531,-0.637421,3.46602,-45187.7,-1,5.72907e-10,1,0
0.007636,-0.345178,0.0720856,-0.637299,3.46412,-45204.1,-1,7.59934e-10,1,0
0.00763671,-0.345331,0.0714269,-0.637703,3.46473,-45219.8,-1,7.87688e-10,1,0
0.00763716,-0.345425,0.0710169,-0.637955,3.46483,-45229.6,-1,4.9036e-10,1,0
0.00763825,-0.345126,0.0707348,-0.636819,3.46435,-45183.9,-1,1.20805e-09,1,0
0.00763962,-0.344578,0.0720114,-0.636771,3.46513,-45104.1,-1,1.04777e-10,1,0
0.00764116,-0.343943,0.0735915,-0.636833,3.46734,-45011.9,-1,3.1069e-09,1,0
0.00764315,-0.344207,0.0738508,-0.637225,3.46984,-45034.7,-1,1.29279e-09,1,0
0.00764402,-0.344371,0.073186,-0.637908,3.46922,-45051,-1,8.47964e-10,1,0
0.00764419,-0.344402,0.07306,-0.638037,3.47177,-45054.1,-1,3.01928e-10,1,0
0.0076452,-0.343427,0.0735527,-0.638293,3.47219,-44920.6,-1,1.01816e-09,1,0
0.00764634,-0.342336,0.0741044,-0.63858,3.4713,-44771.2,-1,4.94042e-10,1,0
0.00764697,-0.342812,0.0737506,-0.638379,3.46951,-44829.9,-1,6.59423e-10,1,0
0.00764861,-0.342505,0.0722852,-0.639339,3.47136,-44780.1,-1,3.35718e-10,1,0
0.00765021,-0.3411,0.072021,-0.638366,3.47208,-44587,-1,1.13349e-09,1,0
0.0076513,-0.340788,0.0720058,-0.63849,3.47367,-44539.9,-1,5.49687e-10,1,0
0.00765324,-0.339462,0.0725915,-0.637709,3.47236,-44355.3,-1,9.32889e-10,1,0
0.00765424,-0.339012,0.0717124,-0.637334,3.4712,-44290.7,-1,1.34646e-09,1,0
0.00765568,-0.339343,0.0716367,-0.636806,3.47032,-44325.6,-1,2.13007e-10,1,0
0.00765588,-0.339389,0.0717942,-0.636671,3.46955,-44330.4,-1,1.54956e-11,1,0
0.00765771,-0.338699,0.0727128,-0.635797,3.46837,-44229.8,-1,1.23059e-09,1,0
0.00765803,-0.338363,0.0727599,-0.635701,3.46838,-44184.1,-1,1.23059e-09,1,0
0.00765964,-0.336693,0.0728715,-0.635848,3.4698,-43956.7,-1,9.77948e-10,1,0
0.00766023,-0.337139,0.0727569,-0.636284,3.46952,-44011.6,-1,2.16208e-10,1,0
0.00766085,-0.336916,0.0722188,-0.636301,3.46985,-43978.9,-1,5.9249e-10,1,0
0.00766171,-0.336936,0.0724213,-0.636124,3.47048,-43976.6,-1,4.98847e-10,1,0
0.00766314,-0.336234,0.0726701,-0.635141,3.47257,-43876.8,-1,1.22474e-09,1,0
0.00766393,-0.335822,0.0730371,-0.634558,3.4722,-43818.5,-1,3.67679e-10,1,0
0.00766543,-0.334922,0.0741915,-0.633765,3.47179,-43692.6,-1,2.17314e-09,1,0
0.00766581,-0.33491,0.0744054,-0.633903,3.47166,-43688.8,-1,1.11363e-10,1,0
0.00766738,-0.33426,0.0739758,-0.632345,3.47101,-43595,-1,1.76244e-09,1,0
0.00766818,-0.334052,0.0748276,-0.632307,3.47066,-43563.4,-1,7.73005e-10,1,0
0.00766951,-0.333702,0.0762616,-0.632244,3.47015,-43510.2,-1,1.47748e-09,1,0
0.00767202,-0.335248,0.0739676,-0.63238,3.46984,-43697.5,-1,2.76951e-09,1,0
0.00767296,-0.335828,0.0731057,-0.632431,3.46981,-43767.8,-1,2.76951e-09,1,0
0.00767481,-0.33631,0.0719622,-0.632322,3.46929,-43820,-1,2.36272e-10,1,0
0.00767503,-0.336139,0.0719478,-0.632162,3.47106,-43796.5,-1,8.83574e-12,1,0
0.00767682,-0.33623,0.0719497,-0.630186,3.47105,-43798.1,-1,8.83574e-12,1,0
0.00767758,-0.336268,0.0719505,-0.629348,3.47036,-43798.8,-1,2.81749e-09,1,0
0.00768005,-0.334696,0.071472,-0.629526,3.4696,-43579.9,-1,1.29243e-09,1,0
0.00768125,-0.334748,0.0703739,-0.629092,3.46815,-43579.9,-1,6.7945e-10,1,0
0.00768205,-0.334555,0.0697278,-0.628506,3.46816,-43550.2,-1,6.7945e-10,1,0
0.00768269,-0.334513,0.0699063,-0.627943,3.46869,-43541.1,-1,3.92619e-10,1,0
0.00768373,-0.334646,0.0704247,-0.627027,3.46994,-43552.6,-1,1.73268e-10,1,0
0.00768575,-0.334658,0.0687112,-0.627001,3.47064,-43542.6,-1,7.48261e-11,1,0
0.00768695,-0.334967,0.0695784,-0.626042,3.47044,-43576.1,-1,1.32934e-09,1,0
0.00768858,-0.334718,0.0711862,-0.6254,3.47,-43534.4,-1,1.61313e-09,1,0
0.00768895,-0.334516,0.0712173,-0.625599,3.47043,-43506.1,-1,6.45644e-11,1,0
0.00769014,-0.334258,0.0718237,-0.624766,3.46978,-43465.7,-1,3.29422e-10,1,0
0.00769048,-0.334311,0.0715707,-0.624851,3.46964,-43470.8,-1,2.92105e-11,1,0
0.00769229,-0.33469,0.0700926,-0.626011,3.46905,-43509.8,-1,1.75656e-09,1,0
0.00769298,-0.334959,0.0697927,-0.626648,3.46881,-43540.9,-1,1.3089e-09,1,0
0.00769352,-0.334434,0.0695295,-0.626771,3.46883,-43469.6,-1,1.3089e-09,1,0
0.00769501,-0.333337,0.0693061,-0.626968,3.46734,-43318.7,-1,1.89256e-09,1,0
0.00769631,-0.333477,0.0707127,-0.626691,3.4671,-43329.4,-1,1.79228e-09,1,0
0.00769694,-0.333879,0.0704504,-0.626737,3.46617,-43378.2,-1,1.31886e-10,1,0
0.00769848,-0.332732,0.0699942,-0.627245,3.46408,-43220.4,-1,1.48023e-09,1,0
0.00769973,-0.333052,0.0701684,-0.625911,3.46573,-43255.1,-1,2.26226e-10,1,0
0.00770209,-0.333432,0.0692525,-0.625566,3.46584,-43291.1,-1,2.30227e-10,1,0
0.00770235,-0.333693,0.069342,-0.625651,3.46582,-43323.5,-1,2.30227e-10,1,0
0.00770479,-0.336132,0.0701789,-0.626443,3.4657,-43626.4,-1,2.30227e-10,1,0
0.00770639,-0.337732,0.0707278,-0.626962,3.46562,-43824.9,-1,2.30227e-10,1,0
0.00770735,-0.338689,0.0710561,-0.627273,3.46502,-43943.6,-1,5.81375e-09,1,0
0.00770842,-0.339758,0.0714228,-0.62762,3.4645,-44076.2,-1,5.61416e-10,1,0
0.00770895,-0.340183,0.0717902,-0.62748,3.46471,-44128.3,-1,5.23187e-10,1,0
0.00771037,-0.341159,0.0730065,-0.627651,3.46369,-44246.7,-1,1.62035e-09,1,0
0.00771224,-0.341777,0.0736003,-0.629366,3.46299,-44316.2,-1,1.55878e-09,1,0
0.00771337,-0.342033,0.0735495,-0.62869,3.46016,-44342.9,-1,4.63257e-11,1,0
0.00771454,-0.34251,0.0733493,-0.627637,3.45991,-44398,-1,1.5558e-09,1,0
0.00771555,-0.343277,0.0735254,-0.626926,3.45962,-44491.5,-1,1.17097e-10,1,0
0.00771751,-0.343763,0.0755449,-0.626337,3.4608,-44543.2,-1,2.1591e-09,1,0
0.00771837,-0.343397,0.0750573,-0.625821,3.461,-44490.8,-1,7.55663e-10,1,0
0.00771922,-0.342463,0.0750861,-0.62596,3.46096,-44365,-1,1.13408e-09,1,0
0.00771999,-0.34318,0.075448,-0.626222,3.4576,-44453.4,-1,8.44574e-10,1,0
0.00772055,-0.342935,0.0749975,-0.626576,3.45762,-44418.5,-1,8.44574e-10,1,0
0.00772214,-0.342247,0.0737285,-0.627575,3.45765,-44320.2,-1,8.44574e-10,1,0
0.00772315,-0.341811,0.0729241,-0.628209,3.45721,-44258,-1,3.25842e-09,1,0
0.00772443,-0.340785,0.0727364,-0.629134,3.4577,-44117.8,-1,3.06119e-10,1,0
0.00772472,-0.340917,0.0726711,-0.629241,3.45792,-44133.2,-1,1.01601e-10,1,0
0.0077257,-0.341993,0.0726175,-0.629332,3.462,-44267,-1,8.2399e-10,1,0
0.00772713,-0.34356,0.0725396,-0.629464,3.46153,-44461.5,-1,2.81597e-10,1,0
0.00772795,-0.344462,0.0724947,-0.629541,3.46042,-44573.6,-1,4.20325e-10,1,0
0.00772842,-0.344179,0.0724458,-0.629774,3.45884,-44534.2,-1,4.16494e-10,1,0
0.00773011,-0.343548,0.0732653,-0.628385,3.45698,-44442.8,-1,1.05462e-10,1,0
0.00773171,-0.342136,0.0727818,-0.629335,3.45722,-44251,-1,1.01081e-09,1,0
0.00773306,-0.340947,0.0723745,-0.630135,3.45687,-44089.5,-1,2.24824e-09,1,0
0.00773371,-0.340934,0.0717985,-0.630532,3.45717,-44084.1,-1,4.32666e-10,1,0
0.00773542,-0.341073,0.0702848,-0.631643,3.45739,-44092.4,-1,7.72251e-10,1,0
0.00773754,-0.341196,0.0683547,-0.632217,3.45558,-44096.2,-1,4.52365e-10,1,0
0.00773883,-0.340902,0.0680828,-0.632864,3.45698,-44050.8,-1,6.56728e-10,1,0
0.00773972,-0.340629,0.0676872,-0.632738,3.45518,-44010.6,-1,3.57868e-10,1,0
0.00774114,-0.339531,0.0672067,-0.631751,3.45483,-43860.6,-1,7.14233e-10,1,0
0.00774201,-0.338921,0.0678045,-0.631352,3.45695,-43776.8,-1,9.25667e-10,1,0
0.00774306,-0.338646,0.0686888,-0.630815,3.45657,-43735.4,-1,2.72794e-10,1,0
0.00774332,-0.338662,0.0688011,-0.630545,3.45657,-43736.1,-1,2.72794e-10,1,0
0.00774487,-0.338757,0.0694538,-0.628973,3.45657,-43739.6,-1,2.72794e-10,1,0
0.00774533,-0.338855,0.0695157,-0.628548,3.4541,-43749.6,-1,1.39011e-10,1,0
0.00774625,-0.339651,0.0693194,-0.628187,3.45319,-43847.2,-1,4.71e-10,1,0
0.00774825,-0.338981,0.0703371,-0.628429,3.45239,-43749.3,-1,1.2925e-09,1,0
0.00774884,-0.33856,0.0701349,-0.628563,3.45371,-43691.7,-1,3.69576e-10,1,0
0.00774958,-0.338426,0.0698026,-0.62864,3.45644,-43670.2,-1,5.69814e-11,1,0
0.00775029,-0.338633,0.0705159,-0.628406,3.45691,-43693,-1,1.24338e-10,1,0
0.00775224,-0.339209,0.0724896,-0.627759,3.45531,-43756.2,-1,1.86532e-09,1,0
0.0077533,-0.33952,0.0735559,-0.627409,3.45343,-43790.4,-1,1.4546e-09,1,0
0.00775516,-0.337749,0.0727505,-0.628062,3.45352,-43551.6,-1,1.4546e-09,1,0
0.00775648,-0.337088,0.0729827,-0.628467,3.4527,-43458.9,-1,2.41948e-10,1,0
0.00775796,-0.337389,0.0731761,-0.629977,3.45422,-43489.5,-1,1.50284e-09,1,0
0.00776014,-0.337411,0.0745987,-0.631914,3.45518,-43480.1,-1,1.11052e-09,1,0
0.00776038,-0.337551,0.0743645,-0.631914,3.4528,-43496.7,-1,2.72894e-10,1,0
0.00776133,-0.338103,0.0735508,-0.631874,3.45188,-43562.5,-1,6.89089e-11,1,0
0.00776171,-0.338105,0.0732537,-0.632065,3.45276,-43560.6,-1,1.37903e-10,1,0
0.00776243,-0.338637,0.07358,-0.632492,3.45182,-43625.2,-1,1.9575e-10,1,0
0.00776386,-0.33955,0.0734571,-0.633509,3.44872,-43734.7,-1,1.40854e-10,1,0
0.00776518,-0.339981,0.0748122,-0.633221,3.4474,-43782.8,-1,1.39539e-09,1,0
0.00776565,-0.340356,0.0744854,-0.63337,3.44699,-43828.3,-1,2.04255e-10,1,0
0.00776759,-0.340283,0.074977,-0.634371,3.44729,-43808.1,-1,1.19265e-10,1,0
0.0077688,-0.339725,0.0760227,-0.634634,3.44563,-43729.4,-1,1.98981e-09,1,0
0.00776938,-0.339406,0.0758894,-0.634153,3.44366,-43685.1,-1,4.62498e-10,1,0
0.0077701,-0.339578,0.0760517,-0.6338,3.44264,-43703.2,-1,2.28822e-10,1,0
0.00777075,-0.339774,0.0765378,-0.633302,3.44451,-43724.7,-1,1.16007e-09,1,0
0.00777224,-0.340821,0.0766363,-0.632311,3.4466,-43851.1,-1,4.59128e-10,1,0
0.00777364,-0.340959,0.0762149,-0.632517,3.44494,-43860.9,-1,8.44802e-10,1,0
0.00777481,-0.340357,0.0756626,-0.633513,3.44544,-43776.9,-1,8.74025e-10,1,0
0.00777589,-0.339804,0.0751554,-0.634427,3.44547,-43699.7,-1,8.74025e-10,1,0
0.00777744,-0.339347,0.0742783,-0.634855,3.44659,-43632.2,-1,5.00681e-10,1,0
0.00777843,-0.339464,0.073541,-0.634053,3.44658,-43641.7,-1,5.00681e-10,1,0
0.00778063,-0.338831,0.0724319,-0.632863,3.44828,-43548,-1,3.30835e-09,1,0
0.00778142,-0.337959,0.072412,-0.632857,3.44832,-43431.6,-1,3.30835e-09,1,0
0.00778193,-0.337408,0.0723995,-0.632853,3.45138,-43357.9,-1,3.36889e-10,1,0
0.00778317,-0.337915,0.0716569,-0.633891,3.45178,-43416.1,-1,5.88431e-11,1,0
0.00778457,-0.338484,0.0708223,-0.635057,3.4491,-43481.4,-1,1.38203e-10,1,0
0.00778494,-0.33877,0.0707243,-0.635027,3.44863,-43516,-1,1.68119e-09,1,0
0.00778627,-0.339818,0.0712101,-0.635673,3.44837,-43643.3,-1,1.0985e-09,1,0
0.00778711,-0.340252,0.0711437,-0.635437,3.4495,-43694.3,-1,1.21825e-10,1,0
0.00778848,-0.340422,0.069923,-0.635261,3.44799,-43708.5,-1,1.04406e-09,1,0
0.00778976,-0.339512,0.0689031,-0.635617,3.44732,-43584.4,-1,1.22531e-09,1,0
0.00779172,-0.339144,0.0701881,-0.635492,3.44631,-43526.3,-1,5.93978e-10,1,0
0.00779273,-0.338066,0.0699173,-0.635457,3.44637,-43382.3,-1,5.93978e-10,1,0
0.00779467,-0.337553,0.069873,-0.637384,3.44606,-43305.6,-1,1.56448e-09,1,0
0.00779694,-0.337192,0.0689136,-0.639326,3.4459,-43246.7,-1,3.32661e-09,1,0
0.00779754,-0.33712,0.0683556,-0.639674,3.4459,-43234.1,-1,3.32661e-09,1,0
0.007798,-0.337101,0.0682689,-0.639907,3.44469,-43229.1,-1,1.88789e-10,1,0
0.00779859,-0.337117,0.068324,-0.639544,3.4458,-43228,-1,3.69014e-10,1,0
0.00779898,-0.337326,0.0683515,-0.639449,3.44699,-43252.5,-1,1.0199e-10,1,0
0.00780083,-0.33677,0.0692969,-0.641172,3.44702,-43171,-1,1.0199e-10,1,0
0.00780146,-0.336636,0.0696671,-0.641719,3.44622,-43150.3,-1,2.59597e-09,1,0
0.00780267,-0.336177,0.0707197,-0.641267,3.44613,-43084.9,-1,2.89941e-10,1,0
0.00780411,-0.335207,0.0718991,-0.641606,3.44697,-42952.6,-1,1.4838e-09,1,0
0.00780473,-0.335527,0.0720583,-0.641876,3.44531,-42990.2,-1,4.89104e-10,1,0
0.00780629,-0.334666,0.07126,-0.642056,3.44887,-42871.3,-1,1.29282e-09,1,0
0.0078069,-0.334577,0.070878,-0.642339,3.4508,-42856.6,-1,2.73444e-10,1,0
0.00780814,-0.334294,0.070457,-0.643609,3.45077,-42813.5,-1,1.76549e-09,1,0
0.00780892,-0.334648,0.0710359,-0.644056,3.45191,-42854.6,-1,5.01584e-11,1,0
0.00780967,-0.334712,0.0715103,-0.644302,3.45342,-42858.7,-1,1.41367e-09,1,0
0.00781076,-0.333976,0.0713369,-0.644061,3.45287,-42758.4,-1,1.12441e-09,1,0
0.0078115,-0.333975,0.0709328,-0.643596,3.45232,-42754.2,-1,6.24747e-10,1,0
0.00781277,-0.333573,0.070613,-0.642292,3.45108,-42695.8,-1,1.12166e-09,1,0
0.00781432,-0.332911,0.0711548,-0.643771,3.45185,-42602.7,-1,6.93858e-10,1,0
0.00781542,-0.332444,0.0715379,-0.644816,3.45187,-42536.9,-1,6.93858e-10,1,0
0.00781645,-0.332002,0.0718998,-0.645804,3.45215,-42474.8,-1,3.36323e-09,1,0
0.00781761,-0.33187,0.0719925,-0.646835,3.45161,-42451.6,-1,3.86449e-10,1,0
0.0078184,-0.331822,0.0718285,-0.646155,3.45143,-42441.2,-1,7.63073e-10,1,0
0.0078191,-0.331894,0.0714109,-0.646364,3.45077,-42446.6,-1,1.87192e-10,1,0
0.00781957,-0.332348,0.0713747,-0.646618,3.45094,-42502.1,-1,5.21634e-10,1,0
0.00782033,-0.332512,0.071622,-0.645849,3.45086,-42519,-1,7.31797e-10,1,0
0.00782204,-0.333588,0.0723169,-0.644796,3.45115,-42647.2,-1,1.28428e-10,1,0
0.0078231,-0.334377,0.0729562,-0.644424,3.45014,-42742.2,-1,9.20298e-10,1,0
0.00782501,-0.335123,0.0732944,-0.644072,3.44885,-42827.1,-1,8.1687e-10,1,0
0.00782665,-0.334726,0.0726527,-0.643078,3.44745,-42767.5,-1,6.32641e-10,1,0
0.00782721,-0.334232,0.072279,-0.64311,3.44639,-42701.3,-1,3.89483e-10,1,0
0.00782859,-0.334487,0.0731945,-0.642259,3.44547,-42726.3,-1,1.37437e-09,1,0
0.00783044,-0.33501,0.0747111,-0.640994,3.44545,-42783,-1,1.37437e-09,1,0
0.0078311,-0.335165,0.0752013,-0.640596,3.44258,-42799.3,-1,6.82458e-10,1,0
0.00783221,-0.334581,0.0747304,-0.640186,3.44223,-42718.6,-1,8.75443e-10,1,0
0.0078342,-0.335408,0.0736777,-0.640335,3.44046,-42813.3,-1,1.08066e-09,1,0
0.00783516,-0.335174,0.0729544,-0.639724,3.44092,-42778.3,-1,1.16865e-10,1,0
0.00783659,-0.336185,0.0730918,-0.638528,3.44108,-42899.4,-1,1.57213e-09,1,0
0.00783798,-0.337173,0.0732262,-0.637357,3.43852,-43017.8,-1,1.53782e-09,1,0
0.00784035,-0.338972,0.0736998,-0.635737,3.43836,-43234.2,-1,2.01743e-09,1,0
0.00784105,-0.339626,0.0740865,-0.635628,3.43734,-43313.8,-1,9.88885e-10,1,0
0.00784151,-0.340053,0.0743396,-0.635556,3.43732,-43365.8,-1,9.88885e-10,1,0
0.00784235,-0.340626,0.0742712,-0.635151,3.44136,-43434.2,-1,6.11145e-10,1,0
0.00784381,-0.339152,0.0743593,-0.634502,3.44143,-43238.1,-1,6.11145e-10,1,0
0.00784624,-0.338557,0.0728625,-0.632622,3.43944,-43148.9,-1,1.29244e-09,1,0
0.0078478,-0.337682,0.0714867,-0.633147,3.43948,-43028.8,-1,1.29244e-09,1,0
0.00784926,-0.336862,0.0701982,-0.633639,3.43952,-42916.4,-1,1.29244e-09,1,0
0.00785043,-0.336204,0.0691652,-0.634034,3.4386,-42826.2,-1,4.10989e-09,1,0
0.00785066,-0.336207,0.0690412,-0.634091,3.43519,-42825.3,-1,8.96984e-11,1,0
0.00785138,-0.336056,0.0690066,-0.634353,3.43542,-42802.2,-1,1.95381e-10,1,0
0.00785205,-0.335477,0.0690839,-0.634771,3.43589,-42724.8,-1,1.47196e-11,1,0
0.00785345,-0.334406,0.0686687,-0.635135,3.43737,-42580.8,-1,8.85088e-10,1,0
0.00785455,-0.333727,0.0679003,-0.634561,3.4372,-42488.3,-1,1.26013e-09,1,0
0.00785624,-0.332332,0.0671521,-0.634119,3.43656,-42301.7,-1,8.86493e-10,1,0
0.007857,-0.332041,0.0664931,-0.633691,3.43631,-42260.5,-1,8.38209e-10,1,0
0.00785723,-0.331954,0.0662973,-0.633564,3.43473,-42248.2,-1,1.11603e-10,1,0
0.0078586,-0.330803,0.0672644,-0.633655,3.43599,-42094.5,-1,1.50571e-09,1,0
0.00785918,-0.330238,0.067048,-0.633444,3.43337,-42019.4,-1,4.95199e-10,1,0
0.00786108,-0.331332,0.0661902,-0.631886,3.43433,-42148.4,-1,2.08796e-09,1,0
0.00786171,-0.330723,0.0662718,-0.63171,3.43346,-42067.6,-1,4.31547e-10,1,0
0.00786297,-0.329499,0.066918,-0.631788,3.43211,-41905.1,-1,1.64033e-09,1,0
0.00786511,-0.329456,0.0671854,-0.62993,3.43206,-41888.4,-1,1.40236e-09,1,0
0.00786636,-0.329432,0.0680235,-0.628837,3.43366,-41878.5,-1,9.26614e-10,1,0
0.00786733,-0.330355,0.0678869,-0.628326,3.43456,-41990.7,-1,1.12701e-10,1,0
0.0078683,-0.330653,0.0683335,-0.628901,3.43457,-42023.5,-1,7.21246e-11,1,0
0.0078688,-0.330684,0.0686116,-0.629367,3.43456,-42024.7,-1,7.21246e-11,1,0
0.00786958,-0.331063,0.0686757,-0.629962,3.43397,-42068.7,-1,1.63501e-10,1,0
0.00787058,-0.331385,0.0677707,-0.629564,3.43528,-42104.3,-1,9.38738e-11,1,0
0.00787081,-0.331304,0.0676861,-0.629556,3.43542,-42092.8,-1,2.82781e-11,1,0
0.00787223,-0.331159,0.0670582,-0.628129,3.43543,-42066.7,-1,2.82781e-11,1,0
0.00787279,-0.330844,0.0668361,-0.627784,3.43583,-42023.7,-1,1.98409e-09,1,0
0.0078738,-0.329928,0.0664698,-0.627481,3.43895,-41902.1,-1,5.88275e-11,1,0
0.00787467,-0.329592,0.0665127,-0.627613,3.44032,-41854.7,-1,5.4136e-11,1,0
0.00787666,-0.329497,0.0669311,-0.62637,3.43759,-41832.1,-1,1.67586e-09,1,0
0.00787758,-0.330016,0.0676056,-0.626265,3.4361,-41893.1,-1,2.42286e-10,1,0
0.00787911,-0.329221,0.0676945,-0.625665,3.43753,-41784,-1,1.51489e-10,1,0
0.00788061,-0.3285,0.0678809,-0.624618,3.43774,-41684.6,-1,1.46876e-09,1,0
0.00788186,-0.328047,0.068983,-0.62438,3.44037,-41620.5,-1,8.40768e-11,1,0
0.00788272,-0.32852,0.0691813,-0.624131,3.43837,-41676,-1,6.90642e-10,1,0
0.00788309,-0.328892,0.069241,-0.624266,3.43839,-41721.2,-1,2.1791e-10,1,0
0.007884,-0.329068,0.0692517,-0.623745,3.43901,-41738.8,-1,6.54106e-10,1,0
0.00788536,-0.328635,0.0690096,-0.623509,3.43619,-41676.6,-1,6.591e-10,1,0
0.00788741,-0.33004,0.0673816,-0.624205,3.43457,-41843.9,-1,2.26036e-09,1,0
0.00788791,-0.330287,0.0673561,-0.624365,3.43248,-41872.5,-1,3.46013e-10,1,0
0.00788862,-0.330957,0.0674496,-0.624246,3.43171,-41953.8,-1,8.5013e-11,1,0
0.0078909,-0.333357,0.0681245,-0.623937,3.43459,-42245.8,-1,3.18852e-09,1,0
0.00789211,-0.333394,0.0678821,-0.625054,3.43319,-42244,-1,1.19353e-09,1,0
0.00789307,-0.332939,0.0687537,-0.624939,3.43249,-42181.2,-1,1.13517e-10,1,0
0.00789547,-0.332321,0.0689493,-0.624999,3.42685,-42090.1,-1,4.80342e-10,1,0
0.00789653,-0.333082,0.0691226,-0.625863,3.42682,-42180.8,-1,4.80342e-10,1,0
0.00789782,-0.334004,0.0693327,-0.62691,3.42652,-42290.7,-1,2.13128e-09,1,0
0.00789818,-0.333961,0.0692789,-0.627199,3.42441,-42283.2,-1,2.38457e-10,1,0
0.0078991,-0.333832,0.0683162,-0.627443,3.42336,-42262,-1,1.00203e-09,1,0
0.00790052,-0.334673,0.0676929,-0.628025,3.42555,-42360.9,-1,1.21185e-10,1,0
0.00790093,-0.334817,0.0676734,-0.627593,3.42594,-42376.9,-1,2.02164e-10,1,0
0.00790221,-0.33526,0.0676134,-0.626262,3.42592,-42426.1,-1,2.02164e-10,1,0
0.00790464,-0.337315,0.0669045,-0.625586,3.42469,-42673,-1,6.56665e-10,1,0
0.00790538,-0.337367,0.0668158,-0.62512,3.42476,-42675.6,-1,5.84841e-10,1,0
0.00790629,-0.337873,0.0662,-0.624667,3.42422,-42734.7,-1,2.71986e-10,1,0
0.00790699,-0.338199,0.0657636,-0.624207,3.42506,-42772.1,-1,6.7762e-11,1,0
0.00790747,-0.33833,0.0654621,-0.623799,3.42861,-42786.1,-1,1.58759e-10,1,0
0.00790874,-0.339572,0.065437,-0.624451,3.4297,-42936.2,-1,1.4028e-09,1,0
0.00791116,-0.340008,0.0678122,-0.625548,3.42768,-42978.3,-1,2.65256e-09,1,0
0.00791184,-0.34012,0.0674201,-0.624919,3.42568,-42988.7,-1,1.67614e-10,1,0
0.00791216,-0.340035,0.067498,-0.624651,3.42624,-42976.2,-1,2.43371e-10,1,0
0.00791334,-0.33879,0.0674515,-0.624687,3.42686,-42812.5,-1,2.65494e-10,1,0
0.00791369,-0.338624,0.0676776,-0.624856,3.42385,-42789.6,-1,9.16804e-12,1,0
0.00791463,-0.338016,0.0675812,-0.6252,3.42055,-42707.8,-1,4.01326e-10,1,0
0.00791568,-0.338023,0.0675121,-0.62613,3.42022,-42703,-1,2.41173e-10,1,0
0.00791711,-0.33832,0.067687,-0.62766,3.4202,-42732.7,-1,2.41173e-10,1,0
0.00791882,-0.338673,0.0678959,-0.629488,3.41766,-42768.2,-1,6.27032e-10,1,0
0.00792081,-0.337237,0.0695018,-0.629101,3.41773,-42576.1,-1,6.27032e-10,1,0
0.00792136,-0.336842,0.0699436,-0.628994,3.41745,-42523.3,-1,2.79101e-09,1,0
0.00792211,-0.336108,0.0698628,-0.628903,3.41803,-42426.5,-1,4.01808e-11,1,0
0.00792375,-0.334332,0.0696967,-0.628713,3.41875,-42193.7,-1,2.57377e-09,1,0
0.00792518,-0.33386,0.0686833,-0.629222,3.41636,-42126.5,-1,1.11483e-09,1,0
0.00792627,-0.333121,0.0696041,-0.629423,3.41595,-42027.5,-1,1.19723e-09,1,0
0.00792773,-0.331636,0.0691517,-0.629064,3.41603,-41832.5,-1,1.19723e-09,1,0
0.00792926,-0.330066,0.0686731,-0.628683,3.41388,-41626.3,-1,3.27903e-09,1,0
0.00793038,-0.329993,0.0691381,-0.629393,3.41343,-41611.2,-1,2.77984e-10,1,0
0.00793222,-0.330711,0.0690708,-0.629446,3.41436,-41692.1,-1,6.57961e-10,1,0
0.00793266,-0.331179,0.0690041,-0.629576,3.41239,-41748.8,-1,1.40406e-09,1,0
0.00793378,-0.33175,0.0691637,-0.629518,3.41555,-41814.8,-1,4.27456e-10,1,0
0.00793426,-0.331889,0.0687806,-0.629675,3.41608,-41829.8,-1,8.43654e-11,1,0
0.00793478,-0.33162,0.0683899,-0.629372,3.41372,-41793.2,-1,3.62163e-10,1,0
0.00793506,-0.331665,0.0681685,-0.629469,3.41462,-41797.4,-1,2.32569e-10,1,0
0.00793659,-0.330285,0.0683809,-0.630056,3.41358,-41615.6,-1,3.76173e-10,1,0
0.00793775,-0.330348,0.0674133,-0.630851,3.41278,-41617.4,-1,2.58901e-11,1,0
0.0079383,-0.33074,0.0675439,-0.631185,3.41504,-41663.9,-1,7.15601e-11,1,0
0.00793946,-0.330607,0.0672458,-0.63164,3.41496,-41641.1,-1,1.12558e-09,1,0
0.00794006,-0.330056,0.0668893,-0.631701,3.41125,-41568.5,-1,3.58731e-10,1,0
0.0079417,-0.329781,0.066451,-0.63303,3.40933,-41525.3,-1,1.30239e-09,1,0
0.00794225,-0.330008,0.0663079,-0.632862,3.40903,-41551,-1,3.35244e-10,1,0
0.00794291,-0.330508,0.0661457,-0.63248,3.40765,-41610.4,-1,2.95537e-10,1,0
0.00794341,-0.33045,0.0662116,-0.631945,3.40703,-41600.6,-1,6.29847e-11,1,0
0.00794382,-0.330402,0.0662674,-0.631492,3.40704,-41592.3,-1,6.29847e-11,1,0
0.00794537,-0.330155,0.0662955,-0.629908,3.40724,-41553.1,-1,1.09589e-09,1,0
0.0079467,-0.329325,0.0654803,-0.629092,3.40669,-41441.7,-1,6.49406e-10,1,0
0.00794782,-0.329685,0.0654905,-0.62871,3.40695,-41481.2,-1,5.07729e-10,1,0
0.00794871,-0.329673,0.0651936,-0.62825,3.40775,-41475,-1,1.94981e-10,1,0
0.00794952,-0.32956,0.0644095,-0.628652,3.40786,-41456.6,-1,3.4644e-10,1,0
0.00794971,-0.329549,0.0642206,-0.628733,3.4078,-41454.2,-1,5.13293e-10,1,0
0.0079513,-0.328565,0.0631188,-0.628441,3.40704,-41322.1,-1,5.45351e-10,1,0
0.00795225,-0.327762,0.0625647,-0.628075,3.40806,-41216.2,-1,2.33446e-09,1,0
0.007953,-0.328229,0.0631109,-0.627839,3.41153,-41271.1,-1,3.44636e-11,1,0
0.0079535,-0.328642,0.0628975,-0.628035,3.41207,-41320.4,-1,5.01743e-10,1,0
0.00795415,-0.328356,0.0631527,-0.627476,3.41176,-41281.1,-1,2.27263e-10,1,0
0.0079551,-0.327977,0.063499,-0.627617,3.41551,-41228.5,-1,2.5754e-10,1,0
0.0079561,-0.328226,0.0628468,-0.626982,3.41414,-41254.7,-1,6.8596e-10,1,0
0.00795782,-0.329777,0.0622365,-0.626113,3.41406,-41440.7,-1,6.8596e-10,1,0
0.00795915,-0.33098,0.0617633,-0.625439,3.41362,-41584.9,-1,3.75547e-09,1,0
0.00796113,-0.332141,0.0607536,-0.624134,3.41354,-41720.4,-1,1.01915e-09,1,0
0.00796218,-0.33199,0.0613267,-0.624423,3.41365,-41695.9,-1,2.95513e-10,1,0
0.00796352,-0.332778,0.061078,-0.625616,3.41316,-41787.8,-1,9.76735e-10,1,0
0.00796419,-0.332543,0.0606989,-0.626015,3.4154,-41754.8,-1,4.85197e-10,1,0
0.00796511,-0.332274,0.0598287,-0.626448,3.41505,-41716.1,-1,1.05616e-09,1,0
0.00796562,-0.332132,0.0593548,-0.626691,3.41453,-41695.7,-1,1.27125e-11,1,0
0.00796645,-0.332044,0.0601812,-0.626316,3.41497,-41680.4,-1,9.11885e-10,1,0
0.00796726,-0.332004,0.0607971,-0.626691,3.41457,-41671.1,-1,6.20793e-10,1,0
0.00796858,-0.330826,0.0615533,-0.626756,3.41533,-41516.2,-1,1.29268e-09,1,0
0.0079701,-0.33243,0.0610871,-0.626823,3.41525,-41709.6,-1,1.29268e-09,1,0
0.00797049,-0.332451,0.0614044,-0.626658,3.41539,-41710.2,-1,3.72382e-10,1,0
0.007972,-0.332191,0.0610539,-0.625061,3.41541,-41669.8,-1,3.72382e-10,1,0
0.0079735,-0.331932,0.0607044,-0.623468,3.41466,-41629.4,-1,3.30716e-09,1,0
0.00797399,-0.332069,0.0608679,-0.623955,3.4145,-41644.1,-1,4.94229e-10,1,0
0.00797585,-0.332237,0.0614799,-0.625859,3.41253,-41655.4,-1,9.64182e-10,1,0
0.00797789,-0.334206,0.0623434,-0.625251,3.41118,-41891.6,-1,1.99614e-09,1,0
0.00797879,-0.33491,0.062697,-0.625035,3.40979,-41975,-1,9.23944e-11,1,0
0.00797941,-0.335224,0.0630985,-0.625449,3.41247,-42011.1,-1,6.60703e-10,1,0
0.00797979,-0.335173,0.0626862,-0.625431,3.41569,-42002.8,-1,3.32119e-10,1,0
0.00798144,-0.33337,0.0627785,-0.625417,3.41463,-41768.2,-1,1.80558e-09,1,0
0.00798249,-0.332222,0.0628373,-0.625408,3.41469,-41618.9,-1,1.80558e-09,1,0
0.00798332,-0.331306,0.0628842,-0.625401,3.41599,-41499.8,-1,2.71501e-10,1,0
0.00798435,-0.330783,0.063081,-0.626373,3.4151,-41428.9,-1,7.08245e-10,1,0
0.00798479,-0.330543,0.062973,-0.626493,3.41129,-41396.6,-1,9.27996e-11,1,0
0.00798716,-0.332164,0.0640048,-0.62479,3.41066,-41587.3,-1,1.98949e-11,1,0
0.00798889,-0.332918,0.0652311,-0.624989,3.41055,-41672.7,-1,6.09096e-10,1,0
0.00799002,-0.333244,0.0662066,-0.625676,3.41185,-41707.5,-1,2.43187e-09,1,0
0.00799037,-0.333408,0.066446,-0.625541,3.41203,-41726.2,-1,5.67965e-11,1,0
0.00799216,-0.334286,0.068199,-0.625424,3.41123,-41826.7,-1,2.22161e-09,1,0
0.00799255,-0.334209,0.067933,-0.625664,3.41241,-41815.1,-1,2.28368e-10,1,0
0.0079934,-0.334629,0.0683432,-0.626132,3.4126,-41863.1,-1,7.47164e-10,1,0
0.00799414,-0.333871,0.0681721,-0.626029,3.41374,-41764.5,-1,7.9506e-10,1,0
0.00799472,-0.333452,0.068398,-0.625717,3.41458,-41709,-1,5.56253e-10,1,0
0.0079949,-0.333286,0.0684595,-0.625619,3.41494,-41687.3,-1,4.71876e-11,1,0
0.00799544,-0.332801,0.0686392,-0.625334,3.41497,-41623.9,-1,4.71876e-11,1,0
0.00799634,-0.332021,0.0689333,-0.624822,3.4139,-41521.6,-1,2.45183e-10,1,0
0.00799677,-0.331757,0.0691708,-0.624517,3.41325,-41486.3,-1,4.69438e-10,1,0
0.00799732,-0.332139,0.0694696,-0.624257,3.41398,-41531.2,-1,1.13217e-10,1,0
0.00799795,-0.332075,0.0696005,-0.624396,3.41359,-41520,-1,3.11107e-10,1,0
0.00799857,-0.331652,0.0692612,-0.624487,3.41427,-41463.9,-1,9.88726e-11,1,0
0.00799987,-0.33195,0.0701801,-0.623668,3.41346,-41494.3,-1,2.10994e-10,1,0
