6.71168e-07,-0.275331,-0.0010764,-0.476415,5.00039,-4.10227e+08,-1,1.03008e-71,1,0
1.92477e-06,-0.275391,-0.0011693,-0.477008,5.00206,-1.43077e+08,-1,7.44323e-10,1,0
2.9043e-06,-0.275182,-1.14877e-05,-0.477562,5.00207,-9.475e+07,-1,7.44323e-10,1,0
3.49425e-06,-0.275094,0.000701167,-0.47749,5.00189,-7.87276e+07,-1,5.02624e-10,1,0
4.22018e-06,-0.275821,0.000399663,-0.477992,5.001,-6.53577e+07,-1,1.54932e-10,1,0
5.21873e-06,-0.276462,-1.76053e-05,-0.478583,5.00046,-5.29749e+07,-1,1.84599e-09,1,0
5.61994e-06,-0.276035,-0.000274621,-0.478771,4.99908,-4.91171e+07,-1,8.19771e-10,1,0
6.56808e-06,-0.275776,-0.000565215,-0.478178,4.99413,-4.19874e+07,-1,3.89514e-10,1,0
7.53591e-06,-0.276378,-0.000911251,-0.477141,4.99345,-3.66748e+07,-1,5.17166e-10,1,0
7.71527e-06,-0.276453,-0.000951343,-0.477152,4.99133,-3.58319e+07,-1,1.13328e-10,1,0
8.50417e-06,-0.276253,-0.000519734,-0.477795,4.99125,-3.24844e+07,-1,2.22243e-10,1,0
8.86952e-06,-0.27628,-0.000492723,-0.478265,4.99102,-3.11494e+07,-1,1.11021e-11,1,0
1.0051e-05,-0.275318,-0.000369335,-0.478009,4.98973,-2.73919e+07,-1,7.87786e-10,1,0
1.10902e-05,-0.274417,-0.000459355,-0.477905,4.98761,-2.47441e+07,-1,1.17487e-10,1,0
1.22105e-05,-0.274789,-0.000738204,-0.476776,4.98515,-2.25044e+07,-1,1.61894e-09,1,0
1.30912e-05,-0.27532,0.000234898,-0.477139,4.98666,-2.10309e+07,-1,1.35415e-09,1,0
1.45923e-05,-0.274343,1.67042e-05,-0.477826,4.98724,-1.88005e+07,-1,8.51266e-10,1,0
1.51681e-05,-0.274322,0.000111267,-0.478554,4.98493,-1.80854e+07,-1,7.28752e-10,1,0
1.61068e-05,-0.274471,-0.00034128,-0.478587,4.98349,-1.70407e+07,-1,7.31699e-10,1,0
1.70632e-05,-0.274659,-0.000266895,-0.478974,4.98142,-1.60966e+07,-1,1.20487e-09,1,0
1.8098e-05,-0.275634,-0.000322299,-0.478121,4.98258,-1.52301e+07,-1,7.53964e-10,1,0
1.88983e-05,-0.275137,-0.000275647,-0.477332,4.98433,-1.45588e+07,-1,9.38004e-10,1,0
1.94456e-05,-0.275405,-0.000557738,-0.477185,4.9828,-1.41629e+07,-1,1.7351e-10,1,0
2.02591e-05,-0.276163,-0.00125684,-0.476872,4.98276,-1.36315e+07,-1,1.7351e-10,1,0
2.04627e-05,-0.276353,-0.00143176,-0.476794,4.98392,-1.35052e+07,-1,1.5471e-09,1,0
2.14632e-05,-0.27622,-0.0022329,-0.477164,4.98191,-1.28695e+07,-1,6.92519e-10,1,0
2.1951e-05,-0.27601,-0.00218344,-0.476939,4.98726,-1.25739e+07,-1,8.05879e-11,1,0
2.20638e-05,-0.275942,-0.00207166,-0.477012,4.9878,-1.25066e+07,-1,1.49443e-10,1,0
2.2485e-05,-0.276137,-0.001901,-0.476955,4.99125,-1.22809e+07,-1,7.20214e-11,1,0
2.34904e-05,-0.275252,-0.00281721,-0.476607,4.99085,-1.17176e+07,-1,3.67333e-11,1,0
2.42427e-05,-0.274863,-0.00349921,-0.476234,4.98967,-1.1338e+07,-1,2.50366e-10,1,0
2.52212e-05,-0.2758,-0.00348568,-0.475458,4.99319,-1.09353e+07,-1,2.64104e-10,1,0
2.63703e-05,-0.275195,-0.00486412,-0.475224,4.99376,-1.04358e+07,-1,1.52367e-09,1,0
2.66701e-05,-0.275259,-0.00489962,-0.47554,4.9977,-1.03209e+07,-1,2.24917e-10,1,0
2.7056e-05,-0.275183,-0.0044432,-0.475399,4.99754,-1.01709e+07,-1,2.17634e-10,1,0
2.73715e-05,-0.275074,-0.0045344,-0.4753,4.99471,-1.00496e+07,-1,2.41419e-10,1,0
2.81209e-05,-0.274882,-0.00497176,-0.475518,4.99794,-9.775e+06,-1,3.94472e-10,1,0
2.86615e-05,-0.274349,-0.00465549,-0.475157,4.99865,-9.57203e+06,-1,7.17179e-10,1,0
2.90984e-05,-0.274279,-0.0047902,-0.475589,4.99685,-9.4259e+06,-1,3.52773e-10,1,0
2.98725e-05,-0.27519,-0.00500425,-0.476011,5.00003,-9.21215e+06,-1,1.12379e-09,1,0
3.04074e-05,-0.274513,-0.00496144,-0.476031,4.99808,-9.02784e+06,-1,5.65329e-10,1,0
3.08638e-05,-0.274731,-0.00513233,-0.475603,4.99851,-8.9014e+06,-1,2.21994e-10,1,0
3.12307e-05,-0.275013,-0.00540826,-0.475501,5.00144,-8.80585e+06,-1,4.20039e-10,1,0
3.16835e-05,-0.274871,-0.00495669,-0.475235,5.0004,-8.67553e+06,-1,6.60525e-11,1,0
3.18591e-05,-0.274793,-0.00475746,-0.475142,4.99991,-8.62524e+06,-1,7.67804e-10,1,0
3.22504e-05,-0.274455,-0.00461166,-0.474968,5.00036,-8.51012e+06,-1,1.11614e-10,1,0
3.24512e-05,-0.274629,-0.00480562,-0.474916,5.00068,-8.46282e+06,-1,2.54892e-10,1,0
3.29716e-05,-0.274742,-0.00516665,-0.474833,4.99867,-8.3327e+06,-1,5.08594e-10,1,0
3.36925e-05,-0.273835,-0.00495014,-0.475044,4.99872,-8.12748e+06,-1,5.08594e-10,1,0
3.48995e-05,-0.27304,-0.00445998,-0.47477,5.00166,-7.82359e+06,-1,6.42699e-10,1,0
3.53497e-05,-0.272711,-0.00453107,-0.474882,4.9976,-7.71467e+06,-1,1.35041e-10,1,0
3.60739e-05,-0.272265,-0.00487858,-0.474188,4.99925,-7.54743e+06,-1,1.22384e-10,1,0
3.65112e-05,-0.271965,-0.00442925,-0.474398,5.00088,-7.44882e+06,-1,5.80133e-10,1,0
3.70499e-05,-0.272401,-0.00441883,-0.474855,5.00143,-7.35226e+06,-1,2.12846e-11,1,0
3.77282e-05,-0.271802,-0.00385808,-0.475192,5.00249,-7.2042e+06,-1,8.87998e-10,1,0
3.7825e-05,-0.271773,-0.0037778,-0.475185,5.00124,-7.185e+06,-1,4.8954e-11,1,0
3.81201e-05,-0.27211,-0.00383136,-0.475319,5.00235,-7.13823e+06,-1,3.63566e-10,1,0
3.84209e-05,-0.272103,-0.00377767,-0.475171,5.00115,-7.08216e+06,-1,2.76928e-10,1,0
3.88557e-05,-0.272551,-0.00370104,-0.475445,5.00183,-7.01444e+06,-1,5.48281e-10,1,0
3.98849e-05,-0.273642,-0.0033736,-0.474745,5.00239,-6.86081e+06,-1,4.31108e-11,1,0
3.99094e-05,-0.273669,-0.0033656,-0.474728,5.0015,-6.85726e+06,-1,1.38402e-09,1,0
4.12463e-05,-0.274013,-0.00204524,-0.473594,5.00177,-6.64334e+06,-1,1.77417e-09,1,0
4.16115e-05,-0.273821,-0.00206542,-0.473462,5.00244,-6.58042e+06,-1,3.51773e-10,1,0
4.19747e-05,-0.274092,-0.00176255,-0.473721,5.00243,-6.52994e+06,-1,3.51773e-10,1,0
4.25404e-05,-0.274515,-0.0012908,-0.474124,5.0024,-6.45303e+06,-1,3.51773e-10,1,0
4.26642e-05,-0.274528,-0.00127276,-0.473972,5.00363,-6.43463e+06,-1,1.56753e-10,1,0
4.30115e-05,-0.27428,-0.00133047,-0.474009,5.00286,-6.3769e+06,-1,1.71999e-10,1,0
4.41387e-05,-0.274228,-0.00214723,-0.47397,4.99947,-6.21287e+06,-1,8.12125e-10,1,0
4.52607e-05,-0.275015,-0.00204685,-0.474673,4.9974,-6.07626e+06,-1,1.3425e-10,1,0
4.57512e-05,-0.27518,-0.00210047,-0.475157,4.99462,-6.0147e+06,-1,3.03355e-10,1,0
4.66629e-05,-0.275265,-0.002138,-0.474242,4.99177,-5.89902e+06,-1,3.01218e-10,1,0
4.68939e-05,-0.275001,-0.00209209,-0.474151,4.98977,-5.86432e+06,-1,2.09378e-11,1,0
4.72695e-05,-0.274531,-0.00199092,-0.474022,4.9898,-5.80778e+06,-1,2.09378e-11,1,0
4.80253e-05,-0.273653,-0.00230806,-0.474374,4.98765,-5.6981e+06,-1,9.89032e-10,1,0
4.88308e-05,-0.274545,-0.00188725,-0.474292,4.98784,-5.62237e+06,-1,5.90737e-10,1,0
4.92294e-05,-0.274912,-0.0015692,-0.474412,4.98726,-5.58429e+06,-1,6.00078e-11,1,0
5.00758e-05,-0.275923,-0.00195942,-0.474381,4.98683,-5.5101e+06,-1,4.747e-10,1,0
5.07874e-05,-0.275842,-0.00180112,-0.473796,4.98694,-5.43131e+06,-1,5.72227e-10,1,0
5.15158e-05,-0.276195,-0.00153367,-0.473441,4.98468,-5.36136e+06,-1,1.88877e-10,1,0
5.19232e-05,-0.276262,-0.00110866,-0.473668,4.98324,-5.32058e+06,-1,3.10811e-10,1,0
5.26277e-05,-0.276175,-0.00034549,-0.473423,4.98371,-5.24772e+06,-1,1.84506e-10,1,0
5.34829e-05,-0.276618,-0.000425916,-0.473022,4.98172,-5.17209e+06,-1,1.1972e-09,1,0
5.46367e-05,-0.277485,-0.00133003,-0.4725,4.98129,-5.07872e+06,-1,1.36339e-10,1,0
5.52225e-05,-0.277479,-0.00155076,-0.47298,4.97762,-5.02474e+06,-1,1.3934e-10,1,0
5.58319e-05,-0.277166,-0.00217267,-0.473387,4.97764,-4.96429e+06,-1,1.3934e-10,1,0
5.69897e-05,-0.276718,-0.00219054,-0.473763,4.97684,-4.85558e+06,-1,2.8908e-10,1,0
5.72194e-05,-0.276524,-0.00200028,-0.473835,4.97647,-4.8327e+06,-1,1.01686e-09,1,0
5.75716e-05,-0.276241,-0.00214696,-0.473969,4.97733,-4.79822e+06,-1,1.42711e-10,1,0
5.81601e-05,-0.276273,-0.00187934,-0.474579,4.9775,-4.75022e+06,-1,1.4065e-10,1,0
5.87047e-05,-0.275865,-0.00152103,-0.474714,4.97715,-4.6992e+06,-1,8.7062e-10,1,0
5.9809e-05,-0.274786,-0.0011833,-0.474714,4.97787,-4.59439e+06,-1,2.53989e-10,1,0
6.0667e-05,-0.27589,-0.00135959,-0.474512,4.97793,-4.54761e+06,-1,1.13593e-09,1,0
6.12291e-05,-0.276138,-0.00106426,-0.475137,4.97819,-4.50992e+06,-1,2.06369e-10,1,0
6.14947e-05,-0.276477,-0.00101825,-0.475209,4.97735,-4.49595e+06,-1,3.47904e-10,1,0
6.21226e-05,-0.276048,-0.00167101,-0.475085,4.97543,-4.4436e+06,-1,2.94617e-12,1,0
6.31583e-05,-0.275823,-0.00235652,-0.474935,4.9713,-4.36717e+06,-1,2.27991e-10,1,0
6.38394e-05,-0.275709,-0.00239774,-0.474407,4.97155,-4.31879e+06,-1,9.25762e-10,1,0
6.47457e-05,-0.27569,-0.00176942,-0.473421,4.96758,-4.25804e+06,-1,1.09945e-09,1,0
6.54897e-05,-0.275744,-0.00123433,-0.473638,4.96494,-4.2105e+06,-1,5.13853e-10,1,0
6.57495e-05,-0.27595,-0.00099489,-0.473774,4.96708,-4.19699e+06,-1,3.43525e-10,1,0
6.65725e-05,-0.275275,-0.000964291,-0.474602,4.96845,-4.13496e+06,-1,1.23678e-10,1,0
6.73588e-05,-0.274667,-0.000900631,-0.475444,4.9684,-4.07768e+06,-1,2.0048e-09,1,0
6.7628e-05,-0.274942,-0.000958891,-0.47562,4.96789,-4.06551e+06,-1,3.16048e-10,1,0
6.81903e-05,-0.275525,-0.00130428,-0.475582,4.96788,-4.04054e+06,-1,3.51563e-11,1,0
6.87663e-05,-0.275331,-0.00064266,-0.475816,4.96692,-4.00386e+06,-1,2.41446e-11,1,0
6.92857e-05,-0.275099,-0.000557587,-0.475648,4.96952,-3.9705e+06,-1,4.47033e-10,1,0
7.03402e-05,-0.275975,-0.000201418,-0.476673,4.96875,-3.92344e+06,-1,1.39486e-09,1,0
7.07421e-05,-0.27547,-0.0003303,-0.476777,4.96877,-3.894e+06,-1,1.39486e-09,1,0
7.10763e-05,-0.275109,-0.000434235,-0.476849,4.96855,-3.87062e+06,-1,9.42684e-10,1,0
7.22624e-05,-0.276597,-0.00065263,-0.476401,4.96806,-3.82767e+06,-1,1.59979e-09,1,0
7.28899e-05,-0.276906,-0.000778575,-0.476294,4.96881,-3.79896e+06,-1,4.48603e-10,1,0
7.34566e-05,-0.276256,-0.0010195,-0.476134,4.96873,-3.76081e+06,-1,5.95923e-10,1,0
7.38587e-05,-0.276453,-0.00100294,-0.476392,4.96665,-3.743e+06,-1,2.50015e-10,1,0
7.4294e-05,-0.276308,-0.000928413,-0.476004,4.96415,-3.71911e+06,-1,3.40452e-10,1,0
7.47854e-05,-0.275712,-0.00089496,-0.476027,4.96247,-3.68671e+06,-1,8.04843e-11,1,0
7.52404e-05,-0.275435,-0.00112795,-0.475842,4.96257,-3.66073e+06,-1,2.79496e-10,1,0
7.58823e-05,-0.276283,-0.00109573,-0.475823,4.96232,-3.64094e+06,-1,8.66841e-10,1,0
7.63794e-05,-0.276657,-0.000742931,-0.475461,4.96193,-3.62214e+06,-1,5.8477e-10,1,0
7.65321e-05,-0.276548,-0.000657788,-0.475374,4.9605,-3.61349e+06,-1,3.02458e-11,1,0
7.72344e-05,-0.276062,-0.00016075,-0.475132,4.9605,-3.57435e+06,-1,2.22134e-10,1,0
7.81282e-05,-0.276266,0.000214753,-0.474943,4.96095,-3.53605e+06,-1,4.53532e-10,1,0
7.88998e-05,-0.276073,-0.000317785,-0.475615,4.96414,-3.49903e+06,-1,4.71475e-10,1,0
7.92892e-05,-0.276023,2.32279e-05,-0.475475,4.9624,-3.48122e+06,-1,2.84795e-10,1,0
8.00621e-05,-0.275989,-0.000207357,-0.476401,4.9617,-3.44718e+06,-1,5.37039e-11,1,0
8.13784e-05,-0.275119,-0.00150887,-0.476454,4.95929,-3.38074e+06,-1,1.64577e-09,1,0
8.19209e-05,-0.275434,-0.00124119,-0.476936,4.95809,-3.36219e+06,-1,4.44493e-10,1,0
8.24438e-05,-0.275468,-0.00055526,-0.47701,4.95538,-3.34128e+06,-1,6.90852e-10,1,0
8.31563e-05,-0.276349,-0.000321137,-0.477026,4.95465,-3.32325e+06,-1,4.74217e-10,1,0
8.37442e-05,-0.277124,-0.000312649,-0.477076,4.95461,-3.30917e+06,-1,4.74217e-10,1,0
8.40879e-05,-0.277117,-0.000193271,-0.477094,4.95259,-3.29556e+06,-1,2.07229e-10,1,0
8.46917e-05,-0.277773,-0.000377554,-0.477216,4.94977,-3.27981e+06,-1,2.79264e-11,1,0
8.57938e-05,-0.278938,-0.000173019,-0.477062,4.94758,-3.25126e+06,-1,3.925e-10,1,0
8.68627e-05,-0.280262,-0.000559867,-0.477354,4.94751,-3.2265e+06,-1,3.925e-10,1,0
8.75489e-05,-0.280504,-0.000786745,-0.477694,4.94411,-3.20396e+06,-1,1.95523e-09,1,0
8.79512e-05,-0.280106,-0.000900772,-0.478027,4.94413,-3.18479e+06,-1,1.95523e-09,1,0
8.93606e-05,-0.278715,-0.00130023,-0.479194,4.94511,-3.11899e+06,-1,2.75149e-09,1,0
9.01423e-05,-0.278414,-0.00122504,-0.478627,4.94459,-3.08861e+06,-1,1.32406e-11,1,0
9.06306e-05,-0.278249,-0.00169852,-0.478981,4.94713,-3.07015e+06,-1,5.3181e-10,1,0
9.1629e-05,-0.278604,-0.00164097,-0.477725,4.94705,-3.04056e+06,-1,9.02262e-12,1,0
9.21657e-05,-0.278599,-0.00114578,-0.478223,4.946,-3.0228e+06,-1,6.73855e-10,1,0
9.30026e-05,-0.279178,-0.00049045,-0.478898,4.94597,-3.00182e+06,-1,6.73855e-10,1,0
9.40323e-05,-0.27863,0.00029872,-0.478676,4.94305,-2.96313e+06,-1,8.95078e-10,1,0
9.45573e-05,-0.278468,0.000604908,-0.478535,4.94531,-2.94497e+06,-1,1.66277e-10,1,0
9.50729e-05,-0.278152,0.00118577,-0.478375,4.94533,-2.92567e+06,-1,1.66277e-10,1,0
9.59742e-05,-0.277675,0.00202659,-0.478343,4.94151,-2.89323e+06,-1,1.47535e-10,1,0
9.67202e-05,-0.278192,0.00212674,-0.478559,4.9413,-2.87625e+06,-1,3.43414e-10,1,0
9.74273e-05,-0.278807,0.00275352,-0.478872,4.93989,-2.8617e+06,-1,1.57326e-09,1,0
9.83793e-05,-0.277781,0.00312935,-0.478255,4.93994,-2.82357e+06,-1,1.57326e-09,1,0
9.87486e-05,-0.277332,0.00319408,-0.478115,4.93753,-2.80847e+06,-1,2.51203e-10,1,0
9.91094e-05,-0.2775,0.00310044,-0.478333,4.93579,-2.79994e+06,-1,1.62364e-10,1,0
9.95249e-05,-0.277901,0.00275483,-0.478192,4.93577,-2.79227e+06,-1,1.62364e-10,1,0
9.96242e-05,-0.277949,0.002685,-0.478206,4.93498,-2.78998e+06,-1,5.87415e-11,1,0
0.000101461,-0.279846,0.00345745,-0.47764,4.93141,-2.75817e+06,-1,9.54293e-10,1,0
0.00010187,-0.279541,0.00328897,-0.47804,4.93188,-2.74409e+06,-1,4.56214e-10,1,0
0.000102178,-0.27925,0.00331476,-0.478322,4.9319,-2.73297e+06,-1,4.56214e-10,1,0
0.000102718,-0.279353,0.00285057,-0.478658,4.93385,-2.71961e+06,-1,4.63474e-10,1,0
0.000102978,-0.279156,0.00259204,-0.478768,4.93396,-2.71083e+06,-1,5.57351e-10,1,0
0.000103358,-0.279472,0.00254758,-0.479081,4.93179,-2.70392e+06,-1,6.30375e-11,1,0
0.000104487,-0.279895,0.00123155,-0.478583,4.93122,-2.67876e+06,-1,1.53752e-10,1,0
0.000105535,-0.280436,0.000115903,-0.478691,4.93325,-2.65728e+06,-1,4.90243e-10,1,0
0.00010587,-0.280495,0.000245124,-0.478926,4.93443,-2.64943e+06,-1,1.70104e-10,1,0
0.000105955,-0.280429,0.000226296,-0.478942,4.93541,-2.64669e+06,-1,8.45032e-11,1,0
0.000106658,-0.279885,0.000806313,-0.478753,4.93458,-2.62414e+06,-1,7.2476e-11,1,0
0.000106941,-0.279604,0.000960246,-0.478611,4.9344,-2.61457e+06,-1,1.07182e-09,1,0
0.000108085,-0.278527,0.00147876,-0.4779,4.93074,-2.57691e+06,-1,5.5413e-10,1,0
0.000108906,-0.278946,0.00206339,-0.477823,4.93331,-2.56135e+06,-1,6.71677e-10,1,0
0.000109746,-0.278624,0.00185974,-0.477637,4.93474,-2.5388e+06,-1,3.83558e-10,1,0
0.000110779,-0.278353,0.00110998,-0.477278,4.93523,-2.5127e+06,-1,4.05889e-10,1,0
0.000111629,-0.277995,0.000926552,-0.477455,4.93666,-2.49035e+06,-1,5.31014e-10,1,0
0.000112155,-0.278183,0.000780129,-0.477434,4.93962,-2.48035e+06,-1,3.72957e-10,1,0
0.000113071,-0.278644,0.00138364,-0.477965,4.94174,-2.46433e+06,-1,1.04717e-09,1,0
0.000114302,-0.277326,0.00109836,-0.477227,4.94241,-2.42627e+06,-1,1.23185e-09,1,0
0.000115499,-0.276839,0.00034767,-0.476973,4.93949,-2.39689e+06,-1,7.94525e-10,1,0
0.000115813,-0.276826,0.000572015,-0.477045,4.93907,-2.39027e+06,-1,3.17064e-10,1,0
0.000116094,-0.276988,0.000547494,-0.477235,4.93684,-2.38588e+06,-1,1.0691e-10,1,0
0.000116226,-0.276907,0.000535534,-0.477134,4.93652,-2.38249e+06,-1,3.92e-11,1,0
0.000116936,-0.27737,-0.000266766,-0.477266,4.93649,-2.37198e+06,-1,3.92e-11,1,0
0.000118036,-0.278216,-0.00129329,-0.477218,4.93764,-2.35704e+06,-1,4.27391e-11,1,0
0.000118571,-0.278796,-0.00163528,-0.477007,4.93777,-2.35129e+06,-1,1.1719e-09,1,0
0.000118833,-0.278501,-0.00149149,-0.477086,4.93777,-2.34364e+06,-1,2.13992e-10,1,0
0.000119163,-0.278145,-0.00135147,-0.477293,4.93523,-2.33416e+06,-1,5.65837e-10,1,0
0.00011948,-0.277986,-0.00124767,-0.477237,4.93662,-2.32663e+06,-1,2.52812e-10,1,0
0.000119783,-0.277978,-0.00149937,-0.476942,4.93417,-2.32067e+06,-1,2.48709e-11,1,0
0.000120038,-0.278048,-0.00179907,-0.476849,4.93293,-2.31634e+06,-1,3.08151e-11,1,0
0.000120547,-0.277865,-0.00204131,-0.47696,4.92816,-2.30503e+06,-1,3.2591e-10,1,0
0.000121273,-0.278584,-0.00174782,-0.477403,4.9272,-2.29716e+06,-1,4.95673e-11,1,0
0.000122261,-0.278961,-0.00104315,-0.476873,4.92801,-2.28169e+06,-1,2.71701e-10,1,0
0.00012288,-0.278967,-0.000693273,-0.476146,4.92778,-2.27024e+06,-1,1.32936e-09,1,0
0.000123473,-0.278975,-9.93703e-05,-0.475686,4.9277,-2.2594e+06,-1,3.49618e-10,1,0
0.000123952,-0.279073,0.000181817,-0.475236,4.92836,-2.25146e+06,-1,8.3875e-10,1,0
0.000124427,-0.279471,0.00022704,-0.474755,4.92679,-2.24607e+06,-1,8.88481e-10,1,0
0.000125014,-0.278952,0.000318228,-0.474546,4.92598,-2.23137e+06,-1,2.55477e-11,1,0
0.000125491,-0.279269,0.000184627,-0.474876,4.92293,-2.22542e+06,-1,5.80356e-11,1,0
0.000126703,-0.279769,0.000744235,-0.473523,4.92259,-2.20807e+06,-1,1.28466e-09,1,0
0.000127153,-0.27981,0.000708067,-0.472933,4.92207,-2.20058e+06,-1,9.04194e-10,1,0
0.000127865,-0.280029,0.00106699,-0.473118,4.9247,-2.19003e+06,-1,5.89829e-10,1,0
0.000128129,-0.280018,0.000895923,-0.47342,4.9247,-2.18545e+06,-1,5.89829e-10,1,0
0.000129016,-0.279891,0.00120304,-0.474358,4.92656,-2.16942e+06,-1,2.38709e-11,1,0
0.000129552,-0.280053,0.0017034,-0.474128,4.9258,-2.1617e+06,-1,9.6225e-10,1,0
0.000129956,-0.279995,0.00124279,-0.474083,4.92346,-2.15454e+06,-1,6.09483e-10,1,0
0.000130539,-0.280348,0.00122605,-0.4741,4.92436,-2.14761e+06,-1,4.78366e-10,1,0
0.000131234,-0.280482,0.000721779,-0.474117,4.92439,-2.13727e+06,-1,6.17694e-10,1,0
0.000131971,-0.279651,0.000583872,-0.4746,4.92444,-2.11904e+06,-1,6.17694e-10,1,0
0.000132769,-0.278971,0.000392787,-0.475024,4.92653,-2.10118e+06,-1,2.18951e-09,1,0
0.000133426,-0.279702,-1.04002e-05,-0.474793,4.92649,-2.0963e+06,-1,2.18951e-09,1,0
0.000134941,-0.279229,-0.00049207,-0.474517,4.92966,-2.06926e+06,-1,6.26251e-10,1,0
0.000135073,-0.279223,-0.000530133,-0.474496,4.93026,-2.0672e+06,-1,4.00243e-11,1,0
0.000136522,-0.279227,-0.0014091,-0.472801,4.93025,-2.04529e+06,-1,4.00243e-11,1,0
0.000137464,-0.279899,-0.00231297,-0.47232,4.93164,-2.03617e+06,-1,1.19139e-09,1,0
0.000138153,-0.280282,-0.00149287,-0.472391,4.93162,-2.02879e+06,-1,1.19139e-09,1,0
0.000139164,-0.280119,-0.00219301,-0.47243,4.93116,-2.01286e+06,-1,2.26165e-10,1,0
0.000139666,-0.279824,-0.00187682,-0.472367,4.93095,-2.00352e+06,-1,1.09938e-09,1,0
0.000140109,-0.279542,-0.00136647,-0.472327,4.93096,-1.99517e+06,-1,1.09938e-09,1,0
0.000140736,-0.279001,-0.000748355,-0.472288,4.92969,-1.98244e+06,-1,8.21241e-12,1,0
0.000141445,-0.278288,-0.000699319,-0.471687,4.92796,-1.96746e+06,-1,9.34178e-10,1,0
0.000141846,-0.278315,-0.000759002,-0.4713,4.92914,-1.96209e+06,-1,1.7804e-10,1,0
0.000142303,-0.278033,-0.00068258,-0.470976,4.92759,-1.95381e+06,-1,5.60116e-11,1,0
0.00014268,-0.277881,-0.000394772,-0.470907,4.92971,-1.94758e+06,-1,2.35814e-10,1,0
0.000143202,-0.277561,-0.000428713,-0.470357,4.92995,-1.93825e+06,-1,5.8999e-10,1,0
0.000143695,-0.277217,-0.000839303,-0.470349,4.92879,-1.92921e+06,-1,4.94908e-11,1,0
0.000144188,-0.2775,-0.00137965,-0.470372,4.92753,-1.92456e+06,-1,4.60167e-10,1,0
0.000144617,-0.277629,-0.000973065,-0.470162,4.92578,-1.91976e+06,-1,5.62773e-11,1,0
0.000145756,-0.277782,-0.00110805,-0.470765,4.92707,-1.90581e+06,-1,8.72626e-10,1,0
0.000146277,-0.277834,-0.000815412,-0.470703,4.92499,-1.89937e+06,-1,2.80947e-10,1,0
0.000146521,-0.277764,-0.000744529,-0.470683,4.92631,-1.89572e+06,-1,1.19643e-10,1,0
0.000147064,-0.27753,-0.000910068,-0.471338,4.92632,-1.88714e+06,-1,1.19643e-10,1,0
0.000147495,-0.277332,-0.000879598,-0.471867,4.92506,-1.88028e+06,-1,5.42649e-10,1,0
0.000148508,-0.277565,0.000411602,-0.471626,4.92505,-1.86902e+06,-1,5.42649e-10,1,0
0.000149132,-0.277093,0.000920638,-0.471752,4.92416,-1.85804e+06,-1,2.66909e-10,1,0
0.000149886,-0.276363,0.00152918,-0.471466,4.92596,-1.84382e+06,-1,9.66751e-10,1,0
0.0001508,-0.275996,0.00163477,-0.470325,4.92597,-1.83021e+06,-1,9.66751e-10,1,0
0.000151042,-0.276015,0.00150083,-0.470408,4.9258,-1.82741e+06,-1,9.95868e-12,1,0
0.000151603,-0.276159,0.00105496,-0.470979,4.92579,-1.8216e+06,-1,9.95868e-12,1,0
0.000152147,-0.276313,0.000600456,-0.4715,4.92656,-1.81609e+06,-1,1.58946e-09,1,0
0.000152492,-0.276382,0.00046281,-0.471685,4.92501,-1.81244e+06,-1,3.91802e-10,1,0
0.000152785,-0.276284,0.000760676,-0.471847,4.92491,-1.80831e+06,-1,1.74905e-11,1,0
0.000153134,-0.276274,0.00121243,-0.471929,4.92336,-1.80413e+06,-1,4.59229e-10,1,0
0.00015407,-0.27564,0.000428101,-0.471221,4.92307,-1.78905e+06,-1,1.2327e-09,1,0
0.000154739,-0.276486,0.000188706,-0.471265,4.92302,-1.78679e+06,-1,1.2327e-09,1,0
0.000155031,-0.276292,0.000134422,-0.471167,4.92163,-1.78218e+06,-1,1.59063e-10,1,0
0.00015627,-0.276404,-0.000763792,-0.470125,4.92363,-1.76876e+06,-1,9.9909e-10,1,0
0.000157002,-0.27682,-0.000487019,-0.470099,4.9251,-1.76315e+06,-1,6.26168e-10,1,0
0.000157393,-0.276576,-0.000263967,-0.469728,4.9249,-1.75723e+06,-1,8.41333e-11,1,0
0.000158273,-0.276103,0.000311905,-0.468977,4.92503,-1.74448e+06,-1,1.40274e-11,1,0
0.000159093,-0.276069,0.000281719,-0.468035,4.9278,-1.73527e+06,-1,9.31706e-10,1,0
0.00016021,-0.27573,0.000506859,-0.467958,4.92875,-1.72105e+06,-1,6.63309e-10,1,0
0.000162031,-0.27542,0.000376106,-0.466524,4.9262,-1.69979e+06,-1,2.43913e-09,1,0
0.00016284,-0.275961,3.23935e-05,-0.467374,4.92507,-1.69468e+06,-1,1.55451e-09,1,0
0.000164043,-0.276725,0.00131953,-0.467271,4.92631,-1.68691e+06,-1,1.13301e-09,1,0
0.000164596,-0.277018,0.00166899,-0.467117,4.92441,-1.68302e+06,-1,4.47895e-11,1,0
0.00016536,-0.276678,0.00137085,-0.466338,4.9234,-1.67319e+06,-1,3.1899e-10,1,0
0.000166248,-0.277417,0.00133588,-0.465433,4.92336,-1.6687e+06,-1,3.1899e-10,1,0
0.000167114,-0.276854,0.00158814,-0.464672,4.92155,-1.65668e+06,-1,9.5493e-10,1,0
0.00016808,-0.277749,0.00172533,-0.465564,4.92151,-1.65248e+06,-1,9.5493e-10,1,0
0.000168778,-0.278417,0.00208178,-0.465963,4.92226,-1.64961e+06,-1,1.70255e-09,1,0
0.000169131,-0.278764,0.00237702,-0.466054,4.9215,-1.64822e+06,-1,9.53098e-10,1,0
0.00016947,-0.278725,0.00204233,-0.466304,4.92101,-1.64469e+06,-1,2.46854e-10,1,0
0.000169981,-0.278842,0.00220335,-0.465922,4.92118,-1.64043e+06,-1,4.65079e-11,1,0
0.000171108,-0.279356,0.00273752,-0.464637,4.9184,-1.63263e+06,-1,2.02396e-09,1,0
0.000171956,-0.27926,0.00178275,-0.465207,4.92141,-1.62402e+06,-1,1.11612e-09,1,0
0.000172351,-0.279423,0.00173234,-0.464768,4.91921,-1.62125e+06,-1,4.73949e-10,1,0
0.000173022,-0.280125,0.00130303,-0.465088,4.91918,-1.61902e+06,-1,4.73949e-10,1,0
0.000174409,-0.281361,0.000950075,-0.465849,4.91853,-1.61322e+06,-1,4.32599e-10,1,0
0.000174917,-0.280741,0.000917913,-0.466043,4.91906,-1.605e+06,-1,6.50285e-10,1,0
0.000175234,-0.280801,0.00129119,-0.466114,4.9176,-1.60244e+06,-1,3.49828e-10,1,0
0.000175814,-0.281251,0.00181911,-0.465796,4.91824,-1.59971e+06,-1,8.47529e-10,1,0
0.000176749,-0.281639,0.00116189,-0.464934,4.91772,-1.59343e+06,-1,9.54531e-10,1,0
0.000177694,-0.280572,0.00125563,-0.46438,4.91754,-1.57896e+06,-1,2.87974e-10,1,0
0.000178812,-0.280263,0.000349175,-0.464542,4.91761,-1.56736e+06,-1,8.74621e-10,1,0
0.000180066,-0.281259,-0.000651203,-0.465396,4.91756,-1.56198e+06,-1,8.74621e-10,1,0
0.000180651,-0.281525,-0.000578427,-0.465921,4.9199,-1.5584e+06,-1,2.56199e-09,1,0
0.00018148,-0.281543,-0.000974424,-0.465153,4.91766,-1.55137e+06,-1,5.69731e-10,1,0
0.0001818,-0.281542,-0.00117389,-0.464782,4.91765,-1.54863e+06,-1,1.3975e-09,1,0
0.000182137,-0.281438,-0.00130887,-0.464759,4.91379,-1.5452e+06,-1,2.86216e-10,1,0
0.000182928,-0.281216,-0.00113731,-0.465401,4.91381,-1.53731e+06,-1,1.72869e-10,1,0
0.000183401,-0.281447,-0.00170213,-0.465275,4.91434,-1.5346e+06,-1,6.23046e-10,1,0
0.0001843,-0.281936,-0.00174317,-0.464219,4.91437,-1.52976e+06,-1,4.36643e-10,1,0
0.000185125,-0.281951,-0.00268456,-0.464346,4.90816,-1.52303e+06,-1,8.42962e-10,1,0
0.000186143,-0.282685,-0.00379106,-0.464179,4.90812,-1.51864e+06,-1,8.42962e-10,1,0
0.000186516,-0.282954,-0.00419688,-0.464118,4.90767,-1.51705e+06,-1,1.82872e-09,1,0
0.000187184,-0.282582,-0.0039514,-0.464117,4.90298,-1.50965e+06,-1,4.27218e-10,1,0
0.000188197,-0.282143,-0.00480716,-0.463589,4.89871,-1.49919e+06,-1,3.63786e-10,1,0
0.000188478,-0.282122,-0.00452797,-0.463448,4.8964,-1.49684e+06,-1,9.89042e-10,1,0
0.000189329,-0.281808,-0.00390159,-0.463545,4.89351,-1.48846e+06,-1,3.46082e-10,1,0
0.000190518,-0.28131,-0.00468731,-0.462292,4.8945,-1.47656e+06,-1,1.56103e-09,1,0
0.000191136,-0.281302,-0.00518926,-0.462291,4.89758,-1.47174e+06,-1,1.63423e-10,1,0
0.000192274,-0.280801,-0.0055567,-0.462219,4.89801,-1.46042e+06,-1,5.26176e-10,1,0
0.000193025,-0.28049,-0.00631849,-0.461905,4.89816,-1.45313e+06,-1,9.22862e-10,1,0
0.000193951,-0.281174,-0.00615404,-0.462559,4.89801,-1.44972e+06,-1,1.14854e-09,1,0
0.000195209,-0.280398,-0.00644233,-0.461127,4.89804,-1.4364e+06,-1,1.14854e-09,1,0
0.000195736,-0.280073,-0.00656303,-0.460528,4.89806,-1.43087e+06,-1,1.14854e-09,1,0
0.000196809,-0.279371,-0.00679017,-0.459345,4.8978,-1.4195e+06,-1,3.77624e-09,1,0
0.000197188,-0.278946,-0.00682345,-0.459101,4.89272,-1.41462e+06,-1,8.81588e-11,1,0
0.000197721,-0.278995,-0.00696715,-0.45893,4.89275,-1.41105e+06,-1,3.11595e-10,1,0
0.000198016,-0.278913,-0.00730682,-0.458762,4.89275,-1.40853e+06,-1,3.11595e-10,1,0
0.000198778,-0.278865,-0.00781086,-0.458306,4.88991,-1.4029e+06,-1,2.36952e-10,1,0
0.000199512,-0.27821,-0.0082374,-0.458851,4.88906,-1.39445e+06,-1,8.50983e-12,1,0
0.000200644,-0.277421,-0.00910487,-0.459128,4.88772,-1.38265e+06,-1,5.3814e-10,1,0
0.000202051,-0.278462,-0.00785836,-0.459096,4.88654,-1.37818e+06,-1,2.12843e-10,1,0
0.000202218,-0.278548,-0.00770476,-0.459127,4.8861,-1.37747e+06,-1,6.11015e-11,1,0
0.000202815,-0.278959,-0.00764326,-0.45954,4.88524,-1.37544e+06,-1,5.87653e-10,1,0
0.000204055,-0.278791,-0.00750585,-0.459779,4.88513,-1.36626e+06,-1,6.54832e-10,1,0
0.00020428,-0.278728,-0.00756337,-0.460016,4.88469,-1.36444e+06,-1,1.48114e-10,1,0
0.000205233,-0.278813,-0.00810873,-0.4607,4.88467,-1.35851e+06,-1,1.70712e-10,1,0
0.000205544,-0.279164,-0.00815227,-0.460555,4.88171,-1.35817e+06,-1,1.62927e-10,1,0
0.000206449,-0.279679,-0.00746996,-0.460559,4.88102,-1.35471e+06,-1,1.86442e-10,1,0
0.000206845,-0.279315,-0.00734419,-0.460525,4.88103,-1.35036e+06,-1,1.76598e-10,1,0
0.000207684,-0.278998,-0.00721114,-0.459941,4.87804,-1.34338e+06,-1,3.5196e-10,1,0
0.000209209,-0.280043,-0.00559076,-0.46047,4.87799,-1.33858e+06,-1,3.5196e-10,1,0
0.000209705,-0.280258,-0.00542546,-0.46073,4.87932,-1.33644e+06,-1,2.30221e-10,1,0
0.000209917,-0.280417,-0.00557126,-0.460557,4.87905,-1.33585e+06,-1,2.77177e-10,1,0
0.000210164,-0.280688,-0.00574489,-0.460593,4.88158,-1.33557e+06,-1,3.23337e-10,1,0
0.000210447,-0.280741,-0.00584909,-0.460878,4.88351,-1.33402e+06,-1,2.8915e-10,1,0
0.000211444,-0.282027,-0.00592713,-0.46066,4.88345,-1.33382e+06,-1,2.8915e-10,1,0
0.000211712,-0.282374,-0.00594815,-0.460601,4.88343,-1.33376e+06,-1,2.8915e-10,1,0
0.000212332,-0.283174,-0.0059967,-0.460465,4.88339,-1.33364e+06,-1,2.8915e-10,1,0
0.000212684,-0.283162,-0.00599358,-0.460579,4.88499,-1.33137e+06,-1,4.35801e-11,1,0
0.000213493,-0.282558,-0.00572849,-0.461227,4.88459,-1.3235e+06,-1,1.13978e-09,1,0
0.00021417,-0.282203,-0.00539099,-0.460699,4.88692,-1.31766e+06,-1,6.56059e-10,1,0
0.000215034,-0.282882,-0.00454314,-0.460828,4.88693,-1.31552e+06,-1,7.47421e-10,1,0
0.00021559,-0.283109,-0.00385057,-0.460839,4.88692,-1.31318e+06,-1,7.47421e-10,1,0
0.000216947,-0.28389,-0.00358095,-0.459863,4.88621,-1.30857e+06,-1,4.36913e-10,1,0
0.000217313,-0.284085,-0.00339179,-0.459913,4.88871,-1.30726e+06,-1,3.32632e-10,1,0
0.00021845,-0.284446,-0.00251927,-0.46023,4.88621,-1.30211e+06,-1,3.01708e-10,1,0
0.000219171,-0.283876,-0.00206925,-0.460809,4.88333,-1.29523e+06,-1,8.84854e-10,1,0
0.000219755,-0.284545,-0.00239964,-0.46098,4.88329,-1.29483e+06,-1,8.84854e-10,1,0
0.000220181,-0.284713,-0.00232081,-0.461398,4.88237,-1.29309e+06,-1,9.1068e-10,1,0
0.000221227,-0.284615,-0.00249777,-0.461961,4.87934,-1.28653e+06,-1,1.24443e-09,1,0
0.000221857,-0.284254,-0.00272606,-0.461433,4.87922,-1.28125e+06,-1,4.60276e-10,1,0
0.000222219,-0.28417,-0.00246635,-0.461747,4.87913,-1.27879e+06,-1,1.51692e-10,1,0
0.000222725,-0.283873,-0.00200379,-0.461597,4.88008,-1.27454e+06,-1,5.20576e-10,1,0
0.00022341,-0.284592,-0.00208888,-0.46145,4.87912,-1.27386e+06,-1,7.94853e-10,1,0
0.000223805,-0.284793,-0.00229449,-0.461275,4.87842,-1.2725e+06,-1,3.5401e-10,1,0
0.000224135,-0.284803,-0.00262138,-0.461557,4.87749,-1.27068e+06,-1,5.96581e-10,1,0
0.000224861,-0.284586,-0.0021213,-0.461067,4.87934,-1.26561e+06,-1,2.02861e-10,1,0
0.000225244,-0.284638,-0.00230553,-0.461409,4.87971,-1.26369e+06,-1,1.06075e-10,1,0
0.000225826,-0.284538,-0.00218959,-0.461031,4.8816,-1.25999e+06,-1,5.79129e-10,1,0
0.000226735,-0.283563,-0.0015661,-0.460747,4.88165,-1.25064e+06,-1,5.79129e-10,1,0
0.000228449,-0.282105,-0.000580606,-0.461811,4.8811,-1.23487e+06,-1,1.72898e-09,1,0
0.000228866,-0.282127,-0.000458755,-0.461496,4.8816,-1.23272e+06,-1,3.00523e-10,1,0
0.000229502,-0.282651,3.14191e-06,-0.461041,4.8813,-1.23158e+06,-1,8.89189e-10,1,0
0.000229973,-0.283012,-1.85144e-05,-0.46151,4.88181,-1.23063e+06,-1,4.85624e-10,1,0
0.000230379,-0.283483,0.000154363,-0.461668,4.88158,-1.23051e+06,-1,2.91959e-10,1,0
0.000231285,-0.284288,0.000168295,-0.462162,4.88059,-1.22917e+06,-1,1.111e-09,1,0
0.000232057,-0.284695,1.50928e-06,-0.462725,4.87867,-1.22683e+06,-1,1.11813e-09,1,0
0.000232477,-0.284729,0.000341181,-0.462678,4.87604,-1.22476e+06,-1,6.74519e-10,1,0
0.00023307,-0.284301,0.00060063,-0.462084,4.87606,-1.21981e+06,-1,6.74519e-10,1,0
0.00023351,-0.283969,0.000184784,-0.462071,4.87733,-1.21609e+06,-1,5.29723e-10,1,0
0.000233823,-0.283849,-4.73253e-05,-0.462146,4.87565,-1.21395e+06,-1,1.39191e-10,1,0
0.000234453,-0.283807,0.000734625,-0.462407,4.87565,-1.21051e+06,-1,1.39191e-10,1,0
0.0002349,-0.283452,0.000372141,-0.462151,4.8758,-1.20669e+06,-1,8.35409e-10,1,0
0.000235917,-0.282545,-0.000494931,-0.462485,4.87516,-1.19764e+06,-1,1.20743e-09,1,0
0.00023638,-0.28235,-0.000763131,-0.461976,4.87517,-1.19448e+06,-1,1.20743e-09,1,0
0.000236783,-0.281916,-0.00088811,-0.46212,4.87499,-1.19061e+06,-1,6.65166e-10,1,0
0.000237439,-0.28136,-0.00102755,-0.462553,4.87383,-1.18498e+06,-1,1.16895e-09,1,0
0.000238274,-0.281807,-0.000970227,-0.46355,4.87583,-1.1827e+06,-1,1.25418e-09,1,0
0.000238817,-0.281621,-0.00035311,-0.463249,4.87671,-1.17923e+06,-1,7.11306e-10,1,0
0.000239461,-0.282107,0.00032437,-0.463376,4.8748,-1.17809e+06,-1,8.43413e-10,1,0
0.000240303,-0.283107,5.35328e-05,-0.463417,4.87458,-1.17812e+06,-1,3.34154e-10,1,0
0.000241055,-0.282782,0.000600126,-0.463148,4.87664,-1.1731e+06,-1,2.2275e-10,1,0
0.000241372,-0.282472,0.000605138,-0.462994,4.8757,-1.17028e+06,-1,5.47279e-11,1,0
0.000242001,-0.281908,0.000962727,-0.462643,4.87694,-1.1649e+06,-1,3.99512e-10,1,0
0.000243078,-0.282371,0.00068691,-0.463036,4.87764,-1.16165e+06,-1,3.81298e-10,1,0
0.000243941,-0.2823,0.000422625,-0.463999,4.87909,-1.15725e+06,-1,1.60151e-10,1,0
0.000244435,-0.282568,0.000538074,-0.464567,4.8789,-1.15601e+06,-1,1.01036e-09,1,0
0.000244779,-0.282665,0.000642302,-0.464827,4.87918,-1.15478e+06,-1,9.09623e-11,1,0
0.000245083,-0.282991,0.00072765,-0.464976,4.87948,-1.15467e+06,-1,1.19287e-10,1,0
0.000245889,-0.284016,0.000811089,-0.465217,4.87761,-1.15506e+06,-1,1.33605e-09,1,0
0.000247094,-0.283767,0.000579012,-0.464148,4.87578,-1.14842e+06,-1,6.07124e-10,1,0
0.000247402,-0.283668,0.000771197,-0.463971,4.87337,-1.14659e+06,-1,7.25946e-11,1,0
0.000248353,-0.282751,0.00147141,-0.464441,4.87341,-1.1385e+06,-1,7.25946e-11,1,0
0.000248635,-0.282479,0.00167875,-0.46458,4.87343,-1.13612e+06,-1,7.25946e-11,1,0
0.00024879,-0.28233,0.00179288,-0.464657,4.8737,-1.13481e+06,-1,1.81821e-09,1,0
0.000249054,-0.282424,0.00181651,-0.464334,4.87112,-1.13399e+06,-1,7.35565e-12,1,0
0.000249314,-0.282357,0.00201932,-0.464104,4.86852,-1.13254e+06,-1,1.85047e-11,1,0
0.000249992,-0.282405,0.00125129,-0.463661,4.86762,-1.12966e+06,-1,8.8817e-10,1,0
0.000250656,-0.28253,0.000441342,-0.463806,4.86699,-1.12716e+06,-1,5.23854e-11,1,0
0.000251421,-0.282172,0.000630553,-0.463333,4.86599,-1.12231e+06,-1,6.03442e-10,1,0
0.000251575,-0.282011,0.000511214,-0.46331,4.866,-1.12098e+06,-1,6.03442e-10,1,0
0.000252151,-0.281669,0.00101409,-0.463004,4.86509,-1.11707e+06,-1,6.81333e-10,1,0
0.000252515,-0.281859,0.000980723,-0.462859,4.86756,-1.11621e+06,-1,8.34645e-11,1,0
0.00025297,-0.281847,0.00097823,-0.463129,4.87069,-1.11415e+06,-1,3.52917e-10,1,0
0.000253292,-0.282216,0.00112567,-0.46327,4.87067,-1.11419e+06,-1,3.52917e-10,1,0
0.000253767,-0.28216,0.000575156,-0.463425,4.87139,-1.11188e+06,-1,4.56605e-10,1,0
0.000254288,-0.282152,0.000257933,-0.463839,4.87069,-1.10957e+06,-1,3.70172e-10,1,0
0.000254931,-0.282538,7.20111e-05,-0.464076,4.87016,-1.10829e+06,-1,1.85545e-10,1,0
0.000256122,-0.283814,-0.000513266,-0.464646,4.86963,-1.10812e+06,-1,5.34724e-10,1,0
0.000256229,-0.283823,-0.000572105,-0.46464,4.87097,-1.10769e+06,-1,1.3725e-10,1,0
0.000256543,-0.283413,-0.000602297,-0.464627,4.87037,-1.10474e+06,-1,4.66644e-10,1,0
0.000257167,-0.283362,-0.000229041,-0.464752,4.87032,-1.10186e+06,-1,5.92449e-10,1,0
0.000257805,-0.283925,-0.000753582,-0.464426,4.87029,-1.10132e+06,-1,5.92449e-10,1,0
0.000258529,-0.284426,-0.00128355,-0.464375,4.87087,-1.10017e+06,-1,2.41925e-10,1,0
0.000259716,-0.283049,-0.00117068,-0.465086,4.87094,-1.08984e+06,-1,2.41925e-10,1,0
0.00026001,-0.282879,-0.00109797,-0.465176,4.87156,-1.08795e+06,-1,1.02926e-10,1,0
0.000260791,-0.283309,-0.000870952,-0.464636,4.8744,-1.08635e+06,-1,8.1104e-10,1,0
0.000261582,-0.283939,-0.00129088,-0.465345,4.87437,-1.08547e+06,-1,8.1104e-10,1,0
0.000262464,-0.284639,-0.00175542,-0.466137,4.87368,-1.08449e+06,-1,2.08205e-10,1,0
0.000262547,-0.284665,-0.00173423,-0.46624,4.87227,-1.08424e+06,-1,1.09119e-10,1,0
0.000263672,-0.283855,-0.00185406,-0.465907,4.86996,-1.07654e+06,-1,1.82029e-10,1,0
0.000264307,-0.283202,-0.00169236,-0.465793,4.87144,-1.07149e+06,-1,7.24211e-10,1,0
0.00026478,-0.282704,-0.00146693,-0.465514,4.86904,-1.06769e+06,-1,4.37194e-12,1,0
0.000265791,-0.282043,-0.000915406,-0.465401,4.87095,-1.06115e+06,-1,9.22132e-10,1,0
0.000267179,-0.282476,-0.00184797,-0.464846,4.86934,-1.05725e+06,-1,9.71144e-10,1,0
0.000268286,-0.283049,-0.0031731,-0.464985,4.86484,-1.05502e+06,-1,1.45035e-09,1,0
0.000268868,-0.283107,-0.00273705,-0.464669,4.86524,-1.05296e+06,-1,4.45779e-10,1,0
0.000269961,-0.283325,-0.00214129,-0.464362,4.86212,-1.0495e+06,-1,3.91651e-10,1,0
0.000270358,-0.283636,-0.00229175,-0.464415,4.86355,-1.04912e+06,-1,1.37036e-10,1,0
0.000271218,-0.282644,-0.00203586,-0.464334,4.86303,-1.04213e+06,-1,1.54314e-10,1,0
0.000271988,-0.282692,-0.00261375,-0.464815,4.86211,-1.03936e+06,-1,1.76448e-10,1,0
0.000273477,-0.282212,-0.0033765,-0.464876,4.86178,-1.03194e+06,-1,8.89526e-10,1,0
0.000273706,-0.282145,-0.00351297,-0.465018,4.86101,-1.03083e+06,-1,1.063e-10,1,0
0.000275161,-0.281692,-0.00413647,-0.465768,4.8609,-1.02374e+06,-1,7.21367e-10,1,0
0.000275498,-0.281778,-0.00425755,-0.465757,4.86137,-1.02279e+06,-1,3.33873e-11,1,0
0.000275835,-0.281908,-0.0041268,-0.465357,4.86136,-1.02202e+06,-1,3.33873e-11,1,0
0.000277845,-0.282544,-0.00420084,-0.464627,4.86595,-1.01691e+06,-1,9.71685e-10,1,0
0.000278134,-0.28237,-0.00450582,-0.464768,4.86391,-1.01523e+06,-1,3.78787e-10,1,0
0.000279085,-0.281935,-0.00363064,-0.464839,4.86567,-1.01021e+06,-1,4.42875e-10,1,0
0.000279864,-0.282193,-0.00303882,-0.464141,4.86505,-1.00832e+06,-1,1.8332e-10,1,0
0.000280344,-0.282352,-0.00270154,-0.463683,4.8647,-1.00716e+06,-1,6.87419e-11,1,0
0.000280873,-0.282855,-0.002739,-0.463724,4.86476,-1.00705e+06,-1,2.15512e-10,1,0
0.000281016,-0.282852,-0.00278217,-0.463906,4.86526,-1.00654e+06,-1,1.8639e-10,1,0
0.000281573,-0.283341,-0.00319033,-0.463725,4.86517,-1.00628e+06,-1,4.39623e-10,1,0
0.000282814,-0.284524,-0.00376738,-0.463494,4.86367,-1.00605e+06,-1,5.40975e-10,1,0
0.00028303,-0.284574,-0.00351733,-0.463553,4.86497,-1.00546e+06,-1,3.81242e-11,1,0
0.000283296,-0.284526,-0.00324941,-0.46358,4.86674,-1.00434e+06,-1,5.21231e-10,1,0
0.0002842,-0.283533,-0.00291984,-0.463278,4.8672,-997653,-1,6.95542e-10,1,0
0.000284398,-0.283427,-0.00290111,-0.463346,4.86729,-996586,-1,1.09535e-10,1,0
0.000284984,-0.283936,-0.00290727,-0.463558,4.86971,-996324,-1,1.35178e-10,1,0
0.000285888,-0.284803,-0.00310334,-0.463951,4.87133,-996205,-1,3.09974e-10,1,0
0.000286383,-0.2846,-0.00327057,-0.46405,4.87019,-993774,-1,4.28616e-10,1,0
0.000286846,-0.284277,-0.00310855,-0.463817,4.86869,-991042,-1,4.38102e-10,1,0
0.000287163,-0.284501,-0.00296299,-0.463537,4.86965,-990730,-1,2.29147e-10,1,0
0.000287591,-0.284427,-0.00252851,-0.463191,4.86831,-988998,-1,5.60514e-10,1,0
0.000287949,-0.284491,-0.00268296,-0.463519,4.86995,-987991,-1,3.64851e-10,1,0
0.000289423,-0.283758,-0.00323455,-0.464657,4.87016,-980428,-1,1.63484e-09,1,0
0.000290115,-0.283424,-0.00367233,-0.464011,4.87073,-976935,-1,7.61282e-10,1,0
0.000290912,-0.282644,-0.00378561,-0.463508,4.86964,-971579,-1,9.45305e-10,1,0
0.000291365,-0.282925,-0.00335892,-0.463316,4.86908,-971033,-1,2.1087e-10,1,0
0.00029259,-0.284199,-0.00275238,-0.462596,4.87067,-971321,-1,9.32552e-12,1,0
0.000293091,-0.283939,-0.0023351,-0.462253,4.87024,-968773,-1,5.47418e-10,1,0
0.00029359,-0.283575,-0.00221217,-0.462263,4.86959,-965888,-1,2.84069e-10,1,0
0.000293746,-0.283415,-0.00226686,-0.462301,4.87202,-964831,-1,1.06248e-10,1,0
0.00029477,-0.283286,-0.00237668,-0.462171,4.8733,-961041,-1,2.03609e-10,1,0
0.000295407,-0.283616,-0.00174266,-0.462064,4.87214,-960085,-1,3.68999e-10,1,0
0.000296895,-0.284057,-0.00239223,-0.460422,4.87238,-956759,-1,1.1128e-09,1,0
0.000297567,-0.283853,-0.00275078,-0.460676,4.87413,-953913,-1,2.51643e-10,1,0
0.000298597,-0.284662,-0.00237455,-0.461358,4.87471,-953333,-1,3.77838e-10,1,0
0.000298923,-0.285033,-0.00234893,-0.461569,4.87595,-953532,-1,1.39904e-09,1,0
0.000300026,-0.284433,-0.00304213,-0.462261,4.87547,-948029,-1,2.82082e-10,1,0
0.000300394,-0.284051,-0.0029688,-0.462071,4.87349,-945595,-1,4.06956e-10,1,0
0.000300645,-0.284189,-0.00290038,-0.462281,4.8766,-945265,-1,5.63827e-11,1,0
0.000300851,-0.284246,-0.00305322,-0.462238,4.87363,-944806,-1,1.74776e-10,1,0
0.000301815,-0.284177,-0.00384269,-0.462487,4.87223,-941559,-1,1.00973e-09,1,0
0.000303406,-0.283908,-0.00259842,-0.462687,4.87354,-935738,-1,1.36508e-09,1,0
0.000303603,-0.284045,-0.00244863,-0.462847,4.873,-935581,-1,1.22948e-09,1,0
0.000303918,-0.284169,-0.00231494,-0.462576,4.87344,-935018,-1,2.23272e-10,1,0
0.00030446,-0.283872,-0.00227241,-0.462051,4.87348,-932378,-1,5.25426e-10,1,0
0.000305001,-0.283703,-0.0018581,-0.461621,4.872,-930171,-1,4.00148e-11,1,0
0.000306387,-0.283733,-0.00272281,-0.461408,4.87509,-926061,-1,8.82401e-10,1,0
0.00030775,-0.284181,-0.00328789,-0.460187,4.87385,-923417,-1,2.66627e-10,1,0
0.000308788,-0.283887,-0.00291359,-0.460122,4.86802,-919358,-1,4.38115e-10,1,0
0.000309414,-0.283645,-0.00257091,-0.459752,4.86874,-916718,-1,1.79445e-10,1,0
0.000309732,-0.283527,-0.00223925,-0.459529,4.8692,-915395,-1,1.05626e-09,1,0
0.000310089,-0.283615,-0.0022429,-0.459388,4.87105,-914622,-1,2.25037e-10,1,0
0.000310763,-0.284171,-0.00272523,-0.459058,4.87075,-914429,-1,1.62649e-10,1,0
0.000311453,-0.284604,-0.00227044,-0.459442,4.86862,-913795,-1,7.62231e-10,1,0
0.000311912,-0.284771,-0.00212981,-0.459085,4.8674,-912985,-1,9.20758e-11,1,0
0.000312138,-0.28487,-0.00203613,-0.458842,4.86622,-912642,-1,1.06137e-11,1,0
0.000312824,-0.284603,-0.00160821,-0.459403,4.8655,-909784,-1,9.81385e-11,1,0
0.000314156,-0.285648,-0.00156151,-0.460453,4.86479,-909256,-1,1.11081e-09,1,0
0.00031462,-0.286147,-0.00160503,-0.460797,4.86485,-909499,-1,2.03943e-09,1,0
0.000315477,-0.28631,-0.0015035,-0.461285,4.86473,-907547,-1,2.13541e-10,1,0
0.000316068,-0.286256,-0.0014539,-0.461287,4.86457,-905679,-1,9.16202e-10,1,0
0.000316723,-0.286483,-0.00147174,-0.460461,4.86381,-904523,-1,1.23159e-09,1,0
0.000317065,-0.286665,-0.00130814,-0.460327,4.86112,-904122,-1,1.54403e-10,1,0
0.000318018,-0.286683,-0.000254922,-0.460367,4.85649,-901466,-1,9.7102e-10,1,0
0.000318284,-0.286793,3.57198e-05,-0.460285,4.85762,-901059,-1,2.3988e-11,1,0
0.000319125,-0.286513,0.000765257,-0.459969,4.86117,-897808,-1,5.32803e-11,1,0
0.000320129,-0.286676,0.000599444,-0.458752,4.8585,-895499,-1,1.21331e-09,1,0
0.000320813,-0.286646,-0.000111121,-0.459039,4.85747,-893499,-1,1.52234e-10,1,0
0.000321653,-0.286561,-0.000905387,-0.459502,4.8584,-890900,-1,1.17838e-10,1,0
0.00032192,-0.286586,-0.00114564,-0.459358,4.85896,-890241,-1,2.53513e-10,1,0
0.000322257,-0.286532,-0.00115681,-0.459119,4.8578,-889144,-1,1.64858e-10,1,0
0.000323116,-0.286907,-0.00173829,-0.458372,4.86043,-887939,-1,4.01096e-12,1,0
0.000323986,-0.286191,-0.00234736,-0.458155,4.86219,-883345,-1,9.31452e-10,1,0
0.000324409,-0.286341,-0.0018493,-0.458301,4.8616,-882654,-1,6.84807e-12,1,0
0.000325277,-0.286654,-0.000799574,-0.458602,4.86131,-881261,-1,1.68223e-09,1,0
0.000325604,-0.286447,-0.000787758,-0.458876,4.86102,-879740,-1,1.59599e-10,1,0
0.000325806,-0.286423,-0.000671711,-0.458854,4.864,-879123,-1,1.76531e-10,1,0
0.000326448,-0.286166,-7.99262e-05,-0.458315,4.86401,-876604,-1,1.76531e-10,1,0
0.000327988,-0.285966,0.000701566,-0.458587,4.86648,-871879,-1,4.44281e-10,1,0
0.000328118,-0.286041,0.000842274,-0.458581,4.86519,-871761,-1,5.06382e-11,1,0
0.000328497,-0.286169,0.0013208,-0.458563,4.86518,-871147,-1,5.06382e-11,1,0
0.000330063,-0.286701,0.00329967,-0.458489,4.86682,-868624,-1,2.66594e-09,1,0
0.000330458,-0.286984,0.00347506,-0.458332,4.86789,-868444,-1,1.03921e-10,1,0
0.000330961,-0.287463,0.00368667,-0.457933,4.86786,-868571,-1,1.03921e-10,1,0
0.00033244,-0.286756,0.00309733,-0.456649,4.86737,-862581,-1,1.59934e-09,1,0
0.000332976,-0.286676,0.00274237,-0.456966,4.86819,-860951,-1,2.64436e-10,1,0
0.000333927,-0.286685,0.00239895,-0.457415,4.86727,-858524,-1,8.66021e-10,1,0
0.000334874,-0.286909,0.00246011,-0.456746,4.86686,-856769,-1,1.31928e-09,1,0
0.000335678,-0.28684,0.00310606,-0.457498,4.86415,-854509,-1,1.31939e-09,1,0
0.000336082,-0.287176,0.00287952,-0.457159,4.86413,-854483,-1,1.31939e-09,1,0
0.000336496,-0.28706,0.00296528,-0.45696,4.86789,-853087,-1,1.18953e-10,1,0
0.000336952,-0.286587,0.00291694,-0.457169,4.86966,-850528,-1,1.64009e-10,1,0
0.000337306,-0.286436,0.0031602,-0.457207,4.8705,-849188,-1,2.14469e-10,1,0
0.000337715,-0.286545,0.00333566,-0.457701,4.86952,-848481,-1,5.35506e-10,1,0
0.000338788,-0.285942,0.00406581,-0.457648,4.87073,-844014,-1,1.29518e-10,1,0
0.000338988,-0.285853,0.00424393,-0.457571,4.86935,-843252,-1,1.10124e-09,1,0
0.000339343,-0.285782,0.00390264,-0.457309,4.86858,-842165,-1,1.59668e-10,1,0
0.000339847,-0.285519,0.00345032,-0.457013,4.86857,-840140,-1,2.34167e-10,1,0
0.000339872,-0.285531,0.00347438,-0.457018,4.86951,-840113,-1,6.85546e-11,1,0
0.000340812,-0.285798,0.00314132,-0.456524,4.86963,-838580,-1,8.61633e-10,1,0
0.000341958,-0.285222,0.00310508,-0.456446,4.86392,-834084,-1,6.57836e-10,1,0
0.000342676,-0.28564,0.00357853,-0.457084,4.86172,-833557,-1,9.13628e-10,1,0
0.000343116,-0.285654,0.00396943,-0.457104,4.86277,-832530,-1,4.19243e-10,1,0
0.000344457,-0.286103,0.0035344,-0.458267,4.86392,-830591,-1,1.48842e-09,1,0
0.00034537,-0.286869,0.00414299,-0.458001,4.86394,-830613,-1,7.90107e-10,1,0
0.000345787,-0.2867,0.00454119,-0.457773,4.86262,-829123,-1,1.64523e-11,1,0
0.000346102,-0.286444,0.00476778,-0.457541,4.86263,-827629,-1,1.64523e-11,1,0
0.000346672,-0.286788,0.00484696,-0.457677,4.86143,-827260,-1,5.37524e-10,1,0
0.000347339,-0.286898,0.00534842,-0.458381,4.86055,-825991,-1,8.7138e-10,1,0
0.000348433,-0.287372,0.0059781,-0.457185,4.86052,-824756,-1,8.7138e-10,1,0
0.000349408,-0.287794,0.00653847,-0.456121,4.86039,-823663,-1,2.70703e-09,1,0
0.00034967,-0.287711,0.0066495,-0.456119,4.85795,-822806,-1,8.70114e-11,1,0
0.00035044,-0.287523,0.00761539,-0.455905,4.85796,-820464,-1,8.70114e-11,1,0
0.00035087,-0.287562,0.00789178,-0.455577,4.85958,-819570,-1,2.84208e-10,1,0
0.000351485,-0.287652,0.0081879,-0.456118,4.85605,-818391,-1,4.81817e-10,1,0
0.000351912,-0.287416,0.00782636,-0.456472,4.85425,-816727,-1,5.58489e-10,1,0
0.000352486,-0.287022,0.00746521,-0.456125,4.85505,-814281,-1,1.30193e-10,1,0
0.000353545,-0.286892,0.00656978,-0.455302,4.85387,-811472,-1,1.28853e-09,1,0
0.000354282,-0.286435,0.00601579,-0.455282,4.85256,-808495,-1,9.80783e-10,1,0
0.000354993,-0.285712,0.00548154,-0.455519,4.8526,-804839,-1,9.80783e-10,1,0
0.000355852,-0.28482,0.00488687,-0.455772,4.85219,-800389,-1,2.66577e-09,1,0
0.000356415,-0.284091,0.00490298,-0.455681,4.85426,-797079,-1,8.20869e-10,1,0
0.000357255,-0.284054,0.00404684,-0.456298,4.85499,-795101,-1,1.03637e-09,1,0
0.000357957,-0.283839,0.00380325,-0.45574,4.85605,-792942,-1,9.90937e-11,1,0
0.000358599,-0.284181,0.00414015,-0.45522,4.85534,-792474,-1,2.8585e-10,1,0
0.000359903,-0.285473,0.00454464,-0.454184,4.85642,-793193,-1,2.25877e-09,1,0
0.000360333,-0.285021,0.00466937,-0.453875,4.85644,-790993,-1,2.25877e-09,1,0
0.000360842,-0.284485,0.00481726,-0.453508,4.85595,-788392,-1,1.22774e-09,1,0
0.000361509,-0.283772,0.00449467,-0.453793,4.85665,-784965,-1,7.47177e-10,1,0
0.000361718,-0.283764,0.00440185,-0.453691,4.86115,-784490,-1,1.18376e-10,1,0
0.000362144,-0.283421,0.00461781,-0.453636,4.86169,-782620,-1,4.77095e-10,1,0
0.000363079,-0.283856,0.00492,-0.45474,4.85743,-781800,-1,1.32983e-09,1,0
0.000363457,-0.284034,0.00485595,-0.454303,4.85657,-781480,-1,4.59647e-10,1,0
0.000364186,-0.283579,0.00480841,-0.454151,4.86254,-778665,-1,3.45888e-10,1,0
0.00036481,-0.283784,0.00475782,-0.453903,4.86218,-777894,-1,2.11309e-10,1,0
0.000365613,-0.284124,0.00464317,-0.454345,4.8617,-777117,-1,4.31103e-10,1,0
0.0003661,-0.284117,0.00493122,-0.454297,4.86374,-776063,-1,5.89072e-10,1,0
0.000366287,-0.283934,0.00477232,-0.454309,4.86467,-775167,-1,2.0479e-10,1,0
0.000366605,-0.284076,0.00494614,-0.454024,4.86426,-774883,-1,3.15076e-10,1,0
0.000367294,-0.283285,0.00489451,-0.454454,4.8643,-771278,-1,3.15076e-10,1,0
0.000368166,-0.282406,0.00483162,-0.454982,4.86439,-767063,-1,6.5934e-11,1,0
0.000368786,-0.281726,0.00446623,-0.454737,4.86442,-763928,-1,6.5934e-11,1,0
0.000369117,-0.281362,0.00427097,-0.454606,4.86444,-762258,-1,6.5934e-11,1,0
0.000369614,-0.280974,0.00428462,-0.454624,4.85881,-760182,-1,1.62956e-10,1,0
0.000370445,-0.280543,0.00405186,-0.454287,4.85769,-757314,-1,7.42847e-10,1,0
0.000371507,-0.27966,0.00436295,-0.454488,4.85792,-752772,-1,6.82934e-10,1,0
0.000372491,-0.278557,0.0050226,-0.454427,4.85798,-747822,-1,6.82934e-10,1,0
0.000373434,-0.277499,0.00565506,-0.454368,4.85882,-743099,-1,3.57094e-09,1,0
0.000374529,-0.276529,0.00478719,-0.454153,4.85988,-738339,-1,1.3337e-09,1,0
0.000374712,-0.276454,0.00478712,-0.454172,4.85712,-737777,-1,1.41789e-10,1,0
0.000375729,-0.276162,0.00416655,-0.45443,4.85787,-735003,-1,3.57892e-10,1,0
0.00037625,-0.276396,0.00386871,-0.453997,4.85618,-734608,-1,2.34432e-10,1,0
0.00037666,-0.276469,0.00424081,-0.454275,4.85628,-734001,-1,4.6734e-10,1,0
0.000377393,-0.276263,0.00456333,-0.454016,4.85999,-732030,-1,3.94294e-10,1,0
0.000377934,-0.276631,0.00468334,-0.453573,4.85797,-731955,-1,1.05942e-10,1,0
0.000378249,-0.276402,0.00470856,-0.453833,4.85771,-730739,-1,8.87732e-11,1,0
0.000378665,-0.275967,0.00466778,-0.454157,4.85768,-728791,-1,8.6721e-10,1,0
0.000379109,-0.275477,0.00456328,-0.454404,4.85966,-726644,-1,2.05239e-11,1,0
0.000379798,-0.274671,0.00439562,-0.454774,4.8597,-723201,-1,2.05239e-11,1,0
0.000380325,-0.274495,0.0041972,-0.45537,4.8607,-721737,-1,5.93058e-10,1,0
0.000381795,-0.273421,0.00484834,-0.45473,4.86091,-716146,-1,1.00782e-09,1,0
0.000382813,-0.272947,0.00561127,-0.454662,4.86343,-713004,-1,1.7611e-10,1,0
0.00038402,-0.271613,0.00534582,-0.454504,4.86297,-707290,-1,1.54997e-09,1,0
0.000385036,-0.271374,0.00629796,-0.455319,4.86112,-704802,-1,2.62454e-10,1,0
0.000386019,-0.270823,0.00697504,-0.455835,4.86233,-701578,-1,2.36717e-10,1,0
0.000386883,-0.270328,0.00744716,-0.454975,4.86134,-698733,-1,8.10354e-11,1,0
0.000387877,-0.269697,0.00766772,-0.454412,4.86135,-695317,-1,1.41537e-10,1,0
0.000388587,-0.269414,0.00710742,-0.454488,4.85797,-693316,-1,6.99308e-10,1,0
0.00038916,-0.269976,0.00684724,-0.454642,4.85942,-693741,-1,6.48204e-11,1,0
0.000390076,-0.26973,0.00705496,-0.455002,4.86313,-691481,-1,7.42661e-10,1,0
0.000391377,-0.270267,0.00592377,-0.454877,4.8631,-690555,-1,1.32813e-09,1,0
0.00039226,-0.270096,0.00601806,-0.454473,4.86763,-688562,-1,1.42112e-09,1,0
0.000393138,-0.270022,0.00702025,-0.454442,4.8694,-686838,-1,1.55297e-10,1,0
0.000394116,-0.27082,0.00694913,-0.454762,4.86969,-687158,-1,4.34307e-10,1,0
0.000394524,-0.271186,0.00707026,-0.455133,4.86967,-687374,-1,4.34307e-10,1,0
0.000395127,-0.271848,0.0069439,-0.45549,4.87048,-688002,-1,1.55324e-09,1,0
0.000395662,-0.272138,0.00691738,-0.455847,4.86977,-687804,-1,1.08132e-09,1,0
0.00039613,-0.271801,0.00736676,-0.455812,4.8704,-686141,-1,5.06962e-10,1,0
0.000396716,-0.271924,0.00734954,-0.455131,4.86833,-685439,-1,6.32169e-10,1,0
0.000396992,-0.271894,0.00768252,-0.455241,4.86801,-684885,-1,2.1721e-11,1,0
0.000398284,-0.271972,0.00830974,-0.454171,4.86653,-682860,-1,1.38871e-09,1,0
0.000398694,-0.272208,0.00836724,-0.454273,4.86224,-682748,-1,1.60954e-10,1,0
0.000399285,-0.272074,0.00893841,-0.45471,4.86428,-681403,-1,2.24123e-11,1,0
0.000399617,-0.2723,0.00905998,-0.454547,4.86211,-681403,-1,7.20479e-11,1,0
0.00040044,-0.273064,0.00944499,-0.45399,4.86246,-681909,-1,1.23238e-09,1,0
0.000401022,-0.273354,0.00953771,-0.453574,4.86182,-681644,-1,1.87356e-10,1,0
0.000401464,-0.273424,0.00919427,-0.453279,4.86276,-681067,-1,2.83891e-10,1,0
0.00040324,-0.272952,0.00777348,-0.455057,4.86259,-676898,-1,2.32396e-09,1,0
0.000403799,-0.272829,0.00731021,-0.454639,4.86444,-675657,-1,3.24199e-11,1,0
0.000404236,-0.27293,0.00759607,-0.454512,4.86658,-675175,-1,3.32995e-10,1,0
0.00040463,-0.273357,0.00768901,-0.454505,4.8668,-675573,-1,2.94561e-10,1,0
0.000405416,-0.273533,0.00772643,-0.453925,4.86814,-674697,-1,2.3983e-10,1,0
0.000405964,-0.273439,0.0072977,-0.454154,4.86903,-673554,-1,1.56259e-11,1,0
0.000406311,-0.27319,0.00733848,-0.454078,4.87069,-672366,-1,7.23148e-10,1,0
0.000406712,-0.272809,0.00763836,-0.454111,4.87092,-670768,-1,4.44472e-10,1,0
0.00040702,-0.272527,0.00783652,-0.454241,4.86974,-669566,-1,2.72503e-11,1,0
0.000407507,-0.273007,0.00816418,-0.454357,4.86987,-669943,-1,3.33982e-10,1,0
0.000408607,-0.27359,0.00815277,-0.454552,4.87148,-669568,-1,2.35112e-11,1,0
0.000409162,-0.273257,0.00798057,-0.454735,4.87387,-667844,-1,5.485e-10,1,0
0.000410065,-0.272618,0.00864658,-0.455421,4.87376,-664816,-1,1.15033e-09,1,0
0.000410561,-0.272652,0.00820803,-0.455032,4.87418,-664095,-1,5.87127e-10,1,0
0.000410653,-0.272618,0.00811156,-0.455022,4.8768,-663865,-1,1.10173e-10,1,0
0.000411372,-0.272403,0.00872071,-0.455171,4.87427,-662183,-1,5.31638e-10,1,0
0.000411753,-0.272521,0.00876761,-0.455066,4.8725,-661855,-1,2.96426e-10,1,0
0.000412338,-0.273126,0.00887584,-0.454773,4.87229,-662385,-1,4.60316e-10,1,0
0.000413606,-0.274099,0.00996346,-0.453978,4.87224,-662705,-1,4.60316e-10,1,0
0.000413822,-0.274115,0.0100555,-0.453801,4.8715,-662399,-1,4.82549e-11,1,0
0.000414619,-0.273769,0.0109451,-0.4538,4.87049,-660292,-1,2.91178e-10,1,0
0.000415334,-0.273503,0.0118347,-0.453927,4.8697,-658513,-1,1.81692e-09,1,0
0.000416245,-0.272812,0.0109872,-0.453838,4.86808,-655412,-1,1.70484e-10,1,0
0.000417099,-0.272208,0.010049,-0.453766,4.86701,-652621,-1,2.08934e-09,1,0
0.000418189,-0.271721,0.0110783,-0.454626,4.86703,-649755,-1,2.08934e-09,1,0
0.000418511,-0.271684,0.0111008,-0.454648,4.86835,-649169,-1,1.86376e-10,1,0
0.000419311,-0.272114,0.0111798,-0.454031,4.86898,-648956,-1,2.37983e-10,1,0
0.000419635,-0.272341,0.0113966,-0.453866,4.87093,-648995,-1,1.48747e-10,1,0
0.000419935,-0.272072,0.0115358,-0.453685,4.87139,-647890,-1,8.98138e-11,1,0
0.000420633,-0.272624,0.0110295,-0.453195,4.87143,-648127,-1,8.9852e-10,1,0
0.000421296,-0.272134,0.0116437,-0.452987,4.87027,-645945,-1,1.6935e-10,1,0
0.000421487,-0.272155,0.0117354,-0.453051,4.87171,-645701,-1,7.99202e-10,1,0
0.000421673,-0.272307,0.0117222,-0.453242,4.8717,-645777,-1,7.99202e-10,1,0
0.000421972,-0.272551,0.0117011,-0.453548,4.87013,-645898,-1,7.64945e-10,1,0
0.000422165,-0.27248,0.0115951,-0.453651,4.86348,-645435,-1,2.05819e-10,1,0
0.000422275,-0.272509,0.0116181,-0.453644,4.86329,-645335,-1,3.71108e-11,1,0
0.000422847,-0.272697,0.011867,-0.453542,4.86269,-644908,-1,4.34154e-11,1,0
0.000423668,-0.273391,0.0111072,-0.453852,4.86324,-645296,-1,1.32853e-09,1,0
0.000423921,-0.273364,0.0108181,-0.453892,4.86213,-644846,-1,2.90937e-10,1,0
0.000424561,-0.272805,0.0105901,-0.453441,4.86131,-642558,-1,1.25048e-10,1,0
0.000425157,-0.272564,0.0104125,-0.454065,4.86262,-641091,-1,3.1044e-10,1,0
0.00042579,-0.27253,0.0105893,-0.45431,4.86144,-640057,-1,4.86738e-10,1,0
0.000426169,-0.272893,0.0107882,-0.454383,4.85914,-640341,-1,3.52403e-11,1,0
0.000426644,-0.273055,0.0108107,-0.454333,4.86393,-640007,-1,2.7557e-10,1,0
0.00042711,-0.273027,0.0105255,-0.454632,4.86724,-639243,-1,2.53433e-10,1,0
0.000427469,-0.273309,0.0105763,-0.454839,4.87173,-639366,-1,9.98971e-11,1,0
0.000427845,-0.273191,0.0107779,-0.45448,4.87091,-638528,-1,1.47908e-10,1,0
0.000428134,-0.272949,0.010895,-0.454213,4.87215,-637531,-1,6.6431e-10,1,0
0.000428986,-0.272223,0.0111976,-0.45456,4.87241,-634575,-1,7.07251e-10,1,0
0.000430023,-0.271262,0.0102537,-0.454386,4.87245,-630808,-1,7.07251e-10,1,0
0.000431131,-0.270235,0.00924539,-0.4542,4.87152,-626805,-1,2.80981e-09,1,0
0.000431574,-0.270445,0.00944025,-0.453788,4.871,-626648,-1,2.52131e-10,1,0
0.000432339,-0.269696,0.00954018,-0.453142,4.86992,-623807,-1,9.74405e-10,1,0
0.000433304,-0.269917,0.0094504,-0.453598,4.87325,-622929,-1,6.79143e-11,1,0
0.000434195,-0.270854,0.00913119,-0.454103,4.87302,-623807,-1,6.80344e-10,1,0
0.000435189,-0.271022,0.00866654,-0.454146,4.87082,-622767,-1,3.65147e-10,1,0
0.000436133,-0.271396,0.00895471,-0.455288,4.8708,-622279,-1,3.65147e-10,1,0
0.000436368,-0.271482,0.00923455,-0.45527,4.87076,-622140,-1,2.58893e-12,1,0
0.000436435,-0.271521,0.00930734,-0.45526,4.87076,-622135,-1,3.47562e-10,1,0
0.000437238,-0.272357,0.00992876,-0.455111,4.86941,-622904,-1,1.08142e-09,1,0
0.000437577,-0.272692,0.0098657,-0.455184,4.86656,-623185,-1,7.42271e-11,1,0
0.000437886,-0.273052,0.00976158,-0.455337,4.86654,-623567,-1,7.42271e-11,1,0
0.000438655,-0.273085,0.0101074,-0.454697,4.86994,-622552,-1,9.59069e-10,1,0
0.000440155,-0.272774,0.0110471,-0.453001,4.86996,-619724,-1,9.59069e-10,1,0
0.00044053,-0.272671,0.0114562,-0.452765,4.86979,-618962,-1,2.83455e-09,1,0
0.000441775,-0.272318,0.0128799,-0.452051,4.86981,-616417,-1,2.83455e-09,1,0
0.000442321,-0.272529,0.0134118,-0.451862,4.869,-616134,-1,3.86131e-10,1,0
0.000442912,-0.272982,0.0129707,-0.452089,4.87012,-616335,-1,5.23754e-10,1,0
0.000443872,-0.272188,0.0128208,-0.452358,4.86708,-613214,-1,2.63168e-10,1,0
0.000445364,-0.271107,0.0114183,-0.452727,4.86705,-608731,-1,9.71327e-10,1,0
0.000445807,-0.270843,0.0113856,-0.452554,4.86359,-607533,-1,3.08496e-10,1,0
0.000446498,-0.27135,0.0116371,-0.452212,4.86591,-607730,-1,3.83021e-10,1,0
0.000447507,-0.272296,0.0121066,-0.45216,4.86518,-608473,-1,1.49219e-09,1,0
0.000447791,-0.272292,0.0124706,-0.452129,4.86394,-608079,-1,2.64282e-11,1,0
0.000448294,-0.27277,0.0121802,-0.451782,4.86392,-608463,-1,2.64282e-11,1,0
0.000449641,-0.274051,0.0114026,-0.450852,4.86385,-609488,-1,2.64282e-11,1,0
0.000450932,-0.275278,0.0106578,-0.449962,4.86177,-610464,-1,4.11058e-09,1,0
0.000451596,-0.274734,0.0108558,-0.450164,4.86268,-608362,-1,4.80935e-10,1,0
0.000453192,-0.274314,0.00949654,-0.449653,4.86034,-605293,-1,1.43393e-09,1,0
0.00045462,-0.275664,0.00883318,-0.448546,4.85928,-606362,-1,1.8674e-09,1,0
0.00045498,-0.275765,0.00866168,-0.448682,4.86112,-606104,-1,1.94916e-10,1,0
0.00045513,-0.275668,0.00868089,-0.448661,4.85822,-605692,-1,1.22633e-10,1,0
0.000455814,-0.276085,0.00917034,-0.448587,4.85605,-605695,-1,1.96588e-10,1,0
0.00045682,-0.274902,0.0090594,-0.448685,4.85474,-601774,-1,1.24721e-09,1,0
0.000457644,-0.274663,0.00805282,-0.448805,4.85107,-600168,-1,2.80098e-11,1,0
0.000458136,-0.27508,0.00805006,-0.449169,4.85199,-600434,-1,5.66726e-10,1,0
0.000458378,-0.274873,0.0078192,-0.449236,4.852,-599665,-1,5.66726e-10,1,0
0.000458696,-0.274602,0.00751624,-0.449324,4.85201,-598658,-1,5.66726e-10,1,0
0.00045998,-0.273509,0.00629468,-0.449679,4.85207,-594612,-1,5.66726e-10,1,0
0.000460939,-0.273038,0.00559642,-0.449804,4.85202,-592351,-1,7.33907e-11,1,0
0.000461326,-0.273083,0.00584227,-0.449617,4.85001,-591952,-1,6.9801e-11,1,0
0.000461742,-0.273261,0.00533453,-0.449539,4.84907,-591805,-1,5.43804e-10,1,0
0.000463558,-0.274128,0.0062905,-0.451154,4.84715,-591356,-1,1.82485e-09,1,0
0.000464407,-0.275133,0.00631958,-0.451198,4.84788,-592439,-1,3.69726e-10,1,0
0.00046466,-0.275395,0.00644536,-0.451334,4.84798,-592680,-1,1.68433e-10,1,0
0.000464928,-0.275578,0.00646354,-0.45144,4.84853,-592733,-1,4.78235e-10,1,0
0.000465309,-0.275603,0.00597167,-0.451443,4.85017,-592300,-1,6.01103e-10,1,0
0.000465727,-0.275808,0.00583482,-0.451258,4.84962,-592209,-1,2.00782e-10,1,0
0.000466452,-0.276421,0.00628381,-0.451478,4.84596,-592604,-1,7.87579e-10,1,0
0.000467585,-0.276799,0.00648065,-0.452671,4.84769,-591977,-1,1.10126e-10,1,0
0.000467911,-0.276688,0.00653359,-0.452805,4.84735,-591326,-1,1.33711e-10,1,0
0.000468887,-0.277172,0.00685238,-0.452207,4.84394,-591128,-1,6.76921e-10,1,0
0.000469793,-0.277543,0.0067664,-0.451261,4.84476,-590776,-1,2.12733e-10,1,0
0.000470288,-0.277263,0.00629626,-0.451358,4.84556,-589559,-1,2.6519e-11,1,0
0.000471163,-0.27683,0.00525437,-0.451535,4.84558,-587548,-1,2.6519e-11,1,0
0.000471731,-0.276318,0.0048314,-0.451643,4.84481,-585753,-1,2.01445e-09,1,0
0.000472407,-0.275982,0.00478473,-0.451549,4.85038,-584203,-1,4.94641e-10,1,0
0.000473178,-0.275809,0.00498752,-0.451339,4.85146,-582886,-1,5.61742e-10,1,0
0.000473723,-0.275918,0.0054469,-0.451015,4.84897,-582445,-1,2.7972e-10,1,0
0.000474646,-0.276379,0.00625495,-0.451247,4.84904,-582284,-1,4.06485e-10,1,0
0.000475611,-0.275321,0.00627063,-0.450663,4.85076,-578879,-1,1.21525e-09,1,0
0.000476276,-0.274992,0.00694257,-0.451039,4.8505,-577379,-1,7.66564e-10,1,0
0.000476802,-0.274844,0.00717441,-0.451298,4.85061,-576433,-1,5.64386e-10,1,0
0.00047726,-0.274837,0.00738134,-0.451101,4.85254,-575864,-1,2.39757e-10,1,0
0.000477611,-0.274921,0.00754056,-0.451013,4.85278,-575616,-1,2.79005e-10,1,0
0.000477953,-0.274851,0.00727937,-0.450658,4.85279,-575058,-1,2.79005e-10,1,0
0.000478983,-0.274905,0.00770857,-0.449998,4.85125,-573936,-1,2.04613e-10,1,0
0.00047921,-0.274638,0.00783417,-0.450033,4.85107,-573105,-1,2.97736e-10,1,0
0.00048014,-0.275789,0.0082245,-0.450051,4.85019,-574392,-1,1.21557e-09,1,0
0.000480375,-0.275795,0.00804887,-0.449881,4.84795,-574126,-1,2.42855e-10,1,0
0.00048091,-0.276017,0.00773894,-0.450159,4.84595,-573948,-1,6.43167e-10,1,0
0.000481301,-0.275848,0.00776003,-0.450473,4.84668,-573129,-1,1.02205e-10,1,0
0.000482051,-0.274988,0.00776769,-0.450003,4.84684,-570455,-1,9.79333e-10,1,0
0.000482216,-0.275073,0.00763156,-0.450093,4.84718,-570435,-1,9.29199e-11,1,0
0.00048297,-0.275257,0.00743434,-0.450472,4.84605,-569927,-1,7.82545e-10,1,0
0.000483174,-0.275361,0.00736938,-0.450429,4.84012,-569899,-1,4.56638e-11,1,0
0.000483719,-0.275386,0.00720979,-0.450923,4.84155,-569310,-1,5.34471e-10,1,0
0.000485389,-0.276153,0.00650065,-0.449278,4.841,-568932,-1,9.71198e-10,1,0
0.000486395,-0.275927,0.00654491,-0.448663,4.83956,-567290,-1,4.72568e-10,1,0
0.000487201,-0.275146,0.00688394,-0.448043,4.83874,-564748,-1,1.89363e-09,1,0
0.0004878,-0.275112,0.00740442,-0.447525,4.8405,-563985,-1,6.82327e-10,1,0
0.000488256,-0.275292,0.00701457,-0.447207,4.83908,-563827,-1,3.18407e-10,1,0
0.000489098,-0.274609,0.00776934,-0.446961,4.84008,-561460,-1,1.07285e-09,1,0
0.000489673,-0.274898,0.00793281,-0.446922,4.84311,-561391,-1,2.67682e-10,1,0
0.000490341,-0.275289,0.00817793,-0.447004,4.84606,-561423,-1,1.12525e-09,1,0
0.000490861,-0.275058,0.00823457,-0.446501,4.84621,-560358,-1,1.42831e-10,1,0
0.000491216,-0.274901,0.0085423,-0.446331,4.84706,-559634,-1,4.82185e-11,1,0
0.000491775,-0.275338,0.00809546,-0.446161,4.84545,-559886,-1,6.85567e-10,1,0
0.000491828,-0.275347,0.00813444,-0.446115,4.84541,-559844,-1,2.08621e-11,1,0
0.000492192,-0.275706,0.00819719,-0.44616,4.84506,-560159,-1,4.02324e-10,1,0
0.00049277,-0.275874,0.00796118,-0.446013,4.84091,-559844,-1,5.0884e-10,1,0
0.000494207,-0.275688,0.00729924,-0.445117,4.84274,-557838,-1,9.71462e-10,1,0
0.000494933,-0.275504,0.00727491,-0.444288,4.84259,-556649,-1,1.40446e-09,1,0
0.000495507,-0.275053,0.00765193,-0.444212,4.84408,-555095,-1,8.24361e-11,1,0
0.000496975,-0.274234,0.00645974,-0.443863,4.8433,-551806,-1,4.32722e-10,1,0
0.000497153,-0.274252,0.00631778,-0.44389,4.84541,-551645,-1,1.68088e-09,1,0
0.000497412,-0.274251,0.00617837,-0.444044,4.84728,-551357,-1,1.7201e-10,1,0
0.000497959,-0.274557,0.00638381,-0.444563,4.85039,-551365,-1,3.30124e-10,1,0
0.000498642,-0.274478,0.005999,-0.444047,4.85151,-550450,-1,3.07283e-10,1,0
0.000499644,-0.273756,0.00574807,-0.443138,4.85238,-547902,-1,1.68562e-09,1,0
0.000500712,-0.274265,0.00607286,-0.442333,4.85074,-547749,-1,6.12303e-11,1,0
0.000501874,-0.275237,0.00696102,-0.442809,4.84995,-548419,-1,5.46655e-10,1,0
0.000503128,-0.276483,0.00727452,-0.441792,4.85213,-549529,-1,1.63879e-09,1,0
0.000504819,-0.277229,0.00830886,-0.441223,4.85441,-549166,-1,1.23846e-09,1,0
0.000505618,-0.277445,0.00829775,-0.440201,4.85616,-548724,-1,2.01599e-09,1,0
0.000506378,-0.27766,0.00798444,-0.440416,4.85181,-548325,-1,3.37648e-10,1,0
0.00050653,-0.277633,0.00778881,-0.440434,4.85181,-548109,-1,3.37648e-10,1,0
0.000507125,-0.277698,0.00705779,-0.440458,4.85345,-547592,-1,2.53565e-10,1,0
0.000508359,-0.276265,0.00741202,-0.439807,4.85262,-543445,-1,1.61272e-09,1,0
0.000509782,-0.274881,0.00833257,-0.439353,4.85126,-539212,-1,8.89225e-10,1,0
0.000510764,-0.274305,0.00874279,-0.438644,4.85019,-537048,-1,1.58741e-10,1,0
0.00051135,-0.274832,0.00895695,-0.438398,4.85112,-537464,-1,9.30753e-10,1,0
0.000511825,-0.27491,0.00866049,-0.438939,4.85111,-537116,-1,9.30753e-10,1,0
0.000512217,-0.274626,0.00878963,-0.439288,4.85284,-536151,-1,4.41273e-10,1,0
0.000513335,-0.274439,0.00763819,-0.438408,4.85356,-534621,-1,1.46077e-09,1,0
0.000513492,-0.274628,0.00761659,-0.438409,4.8527,-534825,-1,2.20242e-11,1,0
0.000514305,-0.275522,0.00750034,-0.438503,4.85413,-535716,-1,8.05159e-11,1,0
0.000514884,-0.275628,0.0070988,-0.43787,4.85412,-535320,-1,8.05159e-11,1,0
0.000515815,-0.275919,0.00703847,-0.437204,4.85451,-534919,-1,1.56468e-09,1,0
0.000516109,-0.276068,0.00737978,-0.437222,4.85464,-534904,-1,1.96028e-11,1,0
0.000516326,-0.276076,0.00732549,-0.437352,4.84877,-534693,-1,4.03615e-11,1,0
0.000517262,-0.275412,0.00736379,-0.436976,4.8439,-532442,-1,9.16363e-10,1,0
0.000517944,-0.275675,0.00741786,-0.437467,4.84695,-532250,-1,3.91567e-10,1,0
0.000518203,-0.275723,0.00722828,-0.437664,4.85033,-532076,-1,3.01144e-10,1,0
0.000518705,-0.275323,0.00685781,-0.437575,4.84815,-530789,-1,4.60492e-10,1,0
0.00051939,-0.274848,0.00684241,-0.437403,4.85223,-529174,-1,3.4206e-10,1,0
0.000519624,-0.274643,0.00701871,-0.437261,4.8539,-528541,-1,8.41031e-10,1,0
0.000519971,-0.274999,0.00725782,-0.437116,4.85442,-528875,-1,4.53337e-10,1,0
0.000520706,-0.274445,0.00684992,-0.436682,4.85545,-527062,-1,3.46188e-10,1,0
0.000521791,-0.275147,0.00655153,-0.436149,4.85288,-527313,-1,4.00524e-10,1,0
0.000522711,-0.275151,0.00620823,-0.434995,4.85288,-526393,-1,4.00524e-10,1,0
0.000523094,-0.275164,0.00607078,-0.434765,4.85338,-526032,-1,1.04138e-11,1,0
0.000523266,-0.275084,0.00607173,-0.4348,4.85364,-525707,-1,8.33821e-11,1,0
0.000523798,-0.275328,0.00654899,-0.434605,4.85554,-525638,-1,1.86122e-10,1,0
0.000525316,-0.276472,0.00784717,-0.43431,4.85705,-526297,-1,5.53865e-10,1,0
0.000525728,-0.276396,0.00784395,-0.434694,4.85416,-525740,-1,1.35345e-10,1,0
0.000526995,-0.276775,0.00769418,-0.434059,4.85389,-525195,-1,9.71099e-10,1,0
0.000527809,-0.276891,0.00819032,-0.434584,4.85212,-524603,-1,5.26267e-10,1,0
0.000528565,-0.277547,0.00868668,-0.43415,4.85245,-525095,-1,2.82456e-10,1,0
0.000529164,-0.277922,0.00892578,-0.433578,4.85182,-525210,-1,1.11948e-09,1,0
0.000529438,-0.277976,0.0090195,-0.433236,4.85446,-525040,-1,7.26779e-10,1,0
0.00053064,-0.278069,0.00805182,-0.432975,4.84942,-524026,-1,5.56917e-10,1,0
0.000530942,-0.277786,0.00817203,-0.433094,4.84823,-523195,-1,3.3628e-10,1,0
0.0005317,-0.277747,0.00754516,-0.432402,4.84644,-522376,-1,1.87368e-10,1,0
0.000531976,-0.277709,0.00734444,-0.432106,4.84644,-522033,-1,1.87368e-10,1,0
0.000532603,-0.277674,0.007198,-0.431312,4.84683,-521352,-1,1.28379e-09,1,0
0.000532756,-0.277719,0.00713464,-0.431379,4.84428,-521287,-1,7.54869e-10,1,0
0.000533179,-0.278017,0.00686455,-0.431638,4.84186,-521433,-1,2.47669e-10,1,0
0.000533345,-0.278094,0.00695042,-0.431821,4.8409,-521415,-1,2.16569e-10,1,0
0.000534085,-0.277344,0.00678147,-0.432407,4.84025,-519288,-1,9.66541e-10,1,0
0.0005346,-0.277535,0.00653593,-0.431817,4.83957,-519144,-1,2.71959e-10,1,0
0.000534838,-0.277473,0.00659328,-0.43152,4.84037,-518798,-1,1.23356e-10,1,0
0.000535809,-0.27791,0.00555028,-0.431311,4.83979,-518674,-1,2.10208e-10,1,0
0.000536796,-0.278196,0.00493204,-0.431687,4.84086,-518254,-1,4.94597e-10,1,0
0.00053764,-0.279133,0.00436099,-0.431575,4.84081,-519181,-1,4.94597e-10,1,0
0.000538522,-0.278202,0.0039143,-0.431354,4.84061,-516603,-1,1.2011e-09,1,0
0.000539138,-0.277476,0.0036084,-0.431196,4.84064,-514665,-1,1.2011e-09,1,0
0.000539495,-0.277055,0.00343136,-0.431104,4.84295,-513545,-1,2.35838e-09,1,0
0.000539627,-0.277156,0.003362,-0.431224,4.84455,-513606,-1,1.69757e-10,1,0
0.000540097,-0.276668,0.00336997,-0.431586,4.8442,-512257,-1,1.48908e-10,1,0
0.000541464,-0.276193,0.00262164,-0.431673,4.84209,-510086,-1,8.55901e-10,1,0
0.000542268,-0.276678,0.0032816,-0.432211,4.84144,-510223,-1,7.08197e-11,1,0
0.00054301,-0.277163,0.00394608,-0.432243,4.8437,-510420,-1,1.51098e-09,1,0
0.000544711,-0.277762,0.00556845,-0.430898,4.84335,-509926,-1,9.7115e-10,1,0
0.000545444,-0.277636,0.0056618,-0.430882,4.83951,-509010,-1,1.1606e-10,1,0
0.00054597,-0.277173,0.00541512,-0.431275,4.83765,-507670,-1,3.35263e-11,1,0
0.000546342,-0.277408,0.00504163,-0.431478,4.83788,-507754,-1,4.8575e-10,1,0
0.000546828,-0.27763,0.00525329,-0.430924,4.83851,-507710,-1,6.33532e-10,1,0
0.000547657,-0.278593,0.00533629,-0.430613,4.8386,-508699,-1,1.88212e-10,1,0
0.000548524,-0.279348,0.00505109,-0.430633,4.83875,-509272,-1,4.98453e-10,1,0
0.000548857,-0.279125,0.00470185,-0.430502,4.839,-508558,-1,4.34459e-10,1,0
0.000549829,-0.278164,0.00475763,-0.430899,4.84054,-505910,-1,3.03638e-10,1,0
0.000550683,-0.278193,0.00391075,-0.430799,4.84135,-505178,-1,2.16349e-11,1,0
0.000552075,-0.277779,0.00564633,-0.431148,4.84137,-503155,-1,1.93965e-09,1,0
0.00055291,-0.27805,0.00466711,-0.43146,4.84045,-502885,-1,1.86076e-11,1,0
0.000554259,-0.277511,0.00526205,-0.431536,4.84153,-500688,-1,3.00845e-10,1,0
0.00055532,-0.276864,0.00647525,-0.431361,4.84186,-498566,-1,2.34876e-09,1,0
0.000555798,-0.276606,0.00695348,-0.43167,4.84151,-497674,-1,6.24439e-10,1,0
0.000556792,-0.275583,0.00670699,-0.432108,4.8418,-494947,-1,9.77585e-10,1,0
0.000557221,-0.275103,0.00663366,-0.432375,4.84368,-493705,-1,2.77395e-12,1,0
0.000558022,-0.275729,0.00605347,-0.432968,4.845,-494118,-1,8.81889e-10,1,0
0.000558646,-0.275036,0.00565482,-0.433131,4.84311,-492327,-1,8.15454e-10,1,0
0.000559134,-0.275151,0.00619052,-0.433017,4.84221,-492103,-1,3.129e-10,1,0
0.000560015,-0.274796,0.00606659,-0.432135,4.83901,-490695,-1,7.74012e-10,1,0
0.000560366,-0.274655,0.00624346,-0.431929,4.83928,-490135,-1,7.98461e-11,1,0
0.000561053,-0.274236,0.00689125,-0.431558,4.83588,-488787,-1,5.36757e-11,1,0
0.000562553,-0.273956,0.00641935,-0.431433,4.83534,-486988,-1,3.16186e-10,1,0
0.000563326,-0.274443,0.00564494,-0.431857,4.83608,-487184,-1,1.0082e-09,1,0
0.000564441,-0.275187,0.00466763,-0.431077,4.83457,-487539,-1,1.45503e-09,1,0
0.0005662,-0.27702,0.00603063,-0.430854,4.83448,-489262,-1,1.45503e-09,1,0
0.000567033,-0.277416,0.00686481,-0.43055,4.83432,-489241,-1,6.06509e-10,1,0
0.000568024,-0.278586,0.00663351,-0.430295,4.83365,-490448,-1,1.3206e-10,1,0
0.000568514,-0.279033,0.00628129,-0.43039,4.83188,-490810,-1,4.7952e-11,1,0
0.000569257,-0.279188,0.00689127,-0.431069,4.83377,-490443,-1,9.44566e-10,1,0
0.000569818,-0.279383,0.00715518,-0.430751,4.83233,-490302,-1,2.98466e-10,1,0
0.000570437,-0.279292,0.00676445,-0.430174,4.83223,-489610,-1,3.32884e-10,1,0
0.000571182,-0.279056,0.00596537,-0.429673,4.83282,-488559,-1,1.44693e-09,1,0
0.00057242,-0.279718,0.00711342,-0.428834,4.83286,-488658,-1,7.08732e-10,1,0
0.000573003,-0.279878,0.00765784,-0.428327,4.83343,-488440,-1,1.46279e-09,1,0
0.00057342,-0.279586,0.00772977,-0.42859,4.83089,-487577,-1,1.33674e-10,1,0
0.000574312,-0.280303,0.00864049,-0.428484,4.83241,-488067,-1,1.16369e-09,1,0
0.000575556,-0.279893,0.00801599,-0.428228,4.82961,-486299,-1,8.8016e-11,1,0
0.00057559,-0.279935,0.00801658,-0.428233,4.82983,-486345,-1,1.97273e-12,1,0
0.000576994,-0.280464,0.00699471,-0.427985,4.83044,-486078,-1,5.42699e-10,1,0
0.000577521,-0.280368,0.00642006,-0.427622,4.83037,-485467,-1,1.25553e-09,1,0
0.000577977,-0.280157,0.0069165,-0.427653,4.83074,-484720,-1,1.57778e-10,1,0
0.000578746,-0.279917,0.00760699,-0.427795,4.83176,-483662,-1,1.29714e-09,1,0
0.000580184,-0.278672,0.00751183,-0.426959,4.8285,-480316,-1,4.77911e-10,1,0
0.000580717,-0.278176,0.00794079,-0.426923,4.82827,-479022,-1,2.09917e-10,1,0
0.000581268,-0.277699,0.00846355,-0.426945,4.8286,-477747,-1,9.84213e-11,1,0
0.000581827,-0.277913,0.0079619,-0.427429,4.8288,-477656,-1,7.29059e-10,1,0
0.00058234,-0.278426,0.00756119,-0.427582,4.82865,-478116,-1,6.68978e-10,1,0
0.00058262,-0.278173,0.00730129,-0.427547,4.82867,-477452,-1,6.68978e-10,1,0
0.000582767,-0.278106,0.00718577,-0.427519,4.83071,-477216,-1,5.15674e-10,1,0
0.000583697,-0.279225,0.00695701,-0.42711,4.83065,-478372,-1,5.15674e-10,1,0
0.000584068,-0.279664,0.00687588,-0.426952,4.82816,-478821,-1,1.72874e-09,1,0
0.000584684,-0.27973,0.00755809,-0.427092,4.82688,-478428,-1,8.98825e-11,1,0
0.000585636,-0.279391,0.00785946,-0.427158,4.82562,-477073,-1,2.77236e-10,1,0
0.000585894,-0.279482,0.00766161,-0.427347,4.82674,-477019,-1,3.78249e-10,1,0
0.000586308,-0.279624,0.00727767,-0.427698,4.82673,-476924,-1,3.78249e-10,1,0
0.000586489,-0.279624,0.00706429,-0.427787,4.82762,-476777,-1,8.98308e-10,1,0
0.000586629,-0.27972,0.00697381,-0.42777,4.82834,-476825,-1,2.59944e-10,1,0
0.000587793,-0.279621,0.0065869,-0.429172,4.83166,-475714,-1,1.47376e-09,1,0
0.000588623,-0.280476,0.00626645,-0.429287,4.83135,-476494,-1,7.85669e-11,1,0
0.000589096,-0.279945,0.00616719,-0.429585,4.83137,-475212,-1,7.85669e-11,1,0
0.000589901,-0.279623,0.00548625,-0.430046,4.83116,-474017,-1,7.19557e-10,1,0
0.000590781,-0.279067,0.00496635,-0.430647,4.82961,-472370,-1,1.00465e-09,1,0
0.000591047,-0.278824,0.00514386,-0.430476,4.82962,-471746,-1,1.00465e-09,1,0
0.000591478,-0.278429,0.00543178,-0.430199,4.82964,-470734,-1,1.00465e-09,1,0
0.000592014,-0.278095,0.00559821,-0.429856,4.82878,-469744,-1,1.66385e-13,1,0
0.000592871,-0.278509,0.00470959,-0.429321,4.82876,-469763,-1,1.66385e-13,1,0
0.000593308,-0.278436,0.00450909,-0.429296,4.8291,-469294,-1,1.98525e-10,1,0
0.000594065,-0.27865,0.00525104,-0.429475,4.82716,-469057,-1,3.24155e-10,1,0
0.000594461,-0.279074,0.00536708,-0.429203,4.82713,-469457,-1,3.24155e-10,1,0
0.000595555,-0.279392,0.0051286,-0.428459,4.82537,-469129,-1,6.26393e-10,1,0
0.000596291,-0.278492,0.0048285,-0.428596,4.82576,-467040,-1,9.59139e-10,1,0
0.000596479,-0.278342,0.00502102,-0.42862,4.82821,-466642,-1,2.449e-10,1,0
0.000597004,-0.278844,0.00487996,-0.428251,4.82733,-467072,-1,6.21879e-10,1,0
0.000597645,-0.278223,0.00484324,-0.428471,4.82762,-465532,-1,7.32404e-10,1,0
0.000599214,-0.277772,0.00514588,-0.428972,4.82912,-463561,-1,3.54713e-10,1,0
0.00059994,-0.277822,0.00562975,-0.429359,4.82848,-463083,-1,3.47063e-10,1,0
0.000600519,-0.278236,0.00541843,-0.42949,4.82761,-463326,-1,3.56632e-10,1,0
0.000600789,-0.278453,0.0054378,-0.429581,4.82525,-463479,-1,8.46283e-11,1,0
0.000601765,-0.277812,0.00586817,-0.429535,4.8254,-461663,-1,4.1829e-10,1,0
0.000602254,-0.277673,0.00524736,-0.429484,4.82564,-461056,-1,6.38234e-10,1,0
0.000602566,-0.277719,0.00488677,-0.429665,4.82529,-460894,-1,4.06084e-10,1,0
0.000603446,-0.277884,0.00477012,-0.430141,4.82732,-460496,-1,6.60164e-10,1,0
0.00060493,-0.27804,0.00660066,-0.429536,4.82732,-459624,-1,6.60164e-10,1,0
0.000605259,-0.278074,0.00700729,-0.429401,4.82731,-459430,-1,6.60164e-10,1,0
0.000606057,-0.277939,0.00788762,-0.429417,4.82669,-458601,-1,3.93014e-10,1,0
0.000607049,-0.278095,0.00843311,-0.428981,4.82884,-458110,-1,9.93741e-10,1,0
0.000607816,-0.278672,0.00873616,-0.429739,4.82881,-458481,-1,9.93741e-10,1,0
0.0006082,-0.278563,0.00875704,-0.430187,4.8301,-458013,-1,4.12452e-10,1,0
0.000608439,-0.278677,0.00868414,-0.430468,4.82945,-458020,-1,3.11522e-10,1,0
0.000609432,-0.277989,0.00830783,-0.430835,4.82696,-456144,-1,1.03479e-09,1,0
0.000609979,-0.278165,0.00822097,-0.430266,4.82359,-456023,-1,8.68258e-10,1,0
0.000610181,-0.278313,0.00801758,-0.430341,4.82279,-456117,-1,3.67279e-10,1,0
0.000611095,-0.27728,0.0082753,-0.429805,4.82284,-453742,-1,3.67279e-10,1,0
0.000612213,-0.276179,0.00845853,-0.429198,4.8236,-451115,-1,1.20376e-10,1,0
0.000612878,-0.276131,0.00766558,-0.428852,4.82244,-450547,-1,8.66226e-10,1,0
0.000613501,-0.276652,0.00717207,-0.428546,4.82607,-450939,-1,8.13858e-12,1,0
0.000614223,-0.277284,0.00725837,-0.429239,4.82604,-451439,-1,9.64339e-10,1,0
0.000614929,-0.277001,0.00686259,-0.428863,4.82682,-450460,-1,7.47518e-10,1,0
0.000615526,-0.276426,0.00718883,-0.429205,4.82336,-449089,-1,7.03948e-10,1,0
0.000616089,-0.276539,0.00657078,-0.429203,4.82386,-448863,-1,6.35596e-10,1,0
0.000616594,-0.276939,0.0068087,-0.428815,4.8242,-449144,-1,5.59295e-10,1,0
0.00061792,-0.278389,0.00747192,-0.428526,4.82451,-450527,-1,9.87244e-10,1,0
0.000618153,-0.278413,0.00744226,-0.428797,4.82366,-450396,-1,4.27978e-11,1,0
0.000619278,-0.27912,0.00693347,-0.428743,4.82442,-450718,-1,7.32999e-10,1,0
0.000620256,-0.279545,0.00675941,-0.427556,4.82415,-450694,-1,1.00115e-09,1,0
0.000620878,-0.279697,0.00705364,-0.427382,4.8244,-450487,-1,5.88016e-11,1,0
0.000622442,-0.280333,0.00884219,-0.42801,4.82529,-450375,-1,7.06905e-10,1,0
0.000623753,-0.279246,0.00840797,-0.426766,4.82533,-447688,-1,1.70786e-09,1,0
0.00062467,-0.279406,0.00803497,-0.426244,4.82496,-447286,-1,2.70913e-10,1,0
0.00062565,-0.279721,0.00825033,-0.425163,4.82801,-447088,-1,8.57189e-10,1,0
0.000626705,-0.2806,0.0092547,-0.424894,4.82702,-447738,-1,1.33443e-09,1,0
0.00062721,-0.280649,0.00971751,-0.424641,4.82091,-447457,-1,2.88798e-10,1,0
0.000627564,-0.280896,0.00941353,-0.424576,4.81998,-447598,-1,1.10181e-10,1,0
0.00062802,-0.281381,0.00935528,-0.424288,4.81974,-448044,-1,3.34865e-10,1,0
0.000628479,-0.281899,0.00934541,-0.423991,4.81968,-448542,-1,1.1351e-09,1,0
0.00062937,-0.282758,0.00917558,-0.424656,4.81882,-449272,-1,9.30563e-11,1,0
0.000629903,-0.282461,0.0089073,-0.425217,4.81926,-448420,-1,9.82331e-11,1,0
0.000630452,-0.282129,0.00849215,-0.424739,4.81927,-447503,-1,9.82331e-11,1,0
0.000631891,-0.281326,0.00784933,-0.423315,4.82055,-445212,-1,6.54962e-10,1,0
0.000632282,-0.281729,0.00806173,-0.42309,4.81925,-445576,-1,5.08656e-10,1,0
0.000632378,-0.281695,0.00800645,-0.423075,4.81927,-445453,-1,7.93796e-11,1,0
0.000632428,-0.28164,0.00803904,-0.423067,4.81927,-445331,-1,7.93796e-11,1,0
0.000632699,-0.281338,0.00821698,-0.423026,4.81929,-444663,-1,7.93796e-11,1,0
0.000633091,-0.280916,0.00831404,-0.422999,4.81915,-443722,-1,3.60911e-10,1,0
0.000634379,-0.281261,0.00895111,-0.424491,4.81691,-443365,-1,1.11766e-09,1,0
0.000635451,-0.281227,0.00979128,-0.425179,4.81776,-442563,-1,9.88323e-10,1,0
0.000636037,-0.280689,0.00973869,-0.425029,4.81788,-441308,-1,2.72584e-10,1,0
0.000637508,-0.280128,0.00931187,-0.425888,4.81936,-439410,-1,9.65802e-10,1,0
0.000638017,-0.280709,0.00942826,-0.42562,4.81909,-439971,-1,5.71611e-10,1,0
0.000638395,-0.280912,0.00926889,-0.425685,4.81736,-440029,-1,2.5953e-11,1,0
0.00063926,-0.280364,0.00864557,-0.425719,4.81724,-438576,-1,9.42729e-10,1,0
0.000640459,-0.280687,0.00936412,-0.424394,4.81596,-438258,-1,5.59217e-10,1,0
0.0006415,-0.280895,0.0102606,-0.425389,4.81456,-437872,-1,1.35555e-09,1,0
0.000642019,-0.28082,0.0108873,-0.425474,4.81397,-437402,-1,5.9886e-10,1,0
0.000642851,-0.280106,0.0116962,-0.425467,4.81414,-435725,-1,2.12655e-10,1,0
0.000643698,-0.280362,0.0120408,-0.425472,4.81337,-435549,-1,1.67842e-10,1,0
0.000644524,-0.281036,0.011536,-0.425133,4.81428,-436037,-1,6.64929e-10,1,0
0.000644737,-0.281204,0.0115276,-0.425125,4.81302,-436153,-1,1.99194e-10,1,0
0.000646276,-0.280892,0.0095503,-0.425036,4.81201,-434631,-1,2.00377e-09,1,0
0.000646687,-0.280548,0.00954089,-0.424781,4.81268,-433824,-1,2.78431e-10,1,0
0.000647458,-0.281221,0.0098753,-0.42492,4.80957,-434346,-1,2.25701e-10,1,0
0.000648031,-0.281451,0.00977977,-0.424926,4.80687,-434317,-1,2.97852e-10,1,0
0.000648566,-0.281685,0.00948024,-0.425283,4.80761,-434319,-1,1.3862e-10,1,0
0.00064901,-0.281326,0.00949924,-0.425719,4.80841,-433469,-1,5.80626e-10,1,0
0.000649193,-0.28119,0.00945043,-0.425896,4.80725,-433138,-1,1.14645e-10,1,0
0.000650139,-0.281036,0.00900437,-0.426055,4.80846,-432271,-1,5.83525e-10,1,0
0.000650536,-0.28125,0.00858667,-0.425923,4.80698,-432335,-1,6.37879e-11,1,0
0.00065111,-0.281205,0.00853324,-0.426131,4.80477,-431885,-1,2.95383e-10,1,0
0.000651713,-0.281506,0.00872543,-0.426571,4.80589,-431948,-1,1.00877e-09,1,0
0.000651907,-0.28168,0.00879485,-0.42643,4.80603,-432086,-1,3.58543e-10,1,0
0.000652393,-0.282106,0.00850718,-0.426529,4.80584,-432417,-1,1.76822e-10,1,0
0.000652867,-0.282445,0.00807708,-0.426758,4.80478,-432623,-1,8.51899e-10,1,0
0.000653883,-0.28248,0.007946,-0.427491,4.80425,-432004,-1,8.75425e-10,1,0
0.000654915,-0.282075,0.00792795,-0.427628,4.80797,-430705,-1,5.52871e-10,1,0
0.00065523,-0.2821,0.00779075,-0.428013,4.80797,-430536,-1,5.52871e-10,1,0
0.000655757,-0.281942,0.0079413,-0.428598,4.8113,-429950,-1,4.81026e-10,1,0
0.000656735,-0.281833,0.00910316,-0.428234,4.81169,-429142,-1,1.08321e-10,1,0
0.000657652,-0.28251,0.00997503,-0.42861,4.81293,-429574,-1,1.9775e-11,1,0
0.000658062,-0.282745,0.0102335,-0.428461,4.81725,-429663,-1,1.59164e-10,1,0
0.000658519,-0.282947,0.0104632,-0.428307,4.81638,-429673,-1,4.51084e-10,1,0
0.000659726,-0.282183,0.0101272,-0.428249,4.81616,-427728,-1,9.88114e-10,1,0
0.000659864,-0.282104,0.0101707,-0.428404,4.81616,-427519,-1,9.88114e-10,1,0
0.000660747,-0.281943,0.0110105,-0.428045,4.81617,-426703,-1,5.71326e-11,1,0
0.000661731,-0.281949,0.012028,-0.427473,4.81817,-426078,-1,2.1459e-09,1,0
0.000662152,-0.282308,0.0120012,-0.427098,4.81741,-426348,-1,1.67945e-10,1,0
0.000662871,-0.282422,0.0123954,-0.426365,4.81678,-426059,-1,7.68993e-10,1,0
0.000663823,-0.283028,0.0126981,-0.425639,4.81664,-426361,-1,7.41312e-10,1,0
0.000664156,-0.282858,0.0130491,-0.425728,4.81877,-425891,-1,3.97014e-10,1,0
0.000664794,-0.282384,0.0133825,-0.425897,4.82095,-424769,-1,9.67486e-12,1,0
0.000665842,-0.2826,0.014179,-0.426085,4.82137,-424426,-1,5.74055e-10,1,0
0.000666755,-0.282223,0.0142452,-0.426942,4.82312,-423279,-1,3.45666e-11,1,0
0.000667202,-0.282244,0.0136707,-0.427038,4.82311,-423027,-1,3.45666e-11,1,0
0.000668067,-0.281789,0.0135784,-0.427702,4.82342,-421797,-1,5.40971e-10,1,0
0.000669411,-0.28166,0.0127605,-0.426159,4.82343,-420758,-1,5.40971e-10,1,0
0.000669781,-0.281757,0.0126904,-0.425728,4.82306,-420671,-1,1.96088e-09,1,0
0.000669887,-0.281814,0.0127045,-0.425603,4.82306,-420689,-1,1.96088e-09,1,0
0.000670336,-0.281446,0.0124609,-0.4256,4.82282,-419857,-1,5.07305e-10,1,0
0.000671163,-0.280543,0.0119014,-0.425786,4.82287,-417995,-1,5.07305e-10,1,0
0.000671308,-0.280386,0.0118039,-0.425819,4.82267,-417671,-1,1.75455e-09,1,0
0.000672384,-0.280361,0.0104363,-0.425507,4.82624,-416965,-1,1.40287e-09,1,0
0.000673932,-0.279374,0.0113053,-0.424347,4.82585,-414543,-1,9.20075e-10,1,0
0.000674641,-0.278748,0.0111676,-0.424946,4.82585,-413181,-1,1.72768e-10,1,0
0.000675851,-0.27777,0.0106534,-0.425517,4.82441,-410992,-1,2.03447e-09,1,0
0.000676605,-0.277627,0.00996614,-0.425333,4.82749,-410324,-1,7.54716e-10,1,0
0.000677519,-0.277569,0.00922756,-0.42447,4.82866,-409684,-1,5.96354e-10,1,0
0.000678413,-0.276654,0.00990882,-0.424292,4.83116,-407796,-1,1.12737e-09,1,0
0.000679301,-0.276688,0.0103203,-0.424903,4.83273,-407313,-1,7.92422e-11,1,0
0.000679836,-0.276434,0.0108477,-0.424932,4.83278,-406619,-1,4.31486e-10,1,0
0.000680732,-0.275977,0.0105753,-0.425379,4.83363,-405412,-1,6.4758e-10,1,0
0.000681652,-0.275616,0.00964441,-0.425293,4.83385,-404336,-1,2.28615e-10,1,0
0.000681872,-0.27567,0.00955848,-0.425254,4.83633,-404285,-1,1.14746e-10,1,0
0.000682372,-0.275808,0.00963824,-0.425775,4.83554,-404190,-1,4.95184e-10,1,0
0.000682936,-0.276301,0.00936216,-0.425661,4.83485,-404578,-1,2.08776e-10,1,0
0.000683241,-0.276302,0.00919663,-0.425992,4.83785,-404399,-1,3.75869e-10,1,0
0.000684217,-0.276186,0.00948054,-0.426075,4.83775,-403652,-1,6.32221e-10,1,0
0.000685171,-0.274978,0.00945696,-0.425774,4.8346,-401327,-1,1.88624e-09,1,0
0.000685349,-0.275117,0.00958987,-0.425838,4.83319,-401426,-1,1.01601e-10,1,0
0.000685988,-0.274797,0.00964384,-0.425328,4.83512,-400585,-1,3.04809e-10,1,0
0.000686476,-0.274536,0.010009,-0.42509,4.83607,-399921,-1,5.45312e-10,1,0
0.000686624,-0.274679,0.0100172,-0.425163,4.8346,-400043,-1,1.15919e-10,1,0
0.000686762,-0.27483,0.0100475,-0.425257,4.83602,-400182,-1,3.48565e-10,1,0
0.000687412,-0.275231,0.0105014,-0.424973,4.83437,-400387,-1,4.02102e-10,1,0
0.00068811,-0.275706,0.0107861,-0.424981,4.83768,-400671,-1,2.20957e-10,1,0
0.000688902,-0.275463,0.0115656,-0.424346,4.83724,-399857,-1,1.03464e-09,1,0
0.000689457,-0.274876,0.0119884,-0.424343,4.83723,-398685,-1,7.23241e-10,1,0
0.000690026,-0.275276,0.0119928,-0.423734,4.83646,-398936,-1,4.11298e-10,1,0
0.000691636,-0.275227,0.0111641,-0.423492,4.83361,-397937,-1,1.12984e-09,1,0
0.000692209,-0.275711,0.0114773,-0.423967,4.83358,-398306,-1,1.12984e-09,1,0
0.000692907,-0.276046,0.0116164,-0.424523,4.8343,-398388,-1,2.20642e-10,1,0
0.000693735,-0.275365,0.0115295,-0.42404,4.83534,-396931,-1,6.6018e-10,1,0
0.0006943,-0.274703,0.0118421,-0.424121,4.83538,-395655,-1,6.6018e-10,1,0
0.000694943,-0.273935,0.0121323,-0.424195,4.83575,-394184,-1,1.43628e-09,1,0
0.000695558,-0.273686,0.0121297,-0.424245,4.83437,-393476,-1,6.62117e-10,1,0
0.000695845,-0.273686,0.0118262,-0.424462,4.8326,-393314,-1,2.80727e-10,1,0
0.000696849,-0.273761,0.0109652,-0.424885,4.83509,-392855,-1,1.57148e-10,1,0
0.000697104,-0.274087,0.0109055,-0.424861,4.83519,-393179,-1,3.32494e-10,1,0
0.000697559,-0.274033,0.0111041,-0.425358,4.83739,-392846,-1,5.50771e-10,1,0
0.000697935,-0.274109,0.011177,-0.425455,4.83626,-392744,-1,2.24828e-10,1,0
0.000698354,-0.273709,0.0112237,-0.425353,4.83523,-391935,-1,3.85557e-10,1,0
0.000698647,-0.273619,0.0110312,-0.425207,4.83422,-391642,-1,2.24985e-10,1,0
0.000699205,-0.273777,0.0103717,-0.424943,4.83521,-391555,-1,7.27789e-10,1,0
0.000700054,-0.272741,0.0102849,-0.424575,4.83529,-389600,-1,4.38938e-10,1,0
0.000700802,-0.271851,0.0102114,-0.424184,4.83605,-387914,-1,1.64395e-09,1,0
0.000701905,-0.271766,0.0108085,-0.425492,4.83606,-387184,-1,1.64395e-09,1,0
0.000702837,-0.271003,0.0108113,-0.425407,4.83862,-385584,-1,1.79616e-09,1,0
0.000703834,-0.269896,0.0105658,-0.42478,4.83899,-383466,-1,8.19341e-11,1,0
0.00070479,-0.268951,0.0103008,-0.424769,4.83936,-381605,-1,9.85837e-10,1,0
0.000705175,-0.269211,0.0103849,-0.424776,4.84052,-381765,-1,1.73406e-10,1,0
0.000705655,-0.269211,0.010456,-0.424345,4.83887,-381506,-1,4.87139e-10,1,0
0.000706252,-0.269304,0.0103145,-0.424795,4.83786,-381314,-1,3.26957e-10,1,0
0.000707085,-0.269258,0.0094194,-0.42485,4.84079,-380800,-1,1.14587e-10,1,0
0.000707571,-0.268925,0.00930537,-0.42496,4.84151,-380068,-1,6.84148e-11,1,0
0.000708413,-0.268183,0.00978439,-0.425197,4.8391,-378569,-1,1.32646e-09,1,0
0.000709567,-0.26936,0.0088738,-0.424958,4.8396,-379612,-1,1.6001e-09,1,0
0.000710051,-0.269853,0.00893344,-0.425324,4.83941,-380046,-1,4.98719e-10,1,0
0.000710717,-0.270133,0.00934114,-0.425278,4.83904,-380086,-1,4.58922e-10,1,0
0.000711472,-0.269656,0.00888291,-0.424584,4.83854,-379011,-1,9.42899e-10,1,0
0.000711593,-0.269692,0.00877845,-0.424622,4.83844,-378998,-1,1.21878e-10,1,0
0.00071206,-0.269241,0.00875522,-0.425031,4.84033,-378115,-1,6.46048e-10,1,0
0.000713155,-0.27004,0.00782549,-0.424858,4.84081,-378656,-1,5.87728e-10,1,0
0.000714347,-0.270591,0.00644186,-0.424979,4.84066,-378795,-1,2.17957e-09,1,0
0.000715016,-0.270208,0.0069257,-0.425043,4.83919,-377904,-1,3.33908e-10,1,0
0.000715561,-0.269522,0.00698421,-0.42495,4.83834,-376659,-1,6.74212e-10,1,0
0.000716246,-0.269991,0.00725258,-0.424424,4.83886,-376952,-1,8.62479e-11,1,0
0.000716577,-0.270269,0.00713127,-0.424117,4.83923,-377166,-1,4.31206e-10,1,0
0.000717595,-0.27074,0.00729489,-0.424704,4.84369,-377287,-1,3.41823e-10,1,0
0.000718319,-0.270168,0.00692839,-0.424405,4.8389,-376112,-1,8.29074e-10,1,0
0.000719044,-0.270974,0.00731131,-0.424088,4.83847,-376853,-1,1.06309e-09,1,0
0.000719227,-0.270976,0.00738857,-0.424053,4.83908,-376760,-1,7.43067e-11,1,0
0.000719591,-0.270991,0.00738755,-0.424032,4.83742,-376590,-1,2.73973e-10,1,0
0.000719777,-0.271054,0.00747587,-0.424197,4.83983,-376580,-1,3.07787e-10,1,0
0.000720278,-0.27138,0.00777545,-0.424495,4.84019,-376771,-1,8.19874e-11,1,0
0.000721252,-0.27221,0.0082979,-0.423687,4.84237,-377413,-1,1.32851e-09,1,0
0.000721799,-0.271819,0.00771267,-0.423564,4.84112,-376586,-1,7.14228e-10,1,0
0.000722633,-0.271637,0.00736162,-0.424031,4.83992,-375898,-1,6.86586e-10,1,0
0.000724147,-0.27008,0.00805656,-0.424936,4.84072,-372963,-1,1.94235e-09,1,0
0.000725792,-0.269282,0.00607839,-0.425191,4.84017,-371017,-1,2.14835e-09,1,0
0.000726331,-0.269229,0.00632497,-0.425571,4.83852,-370670,-1,1.50175e-10,1,0
0.000727513,-0.269878,0.00725076,-0.425527,4.83812,-370959,-1,5.65072e-10,1,0
0.000728393,-0.269765,0.0083823,-0.425687,4.83959,-370357,-1,1.14816e-09,1,0
0.000729302,-0.27029,0.00776846,-0.426225,4.84202,-370615,-1,8.86029e-10,1,0
0.000730414,-0.270059,0.00636756,-0.426207,4.84173,-369734,-1,8.32102e-10,1,0
0.000730984,-0.270332,0.00668135,-0.426011,4.84133,-369819,-1,1.93532e-10,1,0
0.000731839,-0.269584,0.00658727,-0.425724,4.84029,-368365,-1,3.66671e-10,1,0
0.000733036,-0.270025,0.00671738,-0.425647,4.83584,-368365,-1,5.91707e-10,1,0
0.000733302,-0.27012,0.00668117,-0.425833,4.83351,-368362,-1,1.68387e-10,1,0
0.000734695,-0.270501,0.00814078,-0.425714,4.83441,-368181,-1,1.26798e-09,1,0
0.00073541,-0.270405,0.00810452,-0.425072,4.83503,-367692,-1,5.28947e-10,1,0
0.000736465,-0.271564,0.00819293,-0.424863,4.83657,-368739,-1,9.23487e-10,1,0
0.000736745,-0.27188,0.00820446,-0.424848,4.83936,-369028,-1,5.48391e-10,1,0
0.000738059,-0.27355,0.00806817,-0.425214,4.83927,-370634,-1,5.48391e-10,1,0
0.000738337,-0.273887,0.00801591,-0.425307,4.83994,-370951,-1,5.25674e-11,1,0
0.000739479,-0.273303,0.00705777,-0.425477,4.83726,-369589,-1,2.98713e-10,1,0
0.000740105,-0.273114,0.0071239,-0.42566,4.83843,-369020,-1,3.86565e-10,1,0
0.000741124,-0.272927,0.00794048,-0.425159,4.84129,-368262,-1,1.03899e-09,1,0
0.000742138,-0.273555,0.00713679,-0.425822,4.8392,-368604,-1,3.66462e-10,1,0
0.000742616,-0.272984,0.00732599,-0.425829,4.8393,-367598,-1,4.37431e-11,1,0
0.000743288,-0.27224,0.00750901,-0.425709,4.83844,-366264,-1,1.04249e-10,1,0
0.000743633,-0.272345,0.00725097,-0.425917,4.83665,-366236,-1,3.46524e-10,1,0
0.000744496,-0.272707,0.00767635,-0.42687,4.8366,-366298,-1,1.55879e-10,1,0
0.000745076,-0.273075,0.00830623,-0.42707,4.83473,-366507,-1,7.56608e-10,1,0
0.000745354,-0.273229,0.00802988,-0.427037,4.83643,-366577,-1,1.76774e-10,1,0
0.000745672,-0.273281,0.00798181,-0.427161,4.8397,-366489,-1,1.18583e-11,1,0
0.000746612,-0.27362,0.00881769,-0.427993,4.83968,-366482,-1,1.18583e-11,1,0
0.000747303,-0.273815,0.00909655,-0.428795,4.83975,-366404,-1,1.67989e-09,1,0
0.000748322,-0.274072,0.00932523,-0.43008,4.84097,-366249,-1,1.99011e-09,1,0
0.000748693,-0.274508,0.00935072,-0.430288,4.84095,-366650,-1,1.99011e-09,1,0
0.000749669,-0.275657,0.00941746,-0.430835,4.84091,-367705,-1,6.21684e-13,1,0
0.000749961,-0.275362,0.00939062,-0.430755,4.8424,-367168,-1,7.94798e-11,1,0
0.000750908,-0.275399,0.00925582,-0.429554,4.84146,-366754,-1,1.12371e-09,1,0
0.000751884,-0.275711,0.00817347,-0.429172,4.83898,-366693,-1,9.94701e-10,1,0
0.000752511,-0.275327,0.00783681,-0.429111,4.83799,-365878,-1,3.68521e-10,1,0
0.000754342,-0.274785,0.00764403,-0.428556,4.84038,-364271,-1,6.50793e-10,1,0
0.000755394,-0.275517,0.00692899,-0.427639,4.84034,-364733,-1,6.50793e-10,1,0
0.000756112,-0.276116,0.00746508,-0.427852,4.84464,-365179,-1,8.47219e-10,1,0
0.000756979,-0.275182,0.00810016,-0.427924,4.84485,-363527,-1,1.12502e-09,1,0
0.000757982,-0.274196,0.00826838,-0.427471,4.84579,-361744,-1,2.90807e-10,1,0
0.000759257,-0.272838,0.00822825,-0.426506,4.8465,-359349,-1,2.69293e-09,1,0
0.000760189,-0.273572,0.00857615,-0.427148,4.84488,-359874,-1,5.24383e-11,1,0
0.000760732,-0.273767,0.00882277,-0.427681,4.84528,-359873,-1,1.26924e-09,1,0
0.000761016,-0.273416,0.00882431,-0.427564,4.84529,-359278,-1,1.26924e-09,1,0
0.000761726,-0.272616,0.00895485,-0.427149,4.8455,-357892,-1,4.6755e-10,1,0
0.000762056,-0.272337,0.00893844,-0.427308,4.84614,-357371,-1,2.5877e-10,1,0
0.000762455,-0.272416,0.00944027,-0.427189,4.84451,-357288,-1,5.21958e-10,1,0
0.000763245,-0.271854,0.00961246,-0.428037,4.84721,-356182,-1,1.03176e-09,1,0
0.000763389,-0.272016,0.00963655,-0.428129,4.8472,-356327,-1,1.03176e-09,1,0
0.000764401,-0.272956,0.00948962,-0.428119,4.84791,-357085,-1,1.83363e-10,1,0
0.000764786,-0.272938,0.00898647,-0.428131,4.84792,-356881,-1,1.83363e-10,1,0
0.0007653,-0.273153,0.00874085,-0.427816,4.84778,-356923,-1,7.8094e-10,1,0
0.000765908,-0.27322,0.00919732,-0.427241,4.84615,-356726,-1,6.21823e-10,1,0
0.000766549,-0.272396,0.00923542,-0.427181,4.84687,-355353,-1,8.26097e-10,1,0
0.000766991,-0.27186,0.00937898,-0.427019,4.84809,-354450,-1,5.77797e-10,1,0
0.000767388,-0.272336,0.00942219,-0.426835,4.8487,-354887,-1,2.66958e-11,1,0
0.00076785,-0.2724,0.00945355,-0.427071,4.84616,-354757,-1,3.80639e-10,1,0
0.000769189,-0.273543,0.00876725,-0.427181,4.84633,-355625,-1,2.15911e-10,1,0
0.000770032,-0.27416,0.00905359,-0.426316,4.8463,-356037,-1,2.15911e-10,1,0
0.000770968,-0.274925,0.0095113,-0.426315,4.8445,-356597,-1,1.61987e-09,1,0
0.000771953,-0.276026,0.0096658,-0.42658,4.84523,-357568,-1,7.41881e-10,1,0
0.000773042,-0.276105,0.00972118,-0.425568,4.84623,-357167,-1,5.11616e-10,1,0
0.000773506,-0.276507,0.00973102,-0.425922,4.84522,-357472,-1,4.88966e-11,1,0
0.000774625,-0.276366,0.00890975,-0.425967,4.84481,-356774,-1,9.7126e-10,1,0
0.000774977,-0.27658,0.00879633,-0.426261,4.84766,-356889,-1,2.4296e-11,1,0
0.000775959,-0.27755,0.00837898,-0.426977,4.84731,-357687,-1,9.71215e-10,1,0
0.00077676,-0.277908,0.00763685,-0.426344,4.84861,-357778,-1,9.7768e-10,1,0
0.000777461,-0.277232,0.0080834,-0.426772,4.8478,-356587,-1,9.16037e-10,1,0
0.000779157,-0.277931,0.0101244,-0.427276,4.84776,-356708,-1,9.16037e-10,1,0
0.000779854,-0.278484,0.0107257,-0.427472,4.84688,-357097,-1,2.66767e-09,1,0
0.000780574,-0.279323,0.0111039,-0.427664,4.84684,-357843,-1,2.66767e-09,1,0
0.000780758,-0.2795,0.0111948,-0.42771,4.85118,-357986,-1,1.62006e-09,1,0
0.000781202,-0.279138,0.010766,-0.427833,4.85123,-357319,-1,3.0694e-11,1,0
0.000781731,-0.27871,0.0102428,-0.427982,4.85125,-356530,-1,3.0694e-11,1,0
0.000782662,-0.278067,0.00949596,-0.427987,4.85166,-355284,-1,2.01811e-10,1,0
0.000783712,-0.27766,0.00871985,-0.427651,4.84956,-354289,-1,2.85299e-10,1,0
0.000784209,-0.277603,0.00929089,-0.427347,4.84956,-353992,-1,2.85299e-10,1,0
0.000784483,-0.277656,0.0094776,-0.427465,4.84838,-353935,-1,1.46348e-10,1,0
0.000785576,-0.278232,0.00955084,-0.427539,4.84856,-354175,-1,9.71226e-10,1,0
0.000786984,-0.279128,0.0101424,-0.42847,4.84712,-354680,-1,9.71016e-10,1,0
0.000787442,-0.279251,0.0104527,-0.428813,4.84663,-354630,-1,1.29712e-09,1,0
0.000788016,-0.279868,0.0101238,-0.428976,4.84766,-355155,-1,3.6466e-10,1,0
0.000788787,-0.279789,0.00928693,-0.429085,4.84617,-354707,-1,6.45015e-10,1,0
0.000789418,-0.279589,0.00905544,-0.429364,4.84763,-354171,-1,2.86103e-10,1,0
0.000789504,-0.279602,0.00908594,-0.42926,4.84647,-354149,-1,1.02782e-10,1,0
0.000789674,-0.279604,0.00906193,-0.429105,4.84481,-354076,-1,1.70369e-10,1,0
0.000790455,-0.279536,0.0100786,-0.429054,4.84482,-353639,-1,1.70369e-10,1,0
0.000791072,-0.279481,0.0108812,-0.429014,4.84624,-353295,-1,1.82571e-09,1,0
0.000791463,-0.279549,0.0111948,-0.428616,4.84623,-353206,-1,1.82571e-09,1,0
0.000792303,-0.279661,0.0111739,-0.428637,4.84795,-352972,-1,5.61783e-10,1,0
0.000792793,-0.279093,0.0111816,-0.428395,4.84676,-352037,-1,6.01907e-10,1,0
0.000793585,-0.27891,0.0118973,-0.427671,4.84724,-351456,-1,1.07243e-09,1,0
0.000794203,-0.278481,0.0119816,-0.427535,4.846,-350642,-1,1.75002e-10,1,0
0.000795155,-0.278412,0.0126024,-0.426458,4.84551,-350135,-1,1.24458e-09,1,0
0.000795728,-0.278853,0.0126642,-0.426652,4.84553,-350437,-1,3.14897e-10,1,0
0.000796554,-0.279035,0.0135388,-0.42644,4.84337,-350303,-1,2.58578e-10,1,0
0.000796847,-0.279366,0.0135331,-0.426321,4.84255,-350589,-1,8.71254e-10,1,0
0.000797547,-0.27914,0.0136806,-0.426117,4.84616,-349999,-1,5.79105e-10,1,0
0.000798543,-0.278565,0.0143621,-0.425395,4.84385,-348842,-1,1.22426e-10,1,0
0.000799247,-0.278155,0.0143408,-0.425341,4.84389,-348021,-1,4.38012e-10,1,0
0.000800208,-0.277505,0.0136453,-0.425017,4.84454,-346791,-1,2.87439e-10,1,0
0.000801481,-0.277846,0.0138786,-0.423488,4.84428,-346666,-1,5.25287e-10,1,0
0.000802315,-0.276925,0.0133474,-0.423724,4.84446,-345158,-1,1.08905e-09,1,0
0.000803609,-0.276553,0.0134498,-0.423005,4.84254,-344138,-1,9.71107e-10,1,0
0.000804066,-0.276405,0.0129143,-0.422913,4.84279,-343759,-1,3.09332e-10,1,0
0.000804545,-0.276201,0.0123279,-0.422981,4.8428,-343301,-1,3.09332e-10,1,0
0.000805141,-0.275948,0.0115969,-0.423067,4.84557,-342732,-1,1.75198e-09,1,0
0.000805555,-0.276403,0.0116769,-0.42308,4.8455,-343121,-1,2.51454e-10,1,0
0.000806336,-0.275775,0.0122238,-0.423028,4.84603,-342010,-1,9.1341e-10,1,0
0.000807493,-0.274798,0.0122863,-0.423632,4.84218,-340310,-1,3.82275e-10,1,0
0.000807897,-0.274853,0.0126458,-0.423807,4.84475,-340207,-1,9.25974e-11,1,0
0.000809389,-0.274247,0.0124768,-0.424824,4.84283,-338832,-1,9.71229e-10,1,0
0.000809821,-0.274629,0.0121797,-0.42457,4.84278,-339124,-1,5.21197e-10,1,0
0.000810341,-0.274651,0.0115089,-0.424472,4.84278,-338932,-1,5.21197e-10,1,0
0.000810751,-0.274863,0.0114044,-0.424848,4.84363,-339022,-1,1.23185e-10,1,0
0.000811679,-0.275226,0.0110556,-0.425453,4.84588,-339082,-1,1.20578e-09,1,0
0.000812054,-0.27541,0.010729,-0.425184,4.85002,-339152,-1,8.40571e-11,1,0
0.000812798,-0.276006,0.011313,-0.425045,4.85318,-339576,-1,2.4202e-10,1,0
0.000813314,-0.276043,0.0114445,-0.42522,4.85492,-339405,-1,4.30315e-10,1,0
0.000813951,-0.275875,0.0115025,-0.424444,4.85641,-338933,-1,5.01947e-11,1,0
0.000814841,-0.275603,0.0124997,-0.424578,4.8538,-338230,-1,1.09464e-09,1,0
0.000815213,-0.27586,0.0122907,-0.424387,4.85083,-338390,-1,3.50251e-10,1,0
0.000816205,-0.276218,0.0119964,-0.423724,4.85178,-338417,-1,1.14923e-09,1,0
0.000817089,-0.276326,0.0125243,-0.424204,4.85252,-338184,-1,8.41734e-10,1,0
0.000817278,-0.27649,0.0126657,-0.424313,4.85276,-338306,-1,6.73651e-10,1,0
0.000817486,-0.276672,0.0126775,-0.424254,4.85128,-338443,-1,1.2196e-10,1,0
0.000817923,-0.276944,0.0128184,-0.424373,4.84978,-338594,-1,3.84594e-10,1,0
0.000819233,-0.277067,0.013426,-0.423888,4.84729,-338203,-1,9.71147e-10,1,0
0.000820001,-0.276873,0.0132443,-0.424417,4.84302,-337649,-1,4.16005e-10,1,0
0.000820921,-0.276679,0.0126339,-0.424151,4.84398,-337034,-1,4.10436e-10,1,0
0.000821548,-0.276692,0.0130942,-0.424371,4.84037,-336793,-1,4.68689e-10,1,0
0.000822525,-0.277645,0.0131974,-0.424042,4.84467,-337552,-1,2.47992e-10,1,0
0.000823541,-0.277614,0.0132119,-0.42293,4.84627,-337098,-1,3.59939e-10,1,0
0.000824114,-0.277628,0.0130646,-0.423665,4.8463,-336881,-1,7.4914e-10,1,0
0.000824755,-0.277631,0.0128438,-0.423178,4.84367,-336622,-1,5.54117e-11,1,0
0.000825141,-0.277632,0.0130975,-0.422999,4.84295,-336466,-1,1.04858e-10,1,0
0.000826226,-0.277377,0.0134005,-0.424325,4.84106,-335716,-1,4.45302e-10,1,0
0.000826511,-0.277543,0.0132994,-0.424426,4.84191,-335800,-1,1.29318e-10,1,0
0.000827142,-0.277328,0.0129929,-0.424096,4.84048,-335284,-1,5.14188e-10,1,0
0.000827422,-0.277398,0.0128954,-0.423985,4.83818,-335256,-1,1.0641e-10,1,0
0.000827943,-0.277139,0.0127317,-0.42373,4.83638,-334732,-1,1.58004e-10,1,0
0.00082828,-0.27736,0.0126915,-0.423436,4.83649,-334863,-1,3.52595e-10,1,0
0.000828707,-0.277132,0.012608,-0.423221,4.83672,-334415,-1,2.66457e-10,1,0
0.000829111,-0.27708,0.0126568,-0.422875,4.83563,-334189,-1,6.75834e-10,1,0
0.000830007,-0.27636,0.0134907,-0.423148,4.83658,-332961,-1,1.27418e-09,1,0
0.000831576,-0.274688,0.0123078,-0.423119,4.83667,-330323,-1,1.27418e-09,1,0
0.000832009,-0.27429,0.0122937,-0.423065,4.83681,-329672,-1,2.425e-09,1,0
0.000832347,-0.27416,0.0123108,-0.423022,4.83906,-329382,-1,1.89138e-10,1,0
0.000833,-0.274436,0.0128261,-0.422473,4.84101,-329455,-1,6.66031e-10,1,0
0.000834051,-0.274621,0.0116482,-0.422544,4.83826,-329261,-1,2.41856e-10,1,0
0.000834856,-0.274708,0.0106131,-0.422424,4.84011,-329048,-1,1.95217e-11,1,0
0.000835412,-0.274687,0.010204,-0.42242,4.8402,-328804,-1,2.03194e-10,1,0
0.000836777,-0.274596,0.00853788,-0.423045,4.8402,-328159,-1,2.03194e-10,1,0
0.000837594,-0.273969,0.00902079,-0.422511,4.84067,-327091,-1,2.37152e-09,1,0
0.000837845,-0.273765,0.00920007,-0.422328,4.84227,-326749,-1,1.32677e-09,1,0
0.000838325,-0.273737,0.00943479,-0.422391,4.84294,-326529,-1,2.16082e-10,1,0
0.000838846,-0.273641,0.00971885,-0.422438,4.84258,-326211,-1,3.21411e-10,1,0
0.000839641,-0.27264,0.00948329,-0.422298,4.84282,-324710,-1,1.28759e-09,1,0
0.000839742,-0.272674,0.00947141,-0.42218,4.84082,-324711,-1,1.06935e-10,1,0
0.000840503,-0.272692,0.00929967,-0.421642,4.84161,-324439,-1,6.10338e-11,1,0
0.000841047,-0.272359,0.00882688,-0.421661,4.84026,-323833,-1,2.49656e-10,1,0
0.000841331,-0.272239,0.00893562,-0.421406,4.83942,-323581,-1,3.28525e-10,1,0
0.000842801,-0.272529,0.00707591,-0.421774,4.84066,-323361,-1,1.96085e-09,1,0
0.000843414,-0.272536,0.00715161,-0.421935,4.84213,-323135,-1,4.3172e-10,1,0
0.000843819,-0.272647,0.0075768,-0.422026,4.84303,-323111,-1,7.76103e-11,1,0
0.000844384,-0.271944,0.00743791,-0.422201,4.84181,-322061,-1,7.38299e-10,1,0
0.000845252,-0.271526,0.00787905,-0.421532,4.83905,-321237,-1,9.70895e-10,1,0
0.000846356,-0.270797,0.00697572,-0.420679,4.83909,-319957,-1,9.70895e-10,1,0
0.000846696,-0.270577,0.00669391,-0.420421,4.83803,-319568,-1,1.8736e-09,1,0
0.000847325,-0.270458,0.00588869,-0.42031,4.8361,-319190,-1,8.32435e-10,1,0
0.000847916,-0.271201,0.00603846,-0.420167,4.83607,-319845,-1,8.32435e-10,1,0
0.000848166,-0.271516,0.00610181,-0.420107,4.83605,-320121,-1,8.32435e-10,1,0
0.000848791,-0.27214,0.00603689,-0.419998,4.8347,-320620,-1,1.72517e-09,1,0
0.000849048,-0.272163,0.00575168,-0.420043,4.83628,-320551,-1,4.86043e-10,1,0
0.000850171,-0.27234,0.0061414,-0.420568,4.83402,-320336,-1,5.27789e-10,1,0
0.000851066,-0.273262,0.00563032,-0.420783,4.83638,-321082,-1,1.19334e-10,1,0
0.000851724,-0.272463,0.00587604,-0.420588,4.8364,-319896,-1,8.58751e-10,1,0
0.000852564,-0.272535,0.0055516,-0.420018,4.83122,-319665,-1,8.91508e-11,1,0
0.000853169,-0.272472,0.00550587,-0.419233,4.82587,-319365,-1,7.89182e-10,1,0
0.000853574,-0.272495,0.00557313,-0.418926,4.82451,-319240,-1,1.56277e-10,1,0
0.00085459,-0.272442,0.00508627,-0.418239,4.82305,-318799,-1,3.1418e-10,1,0
0.000855547,-0.273062,0.00431938,-0.418243,4.82192,-319167,-1,2.07339e-10,1,0
0.000856404,-0.273631,0.0050822,-0.417752,4.826,-319512,-1,2.28275e-10,1,0
0.000857082,-0.273877,0.00503291,-0.417923,4.82621,-319546,-1,3.85431e-10,1,0
0.000858493,-0.27504,0.00360902,-0.417914,4.82477,-320375,-1,2.33689e-09,1,0
0.000858918,-0.275452,0.00339081,-0.417615,4.82475,-320697,-1,2.33689e-09,1,0
0.000859407,-0.275875,0.00312236,-0.417336,4.82965,-321006,-1,5.41918e-11,1,0
0.000860062,-0.275344,0.00333718,-0.416702,4.82968,-320144,-1,5.41918e-11,1,0
0.000860491,-0.274996,0.00347769,-0.416287,4.82915,-319581,-1,1.4137e-09,1,0
0.000860964,-0.274809,0.00348109,-0.416539,4.82777,-319188,-1,3.87722e-10,1,0
0.000861633,-0.274868,0.00293308,-0.416974,4.82965,-319008,-1,1.51841e-10,1,0
0.000862685,-0.274084,0.00333,-0.417844,4.82956,-317710,-1,1.06937e-09,1,0
0.000864,-0.275076,0.00383336,-0.419056,4.83073,-318375,-1,1.52048e-09,1,0
0.000864322,-0.275349,0.00394435,-0.419099,4.83044,-318572,-1,2.42915e-10,1,0
0.000865051,-0.274604,0.00362368,-0.418642,4.82839,-317442,-1,7.28888e-11,1,0
0.000866527,-0.272916,0.00276247,-0.418977,4.82964,-314954,-1,1.92415e-09,1,0
0.000867121,-0.272718,0.00222928,-0.418451,4.82965,-314510,-1,1.92415e-09,1,0
0.000867637,-0.272537,0.00213461,-0.417815,4.83085,-314114,-1,7.97358e-10,1,0
0.000868172,-0.272348,0.00204965,-0.417149,4.83312,-313703,-1,1.3472e-09,1,0
0.000868699,-0.272211,0.00230352,-0.417732,4.83403,-313355,-1,6.62561e-10,1,0
0.000869157,-0.27254,0.00252102,-0.417331,4.83231,-313568,-1,1.12759e-10,1,0
0.000870703,-0.271245,0.00282836,-0.416526,4.83448,-311524,-1,9.70987e-10,1,0
0.000871613,-0.27031,0.00296756,-0.416656,4.83385,-310126,-1,2.5267e-10,1,0
0.000872711,-0.26969,0.002334,-0.415673,4.83318,-309026,-1,1.08054e-09,1,0
0.000873228,-0.269581,0.00174818,-0.415468,4.83402,-308718,-1,2.29122e-11,1,0
0.00087443,-0.268675,0.00184271,-0.414192,4.83406,-307257,-1,2.29122e-11,1,0
0.000875322,-0.268719,0.00154072,-0.415034,4.83565,-306994,-1,1.71373e-09,1,0
0.000875546,-0.268755,0.00145145,-0.41531,4.83565,-306957,-1,1.71373e-09,1,0
0.000876048,-0.268688,0.00109999,-0.415369,4.83439,-306705,-1,3.30326e-10,1,0
0.0008766,-0.268839,0.000635069,-0.415745,4.83472,-306683,-1,6.29559e-10,1,0
0.000877775,-0.269347,-0.000525081,-0.415114,4.83391,-306852,-1,8.39019e-10,1,0
0.000878582,-0.270187,-0.00110092,-0.414847,4.83387,-307526,-1,8.39019e-10,1,0
0.000879447,-0.270401,-0.00180064,-0.415494,4.83228,-307467,-1,1.4406e-09,1,0
0.00088007,-0.269822,-0.0014226,-0.415245,4.83276,-306591,-1,7.656e-10,1,0
0.000880471,-0.269901,-0.00144914,-0.415038,4.82983,-306541,-1,3.42218e-10,1,0
0.000881806,-0.270328,-0.0013048,-0.415245,4.82756,-306562,-1,9.49556e-10,1,0
0.00088233,-0.270911,-0.00165701,-0.415305,4.82818,-307040,-1,1.65476e-09,1,0
0.00088307,-0.271384,-0.00220605,-0.415176,4.82787,-307319,-1,3.38612e-10,1,0
0.000883584,-0.271243,-0.00241837,-0.415289,4.82909,-306981,-1,2.67594e-10,1,0
0.000884613,-0.272076,-0.0018308,-0.415086,4.82967,-307565,-1,5.37755e-10,1,0
0.000885199,-0.272679,-0.00146992,-0.414788,4.83004,-308043,-1,1.86506e-09,1,0
0.000885995,-0.272591,-0.00104441,-0.413844,4.83004,-307667,-1,1.86506e-09,1,0
0.000886974,-0.272557,-0.000852444,-0.41274,4.83198,-307288,-1,3.06164e-10,1,0
0.000887985,-0.272188,-0.00109127,-0.413672,4.82821,-306523,-1,1.48196e-10,1,0
0.000888768,-0.271717,-0.00151249,-0.413516,4.82754,-305724,-1,6.76034e-10,1,0
0.000889832,-0.271381,-0.00168541,-0.412182,4.82756,-304980,-1,6.76034e-10,1,0
0.000890508,-0.271743,-0.00100395,-0.412597,4.82717,-305154,-1,1.38978e-09,1,0
0.000891078,-0.27204,-0.000428013,-0.412946,4.82765,-305294,-1,1.61346e-09,1,0
0.000891283,-0.271936,-0.000418475,-0.412898,4.82902,-305107,-1,1.71456e-10,1,0
0.000892139,-0.271929,0.000278978,-0.412624,4.83141,-304806,-1,3.02717e-10,1,0
0.000892569,-0.271875,0.000805388,-0.412479,4.83112,-304598,-1,1.43245e-09,1,0
0.000893091,-0.271658,0.000865257,-0.412628,4.83782,-304177,-1,7.75678e-11,1,0
0.000893865,-0.272403,0.000364778,-0.412165,4.8365,-304748,-1,1.01011e-09,1,0
0.000894773,-0.272555,-0.000774197,-0.412457,4.8334,-304608,-1,1.18529e-09,1,0
0.000895408,-0.272379,-0.000605653,-0.411701,4.83299,-304195,-1,7.3846e-10,1,0
0.000897183,-0.272301,-0.00131102,-0.410644,4.82827,-303506,-1,9.71104e-10,1,0
0.000897431,-0.27236,-0.00138693,-0.410597,4.82468,-303489,-1,1.63084e-10,1,0
0.000898133,-0.272074,-0.00146593,-0.409731,4.82227,-302932,-1,9.1547e-10,1,0
0.000898756,-0.272035,-0.00168909,-0.410275,4.82224,-302680,-1,8.75063e-11,1,0
0.00089976,-0.271157,-0.00200489,-0.4106,4.82137,-301366,-1,3.96161e-10,1,0
0.000900454,-0.2719,-0.00238488,-0.410869,4.82103,-301959,-1,8.73442e-10,1,0
0.000901152,-0.271852,-0.00251803,-0.410011,4.82166,-301671,-1,5.15203e-11,1,0
0.000902297,-0.271768,-0.002758,-0.408542,4.8213,-301196,-1,2.38079e-09,1,0
0.000903037,-0.271454,-0.00328664,-0.408681,4.81983,-300602,-1,2.45016e-10,1,0
0.000904106,-0.270921,-0.0041632,-0.408304,4.82043,-299656,-1,1.53783e-09,1,0
0.000904645,-0.270922,-0.00462716,-0.407801,4.81989,-299478,-1,2.55464e-10,1,0
0.000905217,-0.27148,-0.00504529,-0.407542,4.81903,-299906,-1,7.44279e-10,1,0
0.000905316,-0.271467,-0.0049976,-0.407554,4.81962,-299859,-1,5.3187e-11,1,0
0.000905777,-0.271546,-0.00540214,-0.407893,4.82318,-299794,-1,5.28869e-10,1,0
0.000906202,-0.271417,-0.00540362,-0.408431,4.82435,-299510,-1,2.71881e-11,1,0
0.000906527,-0.2716,-0.00566102,-0.408405,4.8237,-299605,-1,5.56789e-11,1,0
0.000906709,-0.271591,-0.00577956,-0.408584,4.82503,-299534,-1,9.23917e-11,1,0
0.000907414,-0.271684,-0.00581438,-0.40917,4.82743,-299405,-1,3.16178e-10,1,0
0.000908341,-0.272178,-0.00504199,-0.4098,4.82924,-299643,-1,4.45426e-10,1,0
0.000909825,-0.273273,-0.00373106,-0.41071,4.82918,-300358,-1,4.45426e-10,1,0
0.000910291,-0.273617,-0.00331935,-0.410996,4.83086,-300582,-1,3.55969e-09,1,0
0.000911808,-0.273992,-0.00242672,-0.412665,4.83274,-300493,-1,3.62589e-11,1,0
0.000912281,-0.27383,-0.00230275,-0.413112,4.83202,-300160,-1,2.53008e-11,1,0
0.00091306,-0.273607,-0.00142734,-0.412817,4.83261,-299659,-1,9.71152e-10,1,0
0.00091359,-0.273084,-0.0013757,-0.41296,4.8337,-298913,-1,5.25387e-11,1,0
0.000914788,-0.271742,-0.00161915,-0.412468,4.83459,-297055,-1,7.47451e-10,1,0
0.000915646,-0.27154,-0.00105421,-0.41294,4.83373,-296556,-1,3.90623e-10,1,0
0.000915994,-0.27171,-0.000779636,-0.412926,4.83678,-296628,-1,1.58487e-10,1,0
0.000916234,-0.271789,-0.00100685,-0.413094,4.83473,-296637,-1,3.03288e-10,1,0
0.000916448,-0.271714,-0.000874107,-0.413011,4.82846,-296485,-1,5.32481e-11,1,0
0.000916837,-0.271806,-0.000587265,-0.413201,4.82784,-296460,-1,2.13749e-10,1,0
0.000917816,-0.27074,-0.000403854,-0.412904,4.82914,-294983,-1,7.20155e-10,1,0
0.000918109,-0.270634,-0.000587434,-0.413149,4.82782,-294774,-1,6.21176e-10,1,0
0.000919265,-0.270394,0.000621142,-0.413569,4.82473,-294141,-1,4.84308e-10,1,0
0.000920306,-0.270178,0.00193037,-0.413851,4.82474,-293574,-1,4.84308e-10,1,0
0.000920767,-0.269851,0.00198579,-0.413511,4.82539,-293072,-1,2.81609e-09,1,0
0.000921612,-0.269146,0.00184662,-0.412677,4.82543,-292038,-1,2.81609e-09,1,0
0.000922287,-0.269255,0.00141635,-0.411949,4.82745,-291943,-1,1.65158e-09,1,0
0.000922894,-0.269455,0.00114815,-0.411268,4.82876,-291967,-1,1.35152e-09,1,0
0.000923951,-0.270234,0.00116103,-0.410372,4.82867,-292476,-1,1.22173e-09,1,0
0.000924596,-0.271071,0.00108415,-0.410371,4.82862,-293178,-1,1.22173e-09,1,0
0.000925441,-0.272169,0.000983326,-0.41037,4.82857,-294096,-1,1.22173e-09,1,0
0.000925994,-0.272886,0.000917495,-0.410369,4.82853,-294695,-1,1.22173e-09,1,0
0.000926825,-0.273965,0.000818406,-0.410367,4.82848,-295595,-1,1.22173e-09,1,0
0.000927224,-0.274483,0.000770829,-0.410367,4.82845,-296027,-1,1.22173e-09,1,0
0.000928149,-0.275192,0.00076424,-0.4102,4.82643,-296495,-1,5.59952e-09,1,0
0.000928652,-0.274728,0.000999145,-0.409876,4.82577,-295835,-1,8.54884e-10,1,0
0.000929392,-0.274607,0.000796824,-0.410509,4.82409,-295469,-1,7.25623e-10,1,0
0.000929752,-0.274787,0.00113801,-0.41076,4.82497,-295548,-1,1.44608e-11,1,0
0.000930125,-0.274965,0.00149676,-0.411033,4.8218,-295622,-1,9.40583e-10,1,0
0.000930536,-0.274644,0.00166664,-0.410882,4.82361,-295146,-1,7.36391e-11,1,0
0.000931222,-0.274912,0.00160278,-0.410777,4.82275,-295216,-1,5.52962e-10,1,0
0.000931537,-0.274752,0.0017254,-0.410609,4.82068,-294944,-1,4.68849e-10,1,0
0.000932896,-0.27386,0.00185924,-0.409084,4.82073,-293559,-1,4.68849e-10,1,0
0.000933206,-0.273658,0.00188971,-0.408737,4.82074,-293245,-1,4.68849e-10,1,0
0.000934077,-0.273133,0.00212889,-0.407954,4.82014,-292410,-1,1.7691e-10,1,0
0.000934853,-0.272801,0.00149701,-0.40842,4.82021,-291812,-1,3.98381e-10,1,0
0.000935231,-0.272848,0.00147438,-0.408909,4.82219,-291744,-1,4.92071e-10,1,0
0.000936163,-0.272586,0.00099827,-0.40786,4.82136,-291174,-1,9.8353e-10,1,0
0.000937292,-0.272822,0.000132121,-0.406997,4.8217,-291074,-1,1.44406e-09,1,0
0.000937786,-0.272722,-0.00021945,-0.407354,4.82128,-290814,-1,3.26129e-10,1,0
0.000938135,-0.272849,-0.000587129,-0.407269,4.82057,-290842,-1,2.97725e-10,1,0
0.000939042,-0.273603,-0.000786998,-0.408158,4.81826,-291364,-1,1.18213e-09,1,0
0.000940259,-0.273089,-0.000137975,-0.408957,4.82022,-290441,-1,1.30532e-09,1,0
0.00094103,-0.273113,8.04064e-05,-0.409433,4.81877,-290228,-1,7.48757e-10,1,0
0.000941646,-0.273239,0.000429886,-0.408895,4.81845,-290172,-1,2.71562e-10,1,0
0.000942659,-0.273139,0.00145355,-0.408068,4.81845,-289754,-1,2.71562e-10,1,0
0.000943344,-0.272615,0.0014638,-0.407876,4.81612,-288988,-1,1.99336e-10,1,0
0.000944131,-0.271796,0.000876628,-0.408064,4.81463,-287879,-1,1.45442e-09,1,0
0.000945161,-0.271078,0.000872688,-0.407991,4.81964,-286806,-1,9.62822e-10,1,0
0.000945928,-0.270964,0.000755863,-0.408445,4.81902,-286453,-1,1.81757e-10,1,0
0.000946736,-0.271845,0.000800966,-0.408079,4.81826,-287139,-1,5.95852e-11,1,0
0.000947092,-0.271847,0.00120361,-0.408246,4.8182,-287033,-1,3.48364e-11,1,0
0.000947307,-0.271978,0.00136678,-0.408305,4.81795,-287107,-1,1.50972e-10,1,0
0.000947453,-0.272107,0.00137387,-0.408445,4.81983,-287198,-1,2.90801e-10,1,0
0.000948443,-0.271023,0.00102884,-0.40877,4.81756,-285755,-1,4.7354e-10,1,0
0.00094875,-0.271102,0.000969101,-0.408383,4.81824,-285747,-1,3.99797e-10,1,0
0.000950063,-0.270551,0.000624083,-0.407915,4.81445,-284772,-1,6.09812e-10,1,0
0.000950624,-0.270637,0.000259706,-0.407932,4.81554,-284693,-1,2.95814e-10,1,0
0.000951189,-0.27031,0.000660669,-0.407408,4.81368,-284181,-1,7.35714e-10,1,0
0.000951705,-0.269989,0.000611572,-0.407858,4.81184,-283690,-1,4.15941e-10,1,0
0.000951894,-0.269784,0.000686547,-0.407787,4.81131,-283418,-1,1.95361e-10,1,0
0.000952272,-0.269929,0.000907862,-0.407653,4.81204,-283457,-1,2.81796e-10,1,0
0.000952437,-0.269834,0.0010325,-0.407642,4.80896,-283309,-1,1.40139e-10,1,0
0.000952965,-0.270017,0.000656656,-0.407373,4.80424,-283344,-1,4.21511e-10,1,0
0.000954004,-0.271293,0.000981299,-0.407678,4.80437,-284373,-1,1.3512e-09,1,0
0.000954926,-0.272299,0.00153098,-0.40803,4.80531,-285152,-1,1.19946e-09,1,0
0.000955297,-0.272112,0.00182846,-0.407908,4.80604,-284845,-1,2.85036e-10,1,0
0.00095558,-0.272227,0.002169,-0.407824,4.80478,-284881,-1,5.65902e-10,1,0
0.000955769,-0.272148,0.00222486,-0.407599,4.80479,-284742,-1,5.65902e-10,1,0
0.000956763,-0.272585,0.00262801,-0.407295,4.80359,-284903,-1,7.16885e-10,1,0
0.000958363,-0.272823,0.00453817,-0.407416,4.80267,-284676,-1,7.49824e-10,1,0
0.000959286,-0.272966,0.00494319,-0.406804,4.8032,-284551,-1,7.63003e-10,1,0
0.000959637,-0.273,0.00494644,-0.407235,4.80359,-284482,-1,5.60933e-11,1,0
0.000960558,-0.273144,0.00483472,-0.408419,4.80448,-284360,-1,1.59779e-09,1,0
0.000961637,-0.273989,0.00542137,-0.408789,4.8028,-284919,-1,5.26554e-10,1,0
0.000962263,-0.274364,0.00612271,-0.408859,4.80371,-285124,-1,2.93377e-11,1,0
0.000962892,-0.274841,0.00647138,-0.408587,4.80299,-285433,-1,6.4244e-10,1,0
0.000963401,-0.274684,0.00644804,-0.408229,4.80414,-285119,-1,2.26771e-10,1,0
0.000963897,-0.274681,0.00655993,-0.408224,4.80494,-284970,-1,3.67313e-10,1,0
0.000964598,-0.274306,0.00640024,-0.408866,4.80623,-284373,-1,4.33936e-11,1,0
0.000964738,-0.274166,0.00636905,-0.408977,4.80733,-284187,-1,7.88768e-10,1,0
0.000965059,-0.273935,0.00613079,-0.40923,4.80734,-283853,-1,7.88768e-10,1,0
0.00096711,-0.273046,0.00430131,-0.408389,4.80567,-282333,-1,1.10905e-09,1,0
0.00096743,-0.273016,0.00424379,-0.408216,4.80467,-282207,-1,1.09518e-10,1,0
0.000968447,-0.27306,0.0032274,-0.408835,4.80381,-281956,-1,6.33827e-10,1,0
0.000968725,-0.272836,0.00307233,-0.408709,4.80573,-281644,-1,1.36043e-10,1,0
0.000970051,-0.272944,0.00294206,-0.409438,4.80524,-281371,-1,9.98207e-10,1,0
0.000970923,-0.273358,0.0034086,-0.409866,4.80451,-281545,-1,3.25849e-10,1,0
0.000971708,-0.273927,0.00349255,-0.41071,4.80449,-281903,-1,3.25849e-10,1,0
0.000972223,-0.273821,0.0039749,-0.410513,4.80378,-281644,-1,5.72408e-10,1,0
0.000972801,-0.274014,0.00371102,-0.410583,4.80375,-281675,-1,3.22199e-10,1,0
0.000973301,-0.274273,0.00388619,-0.410758,4.80683,-281796,-1,4.0355e-10,1,0
0.000974579,-0.274862,0.00252035,-0.410018,4.80678,-282032,-1,1.66152e-09,1,0
0.000974912,-0.274897,0.00265089,-0.409801,4.80597,-281971,-1,1.72081e-10,1,0
0.000975844,-0.275715,0.00219665,-0.409651,4.80494,-282540,-1,1.37886e-10,1,0
0.000976457,-0.275873,0.00275951,-0.409554,4.80287,-282525,-1,3.28276e-10,1,0
0.000977044,-0.27659,0.00297613,-0.409514,4.80395,-283089,-1,6.60147e-10,1,0
0.000977426,-0.276117,0.00312583,-0.409487,4.80322,-282494,-1,4.96805e-10,1,0
0.000978223,-0.275949,0.00341422,-0.408916,4.80414,-282092,-1,4.85041e-10,1,0
0.000978754,-0.276001,0.0028,-0.408604,4.80414,-281992,-1,4.85041e-10,1,0
0.000979367,-0.276131,0.00226354,-0.408317,4.80313,-281948,-1,1.09817e-10,1,0
0.000979774,-0.27599,0.00229686,-0.408822,4.80309,-281687,-1,3.03522e-10,1,0
0.0009801,-0.275836,0.002364,-0.409211,4.8031,-281437,-1,3.03522e-10,1,0
0.000980435,-0.275803,0.00243602,-0.40935,4.80435,-281306,-1,1.10607e-10,1,0
0.000980715,-0.275616,0.00234864,-0.409507,4.80431,-281036,-1,1.14159e-10,1,0
0.000981843,-0.275778,0.00203979,-0.408696,4.80178,-280878,-1,3.02348e-10,1,0
0.000981943,-0.275826,0.00211115,-0.40865,4.80323,-280898,-1,8.27075e-11,1,0
0.000982535,-0.276115,0.00244655,-0.409064,4.79809,-281023,-1,1.27692e-10,1,0
0.000983283,-0.276403,0.00272717,-0.409182,4.79647,-281102,-1,5.25424e-10,1,0
0.000983783,-0.276901,0.00290234,-0.409147,4.79441,-281466,-1,5.69838e-10,1,0
0.000984355,-0.277387,0.00327603,-0.40928,4.79316,-281795,-1,3.55106e-10,1,0
0.000985125,-0.277411,0.00367563,-0.409538,4.78672,-281600,-1,1.90377e-10,1,0
0.000985683,-0.277535,0.00411174,-0.410103,4.78672,-281566,-1,1.90377e-10,1,0
0.00098603,-0.27763,0.00451233,-0.410193,4.78741,-281563,-1,1.46294e-09,1,0
0.000986171,-0.27761,0.00469145,-0.410211,4.78723,-281504,-1,1.62957e-10,1,0
0.000987105,-0.277038,0.00565421,-0.409756,4.78391,-280657,-1,1.20922e-09,1,0
0.000987945,-0.276892,0.00604809,-0.409298,4.78326,-280271,-1,1.00498e-11,1,0
0.000988216,-0.277029,0.00619928,-0.409585,4.78325,-280333,-1,1.00498e-11,1,0
0.000989278,-0.277719,0.00658476,-0.410644,4.7825,-280729,-1,4.31767e-10,1,0
0.000990029,-0.277329,0.00733989,-0.410898,4.78,-280122,-1,5.08292e-11,1,0
0.000990814,-0.276701,0.00807073,-0.411025,4.77959,-279266,-1,1.47091e-11,1,0
0.000990976,-0.276578,0.00795203,-0.411119,4.77989,-279097,-1,6.54528e-11,1,0
0.000992266,-0.275285,0.00716117,-0.411827,4.78025,-277431,-1,1.83368e-09,1,0
0.000992617,-0.275054,0.00686788,-0.412087,4.78059,-277100,-1,4.55048e-10,1,0
0.000993227,-0.275107,0.00634396,-0.411641,4.78163,-276983,-1,6.6391e-10,1,0
0.0009948,-0.275741,0.00678543,-0.410834,4.7819,-277182,-1,1.18111e-09,1,0
0.000995875,-0.276188,0.00655993,-0.411258,4.78156,-277332,-1,1.46265e-10,1,0
0.000996663,-0.27525,0.00685425,-0.411045,4.78008,-276172,-1,5.13871e-11,1,0
0.000997553,-0.274559,0.00736932,-0.410913,4.77428,-275233,-1,4.87344e-10,1,0
0.000998909,-0.275596,0.0077053,-0.410113,4.7745,-275897,-1,7.56765e-10,1,0
0.000999403,-0.275765,0.00752212,-0.409548,4.77445,-275930,-1,1.32088e-09,1,0
0.0010009,-0.275793,0.00682615,-0.407742,4.77445,-275546,-1,1.32088e-09,1,0
0.00100123,-0.275772,0.00654773,-0.407547,4.77513,-275432,-1,2.49865e-09,1,0
0.00100188,-0.275832,0.00599707,-0.407171,4.77496,-275315,-1,5.40445e-10,1,0
0.00100192,-0.275819,0.0059625,-0.407135,4.77418,-275290,-1,5.10565e-10,1,0
0.00100211,-0.275705,0.00579253,-0.407012,4.77418,-275126,-1,5.10565e-10,1,0
0.00100241,-0.275405,0.00597529,-0.406881,4.76797,-274743,-1,3.70626e-10,1,0
0.00100284,-0.27564,0.0060773,-0.406461,4.76883,-274859,-1,4.97391e-10,1,0
0.00100358,-0.27627,0.00637142,-0.406822,4.7667,-275285,-1,8.29111e-10,1,0
0.00100454,-0.276227,0.0065881,-0.407928,4.76396,-274979,-1,4.12735e-10,1,0
0.0010053,-0.276515,0.00729373,-0.408545,4.76358,-275057,-1,9.43606e-10,1,0
0.00100639,-0.275737,0.0076218,-0.408994,4.76207,-273987,-1,1.71077e-10,1,0
0.00100737,-0.274483,0.00762078,-0.40918,4.76463,-272475,-1,2.06332e-09,1,0
0.00100788,-0.274246,0.00745833,-0.408605,4.76356,-272101,-1,2.46728e-11,1,0
0.00100837,-0.274485,0.00742902,-0.408356,4.76384,-272207,-1,3.18604e-10,1,0
0.00100869,-0.274227,0.00751107,-0.408148,4.76563,-271864,-1,2.8852e-10,1,0
0.00100967,-0.273046,0.00786664,-0.407878,4.76569,-270432,-1,2.8852e-10,1,0
0.00101058,-0.271935,0.00820118,-0.407625,4.76584,-269087,-1,2.71664e-09,1,0
0.00101077,-0.271983,0.00831282,-0.407463,4.76589,-269084,-1,1.84798e-10,1,0
0.00101253,-0.27086,0.00841091,-0.405621,4.76501,-267507,-1,9.88216e-10,1,0
0.00101428,-0.270509,0.00628561,-0.404927,4.76534,-266700,-1,2.26292e-09,1,0
0.00101518,-0.270205,0.00576578,-0.40438,4.76717,-266164,-1,7.64e-10,1,0
0.00101576,-0.270285,0.0058196,-0.404406,4.76492,-266090,-1,4.90144e-10,1,0
0.00101667,-0.27122,0.00597943,-0.403983,4.764,-266774,-1,1.02403e-09,1,0
0.00101787,-0.271687,0.00676144,-0.404215,4.76178,-266917,-1,4.26524e-10,1,0
0.00101824,-0.271529,0.00703106,-0.404016,4.75831,-266664,-1,3.35166e-10,1,0
0.00101843,-0.271525,0.00706712,-0.403825,4.75581,-266611,-1,1.68392e-10,1,0
0.0010193,-0.271842,0.00789105,-0.403486,4.75177,-266694,-1,9.69944e-11,1,0
0.00101982,-0.271478,0.00828485,-0.403377,4.75062,-266202,-1,1.53879e-10,1,0
0.00102013,-0.271445,0.00839512,-0.40306,4.74939,-266089,-1,2.94092e-11,1,0
0.00102035,-0.271552,0.00843426,-0.402922,4.75126,-266136,-1,1.26558e-10,1,0
0.00102109,-0.271236,0.00890766,-0.402874,4.75139,-265633,-1,1.04644e-10,1,0
0.00102215,-0.270438,0.0092429,-0.402304,4.75244,-264579,-1,1.22288e-10,1,0
0.00102346,-0.27091,0.0102299,-0.402617,4.74904,-264700,-1,1.08483e-09,1,0
0.00102498,-0.270637,0.0109278,-0.402693,4.75213,-264042,-1,1.20391e-09,1,0
0.00102604,-0.270633,0.0101322,-0.401616,4.75163,-263765,-1,1.1007e-09,1,0
0.00102621,-0.270478,0.0100294,-0.401718,4.75103,-263570,-1,1.53894e-10,1,0
0.00102668,-0.270133,0.00991836,-0.40163,4.74992,-263114,-1,1.43788e-10,1,0
0.00102788,-0.270474,0.00899188,-0.40283,4.75013,-263138,-1,1.55359e-09,1,0
0.00102846,-0.270349,0.00935525,-0.403017,4.74915,-262867,-1,4.86327e-10,1,0
0.00102919,-0.270855,0.00992285,-0.402476,4.74926,-263174,-1,9.68347e-10,1,0
0.00102939,-0.270772,0.00993158,-0.402277,4.74741,-263041,-1,1.97504e-10,1,0
0.00102976,-0.270656,0.0102145,-0.402017,4.74584,-262835,-1,4.05765e-10,1,0
0.00103053,-0.270158,0.0105862,-0.4014,4.74998,-262153,-1,8.30433e-11,1,0
0.00103073,-0.270102,0.0105172,-0.401429,4.75107,-262050,-1,1.43688e-10,1,0
0.00103143,-0.270589,0.00975779,-0.401334,4.75121,-262344,-1,9.07411e-10,1,0
0.00103228,-0.271447,0.00984483,-0.401638,4.75486,-262959,-1,1.62622e-10,1,0
0.00103273,-0.271371,0.0100644,-0.401451,4.75794,-262772,-1,3.32934e-10,1,0
0.00103398,-0.271185,0.0108056,-0.40004,4.75804,-262272,-1,1.60157e-09,1,0
0.00103458,-0.271483,0.0102657,-0.399948,4.75627,-262409,-1,6.58464e-10,1,0
0.00103532,-0.27138,0.0106912,-0.399804,4.75496,-262123,-1,6.74872e-10,1,0
0.00103591,-0.270911,0.0101384,-0.399816,4.75587,-261519,-1,9.86416e-10,1,0
0.00103666,-0.271544,0.0103809,-0.399688,4.75478,-261942,-1,2.26823e-10,1,0
0.00103714,-0.272148,0.0105325,-0.399637,4.75355,-262402,-1,1.42355e-09,1,0
0.00103753,-0.272208,0.0109032,-0.399288,4.75355,-262361,-1,1.42355e-09,1,0
0.00103831,-0.271786,0.0114962,-0.39906,4.757,-261758,-1,5.67835e-10,1,0
0.00103909,-0.272274,0.011378,-0.399031,4.75387,-262032,-1,3.33472e-10,1,0
0.00104033,-0.271306,0.0113398,-0.39902,4.7536,-260790,-1,1.14003e-09,1,0
0.00104079,-0.271393,0.0117147,-0.398564,4.75359,-260757,-1,1.14003e-09,1,0
0.00104152,-0.270942,0.0120818,-0.398182,4.75101,-260141,-1,3.905e-10,1,0
0.00104248,-0.271007,0.0112502,-0.398632,4.74994,-259964,-1,4.33398e-10,1,0
0.00104338,-0.270479,0.011037,-0.397643,4.74901,-259234,-1,1.14317e-09,1,0
0.00104381,-0.270095,0.0113805,-0.39769,4.74786,-258759,-1,2.62571e-10,1,0
0.00104447,-0.270112,0.0110921,-0.397867,4.74688,-258612,-1,4.4042e-10,1,0
0.00104488,-0.270009,0.0107553,-0.39763,4.747,-258411,-1,7.20253e-10,1,0
0.00104591,-0.270365,0.00982335,-0.398507,4.74698,-258498,-1,7.20253e-10,1,0
0.00104636,-0.270421,0.00940199,-0.398835,4.74708,-258439,-1,1.2246e-10,1,0
0.00104724,-0.270824,0.00968783,-0.398081,4.74495,-258609,-1,9.32544e-10,1,0
0.00104787,-0.270525,0.0101735,-0.398324,4.74552,-258166,-1,3.37648e-10,1,0
0.00104869,-0.270604,0.0102409,-0.397724,4.74472,-258039,-1,8.10031e-10,1,0
0.00104949,-0.271032,0.00991024,-0.398035,4.74354,-258252,-1,3.22033e-10,1,0
0.00105023,-0.271695,0.0092293,-0.398099,4.74351,-258702,-1,3.22033e-10,1,0
0.00105067,-0.272048,0.00882991,-0.398159,4.74416,-258928,-1,2.19741e-09,1,0
0.00105148,-0.272137,0.00882607,-0.398703,4.7442,-258813,-1,5.16367e-10,1,0
0.00105167,-0.272239,0.00895023,-0.398594,4.74652,-258862,-1,6.78031e-11,1,0
0.00105243,-0.273027,0.00905734,-0.39848,4.74627,-259426,-1,1.78511e-11,1,0
0.00105313,-0.273128,0.00962498,-0.398217,4.74602,-259350,-1,3.08953e-10,1,0
0.00105436,-0.272661,0.00972209,-0.397124,4.74664,-258602,-1,1.05783e-09,1,0
0.00105504,-0.2732,0.00936927,-0.396909,4.74867,-258949,-1,2.60246e-10,1,0
0.00105594,-0.273821,0.00965229,-0.397354,4.74618,-259315,-1,2.40391e-10,1,0
0.00105674,-0.274356,0.00964146,-0.39702,4.74625,-259624,-1,6.57764e-10,1,0
0.00105719,-0.274354,0.00972684,-0.397271,4.74829,-259513,-1,1.85333e-11,1,0
0.00105836,-0.275177,0.0090534,-0.398092,4.74911,-260004,-1,8.1632e-10,1,0
0.00105941,-0.27596,0.00880268,-0.398525,4.75069,-260485,-1,4.96389e-10,1,0
0.0010598,-0.275992,0.00850874,-0.39862,4.75133,-260419,-1,3.98708e-10,1,0
0.00106037,-0.276238,0.00825534,-0.398428,4.75087,-260510,-1,1.80642e-10,1,0
0.00106146,-0.275661,0.00816841,-0.398802,4.74933,-259699,-1,5.83785e-10,1,0
0.00106202,-0.275452,0.00777901,-0.39835,4.75016,-259367,-1,3.75905e-10,1,0
0.00106255,-0.275545,0.00737514,-0.398269,4.74807,-259325,-1,3.67117e-10,1,0
0.00106357,-0.275824,0.00650462,-0.398689,4.7507,-259339,-1,6.01e-10,1,0
0.00106464,-0.275956,0.00583519,-0.398723,4.75046,-259201,-1,5.69862e-10,1,0
0.00106492,-0.275643,0.00593308,-0.39875,4.75037,-258839,-1,3.01077e-10,1,0
0.00106549,-0.275065,0.00547874,-0.398813,4.7504,-258159,-1,3.01077e-10,1,0
0.00106638,-0.274259,0.00533726,-0.398472,4.75148,-257188,-1,1.37528e-09,1,0
0.00106733,-0.274647,0.00496507,-0.399215,4.75255,-257321,-1,7.29181e-10,1,0
0.00106756,-0.274717,0.0047578,-0.399132,4.74981,-257332,-1,1.13601e-09,1,0
0.00106847,-0.275137,0.00424091,-0.398653,4.75317,-257505,-1,1.09731e-09,1,0
0.00106922,-0.27594,0.00478046,-0.398714,4.75256,-258076,-1,1.28608e-09,1,0
0.00107023,-0.276826,0.00548644,-0.398473,4.75151,-258660,-1,2.16604e-10,1,0
0.00107057,-0.277069,0.00566773,-0.398478,4.75134,-258806,-1,1.42767e-09,1,0
0.00107121,-0.276911,0.00547937,-0.398716,4.75194,-258503,-1,1.27979e-10,1,0
0.00107147,-0.27721,0.00541991,-0.398599,4.74859,-258718,-1,1.67956e-11,1,0
0.00107229,-0.277538,0.00531736,-0.398449,4.74798,-258828,-1,6.00728e-10,1,0
0.00107313,-0.277146,0.0054759,-0.397446,4.74671,-258260,-1,1.38488e-09,1,0
0.00107345,-0.276951,0.00532735,-0.397671,4.74667,-258001,-1,7.63773e-11,1,0
0.00107393,-0.277312,0.00496988,-0.397497,4.74969,-258223,-1,4.72719e-10,1,0
0.00107437,-0.277582,0.00538565,-0.397767,4.74843,-258366,-1,4.24719e-11,1,0
0.00107456,-0.277693,0.0053501,-0.397615,4.74626,-258425,-1,1.9385e-10,1,0
0.00107508,-0.278214,0.0049597,-0.397425,4.74716,-258783,-1,6.78171e-10,1,0
0.00107579,-0.278688,0.00518602,-0.397467,4.74985,-259055,-1,4.81769e-10,1,0
0.00107659,-0.279013,0.00604614,-0.397309,4.74749,-259163,-1,8.24844e-10,1,0
0.0010773,-0.279651,0.00658935,-0.397653,4.74724,-259585,-1,6.36267e-10,1,0
0.00107758,-0.279538,0.00673358,-0.397955,4.7459,-259414,-1,3.50166e-10,1,0
0.00107903,-0.278959,0.00635823,-0.398601,4.7454,-258528,-1,1.10689e-09,1,0
0.00108006,-0.277678,0.00630905,-0.398971,4.74537,-257095,-1,1.33419e-09,1,0
0.00108083,-0.278185,0.0054607,-0.399129,4.74508,-257380,-1,1.00091e-09,1,0
0.00108144,-0.277495,0.00518994,-0.399384,4.74577,-256598,-1,7.83745e-10,1,0
0.00108216,-0.276979,0.00515013,-0.399269,4.7483,-255951,-1,1.07986e-10,1,0
0.00108294,-0.276392,0.0045087,-0.399374,4.751,-255222,-1,5.24748e-11,1,0
0.00108352,-0.276429,0.00516745,-0.399015,4.75043,-255120,-1,7.51364e-10,1,0
0.00108412,-0.276929,0.00531138,-0.399097,4.75011,-255441,-1,2.39938e-10,1,0
0.00108434,-0.27698,0.00530471,-0.39887,4.74972,-255436,-1,1.79121e-10,1,0
0.00108517,-0.276743,0.00530543,-0.398045,4.7529,-255024,-1,6.96854e-10,1,0
0.0010855,-0.276767,0.00537058,-0.398376,4.7541,-254968,-1,4.87381e-11,1,0
0.00108612,-0.276801,0.00537661,-0.399112,4.75389,-254852,-1,1.02979e-09,1,0
0.00108659,-0.276926,0.00502344,-0.3994,4.75481,-254857,-1,2.26092e-11,1,0
0.00108691,-0.276633,0.0048327,-0.399601,4.75483,-254514,-1,2.26092e-11,1,0
0.00108785,-0.275749,0.00425766,-0.400208,4.75453,-253482,-1,1.61999e-09,1,0
0.00108849,-0.276421,0.00425706,-0.400702,4.7542,-253948,-1,3.52458e-11,1,0
0.00108974,-0.276442,0.00562326,-0.401258,4.75447,-253678,-1,6.10624e-10,1,0
0.00109048,-0.275629,0.00544658,-0.401634,4.75435,-252759,-1,7.01777e-10,1,0
0.00109105,-0.275233,0.00533333,-0.402227,4.7546,-252265,-1,4.51453e-10,1,0
0.00109173,-0.274718,0.0057888,-0.402584,4.7543,-251637,-1,1.99422e-11,1,0
0.00109272,-0.27436,0.00532203,-0.401869,4.75424,-251079,-1,9.28101e-10,1,0
0.00109352,-0.275236,0.00508766,-0.401372,4.75447,-251696,-1,1.36518e-09,1,0
0.00109382,-0.27523,0.00502395,-0.400993,4.75447,-251623,-1,1.36518e-09,1,0
0.00109518,-0.275202,0.0047325,-0.39926,4.75448,-251285,-1,1.36518e-09,1,0
0.00109566,-0.275172,0.0047434,-0.399172,4.75636,-251147,-1,2.71317e-10,1,0
0.00109636,-0.275383,0.00447909,-0.399606,4.7552,-251179,-1,3.99619e-10,1,0
0.00109714,-0.275697,0.0036523,-0.399561,4.75597,-251287,-1,3.52836e-11,1,0
0.00109788,-0.276208,0.00389975,-0.400011,4.75722,-251584,-1,6.10276e-10,1,0
0.00109877,-0.275713,0.00329441,-0.400781,4.75748,-250930,-1,1.08867e-09,1,0
0.001099,-0.275789,0.00333447,-0.400746,4.75551,-250945,-1,2.90447e-11,1,0
0.00110036,-0.276126,0.0029747,-0.399063,4.75468,-250941,-1,1.90691e-09,1,0
0.00110145,-0.277408,0.00275579,-0.399393,4.75585,-251856,-1,9.88154e-10,1,0
0.00110235,-0.276666,0.00306152,-0.399798,4.75314,-250978,-1,9.88171e-10,1,0
0.00110277,-0.276985,0.00348481,-0.399674,4.75312,-251172,-1,9.88171e-10,1,0
0.00110344,-0.277136,0.00358652,-0.399493,4.75335,-251155,-1,2.94746e-10,1,0
0.00110503,-0.276138,0.0030322,-0.399324,4.75163,-249891,-1,1.00565e-09,1,0
0.00110646,-0.276224,0.00443007,-0.398889,4.74999,-249646,-1,1.20111e-09,1,0
0.00110655,-0.2762,0.00452507,-0.398854,4.75111,-249605,-1,1.1608e-09,1,0
0.00110756,-0.27689,0.00532759,-0.399177,4.7515,-250001,-1,1.03552e-09,1,0
0.00110856,-0.27803,0.00492976,-0.399541,4.74758,-250803,-1,1.51555e-09,1,0
0.00110881,-0.278032,0.00471323,-0.39931,4.74969,-250748,-1,2.96758e-10,1,0
0.00110938,-0.278436,0.00413221,-0.399525,4.75113,-250983,-1,7.39655e-10,1,0
0.00111013,-0.278572,0.00459042,-0.399019,4.74735,-250936,-1,2.42998e-10,1,0
0.00111077,-0.27833,0.00460869,-0.398511,4.74787,-250573,-1,3.91523e-10,1,0
0.00111173,-0.277984,0.0035359,-0.398013,4.74448,-250047,-1,1.23226e-09,1,0
0.00111217,-0.277546,0.0038124,-0.398241,4.7445,-249555,-1,1.23226e-09,1,0
0.00111334,-0.277857,0.00377044,-0.398799,4.74282,-249570,-1,7.043e-11,1,0
0.00111421,-0.278487,0.0036845,-0.399303,4.74627,-249941,-1,1.82805e-10,1,0
0.00111538,-0.279307,0.00484426,-0.399106,4.7459,-250415,-1,1.04532e-09,1,0
0.00111662,-0.279965,0.00509252,-0.397938,4.74081,-250725,-1,7.44694e-10,1,0
0.00111744,-0.279717,0.00415848,-0.397691,4.74141,-250319,-1,8.45479e-11,1,0
0.00111811,-0.279263,0.00423909,-0.397045,4.74566,-249762,-1,7.71965e-10,1,0
0.0011185,-0.279329,0.0043463,-0.39727,4.74802,-249736,-1,1.07714e-10,1,0
0.00111936,-0.279346,0.00464751,-0.39834,4.74802,-249559,-1,1.07714e-10,1,0
0.00112007,-0.279316,0.00478099,-0.398747,4.74736,-249375,-1,2.45009e-10,1,0
0.00112038,-0.279718,0.00471564,-0.398791,4.74734,-249663,-1,2.45009e-10,1,0
0.00112112,-0.280358,0.00441189,-0.398943,4.74716,-250068,-1,1.15039e-09,1,0
0.00112151,-0.280689,0.0045691,-0.399034,4.75062,-250278,-1,1.55237e-10,1,0
0.00112262,-0.27991,0.00461285,-0.397829,4.7493,-249336,-1,1.43516e-09,1,0
0.00112384,-0.278828,0.00419984,-0.397456,4.75112,-248103,-1,1.17698e-09,1,0
0.00112456,-0.279505,0.003943,-0.396892,4.7516,-248545,-1,2.46082e-10,1,0
0.00112471,-0.279638,0.00393608,-0.396796,4.75222,-248632,-1,7.21423e-11,1,0
0.00112625,-0.280663,0.00422356,-0.396499,4.75529,-249202,-1,1.00549e-09,1,0
0.00112709,-0.280423,0.00336026,-0.395878,4.7553,-248803,-1,1.00549e-09,1,0
0.0011281,-0.279882,0.00350607,-0.396452,4.75348,-248101,-1,9.88109e-10,1,0
0.001129,-0.280041,0.00358705,-0.395902,4.75224,-248044,-1,3.97283e-10,1,0
0.00112992,-0.279393,0.00407505,-0.396767,4.75223,-247269,-1,1.40046e-10,1,0
0.00113054,-0.278958,0.00439113,-0.397363,4.75225,-246748,-1,1.40046e-10,1,0
0.00113091,-0.278664,0.00419756,-0.397348,4.75086,-246407,-1,3.3407e-11,1,0
0.00113147,-0.27864,0.00448962,-0.396925,4.75094,-246265,-1,1.67487e-10,1,0
0.00113263,-0.278945,0.00558733,-0.39593,4.75092,-246279,-1,1.67487e-10,1,0
0.00113268,-0.278956,0.00562969,-0.395891,4.75092,-246280,-1,1.67487e-10,1,0
0.00113395,-0.278809,0.00590651,-0.395498,4.75095,-245876,-1,2.96907e-09,1,0
0.00113418,-0.278643,0.00569056,-0.395626,4.74992,-245678,-1,9.32904e-10,1,0
0.00113531,-0.278134,0.00579555,-0.394657,4.74941,-244986,-1,2.86393e-10,1,0
0.00113554,-0.278239,0.00597778,-0.394622,4.74885,-245028,-1,6.91819e-11,1,0
0.00113604,-0.278764,0.00593891,-0.394248,4.74719,-245383,-1,6.94555e-10,1,0
0.00113631,-0.278823,0.00613376,-0.394287,4.74575,-245375,-1,1.45323e-10,1,0
0.00113705,-0.279227,0.00644766,-0.394201,4.74674,-245572,-1,3.65597e-10,1,0
0.00113798,-0.27896,0.00652878,-0.394013,4.74669,-245136,-1,6.33991e-10,1,0
0.00113924,-0.279593,0.00793106,-0.393471,4.748,-245420,-1,2.19729e-09,1,0
0.00114061,-0.278956,0.00722864,-0.391969,4.74803,-244566,-1,2.19729e-09,1,0
0.00114096,-0.27876,0.00731821,-0.391705,4.74742,-244322,-1,1.99025e-09,1,0
0.00114133,-0.27848,0.00756994,-0.391914,4.74963,-243997,-1,3.29329e-10,1,0
0.00114233,-0.277705,0.00816318,-0.39276,4.74954,-243105,-1,1.66913e-09,1,0
0.00114304,-0.276992,0.00807557,-0.393322,4.74979,-242330,-1,6.73053e-10,1,0
0.00114333,-0.276743,0.00823932,-0.39341,4.75034,-242050,-1,2.31605e-10,1,0
0.00114359,-0.276539,0.00833061,-0.39315,4.75035,-241816,-1,2.31605e-10,1,0
0.00114383,-0.276378,0.00826674,-0.393096,4.75045,-241625,-1,1.14558e-10,1,0
0.00114453,-0.276154,0.00801789,-0.392693,4.75065,-241282,-1,5.27079e-10,1,0
0.00114549,-0.276518,0.00717188,-0.391858,4.75063,-241396,-1,5.27079e-10,1,0
0.00114577,-0.276578,0.00695756,-0.391589,4.75065,-241390,-1,1.07483e-10,1,0
0.00114619,-0.276687,0.00668072,-0.391406,4.75214,-241398,-1,2.14135e-10,1,0
0.00114703,-0.276493,0.00628525,-0.391531,4.75379,-241052,-1,4.73652e-10,1,0
0.00114771,-0.276423,0.00633476,-0.390782,4.7512,-240848,-1,5.6968e-11,1,0
0.00114879,-0.276839,0.00600983,-0.389852,4.75165,-240982,-1,6.74014e-10,1,0
0.00114925,-0.276711,0.00649001,-0.390181,4.75165,-240774,-1,5.95815e-10,1,0
0.00114969,-0.276443,0.00669815,-0.390377,4.75403,-240451,-1,1.33987e-10,1,0
0.0011503,-0.276426,0.00690155,-0.39097,4.75055,-240308,-1,2.95358e-10,1,0
0.00115091,-0.275807,0.00643674,-0.390813,4.75058,-239641,-1,2.95358e-10,1,0
0.00115153,-0.275814,0.00657488,-0.390541,4.7511,-239521,-1,3.99388e-10,1,0
0.00115264,-0.276369,0.00660689,-0.389305,4.75156,-239771,-1,1.36632e-10,1,0
0.0011532,-0.276376,0.0064139,-0.388658,4.74998,-239661,-1,7.12087e-11,1,0
0.00115466,-0.276523,0.00527278,-0.388753,4.74801,-239484,-1,1.16605e-09,1,0
0.00115524,-0.276658,0.00526827,-0.389275,4.75011,-239481,-1,3.06215e-10,1,0
0.00115665,-0.27572,0.00477841,-0.390004,4.74911,-238379,-1,1.16663e-09,1,0
0.00115707,-0.276171,0.00465208,-0.39029,4.74709,-238681,-1,5.49173e-10,1,0
0.00115736,-0.276364,0.00480073,-0.390278,4.74929,-238789,-1,2.83834e-10,1,0
0.00115813,-0.276917,0.00561159,-0.390468,4.75025,-239107,-1,9.99575e-10,1,0
0.00115874,-0.276892,0.00584019,-0.389753,4.75025,-238961,-1,1.00909e-10,1,0
0.00115918,-0.276796,0.00578221,-0.389555,4.74819,-238786,-1,1.77023e-10,1,0
0.00115992,-0.277306,0.00553022,-0.389652,4.7487,-239074,-1,7.35112e-10,1,0
0.00116072,-0.278105,0.00614056,-0.389737,4.74876,-239598,-1,1.00574e-09,1,0
0.00116139,-0.278086,0.00546757,-0.389442,4.747,-239442,-1,1.10245e-10,1,0
0.00116251,-0.278558,0.00512764,-0.390772,4.74742,-239617,-1,1.45115e-09,1,0
0.00116366,-0.279794,0.00470574,-0.391007,4.74668,-240442,-1,1.00573e-09,1,0
0.00116408,-0.279416,0.00501351,-0.391153,4.74332,-240031,-1,4.87653e-10,1,0
0.00116435,-0.279287,0.00504165,-0.390831,4.74689,-239865,-1,3.47774e-10,1,0
0.00116491,-0.279441,0.00573093,-0.390996,4.74689,-239881,-1,3.47774e-10,1,0
0.00116561,-0.279636,0.00657904,-0.391181,4.74731,-239906,-1,3.31619e-11,1,0
0.00116642,-0.279982,0.00631982,-0.391015,4.7418,-240035,-1,5.46694e-10,1,0
0.00116761,-0.280285,0.00721953,-0.389861,4.73906,-240050,-1,1.47335e-09,1,0
0.00116838,-0.279955,0.00735237,-0.38962,4.73397,-239610,-1,5.97431e-10,1,0
0.00116938,-0.279666,0.00632372,-0.390345,4.73399,-239158,-1,5.97431e-10,1,0
0.00117017,-0.279212,0.00573688,-0.390917,4.7336,-238608,-1,8.22979e-11,1,0
0.00117121,-0.278082,0.00537531,-0.391529,4.73474,-237432,-1,1.68629e-09,1,0
0.00117214,-0.279238,0.00521944,-0.391324,4.7365,-238230,-1,1.13301e-09,1,0
0.00117276,-0.279207,0.00532714,-0.390886,4.73696,-238077,-1,4.01909e-10,1,0
0.0011733,-0.27962,0.0053008,-0.390517,4.74266,-238318,-1,6.22518e-10,1,0
0.0011745,-0.278441,0.0043093,-0.390377,4.74272,-237072,-1,6.22518e-10,1,0
0.00117506,-0.277886,0.00384246,-0.390311,4.74422,-236486,-1,2.27462e-09,1,0
0.00117589,-0.27807,0.00366177,-0.389759,4.74639,-236476,-1,2.6498e-10,1,0
0.00117654,-0.278309,0.00360751,-0.388998,4.74862,-236549,-1,2.61122e-11,1,0
0.00117705,-0.2787,0.00357527,-0.388677,4.74855,-236777,-1,3.47907e-10,1,0
0.00117759,-0.27924,0.00334479,-0.388456,4.74843,-237129,-1,3.77444e-10,1,0
0.00117854,-0.280029,0.00352044,-0.388175,4.7507,-237606,-1,4.27753e-10,1,0
0.00117901,-0.279664,0.00368749,-0.388626,4.75001,-237203,-1,6.03803e-10,1,0
0.00117962,-0.279581,0.00388843,-0.389384,4.7491,-237010,-1,7.88423e-10,1,0
0.00118038,-0.279528,0.00301583,-0.389607,4.74875,-236812,-1,2.51727e-10,1,0
0.00118115,-0.27906,0.00245199,-0.389811,4.74946,-236261,-1,5.02728e-10,1,0
0.00118232,-0.27932,0.00108992,-0.389215,4.74945,-236248,-1,5.02728e-10,1,0
0.00118271,-0.279431,0.00104579,-0.38953,4.75001,-236263,-1,2.25686e-10,1,0
0.00118351,-0.279193,0.00179015,-0.389503,4.7504,-235903,-1,6.83469e-10,1,0
0.00118462,-0.279148,0.00233751,-0.390834,4.74999,-235643,-1,1.44017e-09,1,0
0.0011849,-0.279165,0.00226245,-0.390543,4.74991,-235603,-1,1.29184e-10,1,0
0.00118526,-0.279275,0.00200001,-0.390172,4.74991,-235624,-1,1.29184e-10,1,0
0.00118587,-0.279499,0.00206574,-0.389934,4.75134,-235691,-1,1.13187e-09,1,0
0.00118704,-0.280129,0.00299269,-0.389989,4.74989,-235989,-1,4.60907e-10,1,0
0.00118768,-0.280426,0.00338769,-0.389396,4.74753,-236114,-1,1.55828e-10,1,0
0.00118893,-0.281647,0.00361915,-0.389024,4.74739,-236892,-1,1.00461e-09,1,0
0.00118907,-0.281721,0.00355424,-0.389051,4.74454,-236924,-1,1.0555e-10,1,0
0.0011897,-0.281863,0.00380044,-0.389293,4.74214,-236919,-1,2.42944e-10,1,0
0.0011907,-0.282711,0.00350222,-0.390104,4.74429,-237433,-1,9.47798e-11,1,0
0.00119134,-0.282658,0.00355737,-0.390179,4.7402,-237261,-1,2.47074e-10,1,0
0.0011918,-0.283075,0.00341355,-0.389953,4.73996,-237520,-1,8.2906e-11,1,0
0.00119297,-0.284313,0.00316664,-0.389113,4.7399,-238324,-1,8.2906e-11,1,0
0.00119423,-0.28564,0.00290204,-0.388214,4.7387,-239183,-1,3.64957e-09,1,0
0.00119495,-0.285839,0.0025737,-0.388594,4.73698,-239205,-1,1.14596e-10,1,0
0.00119584,-0.286762,0.00275078,-0.389199,4.7376,-239800,-1,3.81815e-10,1,0
0.00119772,-0.288407,0.00232115,-0.387456,4.73752,-240797,-1,3.81815e-10,1,0
0.00119839,-0.288837,0.00214568,-0.387685,4.73635,-241021,-1,5.24564e-10,1,0
0.00119929,-0.288979,0.0021798,-0.387801,4.73687,-240959,-1,5.55789e-10,1,0
0.00119997,-0.28831,0.00234388,-0.388341,4.73665,-240265,-1,8.75438e-10,1,0
0.00120054,-0.288581,0.00298301,-0.388075,4.73663,-240375,-1,8.75438e-10,1,0
0.00120092,-0.288603,0.0030521,-0.387863,4.73488,-240319,-1,1.92492e-10,1,0
0.00120145,-0.288083,0.00343846,-0.387619,4.73487,-239778,-1,7.63549e-10,1,0
0.00120228,-0.287249,0.00409775,-0.387682,4.73462,-238921,-1,1.06456e-09,1,0
0.00120279,-0.28784,0.0039869,-0.387744,4.7371,-239310,-1,8.73628e-11,1,0
0.00120355,-0.288003,0.0039255,-0.387938,4.73573,-239295,-1,4.04908e-10,1,0
0.00120394,-0.288298,0.00402468,-0.388152,4.73683,-239463,-1,1.42419e-10,1,0
0.00120509,-0.288103,0.00323465,-0.388194,4.73491,-239072,-1,9.25479e-11,1,0
0.00120562,-0.287809,0.00329092,-0.388045,4.73731,-238723,-1,3.59202e-10,1,0
0.0012064,-0.286969,0.00299997,-0.38774,4.73736,-237873,-1,4.26271e-10,1,0
0.00120756,-0.285821,0.00212871,-0.387316,4.73742,-236693,-1,4.26271e-10,1,0
0.0012093,-0.286375,0.00267541,-0.385818,4.73507,-236811,-1,1.81844e-09,1,0
0.00120988,-0.286291,0.00283848,-0.385147,4.73618,-236627,-1,5.78711e-10,1,0
0.00121109,-0.285799,0.00320662,-0.385094,4.73955,-235985,-1,6.74082e-10,1,0
0.00121223,-0.284666,0.00235011,-0.384728,4.7396,-234829,-1,6.74082e-10,1,0
0.00121327,-0.283591,0.00185619,-0.384859,4.74028,-233741,-1,1.19906e-10,1,0
0.00121349,-0.283582,0.00194844,-0.384933,4.73953,-233691,-1,1.70177e-10,1,0
0.00121421,-0.283605,0.00287765,-0.385018,4.73941,-233571,-1,9.33402e-10,1,0
0.00121513,-0.283715,0.00380188,-0.384491,4.7417,-233485,-1,1.16091e-10,1,0
0.00121683,-0.284378,0.00504316,-0.384881,4.74352,-233704,-1,1.19171e-09,1,0
0.00121714,-0.284762,0.00513289,-0.384819,4.7435,-233960,-1,1.19171e-09,1,0
0.00121765,-0.285396,0.00528126,-0.384716,4.74401,-234383,-1,2.06368e-09,1,0
0.0012193,-0.285841,0.00409976,-0.383346,4.74383,-234431,-1,5.48655e-10,1,0
0.0012197,-0.285949,0.00372269,-0.383631,4.74438,-234443,-1,1.95413e-10,1,0
0.00122023,-0.286022,0.00378201,-0.383931,4.74582,-234400,-1,3.02933e-10,1,0
0.00122057,-0.285817,0.00369584,-0.383705,4.74639,-234168,-1,2.42247e-10,1,0
0.00122103,-0.286162,0.00351832,-0.383694,4.74468,-234362,-1,3.10961e-10,1,0
0.0012224,-0.287466,0.0030888,-0.383231,4.74605,-235166,-1,7.65657e-10,1,0
0.00122325,-0.28729,0.00410659,-0.383378,4.74288,-234858,-1,2.96139e-11,1,0
0.00122378,-0.28717,0.00478065,-0.383482,4.74288,-234657,-1,2.96139e-11,1,0
0.0012249,-0.286777,0.00604595,-0.38356,4.74552,-234123,-1,2.26279e-10,1,0
0.00122541,-0.286873,0.00581521,-0.383568,4.74361,-234103,-1,2.38522e-10,1,0
0.00122574,-0.286557,0.00602238,-0.383758,4.74362,-233783,-1,2.38522e-10,1,0
0.00122586,-0.286445,0.00602584,-0.383778,4.74115,-233668,-1,5.54051e-11,1,0
0.00122694,-0.287084,0.00643679,-0.383465,4.74256,-233984,-1,8.62344e-10,1,0
0.00122815,-0.288118,0.00648512,-0.384647,4.74221,-234595,-1,2.09563e-09,1,0
0.00122867,-0.287781,0.00695674,-0.384679,4.74205,-234222,-1,2.928e-10,1,0
0.00122947,-0.287123,0.00690875,-0.384557,4.74251,-233533,-1,3.59954e-10,1,0
0.00123033,-0.286533,0.00715121,-0.384121,4.74063,-232892,-1,4.37805e-10,1,0
0.00123117,-0.287203,0.0074926,-0.384454,4.74266,-233277,-1,1.6942e-10,1,0
0.00123182,-0.286588,0.00736201,-0.384965,4.74267,-232654,-1,9.09764e-11,1,0
0.0012325,-0.286553,0.00816074,-0.385262,4.74147,-232497,-1,5.95512e-10,1,0
0.00123306,-0.286573,0.00869962,-0.385734,4.74394,-232409,-1,8.98873e-10,1,0
0.00123319,-0.286624,0.0086154,-0.38575,4.7418,-232425,-1,9.423e-11,1,0
0.00123431,-0.286241,0.00900717,-0.386141,4.74181,-231903,-1,8.41528e-11,1,0
0.0012351,-0.285942,0.00830391,-0.385557,4.73822,-231513,-1,1.17196e-10,1,0
0.00123553,-0.285636,0.00826063,-0.385792,4.73602,-231186,-1,4.6259e-11,1,0
0.00123596,-0.285265,0.00814043,-0.385941,4.73768,-230804,-1,9.20919e-11,1,0
0.00123715,-0.284357,0.00874866,-0.384865,4.73693,-229849,-1,1.5334e-09,1,0
0.00123838,-0.283291,0.00762733,-0.385116,4.73743,-228758,-1,1.53611e-09,1,0
0.00123912,-0.282959,0.00761846,-0.384618,4.73775,-228354,-1,1.67376e-10,1,0
0.00124035,-0.282944,0.00663797,-0.385183,4.73869,-228117,-1,1.00468e-09,1,0
0.00124078,-0.282691,0.0065566,-0.385372,4.73972,-227833,-1,4.37695e-10,1,0
0.00124161,-0.283032,0.00716724,-0.384791,4.73895,-227956,-1,2.85871e-10,1,0
0.00124214,-0.283455,0.00722123,-0.384257,4.74007,-228200,-1,6.82439e-10,1,0
0.00124383,-0.284225,0.0087681,-0.384022,4.74028,-228508,-1,1.00734e-09,1,0
0.00124451,-0.284681,0.00941908,-0.384394,4.74025,-228750,-1,1.00734e-09,1,0
0.00124548,-0.285329,0.0102861,-0.38492,4.73864,-229092,-1,3.27479e-09,1,0
0.00124629,-0.286018,0.0102802,-0.384536,4.73892,-229496,-1,7.74697e-10,1,0
0.00124705,-0.286577,0.00991125,-0.384812,4.7395,-229804,-1,3.91429e-10,1,0
0.00124763,-0.286705,0.00965921,-0.385362,4.7412,-229801,-1,6.42239e-10,1,0
0.00124767,-0.286666,0.00964307,-0.385387,4.74167,-229762,-1,2.20636e-11,1,0
0.00124825,-0.286342,0.00918842,-0.38582,4.74534,-229395,-1,1.88694e-10,1,0
0.00124852,-0.286689,0.00919467,-0.385813,4.74593,-229624,-1,3.47745e-10,1,0
0.0012492,-0.287212,0.00918687,-0.385639,4.74643,-229916,-1,5.50393e-10,1,0
0.00125041,-0.287563,0.00784046,-0.385391,4.74847,-229976,-1,3.21452e-10,1,0
0.00125149,-0.288024,0.00868864,-0.384547,4.74785,-230145,-1,7.33669e-11,1,0
0.00125193,-0.288185,0.00902728,-0.384125,4.74621,-230194,-1,1.57079e-09,1,0
0.00125209,-0.28799,0.00906521,-0.384064,4.74597,-230008,-1,1.21971e-10,1,0
0.00125271,-0.287386,0.00916146,-0.383781,4.74713,-229412,-1,1.27257e-11,1,0
0.00125388,-0.28836,0.0101158,-0.383876,4.74646,-229975,-1,8.89557e-11,1,0
0.00125409,-0.288374,0.01038,-0.38395,4.74646,-229947,-1,8.89557e-11,1,0
0.00125527,-0.288332,0.0118281,-0.383947,4.74635,-229697,-1,1.11714e-09,1,0
0.00125562,-0.288085,0.012059,-0.384175,4.74747,-229437,-1,2.11925e-10,1,0
0.00125637,-0.287553,0.0113844,-0.383949,4.74698,-228876,-1,2.44421e-10,1,0
0.00125734,-0.287159,0.0106749,-0.383501,4.74895,-228386,-1,2.32747e-10,1,0
0.00125803,-0.287681,0.0103734,-0.383529,4.75012,-228675,-1,2.28097e-10,1,0
0.00125887,-0.287179,0.010227,-0.383012,4.74964,-228124,-1,4.59829e-10,1,0
0.00125922,-0.286905,0.0103197,-0.383052,4.75195,-227843,-1,3.34156e-10,1,0
0.00125988,-0.287173,0.0104913,-0.382268,4.75193,-227937,-1,3.34156e-10,1,0
0.00126054,-0.287447,0.0106669,-0.381466,4.75192,-228034,-1,3.34156e-10,1,0
0.00126165,-0.287899,0.0109561,-0.380145,4.7519,-228193,-1,3.34156e-10,1,0
0.00126219,-0.287498,0.010946,-0.379717,4.75137,-227777,-1,3.31114e-09,1,0
0.00126291,-0.286694,0.0108662,-0.379246,4.75167,-227010,-1,1.46561e-09,1,0
0.00126464,-0.285382,0.0113118,-0.378622,4.75443,-225662,-1,1.2885e-09,1,0
0.00126506,-0.285711,0.0111727,-0.37822,4.75422,-225848,-1,5.37482e-10,1,0
0.0012652,-0.285737,0.0111874,-0.378046,4.75505,-225843,-1,1.37532e-10,1,0
0.00126637,-0.284613,0.0118006,-0.377696,4.75471,-224747,-1,4.13307e-10,1,0
0.00126694,-0.284456,0.0113475,-0.378261,4.75472,-224522,-1,4.13307e-10,1,0
0.00126717,-0.284498,0.0113309,-0.378417,4.75399,-224515,-1,1.20836e-10,1,0
0.00126816,-0.284803,0.0111108,-0.377694,4.75311,-224580,-1,9.6217e-10,1,0
0.00126826,-0.284708,0.0111275,-0.377657,4.75045,-224487,-1,4.78374e-11,1,0
0.00126867,-0.284646,0.0113579,-0.378035,4.75015,-224366,-1,2.65241e-10,1,0
0.00126901,-0.284849,0.0111952,-0.378215,4.75095,-224466,-1,3.9524e-10,1,0
0.0012703,-0.285679,0.00984445,-0.378713,4.75172,-224892,-1,1.97254e-09,1,0
0.0012706,-0.285582,0.00970882,-0.378906,4.7502,-224762,-1,3.19738e-10,1,0
0.00127139,-0.285575,0.00985083,-0.37875,4.74943,-224615,-1,4.46213e-10,1,0
0.00127223,-0.284779,0.00961763,-0.378319,4.74926,-223842,-1,1.81088e-11,1,0
0.0012734,-0.283515,0.00921678,-0.377602,4.74928,-222644,-1,2.51369e-09,1,0
0.00127456,-0.283316,0.00835009,-0.37639,4.74929,-222285,-1,2.51369e-09,1,0
0.00127532,-0.283187,0.0077842,-0.375598,4.7493,-222051,-1,2.51369e-09,1,0
0.00127664,-0.282962,0.006803,-0.374226,4.74863,-221646,-1,4.18704e-09,1,0
0.00127736,-0.283886,0.00687105,-0.374135,4.74858,-222245,-1,4.18704e-09,1,0
0.00127828,-0.284849,0.00748695,-0.37439,4.74641,-222839,-1,1.09612e-09,1,0
0.00127916,-0.285134,0.00665038,-0.374083,4.74532,-222907,-1,6.6103e-10,1,0
0.00127928,-0.285115,0.006629,-0.374128,4.7446,-222871,-1,5.8701e-11,1,0
0.00128007,-0.285058,0.00583892,-0.374773,4.74101,-222689,-1,1.02171e-09,1,0
0.00128025,-0.285065,0.00604843,-0.374747,4.74039,-222664,-1,4.34465e-11,1,0
0.00128038,-0.284972,0.0061078,-0.374663,4.73863,-222568,-1,2.41785e-10,1,0
0.00128108,-0.284406,0.00629386,-0.37405,4.73963,-222005,-1,6.83519e-10,1,0
0.00128176,-0.284065,0.00677167,-0.373401,4.73791,-221621,-1,1.20705e-09,1,0
0.00128237,-0.283364,0.00671637,-0.373043,4.73794,-220970,-1,1.20705e-09,1,0
0.00128315,-0.283722,0.00657428,-0.372618,4.73527,-221115,-1,6.8463e-10,1,0
0.00128341,-0.283649,0.00651802,-0.372287,4.73478,-221011,-1,1.33532e-10,1,0
0.00128436,-0.284785,0.00673545,-0.372554,4.73459,-221733,-1,4.74701e-10,1,0
0.00128505,-0.285034,0.00728148,-0.372134,4.73503,-221809,-1,6.75642e-10,1,0
0.00128574,-0.285357,0.00698412,-0.372916,4.73509,-221940,-1,6.91672e-10,1,0
0.00128638,-0.285041,0.00626824,-0.373146,4.73456,-221583,-1,8.06826e-10,1,0
0.0012876,-0.285064,0.00636196,-0.374356,4.734,-221392,-1,2.49831e-10,1,0
0.00128896,-0.284968,0.00658941,-0.375895,4.7317,-221084,-1,2.44675e-10,1,0
0.00129013,-0.285462,0.00792985,-0.376387,4.73167,-221266,-1,2.44675e-10,1,0
0.00129088,-0.28569,0.00862092,-0.376586,4.7292,-221313,-1,2.36796e-09,1,0
0.00129122,-0.285582,0.0083338,-0.376462,4.7286,-221173,-1,4.08259e-10,1,0
0.00129299,-0.285898,0.00641566,-0.37766,4.72883,-221114,-1,2.42243e-09,1,0
0.00129322,-0.285819,0.00624029,-0.377649,4.72525,-221013,-1,1.0524e-10,1,0
0.00129384,-0.285527,0.00634679,-0.377491,4.72128,-220683,-1,4.89059e-10,1,0
0.00129506,-0.286276,0.00597961,-0.378577,4.72182,-221051,-1,8.13055e-10,1,0
0.0012962,-0.287382,0.00508169,-0.3784,4.72155,-221711,-1,1.37301e-09,1,0
0.00129674,-0.287457,0.00496882,-0.377958,4.72284,-221677,-1,6.25747e-10,1,0
0.00129747,-0.287144,0.00565779,-0.377848,4.72208,-221311,-1,5.70737e-10,1,0
0.00129831,-0.28717,0.00608258,-0.376842,4.72208,-221187,-1,5.70737e-10,1,0
0.00129979,-0.287168,0.00683892,-0.375558,4.72247,-220934,-1,2.73844e-09,1,0
0.00130016,-0.286814,0.00685268,-0.375619,4.72608,-220599,-1,3.98314e-10,1,0
0.00130101,-0.286389,0.00615603,-0.375289,4.72649,-220128,-1,7.38067e-10,1,0
0.00130164,-0.286613,0.00549831,-0.374917,4.72581,-220194,-1,5.6331e-10,1,0
0.00130253,-0.286963,0.0055697,-0.375466,4.72494,-220313,-1,7.35019e-10,1,0
0.00130326,-0.287376,0.00581344,-0.374661,4.72491,-220506,-1,7.34738e-10,1,0
0.00130424,-0.287474,0.00556369,-0.373617,4.72109,-220415,-1,2.51495e-10,1,0
0.00130501,-0.287713,0.00641786,-0.373906,4.72141,-220469,-1,1.81418e-10,1,0
0.0013058,-0.286943,0.00665393,-0.373546,4.72059,-219745,-1,5.7249e-10,1,0
0.00130629,-0.286788,0.0062603,-0.373579,4.72011,-219544,-1,4.81659e-10,1,0
0.00130713,-0.286295,0.00718,-0.373889,4.72055,-219025,-1,1.08849e-09,1,0
0.00130774,-0.286425,0.00750394,-0.374414,4.71984,-219023,-1,5.60053e-10,1,0
0.00130798,-0.286292,0.00726755,-0.374495,4.72061,-218882,-1,2.29548e-10,1,0
0.00130851,-0.286289,0.00721739,-0.374887,4.71932,-218791,-1,1.21488e-10,1,0
0.00130963,-0.286848,0.00608531,-0.374166,4.71888,-219029,-1,1.52181e-09,1,0
0.00131006,-0.286781,0.00603087,-0.373923,4.71732,-218907,-1,3.95371e-10,1,0
0.00131071,-0.287174,0.00594252,-0.373742,4.71746,-219098,-1,5.09588e-10,1,0
0.0013115,-0.286882,0.00518787,-0.373319,4.71681,-218744,-1,7.73256e-10,1,0
0.00131241,-0.286153,0.00579405,-0.373152,4.71663,-218036,-1,1.00568e-09,1,0
0.00131371,-0.28698,0.00598142,-0.373125,4.71444,-218450,-1,6.68506e-10,1,0
0.00131474,-0.286524,0.00500778,-0.373603,4.71452,-217932,-1,1.24827e-09,1,0
0.00131532,-0.285972,0.00526511,-0.37325,4.71587,-217417,-1,2.50668e-11,1,0
0.00131593,-0.285888,0.00489267,-0.373468,4.71674,-217251,-1,2.25365e-10,1,0
0.00131619,-0.285924,0.0050809,-0.37366,4.7165,-217236,-1,2.80637e-10,1,0
0.0013172,-0.285953,0.00558668,-0.374699,4.71706,-217091,-1,1.00559e-09,1,0
0.00131749,-0.285985,0.00557922,-0.374614,4.71454,-217068,-1,9.78623e-11,1,0
0.00131836,-0.285406,0.00484649,-0.374316,4.71475,-216485,-1,6.53107e-10,1,0
0.00131874,-0.28582,0.00503251,-0.37416,4.71533,-216738,-1,4.80155e-10,1,0
0.00131896,-0.285896,0.00489194,-0.374027,4.71524,-216758,-1,2.19667e-10,1,0
0.0013195,-0.285476,0.00440893,-0.374312,4.71526,-216351,-1,2.19667e-10,1,0
0.00131986,-0.285204,0.00409538,-0.374497,4.71527,-216087,-1,2.19667e-10,1,0
0.00132019,-0.285253,0.00377731,-0.374615,4.71652,-216070,-1,1.40157e-09,1,0
0.00132059,-0.285568,0.00337862,-0.374707,4.71518,-216242,-1,7.69913e-10,1,0
0.00132151,-0.286066,0.00398058,-0.375395,4.71908,-216469,-1,5.57757e-10,1,0
0.00132279,-0.286145,0.003791,-0.374427,4.71641,-216320,-1,1.0059e-09,1,0
0.00132343,-0.28559,0.00327566,-0.37415,4.71599,-215796,-1,2.02618e-10,1,0
0.00132381,-0.285701,0.00293477,-0.374269,4.71469,-215818,-1,2.31793e-10,1,0
0.001324,-0.285641,0.00270664,-0.374208,4.71597,-215741,-1,2.29627e-10,1,0
0.00132502,-0.28495,0.00317687,-0.373302,4.71444,-215053,-1,3.04695e-10,1,0
0.00132571,-0.284615,0.00255179,-0.372949,4.71223,-214689,-1,7.77368e-10,1,0
0.00132643,-0.285052,0.00313757,-0.373135,4.71626,-214902,-1,1.39674e-10,1,0
0.00132699,-0.285467,0.003659,-0.373438,4.71623,-215123,-1,1.39674e-10,1,0
0.00132733,-0.285274,0.00375689,-0.373676,4.71689,-214923,-1,3.08203e-11,1,0
0.00132771,-0.285066,0.00404066,-0.373756,4.71407,-214705,-1,2.72726e-10,1,0
0.00132826,-0.285209,0.00383697,-0.373587,4.71195,-214724,-1,3.92532e-10,1,0
0.00132839,-0.285136,0.00380147,-0.373685,4.71529,-214648,-1,4.24377e-11,1,0
0.00132933,-0.284212,0.00440229,-0.374186,4.71458,-213801,-1,1.21005e-09,1,0
0.0013302,-0.284765,0.00526434,-0.373715,4.71487,-214076,-1,1.12698e-09,1,0
0.00133167,-0.286154,0.00626161,-0.374094,4.71113,-214884,-1,1.12668e-10,1,0
0.00133183,-0.286099,0.00645789,-0.374077,4.71067,-214817,-1,2.04698e-10,1,0
0.00133233,-0.285983,0.00702775,-0.374354,4.71067,-214649,-1,2.04698e-10,1,0
0.00133332,-0.285753,0.00815536,-0.374902,4.71068,-214317,-1,2.04698e-10,1,0
0.00133407,-0.285578,0.00901537,-0.37532,4.70858,-214065,-1,2.89084e-09,1,0
0.00133463,-0.285371,0.00937673,-0.375723,4.70436,-213821,-1,6.25869e-10,1,0
0.00133558,-0.284514,0.00970652,-0.376119,4.70267,-213026,-1,1.00545e-09,1,0
0.00133599,-0.284551,0.0101093,-0.376285,4.70181,-212989,-1,1.45087e-10,1,0
0.00133636,-0.28465,0.0102376,-0.37618,4.7015,-213005,-1,1.42684e-10,1,0
0.00133664,-0.28459,0.0100979,-0.37591,4.69871,-212915,-1,3.09258e-10,1,0
0.00133727,-0.284459,0.0101315,-0.375402,4.69673,-212717,-1,1.76135e-10,1,0
0.00133879,-0.285586,0.0100893,-0.37406,4.69954,-213316,-1,1.03088e-09,1,0
0.00133929,-0.285328,0.010376,-0.374284,4.69944,-213044,-1,4.75889e-10,1,0
0.00133998,-0.285711,0.010932,-0.374756,4.69753,-213220,-1,6.68708e-10,1,0
0.00134059,-0.28609,0.0114095,-0.374857,4.69791,-213406,-1,6.75668e-10,1,0
0.00134151,-0.285043,0.0114985,-0.375105,4.69694,-212479,-1,8.77126e-10,1,0
0.00134167,-0.284961,0.0114146,-0.375076,4.69931,-212394,-1,1.21422e-10,1,0
0.00134286,-0.286412,0.011846,-0.374824,4.69924,-213286,-1,1.21422e-10,1,0
0.00134338,-0.286247,0.0122112,-0.374831,4.69836,-213080,-1,1.74824e-09,1,0
0.00134445,-0.285219,0.0131149,-0.374943,4.69642,-212146,-1,1.8437e-09,1,0
0.00134502,-0.285756,0.013013,-0.37495,4.69318,-212455,-1,4.74316e-10,1,0
0.00134617,-0.285999,0.012248,-0.374594,4.69465,-212454,-1,8.10481e-10,1,0
0.00134659,-0.286195,0.0118069,-0.37474,4.69211,-212534,-1,4.60333e-10,1,0
0.00134707,-0.285802,0.0120529,-0.374474,4.6922,-212166,-1,5.26291e-10,1,0
0.00134778,-0.285569,0.012337,-0.374126,4.69229,-211881,-1,1.20796e-10,1,0
0.00134795,-0.285408,0.012276,-0.373999,4.68856,-211735,-1,5.36243e-13,1,0
0.00134904,-0.284893,0.0118507,-0.373791,4.69292,-211182,-1,3.94004e-10,1,0
0.00134992,-0.284169,0.010985,-0.373696,4.69301,-210507,-1,2.14627e-09,1,0
0.00135011,-0.2842,0.0108882,-0.373879,4.69272,-210501,-1,1.29467e-10,1,0
0.00135112,-0.283348,0.0101042,-0.37329,4.69151,-209713,-1,1.29859e-09,1,0
0.00135158,-0.283394,0.0100339,-0.372832,4.69148,-209676,-1,1.29016e-10,1,0
0.00135178,-0.283339,0.00998238,-0.372646,4.69331,-209604,-1,3.73629e-11,1,0
0.001353,-0.28273,0.0103192,-0.373656,4.69363,-208965,-1,3.097e-10,1,0
0.00135441,-0.281977,0.00983755,-0.374418,4.69277,-208191,-1,8.04018e-10,1,0
0.00135538,-0.281524,0.00883546,-0.374384,4.69079,-207708,-1,1.6202e-09,1,0
0.00135582,-0.281421,0.00834386,-0.374444,4.68991,-207565,-1,1.00655e-09,1,0
0.00135631,-0.280998,0.00794521,-0.374676,4.68993,-207179,-1,1.00655e-09,1,0
0.0013575,-0.281506,0.00873442,-0.374348,4.68898,-207370,-1,1.08739e-09,1,0
0.00135809,-0.281523,0.00901002,-0.374363,4.68743,-207294,-1,2.50662e-10,1,0
0.00135895,-0.280483,0.00911035,-0.374567,4.68712,-206396,-1,9.15481e-10,1,0
0.00135937,-0.280397,0.00927113,-0.374742,4.68737,-206270,-1,3.96943e-10,1,0
0.00136111,-0.281151,0.0109632,-0.374899,4.68827,-206560,-1,1.55788e-09,1,0
0.00136205,-0.281662,0.0118552,-0.374247,4.68665,-206792,-1,2.22375e-09,1,0
0.00136283,-0.281253,0.0115378,-0.374291,4.68605,-206375,-1,5.50979e-10,1,0
0.00136373,-0.281907,0.0118496,-0.374994,4.68772,-206717,-1,1.10106e-10,1,0
0.00136391,-0.281682,0.0119036,-0.374985,4.68787,-206525,-1,2.58303e-10,1,0
0.00136478,-0.281339,0.0127822,-0.37539,4.68797,-206143,-1,2.35606e-10,1,0
0.00136568,-0.281088,0.0134656,-0.375068,4.69019,-205822,-1,1.38905e-09,1,0
0.00136656,-0.281249,0.0138116,-0.375841,4.69108,-205808,-1,9.6262e-10,1,0
0.00136662,-0.281227,0.0138592,-0.375888,4.69378,-205784,-1,6.99776e-11,1,0
0.00136729,-0.28106,0.0132709,-0.375269,4.69427,-205560,-1,8.70228e-10,1,0
0.00136872,-0.281805,0.0125037,-0.374205,4.69652,-205890,-1,8.24747e-10,1,0
0.00136977,-0.281009,0.0124009,-0.375301,4.69688,-205150,-1,1.35826e-09,1,0
0.00137009,-0.280864,0.012465,-0.375193,4.69739,-204997,-1,1.58789e-10,1,0
0.00137044,-0.281128,0.0125888,-0.374888,4.69758,-205136,-1,4.09832e-10,1,0
0.00137111,-0.280385,0.0124387,-0.375037,4.69641,-204495,-1,7.81104e-10,1,0
0.00137284,-0.282036,0.0130334,-0.375065,4.69617,-205440,-1,7.10839e-10,1,0
0.00137334,-0.282174,0.0125346,-0.375186,4.69667,-205466,-1,2.83895e-10,1,0
0.00137462,-0.28128,0.0123154,-0.37519,4.69641,-204623,-1,1.00554e-09,1,0
0.001376,-0.280289,0.0130615,-0.374085,4.69712,-203698,-1,4.12954e-10,1,0
0.00137711,-0.279715,0.014332,-0.373934,4.69742,-203117,-1,1.00114e-09,1,0
0.00137823,-0.27877,0.0154173,-0.373846,4.69813,-202266,-1,1.86876e-09,1,0
0.00137933,-0.277407,0.0155341,-0.373491,4.69858,-201117,-1,1.41387e-09,1,0
0.00138016,-0.278079,0.0162755,-0.373843,4.69854,-201484,-1,1.41387e-09,1,0
0.00138201,-0.279554,0.016864,-0.373349,4.69768,-202281,-1,1.00569e-09,1,0
0.00138273,-0.280216,0.016217,-0.37333,4.69785,-202654,-1,1.36754e-09,1,0
0.00138459,-0.279647,0.0163419,-0.375352,4.69997,-201970,-1,6.4269e-10,1,0
0.00138552,-0.279797,0.0162289,-0.37495,4.70197,-201944,-1,1.40355e-09,1,0
0.00138612,-0.280114,0.0162746,-0.37425,4.70196,-202085,-1,1.40355e-09,1,0
0.00138669,-0.280415,0.0163182,-0.373584,4.70072,-202219,-1,2.29459e-09,1,0
0.00138729,-0.280628,0.0159248,-0.372993,4.70434,-202286,-1,2.63492e-11,1,0
0.00138752,-0.280711,0.0157689,-0.37276,4.70369,-202312,-1,3.46236e-11,1,0
0.0013889,-0.281251,0.0155345,-0.371576,4.70368,-202499,-1,1.21899e-09,1,0
0.00138981,-0.281857,0.0158688,-0.371944,4.70218,-202803,-1,1.6564e-10,1,0
0.00139011,-0.282138,0.0159736,-0.372149,4.70275,-202961,-1,1.03042e-09,1,0
0.00139042,-0.28183,0.0158217,-0.372204,4.70292,-202694,-1,1.35186e-10,1,0
0.00139182,-0.281023,0.0158018,-0.371292,4.70181,-201910,-1,1.00555e-09,1,0
0.00139216,-0.280929,0.0154617,-0.371067,4.69855,-201793,-1,3.14369e-11,1,0
0.00139262,-0.280534,0.0155736,-0.371419,4.69702,-201443,-1,5.99358e-11,1,0
0.00139392,-0.280187,0.0160885,-0.372614,4.69534,-201007,-1,8.50708e-10,1,0
0.00139446,-0.280444,0.0155087,-0.37255,4.69249,-201113,-1,4.73075e-11,1,0
0.00139582,-0.280382,0.0139894,-0.372793,4.69407,-200873,-1,1.00582e-09,1,0
0.00139706,-0.281202,0.0127253,-0.373321,4.69313,-201281,-1,1.66778e-09,1,0
0.00139757,-0.281451,0.0126882,-0.373899,4.69508,-201386,-1,5.46494e-10,1,0
0.00139837,-0.280711,0.0133896,-0.373991,4.69511,-200742,-1,5.46494e-10,1,0
0.00139846,-0.280635,0.0134711,-0.373995,4.69658,-200675,-1,1.13525e-09,1,0
0.00139883,-0.280903,0.013714,-0.373683,4.69629,-200813,-1,4.87075e-10,1,0
0.00140028,-0.281508,0.0139169,-0.372225,4.69522,-201037,-1,2.03831e-10,1,0
0.00140142,-0.281838,0.0126022,-0.372284,4.69724,-201110,-1,2.09911e-10,1,0
0.00140241,-0.281969,0.0116581,-0.373135,4.69637,-201060,-1,1.27734e-09,1,0
0.00140311,-0.282307,0.012131,-0.372948,4.69617,-201201,-1,1.50376e-10,1,0
0.00140343,-0.282467,0.0123041,-0.372921,4.69503,-201269,-1,1.06596e-09,1,0
0.00140364,-0.282434,0.0121958,-0.373155,4.69632,-201216,-1,1.83614e-10,1,0
0.00140445,-0.282153,0.0112935,-0.372743,4.69681,-200899,-1,1.00465e-09,1,0
0.00140506,-0.282472,0.0105933,-0.372865,4.69679,-201039,-1,1.00465e-09,1,0
0.00140542,-0.282727,0.0102214,-0.37295,4.69384,-201170,-1,3.14965e-10,1,0
0.00140652,-0.28155,0.00970422,-0.373112,4.69619,-200174,-1,1.35521e-09,1,0
0.00140701,-0.28111,0.00944989,-0.373472,4.69424,-199793,-1,6.22492e-10,1,0
0.00140867,-0.282077,0.0087917,-0.374808,4.69242,-200243,-1,1.00553e-09,1,0
0.00140882,-0.282014,0.00869443,-0.374921,4.69013,-200177,-1,6.81163e-12,1,0
0.00140911,-0.282131,0.00835515,-0.374919,4.6878,-200219,-1,3.96738e-10,1,0
0.00140958,-0.281768,0.00809671,-0.374955,4.68512,-199894,-1,4.81174e-10,1,0
0.00141047,-0.281971,0.00716773,-0.375219,4.68482,-199913,-1,1.23826e-11,1,0
0.00141152,-0.281848,0.00684027,-0.376299,4.68345,-199677,-1,1.02322e-09,1,0
0.00141198,-0.281694,0.00663216,-0.376556,4.68867,-199503,-1,4.44469e-10,1,0
0.00141305,-0.281943,0.00694864,-0.37533,4.68694,-199527,-1,1.15284e-09,1,0
0.00141427,-0.281561,0.00790474,-0.375944,4.68906,-199086,-1,3.79138e-10,1,0
0.00141521,-0.281433,0.00760844,-0.376615,4.6913,-198863,-1,4.26355e-10,1,0
0.00141567,-0.281328,0.00806118,-0.37689,4.69301,-198724,-1,4.90792e-10,1,0
0.00141617,-0.281294,0.00783265,-0.377225,4.69108,-198630,-1,3.3774e-10,1,0
0.00141634,-0.281376,0.00766441,-0.377255,4.69245,-198665,-1,6.80391e-11,1,0
0.0014174,-0.281481,0.0080561,-0.376466,4.69405,-198590,-1,2.95054e-10,1,0
0.00141818,-0.281733,0.00847374,-0.377002,4.69028,-198658,-1,8.02047e-10,1,0
0.00141879,-0.281534,0.00830897,-0.376908,4.69123,-198432,-1,4.87864e-10,1,0
0.00141967,-0.281197,0.00918588,-0.377535,4.69246,-198072,-1,1.42943e-09,1,0
0.00142011,-0.281227,0.00894667,-0.377348,4.69478,-198032,-1,3.58568e-10,1,0
0.00142064,-0.280572,0.00882106,-0.377397,4.69073,-197497,-1,7.03409e-12,1,0
0.00142166,-0.28075,0.00776929,-0.37746,4.6898,-197480,-1,3.46308e-10,1,0
0.00142219,-0.28092,0.00720376,-0.377574,4.69134,-197526,-1,9.64636e-11,1,0
0.00142231,-0.280931,0.00733735,-0.37763,4.68995,-197517,-1,1.33839e-10,1,0
0.00142341,-0.282111,0.00673534,-0.378091,4.68778,-198193,-1,1.00563e-09,1,0
0.00142388,-0.281574,0.0066139,-0.378321,4.6878,-197751,-1,1.00563e-09,1,0
0.00142476,-0.281276,0.0076352,-0.378289,4.68905,-197421,-1,1.06333e-09,1,0
0.00142534,-0.280963,0.0081368,-0.377817,4.6908,-197119,-1,7.5662e-10,1,0
0.00142645,-0.280061,0.00813526,-0.37703,4.69074,-196335,-1,1.43764e-10,1,0
0.00142694,-0.280622,0.00818121,-0.377217,4.69287,-196660,-1,7.31387e-11,1,0
0.00142767,-0.281447,0.00832315,-0.377408,4.69032,-197137,-1,1.46034e-09,1,0
0.00142816,-0.281712,0.00832649,-0.377062,4.68995,-197255,-1,2.28641e-10,1,0
0.00142941,-0.282117,0.00857786,-0.37694,4.68511,-197365,-1,1.44966e-09,1,0
0.00142987,-0.281662,0.00869176,-0.377296,4.68513,-196984,-1,1.44966e-09,1,0
0.0014304,-0.28114,0.00882238,-0.377705,4.68516,-196547,-1,1.44966e-09,1,0
0.00143128,-0.281292,0.00799497,-0.377629,4.68487,-196532,-1,9.28856e-10,1,0
0.00143192,-0.281564,0.00753159,-0.377325,4.68541,-196634,-1,6.40139e-10,1,0
0.00143293,-0.282109,0.00711285,-0.378383,4.68684,-196876,-1,1.4036e-09,1,0
0.00143443,-0.282185,0.00747613,-0.379709,4.68191,-196723,-1,4.50427e-10,1,0
0.00143509,-0.281881,0.00742874,-0.380038,4.68246,-196421,-1,3.82505e-10,1,0
0.00143543,-0.281801,0.00734882,-0.380299,4.68019,-196318,-1,7.03037e-10,1,0
0.00143634,-0.282408,0.00795689,-0.380992,4.67791,-196616,-1,3.60923e-11,1,0
0.00143698,-0.282115,0.00787177,-0.381078,4.67683,-196325,-1,5.47856e-10,1,0
0.00143761,-0.281822,0.00806527,-0.380568,4.67687,-196035,-1,6.99905e-10,1,0
0.0014382,-0.281707,0.00746487,-0.381016,4.67737,-195875,-1,8.71524e-10,1,0
0.00143869,-0.282062,0.00701662,-0.380748,4.6776,-196054,-1,6.31808e-10,1,0
0.00143907,-0.282315,0.00669912,-0.381008,4.67606,-196179,-1,4.82531e-10,1,0
0.00143986,-0.281842,0.00606762,-0.381633,4.67686,-195742,-1,1.00497e-09,1,0
0.00144027,-0.281817,0.00594952,-0.382137,4.6747,-195670,-1,5.18693e-10,1,0
0.00144104,-0.281771,0.00648276,-0.382335,4.67517,-195534,-1,6.74532e-10,1,0
0.00144135,-0.282164,0.00650417,-0.382263,4.67515,-195764,-1,6.74532e-10,1,0
0.00144205,-0.28305,0.00655247,-0.382102,4.67493,-196283,-1,1.61269e-09,1,0
0.00144371,-0.283941,0.00813713,-0.383206,4.67438,-196675,-1,2.1271e-09,1,0
0.001444,-0.283976,0.00827825,-0.383548,4.67438,-196659,-1,3.72373e-10,1,0
0.00144483,-0.283717,0.00821519,-0.384487,4.67374,-196367,-1,4.15003e-10,1,0
0.00144499,-0.283747,0.00819313,-0.384571,4.67649,-196367,-1,7.92487e-10,1,0
0.00144511,-0.283801,0.00816544,-0.38443,4.67707,-196388,-1,2.1256e-10,1,0
0.00144577,-0.283877,0.00737719,-0.38418,4.6727,-196350,-1,1.46625e-10,1,0
0.00144665,-0.283821,0.00849967,-0.38411,4.67271,-196192,-1,1.46625e-10,1,0
0.00144703,-0.284092,0.00821617,-0.384049,4.67035,-196328,-1,4.34578e-10,1,0
0.00144774,-0.283426,0.00847099,-0.383776,4.66844,-195771,-1,2.10219e-10,1,0
0.00144842,-0.28334,0.00919904,-0.383302,4.6706,-195620,-1,8.72671e-10,1,0
0.00144916,-0.283625,0.00880093,-0.382861,4.67106,-195716,-1,5.21856e-10,1,0
0.00145005,-0.283758,0.00803321,-0.383451,4.6711,-195688,-1,9.24333e-10,1,0
0.00145138,-0.28325,0.00692772,-0.384532,4.67439,-195159,-1,2.71042e-11,1,0
0.00145225,-0.282775,0.00605798,-0.385055,4.67213,-194715,-1,1.77253e-09,1,0
0.00145305,-0.282824,0.00571321,-0.38413,4.67136,-194641,-1,2.01045e-10,1,0
0.00145353,-0.2824,0.00583913,-0.384156,4.66714,-194287,-1,4.98857e-10,1,0
0.00145403,-0.282964,0.00594651,-0.384398,4.66625,-194607,-1,2.1993e-10,1,0
0.00145572,-0.284159,0.00588116,-0.385367,4.67193,-195201,-1,3.75265e-10,1,0
0.00145635,-0.284046,0.00624592,-0.385152,4.66981,-195039,-1,6.20605e-10,1,0
0.00145682,-0.283881,0.00635953,-0.385366,4.66842,-194863,-1,3.80331e-10,1,0
0.00145757,-0.283625,0.00625094,-0.385942,4.66697,-194588,-1,3.2362e-10,1,0
0.00145836,-0.283307,0.00652321,-0.385164,4.66547,-194264,-1,6.64571e-10,1,0
0.00145906,-0.283309,0.00686084,-0.385573,4.66365,-194172,-1,2.80572e-10,1,0
0.00145954,-0.283374,0.00688938,-0.386194,4.66365,-194152,-1,2.80572e-10,1,0
0.00145985,-0.283361,0.00702267,-0.386239,4.66292,-194103,-1,1.90329e-10,1,0
0.00146062,-0.283545,0.00754192,-0.386622,4.65764,-194127,-1,1.9096e-10,1,0
0.00146119,-0.283671,0.00796752,-0.387026,4.65879,-194137,-1,1.46221e-09,1,0
0.00146182,-0.283368,0.0077878,-0.386301,4.6588,-193846,-1,1.46221e-09,1,0
0.00146241,-0.283544,0.00784407,-0.386594,4.65616,-193889,-1,1.07814e-09,1,0
0.0014634,-0.284131,0.00807979,-0.387698,4.65614,-194158,-1,1.07814e-09,1,0
0.00146481,-0.284967,0.00841571,-0.389271,4.65522,-194541,-1,3.63453e-09,1,0
0.00146551,-0.284782,0.00805901,-0.390064,4.65457,-194323,-1,2.5192e-10,1,0
0.00146689,-0.285306,0.00885439,-0.389746,4.65115,-194497,-1,5.27534e-10,1,0
0.00146741,-0.285625,0.00862724,-0.389426,4.65126,-194645,-1,1.40786e-09,1,0
0.0014676,-0.285659,0.00858015,-0.389213,4.64966,-194643,-1,5.80565e-10,1,0
0.00146828,-0.285679,0.00862409,-0.388346,4.64966,-194567,-1,5.80565e-10,1,0
0.00146897,-0.285698,0.00866892,-0.387461,4.64966,-194488,-1,5.80565e-10,1,0
0.00146933,-0.285881,0.00847997,-0.387277,4.64795,-194565,-1,6.36774e-11,1,0
0.00147073,-0.286158,0.00839317,-0.387379,4.64609,-194569,-1,1.23222e-09,1,0
0.00147107,-0.285898,0.00872499,-0.387415,4.64583,-194347,-1,1.1919e-09,1,0
0.00147134,-0.285819,0.0088485,-0.387675,4.64513,-194258,-1,1.84274e-10,1,0
0.0014721,-0.286212,0.00940005,-0.388383,4.64171,-194424,-1,9.7954e-10,1,0
0.00147273,-0.285537,0.00940894,-0.388178,4.64239,-193882,-1,2.65211e-10,1,0
0.00147315,-0.285374,0.00940611,-0.388487,4.63962,-193716,-1,2.76966e-10,1,0
0.00147371,-0.285715,0.00944089,-0.388984,4.64165,-193875,-1,5.29376e-10,1,0
0.00147425,-0.285299,0.00974762,-0.389333,4.6427,-193522,-1,2.0763e-10,1,0
0.00147583,-0.285204,0.0105047,-0.390698,4.64459,-193250,-1,9.72247e-10,1,0
0.00147652,-0.285518,0.0101105,-0.390056,4.64568,-193373,-1,3.96694e-11,1,0
0.00147701,-0.285779,0.0104748,-0.390327,4.64496,-193485,-1,1.49807e-11,1,0
0.00147745,-0.285953,0.0105878,-0.390786,4.6417,-193544,-1,3.52908e-10,1,0
0.00147874,-0.286392,0.0107563,-0.389883,4.64571,-193673,-1,5.52641e-10,1,0
0.00147912,-0.2866,0.0110131,-0.389963,4.64206,-193764,-1,1.40731e-10,1,0
0.00147924,-0.286606,0.0110667,-0.389869,4.64458,-193752,-1,2.97141e-11,1,0
0.00147983,-0.286646,0.0115836,-0.38932,4.64424,-193702,-1,8.7604e-10,1,0
0.00148032,-0.286178,0.0119164,-0.38919,4.64453,-193322,-1,3.93413e-11,1,0
0.00148089,-0.28629,0.0112938,-0.388819,4.64487,-193323,-1,7.12707e-10,1,0
0.00148219,-0.286167,0.0102883,-0.387496,4.64488,-193070,-1,7.12707e-10,1,0
0.00148295,-0.286098,0.0102103,-0.386685,4.64394,-192925,-1,4.75832e-10,1,0
0.00148349,-0.286314,0.0101785,-0.386439,4.64611,-193000,-1,8.44679e-11,1,0
0.00148418,-0.286425,0.00931503,-0.386255,4.64717,-192985,-1,8.90031e-10,1,0
0.00148453,-0.286164,0.00919746,-0.386316,4.6499,-192764,-1,3.67167e-10,1,0
0.0014855,-0.287063,0.00861408,-0.386174,4.65182,-193243,-1,8.98309e-10,1,0
0.0014864,-0.287139,0.00787337,-0.385411,4.65019,-193177,-1,1.2023e-09,1,0
0.00148685,-0.287238,0.00814045,-0.384999,4.65106,-193186,-1,5.29672e-11,1,0
0.0014882,-0.287024,0.0092937,-0.384781,4.64933,-192867,-1,7.55683e-10,1,0
0.00148871,-0.286962,0.00970801,-0.384286,4.6511,-192759,-1,1.62496e-09,1,0
0.00148895,-0.287025,0.00990705,-0.384446,4.65287,-192770,-1,4.83917e-11,1,0
0.00149044,-0.285808,0.0107022,-0.383246,4.65478,-191761,-1,1.15639e-11,1,0
0.00149111,-0.286293,0.0107141,-0.383965,4.65438,-191999,-1,8.6754e-10,1,0
0.0014926,-0.28598,0.0103661,-0.382735,4.65029,-191598,-1,1.09986e-09,1,0
0.00149388,-0.285469,0.00918451,-0.382254,4.65079,-191093,-1,1.15616e-09,1,0
0.00149442,-0.284968,0.00877661,-0.382192,4.65281,-190688,-1,6.61866e-10,1,0
0.00149474,-0.285058,0.00878506,-0.381934,4.65424,-190707,-1,1.54497e-10,1,0
0.00149546,-0.285086,0.00926156,-0.381151,4.65431,-190634,-1,1.17331e-09,1,0
0.00149642,-0.285857,0.00997402,-0.38177,4.6545,-191027,-1,3.97032e-10,1,0
0.00149725,-0.285653,0.0106631,-0.38161,4.65538,-190785,-1,7.95867e-10,1,0
0.00149773,-0.285746,0.0105526,-0.381565,4.65131,-190786,-1,5.93685e-10,1,0
0.00149977,-0.28433,0.0102141,-0.381728,4.65041,-189582,-1,6.07614e-10,1,0
0.00150048,-0.28401,0.00981094,-0.382239,4.65027,-189279,-1,1.44929e-10,1,0
0.00150141,-0.284312,0.00876135,-0.381844,4.65029,-189363,-1,2.9557e-10,1,0
0.00150212,-0.284034,0.00862097,-0.382231,4.64743,-189089,-1,9.71112e-11,1,0
0.0015031,-0.283409,0.00894048,-0.383272,4.6461,-188550,-1,1.83237e-09,1,0
0.00150408,-0.283924,0.00914374,-0.384403,4.64608,-188769,-1,1.83237e-09,1,0
0.00150494,-0.283396,0.00948474,-0.384671,4.64542,-188311,-1,7.34731e-10,1,0
0.00150604,-0.284028,0.00970134,-0.385833,4.64552,-188592,-1,7.7205e-11,1,0
0.00150629,-0.284131,0.00984239,-0.386058,4.64415,-188629,-1,1.52863e-09,1,0
0.00150696,-0.284133,0.0101106,-0.385541,4.64499,-188548,-1,6.30724e-10,1,0
0.00150789,-0.283846,0.0103744,-0.385674,4.64682,-188240,-1,3.90681e-10,1,0
0.00150903,-0.284059,0.0114596,-0.386619,4.64681,-188239,-1,3.90681e-10,1,0
0.00151,-0.283734,0.0107997,-0.387254,4.6441,-187903,-1,2.29214e-09,1,0
0.00151057,-0.283569,0.010229,-0.387606,4.64294,-187723,-1,9.3285e-11,1,0
0.0015111,-0.284197,0.0100556,-0.387414,4.6429,-188073,-1,9.3285e-11,1,0
0.00151206,-0.284537,0.00907944,-0.386951,4.64206,-188179,-1,8.76683e-10,1,0
0.00151338,-0.283932,0.00800851,-0.387259,4.64401,-187615,-1,1.68756e-09,1,0
0.00151366,-0.283708,0.00786413,-0.387436,4.64235,-187432,-1,1.36585e-09,1,0
0.00151444,-0.283943,0.00830142,-0.386755,4.64164,-187490,-1,3.13121e-10,1,0
0.00151506,-0.284009,0.00770548,-0.386871,4.63942,-187457,-1,6.10338e-10,1,0
0.00151605,-0.285116,0.00721178,-0.38692,4.63929,-188065,-1,4.32703e-10,1,0
0.00151684,-0.285963,0.00673708,-0.386977,4.64144,-188525,-1,1.128e-10,1,0
0.00151715,-0.285859,0.00662345,-0.387004,4.64282,-188418,-1,2.34787e-10,1,0
0.00151841,-0.285381,0.00652773,-0.387565,4.64146,-187947,-1,7.47911e-10,1,0
0.00151936,-0.285218,0.00605208,-0.388664,4.64056,-187723,-1,2.23206e-09,1,0
0.00151977,-0.285224,0.0057007,-0.388688,4.64255,-187676,-1,9.91584e-11,1,0
0.00152064,-0.28579,0.00494836,-0.388766,4.64251,-187940,-1,8.57868e-10,1,0
0.00152172,-0.286757,0.00496116,-0.388676,4.64149,-188443,-1,3.37976e-10,1,0
0.00152266,-0.287592,0.0051254,-0.389229,4.64115,-188875,-1,1.00312e-09,1,0
0.00152377,-0.288232,0.00502911,-0.38874,4.64108,-189157,-1,5.00205e-10,1,0
0.00152489,-0.288553,0.00506203,-0.389565,4.64184,-189229,-1,9.57827e-10,1,0
0.00152575,-0.288565,0.00606006,-0.389598,4.64248,-189130,-1,2.75558e-10,1,0
0.00152615,-0.288345,0.00572387,-0.389748,4.64495,-188937,-1,1.06734e-12,1,0
0.00152685,-0.288625,0.00634669,-0.3896,4.64298,-189033,-1,4.07901e-10,1,0
0.00152706,-0.288457,0.00612453,-0.389619,4.64299,-188897,-1,4.07901e-10,1,0
0.00152818,-0.288436,0.00584989,-0.38975,4.64182,-188745,-1,1.09768e-09,1,0
0.00152854,-0.288791,0.00613367,-0.389806,4.64262,-188933,-1,1.066e-09,1,0
0.00152882,-0.288753,0.00611021,-0.389854,4.63836,-188873,-1,1.48844e-10,1,0
0.00152927,-0.288422,0.0057698,-0.390176,4.63749,-188601,-1,7.84677e-10,1,0
0.00152995,-0.289089,0.00564422,-0.389849,4.63572,-188953,-1,7.6983e-10,1,0
0.00153078,-0.289357,0.00550491,-0.390075,4.63572,-189026,-1,6.22344e-10,1,0
0.00153194,-0.288997,0.00540677,-0.389393,4.63397,-188648,-1,1.02334e-09,1,0
0.00153262,-0.288817,0.0047772,-0.389165,4.63385,-188447,-1,7.15559e-10,1,0
0.00153339,-0.289022,0.00478283,-0.389649,4.63197,-188486,-1,5.6197e-10,1,0
0.00153462,-0.289077,0.00510981,-0.389201,4.63228,-188370,-1,6.06952e-10,1,0
0.00153536,-0.289835,0.00545205,-0.389522,4.63188,-188774,-1,1.85624e-10,1,0
0.00153598,-0.290313,0.00543272,-0.389356,4.62709,-189009,-1,6.18769e-10,1,0
0.00153703,-0.289788,0.00545831,-0.388139,4.62751,-188538,-1,3.42878e-10,1,0
0.00153735,-0.289605,0.00549412,-0.387773,4.62752,-188379,-1,3.42878e-10,1,0
0.00153839,-0.28974,0.00585145,-0.387166,4.62736,-188340,-1,5.62781e-10,1,0
0.00153901,-0.28966,0.00558464,-0.387732,4.62328,-188212,-1,4.56791e-10,1,0
0.00153967,-0.289977,0.00492786,-0.388159,4.62326,-188336,-1,4.56791e-10,1,0
0.00154011,-0.290223,0.00488576,-0.388308,4.62348,-188442,-1,1.73454e-10,1,0
0.0015409,-0.290132,0.00428563,-0.387995,4.62329,-188288,-1,6.48027e-10,1,0
0.00154149,-0.290698,0.00431282,-0.387874,4.62329,-188582,-1,4.80047e-10,1,0
0.00154249,-0.291219,0.00415228,-0.387113,4.62567,-188798,-1,4.52464e-10,1,0
0.00154289,-0.291332,0.00405847,-0.387185,4.62142,-188822,-1,2.01369e-10,1,0
0.00154423,-0.292283,0.00425415,-0.38808,4.61664,-189274,-1,5.31541e-12,1,0
0.00154494,-0.292214,0.00459685,-0.388911,4.61664,-189143,-1,5.31541e-12,1,0
0.00154536,-0.292227,0.00476727,-0.389416,4.61664,-189100,-1,3.20894e-10,1,0
0.00154585,-0.291928,0.00531634,-0.389391,4.61666,-188846,-1,3.20894e-10,1,0
0.00154717,-0.291334,0.00657377,-0.389691,4.62001,-188301,-1,3.69544e-10,1,0
0.00154836,-0.291879,0.00633282,-0.390896,4.61901,-188509,-1,3.6792e-10,1,0
0.001549,-0.292268,0.0062817,-0.391612,4.6197,-188682,-1,1.85778e-09,1,0
0.00155079,-0.292701,0.00700676,-0.390359,4.61873,-188744,-1,1.48493e-09,1,0
0.00155179,-0.292143,0.00641438,-0.389364,4.61956,-188261,-1,2.08194e-09,1,0
0.00155214,-0.29238,0.00641177,-0.388998,4.61955,-188373,-1,2.08194e-09,1,0
0.00155333,-0.292764,0.00630887,-0.388768,4.61897,-188475,-1,9.80362e-10,1,0
0.00155407,-0.292446,0.00685143,-0.389112,4.61773,-188181,-1,8.11267e-10,1,0
0.00155464,-0.292717,0.00640143,-0.389198,4.61663,-188286,-1,1.82934e-10,1,0
0.0015556,-0.292357,0.005336,-0.388716,4.61665,-187938,-1,1.82934e-10,1,0
0.00155647,-0.292031,0.0043749,-0.388281,4.61638,-187624,-1,2.32564e-09,1,0
0.00155712,-0.291511,0.00395436,-0.388482,4.61679,-187212,-1,6.40805e-10,1,0
0.00155762,-0.291341,0.00411786,-0.38843,4.62021,-187042,-1,3.59113e-10,1,0
0.00155851,-0.291236,0.00367648,-0.387393,4.6183,-186868,-1,1.13219e-09,1,0
0.00155971,-0.291619,0.00450415,-0.386977,4.61599,-186971,-1,4.49258e-10,1,0
0.00156042,-0.292112,0.0039329,-0.386885,4.61007,-187201,-1,2.14123e-10,1,0
0.00156051,-0.292015,0.00391699,-0.386945,4.61007,-187128,-1,2.14123e-10,1,0
0.00156093,-0.291675,0.00385081,-0.387256,4.60736,-186860,-1,8.36664e-11,1,0
0.00156183,-0.29224,0.0042998,-0.388011,4.60804,-187114,-1,1.04159e-09,1,0
0.00156204,-0.292204,0.00409066,-0.388022,4.61108,-187066,-1,2.34325e-10,1,0
0.00156239,-0.291849,0.00386687,-0.387977,4.6118,-186796,-1,1.16896e-10,1,0
0.00156264,-0.292035,0.0036656,-0.388137,4.61406,-186885,-1,3.17145e-10,1,0
0.00156309,-0.291525,0.00377071,-0.387988,4.61431,-186506,-1,5.56654e-11,1,0
0.00156372,-0.290823,0.00340749,-0.387837,4.61434,-185982,-1,5.56654e-11,1,0
0.00156461,-0.28987,0.00299869,-0.387675,4.61357,-185267,-1,8.25721e-11,1,0
0.00156535,-0.290453,0.003545,-0.388187,4.61354,-185551,-1,8.25721e-11,1,0
0.00156622,-0.290894,0.00392718,-0.387636,4.61164,-185730,-1,1.26088e-09,1,0
0.00156677,-0.290859,0.00397366,-0.387064,4.61369,-185642,-1,1.24967e-09,1,0
0.00156867,-0.290042,0.00369801,-0.387193,4.61221,-184897,-1,3.35171e-10,1,0
0.0015699,-0.290226,0.00487725,-0.387741,4.61329,-184869,-1,7.62805e-10,1,0
0.00157092,-0.291183,0.00499965,-0.388002,4.61303,-185358,-1,1.72478e-10,1,0
0.00157146,-0.291804,0.00508288,-0.388297,4.61333,-185689,-1,1.73419e-09,1,0
0.00157208,-0.291281,0.00458544,-0.388362,4.61182,-185284,-1,4.47521e-10,1,0
0.00157259,-0.291624,0.00454564,-0.388689,4.60997,-185442,-1,1.83053e-10,1,0
0.0015731,-0.291337,0.00442665,-0.389217,4.60949,-185199,-1,1.65601e-10,1,0
0.00157366,-0.291165,0.00474817,-0.389409,4.61289,-185024,-1,2.00026e-10,1,0
0.00157498,-0.291115,0.00486359,-0.390863,4.61206,-184837,-1,1.53803e-09,1,0
0.00157558,-0.291075,0.00486464,-0.390821,4.61224,-184742,-1,3.77085e-10,1,0
0.00157646,-0.291744,0.0055091,-0.390992,4.61688,-185063,-1,1.02719e-09,1,0
0.0015771,-0.291502,0.00550531,-0.390217,4.61689,-184835,-1,1.02719e-09,1,0
0.00157816,-0.291258,0.00594797,-0.389231,4.61725,-184556,-1,1.69657e-09,1,0
0.00157915,-0.291309,0.0071475,-0.388852,4.61725,-184472,-1,1.69657e-09,1,0
0.00158017,-0.291139,0.00808505,-0.38894,4.61804,-184245,-1,4.21394e-10,1,0
0.00158134,-0.291441,0.00920039,-0.388005,4.61803,-184300,-1,4.21394e-10,1,0
0.00158244,-0.291427,0.00985141,-0.3872,4.61968,-184163,-1,3.12455e-10,1,0
0.00158263,-0.291546,0.00985328,-0.387352,4.61699,-184217,-1,1.23965e-10,1,0
0.00158435,-0.290648,0.00840872,-0.386343,4.61622,-183449,-1,1.493e-09,1,0
0.00158465,-0.290722,0.00840661,-0.386,4.61307,-183461,-1,3.23851e-10,1,0
0.00158503,-0.290687,0.00833445,-0.385679,4.61462,-183395,-1,3.97051e-10,1,0
0.00158541,-0.290576,0.00852336,-0.386005,4.6147,-183281,-1,1.13703e-10,1,0
0.00158761,-0.288433,0.00859787,-0.384204,4.6154,-181678,-1,2.80064e-09,1,0
0.00158858,-0.288866,0.0092859,-0.383381,4.61589,-181839,-1,2.22484e-10,1,0
0.00158976,-0.289488,0.0103269,-0.382492,4.61585,-182096,-1,2.22484e-10,1,0
0.00159065,-0.289709,0.0110466,-0.382024,4.61738,-182132,-1,3.46204e-09,1,0
0.00159139,-0.290297,0.011133,-0.382487,4.61754,-182417,-1,8.06398e-10,1,0
0.00159226,-0.29013,0.0112416,-0.383249,4.61629,-182213,-1,4.99602e-10,1,0
0.00159265,-0.290436,0.0114145,-0.383006,4.61711,-182361,-1,1.12816e-10,1,0
0.00159438,-0.289227,0.00980105,-0.383232,4.61726,-181404,-1,1.4582e-09,1,0
0.00159515,-0.289269,0.0104654,-0.383228,4.61495,-181343,-1,5.42557e-10,1,0
0.00159532,-0.2892,0.0104035,-0.383068,4.61351,-181280,-1,1.57175e-11,1,0
0.00159626,-0.289443,0.0101252,-0.382259,4.61605,-181326,-1,2.84581e-11,1,0
0.0015969,-0.289223,0.00961361,-0.381696,4.61548,-181115,-1,4.92345e-10,1,0
0.00159791,-0.28933,0.0109001,-0.381575,4.61547,-181068,-1,4.92345e-10,1,0
0.00159831,-0.289225,0.0109149,-0.38161,4.61417,-180957,-1,2.40287e-10,1,0
0.00159905,-0.289112,0.0105173,-0.381569,4.61408,-180802,-1,1.70008e-10,1,0
0.0016007,-0.290254,0.00962297,-0.381157,4.61372,-181329,-1,8.48042e-10,1,0
0.00160116,-0.290254,0.00920701,-0.380853,4.61484,-181277,-1,1.52839e-09,1,0
0.00160166,-0.290253,0.00900485,-0.380728,4.61757,-181220,-1,2.17079e-10,1,0
0.00160313,-0.289099,0.00878727,-0.381081,4.61762,-180335,-1,1.04189e-09,1,0
0.00160407,-0.289225,0.00837417,-0.38022,4.61609,-180307,-1,5.14721e-10,1,0
0.00160494,-0.288683,0.00868308,-0.380988,4.61599,-179871,-1,1.75208e-10,1,0
0.00160591,-0.288413,0.00900385,-0.381975,4.61617,-179595,-1,8.74816e-10,1,0
0.00160686,-0.287446,0.0087633,-0.382683,4.61509,-178886,-1,1.57546e-09,1,0
0.00160708,-0.287693,0.00867092,-0.382724,4.61838,-179016,-1,1.12949e-10,1,0
0.00160808,-0.287984,0.00821201,-0.382444,4.61569,-179086,-1,9.00439e-10,1,0
0.00160833,-0.288117,0.00810012,-0.382718,4.61568,-179140,-1,9.00439e-10,1,0
0.00160965,-0.288684,0.00743092,-0.384149,4.61554,-179345,-1,1.30238e-09,1,0
0.00161175,-0.289341,0.00620204,-0.386424,4.61551,-179520,-1,1.30238e-09,1,0
0.00161243,-0.289402,0.00591588,-0.386885,4.61827,-179482,-1,1.78645e-10,1,0
0.00161331,-0.289504,0.00568012,-0.387874,4.61713,-179447,-1,1.15707e-10,1,0
0.00161396,-0.28952,0.00519803,-0.388122,4.61483,-179385,-1,5.52045e-10,1,0
0.00161483,-0.289424,0.00433768,-0.388199,4.61516,-179229,-1,7.23328e-10,1,0
0.0016152,-0.289263,0.00459686,-0.388129,4.61546,-179089,-1,3.53274e-10,1,0
0.00161684,-0.288262,0.00636708,-0.387624,4.61694,-178287,-1,2.48726e-09,1,0
0.0016174,-0.288744,0.00665927,-0.387328,4.61586,-178523,-1,1.5412e-10,1,0
0.00161809,-0.288345,0.00686084,-0.386901,4.61426,-178201,-1,2.94911e-10,1,0
0.00161874,-0.288185,0.0072458,-0.387014,4.61113,-178031,-1,2.35376e-10,1,0
0.00161959,-0.288065,0.0078078,-0.386084,4.60998,-177862,-1,1.09323e-09,1,0
0.00162074,-0.286837,0.00819759,-0.386018,4.61226,-176979,-1,1.15166e-09,1,0
0.00162156,-0.286258,0.0082901,-0.385153,4.61229,-176532,-1,1.15166e-09,1,0
0.00162198,-0.286132,0.00864066,-0.384916,4.61278,-176409,-1,3.66268e-11,1,0
0.00162325,-0.285474,0.00948768,-0.385675,4.6119,-175866,-1,9.87718e-10,1,0
0.00162421,-0.285748,0.00921937,-0.385956,4.61499,-175930,-1,8.41437e-10,1,0
0.00162483,-0.285588,0.0093264,-0.385551,4.61703,-175765,-1,3.47379e-10,1,0
0.0016258,-0.286305,0.00882126,-0.385398,4.61659,-176101,-1,2.07925e-10,1,0
0.00162592,-0.286292,0.00889334,-0.385352,4.61911,-176080,-1,4.88352e-12,1,0
0.00162797,-0.285183,0.0111637,-0.38468,4.62288,-175177,-1,2.72372e-09,1,0
0.00162873,-0.285448,0.0107993,-0.385543,4.62205,-175258,-1,9.73435e-10,1,0
0.00162897,-0.285464,0.0110318,-0.3855,4.62372,-175242,-1,4.19246e-11,1,0
0.00162934,-0.285497,0.0114196,-0.385295,4.62573,-175222,-1,3.91217e-10,1,0
0.00163049,-0.284582,0.0111437,-0.38573,4.62616,-174537,-1,3.60557e-10,1,0
0.00163209,-0.283966,0.0117244,-0.385969,4.62303,-173989,-1,1.02325e-09,1,0
0.00163252,-0.283884,0.0118301,-0.386488,4.62373,-173894,-1,9.13895e-10,1,0
0.0016332,-0.283835,0.0120487,-0.387005,4.62328,-173791,-1,2.53026e-10,1,0
0.0016338,-0.283866,0.0118418,-0.387736,4.62317,-173746,-1,1.10303e-09,1,0
0.00163441,-0.284521,0.0114912,-0.387703,4.62109,-174082,-1,7.48568e-10,1,0
0.00163465,-0.284696,0.0113687,-0.387484,4.62134,-174163,-1,3.05449e-10,1,0
0.0016351,-0.284494,0.0108883,-0.387242,4.6207,-173992,-1,5.39046e-10,1,0
0.00163554,-0.284479,0.0107054,-0.387082,4.61941,-173936,-1,3.76452e-10,1,0
0.00163619,-0.284749,0.0109091,-0.387337,4.61831,-174032,-1,2.25096e-10,1,0
0.00163713,-0.284777,0.0113331,-0.386236,4.61661,-173950,-1,5.65334e-10,1,0
0.00163769,-0.285035,0.0117344,-0.386778,4.61687,-174047,-1,3.48406e-10,1,0
0.00163821,-0.285066,0.0120715,-0.386749,4.61214,-174010,-1,3.33404e-10,1,0
0.00163894,-0.284711,0.0113279,-0.387137,4.61428,-173717,-1,9.10349e-10,1,0
0.00163934,-0.285182,0.0111315,-0.387214,4.61425,-173961,-1,9.10349e-10,1,0
0.00164008,-0.28589,0.0113477,-0.387593,4.61781,-174314,-1,6.3805e-10,1,0
0.0016404,-0.285698,0.0111525,-0.38756,4.61744,-174164,-1,1.54349e-10,1,0
0.00164136,-0.285848,0.0114287,-0.388737,4.61743,-174153,-1,1.54349e-10,1,0
0.00164183,-0.285922,0.0115666,-0.389325,4.6174,-174148,-1,1.82627e-09,1,0
0.00164324,-0.286066,0.0122489,-0.388978,4.61472,-174087,-1,7.47655e-10,1,0
0.0016449,-0.285218,0.0129915,-0.387183,4.61539,-173395,-1,2.11884e-09,1,0
0.00164563,-0.285193,0.0122826,-0.386584,4.6142,-173303,-1,9.2902e-10,1,0
0.00164636,-0.284593,0.0120448,-0.386841,4.61348,-172861,-1,3.07681e-10,1,0
0.00164709,-0.284994,0.011603,-0.386509,4.61638,-173029,-1,6.7443e-10,1,0
0.00164823,-0.284535,0.0102314,-0.386464,4.6164,-172631,-1,6.7443e-10,1,0
0.00164871,-0.284714,0.00980085,-0.386563,4.61587,-172689,-1,4.52436e-10,1,0
0.00164958,-0.285456,0.00924733,-0.385976,4.61617,-173048,-1,1.04686e-09,1,0
0.00165039,-0.286476,0.00907044,-0.385975,4.61739,-173580,-1,1.03516e-09,1,0
0.00165146,-0.28577,0.008445,-0.386961,4.61743,-173040,-1,1.03516e-09,1,0
0.00165253,-0.285879,0.00798576,-0.387714,4.61715,-172995,-1,2.16512e-09,1,0
0.00165343,-0.286953,0.00779716,-0.388071,4.61709,-173550,-1,2.16512e-09,1,0
0.00165547,-0.28799,0.00748288,-0.3897,4.61496,-173963,-1,1.04143e-09,1,0
0.00165623,-0.287533,0.00791393,-0.390441,4.61498,-173607,-1,1.04143e-09,1,0
0.00165709,-0.287381,0.00816647,-0.390642,4.61782,-173425,-1,1.72317e-10,1,0
0.00165734,-0.28739,0.00824377,-0.390327,4.61746,-173404,-1,6.05538e-10,1,0
0.0016588,-0.28828,0.00906967,-0.390592,4.61653,-173788,-1,6.08876e-10,1,0
0.00165952,-0.288705,0.00958921,-0.391152,4.61563,-173969,-1,1.09428e-11,1,0
0.00166088,-0.288105,0.00868443,-0.389804,4.61603,-173466,-1,1.73019e-09,1,0
0.001661,-0.288121,0.00873757,-0.389897,4.61477,-173463,-1,4.54934e-11,1,0
0.00166208,-0.288715,0.00899526,-0.391109,4.61686,-173707,-1,1.48277e-09,1,0
0.00166249,-0.288604,0.00925266,-0.390813,4.61577,-173598,-1,4.41718e-10,1,0
0.0016635,-0.288275,0.00903287,-0.389589,4.61578,-173294,-1,4.41718e-10,1,0
0.0016649,-0.288355,0.00848363,-0.389144,4.61717,-173197,-1,2.32832e-09,1,0
0.00166589,-0.28894,0.00785751,-0.390065,4.61714,-173445,-1,2.32832e-09,1,0
0.0016664,-0.289247,0.0075288,-0.390549,4.61712,-173576,-1,2.32832e-09,1,0
0.00166749,-0.289988,0.00679666,-0.391249,4.61717,-173907,-1,3.706e-09,1,0
0.00166848,-0.291123,0.00703544,-0.39112,4.61617,-174484,-1,5.56842e-10,1,0
0.0016692,-0.291975,0.00736491,-0.391041,4.61625,-174919,-1,1.96179e-09,1,0
0.00167052,-0.29312,0.00728468,-0.391545,4.61252,-175466,-1,1.18123e-10,1,0
0.00167163,-0.293666,0.00643571,-0.392521,4.61249,-175677,-1,1.18123e-10,1,0
0.00167257,-0.293567,0.00602891,-0.393537,4.61171,-175519,-1,2.33814e-09,1,0
0.00167318,-0.293302,0.00629748,-0.393842,4.61283,-175296,-1,1.20068e-09,1,0
0.00167404,-0.293547,0.00725332,-0.394046,4.60914,-175352,-1,8.31305e-10,1,0
0.00167508,-0.293029,0.00674493,-0.394441,4.61016,-174934,-1,9.46943e-10,1,0
0.00167598,-0.293922,0.0060427,-0.394309,4.6124,-175373,-1,1.14411e-09,1,0
0.00167682,-0.293519,0.00589964,-0.395166,4.61502,-175045,-1,1.66294e-10,1,0
0.00167739,-0.293235,0.00628955,-0.395685,4.61801,-174816,-1,4.66003e-11,1,0
0.00167831,-0.29377,0.00580933,-0.395995,4.61636,-175039,-1,2.61372e-11,1,0
0.00167898,-0.294457,0.00573057,-0.395487,4.61775,-175378,-1,8.57021e-10,1,0
0.00167961,-0.294306,0.00529259,-0.39614,4.61815,-175222,-1,8.00236e-10,1,0
0.00168007,-0.294302,0.00504998,-0.395947,4.61788,-175172,-1,3.3741e-10,1,0
0.00168148,-0.294543,0.00558423,-0.397646,4.61788,-175169,-1,1.79726e-09,1,0
0.00168172,-0.294803,0.00559854,-0.39779,4.61801,-175299,-1,4.95235e-11,1,0
0.00168344,-0.296421,0.00535785,-0.396863,4.61677,-176080,-1,1.04151e-09,1,0
0.00168478,-0.297513,0.00587888,-0.396509,4.61966,-176588,-1,3.26824e-10,1,0
0.00168572,-0.297633,0.00643283,-0.395471,4.61946,-176562,-1,8.46748e-10,1,0
0.0016868,-0.298009,0.00709337,-0.394318,4.61944,-176671,-1,8.46748e-10,1,0
0.00168726,-0.298177,0.00748619,-0.394201,4.62047,-176723,-1,2.97807e-10,1,0
0.00168779,-0.298225,0.00685544,-0.394027,4.62119,-176695,-1,2.89706e-11,1,0
0.001688,-0.298125,0.00669214,-0.393853,4.62119,-176615,-1,2.89706e-11,1,0
0.00168893,-0.297666,0.00594069,-0.393052,4.62129,-176246,-1,1.4486e-09,1,0
0.00168948,-0.297444,0.00536336,-0.392726,4.62333,-176057,-1,6.91958e-10,1,0
0.00168985,-0.297422,0.00567085,-0.392434,4.62588,-176005,-1,3.79548e-10,1,0
0.00169001,-0.297546,0.00571876,-0.392512,4.62482,-176061,-1,1.25439e-10,1,0
0.00169067,-0.297617,0.00643412,-0.392578,4.62469,-176035,-1,1.43016e-10,1,0
0.00169092,-0.297556,0.00643896,-0.392731,4.62494,-175972,-1,1.10457e-10,1,0
0.00169129,-0.297659,0.00629792,-0.392633,4.62479,-175995,-1,2.39413e-10,1,0
0.0016915,-0.297602,0.00622538,-0.392548,4.62349,-175940,-1,1.53164e-11,1,0
0.00169231,-0.298422,0.00603494,-0.392593,4.6235,-176340,-1,3.92623e-10,1,0
0.00169305,-0.29896,0.00586402,-0.393347,4.62417,-176581,-1,9.42197e-10,1,0
0.00169387,-0.299093,0.00581215,-0.393308,4.62331,-176574,-1,3.48362e-10,1,0
0.00169559,-0.296942,0.00585329,-0.392901,4.62342,-175126,-1,3.48362e-10,1,0
0.00169622,-0.296154,0.00586834,-0.392752,4.62205,-174597,-1,3.34773e-09,1,0
0.00169737,-0.295099,0.00527026,-0.391906,4.6221,-173856,-1,3.34773e-09,1,0
0.00169791,-0.294612,0.0049943,-0.391516,4.61869,-173515,-1,2.16105e-09,1,0
0.00169892,-0.293544,0.00492824,-0.392242,4.61875,-172782,-1,2.16105e-09,1,0
0.0016999,-0.292968,0.0047013,-0.392252,4.61866,-172344,-1,1.4575e-10,1,0
0.00170101,-0.293307,0.00515964,-0.391807,4.6191,-172431,-1,9.84245e-10,1,0
0.00170201,-0.293989,0.00621462,-0.392068,4.61907,-172730,-1,9.84245e-10,1,0
0.00170295,-0.293698,0.00656625,-0.39274,4.62065,-172465,-1,1.92069e-10,1,0
0.00170371,-0.294042,0.00624699,-0.392643,4.61936,-172589,-1,4.84294e-10,1,0
0.00170406,-0.293975,0.00593273,-0.392346,4.61729,-172515,-1,9.33449e-10,1,0
0.00170487,-0.294015,0.00514549,-0.392456,4.61926,-172456,-1,9.03734e-10,1,0
0.00170527,-0.293691,0.00551094,-0.392329,4.62123,-172226,-1,6.37357e-10,1,0
0.001706,-0.293664,0.00617437,-0.392985,4.62123,-172136,-1,6.37357e-10,1,0
0.00170712,-0.293201,0.00728913,-0.393408,4.62141,-171752,-1,8.0391e-10,1,0
0.00170867,-0.291762,0.00777532,-0.392746,4.62095,-170754,-1,1.04148e-09,1,0
0.0017095,-0.292564,0.00717345,-0.392703,4.62116,-171140,-1,3.77065e-11,1,0
0.00170977,-0.29284,0.0069919,-0.392684,4.62047,-171274,-1,1.35217e-09,1,0
0.00171027,-0.293089,0.00724827,-0.392757,4.61868,-171369,-1,3.41176e-10,1,0
0.00171094,-0.29332,0.0074654,-0.393543,4.61866,-171438,-1,3.41176e-10,1,0
0.00171255,-0.29388,0.00798932,-0.395441,4.61864,-171604,-1,3.41176e-10,1,0
0.00171382,-0.293115,0.00773357,-0.395734,4.61772,-171030,-1,1.04151e-09,1,0
0.00171518,-0.291828,0.00796855,-0.396872,4.61779,-170144,-1,1.04151e-09,1,0
0.00171642,-0.290659,0.00818204,-0.397906,4.61724,-169341,-1,3.30838e-09,1,0
0.00171762,-0.29035,0.0081218,-0.399213,4.61819,-169042,-1,1.04148e-09,1,0
0.00171798,-0.290059,0.00828836,-0.399485,4.61717,-168838,-1,9.03941e-10,1,0
0.00171881,-0.289535,0.00776027,-0.400053,4.6181,-168451,-1,6.51509e-10,1,0
0.00172022,-0.290124,0.00783946,-0.400751,4.61393,-168656,-1,8.85963e-10,1,0
0.0017215,-0.289832,0.00800342,-0.401517,4.61386,-168360,-1,4.09962e-10,1,0
0.00172166,-0.289747,0.00786764,-0.401645,4.61386,-168295,-1,4.09962e-10,1,0
0.00172267,-0.28986,0.007769,-0.402176,4.61174,-168262,-1,3.47267e-10,1,0
0.00172415,-0.291067,0.00719519,-0.402544,4.6114,-168818,-1,1.04143e-09,1,0
0.00172474,-0.29062,0.00744027,-0.402489,4.61074,-168501,-1,2.55214e-10,1,0
0.00172596,-0.289609,0.00860767,-0.402661,4.61079,-167796,-1,2.55214e-10,1,0
0.00172628,-0.289791,0.00850533,-0.402402,4.61168,-167870,-1,2.13401e-09,1,0
0.00172727,-0.290472,0.00816903,-0.401722,4.6126,-168168,-1,7.87663e-11,1,0
0.00172773,-0.290099,0.00860579,-0.401619,4.61262,-167908,-1,7.87663e-11,1,0
0.00172833,-0.289824,0.00878891,-0.401515,4.61491,-167690,-1,1.81891e-10,1,0
0.00172903,-0.289167,0.00909644,-0.401004,4.61495,-167242,-1,1.81891e-10,1,0
0.00172968,-0.288551,0.00938459,-0.400525,4.61258,-166823,-1,1.71977e-09,1,0
0.00173128,-0.288351,0.00765436,-0.399456,4.61234,-166553,-1,2.0436e-09,1,0
0.00173185,-0.288387,0.00772339,-0.39967,4.61492,-166520,-1,3.52301e-10,1,0
0.00173313,-0.28906,0.00775014,-0.399582,4.61016,-166785,-1,2.39061e-10,1,0
0.00173392,-0.28901,0.00787937,-0.398583,4.6093,-166680,-1,1.70364e-09,1,0
0.00173461,-0.289358,0.00809235,-0.397969,4.61052,-166815,-1,5.00578e-11,1,0
0.00173483,-0.289453,0.00813692,-0.397916,4.61152,-166848,-1,1.48111e-10,1,0
0.00173611,-0.288127,0.00776441,-0.398794,4.61295,-165961,-1,1.40522e-10,1,0
0.00173777,-0.286395,0.00848201,-0.399539,4.61217,-164806,-1,1.04153e-09,1,0
0.00173803,-0.286378,0.00846399,-0.399832,4.6141,-164772,-1,1.14191e-10,1,0
0.00173905,-0.28589,0.00866881,-0.398923,4.61359,-164394,-1,9.60655e-10,1,0
0.00173955,-0.285607,0.00845362,-0.398609,4.61185,-164184,-1,4.50361e-11,1,0
0.00173989,-0.285753,0.00859706,-0.398983,4.61352,-164236,-1,2.9327e-12,1,0
0.0017415,-0.286392,0.00923533,-0.40051,4.61533,-164451,-1,1.43136e-10,1,0
0.00174246,-0.285729,0.00854506,-0.40024,4.61568,-163981,-1,5.66446e-10,1,0
0.00174284,-0.285641,0.00841491,-0.40059,4.61671,-163894,-1,2.69253e-10,1,0
0.00174398,-0.285496,0.00896378,-0.40191,4.61683,-163703,-1,1.58586e-09,1,0
0.00174473,-0.285679,0.00945651,-0.402426,4.62113,-163738,-1,6.32571e-10,1,0
0.00174517,-0.285694,0.00933239,-0.402818,4.6248,-163706,-1,7.30665e-11,1,0
0.00174584,-0.285954,0.00880629,-0.402311,4.62613,-163792,-1,1.35423e-11,1,0
0.00174672,-0.285162,0.00880636,-0.403043,4.62395,-163255,-1,7.8658e-10,1,0
0.00174738,-0.284553,0.00881929,-0.403616,4.62355,-162845,-1,1.93365e-09,1,0
0.00174766,-0.284838,0.00885634,-0.403522,4.62453,-162983,-1,6.81556e-11,1,0
0.00174791,-0.284968,0.00881228,-0.403531,4.62289,-163034,-1,2.08766e-10,1,0
0.00174879,-0.284905,0.00920412,-0.402992,4.62373,-162915,-1,1.88262e-11,1,0
0.00175029,-0.286012,0.00924203,-0.402492,4.62711,-163408,-1,1.17822e-09,1,0
0.00175155,-0.285661,0.00932208,-0.40156,4.62605,-163091,-1,5.42207e-10,1,0
0.00175201,-0.285369,0.00910969,-0.401332,4.6257,-162881,-1,2.26896e-10,1,0
0.00175283,-0.284677,0.00863838,-0.401314,4.62425,-162410,-1,8.05241e-10,1,0
0.00175317,-0.284701,0.00896999,-0.401476,4.62401,-162392,-1,2.33391e-10,1,0
0.00175351,-0.284573,0.00905713,-0.401566,4.62506,-162288,-1,1.84488e-10,1,0
0.0017536,-0.284515,0.00907482,-0.401552,4.62494,-162246,-1,3.18944e-10,1,0
0.00175446,-0.284136,0.00835588,-0.401866,4.62384,-161950,-1,3.31339e-10,1,0
0.00175643,-0.284464,0.00652262,-0.401951,4.62204,-161956,-1,1.48856e-09,1,0
0.00175718,-0.284428,0.00744709,-0.401729,4.62207,-161866,-1,9.51395e-10,1,0
0.00175817,-0.283681,0.00750516,-0.402705,4.62174,-161350,-1,4.46013e-10,1,0
0.00175866,-0.283509,0.00742494,-0.402688,4.62139,-161208,-1,6.83353e-10,1,0
0.0017594,-0.283296,0.00698362,-0.401876,4.62144,-161018,-1,1.27665e-09,1,0
0.00175993,-0.283438,0.00689268,-0.401285,4.6206,-161051,-1,4.54855e-10,1,0
0.00176018,-0.283455,0.00676536,-0.401084,4.6188,-161037,-1,1.47603e-10,1,0
0.00176056,-0.283476,0.0068426,-0.400991,4.61901,-161015,-1,1.8275e-11,1,0
0.00176096,-0.283608,0.00696142,-0.401174,4.61812,-161053,-1,1.92654e-10,1,0
0.0017616,-0.283315,0.00737522,-0.401013,4.618,-160829,-1,2.8211e-10,1,0
0.00176213,-0.28275,0.00739999,-0.400977,4.61667,-160459,-1,9.04176e-10,1,0
0.00176304,-0.281815,0.00674045,-0.400763,4.61637,-159846,-1,1.46819e-09,1,0
0.00176355,-0.28211,0.00708581,-0.400297,4.61636,-159967,-1,1.46819e-09,1,0
0.0017643,-0.282544,0.00759473,-0.39961,4.61634,-160145,-1,1.46819e-09,1,0
0.00176466,-0.282716,0.00738658,-0.399552,4.61736,-160210,-1,1.75557e-09,1,0
0.00176522,-0.283149,0.00753454,-0.399382,4.61516,-160404,-1,2.12066e-11,1,0
0.00176576,-0.282951,0.00699054,-0.399758,4.61332,-160243,-1,6.90063e-10,1,0
0.00176643,-0.28302,0.00734198,-0.399162,4.61257,-160221,-1,2.0504e-10,1,0
0.0017668,-0.283033,0.00772854,-0.39912,4.60976,-160195,-1,7.55934e-10,1,0
0.00176703,-0.282953,0.00782051,-0.399266,4.61067,-160129,-1,5.11385e-11,1,0
0.00176795,-0.28227,0.00812797,-0.399032,4.60958,-159660,-1,4.4756e-10,1,0
0.00176865,-0.282343,0.00836066,-0.398534,4.60633,-159638,-1,2.01807e-10,1,0
0.0017692,-0.282719,0.0086781,-0.398485,4.60609,-159800,-1,3.01182e-10,1,0
0.00177007,-0.28298,0.00893276,-0.399517,4.60507,-159870,-1,1.00693e-11,1,0
0.00177122,-0.282153,0.00926405,-0.400669,4.60466,-159299,-1,1.13121e-09,1,0
0.00177193,-0.281614,0.00952136,-0.401334,4.60532,-158931,-1,2.153e-09,1,0
0.00177304,-0.280717,0.0102671,-0.402127,4.60591,-158325,-1,1.58933e-09,1,0
0.00177425,-0.281185,0.0115094,-0.40202,4.60441,-158481,-1,8.12486e-11,1,0
0.00177475,-0.28084,0.0115252,-0.401614,4.60341,-158242,-1,5.40555e-10,1,0
0.00177539,-0.281436,0.0109634,-0.401632,4.60345,-158520,-1,8.18937e-10,1,0
0.00177662,-0.282852,0.0104295,-0.401548,4.60424,-159208,-1,1.04544e-09,1,0
0.00177743,-0.283361,0.00959233,-0.401862,4.60482,-159422,-1,1.02877e-09,1,0
0.00177811,-0.283974,0.00944434,-0.401269,4.60479,-159706,-1,1.02877e-09,1,0
0.00177855,-0.283469,0.00965604,-0.401208,4.60757,-159382,-1,5.55258e-10,1,0
0.00177905,-0.283292,0.00969257,-0.400608,4.60611,-159238,-1,2.0882e-10,1,0
0.00177924,-0.283182,0.00951427,-0.40049,4.60641,-159159,-1,8.00116e-11,1,0
0.00178052,-0.282421,0.0092939,-0.39997,4.61175,-158617,-1,2.67928e-10,1,0
0.00178131,-0.282985,0.0086838,-0.400118,4.61248,-158863,-1,3.69251e-10,1,0
0.00178199,-0.283035,0.00843061,-0.400827,4.61072,-158831,-1,2.36837e-10,1,0
0.00178231,-0.283141,0.00814926,-0.401107,4.61071,-158862,-1,2.36837e-10,1,0
0.00178267,-0.283451,0.00824298,-0.401107,4.61137,-159004,-1,3.38327e-10,1,0
0.00178323,-0.283052,0.00799471,-0.401469,4.61134,-158730,-1,3.17737e-10,1,0
0.00178457,-0.2825,0.0081377,-0.400391,4.61333,-158301,-1,8.97084e-11,1,0
0.00178561,-0.282293,0.00760172,-0.401299,4.61527,-158093,-1,1.04157e-09,1,0
0.00178581,-0.282137,0.00745711,-0.401176,4.61673,-157989,-1,4.61171e-10,1,0
0.00178737,-0.281633,0.00937428,-0.400963,4.61676,-157569,-1,4.61171e-10,1,0
0.00178764,-0.281567,0.00966092,-0.400884,4.61675,-157508,-1,3.30684e-11,1,0
0.00178886,-0.282319,0.0104925,-0.401964,4.61484,-157821,-1,1.55666e-09,1,0
0.00178945,-0.281587,0.0106329,-0.402095,4.61487,-157360,-1,1.55666e-09,1,0
0.00179016,-0.28118,0.0104586,-0.402393,4.61884,-157070,-1,4.38841e-11,1,0
0.00179096,-0.281397,0.00967565,-0.403009,4.61883,-157121,-1,4.38841e-11,1,0
0.00179145,-0.281487,0.00918635,-0.403353,4.61808,-157128,-1,1.89966e-09,1,0
0.00179241,-0.280855,0.00848094,-0.403982,4.61585,-156692,-1,1.0415e-09,1,0
0.00179359,-0.279695,0.00764401,-0.403592,4.61584,-155941,-1,3.46095e-10,1,0
0.00179419,-0.279622,0.00797788,-0.403095,4.61326,-155848,-1,6.2857e-10,1,0
0.00179546,-0.278912,0.00884341,-0.404252,4.61355,-155343,-1,1.60986e-09,1,0
0.00179638,-0.279305,0.0092819,-0.403381,4.61305,-155482,-1,8.4784e-10,1,0
0.0017974,-0.279212,0.00848402,-0.404259,4.61132,-155342,-1,1.13965e-09,1,0
0.0017983,-0.279336,0.00784951,-0.404997,4.612,-155333,-1,2.71441e-10,1,0
0.00179916,-0.279418,0.00738579,-0.405952,4.61417,-155305,-1,1.95248e-09,1,0
0.00180019,-0.278995,0.00688258,-0.406029,4.61243,-154981,-1,3.67252e-10,1,0
0.00180042,-0.278797,0.00678757,-0.40602,4.61452,-154852,-1,1.58097e-10,1,0
0.00180162,-0.277425,0.00675824,-0.405347,4.61311,-153987,-1,1.61658e-09,1,0
0.00180199,-0.277487,0.00649835,-0.405257,4.61515,-153989,-1,3.42009e-10,1,0
0.00180291,-0.27794,0.0056093,-0.405383,4.6176,-154162,-1,9.32726e-11,1,0
0.00180369,-0.277454,0.00522935,-0.405087,4.61593,-153826,-1,3.16753e-10,1,0
0.00180462,-0.276998,0.00478575,-0.40419,4.61518,-153494,-1,1.34542e-09,1,0
0.00180578,-0.277567,0.00503412,-0.40418,4.61435,-153710,-1,8.54361e-10,1,0
0.00180645,-0.276926,0.00558736,-0.404178,4.61414,-153299,-1,8.46116e-10,1,0
0.0018079,-0.278492,0.00627822,-0.404072,4.61521,-154042,-1,1.28179e-09,1,0
0.00180927,-0.279221,0.00583539,-0.404608,4.61573,-154328,-1,7.40336e-10,1,0
0.00180972,-0.279313,0.00561387,-0.404998,4.61674,-154340,-1,3.74405e-10,1,0
0.00181024,-0.279146,0.00520428,-0.405057,4.61444,-154204,-1,3.05367e-10,1,0
0.00181059,-0.279298,0.00526722,-0.40493,4.61201,-154258,-1,3.0959e-10,1,0
0.00181182,-0.279311,0.00597706,-0.403522,4.61201,-154160,-1,3.0959e-10,1,0
0.00181297,-0.279322,0.00663414,-0.402219,4.61201,-154069,-1,3.0959e-10,1,0
0.00181315,-0.279393,0.00657834,-0.402278,4.61227,-154093,-1,1.18779e-10,1,0
0.00181342,-0.279233,0.00636654,-0.402378,4.61291,-153981,-1,1.32504e-10,1,0
0.00181433,-0.278121,0.00633665,-0.402205,4.60999,-153292,-1,7.8327e-11,1,0
0.00181495,-0.278733,0.00676133,-0.402205,4.60888,-153576,-1,3.84228e-10,1,0
0.00181519,-0.278821,0.00667414,-0.402399,4.60766,-153604,-1,2.03414e-10,1,0
0.00181623,-0.277944,0.00679356,-0.402803,4.60847,-153033,-1,5.69243e-10,1,0
0.0018173,-0.278733,0.00671581,-0.402562,4.6082,-153378,-1,2.73372e-10,1,0
0.00181816,-0.279486,0.00611926,-0.402014,4.60816,-153719,-1,2.73372e-10,1,0
0.00181916,-0.279157,0.00510681,-0.40205,4.60802,-153454,-1,1.02207e-09,1,0
0.00182036,-0.277995,0.00454822,-0.401535,4.60599,-152714,-1,9.23747e-11,1,0
0.0018211,-0.27843,0.00510528,-0.400902,4.60597,-152891,-1,9.23747e-11,1,0
0.00182225,-0.278951,0.00582829,-0.400105,4.60633,-153080,-1,2.27726e-09,1,0
0.00182311,-0.278727,0.00542773,-0.400738,4.60458,-152885,-1,1.56413e-10,1,0
0.00182451,-0.278029,0.00433705,-0.399508,4.60665,-152385,-1,1.78561e-09,1,0
0.00182528,-0.277801,0.00485593,-0.399603,4.6081,-152196,-1,2.30659e-10,1,0
0.00182655,-0.278983,0.00476088,-0.400099,4.60818,-152738,-1,7.01104e-10,1,0
0.00182791,-0.280662,0.00436599,-0.40004,4.6078,-153543,-1,2.76706e-09,1,0
0.00182864,-0.280485,0.00389138,-0.399633,4.60756,-153385,-1,3.01999e-10,1,0
0.00182904,-0.28024,0.00359126,-0.399969,4.60976,-153217,-1,7.20822e-10,1,0
0.00182924,-0.280333,0.0035553,-0.399751,4.60657,-153251,-1,2.39969e-10,1,0
0.00183007,-0.280445,0.00305037,-0.399548,4.60625,-153242,-1,2.74207e-10,1,0
0.00183117,-0.281076,0.00240798,-0.39926,4.60831,-153496,-1,1.60106e-09,1,0
0.00183211,-0.281675,0.00210106,-0.399335,4.60696,-153743,-1,4.14046e-10,1,0
0.00183232,-0.281644,0.00188647,-0.399382,4.60795,-153709,-1,1.96157e-10,1,0
0.00183318,-0.280744,0.00181507,-0.399911,4.60827,-153146,-1,1.06329e-09,1,0
0.00183388,-0.280948,0.00167234,-0.400138,4.61085,-153199,-1,4.77225e-10,1,0
0.00183424,-0.28109,0.00152039,-0.400342,4.61176,-153246,-1,5.82866e-10,1,0
0.00183526,-0.281861,0.00158754,-0.40139,4.61036,-153581,-1,1.59059e-09,1,0
0.00183562,-0.281833,0.00170201,-0.401257,4.60602,-153535,-1,2.33653e-10,1,0
0.00183659,-0.282122,0.0020314,-0.402158,4.60655,-153612,-1,3.83745e-10,1,0
0.00183768,-0.28149,0.00288507,-0.402847,4.60658,-153177,-1,2.48089e-10,1,0
0.00183837,-0.281184,0.00220719,-0.402986,4.60523,-152953,-1,5.10824e-10,1,0
0.00183884,-0.280978,0.00163703,-0.403021,4.60524,-152801,-1,5.10824e-10,1,0
0.00183943,-0.280366,0.00183971,-0.402814,4.60444,-152420,-1,6.79661e-10,1,0
0.00184099,-0.28026,0.00156486,-0.403936,4.60185,-152233,-1,8.86338e-10,1,0
0.00184264,-0.27834,0.00109479,-0.404642,4.60195,-151055,-1,8.86338e-10,1,0
0.00184328,-0.278563,0.00102971,-0.40534,4.60005,-151123,-1,3.06922e-09,1,0
0.00184394,-0.278516,0.000429899,-0.405775,4.59916,-151044,-1,5.41882e-10,1,0
0.00184567,-0.27896,0.000948851,-0.405676,4.59651,-151143,-1,1.04133e-09,1,0
0.00184674,-0.279527,0.00135073,-0.406513,4.59504,-151363,-1,7.09656e-10,1,0
0.00184722,-0.279413,0.00145452,-0.406027,4.59786,-151261,-1,1.33152e-10,1,0
0.00184791,-0.279513,0.00228712,-0.406168,4.59803,-151259,-1,4.42681e-10,1,0
0.0018484,-0.279545,0.00288082,-0.406389,4.5992,-151236,-1,1.0586e-09,1,0
0.00184967,-0.278806,0.00324076,-0.406395,4.59969,-150733,-1,5.72782e-10,1,0
0.00185064,-0.27816,0.00427482,-0.406605,4.5998,-150304,-1,2.27889e-09,1,0
0.00185102,-0.277978,0.00461814,-0.406605,4.59969,-150175,-1,7.33662e-11,1,0
0.00185153,-0.278469,0.00473683,-0.406208,4.59967,-150399,-1,7.33662e-11,1,0
0.00185267,-0.279478,0.00479974,-0.405423,4.60275,-150851,-1,1.92145e-09,1,0
0.00185273,-0.279491,0.00472909,-0.405425,4.60275,-150854,-1,1.92145e-09,1,0
0.00185374,-0.279549,0.00380766,-0.405555,4.60352,-150803,-1,3.37539e-11,1,0
0.00185425,-0.279105,0.0042033,-0.405629,4.60374,-150522,-1,2.17542e-10,1,0
0.00185545,-0.277852,0.00420256,-0.404883,4.60419,-149749,-1,1.04158e-09,1,0
0.0018556,-0.277878,0.00425106,-0.405062,4.60312,-149751,-1,1.87539e-10,1,0
0.00185634,-0.278321,0.00472035,-0.404602,4.60424,-149930,-1,5.4555e-10,1,0
0.00185771,-0.277606,0.00355562,-0.405383,4.6056,-149435,-1,1.63765e-09,1,0
0.0018582,-0.277581,0.00361957,-0.405297,4.60395,-149382,-1,1.33484e-10,1,0
0.00185935,-0.27775,0.00450306,-0.404994,4.60405,-149380,-1,2.09622e-10,1,0
0.00186049,-0.278385,0.00466183,-0.404071,4.60254,-149630,-1,7.65923e-10,1,0
0.00186119,-0.278428,0.00522044,-0.40337,4.60274,-149597,-1,1.57523e-09,1,0
0.00186166,-0.278905,0.00530543,-0.403032,4.60395,-149816,-1,5.9122e-10,1,0
0.00186253,-0.279071,0.00584502,-0.403057,4.60233,-149834,-1,3.97666e-10,1,0
0.00186405,-0.279112,0.00689038,-0.401443,4.60232,-149735,-1,3.97666e-10,1,0
0.00186498,-0.278913,0.00695045,-0.400397,4.60238,-149553,-1,2.41198e-09,1,0
0.00186565,-0.278658,0.00670147,-0.399625,4.6024,-149363,-1,2.41198e-09,1,0
0.00186651,-0.278516,0.00658042,-0.398971,4.60325,-149218,-1,1.80863e-11,1,0
0.00186708,-0.278835,0.0070115,-0.399406,4.60122,-149343,-1,3.50735e-11,1,0
0.00186782,-0.278397,0.00733066,-0.39924,4.60461,-149049,-1,6.03063e-10,1,0
0.00186877,-0.277987,0.00668117,-0.398308,4.60463,-148754,-1,6.03063e-10,1,0
0.00186964,-0.277905,0.00632897,-0.397907,4.60371,-148641,-1,3.04449e-10,1,0
0.0018711,-0.276612,0.00632064,-0.396565,4.60378,-147834,-1,3.04449e-10,1,0
0.00187142,-0.276428,0.00618492,-0.396304,4.60321,-147710,-1,1.59422e-10,1,0
0.00187241,-0.275316,0.0057676,-0.396144,4.60306,-147038,-1,9.28228e-10,1,0
0.00187262,-0.275223,0.0057429,-0.396269,4.60507,-146972,-1,9.04724e-11,1,0
0.00187369,-0.274957,0.00494624,-0.396446,4.60237,-146746,-1,3.62602e-10,1,0
0.00187391,-0.275115,0.00473276,-0.396378,4.60146,-146813,-1,2.68513e-10,1,0
0.00187495,-0.276027,0.00525274,-0.396347,4.60069,-147218,-1,3.7494e-10,1,0
0.00187618,-0.276423,0.00494565,-0.395282,4.59827,-147332,-1,1.14545e-09,1,0
0.0018769,-0.277283,0.00468624,-0.395423,4.59739,-147735,-1,1.32713e-09,1,0
0.00187713,-0.277397,0.00453564,-0.395371,4.59475,-147777,-1,1.37291e-10,1,0
0.0018776,-0.277515,0.00419507,-0.394931,4.59614,-147803,-1,6.95447e-10,1,0
0.00187797,-0.27781,0.00390343,-0.395056,4.59665,-147931,-1,3.78031e-10,1,0
0.00187951,-0.27868,0.00306747,-0.396586,4.59543,-148273,-1,2.10808e-09,1,0
0.00188033,-0.279271,0.00328121,-0.395913,4.5956,-148522,-1,7.16771e-10,1,0
0.00188212,-0.279838,0.00245389,-0.396132,4.59348,-148682,-1,1.04134e-09,1,0
0.00188377,-0.278939,0.00378446,-0.394784,4.59352,-148075,-1,1.04134e-09,1,0
0.00188391,-0.278902,0.00385079,-0.394904,4.59582,-148044,-1,1.45744e-10,1,0
0.001885,-0.278339,0.00264925,-0.395131,4.59521,-147660,-1,9.59537e-10,1,0
0.00188538,-0.278127,0.00222602,-0.395041,4.59596,-147518,-1,9.41379e-10,1,0
0.00188615,-0.277305,0.00187215,-0.394632,4.59549,-147021,-1,9.84201e-10,1,0
0.00188694,-0.277891,0.00195714,-0.395441,4.59577,-147270,-1,1.00278e-09,1,0
0.00188821,-0.278209,0.00136238,-0.396737,4.59838,-147340,-1,4.3177e-10,1,0
0.00188907,-0.277618,0.00109191,-0.396128,4.59956,-146960,-1,9.70336e-10,1,0
0.00189,-0.276657,0.00159825,-0.395659,4.59961,-146379,-1,9.70336e-10,1,0
0.0018914,-0.276124,0.00232172,-0.394515,4.59898,-145989,-1,3.88672e-10,1,0
0.00189248,-0.275528,0.00280419,-0.393938,4.59907,-145591,-1,1.51403e-10,1,0
0.00189339,-0.276001,0.00343496,-0.393767,4.59819,-145771,-1,5.09724e-10,1,0
0.0018936,-0.275869,0.0033644,-0.39384,4.59435,-145685,-1,1.22622e-10,1,0
0.00189376,-0.276003,0.0034439,-0.393831,4.59189,-145743,-1,1.06527e-10,1,0
0.00189451,-0.276905,0.00355775,-0.39401,4.59186,-146162,-1,4.13557e-10,1,0
0.00189547,-0.277615,0.00328642,-0.393219,4.59456,-146462,-1,6.74312e-11,1,0
0.00189674,-0.278105,0.00252333,-0.392624,4.59649,-146623,-1,2.20102e-09,1,0
0.00189705,-0.278095,0.00227004,-0.392401,4.59627,-146594,-1,6.6415e-10,1,0
0.00189803,-0.278557,0.00189019,-0.392016,4.59466,-146761,-1,4.77983e-10,1,0
0.00189896,-0.278562,0.00221236,-0.391497,4.59502,-146692,-1,3.63392e-10,1,0
0.00189977,-0.279327,0.00238619,-0.391014,4.59564,-147032,-1,1.29144e-09,1,0
0.00190113,-0.2778,0.00251564,-0.391199,4.59492,-146123,-1,1.26025e-10,1,0
0.00190212,-0.276683,0.00231073,-0.391569,4.5938,-145460,-1,5.28742e-11,1,0
0.0019027,-0.276856,0.00206201,-0.391944,4.59422,-145507,-1,1.23292e-09,1,0
0.00190314,-0.277086,0.00184755,-0.392076,4.59353,-145594,-1,9.31731e-10,1,0
0.0019046,-0.27726,0.00135515,-0.391266,4.59334,-145574,-1,1.18248e-09,1,0
0.00190577,-0.27747,0.000434016,-0.391393,4.59016,-145595,-1,1.04128e-09,1,0
0.00190648,-0.277761,0.000346292,-0.391027,4.58758,-145693,-1,3.49363e-10,1,0
0.00190743,-0.277623,0.000193075,-0.391516,4.58926,-145549,-1,1.0794e-10,1,0
0.00190793,-0.277758,-0.000202689,-0.391739,4.58869,-145581,-1,4.4279e-11,1,0
0.00190845,-0.277285,-0.000580129,-0.392018,4.58872,-145293,-1,6.66398e-10,1,0
0.00190962,-0.27688,-0.00135167,-0.392596,4.58819,-144992,-1,3.10676e-10,1,0
0.00190989,-0.276665,-0.00159552,-0.392706,4.58953,-144859,-1,1.33986e-09,1,0
0.0019108,-0.27655,-0.000756513,-0.391905,4.58954,-144730,-1,1.33986e-09,1,0
0.00191184,-0.27642,0.000192155,-0.390998,4.58954,-144583,-1,1.33986e-09,1,0
0.00191257,-0.276608,0.000544196,-0.39075,4.59132,-144626,-1,2.33939e-10,1,0
0.0019135,-0.276257,0.000381241,-0.390213,4.59093,-144372,-1,5.58262e-11,1,0
0.00191403,-0.27642,0.000164982,-0.389755,4.59073,-144418,-1,1.16499e-10,1,0
0.00191453,-0.277028,-4.20966e-06,-0.389865,4.59237,-144697,-1,6.39714e-10,1,0
0.00191479,-0.277206,0.000202529,-0.390004,4.59136,-144771,-1,2.85265e-10,1,0
0.00191515,-0.277501,0.000303784,-0.390342,4.59014,-144898,-1,4.63892e-10,1,0
0.00191651,-0.27633,0.000492075,-0.391258,4.59102,-144184,-1,5.387e-10,1,0
0.00191694,-0.276669,0.000810353,-0.391225,4.59079,-144329,-1,1.24468e-09,1,0
0.0019179,-0.277631,0.00155285,-0.391037,4.58738,-144758,-1,1.71393e-09,1,0
0.00191962,-0.278046,-0.000384318,-0.390742,4.58617,-144844,-1,1.77682e-09,1,0
0.00192017,-0.27828,-3.61384e-05,-0.391095,4.58526,-144924,-1,1.23064e-10,1,0
0.00192075,-0.27843,-0.00016297,-0.390593,4.58364,-144959,-1,4.95314e-10,1,0
0.00192238,-0.277992,-0.000393649,-0.390884,4.58354,-144608,-1,1.04157e-09,1,0
0.00192264,-0.278152,-0.000545334,-0.391015,4.5854,-144672,-1,1.67245e-10,1,0
0.001923,-0.278271,-0.000154057,-0.391109,4.58419,-144706,-1,2.17737e-10,1,0
0.00192401,-0.278127,0.000368082,-0.391337,4.58121,-144556,-1,6.85807e-10,1,0
0.00192439,-0.277958,0.000437531,-0.391163,4.58025,-144439,-1,9.77208e-11,1,0
0.00192539,-0.278008,0.00144726,-0.390642,4.58148,-144390,-1,9.41264e-10,1,0
0.00192666,-0.277197,0.00132825,-0.39082,4.57947,-143875,-1,1.06374e-09,1,0
0.001928,-0.277361,0.000907964,-0.390916,4.57851,-143859,-1,1.27132e-10,1,0
0.00192867,-0.277067,0.000881871,-0.391437,4.5787,-143656,-1,1.40336e-10,1,0
0.00192921,-0.277175,0.00078025,-0.391168,4.5817,-143673,-1,3.0919e-10,1,0
0.00193097,-0.276776,-0.000971862,-0.391476,4.58056,-143335,-1,7.10947e-10,1,0
0.00193149,-0.2765,-0.00104285,-0.391807,4.5829,-143154,-1,3.15831e-10,1,0
0.00193336,-0.274474,-0.0013806,-0.392227,4.58462,-141967,-1,2.87217e-10,1,0
0.00193438,-0.274924,-0.00250883,-0.391776,4.58434,-142125,-1,1.29577e-09,1,0
0.00193607,-0.274734,-0.00133325,-0.391622,4.58813,-141903,-1,1.10185e-09,1,0
0.00193751,-0.276228,-0.00161466,-0.392656,4.5871,-142568,-1,1.8382e-09,1,0
0.00193784,-0.275962,-0.00150793,-0.392733,4.58577,-142407,-1,1.09423e-10,1,0
0.00193876,-0.276218,-0.000975971,-0.39179,4.58603,-142472,-1,1.91582e-10,1,0
0.00193959,-0.276485,-0.000553339,-0.390895,4.58549,-142548,-1,2.06602e-09,1,0
0.00193987,-0.276621,-0.000290294,-0.390972,4.58576,-142598,-1,1.91797e-10,1,0
0.00194052,-0.276485,0.000506565,-0.390882,4.5874,-142480,-1,5.27032e-10,1,0
0.00194126,-0.275965,-0.000185831,-0.391238,4.58742,-142158,-1,5.27032e-10,1,0
0.00194174,-0.275622,-0.000633125,-0.391472,4.58539,-141946,-1,1.54446e-09,1,0
0.00194205,-0.2753,-0.000466983,-0.391614,4.58637,-141758,-1,3.9594e-10,1,0
0.00194337,-0.273921,-0.000102692,-0.390722,4.58769,-140951,-1,1.6827e-09,1,0
0.00194412,-0.27328,-0.000118966,-0.39012,4.58991,-140567,-1,9.81005e-11,1,0
0.00194565,-0.271996,-5.13756e-05,-0.388658,4.58997,-139797,-1,9.81005e-11,1,0
0.00194659,-0.271828,-0.000695637,-0.387745,4.59037,-139643,-1,2.95846e-09,1,0
0.00194738,-0.27195,-0.00125941,-0.387031,4.58962,-139649,-1,1.84283e-09,1,0
0.00194813,-0.272001,-0.00176307,-0.387254,4.59109,-139622,-1,6.0572e-10,1,0
0.00194882,-0.272147,-0.00120381,-0.387004,4.59188,-139647,-1,7.24928e-10,1,0
0.00194907,-0.272425,-0.00116556,-0.386953,4.5924,-139772,-1,2.79585e-10,1,0
0.00194967,-0.272443,-0.000879999,-0.386361,4.58958,-139738,-1,1.72757e-10,1,0
0.00195019,-0.272753,-0.000799955,-0.386159,4.58893,-139860,-1,1.14733e-10,1,0
0.00195125,-0.272654,-0.00185684,-0.385398,4.58805,-139733,-1,1.2507e-09,1,0
0.00195228,-0.27306,-0.00246832,-0.386224,4.58579,-139867,-1,1.53212e-10,1,0
0.00195313,-0.273065,-0.00181527,-0.387015,4.58401,-139809,-1,8.09302e-10,1,0
0.00195435,-0.272638,-0.00153302,-0.388475,4.58431,-139503,-1,1.54717e-09,1,0
0.00195535,-0.272509,-0.000888222,-0.389361,4.58417,-139366,-1,8.75945e-10,1,0
0.00195652,-0.271653,-0.000355467,-0.390454,4.58392,-138845,-1,1.48657e-09,1,0
0.00195732,-0.271747,-0.000445268,-0.391225,4.58358,-138836,-1,6.02393e-10,1,0
0.00195854,-0.271452,0.000780776,-0.391318,4.57871,-138599,-1,1.09935e-09,1,0
0.00195962,-0.271874,0.000911477,-0.39046,4.58009,-138738,-1,1.04168e-09,1,0
0.00196025,-0.271308,0.00115634,-0.390659,4.5794,-138405,-1,5.07098e-10,1,0
0.00196174,-0.269997,0.00153769,-0.389352,4.57947,-137632,-1,5.07098e-10,1,0
0.00196329,-0.268634,0.00193413,-0.387994,4.58111,-136829,-1,4.06045e-09,1,0
0.00196377,-0.268503,0.00226454,-0.387538,4.5786,-136729,-1,2.66484e-10,1,0
0.00196422,-0.268463,0.0017498,-0.387289,4.57978,-136677,-1,5.91439e-10,1,0
0.00196463,-0.268522,0.00210173,-0.387517,4.57798,-136678,-1,4.70348e-10,1,0
0.00196523,-0.267972,0.00176895,-0.387155,4.57594,-136357,-1,4.91492e-10,1,0
0.00196538,-0.267947,0.00163311,-0.387224,4.57608,-136333,-1,5.5169e-11,1,0
0.00196637,-0.268252,0.00116199,-0.388307,4.57411,-136420,-1,2.06841e-10,1,0
0.00196683,-0.267911,0.00160746,-0.388192,4.57391,-136215,-1,5.65177e-10,1,0
0.00196757,-0.267184,0.00152881,-0.388728,4.57407,-135794,-1,7.02287e-10,1,0
0.00196832,-0.267147,0.00119533,-0.38895,4.57384,-135723,-1,4.19213e-10,1,0
0.00196927,-0.266491,0.00140666,-0.388695,4.57483,-135325,-1,1.06549e-09,1,0
0.00196967,-0.266212,0.00181442,-0.388638,4.57527,-135156,-1,8.38419e-10,1,0
0.00196983,-0.266311,0.00196539,-0.388602,4.57485,-135195,-1,1.80066e-10,1,0
0.00197071,-0.266499,0.00282295,-0.389231,4.5772,-135230,-1,2.62452e-11,1,0
0.0019715,-0.266572,0.00346459,-0.389834,4.57166,-135212,-1,9.82992e-11,1,0
0.00197222,-0.266215,0.00295453,-0.389562,4.56798,-134982,-1,6.98205e-10,1,0
0.00197268,-0.265969,0.00304387,-0.389149,4.56847,-134826,-1,3.6535e-10,1,0
0.00197385,-0.267083,0.00367567,-0.389731,4.56761,-135311,-1,2.91844e-10,1,0
0.0019748,-0.266571,0.00321571,-0.389825,4.56658,-134986,-1,1.6822e-09,1,0
0.00197517,-0.266781,0.00345658,-0.389734,4.56794,-135067,-1,4.00575e-10,1,0
0.00197563,-0.266882,0.0034857,-0.390075,4.56946,-135087,-1,1.04243e-10,1,0
0.00197695,-0.266456,0.00279563,-0.391549,4.57032,-134781,-1,1.68177e-09,1,0
0.0019773,-0.266205,0.0029024,-0.391556,4.56826,-134631,-1,9.53798e-11,1,0
0.00197746,-0.266392,0.0029552,-0.391606,4.56829,-134715,-1,2.49566e-10,1,0
0.00197806,-0.266628,0.00351805,-0.391758,4.56886,-134793,-1,6.32535e-10,1,0
0.00197852,-0.266338,0.00327818,-0.392207,4.56888,-134615,-1,6.32535e-10,1,0
0.00197912,-0.265917,0.00329893,-0.39279,4.56903,-134361,-1,8.63311e-10,1,0
0.0019796,-0.265679,0.00368274,-0.392493,4.56703,-134208,-1,5.42455e-10,1,0
0.00198048,-0.266297,0.00289375,-0.39219,4.56777,-134461,-1,1.04137e-09,1,0
0.00198142,-0.265557,0.00302344,-0.392671,4.56634,-134024,-1,3.20409e-11,1,0
0.00198195,-0.265831,0.00284353,-0.393007,4.56645,-134126,-1,4.57202e-10,1,0
0.00198343,-0.266087,0.00359005,-0.392641,4.5676,-134155,-1,1.04187e-09,1,0
0.00198441,-0.265172,0.00383784,-0.39184,4.56765,-133628,-1,1.04187e-09,1,0
0.00198488,-0.264723,0.00394617,-0.391462,4.5701,-133370,-1,1.02683e-10,1,0
0.00198571,-0.265302,0.00385989,-0.391723,4.56905,-133606,-1,6.3493e-10,1,0
0.00198602,-0.265343,0.00383667,-0.392115,4.56905,-133605,-1,6.3493e-10,1,0
0.00198634,-0.265477,0.00357264,-0.392278,4.56601,-133651,-1,2.87792e-10,1,0
0.00198662,-0.265498,0.00383088,-0.392092,4.56437,-133643,-1,2.5368e-10,1,0
0.00198723,-0.264902,0.00425945,-0.392032,4.56047,-133302,-1,1.17199e-10,1,0
0.00198788,-0.264203,0.00429549,-0.391666,4.55963,-132907,-1,6.4467e-11,1,0
0.00198864,-0.263475,0.00441043,-0.39131,4.56155,-132490,-1,1.63859e-09,1,0
0.00198919,-0.26355,0.00462114,-0.391904,4.56021,-132491,-1,7.13987e-10,1,0
0.00198963,-0.263097,0.00465504,-0.392027,4.56169,-132234,-1,1.89017e-11,1,0
0.00199056,-0.262033,0.00431668,-0.392403,4.56014,-131638,-1,1.49012e-09,1,0
0.00199106,-0.26205,0.00467366,-0.392893,4.56313,-131613,-1,1.34111e-11,1,0
0.00199182,-0.262115,0.00518802,-0.393424,4.56337,-131596,-1,2.97248e-10,1,0
0.00199305,-0.261255,0.005615,-0.393375,4.56356,-131083,-1,4.87544e-10,1,0
0.00199329,-0.261391,0.00556843,-0.393515,4.56361,-131135,-1,1.18529e-10,1,0
0.00199434,-0.261411,0.00470479,-0.393601,4.56563,-131076,-1,1.9629e-10,1,0
0.00199512,-0.26183,0.00413338,-0.393393,4.56546,-131235,-1,2.80283e-10,1,0
0.00199578,-0.2611,0.00420381,-0.393286,4.56605,-130826,-1,4.25028e-10,1,0
0.00199601,-0.260818,0.00415173,-0.393322,4.56769,-130670,-1,7.92181e-10,1,0
0.00199652,-0.26067,0.00360722,-0.393094,4.56512,-130563,-1,5.9952e-10,1,0
0.00199718,-0.260813,0.00390796,-0.393866,4.56786,-130591,-1,8.41108e-10,1,0
0.00199783,-0.260925,0.0034421,-0.39431,4.56465,-130605,-1,2.0039e-11,1,0
0.00199842,-0.261163,0.00288916,-0.394616,4.56799,-130685,-1,3.89946e-10,1,0
0.00200019,-0.260569,0.00450827,-0.396044,4.56806,-130272,-1,2.23896e-09,1,0
0.00200139,-0.260778,0.00397802,-0.395982,4.56581,-130298,-1,7.93186e-10,1,0
0.0020026,-0.261972,0.00362644,-0.39654,4.56375,-130816,-1,5.65479e-10,1,0
0.00200366,-0.261297,0.00478341,-0.396676,4.56379,-130409,-1,5.65479e-10,1,0
0.00200562,-0.260787,0.00574594,-0.395963,4.56268,-130028,-1,1.04129e-09,1,0
0.00200664,-0.26124,0.00620252,-0.396733,4.5639,-130188,-1,1.41117e-09,1,0
0.00200758,-0.262098,0.00662586,-0.396444,4.56044,-130555,-1,4.31633e-10,1,0
0.00200854,-0.262337,0.00691312,-0.395584,4.56046,-130611,-1,1.04365e-09,1,0
0.00200877,-0.262286,0.0067258,-0.395721,4.5643,-130570,-1,1.05558e-10,1,0
0.00200952,-0.262983,0.00698589,-0.396275,4.5651,-130868,-1,7.52075e-11,1,0
0.00201038,-0.262602,0.00627943,-0.396927,4.56733,-130623,-1,1.05053e-09,1,0
0.00201167,-0.263171,0.00682869,-0.395498,4.56796,-130822,-1,1.63322e-09,1,0
0.00201316,-0.2638,0.00770159,-0.397048,4.56793,-131038,-1,1.63322e-09,1,0
0.00201442,-0.264329,0.00740635,-0.398432,4.56771,-131219,-1,2.20781e-09,1,0
0.0020151,-0.26443,0.00713381,-0.398861,4.56886,-131225,-1,1.87084e-10,1,0
0.00201585,-0.264726,0.00706951,-0.397955,4.5686,-131322,-1,9.17887e-10,1,0
0.00201598,-0.264647,0.00702823,-0.397929,4.56417,-131275,-1,1.15998e-10,1,0
0.00201729,-0.265315,0.00725352,-0.398727,4.56542,-131520,-1,7.24304e-10,1,0
0.00201816,-0.265555,0.00766495,-0.399676,4.56578,-131582,-1,4.2394e-11,1,0
0.00201847,-0.265613,0.00774608,-0.399997,4.56487,-131591,-1,1.3959e-09,1,0
0.00201901,-0.265437,0.00731643,-0.400443,4.56509,-131469,-1,2.1419e-10,1,0
0.00201956,-0.265069,0.00719997,-0.400836,4.56356,-131251,-1,4.09779e-10,1,0
0.00202052,-0.265782,0.00718797,-0.399859,4.56352,-131542,-1,4.09779e-10,1,0
0.00202106,-0.266247,0.00712665,-0.399395,4.56363,-131737,-1,2.20866e-10,1,0
0.00202151,-0.266116,0.00733504,-0.399526,4.56336,-131642,-1,3.18065e-10,1,0
0.00202169,-0.265895,0.00730503,-0.399495,4.56337,-131521,-1,3.18065e-10,1,0
0.00202254,-0.265853,0.00706817,-0.399735,4.56182,-131446,-1,2.50532e-10,1,0
0.00202381,-0.267259,0.0076469,-0.399248,4.56156,-132057,-1,5.79156e-10,1,0
0.00202489,-0.268191,0.00827636,-0.398853,4.56211,-132447,-1,2.12092e-09,1,0
0.00202521,-0.268221,0.00867858,-0.398945,4.55909,-132441,-1,6.95701e-10,1,0
0.00202597,-0.267603,0.00827586,-0.398909,4.55832,-132086,-1,4.76096e-10,1,0
0.00202717,-0.26725,0.00715454,-0.39929,4.55849,-131835,-1,5.85287e-10,1,0
0.00202788,-0.267753,0.00665169,-0.399157,4.55661,-132036,-1,3.25131e-10,1,0
0.0020283,-0.267965,0.00682926,-0.399182,4.56024,-132114,-1,3.23477e-10,1,0
0.00202916,-0.267949,0.00666155,-0.398557,4.55715,-132049,-1,4.26475e-10,1,0
0.00203011,-0.268586,0.00657952,-0.398244,4.55667,-132301,-1,1.15402e-09,1,0
0.00203118,-0.268977,0.00632403,-0.397726,4.55681,-132424,-1,1.39196e-09,1,0
0.00203145,-0.268983,0.0064059,-0.397572,4.55732,-132409,-1,1.20943e-10,1,0
0.00203225,-0.268859,0.00582896,-0.397007,4.56256,-132296,-1,1.18622e-10,1,0
0.00203316,-0.269962,0.00565364,-0.396722,4.56262,-132780,-1,1.15263e-09,1,0
0.00203358,-0.26966,0.00602683,-0.396905,4.56129,-132603,-1,1.79022e-10,1,0
0.00203404,-0.269889,0.00616699,-0.396391,4.56035,-132686,-1,5.79951e-10,1,0
0.00203501,-0.270376,0.00712558,-0.395822,4.56356,-132862,-1,7.84476e-10,1,0
0.00203585,-0.269618,0.00682908,-0.395328,4.56223,-132435,-1,7.94777e-10,1,0
0.00203677,-0.269953,0.00747496,-0.395038,4.56025,-132540,-1,2.00898e-10,1,0
0.0020377,-0.270183,0.00714992,-0.395936,4.5604,-132593,-1,1.07303e-10,1,0
0.00203849,-0.270071,0.00712634,-0.396473,4.56127,-132485,-1,3.7797e-10,1,0
0.00203879,-0.270193,0.00712193,-0.396375,4.56036,-132526,-1,1.48068e-10,1,0
0.00203973,-0.270456,0.00789438,-0.396705,4.56246,-132594,-1,5.70823e-10,1,0
0.00204093,-0.270199,0.00856521,-0.397121,4.56597,-132390,-1,1.79326e-09,1,0
0.00204228,-0.270703,0.00801069,-0.397178,4.56522,-132550,-1,6.2409e-10,1,0
0.0020426,-0.270715,0.00813166,-0.396989,4.56365,-132534,-1,2.63788e-10,1,0
0.00204296,-0.27083,0.00851277,-0.39705,4.56308,-132567,-1,1.6907e-10,1,0
0.00204376,-0.271161,0.00932967,-0.397539,4.56202,-132677,-1,1.29488e-09,1,0
0.00204474,-0.271386,0.0101819,-0.397153,4.56331,-132724,-1,8.73801e-10,1,0
0.00204585,-0.271018,0.0104135,-0.397026,4.56096,-132472,-1,1.0169e-09,1,0
0.00204652,-0.270433,0.0105451,-0.397356,4.55835,-132143,-1,1.99487e-10,1,0
0.00204802,-0.270726,0.0111928,-0.397898,4.55658,-132189,-1,5.41959e-10,1,0
0.0020488,-0.271035,0.0113282,-0.396969,4.55656,-132290,-1,5.41959e-10,1,0
0.00204918,-0.270975,0.0114716,-0.396776,4.55424,-132236,-1,1.27536e-09,1,0
0.00205005,-0.270141,0.01205,-0.397201,4.55285,-131773,-1,1.29796e-09,1,0
0.00205084,-0.270327,0.0126839,-0.396737,4.5529,-131813,-1,2.48887e-10,1,0
0.00205185,-0.269832,0.013359,-0.396341,4.55141,-131507,-1,4.77188e-10,1,0
0.00205272,-0.269812,0.0141392,-0.396274,4.55257,-131441,-1,9.2692e-10,1,0
0.00205325,-0.269811,0.0146023,-0.396179,4.55288,-131406,-1,2.30171e-10,1,0
0.00205356,-0.270031,0.0143291,-0.396087,4.55473,-131495,-1,5.70359e-11,1,0
0.00205495,-0.270294,0.0150046,-0.397693,4.55472,-131533,-1,5.70359e-11,1,0
0.00205573,-0.270806,0.0152682,-0.397991,4.5554,-131732,-1,2.28386e-09,1,0
0.00205617,-0.270982,0.0150982,-0.398162,4.55199,-131790,-1,3.25395e-10,1,0
0.0020577,-0.269967,0.0158477,-0.39964,4.55141,-131198,-1,1.94351e-09,1,0
0.0020583,-0.269465,0.0163928,-0.399761,4.55113,-130916,-1,4.56173e-10,1,0
0.00205954,-0.270184,0.017008,-0.398915,4.55076,-131187,-1,5.73357e-10,1,0
0.002061,-0.268833,0.0161584,-0.398364,4.55095,-130438,-1,1.76752e-09,1,0
0.00206127,-0.269024,0.016272,-0.398386,4.5525,-130514,-1,1.01092e-10,1,0
0.00206227,-0.267826,0.0164305,-0.398059,4.55343,-129869,-1,6.03742e-11,1,0
0.00206335,-0.267564,0.0159671,-0.397879,4.55775,-129675,-1,5.33089e-10,1,0
0.00206417,-0.267216,0.0153285,-0.39742,4.55924,-129454,-1,9.01132e-10,1,0
0.00206488,-0.26687,0.0155874,-0.39738,4.55845,-129242,-1,2.54604e-10,1,0
0.00206592,-0.267085,0.0154175,-0.397245,4.55267,-129281,-1,6.04492e-10,1,0
0.00206753,-0.267552,0.0140634,-0.397151,4.55006,-129406,-1,6.49244e-10,1,0
0.0020685,-0.268406,0.0134058,-0.396556,4.5506,-129759,-1,1.2313e-09,1,0
0.00206997,-0.268504,0.0143184,-0.395427,4.55319,-129714,-1,1.06017e-09,1,0
0.00207073,-0.269397,0.0146465,-0.395493,4.55315,-130098,-1,9.5391e-10,1,0
0.00207132,-0.269972,0.0150857,-0.395555,4.55222,-130338,-1,5.53159e-10,1,0
0.00207274,-0.270976,0.0156342,-0.395821,4.55359,-130733,-1,9.59189e-10,1,0
0.00207372,-0.270706,0.0152111,-0.396053,4.55484,-130542,-1,7.90688e-10,1,0
0.00207505,-0.271881,0.0158092,-0.397089,4.55456,-131024,-1,1.50114e-09,1,0
0.00207572,-0.27171,0.0155033,-0.397511,4.55265,-130899,-1,5.43854e-10,1,0
0.00207726,-0.271932,0.0148048,-0.395696,4.55231,-130909,-1,1.95745e-09,1,0
0.00207814,-0.272768,0.0144975,-0.396292,4.55042,-131256,-1,2.73993e-11,1,0
0.00207835,-0.272765,0.0143225,-0.396377,4.55305,-131241,-1,1.18165e-09,1,0
0.00207901,-0.272402,0.0138048,-0.396475,4.55581,-131024,-1,8.95752e-10,1,0
0.00207961,-0.272216,0.0140131,-0.396803,4.55273,-130898,-1,4.29483e-10,1,0
0.00208078,-0.272975,0.0143423,-0.396847,4.55408,-131189,-1,9.42197e-10,1,0
0.00208149,-0.272417,0.0142862,-0.397304,4.55353,-130876,-1,5.04586e-10,1,0
0.0020824,-0.272286,0.0146478,-0.396735,4.55035,-130756,-1,5.38754e-11,1,0
0.0020828,-0.272523,0.0145611,-0.396568,4.54991,-130844,-1,9.56914e-10,1,0
0.00208335,-0.273071,0.0142005,-0.396588,4.5495,-131073,-1,6.30222e-10,1,0
0.00208383,-0.273228,0.0140506,-0.396585,4.54898,-131118,-1,7.23926e-10,1,0
0.00208436,-0.273101,0.0140123,-0.397116,4.54829,-131024,-1,5.41516e-10,1,0
0.00208576,-0.27271,0.0126121,-0.397904,4.54785,-130749,-1,1.48548e-09,1,0
0.00208608,-0.272924,0.012267,-0.397958,4.54784,-130831,-1,1.48548e-09,1,0
0.00208638,-0.273122,0.011947,-0.398008,4.54783,-130907,-1,1.48548e-09,1,0
0.00208713,-0.273299,0.0111177,-0.398284,4.54837,-130944,-1,1.53274e-09,1,0
0.00208725,-0.273214,0.0110854,-0.398314,4.54492,-130896,-1,5.63341e-10,1,0
0.00208779,-0.273625,0.0114471,-0.397932,4.54562,-131059,-1,6.71926e-10,1,0
0.0020887,-0.274402,0.0110394,-0.398641,4.54631,-131375,-1,1.43748e-10,1,0
0.00208878,-0.274349,0.0109762,-0.398674,4.54719,-131344,-1,3.16329e-11,1,0
0.00208944,-0.274123,0.0111458,-0.399271,4.54795,-131194,-1,5.39893e-11,1,0
0.0020901,-0.273455,0.0108984,-0.399703,4.54822,-130833,-1,8.3371e-10,1,0
0.00209061,-0.273811,0.0110911,-0.400129,4.54758,-130972,-1,9.09725e-11,1,0
0.00209139,-0.274247,0.0112713,-0.400195,4.54212,-131131,-1,1.36118e-10,1,0
0.00209178,-0.274479,0.0112346,-0.400585,4.54214,-131218,-1,4.27655e-10,1,0
0.00209267,-0.273963,0.0111523,-0.401117,4.54401,-130915,-1,4.73837e-10,1,0
0.00209349,-0.273568,0.0103092,-0.40101,4.54443,-130676,-1,1.02274e-09,1,0
0.00209453,-0.273871,0.00993715,-0.400901,4.54739,-130755,-1,1.06709e-10,1,0
0.00209508,-0.273503,0.0100095,-0.400326,4.54377,-130546,-1,6.86582e-10,1,0
0.00209549,-0.273863,0.0096216,-0.400332,4.54375,-130691,-1,5.28887e-10,1,0
0.00209701,-0.272404,0.00921479,-0.399375,4.54519,-129901,-1,1.06009e-09,1,0
0.00209777,-0.272308,0.00847597,-0.398801,4.54661,-129809,-1,9.06788e-10,1,0
0.00209871,-0.271749,0.00773302,-0.399137,4.54641,-129484,-1,1.01035e-10,1,0
0.0020996,-0.272743,0.00793284,-0.399459,4.54852,-129902,-1,1.07574e-09,1,0
0.0021009,-0.271836,0.00665677,-0.399679,4.54632,-129390,-1,7.76189e-11,1,0
0.00210159,-0.27104,0.00665829,-0.39971,4.5463,-128969,-1,3.15634e-10,1,0
0.00210216,-0.270891,0.00691835,-0.399704,4.54405,-128863,-1,2.31353e-10,1,0
0.00210315,-0.271114,0.00719831,-0.39985,4.54103,-128908,-1,4.88703e-11,1,0
0.00210364,-0.271514,0.00704191,-0.400187,4.54305,-129069,-1,9.05025e-11,1,0
0.00210416,-0.271377,0.00677491,-0.400428,4.54182,-128972,-1,1.34881e-10,1,0
0.00210436,-0.271317,0.00669856,-0.400481,4.53866,-128930,-1,4.63222e-10,1,0
0.0021056,-0.2727,0.0060978,-0.400048,4.53859,-129512,-1,4.63222e-10,1,0
0.00210637,-0.27259,0.00650091,-0.400193,4.53744,-129412,-1,6.74717e-10,1,0
0.00210721,-0.273084,0.00623232,-0.400337,4.5327,-129595,-1,3.89981e-10,1,0
0.00210881,-0.271533,0.00528087,-0.400748,4.53202,-128761,-1,1.69289e-09,1,0
0.00210964,-0.270814,0.0054122,-0.400228,4.53238,-128369,-1,2.95563e-10,1,0
0.00211059,-0.271604,0.00566955,-0.400867,4.53009,-128687,-1,1.32131e-10,1,0
0.00211173,-0.27127,0.00668183,-0.400627,4.52887,-128459,-1,8.97462e-10,1,0
0.00211266,-0.270884,0.00717502,-0.400426,4.5276,-128219,-1,2.82358e-10,1,0
0.00211325,-0.27076,0.00730216,-0.399982,4.52762,-128125,-1,2.74438e-10,1,0
0.00211429,-0.271169,0.00751732,-0.398751,4.5276,-128255,-1,2.74438e-10,1,0
0.00211567,-0.270936,0.0073784,-0.397291,4.52531,-128061,-1,8.66591e-10,1,0
0.00211651,-0.270944,0.00745755,-0.398311,4.52393,-128014,-1,4.48444e-10,1,0
0.00211709,-0.27037,0.0071679,-0.398478,4.52354,-127708,-1,1.60911e-11,1,0
0.00211762,-0.270811,0.00738511,-0.398805,4.52386,-127884,-1,4.61156e-11,1,0
0.00211801,-0.271043,0.00762439,-0.399107,4.5242,-127971,-1,9.59537e-10,1,0
0.00211891,-0.270638,0.00775068,-0.39977,4.52426,-127725,-1,8.27354e-10,1,0
0.00211976,-0.269869,0.00706849,-0.400093,4.5243,-127311,-1,8.27354e-10,1,0
0.00212023,-0.269446,0.0066934,-0.40027,4.52432,-127083,-1,8.27354e-10,1,0
0.00212045,-0.26937,0.00653349,-0.400419,4.52418,-127034,-1,1.45983e-10,1,0
0.00212111,-0.268904,0.00659082,-0.400367,4.52438,-126775,-1,2.16896e-10,1,0
0.00212161,-0.269395,0.00685854,-0.40058,4.52333,-126977,-1,2.05985e-11,1,0
0.00212294,-0.270706,0.00766628,-0.401235,4.52326,-127515,-1,2.05985e-11,1,0
0.00212337,-0.2711,0.0077885,-0.401465,4.52357,-127674,-1,2.67321e-09,1,0
0.00212506,-0.270689,0.00902676,-0.400847,4.52295,-127380,-1,1.77898e-09,1,0
0.00212617,-0.270236,0.00840001,-0.401924,4.52592,-127100,-1,4.3349e-11,1,0
0.00212691,-0.270368,0.00800804,-0.402552,4.52573,-127118,-1,1.10311e-10,1,0
0.00212767,-0.270685,0.00723466,-0.402604,4.52171,-127221,-1,3.25312e-10,1,0
0.00212828,-0.27083,0.00767902,-0.402283,4.52305,-127253,-1,1.67041e-11,1,0
0.00212957,-0.270262,0.00758215,-0.400753,4.52256,-126909,-1,1.87371e-09,1,0
0.00213021,-0.270232,0.00833012,-0.400544,4.5266,-126857,-1,7.88589e-10,1,0
0.00213141,-0.269205,0.00872194,-0.399571,4.52587,-126304,-1,1.46144e-09,1,0
0.0021325,-0.268263,0.00921189,-0.400456,4.52625,-125797,-1,1.43327e-09,1,0
0.00213322,-0.267692,0.00965437,-0.400519,4.52954,-125487,-1,9.07913e-11,1,0
0.00213423,-0.266657,0.00923803,-0.40063,4.52788,-124943,-1,3.58824e-10,1,0
0.00213468,-0.266529,0.00891659,-0.400921,4.52744,-124856,-1,2.87142e-10,1,0
0.00213523,-0.267023,0.00915672,-0.401336,4.52742,-125056,-1,2.87142e-10,1,0
0.0021359,-0.267635,0.0094542,-0.401851,4.52739,-125303,-1,2.87142e-10,1,0
0.00213654,-0.267675,0.00955832,-0.401588,4.53006,-125284,-1,1.85491e-09,1,0
0.00213666,-0.267645,0.00945769,-0.401571,4.52948,-125263,-1,1.11485e-11,1,0
0.00213766,-0.26736,0.00823432,-0.40177,4.52949,-125071,-1,1.11485e-11,1,0
0.00213887,-0.267201,0.00879652,-0.402566,4.52647,-124926,-1,5.31368e-10,1,0
0.00213995,-0.26657,0.00768819,-0.402098,4.52566,-124568,-1,1.03891e-09,1,0
0.00214113,-0.267309,0.00739274,-0.403344,4.52497,-124844,-1,7.32546e-10,1,0
0.00214146,-0.267362,0.00758947,-0.403177,4.52512,-124850,-1,3.13704e-10,1,0
0.00214175,-0.267662,0.00771985,-0.403005,4.52379,-124973,-1,3.7168e-10,1,0
0.00214335,-0.268626,0.00749778,-0.404292,4.52527,-125330,-1,1.04697e-09,1,0
0.00214383,-0.268418,0.00769444,-0.404822,4.5253,-125205,-1,2.85908e-11,1,0
0.00214448,-0.267984,0.00774372,-0.405418,4.52877,-124965,-1,3.40864e-10,1,0
0.00214553,-0.267562,0.00762362,-0.404555,4.52719,-124707,-1,1.77708e-10,1,0
0.002146,-0.267596,0.00759172,-0.404573,4.52445,-124695,-1,2.74298e-10,1,0
0.00214703,-0.26845,0.00734448,-0.405514,4.52335,-125033,-1,5.77643e-12,1,0
0.00214845,-0.268359,0.00574209,-0.40477,4.52034,-124908,-1,1.77238e-09,1,0
0.00214876,-0.268237,0.00594498,-0.40475,4.51804,-124833,-1,7.40516e-11,1,0
0.00214963,-0.267555,0.00555429,-0.40475,4.51802,-124466,-1,8.44374e-10,1,0
0.0021499,-0.267308,0.00537964,-0.404625,4.5187,-124335,-1,1.03167e-11,1,0
0.00215043,-0.267489,0.00525151,-0.404535,4.51964,-124389,-1,9.60909e-11,1,0
0.00215158,-0.268636,0.00610632,-0.404797,4.51958,-124855,-1,9.60909e-11,1,0
0.00215259,-0.269622,0.00676282,-0.405057,4.52003,-125255,-1,2.95971e-09,1,0
0.00215315,-0.269735,0.00736644,-0.405097,4.51994,-125274,-1,6.4685e-10,1,0
0.00215398,-0.269638,0.00693216,-0.405851,4.52152,-125181,-1,2.0568e-10,1,0
0.00215475,-0.26897,0.00701192,-0.406373,4.51885,-124827,-1,3.01411e-10,1,0
0.00215522,-0.26843,0.00713806,-0.406581,4.51741,-124549,-1,1.25616e-09,1,0
0.00215582,-0.268895,0.00755456,-0.406581,4.51763,-124730,-1,6.14084e-10,1,0
0.00215652,-0.268708,0.00775708,-0.407187,4.5146,-124603,-1,7.0041e-10,1,0
0.00215682,-0.268672,0.0077299,-0.407306,4.51247,-124569,-1,3.10016e-11,1,0
0.00215704,-0.268497,0.00757044,-0.407413,4.51177,-124475,-1,3.89063e-11,1,0
0.00215741,-0.268198,0.007241,-0.407565,4.51255,-124315,-1,7.03111e-10,1,0
0.00215869,-0.267242,0.00763995,-0.408224,4.51144,-123798,-1,1.19334e-09,1,0
0.00216001,-0.266889,0.00780503,-0.406613,4.51146,-123559,-1,1.19334e-09,1,0
0.00216076,-0.266595,0.00771661,-0.406631,4.51472,-123380,-1,2.45242e-10,1,0
0.00216217,-0.26633,0.0066487,-0.40735,4.51515,-123177,-1,1.68341e-09,1,0
0.00216333,-0.266431,0.00704819,-0.408187,4.51791,-123158,-1,1.06678e-09,1,0
0.00216405,-0.266928,0.00694823,-0.408062,4.5189,-123346,-1,2.84962e-10,1,0
0.00216534,-0.266522,0.00707684,-0.407056,4.52007,-123085,-1,8.70267e-10,1,0
0.00216626,-0.266567,0.00616733,-0.406969,4.51781,-123054,-1,1.018e-09,1,0
0.00216723,-0.266871,0.0060239,-0.406281,4.5142,-123139,-1,7.19459e-10,1,0
0.00216758,-0.266834,0.00572235,-0.406291,4.51535,-123102,-1,6.81146e-11,1,0
0.00216918,-0.267759,0.00608618,-0.406414,4.51466,-123438,-1,1.06005e-09,1,0
0.00216986,-0.267698,0.00643505,-0.406024,4.51361,-123371,-1,1.09946e-09,1,0
0.00217113,-0.268876,0.0062669,-0.405768,4.51214,-123841,-1,1.28445e-09,1,0
0.00217208,-0.269421,0.0064645,-0.40673,4.50875,-124038,-1,7.41406e-10,1,0
0.002173,-0.268952,0.00606092,-0.406319,4.50723,-123770,-1,3.44307e-10,1,0
0.00217446,-0.269015,0.00626025,-0.405389,4.50326,-123716,-1,9.69703e-10,1,0
0.00217555,-0.269978,0.00630138,-0.406296,4.50404,-124096,-1,6.68991e-11,1,0
0.00217614,-0.269819,0.00588965,-0.406809,4.50323,-123989,-1,7.88388e-12,1,0
0.00217659,-0.269455,0.00583976,-0.406677,4.49621,-123797,-1,3.02694e-11,1,0
0.00217752,-0.27059,0.00596534,-0.406912,4.49616,-124265,-1,3.02694e-11,1,0
0.00217871,-0.271872,0.00572958,-0.407125,4.49674,-124786,-1,4.21492e-10,1,0
0.0021791,-0.272103,0.00556235,-0.406787,4.49804,-124869,-1,3.47612e-10,1,0
0.00217972,-0.2722,0.0057045,-0.406025,4.49803,-124878,-1,3.47612e-10,1,0
0.00218154,-0.270532,0.0062215,-0.406679,4.49988,-124010,-1,1.2193e-09,1,0
0.00218259,-0.269415,0.00652568,-0.407295,4.49994,-123438,-1,1.2193e-09,1,0
0.00218324,-0.268682,0.0067888,-0.407171,4.49944,-123066,-1,3.46383e-09,1,0
0.00218384,-0.268502,0.00720381,-0.406921,4.50113,-122949,-1,3.94597e-10,1,0
0.00218555,-0.268609,0.00751602,-0.406635,4.50012,-122902,-1,1.3743e-09,1,0
0.0021859,-0.26849,0.00737031,-0.406331,4.49993,-122828,-1,1.19334e-10,1,0
0.00218725,-0.269329,0.00868004,-0.407031,4.49988,-123135,-1,1.19334e-10,1,0
0.00218822,-0.269523,0.00921358,-0.406145,4.49755,-123170,-1,8.8163e-10,1,0
0.00218879,-0.269611,0.00941805,-0.405927,4.49514,-123178,-1,9.93115e-11,1,0
0.00218999,-0.270454,0.0102653,-0.405013,4.4951,-123496,-1,9.93115e-11,1,0
0.00219117,-0.271325,0.0111881,-0.404482,4.49508,-123827,-1,2.51457e-09,1,0
0.00219222,-0.272185,0.0114381,-0.404983,4.49226,-124160,-1,6.20205e-10,1,0
0.00219242,-0.272162,0.0113009,-0.405133,4.493,-124138,-1,1.74984e-10,1,0
0.00219322,-0.272908,0.0107354,-0.405461,4.49021,-124432,-1,4.29094e-10,1,0
0.00219348,-0.273013,0.0105793,-0.40567,4.49126,-124466,-1,3.78856e-11,1,0
0.00219446,-0.272886,0.00982033,-0.406517,4.49254,-124352,-1,7.71225e-10,1,0
0.00219562,-0.272353,0.00990643,-0.406107,4.49066,-124044,-1,4.01402e-10,1,0
0.00219627,-0.271779,0.0100785,-0.405536,4.49069,-123746,-1,4.01402e-10,1,0
0.00219736,-0.271808,0.00987415,-0.405585,4.49289,-123697,-1,3.91272e-10,1,0
0.00219779,-0.272085,0.0095243,-0.405823,4.49099,-123799,-1,6.32211e-10,1,0
0.00219911,-0.273479,0.00962883,-0.405907,4.49016,-124359,-1,8.22453e-10,1,0
0.00219973,-0.274207,0.00977785,-0.405759,4.49395,-124655,-1,2.36875e-10,1,0
0.00220054,-0.274049,0.00954795,-0.4055,4.49687,-124537,-1,2.83458e-10,1,0
0.00220109,-0.274301,0.0100068,-0.405625,4.49852,-124620,-1,2.97891e-10,1,0
0.00220157,-0.274157,0.00972694,-0.40548,4.4971,-124528,-1,1.3094e-10,1,0
0.00220295,-0.274153,0.00926971,-0.405124,4.4944,-124448,-1,1.5538e-09,1,0
0.00220405,-0.275163,0.0101235,-0.405316,4.49508,-124845,-1,2.24478e-10,1,0
0.00220497,-0.275695,0.0110454,-0.404975,4.4984,-125033,-1,1.2746e-10,1,0
0.00220565,-0.275922,0.0115563,-0.40516,4.49963,-125098,-1,2.42925e-10,1,0
0.00220626,-0.276185,0.0119451,-0.405218,4.49899,-125183,-1,1.01812e-09,1,0
0.00220725,-0.277027,0.0111659,-0.404987,4.49904,-125508,-1,1.15598e-09,1,0
0.00220804,-0.277259,0.010661,-0.405054,4.49693,-125568,-1,9.76239e-10,1,0
0.00220922,-0.277207,0.0105461,-0.405923,4.49412,-125477,-1,4.76974e-10,1,0
0.00220991,-0.277351,0.0104544,-0.406737,4.49191,-125503,-1,8.02973e-10,1,0
0.00221122,-0.277176,0.0106842,-0.407778,4.49263,-125350,-1,1.07895e-09,1,0
0.00221166,-0.277393,0.0102341,-0.407546,4.49262,-125423,-1,1.07895e-09,1,0
0.00221206,-0.277563,0.0104673,-0.407268,4.49154,-125477,-1,1.1971e-10,1,0
0.0022123,-0.277316,0.0104263,-0.407291,4.49273,-125352,-1,2.64656e-10,1,0
0.00221274,-0.277268,0.0103842,-0.40747,4.49589,-125305,-1,2.13947e-10,1,0
0.00221406,-0.277699,0.00961153,-0.408662,4.49532,-125425,-1,7.84831e-10,1,0
0.00221521,-0.278503,0.00939561,-0.409296,4.49782,-125723,-1,2.98478e-10,1,0
0.00221554,-0.278626,0.00918099,-0.408981,4.49831,-125760,-1,1.44809e-11,1,0
0.00221589,-0.278825,0.00907528,-0.408817,4.49732,-125829,-1,2.6579e-11,1,0
0.00221599,-0.278706,0.00906118,-0.40881,4.49618,-125770,-1,1.19983e-10,1,0
0.00221657,-0.278936,0.00870178,-0.40842,4.49799,-125841,-1,7.23694e-11,1,0
0.0022175,-0.279659,0.00796862,-0.407876,4.4982,-126115,-1,1.62013e-09,1,0
0.00221864,-0.279726,0.00836058,-0.407818,4.49747,-126080,-1,5.34599e-10,1,0
0.00221904,-0.27974,0.00854557,-0.407938,4.49608,-126063,-1,3.47884e-11,1,0
0.00222023,-0.279756,0.00739189,-0.408889,4.49617,-126003,-1,1.41245e-09,1,0
0.00222194,-0.279785,0.0067921,-0.407385,4.49487,-125919,-1,1.0772e-09,1,0
0.00222264,-0.279298,0.00681339,-0.406661,4.49517,-125661,-1,1.95156e-09,1,0
0.002224,-0.279701,0.00789878,-0.405395,4.49515,-125765,-1,1.95156e-09,1,0
0.00222421,-0.279725,0.00801816,-0.40521,4.49297,-125764,-1,1.93933e-09,1,0
0.00222525,-0.279116,0.00720662,-0.405071,4.49303,-125431,-1,3.26592e-10,1,0
0.00222568,-0.279025,0.00674283,-0.405306,4.49338,-125366,-1,4.99071e-10,1,0
0.00222698,-0.27793,0.00730659,-0.404483,4.4956,-124801,-1,1.73051e-10,1,0
0.00222761,-0.278163,0.00772279,-0.404645,4.49885,-124871,-1,1.68244e-09,1,0
0.0022282,-0.278421,0.00745656,-0.405243,4.49763,-124953,-1,6.69435e-10,1,0
0.00222911,-0.278157,0.00640169,-0.40493,4.4982,-124784,-1,1.1029e-09,1,0
0.00223008,-0.278524,0.00577043,-0.404643,4.4994,-124894,-1,2.44289e-10,1,0
0.00223051,-0.278688,0.00581923,-0.404419,4.49582,-124943,-1,1.49284e-10,1,0
0.0022314,-0.279299,0.00495063,-0.404078,4.49579,-125168,-1,1.49284e-10,1,0
0.0022327,-0.280083,0.00364314,-0.403509,4.49528,-125446,-1,2.35361e-09,1,0
0.0022332,-0.279997,0.00323746,-0.403681,4.49418,-125379,-1,3.82318e-10,1,0
0.00223356,-0.280445,0.00323615,-0.403751,4.49416,-125560,-1,3.82318e-10,1,0
0.00223413,-0.280096,0.00300001,-0.40418,4.49237,-125371,-1,6.37795e-10,1,0
0.00223448,-0.280279,0.00309116,-0.404494,4.49164,-125433,-1,4.0388e-10,1,0
0.00223496,-0.280502,0.00267956,-0.404791,4.49242,-125507,-1,1.89504e-10,1,0
0.0022356,-0.280603,0.00214294,-0.405319,4.493,-125515,-1,4.3307e-11,1,0
0.00223736,-0.281134,0.00361391,-0.403822,4.49284,-125654,-1,1.07904e-09,1,0
0.00223813,-0.282019,0.00402099,-0.403925,4.49188,-126006,-1,1.02447e-09,1,0
0.00223908,-0.280942,0.00447309,-0.404131,4.49184,-125472,-1,1.18611e-09,1,0
0.00223955,-0.280685,0.00492803,-0.403993,4.49135,-125331,-1,5.12259e-10,1,0
0.00224045,-0.279841,0.00480617,-0.40472,4.49082,-124904,-1,3.16202e-12,1,0
0.00224086,-0.280029,0.00446877,-0.404645,4.48676,-124965,-1,9.02374e-11,1,0
0.00224119,-0.280133,0.00476962,-0.404541,4.48493,-124993,-1,1.49845e-10,1,0
0.00224176,-0.280378,0.00514568,-0.404925,4.48636,-125071,-1,4.57227e-10,1,0
0.00224251,-0.280849,0.00549298,-0.40566,4.48634,-125239,-1,4.57227e-10,1,0
0.00224388,-0.281353,0.00546904,-0.406334,4.48462,-125387,-1,4.63428e-10,1,0
0.00224448,-0.281861,0.00544224,-0.405842,4.48684,-125580,-1,1.56233e-10,1,0
0.00224487,-0.282016,0.00527511,-0.405949,4.48945,-125627,-1,3.17102e-10,1,0
0.00224597,-0.281091,0.00506601,-0.40666,4.49016,-125153,-1,8.06043e-12,1,0
0.00224642,-0.280968,0.00500063,-0.406635,4.48644,-125074,-1,1.69779e-10,1,0
0.00224715,-0.280685,0.00572302,-0.406146,4.48424,-124907,-1,1.11559e-09,1,0
0.00224857,-0.281741,0.00444422,-0.406181,4.48416,-125298,-1,1.13468e-09,1,0
0.00225019,-0.28291,0.00402272,-0.404917,4.48412,-125728,-1,9.50427e-10,1,0
0.00225081,-0.283243,0.00339795,-0.404573,4.48317,-125840,-1,7.86944e-10,1,0
0.00225196,-0.281832,0.00349516,-0.404279,4.48324,-125149,-1,7.86944e-10,1,0
0.00225267,-0.282617,0.00384768,-0.404142,4.48271,-125459,-1,8.80524e-10,1,0
0.00225316,-0.282709,0.00439922,-0.404234,4.4825,-125472,-1,2.41467e-10,1,0
0.00225331,-0.282704,0.00434284,-0.404063,4.48339,-125462,-1,5.2862e-12,1,0
0.00225372,-0.282717,0.0041438,-0.403591,4.48399,-125444,-1,6.06089e-10,1,0
0.00225432,-0.282955,0.00366399,-0.403058,4.48376,-125517,-1,8.4874e-10,1,0
0.00225497,-0.282801,0.00312321,-0.402669,4.48434,-125412,-1,6.70523e-11,1,0
0.00225537,-0.282401,0.00329597,-0.402833,4.48331,-125213,-1,4.71623e-10,1,0
0.00225606,-0.282154,0.00261729,-0.402816,4.48376,-125065,-1,2.73314e-10,1,0
0.00225669,-0.281649,0.00231115,-0.40229,4.48379,-124806,-1,2.73314e-10,1,0
0.00225729,-0.28116,0.00201508,-0.401781,4.48345,-124556,-1,1.55678e-09,1,0
0.00225876,-0.282701,0.00155601,-0.402177,4.48598,-125158,-1,3.14586e-10,1,0
0.00225896,-0.282845,0.00135139,-0.402169,4.48597,-125211,-1,3.14586e-10,1,0
0.00225931,-0.283192,0.00134824,-0.402112,4.48587,-125344,-1,2.8468e-10,1,0
0.00225967,-0.283165,0.00142113,-0.401991,4.48685,-125312,-1,2.93657e-10,1,0
0.00226085,-0.282899,0.00113182,-0.403374,4.48709,-125129,-1,8.98225e-10,1,0
0.0022616,-0.2822,0.000995389,-0.40395,4.48668,-124779,-1,8.98711e-10,1,0
0.00226239,-0.281589,0.000385633,-0.403912,4.48648,-124466,-1,2.35034e-10,1,0
0.00226371,-0.282081,0.000635454,-0.403125,4.48029,-124610,-1,1.234e-09,1,0
0.00226497,-0.280516,0.000524072,-0.4029,4.47924,-123849,-1,1.58505e-09,1,0
0.00226546,-0.280892,0.000735957,-0.403137,4.4806,-123989,-1,4.09855e-10,1,0
0.00226619,-0.28133,0.000231589,-0.403242,4.47664,-124142,-1,1.80244e-10,1,0
0.00226688,-0.280993,0.000870686,-0.403598,4.47553,-123956,-1,2.53374e-10,1,0
0.00226778,-0.281487,0.000663588,-0.40414,4.47742,-124125,-1,7.0223e-10,1,0
0.00226838,-0.281632,0.00108265,-0.403828,4.47772,-124156,-1,1.75022e-10,1,0
0.00226959,-0.281611,0.000810641,-0.402881,4.48043,-124080,-1,3.34502e-10,1,0
0.00227081,-0.281468,0.000680381,-0.401361,4.48044,-123950,-1,3.34502e-10,1,0
0.00227108,-0.281437,0.000651693,-0.401026,4.47712,-123922,-1,2.94921e-09,1,0
0.00227163,-0.281216,0.000494118,-0.401149,4.47886,-123795,-1,8.12407e-11,1,0
0.0022727,-0.281995,0.000765953,-0.401012,4.47347,-124079,-1,1.06326e-09,1,0
0.00227367,-0.282671,0.000496398,-0.40171,4.47255,-124324,-1,3.46121e-11,1,0
0.00227411,-0.282664,0.000176497,-0.401434,4.46977,-124296,-1,2.58161e-10,1,0
0.0022751,-0.281792,1.76918e-06,-0.40229,4.46984,-123859,-1,2.53874e-10,1,0
0.00227569,-0.281693,-0.000374314,-0.402788,4.47056,-123783,-1,1.2423e-09,1,0
0.002277,-0.281089,-0.00164601,-0.402118,4.47103,-123447,-1,5.79352e-10,1,0
0.00227878,-0.281552,-0.0015845,-0.402372,4.4685,-123554,-1,1.07891e-09,1,0
0.00227908,-0.28159,-0.00180016,-0.402642,4.46973,-123554,-1,3.45241e-10,1,0
0.00227967,-0.281631,-0.00182014,-0.402834,4.468,-123541,-1,4.41443e-10,1,0
0.00228107,-0.281851,-0.00330475,-0.402569,4.46811,-123561,-1,2.92608e-10,1,0
0.00228131,-0.282015,-0.00315996,-0.402367,4.46697,-123620,-1,2.97621e-10,1,0
0.00228217,-0.282377,-0.00238467,-0.403023,4.46498,-123732,-1,1.07754e-09,1,0
0.00228241,-0.282503,-0.00244337,-0.402765,4.46577,-123774,-1,4.7689e-13,1,0
0.00228311,-0.282804,-0.00267822,-0.401968,4.46732,-123868,-1,1.12077e-09,1,0
0.0022835,-0.283215,-0.00290839,-0.402104,4.46739,-124027,-1,4.90188e-10,1,0
0.00228425,-0.282784,-0.00264516,-0.402761,4.46757,-123798,-1,8.49991e-10,1,0
0.00228543,-0.282855,-0.00167778,-0.402805,4.46792,-123765,-1,2.74457e-10,1,0
0.00228732,-0.283045,-0.002451,-0.400568,4.46937,-123745,-1,2.37455e-09,1,0
0.00228829,-0.282857,-0.00182109,-0.400627,4.46708,-123611,-1,6.4767e-10,1,0
0.00228939,-0.283488,-0.00123109,-0.401655,4.46696,-123827,-1,1.36404e-09,1,0
0.00228978,-0.283868,-0.00113312,-0.401936,4.46729,-123972,-1,7.84148e-10,1,0
0.00229012,-0.283809,-0.000721087,-0.401843,4.46744,-123928,-1,4.11481e-10,1,0
0.00229069,-0.283749,-0.00127756,-0.40146,4.46924,-123870,-1,6.9616e-10,1,0
0.00229153,-0.283464,-0.000663488,-0.40074,4.46935,-123700,-1,9.62733e-10,1,0
0.00229285,-0.284387,-0.000550239,-0.400051,4.47173,-124032,-1,4.17703e-10,1,0
0.00229371,-0.284517,1.55802e-06,-0.399348,4.47051,-124042,-1,6.78659e-10,1,0
0.0022952,-0.286067,-5.18255e-05,-0.398399,4.46968,-124637,-1,1.07896e-09,1,0
0.00229609,-0.286519,0.000954487,-0.39825,4.46966,-124786,-1,1.07896e-09,1,0
0.0022967,-0.286831,0.00164888,-0.398147,4.46964,-124888,-1,1.07896e-09,1,0
0.002297,-0.286814,0.00158521,-0.398094,4.46923,-124864,-1,2.03788e-09,1,0
0.00229772,-0.286485,0.000754547,-0.397966,4.47028,-124682,-1,1.12533e-09,1,0
0.00229831,-0.286446,0.00116641,-0.398368,4.47126,-124633,-1,3.11355e-10,1,0
0.00229966,-0.285927,0.00272488,-0.398788,4.47129,-124334,-1,3.11355e-10,1,0
0.0023,-0.285844,0.00282717,-0.39883,4.4692,-124280,-1,3.79987e-12,1,0
0.00230019,-0.285779,0.00278223,-0.398682,4.46993,-124241,-1,1.22658e-10,1,0
0.00230133,-0.285125,0.00294381,-0.39867,4.47171,-123896,-1,6.26468e-10,1,0
0.00230162,-0.284983,0.00278359,-0.398509,4.47043,-123818,-1,1.51332e-10,1,0
0.00230288,-0.286212,0.00213323,-0.399263,4.47231,-124284,-1,1.58224e-09,1,0
0.00230361,-0.285784,0.0028469,-0.399632,4.4707,-124059,-1,9.10045e-10,1,0
0.00230469,-0.286301,0.00224516,-0.400321,4.46971,-124225,-1,8.41488e-10,1,0
0.00230573,-0.286062,0.00210859,-0.401598,4.46972,-124066,-1,8.41488e-10,1,0
0.00230649,-0.286214,0.00193453,-0.402438,4.46965,-124091,-1,2.34286e-09,1,0
0.00230757,-0.286999,0.00155492,-0.403486,4.46904,-124373,-1,1.79167e-09,1,0
0.00230875,-0.285971,0.00258712,-0.40347,4.46902,-123864,-1,1.21348e-10,1,0
0.00230976,-0.285669,0.00213227,-0.40374,4.46875,-123679,-1,3.09784e-10,1,0
0.00231041,-0.285105,0.00164661,-0.40374,4.46896,-123400,-1,4.85134e-10,1,0
0.00231242,-0.282889,0.00264312,-0.404395,4.46724,-122335,-1,2.51699e-09,1,0
0.00231292,-0.283277,0.00252524,-0.403986,4.46783,-122476,-1,5.80597e-10,1,0
0.00231365,-0.28334,0.00300994,-0.404497,4.46618,-122465,-1,7.78582e-10,1,0
0.00231468,-0.283918,0.00400195,-0.404093,4.46597,-122660,-1,1.09423e-09,1,0
0.00231561,-0.285042,0.00432303,-0.404096,4.46648,-123096,-1,1.36361e-09,1,0
0.00231661,-0.284347,0.00480267,-0.404704,4.46692,-122743,-1,5.12474e-10,1,0
0.00231773,-0.283982,0.00550523,-0.405861,4.46694,-122526,-1,5.12474e-10,1,0
0.0023194,-0.283464,0.00656922,-0.407559,4.46877,-122214,-1,4.20708e-09,1,0
0.0023209,-0.284112,0.00699831,-0.406572,4.46934,-122414,-1,9.74259e-10,1,0
0.00232115,-0.284118,0.00673152,-0.406583,4.46899,-122404,-1,3.79457e-11,1,0
0.00232183,-0.284757,0.00707274,-0.406142,4.46619,-122644,-1,8.48273e-10,1,0
0.0023236,-0.283731,0.00872229,-0.406706,4.46284,-122108,-1,1.71173e-09,1,0
0.00232409,-0.283836,0.00827518,-0.406574,4.4636,-122128,-1,4.17068e-10,1,0
0.00232493,-0.283237,0.00751082,-0.40696,4.46358,-121826,-1,8.79325e-10,1,0
0.00232615,-0.28183,0.0078001,-0.406491,4.46596,-121157,-1,4.01189e-10,1,0
0.00232691,-0.28096,0.00799979,-0.406185,4.466,-120744,-1,4.01189e-10,1,0
0.00232814,-0.27973,0.00771892,-0.40573,4.4648,-120152,-1,6.31933e-10,1,0
0.00232952,-0.278436,0.00675991,-0.4056,4.46386,-119525,-1,1.0743e-09,1,0
0.0023305,-0.278223,0.00710801,-0.405187,4.46348,-119383,-1,7.27017e-10,1,0
0.00233058,-0.278295,0.00710629,-0.405134,4.4635,-119411,-1,5.95042e-10,1,0
0.00233179,-0.279345,0.00797767,-0.40535,4.46216,-119799,-1,1.45041e-09,1,0
0.00233267,-0.278915,0.00697304,-0.405271,4.46086,-119569,-1,1.87306e-10,1,0
0.00233319,-0.278738,0.00658474,-0.40491,4.45965,-119467,-1,4.35357e-10,1,0
0.00233372,-0.279122,0.00614045,-0.404695,4.45888,-119604,-1,3.67354e-10,1,0
0.00233437,-0.278392,0.00610462,-0.404346,4.4604,-119258,-1,8.11079e-10,1,0
0.00233467,-0.278434,0.00615791,-0.404048,4.46116,-119260,-1,3.04383e-10,1,0
0.00233567,-0.279103,0.00653517,-0.404866,4.46087,-119496,-1,4.96747e-10,1,0
0.002336,-0.279205,0.00662205,-0.405257,4.46086,-119523,-1,4.96747e-10,1,0
0.00233639,-0.279459,0.00656224,-0.405585,4.46048,-119612,-1,2.42673e-10,1,0
0.00233819,-0.278907,0.00550605,-0.404898,4.45953,-119283,-1,1.07918e-09,1,0
0.0023387,-0.279233,0.0058669,-0.405295,4.45951,-119397,-1,1.07918e-09,1,0
0.00233961,-0.279827,0.00652547,-0.406019,4.45948,-119604,-1,1.07918e-09,1,0
0.002341,-0.281336,0.00687324,-0.406035,4.45913,-120178,-1,1.07894e-09,1,0
0.00234172,-0.282057,0.00740252,-0.406161,4.46058,-120449,-1,1.28942e-09,1,0
0.00234309,-0.282402,0.00601611,-0.405223,4.46056,-120526,-1,1.28942e-09,1,0
0.00234439,-0.282295,0.00478643,-0.404862,4.45785,-120413,-1,5.43973e-10,1,0
0.00234594,-0.282268,0.00513996,-0.402957,4.45785,-120322,-1,5.43973e-10,1,0
0.00234683,-0.281865,0.00482996,-0.402121,4.45701,-120104,-1,6.96547e-10,1,0
0.00234775,-0.282244,0.00510706,-0.402042,4.45635,-120219,-1,3.99386e-10,1,0
0.00234939,-0.280549,0.00446539,-0.402409,4.4504,-119413,-1,1.94823e-09,1,0
0.00234978,-0.280552,0.00450538,-0.402637,4.44797,-119395,-1,1.43587e-10,1,0
0.00235062,-0.280245,0.00363953,-0.403012,4.44621,-119222,-1,4.91993e-10,1,0
0.0023516,-0.280214,0.00449092,-0.402773,4.44491,-119159,-1,9.11862e-10,1,0
0.00235261,-0.279174,0.00441269,-0.402605,4.44545,-118666,-1,1.11735e-09,1,0
0.00235351,-0.278359,0.00425694,-0.402832,4.44245,-118274,-1,4.67445e-10,1,0
0.00235443,-0.278869,0.00495628,-0.402317,4.44147,-118445,-1,7.65323e-10,1,0
0.00235555,-0.279411,0.00604982,-0.402464,4.44115,-118618,-1,5.22087e-10,1,0
0.00235611,-0.279404,0.00577844,-0.403046,4.4404,-118587,-1,6.63946e-10,1,0
0.00235709,-0.278686,0.00618897,-0.402441,4.4431,-118233,-1,1.11157e-09,1,0
0.00235773,-0.279072,0.0056235,-0.40203,4.44534,-118365,-1,9.43309e-10,1,0
0.00235892,-0.279344,0.00652168,-0.402027,4.44511,-118421,-1,6.7654e-10,1,0
0.00235915,-0.279377,0.00676764,-0.401929,4.44159,-118423,-1,2.75656e-11,1,0
0.00235941,-0.279372,0.00648637,-0.402057,4.44017,-118407,-1,1.02648e-10,1,0
0.00235972,-0.279352,0.00618822,-0.402293,4.44035,-118384,-1,6.10571e-10,1,0
0.00235998,-0.279036,0.0061846,-0.402313,4.44126,-118237,-1,3.19165e-10,1,0
0.00236062,-0.279293,0.00683942,-0.402697,4.44125,-118313,-1,3.19165e-10,1,0
0.00236185,-0.279132,0.00608968,-0.402634,4.44128,-118184,-1,1.45319e-10,1,0
0.00236247,-0.278893,0.00534739,-0.40263,4.44501,-118052,-1,7.14194e-10,1,0
0.00236339,-0.279262,0.0059857,-0.40223,4.44556,-118161,-1,4.57769e-10,1,0
0.00236354,-0.279132,0.006032,-0.402104,4.44542,-118099,-1,1.86313e-10,1,0
0.00236406,-0.279103,0.00642548,-0.401764,4.44835,-118061,-1,1.12577e-10,1,0
0.00236487,-0.279007,0.00700537,-0.402334,4.44772,-117980,-1,6.05568e-10,1,0
0.00236628,-0.278515,0.00744777,-0.401445,4.44916,-117701,-1,6.96457e-10,1,0
0.00236712,-0.278396,0.00660536,-0.401068,4.44722,-117610,-1,7.98389e-10,1,0
0.00236738,-0.278139,0.0063981,-0.401099,4.44756,-117488,-1,5.80429e-10,1,0
0.00236792,-0.27795,0.00690749,-0.401392,4.44836,-117382,-1,1.89306e-10,1,0
0.00236888,-0.277561,0.00801126,-0.401709,4.44656,-117170,-1,1.6879e-09,1,0
0.00237046,-0.276587,0.00875534,-0.403251,4.4466,-116681,-1,1.6879e-09,1,0
0.00237122,-0.276114,0.00911697,-0.404001,4.44534,-116444,-1,2.92693e-09,1,0
0.00237189,-0.276145,0.00903155,-0.403414,4.44586,-116424,-1,5.3311e-10,1,0
0.00237296,-0.276751,0.00791037,-0.403008,4.44583,-116627,-1,5.3311e-10,1,0
0.00237305,-0.276797,0.00782203,-0.402986,4.44904,-116642,-1,8.8859e-12,1,0
0.00237378,-0.277426,0.00767658,-0.403179,4.4489,-116871,-1,3.19272e-10,1,0
0.00237441,-0.277506,0.00698258,-0.40282,4.44949,-116874,-1,7.85378e-10,1,0
0.00237469,-0.277496,0.00697086,-0.403145,4.44588,-116856,-1,6.54021e-11,1,0
0.00237506,-0.277199,0.00700044,-0.403233,4.44716,-116712,-1,3.24095e-10,1,0
0.00237533,-0.277225,0.00691916,-0.403363,4.44363,-116710,-1,2.2502e-10,1,0
0.00237556,-0.277344,0.00693198,-0.403213,4.44388,-116748,-1,8.61816e-11,1,0
0.00237577,-0.277286,0.0068233,-0.403212,4.43738,-116714,-1,1.13531e-10,1,0
0.00237723,-0.276144,0.00592264,-0.403619,4.44088,-116162,-1,7.08985e-10,1,0
0.00237814,-0.276108,0.00583336,-0.402813,4.44352,-116103,-1,3.50435e-10,1,0
0.00237975,-0.277286,0.00590569,-0.401294,4.44397,-116519,-1,1.00256e-09,1,0
0.00238026,-0.276821,0.00573179,-0.401635,4.44589,-116299,-1,6.0953e-10,1,0
0.00238197,-0.276994,0.00362893,-0.401973,4.44269,-116288,-1,6.02831e-12,1,0
0.00238326,-0.276336,0.00224664,-0.402473,4.44273,-115949,-1,6.02831e-12,1,0
0.00238383,-0.276212,0.0018493,-0.402597,4.44165,-115869,-1,1.47856e-10,1,0
0.00238501,-0.275909,0.00257918,-0.402942,4.4421,-115684,-1,6.71688e-10,1,0
0.0023858,-0.275104,0.0031106,-0.402771,4.44214,-115309,-1,6.71688e-10,1,0
0.00238649,-0.274392,0.00358026,-0.40262,4.44298,-114977,-1,2.65251e-09,1,0
0.00238703,-0.274284,0.0036867,-0.401968,4.44453,-114906,-1,5.87575e-11,1,0
0.00238779,-0.273958,0.00435483,-0.402537,4.44605,-114733,-1,9.10982e-10,1,0
0.00238828,-0.274172,0.00414086,-0.402691,4.44389,-114799,-1,3.91682e-10,1,0
0.00238865,-0.274509,0.00402978,-0.402666,4.44081,-114922,-1,3.08308e-10,1,0
0.00238909,-0.274935,0.00414031,-0.402404,4.43919,-115080,-1,4.70134e-10,1,0
0.00238943,-0.275188,0.00408514,-0.402057,4.43936,-115168,-1,8.76853e-11,1,0
0.0023899,-0.275152,0.00426324,-0.401681,4.43658,-115131,-1,2.57299e-10,1,0
0.00239121,-0.274644,0.00514739,-0.401747,4.43482,-114855,-1,1.03423e-09,1,0
0.00239187,-0.274276,0.00455762,-0.402003,4.43242,-114670,-1,6.42413e-10,1,0
0.00239277,-0.274809,0.0053603,-0.401413,4.43239,-114849,-1,6.42413e-10,1,0
0.00239303,-0.274839,0.00537369,-0.40114,4.43324,-114850,-1,1.21788e-09,1,0
0.00239431,-0.273997,0.00499035,-0.401335,4.4279,-114437,-1,1.09808e-09,1,0
0.0023953,-0.274029,0.00609397,-0.401913,4.4279,-114402,-1,1.09808e-09,1,0
0.00239562,-0.27424,0.0059579,-0.402,4.42299,-114476,-1,3.14417e-10,1,0
0.00239646,-0.273918,0.00676637,-0.401914,4.42287,-114301,-1,6.76857e-10,1,0
0.00239776,-0.273954,0.00546071,-0.401848,4.42195,-114254,-1,3.54458e-10,1,0
0.00239854,-0.274557,0.00534217,-0.402422,4.41962,-114468,-1,2.40282e-10,1,0
0.00239898,-0.274241,0.00566348,-0.402328,4.41643,-114315,-1,6.46756e-11,1,0
0.00239991,-0.273504,0.00654417,-0.402209,4.41647,-113964,-1,6.46756e-11,1,0
0.00240089,-0.273414,0.00663445,-0.402373,4.41633,-113881,-1,5.68099e-10,1,0
0.0024012,-0.273519,0.00625573,-0.402414,4.41632,-113909,-1,5.68099e-10,1,0
0.00240208,-0.273795,0.00521119,-0.402532,4.41759,-113983,-1,1.4657e-09,1,0
0.00240292,-0.274184,0.00448444,-0.402319,4.41886,-114105,-1,3.15908e-10,1,0
0.00240415,-0.275217,0.00352885,-0.401716,4.41881,-114476,-1,3.15908e-10,1,0
0.00240527,-0.275273,0.00353437,-0.401684,4.41909,-114446,-1,3.01237e-09,1,0
0.00240586,-0.27469,0.00381389,-0.401913,4.41925,-114175,-1,3.55334e-10,1,0
0.00240634,-0.274467,0.00409458,-0.401525,4.42322,-114060,-1,5.57845e-10,1,0
0.00240791,-0.275936,0.00488753,-0.402181,4.42119,-114596,-1,1.17557e-09,1,0
0.00240866,-0.275575,0.00539108,-0.402736,4.42243,-114410,-1,8.59906e-10,1,0
0.00240894,-0.275624,0.0052179,-0.402812,4.42083,-114417,-1,9.57652e-10,1,0
0.00240981,-0.275046,0.00447223,-0.402428,4.42121,-114136,-1,9.7256e-10,1,0
0.00241069,-0.274423,0.00364616,-0.402133,4.42155,-113836,-1,3.95924e-10,1,0
0.00241085,-0.27448,0.00360701,-0.402124,4.41637,-113852,-1,1.12021e-10,1,0
0.00241176,-0.274298,0.0041688,-0.402955,4.41781,-113734,-1,5.84603e-10,1,0
0.00241285,-0.274526,0.00360991,-0.401734,4.4178,-113777,-1,5.84603e-10,1,0
0.00241329,-0.274036,0.00363327,-0.401597,4.41701,-113553,-1,1.40211e-09,1,0
0.00241464,-0.274472,0.00382248,-0.401169,4.41475,-113670,-1,7.48862e-10,1,0
0.00241504,-0.274748,0.00368934,-0.401222,4.41513,-113766,-1,1.07122e-10,1,0
0.0024159,-0.275266,0.00274829,-0.40127,4.41412,-113939,-1,1.07501e-09,1,0
0.0024161,-0.275267,0.00264569,-0.401192,4.41597,-113930,-1,1.15914e-10,1,0
0.00241722,-0.275569,0.00177677,-0.400139,4.41596,-114003,-1,1.15914e-10,1,0
0.0024177,-0.275617,0.00138639,-0.400043,4.41796,-114000,-1,2.4305e-10,1,0
0.00241802,-0.275518,0.00164652,-0.400332,4.4183,-113944,-1,3.56856e-11,1,0
0.00241965,-0.274866,0.000773191,-0.399669,4.41762,-113597,-1,1.30982e-09,1,0
0.00242043,-0.27538,6.90847e-05,-0.399494,4.41705,-113773,-1,1.57864e-09,1,0
0.00242149,-0.275327,0.000910964,-0.399915,4.42172,-113701,-1,1.1097e-09,1,0
0.00242198,-0.275485,0.00137103,-0.3996,4.41794,-113744,-1,3.52867e-10,1,0
0.00242219,-0.275257,0.00132585,-0.399507,4.417,-113640,-1,2.4494e-10,1,0
0.00242317,-0.274791,0.00033483,-0.400055,4.41692,-113401,-1,1.24098e-09,1,0
0.0024245,-0.274481,-0.00109092,-0.399408,4.41641,-113211,-1,1.683e-10,1,0
0.00242479,-0.274324,-0.00138237,-0.399298,4.41621,-113133,-1,1.57229e-09,1,0
0.0024261,-0.273388,-0.00270607,-0.399079,4.41638,-112686,-1,8.21075e-10,1,0
0.00242721,-0.272388,-0.00289746,-0.398679,4.41596,-112223,-1,5.45356e-10,1,0
0.00242789,-0.271871,-0.00301133,-0.398005,4.41769,-111978,-1,1.26827e-09,1,0
0.00242947,-0.27266,-0.0013886,-0.398552,4.41821,-112230,-1,1.16902e-09,1,0
0.00243018,-0.273214,-0.000692014,-0.398577,4.42122,-112425,-1,1.68389e-09,1,0
0.00243048,-0.273036,-0.00081807,-0.398277,4.42089,-112338,-1,5.00474e-12,1,0
0.00243187,-0.272306,-0.00168185,-0.39766,4.42053,-111974,-1,5.98857e-10,1,0
0.00243193,-0.272331,-0.0016714,-0.397625,4.42192,-111982,-1,5.70887e-12,1,0
0.00243274,-0.272094,-0.00198307,-0.398002,4.42061,-111847,-1,4.96714e-10,1,0
0.00243346,-0.271444,-0.00216848,-0.398243,4.42093,-111547,-1,1.00392e-10,1,0
0.002434,-0.271385,-0.00260945,-0.398192,4.42426,-111498,-1,2.56463e-10,1,0
0.00243447,-0.271644,-0.00211748,-0.398084,4.4251,-111583,-1,5.65324e-10,1,0
0.00243664,-0.273102,-0.00286074,-0.39881,4.4243,-112082,-1,6.33018e-10,1,0
0.0024382,-0.274259,-0.00349774,-0.398082,4.42428,-112484,-1,3.11813e-09,1,0
0.00243922,-0.274839,-0.00286618,-0.398331,4.42521,-112675,-1,9.79947e-10,1,0
0.00243959,-0.274686,-0.00278166,-0.398466,4.42346,-112595,-1,1.97856e-10,1,0
0.00244068,-0.274938,-0.00189174,-0.398558,4.4249,-112648,-1,8.08737e-10,1,0
0.00244218,-0.275455,-0.000409697,-0.397543,4.42404,-112790,-1,2.64978e-09,1,0
0.0024427,-0.275219,-0.000666331,-0.397764,4.42281,-112670,-1,4.87801e-10,1,0
0.002444,-0.274094,0.000454041,-0.398126,4.42337,-112150,-1,1.62791e-09,1,0
0.00244519,-0.273815,0.000423597,-0.396992,4.42478,-111981,-1,1.30779e-09,1,0
0.00244594,-0.274492,8.85605e-05,-0.397531,4.42475,-112223,-1,1.30779e-09,1,0
0.00244693,-0.275274,-0.00023883,-0.398201,4.42621,-112498,-1,2.25476e-09,1,0
0.00244785,-0.275791,-0.000231502,-0.398356,4.42545,-112667,-1,2.73161e-10,1,0
0.00244813,-0.276106,-0.000186582,-0.39851,4.42505,-112782,-1,1.08593e-09,1,0
0.00244847,-0.275904,0.000120629,-0.398522,4.42558,-112684,-1,3.67873e-10,1,0
0.00244931,-0.276523,0.000634257,-0.397843,4.42858,-112898,-1,1.10212e-09,1,0
0.00245008,-0.27616,0.000448124,-0.398407,4.42676,-112715,-1,7.68684e-10,1,0
0.00245075,-0.27627,0.000263202,-0.39779,4.42599,-112729,-1,2.38717e-10,1,0
0.00245177,-0.276318,-6.55442e-05,-0.396573,4.42624,-112701,-1,1.09273e-09,1,0
0.00245241,-0.276167,-6.12893e-05,-0.395789,4.42624,-112611,-1,1.09273e-09,1,0
0.00245281,-0.276157,7.6398e-05,-0.395338,4.42664,-112588,-1,1.03899e-09,1,0
0.0024544,-0.276429,0.0011343,-0.393676,4.42698,-112626,-1,2.24547e-09,1,0
0.00245465,-0.276697,0.00112874,-0.393665,4.42364,-112724,-1,2.5994e-10,1,0
0.00245489,-0.276638,0.00113177,-0.393511,4.42244,-112689,-1,2.11396e-10,1,0
0.00245496,-0.27658,0.00106871,-0.393498,4.42503,-112661,-1,7.07225e-11,1,0
0.00245611,-0.275773,0.00136582,-0.394504,4.42343,-112280,-1,5.81175e-10,1,0
0.00245718,-0.274823,0.000984643,-0.393648,4.42325,-111845,-1,1.33432e-09,1,0
0.00245835,-0.274922,-0.000447235,-0.393583,4.42344,-111832,-1,7.26275e-10,1,0
0.00245939,-0.275236,-0.00170418,-0.393639,4.42345,-111912,-1,2.03578e-09,1,0
0.00246108,-0.275592,-0.00347206,-0.394662,4.42309,-111980,-1,7.21866e-10,1,0
0.00246185,-0.275999,-0.00403281,-0.395032,4.42011,-112110,-1,1.80488e-10,1,0
0.00246326,-0.275429,-0.0045022,-0.393943,4.42198,-111815,-1,1.07521e-09,1,0
0.00246384,-0.275505,-0.00409524,-0.394361,4.42376,-111819,-1,1.02296e-10,1,0
0.002466,-0.275453,-0.00352837,-0.39685,4.42333,-111700,-1,6.58282e-10,1,0
0.00246619,-0.275645,-0.00354299,-0.396981,4.42363,-111770,-1,2.3302e-10,1,0
0.00246745,-0.276603,-0.00454243,-0.396235,4.42358,-112101,-1,2.3302e-10,1,0
0.00246816,-0.276627,-0.00425604,-0.39542,4.42363,-112078,-1,1.60422e-09,1,0
0.0024688,-0.276695,-0.00467928,-0.395463,4.41935,-112077,-1,5.67523e-10,1,0
0.00246943,-0.277351,-0.00494685,-0.395651,4.42073,-112314,-1,1.29399e-10,1,0
0.00246992,-0.27776,-0.00517101,-0.395927,4.42141,-112457,-1,5.74844e-10,1,0
0.00247049,-0.277656,-0.00544977,-0.395337,4.41883,-112389,-1,2.33809e-11,1,0
0.00247199,-0.27684,-0.00542703,-0.39413,4.41743,-111991,-1,5.14936e-10,1,0
0.0024737,-0.276351,-0.00535423,-0.392417,4.41765,-111716,-1,2.28676e-09,1,0
0.00247465,-0.276602,-0.00520346,-0.391273,4.41759,-111774,-1,2.38726e-09,1,0
0.00247614,-0.277142,-0.00427416,-0.39062,4.41769,-111925,-1,8.06896e-10,1,0
0.00247729,-0.277541,-0.00368095,-0.39057,4.41872,-112034,-1,4.28554e-10,1,0
0.00247776,-0.27786,-0.00381884,-0.390351,4.41758,-112141,-1,3.12432e-10,1,0
0.00247832,-0.278065,-0.00399965,-0.390131,4.4185,-112199,-1,1.99553e-10,1,0
0.00248008,-0.279115,-0.00383886,-0.390188,4.41875,-112543,-1,1.09855e-09,1,0
0.00248148,-0.277961,-0.00425018,-0.390003,4.41734,-112014,-1,5.15735e-10,1,0
0.00248277,-0.277018,-0.00472795,-0.390592,4.41704,-111576,-1,2.5162e-09,1,0
0.00248378,-0.277811,-0.00536188,-0.390796,4.41512,-111850,-1,9.25915e-10,1,0
0.00248446,-0.277913,-0.00553971,-0.39052,4.41877,-111861,-1,2.70006e-10,1,0
0.00248499,-0.277916,-0.00593665,-0.39005,4.42242,-111838,-1,4.24445e-11,1,0
0.00248564,-0.278296,-0.00618026,-0.389688,4.42235,-111962,-1,6.30926e-10,1,0
0.00248679,-0.278767,-0.00728779,-0.390463,4.42459,-112099,-1,1.43158e-09,1,0
0.00248705,-0.278703,-0.0075587,-0.390385,4.42321,-112062,-1,1.26245e-10,1,0
0.0024881,-0.277908,-0.00844664,-0.389869,4.42303,-111695,-1,1.16913e-09,1,0
0.00248839,-0.27781,-0.00866008,-0.389888,4.42307,-111642,-1,2.3437e-11,1,0
0.00248951,-0.279108,-0.00878574,-0.389742,4.42241,-112114,-1,2.02713e-10,1,0
0.00248965,-0.279276,-0.00879912,-0.389714,4.42241,-112175,-1,2.02713e-10,1,0
0.00249082,-0.280716,-0.00891359,-0.389471,4.42139,-112700,-1,2.95645e-09,1,0
0.00249129,-0.280433,-0.00914413,-0.389033,4.42058,-112565,-1,9.18731e-11,1,0
0.00249167,-0.280361,-0.00875699,-0.389161,4.41963,-112519,-1,2.7567e-10,1,0
0.00249209,-0.280649,-0.00850558,-0.38926,4.42099,-112616,-1,4.49777e-10,1,0
0.00249224,-0.280515,-0.00849458,-0.389133,4.41748,-112555,-1,3.67746e-12,1,0
0.00249253,-0.280249,-0.00850745,-0.388903,4.4175,-112436,-1,3.67746e-12,1,0
0.00249445,-0.279596,-0.00741398,-0.387461,4.41473,-112088,-1,1.36837e-09,1,0
0.00249552,-0.279833,-0.00667013,-0.386849,4.41369,-112134,-1,2.25639e-10,1,0
0.00249585,-0.279752,-0.00690879,-0.38705,4.41243,-112087,-1,3.59258e-10,1,0
0.00249629,-0.279795,-0.00696092,-0.386502,4.41307,-112084,-1,5.5231e-10,1,0
0.0024973,-0.278852,-0.00753662,-0.387109,4.41315,-111661,-1,1.26062e-09,1,0
0.00249841,-0.277852,-0.00781802,-0.387832,4.41391,-111212,-1,1.21936e-09,1,0
0.0024991,-0.277191,-0.00728865,-0.387655,4.41317,-110917,-1,1.02228e-09,1,0
0.00249972,-0.27668,-0.00738432,-0.388118,4.41341,-110684,-1,4.88149e-10,1,0
0.00250061,-0.276331,-0.00773817,-0.389064,4.41311,-110506,-1,1.23968e-09,1,0
0.00250098,-0.27603,-0.00762781,-0.389394,4.41312,-110369,-1,1.23968e-09,1,0
0.00250129,-0.276081,-0.00757495,-0.389628,4.41338,-110375,-1,1.62959e-10,1,0
0.00250231,-0.276372,-0.00665499,-0.390449,4.4134,-110447,-1,1.2667e-09,1,0
0.00250274,-0.276655,-0.00660152,-0.390409,4.41311,-110541,-1,3.79727e-10,1,0
0.00250378,-0.275972,-0.00556711,-0.390055,4.41261,-110222,-1,1.45518e-09,1,0
0.00250474,-0.27547,-0.0052872,-0.391113,4.41296,-109979,-1,1.19833e-09,1,0
0.00250518,-0.275311,-0.00539621,-0.391596,4.40968,-109897,-1,1.2166e-11,1,0
0.00250551,-0.275336,-0.005252,-0.391961,4.40962,-109892,-1,1.51443e-11,1,0
0.00250566,-0.275196,-0.00532746,-0.391866,4.41002,-109830,-1,4.01059e-10,1,0
0.00250696,-0.274299,-0.00553373,-0.390621,4.40942,-109415,-1,6.8162e-10,1,0
0.0025079,-0.274788,-0.00595353,-0.390656,4.41257,-109569,-1,1.45428e-09,1,0
0.00250848,-0.274682,-0.00607868,-0.390655,4.41224,-109501,-1,3.7105e-10,1,0
0.00250904,-0.274749,-0.00614863,-0.3901,4.41293,-109504,-1,1.522e-10,1,0
0.00251007,-0.274383,-0.0065617,-0.389875,4.4117,-109313,-1,8.9076e-10,1,0
0.00251129,-0.275868,-0.00637932,-0.389579,4.41276,-109851,-1,1.91739e-09,1,0
0.00251209,-0.27606,-0.0068333,-0.388878,4.41378,-109893,-1,3.06901e-10,1,0
0.00251234,-0.276215,-0.00693715,-0.388625,4.41372,-109943,-1,1.00391e-09,1,0
0.0025141,-0.276948,-0.00814467,-0.388094,4.41558,-110158,-1,9.97706e-10,1,0
0.00251538,-0.278362,-0.00887624,-0.388204,4.41559,-110664,-1,1.5958e-09,1,0
0.00251601,-0.278988,-0.0093432,-0.38829,4.4154,-110885,-1,7.85499e-10,1,0
0.00251669,-0.279609,-0.00897174,-0.388733,4.41537,-111102,-1,7.85499e-10,1,0
0.00251708,-0.279904,-0.00879399,-0.38906,4.41629,-111202,-1,2.85998e-10,1,0
0.00251748,-0.2797,-0.00879102,-0.389479,4.41781,-111104,-1,8.82736e-11,1,0
0.00251788,-0.279978,-0.0090416,-0.389811,4.4178,-111196,-1,8.82736e-11,1,0
0.00251873,-0.280457,-0.0089449,-0.389961,4.41896,-111349,-1,6.27926e-10,1,0
0.00251943,-0.280644,-0.00874079,-0.390382,4.41747,-111392,-1,5.81757e-10,1,0
0.00251985,-0.280744,-0.00850323,-0.390737,4.41544,-111413,-1,4.68974e-10,1,0
0.00252054,-0.280836,-0.00869368,-0.391079,4.41403,-111419,-1,4.00533e-10,1,0
0.00252144,-0.280902,-0.00875395,-0.392198,4.41315,-111405,-1,2.66822e-11,1,0
0.00252174,-0.280923,-0.00877039,-0.392565,4.4135,-111401,-1,1.46594e-09,1,0
0.00252286,-0.281749,-0.0088822,-0.392733,4.4132,-111678,-1,8.93585e-10,1,0
0.00252328,-0.281994,-0.00855612,-0.392728,4.41362,-111757,-1,9.06156e-10,1,0
0.00252435,-0.282586,-0.00792879,-0.393081,4.41246,-111944,-1,5.30278e-10,1,0
0.00252499,-0.282268,-0.00766142,-0.393552,4.41211,-111790,-1,5.16683e-10,1,0
0.00252583,-0.281809,-0.00827128,-0.393187,4.41379,-111571,-1,7.09708e-10,1,0
0.0025263,-0.281245,-0.00822835,-0.393057,4.41382,-111327,-1,7.09708e-10,1,0
0.00252689,-0.280522,-0.0081733,-0.39289,4.41151,-111015,-1,1.66151e-09,1,0
0.00252829,-0.279143,-0.00871739,-0.392148,4.41175,-110408,-1,1.6915e-09,1,0
0.00252855,-0.279125,-0.00874795,-0.392287,4.41046,-110389,-1,1.28562e-11,1,0
0.00252916,-0.2791,-0.00918374,-0.392549,4.41088,-110353,-1,4.87145e-10,1,0
0.00252948,-0.279178,-0.0089161,-0.39253,4.41229,-110370,-1,1.53564e-10,1,0
0.00253001,-0.279149,-0.00844372,-0.392771,4.40953,-110335,-1,6.64149e-11,1,0
0.00253098,-0.279118,-0.00815299,-0.39257,4.41201,-110281,-1,3.12192e-10,1,0
0.00253125,-0.278866,-0.00835426,-0.392546,4.40927,-110170,-1,3.15337e-10,1,0
0.00253386,-0.279925,-0.00610164,-0.392697,4.40979,-110473,-1,1.06732e-09,1,0
0.00253425,-0.279936,-0.00590083,-0.392511,4.40674,-110461,-1,1.29025e-10,1,0
0.00253482,-0.280077,-0.00528331,-0.392209,4.40519,-110492,-1,1.00772e-09,1,0
0.00253671,-0.278341,-0.00514159,-0.391034,4.40394,-109725,-1,1.09822e-09,1,0
0.00253736,-0.278001,-0.00485005,-0.390528,4.40387,-109563,-1,1.97995e-09,1,0
0.00253842,-0.278738,-0.00423591,-0.391346,4.40448,-109808,-1,1.01412e-09,1,0
0.00253957,-0.279241,-0.00427089,-0.390638,4.40638,-109956,-1,1.09842e-09,1,0
0.00254156,-0.277604,-0.00611024,-0.390967,4.40536,-109226,-1,2.48409e-09,1,0
0.00254206,-0.277538,-0.00604046,-0.390774,4.40372,-109178,-1,2.645e-10,1,0
0.00254344,-0.276474,-0.00475459,-0.391186,4.40541,-108701,-1,1.71937e-09,1,0
0.00254443,-0.277036,-0.00468435,-0.390978,4.40587,-108879,-1,3.71792e-10,1,0
0.00254551,-0.277604,-0.00433295,-0.390126,4.40194,-109056,-1,2.9104e-10,1,0
0.00254594,-0.277546,-0.00395634,-0.390044,4.40187,-109015,-1,4.47308e-10,1,0
0.00254628,-0.27769,-0.00413286,-0.390332,4.40146,-109057,-1,6.70318e-11,1,0
0.00254725,-0.277543,-0.00446261,-0.391488,4.40146,-108958,-1,6.70318e-11,1,0
0.00254743,-0.277624,-0.0044817,-0.391459,4.40469,-108982,-1,1.29451e-09,1,0
0.00254852,-0.278499,-0.00444912,-0.390419,4.40464,-109278,-1,1.29451e-09,1,0
0.00254918,-0.279033,-0.00434878,-0.389989,4.4038,-109460,-1,2.16078e-09,1,0
0.00254945,-0.279217,-0.0042363,-0.390088,4.40217,-109521,-1,1.31789e-10,1,0
0.00255157,-0.277653,-0.00377955,-0.388738,4.40243,-108817,-1,1.5368e-09,1,0
0.00255235,-0.277972,-0.00469851,-0.388701,4.40324,-108908,-1,9.73409e-10,1,0
0.00255314,-0.277896,-0.00497077,-0.38806,4.40169,-108845,-1,7.95272e-10,1,0
0.00255341,-0.278079,-0.00469396,-0.388064,4.40168,-108905,-1,7.95272e-10,1,0
0.00255426,-0.277991,-0.00465701,-0.388051,4.3999,-108834,-1,5.42727e-10,1,0
0.00255486,-0.278028,-0.00460727,-0.388604,4.4015,-108823,-1,3.3958e-10,1,0
0.00255624,-0.279225,-0.00445302,-0.389818,4.40144,-109233,-1,3.3958e-10,1,0
0.00255673,-0.279657,-0.0043973,-0.390257,4.4013,-109381,-1,2.62806e-09,1,0
0.00255697,-0.27977,-0.00453604,-0.390143,4.40275,-109415,-1,1.49656e-10,1,0
0.00255713,-0.27973,-0.00460099,-0.390056,4.40263,-109392,-1,6.50214e-11,1,0
0.00255881,-0.278977,-0.00315227,-0.391368,4.40431,-109026,-1,2.09402e-09,1,0
0.00255973,-0.279185,-0.00300834,-0.391359,4.40557,-109068,-1,4.62702e-10,1,0
0.00256075,-0.279804,-0.00405277,-0.391649,4.40476,-109267,-1,2.35513e-10,1,0
0.00256187,-0.279261,-0.00441821,-0.390777,4.40722,-109007,-1,1.15867e-09,1,0
0.00256265,-0.279982,-0.00479516,-0.390754,4.40685,-109255,-1,8.20992e-10,1,0
0.00256408,-0.279671,-0.00591774,-0.389446,4.40478,-109073,-1,1.09844e-09,1,0
0.00256544,-0.279527,-0.00454495,-0.388856,4.40627,-108958,-1,1.58293e-09,1,0
0.00256593,-0.279413,-0.00508198,-0.389056,4.40613,-108894,-1,1.73497e-12,1,0
0.00256667,-0.279336,-0.00588258,-0.389439,4.40563,-108832,-1,1.35947e-09,1,0
0.00256792,-0.278256,-0.00492534,-0.390022,4.40569,-108358,-1,1.5802e-09,1,0
0.00256815,-0.278415,-0.00470749,-0.389915,4.40549,-108410,-1,2.89939e-10,1,0
0.00256873,-0.27833,-0.00484285,-0.389994,4.40353,-108353,-1,3.5013e-10,1,0
0.00256979,-0.278863,-0.00516192,-0.388823,4.40351,-108516,-1,3.5013e-10,1,0
0.00257116,-0.278316,-0.00389011,-0.388214,4.40101,-108245,-1,1.52248e-09,1,0
0.00257168,-0.277889,-0.00363325,-0.387814,4.40103,-108058,-1,1.52248e-09,1,0
0.00257278,-0.277678,-0.0040535,-0.387034,4.40043,-107929,-1,3.03989e-10,1,0
0.00257321,-0.277355,-0.0039996,-0.387052,4.39917,-107785,-1,3.06177e-10,1,0
0.00257464,-0.276206,-0.00370048,-0.388377,4.39923,-107279,-1,3.06177e-10,1,0
0.00257488,-0.276103,-0.00367975,-0.38852,4.40033,-107230,-1,2.76228e-11,1,0
0.00257597,-0.277191,-0.0042897,-0.387968,4.40027,-107606,-1,2.76228e-11,1,0
0.00257659,-0.277799,-0.0046307,-0.38766,4.40197,-107817,-1,2.15798e-09,1,0
0.00257774,-0.278658,-0.00542353,-0.388413,4.4021,-108102,-1,4.73692e-11,1,0
0.00257869,-0.279344,-0.00602131,-0.389034,4.39888,-108328,-1,8.18981e-11,1,0
0.00257938,-0.279391,-0.00593686,-0.388952,4.40002,-108317,-1,9.93186e-11,1,0
0.00258065,-0.278425,-0.00545996,-0.388765,4.39801,-107889,-1,1.07821e-09,1,0
0.00258133,-0.277815,-0.0050867,-0.388324,4.3964,-107624,-1,7.70295e-10,1,0
0.00258204,-0.277737,-0.00429791,-0.388145,4.3939,-107565,-1,1.19674e-11,1,0
0.00258221,-0.277674,-0.0042197,-0.38813,4.3955,-107533,-1,6.87705e-11,1,0
0.0025838,-0.278957,-0.00351256,-0.386797,4.39526,-107964,-1,1.98058e-09,1,0
0.00258515,-0.279813,-0.00387158,-0.386153,4.3961,-108239,-1,8.27603e-10,1,0
0.00258654,-0.27988,-0.00522135,-0.385169,4.39594,-108207,-1,2.16373e-09,1,0
0.00258764,-0.280122,-0.00554918,-0.384793,4.39508,-108254,-1,1.19277e-09,1,0
0.00258774,-0.280187,-0.00546036,-0.384744,4.39507,-108275,-1,1.19277e-09,1,0
0.00258908,-0.280086,-0.00414397,-0.384242,4.39559,-108180,-1,1.42635e-09,1,0
0.00259019,-0.280385,-0.00458113,-0.385173,4.39691,-108249,-1,1.13168e-09,1,0
0.00259108,-0.279969,-0.00498909,-0.38527,4.39831,-108051,-1,1.65349e-09,1,0
0.00259156,-0.279534,-0.0051264,-0.385031,4.39775,-107863,-1,4.74284e-11,1,0
0.00259272,-0.279794,-0.00581345,-0.384206,4.39561,-107915,-1,1.96557e-10,1,0
0.0025948,-0.279534,-0.0074436,-0.386193,4.39563,-107729,-1,1.96557e-10,1,0
0.00259606,-0.279212,-0.00848014,-0.386357,4.3948,-107552,-1,3.41682e-09,1,0
0.00259713,-0.278998,-0.00953817,-0.385602,4.39404,-107425,-1,1.09839e-09,1,0
0.00259757,-0.278928,-0.00932957,-0.385102,4.39371,-107380,-1,1.06918e-10,1,0
0.00259788,-0.278896,-0.00915856,-0.384763,4.39375,-107355,-1,8.28936e-10,1,0
0.00259875,-0.278593,-0.00889667,-0.383884,4.39389,-107203,-1,9.65299e-10,1,0
0.00259902,-0.278741,-0.00915739,-0.38373,4.39389,-107249,-1,9.65299e-10,1,0
0.00259988,-0.279327,-0.00981538,-0.383356,4.39557,-107438,-1,2.67517e-10,1,0
0.00260095,-0.279473,-0.010579,-0.382901,4.39663,-107451,-1,1.73972e-09,1,0
0.0026014,-0.278932,-0.0105305,-0.383068,4.3948,-107224,-1,8.52664e-10,1,0
0.00260196,-0.278407,-0.0108868,-0.382797,4.39483,-106999,-1,8.52664e-10,1,0
0.00260267,-0.277834,-0.0109901,-0.382436,4.39554,-106750,-1,2.66278e-10,1,0
0.00260349,-0.278356,-0.0112613,-0.383146,4.39559,-106917,-1,2.42878e-10,1,0
0.00260422,-0.278929,-0.011379,-0.38319,4.39803,-107106,-1,4.65942e-10,1,0
0.00260454,-0.279069,-0.0114814,-0.383212,4.39674,-107147,-1,1.57375e-10,1,0
0.00260534,-0.279573,-0.0121537,-0.382663,4.39596,-107307,-1,1.21665e-09,1,0
0.00260626,-0.279424,-0.0126567,-0.381654,4.39953,-107213,-1,2.19874e-10,1,0
0.00260695,-0.279823,-0.0128788,-0.382373,4.39951,-107338,-1,2.19874e-10,1,0
0.00260789,-0.280272,-0.0133411,-0.383276,4.39696,-107471,-1,2.55742e-10,1,0
0.0026094,-0.27983,-0.0135821,-0.38428,4.39802,-107239,-1,9.70131e-10,1,0
0.00261061,-0.280214,-0.014775,-0.384651,4.39638,-107337,-1,1.69537e-09,1,0
0.00261211,-0.279538,-0.0146262,-0.385112,4.39672,-107016,-1,8.54585e-10,1,0
0.00261273,-0.279338,-0.014255,-0.384858,4.39473,-106914,-1,3.39268e-10,1,0
0.00261383,-0.278263,-0.015116,-0.384907,4.39492,-106458,-1,1.37799e-09,1,0
0.00261484,-0.277625,-0.0160554,-0.38437,4.39495,-106173,-1,1.37799e-09,1,0
0.00261514,-0.277435,-0.0163348,-0.384211,4.39496,-106088,-1,1.37799e-09,1,0
0.00261601,-0.276888,-0.0171386,-0.383751,4.39854,-105844,-1,2.70495e-09,1,0
0.00261727,-0.277003,-0.0183015,-0.384043,4.3971,-105837,-1,3.78496e-11,1,0
0.00261854,-0.277658,-0.0197386,-0.384164,4.39707,-106035,-1,3.78496e-11,1,0
0.00261903,-0.277771,-0.0202161,-0.383884,4.39655,-106059,-1,2.86288e-09,1,0
0.00261951,-0.277824,-0.0206505,-0.383477,4.39655,-106059,-1,2.86288e-09,1,0
0.00262027,-0.278221,-0.0206429,-0.383938,4.39798,-106180,-1,4.88636e-10,1,0
0.00262098,-0.277653,-0.020662,-0.383541,4.39488,-105935,-1,2.38698e-10,1,0
0.00262238,-0.276451,-0.0200775,-0.382791,4.39461,-105420,-1,1.04673e-10,1,0
0.00262352,-0.275328,-0.0195626,-0.382086,4.39194,-104946,-1,3.05422e-09,1,0
0.00262417,-0.275867,-0.0195156,-0.382687,4.39191,-105125,-1,3.05422e-09,1,0
0.00262519,-0.276737,-0.0194002,-0.383586,4.39143,-105416,-1,1.68304e-10,1,0
0.00262567,-0.277182,-0.0196757,-0.383851,4.39165,-105566,-1,3.71695e-10,1,0
0.00262599,-0.277148,-0.0196752,-0.38362,4.39076,-105540,-1,5.57958e-11,1,0
0.00262685,-0.27666,-0.0196484,-0.38439,4.38968,-105320,-1,8.97011e-10,1,0
0.00262868,-0.276022,-0.02157,-0.385424,4.38971,-105004,-1,8.97011e-10,1,0
0.00262909,-0.276152,-0.0216803,-0.385059,4.38989,-105037,-1,1.28153e-10,1,0
0.0026302,-0.275138,-0.0209637,-0.385649,4.38795,-104607,-1,1.37468e-09,1,0
0.00263117,-0.275988,-0.0204617,-0.386109,4.38916,-104892,-1,2.53414e-10,1,0
0.00263173,-0.276555,-0.0203928,-0.38627,4.38784,-105085,-1,6.02764e-10,1,0
0.0026323,-0.276336,-0.0201058,-0.385968,4.38594,-104979,-1,4.66909e-10,1,0
0.00263308,-0.275709,-0.0198618,-0.386184,4.38459,-104710,-1,1.98546e-10,1,0
0.00263384,-0.275306,-0.0197616,-0.386906,4.38443,-104527,-1,4.06829e-10,1,0
0.00263441,-0.275031,-0.0198887,-0.387463,4.3819,-104400,-1,7.71493e-11,1,0
0.00263457,-0.275002,-0.0197878,-0.387539,4.38108,-104382,-1,1.28929e-10,1,0
0.00263557,-0.274542,-0.0198456,-0.38677,4.38234,-104168,-1,7.12664e-10,1,0
0.00263713,-0.274633,-0.0193127,-0.385865,4.38229,-104141,-1,1.26824e-09,1,0
0.00263818,-0.273983,-0.0196477,-0.385384,4.38446,-103853,-1,1.32695e-09,1,0
0.00263855,-0.273667,-0.0197216,-0.38528,4.38284,-103719,-1,1.18572e-09,1,0
0.00263901,-0.273519,-0.0196314,-0.385504,4.37731,-103645,-1,1.92546e-10,1,0
0.00264018,-0.274186,-0.0200105,-0.386303,4.37654,-103851,-1,1.0982e-09,1,0
0.00264085,-0.274061,-0.0198767,-0.386749,4.3771,-103777,-1,6.41895e-10,1,0
0.00264182,-0.27432,-0.0189652,-0.386782,4.37714,-103837,-1,1.54003e-10,1,0
0.00264255,-0.274658,-0.0181293,-0.386642,4.37949,-103937,-1,9.12456e-10,1,0
0.00264353,-0.274481,-0.0183356,-0.386022,4.37729,-103831,-1,3.79744e-10,1,0
0.00264428,-0.274434,-0.0180427,-0.385244,4.37635,-103784,-1,1.47712e-10,1,0
0.00264467,-0.27428,-0.0179729,-0.384875,4.37559,-103710,-1,1.81324e-10,1,0
0.00264492,-0.274299,-0.0178864,-0.384617,4.37853,-103708,-1,2.50174e-11,1,0
0.0026456,-0.274848,-0.0172611,-0.384804,4.37735,-103889,-1,8.52811e-10,1,0
0.00264665,-0.273579,-0.0175228,-0.384688,4.37413,-103368,-1,1.30062e-09,1,0
0.00264775,-0.273437,-0.0161696,-0.38457,4.37413,-103271,-1,1.30062e-09,1,0
0.00264908,-0.274353,-0.0152015,-0.384475,4.37367,-103566,-1,1.96008e-09,1,0
0.00265019,-0.27568,-0.014895,-0.384381,4.37394,-104023,-1,1.63367e-09,1,0
0.00265078,-0.276301,-0.0148484,-0.384125,4.37362,-104234,-1,1.26455e-09,1,0
0.00265276,-0.276205,-0.0144273,-0.383223,4.37395,-104120,-1,1.66342e-09,1,0
0.00265387,-0.276213,-0.0146273,-0.384296,4.37497,-104079,-1,1.11844e-09,1,0
0.00265438,-0.276375,-0.0149833,-0.384489,4.37495,-104121,-1,1.02644e-10,1,0
0.00265466,-0.276314,-0.0147552,-0.384401,4.37494,-104086,-1,9.32443e-11,1,0
0.00265607,-0.277212,-0.0150059,-0.385338,4.37375,-104369,-1,7.68472e-10,1,0
0.00265682,-0.277161,-0.0147213,-0.384946,4.37397,-104320,-1,4.94123e-10,1,0
0.00265703,-0.277205,-0.0145496,-0.38505,4.37347,-104329,-1,5.34874e-10,1,0
0.00265767,-0.277145,-0.0142136,-0.385595,4.37552,-104281,-1,8.20695e-10,1,0
0.00265797,-0.277279,-0.0144342,-0.385755,4.37868,-104320,-1,4.56605e-10,1,0
0.00265819,-0.27745,-0.0143463,-0.385676,4.38103,-104376,-1,7.2751e-11,1,0
0.00265865,-0.277079,-0.0140772,-0.386016,4.37959,-104218,-1,5.70817e-10,1,0
0.00265989,-0.277217,-0.0156041,-0.38621,4.37958,-104221,-1,5.70817e-10,1,0
0.00266096,-0.276344,-0.0152415,-0.386595,4.37793,-103851,-1,1.09842e-09,1,0
0.00266166,-0.276216,-0.0152549,-0.387451,4.37788,-103776,-1,8.6549e-10,1,0
0.00266237,-0.275643,-0.0157837,-0.387126,4.37871,-103533,-1,4.60056e-10,1,0
0.00266313,-0.275114,-0.0159653,-0.386638,4.37875,-103305,-1,3.26802e-10,1,0
0.00266374,-0.275139,-0.0155411,-0.386581,4.37676,-103291,-1,5.58742e-10,1,0
0.00266486,-0.275071,-0.0163728,-0.387695,4.37676,-103221,-1,5.58742e-10,1,0
0.00266517,-0.274968,-0.0162967,-0.388059,4.37658,-103171,-1,1.40831e-09,1,0
0.00266568,-0.274797,-0.0161522,-0.388653,4.37497,-103087,-1,1.00985e-09,1,0
0.00266658,-0.274215,-0.0160707,-0.387944,4.37448,-102834,-1,3.49789e-10,1,0
0.0026677,-0.272892,-0.0157742,-0.388225,4.37454,-102295,-1,3.49789e-10,1,0
0.00266842,-0.272029,-0.015581,-0.388409,4.37459,-101944,-1,3.49789e-10,1,0
0.00266854,-0.272039,-0.0154832,-0.388482,4.37622,-101943,-1,9.17789e-12,1,0
0.00266891,-0.272235,-0.0155064,-0.388555,4.37358,-102002,-1,3.22309e-10,1,0
0.00267005,-0.272268,-0.0154085,-0.38957,4.37741,-101971,-1,1.00006e-10,1,0
0.00267089,-0.272452,-0.0147183,-0.390241,4.37901,-102008,-1,1.00437e-09,1,0
0.00267182,-0.272206,-0.0156182,-0.389606,4.37891,-101880,-1,8.97423e-11,1,0
0.00267271,-0.271742,-0.0161607,-0.388877,4.37887,-101673,-1,1.72118e-09,1,0
0.00267312,-0.271404,-0.0162216,-0.388499,4.37889,-101531,-1,1.72118e-09,1,0
0.00267414,-0.270566,-0.0163723,-0.387562,4.37811,-101179,-1,2.26952e-09,1,0
0.00267473,-0.27039,-0.0164116,-0.38797,4.37907,-101090,-1,5.09614e-10,1,0
0.00267537,-0.270625,-0.0156747,-0.387787,4.37906,-101154,-1,5.09614e-10,1,0
0.00267631,-0.27097,-0.0146642,-0.387542,4.37933,-101247,-1,4.20856e-11,1,0
0.0026779,-0.27186,-0.013426,-0.386906,4.37755,-101520,-1,8.14979e-10,1,0
0.00267876,-0.272098,-0.0129551,-0.386485,4.37523,-101576,-1,2.62503e-10,1,0
0.00268019,-0.272771,-0.0128787,-0.388128,4.37542,-101773,-1,1.77661e-09,1,0
0.0026808,-0.273469,-0.0128795,-0.388183,4.37451,-102010,-1,7.00645e-10,1,0
0.00268147,-0.273302,-0.0129255,-0.388036,4.37093,-101922,-1,4.86466e-10,1,0
0.00268311,-0.273602,-0.0140764,-0.389667,4.36921,-101972,-1,3.54348e-10,1,0
0.00268395,-0.27422,-0.0148148,-0.390061,4.36918,-102170,-1,3.54348e-10,1,0
0.00268488,-0.274598,-0.0146615,-0.390409,4.37035,-102276,-1,6.05923e-11,1,0
0.00268611,-0.274392,-0.0144611,-0.39124,4.37276,-102152,-1,7.4927e-10,1,0
0.00268681,-0.274792,-0.0152057,-0.391421,4.37274,-102275,-1,7.4927e-10,1,0
0.00268762,-0.274005,-0.0154395,-0.391765,4.37286,-101951,-1,9.06542e-10,1,0
0.00268855,-0.27448,-0.0155681,-0.391056,4.37566,-102092,-1,9.58779e-10,1,0
0.00268995,-0.274428,-0.0159312,-0.391445,4.37453,-102019,-1,7.31804e-10,1,0
0.00269167,-0.276401,-0.0163144,-0.391403,4.37424,-102687,-1,1.18083e-09,1,0
0.00269223,-0.2763,-0.0165945,-0.391795,4.37543,-102629,-1,3.58211e-11,1,0
0.00269253,-0.2762,-0.0168572,-0.391967,4.37492,-102580,-1,7.8252e-10,1,0
0.00269302,-0.275995,-0.0165224,-0.391521,4.37452,-102485,-1,1.20412e-10,1,0
0.00269317,-0.275939,-0.016422,-0.391385,4.37156,-102459,-1,7.7957e-10,1,0
0.00269396,-0.275487,-0.0164934,-0.391282,4.37209,-102261,-1,3.2623e-10,1,0
0.0026943,-0.275344,-0.0166834,-0.391237,4.37122,-102195,-1,1.18036e-10,1,0
0.00269555,-0.274987,-0.0181401,-0.3913,4.37137,-102015,-1,1.15155e-09,1,0
0.00269666,-0.275325,-0.0184821,-0.390971,4.3709,-102098,-1,7.3339e-10,1,0
0.00269704,-0.275289,-0.0187324,-0.39066,4.37147,-102071,-1,3.84185e-11,1,0
0.00269779,-0.276147,-0.018678,-0.390984,4.37146,-102361,-1,9.19112e-10,1,0
0.00269871,-0.275661,-0.018735,-0.39093,4.37146,-102146,-1,7.95836e-10,1,0
0.00269939,-0.275041,-0.0192565,-0.390676,4.37149,-101890,-1,7.95836e-10,1,0
0.00270008,-0.27442,-0.0197788,-0.390422,4.37094,-101634,-1,1.69916e-09,1,0
0.00270123,-0.274652,-0.0207705,-0.391013,4.36623,-101677,-1,5.17342e-10,1,0
0.0027015,-0.274324,-0.0208203,-0.391078,4.36638,-101545,-1,3.3749e-10,1,0
0.00270251,-0.273787,-0.0209096,-0.389953,4.36662,-101308,-1,1.19965e-10,1,0
0.0027032,-0.273639,-0.0208362,-0.389235,4.36765,-101228,-1,7.21193e-12,1,0
0.00270389,-0.274079,-0.0203834,-0.388648,4.36689,-101365,-1,1.07681e-09,1,0
0.00270478,-0.273723,-0.0206951,-0.388488,4.36387,-101200,-1,7.83278e-10,1,0
0.00270595,-0.274272,-0.0193621,-0.388409,4.36632,-101359,-1,1.76137e-09,1,0
0.00270641,-0.273932,-0.0190754,-0.388334,4.36111,-101216,-1,3.68957e-10,1,0
0.0027072,-0.274039,-0.0194004,-0.387646,4.36042,-101226,-1,4.13029e-10,1,0
0.00270761,-0.2742,-0.0193473,-0.387262,4.36033,-101270,-1,9.88372e-10,1,0
0.00270895,-0.275775,-0.0193231,-0.387766,4.35999,-101801,-1,1.32252e-09,1,0
0.00270913,-0.275877,-0.0193572,-0.38777,4.35584,-101832,-1,5.90626e-11,1,0
0.00271073,-0.275588,-0.0199272,-0.3882,4.35722,-101666,-1,4.95988e-10,1,0
0.00271244,-0.274796,-0.0204182,-0.389809,4.35702,-101309,-1,2.10608e-10,1,0
0.00271309,-0.274981,-0.0197952,-0.390135,4.36162,-101354,-1,7.54354e-10,1,0
0.0027138,-0.274696,-0.0204109,-0.389564,4.36164,-101222,-1,7.54354e-10,1,0
0.00271431,-0.274583,-0.0207345,-0.389386,4.36103,-101161,-1,1.4289e-10,1,0
0.00271545,-0.275881,-0.0208856,-0.389927,4.36096,-101597,-1,1.4289e-10,1,0
0.00271662,-0.277207,-0.0210399,-0.39048,4.361,-102041,-1,2.85967e-09,1,0
0.00271779,-0.276614,-0.0203704,-0.389587,4.36302,-101779,-1,1.20415e-10,1,0
0.00271891,-0.277394,-0.0203302,-0.388684,4.36464,-102024,-1,1.16987e-09,1,0
0.00271963,-0.276831,-0.0207597,-0.388947,4.36445,-101790,-1,9.84674e-11,1,0
0.0027212,-0.277623,-0.020406,-0.389055,4.36366,-102022,-1,1.00245e-09,1,0
0.00272214,-0.278022,-0.0204879,-0.388378,4.36431,-102134,-1,1.05477e-09,1,0
0.00272333,-0.27801,-0.0197947,-0.387532,4.36229,-102085,-1,6.96209e-10,1,0
0.00272416,-0.277751,-0.0202248,-0.388006,4.36582,-101958,-1,8.44095e-10,1,0
0.00272504,-0.277513,-0.0202608,-0.388372,4.3646,-101838,-1,6.4945e-10,1,0
0.00272609,-0.277614,-0.0194151,-0.389118,4.36369,-101836,-1,7.41923e-10,1,0
0.00272875,-0.275699,-0.0196969,-0.388755,4.36205,-101035,-1,1.11818e-09,1,0
0.0027295,-0.275685,-0.0199767,-0.389417,4.36312,-101002,-1,1.70701e-10,1,0
0.00273025,-0.274818,-0.0199188,-0.389725,4.36316,-100657,-1,1.70701e-10,1,0
0.00273055,-0.274554,-0.0197548,-0.389939,4.36317,-100549,-1,3.58845e-10,1,0
0.00273126,-0.274509,-0.0193596,-0.389809,4.36166,-100506,-1,3.21105e-11,1,0
0.00273157,-0.27468,-0.0194217,-0.389471,4.36117,-100558,-1,3.84189e-10,1,0
0.00273197,-0.274596,-0.0194856,-0.389251,4.35873,-100512,-1,1.42994e-10,1,0
0.0027324,-0.274807,-0.0192088,-0.389175,4.35566,-100574,-1,2.84304e-10,1,0
0.00273355,-0.275992,-0.0189687,-0.389289,4.35493,-100965,-1,3.45245e-10,1,0
0.00273473,-0.275956,-0.0193073,-0.390484,4.35324,-100908,-1,1.36144e-10,1,0
0.00273489,-0.275862,-0.0194306,-0.390606,4.35325,-100868,-1,1.36144e-10,1,0
0.00273548,-0.275449,-0.0198571,-0.391034,4.35331,-100695,-1,3.54766e-10,1,0
0.00273672,-0.275211,-0.020272,-0.390178,4.35495,-100562,-1,2.60782e-10,1,0
0.00273758,-0.274837,-0.0204114,-0.389462,4.3539,-100394,-1,3.60184e-10,1,0
0.0027393,-0.275407,-0.0185439,-0.389208,4.35348,-100539,-1,1.69136e-09,1,0
0.00274014,-0.275624,-0.0179006,-0.389994,4.35405,-100588,-1,1.03852e-09,1,0
0.00274089,-0.275863,-0.0188019,-0.389985,4.35189,-100647,-1,9.32534e-10,1,0
0.00274133,-0.275706,-0.0184234,-0.389791,4.35445,-100574,-1,3.00982e-10,1,0
0.0027419,-0.275613,-0.0185794,-0.390464,4.35316,-100519,-1,7.18051e-10,1,0
0.00274243,-0.275624,-0.0182747,-0.390499,4.35152,-100503,-1,3.65632e-10,1,0
0.00274408,-0.274303,-0.0176625,-0.390246,4.35025,-99961.8,-1,1.62517e-09,1,0
0.00274521,-0.274485,-0.0166487,-0.391161,4.34943,-99986.6,-1,6.61143e-11,1,0
0.00274652,-0.274712,-0.0155011,-0.392279,4.34948,-100022,-1,2.9562e-09,1,0
0.00274724,-0.275345,-0.0149751,-0.391981,4.3477,-100226,-1,7.04842e-10,1,0
0.00274785,-0.275769,-0.0151509,-0.392401,4.34732,-100358,-1,1.43634e-10,1,0
0.00274806,-0.275939,-0.0151692,-0.392602,4.34429,-100412,-1,8.75249e-10,1,0
0.00274961,-0.275892,-0.0148706,-0.391636,4.34703,-100339,-1,1.28858e-09,1,0
0.0027504,-0.276124,-0.0144346,-0.391396,4.34375,-100394,-1,3.01039e-10,1,0
0.00275136,-0.277194,-0.0148061,-0.391159,4.34441,-100748,-1,1.0847e-09,1,0
0.00275286,-0.277982,-0.0154155,-0.391365,4.34756,-100980,-1,1.4513e-09,1,0
0.0027537,-0.277653,-0.0151438,-0.390764,4.34735,-100829,-1,1.20188e-09,1,0
0.00275504,-0.277969,-0.0135225,-0.390661,4.34774,-100895,-1,1.99781e-09,1,0
0.00275539,-0.277915,-0.0134116,-0.391023,4.34772,-100862,-1,2.28355e-10,1,0
0.00275632,-0.277833,-0.0132628,-0.391942,4.34911,-100799,-1,7.01142e-10,1,0
0.00275703,-0.277768,-0.0134181,-0.392428,4.34964,-100749,-1,2.52468e-10,1,0
0.0027576,-0.27772,-0.0138513,-0.392836,4.35006,-100711,-1,1.25145e-09,1,0
0.00275856,-0.277279,-0.0142893,-0.391864,4.35223,-100516,-1,7.0307e-11,1,0
0.00275909,-0.277627,-0.0141527,-0.392395,4.35221,-100623,-1,7.0307e-11,1,0
0.00276154,-0.276532,-0.014434,-0.393056,4.35054,-100137,-1,8.7637e-10,1,0
0.00276251,-0.275634,-0.0140849,-0.39264,4.34883,-99776.8,-1,1.45491e-10,1,0
0.00276368,-0.275857,-0.014624,-0.393975,4.34882,-99814.9,-1,1.45491e-10,1,0
0.00276486,-0.276884,-0.0140336,-0.394532,4.34946,-100144,-1,3.34584e-10,1,0
0.00276578,-0.276368,-0.014484,-0.393743,4.35058,-99924.2,-1,8.88228e-10,1,0
0.00276609,-0.276182,-0.0147642,-0.393683,4.35064,-99845.7,-1,5.49697e-10,1,0
0.00276719,-0.276051,-0.0151631,-0.393459,4.34991,-99758.5,-1,5.40404e-10,1,0
0.00276787,-0.276344,-0.0153445,-0.392692,4.34989,-99840.2,-1,5.40404e-10,1,0
0.00276936,-0.277223,-0.0151534,-0.392452,4.35151,-100103,-1,8.58372e-10,1,0
0.00277,-0.277715,-0.015016,-0.392091,4.3509,-100258,-1,2.38935e-10,1,0
0.00277072,-0.278305,-0.0146967,-0.391487,4.3501,-100445,-1,1.55365e-09,1,0
0.00277134,-0.278179,-0.014528,-0.391907,4.35113,-100377,-1,5.8185e-10,1,0
0.0027731,-0.276842,-0.0155453,-0.390827,4.34734,-99831,-1,6.12618e-11,1,0
0.00277445,-0.277045,-0.0162871,-0.389482,4.34789,-99855.8,-1,1.48718e-09,1,0
0.00277573,-0.277324,-0.0164298,-0.388288,4.3459,-99910.2,-1,3.66486e-10,1,0
0.00277664,-0.277657,-0.0162337,-0.387228,4.34643,-99997.5,-1,2.34366e-09,1,0
0.00277823,-0.277883,-0.0171659,-0.385519,4.34847,-100022,-1,1.95989e-09,1,0
0.00277968,-0.277137,-0.0187041,-0.38602,4.3464,-99701,-1,1.44503e-09,1,0
0.0027803,-0.277052,-0.0185699,-0.385279,4.34645,-99648,-1,9.82231e-11,1,0
0.00278099,-0.276909,-0.018523,-0.384519,4.3475,-99572.2,-1,1.24894e-10,1,0
0.00278167,-0.276602,-0.0188888,-0.383879,4.34691,-99437.4,-1,2.23393e-10,1,0
0.0027831,-0.275219,-0.0192588,-0.383202,4.3478,-98889.6,-1,8.11611e-10,1,0
0.00278362,-0.275235,-0.0194689,-0.383239,4.34883,-98876.8,-1,2.75941e-11,1,0
0.00278445,-0.27465,-0.0194138,-0.383644,4.34798,-98637.1,-1,5.81523e-10,1,0
0.00278495,-0.274686,-0.019357,-0.383299,4.34735,-98632.4,-1,9.89959e-10,1,0
0.00278697,-0.275009,-0.0186718,-0.383524,4.35192,-98676.6,-1,6.64371e-10,1,0
0.00278766,-0.275216,-0.0183288,-0.384004,4.35184,-98726.4,-1,4.9757e-10,1,0
0.00278872,-0.275611,-0.0187596,-0.385175,4.35182,-98830.7,-1,4.9757e-10,1,0
0.00278917,-0.275386,-0.018735,-0.38548,4.35182,-98734.3,-1,1.8927e-09,1,0
0.00278944,-0.275211,-0.0185322,-0.385671,4.35188,-98661.9,-1,3.52665e-10,1,0
0.00279061,-0.274813,-0.0184109,-0.386905,4.35308,-98477.8,-1,7.63233e-10,1,0
0.00279207,-0.274785,-0.0190013,-0.388313,4.35581,-98416.1,-1,4.18927e-10,1,0
0.00279278,-0.274602,-0.0198101,-0.388039,4.35701,-98325.8,-1,8.73454e-10,1,0
0.00279334,-0.274779,-0.019217,-0.387997,4.35825,-98369.4,-1,1.29095e-10,1,0
0.00279434,-0.274964,-0.0184992,-0.387312,4.35447,-98400.5,-1,5.11354e-10,1,0
0.00279484,-0.274971,-0.0190933,-0.387419,4.35601,-98385.1,-1,4.06563e-11,1,0
0.00279552,-0.275472,-0.0186028,-0.387019,4.35564,-98540.6,-1,7.06759e-10,1,0
0.00279627,-0.275979,-0.0189022,-0.387318,4.35447,-98695.6,-1,4.01015e-10,1,0
0.00279659,-0.276054,-0.0189301,-0.387292,4.35742,-98710.8,-1,1.0698e-10,1,0
0.002798,-0.276459,-0.0185389,-0.385639,4.3551,-98805.8,-1,1.95081e-09,1,0
0.00279864,-0.276639,-0.0179361,-0.385914,4.35547,-98847.8,-1,6.98993e-10,1,0
0.00279909,-0.276319,-0.0180808,-0.38633,4.35353,-98717.3,-1,8.83422e-12,1,0
0.00279979,-0.276354,-0.0185694,-0.386409,4.35221,-98705.2,-1,2.03556e-10,1,0
0.00280004,-0.276603,-0.0184926,-0.386306,4.35196,-98785.5,-1,2.79471e-10,1,0
0.00280099,-0.277367,-0.0176644,-0.386503,4.3507,-99024.7,-1,9.20548e-11,1,0
0.00280235,-0.278101,-0.0172811,-0.386299,4.35057,-99238.6,-1,5.65442e-10,1,0
0.00280419,-0.278017,-0.0185331,-0.386428,4.34975,-99143.7,-1,1.34292e-09,1,0
0.00280507,-0.278227,-0.0179775,-0.387151,4.3488,-99187.4,-1,1.27271e-09,1,0
0.00280564,-0.278362,-0.017393,-0.387517,4.34761,-99215.3,-1,1.45067e-09,1,0
0.00280644,-0.277685,-0.0171899,-0.388209,4.34763,-98945.6,-1,9.89855e-10,1,0
0.00280809,-0.276688,-0.0181297,-0.38973,4.34825,-98532.3,-1,2.047e-09,1,0
0.00280907,-0.277833,-0.0177898,-0.389915,4.34819,-98905.7,-1,2.047e-09,1,0
0.00281013,-0.279079,-0.0174199,-0.390117,4.34802,-99311.7,-1,2.52427e-09,1,0
0.00281109,-0.279231,-0.0162661,-0.390314,4.34708,-99332.2,-1,1.18042e-09,1,0
0.00281159,-0.279224,-0.015822,-0.390639,4.34638,-99311.9,-1,5.74424e-10,1,0
0.0028122,-0.278958,-0.0158512,-0.390181,4.34585,-99195.8,-1,6.3815e-10,1,0
0.00281249,-0.278785,-0.0160271,-0.390428,4.34299,-99123.8,-1,4.05078e-11,1,0
0.00281318,-0.279122,-0.0154662,-0.390225,4.34349,-99219.3,-1,2.48241e-10,1,0
0.00281418,-0.280064,-0.0147537,-0.389863,4.34345,-99519,-1,2.48241e-10,1,0
0.00281489,-0.280444,-0.0142703,-0.389902,4.34507,-99628.9,-1,2.67514e-10,1,0
0.00281532,-0.280207,-0.0141189,-0.390258,4.34406,-99529.4,-1,3.4884e-11,1,0
0.00281688,-0.27993,-0.0130527,-0.39101,4.34257,-99376.1,-1,8.10593e-10,1,0
0.0028174,-0.279342,-0.0130992,-0.391105,4.34384,-99148.8,-1,4.88594e-10,1,0
0.00281856,-0.27901,-0.0128613,-0.390112,4.34507,-98990.2,-1,1.11829e-09,1,0
0.00281892,-0.279318,-0.0125576,-0.390131,4.34309,-99087.2,-1,4.33245e-10,1,0
0.00281985,-0.279521,-0.0120059,-0.389778,4.34192,-99126.1,-1,6.93094e-10,1,0
0.00282017,-0.279243,-0.0118425,-0.389698,4.34465,-99016.2,-1,1.61798e-11,1,0
0.00282067,-0.279008,-0.0115236,-0.389381,4.34331,-98915.6,-1,2.06176e-10,1,0
0.00282174,-0.278547,-0.0119594,-0.389412,4.34486,-98714.7,-1,4.37274e-10,1,0
0.00282225,-0.278011,-0.0121955,-0.389337,4.34425,-98507.1,-1,4.79968e-10,1,0
0.00282297,-0.277886,-0.0118639,-0.389615,4.34271,-98437.7,-1,6.21697e-10,1,0
0.00282378,-0.277634,-0.0115891,-0.389194,4.34567,-98319.8,-1,2.8754e-10,1,0
0.00282439,-0.277179,-0.011371,-0.388631,4.34569,-98137.5,-1,2.8754e-10,1,0
0.00282469,-0.277102,-0.0114251,-0.388327,4.34175,-98099.9,-1,2.31213e-10,1,0
0.00282529,-0.277621,-0.0119449,-0.388259,4.34175,-98262.9,-1,7.37635e-10,1,0
0.00282621,-0.277786,-0.012653,-0.388254,4.33635,-98289,-1,4.86925e-10,1,0
0.00282673,-0.278253,-0.0128219,-0.388046,4.33696,-98436.1,-1,7.39554e-10,1,0
0.00282736,-0.278457,-0.0133233,-0.388143,4.33705,-98486.6,-1,5.03963e-10,1,0
0.00282841,-0.278076,-0.0125405,-0.389106,4.33488,-98315.4,-1,1.31389e-09,1,0
0.00282923,-0.27828,-0.0125409,-0.388113,4.33232,-98359.1,-1,1.01464e-09,1,0
0.00282998,-0.27806,-0.0123841,-0.387956,4.32826,-98254.9,-1,6.19744e-10,1,0
0.00283048,-0.277997,-0.0129833,-0.388046,4.32826,-98215.5,-1,6.19744e-10,1,0
0.00283081,-0.278204,-0.0133228,-0.388114,4.32912,-98277.4,-1,6.27641e-10,1,0
0.00283289,-0.279592,-0.0154512,-0.388548,4.3286,-98694.9,-1,2.96695e-09,1,0
0.00283368,-0.280482,-0.0157732,-0.38875,4.32856,-98981.8,-1,2.96695e-09,1,0
0.00283519,-0.282203,-0.0163956,-0.38914,4.32847,-99535.7,-1,2.96695e-09,1,0
0.00283637,-0.282336,-0.0156087,-0.389637,4.32807,-99541.1,-1,3.25424e-09,1,0
0.00283678,-0.282049,-0.0154402,-0.389946,4.3274,-99426,-1,1.16881e-09,1,0
0.00283721,-0.281656,-0.0153553,-0.390283,4.32718,-99272.2,-1,5.17172e-11,1,0
0.00283771,-0.281446,-0.0153872,-0.390832,4.32611,-99180.8,-1,8.08584e-11,1,0
0.00283809,-0.281235,-0.0153932,-0.391249,4.32612,-99093.1,-1,8.08584e-11,1,0
0.00283936,-0.280354,-0.0150396,-0.390835,4.32469,-98738.5,-1,1.23669e-11,1,0
0.00284003,-0.280489,-0.0148605,-0.391368,4.32518,-98762.6,-1,3.01454e-10,1,0
0.00284118,-0.281098,-0.0144163,-0.392248,4.32734,-98937.2,-1,3.59685e-10,1,0
0.00284152,-0.281431,-0.0143312,-0.391999,4.32738,-99042.5,-1,4.24714e-10,1,0
0.00284307,-0.282686,-0.0139464,-0.39061,4.32731,-99429.8,-1,4.24714e-10,1,0
0.0028437,-0.283199,-0.0137888,-0.390042,4.32616,-99588.3,-1,2.69248e-09,1,0
0.00284531,-0.282419,-0.0134005,-0.389105,4.32712,-99257.7,-1,1.44042e-09,1,0
0.00284557,-0.282622,-0.0133853,-0.389288,4.32851,-99320.2,-1,1.87332e-10,1,0
0.00284634,-0.282051,-0.0138707,-0.389785,4.32953,-99092.5,-1,1.77631e-10,1,0
0.00284651,-0.281856,-0.0139432,-0.389775,4.32954,-99018,-1,1.77631e-10,1,0
0.00284779,-0.280454,-0.0144167,-0.389806,4.33121,-98481.4,-1,1.67004e-09,1,0
0.00284907,-0.279996,-0.0139483,-0.391241,4.33123,-98276.5,-1,1.67004e-09,1,0
0.00284942,-0.279869,-0.013818,-0.39164,4.32969,-98219.5,-1,2.13136e-09,1,0
0.00285084,-0.279512,-0.0133223,-0.391273,4.33197,-98045.5,-1,7.86975e-10,1,0
0.00285177,-0.279398,-0.0122834,-0.391459,4.32913,-97973.7,-1,1.49863e-10,1,0
0.0028523,-0.27921,-0.0117061,-0.391704,4.32914,-97889.5,-1,1.49863e-10,1,0
0.00285289,-0.27913,-0.0115234,-0.391353,4.32791,-97840.9,-1,4.57533e-10,1,0
0.00285359,-0.279256,-0.0108708,-0.39143,4.33005,-97861.3,-1,3.28708e-10,1,0
0.00285465,-0.278885,-0.0103606,-0.392141,4.32862,-97695,-1,5.20488e-10,1,0
0.00285491,-0.278857,-0.0100673,-0.392281,4.32863,-97676.2,-1,5.20488e-10,1,0
0.00285612,-0.278729,-0.00872432,-0.392921,4.32716,-97590.1,-1,2.59978e-09,1,0
0.00285673,-0.279143,-0.00876498,-0.393295,4.3292,-97714.2,-1,6.06334e-10,1,0
0.00285775,-0.278345,-0.00953642,-0.39378,4.33023,-97400.3,-1,1.37524e-09,1,0
0.002858,-0.278575,-0.00944734,-0.393961,4.32994,-97472.2,-1,1.47265e-10,1,0
0.00285838,-0.278752,-0.00973313,-0.394071,4.32838,-97521,-1,6.59537e-11,1,0
0.00285935,-0.279272,-0.0107489,-0.394373,4.32802,-97669.8,-1,1.49671e-09,1,0
0.00285976,-0.279188,-0.010852,-0.394692,4.32731,-97626.5,-1,4.29835e-10,1,0
0.00286075,-0.278652,-0.0105851,-0.39537,4.33204,-97405.3,-1,4.02016e-10,1,0
0.00286185,-0.278093,-0.0105622,-0.394173,4.33324,-97172.5,-1,1.16243e-09,1,0
0.00286226,-0.27806,-0.0100915,-0.393996,4.33324,-97147.1,-1,1.16243e-09,1,0
0.00286261,-0.277971,-0.00975344,-0.393834,4.33402,-97104.3,-1,8.60077e-10,1,0
0.00286382,-0.276986,-0.00991339,-0.393983,4.3344,-96719.1,-1,9.1331e-10,1,0
0.00286569,-0.277064,-0.00990851,-0.39379,4.33227,-96682.9,-1,1.71938e-09,1,0
0.00286684,-0.276925,-0.00916997,-0.393557,4.33202,-96595.8,-1,1.91417e-09,1,0
0.00286812,-0.276447,-0.00795934,-0.394143,4.3319,-96386,-1,1.10611e-10,1,0
0.00286942,-0.275297,-0.00687582,-0.394041,4.33302,-95941.7,-1,1.57724e-09,1,0
0.00287052,-0.275304,-0.00655091,-0.392724,4.33302,-95907.2,-1,1.57724e-09,1,0
0.0028715,-0.275327,-0.00619343,-0.391674,4.33329,-95882.5,-1,5.52836e-11,1,0
0.00287246,-0.275094,-0.00586364,-0.391205,4.33523,-95769.8,-1,1.16465e-09,1,0
0.00287418,-0.274469,-0.00629854,-0.391537,4.3382,-95494.7,-1,6.70208e-10,1,0
0.00287526,-0.275621,-0.0059775,-0.391067,4.33784,-95859.3,-1,1.52162e-10,1,0
0.00287601,-0.275699,-0.00600759,-0.391371,4.33655,-95861.7,-1,1.56581e-09,1,0
0.00287736,-0.275197,-0.00558079,-0.392326,4.33527,-95642.3,-1,1.49654e-09,1,0
0.00287817,-0.275012,-0.00474483,-0.392705,4.33302,-95551,-1,3.28817e-10,1,0
0.00287915,-0.273961,-0.00456192,-0.39211,4.33267,-95153.2,-1,1.22106e-09,1,0
0.00287979,-0.273686,-0.00465796,-0.391692,4.33006,-95036.8,-1,4.01554e-10,1,0
0.00288114,-0.272833,-0.00604534,-0.391606,4.32925,-94696.1,-1,1.61346e-09,1,0
0.0028816,-0.272549,-0.00602476,-0.391567,4.32893,-94582.3,-1,1.04034e-10,1,0
0.00288313,-0.271934,-0.00627889,-0.389805,4.32814,-94318.8,-1,3.8042e-10,1,0
0.00288407,-0.272083,-0.00580202,-0.389444,4.32855,-94339.9,-1,2.39549e-09,1,0
0.00288542,-0.272941,-0.0054025,-0.38988,4.32882,-94593.2,-1,7.86804e-10,1,0
0.00288651,-0.273999,-0.00512065,-0.389116,4.3266,-94924,-1,6.39893e-11,1,0
0.00288714,-0.274153,-0.00483137,-0.389812,4.32659,-94956.9,-1,6.39893e-11,1,0
0.00288765,-0.274565,-0.0045931,-0.390101,4.32519,-95082.5,-1,9.96767e-10,1,0
0.00288906,-0.274659,-0.00517904,-0.390734,4.32117,-95068.8,-1,6.5419e-10,1,0
0.00288968,-0.274902,-0.00465987,-0.390227,4.32116,-95132.4,-1,6.5419e-10,1,0
0.00289067,-0.275485,-0.00394269,-0.390911,4.3236,-95301.4,-1,8.51091e-10,1,0
0.00289224,-0.276435,-0.00281618,-0.392177,4.32286,-95578,-1,3.07912e-09,1,0
0.00289368,-0.277465,-0.00177663,-0.391262,4.32411,-95886.7,-1,8.88657e-10,1,0
0.00289417,-0.277169,-0.00154695,-0.391724,4.32434,-95768,-1,5.78368e-10,1,0
0.00289492,-0.277449,-0.0016631,-0.392602,4.32349,-95839.8,-1,9.61088e-10,1,0
0.00289532,-0.277048,-0.00187997,-0.392724,4.32114,-95688.2,-1,4.60846e-10,1,0
0.00289596,-0.27724,-0.00258988,-0.39302,4.32113,-95733.4,-1,4.60846e-10,1,0
0.00289692,-0.277887,-0.00333888,-0.393375,4.32311,-95924.9,-1,1.45683e-09,1,0
0.00289754,-0.278605,-0.00356771,-0.393533,4.32307,-96152.3,-1,1.45683e-09,1,0
0.00289819,-0.279088,-0.00402284,-0.393631,4.32352,-96297.4,-1,3.15407e-10,1,0
0.00289944,-0.279963,-0.00393294,-0.39313,4.32087,-96557.3,-1,8.81191e-11,1,0
0.00289975,-0.280149,-0.0037455,-0.393115,4.31899,-96611.6,-1,3.60255e-11,1,0
0.00290092,-0.27943,-0.00448899,-0.393635,4.32033,-96324.6,-1,7.49987e-10,1,0
0.0029015,-0.279951,-0.00480242,-0.393259,4.32102,-96484.9,-1,7.14609e-10,1,0
0.0029023,-0.280233,-0.00476914,-0.393764,4.31718,-96555.5,-1,3.91855e-10,1,0
0.00290354,-0.279589,-0.00521672,-0.394147,4.31726,-96292.4,-1,1.31496e-09,1,0
0.00290409,-0.279556,-0.00527738,-0.394258,4.31664,-96262.8,-1,1.66404e-11,1,0
0.00290462,-0.27893,-0.00514568,-0.394186,4.31678,-96030,-1,9.60152e-10,1,0
0.0029053,-0.278432,-0.0056053,-0.394135,4.31696,-95835.6,-1,2.1036e-10,1,0
0.00290682,-0.278408,-0.00583583,-0.395988,4.31695,-95777.6,-1,1.85353e-09,1,0
0.0029082,-0.279124,-0.00614278,-0.39682,4.3161,-95978.4,-1,2.05166e-10,1,0
0.00290882,-0.279581,-0.0062544,-0.39643,4.3167,-96114.8,-1,7.44048e-11,1,0
0.00290964,-0.280033,-0.0059411,-0.395983,4.31843,-96243.1,-1,2.91947e-10,1,0
0.00291059,-0.279116,-0.0064089,-0.395444,4.31847,-95896.8,-1,2.91947e-10,1,0
0.00291183,-0.279448,-0.00739535,-0.394431,4.31789,-95969.8,-1,1.40324e-09,1,0
0.0029132,-0.277939,-0.00708156,-0.393741,4.31862,-95406.9,-1,1.68824e-09,1,0
0.00291383,-0.278374,-0.00737215,-0.393424,4.31817,-95535.6,-1,8.40541e-11,1,0
0.00291513,-0.279287,-0.00738341,-0.39231,4.32119,-95806,-1,1.66742e-10,1,0
0.00291586,-0.27847,-0.00755558,-0.392652,4.3216,-95501.6,-1,9.02504e-10,1,0
0.00291604,-0.278379,-0.00738503,-0.392663,4.32183,-95464.7,-1,8.29184e-11,1,0
0.00291664,-0.278739,-0.0075531,-0.392063,4.31873,-95568.8,-1,1.56663e-11,1,0
0.00291725,-0.278455,-0.00818322,-0.392102,4.31856,-95451.2,-1,4.48749e-11,1,0
0.00291795,-0.278424,-0.00761064,-0.391892,4.31991,-95417.7,-1,2.15067e-10,1,0
0.00291863,-0.278122,-0.00781631,-0.391826,4.31841,-95292,-1,2.98759e-10,1,0
0.00291921,-0.277537,-0.00753322,-0.39186,4.31635,-95072.5,-1,6.3228e-10,1,0
0.00291937,-0.277547,-0.00750407,-0.391965,4.31375,-95071.1,-1,1.06621e-10,1,0
0.00291955,-0.277392,-0.00752175,-0.391794,4.31489,-95011.9,-1,2.31047e-10,1,0
0.00292097,-0.277748,-0.00844953,-0.390733,4.31936,-95087.8,-1,2.28763e-10,1,0
0.0029218,-0.277294,-0.00863622,-0.389838,4.32087,-94905.3,-1,1.02047e-09,1,0
0.00292209,-0.276993,-0.00859431,-0.390042,4.32243,-94792.5,-1,3.66291e-10,1,0
0.00292318,-0.277567,-0.00791568,-0.390232,4.32256,-94953.6,-1,2.26717e-10,1,0
0.00292402,-0.278261,-0.00826643,-0.390364,4.32205,-95163.8,-1,4.80574e-10,1,0
0.00292513,-0.279402,-0.00865872,-0.389855,4.32248,-95518,-1,1.81507e-09,1,0
0.00292551,-0.279256,-0.00858025,-0.39017,4.3228,-95455.5,-1,3.57032e-10,1,0
0.0029266,-0.280108,-0.00862827,-0.3894,4.32378,-95711,-1,1.08314e-09,1,0
0.00292729,-0.279878,-0.00792992,-0.388966,4.32346,-95609.9,-1,1.05274e-09,1,0
0.00292765,-0.280118,-0.00796286,-0.389192,4.32129,-95680.1,-1,1.63358e-10,1,0
0.00292788,-0.280195,-0.00804049,-0.389039,4.31932,-95698.8,-1,3.79188e-10,1,0
0.00292871,-0.280245,-0.0086181,-0.388357,4.32099,-95688.9,-1,3.70248e-10,1,0
0.00292897,-0.280192,-0.00841905,-0.388591,4.32126,-95662.4,-1,2.42289e-10,1,0
0.00292987,-0.279608,-0.0078647,-0.389348,4.32129,-95433.8,-1,2.42289e-10,1,0
0.00293087,-0.278956,-0.00724525,-0.390193,4.32133,-95178.5,-1,2.42289e-10,1,0
0.00293144,-0.278794,-0.00707769,-0.390561,4.3221,-95104.8,-1,1.61458e-10,1,0
0.00293168,-0.278656,-0.00722525,-0.390737,4.32243,-95050,-1,2.82016e-10,1,0
0.00293214,-0.278855,-0.00730925,-0.390461,4.32309,-95102.7,-1,1.271e-10,1,0
0.00293277,-0.278325,-0.00723266,-0.390852,4.3223,-94902,-1,4.22665e-10,1,0
0.00293315,-0.278368,-0.00682813,-0.39071,4.32571,-94904.1,-1,4.35261e-10,1,0
0.00293462,-0.277656,-0.00796094,-0.391259,4.32726,-94614,-1,1.51952e-09,1,0
0.00293595,-0.278624,-0.00928011,-0.391283,4.32615,-94900.8,-1,1.63616e-09,1,0
0.00293699,-0.279034,-0.0102677,-0.391112,4.32413,-95006.7,-1,9.84357e-11,1,0
0.00293769,-0.279462,-0.0109069,-0.390836,4.32708,-95130,-1,2.46954e-11,1,0
0.00293812,-0.279622,-0.0110636,-0.390498,4.33001,-95170.3,-1,3.31141e-10,1,0
0.00293941,-0.278913,-0.0119455,-0.389413,4.33,-94887.4,-1,1.37668e-10,1,0
0.00294094,-0.27781,-0.0127842,-0.388131,4.32835,-94463,-1,1.88806e-09,1,0
0.00294181,-0.277356,-0.0125561,-0.387602,4.32908,-94281,-1,2.91896e-10,1,0
0.00294218,-0.277125,-0.0125056,-0.387635,4.33101,-94190.3,-1,7.99971e-11,1,0
0.00294235,-0.27714,-0.0125375,-0.387676,4.33414,-94190.2,-1,8.24847e-11,1,0
0.00294345,-0.27734,-0.0134884,-0.386841,4.33392,-94222.9,-1,1.06724e-11,1,0
0.00294405,-0.278041,-0.0133807,-0.386818,4.33354,-94441.7,-1,3.51417e-10,1,0
0.00294415,-0.278157,-0.0133505,-0.386824,4.33354,-94478.1,-1,3.51417e-10,1,0
0.00294494,-0.279083,-0.0131432,-0.386882,4.33291,-94767.1,-1,3.74368e-11,1,0
0.00294575,-0.278628,-0.0123926,-0.386449,4.33438,-94586.6,-1,3.74888e-11,1,0
0.00294593,-0.278842,-0.0123877,-0.386528,4.33508,-94653.3,-1,1.29617e-10,1,0
0.00294695,-0.279292,-0.0135074,-0.386197,4.33461,-94773.2,-1,1.25091e-09,1,0
0.00294821,-0.279998,-0.0133542,-0.385588,4.33775,-94971.9,-1,1.14603e-09,1,0
0.0029489,-0.279523,-0.0134191,-0.38546,4.33483,-94789,-1,6.72227e-11,1,0
0.00294933,-0.279336,-0.0135727,-0.385068,4.33396,-94711.8,-1,4.59254e-10,1,0
0.00295087,-0.278401,-0.0139285,-0.386289,4.33323,-94345.2,-1,1.18871e-09,1,0
0.00295167,-0.278481,-0.0140731,-0.387255,4.33322,-94347.2,-1,1.18871e-09,1,0
0.0029523,-0.278546,-0.0141895,-0.388032,4.33322,-94348.8,-1,1.18871e-09,1,0
0.00295288,-0.278957,-0.0142926,-0.387987,4.33724,-94469.7,-1,4.79345e-10,1,0
0.00295421,-0.278514,-0.0144619,-0.387491,4.33917,-94277,-1,8.50341e-10,1,0
0.00295479,-0.278269,-0.0146745,-0.387021,4.33959,-94175.5,-1,3.36506e-10,1,0
0.00295531,-0.277978,-0.0148967,-0.386502,4.33961,-94060.6,-1,3.36506e-10,1,0
0.00295644,-0.277343,-0.015353,-0.385386,4.33773,-93809.8,-1,2.16829e-09,1,0
0.00295778,-0.276826,-0.0137962,-0.38558,4.33782,-93592.5,-1,1.04881e-09,1,0
0.00295841,-0.276513,-0.0130848,-0.385585,4.33784,-93466.8,-1,1.04881e-09,1,0
0.00296026,-0.277498,-0.0131356,-0.38603,4.33465,-93741,-1,8.56021e-10,1,0
0.00296086,-0.278177,-0.0128383,-0.386101,4.33256,-93951.2,-1,1.86255e-09,1,0
0.00296157,-0.277389,-0.0124621,-0.386105,4.3326,-93662.8,-1,1.86255e-09,1,0
0.00296206,-0.277052,-0.0121789,-0.386118,4.33111,-93533.7,-1,1.35197e-09,1,0
0.00296228,-0.277091,-0.0119564,-0.386075,4.33102,-93539.6,-1,1.07633e-10,1,0
0.00296341,-0.277037,-0.0116973,-0.385179,4.33321,-93485.8,-1,5.70385e-10,1,0
0.00296439,-0.276289,-0.011457,-0.384395,4.3298,-93202.7,-1,1.67645e-12,1,0
0.00296546,-0.275776,-0.010855,-0.38507,4.32864,-92996.1,-1,2.12523e-11,1,0
0.00296624,-0.276503,-0.0111,-0.385244,4.32597,-93216.4,-1,1.24167e-09,1,0
0.00296766,-0.277575,-0.0101922,-0.384355,4.3259,-93533.3,-1,9.64982e-10,1,0
0.00296838,-0.277516,-0.0106236,-0.38403,4.32425,-93490.8,-1,1.87706e-09,1,0
0.00296962,-0.277581,-0.010738,-0.384627,4.32372,-93473.7,-1,5.19305e-10,1,0
0.00297039,-0.277447,-0.0108128,-0.385279,4.32232,-93404.3,-1,2.8593e-10,1,0
0.00297095,-0.277062,-0.0107709,-0.385643,4.32558,-93257,-1,1.05088e-10,1,0
0.00297215,-0.277329,-0.00932807,-0.385873,4.32557,-93309,-1,1.05088e-10,1,0
0.00297299,-0.276498,-0.00939712,-0.386179,4.32373,-93003.1,-1,1.6023e-09,1,0
0.0029736,-0.276339,-0.00942559,-0.386339,4.32479,-92930.7,-1,1.38571e-09,1,0
0.00297449,-0.277029,-0.00961724,-0.386124,4.32812,-93134.8,-1,4.50973e-10,1,0
0.00297637,-0.278347,-0.00919553,-0.384751,4.32732,-93519,-1,1.19939e-09,1,0
0.00297862,-0.279184,-0.00784622,-0.382563,4.32478,-93729.4,-1,5.36003e-10,1,0
0.00297985,-0.278469,-0.00851147,-0.382992,4.32703,-93450.6,-1,1.11847e-09,1,0
0.00298084,-0.27751,-0.00855893,-0.382963,4.32677,-93097.7,-1,9.66068e-10,1,0
0.00298116,-0.277519,-0.00842203,-0.382835,4.32342,-93090.9,-1,1.45966e-10,1,0
0.00298164,-0.277379,-0.00827279,-0.382348,4.32278,-93029.1,-1,1.06193e-10,1,0
0.00298218,-0.277912,-0.00800969,-0.382109,4.31713,-93190.8,-1,4.60194e-12,1,0
0.00298321,-0.278698,-0.00701683,-0.382154,4.31709,-93422.3,-1,4.60194e-12,1,0
0.00298422,-0.278215,-0.007731,-0.382614,4.31669,-93228.7,-1,1.10477e-09,1,0
0.00298449,-0.278084,-0.00782568,-0.382651,4.31873,-93176.2,-1,2.40086e-10,1,0
0.00298596,-0.277466,-0.00817609,-0.382863,4.31674,-92923.3,-1,1.20655e-09,1,0
0.00298761,-0.276137,-0.00810008,-0.381714,4.31374,-92427.5,-1,4.33586e-10,1,0
0.00298965,-0.276452,-0.00897535,-0.381836,4.31274,-92469.6,-1,1.13832e-09,1,0
0.00299043,-0.275823,-0.00929036,-0.382484,4.31277,-92235.4,-1,1.13832e-09,1,0
0.00299109,-0.275725,-0.00972467,-0.38274,4.31135,-92182.2,-1,3.53651e-10,1,0
0.00299227,-0.276497,-0.00966433,-0.383898,4.31007,-92404,-1,8.99562e-10,1,0
0.00299335,-0.276871,-0.00915541,-0.384857,4.31035,-92495.2,-1,1.13546e-09,1,0
0.00299453,-0.277558,-0.00868733,-0.386039,4.30975,-92688.3,-1,1.44507e-09,1,0
0.00299594,-0.279043,-0.00844266,-0.385394,4.30811,-93140.4,-1,3.18349e-10,1,0
0.00299679,-0.278742,-0.00826386,-0.386291,4.30641,-93013.3,-1,1.34184e-10,1,0
0.00299718,-0.278638,-0.00820647,-0.386686,4.30392,-92966.7,-1,2.54483e-10,1,0
0.00299735,-0.278506,-0.00827317,-0.386588,4.3027,-92917.4,-1,8.99855e-11,1,0
0.00299825,-0.277449,-0.00855312,-0.386455,4.30194,-92537,-1,1.22587e-09,1,0
0.00299907,-0.276574,-0.00815792,-0.386131,4.30199,-92219.8,-1,1.22587e-09,1,0
0.00299969,-0.275915,-0.00786025,-0.385887,4.30274,-91981,-1,1.78055e-09,1,0
0.00300004,-0.275753,-0.00769381,-0.385959,4.30533,-91916.7,-1,1.60831e-10,1,0
0.00300156,-0.276732,-0.00890483,-0.386541,4.30706,-92196.1,-1,2.76938e-10,1,0
0.00300255,-0.27628,-0.00898142,-0.387118,4.30828,-92015.4,-1,8.67676e-10,1,0
0.00300332,-0.276418,-0.00859445,-0.38696,4.30587,-92037.6,-1,1.10094e-10,1,0
0.00300377,-0.276881,-0.0085204,-0.386682,4.3052,-92177.9,-1,5.44688e-10,1,0
0.0030051,-0.276141,-0.00872727,-0.386697,4.30505,-91890.7,-1,5.06498e-10,1,0
0.00300593,-0.276409,-0.00807191,-0.386594,4.30412,-91954.6,-1,6.47948e-10,1,0
0.00300819,-0.277662,-0.00903435,-0.385724,4.30107,-92302,-1,1.13798e-09,1,0
0.00300933,-0.278756,-0.00971371,-0.386289,4.30102,-92630.5,-1,1.13798e-09,1,0
0.0030105,-0.279877,-0.0104102,-0.386868,4.30096,-92967,-1,1.13798e-09,1,0
0.0030114,-0.28064,-0.0109743,-0.38728,4.30043,-93192.6,-1,3.87277e-09,1,0
0.00301268,-0.28019,-0.012418,-0.387167,4.30013,-93003.5,-1,1.21007e-09,1,0
0.0030134,-0.280078,-0.0130867,-0.386672,4.29775,-92943.9,-1,5.82901e-10,1,0
0.00301368,-0.280339,-0.0129942,-0.386512,4.29682,-93022,-1,2.53356e-11,1,0
0.00301439,-0.280984,-0.0135671,-0.386535,4.29749,-93214,-1,4.22356e-10,1,0
0.00301551,-0.280287,-0.0146109,-0.386224,4.29443,-92948.2,-1,2.49052e-10,1,0
0.00301627,-0.280156,-0.0139684,-0.386877,4.29266,-92881.5,-1,9.27983e-10,1,0
0.00301686,-0.280111,-0.0143845,-0.386661,4.29212,-92848.7,-1,1.97916e-10,1,0
0.00301796,-0.280252,-0.014439,-0.386246,4.28898,-92861.5,-1,7.2333e-10,1,0
0.00301909,-0.280977,-0.0150111,-0.38695,4.28626,-93066.6,-1,1.02403e-09,1,0
0.00301961,-0.28097,-0.0148066,-0.387559,4.28626,-93048.3,-1,1.02403e-09,1,0
0.00302142,-0.281349,-0.0147451,-0.387676,4.28493,-93118.2,-1,1.78158e-09,1,0
0.00302204,-0.281379,-0.0152596,-0.387297,4.28436,-93109,-1,4.27232e-10,1,0
0.003023,-0.280934,-0.016225,-0.387815,4.28417,-92932.1,-1,1.2692e-09,1,0
0.00302344,-0.281284,-0.0166261,-0.387923,4.28415,-93034.4,-1,1.2692e-09,1,0
0.00302426,-0.281441,-0.0163765,-0.387638,4.28695,-93061.1,-1,5.83979e-10,1,0
0.00302489,-0.281257,-0.0163159,-0.387536,4.2859,-92980.9,-1,3.27047e-10,1,0
0.0030258,-0.282046,-0.0163709,-0.387574,4.28629,-93213.6,-1,2.58952e-10,1,0
0.00302608,-0.282255,-0.0164846,-0.387432,4.28782,-93273.8,-1,1.16054e-10,1,0
0.00302748,-0.28207,-0.0171381,-0.387158,4.28618,-93169.9,-1,6.99717e-10,1,0
0.00302843,-0.281533,-0.0180104,-0.387181,4.28635,-92963.5,-1,1.37339e-09,1,0
0.00302968,-0.281439,-0.0191861,-0.387043,4.28751,-92894,-1,2.87373e-10,1,0
0.00303007,-0.281695,-0.0193309,-0.38718,4.28319,-92966.7,-1,2.31993e-10,1,0
0.00303086,-0.282378,-0.0200111,-0.38701,4.28316,-93167.4,-1,2.31993e-10,1,0
0.0030317,-0.282779,-0.0202398,-0.387244,4.28097,-93274,-1,2.16173e-10,1,0
0.00303242,-0.282895,-0.0198036,-0.387974,4.28087,-93289.9,-1,6.44485e-10,1,0
0.00303328,-0.282723,-0.0198292,-0.387652,4.28055,-93207,-1,6.69389e-10,1,0
0.00303456,-0.283533,-0.0197442,-0.38673,4.28045,-93434.7,-1,1.03161e-10,1,0
0.00303539,-0.284065,-0.0196079,-0.385871,4.2798,-93584.4,-1,2.15828e-09,1,0
0.00303715,-0.285841,-0.0190523,-0.385268,4.27854,-94115,-1,7.77158e-10,1,0
0.00303856,-0.285663,-0.0197813,-0.385659,4.27633,-94012.5,-1,3.99495e-10,1,0
0.00303904,-0.28531,-0.0199696,-0.385843,4.27536,-93881.8,-1,1.44117e-09,1,0
0.0030406,-0.284592,-0.0201909,-0.384627,4.27511,-93597.2,-1,1.13845e-09,1,0
0.00304128,-0.28437,-0.019932,-0.38399,4.27487,-93503.3,-1,7.49589e-10,1,0
0.00304146,-0.28459,-0.0199095,-0.383995,4.27486,-93570.2,-1,7.49589e-10,1,0
0.0030419,-0.285128,-0.0198544,-0.384006,4.27534,-93733.7,-1,8.41348e-10,1,0
0.00304343,-0.284838,-0.0183609,-0.385004,4.27527,-93591.3,-1,2.10116e-10,1,0
0.00304604,-0.285065,-0.0183355,-0.383871,4.27615,-93585.3,-1,1.94847e-09,1,0
0.00304645,-0.28547,-0.018206,-0.383704,4.27504,-93706,-1,4.32448e-10,1,0
0.00304694,-0.285432,-0.0186737,-0.38349,4.27463,-93678.1,-1,2.83162e-10,1,0
0.00304823,-0.285982,-0.0201388,-0.383298,4.27428,-93819.1,-1,1.90515e-09,1,0
0.00304901,-0.286275,-0.0204095,-0.382911,4.27375,-93891.2,-1,1.65217e-10,1,0
0.00304953,-0.286314,-0.0202793,-0.383533,4.27345,-93887.8,-1,6.3657e-10,1,0
0.00305083,-0.287508,-0.0200136,-0.384094,4.27332,-94239.3,-1,1.66773e-10,1,0
0.00305135,-0.286942,-0.0197553,-0.383943,4.27335,-94037.8,-1,1.66773e-10,1,0
0.00305207,-0.286182,-0.0193985,-0.383762,4.27401,-93766.7,-1,1.49467e-09,1,0
0.00305316,-0.286265,-0.0197062,-0.384327,4.27018,-93760.4,-1,6.86216e-10,1,0
0.0030547,-0.285198,-0.0200283,-0.384538,4.27302,-93363.6,-1,8.71252e-10,1,0
0.00305581,-0.284169,-0.0191863,-0.384559,4.27329,-92992.9,-1,1.21437e-09,1,0
0.00305771,-0.284508,-0.0184849,-0.384729,4.27848,-93046.1,-1,2.00825e-09,1,0
0.00305818,-0.285085,-0.0184994,-0.384709,4.27848,-93220.7,-1,1.76515e-09,1,0
0.00305924,-0.284985,-0.0186418,-0.385387,4.27874,-93155.4,-1,5.71633e-10,1,0
0.00306054,-0.284413,-0.0182817,-0.385544,4.27576,-92929,-1,1.25403e-10,1,0
0.00306152,-0.285256,-0.0176294,-0.385568,4.27512,-93174.7,-1,4.62111e-10,1,0
0.00306294,-0.285928,-0.0162407,-0.385729,4.27611,-93350.6,-1,1.60382e-10,1,0
0.00306468,-0.284856,-0.0148202,-0.385737,4.27556,-92947.9,-1,1.62025e-09,1,0
0.00306532,-0.284252,-0.0145246,-0.385893,4.27621,-92731.9,-1,1.63623e-09,1,0
0.00306608,-0.285062,-0.0146108,-0.386044,4.27618,-92972.8,-1,2.25175e-10,1,0
0.00306677,-0.285433,-0.0146656,-0.386336,4.27599,-93072.7,-1,1.39341e-09,1,0
0.0030685,-0.284651,-0.0150849,-0.387831,4.27747,-92765.4,-1,1.24637e-09,1,0
0.00307019,-0.284402,-0.0164577,-0.389367,4.27748,-92633.4,-1,1.24637e-09,1,0
0.00307043,-0.284392,-0.0166629,-0.389546,4.2778,-92622.9,-1,3.46478e-09,1,0
0.00307102,-0.284723,-0.017294,-0.389429,4.27778,-92712.8,-1,3.46478e-09,1,0
0.00307239,-0.284948,-0.0163916,-0.389592,4.27904,-92744.7,-1,4.42922e-10,1,0
0.00307285,-0.284986,-0.0159483,-0.389596,4.27859,-92743.3,-1,1.26818e-09,1,0
0.00307324,-0.285263,-0.0157642,-0.38924,4.27648,-92821.4,-1,6.42383e-10,1,0
0.00307353,-0.285074,-0.0159819,-0.38933,4.27713,-92751.3,-1,6.09033e-11,1,0
0.00307389,-0.285272,-0.0159893,-0.389007,4.27651,-92805,-1,1.30081e-10,1,0
0.00307463,-0.285752,-0.0154226,-0.388895,4.27688,-92938.6,-1,4.15932e-10,1,0
0.00307524,-0.286132,-0.0148441,-0.389147,4.27708,-93043.6,-1,1.15571e-09,1,0
0.00307648,-0.285746,-0.013548,-0.389344,4.27634,-92880.7,-1,1.13846e-09,1,0
0.00307756,-0.28608,-0.0123018,-0.389041,4.27681,-92956.6,-1,1.18143e-09,1,0
0.00307906,-0.285812,-0.0127399,-0.388587,4.27517,-92824.6,-1,8.41976e-10,1,0
0.00307961,-0.285552,-0.0130385,-0.38825,4.27481,-92723.5,-1,3.34861e-10,1,0
0.00308034,-0.28508,-0.0137523,-0.388435,4.2745,-92548.3,-1,5.45009e-10,1,0
0.00308171,-0.284511,-0.0140396,-0.388176,4.27336,-92322.4,-1,3.40807e-10,1,0
0.00308185,-0.284432,-0.0139381,-0.388289,4.27216,-92292.8,-1,1.70653e-10,1,0
0.00308287,-0.284212,-0.0138186,-0.38862,4.27391,-92190.8,-1,1.17173e-10,1,0
0.00308394,-0.284412,-0.01374,-0.387683,4.27337,-92223.5,-1,7.80442e-10,1,0
0.00308447,-0.28475,-0.0136589,-0.387627,4.2741,-92317.5,-1,1.2572e-10,1,0
0.00308573,-0.285158,-0.0143312,-0.3883,4.27773,-92411.9,-1,7.23902e-10,1,0
0.00308616,-0.285242,-0.0141417,-0.387836,4.27755,-92426.2,-1,1.56171e-10,1,0
0.00308682,-0.285172,-0.0135294,-0.387303,4.28208,-92383.8,-1,8.14623e-10,1,0
0.00308776,-0.285965,-0.0142984,-0.387568,4.28278,-92612.5,-1,7.24759e-10,1,0
0.00308828,-0.28593,-0.0140003,-0.387509,4.27602,-92585.6,-1,1.84007e-10,1,0
0.0030893,-0.286784,-0.0138714,-0.386598,4.27471,-92831.3,-1,1.25537e-09,1,0
0.00308969,-0.286393,-0.0137509,-0.386367,4.27597,-92693.1,-1,4.48815e-10,1,0
0.00309103,-0.286558,-0.0130376,-0.386721,4.27333,-92706.3,-1,5.82453e-11,1,0
0.00309257,-0.285543,-0.013859,-0.387968,4.27645,-92331.9,-1,1.82761e-09,1,0
0.00309442,-0.28599,-0.0116845,-0.387546,4.27377,-92421.2,-1,2.25952e-09,1,0
0.00309587,-0.286342,-0.0112442,-0.387088,4.27198,-92491.8,-1,6.42271e-10,1,0
0.00309664,-0.286262,-0.0119213,-0.387084,4.26959,-92442.9,-1,2.49296e-10,1,0
0.00309743,-0.286518,-0.0120669,-0.386685,4.26896,-92502,-1,3.06134e-10,1,0
0.00309874,-0.28553,-0.0128477,-0.38616,4.26839,-92143.8,-1,8.20477e-10,1,0
0.00309945,-0.285563,-0.0119792,-0.386111,4.26839,-92133.4,-1,8.20477e-10,1,0
0.00310015,-0.286101,-0.0119829,-0.385683,4.26781,-92286.4,-1,6.96083e-10,1,0
0.00310158,-0.287474,-0.0118213,-0.384623,4.2674,-92686.4,-1,1.17037e-09,1,0
0.00310212,-0.28797,-0.0117534,-0.384249,4.26845,-92830,-1,1.14039e-09,1,0
0.00310302,-0.287648,-0.012235,-0.384034,4.26908,-92699.3,-1,6.52025e-10,1,0
0.00310375,-0.288114,-0.0127821,-0.383675,4.2716,-92827.6,-1,5.64552e-11,1,0
0.00310503,-0.287344,-0.0117837,-0.383276,4.27095,-92541.2,-1,7.14699e-10,1,0
0.00310611,-0.287495,-0.0114938,-0.384061,4.26875,-92557.8,-1,1.03937e-09,1,0
0.003107,-0.28743,-0.0114103,-0.383646,4.26825,-92510.6,-1,3.37272e-10,1,0
0.0031075,-0.287664,-0.0109215,-0.383676,4.26883,-92570.9,-1,1.81491e-10,1,0
0.00310823,-0.287978,-0.0103716,-0.383393,4.26849,-92650.3,-1,4.8475e-11,1,0
0.00310952,-0.287792,-0.00933851,-0.383018,4.26899,-92551.8,-1,4.66253e-10,1,0
0.00311063,-0.287545,-0.00837659,-0.383871,4.26897,-92439.4,-1,1.01129e-10,1,0
0.00311097,-0.28749,-0.00805707,-0.384137,4.26897,-92411.6,-1,1.01129e-10,1,0
0.0031122,-0.287291,-0.00690371,-0.385096,4.26898,-92311.1,-1,1.01129e-10,1,0
0.00311323,-0.287564,-0.0065665,-0.385435,4.26989,-92368.5,-1,3.96162e-09,1,0
0.00311385,-0.287432,-0.00632583,-0.384771,4.26969,-92307.6,-1,7.21292e-10,1,0
0.00311434,-0.287476,-0.00640077,-0.384703,4.27038,-92307.4,-1,2.13002e-10,1,0
0.00311494,-0.286996,-0.00656471,-0.384665,4.26765,-92135.5,-1,5.56131e-10,1,0
0.00311627,-0.288454,-0.00699748,-0.384073,4.26758,-92563.8,-1,5.56131e-10,1,0
0.00311759,-0.28875,-0.00723023,-0.383058,4.26968,-92619.7,-1,4.58588e-11,1,0
0.00311879,-0.289257,-0.00831399,-0.383916,4.2685,-92746.6,-1,1.47266e-09,1,0
0.00312003,-0.288501,-0.00764242,-0.383688,4.26826,-92467.5,-1,1.23669e-09,1,0
0.00312083,-0.28855,-0.0073174,-0.382756,4.26826,-92459.1,-1,1.23669e-09,1,0
0.00312217,-0.288577,-0.00670355,-0.381252,4.26855,-92428.4,-1,2.21606e-09,1,0
0.00312243,-0.288685,-0.00649075,-0.381152,4.26993,-92455.3,-1,5.46215e-10,1,0
0.00312344,-0.289466,-0.00575945,-0.381244,4.26956,-92675.2,-1,1.88924e-10,1,0
0.00312464,-0.290311,-0.00695518,-0.381163,4.26952,-92910.1,-1,1.88924e-10,1,0
0.00312488,-0.290555,-0.00703907,-0.381139,4.273,-92981.1,-1,1.81583e-10,1,0
0.00312644,-0.29077,-0.00737541,-0.382794,4.27235,-93003.7,-1,1.2781e-09,1,0
0.00312759,-0.289827,-0.00704147,-0.382629,4.27141,-92667.7,-1,9.09584e-10,1,0
0.00312867,-0.288732,-0.00641099,-0.382238,4.27146,-92286,-1,9.09584e-10,1,0
0.00312881,-0.28865,-0.00632689,-0.382145,4.27228,-92255.7,-1,7.51881e-11,1,0
0.00313003,-0.289752,-0.00596817,-0.382391,4.27168,-92571.7,-1,5.44705e-10,1,0
0.0031303,-0.289592,-0.00583535,-0.38247,4.26976,-92512.6,-1,1.28272e-10,1,0
0.00313118,-0.289847,-0.00587534,-0.382942,4.26717,-92568.1,-1,4.72507e-10,1,0
0.00313227,-0.289803,-0.00511677,-0.382687,4.26622,-92521.7,-1,8.35487e-10,1,0
0.00313332,-0.289315,-0.00521484,-0.381488,4.26625,-92334.8,-1,1.79838e-09,1,0
0.0031338,-0.289123,-0.00537075,-0.381494,4.26355,-92259.5,-1,3.00005e-10,1,0
0.00313428,-0.2888,-0.00562768,-0.381725,4.26626,-92142.4,-1,1.03512e-10,1,0
0.00313486,-0.288504,-0.00533174,-0.382297,4.26627,-92030.9,-1,1.03512e-10,1,0
0.00313664,-0.287937,-0.0040873,-0.383829,4.2647,-91797.9,-1,7.35951e-10,1,0
0.00313753,-0.288488,-0.00427827,-0.382906,4.26519,-91947.5,-1,1.09134e-09,1,0
0.0031384,-0.288608,-0.00529098,-0.382862,4.26484,-91960.3,-1,1.45822e-10,1,0
0.00313962,-0.288978,-0.00398667,-0.383206,4.26465,-92042.3,-1,1.10759e-09,1,0
0.00314024,-0.288818,-0.00468484,-0.38347,4.26521,-91973.3,-1,7.63053e-10,1,0
0.00314085,-0.288995,-0.00524366,-0.383697,4.26347,-92011.8,-1,1.69113e-10,1,0
0.00314131,-0.289115,-0.00522769,-0.383738,4.26508,-92036.5,-1,2.58986e-10,1,0
0.0031427,-0.289485,-0.00640451,-0.38491,4.26546,-92113.4,-1,1.70135e-09,1,0
0.00314327,-0.288907,-0.00627199,-0.384852,4.26219,-91912.7,-1,8.99706e-11,1,0
0.00314536,-0.287117,-0.00638511,-0.385621,4.26369,-91282.6,-1,7.39117e-10,1,0
0.00314682,-0.287053,-0.00594829,-0.386004,4.26524,-91220,-1,6.08759e-10,1,0
0.00314827,-0.286142,-0.00442788,-0.386102,4.26516,-90888.4,-1,2.30721e-09,1,0
0.00314936,-0.285892,-0.00551833,-0.386048,4.26305,-90777.7,-1,1.14811e-09,1,0
0.0031498,-0.285631,-0.00545164,-0.386399,4.25999,-90682.5,-1,3.24826e-10,1,0
0.00315054,-0.285224,-0.00524969,-0.38686,4.25938,-90531.8,-1,7.50972e-10,1,0
0.00315155,-0.284572,-0.00422997,-0.386595,4.25778,-90295.9,-1,1.56126e-09,1,0
0.00315302,-0.284515,-0.00389846,-0.386522,4.25104,-90235.8,-1,1.03939e-09,1,0
0.00315326,-0.284666,-0.00388908,-0.386472,4.25418,-90276.7,-1,7.5681e-11,1,0
0.00315421,-0.283844,-0.00412466,-0.387255,4.25422,-89988.8,-1,7.5681e-11,1,0
0.00315537,-0.282856,-0.00433816,-0.388206,4.25459,-89642.9,-1,2.50765e-09,1,0
0.00315618,-0.282336,-0.00375713,-0.388825,4.25461,-89455,-1,2.50765e-09,1,0
0.00315659,-0.282133,-0.00370721,-0.389107,4.25283,-89379.3,-1,1.80229e-10,1,0
0.00315759,-0.282671,-0.00337608,-0.390167,4.2528,-89521.2,-1,1.80229e-10,1,0
0.00315801,-0.282913,-0.00346219,-0.390098,4.25351,-89585.9,-1,3.13511e-10,1,0
0.00315882,-0.282948,-0.00391137,-0.389405,4.25213,-89574,-1,7.92765e-10,1,0
0.00316031,-0.282475,-0.00487666,-0.389755,4.2514,-89382.1,-1,2.24834e-10,1,0
0.00316053,-0.282446,-0.00482385,-0.389682,4.25408,-89366.6,-1,2.26189e-11,1,0
0.00316126,-0.282144,-0.00504645,-0.390414,4.25501,-89250.4,-1,4.32181e-10,1,0
0.00316184,-0.282099,-0.00524378,-0.390527,4.25514,-89219.9,-1,8.56672e-10,1,0
0.00316278,-0.281964,-0.00498738,-0.390801,4.25365,-89150.6,-1,6.45391e-10,1,0
0.00316356,-0.282122,-0.00539263,-0.391241,4.25201,-89178.7,-1,2.87942e-10,1,0
0.00316423,-0.282824,-0.00538986,-0.39165,4.25182,-89381.8,-1,6.73927e-10,1,0
0.00316457,-0.283192,-0.00538815,-0.391865,4.2518,-89488.3,-1,6.73927e-10,1,0
0.00316635,-0.284432,-0.00630213,-0.392668,4.25359,-89829.4,-1,5.34955e-10,1,0
0.00316739,-0.284262,-0.0052402,-0.392032,4.25377,-89746.3,-1,1.08517e-09,1,0
0.00316761,-0.284342,-0.0051914,-0.39208,4.25398,-89765.4,-1,2.86154e-10,1,0
0.00316879,-0.285527,-0.00534387,-0.392904,4.25549,-90106,-1,1.61754e-09,1,0
0.00316915,-0.285156,-0.00543635,-0.39291,4.2566,-89978.7,-1,3.62987e-11,1,0
0.00316975,-0.284485,-0.00562681,-0.392902,4.25595,-89749.9,-1,1.04666e-09,1,0
0.00317003,-0.284219,-0.00549621,-0.392865,4.25473,-89658.4,-1,1.35519e-10,1,0
0.00317064,-0.283586,-0.00509775,-0.392844,4.25476,-89441.4,-1,1.35519e-10,1,0
0.00317109,-0.283115,-0.0048014,-0.392829,4.2538,-89280,-1,1.59336e-09,1,0
0.00317298,-0.284152,-0.00466641,-0.392159,4.25111,-89553.8,-1,1.21699e-09,1,0
0.00317325,-0.284201,-0.0046921,-0.392493,4.25203,-89561.5,-1,3.3897e-10,1,0
0.00317357,-0.284294,-0.00495449,-0.392258,4.25304,-89581.7,-1,4.5764e-11,1,0
0.00317483,-0.285021,-0.00474655,-0.393086,4.25413,-89775,-1,6.14714e-10,1,0
0.00317516,-0.285375,-0.00482653,-0.393244,4.25411,-89877.6,-1,6.14714e-10,1,0
0.00317642,-0.285728,-0.00453549,-0.39377,4.25482,-89952.8,-1,2.86706e-10,1,0
0.00317761,-0.285027,-0.00393827,-0.394887,4.25486,-89698.5,-1,2.86706e-10,1,0
0.00317784,-0.28489,-0.00382193,-0.395104,4.25623,-89649,-1,2.25927e-09,1,0
0.0031783,-0.285367,-0.00404361,-0.395299,4.25448,-89786.2,-1,5.60895e-10,1,0
0.00317892,-0.284925,-0.00432626,-0.395211,4.25186,-89629.4,-1,5.28554e-10,1,0
0.00317957,-0.28446,-0.00435507,-0.395214,4.24926,-89465,-1,4.55564e-10,1,0
0.00318033,-0.28444,-0.00501815,-0.394623,4.24625,-89437.2,-1,4.44691e-11,1,0
0.00318132,-0.285031,-0.0059453,-0.39439,4.24651,-89595.2,-1,7.60271e-10,1,0
0.0031823,-0.285167,-0.00712786,-0.394506,4.24642,-89610.4,-1,1.19599e-09,1,0
0.00318396,-0.284483,-0.00852846,-0.395582,4.24631,-89348.8,-1,8.72294e-10,1,0
0.00318433,-0.284502,-0.00886553,-0.395771,4.24502,-89344.5,-1,5.13147e-11,1,0
0.00318576,-0.283188,-0.00896325,-0.395974,4.2449,-88891.9,-1,9.21557e-10,1,0
0.0031866,-0.282686,-0.00823865,-0.39582,4.24437,-88710.7,-1,3.28402e-10,1,0
0.00318683,-0.282741,-0.00811541,-0.395729,4.245,-88721.5,-1,2.08738e-10,1,0
0.00318806,-0.282661,-0.00774577,-0.394964,4.24891,-88662.6,-1,4.29865e-10,1,0
0.00318923,-0.281494,-0.0085102,-0.39506,4.24746,-88263.8,-1,1.40795e-09,1,0
0.00318986,-0.281203,-0.0080786,-0.394865,4.24571,-88155.2,-1,2.18498e-10,1,0
0.00319124,-0.280339,-0.00861305,-0.395147,4.24604,-87846.4,-1,1.15128e-10,1,0
0.00319204,-0.280091,-0.00803723,-0.395,4.24611,-87746.7,-1,1.03869e-10,1,0
0.00319279,-0.279789,-0.00750265,-0.394629,4.24451,-87631.4,-1,1.88281e-11,1,0
0.00319477,-0.279662,-0.0088364,-0.394615,4.24581,-87537.3,-1,1.25867e-09,1,0
0.00319631,-0.279455,-0.00895714,-0.394124,4.24764,-87430.7,-1,6.04981e-12,1,0
0.00319666,-0.279327,-0.00917879,-0.394011,4.24817,-87381.1,-1,2.75327e-10,1,0
0.00319753,-0.279232,-0.0100643,-0.393725,4.24675,-87327.4,-1,5.68727e-10,1,0
0.00319877,-0.280018,-0.00968644,-0.394969,4.24836,-87539.3,-1,1.51991e-09,1,0
0.00319983,-0.280341,-0.0102646,-0.39529,4.2466,-87611.2,-1,9.15525e-10,1,0
0.00320104,-0.279041,-0.01012,-0.395327,4.24826,-87172,-1,8.88962e-11,1,0
0.00320255,-0.277535,-0.0105344,-0.395437,4.24712,-86660.7,-1,5.73026e-10,1,0
0.00320334,-0.27677,-0.0101702,-0.395551,4.24826,-86400.4,-1,1.54235e-09,1,0
0.00320501,-0.275324,-0.00876958,-0.395553,4.24877,-85904.3,-1,2.36227e-09,1,0
0.00320643,-0.27501,-0.00772619,-0.395179,4.24801,-85768.3,-1,4.41566e-10,1,0
0.00320787,-0.276593,-0.00846666,-0.395352,4.24934,-86223.5,-1,1.7566e-09,1,0
0.00320903,-0.275931,-0.00943881,-0.394581,4.24957,-85985.8,-1,1.15934e-09,1,0
0.00321018,-0.275025,-0.0103331,-0.394201,4.24747,-85672.6,-1,9.08945e-11,1,0
0.00321048,-0.274994,-0.0101225,-0.393927,4.24712,-85655.2,-1,3.20002e-10,1,0
0.00321123,-0.27468,-0.00956991,-0.39392,4.24859,-85537.1,-1,1.99997e-10,1,0
0.00321232,-0.275435,-0.00915156,-0.394675,4.24943,-85743.2,-1,1.13287e-09,1,0
0.00321316,-0.275796,-0.00918316,-0.394866,4.24936,-85833.1,-1,6.65458e-11,1,0
0.00321427,-0.276648,-0.00979369,-0.394341,4.24732,-86068.6,-1,1.18111e-09,1,0
0.00321449,-0.276713,-0.00995739,-0.394537,4.24559,-86083.1,-1,2.63812e-10,1,0
0.00321512,-0.277172,-0.00934605,-0.394468,4.24603,-86208.9,-1,7.67304e-10,1,0
0.00321604,-0.277297,-0.00822675,-0.394453,4.24483,-86223.3,-1,1.12646e-09,1,0
0.00321645,-0.277196,-0.00839156,-0.394586,4.24415,-86180.6,-1,5.17989e-11,1,0
0.00321817,-0.27572,-0.00870964,-0.39604,4.24423,-85676,-1,5.17989e-11,1,0
0.00321958,-0.274492,-0.00917025,-0.397025,4.2416,-85257.1,-1,4.07434e-10,1,0
0.00322072,-0.27505,-0.00997092,-0.397741,4.24049,-85400.2,-1,3.82541e-10,1,0
0.00322195,-0.275578,-0.0112276,-0.397113,4.24054,-85531.6,-1,1.50064e-09,1,0
0.00322252,-0.275492,-0.0113163,-0.397145,4.2432,-85489.4,-1,2.46781e-10,1,0
0.00322291,-0.275609,-0.0108603,-0.397095,4.24319,-85515.5,-1,2.46781e-10,1,0
0.00322488,-0.276205,-0.00853883,-0.396839,4.24316,-85648.2,-1,2.46781e-10,1,0
0.00322573,-0.276527,-0.0078586,-0.396963,4.2418,-85725.5,-1,1.86699e-10,1,0
0.00322744,-0.27743,-0.0064548,-0.396979,4.24135,-85959.9,-1,3.75767e-10,1,0
0.00322852,-0.276949,-0.00704091,-0.397305,4.24365,-85781.9,-1,7.22234e-10,1,0
0.00322934,-0.276658,-0.00770525,-0.396618,4.24366,-85670.2,-1,7.22234e-10,1,0
0.00322971,-0.276698,-0.0077938,-0.396286,4.24456,-85672.7,-1,1.23535e-09,1,0
0.00323019,-0.276978,-0.00762195,-0.395831,4.24331,-85746.7,-1,1.54143e-11,1,0
0.00323075,-0.277155,-0.00716655,-0.395992,4.24229,-85786.4,-1,3.35695e-10,1,0
0.00323216,-0.278752,-0.00728431,-0.396436,4.24243,-86243.2,-1,1.15919e-09,1,0
0.00323435,-0.279221,-0.00693251,-0.396779,4.24157,-86329.9,-1,1.08622e-09,1,0
0.00323657,-0.281272,-0.00794763,-0.395897,4.24144,-86904.4,-1,1.15914e-09,1,0
0.00323709,-0.281368,-0.00833979,-0.395847,4.24526,-86920.1,-1,8.96018e-11,1,0
0.00323769,-0.281434,-0.00781691,-0.395326,4.24525,-86924.4,-1,8.96018e-11,1,0
0.00323852,-0.280948,-0.00812493,-0.395907,4.24306,-86751.7,-1,8.48182e-10,1,0
0.00323974,-0.2813,-0.00855107,-0.395933,4.24438,-86828,-1,6.85428e-10,1,0
0.00324106,-0.281832,-0.00912766,-0.395623,4.24254,-86956.7,-1,7.05932e-10,1,0
0.00324186,-0.282492,-0.00899183,-0.395839,4.24213,-87138.9,-1,5.53018e-10,1,0
0.00324253,-0.282966,-0.00938745,-0.396267,4.24291,-87266.9,-1,5.29853e-11,1,0
0.00324284,-0.282899,-0.00910337,-0.396022,4.2434,-87237.8,-1,3.81434e-10,1,0
0.00324378,-0.282453,-0.00912588,-0.395989,4.24171,-87075.3,-1,6.11907e-10,1,0
0.00324574,-0.283173,-0.0102047,-0.394291,4.243,-87244.5,-1,1.15919e-09,1,0
0.00324601,-0.283139,-0.00991961,-0.394439,4.24288,-87226.9,-1,3.22666e-10,1,0
0.00324705,-0.282628,-0.00950986,-0.394327,4.24138,-87041.4,-1,2.55588e-10,1,0
0.00324783,-0.28203,-0.0100231,-0.394105,4.24161,-86836.6,-1,4.85155e-10,1,0
0.00324833,-0.281692,-0.0101155,-0.394539,4.24239,-86719,-1,4.50328e-10,1,0
0.00324894,-0.281199,-0.010035,-0.394513,4.24325,-86551.2,-1,3.26405e-12,1,0
0.00324913,-0.281104,-0.0100687,-0.394686,4.24437,-86516.8,-1,5.01617e-10,1,0
0.00324994,-0.281329,-0.0103634,-0.394715,4.24153,-86564.5,-1,5.68672e-10,1,0
0.0032513,-0.282466,-0.0103028,-0.3938,4.2398,-86877.8,-1,5.41436e-10,1,0
0.00325205,-0.282908,-0.0101719,-0.393097,4.24096,-86993.6,-1,2.12964e-09,1,0
0.00325301,-0.282916,-0.00970034,-0.392026,4.24099,-86970.6,-1,1.48108e-09,1,0
0.00325351,-0.283151,-0.0101424,-0.39168,4.24098,-87029.4,-1,1.48108e-09,1,0
0.00325413,-0.283445,-0.0106965,-0.391246,4.23996,-87103.1,-1,1.37132e-09,1,0
0.00325498,-0.284436,-0.0109554,-0.391403,4.23955,-87384.8,-1,1.03611e-09,1,0
0.00325618,-0.284043,-0.0100946,-0.392516,4.24027,-87232.1,-1,1.46145e-09,1,0
0.00325727,-0.283869,-0.00942901,-0.392984,4.24035,-87149.5,-1,8.27428e-10,1,0
0.0032582,-0.283859,-0.00872158,-0.392991,4.23839,-87121.4,-1,8.00868e-10,1,0
0.00325859,-0.283746,-0.00868625,-0.392868,4.23665,-87076.2,-1,2.6588e-10,1,0
0.00326056,-0.283284,-0.00923039,-0.391864,4.23591,-86882,-1,1.95258e-10,1,0
0.00326102,-0.282841,-0.00955061,-0.391725,4.23423,-86734,-1,1.72267e-09,1,0
0.0032614,-0.283131,-0.00988534,-0.391874,4.23421,-86812.6,-1,1.72267e-09,1,0
0.00326211,-0.283258,-0.0100126,-0.391615,4.23422,-86832.8,-1,8.82624e-10,1,0
0.0032633,-0.283412,-0.010148,-0.390348,4.23276,-86848.4,-1,9.20242e-10,1,0
0.00326441,-0.282727,-0.00980987,-0.391095,4.23417,-86609.1,-1,1.15952e-09,1,0
0.00326505,-0.283063,-0.0104841,-0.39132,4.23357,-86694.8,-1,8.50425e-10,1,0
0.00326548,-0.282939,-0.0108707,-0.391466,4.23313,-86645.4,-1,2.05745e-10,1,0
0.00326672,-0.282941,-0.0119276,-0.391907,4.23242,-86613.1,-1,9.77696e-11,1,0
0.00326748,-0.282342,-0.0121757,-0.392434,4.23182,-86409.6,-1,3.83853e-10,1,0
0.00326793,-0.282535,-0.0119902,-0.392337,4.23046,-86456.9,-1,1.77763e-10,1,0
0.00326859,-0.282178,-0.0116209,-0.391902,4.22931,-86330.3,-1,6.37607e-10,1,0
0.0032699,-0.280964,-0.0110092,-0.392627,4.2304,-85924.4,-1,3.18685e-11,1,0
0.00327075,-0.280219,-0.0106727,-0.39223,4.22989,-85674.3,-1,7.41872e-10,1,0
0.00327178,-0.280951,-0.00983576,-0.392089,4.23224,-85870.9,-1,2.64008e-10,1,0
0.00327311,-0.279946,-0.0101118,-0.391731,4.22866,-85529.1,-1,1.15901e-09,1,0
0.00327351,-0.279946,-0.00985207,-0.391502,4.2272,-85518.8,-1,1.87527e-11,1,0
0.00327415,-0.280134,-0.00934468,-0.390925,4.22694,-85559.2,-1,1.14401e-09,1,0
0.00327451,-0.279855,-0.00967882,-0.390955,4.22459,-85464.5,-1,4.36705e-10,1,0
0.00327542,-0.280692,-0.00934887,-0.390742,4.2258,-85696.3,-1,4.72804e-11,1,0
0.00327595,-0.281008,-0.00970941,-0.390382,4.22549,-85779.1,-1,5.41915e-10,1,0
0.00327711,-0.281071,-0.010593,-0.389404,4.22537,-85768,-1,1.75243e-10,1,0
0.00327822,-0.281254,-0.00958748,-0.389372,4.22329,-85794.8,-1,4.33584e-13,1,0
0.00328017,-0.281432,-0.00956944,-0.389703,4.22037,-85797.9,-1,1.1586e-09,1,0
0.00328098,-0.281172,-0.0100031,-0.389897,4.21951,-85697.7,-1,1.44481e-09,1,0
0.00328153,-0.281445,-0.010508,-0.390083,4.21912,-85766.6,-1,4.34431e-11,1,0
0.00328261,-0.281031,-0.0113996,-0.39032,4.21879,-85611.9,-1,1.12825e-09,1,0
0.00328308,-0.280932,-0.0113685,-0.390663,4.21755,-85569.4,-1,2.6862e-10,1,0
0.00328447,-0.280963,-0.0126209,-0.390852,4.21771,-85542.9,-1,9.42127e-10,1,0
0.00328502,-0.280722,-0.0127453,-0.390628,4.21711,-85455.2,-1,2.53957e-10,1,0
0.0032867,-0.281535,-0.0132205,-0.391322,4.21741,-85658.6,-1,3.72594e-10,1,0
0.00328692,-0.281661,-0.0130564,-0.391325,4.21512,-85691.6,-1,4.50634e-11,1,0
0.00328782,-0.28235,-0.0135354,-0.390616,4.21508,-85877.7,-1,4.50634e-11,1,0
0.00328952,-0.283151,-0.0138135,-0.388899,4.21547,-86076.7,-1,2.00787e-09,1,0
0.00328976,-0.283208,-0.013732,-0.38873,4.21542,-86087.7,-1,7.7714e-11,1,0
0.00329017,-0.283339,-0.013743,-0.389213,4.21541,-86116.6,-1,7.7714e-11,1,0
0.00329111,-0.283502,-0.0141986,-0.390021,4.21477,-86141.8,-1,4.08611e-10,1,0
0.00329228,-0.282659,-0.0146065,-0.391081,4.21435,-85855.1,-1,6.36118e-10,1,0
0.00329341,-0.281787,-0.0148626,-0.391946,4.21476,-85560.7,-1,2.52489e-09,1,0
0.00329395,-0.281716,-0.0144521,-0.39175,4.21361,-85525.3,-1,4.55004e-10,1,0
0.00329484,-0.281888,-0.0147617,-0.391823,4.21278,-85554.4,-1,6.74495e-10,1,0
0.00329624,-0.281909,-0.0157618,-0.39237,4.21212,-85524.5,-1,3.38744e-10,1,0
0.00329635,-0.281795,-0.0157142,-0.39234,4.21072,-85487.1,-1,2.24275e-10,1,0
0.00329749,-0.280998,-0.0152577,-0.391877,4.21013,-85215.8,-1,3.69022e-10,1,0
0.0032982,-0.281567,-0.0156868,-0.391499,4.21038,-85370,-1,9.64659e-11,1,0
0.00329845,-0.281377,-0.0157137,-0.39134,4.21082,-85305.6,-1,2.63396e-10,1,0
0.00329951,-0.282316,-0.0157317,-0.391532,4.21536,-85563.1,-1,3.13798e-10,1,0
0.0033006,-0.282355,-0.0148167,-0.391192,4.21306,-85546.5,-1,1.05844e-09,1,0
0.00330121,-0.28209,-0.0150433,-0.39184,4.21307,-85450.5,-1,1.05844e-09,1,0
0.00330291,-0.281147,-0.0144058,-0.392996,4.21345,-85121.1,-1,1.15908e-09,1,0
0.00330404,-0.280024,-0.0150251,-0.393516,4.2135,-84751.8,-1,1.15908e-09,1,0
0.00330509,-0.279971,-0.0148422,-0.394597,4.21534,-84709.2,-1,1.60861e-09,1,0
0.00330577,-0.280074,-0.0146174,-0.395387,4.21487,-84723,-1,1.87262e-09,1,0
0.00330645,-0.280143,-0.0146782,-0.395386,4.21395,-84726.3,-1,3.12725e-10,1,0
0.00330712,-0.280469,-0.0147909,-0.395687,4.21529,-84807.4,-1,2.06873e-10,1,0
0.0033078,-0.280851,-0.014246,-0.39614,4.21768,-84905.8,-1,2.01375e-10,1,0
0.00330894,-0.28176,-0.013965,-0.395215,4.21785,-85151.4,-1,1.26073e-09,1,0
0.003309,-0.281744,-0.013916,-0.39519,4.21707,-85144.7,-1,2.81256e-11,1,0
0.00331012,-0.280824,-0.0129876,-0.39482,4.21712,-84838,-1,2.81256e-11,1,0
0.00331083,-0.280232,-0.0123906,-0.394581,4.21715,-84640.9,-1,2.81256e-11,1,0
0.00331225,-0.279061,-0.0112093,-0.39411,4.21877,-84251.1,-1,3.96122e-09,1,0
0.00331332,-0.279496,-0.0106288,-0.395186,4.21875,-84355.3,-1,3.96122e-09,1,0
0.00331463,-0.279181,-0.0098907,-0.396196,4.21885,-84227,-1,4.65029e-10,1,0
0.00331526,-0.279225,-0.00946335,-0.396846,4.21884,-84224,-1,4.65029e-10,1,0
0.00331633,-0.280258,-0.00989865,-0.396753,4.21821,-84508.5,-1,1.16205e-09,1,0
0.00331796,-0.281004,-0.00997748,-0.39707,4.21732,-84691.8,-1,1.08685e-09,1,0
0.0033187,-0.28037,-0.00971044,-0.396492,4.21603,-84481.8,-1,8.98908e-10,1,0
0.00331964,-0.281192,-0.00987039,-0.396149,4.21554,-84705.7,-1,2.74377e-10,1,0
0.00332014,-0.280667,-0.0101204,-0.396333,4.21601,-84534.8,-1,4.39381e-11,1,0
0.00332038,-0.28073,-0.0103381,-0.396368,4.21559,-84547.6,-1,2.37446e-10,1,0
0.00332131,-0.281645,-0.0101444,-0.395748,4.21648,-84799.4,-1,1.85388e-10,1,0
0.00332262,-0.280994,-0.0103493,-0.395188,4.21612,-84570.1,-1,4.09919e-10,1,0
0.00332298,-0.280669,-0.0105904,-0.395076,4.21731,-84463.1,-1,3.02476e-10,1,0
0.00332397,-0.280734,-0.0105507,-0.394825,4.21757,-84457.3,-1,5.57785e-10,1,0
0.00332532,-0.280887,-0.00915377,-0.393967,4.21757,-84469,-1,5.57785e-10,1,0
0.00332629,-0.280996,-0.00815336,-0.393353,4.21818,-84477.4,-1,3.49784e-09,1,0
0.00332705,-0.281197,-0.00813744,-0.393619,4.21486,-84518.4,-1,6.0189e-10,1,0
0.00332774,-0.281167,-0.00773369,-0.393883,4.2128,-84491.7,-1,4.84323e-10,1,0
0.00332848,-0.281601,-0.00729114,-0.393225,4.20978,-84603.3,-1,9.0363e-10,1,0
0.00332949,-0.280793,-0.00797685,-0.392641,4.20972,-84335.3,-1,1.17988e-09,1,0
0.00333011,-0.281033,-0.00850356,-0.392734,4.21069,-84391.6,-1,6.46588e-10,1,0
0.00333144,-0.280793,-0.00752691,-0.394002,4.21076,-84285.8,-1,1.61894e-09,1,0
0.00333346,-0.281142,-0.00713141,-0.394451,4.20792,-84339.5,-1,6.53612e-10,1,0
0.00333435,-0.282178,-0.00728593,-0.394179,4.20787,-84627.6,-1,6.53612e-10,1,0
0.00333476,-0.282126,-0.00757661,-0.39414,4.20865,-84601.6,-1,1.89425e-09,1,0
0.00333514,-0.281839,-0.00793799,-0.394144,4.2044,-84505.7,-1,8.02834e-10,1,0
0.00333608,-0.282439,-0.0073852,-0.393785,4.20399,-84662,-1,1.65816e-10,1,0
0.00333693,-0.281895,-0.00749571,-0.393778,4.2064,-84477.4,-1,5.98307e-10,1,0
0.00333732,-0.281746,-0.00739117,-0.39336,4.20526,-84422.6,-1,4.40614e-10,1,0
0.00333792,-0.281718,-0.00745704,-0.39319,4.20283,-84399.2,-1,2.29006e-10,1,0
0.00333852,-0.281558,-0.00729004,-0.393586,4.20195,-84336.2,-1,2.20844e-10,1,0
0.00333969,-0.28064,-0.00831059,-0.39326,4.20255,-84031.6,-1,3.77498e-11,1,0
0.00334059,-0.280477,-0.00840014,-0.392936,4.2069,-83960.4,-1,5.1444e-10,1,0
0.00334159,-0.281308,-0.00851038,-0.392537,4.20219,-84184,-1,3.4437e-10,1,0
0.00334241,-0.28151,-0.00901591,-0.392664,4.20039,-84223.8,-1,3.26906e-10,1,0
0.0033432,-0.28146,-0.00963541,-0.393172,4.20267,-84189,-1,1.70444e-10,1,0
0.00334368,-0.281262,-0.0097014,-0.393199,4.19887,-84117.4,-1,3.58085e-10,1,0
0.00334554,-0.2799,-0.00909114,-0.3915,4.19638,-83663.8,-1,2.261e-09,1,0
0.00334748,-0.279503,-0.00963552,-0.393657,4.19577,-83496.4,-1,1.17891e-09,1,0
0.00334791,-0.279213,-0.00965897,-0.39404,4.19662,-83399.3,-1,2.33399e-11,1,0
0.00334906,-0.279186,-0.00995555,-0.394794,4.19405,-83362.5,-1,7.54711e-10,1,0
0.00335033,-0.278672,-0.00908342,-0.393621,4.19407,-83177.5,-1,7.54711e-10,1,0
0.00335123,-0.278309,-0.00846677,-0.392792,4.19237,-83046.8,-1,2.64459e-09,1,0
0.00335145,-0.27822,-0.00834796,-0.392988,4.19193,-83014.6,-1,2.37955e-10,1,0
0.00335189,-0.278151,-0.00804097,-0.392925,4.19125,-82983.6,-1,2.6742e-10,1,0
0.00335268,-0.277413,-0.00748294,-0.392811,4.19652,-82743.5,-1,3.36289e-11,1,0
0.00335357,-0.277297,-0.00855706,-0.392798,4.1963,-82687.1,-1,1.0804e-09,1,0
0.00335388,-0.277305,-0.00830983,-0.392929,4.19376,-82681.8,-1,2.73442e-10,1,0
0.00335537,-0.276531,-0.00911934,-0.394254,4.1894,-82414.3,-1,1.74976e-10,1,0
0.00335611,-0.27633,-0.00882278,-0.394721,4.1883,-82336.4,-1,1.92523e-11,1,0
0.00335633,-0.276338,-0.00883811,-0.39484,4.19172,-82333.4,-1,1.86097e-10,1,0
0.00335719,-0.275726,-0.00919137,-0.394423,4.19345,-82130,-1,3.52689e-10,1,0
0.00335818,-0.276118,-0.00940252,-0.394165,4.18956,-82222.5,-1,2.76874e-10,1,0
0.00335905,-0.275909,-0.0101738,-0.393813,4.19199,-82139.1,-1,1.19893e-10,1,0
0.00335939,-0.276113,-0.0104738,-0.393738,4.19123,-82191.6,-1,2.75343e-10,1,0
0.00335984,-0.276041,-0.0109309,-0.393988,4.19087,-82158.9,-1,4.72605e-10,1,0
0.00336035,-0.276214,-0.0107658,-0.393959,4.19017,-82198.1,-1,3.30804e-10,1,0
0.00336115,-0.275651,-0.0111855,-0.3936,4.18909,-82010.8,-1,7.3697e-10,1,0
0.0033621,-0.275553,-0.0108892,-0.392495,4.1899,-81958.6,-1,1.38999e-09,1,0
0.00336254,-0.275356,-0.011273,-0.392487,4.18891,-81889.3,-1,3.14391e-10,1,0
0.00336287,-0.275424,-0.0111712,-0.392747,4.18726,-81901.6,-1,6.62201e-11,1,0
0.00336344,-0.274882,-0.0109434,-0.392818,4.18533,-81726.5,-1,3.5228e-10,1,0
0.00336434,-0.275258,-0.0115249,-0.392005,4.18594,-81816.5,-1,9.87371e-10,1,0
0.00336496,-0.275201,-0.0121855,-0.391637,4.18582,-81784.5,-1,8.58405e-10,1,0
0.00336537,-0.275458,-0.0118167,-0.391853,4.18641,-81850.6,-1,4.98266e-10,1,0
0.00336577,-0.275481,-0.0119714,-0.391572,4.18708,-81847.7,-1,1.09276e-10,1,0
0.00336655,-0.275309,-0.0125631,-0.392133,4.18687,-81777.8,-1,7.93415e-10,1,0
0.00336702,-0.275543,-0.0129707,-0.392187,4.18788,-81835.9,-1,6.00261e-10,1,0
0.00336767,-0.275122,-0.0123457,-0.392332,4.18747,-81695.2,-1,1.15784e-10,1,0
0.00336877,-0.275558,-0.0122767,-0.392667,4.18732,-81797.7,-1,1.32058e-10,1,0
0.00336971,-0.276445,-0.0127362,-0.393221,4.18727,-82038,-1,1.32058e-10,1,0
0.00337164,-0.278264,-0.013679,-0.394357,4.18718,-82530.5,-1,1.32058e-10,1,0
0.0033721,-0.278583,-0.0139654,-0.394555,4.18848,-82614,-1,4.72892e-09,1,0
0.00337346,-0.278679,-0.01323,-0.393431,4.18666,-82609.4,-1,3.14802e-10,1,0
0.00337372,-0.278767,-0.0133545,-0.393238,4.18531,-82629.1,-1,2.38075e-10,1,0
0.00337428,-0.278385,-0.0133306,-0.393653,4.18432,-82502.1,-1,5.35515e-10,1,0
0.00337482,-0.278171,-0.0127205,-0.393746,4.18438,-82425.4,-1,8.07167e-10,1,0
0.00337545,-0.278517,-0.0130878,-0.393546,4.18295,-82512.5,-1,4.28033e-10,1,0
0.0033756,-0.278518,-0.0132537,-0.393622,4.18399,-82509.1,-1,1.82604e-10,1,0
0.00337751,-0.279189,-0.0116343,-0.394203,4.18193,-82661.2,-1,8.62285e-10,1,0
0.00337762,-0.279251,-0.0116179,-0.394205,4.18398,-82676.8,-1,8.98791e-11,1,0
0.00337795,-0.279147,-0.0114807,-0.394149,4.18739,-82638.1,-1,3.97231e-11,1,0
0.00337925,-0.277986,-0.0110853,-0.39435,4.18765,-82262.8,-1,3.99841e-10,1,0
0.00338072,-0.27634,-0.0111612,-0.394422,4.18721,-81739.9,-1,1.9319e-10,1,0
0.0033817,-0.276292,-0.0113668,-0.394813,4.18562,-81702.1,-1,5.51143e-10,1,0
0.00338212,-0.276236,-0.0113593,-0.394608,4.18642,-81675.3,-1,3.53887e-10,1,0
0.00338293,-0.276637,-0.0112143,-0.394938,4.18652,-81774.4,-1,5.02422e-10,1,0
0.00338394,-0.277321,-0.0117495,-0.394994,4.18899,-81952.3,-1,1.47699e-09,1,0
0.00338543,-0.277002,-0.0124095,-0.393852,4.1914,-81821.9,-1,1.18035e-09,1,0
0.00338668,-0.276355,-0.0130714,-0.395048,4.19143,-81600.7,-1,1.18035e-09,1,0
0.00338774,-0.275802,-0.0136371,-0.396071,4.18927,-81411.7,-1,2.80638e-09,1,0
0.00338838,-0.275887,-0.0140032,-0.395391,4.19021,-81421.5,-1,7.77656e-10,1,0
0.00338896,-0.275724,-0.0136698,-0.395599,4.19098,-81359.7,-1,2.55971e-10,1,0
0.00339032,-0.275204,-0.0140364,-0.396819,4.18974,-81173.5,-1,6.28798e-10,1,0
0.00339124,-0.275193,-0.0136181,-0.397007,4.19093,-81148.1,-1,5.6904e-10,1,0
0.00339165,-0.274766,-0.0137574,-0.397041,4.19173,-81012.3,-1,4.1659e-10,1,0
0.00339306,-0.274568,-0.0153006,-0.397744,4.19179,-80920.6,-1,1.70711e-09,1,0
0.00339448,-0.273439,-0.0149887,-0.39781,4.19141,-80554.1,-1,6.05124e-10,1,0
0.00339498,-0.273821,-0.0150885,-0.398134,4.19057,-80654.8,-1,5.31801e-10,1,0
0.00339615,-0.272853,-0.0158635,-0.39883,4.19062,-80341.9,-1,5.31801e-10,1,0
0.00339741,-0.271799,-0.0158961,-0.398962,4.18935,-80001.9,-1,7.00354e-10,1,0
0.00339917,-0.27171,-0.0166213,-0.399232,4.189,-79934.3,-1,2.74454e-10,1,0
0.00339956,-0.271503,-0.0169024,-0.399329,4.19022,-79864.2,-1,6.31101e-11,1,0
0.00339979,-0.271338,-0.0169159,-0.399356,4.18826,-79810.3,-1,1.02373e-10,1,0
0.0034003,-0.271777,-0.0171956,-0.399176,4.18759,-79927.2,-1,5.45484e-10,1,0
0.00340057,-0.271955,-0.0171282,-0.399061,4.18718,-79973.4,-1,2.87421e-12,1,0
0.00340144,-0.272804,-0.0169869,-0.398575,4.18691,-80202.5,-1,8.40472e-10,1,0
0.00340252,-0.273103,-0.0173227,-0.397654,4.18939,-80265,-1,8.23691e-10,1,0
0.00340373,-0.27359,-0.0172299,-0.39747,4.19308,-80379.5,-1,8.34318e-10,1,0
0.00340535,-0.273363,-0.0157733,-0.398758,4.19283,-80274.6,-1,2.4277e-09,1,0
0.00340682,-0.274139,-0.0156216,-0.399547,4.19208,-80467.6,-1,6.20685e-10,1,0
0.00340873,-0.275843,-0.0171714,-0.399731,4.192,-80922.6,-1,6.20685e-10,1,0
0.00340914,-0.276269,-0.0173564,-0.399667,4.1964,-81037.6,-1,8.0795e-12,1,0
0.00340979,-0.276381,-0.0173825,-0.399256,4.19443,-81055.4,-1,5.83754e-10,1,0
0.00341018,-0.276324,-0.0172549,-0.399719,4.19429,-81029,-1,6.56145e-10,1,0
0.00341037,-0.276207,-0.0173237,-0.399642,4.19379,-80990.3,-1,4.38806e-11,1,0
0.00341088,-0.276172,-0.0172771,-0.400242,4.19436,-80967.8,-1,2.01425e-10,1,0
0.00341142,-0.27577,-0.0172046,-0.40045,4.19312,-80837.4,-1,3.97429e-10,1,0
0.0034129,-0.277405,-0.0169645,-0.399797,4.19137,-81281.1,-1,1.41292e-09,1,0
0.00341365,-0.277365,-0.0174567,-0.399251,4.1917,-81251.7,-1,5.95398e-10,1,0
0.00341443,-0.277446,-0.0176058,-0.398907,4.19354,-81256.8,-1,9.28886e-10,1,0
0.00341575,-0.276217,-0.0181947,-0.399749,4.1936,-80865.6,-1,9.28886e-10,1,0
0.00341607,-0.275918,-0.0183379,-0.399954,4.19362,-80770.5,-1,9.28886e-10,1,0
0.00341663,-0.275312,-0.0181631,-0.399855,4.19143,-80580,-1,6.01994e-10,1,0
0.00341704,-0.275116,-0.0182306,-0.399612,4.19044,-80513,-1,3.72431e-10,1,0
0.00341824,-0.274707,-0.0176161,-0.398508,4.18811,-80364.8,-1,5.57296e-10,1,0
0.00341902,-0.274708,-0.0185108,-0.398486,4.18782,-80347.1,-1,9.44375e-11,1,0
0.00342026,-0.274718,-0.0178554,-0.39741,4.18781,-80320.7,-1,1.35298e-09,1,0
0.00342071,-0.274498,-0.0175235,-0.397074,4.18823,-80245.8,-1,4.68329e-10,1,0
0.00342137,-0.274941,-0.0169966,-0.397458,4.18875,-80359.8,-1,7.86302e-10,1,0
0.00342211,-0.274975,-0.0163518,-0.397875,4.18754,-80352.5,-1,3.40129e-10,1,0
0.00342314,-0.275127,-0.015729,-0.398427,4.18898,-80372.9,-1,7.81426e-10,1,0
0.00342363,-0.275387,-0.0154594,-0.398001,4.19389,-80437.3,-1,1.66541e-11,1,0
0.00342455,-0.274318,-0.0154499,-0.397661,4.1926,-80103.4,-1,1.35668e-10,1,0
0.00342536,-0.274206,-0.0164003,-0.397437,4.19375,-80051.6,-1,9.82948e-10,1,0
0.00342597,-0.274587,-0.0161669,-0.396983,4.19522,-80148.9,-1,6.63578e-10,1,0
0.00342775,-0.27515,-0.0147918,-0.397888,4.19432,-80271.4,-1,7.19144e-10,1,0
0.00342843,-0.275679,-0.0142974,-0.398282,4.1943,-80409.8,-1,7.19144e-10,1,0
0.00342937,-0.276414,-0.0136095,-0.39883,4.19499,-80602,-1,3.48936e-09,1,0
0.00342986,-0.27613,-0.0131851,-0.39876,4.19385,-80507.5,-1,5.0466e-10,1,0
0.00343063,-0.276776,-0.0131052,-0.398698,4.19305,-80678,-1,5.10057e-10,1,0
0.00343128,-0.27605,-0.012843,-0.398893,4.19007,-80451,-1,7.96208e-10,1,0
0.00343179,-0.276434,-0.0125425,-0.399002,4.18833,-80551.1,-1,5.10458e-10,1,0
0.00343291,-0.275385,-0.0131379,-0.398468,4.18891,-80219,-1,1.49813e-10,1,0
0.00343465,-0.273963,-0.0130624,-0.39771,4.1901,-79764.6,-1,9.43825e-10,1,0
0.0034352,-0.273561,-0.0127003,-0.397317,4.18997,-79634.5,-1,6.21893e-11,1,0
0.00343572,-0.2732,-0.0124315,-0.39694,4.18935,-79517.6,-1,1.15658e-09,1,0
0.00343695,-0.272721,-0.0130543,-0.395664,4.18938,-79349.6,-1,1.15658e-09,1,0
0.00343793,-0.272342,-0.0135461,-0.394657,4.18998,-79217.1,-1,2.76227e-09,1,0
0.00343844,-0.272686,-0.0133929,-0.394415,4.18976,-79305.3,-1,2.10211e-11,1,0
0.00343931,-0.27321,-0.0132302,-0.394138,4.19006,-79437.6,-1,4.34962e-10,1,0
0.00344046,-0.272759,-0.0137169,-0.393537,4.18947,-79279.7,-1,9.77736e-10,1,0
0.00344127,-0.272656,-0.0140487,-0.393907,4.18633,-79231.3,-1,4.92666e-11,1,0
0.00344195,-0.273302,-0.0139269,-0.39342,4.18634,-79403.3,-1,8.85236e-10,1,0
0.00344362,-0.274724,-0.0127135,-0.392984,4.18743,-79777.6,-1,1.18043e-09,1,0
0.00344447,-0.274886,-0.0118487,-0.392438,4.18646,-79805.1,-1,1.03207e-09,1,0
0.00344508,-0.274609,-0.0114715,-0.392473,4.18583,-79710.5,-1,1.57634e-10,1,0
0.00344535,-0.274479,-0.0111676,-0.392489,4.18621,-79666.3,-1,3.27518e-10,1,0
0.00344691,-0.274816,-0.0115306,-0.391114,4.18675,-79728.3,-1,1.25066e-09,1,0
0.00344763,-0.274415,-0.0119938,-0.390523,4.18622,-79595.2,-1,1.20019e-09,1,0
0.00344827,-0.274257,-0.0123096,-0.389842,4.18623,-79534.7,-1,1.20019e-09,1,0
0.00344902,-0.274002,-0.0118857,-0.389276,4.18704,-79443.5,-1,8.84045e-12,1,0
0.0034506,-0.273176,-0.0104961,-0.388315,4.1873,-79167.8,-1,7.33395e-10,1,0
0.00345204,-0.271825,-0.0103479,-0.387209,4.18737,-78743.4,-1,7.33395e-10,1,0
0.00345343,-0.270519,-0.0102046,-0.386141,4.18744,-78333.5,-1,7.33395e-10,1,0
0.00345412,-0.269881,-0.0101345,-0.385618,4.18751,-78133.1,-1,4.27312e-09,1,0
0.00345568,-0.269012,-0.0115069,-0.384627,4.18715,-77846.2,-1,1.90295e-09,1,0
0.00345624,-0.268395,-0.0116227,-0.38484,4.18746,-77655.2,-1,6.58639e-11,1,0
0.00345677,-0.26782,-0.0117334,-0.385084,4.18425,-77476.9,-1,1.24731e-09,1,0
0.0034576,-0.268135,-0.0116373,-0.384703,4.18332,-77549.6,-1,5.42223e-10,1,0
0.00345808,-0.267999,-0.0114309,-0.384879,4.18417,-77499.3,-1,7.49768e-10,1,0
0.00345875,-0.267692,-0.0115813,-0.385425,4.18352,-77395.5,-1,9.91551e-10,1,0
0.00345926,-0.2673,-0.0117495,-0.384988,4.18354,-77270.9,-1,9.91551e-10,1,0
0.00345986,-0.266831,-0.0119507,-0.384465,4.18356,-77121.9,-1,9.91551e-10,1,0
0.0034605,-0.267155,-0.0114847,-0.384342,4.18158,-77201.5,-1,6.38983e-10,1,0
0.00346074,-0.267242,-0.0116471,-0.384303,4.18185,-77220.9,-1,4.11573e-12,1,0
0.00346085,-0.267275,-0.0117316,-0.38428,4.18154,-77228.3,-1,1.96976e-11,1,0
0.00346213,-0.26809,-0.0118337,-0.385592,4.1809,-77435.1,-1,1.49583e-09,1,0
0.00346325,-0.268571,-0.0116259,-0.386845,4.1814,-77549,-1,1.41251e-09,1,0
0.00346394,-0.268519,-0.0123718,-0.387225,4.18128,-77518.4,-1,8.27498e-10,1,0
0.00346461,-0.26839,-0.0125622,-0.38757,4.18091,-77465.9,-1,4.16728e-10,1,0
0.0034649,-0.26827,-0.0123928,-0.387832,4.18114,-77425.1,-1,6.99706e-10,1,0
0.00346594,-0.267636,-0.0124193,-0.388522,4.18122,-77218.9,-1,5.20736e-10,1,0
0.00346673,-0.267741,-0.0128979,-0.389213,4.1818,-77231.4,-1,9.6149e-10,1,0
0.00346879,-0.26848,-0.0142403,-0.391181,4.18176,-77398.8,-1,9.6149e-10,1,0
0.0034694,-0.268852,-0.0146334,-0.391494,4.18372,-77492.4,-1,2.79863e-10,1,0
0.0034697,-0.269085,-0.0143562,-0.391479,4.18365,-77552.9,-1,3.36449e-10,1,0
0.00347046,-0.269772,-0.0138635,-0.391113,4.1847,-77733.8,-1,9.5025e-10,1,0
0.00347093,-0.269898,-0.0134434,-0.390981,4.18548,-77759.5,-1,4.00195e-10,1,0
0.0034718,-0.269551,-0.0133562,-0.391974,4.18544,-77640.1,-1,1.02683e-09,1,0
0.00347285,-0.269446,-0.013698,-0.392829,4.18442,-77586.2,-1,4.37559e-10,1,0
0.00347372,-0.269329,-0.0136365,-0.392659,4.18301,-77533.3,-1,2.87087e-10,1,0
0.00347527,-0.268598,-0.0141839,-0.39308,4.17944,-77288.3,-1,5.01289e-10,1,0
0.00347597,-0.268498,-0.0140673,-0.392884,4.17551,-77244,-1,3.81995e-10,1,0
0.00347633,-0.268702,-0.0137043,-0.392991,4.1755,-77294.7,-1,3.81995e-10,1,0
0.00347702,-0.269292,-0.0136111,-0.393178,4.1757,-77449,-1,3.48084e-10,1,0
0.00347741,-0.269306,-0.0136311,-0.393081,4.17396,-77444.6,-1,1.19348e-10,1,0
0.00347798,-0.268717,-0.01327,-0.392976,4.17399,-77262.2,-1,1.19348e-10,1,0
0.00347843,-0.268262,-0.0129913,-0.392895,4.17435,-77121.5,-1,1.3504e-09,1,0
0.00348011,-0.269069,-0.0136529,-0.391488,4.173,-77316.1,-1,6.52188e-10,1,0
0.00348133,-0.269218,-0.0131433,-0.391878,4.16756,-77332.1,-1,1.8161e-09,1,0
0.00348183,-0.269002,-0.0126747,-0.392189,4.16808,-77258.8,-1,9.6826e-12,1,0
0.00348229,-0.26918,-0.0128751,-0.392371,4.17012,-77299.6,-1,2.36445e-10,1,0
0.00348287,-0.269379,-0.0129399,-0.392699,4.17147,-77344.1,-1,2.6739e-10,1,0
0.00348324,-0.269232,-0.0130891,-0.392921,4.17432,-77293.5,-1,2.53968e-10,1,0
0.00348544,-0.269712,-0.0136833,-0.392488,4.17699,-77382.6,-1,1.1807e-09,1,0
0.00348651,-0.268747,-0.0132189,-0.392509,4.17878,-77081.9,-1,1.02947e-09,1,0
0.00348683,-0.26862,-0.0134111,-0.392469,4.17846,-77038.4,-1,2.99576e-10,1,0
0.00348794,-0.269004,-0.0125659,-0.393186,4.17772,-77124,-1,1.07624e-09,1,0
0.00348849,-0.269448,-0.0123357,-0.393148,4.17711,-77239.1,-1,1.22151e-10,1,0
0.00348979,-0.269366,-0.0116056,-0.394059,4.17815,-77187,-1,1.1939e-09,1,0
0.00349083,-0.269652,-0.0120927,-0.394216,4.17508,-77245.8,-1,3.91921e-10,1,0
0.00349108,-0.269697,-0.0118717,-0.394241,4.17466,-77253.1,-1,1.0369e-11,1,0
0.00349293,-0.268536,-0.0136781,-0.393593,4.175,-76879.8,-1,2.24276e-09,1,0
0.00349359,-0.268438,-0.0143356,-0.393383,4.17538,-76837.3,-1,4.02361e-10,1,0
0.00349496,-0.268862,-0.0153917,-0.392864,4.17679,-76928.3,-1,4.44424e-10,1,0
0.00349557,-0.268317,-0.015815,-0.392605,4.1767,-76759.2,-1,7.36736e-10,1,0
0.00349638,-0.268381,-0.0157194,-0.392523,4.17642,-76759.7,-1,5.41042e-10,1,0
0.00349702,-0.268661,-0.0162885,-0.39244,4.17787,-76825.5,-1,5.85764e-10,1,0
0.00349839,-0.268746,-0.0174117,-0.392075,4.17751,-76819.9,-1,3.79457e-10,1,0
0.00349988,-0.268603,-0.0188584,-0.392758,4.17665,-76746.4,-1,3.59455e-10,1,0
0.00350119,-0.268134,-0.0202207,-0.393448,4.17668,-76583.7,-1,3.59455e-10,1,0
0.0035023,-0.267773,-0.021337,-0.39388,4.17537,-76456.2,-1,4.25953e-09,1,0
0.00350273,-0.267751,-0.0215864,-0.393509,4.17761,-76440.7,-1,1.18977e-10,1,0
0.00350421,-0.26621,-0.0219059,-0.393843,4.17898,-75968.6,-1,6.04666e-10,1,0
0.0035055,-0.265207,-0.0227069,-0.394418,4.17894,-75654.4,-1,1.3522e-10,1,0
0.00350574,-0.26532,-0.0226028,-0.394661,4.17894,-75681.5,-1,1.3522e-10,1,0
0.00350665,-0.265721,-0.022613,-0.395358,4.17704,-75776.5,-1,3.10145e-10,1,0
0.00350721,-0.265552,-0.0225592,-0.394954,4.18135,-75716.1,-1,2.65845e-10,1,0
0.00350763,-0.265109,-0.0223744,-0.395054,4.18137,-75580.7,-1,3.72624e-10,1,0
0.00350803,-0.264951,-0.0221452,-0.395022,4.18296,-75526.9,-1,1.03127e-10,1,0
0.00350857,-0.264848,-0.0215442,-0.395208,4.18462,-75485.9,-1,1.26235e-11,1,0
0.00350889,-0.265035,-0.0212654,-0.395322,4.18427,-75532.5,-1,3.63711e-10,1,0
0.00350932,-0.264895,-0.0213287,-0.395195,4.18325,-75483.2,-1,3.13483e-10,1,0
0.00351062,-0.264888,-0.0207843,-0.395968,4.18571,-75453.4,-1,3.94691e-10,1,0
0.00351093,-0.26475,-0.0205734,-0.396127,4.18448,-75407.3,-1,3.41514e-11,1,0
0.00351151,-0.264258,-0.0202146,-0.396483,4.18576,-75254.8,-1,8.73043e-10,1,0
0.00351182,-0.264121,-0.0202689,-0.396544,4.18476,-75209.4,-1,1.96915e-10,1,0
0.00351338,-0.263337,-0.0213253,-0.396323,4.18464,-74952.6,-1,1.44473e-09,1,0
0.00351407,-0.262823,-0.0218213,-0.39675,4.1852,-74791.7,-1,8.32166e-10,1,0
0.00351491,-0.262072,-0.0214156,-0.397261,4.18571,-74560,-1,7.08803e-10,1,0
0.00351643,-0.261244,-0.0202985,-0.398465,4.18346,-74292.5,-1,2.16037e-09,1,0
0.00351751,-0.261512,-0.0196944,-0.398391,4.1832,-74345.8,-1,7.36593e-10,1,0
0.00351781,-0.26161,-0.0199678,-0.398242,4.18344,-74367.3,-1,3.37425e-10,1,0
0.00351817,-0.261204,-0.020047,-0.398114,4.18256,-74244.4,-1,4.35425e-10,1,0
0.00351892,-0.261172,-0.0201145,-0.39724,4.18164,-74219.4,-1,8.84083e-10,1,0
0.00351936,-0.260947,-0.0205563,-0.397034,4.18204,-74146.3,-1,5.36626e-10,1,0
0.00352136,-0.261508,-0.0193279,-0.397547,4.18094,-74263.2,-1,1.25333e-09,1,0
0.00352185,-0.261227,-0.0191036,-0.397086,4.18303,-74173.2,-1,5.85174e-10,1,0
0.00352289,-0.261501,-0.0197053,-0.397523,4.18455,-74229.3,-1,8.35716e-10,1,0
0.00352373,-0.261012,-0.020084,-0.397075,4.18714,-74072.7,-1,1.39704e-10,1,0
0.00352459,-0.260444,-0.0196298,-0.396706,4.18757,-73893.5,-1,9.53369e-10,1,0
0.00352512,-0.260401,-0.0195265,-0.396927,4.19032,-73869.9,-1,5.42522e-10,1,0
0.00352666,-0.260199,-0.0194066,-0.396369,4.19041,-73780.5,-1,2.33095e-10,1,0
0.00352706,-0.26039,-0.0193355,-0.396303,4.19313,-73826.6,-1,1.19286e-10,1,0
0.00352766,-0.260818,-0.0188835,-0.396074,4.19288,-73935,-1,8.25854e-10,1,0
0.00352885,-0.259767,-0.0193375,-0.396641,4.19549,-73612.2,-1,2.70311e-10,1,0
0.00352958,-0.25934,-0.0197715,-0.39704,4.19672,-73476.3,-1,2.01111e-09,1,0
0.00353051,-0.260187,-0.0204375,-0.396731,4.196,-73696.5,-1,1.07803e-09,1,0
0.00353074,-0.260345,-0.0204251,-0.39686,4.19727,-73736.8,-1,1.89479e-10,1,0
0.00353176,-0.260018,-0.0196199,-0.396852,4.19768,-73622.7,-1,2.85562e-10,1,0
0.00353264,-0.259708,-0.0189614,-0.397565,4.19872,-73516.6,-1,6.03013e-10,1,0
0.00353306,-0.259515,-0.018909,-0.397505,4.19987,-73453.2,-1,3.58012e-10,1,0
0.00353392,-0.258747,-0.0187098,-0.396847,4.20056,-73218.1,-1,3.84547e-11,1,0
0.0035349,-0.258851,-0.0190151,-0.395927,4.19907,-73227.4,-1,6.53976e-10,1,0
0.00353637,-0.258597,-0.0206572,-0.396598,4.19909,-73124.9,-1,6.53976e-10,1,0
0.00353695,-0.258707,-0.0208018,-0.396851,4.19553,-73144,-1,1.40419e-10,1,0
0.00353753,-0.25824,-0.0212738,-0.396637,4.19885,-73000.1,-1,6.97649e-10,1,0
0.00353791,-0.258486,-0.0215874,-0.396636,4.20046,-73061.7,-1,4.2312e-10,1,0
0.00353817,-0.258205,-0.0215951,-0.396687,4.20036,-72977.2,-1,1.20336e-10,1,0
0.00353892,-0.257694,-0.0222857,-0.396819,4.19974,-72817.3,-1,1.15945e-10,1,0
0.00353932,-0.257369,-0.0226537,-0.396866,4.19865,-72717.1,-1,1.30136e-09,1,0
0.00354017,-0.257359,-0.0224475,-0.395985,4.1989,-72696.7,-1,8.85482e-10,1,0
0.00354056,-0.25693,-0.0225945,-0.396044,4.20039,-72567.7,-1,4.55518e-10,1,0
0.00354146,-0.255872,-0.0228345,-0.395904,4.20012,-72250.5,-1,2.1843e-10,1,0
0.00354261,-0.256653,-0.0221716,-0.396469,4.20111,-72447.5,-1,1.00636e-09,1,0
0.00354331,-0.257179,-0.0216237,-0.396494,4.20026,-72581.6,-1,1.70771e-09,1,0
0.00354477,-0.257598,-0.0212494,-0.395679,4.20029,-72670,-1,1.56613e-09,1,0
0.00354509,-0.257719,-0.0212258,-0.395343,4.20101,-72697.6,-1,2.49355e-10,1,0
0.00354659,-0.259036,-0.0215418,-0.396422,4.20121,-73037.9,-1,1.42882e-09,1,0
0.00354751,-0.259736,-0.021163,-0.395755,4.20127,-73216.3,-1,5.48082e-10,1,0
0.00354794,-0.259804,-0.0212747,-0.39553,4.19911,-73226.7,-1,1.95055e-10,1,0
0.00354841,-0.259476,-0.0212567,-0.395629,4.19998,-73124.7,-1,3.27475e-10,1,0
0.00354965,-0.260531,-0.020352,-0.39553,4.19942,-73396.3,-1,5.71265e-10,1,0
0.00355124,-0.259869,-0.0188218,-0.394567,4.19967,-73177.1,-1,1.92565e-09,1,0
0.00355203,-0.259196,-0.0181457,-0.394402,4.19959,-72971.2,-1,9.6812e-10,1,0
0.00355373,-0.257745,-0.0179714,-0.395851,4.19789,-72528.1,-1,2.05792e-09,1,0
0.00355465,-0.257453,-0.0189492,-0.396051,4.19775,-72427.2,-1,1.34278e-10,1,0
0.00355515,-0.257779,-0.0185948,-0.395694,4.19773,-72508.8,-1,1.34278e-10,1,0
0.00355676,-0.25689,-0.0184689,-0.39519,4.19063,-72225.9,-1,1.28781e-09,1,0
0.00355732,-0.25677,-0.0182697,-0.394901,4.19319,-72180.8,-1,3.98376e-10,1,0
0.00355993,-0.255511,-0.0185084,-0.396973,4.19349,-71774.2,-1,1.46737e-09,1,0
0.00356021,-0.25557,-0.018682,-0.397231,4.19409,-71785.2,-1,2.12449e-09,1,0
0.00356141,-0.25621,-0.0194471,-0.398297,4.19702,-71940.6,-1,1.66537e-09,1,0
0.00356265,-0.255914,-0.0197808,-0.398396,4.19991,-71832.5,-1,8.13985e-10,1,0
0.0035637,-0.254966,-0.020034,-0.399213,4.19994,-71545.3,-1,1.36968e-09,1,0
0.00356435,-0.255422,-0.0196313,-0.398718,4.19932,-71660.2,-1,1.86637e-11,1,0
0.00356461,-0.255483,-0.0194254,-0.398673,4.19828,-71672.1,-1,1.14318e-10,1,0
0.00356536,-0.256092,-0.0187554,-0.398768,4.19825,-71828,-1,1.14318e-10,1,0
0.00356739,-0.25775,-0.0169322,-0.399026,4.19817,-72251.7,-1,1.14318e-10,1,0
0.00356836,-0.257574,-0.0161258,-0.399046,4.19837,-72182.8,-1,6.43344e-10,1,0
0.00356989,-0.256106,-0.0165762,-0.398006,4.19844,-71740.7,-1,6.43344e-10,1,0
0.00357013,-0.256152,-0.0165316,-0.397807,4.1964,-71748.7,-1,2.09056e-09,1,0
0.00357177,-0.25696,-0.0170165,-0.397131,4.19579,-71942,-1,5.47776e-10,1,0
0.0035722,-0.256989,-0.0174342,-0.397435,4.19579,-71941.4,-1,5.47776e-10,1,0
0.00357288,-0.257409,-0.0171645,-0.397393,4.19104,-72045.2,-1,6.34006e-10,1,0
0.00357334,-0.257318,-0.0177215,-0.397374,4.19105,-72010.4,-1,6.34006e-10,1,0
0.00357536,-0.256925,-0.020134,-0.397288,4.19017,-71859.9,-1,3.16029e-09,1,0
0.0035758,-0.256901,-0.0199028,-0.397202,4.19463,-71844.3,-1,3.72571e-10,1,0
0.0035761,-0.25662,-0.0199036,-0.397426,4.19673,-71759.7,-1,3.59683e-10,1,0
0.00357717,-0.255682,-0.020618,-0.397452,4.19445,-71476.1,-1,3.94574e-10,1,0
0.00357779,-0.255652,-0.0202665,-0.397876,4.19497,-71455.2,-1,2.57184e-10,1,0
0.00357949,-0.255412,-0.0186607,-0.398984,4.19359,-71354.3,-1,5.32234e-10,1,0
0.00357993,-0.255392,-0.0186137,-0.399368,4.19215,-71340,-1,1.24758e-10,1,0
0.00358092,-0.2561,-0.019068,-0.399718,4.19345,-71517.9,-1,1.01747e-09,1,0
0.00358263,-0.254967,-0.0178118,-0.400922,4.19512,-71167.4,-1,2.26271e-09,1,0
0.00358416,-0.254395,-0.0179923,-0.399339,4.19528,-70977.7,-1,8.55094e-10,1,0
0.00358472,-0.254001,-0.017882,-0.398852,4.19442,-70856.8,-1,1.65059e-09,1,0
0.0035855,-0.254248,-0.0178419,-0.399474,4.19339,-70910.1,-1,6.95339e-10,1,0
0.00358678,-0.254134,-0.0167873,-0.39912,4.19334,-70853.1,-1,6.31836e-10,1,0
0.00358712,-0.253999,-0.0166114,-0.398926,4.18954,-70808.8,-1,1.34758e-10,1,0
0.00358856,-0.253887,-0.0151272,-0.399848,4.18915,-70748.9,-1,1.75061e-09,1,0
0.00359011,-0.252394,-0.0158252,-0.399854,4.18934,-70302.6,-1,1.59359e-09,1,0
0.00359127,-0.251964,-0.0158094,-0.399628,4.18955,-70160.1,-1,3.69779e-10,1,0
0.00359308,-0.251456,-0.0138808,-0.400033,4.19177,-69983.5,-1,2.10876e-09,1,0
0.00359477,-0.250203,-0.0134505,-0.400879,4.19154,-69601.9,-1,8.80418e-10,1,0
0.00359524,-0.249677,-0.0135755,-0.400942,4.19161,-69446.7,-1,4.78593e-10,1,0
0.00359575,-0.249241,-0.013808,-0.401023,4.19074,-69315.4,-1,2.63854e-10,1,0
0.00359679,-0.248511,-0.0135295,-0.401887,4.19118,-69092.4,-1,4.32771e-10,1,0
0.00359769,-0.247936,-0.0137317,-0.401747,4.19156,-68915.3,-1,2.38032e-10,1,0
0.00359857,-0.248865,-0.0140307,-0.401368,4.18982,-69156.8,-1,3.33368e-11,1,0
0.00359919,-0.249154,-0.0138397,-0.402038,4.18981,-69225,-1,3.33368e-11,1,0
0.00360042,-0.249708,-0.0130098,-0.402153,4.19286,-69355.3,-1,8.64468e-10,1,0
0.00360188,-0.249649,-0.0119106,-0.403356,4.19225,-69310.8,-1,1.572e-09,1,0
0.00360292,-0.250767,-0.0124976,-0.403422,4.19219,-69601.2,-1,1.572e-09,1,0
0.00360329,-0.251169,-0.0127084,-0.403446,4.18891,-69705.5,-1,1.719e-09,1,0
0.0036039,-0.250696,-0.0128434,-0.402897,4.18776,-69562.4,-1,7.37213e-10,1,0
0.00360461,-0.25111,-0.0121202,-0.403119,4.18774,-69663.6,-1,7.37213e-10,1,0
0.00360626,-0.250397,-0.0122235,-0.402532,4.18889,-69434.1,-1,9.30113e-10,1,0
0.00360781,-0.251193,-0.0110728,-0.401857,4.18756,-69624.8,-1,1.37026e-09,1,0
0.00360827,-0.251039,-0.0106961,-0.401678,4.18933,-69573.2,-1,6.79461e-11,1,0
0.00360945,-0.250442,-0.0114807,-0.402499,4.19099,-69385.1,-1,5.43294e-11,1,0
0.00361002,-0.250699,-0.0116982,-0.4028,4.19048,-69445.4,-1,1.50366e-10,1,0
0.0036112,-0.251733,-0.0107184,-0.402594,4.1889,-69708.9,-1,1.43921e-09,1,0
0.00361213,-0.25082,-0.0107069,-0.4025,4.18565,-69438.2,-1,6.89736e-10,1,0
0.00361277,-0.251425,-0.0108673,-0.402041,4.18562,-69593.5,-1,6.89736e-10,1,0
0.00361475,-0.253303,-0.011365,-0.400618,4.18962,-70074.8,-1,3.18471e-09,1,0
0.00361613,-0.252281,-0.0103179,-0.401053,4.19005,-69765.5,-1,1.37356e-09,1,0
0.00361667,-0.252221,-0.0103757,-0.401296,4.19089,-69738.5,-1,4.11049e-10,1,0
0.00361857,-0.254374,-0.0104819,-0.402122,4.19078,-70296.7,-1,4.11049e-10,1,0
0.00362005,-0.255466,-0.011566,-0.40198,4.18886,-70569.8,-1,1.2607e-09,1,0
0.00362099,-0.255486,-0.0112672,-0.401622,4.18968,-70556.8,-1,5.78203e-10,1,0
0.00362169,-0.255628,-0.0112659,-0.402421,4.1902,-70582.5,-1,1.97336e-10,1,0
0.00362257,-0.255525,-0.0116601,-0.402567,4.18782,-70537,-1,4.20557e-10,1,0
0.00362321,-0.254975,-0.0117802,-0.402571,4.18615,-70372.7,-1,1.06803e-10,1,0
0.00362365,-0.25454,-0.0116083,-0.402344,4.18593,-70244.1,-1,5.78969e-10,1,0
0.00362442,-0.253883,-0.0111477,-0.401965,4.18541,-70047.9,-1,3.64831e-11,1,0
0.00362495,-0.25407,-0.0112979,-0.402412,4.18585,-70089.2,-1,2.04419e-10,1,0
0.0036262,-0.254845,-0.0121938,-0.403369,4.18581,-70278.7,-1,2.04419e-10,1,0
0.00362724,-0.255354,-0.0126748,-0.403954,4.18536,-70398.8,-1,1.81822e-10,1,0
0.00362789,-0.255682,-0.0128884,-0.404274,4.18643,-70476.8,-1,5.21803e-10,1,0
0.00362907,-0.255667,-0.0141127,-0.404004,4.18679,-70449.7,-1,4.5867e-10,1,0
0.00363024,-0.256369,-0.013536,-0.403044,4.18723,-70620.5,-1,1.23975e-09,1,0
0.00363096,-0.256202,-0.0129454,-0.403544,4.18744,-70560.3,-1,8.10647e-10,1,0
0.00363142,-0.256101,-0.0127766,-0.403577,4.19008,-70523.6,-1,3.61709e-10,1,0
0.00363257,-0.255843,-0.0141073,-0.403875,4.1901,-70430.4,-1,3.61709e-10,1,0
0.00363396,-0.255545,-0.0133408,-0.403774,4.18922,-70321.4,-1,1.74894e-10,1,0
0.00363459,-0.255579,-0.0127008,-0.403818,4.19171,-70318.5,-1,1.13124e-10,1,0
0.00363524,-0.256076,-0.0130404,-0.403511,4.19033,-70442.7,-1,6.17201e-10,1,0
0.0036363,-0.256327,-0.0129434,-0.403667,4.18904,-70491,-1,9.27716e-10,1,0
0.00363695,-0.256024,-0.0126217,-0.403456,4.18965,-70395.2,-1,1.16881e-09,1,0
0.00363783,-0.256573,-0.0128827,-0.404149,4.18513,-70529.2,-1,9.53492e-11,1,0
0.00363895,-0.255998,-0.0126536,-0.403514,4.18513,-70349.4,-1,8.3715e-11,1,0
0.00364058,-0.254971,-0.0139661,-0.402432,4.18515,-70035.6,-1,1.98691e-09,1,0
0.00364141,-0.254769,-0.0147521,-0.402247,4.18476,-69964.4,-1,6.35195e-10,1,0
0.00364212,-0.255198,-0.0146025,-0.40256,4.18473,-70068.5,-1,6.66545e-10,1,0
0.00364281,-0.255353,-0.0145047,-0.402694,4.18053,-70097.8,-1,3.17653e-10,1,0
0.00364444,-0.253711,-0.0153384,-0.403404,4.18061,-69615.9,-1,3.17653e-10,1,0
0.0036455,-0.253164,-0.0153926,-0.403814,4.18015,-69445.6,-1,4.36055e-11,1,0
0.00364629,-0.252964,-0.015013,-0.404537,4.18125,-69375.6,-1,4.05295e-10,1,0
0.00364765,-0.253711,-0.0159942,-0.405465,4.1783,-69554.7,-1,3.03116e-10,1,0
0.00364851,-0.253506,-0.0160494,-0.405348,4.17496,-69482.2,-1,1.83814e-10,1,0
0.00364949,-0.254144,-0.01577,-0.40526,4.17374,-69638.3,-1,8.81876e-10,1,0
0.00365009,-0.254268,-0.0157651,-0.40505,4.17185,-69660.7,-1,8.83112e-11,1,0
0.00365054,-0.254356,-0.01555,-0.404957,4.17653,-69676.2,-1,1.55943e-10,1,0
0.00365108,-0.254643,-0.0153042,-0.405177,4.17357,-69744.7,-1,2.42255e-10,1,0
0.00365204,-0.253631,-0.0149201,-0.405315,4.17243,-69449.2,-1,4.00672e-10,1,0
0.0036523,-0.25334,-0.0149992,-0.405228,4.17453,-69364.4,-1,3.14446e-10,1,0
0.00365318,-0.253492,-0.0151364,-0.406021,4.1726,-69389.3,-1,6.81009e-10,1,0
0.00365379,-0.252789,-0.0150048,-0.406194,4.17341,-69185.5,-1,2.0331e-11,1,0
0.00365441,-0.25266,-0.0142669,-0.406151,4.17341,-69138.3,-1,2.0331e-11,1,0
0.00365551,-0.253236,-0.0139501,-0.406797,4.17338,-69275.2,-1,1.15495e-09,1,0
0.00365622,-0.253781,-0.014009,-0.407394,4.17269,-69410.8,-1,1.7588e-09,1,0
0.00365721,-0.252969,-0.0136423,-0.407886,4.17088,-69170,-1,3.13125e-10,1,0
0.00365808,-0.253113,-0.0139486,-0.408879,4.17002,-69192.8,-1,1.02401e-09,1,0
0.00365957,-0.253823,-0.0138318,-0.410364,4.16958,-69358.8,-1,4.57837e-10,1,0
0.00366064,-0.253245,-0.0138463,-0.410895,4.16795,-69180.4,-1,1.02495e-09,1,0
0.00366171,-0.254057,-0.0135208,-0.409946,4.16768,-69382,-1,1.52683e-09,1,0
0.00366214,-0.253803,-0.0134597,-0.409667,4.16909,-69304.6,-1,9.70413e-11,1,0
0.00366284,-0.253462,-0.0132323,-0.409187,4.16998,-69198.3,-1,1.16197e-09,1,0
0.00366332,-0.253961,-0.0134217,-0.409423,4.17061,-69325.4,-1,6.98077e-10,1,0
0.00366368,-0.253905,-0.013402,-0.409588,4.1694,-69303.4,-1,2.05334e-10,1,0
0.00366467,-0.253965,-0.0127481,-0.409764,4.17083,-69300.9,-1,1.11566e-09,1,0
0.00366517,-0.253906,-0.0131,-0.409508,4.16942,-69275.4,-1,6.64248e-10,1,0
0.00366533,-0.253954,-0.0129756,-0.40958,4.16565,-69285.4,-1,7.44564e-11,1,0
0.00366565,-0.254171,-0.0130037,-0.409836,4.16428,-69338.7,-1,1.59802e-10,1,0
0.0036661,-0.254228,-0.013151,-0.410124,4.16233,-69345.7,-1,1.70285e-10,1,0
0.00366683,-0.254116,-0.0132434,-0.411002,4.16234,-69301.2,-1,1.70285e-10,1,0
0.00366805,-0.254669,-0.0136922,-0.410021,4.16302,-69428.9,-1,1.40824e-09,1,0
0.00366972,-0.255845,-0.0139836,-0.408512,4.15815,-69717.9,-1,9.1805e-10,1,0
0.00367247,-0.256302,-0.0160952,-0.409279,4.16044,-69789.9,-1,1.17965e-09,1,0
0.00367344,-0.256691,-0.0171812,-0.409074,4.16042,-69877.5,-1,1.17965e-09,1,0
0.00367548,-0.257512,-0.0194716,-0.40864,4.16038,-70062.1,-1,1.17965e-09,1,0
0.0036769,-0.257151,-0.019474,-0.407939,4.15675,-69936.8,-1,3.85185e-10,1,0
0.00367754,-0.2574,-0.0201615,-0.407857,4.15681,-69992.5,-1,1.18073e-11,1,0
0.00367826,-0.257683,-0.0205844,-0.407258,4.15717,-70055.5,-1,9.14538e-10,1,0
0.00367976,-0.25725,-0.0209684,-0.407684,4.15754,-69909.3,-1,1.18053e-09,1,0
0.00368077,-0.257742,-0.0216602,-0.408558,4.15781,-70024,-1,1.21884e-09,1,0
0.00368156,-0.257431,-0.0220565,-0.408725,4.15869,-69924.5,-1,3.83976e-10,1,0
0.00368326,-0.258178,-0.0226411,-0.409467,4.15883,-70095,-1,1.75001e-09,1,0
0.00368504,-0.259878,-0.0218958,-0.410357,4.15982,-70522.3,-1,8.7007e-10,1,0
0.00368615,-0.260382,-0.020726,-0.410362,4.16071,-70637.9,-1,4.83622e-10,1,0
0.00368706,-0.260539,-0.0202271,-0.410145,4.16138,-70663.1,-1,3.40082e-10,1,0
0.0036882,-0.25969,-0.0200776,-0.41033,4.16086,-70411,-1,6.23058e-10,1,0
0.00368886,-0.259439,-0.020151,-0.41056,4.16218,-70330.4,-1,4.12949e-10,1,0
0.00368921,-0.25959,-0.0201337,-0.410319,4.16307,-70364.7,-1,1.19755e-10,1,0
0.00368962,-0.259373,-0.0202473,-0.410067,4.15966,-70298,-1,2.96015e-10,1,0
0.00369011,-0.259513,-0.0197859,-0.410046,4.15856,-70326.7,-1,1.76036e-10,1,0
0.00369092,-0.259509,-0.019106,-0.409794,4.1566,-70310.1,-1,1.50977e-10,1,0
0.00369204,-0.259092,-0.0186961,-0.409469,4.15707,-70175.8,-1,1.15139e-09,1,0
0.00369331,-0.259522,-0.0190821,-0.409614,4.15738,-70268.3,-1,3.52228e-10,1,0
0.00369383,-0.259742,-0.019431,-0.410058,4.16039,-70317.7,-1,6.12926e-10,1,0
0.00369437,-0.2601,-0.0191616,-0.409864,4.16066,-70404.4,-1,5.65929e-10,1,0
0.00369509,-0.260127,-0.0183585,-0.409608,4.15733,-70397.9,-1,1.57891e-11,1,0
0.00369623,-0.259732,-0.0194541,-0.409705,4.15828,-70269.5,-1,1.17294e-09,1,0
0.00369724,-0.259863,-0.0184668,-0.409357,4.15842,-70285.7,-1,3.37337e-10,1,0
0.00369851,-0.259929,-0.016927,-0.409308,4.15841,-70279.2,-1,3.37337e-10,1,0
0.00369941,-0.259974,-0.0158487,-0.409274,4.15846,-70274.6,-1,3.46522e-09,1,0
0.00370004,-0.259902,-0.0164195,-0.409429,4.15703,-70243,-1,6.23607e-10,1,0
0.00370137,-0.258986,-0.0163775,-0.410297,4.15953,-69970.3,-1,1.18046e-09,1,0
0.0037025,-0.258202,-0.0157451,-0.410412,4.15667,-69737.2,-1,8.09807e-10,1,0
0.00370284,-0.258413,-0.0154704,-0.410221,4.15784,-69787.8,-1,2.39126e-10,1,0
0.00370481,-0.259735,-0.0155703,-0.408844,4.15672,-70107.3,-1,1.18029e-09,1,0
0.00370514,-0.259596,-0.0159185,-0.408965,4.15763,-70063.7,-1,3.93614e-10,1,0
0.00370539,-0.259406,-0.015986,-0.409101,4.15825,-70007.6,-1,1.79366e-10,1,0
0.00370605,-0.259187,-0.016677,-0.409449,4.15826,-69936.1,-1,1.79366e-10,1,0
0.00370688,-0.258745,-0.0160588,-0.408973,4.15781,-69801.1,-1,9.40248e-10,1,0
0.00370722,-0.2591,-0.0159307,-0.408818,4.15771,-69890.6,-1,4.08033e-10,1,0
0.00370766,-0.258974,-0.0155138,-0.409024,4.15704,-69848.5,-1,3.90276e-10,1,0
0.0037086,-0.258468,-0.0148432,-0.408937,4.1571,-69694.2,-1,6.29655e-10,1,0
0.00370973,-0.257937,-0.0153977,-0.409735,4.15627,-69529.7,-1,1.18013e-09,1,0
0.00371045,-0.25743,-0.0150522,-0.410352,4.15629,-69379.8,-1,1.18013e-09,1,0
0.00371113,-0.257388,-0.0149713,-0.410752,4.15513,-69355.6,-1,2.93715e-10,1,0
0.00371286,-0.258168,-0.01628,-0.410886,4.15635,-69533.5,-1,1.38902e-09,1,0
0.00371317,-0.258476,-0.016148,-0.410933,4.15736,-69610.7,-1,3.37944e-10,1,0
0.00371458,-0.259108,-0.0152587,-0.411191,4.15676,-69754.3,-1,1.83979e-10,1,0
0.00371533,-0.259243,-0.0156912,-0.411489,4.1607,-69776.6,-1,4.0308e-10,1,0
0.00371573,-0.259036,-0.0155511,-0.411592,4.16302,-69713.4,-1,1.81561e-10,1,0
0.00371734,-0.259425,-0.0145387,-0.410581,4.16464,-69787.8,-1,1.04318e-09,1,0
0.00371893,-0.259648,-0.0150135,-0.40937,4.1639,-69818.1,-1,1.18022e-09,1,0
0.00371975,-0.259402,-0.0148575,-0.409777,4.16456,-69736.3,-1,2.95113e-10,1,0
0.00372088,-0.259414,-0.0161102,-0.409436,4.1636,-69718.4,-1,8.13889e-10,1,0
0.00372165,-0.258988,-0.016335,-0.408681,4.16165,-69589.5,-1,5.62945e-10,1,0
0.00372196,-0.258653,-0.0163802,-0.408803,4.15912,-69493.8,-1,2.82433e-10,1,0
0.00372351,-0.259023,-0.0156271,-0.408335,4.15762,-69564.1,-1,1.17999e-09,1,0
0.00372436,-0.259317,-0.0160053,-0.40765,4.15763,-69627.3,-1,1.01145e-11,1,0
0.00372556,-0.26012,-0.0164559,-0.406603,4.15704,-69820.5,-1,1.08796e-09,1,0
0.00372729,-0.26121,-0.0174988,-0.405174,4.15735,-70080.4,-1,1.54576e-09,1,0
0.00372932,-0.26239,-0.0188481,-0.403486,4.15729,-70358.6,-1,1.54576e-09,1,0
0.0037303,-0.262996,-0.018484,-0.403452,4.15575,-70502.6,-1,7.63914e-10,1,0
0.00373099,-0.263783,-0.01827,-0.4036,4.15547,-70700.5,-1,8.28391e-10,1,0
0.00373336,-0.264287,-0.0182571,-0.403941,4.15475,-70790.7,-1,1.69326e-09,1,0
0.00373386,-0.264376,-0.0177863,-0.404166,4.15376,-70805.1,-1,5.35726e-10,1,0
0.00373439,-0.264317,-0.0180057,-0.403922,4.1532,-70779.2,-1,3.56279e-10,1,0
0.00373531,-0.264459,-0.0180498,-0.403377,4.15127,-70799.8,-1,3.78593e-10,1,0
0.00373553,-0.264583,-0.0181756,-0.403339,4.1507,-70828.8,-1,1.57156e-10,1,0
0.00373681,-0.264743,-0.0190978,-0.404494,4.15072,-70847.3,-1,9.84839e-10,1,0
0.00373765,-0.264986,-0.0186252,-0.403761,4.14178,-70896.4,-1,8.98429e-11,1,0
0.003738,-0.264788,-0.0185266,-0.404066,4.14138,-70836.9,-1,3.19335e-10,1,0
0.00373919,-0.264028,-0.0177048,-0.404176,4.13902,-70610.9,-1,1.3314e-09,1,0
0.00373984,-0.263932,-0.0181657,-0.404344,4.13887,-70573.1,-1,4.09903e-10,1,0
0.00374026,-0.264393,-0.0182916,-0.404515,4.13884,-70688.3,-1,4.09903e-10,1,0
0.0037407,-0.264462,-0.0187174,-0.404368,4.13337,-70698.4,-1,4.40821e-10,1,0
0.00374149,-0.263702,-0.0181832,-0.404555,4.13341,-70480.4,-1,4.40821e-10,1,0
0.00374317,-0.262122,-0.0171147,-0.404749,4.1336,-70026.6,-1,2.76647e-09,1,0
0.00374428,-0.261351,-0.0168382,-0.403693,4.13363,-69800.2,-1,2.76647e-09,1,0
0.00374525,-0.260677,-0.0165961,-0.402769,4.13368,-69602,-1,2.71674e-09,1,0
0.0037459,-0.261088,-0.016972,-0.403329,4.13366,-69699.6,-1,2.71674e-09,1,0
0.00374663,-0.261662,-0.016851,-0.403218,4.13486,-69839.4,-1,1.07804e-09,1,0
0.00374733,-0.262244,-0.0173655,-0.403483,4.13442,-69981.4,-1,6.1543e-10,1,0
0.00374777,-0.262603,-0.0177031,-0.403662,4.13521,-70069.4,-1,1.3438e-09,1,0
0.00374819,-0.262601,-0.0175233,-0.403227,4.13169,-70060.7,-1,2.51434e-10,1,0
0.0037494,-0.261573,-0.0176472,-0.40332,4.13311,-69763.9,-1,4.78495e-10,1,0
0.00375033,-0.261442,-0.0170524,-0.403774,4.13285,-69711.8,-1,3.44291e-10,1,0
0.00375131,-0.26151,-0.0162391,-0.404462,4.13337,-69711.6,-1,1.19026e-09,1,0
0.00375203,-0.262295,-0.016063,-0.404436,4.13427,-69907.5,-1,1.19754e-11,1,0
0.00375303,-0.261935,-0.015961,-0.404401,4.13563,-69792.9,-1,6.0816e-10,1,0
0.00375418,-0.262,-0.0159159,-0.404938,4.1352,-69788.9,-1,8.13556e-10,1,0
0.00375514,-0.262656,-0.016524,-0.404965,4.13443,-69945.6,-1,1.49406e-09,1,0
0.00375565,-0.262898,-0.0160032,-0.405014,4.13499,-70000.6,-1,4.92121e-10,1,0
0.00375624,-0.262893,-0.01542,-0.404876,4.13786,-69988.3,-1,5.70405e-11,1,0
0.00375784,-0.263621,-0.0153476,-0.404563,4.13655,-70152.3,-1,9.78138e-10,1,0
0.00376008,-0.263856,-0.015824,-0.40484,4.1357,-70172.9,-1,2.71035e-09,1,0
0.00376125,-0.262686,-0.0161009,-0.404979,4.13367,-69839.9,-1,2.26722e-09,1,0
0.00376217,-0.262396,-0.0166149,-0.404098,4.13316,-69746,-1,5.71965e-10,1,0
0.00376355,-0.261508,-0.0172641,-0.405302,4.13083,-69484.3,-1,1.41835e-10,1,0
0.00376408,-0.261183,-0.0170775,-0.405403,4.13741,-69388.5,-1,4.52239e-10,1,0
0.00376507,-0.260013,-0.016946,-0.405451,4.13684,-69059.3,-1,1.13206e-09,1,0
0.00376686,-0.259934,-0.016619,-0.407591,4.13706,-69005.4,-1,2.16623e-09,1,0
0.00376838,-0.258925,-0.0151969,-0.40703,4.13767,-68709.9,-1,2.43122e-12,1,0
0.00376895,-0.258807,-0.0155322,-0.407437,4.14128,-68668.2,-1,4.72786e-10,1,0
0.00376998,-0.260015,-0.0155755,-0.407223,4.1402,-68969.7,-1,2.63547e-11,1,0
0.00377073,-0.26038,-0.0157627,-0.407321,4.13647,-69053,-1,3.15457e-10,1,0
0.00377179,-0.26061,-0.0170009,-0.407097,4.13646,-69094.5,-1,3.15457e-10,1,0
0.00377387,-0.25994,-0.0189953,-0.406033,4.1381,-68879,-1,1.78468e-09,1,0
0.00377452,-0.259954,-0.0197415,-0.405768,4.1381,-68870.6,-1,1.78468e-09,1,0
0.00377546,-0.259956,-0.0208155,-0.405444,4.13823,-68854,-1,1.7052e-09,1,0
0.00377569,-0.260129,-0.0209904,-0.405456,4.13667,-68895.9,-1,6.70669e-11,1,0
0.00377698,-0.260688,-0.0208343,-0.40565,4.138,-69020.2,-1,5.53276e-10,1,0
0.00377717,-0.260697,-0.0207376,-0.405855,4.13786,-69019.2,-1,8.73284e-10,1,0
0.00377759,-0.26077,-0.0204947,-0.40585,4.1392,-69030.7,-1,1.93311e-10,1,0
0.00377786,-0.26067,-0.0206145,-0.406018,4.13937,-68999.3,-1,2.25592e-10,1,0
0.00377876,-0.260148,-0.020998,-0.406548,4.13818,-68844.9,-1,5.57999e-10,1,0
0.00377951,-0.260567,-0.0210633,-0.407052,4.13752,-68942.1,-1,4.31464e-10,1,0
0.00377999,-0.260784,-0.0210562,-0.407285,4.14021,-68990.7,-1,2.04296e-10,1,0
0.00378102,-0.262018,-0.0210357,-0.407349,4.13999,-69298.2,-1,1.19474e-09,1,0
0.00378162,-0.262294,-0.0207142,-0.406801,4.13683,-69360.3,-1,6.0448e-10,1,0
0.00378328,-0.261236,-0.0217269,-0.405531,4.13771,-69050.1,-1,1.77737e-09,1,0
0.00378376,-0.260734,-0.0216234,-0.405365,4.13767,-68908.8,-1,3.85728e-10,1,0
0.00378407,-0.260605,-0.0214755,-0.405404,4.13515,-68868.9,-1,1.00497e-10,1,0
0.00378474,-0.261213,-0.0211665,-0.405148,4.13581,-69017.4,-1,6.02259e-10,1,0
0.00378584,-0.261965,-0.0217138,-0.404212,4.13591,-69196,-1,1.32284e-09,1,0
0.00378764,-0.263026,-0.0200932,-0.404754,4.13387,-69443.1,-1,7.12685e-11,1,0
0.00378947,-0.261653,-0.0217019,-0.40415,4.1337,-69047.3,-1,2.19956e-09,1,0
0.00379072,-0.260944,-0.0224548,-0.40304,4.13373,-68837.6,-1,2.19956e-09,1,0
0.0037914,-0.260981,-0.0230141,-0.402785,4.13537,-68835.1,-1,2.02964e-10,1,0
0.00379224,-0.260784,-0.0239996,-0.402584,4.13604,-68767.7,-1,1.61385e-09,1,0
0.00379416,-0.260386,-0.0246331,-0.401972,4.13543,-68628.2,-1,1.20185e-09,1,0
0.00379452,-0.260046,-0.0243638,-0.402067,4.13544,-68532,-1,1.20185e-09,1,0
0.00379598,-0.259177,-0.0240307,-0.401901,4.13609,-68276.7,-1,2.06063e-10,1,0
0.00379702,-0.259523,-0.0240355,-0.402546,4.1349,-68349.2,-1,5.35493e-10,1,0
0.0037974,-0.259464,-0.0238349,-0.402704,4.13511,-68326.8,-1,1.0469e-11,1,0
0.00379771,-0.259572,-0.0238378,-0.402416,4.13412,-68349.7,-1,4.9234e-11,1,0
0.00379811,-0.259808,-0.023866,-0.401985,4.13411,-68404.6,-1,4.9234e-11,1,0
0.00379984,-0.260806,-0.0239849,-0.400165,4.13406,-68636.1,-1,4.9234e-11,1,0
0.00380058,-0.261116,-0.0236781,-0.400332,4.13517,-68704.3,-1,3.2113e-09,1,0
0.00380077,-0.261162,-0.0234992,-0.400308,4.13372,-68713,-1,1.98151e-10,1,0
0.00380166,-0.260516,-0.0237129,-0.400543,4.13305,-68526.8,-1,2.56827e-10,1,0
0.00380273,-0.259441,-0.0240237,-0.401005,4.13264,-68224.8,-1,1.74996e-10,1,0
0.00380408,-0.257993,-0.024743,-0.401212,4.13207,-67820,-1,1.79862e-09,1,0
0.00380502,-0.258001,-0.0236263,-0.401338,4.13207,-67805.4,-1,1.79862e-09,1,0
0.00380685,-0.258262,-0.0216931,-0.400949,4.13089,-67841.3,-1,2.54536e-09,1,0
0.00380774,-0.2586,-0.0209925,-0.400213,4.13087,-67914.3,-1,2.54536e-09,1,0
0.00380905,-0.259395,-0.0208546,-0.398975,4.13031,-68099.6,-1,2.27259e-09,1,0
0.00380954,-0.259605,-0.0209512,-0.398476,4.12909,-68146,-1,1.58888e-09,1,0
0.00380974,-0.25954,-0.0208991,-0.398374,4.13103,-68125.3,-1,8.82803e-11,1,0
0.00381105,-0.259351,-0.0204845,-0.399884,4.1331,-68052.2,-1,3.32845e-11,1,0
0.00381214,-0.259195,-0.0201423,-0.401137,4.13311,-67992.1,-1,3.32845e-11,1,0
0.00381276,-0.259107,-0.0199481,-0.401849,4.13311,-67958,-1,3.32845e-11,1,0
0.00381348,-0.258759,-0.0192423,-0.401544,4.13078,-67853.6,-1,2.92165e-10,1,0
0.00381365,-0.25858,-0.0192506,-0.401582,4.13116,-67804,-1,1.76662e-10,1,0
0.00381438,-0.258645,-0.0187975,-0.401576,4.12864,-67808,-1,2.60965e-10,1,0
0.003815,-0.258227,-0.0191544,-0.401246,4.12651,-67687.3,-1,3.28725e-10,1,0
0.00381614,-0.257042,-0.0193433,-0.400593,4.12911,-67356.6,-1,1.78982e-09,1,0
0.00381652,-0.257398,-0.0192196,-0.400861,4.12916,-67443,-1,4.62191e-10,1,0
0.00381738,-0.25788,-0.0184162,-0.401297,4.12914,-67554.2,-1,4.62191e-10,1,0
0.00381862,-0.258228,-0.0180727,-0.400987,4.12758,-67623.3,-1,7.02811e-10,1,0
0.00381953,-0.25795,-0.0170771,-0.401082,4.12519,-67534.6,-1,6.86237e-10,1,0
0.00382093,-0.259072,-0.0178495,-0.401162,4.12618,-67803.4,-1,1.37198e-09,1,0
0.00382139,-0.259096,-0.017676,-0.400815,4.12471,-67801.5,-1,3.55552e-10,1,0
0.00382197,-0.258747,-0.0172458,-0.400632,4.12445,-67699.9,-1,6.30857e-10,1,0
0.00382245,-0.258935,-0.0172228,-0.400355,4.1282,-67740.6,-1,2.06667e-10,1,0
0.00382309,-0.258447,-0.0168049,-0.400177,4.12857,-67601.6,-1,5.5782e-10,1,0
0.00382371,-0.258815,-0.017176,-0.400027,4.12976,-67687,-1,1.59122e-10,1,0
0.00382469,-0.259177,-0.017468,-0.400029,4.13189,-67764,-1,1.01132e-09,1,0
0.00382517,-0.259506,-0.0170327,-0.400193,4.12958,-67841.8,-1,1.06647e-09,1,0
0.00382697,-0.260973,-0.0178839,-0.401317,4.12943,-68193.1,-1,8.88477e-10,1,0
0.00382753,-0.261218,-0.0179948,-0.401466,4.12677,-68247,-1,2.0386e-10,1,0
0.00382918,-0.261965,-0.0170309,-0.40093,4.12901,-68412.9,-1,8.91589e-10,1,0
0.00383,-0.262408,-0.0167343,-0.400163,4.12921,-68514,-1,8.04824e-10,1,0
0.00383123,-0.262963,-0.0159397,-0.399199,4.13224,-68636.8,-1,6.27381e-11,1,0
0.00383195,-0.263472,-0.0154336,-0.398711,4.13259,-68756.7,-1,1.48869e-09,1,0
0.0038329,-0.263361,-0.0144311,-0.398508,4.13223,-68710.6,-1,1.05588e-09,1,0
0.00383426,-0.26288,-0.0128733,-0.398394,4.13182,-68560.9,-1,2.53038e-09,1,0
0.00383483,-0.262526,-0.012363,-0.398076,4.13184,-68458.4,-1,2.53038e-09,1,0
0.00383519,-0.262554,-0.0121562,-0.397964,4.13091,-68459.1,-1,9.66792e-10,1,0
0.00383648,-0.263823,-0.0121511,-0.398373,4.13007,-68767,-1,1.36671e-09,1,0
0.00383742,-0.264056,-0.0122749,-0.399365,4.13105,-68810.8,-1,1.40738e-09,1,0
0.00383791,-0.264151,-0.0121152,-0.399216,4.13042,-68826.7,-1,1.9675e-10,1,0
0.00383876,-0.264836,-0.0113829,-0.3994,4.12997,-68990,-1,1.16609e-09,1,0
0.00383917,-0.265174,-0.0111582,-0.399378,4.13208,-69070.7,-1,3.08877e-10,1,0
0.00383992,-0.264282,-0.0112638,-0.399222,4.13212,-68824.8,-1,3.08877e-10,1,0
0.00384125,-0.262727,-0.0114577,-0.398939,4.13114,-68396.3,-1,1.51503e-11,1,0
0.00384283,-0.262933,-0.0113087,-0.40062,4.12932,-68421.6,-1,8.17702e-10,1,0
0.00384432,-0.262576,-0.0115757,-0.40236,4.12951,-68302.4,-1,2.88242e-09,1,0
0.0038456,-0.263407,-0.0128615,-0.4022,4.12947,-68495.7,-1,2.88242e-09,1,0
0.0038467,-0.264134,-0.0136237,-0.402203,4.12551,-68665.2,-1,2.30449e-10,1,0
0.00384692,-0.264313,-0.013673,-0.402261,4.12109,-68707.5,-1,1.72864e-11,1,0
0.0038476,-0.26381,-0.01303,-0.402211,4.12253,-68564.9,-1,8.17439e-10,1,0
0.00384803,-0.263653,-0.0130149,-0.402706,4.12254,-68516.3,-1,8.17439e-10,1,0
0.00384903,-0.263955,-0.0129361,-0.403249,4.1216,-68577,-1,4.48342e-10,1,0
0.00384924,-0.264118,-0.0128154,-0.403107,4.12105,-68615.7,-1,7.3361e-11,1,0
0.00384974,-0.263975,-0.0125643,-0.403231,4.11857,-68569.5,-1,9.48292e-11,1,0
0.00384998,-0.26389,-0.0127812,-0.403367,4.12051,-68543.2,-1,2.43929e-10,1,0
0.00385068,-0.263687,-0.0128547,-0.404179,4.12052,-68478.1,-1,2.43929e-10,1,0
0.00385206,-0.263284,-0.0130007,-0.405792,4.12054,-68348.9,-1,2.43929e-10,1,0
0.00385264,-0.263409,-0.0129351,-0.405786,4.11945,-68371.1,-1,3.63602e-11,1,0
0.00385368,-0.262958,-0.0130175,-0.405205,4.12128,-68235.6,-1,7.2472e-10,1,0
0.00385562,-0.261695,-0.0115322,-0.403924,4.12087,-67873.8,-1,2.3325e-09,1,0
0.00385729,-0.262539,-0.0110949,-0.403017,4.1177,-68063.2,-1,5.08498e-10,1,0
0.00385761,-0.262892,-0.0109493,-0.403098,4.11768,-68148.9,-1,5.08498e-10,1,0
0.0038587,-0.262034,-0.00997323,-0.403219,4.11762,-67907.3,-1,3.94034e-10,1,0
0.00385979,-0.261415,-0.00962027,-0.402286,4.11762,-67727.8,-1,1.07692e-09,1,0
0.00386061,-0.261639,-0.009395,-0.40135,4.11761,-67771.3,-1,1.07692e-09,1,0
0.00386157,-0.262252,-0.00978006,-0.400729,4.11833,-67913.4,-1,1.39551e-09,1,0
0.00386232,-0.262861,-0.0103341,-0.400443,4.11649,-68057.9,-1,1.63523e-09,1,0
0.0038634,-0.263575,-0.0111196,-0.400425,4.11265,-68223.5,-1,1.40804e-10,1,0
0.00386478,-0.264684,-0.0123529,-0.400432,4.11323,-68486.2,-1,2.8376e-09,1,0
0.00386554,-0.26462,-0.0125361,-0.399679,4.11084,-68456.1,-1,4.20907e-10,1,0
0.0038663,-0.26403,-0.0131553,-0.399783,4.11083,-68290.2,-1,5.78328e-10,1,0
0.00386792,-0.263657,-0.0138877,-0.401073,4.11054,-68165,-1,7.57926e-10,1,0
0.00386849,-0.263827,-0.0142737,-0.401192,4.10785,-68199,-1,1.51632e-10,1,0
0.00386945,-0.263629,-0.0145698,-0.40042,4.10724,-68130.9,-1,6.11208e-10,1,0
0.00387005,-0.263693,-0.0143491,-0.399822,4.10526,-68136.9,-1,5.48162e-11,1,0
0.00387171,-0.264704,-0.0135153,-0.399429,4.10838,-68368.7,-1,1.31437e-09,1,0
0.00387249,-0.264787,-0.0138333,-0.398548,4.10838,-68376.4,-1,1.31437e-09,1,0
0.00387306,-0.264611,-0.0138241,-0.39851,4.1069,-68320.8,-1,3.57087e-10,1,0
0.00387403,-0.26498,-0.0138946,-0.398389,4.10554,-68398.9,-1,4.75794e-10,1,0
0.00387494,-0.265852,-0.0142218,-0.398292,4.10625,-68608,-1,1.24143e-09,1,0
0.00387573,-0.265488,-0.0141247,-0.399039,4.1027,-68500,-1,7.55404e-10,1,0
0.00387673,-0.26548,-0.0139749,-0.39789,4.10208,-68480.3,-1,4.54768e-10,1,0
0.00387729,-0.265483,-0.0139422,-0.397665,4.10183,-68471.2,-1,3.34906e-11,1,0
0.00387798,-0.266003,-0.0138724,-0.398152,4.10002,-68593.1,-1,1.17913e-10,1,0
0.00387876,-0.266253,-0.0138863,-0.398008,4.09526,-68643.8,-1,3.24247e-10,1,0
0.00387886,-0.266288,-0.01383,-0.397966,4.09301,-68651.1,-1,5.49214e-10,1,0
0.00387896,-0.266335,-0.0138216,-0.398,4.09137,-68661.4,-1,1.33185e-10,1,0
0.0038794,-0.266492,-0.0139957,-0.398193,4.08956,-68694.1,-1,1.5441e-10,1,0
0.00387978,-0.266591,-0.0142081,-0.398585,4.08986,-68712.9,-1,1.76627e-10,1,0
0.00388152,-0.268475,-0.014361,-0.397717,4.09045,-69167.6,-1,2.08013e-09,1,0
0.00388222,-0.268675,-0.0147564,-0.397429,4.09217,-69206.5,-1,6.20309e-10,1,0
0.00388361,-0.269452,-0.0145463,-0.398415,4.09436,-69382,-1,1.20191e-09,1,0
0.00388389,-0.269414,-0.0148269,-0.398348,4.09419,-69367,-1,3.08699e-10,1,0
0.00388453,-0.269242,-0.0155588,-0.398248,4.09403,-69311.4,-1,1.0618e-09,1,0
0.00388499,-0.269419,-0.0156672,-0.398223,4.09493,-69348.6,-1,2.57095e-10,1,0
0.00388558,-0.269648,-0.0162915,-0.398084,4.09455,-69397.1,-1,5.34897e-10,1,0
0.00388679,-0.268957,-0.0162093,-0.39928,4.09152,-69197.8,-1,1.98805e-10,1,0
0.00388737,-0.268981,-0.0161643,-0.399823,4.08812,-69193.5,-1,8.19999e-11,1,0
0.00388874,-0.26981,-0.0148919,-0.399267,4.08665,-69382.3,-1,1.1913e-11,1,0
0.003889,-0.269891,-0.014825,-0.399515,4.08546,-69398.5,-1,1.25594e-10,1,0
0.00388969,-0.270161,-0.014255,-0.399584,4.08397,-69455.7,-1,3.6499e-10,1,0
0.00389027,-0.270737,-0.0142102,-0.399461,4.08537,-69593.4,-1,4.88004e-10,1,0
0.00389143,-0.271567,-0.0131652,-0.399061,4.08438,-69785.9,-1,1.38655e-09,1,0
0.00389175,-0.271754,-0.0129708,-0.398818,4.08518,-69828.2,-1,5.23237e-11,1,0
0.00389237,-0.271055,-0.0129429,-0.399069,4.08521,-69637.7,-1,5.23237e-11,1,0
0.00389309,-0.27049,-0.0128525,-0.399635,4.08489,-69479.5,-1,1.12844e-09,1,0
0.003896,-0.269037,-0.0123082,-0.402761,4.08617,-69054.6,-1,3.97647e-09,1,0
0.00389672,-0.268849,-0.0122479,-0.402993,4.08256,-68993.8,-1,5.70022e-10,1,0
0.00389732,-0.269101,-0.012017,-0.402555,4.07923,-69047.6,-1,3.59929e-10,1,0
0.00389845,-0.269461,-0.0123195,-0.401294,4.07921,-69120.2,-1,3.59929e-10,1,0
0.0038993,-0.269769,-0.0125523,-0.400368,4.07959,-69184,-1,6.52167e-11,1,0
0.00389992,-0.269847,-0.0121764,-0.400555,4.07977,-69193,-1,2.19001e-10,1,0
0.00390104,-0.270068,-0.0116544,-0.401707,4.08051,-69229.8,-1,8.43449e-10,1,0
0.0039023,-0.270178,-0.0111805,-0.403138,4.0805,-69235.7,-1,8.43449e-10,1,0
0.00390366,-0.270298,-0.0106664,-0.40469,4.08037,-69242.1,-1,4.17411e-09,1,0
0.00390553,-0.269577,-0.0126762,-0.404038,4.08041,-69024.5,-1,4.17411e-09,1,0
0.00390711,-0.269755,-0.0141039,-0.403511,4.07894,-69042,-1,3.4499e-09,1,0
0.00390824,-0.270891,-0.014764,-0.40317,4.07888,-69312.6,-1,3.4499e-09,1,0
0.00390862,-0.270884,-0.0148015,-0.403228,4.07845,-69304.4,-1,9.30561e-11,1,0
0.00390968,-0.269858,-0.0141049,-0.403505,4.0785,-69023.1,-1,9.30561e-11,1,0
0.00391122,-0.268375,-0.0137792,-0.403958,4.07673,-68616.6,-1,6.31359e-10,1,0
0.00391154,-0.268365,-0.0138287,-0.404329,4.07595,-68608.4,-1,3.79096e-10,1,0
0.00391301,-0.269195,-0.013315,-0.404644,4.07651,-68794.9,-1,5.92022e-10,1,0
0.00391326,-0.269231,-0.0132844,-0.40478,4.08118,-68799.6,-1,6.94299e-11,1,0
0.00391451,-0.270386,-0.0135505,-0.405443,4.08313,-69072.9,-1,1.47807e-09,1,0
0.00391528,-0.269777,-0.0128958,-0.405243,4.0835,-68903.8,-1,8.62028e-10,1,0
0.0039154,-0.269682,-0.0128203,-0.405182,4.08582,-68877.3,-1,7.20846e-12,1,0
0.00391641,-0.26925,-0.011878,-0.404546,4.08584,-68749.1,-1,7.20846e-12,1,0
0.00391747,-0.268731,-0.0118628,-0.405378,4.08802,-68598.1,-1,6.93902e-10,1,0
0.00391879,-0.26944,-0.013148,-0.405793,4.0894,-68755.9,-1,2.9923e-10,1,0
0.00391979,-0.26863,-0.0130603,-0.405232,4.09035,-68531.7,-1,8.68366e-10,1,0
0.00392133,-0.268076,-0.0142448,-0.403927,4.08845,-68363.6,-1,1.84692e-09,1,0
0.00392253,-0.269334,-0.0139865,-0.404499,4.08821,-68663.2,-1,9.82298e-10,1,0
0.00392303,-0.2696,-0.0138153,-0.404954,4.0906,-68722.4,-1,4.75358e-10,1,0
0.00392354,-0.269433,-0.0140731,-0.404687,4.0893,-68670.8,-1,4.10593e-10,1,0
0.00392555,-0.26884,-0.0127731,-0.404044,4.08689,-68484.7,-1,1.70774e-09,1,0
0.00392605,-0.269167,-0.0130104,-0.403758,4.085,-68559.3,-1,9.92905e-11,1,0
0.00392698,-0.269626,-0.0129966,-0.40313,4.08222,-68659.9,-1,1.30203e-09,1,0
0.00392758,-0.269649,-0.0130177,-0.403766,4.08424,-68655.3,-1,3.69863e-10,1,0
0.00392965,-0.268718,-0.0136593,-0.40305,4.08531,-68382.3,-1,1.2022e-09,1,0
0.00393099,-0.267855,-0.014938,-0.403126,4.085,-68139.3,-1,2.38225e-09,1,0
0.00393116,-0.267659,-0.0149716,-0.403142,4.08501,-68086.6,-1,2.38225e-09,1,0
0.0039318,-0.267055,-0.0153072,-0.403136,4.08492,-67921.9,-1,2.86795e-10,1,0
0.00393293,-0.266433,-0.0142326,-0.40333,4.08796,-67744.2,-1,1.20879e-09,1,0
0.00393317,-0.266523,-0.014182,-0.403477,4.09314,-67763,-1,1.00012e-10,1,0
0.00393426,-0.267109,-0.0136273,-0.402866,4.09241,-67893.1,-1,5.94073e-10,1,0
0.00393525,-0.26728,-0.0131376,-0.402926,4.09442,-67919.4,-1,1.8687e-10,1,0
0.00393658,-0.268657,-0.0131278,-0.402722,4.09688,-68246.4,-1,1.40195e-09,1,0
0.0039371,-0.268126,-0.0134155,-0.402537,4.10013,-68102.3,-1,6.3205e-10,1,0
0.00393831,-0.267599,-0.012631,-0.402963,4.09996,-67947.6,-1,4.34568e-10,1,0
0.00393898,-0.267174,-0.0124435,-0.402994,4.10383,-67828.2,-1,1.67332e-10,1,0
0.00393989,-0.267305,-0.0121174,-0.402855,4.10601,-67845.7,-1,3.4447e-10,1,0
0.00394126,-0.2687,-0.0118337,-0.402041,4.10595,-68176.2,-1,3.4447e-10,1,0
0.00394218,-0.26837,-0.0117833,-0.401489,4.10802,-68076.6,-1,1.50318e-10,1,0
0.00394349,-0.267932,-0.0121991,-0.400756,4.10671,-67942.9,-1,3.12768e-10,1,0
0.00394437,-0.268072,-0.0128203,-0.40115,4.10688,-67963.1,-1,4.76463e-10,1,0
0.00394562,-0.269192,-0.0118931,-0.401521,4.10712,-68225.5,-1,1.50091e-09,1,0
0.00394621,-0.269703,-0.0120448,-0.401063,4.10705,-68345,-1,1.86662e-11,1,0
0.00394757,-0.270348,-0.0126516,-0.401864,4.10795,-68484.6,-1,8.3423e-10,1,0
0.00394868,-0.270088,-0.0135928,-0.402768,4.10796,-68399.7,-1,8.3423e-10,1,0
0.00394959,-0.269813,-0.0142204,-0.403579,4.10871,-68314.1,-1,2.1553e-09,1,0
0.00394994,-0.269498,-0.0141034,-0.403754,4.10823,-68228.4,-1,3.87108e-10,1,0
0.00395106,-0.270492,-0.0145482,-0.403508,4.1077,-68460.6,-1,4.26498e-10,1,0
0.00395158,-0.270708,-0.0146424,-0.403365,4.10895,-68506.3,-1,1.66477e-09,1,0
0.00395266,-0.270113,-0.0148727,-0.402499,4.10937,-68337.2,-1,5.79489e-10,1,0
0.00395439,-0.269789,-0.015254,-0.401566,4.11091,-68225.1,-1,4.62055e-10,1,0
0.00395556,-0.269406,-0.0145551,-0.400683,4.11305,-68108.2,-1,1.6893e-09,1,0
0.00395683,-0.269817,-0.0137285,-0.400844,4.10892,-68190.1,-1,1.00792e-09,1,0
0.00395831,-0.270203,-0.0137889,-0.401423,4.10979,-68262.2,-1,5.78327e-11,1,0
0.0039589,-0.270331,-0.0139938,-0.402098,4.10978,-68284.3,-1,5.78327e-11,1,0
0.00396005,-0.270577,-0.0143868,-0.403393,4.10979,-68326.7,-1,2.09266e-09,1,0
0.00396111,-0.270756,-0.0144432,-0.4033,4.10901,-68353.6,-1,5.73177e-10,1,0
0.00396226,-0.271111,-0.0136618,-0.404388,4.11104,-68423.4,-1,1.38612e-09,1,0
0.00396327,-0.272279,-0.0135651,-0.404052,4.11098,-68700.5,-1,1.38612e-09,1,0
0.00396369,-0.272666,-0.0135107,-0.404015,4.11064,-68791,-1,8.25671e-11,1,0
0.00396503,-0.273119,-0.0141607,-0.403355,4.11063,-68882,-1,1.20204e-09,1,0
0.00396533,-0.273048,-0.014248,-0.403697,4.11063,-68858.8,-1,1.20204e-09,1,0
0.00396611,-0.273251,-0.0142071,-0.404494,4.11297,-68896.6,-1,5.04406e-10,1,0
0.00396657,-0.273081,-0.0147367,-0.404588,4.11632,-68845.5,-1,5.64322e-10,1,0
0.00396668,-0.273117,-0.0147863,-0.40452,4.11818,-68852.8,-1,1.80223e-11,1,0
0.00396718,-0.272971,-0.0143604,-0.404483,4.11808,-68807.4,-1,2.58006e-10,1,0
0.00396772,-0.273311,-0.0138235,-0.404383,4.1175,-68883.6,-1,2.69337e-10,1,0
0.0039682,-0.273354,-0.01361,-0.404487,4.11879,-68886.2,-1,2.10766e-10,1,0
0.00396969,-0.273339,-0.0141217,-0.403209,4.11896,-68856.5,-1,5.837e-11,1,0
0.0039706,-0.272683,-0.0140135,-0.403534,4.11782,-68675.5,-1,8.57481e-10,1,0
0.00397148,-0.273066,-0.0147386,-0.403896,4.11624,-68756.8,-1,3.89884e-10,1,0
0.00397218,-0.27329,-0.0152598,-0.404511,4.11538,-68801.2,-1,1.50847e-09,1,0
0.00397364,-0.274453,-0.0158889,-0.405676,4.11338,-69068.4,-1,1.76788e-09,1,0
0.00397482,-0.275342,-0.0154063,-0.404674,4.11316,-69271.4,-1,1.42332e-09,1,0
0.00397512,-0.275047,-0.015495,-0.404775,4.11267,-69192,-1,1.71692e-10,1,0
0.0039762,-0.274184,-0.0159113,-0.405643,4.11271,-68956.3,-1,1.71692e-10,1,0
0.00397682,-0.274296,-0.0158726,-0.405575,4.11669,-68973.6,-1,3.67261e-10,1,0
0.00397863,-0.276404,-0.0153507,-0.405387,4.11658,-69472.1,-1,3.67261e-10,1,0
0.00397878,-0.276502,-0.0152584,-0.405404,4.11623,-69494.1,-1,1.27238e-10,1,0
0.00398031,-0.27497,-0.0142749,-0.405096,4.11503,-69082.4,-1,1.84658e-09,1,0
0.00398128,-0.275324,-0.0152782,-0.404736,4.11708,-69154.6,-1,9.40235e-11,1,0
0.00398266,-0.275313,-0.016273,-0.405514,4.11675,-69128,-1,1.05837e-09,1,0
0.00398327,-0.27546,-0.0169076,-0.40532,4.11761,-69154.3,-1,4.35435e-11,1,0
0.00398344,-0.275447,-0.0169924,-0.405145,4.1146,-69148.1,-1,1.98445e-11,1,0
0.00398452,-0.276076,-0.0179889,-0.404772,4.115,-69287.3,-1,9.33327e-11,1,0
0.00398519,-0.276537,-0.0180379,-0.404466,4.11314,-69391.3,-1,6.16428e-10,1,0
0.00398644,-0.275524,-0.0184896,-0.404378,4.11162,-69115.2,-1,1.13966e-09,1,0
0.00398767,-0.275262,-0.0193066,-0.405513,4.11136,-69028.2,-1,4.12502e-10,1,0
0.00398887,-0.276044,-0.019874,-0.404795,4.11209,-69203.5,-1,3.07172e-10,1,0
0.00398998,-0.275701,-0.020551,-0.405737,4.11515,-69098.3,-1,1.2989e-10,1,0
0.00399089,-0.276498,-0.02047,-0.406471,4.11511,-69282.3,-1,1.2989e-10,1,0
0.00399135,-0.276913,-0.0204278,-0.406853,4.11223,-69378.1,-1,1.65252e-09,1,0
0.00399217,-0.276942,-0.0198923,-0.407476,4.11006,-69371.4,-1,8.05783e-11,1,0
0.00399308,-0.277352,-0.020128,-0.407882,4.10763,-69458.2,-1,6.56458e-10,1,0
0.00399472,-0.275926,-0.0209452,-0.4073,4.10689,-69072.5,-1,9.83864e-10,1,0
0.00399598,-0.276024,-0.020391,-0.408586,4.10706,-69075.5,-1,5.73243e-10,1,0
0.00399658,-0.276098,-0.0201183,-0.408887,4.10579,-69083.7,-1,9.10668e-11,1,0
0.00399733,-0.275672,-0.020172,-0.408566,4.10679,-68964,-1,2.05678e-10,1,0
0.00399819,-0.275718,-0.0205229,-0.407603,4.10679,-68960.8,-1,2.05678e-10,1,0
0.00399924,-0.275858,-0.0209892,-0.406634,4.1049,-68977.7,-1,1.47445e-10,1,0
0.00400065,-0.275943,-0.0205788,-0.406309,4.10832,-68974.5,-1,8.20341e-10,1,0
0.00400112,-0.2757,-0.0208674,-0.406604,4.10847,-68905.6,-1,9.02729e-11,1,0
0.0040021,-0.275324,-0.0216766,-0.407331,4.11094,-68794.8,-1,2.45315e-11,1,0
0.004004,-0.275619,-0.0225481,-0.406695,4.10975,-68836,-1,1.34355e-09,1,0
0.00400553,-0.275513,-0.0229808,-0.407394,4.10873,-68783.2,-1,9.39899e-10,1,0
0.00400647,-0.275219,-0.0235328,-0.407242,4.10697,-68693.5,-1,2.14234e-10,1,0
0.0040073,-0.274538,-0.0231191,-0.407619,4.10559,-68509.3,-1,7.60211e-10,1,0
0.00400881,-0.27378,-0.0232558,-0.408383,4.10569,-68294.6,-1,1.5986e-09,1,0
0.00401058,-0.272164,-0.0242067,-0.408579,4.10552,-67861.5,-1,1.23335e-09,1,0
0.00401218,-0.270452,-0.0248225,-0.409219,4.10561,-67407.7,-1,1.23335e-09,1,0
0.00401379,-0.268729,-0.0254422,-0.409863,4.1077,-66951.4,-1,5.36834e-09,1,0
0.00401511,-0.267873,-0.0259576,-0.408633,4.10793,-66716.3,-1,1.58438e-09,1,0
0.00401595,-0.267049,-0.0253907,-0.408755,4.10798,-66497.1,-1,1.58438e-09,1,0
0.00401701,-0.267401,-0.0248595,-0.408913,4.10765,-66567.1,-1,6.60523e-10,1,0
0.00401829,-0.268625,-0.0257891,-0.409079,4.10759,-66850.5,-1,6.60523e-10,1,0
0.00401958,-0.269853,-0.0267211,-0.409246,4.1085,-67134.5,-1,3.35298e-09,1,0
0.00402066,-0.269746,-0.0275241,-0.408826,4.11071,-67089.9,-1,1.75206e-10,1,0
0.00402207,-0.270239,-0.028067,-0.407906,4.11084,-67189,-1,8.07407e-10,1,0
0.0040234,-0.270115,-0.0285458,-0.407904,4.10962,-67136,-1,7.09227e-10,1,0
0.0040243,-0.271063,-0.028219,-0.408318,4.10957,-67356.4,-1,7.09227e-10,1,0
0.00402448,-0.271249,-0.0281548,-0.408399,4.11105,-67399.8,-1,1.29785e-09,1,0
0.00402511,-0.27107,-0.0283128,-0.408309,4.1104,-67344.7,-1,2.19428e-11,1,0
0.00402547,-0.271185,-0.0286373,-0.408447,4.10962,-67367.2,-1,1.28614e-11,1,0
0.00402579,-0.271536,-0.0287998,-0.408384,4.1096,-67449,-1,1.28614e-11,1,0
0.00402766,-0.27355,-0.0297324,-0.408021,4.10893,-67917.9,-1,2.73707e-09,1,0
0.00402843,-0.27356,-0.0305635,-0.408413,4.10893,-67907.5,-1,2.73707e-09,1,0
0.00402971,-0.273577,-0.0319561,-0.409071,4.10931,-67890.1,-1,2.4594e-09,1,0
0.00403055,-0.274009,-0.0319907,-0.409385,4.10643,-67982.9,-1,3.27672e-10,1,0
0.00403159,-0.274784,-0.032629,-0.410095,4.10813,-68157.7,-1,1.90986e-09,1,0
0.00403215,-0.27468,-0.0324455,-0.410651,4.10971,-68122.5,-1,4.12274e-10,1,0
0.0040336,-0.273716,-0.0332917,-0.411143,4.10949,-67858.9,-1,9.18028e-10,1,0
0.00403393,-0.27374,-0.0330366,-0.411255,4.11032,-67859.3,-1,1.99387e-10,1,0
0.00403452,-0.273695,-0.0333596,-0.410788,4.10768,-67838.1,-1,1.33037e-10,1,0
0.00403483,-0.273642,-0.0333868,-0.410495,4.10779,-67820,-1,5.64839e-11,1,0
0.00403549,-0.273199,-0.0334665,-0.4101,4.10945,-67699,-1,3.85867e-10,1,0
0.00403676,-0.272927,-0.0331712,-0.409928,4.10571,-67610.6,-1,9.51329e-10,1,0
0.0040376,-0.273171,-0.033328,-0.410805,4.10603,-67656.8,-1,9.21891e-10,1,0
0.00403828,-0.272418,-0.0331493,-0.411095,4.10609,-67458.9,-1,9.13771e-10,1,0
0.00403864,-0.272472,-0.0335531,-0.411085,4.10715,-67466.3,-1,3.36509e-10,1,0
0.00403968,-0.272771,-0.0340339,-0.411522,4.10804,-67523,-1,7.16812e-10,1,0
0.00404046,-0.272311,-0.0333147,-0.411393,4.10841,-67396.1,-1,2.46998e-10,1,0
0.00404192,-0.272945,-0.0323583,-0.410691,4.10619,-67528.6,-1,1.11751e-09,1,0
0.00404282,-0.272357,-0.032889,-0.410726,4.1077,-67368.2,-1,5.48111e-10,1,0
0.00404338,-0.272601,-0.0325668,-0.410666,4.10739,-67419.1,-1,2.52717e-10,1,0
0.00404398,-0.272658,-0.0328026,-0.410727,4.10507,-67423.2,-1,4.37605e-10,1,0
0.00404433,-0.272584,-0.0331183,-0.411,4.10469,-67399.1,-1,4.23528e-10,1,0
0.00404469,-0.272506,-0.0333141,-0.411202,4.10225,-67373.7,-1,1.37494e-10,1,0
0.00404512,-0.272409,-0.0328696,-0.411445,4.10225,-67342.6,-1,1.37494e-10,1,0
0.0040468,-0.272717,-0.0332858,-0.4115,4.1038,-67390.7,-1,1.20208e-09,1,0
0.00404748,-0.272489,-0.0327495,-0.410927,4.10382,-67323,-1,1.20208e-09,1,0
0.00404824,-0.272184,-0.032303,-0.410258,4.10342,-67235.3,-1,2.17838e-09,1,0
0.00404891,-0.272127,-0.0319022,-0.409767,4.10443,-67209.8,-1,5.32545e-10,1,0
0.00404965,-0.272599,-0.0318537,-0.409853,4.10608,-67314.2,-1,1.42933e-10,1,0
0.00405069,-0.271937,-0.0326714,-0.409174,4.10796,-67133.5,-1,1.25243e-09,1,0
0.00405185,-0.271674,-0.0339517,-0.409664,4.10797,-67049.4,-1,1.25243e-09,1,0
0.00405303,-0.27172,-0.0345756,-0.408716,4.10509,-67041.1,-1,1.69593e-10,1,0
0.00405421,-0.271034,-0.0350718,-0.407746,4.10531,-66852.6,-1,7.24156e-10,1,0
0.00405458,-0.271096,-0.0352397,-0.407339,4.10401,-66861.8,-1,4.44659e-10,1,0
0.00405576,-0.270503,-0.0355984,-0.407275,4.1068,-66696.1,-1,2.47754e-10,1,0
0.00405701,-0.269346,-0.0362257,-0.406696,4.10615,-66390.4,-1,7.67778e-10,1,0
0.00405744,-0.269422,-0.0366946,-0.406913,4.10615,-66401.9,-1,7.67778e-10,1,0
0.00405883,-0.269934,-0.0380621,-0.406524,4.10576,-66505.4,-1,1.02692e-09,1,0
0.00405926,-0.270127,-0.0384695,-0.406268,4.10575,-66545.9,-1,1.02692e-09,1,0
0.0040602,-0.270423,-0.0393748,-0.40611,4.10462,-66603.4,-1,2.44514e-09,1,0
0.00406147,-0.27051,-0.0406737,-0.406923,4.1048,-66604,-1,1.92168e-09,1,0
0.00406304,-0.271738,-0.0405713,-0.406951,4.106,-66880.4,-1,1.20189e-09,1,0
0.00406479,-0.27092,-0.0388351,-0.406397,4.10602,-66650.3,-1,9.45756e-11,1,0
0.00406623,-0.270082,-0.0374887,-0.406172,4.1054,-66420.7,-1,1.00389e-09,1,0
0.00406672,-0.270065,-0.037444,-0.405978,4.10351,-66408.6,-1,7.13313e-12,1,0
0.00406801,-0.270578,-0.0371819,-0.404543,4.10362,-66513.6,-1,1.54584e-09,1,0
0.00406833,-0.270223,-0.0370262,-0.404586,4.10364,-66421,-1,1.54584e-09,1,0
0.00406901,-0.269951,-0.036636,-0.404032,4.10328,-66343.2,-1,8.02527e-11,1,0
0.00406976,-0.270003,-0.037088,-0.403619,4.1003,-66343.6,-1,6.59878e-10,1,0
0.00407072,-0.270332,-0.0378343,-0.402923,4.10031,-66408.7,-1,1.07986e-09,1,0
0.0040713,-0.2697,-0.0378348,-0.403205,4.09966,-66244.3,-1,6.92635e-10,1,0
0.00407251,-0.268477,-0.0383445,-0.402865,4.10125,-65924.1,-1,7.54402e-11,1,0
0.00407361,-0.268154,-0.0392434,-0.40346,4.09963,-65827.1,-1,1.03411e-09,1,0
0.00407476,-0.267821,-0.0395602,-0.404744,4.09851,-65726.9,-1,1.23647e-10,1,0
0.00407564,-0.268063,-0.0398301,-0.405494,4.09948,-65772,-1,8.20906e-10,1,0
0.00407782,-0.2689,-0.0422474,-0.404903,4.10007,-65942.2,-1,2.85485e-09,1,0
0.0040787,-0.269138,-0.0426248,-0.405724,4.09976,-65986.2,-1,9.76896e-10,1,0
0.00407889,-0.269292,-0.0425972,-0.405561,4.09937,-66020.9,-1,3.0418e-10,1,0
0.00407932,-0.269312,-0.0420795,-0.405542,4.10134,-66018.7,-1,2.53795e-11,1,0
0.00407953,-0.269371,-0.0419575,-0.405561,4.10179,-66030,-1,7.64635e-11,1,0
0.00408048,-0.270299,-0.0414521,-0.405165,4.1034,-66241.8,-1,1.1139e-09,1,0
0.00408101,-0.270189,-0.0413039,-0.405741,4.10468,-66206.3,-1,5.25616e-10,1,0
0.00408174,-0.270799,-0.0410628,-0.40539,4.10985,-66344,-1,1.0569e-10,1,0
0.0040828,-0.271283,-0.0414515,-0.40648,4.10963,-66445.3,-1,1.25781e-09,1,0
0.00408394,-0.270569,-0.0408467,-0.406228,4.10474,-66252,-1,1.15174e-09,1,0
0.00408444,-0.270391,-0.0409463,-0.406582,4.10423,-66200.3,-1,2.58055e-10,1,0
0.00408493,-0.269994,-0.0413229,-0.406807,4.10425,-66095,-1,2.58055e-10,1,0
0.00408622,-0.268954,-0.0423088,-0.407397,4.10474,-65819.6,-1,2.48495e-09,1,0
0.0040869,-0.268735,-0.0422656,-0.407495,4.10799,-65755.3,-1,3.04412e-10,1,0
0.00408844,-0.26739,-0.0417864,-0.407748,4.10893,-65401.6,-1,6.47564e-10,1,0
0.00408866,-0.26762,-0.041802,-0.407845,4.10703,-65454.2,-1,4.12669e-11,1,0
0.00408928,-0.268176,-0.0417419,-0.40833,4.10689,-65580.2,-1,7.38406e-10,1,0
0.00408969,-0.268512,-0.0416652,-0.408194,4.10483,-65655.7,-1,2.64085e-10,1,0
0.00409116,-0.269727,-0.0423011,-0.408243,4.10172,-65929.1,-1,7.65576e-10,1,0
0.00409258,-0.269902,-0.0431197,-0.408606,4.10294,-65949.2,-1,3.46144e-10,1,0
0.00409302,-0.269975,-0.0434672,-0.408999,4.10177,-65959.9,-1,1.19274e-09,1,0
0.00409339,-0.270085,-0.0431702,-0.408944,4.09995,-65980.8,-1,7.21608e-11,1,0
0.00409418,-0.270267,-0.0432789,-0.408795,4.10043,-66012.5,-1,5.24306e-10,1,0
0.0040958,-0.270189,-0.0436885,-0.408516,4.1045,-65967.3,-1,9.54375e-10,1,0
0.00409824,-0.271429,-0.0427917,-0.411016,4.10444,-66230.7,-1,9.54375e-10,1,0
0.00409846,-0.27154,-0.0427119,-0.411239,4.10427,-66254.1,-1,3.19244e-09,1,0
0.0040989,-0.271444,-0.0424495,-0.411402,4.10352,-66223.6,-1,2.3299e-10,1,0
0.00409907,-0.271413,-0.0422766,-0.411291,4.10352,-66213.3,-1,2.3299e-10,1,0
0.0040994,-0.271367,-0.0420914,-0.410963,4.1033,-66196.8,-1,2.91899e-10,1,0
0.00410075,-0.271415,-0.0420612,-0.411261,4.10706,-66186.8,-1,7.2858e-10,1,0
0.00410191,-0.271485,-0.0430339,-0.412272,4.10706,-66185,-1,7.2858e-10,1,0
0.00410246,-0.271451,-0.0434173,-0.412773,4.10643,-66167.9,-1,2.79398e-09,1,0
0.004103,-0.270966,-0.0433454,-0.412788,4.10889,-66041,-1,3.73517e-10,1,0
0.00410402,-0.270204,-0.0435589,-0.412094,4.10984,-65838.8,-1,1.9576e-10,1,0
0.00410458,-0.270112,-0.0433516,-0.412272,4.10883,-65807.5,-1,2.04234e-10,1,0
0.00410547,-0.269934,-0.0435303,-0.412365,4.10683,-65749.9,-1,4.38401e-10,1,0
0.00410577,-0.269942,-0.0437333,-0.412066,4.10683,-65747.1,-1,4.38401e-10,1,0
0.00410666,-0.26981,-0.0437198,-0.412471,4.10653,-65700.6,-1,9.72634e-10,1,0
0.00410726,-0.269956,-0.0434961,-0.412533,4.10344,-65726.5,-1,3.2954e-10,1,0
0.00410743,-0.270056,-0.0433537,-0.412545,4.10404,-65748.3,-1,1.86589e-11,1,0
0.00410868,-0.270129,-0.0422051,-0.412597,4.1028,-65746,-1,1.34207e-10,1,0
0.00410929,-0.270145,-0.0418899,-0.412405,4.10631,-65740,-1,2.63656e-10,1,0
0.00410991,-0.270632,-0.0415833,-0.41226,4.10696,-65848.7,-1,3.64427e-10,1,0
0.00411044,-0.270645,-0.0418241,-0.411739,4.10688,-65843.4,-1,1.07986e-10,1,0
0.00411082,-0.270489,-0.0414258,-0.411566,4.10689,-65799.2,-1,1.07986e-10,1,0
0.00411198,-0.270019,-0.0402289,-0.411046,4.10815,-65666.4,-1,1.88457e-09,1,0
0.00411277,-0.269862,-0.0405305,-0.411748,4.10718,-65615.7,-1,6.543e-10,1,0
0.00411391,-0.270262,-0.0416463,-0.412402,4.10678,-65694.7,-1,9.18107e-10,1,0
0.00411508,-0.269701,-0.0412234,-0.412159,4.10794,-65539.7,-1,1.10885e-09,1,0
0.00411569,-0.269246,-0.041408,-0.412127,4.10968,-65419.4,-1,2.90844e-10,1,0
0.0041165,-0.268974,-0.0422132,-0.412008,4.10845,-65340.6,-1,6.04731e-11,1,0
0.00411832,-0.267122,-0.0422432,-0.411592,4.10975,-64861.9,-1,2.25565e-10,1,0
0.00411989,-0.266935,-0.0421935,-0.411337,4.10963,-64791.7,-1,4.37651e-10,1,0
0.00412036,-0.26729,-0.0423589,-0.411,4.1083,-64870.5,-1,7.7812e-10,1,0
0.00412059,-0.267112,-0.0422426,-0.411033,4.10893,-64823.7,-1,3.38768e-10,1,0
0.00412187,-0.265799,-0.0415156,-0.411379,4.10985,-64485,-1,1.78277e-09,1,0
0.00412254,-0.26565,-0.0413854,-0.411976,4.10608,-64438.5,-1,4.16755e-10,1,0
0.00412422,-0.266898,-0.0414612,-0.411858,4.10404,-64714.8,-1,1.89591e-10,1,0
0.00412486,-0.267154,-0.0417229,-0.412045,4.10226,-64766.9,-1,2.39298e-10,1,0
0.00412531,-0.267056,-0.0415748,-0.412536,4.10346,-64735.8,-1,2.04475e-11,1,0
0.00412596,-0.266919,-0.0415713,-0.412614,4.10112,-64692.5,-1,3.66374e-10,1,0
0.00412649,-0.267325,-0.0414571,-0.413099,4.1011,-64782.5,-1,3.66374e-10,1,0
0.00412751,-0.267617,-0.0412509,-0.414161,4.10143,-64837.4,-1,1.22443e-09,1,0
0.00412778,-0.267397,-0.0413697,-0.414246,4.10037,-64780,-1,2.48326e-10,1,0
0.00412844,-0.26749,-0.041477,-0.414873,4.10256,-64792.1,-1,4.45954e-10,1,0
0.00413007,-0.265833,-0.0413709,-0.415915,4.10509,-64365.2,-1,1.96081e-09,1,0
0.00413087,-0.266711,-0.0415931,-0.415609,4.10505,-64565.2,-1,1.96081e-09,1,0
0.00413233,-0.268322,-0.0420012,-0.415048,4.10497,-64932.3,-1,1.96081e-09,1,0
0.00413301,-0.268742,-0.0425219,-0.415138,4.10472,-65023.3,-1,9.77928e-11,1,0
0.00413406,-0.269098,-0.043584,-0.415715,4.1068,-65092.9,-1,1.73399e-09,1,0
0.00413556,-0.269478,-0.045091,-0.415013,4.10539,-65161.2,-1,6.04658e-10,1,0
0.00413729,-0.269017,-0.0459833,-0.41431,4.1046,-65022.6,-1,8.72759e-10,1,0
0.00413791,-0.268407,-0.0463036,-0.414167,4.1039,-64865.4,-1,3.7101e-11,1,0
0.00413847,-0.267815,-0.0466192,-0.414064,4.1037,-64713.4,-1,1.38643e-09,1,0
0.00414,-0.267667,-0.0477644,-0.413187,4.10144,-64653.9,-1,7.32357e-10,1,0
0.00414113,-0.267676,-0.0473813,-0.413902,4.10365,-64638.4,-1,2.38233e-10,1,0
0.0041421,-0.268528,-0.0481073,-0.414161,4.10265,-64828.9,-1,3.51422e-10,1,0
0.00414293,-0.268202,-0.047764,-0.41454,4.1006,-64737.2,-1,5.01934e-10,1,0
0.00414408,-0.267929,-0.0485753,-0.414585,4.10167,-64653.6,-1,5.27415e-10,1,0
0.00414466,-0.267919,-0.0485233,-0.413883,4.09896,-64641.9,-1,6.46623e-12,1,0
0.00414544,-0.268171,-0.0477742,-0.414371,4.09854,-64690.7,-1,9.28711e-10,1,0
0.00414588,-0.267783,-0.0474746,-0.414175,4.09655,-64590.2,-1,5.28233e-10,1,0
0.00414707,-0.267277,-0.0470821,-0.415451,4.09657,-64449.5,-1,5.28233e-10,1,0
0.00414751,-0.267596,-0.0473431,-0.415527,4.09047,-64519.7,-1,6.44337e-11,1,0
0.00414867,-0.268054,-0.0474547,-0.414514,4.08985,-64612,-1,9.52926e-10,1,0
0.00414941,-0.268797,-0.0474879,-0.414202,4.09052,-64779.6,-1,1.51867e-10,1,0
0.00415051,-0.269586,-0.0482321,-0.413456,4.09041,-64952.5,-1,9.70516e-10,1,0
0.0041514,-0.269547,-0.0487474,-0.412902,4.08786,-64929.2,-1,4.75922e-10,1,0
0.00415326,-0.268319,-0.0482335,-0.412054,4.0852,-64604.3,-1,1.03388e-09,1,0
0.0041534,-0.268207,-0.0482021,-0.411952,4.08609,-64575.4,-1,1.31891e-11,1,0
0.00415501,-0.2672,-0.0473472,-0.410643,4.08649,-64308,-1,8.84223e-10,1,0
0.00415627,-0.267153,-0.0467282,-0.409842,4.08738,-64277,-1,2.29762e-09,1,0
0.00415773,-0.267202,-0.0474648,-0.410611,4.08843,-64266.3,-1,1.13997e-09,1,0
0.00415938,-0.265955,-0.0489388,-0.411059,4.08715,-63941,-1,1.98216e-09,1,0
0.0041603,-0.266684,-0.0493337,-0.410765,4.08758,-64102.2,-1,1.20827e-10,1,0
0.0041615,-0.266806,-0.0500986,-0.411856,4.08633,-64112.9,-1,8.37334e-11,1,0
0.00416258,-0.267716,-0.0497886,-0.41199,4.08959,-64315,-1,2.55489e-10,1,0
0.00416312,-0.267825,-0.0499191,-0.411397,4.09106,-64332.8,-1,6.24561e-10,1,0
0.00416363,-0.267494,-0.0496184,-0.411308,4.0904,-64245.4,-1,1.47487e-10,1,0
0.00416409,-0.267679,-0.0493513,-0.411504,4.09075,-64282.8,-1,2.68157e-10,1,0
0.00416467,-0.267197,-0.048996,-0.411607,4.09072,-64158.2,-1,4.04796e-10,1,0
0.00416563,-0.268098,-0.0487983,-0.411092,4.08941,-64359.5,-1,3.82248e-11,1,0
0.00416642,-0.267907,-0.049345,-0.410821,4.09248,-64301.5,-1,6.26801e-10,1,0
0.00416732,-0.267953,-0.0493786,-0.410304,4.09098,-64298.8,-1,1.04241e-09,1,0
0.00416857,-0.266511,-0.0491898,-0.410683,4.08908,-63933.4,-1,1.85871e-09,1,0
0.00416914,-0.266883,-0.0490116,-0.410288,4.08874,-64014,-1,1.67155e-10,1,0
0.00416977,-0.266452,-0.0491129,-0.410298,4.08923,-63900.8,-1,4.03328e-11,1,0
0.00417016,-0.265985,-0.0491539,-0.410311,4.08968,-63783,-1,1.0207e-09,1,0
0.00417205,-0.267682,-0.047868,-0.409831,4.08913,-64160.7,-1,1.49394e-09,1,0
0.00417272,-0.267602,-0.0479518,-0.409707,4.0885,-64131.4,-1,3.65526e-10,1,0
0.00417338,-0.267684,-0.0485084,-0.410109,4.0906,-64140.8,-1,1.67301e-10,1,0
0.00417496,-0.267367,-0.0486473,-0.411862,4.09074,-64040.8,-1,6.06001e-10,1,0
0.00417597,-0.267153,-0.0484863,-0.412739,4.08993,-63973.8,-1,4.42217e-10,1,0
0.00417641,-0.267326,-0.0482935,-0.413189,4.09076,-64008.6,-1,1.07306e-09,1,0
0.00417746,-0.267892,-0.0476774,-0.413798,4.09085,-64127.9,-1,1.13531e-09,1,0
0.00417967,-0.269072,-0.0454744,-0.413313,4.09084,-64376.5,-1,8.26637e-10,1,0
0.00417988,-0.268967,-0.0453421,-0.413469,4.0907,-64348.1,-1,1.81465e-10,1,0
0.00418057,-0.268548,-0.0452577,-0.413629,4.08879,-64237.1,-1,6.18424e-10,1,0
0.00418181,-0.268296,-0.0463793,-0.414128,4.08649,-64157.8,-1,8.51395e-12,1,0
0.00418346,-0.267537,-0.0465882,-0.414799,4.08574,-63951.2,-1,7.01428e-10,1,0
0.00418385,-0.267975,-0.0466134,-0.414953,4.0897,-64049.9,-1,4.64567e-10,1,0
0.00418461,-0.267131,-0.0465896,-0.41518,4.08926,-63836.6,-1,4.82471e-10,1,0
0.00418568,-0.267081,-0.0467416,-0.415124,4.08396,-63808.1,-1,6.47649e-10,1,0
0.00418633,-0.267599,-0.0462537,-0.41483,4.08407,-63922.1,-1,1.10545e-10,1,0
0.00418858,-0.269515,-0.0446096,-0.413886,4.08425,-64345.1,-1,3.36149e-09,1,0
0.00418982,-0.26944,-0.0457837,-0.413882,4.08556,-64308.3,-1,1.4634e-10,1,0
0.00419056,-0.269965,-0.0455738,-0.414041,4.08336,-64422.3,-1,5.47361e-10,1,0
0.00419078,-0.269988,-0.0456673,-0.414017,4.08081,-64424.2,-1,1.39513e-10,1,0
0.00419202,-0.268914,-0.046016,-0.414804,4.0807,-64149.1,-1,5.86789e-10,1,0
0.00419322,-0.267719,-0.0460027,-0.41561,4.08076,-63845.6,-1,5.86789e-10,1,0
0.00419456,-0.267686,-0.0467255,-0.415999,4.07992,-63817.4,-1,3.11847e-09,1,0
0.00419482,-0.267871,-0.0469763,-0.416,4.08067,-63857.7,-1,1.21929e-09,1,0
0.00419585,-0.267448,-0.0469717,-0.415321,4.08188,-63741.1,-1,3.60678e-10,1,0
0.00419631,-0.267949,-0.0470923,-0.415138,4.08177,-63853.6,-1,3.60578e-10,1,0
0.00419684,-0.267925,-0.0465957,-0.415196,4.0811,-63839.7,-1,5.00661e-11,1,0
0.00419809,-0.26739,-0.0465651,-0.413964,4.08054,-63693.2,-1,3.19192e-10,1,0
0.00419902,-0.268327,-0.0468496,-0.4137,4.08034,-63902.3,-1,4.39626e-10,1,0
0.00420001,-0.268287,-0.0464773,-0.412567,4.08124,-63877.6,-1,1.19275e-09,1,0
0.00420105,-0.267871,-0.0458389,-0.412907,4.08187,-63762.9,-1,8.79314e-10,1,0
0.00420213,-0.267443,-0.0463294,-0.413499,4.08214,-63644.7,-1,6.11804e-10,1,0
0.00420245,-0.267384,-0.045944,-0.41355,4.08214,-63625.7,-1,6.11804e-10,1,0
0.0042032,-0.266994,-0.0466495,-0.413635,4.08324,-63521.6,-1,6.46135e-10,1,0
0.00420432,-0.267693,-0.0463982,-0.412867,4.08246,-63670.9,-1,1.149e-09,1,0
0.00420638,-0.268843,-0.0465598,-0.41313,4.08001,-63913.2,-1,8.20127e-10,1,0
0.00420669,-0.269079,-0.0464941,-0.413028,4.08084,-63964.5,-1,1.78271e-09,1,0
0.00420812,-0.269865,-0.0461504,-0.411806,4.07898,-64129.6,-1,1.83166e-09,1,0
0.0042085,-0.269826,-0.0462649,-0.412193,4.07941,-64114.7,-1,2.04695e-10,1,0
0.00420939,-0.269048,-0.0467454,-0.412598,4.07895,-63916.2,-1,4.82665e-10,1,0
0.00421043,-0.268027,-0.0473405,-0.412978,4.079,-63657.9,-1,4.82665e-10,1,0
0.00421087,-0.267593,-0.0475933,-0.41314,4.07902,-63548.2,-1,4.82665e-10,1,0
0.00421232,-0.266886,-0.047986,-0.413843,4.07719,-63358.4,-1,3.97265e-09,1,0
0.00421333,-0.267967,-0.0475947,-0.413912,4.07393,-63599.9,-1,9.85788e-10,1,0
0.00421415,-0.267819,-0.0473591,-0.412977,4.07394,-63552.4,-1,9.85788e-10,1,0
0.00421581,-0.269556,-0.0475137,-0.413625,4.07223,-63939.3,-1,1.90566e-09,1,0
0.00421639,-0.269345,-0.0473402,-0.414258,4.07224,-63880.6,-1,1.90566e-09,1,0
0.00421864,-0.269114,-0.0474478,-0.416277,4.0682,-63791.7,-1,1.22349e-09,1,0
0.00421961,-0.269193,-0.0464004,-0.416518,4.06911,-63795.8,-1,6.02093e-10,1,0
0.00421984,-0.269053,-0.0465494,-0.416472,4.06492,-63759.1,-1,2.19081e-10,1,0
0.00422155,-0.270563,-0.0479206,-0.416537,4.06061,-64090.9,-1,2.09983e-09,1,0
0.00422288,-0.269638,-0.0479299,-0.416765,4.06015,-63851.7,-1,1.12169e-09,1,0
0.0042246,-0.269972,-0.0485766,-0.417948,4.05886,-63904.9,-1,9.67117e-10,1,0
0.00422534,-0.269563,-0.0483941,-0.418151,4.06003,-63796.7,-1,5.52259e-10,1,0
0.00422714,-0.26914,-0.0482292,-0.416765,4.06133,-63669.5,-1,1.22403e-09,1,0
0.00422807,-0.269962,-0.0478013,-0.416382,4.06152,-63849.9,-1,8.29879e-10,1,0
0.00422911,-0.270041,-0.0479112,-0.415488,4.06197,-63852.8,-1,8.82245e-10,1,0
0.00422967,-0.269703,-0.0482584,-0.415773,4.06095,-63764.7,-1,4.17113e-10,1,0
0.00423027,-0.269357,-0.0486462,-0.415815,4.05865,-63673.6,-1,1.11372e-09,1,0
0.00423101,-0.269181,-0.0489358,-0.415006,4.05693,-63620.9,-1,3.68478e-12,1,0
0.00423206,-0.268963,-0.0477039,-0.415079,4.05694,-63553.8,-1,3.68478e-12,1,0
0.00423386,-0.269127,-0.0458087,-0.414656,4.05584,-63565.3,-1,9.29308e-10,1,0
0.00423431,-0.269171,-0.0455649,-0.414998,4.05517,-63569,-1,1.91102e-10,1,0
0.00423458,-0.269093,-0.045723,-0.415177,4.05652,-63546.6,-1,5.15999e-11,1,0
0.00423513,-0.268876,-0.0459379,-0.41493,4.05673,-63487,-1,3.93091e-10,1,0
0.00423612,-0.269568,-0.0460936,-0.415632,4.05685,-63635.6,-1,3.85334e-10,1,0
0.00423701,-0.270345,-0.0455823,-0.415115,4.05681,-63805.6,-1,3.85334e-10,1,0
0.00423816,-0.270853,-0.0446557,-0.414751,4.05824,-63908,-1,1.90398e-09,1,0
0.00423946,-0.270172,-0.0438623,-0.414923,4.05691,-63727.8,-1,8.50065e-11,1,0
0.00424095,-0.271581,-0.0429544,-0.415429,4.05685,-64037.8,-1,6.26519e-11,1,0
0.00424174,-0.272336,-0.0424396,-0.415685,4.05669,-64203.9,-1,2.67061e-09,1,0
0.00424256,-0.272489,-0.0425675,-0.416242,4.05322,-64227.5,-1,3.91673e-10,1,0
0.00424449,-0.274112,-0.0431665,-0.414715,4.05203,-64580.6,-1,2.30783e-09,1,0
0.00424651,-0.272924,-0.043107,-0.415375,4.05355,-64270.3,-1,1.22383e-09,1,0
0.00424826,-0.272198,-0.0421805,-0.417105,4.05365,-64072.9,-1,2.67208e-09,1,0
0.00424957,-0.271795,-0.0423912,-0.418606,4.05367,-63958.2,-1,2.67208e-09,1,0
0.00424989,-0.271696,-0.0424426,-0.418972,4.05367,-63930.2,-1,2.67208e-09,1,0
0.00425082,-0.271417,-0.042597,-0.420036,4.05415,-63850.4,-1,1.11421e-11,1,0
0.00425162,-0.27192,-0.0431664,-0.420111,4.0526,-63956.8,-1,6.48843e-10,1,0
0.00425289,-0.271601,-0.0441435,-0.419435,4.05352,-63862.8,-1,1.52326e-09,1,0
0.00425392,-0.272157,-0.0438723,-0.418754,4.05201,-63977.8,-1,8.54855e-10,1,0
0.00425558,-0.273255,-0.0444043,-0.419459,4.04775,-64210.9,-1,8.96654e-10,1,0
0.00425764,-0.273938,-0.0459473,-0.421254,4.04771,-64340.3,-1,8.96654e-10,1,0
0.00425907,-0.274045,-0.0472885,-0.422188,4.04694,-64344,-1,1.22401e-09,1,0
0.00425956,-0.274195,-0.0475885,-0.422019,4.0459,-64371.5,-1,4.0606e-10,1,0
0.0042606,-0.274979,-0.0478527,-0.422587,4.04724,-64539.9,-1,5.58775e-10,1,0
0.00426251,-0.274019,-0.0486224,-0.423446,4.0452,-64285.9,-1,1.22382e-09,1,0
0.00426351,-0.273293,-0.0480518,-0.424205,4.04468,-64100.5,-1,2.14926e-09,1,0
0.00426455,-0.273375,-0.0472204,-0.423937,4.04685,-64104.1,-1,4.20578e-10,1,0
0.00426625,-0.274941,-0.0465914,-0.424264,4.0465,-64445.4,-1,2.52744e-10,1,0
0.00426768,-0.27526,-0.0450268,-0.424839,4.04645,-64498.8,-1,1.69726e-09,1,0
0.00426809,-0.275019,-0.0448077,-0.424809,4.04843,-64436,-1,2.6593e-10,1,0
0.00426848,-0.27517,-0.0443916,-0.424676,4.04802,-64465.5,-1,4.29715e-10,1,0
0.00426969,-0.275209,-0.0441106,-0.423394,4.04597,-64456.3,-1,1.34826e-09,1,0
0.00426991,-0.275333,-0.0439843,-0.423496,4.04232,-64482.2,-1,2.15029e-10,1,0
0.00427052,-0.275272,-0.0437477,-0.423194,4.0421,-64458.7,-1,5.06695e-10,1,0
0.00427206,-0.2737,-0.0443103,-0.423499,4.04144,-64067.6,-1,4.31471e-10,1,0
0.00427326,-0.274866,-0.0440363,-0.424302,4.04138,-64322.2,-1,4.31471e-10,1,0
0.00427534,-0.276875,-0.043698,-0.425678,4.04099,-64760.8,-1,7.08639e-10,1,0
0.00427664,-0.277183,-0.0450496,-0.42607,4.04039,-64813.3,-1,6.71694e-10,1,0
0.00427793,-0.277396,-0.0465303,-0.426441,4.03874,-64843.4,-1,2.96587e-09,1,0
0.00427846,-0.277049,-0.0468112,-0.426446,4.03941,-64754.5,-1,1.21092e-10,1,0
0.00427894,-0.276597,-0.0471518,-0.426324,4.03943,-64641.4,-1,1.21092e-10,1,0
0.00428018,-0.275443,-0.0480198,-0.426012,4.04277,-64353.2,-1,2.55921e-09,1,0
0.00428162,-0.276566,-0.0477499,-0.42488,4.04589,-64593.8,-1,1.22395e-09,1,0
0.00428174,-0.27664,-0.0477465,-0.42484,4.04551,-64609.2,-1,4.23613e-11,1,0
0.00428242,-0.277225,-0.0480458,-0.424649,4.04459,-64735.6,-1,9.2145e-11,1,0
0.00428331,-0.277434,-0.0487317,-0.424695,4.04406,-64771.1,-1,2.1717e-10,1,0
0.00428396,-0.278116,-0.0484059,-0.424492,4.04326,-64920.2,-1,7.82324e-10,1,0
0.00428473,-0.277533,-0.0483401,-0.424134,4.04216,-64772.6,-1,4.11708e-10,1,0
0.00428537,-0.277492,-0.0479377,-0.424783,4.04216,-64753.2,-1,4.11708e-10,1,0
0.00428573,-0.277583,-0.0476279,-0.425051,4.04254,-64769.1,-1,8.52944e-10,1,0
0.0042869,-0.278474,-0.0484944,-0.424419,4.04244,-64959.2,-1,3.44085e-10,1,0
0.00428722,-0.278717,-0.0487319,-0.424245,4.04243,-65011,-1,3.44085e-10,1,0
0.00428883,-0.277961,-0.0473843,-0.424426,4.0396,-64810.4,-1,1.73058e-09,1,0
0.00428939,-0.27781,-0.0467542,-0.424276,4.03961,-64766.7,-1,1.73058e-09,1,0
0.00428977,-0.2777,-0.0464153,-0.424176,4.04095,-64735.3,-1,4.85857e-11,1,0
0.0042906,-0.277735,-0.0462746,-0.425018,4.04047,-64730.9,-1,5.10341e-11,1,0
0.00429124,-0.278179,-0.0459443,-0.42549,4.04109,-64824.8,-1,2.44213e-10,1,0
0.00429137,-0.278097,-0.0459687,-0.425406,4.04065,-64803.7,-1,1.19347e-10,1,0
0.00429294,-0.278055,-0.0478306,-0.42554,4.04036,-64770.3,-1,1.90416e-09,1,0
0.0042938,-0.277408,-0.0483917,-0.425507,4.04136,-64606.7,-1,8.78605e-10,1,0
0.00429405,-0.277277,-0.0483273,-0.425385,4.03979,-64572.3,-1,9.09504e-11,1,0
0.00429432,-0.277116,-0.0482752,-0.425167,4.0399,-64530.8,-1,8.70484e-11,1,0
0.00429485,-0.276672,-0.0479989,-0.425167,4.0407,-64419.4,-1,2.67695e-10,1,0
0.00429596,-0.275662,-0.0474323,-0.425807,4.04243,-64167.6,-1,1.69329e-09,1,0
0.00429625,-0.275539,-0.0472838,-0.425963,4.04364,-64134.8,-1,1.1949e-10,1,0
0.00429701,-0.275247,-0.0464523,-0.42622,4.04365,-64055.4,-1,1.1949e-10,1,0
0.00429757,-0.275097,-0.0459734,-0.426358,4.04118,-64012.1,-1,4.06232e-11,1,0
0.00429891,-0.273826,-0.0450318,-0.426531,4.04186,-63696.6,-1,1.59095e-09,1,0
0.00430013,-0.274506,-0.0451729,-0.426412,4.04336,-63836.5,-1,4.42867e-10,1,0
0.00430167,-0.275132,-0.0444491,-0.426564,4.04438,-63959.3,-1,1.48135e-09,1,0
0.00430218,-0.274781,-0.0443626,-0.426625,4.04629,-63870.2,-1,3.28067e-10,1,0
0.00430342,-0.27366,-0.0440489,-0.426807,4.04545,-63591.3,-1,1.22393e-09,1,0
0.00430449,-0.273633,-0.045016,-0.427646,4.04544,-63569.1,-1,1.5302e-09,1,0
0.00430504,-0.273909,-0.0447529,-0.427956,4.04366,-63625.2,-1,3.05483e-10,1,0
0.00430654,-0.274043,-0.0453895,-0.426295,4.04461,-63634.1,-1,1.02956e-10,1,0
0.00430827,-0.272872,-0.0451954,-0.427984,4.04467,-63336.8,-1,1.02956e-10,1,0
0.00430907,-0.272407,-0.0452685,-0.42871,4.04511,-63217.1,-1,1.8007e-11,1,0
0.00431024,-0.272065,-0.0462724,-0.429407,4.04839,-63120.7,-1,1.00358e-10,1,0
0.00431075,-0.272387,-0.0457867,-0.429523,4.04777,-63188,-1,4.97027e-10,1,0
0.0043116,-0.272307,-0.0454123,-0.428582,4.04479,-63156.8,-1,1.01532e-09,1,0
0.00431241,-0.272299,-0.0462223,-0.428165,4.04516,-63143.1,-1,4.93995e-10,1,0
0.0043134,-0.271927,-0.0471209,-0.427485,4.04455,-63042.3,-1,1.66167e-09,1,0
0.00431408,-0.271483,-0.0472461,-0.428077,4.0389,-62929.6,-1,7.40268e-10,1,0
0.00431586,-0.273145,-0.0459994,-0.427643,4.03924,-63288.7,-1,2.12196e-09,1,0
0.00431657,-0.272538,-0.0461079,-0.427367,4.03648,-63137.5,-1,5.88856e-10,1,0
0.00431744,-0.273468,-0.0461524,-0.42745,4.03643,-63340.4,-1,2.45543e-10,1,0
0.00431832,-0.27259,-0.0462901,-0.427177,4.03598,-63124.2,-1,9.66878e-10,1,0
0.00431897,-0.271932,-0.0459381,-0.426946,4.03756,-62962.2,-1,7.81634e-10,1,0
0.00431977,-0.272107,-0.0468729,-0.426863,4.03765,-62991.1,-1,9.54727e-10,1,0
0.00432001,-0.272207,-0.0466933,-0.426791,4.03885,-63010.7,-1,1.50147e-11,1,0
0.00432162,-0.270838,-0.0476616,-0.427294,4.03835,-62670.4,-1,3.84092e-10,1,0
0.00432334,-0.270758,-0.0472543,-0.428261,4.03732,-62627.1,-1,2.38215e-09,1,0
0.00432372,-0.27061,-0.0469889,-0.428263,4.03827,-62587.4,-1,3.00834e-10,1,0
0.00432422,-0.270534,-0.046456,-0.428352,4.03756,-62562.5,-1,4.74923e-10,1,0
0.00432542,-0.270031,-0.046811,-0.42738,4.03878,-62428.9,-1,7.69546e-10,1,0
0.00432562,-0.270042,-0.0467753,-0.427138,4.03827,-62428.4,-1,8.97667e-10,1,0
0.00432588,-0.269868,-0.0468578,-0.426904,4.03828,-62384.6,-1,8.97667e-10,1,0
0.00432654,-0.269411,-0.0470747,-0.426288,4.0383,-62269.2,-1,8.97667e-10,1,0
0.00432672,-0.269559,-0.0470879,-0.426374,4.03719,-62301,-1,1.11749e-09,1,0
0.00432733,-0.269916,-0.0474056,-0.426391,4.03775,-62374.8,-1,3.54837e-10,1,0
0.0043289,-0.270195,-0.0492286,-0.426116,4.03879,-62416.7,-1,1.86464e-09,1,0
0.00432936,-0.270229,-0.0488162,-0.426481,4.03879,-62417.7,-1,1.86464e-09,1,0
0.00433086,-0.269161,-0.0488204,-0.42751,4.03656,-62149.6,-1,1.36303e-09,1,0
0.00433137,-0.269181,-0.0489123,-0.428112,4.03656,-62146.8,-1,1.36303e-09,1,0
0.00433194,-0.269679,-0.0488284,-0.428353,4.03633,-62253.6,-1,5.3541e-10,1,0
0.00433279,-0.26937,-0.0478706,-0.428445,4.03594,-62170.2,-1,1.06539e-09,1,0
0.00433422,-0.269767,-0.0480281,-0.426974,4.03588,-62241.1,-1,9.678e-10,1,0
0.00433502,-0.270209,-0.0472535,-0.426649,4.03586,-62331.7,-1,9.678e-10,1,0
0.0043361,-0.270813,-0.0461953,-0.426205,4.03642,-62455.3,-1,2.24588e-09,1,0
0.00433673,-0.271528,-0.0461728,-0.426106,4.03569,-62611.4,-1,1.52769e-10,1,0
0.00433808,-0.27185,-0.0471638,-0.425431,4.03524,-62665.8,-1,1.16053e-09,1,0
0.00433918,-0.271083,-0.0476372,-0.425763,4.03706,-62473.5,-1,8.73711e-10,1,0
0.00434062,-0.270248,-0.0477402,-0.425272,4.03571,-62260.1,-1,3.90558e-10,1,0
0.00434117,-0.270809,-0.0479125,-0.425161,4.03349,-62381.6,-1,5.36492e-10,1,0
0.00434136,-0.270791,-0.0477565,-0.425258,4.02999,-62374.8,-1,1.6411e-10,1,0
0.00434195,-0.270462,-0.0479478,-0.425274,4.03052,-62290.5,-1,1.72804e-10,1,0
0.00434227,-0.270539,-0.0478734,-0.425179,4.02611,-62303.7,-1,1.96712e-10,1,0
0.00434437,-0.268675,-0.0470405,-0.423738,4.02627,-61844.4,-1,2.49948e-09,1,0
0.00434605,-0.26984,-0.0465457,-0.422334,4.02521,-62088.5,-1,1.23714e-09,1,0
0.00434623,-0.269806,-0.046541,-0.422121,4.02521,-62078.1,-1,1.23714e-09,1,0
0.00434768,-0.269274,-0.0467215,-0.420777,4.0269,-61935.1,-1,1.56633e-09,1,0
0.00434815,-0.268809,-0.0470276,-0.420763,4.0269,-61821.6,-1,9.38881e-10,1,0
0.00434951,-0.268453,-0.0474811,-0.420214,4.02742,-61720.3,-1,6.46227e-10,1,0
0.00435033,-0.268621,-0.0475586,-0.420002,4.02854,-61747.4,-1,3.68474e-10,1,0
0.004351,-0.268261,-0.048039,-0.420265,4.02586,-61655,-1,2.82182e-10,1,0
0.00435178,-0.267928,-0.0485678,-0.420953,4.02775,-61567.5,-1,1.44657e-09,1,0
0.00435258,-0.26868,-0.0482539,-0.420703,4.02715,-61729,-1,4.89823e-10,1,0
0.00435354,-0.269195,-0.0478438,-0.420902,4.02604,-61833.7,-1,1.26196e-09,1,0
0.00435428,-0.269173,-0.0483121,-0.421643,4.02604,-61818,-1,1.26196e-09,1,0
0.00435526,-0.269279,-0.0488161,-0.42247,4.02519,-61828.6,-1,2.24462e-09,1,0
0.00435589,-0.269975,-0.0486041,-0.422288,4.02475,-61979.3,-1,8.92776e-10,1,0
0.00435674,-0.269957,-0.0486904,-0.421964,4.02571,-61963,-1,2.52075e-10,1,0
0.00435775,-0.270159,-0.047926,-0.42256,4.02582,-61995,-1,2.82697e-10,1,0
0.00435922,-0.270964,-0.0467558,-0.423569,4.02572,-62158.8,-1,4.58659e-11,1,0
0.00436006,-0.270895,-0.0469027,-0.42364,4.02972,-62131,-1,1.26178e-10,1,0
0.00436119,-0.270646,-0.0470173,-0.423343,4.03047,-62057.7,-1,1.33869e-09,1,0
0.00436188,-0.271358,-0.0467524,-0.423659,4.02929,-62211.1,-1,1.30856e-09,1,0
0.00436314,-0.272248,-0.0466241,-0.424507,4.02892,-62397.3,-1,5.28868e-10,1,0
0.00436404,-0.272337,-0.0461967,-0.424908,4.02748,-62404.8,-1,4.34956e-10,1,0
0.00436536,-0.272038,-0.0470706,-0.425107,4.02542,-62317.6,-1,1.24535e-09,1,0
0.00436584,-0.27215,-0.0468567,-0.425335,4.02914,-62336.3,-1,2.7645e-10,1,0
0.00436639,-0.271641,-0.0472386,-0.425192,4.02966,-62211.9,-1,6.52372e-10,1,0
0.00436705,-0.271987,-0.0465458,-0.42527,4.02677,-62281.8,-1,7.80912e-10,1,0
0.00436733,-0.272103,-0.046818,-0.425388,4.02823,-62304.2,-1,1.52974e-11,1,0
0.00436836,-0.271394,-0.0473569,-0.425469,4.02762,-62127.3,-1,2.40838e-10,1,0
0.00436978,-0.271627,-0.0480525,-0.425252,4.02731,-62160.4,-1,3.24173e-10,1,0
0.00437021,-0.27174,-0.0478174,-0.424997,4.02804,-62180.1,-1,7.1283e-10,1,0
0.00437089,-0.272034,-0.0473711,-0.425363,4.02751,-62237.7,-1,3.54862e-10,1,0
0.00437171,-0.272022,-0.0470952,-0.426141,4.0259,-62223.2,-1,8.51587e-10,1,0
0.0043719,-0.272084,-0.0470744,-0.426196,4.02524,-62234.6,-1,4.9448e-11,1,0
0.00437273,-0.272117,-0.0474141,-0.427063,4.02469,-62230.5,-1,5.20239e-12,1,0
0.00437469,-0.272309,-0.0484762,-0.429132,4.02468,-62246.3,-1,5.20239e-12,1,0
0.00437539,-0.271956,-0.048219,-0.429587,4.02414,-62155.8,-1,5.31769e-10,1,0
0.00437577,-0.271849,-0.0481841,-0.429791,4.02558,-62126,-1,1.96908e-10,1,0
0.00437699,-0.271076,-0.048577,-0.428917,4.02476,-61932.1,-1,1.24072e-09,1,0
0.00437805,-0.270319,-0.048983,-0.428425,4.0257,-61744.3,-1,6.20498e-11,1,0
0.00437921,-0.26952,-0.0491332,-0.429474,4.02457,-61545.3,-1,4.68007e-10,1,0
0.00438073,-0.268863,-0.0488097,-0.428923,4.02437,-61374,-1,9.84511e-10,1,0
0.00438169,-0.268569,-0.0495745,-0.428129,4.02353,-61293.5,-1,1.9688e-09,1,0
0.004382,-0.268484,-0.0492691,-0.428256,4.01987,-61269.8,-1,3.99331e-11,1,0
0.00438338,-0.267589,-0.0481418,-0.42904,4.02034,-61046.4,-1,1.63906e-09,1,0
0.00438508,-0.267559,-0.0481665,-0.427993,4.02055,-61015.8,-1,1.2457e-09,1,0
0.00438606,-0.268048,-0.0482635,-0.428237,4.0221,-61113.5,-1,8.32881e-10,1,0
0.00438646,-0.267803,-0.0482624,-0.427891,4.02327,-61052.3,-1,4.1947e-10,1,0
0.00438735,-0.268625,-0.0482424,-0.42822,4.02517,-61227.2,-1,6.57275e-10,1,0
0.00438828,-0.268268,-0.0473092,-0.42808,4.02491,-61132.9,-1,1.01057e-09,1,0
0.00438847,-0.268194,-0.0473048,-0.428078,4.02828,-61113.4,-1,5.51339e-11,1,0
0.00438897,-0.267713,-0.0475768,-0.428288,4.0283,-60996.7,-1,5.51339e-11,1,0
0.00438999,-0.266724,-0.0481347,-0.428718,4.02835,-60757.3,-1,5.51339e-11,1,0
0.00439119,-0.266836,-0.0479837,-0.429422,4.0289,-60766.3,-1,2.36725e-09,1,0
0.00439145,-0.267046,-0.047833,-0.429609,4.03001,-60810.3,-1,1.18244e-09,1,0
0.00439338,-0.266653,-0.0466145,-0.430465,4.02955,-60694.3,-1,1.00099e-09,1,0
0.00439441,-0.266939,-0.0462547,-0.431102,4.02795,-60745.3,-1,2.28246e-09,1,0
0.00439537,-0.266451,-0.0468929,-0.430755,4.02688,-60620.9,-1,1.14849e-09,1,0
0.00439674,-0.266205,-0.0475158,-0.430144,4.02876,-60545.9,-1,1.1429e-09,1,0
0.00439813,-0.26504,-0.0478918,-0.431251,4.02882,-60262,-1,1.1429e-09,1,0
0.00439946,-0.265722,-0.0485484,-0.431966,4.02911,-60398.9,-1,2.03072e-09,1,0
0.00440017,-0.265297,-0.0486938,-0.432273,4.02989,-60292.5,-1,6.3887e-10,1,0
0.00440152,-0.265559,-0.0480578,-0.43335,4.02968,-60333.6,-1,1.58822e-10,1,0
0.00440173,-0.265525,-0.0479001,-0.433462,4.03078,-60323,-1,1.39112e-09,1,0
0.00440243,-0.265065,-0.0472576,-0.433193,4.03094,-60208.8,-1,9.16858e-10,1,0
0.00440346,-0.265582,-0.0472145,-0.432368,4.03227,-60312.2,-1,7.40357e-10,1,0
0.00440383,-0.26549,-0.0469836,-0.43266,4.02902,-60286.2,-1,2.0821e-10,1,0
0.00440463,-0.266112,-0.0472692,-0.432365,4.02597,-60416.5,-1,7.96973e-10,1,0
0.00440529,-0.265908,-0.0472172,-0.431601,4.02598,-60360.9,-1,7.96973e-10,1,0
0.00440547,-0.265854,-0.0472035,-0.4314,4.02598,-60346.3,-1,7.96973e-10,1,0
0.0044061,-0.266146,-0.0472183,-0.430828,4.02664,-60403.9,-1,1.28416e-09,1,0
0.00440676,-0.266566,-0.0474302,-0.43088,4.02725,-60490.2,-1,3.21675e-11,1,0
0.00440878,-0.264501,-0.0472558,-0.432102,4.02735,-59994,-1,3.21675e-11,1,0
0.00440916,-0.264126,-0.0472303,-0.432328,4.02839,-59904,-1,2.84865e-09,1,0
0.00440986,-0.264677,-0.0478441,-0.432423,4.02836,-60019.4,-1,2.84865e-09,1,0
0.00441104,-0.265534,-0.0488517,-0.432682,4.02645,-60197.6,-1,1.27147e-10,1,0
0.00441162,-0.265212,-0.0482404,-0.432698,4.02647,-60116.5,-1,1.27147e-10,1,0
0.00441344,-0.265694,-0.0476335,-0.433372,4.02583,-60201.1,-1,1.67727e-09,1,0
0.00441387,-0.26582,-0.0471999,-0.433427,4.02601,-60223.7,-1,1.23481e-09,1,0
0.00441506,-0.266064,-0.045803,-0.433497,4.02599,-60262.7,-1,1.23481e-09,1,0
0.00441572,-0.265915,-0.0454936,-0.43383,4.02266,-60220.1,-1,3.88623e-10,1,0
0.00441648,-0.265891,-0.0453768,-0.434292,4.02154,-60204.3,-1,6.12277e-10,1,0
0.00441664,-0.265882,-0.0454676,-0.434336,4.02136,-60200.2,-1,7.43427e-11,1,0
0.00441737,-0.265744,-0.0461772,-0.434027,4.02164,-60158.9,-1,7.99063e-10,1,0
0.00441816,-0.265322,-0.0455866,-0.4343,4.02116,-60052.7,-1,6.99995e-10,1,0
0.00441976,-0.266147,-0.045383,-0.433063,4.024,-60217.6,-1,9.93949e-10,1,0
0.00442095,-0.266405,-0.045845,-0.434245,4.02361,-60259.6,-1,1.31872e-09,1,0
0.0044219,-0.266191,-0.0465575,-0.433398,4.02362,-60198.4,-1,1.31872e-09,1,0
0.00442303,-0.265935,-0.0474125,-0.432383,4.02363,-60125,-1,1.31872e-09,1,0
0.00442424,-0.265663,-0.0483192,-0.431306,4.02393,-60047.2,-1,3.91262e-09,1,0
0.00442519,-0.265547,-0.0485251,-0.430874,4.02385,-60008,-1,3.68922e-10,1,0
0.00442573,-0.26511,-0.0488969,-0.430954,4.02532,-59901.9,-1,3.64776e-10,1,0
0.00442711,-0.263518,-0.0492989,-0.430881,4.0254,-59523.8,-1,3.64776e-10,1,0
0.0044278,-0.264034,-0.0493067,-0.43082,4.02367,-59631.1,-1,2.06741e-09,1,0
0.00442817,-0.264127,-0.0490819,-0.430988,4.02468,-59646.9,-1,1.37727e-10,1,0
0.00442882,-0.263638,-0.0490315,-0.430843,4.02562,-59527.9,-1,5.24007e-10,1,0
0.00442964,-0.263694,-0.0487647,-0.43109,4.02484,-59529.5,-1,2.87113e-10,1,0
0.00443105,-0.262931,-0.0475512,-0.431959,4.02488,-59338.4,-1,2.87113e-10,1,0
0.00443138,-0.262827,-0.0472815,-0.432111,4.02755,-59310.5,-1,2.55893e-09,1,0
0.00443221,-0.262972,-0.0473095,-0.431768,4.02728,-59332,-1,6.13467e-10,1,0
0.00443366,-0.262597,-0.0482813,-0.430841,4.02621,-59227.9,-1,7.98122e-10,1,0
0.00443501,-0.262664,-0.0497827,-0.431383,4.02621,-59225.1,-1,7.98122e-10,1,0
0.00443544,-0.262685,-0.0502681,-0.431558,4.0262,-59224.2,-1,7.98122e-10,1,0
0.00443608,-0.263311,-0.0505181,-0.431698,4.02772,-59356.6,-1,2.23014e-09,1,0
0.00443764,-0.265099,-0.0509234,-0.431991,4.02776,-59738.7,-1,2.50087e-09,1,0
0.00443824,-0.265671,-0.0511462,-0.431935,4.02718,-59859.7,-1,3.54791e-10,1,0
0.0044393,-0.265171,-0.0517478,-0.432216,4.03001,-59732.6,-1,8.74844e-10,1,0
0.00444046,-0.265669,-0.0526214,-0.432775,4.03029,-59829.1,-1,1.41299e-09,1,0
0.00444194,-0.265852,-0.0526083,-0.431032,4.0303,-59850.5,-1,1.91096e-09,1,0
0.00444321,-0.26635,-0.0538936,-0.43141,4.03053,-59945.4,-1,1.22372e-09,1,0
0.0044442,-0.267267,-0.0532427,-0.431768,4.03048,-60138.4,-1,1.22372e-09,1,0
0.00444496,-0.267709,-0.0529051,-0.431988,4.02785,-60227.5,-1,1.92834e-09,1,0
0.00444645,-0.266402,-0.0539771,-0.431681,4.02743,-59913.5,-1,8.25779e-10,1,0
0.00444787,-0.267683,-0.0544961,-0.432651,4.02704,-60182.3,-1,1.68837e-09,1,0
0.00444854,-0.268267,-0.0540092,-0.432856,4.0276,-60304.5,-1,2.17375e-10,1,0
0.00445059,-0.270466,-0.0534497,-0.432608,4.029,-60770.9,-1,1.69723e-09,1,0
0.00445143,-0.270255,-0.0539964,-0.433417,4.0316,-60711.9,-1,9.98509e-10,1,0
0.00445165,-0.270379,-0.053864,-0.433413,4.0311,-60736.8,-1,7.78518e-11,1,0
0.00445215,-0.270482,-0.0543025,-0.433028,4.0311,-60753.1,-1,7.78518e-11,1,0
0.0044526,-0.270629,-0.054764,-0.432848,4.03151,-60780,-1,3.3426e-10,1,0
0.00445483,-0.272685,-0.0552185,-0.433076,4.02872,-61211,-1,1.22355e-09,1,0
0.00445679,-0.270862,-0.0551066,-0.433614,4.0321,-60775.1,-1,1.875e-09,1,0
0.00445729,-0.271068,-0.0552069,-0.433115,4.03217,-60814.6,-1,6.96087e-11,1,0
0.00445858,-0.271548,-0.0550403,-0.433136,4.02861,-60904.5,-1,6.61677e-10,1,0
0.00445973,-0.272395,-0.0549043,-0.433685,4.02784,-61078.8,-1,2.53609e-10,1,0
0.00446099,-0.272663,-0.0534966,-0.433254,4.02783,-61121.8,-1,2.53609e-10,1,0
0.0044623,-0.272869,-0.0520485,-0.43301,4.02714,-61149.9,-1,2.56588e-10,1,0
0.00446346,-0.272412,-0.0531659,-0.433302,4.03145,-61031.5,-1,1.37833e-10,1,0
0.00446477,-0.271454,-0.0529061,-0.434503,4.0315,-60799.1,-1,1.37833e-10,1,0
0.00446548,-0.271464,-0.0530862,-0.435144,4.03144,-60791.8,-1,4.95063e-10,1,0
0.00446713,-0.27238,-0.0535726,-0.435485,4.03384,-60974.2,-1,1.15376e-09,1,0
0.00446837,-0.271977,-0.0547115,-0.436334,4.03342,-60867.1,-1,2.29102e-09,1,0
0.00446956,-0.272044,-0.0560092,-0.435795,4.03343,-60865.9,-1,1.31164e-10,1,0
0.00447036,-0.272618,-0.0561042,-0.435294,4.03102,-60983.4,-1,1.54427e-09,1,0
0.00447142,-0.273061,-0.0565695,-0.435432,4.03454,-61068,-1,1.65239e-10,1,0
0.00447279,-0.273461,-0.0563295,-0.435989,4.03278,-61139,-1,2.02562e-10,1,0
0.00447403,-0.274486,-0.0559323,-0.436081,4.03238,-61350.9,-1,3.63515e-10,1,0
0.00447616,-0.27508,-0.0557625,-0.435705,4.03142,-61454.4,-1,1.31551e-09,1,0
0.00447677,-0.275632,-0.0562184,-0.435625,4.03052,-61569.4,-1,7.20567e-10,1,0
0.00447777,-0.276023,-0.05734,-0.43578,4.03364,-61643,-1,1.19804e-09,1,0
0.00447899,-0.275364,-0.057444,-0.434491,4.03367,-61479,-1,1.19804e-09,1,0
0.00448018,-0.274714,-0.0574048,-0.433357,4.03177,-61317.6,-1,2.72174e-09,1,0
0.00448055,-0.274577,-0.0570577,-0.433431,4.03232,-61282,-1,8.54975e-11,1,0
0.00448105,-0.274891,-0.0566407,-0.433727,4.0323,-61345.2,-1,8.54975e-11,1,0
0.00448171,-0.274941,-0.0560826,-0.434261,4.03425,-61347.2,-1,7.1394e-10,1,0
0.00448257,-0.274967,-0.0569679,-0.43477,4.0361,-61341.3,-1,1.02148e-09,1,0
0.00448341,-0.274446,-0.0573579,-0.434967,4.03579,-61213.6,-1,4.51893e-10,1,0
0.0044843,-0.274244,-0.0580189,-0.434606,4.03566,-61156.6,-1,5.25868e-10,1,0
0.00448568,-0.274224,-0.0584329,-0.433327,4.03348,-61133.1,-1,1.12737e-10,1,0
0.00448651,-0.274744,-0.0586653,-0.432742,4.03504,-61237.8,-1,5.94793e-10,1,0
0.00448748,-0.273765,-0.0592239,-0.433003,4.03509,-61006.3,-1,5.94793e-10,1,0
0.00448888,-0.272264,-0.0598615,-0.4328,4.03496,-60652.9,-1,1.33913e-09,1,0
0.00448983,-0.272228,-0.059877,-0.433824,4.03563,-60632.3,-1,3.05748e-10,1,0
0.00449031,-0.27211,-0.0600359,-0.434127,4.0351,-60599.3,-1,1.63704e-10,1,0
0.00449126,-0.271859,-0.0601438,-0.433181,4.03334,-60530.8,-1,1.21528e-10,1,0
0.00449153,-0.271827,-0.0602785,-0.433035,4.03855,-60519.9,-1,1.92064e-10,1,0
0.00449204,-0.272423,-0.0603512,-0.433019,4.03856,-60645.6,-1,6.49762e-11,1,0
0.00449332,-0.273303,-0.0606059,-0.432802,4.03713,-60824.3,-1,9.4901e-11,1,0
0.00449346,-0.273244,-0.0605697,-0.432961,4.03714,-60809.3,-1,9.4901e-11,1,0
0.00449407,-0.273671,-0.0608707,-0.432612,4.03513,-60895.9,-1,6.73755e-10,1,0
0.00449565,-0.274179,-0.0609354,-0.43419,4.03651,-60987.7,-1,1.66631e-09,1,0
0.00449632,-0.274215,-0.0614984,-0.433938,4.03376,-60986.6,-1,6.55733e-10,1,0
0.00449841,-0.27558,-0.0626604,-0.433523,4.03373,-61261.7,-1,1.62714e-09,1,0
0.00449899,-0.275679,-0.0627121,-0.434183,4.03094,-61275.6,-1,6.29324e-10,1,0
0.00450001,-0.275577,-0.0618643,-0.433355,4.03087,-61239.1,-1,9.64824e-10,1,0
0.00450085,-0.275061,-0.061492,-0.432747,4.03113,-61113.1,-1,9.43327e-10,1,0
0.00450112,-0.274744,-0.0614453,-0.43271,4.03107,-61039.2,-1,6.18393e-10,1,0
0.00450191,-0.274308,-0.0611666,-0.432211,4.03026,-60931.4,-1,2.60663e-10,1,0
0.00450224,-0.274493,-0.0608595,-0.432052,4.0295,-60968.1,-1,3.92145e-10,1,0
0.00450346,-0.273215,-0.0615346,-0.432151,4.02956,-60667.8,-1,3.92145e-10,1,0
0.00450444,-0.272799,-0.0606581,-0.432191,4.03243,-60562.2,-1,1.632e-09,1,0
0.00450545,-0.272492,-0.0594955,-0.432223,4.03244,-60480.5,-1,1.632e-09,1,0
0.00450602,-0.272434,-0.0591895,-0.432419,4.0329,-60459.9,-1,2.16171e-10,1,0
0.00450676,-0.272575,-0.0591559,-0.432181,4.03253,-60481.5,-1,4.13118e-10,1,0
0.00450771,-0.272883,-0.0590457,-0.431498,4.03325,-60536.9,-1,6.26544e-10,1,0
0.00450842,-0.272386,-0.0589262,-0.431092,4.03402,-60417.3,-1,6.4028e-10,1,0
0.00450901,-0.272618,-0.0585662,-0.431043,4.03424,-60460.6,-1,5.12896e-10,1,0
0.00450991,-0.272387,-0.0584092,-0.431172,4.03202,-60397.5,-1,5.09679e-10,1,0
0.00451019,-0.272306,-0.0583103,-0.431391,4.02948,-60375.6,-1,1.02799e-10,1,0
0.00451062,-0.272384,-0.0585645,-0.431479,4.03051,-60387.3,-1,3.30199e-10,1,0
0.00451225,-0.272003,-0.0582303,-0.429606,4.0316,-60281.1,-1,1.94055e-09,1,0
0.00451305,-0.272853,-0.0578136,-0.429757,4.03156,-60458.6,-1,1.94055e-09,1,0
0.00451428,-0.273955,-0.0570531,-0.429693,4.03187,-60686.4,-1,4.27845e-10,1,0
0.00451556,-0.274856,-0.0573943,-0.42886,4.02949,-60868.5,-1,1.82194e-10,1,0
0.00451644,-0.2745,-0.0576382,-0.428868,4.03007,-60778,-1,3.20557e-10,1,0
0.0045173,-0.274648,-0.0575041,-0.428562,4.02998,-60799.1,-1,4.768e-10,1,0
0.00451845,-0.273841,-0.0577105,-0.429397,4.02874,-60605,-1,2.67958e-10,1,0
0.00451923,-0.273244,-0.0581769,-0.429574,4.02844,-60462.6,-1,1.32513e-09,1,0
0.00452021,-0.272634,-0.0589923,-0.429932,4.02796,-60314.5,-1,6.78442e-10,1,0
0.00452106,-0.271929,-0.0585265,-0.430071,4.0278,-60147.1,-1,4.52557e-10,1,0
0.00452141,-0.272097,-0.0585603,-0.429728,4.02553,-60179.8,-1,3.94393e-10,1,0
0.00452196,-0.271495,-0.0586466,-0.429554,4.02336,-60039.2,-1,4.13232e-10,1,0
0.0045243,-0.268944,-0.0591165,-0.429991,4.0228,-59444.3,-1,1.23143e-09,1,0
0.00452551,-0.267686,-0.059609,-0.430457,4.02286,-59150.5,-1,1.23143e-09,1,0
0.00452663,-0.267112,-0.0598313,-0.430408,4.02072,-59009.1,-1,4.26443e-10,1,0
0.00452711,-0.26748,-0.0598467,-0.430234,4.01993,-59083.9,-1,3.63226e-10,1,0
0.00452887,-0.269111,-0.0588527,-0.431093,4.01985,-59421.3,-1,3.63226e-10,1,0
0.0045296,-0.268613,-0.0585241,-0.430998,4.02115,-59301.7,-1,6.97998e-10,1,0
0.00453066,-0.267461,-0.058057,-0.431019,4.02157,-59033.6,-1,1.2328e-09,1,0
0.00453171,-0.267759,-0.0571015,-0.43108,4.02024,-59085.6,-1,1.78485e-10,1,0
0.00453287,-0.268648,-0.0563899,-0.430523,4.02024,-59266.6,-1,1.23429e-09,1,0
0.00453425,-0.269994,-0.055864,-0.429777,4.02017,-59545.4,-1,1.62032e-09,1,0
0.00453693,-0.272046,-0.0548051,-0.429301,4.02157,-59962.5,-1,3.13907e-09,1,0
0.00453841,-0.272871,-0.0541392,-0.428972,4.01988,-60124.8,-1,1.28461e-09,1,0
0.00453948,-0.273306,-0.0532632,-0.428868,4.01507,-60206.3,-1,9.84789e-10,1,0
0.00454031,-0.2736,-0.0540972,-0.428833,4.01561,-60260.3,-1,2.18385e-10,1,0
0.00454109,-0.274018,-0.0548877,-0.428859,4.01415,-60341.9,-1,6.73129e-11,1,0
0.00454325,-0.273041,-0.0555501,-0.428533,4.01474,-60098.2,-1,1.31934e-09,1,0
0.00454384,-0.273113,-0.0561676,-0.428621,4.01845,-60106.1,-1,1.8826e-09,1,0
0.00454536,-0.274399,-0.0560394,-0.428402,4.0193,-60368.9,-1,1.24571e-09,1,0
0.00454613,-0.274546,-0.0567362,-0.428229,4.01623,-60391.1,-1,6.33755e-10,1,0
0.00454778,-0.273025,-0.0560655,-0.428819,4.01783,-60034.7,-1,1.18203e-09,1,0
0.00454865,-0.272716,-0.0551634,-0.42878,4.01759,-59955.5,-1,1.03357e-09,1,0
0.00454951,-0.272565,-0.0553486,-0.429068,4.01213,-59911,-1,3.02133e-10,1,0
0.00454986,-0.272633,-0.0551399,-0.428728,4.01224,-59921.1,-1,3.87639e-10,1,0
0.00455174,-0.272425,-0.0554214,-0.426752,4.01212,-59850.7,-1,7.05001e-10,1,0
0.00455279,-0.272503,-0.05511,-0.425785,4.01119,-59854,-1,2.41505e-10,1,0
0.00455401,-0.272462,-0.0561769,-0.424799,4.01125,-59829.1,-1,1.29212e-09,1,0
0.00455489,-0.273055,-0.0553893,-0.424721,4.01231,-59947.5,-1,9.00055e-10,1,0
0.00455585,-0.272292,-0.0561967,-0.424943,4.01234,-59767.7,-1,9.00055e-10,1,0
0.00455658,-0.272097,-0.0562889,-0.425458,4.01019,-59715.2,-1,4.12372e-11,1,0
0.00455796,-0.27124,-0.0560161,-0.426562,4.01285,-59509,-1,1.24567e-09,1,0
0.00455884,-0.271644,-0.0568382,-0.427068,4.01227,-59586.3,-1,1.1747e-09,1,0
0.00455954,-0.271666,-0.0567334,-0.427501,4.01512,-59581.8,-1,1.98127e-10,1,0
0.00456034,-0.270758,-0.0569669,-0.427518,4.0153,-59372.3,-1,9.34312e-10,1,0
0.00456076,-0.271135,-0.0570863,-0.427212,4.01528,-59449.6,-1,9.34312e-10,1,0
0.00456302,-0.271174,-0.0572868,-0.426139,4.01418,-59428.7,-1,6.45095e-10,1,0
0.00456426,-0.271714,-0.0578055,-0.427415,4.01416,-59530.8,-1,6.45095e-10,1,0
0.00456551,-0.271405,-0.0567394,-0.428029,4.01196,-59446.8,-1,1.24544e-09,1,0
0.00456566,-0.271335,-0.0567019,-0.428006,4.0114,-59429.5,-1,8.89186e-11,1,0
0.00456636,-0.270616,-0.0568151,-0.427836,4.01294,-59262.9,-1,1.57672e-10,1,0
0.00456717,-0.270398,-0.0559509,-0.427472,4.01295,-59204.6,-1,1.57672e-10,1,0
0.004568,-0.270012,-0.05507,-0.427615,4.01379,-59109.4,-1,9.90337e-10,1,0
0.00456834,-0.269824,-0.0551108,-0.427581,4.01742,-59063.9,-1,2.27674e-10,1,0
0.00456925,-0.269584,-0.0550803,-0.428481,4.01507,-58999.5,-1,1.02616e-10,1,0
0.00457034,-0.269242,-0.0542573,-0.429225,4.01173,-58910.7,-1,1.07781e-09,1,0
0.00457194,-0.268813,-0.054868,-0.42797,4.00841,-58796.2,-1,1.62525e-09,1,0
0.00457325,-0.269155,-0.0537883,-0.427839,4.00518,-58854.1,-1,2.85094e-10,1,0
0.00457465,-0.26926,-0.052249,-0.427201,4.00517,-58859.1,-1,2.85094e-10,1,0
0.00457486,-0.269289,-0.0520993,-0.427105,4.00381,-58862.7,-1,2.96134e-09,1,0
0.00457551,-0.269534,-0.0526741,-0.426744,4.00353,-58907.9,-1,8.12917e-11,1,0
0.00457568,-0.269631,-0.0528019,-0.426613,4.00353,-58927,-1,8.12917e-11,1,0
0.00457692,-0.2701,-0.0535275,-0.425939,4.00523,-59013.5,-1,1.2457e-10,1,0
0.00457824,-0.270027,-0.0546186,-0.425755,4.00506,-58980.6,-1,1.09623e-10,1,0
0.0045785,-0.270273,-0.0546741,-0.425751,4.0029,-59030.9,-1,2.63459e-10,1,0
0.00458047,-0.270745,-0.0546296,-0.42712,4.0026,-59108.5,-1,1.87073e-09,1,0
0.00458291,-0.271089,-0.0546029,-0.4247,4.00261,-59152.3,-1,5.52377e-10,1,0
0.00458466,-0.271754,-0.0542418,-0.423112,4.00369,-59274.6,-1,2.06431e-10,1,0
0.00458706,-0.272123,-0.0544779,-0.425382,4.00471,-59324.1,-1,5.66009e-10,1,0
0.00458872,-0.272525,-0.055067,-0.426209,4.00735,-59390.3,-1,5.66464e-10,1,0
0.0045892,-0.272672,-0.0551871,-0.426596,4.00529,-59416.1,-1,4.99104e-10,1,0
0.00459045,-0.272763,-0.0550659,-0.426321,4.00347,-59419.8,-1,8.28682e-10,1,0
0.00459089,-0.272744,-0.0555869,-0.426317,4.00347,-59410,-1,8.28682e-10,1,0
0.0045914,-0.27242,-0.0557338,-0.426098,4.00278,-59332.8,-1,2.22552e-10,1,0
0.00459265,-0.272634,-0.0556364,-0.424631,4.00212,-59363.2,-1,1.4854e-09,1,0
0.00459436,-0.272006,-0.0546779,-0.425044,4.00207,-59204.4,-1,7.73536e-10,1,0
0.00459469,-0.272043,-0.0542984,-0.424995,4.00254,-59208.1,-1,3.56547e-10,1,0
0.00459652,-0.271643,-0.0539463,-0.424648,4.00331,-59097.6,-1,1.03937e-09,1,0
0.00459719,-0.271549,-0.0543881,-0.424347,4.00301,-59068.4,-1,3.76699e-10,1,0
0.00459874,-0.271812,-0.0549052,-0.422843,4.00354,-59105.8,-1,1.45975e-09,1,0
0.00459949,-0.271426,-0.0550246,-0.422064,4.0045,-59012.2,-1,7.19968e-11,1,0
0.00460056,-0.270812,-0.0547758,-0.422668,4.00355,-58865,-1,1.88935e-10,1,0
0.0046022,-0.269492,-0.0559787,-0.423445,4.00362,-58557.4,-1,1.88935e-10,1,0
0.00460287,-0.269153,-0.0558556,-0.424142,4.00416,-58474.9,-1,2.24449e-09,1,0
0.00460419,-0.268117,-0.0555252,-0.424539,4.00531,-58233.2,-1,1.52322e-09,1,0
0.00460484,-0.26784,-0.055013,-0.424347,4.00578,-58164.8,-1,1.1357e-09,1,0
0.00460529,-0.267783,-0.0545625,-0.424452,4.00493,-58146.9,-1,7.25411e-10,1,0
0.00460652,-0.267914,-0.0542599,-0.423089,4.0046,-58159.8,-1,1.42104e-09,1,0
0.0046071,-0.268191,-0.0539571,-0.422526,4.00459,-58212.5,-1,1.42104e-09,1,0
0.00460858,-0.269773,-0.05374,-0.422692,4.00516,-58537.1,-1,1.24557e-09,1,0
0.00460955,-0.26999,-0.0539397,-0.421727,4.00195,-58571.9,-1,1.04383e-09,1,0
0.00461087,-0.269205,-0.0549621,-0.421097,4.00148,-58384.8,-1,1.24543e-09,1,0
0.00461359,-0.267379,-0.0552194,-0.418443,4.00213,-57954.7,-1,3.38427e-09,1,0
0.00461445,-0.268359,-0.0549331,-0.418349,4.00208,-58156.2,-1,3.38427e-09,1,0
0.00461485,-0.268815,-0.0548,-0.418305,4.00205,-58249.9,-1,3.38427e-09,1,0
0.00461652,-0.268901,-0.0547261,-0.417747,4.0017,-58247.5,-1,9.03302e-10,1,0
0.00461698,-0.268912,-0.0551502,-0.417474,4.00236,-58244.2,-1,1.75057e-11,1,0
0.004618,-0.268297,-0.0551663,-0.416801,4.00343,-58098.1,-1,1.00182e-09,1,0
0.00461882,-0.268022,-0.0557432,-0.416069,4.00344,-58028.2,-1,1.00182e-09,1,0
0.00462102,-0.268923,-0.0557897,-0.415451,4.00093,-58195.7,-1,2.97172e-10,1,0
0.00462202,-0.268778,-0.0568236,-0.416011,4.0039,-58151.8,-1,1.24631e-09,1,0
0.00462323,-0.268688,-0.0569438,-0.414874,4.00273,-58116.9,-1,1.23546e-09,1,0
0.00462455,-0.269765,-0.0558024,-0.414836,4.00171,-58333.3,-1,1.5701e-09,1,0
0.00462525,-0.270316,-0.0557779,-0.415457,4.00009,-58443.6,-1,8.30374e-10,1,0
0.00462647,-0.27015,-0.0550215,-0.414293,3.99822,-58392.3,-1,1.40236e-09,1,0
0.00462688,-0.269778,-0.0553117,-0.414196,3.99923,-58306.8,-1,5.30901e-10,1,0
0.00462831,-0.269402,-0.0562494,-0.412831,4.00013,-58207.4,-1,1.69846e-09,1,0
0.00463041,-0.268167,-0.0560729,-0.410669,3.99996,-57914.4,-1,2.49503e-09,1,0
0.00463102,-0.268332,-0.0554146,-0.410417,3.99995,-57942.2,-1,7.23851e-10,1,0
0.00463179,-0.267416,-0.0553419,-0.41037,4.00149,-57734.9,-1,9.19176e-10,1,0
0.00463333,-0.267767,-0.0570034,-0.409719,4.00147,-57791.5,-1,9.19176e-10,1,0
0.00463427,-0.267982,-0.0580209,-0.409319,4.00146,-57826.2,-1,9.19176e-10,1,0
0.00463492,-0.267385,-0.0582892,-0.409385,4.00076,-57689.3,-1,3.05866e-09,1,0
0.0046361,-0.266045,-0.0586052,-0.409615,3.99952,-57385.6,-1,1.96998e-11,1,0
0.00463769,-0.264231,-0.0586065,-0.409109,3.99961,-56974.6,-1,1.96998e-11,1,0
0.00463813,-0.263856,-0.0587523,-0.409238,4.00061,-56888.5,-1,2.01278e-10,1,0
0.00463906,-0.263072,-0.0595233,-0.409248,3.99945,-56708.1,-1,1.26766e-09,1,0
0.00464028,-0.262948,-0.0586139,-0.408307,3.99866,-56666.4,-1,8.87939e-10,1,0
0.00464056,-0.262698,-0.0584135,-0.408236,3.99564,-56609.1,-1,3.28517e-10,1,0
0.00464125,-0.263272,-0.058289,-0.407968,3.99609,-56724.4,-1,7.98221e-11,1,0
0.00464169,-0.263751,-0.0581224,-0.40811,3.99525,-56822.1,-1,7.76887e-10,1,0
0.00464252,-0.264359,-0.0581544,-0.408741,3.99596,-56942.9,-1,6.31509e-10,1,0
0.00464279,-0.264388,-0.0582136,-0.408495,3.99384,-56945.9,-1,5.65694e-11,1,0
0.00464368,-0.26354,-0.058371,-0.408464,3.99777,-56752.4,-1,2.52127e-10,1,0
0.00464548,-0.262687,-0.0574613,-0.410201,3.99754,-56546.8,-1,2.13808e-09,1,0
0.00464702,-0.262965,-0.0571792,-0.41032,3.99603,-56588,-1,8.3921e-10,1,0
0.00464732,-0.263041,-0.0572095,-0.409984,3.99479,-56600.5,-1,1.08375e-10,1,0
0.00464864,-0.263136,-0.0578286,-0.410159,3.99221,-56605,-1,6.64484e-10,1,0
0.00464937,-0.263736,-0.058273,-0.410166,3.99248,-56725.3,-1,1.5895e-09,1,0
0.00464999,-0.263357,-0.05838,-0.410522,3.99359,-56636.2,-1,6.23495e-10,1,0
0.00465071,-0.263663,-0.0591785,-0.410595,3.9931,-56693,-1,1.03362e-09,1,0
0.00465215,-0.26393,-0.0603285,-0.410411,3.99364,-56732.8,-1,3.75612e-10,1,0
0.00465449,-0.262879,-0.0594604,-0.407994,3.99369,-56478.6,-1,3.75612e-10,1,0
0.004656,-0.263851,-0.0586458,-0.407894,3.99467,-56669,-1,1.87251e-10,1,0
0.00465831,-0.263519,-0.0576973,-0.406987,3.99366,-56569.8,-1,1.2453e-09,1,0
0.00466006,-0.262241,-0.0570299,-0.406233,3.99393,-56274.2,-1,8.35784e-10,1,0
0.0046611,-0.26174,-0.0570983,-0.406349,3.9942,-56154,-1,7.07446e-10,1,0
0.00466175,-0.261732,-0.0569154,-0.406631,3.99509,-56144.5,-1,4.78173e-10,1,0
0.00466283,-0.261314,-0.0564515,-0.406963,3.99493,-56041.8,-1,5.86756e-10,1,0
0.00466425,-0.261715,-0.0563562,-0.407888,3.99388,-56110.9,-1,1.30105e-09,1,0
0.00466511,-0.262009,-0.0560357,-0.408319,3.9977,-56163.5,-1,6.453e-10,1,0
0.00466584,-0.262433,-0.0561106,-0.407569,3.99482,-56245.6,-1,8.64088e-10,1,0
0.00466697,-0.261828,-0.056318,-0.408746,3.99434,-56102.4,-1,1.33898e-09,1,0
0.00466814,-0.261596,-0.0563827,-0.408161,3.99752,-56038.7,-1,3.97267e-10,1,0
0.0046695,-0.261665,-0.0557336,-0.407008,3.99585,-56037.1,-1,1.63514e-09,1,0
0.00466994,-0.261694,-0.0554324,-0.406658,3.99699,-56038,-1,1.33378e-09,1,0
0.00467023,-0.26178,-0.0554338,-0.406846,3.9962,-56052.9,-1,1.83811e-10,1,0
0.00467117,-0.261172,-0.0545061,-0.406685,3.99582,-55911.5,-1,1.12076e-09,1,0
0.00467197,-0.260457,-0.0549441,-0.406252,3.99354,-55748.9,-1,9.43418e-10,1,0
0.00467333,-0.260971,-0.0559596,-0.405112,3.99341,-55842.6,-1,1.61083e-09,1,0
0.00467396,-0.260902,-0.05663,-0.405192,3.99338,-55820.3,-1,5.51984e-10,1,0
0.00467442,-0.260885,-0.0566669,-0.405352,3.99386,-55811.2,-1,1.68254e-10,1,0
0.0046747,-0.261079,-0.0564341,-0.405285,3.99329,-55849.3,-1,6.77402e-11,1,0
0.00467574,-0.260227,-0.0563648,-0.405495,3.99381,-55654.8,-1,1.94706e-10,1,0
0.00467762,-0.258033,-0.0562803,-0.405939,3.99392,-55163.2,-1,1.94706e-10,1,0
0.00467865,-0.257421,-0.0558786,-0.405909,3.9926,-55020.5,-1,3.01327e-09,1,0
0.00467982,-0.257882,-0.0546995,-0.405331,3.99258,-55105.1,-1,3.01327e-09,1,0
0.00468173,-0.25926,-0.0548998,-0.405191,3.99519,-55377,-1,7.711e-10,1,0
0.00468319,-0.260523,-0.0552573,-0.404255,3.99693,-55629.4,-1,2.91504e-09,1,0
0.0046854,-0.258631,-0.0554491,-0.404129,3.99585,-55199.3,-1,1.44756e-09,1,0
0.00468611,-0.258218,-0.0550902,-0.403633,3.99495,-55102.9,-1,1.89067e-09,1,0
0.00468769,-0.25717,-0.0537223,-0.403119,3.99576,-54860.7,-1,1.63706e-09,1,0
0.00468829,-0.257222,-0.0539785,-0.402446,3.99576,-54864.6,-1,1.63706e-09,1,0
0.00469011,-0.257385,-0.0547352,-0.400449,3.99574,-54878.3,-1,1.14722e-11,1,0
0.00469118,-0.257097,-0.0538064,-0.401278,3.99767,-54804.2,-1,1.27779e-09,1,0
0.00469204,-0.25773,-0.0531417,-0.400887,3.99336,-54929.1,-1,1.83334e-11,1,0
0.00469321,-0.258486,-0.0534383,-0.401707,3.99225,-55076.5,-1,2.7832e-10,1,0
0.00469436,-0.257972,-0.0539108,-0.402723,3.99282,-54953.6,-1,1.32045e-09,1,0
0.00469494,-0.257683,-0.0541123,-0.403062,3.98946,-54885.2,-1,7.18116e-11,1,0
0.00469541,-0.257913,-0.0539077,-0.403141,3.99221,-54928.8,-1,3.82652e-10,1,0
0.0046958,-0.257813,-0.0538988,-0.403003,3.99627,-54902.8,-1,2.99298e-10,1,0
0.00469617,-0.257879,-0.0542918,-0.403164,3.99283,-54912.6,-1,4.29804e-10,1,0
0.00469685,-0.257541,-0.0535624,-0.40325,3.99253,-54832.8,-1,8.0832e-10,1,0
0.00469759,-0.257095,-0.054233,-0.403603,3.99255,-54729.2,-1,8.0832e-10,1,0
0.00469896,-0.255948,-0.0541921,-0.404564,3.99128,-54469.1,-1,1.16015e-09,1,0
0.0047005,-0.254839,-0.0544795,-0.404403,3.99036,-54215.2,-1,1.22311e-09,1,0
0.00470175,-0.254141,-0.0531771,-0.404447,3.9904,-54052.4,-1,1.22311e-09,1,0
0.00470231,-0.254182,-0.052535,-0.40434,3.99072,-54054.7,-1,1.53613e-09,1,0
0.00470447,-0.253836,-0.0503311,-0.404788,3.99255,-53956.4,-1,1.24565e-09,1,0
0.00470538,-0.253313,-0.0505073,-0.404325,3.99343,-53834.8,-1,5.32617e-11,1,0
0.00470578,-0.253081,-0.0506945,-0.404186,3.993,-53780.8,-1,3.91501e-10,1,0
0.00470646,-0.253826,-0.050729,-0.404231,3.99458,-53931.4,-1,9.34186e-11,1,0
0.0047071,-0.254503,-0.050692,-0.404205,3.99605,-54067.9,-1,1.79992e-10,1,0
0.00470849,-0.254137,-0.051082,-0.405768,3.99607,-53974.1,-1,1.79992e-10,1,0
0.004709,-0.254402,-0.0512006,-0.40616,3.99398,-54024.5,-1,1.89435e-09,1,0
0.00471047,-0.253609,-0.0507358,-0.406601,3.99264,-53839.5,-1,1.1313e-09,1,0
0.00471095,-0.253508,-0.0502142,-0.406488,3.99293,-53812.6,-1,7.66293e-10,1,0
0.00471162,-0.253111,-0.0495915,-0.40676,3.9911,-53720.7,-1,8.88106e-10,1,0
0.00471256,-0.253036,-0.0500807,-0.407766,3.99165,-53693.9,-1,1.1211e-09,1,0
0.00471346,-0.253201,-0.0509437,-0.408181,3.99086,-53718.7,-1,4.92582e-11,1,0
0.00471483,-0.253014,-0.0495672,-0.408961,3.98969,-53663.4,-1,1.47068e-09,1,0
0.00471539,-0.252784,-0.0496232,-0.409178,3.99001,-53608.4,-1,3.74781e-10,1,0
0.00471644,-0.252692,-0.0488876,-0.409362,3.99247,-53576.8,-1,7.64982e-10,1,0
0.00471739,-0.252633,-0.0479932,-0.4098,3.99237,-53553.7,-1,1.48707e-09,1,0
0.00471962,-0.252323,-0.0473726,-0.409811,3.99173,-53462.6,-1,2.04766e-09,1,0
0.00472168,-0.253929,-0.0473551,-0.409703,3.98852,-53779.4,-1,1.24532e-09,1,0
0.00472248,-0.253131,-0.0472191,-0.410205,3.98856,-53601.3,-1,1.24532e-09,1,0
0.00472373,-0.251888,-0.0470074,-0.410987,3.9886,-53324,-1,2.43565e-09,1,0
0.00472497,-0.251535,-0.0462977,-0.411167,3.98815,-53235.3,-1,3.74382e-10,1,0
0.00472559,-0.251721,-0.0459001,-0.410564,3.98953,-53267.5,-1,7.45425e-10,1,0
0.00472622,-0.251684,-0.0456136,-0.410423,3.99004,-53252.6,-1,1.44296e-10,1,0
0.00472818,-0.251138,-0.0441201,-0.408911,3.98925,-53115.1,-1,5.4707e-10,1,0
0.0047293,-0.251862,-0.044035,-0.408194,3.99041,-53255.7,-1,3.24336e-10,1,0
0.00473022,-0.251524,-0.0443272,-0.408898,3.9886,-53173.8,-1,9.4108e-10,1,0
0.00473205,-0.250376,-0.0440489,-0.410712,3.98866,-52910.6,-1,9.4108e-10,1,0
0.00473351,-0.249381,-0.0436655,-0.411972,3.98878,-52684.1,-1,3.55584e-09,1,0
0.00473402,-0.249159,-0.0437161,-0.41185,3.99099,-52631.6,-1,3.05703e-10,1,0
0.00473457,-0.249428,-0.0435095,-0.411914,3.98961,-52682.4,-1,2.18497e-10,1,0
0.00473606,-0.250731,-0.0431033,-0.411124,3.9898,-52940.9,-1,9.67104e-10,1,0
0.00473704,-0.251266,-0.0440008,-0.411487,3.98881,-53042.9,-1,4.65954e-10,1,0
0.00473739,-0.250917,-0.0437941,-0.411474,3.98882,-52965.4,-1,4.65954e-10,1,0
0.00473806,-0.25026,-0.0433847,-0.411452,3.98932,-52819.1,-1,1.18371e-09,1,0
0.00473929,-0.250375,-0.0434193,-0.411104,3.98502,-52829.6,-1,4.47051e-10,1,0
0.00474075,-0.249938,-0.0429906,-0.411333,3.98506,-52721.2,-1,9.72927e-10,1,0
0.004741,-0.250163,-0.0428611,-0.411238,3.98173,-52765.9,-1,4.55089e-11,1,0
0.00474119,-0.250284,-0.0427052,-0.411135,3.98343,-52789.3,-1,2.1421e-10,1,0
0.00474244,-0.249408,-0.0428926,-0.409957,3.98348,-52590.7,-1,2.1421e-10,1,0
0.00474299,-0.249023,-0.0429749,-0.409439,3.9835,-52503.4,-1,2.1421e-10,1,0
0.00474405,-0.248493,-0.0428587,-0.408897,3.98225,-52379.9,-1,3.14651e-10,1,0
0.00474456,-0.248223,-0.0428966,-0.408645,3.97905,-52317.3,-1,1.54925e-10,1,0
0.0047463,-0.249139,-0.0424318,-0.408706,3.97864,-52491.2,-1,3.66182e-10,1,0
0.00474667,-0.249158,-0.0422189,-0.408886,3.9803,-52491.2,-1,1.47198e-10,1,0
0.00474791,-0.24822,-0.043054,-0.408533,3.98023,-52279.9,-1,8.60702e-11,1,0
0.00474857,-0.247669,-0.0435094,-0.408294,3.97946,-52156.5,-1,2.08266e-09,1,0
0.00474913,-0.247468,-0.0438941,-0.407892,3.97892,-52108.1,-1,8.67032e-11,1,0
0.00474969,-0.246964,-0.0439175,-0.407474,3.97895,-51995.7,-1,8.67032e-11,1,0
0.00475075,-0.246874,-0.0428333,-0.407167,3.98004,-51965.3,-1,8.04073e-10,1,0
0.00475303,-0.246826,-0.0424868,-0.406268,3.98123,-51930.3,-1,2.56041e-09,1,0
0.00475342,-0.246753,-0.0426785,-0.406387,3.98072,-51910.6,-1,1.47522e-09,1,0
0.00475484,-0.246835,-0.043102,-0.407566,3.97669,-51912.5,-1,1.19865e-09,1,0
0.00475598,-0.246924,-0.0435847,-0.406313,3.97668,-51918.6,-1,1.19865e-09,1,0
0.00475618,-0.247048,-0.0434613,-0.406159,3.97697,-51942.5,-1,1.35076e-09,1,0
0.00475635,-0.246901,-0.0434324,-0.406201,3.97995,-51909.9,-1,5.19393e-11,1,0
0.00475745,-0.246825,-0.0423027,-0.405774,3.98094,-51881.7,-1,1.22954e-09,1,0
0.00475826,-0.246348,-0.0428557,-0.405257,3.97938,-51772.7,-1,9.18027e-10,1,0
0.00475931,-0.246761,-0.0420151,-0.404462,3.978,-51848.1,-1,2.84502e-10,1,0
0.00476005,-0.247384,-0.042247,-0.404565,3.97824,-51970.9,-1,2.44156e-10,1,0
0.00476142,-0.248564,-0.0433037,-0.404905,3.97883,-52203.8,-1,2.25415e-09,1,0
0.00476329,-0.250575,-0.0423607,-0.404951,3.97873,-52605.4,-1,2.25415e-09,1,0
0.00476372,-0.251009,-0.0422263,-0.404912,3.97982,-52691.7,-1,2.6417e-09,1,0
0.00476659,-0.251693,-0.0434439,-0.403541,3.98084,-52803.5,-1,2.57485e-09,1,0
0.00476841,-0.252249,-0.0436479,-0.403227,3.9789,-52900,-1,1.38997e-09,1,0
0.00476933,-0.252893,-0.0431129,-0.403937,3.97915,-53024.9,-1,1.15298e-11,1,0
0.00477129,-0.253938,-0.0417844,-0.405441,3.97942,-53222.1,-1,2.61128e-09,1,0
0.00477283,-0.254376,-0.0421113,-0.405679,3.97692,-53296.7,-1,1.60357e-09,1,0
0.00477354,-0.254629,-0.042728,-0.405751,3.9791,-53341.7,-1,5.33384e-10,1,0
0.00477554,-0.253634,-0.0445817,-0.406837,3.97915,-53111,-1,5.33384e-10,1,0
0.00477725,-0.252781,-0.0461698,-0.407767,3.97742,-52913.5,-1,4.39611e-09,1,0
0.00477798,-0.25297,-0.0468865,-0.407325,3.97741,-52945.1,-1,4.39611e-09,1,0
0.00477825,-0.25285,-0.047135,-0.407235,3.97784,-52916.8,-1,2.19854e-10,1,0
0.00477878,-0.25317,-0.0475996,-0.407012,3.97691,-52977.9,-1,5.29778e-10,1,0
0.00478044,-0.252429,-0.0480728,-0.408323,3.97556,-52804.6,-1,3.40784e-10,1,0
0.00478096,-0.252168,-0.0479759,-0.40887,3.97618,-52744.1,-1,1.7969e-09,1,0
0.0047827,-0.25292,-0.0493902,-0.408476,3.97662,-52882.2,-1,1.69492e-09,1,0
0.00478418,-0.25325,-0.0490952,-0.410132,3.97652,-52935,-1,1.23931e-09,1,0
0.00478621,-0.253299,-0.047808,-0.409639,3.97591,-52922.7,-1,1.24537e-09,1,0
0.00478808,-0.253971,-0.0467096,-0.408584,3.97583,-53042.3,-1,7.86171e-11,1,0
0.00478961,-0.25515,-0.0467842,-0.408027,3.97513,-53271.6,-1,2.42278e-09,1,0
0.0047903,-0.255535,-0.0470168,-0.408459,3.97747,-53344.3,-1,1.04315e-10,1,0
0.00479189,-0.256209,-0.0472174,-0.408585,3.97934,-53467.3,-1,9.2251e-10,1,0
0.00479351,-0.257346,-0.0477336,-0.410053,3.97993,-53686.3,-1,1.92727e-09,1,0
0.0047943,-0.257767,-0.0476748,-0.410446,3.98055,-53765.2,-1,2.30355e-10,1,0
0.00479524,-0.256805,-0.0480616,-0.410048,3.97952,-53554.2,-1,1.10999e-09,1,0
0.00479556,-0.256961,-0.0483358,-0.40988,3.97958,-53583.1,-1,2.60755e-11,1,0
0.0047958,-0.257069,-0.0485491,-0.409768,3.98292,-53603,-1,1.57428e-11,1,0
0.00479807,-0.256113,-0.0471246,-0.40936,3.98243,-53378.4,-1,8.84999e-10,1,0
0.00479883,-0.255655,-0.0467527,-0.409278,3.98164,-53274.4,-1,2.48447e-09,1,0
0.00480021,-0.255685,-0.047353,-0.408296,3.98226,-53265.3,-1,2.98352e-10,1,0
0.00480095,-0.255866,-0.0472472,-0.408849,3.97996,-53294.9,-1,2.28719e-10,1,0
0.00480324,-0.255995,-0.0468947,-0.408351,3.97608,-53296.3,-1,1.245e-09,1,0
0.00480404,-0.256158,-0.046673,-0.408573,3.97278,-53321.4,-1,4.27363e-10,1,0
0.00480455,-0.256658,-0.0466396,-0.408616,3.97297,-53419.8,-1,4.86852e-10,1,0
0.0048058,-0.255819,-0.0475161,-0.408369,3.97243,-53231.2,-1,1.5943e-10,1,0
0.0048072,-0.25484,-0.0482919,-0.408623,3.97506,-53012.3,-1,2.44e-09,1,0
0.00480847,-0.255601,-0.0474447,-0.408608,3.97316,-53156.4,-1,3.97672e-10,1,0
0.00480877,-0.255399,-0.0472637,-0.40859,3.97312,-53111,-1,2.83831e-10,1,0
0.00480939,-0.2556,-0.0471326,-0.407906,3.9734,-53146,-1,7.99947e-10,1,0
0.0048102,-0.255572,-0.047189,-0.407239,3.97201,-53131.4,-1,5.41336e-10,1,0
0.00481139,-0.256641,-0.0470976,-0.408156,3.97195,-53340.4,-1,5.41336e-10,1,0
0.00481226,-0.257421,-0.047031,-0.408825,3.97191,-53492.8,-1,5.41336e-10,1,0
0.00481368,-0.257639,-0.0473521,-0.410298,3.97257,-53522.2,-1,9.98096e-10,1,0
0.00481437,-0.257198,-0.0471493,-0.41012,3.97091,-53423,-1,3.09599e-10,1,0
0.00481556,-0.25667,-0.0471711,-0.410999,3.9735,-53300.1,-1,4.2859e-10,1,0
0.00481614,-0.256992,-0.0467357,-0.411045,3.9715,-53360.6,-1,2.23261e-10,1,0
0.00481809,-0.257055,-0.0463651,-0.410088,3.96953,-53352,-1,3.73549e-10,1,0
0.00481853,-0.256922,-0.0459182,-0.410322,3.96953,-53319.6,-1,3.73549e-10,1,0
0.00481923,-0.256704,-0.0452385,-0.41068,3.96726,-53266.6,-1,1.32812e-09,1,0
0.00481997,-0.256333,-0.0456987,-0.410351,3.9659,-53181.6,-1,2.25555e-10,1,0
0.00482046,-0.256254,-0.0458725,-0.410599,3.96578,-53159.5,-1,2.26591e-10,1,0
0.00482098,-0.25666,-0.045678,-0.410339,3.96598,-53238.2,-1,1.94401e-10,1,0
0.00482194,-0.256449,-0.0463783,-0.409668,3.96454,-53183.9,-1,9.63297e-10,1,0
0.00482269,-0.256735,-0.0463758,-0.409044,3.96608,-53234.8,-1,1.16189e-10,1,0
0.00482316,-0.256251,-0.0465548,-0.409107,3.96452,-53129.2,-1,4.78172e-11,1,0
0.00482394,-0.255604,-0.0463123,-0.408952,3.96246,-52986.6,-1,4.59618e-10,1,0
0.00482534,-0.255819,-0.0455343,-0.407978,3.96236,-53015.7,-1,3.42638e-10,1,0
0.00482633,-0.255509,-0.0460267,-0.406969,3.96238,-52940.7,-1,3.42638e-10,1,0
0.00482727,-0.254959,-0.0462869,-0.406501,3.96433,-52816.3,-1,3.75534e-10,1,0
0.00482835,-0.25431,-0.0463056,-0.405404,3.96436,-52670.1,-1,3.75534e-10,1,0
0.00482986,-0.254203,-0.0467566,-0.406325,3.96453,-52631.5,-1,1.36196e-09,1,0
0.00483108,-0.254424,-0.0455825,-0.407135,3.96371,-52664,-1,1.44377e-09,1,0
0.0048315,-0.254734,-0.045555,-0.40728,3.95922,-52723.6,-1,9.6578e-11,1,0
0.0048328,-0.254568,-0.0464261,-0.407011,3.95968,-52675.2,-1,3.77601e-10,1,0
0.00483388,-0.253954,-0.0461303,-0.406714,3.95759,-52536.3,-1,9.40437e-10,1,0
0.0048356,-0.253116,-0.0464365,-0.406616,3.9545,-52344.2,-1,6.59873e-10,1,0
0.00483604,-0.2535,-0.0464125,-0.406829,3.95656,-52418.9,-1,2.39781e-10,1,0
0.00483675,-0.253124,-0.046526,-0.406081,3.95658,-52333.4,-1,2.39781e-10,1,0
0.00483726,-0.252856,-0.0466067,-0.40555,3.95572,-52272.6,-1,1.44455e-09,1,0
0.00483786,-0.2529,-0.0460375,-0.405306,3.95437,-52275.3,-1,4.99338e-10,1,0
0.00483893,-0.252282,-0.0461383,-0.405877,3.94957,-52135.8,-1,4.65045e-10,1,0
0.00484034,-0.252692,-0.0455795,-0.405762,3.9488,-52205.5,-1,1.12782e-09,1,0
0.00484128,-0.252135,-0.0457281,-0.405729,3.95112,-52080.2,-1,6.04541e-10,1,0
0.00484213,-0.252475,-0.0453203,-0.405162,3.95196,-52141.2,-1,8.43659e-10,1,0
0.00484301,-0.253212,-0.0449889,-0.40456,3.95211,-52284.1,-1,1.24236e-10,1,0
0.00484333,-0.253282,-0.044681,-0.4044,3.95174,-52294.9,-1,3.33958e-10,1,0
0.0048454,-0.254827,-0.0452474,-0.402877,3.94973,-52591.6,-1,1.01786e-09,1,0
0.00484657,-0.254527,-0.0454299,-0.403572,3.95308,-52516.9,-1,9.6877e-10,1,0
0.00484679,-0.254579,-0.0456575,-0.403465,3.95308,-52525.4,-1,9.6877e-10,1,0
0.00484793,-0.255828,-0.0457222,-0.403656,3.95339,-52770.5,-1,3.57492e-10,1,0
0.00484883,-0.256865,-0.0457014,-0.403853,3.9532,-52974.6,-1,2.30537e-09,1,0
0.00484945,-0.256186,-0.0457836,-0.404143,3.95343,-52827.9,-1,7.42697e-10,1,0
0.00485069,-0.257569,-0.0454689,-0.404054,3.95577,-53099.5,-1,1.43524e-09,1,0
0.00485211,-0.258117,-0.0450486,-0.404419,3.95676,-53196.9,-1,1.18846e-09,1,0
0.00485405,-0.258024,-0.0470716,-0.403436,3.95647,-53156.5,-1,1.74967e-09,1,0
0.00485463,-0.257978,-0.0471872,-0.403369,3.95442,-53140.6,-1,2.80514e-10,1,0
0.00485676,-0.256007,-0.046783,-0.404881,3.95465,-52711.5,-1,2.51614e-09,1,0
0.00485715,-0.256133,-0.0471139,-0.404697,3.953,-52733.1,-1,1.76769e-11,1,0
0.00485854,-0.257493,-0.0479013,-0.404685,3.95286,-52998.1,-1,7.66503e-10,1,0
0.00485943,-0.258297,-0.0482354,-0.405045,3.95274,-53153.9,-1,2.52465e-10,1,0
0.00486052,-0.25761,-0.0472666,-0.404557,3.95273,-53000.5,-1,1.28439e-09,1,0
0.00486116,-0.257284,-0.0469773,-0.403929,3.95275,-52926.4,-1,1.28439e-09,1,0
0.00486258,-0.256573,-0.046346,-0.402558,3.9556,-52764.7,-1,2.43242e-09,1,0
0.00486344,-0.256672,-0.046384,-0.403567,3.95309,-52775.9,-1,1.01439e-09,1,0
0.00486483,-0.257085,-0.0470956,-0.402566,3.95666,-52845.7,-1,1.265e-09,1,0
0.00486693,-0.256919,-0.0462282,-0.403181,3.95721,-52788.8,-1,1.38391e-09,1,0
0.0048679,-0.255965,-0.0466592,-0.403649,3.95726,-52582.2,-1,1.38391e-09,1,0
0.00486971,-0.254187,-0.0474617,-0.404521,3.95734,-52197.6,-1,1.38391e-09,1,0
0.00487132,-0.253132,-0.0478165,-0.405729,3.95878,-51963.8,-1,4.43322e-09,1,0
0.00487228,-0.253139,-0.047701,-0.406681,3.95961,-51955,-1,1.7416e-09,1,0
0.00487377,-0.254864,-0.0475296,-0.406355,3.95952,-52292.9,-1,1.7416e-09,1,0
0.00487447,-0.2554,-0.0475836,-0.406107,3.96105,-52395.3,-1,1.9386e-10,1,0
0.00487491,-0.255542,-0.0475304,-0.406416,3.95805,-52419.9,-1,6.55819e-11,1,0
0.00487568,-0.256201,-0.0476624,-0.406954,3.95837,-52546.7,-1,1.31829e-10,1,0
0.0048762,-0.256377,-0.047503,-0.406717,3.95774,-52577.1,-1,4.55053e-10,1,0
0.00487703,-0.256622,-0.0477334,-0.406228,3.95564,-52618.6,-1,4.77198e-10,1,0
0.00487872,-0.256551,-0.0471936,-0.404581,3.95668,-52585.7,-1,8.63715e-10,1,0
0.00487936,-0.256731,-0.0473049,-0.404377,3.9546,-52615.8,-1,1.60779e-09,1,0
0.00488163,-0.256856,-0.0473592,-0.406588,3.95602,-52616.8,-1,1.26524e-09,1,0
0.00488248,-0.257097,-0.0474315,-0.407507,3.9547,-52657,-1,9.44411e-10,1,0
0.00488375,-0.256268,-0.04819,-0.407501,3.95485,-52473.5,-1,1.26496e-09,1,0
0.0048861,-0.255689,-0.0488458,-0.409043,3.95385,-52329.7,-1,6.07931e-10,1,0
0.00488904,-0.256647,-0.0506175,-0.411231,3.95215,-52494.3,-1,3.33481e-09,1,0
0.00488998,-0.256544,-0.0516781,-0.411341,3.95174,-52463.2,-1,1.29836e-09,1,0
0.00489082,-0.256318,-0.0526149,-0.411591,3.95175,-52408,-1,7.76069e-10,1,0
0.00489237,-0.255037,-0.052544,-0.411417,3.94743,-52129.6,-1,1.38006e-09,1,0
0.00489302,-0.254575,-0.0524067,-0.411193,3.94901,-52028.2,-1,1.33949e-10,1,0
0.00489383,-0.253821,-0.0520785,-0.410692,3.94876,-51865.6,-1,1.59391e-09,1,0
0.00489517,-0.252696,-0.0516936,-0.410844,3.95006,-51621.4,-1,1.30861e-09,1,0
0.004896,-0.253097,-0.0512022,-0.4103,3.94902,-51694.7,-1,1.99683e-10,1,0
0.00489837,-0.253331,-0.0524544,-0.40869,3.94781,-51717.5,-1,1.88904e-09,1,0
0.00489936,-0.25338,-0.0523785,-0.408791,3.94909,-51717,-1,1.4294e-09,1,0
0.00489971,-0.25365,-0.0523295,-0.408945,3.94939,-51768.4,-1,9.7659e-10,1,0
0.00490105,-0.25421,-0.0526527,-0.40881,3.94931,-51868.5,-1,7.40366e-10,1,0
0.00490209,-0.254712,-0.0515691,-0.408706,3.94755,-51959.9,-1,1.10516e-09,1,0
0.00490334,-0.254219,-0.0513562,-0.40824,3.95062,-51846.1,-1,9.8673e-10,1,0
0.00490385,-0.254614,-0.0513023,-0.407973,3.94908,-51921.2,-1,1.4998e-10,1,0
0.00490498,-0.254984,-0.0520806,-0.408549,3.9472,-51984.7,-1,6.01905e-10,1,0
0.0049072,-0.255447,-0.0522246,-0.410998,3.94706,-52055.6,-1,1.65014e-09,1,0
0.00490782,-0.255317,-0.0517262,-0.411423,3.94695,-52022.5,-1,5.63048e-10,1,0
0.00490951,-0.254172,-0.0526225,-0.410384,3.94635,-51771.5,-1,1.26505e-09,1,0
0.00491064,-0.253027,-0.0527767,-0.409727,3.94641,-51526.3,-1,1.26505e-09,1,0
0.00491118,-0.252906,-0.0526121,-0.409338,3.94761,-51496,-1,3.42897e-10,1,0
0.00491319,-0.252859,-0.0528582,-0.408355,3.94605,-51465.2,-1,1.1518e-09,1,0
0.00491339,-0.252998,-0.0527488,-0.408206,3.94604,-51491.5,-1,1.1518e-09,1,0
0.00491428,-0.253484,-0.0523255,-0.407822,3.94493,-51581.2,-1,1.77281e-10,1,0
0.00491521,-0.253424,-0.0516242,-0.408674,3.94494,-51559.1,-1,1.77281e-10,1,0
0.00491635,-0.253351,-0.0507769,-0.409704,3.94494,-51532.3,-1,1.77281e-10,1,0
0.00491721,-0.252549,-0.0504322,-0.410116,3.94351,-51360.2,-1,8.95584e-10,1,0
0.00491799,-0.252752,-0.0505606,-0.410819,3.9408,-51393.4,-1,4.16396e-10,1,0
0.00491924,-0.252682,-0.0491985,-0.411362,3.93975,-51366.1,-1,1.46806e-09,1,0
0.00492039,-0.252949,-0.0480058,-0.411234,3.94063,-51408.2,-1,8.38331e-11,1,0
0.00492105,-0.253122,-0.047269,-0.411116,3.94062,-51436.7,-1,8.38331e-11,1,0
0.00492188,-0.253194,-0.0469698,-0.410765,3.94044,-51442.6,-1,6.79324e-10,1,0
0.00492221,-0.253266,-0.0470964,-0.410834,3.94255,-51453.7,-1,1.64338e-10,1,0
0.0049238,-0.252831,-0.0463466,-0.412302,3.94334,-51348.8,-1,1.41898e-09,1,0
0.00492446,-0.252284,-0.0464095,-0.412401,3.94364,-51230.7,-1,8.70264e-10,1,0
0.00492519,-0.25177,-0.0468884,-0.412539,3.9431,-51118.9,-1,7.33177e-11,1,0
0.00492547,-0.251474,-0.0467736,-0.412452,3.94379,-51055.9,-1,8.74386e-11,1,0
0.00492564,-0.251497,-0.0467394,-0.412405,3.94391,-51058.6,-1,2.09789e-11,1,0
0.00492609,-0.251542,-0.0467884,-0.41263,3.94293,-51063.1,-1,2.49254e-10,1,0
0.00492679,-0.251552,-0.0466604,-0.412086,3.93848,-51058,-1,6.10822e-10,1,0
0.00492774,-0.251762,-0.0477321,-0.4121,3.93742,-51090.7,-1,4.85129e-11,1,0
0.0049292,-0.252533,-0.0465904,-0.412686,3.9364,-51232.2,-1,1.25901e-09,1,0
0.00493092,-0.253515,-0.0452663,-0.412402,3.9355,-51413.3,-1,7.71009e-10,1,0
0.00493197,-0.253378,-0.0457446,-0.41155,3.9353,-51374.7,-1,1.81217e-10,1,0
0.00493348,-0.251675,-0.0455478,-0.411244,3.93439,-51013.8,-1,1.44485e-09,1,0
0.0049346,-0.252323,-0.0453583,-0.41227,3.93503,-51133.5,-1,1.18355e-09,1,0
0.00493674,-0.251979,-0.0458063,-0.412385,3.9307,-51041.6,-1,1.03778e-09,1,0
0.00493775,-0.252343,-0.0447254,-0.412693,3.92993,-51104.8,-1,2.00267e-09,1,0
0.00493922,-0.252494,-0.0438494,-0.411951,3.92911,-51120.3,-1,6.39935e-10,1,0
0.00494022,-0.251989,-0.0430321,-0.41127,3.93023,-51007.7,-1,2.26708e-09,1,0
0.00494171,-0.25253,-0.0434643,-0.411151,3.93055,-51101.7,-1,8.86227e-12,1,0
0.00494208,-0.252297,-0.0434332,-0.41119,3.93117,-51050.9,-1,1.25844e-10,1,0
0.00494276,-0.252405,-0.0440891,-0.411506,3.93128,-51065.6,-1,3.41521e-10,1,0
0.00494443,-0.25298,-0.0439748,-0.410912,3.93178,-51164.5,-1,4.6412e-11,1,0
0.00494509,-0.253365,-0.0440502,-0.411024,3.934,-51235.8,-1,4.32119e-10,1,0
0.00494665,-0.253347,-0.0441943,-0.411661,3.9342,-51215.9,-1,7.83444e-10,1,0
0.00494784,-0.2533,-0.044945,-0.41048,3.93405,-51194,-1,1.3999e-09,1,0
0.00494808,-0.253095,-0.0448058,-0.410558,3.93294,-51150.2,-1,2.34387e-10,1,0
0.00494952,-0.25334,-0.0464777,-0.410503,3.93139,-51184.8,-1,1.69069e-09,1,0
0.0049518,-0.253062,-0.0467183,-0.409498,3.93208,-51105.1,-1,9.25001e-10,1,0
0.00495396,-0.251083,-0.0452824,-0.410117,3.93081,-50683.2,-1,1.08494e-11,1,0
0.00495521,-0.251534,-0.0446241,-0.41114,3.92999,-50761.4,-1,1.26977e-09,1,0
0.00495676,-0.253037,-0.0442356,-0.410185,3.92991,-51048.9,-1,1.26977e-09,1,0
0.00495714,-0.253402,-0.0441412,-0.409953,3.92989,-51118.7,-1,1.26977e-09,1,0
0.00495871,-0.253835,-0.0446385,-0.408848,3.93018,-51189.7,-1,9.83927e-10,1,0
0.00496085,-0.254199,-0.0435428,-0.411089,3.93016,-51241.1,-1,9.83927e-10,1,0
0.0049627,-0.253699,-0.0433141,-0.412891,3.92739,-51121.1,-1,1.26504e-09,1,0
0.00496332,-0.253886,-0.043832,-0.413013,3.9296,-51152.4,-1,5.76944e-10,1,0
0.00496363,-0.253818,-0.0437191,-0.413057,3.92969,-51135.5,-1,2.37973e-10,1,0
0.00496457,-0.254509,-0.0443091,-0.412748,3.93107,-51265.1,-1,8.80048e-10,1,0
0.00496608,-0.255931,-0.0436365,-0.412048,3.93081,-51535.8,-1,1.94415e-09,1,0
0.00496619,-0.255987,-0.0437596,-0.412025,3.93106,-51545.9,-1,1.90796e-10,1,0
0.00496805,-0.255032,-0.0441011,-0.411005,3.92974,-51334.3,-1,5.11127e-10,1,0
0.00496924,-0.254798,-0.042806,-0.41052,3.9312,-51274.9,-1,1.40232e-09,1,0
0.00497098,-0.254673,-0.0443982,-0.409252,3.93005,-51231.9,-1,1.83099e-12,1,0
0.00497246,-0.254201,-0.0450145,-0.410108,3.93132,-51121.7,-1,2.52385e-09,1,0
0.00497338,-0.254261,-0.044602,-0.410727,3.93083,-51124.3,-1,5.8177e-10,1,0
0.00497437,-0.253658,-0.0440132,-0.411158,3.92883,-50993.1,-1,1.4405e-10,1,0
0.00497542,-0.253872,-0.0442252,-0.412149,3.92861,-51025.2,-1,2.23005e-10,1,0
0.0049757,-0.254116,-0.0442514,-0.412217,3.93063,-51071.3,-1,4.39181e-11,1,0
0.00497647,-0.254852,-0.0438274,-0.4119,3.93059,-51211.4,-1,4.39181e-11,1,0
0.0049781,-0.256197,-0.0433255,-0.412521,3.93231,-51464.9,-1,1.1602e-09,1,0
0.00497822,-0.256228,-0.0432589,-0.412531,3.93133,-51469.9,-1,1.64297e-11,1,0
0.00497961,-0.257186,-0.044129,-0.413091,3.93198,-51647.9,-1,1.48035e-09,1,0
0.00498056,-0.258035,-0.0439328,-0.413029,3.93013,-51808.5,-1,8.51793e-10,1,0
0.00498195,-0.257022,-0.0438848,-0.412644,3.9307,-51590.7,-1,7.95952e-10,1,0
0.00498242,-0.256886,-0.0441418,-0.412488,3.92978,-51558.5,-1,2.35505e-10,1,0
0.00498359,-0.257781,-0.0438381,-0.411832,3.93149,-51726,-1,7.11591e-10,1,0
0.00498521,-0.257219,-0.0442174,-0.413617,3.93151,-51596.4,-1,7.11591e-10,1,0
0.00498608,-0.256609,-0.0447467,-0.414079,3.93117,-51465.1,-1,2.21534e-09,1,0
0.00498693,-0.255888,-0.0453971,-0.414322,3.93209,-51311.7,-1,1.72313e-09,1,0
0.00498762,-0.256123,-0.0458791,-0.414586,3.93156,-51351.7,-1,6.11149e-10,1,0
0.00498851,-0.256307,-0.0452962,-0.415345,3.93186,-51379.4,-1,1.03231e-09,1,0
0.00498938,-0.256134,-0.0444124,-0.415607,3.93143,-51335.7,-1,9.19698e-10,1,0
0.00499203,-0.255127,-0.0423153,-0.41485,3.92989,-51106.9,-1,1.53597e-09,1,0
0.00499311,-0.255015,-0.0413819,-0.413987,3.92989,-51073.4,-1,1.53597e-09,1,0
0.00499382,-0.254891,-0.0413644,-0.413613,3.92887,-51041.2,-1,3.47941e-10,1,0
0.00499558,-0.253585,-0.0407793,-0.413138,3.92793,-50762,-1,1.78118e-09,1,0
0.00499672,-0.254829,-0.0407597,-0.413351,3.92828,-50999.3,-1,1.49483e-09,1,0
0.00499787,-0.255432,-0.039921,-0.412499,3.9281,-51108.3,-1,5.00724e-10,1,0
0.00499855,-0.255632,-0.0395588,-0.411946,3.92852,-51141.2,-1,1.25719e-10,1,0
0.00499979,-0.254669,-0.0402552,-0.411485,3.92994,-50935.9,-1,4.27201e-10,1,0
0.00500034,-0.254846,-0.0400561,-0.411012,3.93126,-50965.7,-1,6.96441e-11,1,0
0.0050013,-0.253846,-0.0402724,-0.411471,3.93324,-50756,-1,1.12129e-09,1,0
0.00500195,-0.253497,-0.0405168,-0.411831,3.93263,-50679.7,-1,2.78343e-10,1,0
0.00500298,-0.253582,-0.0412234,-0.411262,3.93402,-50686.2,-1,8.60236e-10,1,0
0.00500323,-0.253826,-0.0412966,-0.411116,3.93401,-50732.4,-1,8.60236e-10,1,0
0.00500404,-0.253726,-0.0410638,-0.410271,3.93384,-50704.3,-1,8.13438e-11,1,0
0.00500493,-0.253515,-0.0407453,-0.409292,3.93293,-50653.1,-1,1.82706e-09,1,0
0.00500662,-0.252458,-0.0416505,-0.410513,3.93534,-50424.7,-1,1.81851e-09,1,0
0.00500805,-0.252421,-0.0410544,-0.409034,3.93385,-50403,-1,1.4694e-10,1,0
0.00500918,-0.25325,-0.0401136,-0.409495,3.93368,-50557.1,-1,1.33586e-09,1,0
0.00500974,-0.253743,-0.0401761,-0.409678,3.93293,-50649.9,-1,4.85543e-10,1,0
0.00501025,-0.254092,-0.0405387,-0.409337,3.93292,-50714.5,-1,4.85543e-10,1,0
0.00501095,-0.254047,-0.0410525,-0.408765,3.93258,-50698.3,-1,9.57934e-10,1,0
0.00501324,-0.253399,-0.0427565,-0.406785,3.93262,-50545.9,-1,9.57934e-10,1,0
0.00501527,-0.252823,-0.0442701,-0.405027,3.93264,-50410.7,-1,9.57934e-10,1,0
0.00501555,-0.252839,-0.0445522,-0.405037,3.93079,-50411,-1,5.80842e-09,1,0
0.00501712,-0.252806,-0.0455813,-0.405811,3.93199,-50388.6,-1,1.83716e-10,1,0
0.00501851,-0.251809,-0.0444425,-0.405238,3.93188,-50176.1,-1,1.59283e-09,1,0
0.00502109,-0.251832,-0.0424114,-0.40387,3.93167,-50154.9,-1,1.02559e-09,1,0
0.00502187,-0.25195,-0.0415577,-0.403555,3.93223,-50170.5,-1,1.96269e-09,1,0
0.00502339,-0.251918,-0.0430426,-0.402548,3.93223,-50149,-1,1.96269e-09,1,0
0.0050246,-0.251893,-0.0442186,-0.401751,3.93223,-50132,-1,1.96269e-09,1,0
0.00502491,-0.251886,-0.0444814,-0.401546,3.93089,-50127.4,-1,3.55979e-09,1,0
0.0050263,-0.251668,-0.0431343,-0.40086,3.93022,-50070.3,-1,1.65238e-10,1,0
0.00502719,-0.251475,-0.0435768,-0.401612,3.93026,-50023,-1,9.32767e-10,1,0
0.00502816,-0.251939,-0.0437191,-0.402612,3.92973,-50105.7,-1,2.69287e-11,1,0
0.00502943,-0.253052,-0.0442835,-0.403439,3.92764,-50314.2,-1,1.49698e-09,1,0
0.00503024,-0.253043,-0.0436959,-0.403347,3.92838,-50304.3,-1,6.23162e-10,1,0
0.00503134,-0.253477,-0.043032,-0.402579,3.92664,-50379.6,-1,1.02095e-09,1,0
0.0050333,-0.253021,-0.0439284,-0.401119,3.92638,-50269.5,-1,3.62767e-10,1,0
0.00503422,-0.253169,-0.0442564,-0.400784,3.92709,-50289.6,-1,2.58245e-09,1,0
0.00503503,-0.253832,-0.0444056,-0.401106,3.92708,-50413.3,-1,1.26601e-09,1,0
0.00503723,-0.251634,-0.044901,-0.400841,3.92465,-49954.9,-1,1.00118e-09,1,0
0.00503813,-0.251553,-0.0446463,-0.400511,3.9254,-49929.8,-1,6.4071e-10,1,0
0.00503825,-0.251566,-0.0447147,-0.400455,3.92633,-49931.3,-1,2.90964e-11,1,0
0.00503901,-0.251505,-0.044996,-0.39973,3.92634,-49911.7,-1,3.8548e-10,1,0
0.00503999,-0.251326,-0.0453317,-0.39864,3.92418,-49866.4,-1,1.34682e-09,1,0
0.00504176,-0.251813,-0.0464866,-0.399295,3.92354,-49945.5,-1,5.54795e-10,1,0
0.00504423,-0.251032,-0.0479028,-0.399721,3.92128,-49766.1,-1,9.39758e-10,1,0
0.00504623,-0.253107,-0.0473456,-0.398765,3.92118,-50157.6,-1,9.39758e-10,1,0
0.00504699,-0.253176,-0.0478076,-0.399056,3.92457,-50163.7,-1,6.62205e-10,1,0
0.005048,-0.25286,-0.0483563,-0.398422,3.92501,-50091.1,-1,2.1071e-10,1,0
0.00504865,-0.252609,-0.047651,-0.398553,3.92502,-50035,-1,2.1071e-10,1,0
0.00505077,-0.251787,-0.0453375,-0.398981,3.92529,-49851.2,-1,3.25231e-09,1,0
0.00505206,-0.250577,-0.0459432,-0.399668,3.92536,-49599,-1,3.25231e-09,1,0
0.00505275,-0.250711,-0.0462774,-0.399749,3.92483,-49618.8,-1,4.87436e-10,1,0
0.0050538,-0.250163,-0.0464876,-0.400053,3.92396,-49500.1,-1,2.91593e-10,1,0
0.00505445,-0.249867,-0.0466026,-0.400185,3.92293,-49435.1,-1,3.83108e-10,1,0
0.00505583,-0.248487,-0.0465379,-0.399868,3.92192,-49148.7,-1,1.42187e-09,1,0
0.00505642,-0.248985,-0.0469181,-0.399554,3.92189,-49241.3,-1,1.42187e-09,1,0
0.00505692,-0.249405,-0.0472388,-0.399289,3.92079,-49319.4,-1,1.29177e-09,1,0
0.00505742,-0.249481,-0.0475173,-0.39888,3.92142,-49329.7,-1,5.10862e-10,1,0
0.0050592,-0.250645,-0.0480751,-0.397696,3.92275,-49542.4,-1,8.09416e-10,1,0
0.00505954,-0.250939,-0.0481687,-0.397449,3.92169,-49597.2,-1,2.28021e-10,1,0
0.00506006,-0.250703,-0.0476139,-0.397359,3.92155,-49545.5,-1,6.09579e-10,1,0
0.00506048,-0.250816,-0.0472375,-0.397658,3.92145,-49563.7,-1,3.06709e-10,1,0
0.00506208,-0.251181,-0.0459029,-0.398931,3.92017,-49620.1,-1,2.06825e-09,1,0
0.00506293,-0.250249,-0.0456292,-0.39872,3.92021,-49427.8,-1,2.06825e-09,1,0
0.00506395,-0.249121,-0.0452976,-0.398464,3.92027,-49195,-1,2.06825e-09,1,0
0.00506489,-0.248219,-0.0449633,-0.39824,3.92148,-49007.9,-1,3.22031e-09,1,0
0.00506601,-0.249276,-0.0443482,-0.398003,3.92079,-49205.6,-1,9.82583e-10,1,0
0.0050677,-0.250706,-0.0441964,-0.39726,3.9193,-49471.4,-1,2.34639e-10,1,0
0.0050685,-0.250593,-0.0444879,-0.397839,3.91751,-49441.2,-1,2.60084e-10,1,0
0.0050699,-0.251398,-0.0455714,-0.39838,3.91869,-49586.3,-1,1.368e-09,1,0
0.00507027,-0.251261,-0.0453375,-0.398575,3.91905,-49555.7,-1,1.6861e-10,1,0
0.00507105,-0.251096,-0.0455119,-0.399459,3.91906,-49515.6,-1,1.6861e-10,1,0
0.00507271,-0.250745,-0.0458833,-0.40134,3.91738,-49430.2,-1,2.86524e-09,1,0
0.0050734,-0.251204,-0.0453903,-0.401734,3.91771,-49513.8,-1,6.23388e-10,1,0
0.00507414,-0.251914,-0.0448929,-0.401726,3.91767,-49646.7,-1,6.23388e-10,1,0
0.00507482,-0.252601,-0.045013,-0.401543,3.91841,-49775.4,-1,1.24661e-09,1,0
0.00507524,-0.252914,-0.0449127,-0.401268,3.91754,-49832.9,-1,3.19794e-10,1,0
0.00507616,-0.253119,-0.0439089,-0.401325,3.91766,-49864.3,-1,8.64833e-10,1,0
0.00507671,-0.253532,-0.0439462,-0.401624,3.91507,-49940.3,-1,5.60836e-10,1,0
0.00507795,-0.252747,-0.0449657,-0.401585,3.91407,-49773.5,-1,1.2832e-09,1,0
0.00507824,-0.252793,-0.0450893,-0.401279,3.91378,-49779.7,-1,1.16424e-11,1,0
0.00507876,-0.253103,-0.0456065,-0.401306,3.91521,-49835.6,-1,4.91739e-10,1,0
0.00508124,-0.252957,-0.0450324,-0.404153,3.91522,-49782.6,-1,4.91739e-10,1,0
0.00508278,-0.251903,-0.0452246,-0.405159,3.91615,-49560.1,-1,3.59837e-09,1,0
0.00508422,-0.250585,-0.0452329,-0.405669,3.91757,-49286.7,-1,4.20514e-10,1,0
0.00508516,-0.25013,-0.044626,-0.405497,3.91692,-49188.3,-1,7.29555e-10,1,0
0.00508554,-0.250264,-0.0449778,-0.405332,3.91335,-49211,-1,1.69623e-10,1,0
0.00508643,-0.250465,-0.0442072,-0.405211,3.91475,-49241.8,-1,1.66512e-10,1,0
0.00508793,-0.24896,-0.044195,-0.404651,3.91398,-48931.4,-1,3.41105e-10,1,0
0.00508877,-0.248622,-0.0446542,-0.403893,3.91293,-48857.1,-1,9.16138e-10,1,0
0.00509074,-0.250002,-0.0434206,-0.402532,3.91208,-49109.2,-1,2.29005e-09,1,0
0.00509233,-0.24991,-0.0440189,-0.401229,3.9118,-49075.7,-1,2.65987e-10,1,0
0.00509356,-0.249218,-0.0429386,-0.400999,3.91395,-48928.2,-1,4.75826e-10,1,0
0.00509522,-0.248297,-0.0414711,-0.400102,3.91399,-48731.4,-1,4.75826e-10,1,0
0.00509556,-0.248108,-0.0411694,-0.399918,3.91369,-48690.9,-1,3.31698e-09,1,0
0.00509634,-0.247238,-0.0414499,-0.399988,3.91373,-48512.9,-1,3.31698e-09,1,0
0.00509777,-0.246041,-0.0417838,-0.399934,3.91497,-48264.5,-1,2.34756e-09,1,0
0.00509815,-0.246319,-0.0416037,-0.39965,3.91496,-48315.5,-1,2.34756e-09,1,0
0.00509948,-0.246573,-0.0411965,-0.398864,3.91317,-48352.5,-1,7.84107e-11,1,0
0.00510058,-0.245418,-0.0411675,-0.398387,3.91284,-48115.7,-1,1.27273e-09,1,0
0.0051007,-0.245364,-0.0411565,-0.398281,3.91199,-48104,-1,5.80928e-10,1,0
0.00510168,-0.245557,-0.0412421,-0.397158,3.91109,-48132.6,-1,1.19602e-09,1,0
0.00510278,-0.244938,-0.0408856,-0.39774,3.9114,-48000.9,-1,3.87984e-10,1,0
0.00510323,-0.244734,-0.0410517,-0.397749,3.90706,-47956.8,-1,2.86105e-10,1,0
0.00510412,-0.244273,-0.0410621,-0.397018,3.90543,-47858,-1,3.17318e-10,1,0
0.0051047,-0.244678,-0.0408819,-0.397535,3.90501,-47931.9,-1,6.81219e-10,1,0
0.00510699,-0.245117,-0.0416996,-0.396749,3.90436,-47996.4,-1,1.27711e-09,1,0
0.00510736,-0.245401,-0.0419432,-0.396751,3.90423,-48048.6,-1,1.29798e-09,1,0
0.00510861,-0.246299,-0.0410939,-0.39603,3.90461,-48212.6,-1,5.58814e-10,1,0
0.0051097,-0.247324,-0.0404914,-0.395976,3.90352,-48402.9,-1,9.61127e-10,1,0
0.00511093,-0.248298,-0.0396599,-0.395788,3.90016,-48581.8,-1,1.42108e-10,1,0
0.00511252,-0.247802,-0.0402181,-0.396454,3.90208,-48469.7,-1,5.69246e-10,1,0
0.00511294,-0.247554,-0.0404543,-0.396638,3.90146,-48417.1,-1,2.2873e-10,1,0
0.00511502,-0.246741,-0.0402815,-0.396832,3.90253,-48238.5,-1,2.94924e-10,1,0
0.00511595,-0.246404,-0.0409989,-0.397246,3.90211,-48163.9,-1,1.47323e-09,1,0
0.00511602,-0.24639,-0.0410645,-0.397286,3.9032,-48160.5,-1,9.78804e-10,1,0
0.00511632,-0.246559,-0.040773,-0.397337,3.90338,-48190.7,-1,3.30472e-10,1,0
0.00511719,-0.247037,-0.0410338,-0.39743,3.90382,-48275.8,-1,2.37321e-10,1,0
0.0051179,-0.246526,-0.0406361,-0.397625,3.90364,-48169.3,-1,6.40718e-11,1,0
0.00511914,-0.246189,-0.04149,-0.397614,3.90534,-48091.8,-1,3.32807e-10,1,0
0.00512032,-0.246862,-0.0426891,-0.397724,3.9053,-48212.2,-1,3.32807e-10,1,0
0.00512149,-0.247609,-0.0423836,-0.397721,3.90608,-48347.2,-1,1.862e-09,1,0
0.00512266,-0.248348,-0.0414214,-0.397662,3.90283,-48480.4,-1,3.4464e-11,1,0
0.0051234,-0.248428,-0.0422824,-0.397709,3.90397,-48489,-1,9.17361e-10,1,0
0.00512551,-0.248455,-0.0408403,-0.397582,3.90104,-48474.2,-1,1.37037e-09,1,0
0.00512627,-0.248881,-0.0403909,-0.39822,3.90102,-48550.2,-1,1.37037e-09,1,0
0.00512739,-0.249385,-0.0402891,-0.398658,3.9,-48637.9,-1,2.89069e-09,1,0
0.0051285,-0.249618,-0.041402,-0.398004,3.90028,-48672.8,-1,1.72644e-09,1,0
0.00512944,-0.250037,-0.0407834,-0.39797,3.90034,-48745.5,-1,7.80574e-10,1,0
0.00513027,-0.250951,-0.0405569,-0.398191,3.9001,-48915.8,-1,5.5839e-10,1,0
0.00513105,-0.251508,-0.0404793,-0.398372,3.90023,-49016.8,-1,1.61696e-10,1,0
0.00513164,-0.252075,-0.040388,-0.398424,3.90108,-49121.8,-1,3.47102e-12,1,0
0.00513356,-0.252485,-0.0404544,-0.398549,3.90198,-49183.3,-1,9.65267e-10,1,0
0.00513421,-0.251885,-0.0403959,-0.398208,3.90442,-49060,-1,6.34085e-10,1,0
0.00513459,-0.251954,-0.040519,-0.39832,3.9064,-49070,-1,2.36256e-10,1,0
0.00513553,-0.251547,-0.0406953,-0.398338,3.90217,-48981.7,-1,4.40649e-10,1,0
0.00513612,-0.251529,-0.0409255,-0.398566,3.90466,-48972.6,-1,1.97941e-10,1,0
0.00513801,-0.250443,-0.0410878,-0.39664,3.90593,-48743.1,-1,2.21675e-09,1,0
0.005139,-0.251055,-0.0405951,-0.396004,3.90555,-48852.8,-1,9.08973e-10,1,0
0.00514044,-0.252385,-0.0399763,-0.396555,3.90304,-49098,-1,7.36333e-10,1,0
0.00514143,-0.252957,-0.0400298,-0.396346,3.90286,-49199.8,-1,7.46016e-10,1,0
0.00514192,-0.253081,-0.0395328,-0.396591,3.90311,-49219.2,-1,9.83315e-10,1,0
0.00514342,-0.253459,-0.0382695,-0.395617,3.90523,-49278.3,-1,7.06289e-10,1,0
0.00514482,-0.253837,-0.0387904,-0.395913,3.90713,-49338.4,-1,7.37717e-10,1,0
0.00514523,-0.253818,-0.0383921,-0.395693,3.90921,-49330.7,-1,3.77988e-10,1,0
0.00514541,-0.253721,-0.0383395,-0.39581,3.90997,-49310.2,-1,9.34166e-11,1,0
0.00514548,-0.253714,-0.0383306,-0.395893,3.91087,-49308,-1,6.14613e-12,1,0
0.00514795,-0.251548,-0.0376537,-0.397682,3.9119,-48863.8,-1,2.88958e-09,1,0
0.0051503,-0.24887,-0.0377419,-0.397016,3.91203,-48321.4,-1,2.88958e-09,1,0
0.00515094,-0.248575,-0.0373664,-0.396924,3.90994,-48258.2,-1,3.91474e-10,1,0
0.00515123,-0.248358,-0.0373478,-0.396952,3.90833,-48213.3,-1,2.70002e-10,1,0
0.00515235,-0.248034,-0.0365366,-0.397406,3.90751,-48139.9,-1,1.07728e-09,1,0
0.00515412,-0.247649,-0.0355536,-0.397458,3.90917,-48048.7,-1,1.1699e-09,1,0
0.00515548,-0.248893,-0.0345695,-0.397653,3.90911,-48277.3,-1,1.1699e-09,1,0
0.00515688,-0.249756,-0.0336456,-0.39748,3.90997,-48431.6,-1,5.5647e-11,1,0
0.00515792,-0.249466,-0.0332028,-0.396909,3.90813,-48365.6,-1,2.72922e-10,1,0
0.00515915,-0.249337,-0.0333448,-0.396716,3.90509,-48329.1,-1,5.70381e-10,1,0
0.00516056,-0.248749,-0.0329722,-0.395938,3.90362,-48201.9,-1,7.46503e-10,1,0
0.0051612,-0.24859,-0.0323921,-0.395525,3.90372,-48165.2,-1,4.6963e-10,1,0
0.00516193,-0.248491,-0.0321111,-0.395144,3.90362,-48139.2,-1,2.19107e-10,1,0
0.00516364,-0.250034,-0.0330207,-0.394244,3.90354,-48422,-1,2.19107e-10,1,0
0.00516523,-0.249796,-0.0323876,-0.393474,3.90371,-48361,-1,1.17981e-09,1,0
0.00516592,-0.250185,-0.0318208,-0.393905,3.90369,-48429.8,-1,1.17981e-09,1,0
0.0051663,-0.250395,-0.0315145,-0.394137,3.90368,-48466.9,-1,1.17981e-09,1,0
0.00516657,-0.250348,-0.0315618,-0.394188,3.90023,-48455.3,-1,1.06575e-11,1,0
0.00516866,-0.250674,-0.0298843,-0.394212,3.89996,-48498.9,-1,5.97493e-10,1,0
0.00516957,-0.251516,-0.0295334,-0.394677,3.89755,-48653.3,-1,1.00323e-09,1,0
0.00517019,-0.251524,-0.0296548,-0.394045,3.89626,-48649,-1,5.85517e-11,1,0
0.00517151,-0.251239,-0.0300285,-0.392896,3.8917,-48581.3,-1,9.75872e-11,1,0
0.00517189,-0.251056,-0.0298034,-0.39292,3.89224,-48542.3,-1,1.16708e-10,1,0
0.00517301,-0.249922,-0.0291568,-0.392988,3.89229,-48312.7,-1,1.16708e-10,1,0
0.0051744,-0.24851,-0.0283517,-0.393072,3.89478,-48026.9,-1,3.25668e-09,1,0
0.00517562,-0.24918,-0.0294494,-0.393562,3.89582,-48145,-1,1.3227e-09,1,0
0.00517654,-0.249309,-0.0295951,-0.394622,3.89581,-48161.4,-1,1.3227e-09,1,0
0.00517776,-0.24948,-0.0297876,-0.396022,3.8958,-48183,-1,1.3227e-09,1,0
0.00517815,-0.249515,-0.0298561,-0.396455,3.895,-48186.2,-1,4.94258e-11,1,0
0.00517864,-0.249122,-0.0300847,-0.396469,3.89201,-48105.6,-1,7.91595e-11,1,0
0.00517917,-0.248672,-0.0297408,-0.396417,3.89162,-48013.8,-1,2.39318e-10,1,0
0.00518035,-0.248035,-0.0295583,-0.395559,3.88797,-47880,-1,7.65014e-10,1,0
0.00518093,-0.248272,-0.0294765,-0.396151,3.88897,-47920.3,-1,2.41749e-10,1,0
0.0051822,-0.248551,-0.0293174,-0.394789,3.88901,-47962.4,-1,7.55794e-10,1,0
0.00518376,-0.248898,-0.0293404,-0.396499,3.88737,-48014.9,-1,1.75288e-10,1,0
0.00518443,-0.248735,-0.029447,-0.395941,3.88634,-47977.3,-1,1.10937e-10,1,0
0.00518527,-0.248761,-0.0294284,-0.396151,3.88656,-47974.5,-1,4.0833e-10,1,0
0.00518631,-0.24807,-0.0285357,-0.396321,3.88729,-47831.7,-1,1.14766e-09,1,0
0.00518645,-0.248107,-0.0285514,-0.396481,3.88729,-47837.6,-1,1.14766e-09,1,0
0.00518683,-0.248495,-0.0284658,-0.396508,3.88651,-47908.9,-1,3.88249e-10,1,0
0.00518799,-0.247562,-0.0276207,-0.396441,3.88649,-47718.2,-1,3.7403e-11,1,0
0.00518919,-0.248506,-0.0277965,-0.397463,3.8873,-47889.2,-1,1.40268e-09,1,0
0.00519054,-0.24862,-0.0286661,-0.397049,3.8866,-47898.7,-1,1.12006e-09,1,0
0.00519187,-0.248283,-0.0292102,-0.398464,3.88662,-47821.5,-1,1.12006e-09,1,0
0.00519252,-0.248275,-0.0296266,-0.398806,3.88463,-47813.9,-1,2.82504e-10,1,0
0.00519318,-0.248114,-0.0295856,-0.398333,3.88386,-47776.8,-1,4.86149e-10,1,0
0.00519454,-0.248913,-0.0293311,-0.398816,3.88526,-47918.2,-1,9.46748e-10,1,0
0.0051957,-0.249463,-0.0296473,-0.400019,3.88523,-48013.3,-1,9.46748e-10,1,0
0.00519646,-0.249709,-0.0303264,-0.400248,3.88263,-48053.8,-1,3.89422e-10,1,0
0.00519689,-0.249366,-0.0303654,-0.399889,3.88267,-47983.8,-1,3.80313e-10,1,0
0.0051981,-0.249454,-0.0295373,-0.398962,3.88201,-47989.5,-1,7.71207e-11,1,0
0.00519873,-0.24919,-0.0290094,-0.39853,3.88218,-47933,-1,5.84085e-10,1,0
0.00519946,-0.248865,-0.0283884,-0.398066,3.87889,-47863.7,-1,9.32179e-12,1,0
0.00520058,-0.249108,-0.0285707,-0.39749,3.87719,-47900,-1,3.64101e-10,1,0
0.00520133,-0.249688,-0.0282096,-0.397283,3.87347,-48004.6,-1,1.41362e-10,1,0
0.00520231,-0.249671,-0.0283887,-0.398412,3.87427,-47992.4,-1,1.14296e-09,1,0
0.00520434,-0.249826,-0.0284564,-0.399238,3.87805,-48003.4,-1,8.52972e-10,1,0
0.00520572,-0.251038,-0.0293921,-0.399699,3.87881,-48223.5,-1,4.97663e-12,1,0
0.0052069,-0.251254,-0.0297304,-0.400367,3.87887,-48254.1,-1,5.19001e-10,1,0
0.00520838,-0.250799,-0.0301816,-0.400984,3.88029,-48153,-1,3.18396e-12,1,0
0.00520928,-0.251283,-0.0307002,-0.400296,3.88013,-48237.5,-1,2.65423e-10,1,0
0.0052106,-0.252647,-0.0311743,-0.399757,3.88006,-48487.1,-1,2.65423e-10,1,0
0.00521117,-0.25299,-0.0314059,-0.399697,3.884,-48547.6,-1,2.03967e-09,1,0
0.00521244,-0.252135,-0.0320911,-0.400694,3.88404,-48371.8,-1,2.03967e-09,1,0
0.00521359,-0.252549,-0.0316602,-0.400588,3.88102,-48440.5,-1,2.03759e-09,1,0
0.00521425,-0.253006,-0.0313462,-0.400347,3.88367,-48521.9,-1,1.13333e-10,1,0
0.0052158,-0.251953,-0.0316845,-0.401188,3.88178,-48305.7,-1,1.17398e-09,1,0
0.00521706,-0.250971,-0.03089,-0.400586,3.8831,-48105.7,-1,1.94307e-10,1,0
0.00521839,-0.250005,-0.0307819,-0.40135,3.88136,-47908.4,-1,3.36567e-10,1,0
0.00521911,-0.250223,-0.031599,-0.401409,3.88134,-47943.6,-1,3.36567e-10,1,0
0.00522044,-0.250636,-0.0326302,-0.401344,3.88091,-48010.5,-1,2.70273e-10,1,0
0.00522131,-0.250319,-0.0320925,-0.401351,3.88015,-47941.8,-1,8.0352e-10,1,0
0.00522302,-0.250599,-0.0317574,-0.402445,3.87852,-47979.7,-1,1.29395e-09,1,0
0.00522449,-0.250877,-0.0329196,-0.403691,3.88185,-48019.4,-1,1.72626e-09,1,0
0.00522501,-0.251007,-0.0331077,-0.403289,3.8822,-48039.5,-1,4.72957e-10,1,0
0.00522628,-0.250275,-0.0337891,-0.403363,3.87927,-47887.8,-1,7.00075e-10,1,0
0.00522799,-0.250358,-0.0321436,-0.403829,3.88359,-47888,-1,2.27041e-10,1,0
0.00522993,-0.25002,-0.030142,-0.403573,3.88576,-47805.6,-1,1.17972e-09,1,0
0.00523071,-0.25006,-0.0309718,-0.40318,3.88428,-47806.1,-1,9.19212e-10,1,0
0.00523172,-0.250416,-0.0308521,-0.403853,3.88216,-47864.9,-1,9.49435e-10,1,0
0.00523304,-0.249644,-0.0308285,-0.402524,3.88126,-47705.3,-1,1.55909e-09,1,0
0.00523399,-0.249406,-0.0305636,-0.402388,3.879,-47651.3,-1,7.11488e-10,1,0
0.00523493,-0.248848,-0.0310258,-0.403141,3.87887,-47536.1,-1,6.26871e-10,1,0
0.0052366,-0.247679,-0.030916,-0.403698,3.87944,-47297.8,-1,7.53143e-10,1,0
0.00523749,-0.247894,-0.0301496,-0.403513,3.87866,-47330.7,-1,9.12802e-10,1,0
0.00523831,-0.248762,-0.0298159,-0.403368,3.87908,-47488.9,-1,8.92129e-10,1,0
0.00523927,-0.249726,-0.0300461,-0.40337,3.87953,-47664.3,-1,1.0516e-09,1,0
0.00524102,-0.249485,-0.0299426,-0.403091,3.87719,-47602.4,-1,4.60113e-10,1,0
0.0052412,-0.249652,-0.0299106,-0.402965,3.87719,-47632.6,-1,4.60113e-10,1,0
0.00524233,-0.249762,-0.0298272,-0.402497,3.88052,-47643.3,-1,6.02076e-10,1,0
0.00524406,-0.249783,-0.0285159,-0.403456,3.87937,-47631.7,-1,3.54206e-10,1,0
0.00524578,-0.24835,-0.0281767,-0.402087,3.87883,-47342.9,-1,2.01089e-09,1,0
0.00524633,-0.248174,-0.0276071,-0.402242,3.87974,-47304.3,-1,2.33322e-11,1,0
0.00524672,-0.248059,-0.0271824,-0.402364,3.87975,-47278.8,-1,2.33322e-11,1,0
0.0052471,-0.247797,-0.0272334,-0.40242,3.88152,-47225.5,-1,2.94456e-10,1,0
0.00524793,-0.248511,-0.0275449,-0.402366,3.88159,-47354.2,-1,2.9593e-10,1,0
0.00524883,-0.248859,-0.0280028,-0.402518,3.8887,-47412.3,-1,2.81048e-10,1,0
0.00524995,-0.249077,-0.0277014,-0.403473,3.89102,-47443.7,-1,8.20956e-10,1,0
0.00525035,-0.24915,-0.0276638,-0.403583,3.89345,-47454,-1,2.19489e-10,1,0
0.00525074,-0.249424,-0.0275358,-0.403616,3.89432,-47502.7,-1,6.3435e-11,1,0
0.00525113,-0.249101,-0.0275415,-0.403388,3.895,-47437.6,-1,1.65235e-10,1,0
0.00525248,-0.249777,-0.0284543,-0.403795,3.89467,-47554.1,-1,4.16249e-10,1,0
0.00525335,-0.249696,-0.0281708,-0.403341,3.89342,-47530.8,-1,1.40728e-09,1,0
0.00525388,-0.24989,-0.0279972,-0.402869,3.89362,-47562.9,-1,1.02042e-09,1,0
0.00525536,-0.251008,-0.0279468,-0.401541,3.89356,-47762.2,-1,1.02042e-09,1,0
0.0052565,-0.251845,-0.0276065,-0.400769,3.89201,-47911.2,-1,3.18978e-10,1,0
0.00525732,-0.252169,-0.0275369,-0.400573,3.8906,-47965.4,-1,8.46081e-10,1,0
0.00525835,-0.252678,-0.0285193,-0.401062,3.89057,-48052.7,-1,8.46081e-10,1,0
0.00525956,-0.253272,-0.0296672,-0.401634,3.89054,-48154.6,-1,8.46081e-10,1,0
0.00526037,-0.253889,-0.0300501,-0.40183,3.89073,-48264.5,-1,3.88224e-10,1,0
0.00526197,-0.254857,-0.030342,-0.401106,3.89146,-48433.6,-1,6.20425e-10,1,0
0.00526293,-0.254102,-0.0311463,-0.401265,3.8915,-48281.5,-1,6.20425e-10,1,0
0.00526354,-0.253519,-0.0314915,-0.401464,3.89176,-48165.1,-1,5.57187e-10,1,0
0.00526398,-0.253385,-0.0311159,-0.401656,3.89189,-48135.6,-1,4.36604e-10,1,0
0.005265,-0.253474,-0.0309951,-0.400846,3.8914,-48143.2,-1,5.86632e-10,1,0
0.00526521,-0.253401,-0.0311557,-0.400848,3.8905,-48127.4,-1,1.78062e-10,1,0
0.00526719,-0.254014,-0.0308419,-0.399325,3.88936,-48225.7,-1,9.11697e-10,1,0
0.00526795,-0.254304,-0.0303133,-0.399691,3.89006,-48273.9,-1,7.57731e-10,1,0
0.0052686,-0.253832,-0.0305713,-0.399769,3.89156,-48178.2,-1,3.53521e-10,1,0
0.00526982,-0.252862,-0.0313306,-0.400421,3.89143,-47983,-1,3.26379e-10,1,0
0.00527103,-0.252032,-0.0309841,-0.401059,3.89182,-47814.4,-1,1.12755e-09,1,0
0.00527252,-0.252502,-0.0295867,-0.400855,3.891,-47890.3,-1,1.84236e-09,1,0
0.00527367,-0.253458,-0.0302144,-0.401456,3.89133,-48061.1,-1,1.6472e-11,1,0
0.0052742,-0.253804,-0.0304658,-0.401825,3.89282,-48121.8,-1,8.28268e-10,1,0
0.00527462,-0.25416,-0.0307378,-0.401861,3.89174,-48185.4,-1,1.77233e-10,1,0
0.00527532,-0.254551,-0.030765,-0.402205,3.89062,-48253.2,-1,9.67263e-11,1,0
0.00527568,-0.254788,-0.0309664,-0.402232,3.89246,-48294.8,-1,1.02314e-10,1,0
0.00527572,-0.254763,-0.0309267,-0.402241,3.89152,-48289.7,-1,4.9874e-11,1,0
0.00527683,-0.254633,-0.0298787,-0.402124,3.89173,-48254.9,-1,3.08798e-10,1,0
0.00527776,-0.25466,-0.0298851,-0.401093,3.89083,-48251.4,-1,1.74937e-10,1,0
0.00527912,-0.254138,-0.0287234,-0.400926,3.89095,-48140.3,-1,1.2241e-09,1,0
0.00528045,-0.253221,-0.0274945,-0.400866,3.89108,-47954.4,-1,1.19368e-09,1,0
0.00528146,-0.252414,-0.0272715,-0.400243,3.89166,-47792.4,-1,3.28654e-10,1,0
0.0052821,-0.25247,-0.0269465,-0.400385,3.89268,-47797.2,-1,1.52592e-10,1,0
0.00528269,-0.252694,-0.0263678,-0.400534,3.89335,-47834.3,-1,8.28474e-11,1,0
0.00528381,-0.253161,-0.0252218,-0.400467,3.88879,-47912.7,-1,4.13195e-10,1,0
0.0052846,-0.253596,-0.0255227,-0.401208,3.88866,-47987.8,-1,7.80214e-10,1,0
0.00528558,-0.253537,-0.0250999,-0.402275,3.88866,-47967.6,-1,1.17285e-09,1,0
0.00528667,-0.254109,-0.0249446,-0.403003,3.88804,-48066,-1,7.73681e-10,1,0
0.00528819,-0.255775,-0.0252572,-0.402772,3.8907,-48367.2,-1,8.65916e-10,1,0
0.00528879,-0.256011,-0.0246327,-0.402841,3.89092,-48406.3,-1,4.67165e-10,1,0
0.00529065,-0.256553,-0.0237707,-0.402753,3.88686,-48491.8,-1,6.84927e-10,1,0
0.00529149,-0.256378,-0.0229504,-0.402423,3.88595,-48451,-1,1.76011e-09,1,0
0.00529311,-0.255196,-0.0243082,-0.403011,3.88601,-48212.9,-1,1.76011e-09,1,0
0.00529433,-0.25423,-0.0240081,-0.402201,3.88609,-48019.4,-1,1.28779e-09,1,0
0.00529583,-0.254848,-0.0243653,-0.403388,3.88355,-48122.3,-1,5.84778e-10,1,0
0.00529695,-0.254788,-0.02452,-0.403647,3.88152,-48100.9,-1,5.14045e-10,1,0
0.00529763,-0.254297,-0.0246946,-0.403472,3.88227,-48002,-1,1.06546e-10,1,0
0.00529858,-0.253555,-0.0249061,-0.402766,3.88155,-47853.4,-1,3.7999e-10,1,0
0.0052993,-0.253053,-0.0254053,-0.402476,3.88032,-47752.1,-1,9.68993e-10,1,0
0.00530018,-0.253276,-0.0250422,-0.402479,3.88059,-47786.3,-1,1.90647e-10,1,0
0.00530229,-0.254472,-0.0253454,-0.402099,3.88156,-47992.9,-1,1.5222e-09,1,0
0.00530341,-0.254951,-0.0256602,-0.402107,3.88257,-48073,-1,7.31259e-10,1,0
0.0053047,-0.255772,-0.026038,-0.401919,3.88255,-48216.1,-1,6.39176e-10,1,0
0.0053053,-0.256376,-0.0260486,-0.402171,3.88154,-48324.5,-1,4.42503e-10,1,0
0.005306,-0.25666,-0.0265592,-0.402399,3.88238,-48371.6,-1,3.69777e-10,1,0
0.00530729,-0.256979,-0.0270004,-0.40371,3.88071,-48420,-1,1.35106e-09,1,0
0.00530848,-0.257347,-0.0271101,-0.405004,3.88017,-48478.4,-1,1.36425e-09,1,0
0.00530985,-0.257576,-0.0260545,-0.404066,3.88027,-48509.1,-1,3.42978e-10,1,0
0.00531082,-0.257676,-0.0264271,-0.404038,3.87873,-48519,-1,4.90397e-10,1,0
0.00531327,-0.258147,-0.026764,-0.404598,3.8807,-48585.3,-1,1.28392e-09,1,0
0.00531452,-0.256805,-0.0265247,-0.404187,3.88122,-48321.5,-1,1.76997e-11,1,0
0.00531543,-0.255912,-0.0263916,-0.40417,3.88219,-48145,-1,2.56772e-10,1,0
0.00531646,-0.256777,-0.0267235,-0.403743,3.88167,-48298.4,-1,8.08263e-10,1,0
0.00531803,-0.255871,-0.0270056,-0.404947,3.8805,-48113.8,-1,5.46842e-10,1,0
0.00531936,-0.255182,-0.0270808,-0.403786,3.87795,-47972.3,-1,1.3357e-09,1,0
0.005321,-0.256011,-0.0264918,-0.402857,3.87628,-48113.3,-1,1.44112e-09,1,0
0.00532286,-0.254483,-0.0252636,-0.403158,3.87727,-47809.5,-1,1.14407e-09,1,0
0.00532352,-0.253967,-0.0247856,-0.403469,3.87879,-47706.5,-1,2.28143e-09,1,0
0.00532501,-0.254182,-0.0256628,-0.403692,3.87438,-47733.6,-1,5.9512e-10,1,0
0.00532657,-0.254607,-0.0262631,-0.403762,3.87415,-47799.4,-1,2.04842e-09,1,0
0.00532825,-0.255082,-0.0244683,-0.404318,3.87276,-47873.5,-1,2.58002e-10,1,0
0.00532936,-0.254018,-0.02497,-0.403772,3.87282,-47663.9,-1,2.58002e-10,1,0
0.00533162,-0.251858,-0.0259889,-0.402664,3.87292,-47238.5,-1,2.58002e-10,1,0
0.00533281,-0.251563,-0.0255991,-0.402662,3.87507,-47172.7,-1,4.17697e-10,1,0
0.00533392,-0.25071,-0.0246911,-0.402302,3.87486,-47003,-1,1.29665e-09,1,0
0.00533493,-0.251785,-0.0246684,-0.402788,3.87481,-47195.5,-1,1.29665e-09,1,0
0.00533562,-0.251634,-0.0241792,-0.402705,3.8763,-47161.2,-1,1.38204e-09,1,0
0.00533628,-0.25108,-0.0238162,-0.402703,3.87567,-47051.6,-1,3.44554e-10,1,0
0.00533693,-0.251111,-0.0236987,-0.402568,3.87446,-47051.5,-1,4.41264e-10,1,0
0.00533751,-0.250619,-0.0238475,-0.402209,3.87178,-46954.2,-1,5.24493e-10,1,0
0.00533906,-0.249076,-0.0240188,-0.40287,3.8743,-46651.6,-1,1.82232e-10,1,0
0.00534072,-0.249516,-0.024451,-0.40469,3.87414,-46719.5,-1,6.45243e-10,1,0
0.00534167,-0.250361,-0.024922,-0.404134,3.8741,-46869.5,-1,6.45243e-10,1,0
0.00534281,-0.249966,-0.0246272,-0.403671,3.87269,-46785.5,-1,1.54707e-09,1,0
0.00534437,-0.248501,-0.0236595,-0.403166,3.87356,-46497.7,-1,2.7263e-09,1,0
0.00534516,-0.248747,-0.0239243,-0.403192,3.87452,-46536.9,-1,3.69298e-10,1,0
0.00534593,-0.248105,-0.0245149,-0.403004,3.87273,-46410.2,-1,1.04615e-09,1,0
0.00534782,-0.248156,-0.0229512,-0.40414,3.87433,-46403.2,-1,1.18802e-09,1,0
0.00534977,-0.247069,-0.0217427,-0.404477,3.87412,-46183.2,-1,1.14136e-09,1,0
0.00535066,-0.247628,-0.0216415,-0.403978,3.87587,-46279.8,-1,8.76601e-10,1,0
0.00535212,-0.247136,-0.0213027,-0.40492,3.87833,-46175.3,-1,1.28371e-09,1,0
0.00535335,-0.248341,-0.0220873,-0.404992,3.88016,-46389.8,-1,1.63577e-09,1,0
0.00535509,-0.246401,-0.0217877,-0.405506,3.87986,-46012.5,-1,2.0293e-09,1,0
0.00535566,-0.246325,-0.0215577,-0.405308,3.88241,-45993.4,-1,2.54268e-10,1,0
0.00535628,-0.246437,-0.0214087,-0.40579,3.88046,-46009,-1,1.38422e-11,1,0
0.00535714,-0.246717,-0.0220319,-0.406535,3.88044,-46053.8,-1,1.38422e-11,1,0
0.00535816,-0.246928,-0.0221125,-0.407104,3.88186,-46084.5,-1,2.08986e-09,1,0
0.00535901,-0.247169,-0.0218381,-0.406929,3.88398,-46122.2,-1,4.25807e-10,1,0
0.00536118,-0.248043,-0.0211028,-0.409196,3.88278,-46266.4,-1,2.53835e-09,1,0
0.00536288,-0.246838,-0.0226839,-0.409214,3.88391,-46027.2,-1,1.98768e-09,1,0
0.00536356,-0.246234,-0.0225408,-0.409697,3.88394,-45908.6,-1,1.98768e-09,1,0
0.00536431,-0.245576,-0.0224347,-0.410165,3.88146,-45779.6,-1,2.87344e-11,1,0
0.00536509,-0.245841,-0.0218704,-0.409751,3.8803,-45822.3,-1,7.65957e-10,1,0
0.00536577,-0.246182,-0.0225117,-0.409448,3.87998,-45880.1,-1,7.86664e-10,1,0
0.00536655,-0.245569,-0.0222253,-0.409573,3.87887,-45759.1,-1,5.83882e-10,1,0
0.00536778,-0.246414,-0.0224606,-0.408848,3.88148,-45906.2,-1,1.21031e-09,1,0
0.00536939,-0.245767,-0.0229989,-0.407852,3.88125,-45771.8,-1,1.19413e-09,1,0
0.00537066,-0.246128,-0.0235033,-0.407699,3.88081,-45828.3,-1,1.85323e-09,1,0
0.00537179,-0.246555,-0.0227359,-0.408523,3.88199,-45898.1,-1,1.24158e-10,1,0
0.00537206,-0.246291,-0.0228681,-0.408452,3.88173,-45846.7,-1,3.72201e-11,1,0
0.00537432,-0.245041,-0.0225391,-0.409113,3.87957,-45594.9,-1,1.28306e-09,1,0
0.00537515,-0.244371,-0.0226531,-0.409058,3.8777,-45463.1,-1,1.86401e-10,1,0
0.00537651,-0.245521,-0.0228251,-0.408899,3.87679,-45665.4,-1,1.30996e-09,1,0
0.00537714,-0.245259,-0.0232916,-0.409387,3.87573,-45611.4,-1,7.22927e-11,1,0
0.00537888,-0.244878,-0.024929,-0.408626,3.87511,-45525.7,-1,1.28351e-09,1,0
0.00538008,-0.245594,-0.0261043,-0.408376,3.87508,-45648.8,-1,1.28351e-09,1,0
0.00538103,-0.246057,-0.0264641,-0.407913,3.87411,-45726.7,-1,2.91725e-10,1,0
0.00538194,-0.245925,-0.0266948,-0.407279,3.87491,-45694.5,-1,6.29074e-10,1,0
0.00538305,-0.246218,-0.0263936,-0.406062,3.8741,-45739.4,-1,1.13873e-09,1,0
0.00538481,-0.247249,-0.0280358,-0.406728,3.87405,-45915.9,-1,1.13873e-09,1,0
0.00538519,-0.247215,-0.0282427,-0.406709,3.8757,-45906.4,-1,1.22195e-10,1,0
0.0053857,-0.247178,-0.0285811,-0.406328,3.87541,-45895.2,-1,2.14243e-10,1,0
0.00538634,-0.247404,-0.0290638,-0.406312,3.87711,-45931.7,-1,2.20121e-10,1,0
0.00538707,-0.247817,-0.0284066,-0.406293,3.8761,-46002.2,-1,6.09745e-11,1,0
0.00538811,-0.247723,-0.0282142,-0.405096,3.87624,-45975.8,-1,1.21583e-09,1,0
0.00538979,-0.247628,-0.0264742,-0.405948,3.8726,-45943.9,-1,8.91239e-10,1,0
0.00539196,-0.24703,-0.0282201,-0.404218,3.87263,-45814.4,-1,8.91239e-10,1,0
0.00539264,-0.246849,-0.0277838,-0.404509,3.87161,-45775.2,-1,1.32212e-10,1,0
0.00539434,-0.246339,-0.0264076,-0.405856,3.87164,-45666.2,-1,1.32212e-10,1,0
0.00539521,-0.245958,-0.0257645,-0.406465,3.8719,-45588.2,-1,3.45363e-09,1,0
0.00539587,-0.245285,-0.0254656,-0.406678,3.872,-45458,-1,9.6072e-10,1,0
0.00539716,-0.244459,-0.0262151,-0.407633,3.87156,-45294.1,-1,4.75057e-10,1,0
0.00539788,-0.244224,-0.0256654,-0.407042,3.87335,-45244.4,-1,8.40739e-10,1,0
0.00539958,-0.243623,-0.0271178,-0.40826,3.87338,-45118.8,-1,8.40739e-10,1,0
0.00540046,-0.243522,-0.0277114,-0.408686,3.87674,-45092.9,-1,1.80367e-10,1,0
0.00540158,-0.243423,-0.0287262,-0.409187,3.87593,-45065.2,-1,7.628e-10,1,0
0.00540316,-0.244441,-0.0289794,-0.408281,3.87596,-45240.3,-1,1.14461e-09,1,0
0.00540373,-0.243968,-0.028587,-0.408323,3.87526,-45148,-1,5.83922e-10,1,0
0.00540623,-0.244801,-0.0259211,-0.40916,3.87514,-45281.2,-1,2.91557e-09,1,0
0.0054081,-0.243682,-0.0277695,-0.409533,3.87386,-45058.7,-1,2.19256e-09,1,0
0.00540876,-0.243362,-0.02753,-0.409065,3.87381,-44994.2,-1,1.34679e-10,1,0
0.00540984,-0.242362,-0.0274457,-0.408299,3.87381,-44800.1,-1,1.22119e-09,1,0
0.00541049,-0.241874,-0.0270146,-0.407908,3.87285,-44704.6,-1,8.08221e-10,1,0
0.00541158,-0.241901,-0.0274669,-0.407257,3.8722,-44700.6,-1,3.38768e-10,1,0
0.00541299,-0.243039,-0.027477,-0.406059,3.87214,-44899.3,-1,7.87926e-10,1,0
0.00541351,-0.243269,-0.0276946,-0.405671,3.87126,-44937.4,-1,2.40831e-10,1,0
0.00541426,-0.243468,-0.0274798,-0.404923,3.87353,-44968,-1,1.95663e-10,1,0
0.0054149,-0.24311,-0.0272608,-0.404433,3.87528,-44896.4,-1,6.20147e-10,1,0
0.00541519,-0.243165,-0.0270421,-0.404357,3.87208,-44904.3,-1,5.82568e-11,1,0
0.00541639,-0.242555,-0.0276266,-0.403699,3.87265,-44781.6,-1,5.85404e-10,1,0
0.00541745,-0.243131,-0.0279913,-0.403427,3.87095,-44879.2,-1,8.3914e-10,1,0
0.00541814,-0.242973,-0.0274543,-0.403576,3.86993,-44844.3,-1,6.13874e-12,1,0
0.0054189,-0.243063,-0.0277001,-0.403366,3.87244,-44854.7,-1,5.37033e-10,1,0
0.00541987,-0.24368,-0.0271443,-0.403399,3.8725,-44960.6,-1,8.48389e-10,1,0
0.00542048,-0.243042,-0.0271292,-0.403086,3.87253,-44837.7,-1,8.48389e-10,1,0
0.00542089,-0.242912,-0.0269061,-0.402972,3.87036,-44810.4,-1,9.5435e-10,1,0
0.00542145,-0.242877,-0.0274396,-0.402954,3.86996,-44799.3,-1,2.96272e-10,1,0
0.00542194,-0.242914,-0.0275246,-0.403363,3.87008,-44802,-1,4.3815e-11,1,0
0.00542332,-0.242857,-0.0280789,-0.403483,3.86634,-44780.2,-1,3.15887e-10,1,0
0.00542489,-0.242517,-0.0270844,-0.404987,3.86773,-44704.4,-1,1.56924e-09,1,0
0.00542635,-0.24245,-0.0287031,-0.404458,3.86773,-44680.2,-1,1.56924e-09,1,0
0.00542702,-0.242138,-0.0285531,-0.403867,3.86806,-44617.1,-1,7.06747e-10,1,0
0.00542724,-0.242278,-0.0283941,-0.403951,3.86665,-44641,-1,2.34766e-11,1,0
0.00542794,-0.242782,-0.0278602,-0.404311,3.86743,-44728.1,-1,1.05891e-09,1,0
0.00542938,-0.242969,-0.0262974,-0.403751,3.86746,-44750.7,-1,8.33206e-11,1,0
0.00542974,-0.243273,-0.0261301,-0.403801,3.86729,-44803.8,-1,3.12613e-10,1,0
0.00543079,-0.24363,-0.0269263,-0.403237,3.86749,-44860.9,-1,6.22979e-10,1,0
0.00543201,-0.242554,-0.0278344,-0.403094,3.86755,-44652.8,-1,6.22979e-10,1,0
0.00543292,-0.24241,-0.02841,-0.402346,3.86644,-44618.8,-1,1.84972e-09,1,0
0.00543403,-0.242442,-0.0290209,-0.401698,3.86807,-44615.6,-1,1.8936e-09,1,0
0.00543514,-0.241784,-0.0279212,-0.401689,3.86974,-44485.4,-1,7.52983e-13,1,0
0.00543596,-0.24131,-0.027399,-0.402345,3.86897,-44391.4,-1,9.63798e-10,1,0
0.00543737,-0.241949,-0.0276533,-0.403597,3.86638,-44497.4,-1,3.81531e-10,1,0
0.00543829,-0.241512,-0.0280268,-0.404402,3.86452,-44409.5,-1,5.46064e-10,1,0
0.00543994,-0.240545,-0.0265065,-0.403711,3.86457,-44218.4,-1,5.46064e-10,1,0
0.0054404,-0.240278,-0.0260858,-0.40352,3.86442,-44165.5,-1,2.46334e-09,1,0
0.00544118,-0.240096,-0.0256736,-0.40296,3.86369,-44125.7,-1,6.10859e-10,1,0
0.00544185,-0.240417,-0.0256703,-0.402724,3.86163,-44179.3,-1,3.11616e-10,1,0
0.00544234,-0.240561,-0.0251487,-0.402566,3.86092,-44201.8,-1,5.63768e-10,1,0
0.00544438,-0.240473,-0.0257006,-0.4022,3.85643,-44169,-1,1.29201e-09,1,0
0.00544484,-0.240792,-0.0255866,-0.402213,3.85896,-44223.9,-1,2.08184e-10,1,0
0.00544529,-0.240445,-0.0252587,-0.402421,3.85897,-44156.6,-1,2.08184e-10,1,0
0.00544689,-0.23902,-0.0247611,-0.402627,3.86057,-43882,-1,7.52774e-10,1,0
0.00544823,-0.239603,-0.0246346,-0.402855,3.86029,-43978.1,-1,9.58277e-10,1,0
0.00544922,-0.239237,-0.0249724,-0.402013,3.86267,-43903,-1,1.91133e-10,1,0
0.00545097,-0.23817,-0.0254232,-0.400327,3.86272,-43693.2,-1,1.91133e-10,1,0
0.00545327,-0.23809,-0.0254378,-0.400269,3.86144,-43660,-1,1.29226e-09,1,0
0.00545388,-0.2377,-0.0257412,-0.400579,3.86148,-43583.6,-1,2.78756e-10,1,0
0.00545395,-0.237676,-0.0257867,-0.400635,3.86062,-43578.8,-1,4.21355e-10,1,0
0.00545492,-0.237011,-0.0262584,-0.401241,3.85854,-43449.1,-1,4.30928e-10,1,0
0.00545641,-0.236737,-0.0270783,-0.400862,3.86002,-43386.9,-1,5.82598e-10,1,0
0.00545832,-0.235354,-0.0283554,-0.399671,3.86008,-43118.5,-1,5.82598e-10,1,0
0.00546006,-0.234094,-0.0295195,-0.398585,3.85996,-42874,-1,4.9077e-09,1,0
0.00546091,-0.233482,-0.0294109,-0.399238,3.86172,-42755.1,-1,4.49031e-10,1,0
0.00546201,-0.233945,-0.0299814,-0.398376,3.86304,-42831.4,-1,4.59359e-10,1,0
0.00546247,-0.233672,-0.0303043,-0.39804,3.86306,-42777.8,-1,4.59359e-10,1,0
0.00546368,-0.233474,-0.0312667,-0.397435,3.86233,-42732.1,-1,1.7146e-10,1,0
0.00546418,-0.232905,-0.0312896,-0.397309,3.86159,-42623.9,-1,5.85038e-10,1,0
0.00546536,-0.233701,-0.0316427,-0.398371,3.86234,-42760.4,-1,1.37314e-09,1,0
0.00546666,-0.234279,-0.0306404,-0.397503,3.86141,-42856,-1,5.49474e-10,1,0
0.00546755,-0.23375,-0.0299163,-0.396987,3.86144,-42752.3,-1,5.49474e-10,1,0
0.00546847,-0.233176,-0.0291249,-0.397325,3.86064,-42640,-1,1.14353e-09,1,0
0.00547049,-0.231912,-0.0273828,-0.398279,3.8607,-42393.2,-1,1.14353e-09,1,0
0.00547217,-0.230232,-0.0269839,-0.398812,3.86144,-42073.3,-1,3.83957e-09,1,0
0.00547323,-0.229019,-0.0269707,-0.399092,3.8615,-41843.5,-1,3.83957e-09,1,0
0.00547397,-0.228567,-0.0269055,-0.398983,3.8642,-41755.1,-1,3.27087e-09,1,0
0.00547477,-0.228972,-0.0267073,-0.398174,3.86418,-41823.1,-1,3.27087e-09,1,0
0.00547598,-0.228706,-0.026301,-0.397273,3.86306,-41765.4,-1,7.09066e-10,1,0
0.00547669,-0.228911,-0.0268103,-0.397072,3.86568,-41797.3,-1,4.54041e-10,1,0
0.00547719,-0.228614,-0.0271227,-0.397138,3.8705,-41739.4,-1,4.56988e-10,1,0
0.00547827,-0.2283,-0.0266291,-0.396847,3.87183,-41673.7,-1,6.21596e-10,1,0
0.00548015,-0.226164,-0.0267064,-0.396361,3.87194,-41269.6,-1,6.21596e-10,1,0
0.00548095,-0.225313,-0.026799,-0.396253,3.87385,-41108.3,-1,2.95908e-10,1,0
0.00548289,-0.225053,-0.0275317,-0.394842,3.87362,-41046.4,-1,1.56327e-09,1,0
0.00548414,-0.223944,-0.0275163,-0.393895,3.87368,-40834.8,-1,1.56327e-09,1,0
0.00548488,-0.223302,-0.0275037,-0.393318,3.87238,-40712.4,-1,5.32397e-11,1,0
0.00548565,-0.223322,-0.0269795,-0.393151,3.87285,-40710.3,-1,7.0191e-10,1,0
0.0054863,-0.223722,-0.0270762,-0.393602,3.87145,-40778.3,-1,3.40297e-10,1,0
0.00548674,-0.223732,-0.027489,-0.39364,3.86863,-40776.8,-1,4.1558e-10,1,0
0.00548783,-0.224947,-0.0271471,-0.393843,3.87168,-40990.1,-1,1.27869e-09,1,0
0.00548955,-0.22439,-0.0271722,-0.394008,3.86711,-40875.8,-1,9.91959e-10,1,0
0.00549148,-0.22431,-0.0286522,-0.393914,3.86399,-40846.8,-1,1.2834e-09,1,0
0.00549404,-0.22498,-0.0303133,-0.394062,3.86079,-40949.9,-1,1.29241e-09,1,0
0.00549447,-0.225111,-0.0304797,-0.39438,3.8607,-40970.5,-1,1.73551e-10,1,0
0.00549506,-0.225354,-0.0310119,-0.394026,3.85955,-41010.3,-1,7.84863e-10,1,0
0.00549556,-0.225479,-0.0306829,-0.393911,3.85856,-41029.3,-1,2.69158e-10,1,0
0.00549589,-0.225522,-0.0308418,-0.393802,3.85809,-41034.7,-1,1.43863e-10,1,0
0.00549649,-0.225533,-0.0313112,-0.393879,3.85515,-41032.1,-1,5.65027e-10,1,0
0.00549863,-0.225604,-0.0319066,-0.392965,3.85023,-41029.2,-1,1.29195e-09,1,0
0.00549995,-0.225089,-0.0313364,-0.39425,3.85034,-40925.6,-1,1.48908e-09,1,0
0.0055005,-0.225363,-0.0315331,-0.394668,3.85103,-40971.4,-1,3.95369e-10,1,0
0.00550178,-0.225312,-0.0324767,-0.395833,3.85103,-40952.5,-1,3.95369e-10,1,0
0.00550369,-0.225463,-0.0328015,-0.396073,3.85029,-40965.7,-1,9.27233e-10,1,0
0.00550491,-0.225592,-0.0341825,-0.396399,3.85023,-40980.1,-1,1.42475e-09,1,0
0.00550501,-0.2256,-0.0340893,-0.396393,3.85052,-40980.9,-1,8.87878e-12,1,0
0.00550568,-0.225886,-0.0335119,-0.396222,3.84668,-41027.9,-1,4.92035e-12,1,0
0.00550728,-0.226927,-0.0330606,-0.395166,3.84831,-41204.9,-1,1.42804e-09,1,0
0.00550796,-0.227132,-0.0336615,-0.394731,3.84856,-41237,-1,9.10647e-11,1,0
0.0055095,-0.227385,-0.0326616,-0.395331,3.84892,-41271.4,-1,1.29229e-09,1,0
0.00551008,-0.227302,-0.0330395,-0.395647,3.84754,-41252,-1,4.94452e-10,1,0
0.00551101,-0.226826,-0.0333578,-0.396577,3.8477,-41158.7,-1,1.113e-09,1,0
0.00551224,-0.226251,-0.0337213,-0.397837,3.84773,-41045.2,-1,1.113e-09,1,0
0.00551355,-0.2257,-0.0334508,-0.398665,3.84478,-40935.5,-1,1.1804e-10,1,0
0.00551434,-0.225535,-0.0334961,-0.39887,3.84582,-40899.7,-1,1.6599e-10,1,0
0.00551602,-0.225289,-0.0326834,-0.399314,3.84577,-40842.6,-1,1.69023e-09,1,0
0.00551655,-0.224903,-0.0326536,-0.398999,3.8445,-40768.7,-1,2.82492e-10,1,0
0.00551703,-0.224782,-0.0323729,-0.398534,3.8445,-40743.4,-1,2.82492e-10,1,0
0.00551735,-0.224702,-0.032185,-0.398222,3.84365,-40726.4,-1,1.07328e-09,1,0
0.00551809,-0.224155,-0.0328006,-0.398447,3.84341,-40621.9,-1,8.53368e-10,1,0
0.00551931,-0.22281,-0.0327658,-0.398495,3.8436,-40369.1,-1,1.34419e-09,1,0
0.00552127,-0.223519,-0.0321394,-0.399341,3.84428,-40483.2,-1,5.06242e-10,1,0
0.00552191,-0.223263,-0.0318632,-0.399294,3.84289,-40432.3,-1,6.7822e-10,1,0
0.0055235,-0.222175,-0.0305523,-0.399205,3.84213,-40223.6,-1,5.5995e-10,1,0
0.00552503,-0.221215,-0.0309826,-0.399635,3.84283,-40038.7,-1,1.02964e-10,1,0
0.00552603,-0.220135,-0.0314056,-0.399627,3.84179,-39836,-1,2.44334e-09,1,0
0.00552669,-0.219782,-0.0320724,-0.399761,3.84318,-39767.3,-1,7.66537e-10,1,0
0.0055277,-0.220465,-0.0325122,-0.400514,3.84223,-39883.7,-1,9.89049e-10,1,0
0.00552851,-0.22052,-0.031919,-0.400171,3.84272,-39887.7,-1,6.5765e-10,1,0
0.00552913,-0.220531,-0.0325912,-0.399921,3.84296,-39885.3,-1,7.17143e-10,1,0
0.00553107,-0.221423,-0.0320229,-0.401666,3.8445,-40032.5,-1,1.91969e-09,1,0
0.00553237,-0.221241,-0.0314077,-0.40239,3.84378,-39990.3,-1,9.61284e-10,1,0
0.00553257,-0.221338,-0.0312361,-0.40231,3.84418,-40006.4,-1,4.58187e-11,1,0
0.00553384,-0.222254,-0.0320796,-0.402479,3.84294,-40162.7,-1,1.06793e-09,1,0
0.00553531,-0.223177,-0.0328094,-0.401284,3.84149,-40318.8,-1,7.28275e-11,1,0
0.00553631,-0.222752,-0.0331246,-0.402256,3.84222,-40234.7,-1,1.01162e-09,1,0
0.00553793,-0.22274,-0.032377,-0.403514,3.84017,-40220.8,-1,1.55916e-10,1,0
0.00553967,-0.222474,-0.03196,-0.401724,3.83937,-40160.2,-1,2.02112e-10,1,0
0.00554021,-0.222852,-0.0316032,-0.402088,3.83889,-40224.4,-1,6.34834e-10,1,0
0.00554074,-0.222645,-0.0310789,-0.402051,3.83843,-40183.3,-1,7.22454e-11,1,0
0.00554177,-0.222428,-0.0316173,-0.402324,3.83796,-40136.6,-1,6.90146e-10,1,0
0.00554306,-0.221984,-0.0319414,-0.402392,3.83674,-40047.3,-1,1.69706e-10,1,0
0.0055437,-0.222376,-0.0322373,-0.401848,3.83652,-40113.4,-1,7.08248e-10,1,0
0.00554498,-0.221665,-0.0317217,-0.400885,3.83478,-39975.9,-1,3.31362e-10,1,0
0.0055461,-0.220733,-0.0312702,-0.400093,3.83483,-39799.6,-1,3.31362e-10,1,0
0.00554797,-0.21972,-0.0317413,-0.398772,3.83383,-39603.6,-1,1.10325e-09,1,0
0.00554895,-0.219595,-0.0306134,-0.398642,3.83397,-39574.1,-1,1.14213e-09,1,0
0.00555004,-0.219345,-0.0307835,-0.397688,3.83616,-39521.3,-1,1.00146e-09,1,0
0.00555061,-0.219416,-0.0307016,-0.398261,3.83772,-39530,-1,5.97967e-10,1,0
0.00555114,-0.219599,-0.0312921,-0.39819,3.83839,-39559.3,-1,6.80079e-10,1,0
0.00555225,-0.220585,-0.0311504,-0.397379,3.83834,-39728.9,-1,6.80079e-10,1,0
0.00555284,-0.221113,-0.0310745,-0.396944,3.83897,-39819.8,-1,1.97322e-09,1,0
0.00555464,-0.221267,-0.0298483,-0.396629,3.83866,-39834.7,-1,1.29266e-09,1,0
0.0055557,-0.222434,-0.0295526,-0.396903,3.8386,-40037.1,-1,1.29266e-09,1,0
0.00555627,-0.223066,-0.0293926,-0.397051,3.83848,-40146.6,-1,2.69783e-09,1,0
0.00555714,-0.223159,-0.0299369,-0.396212,3.8384,-40157.2,-1,1.00479e-09,1,0
0.00555911,-0.223084,-0.0283307,-0.395507,3.83538,-40129.5,-1,9.97856e-10,1,0
0.00556089,-0.222331,-0.0284918,-0.396048,3.83631,-39981.2,-1,7.81567e-10,1,0
0.00556194,-0.221859,-0.0282744,-0.397147,3.83633,-39888.8,-1,7.81567e-10,1,0
0.0055636,-0.22077,-0.0285835,-0.39813,3.83624,-39681.2,-1,1.00197e-10,1,0
0.00556415,-0.220679,-0.0286405,-0.398385,3.83627,-39660.9,-1,1.93794e-11,1,0
0.0055653,-0.221684,-0.0294491,-0.398221,3.83636,-39833.3,-1,3.51578e-10,1,0
0.0055663,-0.222088,-0.0293899,-0.398997,3.83665,-39898.7,-1,8.88288e-10,1,0
0.00556717,-0.222265,-0.0296761,-0.398521,3.83461,-39924.2,-1,7.54287e-10,1,0
0.00556869,-0.222656,-0.0283471,-0.39828,3.83469,-39983.6,-1,1.85502e-09,1,0
0.00557002,-0.222555,-0.0295112,-0.397878,3.83494,-39955.9,-1,1.55803e-09,1,0
0.00557087,-0.222048,-0.0290893,-0.397801,3.83681,-39858.8,-1,6.40267e-10,1,0
0.00557279,-0.220836,-0.0298952,-0.398535,3.83646,-39627.6,-1,2.21497e-10,1,0
0.00557344,-0.220682,-0.0299451,-0.397791,3.83535,-39595.2,-1,7.60964e-10,1,0
0.00557498,-0.221569,-0.0296214,-0.397902,3.83697,-39743.5,-1,1.33981e-09,1,0
0.00557635,-0.222969,-0.0291741,-0.398451,3.83581,-39984.9,-1,6.56708e-10,1,0
0.00557854,-0.223418,-0.0284362,-0.397133,3.83466,-40049.5,-1,1.38321e-10,1,0
0.00557955,-0.222602,-0.0285258,-0.397959,3.8362,-39896.1,-1,1.16527e-09,1,0
0.00558023,-0.223119,-0.0281822,-0.39774,3.83727,-39983.8,-1,5.08929e-10,1,0
0.0055811,-0.223333,-0.0274708,-0.397647,3.83587,-40015.9,-1,3.01025e-10,1,0
0.00558239,-0.223383,-0.0262367,-0.397787,3.83339,-40015.7,-1,1.70325e-09,1,0
0.00558358,-0.222286,-0.0264722,-0.398049,3.83336,-39810.6,-1,1.33237e-10,1,0
0.005585,-0.220968,-0.0273418,-0.398512,3.83343,-39564.6,-1,1.33237e-10,1,0
0.00558602,-0.220016,-0.02797,-0.398847,3.83348,-39386.9,-1,1.33237e-10,1,0
0.00558709,-0.22053,-0.0283923,-0.399579,3.83324,-39471.5,-1,3.06141e-09,1,0
0.00558891,-0.221992,-0.0290267,-0.400981,3.83317,-39720.1,-1,3.06141e-09,1,0
0.00559052,-0.223106,-0.0292496,-0.401969,3.8351,-39907.9,-1,2.65738e-10,1,0
0.00559099,-0.223276,-0.0296025,-0.402255,3.83434,-39934.9,-1,4.1804e-10,1,0
0.0055916,-0.222961,-0.0302114,-0.402436,3.83426,-39874.2,-1,5.68512e-12,1,0
0.00559221,-0.222919,-0.0304135,-0.402641,3.83377,-39862.4,-1,2.71284e-10,1,0
0.00559281,-0.222618,-0.0307651,-0.402658,3.82968,-39804.2,-1,3.6624e-10,1,0
0.00559342,-0.222719,-0.0314638,-0.402639,3.82968,-39818.1,-1,3.6624e-10,1,0
0.00559402,-0.222604,-0.0320019,-0.402749,3.82897,-39793.2,-1,1.15923e-09,1,0
0.00559522,-0.221671,-0.0322779,-0.403164,3.82778,-39617.8,-1,1.69487e-10,1,0
0.00559671,-0.221115,-0.0335798,-0.403547,3.82748,-39508,-1,3.5291e-10,1,0
0.00559848,-0.220372,-0.0353632,-0.404238,3.82786,-39362.8,-1,3.61987e-09,1,0
0.0056001,-0.219725,-0.0356792,-0.402853,3.82596,-39235.9,-1,2.29061e-10,1,0
0.00560198,-0.219656,-0.0361034,-0.400741,3.8262,-39210.4,-1,2.35658e-09,1,0
0.00560438,-0.219342,-0.0341577,-0.400348,3.82541,-39137.5,-1,1.50194e-09,1,0
0.00560485,-0.219271,-0.0336143,-0.400388,3.82542,-39121.6,-1,1.50194e-09,1,0
0.00560584,-0.219124,-0.0324881,-0.400469,3.82466,-39088.6,-1,3.88172e-09,1,0
0.00560673,-0.218403,-0.0319052,-0.400016,3.82419,-38953.7,-1,2.86959e-10,1,0
0.00560775,-0.217639,-0.0311522,-0.399526,3.82514,-38810.4,-1,1.93657e-09,1,0
0.00560836,-0.217989,-0.0312142,-0.399716,3.82644,-38868.6,-1,2.2942e-10,1,0
0.00560934,-0.218798,-0.0307942,-0.399895,3.82669,-39006,-1,1.2943e-09,1,0
0.00560981,-0.218875,-0.0305298,-0.399796,3.82577,-39016.5,-1,2.22967e-10,1,0
0.00561036,-0.21875,-0.0302908,-0.400274,3.82767,-38990.4,-1,1.71809e-10,1,0
0.00561103,-0.219155,-0.0304462,-0.400911,3.82703,-39057.9,-1,7.62753e-10,1,0
0.00561181,-0.2197,-0.0299162,-0.401394,3.82793,-39149.6,-1,5.00589e-10,1,0
0.00561318,-0.220425,-0.0303943,-0.402732,3.82789,-39269.1,-1,5.00589e-10,1,0
0.00561445,-0.220283,-0.0298514,-0.402026,3.82813,-39235,-1,8.01948e-10,1,0
0.00561591,-0.219452,-0.0294344,-0.400617,3.82772,-39076.8,-1,1.68771e-09,1,0
0.00561618,-0.219191,-0.0292587,-0.400649,3.82934,-39028.5,-1,3.15983e-10,1,0
0.00561738,-0.219919,-0.0297413,-0.401052,3.82641,-39149.7,-1,4.76018e-11,1,0
0.00561821,-0.220536,-0.0291488,-0.400697,3.82538,-39253.7,-1,9.32547e-10,1,0
0.00561895,-0.22045,-0.0288738,-0.40047,3.82196,-39233.2,-1,5.23446e-11,1,0
0.00562096,-0.22115,-0.0282001,-0.402584,3.82192,-39343.9,-1,5.23446e-11,1,0
0.00562141,-0.221227,-0.0282211,-0.40306,3.82071,-39354.3,-1,2.60297e-09,1,0
0.00562224,-0.2212,-0.0286145,-0.40394,3.81964,-39343.7,-1,1.21105e-09,1,0
0.00562303,-0.220915,-0.0277483,-0.403964,3.81995,-39287.6,-1,9.12052e-10,1,0
0.0056236,-0.220714,-0.0283808,-0.403994,3.81996,-39247.8,-1,9.12052e-10,1,0
0.00562389,-0.220612,-0.0287006,-0.404009,3.8188,-39227.7,-1,1.00028e-09,1,0
0.00562442,-0.220148,-0.0287992,-0.40369,3.81958,-39141.5,-1,3.65337e-10,1,0
0.00562527,-0.219973,-0.0285064,-0.403452,3.81941,-39104.5,-1,5.38966e-10,1,0
0.00562597,-0.219895,-0.0282766,-0.403042,3.81832,-39085.7,-1,3.15175e-10,1,0
0.00562716,-0.220473,-0.0277207,-0.401912,3.81829,-39180.1,-1,3.15175e-10,1,0
0.00562785,-0.220804,-0.0274026,-0.401265,3.81863,-39234.1,-1,2.30071e-09,1,0
0.00562895,-0.219567,-0.0272746,-0.401553,3.81869,-39006.7,-1,2.30071e-09,1,0
0.00562947,-0.218979,-0.0272137,-0.40169,3.81872,-38898.7,-1,2.30071e-09,1,0
0.00563209,-0.217872,-0.0270053,-0.402672,3.81758,-38684.1,-1,3.90944e-09,1,0
0.00563291,-0.218208,-0.0273635,-0.402479,3.81732,-38738.2,-1,1.36251e-10,1,0
0.00563486,-0.217714,-0.0275264,-0.40128,3.81783,-38637,-1,1.03973e-09,1,0
0.00563555,-0.21762,-0.0279651,-0.401268,3.81836,-38615.5,-1,5.21946e-10,1,0
0.0056379,-0.216206,-0.0270971,-0.403158,3.8174,-38348.7,-1,1.71777e-09,1,0
0.00563909,-0.216142,-0.0270904,-0.404388,3.81502,-38329.3,-1,3.7066e-10,1,0
0.00564077,-0.214756,-0.0276656,-0.405628,3.81572,-38072,-1,1.94719e-09,1,0
0.00564196,-0.214685,-0.0270726,-0.406734,3.81465,-38051.5,-1,8.55705e-10,1,0
0.00564333,-0.21458,-0.0264415,-0.407959,3.8157,-38023.6,-1,7.48874e-10,1,0
0.00564458,-0.214496,-0.0272454,-0.408897,3.81857,-38000.5,-1,1.21117e-09,1,0
0.0056452,-0.214274,-0.0267256,-0.409184,3.82004,-37956.8,-1,4.77977e-11,1,0
0.00564633,-0.213972,-0.0265661,-0.408885,3.81849,-37895.8,-1,4.97801e-10,1,0
0.00564796,-0.212916,-0.0258178,-0.409136,3.81959,-37697.8,-1,3.63454e-10,1,0
0.00564956,-0.214557,-0.0250866,-0.408931,3.8176,-37977.6,-1,5.57049e-10,1,0
0.00565039,-0.214561,-0.0248959,-0.408653,3.81546,-37972.7,-1,5.09914e-10,1,0
0.00565104,-0.214629,-0.0244554,-0.408867,3.81581,-37980.4,-1,3.60193e-10,1,0
0.00565237,-0.215292,-0.0246582,-0.40863,3.81266,-38088.9,-1,4.27336e-10,1,0
0.00565291,-0.215035,-0.0245257,-0.40836,3.81027,-38039.7,-1,4.19423e-10,1,0
0.00565372,-0.214968,-0.024898,-0.409177,3.81113,-38022.4,-1,4.16126e-11,1,0
0.00565433,-0.214889,-0.0251854,-0.409484,3.81003,-38004.2,-1,1.88708e-10,1,0
0.00565517,-0.214466,-0.0246699,-0.40901,3.8102,-37923.9,-1,2.20628e-10,1,0
0.00565578,-0.214201,-0.0245139,-0.409308,3.81088,-37872.9,-1,1.96349e-10,1,0
0.0056559,-0.214187,-0.0246371,-0.409336,3.80945,-37869.6,-1,1.26507e-10,1,0
0.00565636,-0.214198,-0.0243058,-0.409448,3.81044,-37868.5,-1,5.87971e-11,1,0
0.00565746,-0.214624,-0.0235993,-0.410353,3.81004,-37936.4,-1,4.67141e-10,1,0
0.00565873,-0.214064,-0.0236836,-0.410649,3.81105,-37829,-1,7.37821e-10,1,0
0.0056591,-0.214272,-0.0240146,-0.410821,3.81104,-37863.2,-1,7.37821e-10,1,0
0.00566074,-0.214319,-0.0247989,-0.410603,3.81149,-37860.5,-1,7.92286e-10,1,0
0.00566212,-0.213448,-0.0248707,-0.411834,3.81159,-37697.6,-1,1.0834e-09,1,0
0.00566322,-0.21463,-0.024431,-0.411848,3.81146,-37899,-1,1.81511e-10,1,0
0.005664,-0.214268,-0.0238846,-0.41127,3.8138,-37829.8,-1,8.85155e-10,1,0
0.00566449,-0.214039,-0.0238681,-0.411116,3.81324,-37786.1,-1,3.38099e-10,1,0
0.00566477,-0.214092,-0.0236693,-0.410878,3.81114,-37793.5,-1,5.00225e-11,1,0
0.00566511,-0.213989,-0.0238408,-0.410921,3.80937,-37773.1,-1,2.33933e-10,1,0
0.00566645,-0.213711,-0.0239121,-0.41153,3.80886,-37715,-1,9.02677e-10,1,0
0.00566731,-0.213341,-0.0234992,-0.411054,3.81072,-37644.1,-1,9.85535e-11,1,0
0.00566877,-0.213099,-0.0250172,-0.410342,3.81073,-37591.7,-1,9.85535e-11,1,0
0.00567025,-0.212855,-0.0265503,-0.409622,3.81086,-37538.9,-1,3.40506e-09,1,0
0.0056711,-0.212715,-0.026889,-0.409785,3.80885,-37508.6,-1,3.26199e-10,1,0
0.00567243,-0.212365,-0.0274139,-0.410425,3.8074,-37438,-1,1.04775e-10,1,0
0.00567467,-0.212723,-0.027648,-0.410232,3.80896,-37486.4,-1,8.97596e-10,1,0
0.00567549,-0.212689,-0.0276867,-0.409831,3.80736,-37475,-1,4.76911e-10,1,0
0.00567607,-0.213176,-0.0274425,-0.40959,3.80761,-37556.9,-1,4.78774e-10,1,0
0.00567681,-0.213754,-0.0277017,-0.410164,3.80645,-37654,-1,8.27772e-10,1,0
0.00567853,-0.213273,-0.0264436,-0.411627,3.80647,-37557.8,-1,8.27772e-10,1,0
0.00567978,-0.213518,-0.025684,-0.411809,3.80729,-37592.7,-1,2.78571e-09,1,0
0.00568031,-0.213681,-0.0255715,-0.41139,3.80925,-37617.9,-1,1.67193e-10,1,0
0.00568224,-0.212397,-0.0261679,-0.412397,3.80721,-37379.1,-1,9.33266e-11,1,0
0.00568298,-0.212723,-0.0261292,-0.411651,3.80802,-37431.7,-1,7.44575e-10,1,0
0.00568363,-0.212992,-0.0264568,-0.411313,3.80926,-37474.6,-1,1.74515e-10,1,0
0.00568484,-0.212494,-0.0257498,-0.412349,3.80945,-37379.1,-1,1.26298e-09,1,0
0.00568686,-0.212887,-0.0250407,-0.413013,3.8111,-37434.8,-1,6.65396e-10,1,0
0.00568731,-0.213018,-0.0250642,-0.413266,3.81148,-37455,-1,2.5959e-10,1,0
0.00568794,-0.212632,-0.0248212,-0.413778,3.81068,-37383,-1,7.18884e-10,1,0
0.00568978,-0.213528,-0.0231137,-0.414681,3.81082,-37528.3,-1,2.19809e-09,1,0
0.00569019,-0.213799,-0.0229101,-0.414869,3.80989,-37573.3,-1,3.93034e-10,1,0
0.00569161,-0.213612,-0.0240586,-0.415715,3.8098,-37531,-1,5.3495e-10,1,0
0.00569302,-0.213948,-0.0252641,-0.415161,3.80531,-37580.7,-1,1.03028e-09,1,0
0.00569402,-0.21344,-0.0246754,-0.414819,3.8036,-37485,-1,5.62341e-10,1,0
0.00569434,-0.213148,-0.0244653,-0.414812,3.80396,-37431.6,-1,2.13686e-10,1,0
0.00569543,-0.212221,-0.0248025,-0.41402,3.804,-37261.6,-1,2.13686e-10,1,0
0.00569668,-0.211368,-0.025271,-0.413198,3.8041,-37103.8,-1,1.55935e-10,1,0
0.0056975,-0.211727,-0.0260323,-0.412761,3.80361,-37161.5,-1,9.48447e-10,1,0
0.0056991,-0.211162,-0.0263615,-0.413739,3.80091,-37051.9,-1,9.56246e-10,1,0
0.00570043,-0.211049,-0.0268813,-0.414486,3.80282,-37023.3,-1,1.10163e-09,1,0
0.0057016,-0.211035,-0.0271366,-0.414693,3.80222,-37013.3,-1,1.01613e-09,1,0
0.00570325,-0.210655,-0.0283903,-0.414438,3.79969,-36935.9,-1,1.71652e-09,1,0
0.0057048,-0.209201,-0.0291751,-0.413728,3.79929,-36671.1,-1,2.76792e-09,1,0
0.00570623,-0.209255,-0.0278683,-0.412873,3.80026,-36671.4,-1,7.34678e-11,1,0
0.00570769,-0.209958,-0.0275851,-0.413776,3.8001,-36785.1,-1,1.96837e-09,1,0
0.00570899,-0.210368,-0.0274873,-0.415113,3.79905,-36848.5,-1,2.26634e-09,1,0
0.00570987,-0.210375,-0.0269196,-0.415665,3.79647,-36844.2,-1,4.34363e-10,1,0
0.00571098,-0.211373,-0.0276369,-0.415302,3.79642,-37011.8,-1,4.34363e-10,1,0
0.0057119,-0.212208,-0.0282364,-0.414999,3.79843,-37151.8,-1,2.35276e-09,1,0
0.00571277,-0.212021,-0.0274286,-0.415029,3.79891,-37113.5,-1,8.03189e-10,1,0
0.005713,-0.212167,-0.0276272,-0.414993,3.79731,-37137.6,-1,2.57933e-10,1,0
0.00571351,-0.211808,-0.0277688,-0.414554,3.79733,-37071.5,-1,2.57933e-10,1,0
0.00571432,-0.211216,-0.0277566,-0.414079,3.79461,-36962.6,-1,2.49387e-10,1,0
0.0057149,-0.211069,-0.0282826,-0.413703,3.79584,-36933.1,-1,6.57307e-10,1,0
0.00571525,-0.211068,-0.0285494,-0.413726,3.79364,-36930.7,-1,3.29548e-10,1,0
0.00571569,-0.210899,-0.0282212,-0.413764,3.79525,-36898.2,-1,2.74442e-10,1,0
0.00571715,-0.21132,-0.0266372,-0.41342,3.79563,-36962.5,-1,5.60522e-10,1,0
0.00571754,-0.211346,-0.0265053,-0.413414,3.79448,-36964.6,-1,1.41988e-09,1,0
0.00571934,-0.210683,-0.0259797,-0.412613,3.79419,-36836.8,-1,2.3142e-10,1,0
0.00572076,-0.210208,-0.0250076,-0.413598,3.7934,-36744.8,-1,2.57813e-10,1,0
0.00572234,-0.209987,-0.0237622,-0.414299,3.79531,-36696,-1,2.67582e-09,1,0
0.00572309,-0.209835,-0.0232645,-0.414697,3.79543,-36664.7,-1,2.62012e-10,1,0
0.00572347,-0.209731,-0.0235622,-0.414394,3.79586,-36644.1,-1,4.3751e-10,1,0
0.00572396,-0.209313,-0.0237378,-0.414127,3.7936,-36567.9,-1,3.70995e-11,1,0
0.00572444,-0.209022,-0.0236944,-0.413771,3.79256,-36514,-1,1.51162e-10,1,0
0.00572562,-0.208362,-0.0240765,-0.413536,3.79307,-36391.1,-1,5.64178e-10,1,0
0.00572645,-0.20828,-0.0238361,-0.412767,3.79242,-36371.5,-1,4.45587e-10,1,0
0.00572701,-0.208386,-0.0237743,-0.412143,3.79273,-36386.6,-1,1.18867e-10,1,0
0.00572767,-0.208914,-0.0241591,-0.41209,3.79263,-36474.5,-1,6.12209e-11,1,0
0.00572825,-0.208596,-0.0240494,-0.412437,3.79035,-36415.3,-1,7.29006e-10,1,0
0.00572863,-0.20828,-0.0239038,-0.412703,3.79037,-36357.7,-1,7.29006e-10,1,0
0.00572945,-0.207599,-0.0235905,-0.413275,3.7904,-36233.7,-1,7.29006e-10,1,0
0.00573056,-0.206741,-0.023232,-0.414064,3.79354,-36077,-1,7.16904e-11,1,0
0.00573117,-0.206771,-0.0232847,-0.41448,3.79518,-36078.4,-1,3.64601e-10,1,0
0.00573295,-0.208554,-0.0233079,-0.415512,3.79509,-36378.1,-1,3.64601e-10,1,0
0.00573327,-0.208399,-0.0232657,-0.415271,3.79561,-36349.1,-1,3.21481e-10,1,0
0.00573357,-0.208432,-0.0231461,-0.415277,3.79629,-36352.8,-1,1.74732e-10,1,0
0.00573434,-0.208587,-0.0227183,-0.414589,3.79659,-36375.1,-1,1.41657e-10,1,0
0.00573521,-0.207988,-0.0225257,-0.414191,3.79614,-36265,-1,7.85852e-12,1,0
0.00573576,-0.208219,-0.0220858,-0.414533,3.79484,-36302,-1,7.72146e-10,1,0
0.00573692,-0.207868,-0.0223491,-0.415483,3.79612,-36233.5,-1,1.04136e-09,1,0
0.00573761,-0.208086,-0.0217338,-0.41595,3.79611,-36267,-1,1.04136e-09,1,0
0.00573855,-0.20838,-0.020904,-0.416579,3.7963,-36312.2,-1,2.21061e-09,1,0
0.00573908,-0.208764,-0.0208814,-0.416671,3.7974,-36375.8,-1,2.49733e-10,1,0
0.00573954,-0.209214,-0.0211653,-0.41666,3.79738,-36451.4,-1,2.49733e-10,1,0
0.00574121,-0.210744,-0.0212934,-0.416248,3.79785,-36707.2,-1,8.5392e-10,1,0
0.00574225,-0.210406,-0.0215572,-0.415148,3.79809,-36641.7,-1,3.33815e-11,1,0
0.00574472,-0.210565,-0.0192214,-0.414782,3.79871,-36653.7,-1,2.66855e-10,1,0
0.0057454,-0.211019,-0.0188927,-0.414929,3.79947,-36728.3,-1,2.89008e-09,1,0
0.00574632,-0.211966,-0.0188244,-0.415391,3.79942,-36887.3,-1,2.89008e-09,1,0
0.00574753,-0.212243,-0.0189237,-0.416406,3.79889,-36927.7,-1,9.36331e-10,1,0
0.00574804,-0.212329,-0.0185745,-0.416368,3.79893,-36939.4,-1,4.16597e-10,1,0
0.00574866,-0.211865,-0.0184796,-0.416462,3.80038,-36854.7,-1,3.02967e-10,1,0
0.00574978,-0.211406,-0.017955,-0.415726,3.79922,-36767.6,-1,8.85402e-10,1,0
0.0057517,-0.209777,-0.0185869,-0.415055,3.7981,-36472.2,-1,1.99604e-10,1,0
0.00575245,-0.20961,-0.0192281,-0.414506,3.79766,-36438.4,-1,8.61188e-10,1,0
0.00575402,-0.210712,-0.0200613,-0.413318,3.79698,-36619.9,-1,1.822e-09,1,0
0.00575545,-0.210951,-0.0204992,-0.414885,3.79696,-36652.4,-1,1.822e-09,1,0
0.00575705,-0.21122,-0.0209919,-0.41665,3.79695,-36689,-1,1.822e-09,1,0
0.00575792,-0.211367,-0.0212607,-0.417612,3.79694,-36709,-1,1.822e-09,1,0
0.00575903,-0.210588,-0.0212182,-0.417305,3.79646,-36566.6,-1,4.78015e-09,1,0
0.00576024,-0.21032,-0.0212756,-0.417391,3.79328,-36512.3,-1,1.76717e-09,1,0
0.00576205,-0.211471,-0.0217451,-0.419071,3.79322,-36700.7,-1,1.76717e-09,1,0
0.00576249,-0.211779,-0.0216164,-0.419349,3.79292,-36751.2,-1,9.45823e-11,1,0
0.00576366,-0.212577,-0.0215771,-0.41969,3.79797,-36882.3,-1,2.50546e-10,1,0
0.00576523,-0.213689,-0.0214182,-0.42071,3.79994,-37065.2,-1,2.51822e-10,1,0
0.00576623,-0.214326,-0.0212251,-0.41997,3.80017,-37169.2,-1,9.6983e-10,1,0
0.00576675,-0.214487,-0.0216266,-0.419603,3.80194,-37193.8,-1,3.93295e-10,1,0
0.00576796,-0.215831,-0.0212333,-0.419498,3.8,-37418.9,-1,1.40385e-09,1,0
0.00576838,-0.215787,-0.021632,-0.41977,3.79863,-37408.5,-1,4.84537e-10,1,0
0.0057693,-0.214959,-0.0221467,-0.420193,3.7986,-37259.1,-1,1.02539e-09,1,0
0.00576993,-0.215643,-0.0220673,-0.420104,3.79654,-37373.5,-1,7.08367e-10,1,0
0.00577123,-0.214954,-0.0222449,-0.42143,3.7948,-37245.8,-1,1.50427e-09,1,0
0.00577239,-0.214045,-0.0213346,-0.421224,3.79903,-37080.9,-1,2.16482e-11,1,0
0.00577317,-0.214492,-0.0208342,-0.42069,3.80011,-37153.2,-1,8.22892e-11,1,0
0.00577346,-0.214287,-0.0209927,-0.42048,3.80012,-37115.9,-1,8.22892e-11,1,0
0.00577501,-0.213187,-0.0218448,-0.419348,3.8017,-36915.5,-1,2.12711e-09,1,0
0.00577559,-0.213762,-0.0221239,-0.419141,3.80169,-37011.2,-1,9.37318e-12,1,0
0.00577643,-0.213267,-0.0214443,-0.419307,3.80196,-36920.2,-1,2.71967e-10,1,0
0.00577686,-0.213145,-0.0217614,-0.419523,3.80054,-36896.3,-1,2.07534e-10,1,0
0.00577792,-0.213148,-0.0229636,-0.419739,3.80091,-36890,-1,1.51274e-09,1,0
0.00577874,-0.212678,-0.0233253,-0.420483,3.79913,-36803.6,-1,9.51831e-10,1,0
0.00578068,-0.212188,-0.0245026,-0.420056,3.7972,-36706.5,-1,1.29245e-09,1,0
0.00578179,-0.212448,-0.0237309,-0.420781,3.79546,-36744.3,-1,4.51028e-10,1,0
0.00578407,-0.211019,-0.0236171,-0.421741,3.79517,-36482.9,-1,1.90041e-09,1,0
0.00578423,-0.211094,-0.0236377,-0.421755,3.79248,-36494.8,-1,1.33608e-10,1,0
0.00578567,-0.211391,-0.0251634,-0.421806,3.7925,-36537.1,-1,3.18727e-10,1,0
0.00578751,-0.2132,-0.0260014,-0.421937,3.79194,-36838,-1,3.35071e-10,1,0
0.00578832,-0.213287,-0.0259104,-0.42243,3.79195,-36847.8,-1,4.18326e-10,1,0
0.00578894,-0.21358,-0.0259062,-0.422964,3.7895,-36894.4,-1,5.89135e-10,1,0
0.00579033,-0.213166,-0.0263975,-0.423269,3.79008,-36814.1,-1,8.09821e-10,1,0
0.0057918,-0.212528,-0.0260032,-0.42385,3.7892,-36694.6,-1,8.68907e-10,1,0
0.00579336,-0.211585,-0.0263696,-0.423735,3.78655,-36522.1,-1,6.45295e-10,1,0
0.00579348,-0.211689,-0.0262997,-0.423739,3.78655,-36539.1,-1,7.78448e-11,1,0
0.00579385,-0.211553,-0.0263263,-0.42376,3.7855,-36513.4,-1,1.69871e-10,1,0
0.0057948,-0.211312,-0.0267459,-0.423081,3.78702,-36465.8,-1,7.20699e-10,1,0
0.0057959,-0.211317,-0.0266493,-0.42181,3.78702,-36459.6,-1,7.20699e-10,1,0
0.00579758,-0.211323,-0.026502,-0.419874,3.78702,-36450.3,-1,7.20699e-10,1,0
0.00579801,-0.211341,-0.02641,-0.419577,3.78634,-36450.6,-1,4.15293e-09,1,0
0.00579929,-0.210866,-0.0255239,-0.419928,3.78768,-36360.7,-1,7.9753e-10,1,0
0.00580046,-0.210655,-0.0250702,-0.419372,3.78778,-36317,-1,3.6029e-10,1,0
0.005801,-0.210204,-0.0255112,-0.419392,3.78849,-36235.8,-1,6.31429e-10,1,0
0.0058022,-0.209402,-0.0262664,-0.418579,3.78888,-36090.1,-1,1.37367e-09,1,0
0.00580322,-0.209189,-0.0253532,-0.419271,3.78878,-36047.1,-1,9.55916e-10,1,0
0.00580422,-0.209351,-0.0245088,-0.420041,3.78829,-36068.8,-1,1.3792e-09,1,0
0.00580504,-0.210204,-0.0241137,-0.420182,3.78815,-36210.7,-1,9.50849e-10,1,0
0.00580605,-0.211081,-0.0233549,-0.420264,3.78811,-36355.4,-1,9.50849e-10,1,0
0.00580704,-0.211945,-0.0226069,-0.420345,3.78807,-36497.9,-1,9.50849e-10,1,0
0.00580919,-0.211954,-0.0216225,-0.419707,3.78982,-36485.9,-1,3.58143e-09,1,0
0.00581045,-0.211192,-0.020972,-0.419257,3.789,-36347,-1,2.11573e-09,1,0
0.00581158,-0.211027,-0.0197402,-0.419574,3.78941,-36311.5,-1,1.65701e-09,1,0
0.00581196,-0.210768,-0.0196038,-0.419692,3.7908,-36264.6,-1,1.2002e-10,1,0
0.00581309,-0.209547,-0.0194644,-0.42014,3.79111,-36047.4,-1,1.38765e-09,1,0
0.00581413,-0.209137,-0.0200629,-0.4211,3.79113,-35970.5,-1,1.38765e-09,1,0
0.00581504,-0.208562,-0.0201398,-0.42086,3.78918,-35865.9,-1,7.00517e-10,1,0
0.00581622,-0.208689,-0.0201438,-0.42212,3.78844,-35880.6,-1,1.198e-09,1,0
0.00581726,-0.209631,-0.019627,-0.421568,3.7884,-36036,-1,1.198e-09,1,0
0.00581829,-0.210119,-0.0191004,-0.420853,3.78907,-36113.6,-1,1.95339e-09,1,0
0.00581946,-0.209831,-0.0184575,-0.419698,3.78908,-36056.8,-1,1.95339e-09,1,0
0.00581981,-0.209866,-0.0187544,-0.419564,3.79016,-36060.6,-1,1.85516e-09,1,0
0.00582121,-0.209256,-0.0187666,-0.418417,3.78834,-35947.1,-1,6.67176e-10,1,0
0.00582227,-0.208634,-0.0184801,-0.417402,3.78838,-35833.8,-1,6.67176e-10,1,0
0.00582323,-0.208622,-0.0181156,-0.416632,3.78616,-35825.7,-1,4.4475e-10,1,0
0.00582411,-0.209599,-0.0181714,-0.416879,3.78481,-35988.2,-1,5.49212e-10,1,0
0.00582556,-0.209971,-0.0166563,-0.416911,3.78545,-36043,-1,5.01552e-11,1,0
0.00582663,-0.211009,-0.016997,-0.416921,3.78595,-36214.7,-1,4.90262e-10,1,0
0.00582879,-0.213254,-0.0180914,-0.416993,3.78584,-36586.3,-1,4.90262e-10,1,0
0.00582943,-0.213921,-0.0184167,-0.417014,3.78713,-36696.7,-1,4.31853e-09,1,0
0.00583012,-0.214281,-0.0186119,-0.417522,3.78459,-36754.2,-1,2.04664e-10,1,0
0.00583082,-0.213934,-0.0189859,-0.418123,3.78518,-36690.2,-1,7.08333e-10,1,0
0.00583218,-0.214637,-0.0200268,-0.417948,3.78452,-36802.1,-1,1.95107e-10,1,0
0.00583307,-0.215146,-0.0208769,-0.417699,3.78422,-36883.8,-1,2.4012e-09,1,0
0.00583478,-0.215333,-0.019574,-0.418748,3.78659,-36905.1,-1,1.79238e-09,1,0
0.00583518,-0.215313,-0.0195285,-0.419097,3.79064,-36899.1,-1,1.35343e-10,1,0
0.005836,-0.215377,-0.0197931,-0.42001,3.79064,-36905,-1,1.35343e-10,1,0
0.00583721,-0.215515,-0.0190405,-0.418983,3.78731,-36920.9,-1,8.52285e-10,1,0
0.00583905,-0.2163,-0.0172186,-0.419757,3.78727,-37043.7,-1,8.52285e-10,1,0
0.00583969,-0.216719,-0.0174713,-0.419281,3.78165,-37111.3,-1,6.83666e-10,1,0
0.00584037,-0.21679,-0.0167138,-0.419456,3.78239,-37119.3,-1,7.80947e-10,1,0
0.00584261,-0.215955,-0.0159345,-0.419251,3.78039,-36962,-1,1.29255e-09,1,0
0.00584375,-0.214745,-0.0159439,-0.41975,3.78045,-36747.9,-1,1.29255e-09,1,0
0.00584453,-0.213904,-0.0159504,-0.420096,3.77928,-36599,-1,2.21789e-09,1,0
0.00584627,-0.213789,-0.0160882,-0.420357,3.77997,-36568.5,-1,9.31696e-10,1,0
0.0058476,-0.213972,-0.0154926,-0.421766,3.78098,-36591.3,-1,2.60473e-09,1,0
0.00584802,-0.213829,-0.0158949,-0.421692,3.78085,-36564.3,-1,3.60998e-11,1,0
0.00584915,-0.213256,-0.0163906,-0.422004,3.77858,-36459.3,-1,3.80113e-10,1,0
0.00585014,-0.213428,-0.0166676,-0.421925,3.77528,-36482.5,-1,6.37817e-11,1,0
0.00585173,-0.214636,-0.01687,-0.420718,3.77647,-36679.1,-1,1.06406e-09,1,0
0.00585343,-0.213401,-0.0160239,-0.420394,3.77604,-36457.4,-1,1.7283e-09,1,0
0.00585547,-0.213612,-0.0180368,-0.419192,3.77603,-36480.8,-1,1.7283e-09,1,0
0.00585702,-0.213601,-0.0185535,-0.418295,3.77311,-36469.2,-1,5.8214e-10,1,0
0.00585762,-0.214097,-0.0184105,-0.417881,3.77378,-36550.3,-1,4.34777e-11,1,0
0.00585859,-0.214669,-0.0174434,-0.41798,3.77375,-36641.7,-1,4.34777e-11,1,0
0.00585936,-0.215123,-0.0167154,-0.418052,3.77547,-36714.5,-1,2.1233e-11,1,0
0.00586113,-0.215648,-0.0163281,-0.419701,3.77887,-36792.8,-1,1.88417e-09,1,0
0.00586191,-0.215023,-0.0164564,-0.419067,3.77929,-36681.5,-1,8.98785e-10,1,0
0.00586284,-0.215464,-0.0170867,-0.418451,3.77967,-36750.9,-1,2.7529e-10,1,0
0.00586427,-0.21588,-0.0183301,-0.417448,3.77965,-36812.8,-1,2.7529e-10,1,0
0.00586489,-0.216062,-0.018874,-0.41701,3.77997,-36839.9,-1,3.17071e-09,1,0
0.00586582,-0.215814,-0.0195079,-0.417209,3.77871,-36791.9,-1,8.31393e-10,1,0
0.00586786,-0.214261,-0.01776,-0.417477,3.7796,-36514.4,-1,2.58771e-09,1,0
0.00586932,-0.213541,-0.0188926,-0.418046,3.77945,-36382.6,-1,4.49163e-10,1,0
0.00586975,-0.213185,-0.019213,-0.418173,3.77942,-36319.3,-1,1.73818e-09,1,0
0.00587085,-0.213112,-0.0191528,-0.417693,3.77885,-36300.1,-1,8.31861e-10,1,0
0.00587153,-0.21328,-0.0190991,-0.416967,3.77879,-36324.5,-1,7.13289e-10,1,0
0.00587254,-0.213038,-0.0200443,-0.416444,3.77905,-36277,-1,8.06762e-10,1,0
0.00587274,-0.213119,-0.0201978,-0.416351,3.77948,-36289.6,-1,5.27791e-10,1,0
0.00587435,-0.214069,-0.021565,-0.416261,3.7819,-36441.3,-1,1.2927e-09,1,0
0.00587713,-0.214198,-0.0195175,-0.413804,3.78024,-36446.1,-1,3.201e-09,1,0
0.00588018,-0.213201,-0.0181524,-0.412908,3.78053,-36257.5,-1,2.23445e-09,1,0
0.00588182,-0.212898,-0.0180679,-0.413986,3.7801,-36195.9,-1,3.81038e-10,1,0
0.00588411,-0.214227,-0.0189476,-0.414002,3.78163,-36407.7,-1,1.73861e-09,1,0
0.00588524,-0.214749,-0.0180051,-0.413442,3.78201,-36489.4,-1,6.76759e-11,1,0
0.00588687,-0.214998,-0.0168136,-0.412926,3.77898,-36521.5,-1,3.25682e-10,1,0
0.00588803,-0.215827,-0.016604,-0.413954,3.77894,-36655.3,-1,3.25682e-10,1,0
0.00588854,-0.216196,-0.0165109,-0.414411,3.77892,-36714.7,-1,3.25682e-10,1,0
0.00588961,-0.216362,-0.0169344,-0.414919,3.78185,-36736.3,-1,4.09246e-10,1,0
0.00589079,-0.215945,-0.0177027,-0.415968,3.78133,-36658.1,-1,1.61187e-09,1,0
0.00589128,-0.216293,-0.0176705,-0.415544,3.78229,-36714,-1,1.02877e-11,1,0
0.00589235,-0.217004,-0.0180995,-0.415101,3.78082,-36828.1,-1,4.20616e-10,1,0
0.00589336,-0.217733,-0.0185691,-0.415579,3.77818,-36945.4,-1,9.00361e-11,1,0
0.00589437,-0.218331,-0.0190507,-0.416457,3.77815,-37040.6,-1,9.00361e-11,1,0
0.00589507,-0.218479,-0.0184402,-0.416552,3.78078,-37061.4,-1,1.30081e-09,1,0
0.00589586,-0.218638,-0.0185182,-0.415973,3.77927,-37083.3,-1,9.17766e-10,1,0
0.00589686,-0.21905,-0.0190176,-0.415043,3.7796,-37146.9,-1,6.13038e-10,1,0
0.00589729,-0.219294,-0.0192861,-0.414774,3.77958,-37185.6,-1,2.38977e-10,1,0
0.00589776,-0.219722,-0.0193508,-0.414753,3.77881,-37255.2,-1,4.10438e-10,1,0
0.00589847,-0.220272,-0.0192495,-0.415068,3.77908,-37343.9,-1,1.85343e-10,1,0
0.00589894,-0.220047,-0.0191323,-0.414882,3.77837,-37302.8,-1,4.25102e-10,1,0
0.00590128,-0.221214,-0.0194841,-0.417295,3.77831,-37485.8,-1,4.25102e-10,1,0
0.00590264,-0.2219,-0.0196179,-0.41864,3.77863,-37593.3,-1,1.67252e-10,1,0
0.00590361,-0.222016,-0.0192849,-0.419461,3.77725,-37606.9,-1,6.39788e-10,1,0
0.00590563,-0.223378,-0.0197559,-0.419227,3.77374,-37824.6,-1,7.08407e-10,1,0
0.00590662,-0.223319,-0.0199284,-0.41834,3.77403,-37808.3,-1,3.44886e-10,1,0
0.00590783,-0.222549,-0.0202116,-0.419398,3.77342,-37670.1,-1,6.07541e-11,1,0
0.00590874,-0.22323,-0.0195613,-0.41986,3.77339,-37779.6,-1,6.07541e-11,1,0
0.00590973,-0.222631,-0.0197911,-0.420185,3.77392,-37672,-1,1.30285e-09,1,0
0.00591108,-0.221831,-0.0192513,-0.419493,3.77285,-37528,-1,1.28245e-09,1,0
0.00591156,-0.221647,-0.0188768,-0.419132,3.77286,-37493.9,-1,1.36872e-09,1,0
0.00591202,-0.221488,-0.0184924,-0.41879,3.77379,-37464,-1,8.7994e-10,1,0
0.00591323,-0.221388,-0.0178518,-0.419458,3.77228,-37439.4,-1,6.39629e-11,1,0
0.00591412,-0.221715,-0.0180441,-0.418592,3.77183,-37489.1,-1,2.59046e-10,1,0
0.0059145,-0.222095,-0.0179035,-0.418471,3.77301,-37550.9,-1,2.00609e-10,1,0
0.00591486,-0.222341,-0.0176473,-0.418292,3.77411,-37590.2,-1,4.95778e-11,1,0
0.00591548,-0.22198,-0.0180432,-0.418332,3.77526,-37525.3,-1,2.32544e-10,1,0
0.00591602,-0.222319,-0.0179979,-0.417933,3.77441,-37579.1,-1,2.23246e-10,1,0
0.00591692,-0.222191,-0.0181291,-0.41881,3.77443,-37551.8,-1,9.61912e-10,1,0
0.00591749,-0.222317,-0.018451,-0.4189,3.77154,-37569.4,-1,1.41154e-10,1,0
0.00591865,-0.223321,-0.0192335,-0.418486,3.77388,-37731.7,-1,1.33888e-09,1,0
0.00591991,-0.224264,-0.0199779,-0.418816,3.77456,-37883.1,-1,9.41855e-10,1,0
0.00592241,-0.226075,-0.021808,-0.420119,3.77447,-38172.8,-1,9.41855e-10,1,0
0.00592397,-0.226709,-0.0217017,-0.421089,3.77522,-38269.8,-1,6.25263e-10,1,0
0.00592523,-0.227724,-0.0221144,-0.42182,3.77457,-38432.9,-1,1.11257e-09,1,0
0.00592653,-0.2275,-0.0228396,-0.423083,3.77423,-38386.8,-1,1.86627e-10,1,0
0.00592704,-0.227566,-0.0230112,-0.423411,3.77306,-38394.5,-1,1.6035e-10,1,0
0.005928,-0.226797,-0.0224174,-0.423262,3.77372,-38258.7,-1,1.18177e-10,1,0
0.00592999,-0.226623,-0.0220912,-0.423473,3.77328,-38216.3,-1,1.22146e-09,1,0
0.00593057,-0.226712,-0.0223391,-0.423484,3.7749,-38227.7,-1,2.84632e-10,1,0
0.00593261,-0.224767,-0.0224826,-0.424185,3.77314,-37886.8,-1,7.68475e-10,1,0
0.00593276,-0.224621,-0.0224602,-0.424288,3.77109,-37861.1,-1,1.75603e-09,1,0
0.00593331,-0.224328,-0.0226273,-0.424353,3.76932,-37808.2,-1,3.85482e-10,1,0
0.00593474,-0.224212,-0.0213046,-0.424522,3.76891,-37779.5,-1,2.38637e-10,1,0
0.00593571,-0.224134,-0.0201983,-0.424481,3.76891,-37760.3,-1,2.38637e-10,1,0
0.0059364,-0.224079,-0.0194061,-0.424452,3.76892,-37746.6,-1,2.38637e-10,1,0
0.00593803,-0.222717,-0.0191474,-0.424859,3.76592,-37506.9,-1,3.19967e-10,1,0
0.00594074,-0.223524,-0.0161265,-0.424717,3.76588,-37625.7,-1,3.19967e-10,1,0
0.00594218,-0.223952,-0.0145287,-0.424642,3.76547,-37688.4,-1,4.78583e-09,1,0
0.00594404,-0.223342,-0.0165162,-0.425137,3.76559,-37574.1,-1,2.13713e-09,1,0
0.00594445,-0.223386,-0.0168832,-0.425434,3.76432,-37578.8,-1,4.73903e-10,1,0
0.00594493,-0.222936,-0.0170091,-0.425384,3.76451,-37500.2,-1,2.6399e-10,1,0
0.0059457,-0.222429,-0.0170506,-0.425964,3.76492,-37410,-1,4.23796e-10,1,0
0.00594614,-0.222628,-0.0169271,-0.425657,3.76576,-37440.8,-1,3.98827e-10,1,0
0.00594656,-0.222392,-0.0165671,-0.425452,3.76577,-37398.4,-1,3.98827e-10,1,0
0.00594708,-0.222105,-0.0161652,-0.425241,3.76694,-37346.9,-1,1.0433e-09,1,0
0.00594757,-0.221875,-0.016252,-0.425256,3.76507,-37305.2,-1,2.5747e-11,1,0
0.00594813,-0.221413,-0.0160843,-0.424835,3.7651,-37223.9,-1,2.5747e-11,1,0
0.00594926,-0.220904,-0.0162691,-0.424202,3.76631,-37131.4,-1,2.01006e-10,1,0
0.00595032,-0.220614,-0.0169842,-0.423398,3.76588,-37076.1,-1,1.00304e-09,1,0
0.00595144,-0.219955,-0.0175555,-0.423554,3.76445,-36958.3,-1,3.421e-10,1,0
0.00595251,-0.219958,-0.0169134,-0.423904,3.76834,-36952.2,-1,6.64496e-10,1,0
0.00595336,-0.219814,-0.0167741,-0.424674,3.76975,-36922.6,-1,8.37208e-10,1,0
0.00595469,-0.219834,-0.0169286,-0.425993,3.76789,-36917.9,-1,3.22242e-10,1,0
0.00595534,-0.220063,-0.0168858,-0.426706,3.76808,-36952.2,-1,1.6395e-09,1,0
0.00595651,-0.21945,-0.0170541,-0.427101,3.77028,-36842,-1,2.64485e-10,1,0
0.00595732,-0.219508,-0.0169195,-0.426178,3.77005,-36846.7,-1,9.33897e-10,1,0
0.00595897,-0.221032,-0.017379,-0.426477,3.76798,-37092.3,-1,1.40142e-09,1,0
0.00595927,-0.221041,-0.0174617,-0.426486,3.76851,-37092,-1,1.48214e-10,1,0
0.00596123,-0.222973,-0.0171326,-0.427261,3.76816,-37403.8,-1,2.00703e-09,1,0
0.00596164,-0.223198,-0.0167781,-0.427098,3.76849,-37439.1,-1,6.24697e-10,1,0
0.00596366,-0.223751,-0.0145123,-0.427218,3.76846,-37519.1,-1,6.24697e-10,1,0
0.00596597,-0.223652,-0.0141282,-0.42686,3.76676,-37487.9,-1,1.20162e-09,1,0
0.00596682,-0.223359,-0.0134005,-0.427144,3.76764,-37433.4,-1,5.42459e-10,1,0
0.00596759,-0.22352,-0.0125349,-0.427196,3.76656,-37455.7,-1,1.32081e-09,1,0
0.00596952,-0.223721,-0.0107314,-0.426738,3.76202,-37477.3,-1,1.84538e-09,1,0
0.00597058,-0.223136,-0.0108017,-0.426277,3.76023,-37372.5,-1,5.04662e-10,1,0
0.00597172,-0.222477,-0.010162,-0.425568,3.76069,-37255.2,-1,1.95638e-09,1,0
0.0059734,-0.222512,-0.010705,-0.426715,3.76111,-37250.5,-1,3.60656e-10,1,0
0.00597414,-0.222049,-0.010419,-0.427182,3.75991,-37168.3,-1,1.01252e-09,1,0
0.00597508,-0.222892,-0.010159,-0.427611,3.7624,-37303.5,-1,1.75559e-10,1,0
0.005977,-0.221307,-0.0115129,-0.42835,3.76248,-37026.4,-1,1.75559e-10,1,0
0.00597749,-0.221069,-0.011839,-0.428338,3.76558,-36983.5,-1,1.84353e-10,1,0
0.00597829,-0.221564,-0.012266,-0.428985,3.76556,-37061.4,-1,1.84353e-10,1,0
0.00598036,-0.219911,-0.0126906,-0.430061,3.76466,-36772.2,-1,1.30969e-09,1,0
0.00598135,-0.219097,-0.0127139,-0.430707,3.7662,-36630,-1,3.46086e-10,1,0
0.00598282,-0.218415,-0.0138344,-0.429745,3.76721,-36507,-1,1.68797e-10,1,0
0.00598563,-0.217088,-0.0162557,-0.428084,3.76758,-36268.1,-1,3.46546e-09,1,0
0.00598658,-0.216463,-0.0170167,-0.42779,3.76703,-36158,-1,2.12133e-09,1,0
0.00598776,-0.215325,-0.0177011,-0.428107,3.76802,-35960.9,-1,1.62801e-09,1,0
0.00598967,-0.215448,-0.0162626,-0.426925,3.76815,-35969.9,-1,1.29264e-09,1,0
0.00599054,-0.216112,-0.0162518,-0.427217,3.77048,-36075.6,-1,8.46688e-10,1,0
0.00599087,-0.216153,-0.0164204,-0.427099,3.76711,-36080.3,-1,9.86727e-11,1,0
0.00599303,-0.215927,-0.0160795,-0.42936,3.76754,-36029.7,-1,1.69452e-09,1,0
0.00599421,-0.216937,-0.0166474,-0.430012,3.7674,-36191,-1,3.76625e-11,1,0
0.00599486,-0.21748,-0.016878,-0.430238,3.76785,-36277.7,-1,1.93879e-09,1,0
0.00599528,-0.217711,-0.0169999,-0.43024,3.77036,-36313.8,-1,1.0721e-10,1,0
0.00599638,-0.218471,-0.0172383,-0.430736,3.77001,-36433.8,-1,8.86028e-10,1,0
0.00599814,-0.219582,-0.0173585,-0.429245,3.76657,-36608.4,-1,1.29231e-09,1,0
0.00599951,-0.220344,-0.0166118,-0.429421,3.76623,-36727.1,-1,1.28035e-09,1,0
0.00600087,-0.218927,-0.0159566,-0.429273,3.76638,-36482.5,-1,1.90309e-09,1,0
0.0060018,-0.218369,-0.0153022,-0.42963,3.76638,-36384,-1,3.80801e-10,1,0
0.00600208,-0.218407,-0.0155443,-0.429747,3.76476,-36388.5,-1,7.21139e-10,1,0
0.00600352,-0.218808,-0.0170246,-0.430369,3.76474,-36446.6,-1,7.21139e-10,1,0
0.00600393,-0.218744,-0.0171485,-0.430709,3.7645,-36433.4,-1,2.95041e-10,1,0
0.00600458,-0.218596,-0.016714,-0.430284,3.76266,-36404.9,-1,4.9052e-10,1,0
0.00600634,-0.218748,-0.0175216,-0.430253,3.76344,-36419.6,-1,6.17895e-10,1,0
0.00600676,-0.218604,-0.0171788,-0.429983,3.76223,-36393,-1,4.31808e-10,1,0
0.00600784,-0.219187,-0.0175017,-0.428942,3.76212,-36483.6,-1,1.23583e-09,1,0
0.00600801,-0.219241,-0.0173272,-0.42891,3.76173,-36491.4,-1,1.52398e-10,1,0
0.0060084,-0.219502,-0.0171951,-0.429076,3.75884,-36532.6,-1,1.56444e-11,1,0
0.00600976,-0.219753,-0.0169224,-0.430557,3.75773,-36566,-1,1.50954e-09,1,0
0.00601166,-0.220032,-0.0179075,-0.430332,3.75931,-36600.9,-1,4.54336e-10,1,0
0.00601209,-0.220024,-0.0178739,-0.430283,3.76264,-36597,-1,2.55597e-10,1,0
0.00601308,-0.220748,-0.0174893,-0.429813,3.76213,-36711.3,-1,5.43182e-10,1,0
0.00601357,-0.220643,-0.0178905,-0.429845,3.76534,-36690.9,-1,2.75709e-10,1,0
0.00601521,-0.220819,-0.0163176,-0.429337,3.76601,-36710.1,-1,4.26433e-10,1,0
0.00601544,-0.22086,-0.0165226,-0.429207,3.7637,-36715.5,-1,3.31933e-11,1,0
0.00601626,-0.221231,-0.0158639,-0.429776,3.76221,-36772.1,-1,8.9992e-10,1,0
0.00601673,-0.221102,-0.015554,-0.429854,3.76272,-36747.9,-1,2.76544e-10,1,0
0.00601701,-0.221267,-0.0156607,-0.429604,3.76271,-36773.5,-1,2.76544e-10,1,0
0.00601872,-0.22096,-0.0158236,-0.42943,3.76364,-36712,-1,8.49455e-10,1,0
0.00601931,-0.220435,-0.0158722,-0.429347,3.76542,-36621.3,-1,3.31531e-11,1,0
0.00602006,-0.220187,-0.0166645,-0.429577,3.76556,-36575.5,-1,8.61707e-10,1,0
0.00602233,-0.218947,-0.0188111,-0.429605,3.76511,-36355.9,-1,5.71106e-10,1,0
0.00602443,-0.219718,-0.0203278,-0.428829,3.76558,-36471.2,-1,1.23395e-09,1,0
0.00602498,-0.219584,-0.0208755,-0.42863,3.76568,-36445.5,-1,5.6984e-10,1,0
0.0060262,-0.218235,-0.0211875,-0.428399,3.76506,-36214.4,-1,1.46253e-09,1,0
0.00602765,-0.218245,-0.0220701,-0.428647,3.76172,-36207.4,-1,1.17221e-09,1,0
0.00602911,-0.216768,-0.0223869,-0.42801,3.76183,-35953.5,-1,2.37475e-10,1,0
0.00603104,-0.217016,-0.0230481,-0.426434,3.76295,-35983.2,-1,9.31677e-10,1,0
0.00603268,-0.218351,-0.0238645,-0.425377,3.76288,-36194.6,-1,9.31677e-10,1,0
0.00603366,-0.219404,-0.0237598,-0.425153,3.7618,-36363.4,-1,9.6625e-10,1,0
0.0060342,-0.219091,-0.0241538,-0.424849,3.76025,-36308.1,-1,5.28353e-10,1,0
0.0060348,-0.218706,-0.024224,-0.424288,3.76027,-36240.7,-1,5.28353e-10,1,0
0.0060357,-0.218124,-0.0243301,-0.423441,3.76235,-36139.1,-1,1.71667e-09,1,0
0.00603695,-0.218919,-0.0236303,-0.423991,3.76192,-36263.1,-1,9.40987e-10,1,0
0.0060393,-0.221234,-0.024939,-0.42381,3.76151,-36632.5,-1,6.81462e-10,1,0
0.00603972,-0.221347,-0.0249247,-0.423922,3.761,-36648.5,-1,2.27843e-09,1,0
0.00604017,-0.221214,-0.0244339,-0.423851,3.76439,-36623.8,-1,4.97983e-10,1,0
0.00604195,-0.22233,-0.0258876,-0.424755,3.76433,-36797.8,-1,4.97983e-10,1,0
0.00604357,-0.223351,-0.027218,-0.425583,3.76404,-36956.9,-1,3.91393e-09,1,0
0.00604431,-0.223012,-0.0270123,-0.42622,3.76516,-36896.2,-1,4.08606e-10,1,0
0.0060451,-0.222634,-0.0263979,-0.426775,3.76518,-36828.9,-1,4.08606e-10,1,0
0.00604644,-0.221993,-0.025356,-0.427715,3.76534,-36714.7,-1,2.8973e-09,1,0
0.00604739,-0.222707,-0.0252179,-0.426927,3.76487,-36827,-1,8.15886e-10,1,0
0.00604808,-0.223122,-0.0246131,-0.426669,3.76464,-36891.4,-1,1.93849e-10,1,0
0.00604965,-0.222812,-0.02414,-0.426028,3.76717,-36830.6,-1,1.56468e-09,1,0
0.00605117,-0.222601,-0.0242134,-0.425409,3.76863,-36786.5,-1,1.81557e-09,1,0
0.00605177,-0.222984,-0.0243681,-0.425695,3.76616,-36846,-1,5.1883e-10,1,0
0.00605214,-0.223012,-0.0244125,-0.425451,3.76604,-36848.4,-1,1.29177e-10,1,0
0.0060524,-0.222762,-0.0244913,-0.4256,3.76605,-36805.6,-1,1.29177e-10,1,0
0.00605339,-0.221786,-0.0245434,-0.425911,3.76657,-36638.2,-1,3.88664e-10,1,0
0.00605463,-0.221585,-0.0231778,-0.425975,3.76566,-36597.6,-1,7.19509e-11,1,0
0.00605627,-0.220601,-0.0226012,-0.42698,3.76661,-36425.2,-1,1.13422e-09,1,0
0.00605779,-0.219031,-0.023023,-0.42764,3.76669,-36156.9,-1,1.13422e-09,1,0
0.00605901,-0.21874,-0.0230956,-0.428283,3.76979,-36101.5,-1,7.7598e-10,1,0
0.0060597,-0.21861,-0.0226928,-0.428726,3.76791,-36076,-1,3.5028e-10,1,0
0.00606097,-0.217891,-0.0218096,-0.428508,3.76403,-35949.9,-1,7.21564e-10,1,0
0.00606258,-0.217656,-0.0221746,-0.427346,3.76128,-35901.6,-1,3.89663e-10,1,0
0.00606376,-0.218731,-0.0224324,-0.427363,3.76072,-36071.8,-1,1.1422e-09,1,0
0.00606549,-0.220049,-0.0209526,-0.427385,3.76065,-36278.9,-1,1.1422e-09,1,0
0.0060667,-0.221002,-0.0200614,-0.427566,3.76508,-36428.7,-1,2.59558e-10,1,0
0.00606722,-0.220629,-0.0201991,-0.427246,3.76448,-36364.1,-1,1.82012e-10,1,0
0.00606816,-0.220837,-0.0203236,-0.428084,3.76654,-36392.7,-1,2.94129e-10,1,0
0.00606914,-0.221034,-0.0200665,-0.428014,3.77027,-36419.2,-1,4.33751e-10,1,0
0.00607138,-0.221372,-0.017654,-0.427155,3.77025,-36461.6,-1,4.33751e-10,1,0
0.00607178,-0.221252,-0.0173138,-0.427102,3.76817,-36439.5,-1,1.8398e-10,1,0
0.00607361,-0.220701,-0.0176647,-0.427054,3.7686,-36337.7,-1,3.93677e-10,1,0
0.00607458,-0.221152,-0.0185161,-0.427624,3.76857,-36406.1,-1,3.93677e-10,1,0
0.00607711,-0.222265,-0.0207651,-0.429105,3.76857,-36574.1,-1,3.60247e-09,1,0
0.00607842,-0.222778,-0.0219591,-0.429865,3.76855,-36650.6,-1,3.60247e-09,1,0
0.00607962,-0.222603,-0.0229814,-0.429591,3.76997,-36614.6,-1,8.87691e-10,1,0
0.00608081,-0.223228,-0.0218034,-0.4299,3.76994,-36710.3,-1,8.87691e-10,1,0
0.00608181,-0.223417,-0.0212722,-0.430479,3.7695,-36735.3,-1,4.47018e-10,1,0
0.00608219,-0.22382,-0.0213904,-0.430592,3.76948,-36799.3,-1,4.47018e-10,1,0
0.00608282,-0.223762,-0.0213401,-0.430781,3.76904,-36786,-1,7.64468e-10,1,0
0.00608461,-0.223027,-0.0202365,-0.431414,3.77064,-36654.4,-1,8.35173e-10,1,0
0.00608511,-0.223361,-0.0204097,-0.431802,3.77115,-36706.2,-1,1.00517e-10,1,0
0.00608568,-0.223639,-0.0205379,-0.43166,3.76822,-36748.5,-1,4.33462e-10,1,0
0.00608734,-0.224246,-0.0194104,-0.431918,3.76429,-36838.1,-1,3.3927e-10,1,0
0.00608797,-0.224028,-0.0194592,-0.431281,3.76543,-36798.4,-1,8.0232e-11,1,0
0.00608871,-0.224184,-0.0196275,-0.431099,3.7626,-36819.7,-1,5.68662e-10,1,0
0.00608961,-0.223764,-0.0189296,-0.431736,3.7643,-36745.1,-1,1.31189e-09,1,0
0.00609009,-0.223526,-0.0188114,-0.431245,3.76405,-36703.3,-1,3.56952e-10,1,0
0.00609086,-0.222803,-0.0191681,-0.431595,3.76571,-36579.9,-1,8.79088e-10,1,0
0.00609238,-0.221809,-0.018727,-0.432374,3.76537,-36407.7,-1,2.58318e-10,1,0
0.00609295,-0.221369,-0.0184632,-0.43252,3.7643,-36332,-1,2.13472e-10,1,0
0.00609537,-0.222367,-0.0196365,-0.434172,3.76707,-36481.3,-1,9.60949e-10,1,0
0.00609655,-0.222406,-0.0201363,-0.432905,3.76656,-36480.7,-1,1.36248e-09,1,0
0.00609688,-0.222272,-0.020104,-0.432551,3.76562,-36456.6,-1,3.80351e-10,1,0
0.00609773,-0.221663,-0.0195322,-0.433072,3.76565,-36351.7,-1,3.80351e-10,1,0
0.00609836,-0.221383,-0.0190492,-0.43339,3.76468,-36302,-1,1.52168e-09,1,0
0.00609891,-0.221306,-0.0186384,-0.433579,3.76537,-36286.2,-1,5.85108e-10,1,0
0.00610005,-0.220619,-0.0184263,-0.433116,3.76387,-36166.8,-1,1.30758e-10,1,0
0.00610202,-0.218992,-0.0190298,-0.432864,3.7622,-35888.3,-1,1.68437e-09,1,0
0.00610293,-0.218268,-0.0189767,-0.432217,3.75946,-35764.4,-1,6.91444e-11,1,0
0.00610309,-0.218256,-0.0188954,-0.432347,3.75811,-35761.6,-1,9.96471e-10,1,0
0.006104,-0.218275,-0.0183956,-0.433182,3.75883,-35759.3,-1,1.16927e-09,1,0
0.00610497,-0.218471,-0.0180328,-0.432496,3.76386,-35785.8,-1,3.53526e-11,1,0
0.00610528,-0.218578,-0.0179794,-0.432573,3.76581,-35801.5,-1,1.45482e-10,1,0
0.00610656,-0.217328,-0.0179178,-0.431801,3.76459,-35589.2,-1,8.71101e-10,1,0
0.00610766,-0.216245,-0.0178645,-0.431133,3.76465,-35405.6,-1,8.71101e-10,1,0
0.00610912,-0.215748,-0.0188726,-0.431745,3.76444,-35315.7,-1,2.23873e-09,1,0
0.00610984,-0.21563,-0.0195179,-0.432252,3.76444,-35292.3,-1,2.23873e-09,1,0
0.00611206,-0.215269,-0.0215045,-0.433813,3.76323,-35220.3,-1,4.69643e-09,1,0
0.00611248,-0.215213,-0.0217676,-0.433497,3.76332,-35208.7,-1,1.72075e-10,1,0
0.00611371,-0.21543,-0.02087,-0.433691,3.76302,-35237.1,-1,7.29721e-10,1,0
0.00611382,-0.215478,-0.0208511,-0.433699,3.76355,-35244.5,-1,6.01473e-11,1,0
0.00611448,-0.21583,-0.0208327,-0.433078,3.76331,-35298.2,-1,7.28167e-10,1,0
0.00611557,-0.216668,-0.0214573,-0.432864,3.76298,-35429,-1,3.40503e-10,1,0
0.00611599,-0.216853,-0.0214677,-0.4329,3.76177,-35456.7,-1,1.61958e-10,1,0
0.00611726,-0.215771,-0.020544,-0.432615,3.76428,-35272.5,-1,7.13459e-10,1,0
0.00611828,-0.216333,-0.0210694,-0.432804,3.76187,-35358.4,-1,4.96305e-10,1,0
0.00611869,-0.216697,-0.0213258,-0.432955,3.76312,-35415.6,-1,8.34501e-10,1,0
0.00611923,-0.216436,-0.0210177,-0.432602,3.76485,-35369.9,-1,3.06009e-10,1,0
0.00612057,-0.215681,-0.0211271,-0.431583,3.76528,-35238.7,-1,2.53578e-10,1,0
0.0061214,-0.214885,-0.0211564,-0.431254,3.76339,-35103.8,-1,8.4733e-10,1,0
0.00612288,-0.213944,-0.0199865,-0.430445,3.76344,-34941.7,-1,8.4733e-10,1,0
0.00612368,-0.214195,-0.019316,-0.43043,3.76293,-34978.2,-1,2.20717e-10,1,0
0.00612565,-0.21425,-0.0212438,-0.431306,3.76254,-34975.8,-1,1.929e-09,1,0
0.00612622,-0.214518,-0.0215381,-0.431382,3.76284,-35016.3,-1,6.83449e-11,1,0
0.00612649,-0.214608,-0.0215034,-0.431258,3.7634,-35029.6,-1,3.1656e-10,1,0
0.00612667,-0.214752,-0.021426,-0.431256,3.76267,-35052,-1,3.13698e-11,1,0
0.00612739,-0.215013,-0.0212468,-0.430542,3.75982,-35090.4,-1,7.94984e-10,1,0
0.0061276,-0.214831,-0.0213944,-0.430488,3.75879,-35059.5,-1,2.40278e-10,1,0
0.00612953,-0.215363,-0.0207903,-0.430327,3.75845,-35135.3,-1,1.29236e-09,1,0
0.00613017,-0.214839,-0.0203414,-0.430568,3.75848,-35046.2,-1,1.29236e-09,1,0
0.00613103,-0.214654,-0.0197486,-0.430544,3.75637,-35011.1,-1,3.16876e-10,1,0
0.00613204,-0.215513,-0.019292,-0.429918,3.75746,-35145.4,-1,1.48943e-09,1,0
0.00613296,-0.214992,-0.0183852,-0.430105,3.75749,-35055.2,-1,1.48943e-09,1,0
0.00613419,-0.21495,-0.0173822,-0.430301,3.75722,-35041.2,-1,1.25813e-10,1,0
0.00613486,-0.215591,-0.0173448,-0.430395,3.75769,-35142,-1,1.65653e-10,1,0
0.00613597,-0.216228,-0.0180188,-0.430167,3.75829,-35239.4,-1,2.82389e-10,1,0
0.0061372,-0.215305,-0.0186643,-0.430915,3.75758,-35082,-1,9.33851e-11,1,0
0.0061381,-0.214619,-0.0191718,-0.431493,3.75762,-34965.1,-1,9.33851e-11,1,0
0.00613852,-0.214775,-0.0192301,-0.431588,3.75684,-34988.1,-1,2.5184e-09,1,0
0.00613973,-0.215536,-0.0198401,-0.431282,3.75615,-35105.1,-1,7.55902e-10,1,0
0.00614061,-0.216033,-0.0202337,-0.431011,3.75592,-35181,-1,3.91313e-10,1,0
0.00614162,-0.216637,-0.0199115,-0.431225,3.75596,-35273.6,-1,4.65897e-10,1,0
0.00614253,-0.216374,-0.0197546,-0.430377,3.75615,-35225.5,-1,6.88276e-10,1,0
0.00614388,-0.215365,-0.0197429,-0.429875,3.75682,-35053.6,-1,1.56347e-09,1,0
0.00614617,-0.214519,-0.0177972,-0.429717,3.75726,-34902.9,-1,1.29236e-09,1,0
0.00614715,-0.214883,-0.0170159,-0.430082,3.758,-34956.6,-1,6.86611e-10,1,0
0.00614765,-0.214989,-0.0171396,-0.430591,3.75552,-34970.9,-1,1.41687e-10,1,0
0.00614784,-0.214995,-0.0171951,-0.430476,3.75604,-34970.7,-1,9.63855e-11,1,0
0.00614941,-0.214802,-0.0188977,-0.4299,3.75596,-34930.4,-1,1.92524e-09,1,0
0.00615073,-0.214843,-0.0182039,-0.43068,3.75468,-34929.6,-1,1.01012e-09,1,0
0.00615146,-0.215036,-0.0187262,-0.430307,3.75468,-34956.9,-1,1.84388e-10,1,0
0.00615217,-0.214918,-0.0187006,-0.42963,3.75362,-34933.6,-1,8.26884e-11,1,0
0.00615441,-0.216813,-0.0179848,-0.430818,3.75312,-35228.8,-1,1.27754e-09,1,0
0.0061562,-0.216329,-0.0187456,-0.430877,3.75171,-35140,-1,1.03303e-09,1,0
0.00615785,-0.21546,-0.0192903,-0.429277,3.75175,-34989.4,-1,1.03303e-09,1,0
0.00615873,-0.215247,-0.0191105,-0.428573,3.75086,-34950,-1,3.51822e-09,1,0
0.00616108,-0.215637,-0.016802,-0.427219,3.74951,-34999.9,-1,1.29247e-09,1,0
0.00616234,-0.215441,-0.0169803,-0.426262,3.75208,-34960.9,-1,2.7551e-10,1,0
0.00616271,-0.215246,-0.0171547,-0.425959,3.75215,-34927.2,-1,3.45571e-10,1,0
0.0061638,-0.214444,-0.0176057,-0.425103,3.75223,-34790.9,-1,4.54813e-10,1,0
0.00616462,-0.213689,-0.0179276,-0.424885,3.75195,-34663.7,-1,5.24826e-10,1,0
0.00616695,-0.211141,-0.0186212,-0.424467,3.75204,-34237.5,-1,2.44896e-09,1,0
0.00616784,-0.210775,-0.0186731,-0.424608,3.75167,-34173.2,-1,8.7523e-10,1,0
0.00616827,-0.211046,-0.0183689,-0.424883,3.75064,-34214.8,-1,8.7037e-10,1,0
0.00616983,-0.210239,-0.0178056,-0.423459,3.75117,-34075.3,-1,8.81115e-11,1,0
0.00617008,-0.210114,-0.0177912,-0.423313,3.74969,-34053.7,-1,1.9163e-09,1,0
0.00617129,-0.210152,-0.0176697,-0.423332,3.75586,-34053.2,-1,7.46291e-10,1,0
0.00617353,-0.209124,-0.0184573,-0.424675,3.75613,-33874.3,-1,1.64304e-09,1,0
0.00617441,-0.208987,-0.0185952,-0.424924,3.75377,-33847.3,-1,6.132e-10,1,0
0.00617663,-0.208151,-0.0185093,-0.425695,3.74845,-33699.8,-1,1.2923e-09,1,0
0.00617759,-0.208774,-0.0180956,-0.424903,3.74781,-33795.3,-1,8.71614e-10,1,0
0.0061784,-0.209488,-0.0176105,-0.425248,3.74924,-33906.4,-1,9.29913e-10,1,0
0.00618008,-0.2096,-0.0178612,-0.426304,3.75148,-33915.4,-1,4.79846e-10,1,0
0.00618082,-0.209165,-0.0171411,-0.426386,3.75151,-33841,-1,4.79846e-10,1,0
0.00618152,-0.209584,-0.0167726,-0.426277,3.75513,-33905,-1,2.42272e-10,1,0
0.0061833,-0.211041,-0.015983,-0.425372,3.75336,-34130.9,-1,1.29239e-09,1,0
0.00618482,-0.211696,-0.0153106,-0.423904,3.75325,-34228.3,-1,1.7428e-09,1,0
0.00618728,-0.210144,-0.0149653,-0.422006,3.75182,-33963.9,-1,4.44459e-10,1,0
0.00618787,-0.210031,-0.014286,-0.422011,3.75183,-33942.3,-1,4.44459e-10,1,0
0.00618977,-0.210241,-0.013235,-0.420699,3.75236,-33965.9,-1,1.38746e-09,1,0
0.0061903,-0.210494,-0.0135333,-0.420605,3.75484,-34003.9,-1,1.14692e-10,1,0
0.00619128,-0.209805,-0.0129178,-0.420999,3.75606,-33887.2,-1,9.18353e-10,1,0
0.00619221,-0.209853,-0.0125602,-0.421566,3.75403,-33889.8,-1,3.69028e-10,1,0
0.00619367,-0.210589,-0.0114671,-0.422559,3.75402,-34000.7,-1,5.92464e-10,1,0
0.00619436,-0.210592,-0.0111051,-0.422351,3.75536,-33997.5,-1,1.57426e-10,1,0
0.00619645,-0.211714,-0.0125862,-0.420812,3.75531,-34167,-1,1.57426e-10,1,0
0.0061973,-0.212001,-0.0128648,-0.420374,3.75695,-34208.5,-1,1.3832e-10,1,0
0.00619796,-0.212155,-0.0130012,-0.420864,3.76087,-34229.9,-1,1.60545e-10,1,0
0.00619913,-0.211572,-0.0134639,-0.4198,3.76005,-34129.3,-1,6.13447e-11,1,0
0.0062001,-0.211834,-0.0135803,-0.42021,3.76185,-34166.2,-1,3.41226e-10,1,0
0.00620086,-0.211891,-0.0131891,-0.420761,3.75928,-34171.3,-1,1.20154e-10,1,0
0.00620171,-0.212455,-0.0137036,-0.42016,3.75882,-34257.6,-1,2.16531e-10,1,0
0.00620295,-0.212195,-0.0133549,-0.420313,3.75844,-34208.7,-1,5.37859e-10,1,0
0.00620409,-0.212032,-0.0134321,-0.420136,3.75702,-34176.2,-1,7.37979e-10,1,0
0.00620545,-0.212688,-0.0141795,-0.419635,3.75589,-34274.5,-1,3.39747e-10,1,0
0.00620634,-0.21178,-0.0146198,-0.419647,3.75731,-34123.1,-1,1.00953e-09,1,0
0.00620729,-0.211188,-0.0144734,-0.418756,3.75725,-34022.5,-1,2.15841e-11,1,0
0.00620855,-0.210115,-0.0151726,-0.418173,3.75638,-33842.9,-1,1.06304e-09,1,0
0.00620939,-0.210744,-0.0154424,-0.417479,3.75438,-33939.6,-1,9.75107e-10,1,0
0.00621035,-0.211018,-0.0164156,-0.417903,3.7556,-33978.5,-1,1.09652e-09,1,0
0.00621156,-0.211532,-0.0175047,-0.418461,3.75588,-34054.6,-1,2.94522e-10,1,0
0.00621224,-0.211614,-0.0172213,-0.417852,3.75565,-34064.1,-1,7.27482e-10,1,0
0.00621374,-0.211458,-0.0178757,-0.418755,3.75394,-34030.7,-1,5.50606e-10,1,0
0.00621405,-0.211405,-0.0178429,-0.41889,3.74993,-34020.4,-1,2.06654e-10,1,0
0.00621502,-0.212238,-0.0175984,-0.418536,3.74864,-34149.2,-1,2.25143e-10,1,0
0.00621542,-0.212276,-0.0177218,-0.418595,3.74938,-34153.1,-1,1.01857e-10,1,0
0.00621645,-0.211722,-0.0171128,-0.417927,3.74488,-34058.3,-1,1.11293e-09,1,0
0.00621764,-0.211211,-0.0165132,-0.417711,3.74163,-33969.6,-1,6.17539e-10,1,0
0.00621964,-0.208928,-0.0166345,-0.417624,3.74175,-33591.6,-1,6.17539e-10,1,0
0.00622009,-0.208554,-0.0166544,-0.417652,3.74092,-33529.1,-1,2.72891e-09,1,0
0.00622031,-0.208664,-0.0165181,-0.417615,3.73804,-33545.6,-1,1.62009e-10,1,0
0.00622101,-0.208119,-0.0164712,-0.418022,3.73889,-33454.2,-1,1.36851e-10,1,0
0.00622271,-0.206351,-0.0167748,-0.417249,3.73898,-33160.9,-1,1.36851e-10,1,0
0.00622421,-0.205574,-0.0173931,-0.416582,3.73656,-33028.1,-1,4.18693e-10,1,0
0.00622567,-0.205829,-0.0162459,-0.417599,3.7381,-33061.4,-1,1.59139e-09,1,0
0.00622668,-0.205979,-0.0169209,-0.418025,3.73598,-33080.1,-1,9.48075e-10,1,0
0.00622794,-0.20701,-0.0160654,-0.417486,3.73448,-33238.9,-1,1.06861e-09,1,0
0.00622964,-0.207729,-0.0159671,-0.418473,3.73237,-33345.2,-1,1.2922e-09,1,0
0.00623074,-0.208236,-0.0159475,-0.417941,3.73189,-33420.8,-1,8.6726e-10,1,0
0.00623259,-0.206549,-0.0156895,-0.416668,3.73197,-33140.1,-1,8.6726e-10,1,0
0.00623281,-0.206586,-0.0156517,-0.416565,3.72746,-33145,-1,2.62796e-11,1,0
0.00623484,-0.205963,-0.0169923,-0.416796,3.72753,-33034.3,-1,1.03193e-09,1,0
0.00623508,-0.205851,-0.0171266,-0.416983,3.72988,-33015,-1,6.88521e-11,1,0
0.00623547,-0.205729,-0.01709,-0.416902,3.72729,-32993.3,-1,3.08646e-10,1,0
0.00623553,-0.205766,-0.0171332,-0.416904,3.72621,-32999,-1,4.56711e-12,1,0
0.00623736,-0.204742,-0.0181836,-0.418155,3.72669,-32825.1,-1,1.29268e-09,1,0
0.0062383,-0.203919,-0.0186905,-0.417697,3.72673,-32688.3,-1,1.29268e-09,1,0
0.00623949,-0.203111,-0.0190574,-0.416992,3.726,-32552.5,-1,2.154e-09,1,0
0.00624055,-0.203294,-0.0184207,-0.415994,3.7295,-32576.3,-1,2.02489e-10,1,0
0.00624126,-0.203399,-0.0191081,-0.415562,3.7295,-32589.3,-1,2.02489e-10,1,0
0.00624187,-0.203489,-0.0196896,-0.415192,3.72967,-32600.6,-1,1.49795e-09,1,0
0.00624289,-0.203719,-0.0204745,-0.414346,3.72966,-32632.2,-1,1.49795e-09,1,0
0.00624447,-0.204557,-0.0201225,-0.414368,3.72907,-32758,-1,8.34572e-10,1,0
0.00624498,-0.204733,-0.0198873,-0.414496,3.72909,-32783.6,-1,1.06662e-10,1,0
0.00624597,-0.204793,-0.0195187,-0.415084,3.72831,-32788.1,-1,1.12689e-09,1,0
0.00624651,-0.204774,-0.0200256,-0.415431,3.72831,-32782.2,-1,1.12689e-09,1,0
0.00624834,-0.204872,-0.0209803,-0.41558,3.72551,-32788.2,-1,8.92811e-10,1,0
0.00624905,-0.20529,-0.0205671,-0.415636,3.72418,-32851.3,-1,6.40983e-10,1,0
0.0062496,-0.205007,-0.0205229,-0.415821,3.72463,-32803.2,-1,5.64954e-11,1,0
0.00625029,-0.205223,-0.0207922,-0.416515,3.72417,-32834.2,-1,5.15599e-11,1,0
0.00625202,-0.205188,-0.0199015,-0.416744,3.72279,-32819.5,-1,1.29257e-09,1,0
0.00625318,-0.204287,-0.0196687,-0.416892,3.72093,-32669.3,-1,1.13142e-09,1,0
0.00625459,-0.205786,-0.0201851,-0.416672,3.7218,-32901.6,-1,6.1279e-10,1,0
0.00625568,-0.20693,-0.0206693,-0.416729,3.72174,-33078.8,-1,6.1279e-10,1,0
0.00625708,-0.208406,-0.0212934,-0.416803,3.72163,-33307.2,-1,2.84773e-09,1,0
0.00625831,-0.208249,-0.0199185,-0.416547,3.72351,-33275.5,-1,1.40724e-09,1,0
0.00625874,-0.208258,-0.0199958,-0.416973,3.72423,-33274.8,-1,4.8576e-11,1,0
0.00625949,-0.208268,-0.0206516,-0.416456,3.72473,-33272.4,-1,7.14198e-11,1,0
0.00626175,-0.208279,-0.022693,-0.414858,3.72473,-33262.1,-1,7.14198e-11,1,0
0.0062622,-0.208092,-0.0229516,-0.414817,3.72273,-33229.8,-1,3.78593e-10,1,0
0.00626271,-0.208487,-0.0226506,-0.415101,3.72236,-33290.2,-1,5.69666e-10,1,0
0.00626374,-0.208873,-0.0217899,-0.415813,3.72255,-33346.3,-1,1.36387e-10,1,0
0.00626557,-0.209551,-0.0219814,-0.416284,3.72094,-33444.9,-1,8.77141e-10,1,0
0.00626823,-0.207538,-0.0241963,-0.415671,3.72104,-33109.4,-1,8.77141e-10,1,0
0.00626911,-0.20688,-0.0249199,-0.415471,3.72108,-32999.8,-1,8.77141e-10,1,0
0.00627088,-0.20554,-0.0263934,-0.415063,3.72158,-32776.8,-1,6.35739e-09,1,0
0.0062734,-0.204364,-0.0264646,-0.414183,3.72325,-32576.3,-1,1.29285e-09,1,0
0.00627419,-0.204577,-0.0272902,-0.414481,3.72431,-32606.1,-1,1.20123e-09,1,0
0.00627663,-0.20388,-0.028632,-0.412259,3.72447,-32482.5,-1,1.49639e-09,1,0
0.00627725,-0.203462,-0.0290487,-0.412009,3.72536,-32412.5,-1,1.74831e-09,1,0
0.0062787,-0.202385,-0.0294233,-0.411903,3.72682,-32233.6,-1,3.67315e-10,1,0
0.00627925,-0.202578,-0.029807,-0.411593,3.72345,-32261.5,-1,5.08729e-10,1,0
0.00628034,-0.202413,-0.0295943,-0.411521,3.72249,-32229.7,-1,5.13735e-10,1,0
0.00628074,-0.202321,-0.0295049,-0.411967,3.72169,-32212.9,-1,4.63287e-10,1,0
0.00628111,-0.20221,-0.0298768,-0.411818,3.72165,-32193.4,-1,3.23591e-10,1,0
0.00628294,-0.202627,-0.0312594,-0.410918,3.7226,-32250.4,-1,1.81067e-10,1,0
0.00628425,-0.201895,-0.0323678,-0.411002,3.72325,-32127.1,-1,1.26548e-09,1,0
0.00628511,-0.201345,-0.0325643,-0.410343,3.72258,-32035.2,-1,4.07441e-10,1,0
0.00628622,-0.200638,-0.0330956,-0.409419,3.72261,-31917.2,-1,4.07441e-10,1,0
0.0062874,-0.200712,-0.0327616,-0.410507,3.72334,-31922.9,-1,2.19745e-11,1,0
0.00628817,-0.200713,-0.0323998,-0.411295,3.72299,-31919.1,-1,1.1753e-10,1,0
0.00629013,-0.199406,-0.0324674,-0.411608,3.72533,-31701.4,-1,1.39989e-09,1,0
0.00629047,-0.199365,-0.0325575,-0.41194,3.7269,-31693.2,-1,3.5489e-10,1,0
0.00629109,-0.199292,-0.0328657,-0.411409,3.7255,-31678.5,-1,1.16973e-10,1,0
0.00629133,-0.199298,-0.0330628,-0.411472,3.72361,-31678.3,-1,1.98572e-10,1,0
0.00629344,-0.199816,-0.0311185,-0.412052,3.72187,-31750,-1,1.21512e-09,1,0
0.00629467,-0.200802,-0.0301337,-0.412283,3.72182,-31900.3,-1,1.21512e-09,1,0
0.00629558,-0.200989,-0.0295674,-0.412571,3.72036,-31925.5,-1,1.1105e-10,1,0
0.00629662,-0.200714,-0.0295657,-0.412422,3.71995,-31876.5,-1,1.43849e-10,1,0
0.00629803,-0.200052,-0.0297868,-0.413886,3.71985,-31764.2,-1,1.62197e-09,1,0
0.00629939,-0.199311,-0.0301031,-0.41468,3.71971,-31639.8,-1,1.32761e-09,1,0
0.00630058,-0.199327,-0.0313242,-0.415104,3.72247,-31636.3,-1,2.6492e-10,1,0
0.00630139,-0.199318,-0.0321984,-0.41541,3.72247,-31630.8,-1,2.6492e-10,1,0
0.00630322,-0.1981,-0.0325478,-0.415873,3.72359,-31428.4,-1,3.05415e-09,1,0
0.00630406,-0.198255,-0.0323504,-0.416585,3.72241,-31448.7,-1,1.48149e-09,1,0
0.00630448,-0.198459,-0.0322656,-0.417007,3.72116,-31479,-1,1.24722e-09,1,0
0.00630518,-0.198055,-0.0328165,-0.417442,3.72006,-31411.5,-1,8.09405e-10,1,0
0.00630608,-0.198823,-0.0333203,-0.417142,3.72153,-31528.7,-1,2.3011e-12,1,0
0.00630734,-0.198185,-0.0334686,-0.415928,3.72087,-31421.3,-1,5.63597e-10,1,0
0.00630841,-0.199156,-0.0335278,-0.416361,3.72147,-31570,-1,1.1983e-11,1,0
0.00630957,-0.198091,-0.033635,-0.415748,3.72272,-31395.3,-1,6.5177e-10,1,0
0.00631103,-0.198146,-0.0337987,-0.416843,3.72066,-31396.7,-1,1.32656e-09,1,0
0.00631166,-0.197704,-0.0333136,-0.416557,3.72068,-31323.6,-1,1.06654e-09,1,0
0.00631334,-0.198031,-0.0326403,-0.417833,3.72071,-31367.1,-1,1.29263e-09,1,0
0.00631447,-0.198764,-0.0327759,-0.417863,3.719,-31477.5,-1,2.95942e-10,1,0
0.00631591,-0.198381,-0.0335335,-0.417364,3.71968,-31409.7,-1,1.94022e-10,1,0
0.0063166,-0.198085,-0.0338529,-0.417102,3.71951,-31359.5,-1,4.81861e-10,1,0
0.00631792,-0.198226,-0.0324307,-0.417547,3.7193,-31375.1,-1,2.09251e-10,1,0
0.00631928,-0.198185,-0.032901,-0.418175,3.72018,-31362,-1,1.0469e-09,1,0
0.00631946,-0.19819,-0.032908,-0.417966,3.72018,-31361.8,-1,1.0469e-09,1,0
0.00632022,-0.197857,-0.033071,-0.417663,3.71668,-31305.3,-1,2.63931e-10,1,0
0.00632133,-0.197204,-0.0334397,-0.417523,3.71859,-31196.6,-1,8.57985e-10,1,0
0.00632216,-0.197488,-0.0337377,-0.416933,3.71752,-31237.5,-1,1.15724e-10,1,0
0.00632268,-0.198067,-0.033699,-0.417027,3.7155,-31326.4,-1,5.87193e-10,1,0
0.00632374,-0.197327,-0.0340688,-0.416863,3.71655,-31204.2,-1,7.94076e-10,1,0
0.00632526,-0.197998,-0.0339191,-0.417828,3.71505,-31302.8,-1,9.68335e-10,1,0
0.00632623,-0.198893,-0.0336577,-0.417307,3.71765,-31439.4,-1,1.03916e-09,1,0
0.00632686,-0.198816,-0.0333207,-0.417133,3.71745,-31424.2,-1,4.43188e-10,1,0
0.00632773,-0.198606,-0.032581,-0.416982,3.71769,-31386.7,-1,2.92621e-10,1,0
0.00632827,-0.198297,-0.0320421,-0.417043,3.71675,-31335,-1,1.32396e-09,1,0
0.00632854,-0.198218,-0.0318589,-0.417208,3.71533,-31321.3,-1,2.81742e-10,1,0
0.00632938,-0.19898,-0.0321696,-0.416718,3.71529,-31437.5,-1,2.81742e-10,1,0
0.00633064,-0.199646,-0.0319332,-0.417077,3.71301,-31536.5,-1,1.60706e-09,1,0
0.00633146,-0.199851,-0.0314289,-0.417823,3.70977,-31564.7,-1,2.958e-11,1,0
0.00633252,-0.199298,-0.0324993,-0.417962,3.70959,-31472.1,-1,1.2128e-09,1,0
0.00633297,-0.199033,-0.0322288,-0.417866,3.708,-31428,-1,1.6456e-10,1,0
0.00633354,-0.198916,-0.0316753,-0.417847,3.70627,-31406.7,-1,7.49858e-12,1,0
0.00633412,-0.199126,-0.0321372,-0.418092,3.70878,-31437.1,-1,5.7414e-10,1,0
0.0063352,-0.198442,-0.0327955,-0.417302,3.70882,-31323.7,-1,5.7414e-10,1,0
0.00633638,-0.199276,-0.0327707,-0.417321,3.70842,-31449.5,-1,1.62702e-09,1,0
0.00633678,-0.19967,-0.0326503,-0.417388,3.70613,-31509.7,-1,4.93998e-11,1,0
0.00633789,-0.200562,-0.0328663,-0.417283,3.70548,-31645,-1,7.90811e-10,1,0
0.00634044,-0.201328,-0.0342701,-0.416642,3.70737,-31752.9,-1,3.19603e-10,1,0
0.00634103,-0.201633,-0.0342529,-0.416031,3.70816,-31798.1,-1,1.62543e-09,1,0
0.00634205,-0.202232,-0.0340895,-0.415234,3.7065,-31887.5,-1,2.34993e-10,1,0
0.00634329,-0.2026,-0.0352197,-0.415965,3.70564,-31939.2,-1,3.55066e-11,1,0
0.00634447,-0.202752,-0.0364346,-0.415734,3.70554,-31957.3,-1,9.01595e-10,1,0
0.00634456,-0.202757,-0.0364748,-0.415645,3.70554,-31957.6,-1,9.01595e-10,1,0
0.00634744,-0.201609,-0.0350145,-0.414849,3.70515,-31762.2,-1,2.24367e-09,1,0
0.00634953,-0.200994,-0.0328751,-0.415327,3.70501,-31654.9,-1,1.19566e-09,1,0
0.00635039,-0.20077,-0.0323543,-0.415518,3.70605,-31615.4,-1,2.79242e-10,1,0
0.00635271,-0.201963,-0.0331045,-0.415455,3.70683,-31791.6,-1,6.20028e-10,1,0
0.00635313,-0.201998,-0.0332573,-0.415804,3.70698,-31795,-1,7.78501e-11,1,0
0.006354,-0.202233,-0.033239,-0.41645,3.71081,-31827.7,-1,7.7622e-10,1,0
0.00635435,-0.202551,-0.033469,-0.416359,3.7108,-31875.9,-1,7.7622e-10,1,0
0.0063552,-0.202655,-0.0327362,-0.416006,3.70995,-31888,-1,7.78253e-10,1,0
0.00635569,-0.20253,-0.0324211,-0.415795,3.70932,-31865.9,-1,1.5697e-10,1,0
0.00635698,-0.202586,-0.0333931,-0.416469,3.70991,-31868.4,-1,1.29234e-09,1,0
0.00635858,-0.202078,-0.0325979,-0.417653,3.71198,-31780.4,-1,6.98779e-10,1,0
0.00635894,-0.202118,-0.0325297,-0.417863,3.71343,-31784.9,-1,9.0812e-10,1,0
0.00635973,-0.202848,-0.032665,-0.418381,3.71385,-31895.7,-1,1.12389e-09,1,0
0.00636118,-0.202155,-0.0328432,-0.419495,3.71336,-31779.4,-1,1.14567e-09,1,0
0.0063619,-0.201704,-0.0331142,-0.419028,3.71297,-31704.9,-1,3.99588e-10,1,0
0.00636216,-0.201931,-0.0330537,-0.418895,3.71257,-31739.4,-1,3.66868e-12,1,0
0.00636339,-0.202963,-0.0333336,-0.418346,3.71071,-31895.4,-1,1.0857e-11,1,0
0.00636408,-0.202612,-0.0335788,-0.418996,3.7111,-31836.8,-1,7.78419e-10,1,0
0.00636601,-0.203446,-0.0338572,-0.417522,3.70969,-31958.2,-1,1.67373e-09,1,0
0.00636672,-0.203752,-0.0340193,-0.41789,3.7089,-32002.6,-1,3.36105e-10,1,0
0.00636779,-0.202978,-0.0337228,-0.418781,3.70996,-31875.8,-1,1.2167e-09,1,0
0.00636873,-0.202405,-0.0340432,-0.418509,3.70885,-31781.1,-1,3.23305e-10,1,0
0.00636946,-0.202463,-0.0333924,-0.41876,3.70572,-31786.6,-1,7.34603e-10,1,0
0.006371,-0.202832,-0.0317757,-0.419377,3.70484,-31836.7,-1,1.76947e-09,1,0
0.00637237,-0.203554,-0.03116,-0.418959,3.70542,-31943.3,-1,1.41154e-10,1,0
0.00637325,-0.203107,-0.0313799,-0.419516,3.70352,-31868.6,-1,7.98389e-10,1,0
0.00637439,-0.202947,-0.0321358,-0.420476,3.7025,-31837.8,-1,1.65385e-10,1,0
0.00637619,-0.203864,-0.0323869,-0.420587,3.70134,-31972.7,-1,1.18778e-09,1,0
0.00637807,-0.204325,-0.0326579,-0.419774,3.7012,-32035.5,-1,1.1802e-10,1,0
0.00637922,-0.204363,-0.0325953,-0.420339,3.69837,-32035.8,-1,6.9869e-10,1,0
0.00638061,-0.204141,-0.031654,-0.420663,3.69867,-31993.9,-1,6.15771e-10,1,0
0.006381,-0.20386,-0.0317769,-0.42058,3.69958,-31948,-1,6.52559e-11,1,0
0.00638141,-0.20412,-0.0314234,-0.420419,3.69998,-31986.7,-1,4.67748e-10,1,0
0.00638279,-0.205076,-0.0308504,-0.421527,3.70114,-32129.5,-1,1.57166e-09,1,0
0.00638338,-0.20487,-0.0306596,-0.421142,3.70089,-32094.3,-1,3.35645e-10,1,0
0.00638506,-0.204933,-0.0299523,-0.42144,3.70111,-32095.7,-1,3.62074e-10,1,0
0.00638618,-0.203666,-0.0298287,-0.421478,3.70097,-31891.7,-1,1.2736e-09,1,0
0.00638748,-0.202364,-0.0299206,-0.421919,3.7022,-31681.4,-1,1.07431e-10,1,0
0.0063877,-0.202578,-0.0298119,-0.421885,3.70255,-31713.8,-1,1.48685e-10,1,0
0.00638806,-0.202784,-0.0296422,-0.421898,3.70504,-31744.2,-1,3.36925e-10,1,0
0.00638944,-0.202123,-0.0308848,-0.421809,3.70424,-31633.9,-1,1.56026e-09,1,0
0.00639125,-0.202594,-0.0326322,-0.422613,3.70279,-31698.7,-1,1.35972e-10,1,0
0.0063929,-0.202561,-0.0343376,-0.423076,3.70026,-31685.3,-1,4.27689e-10,1,0
0.00639337,-0.202611,-0.0347643,-0.423072,3.6979,-31690.8,-1,1.14148e-10,1,0
0.00639453,-0.203009,-0.0338972,-0.423882,3.69387,-31747.4,-1,1.28298e-09,1,0
0.00639571,-0.203779,-0.0331036,-0.423101,3.69383,-31861.8,-1,1.28298e-09,1,0
0.00639682,-0.204485,-0.0323696,-0.422361,3.69417,-31966.7,-1,2.59826e-09,1,0
0.00639784,-0.204407,-0.0321534,-0.421231,3.69417,-31949.4,-1,2.59826e-09,1,0
0.00639901,-0.204316,-0.0319026,-0.419921,3.69418,-31929.3,-1,2.59826e-09,1,0
0.00640069,-0.204186,-0.0315438,-0.418046,3.69422,-31900.6,-1,4.4259e-09,1,0
0.00640188,-0.204433,-0.0326066,-0.418629,3.6919,-31933.2,-1,1.29254e-09,1,0
0.00640334,-0.203232,-0.033706,-0.418299,3.69374,-31738.5,-1,1.66088e-09,1,0
0.00640477,-0.202055,-0.0347839,-0.417976,3.6938,-31547.6,-1,1.66088e-09,1,0
0.00640548,-0.201466,-0.0353234,-0.417814,3.6935,-31452.1,-1,2.44352e-09,1,0
0.00640628,-0.201617,-0.0348707,-0.418564,3.69437,-31471.8,-1,5.66798e-10,1,0
0.0064067,-0.201697,-0.0346627,-0.418994,3.69437,-31482.2,-1,5.66798e-10,1,0
0.006408,-0.200874,-0.0337003,-0.419151,3.69465,-31347.4,-1,8.57049e-10,1,0
0.00640842,-0.200778,-0.0336527,-0.418909,3.69335,-31330.3,-1,6.17245e-10,1,0
0.00640971,-0.201389,-0.0336352,-0.417629,3.69097,-31419.4,-1,5.63034e-10,1,0
0.00641058,-0.200825,-0.0331042,-0.418077,3.6919,-31327.2,-1,3.59798e-10,1,0
0.00641164,-0.200118,-0.0326251,-0.418937,3.69445,-31211.7,-1,1.18176e-09,1,0
0.00641292,-0.200491,-0.0340121,-0.419172,3.69351,-31263.6,-1,1.52471e-11,1,0
0.00641414,-0.199968,-0.0341321,-0.418771,3.69228,-31176.2,-1,1.02599e-09,1,0
0.00641473,-0.200083,-0.0337546,-0.418215,3.69219,-31191.2,-1,4.6186e-10,1,0
0.00641659,-0.200272,-0.0351333,-0.419809,3.6908,-31211.6,-1,8.48409e-10,1,0
0.00641773,-0.201431,-0.034946,-0.41972,3.69033,-31386.6,-1,9.41544e-10,1,0
0.00641896,-0.20243,-0.0341154,-0.419417,3.69157,-31536.2,-1,4.64384e-10,1,0
0.00642124,-0.202122,-0.0334726,-0.419835,3.69192,-31477.2,-1,8.24916e-10,1,0
0.00642297,-0.20371,-0.0325425,-0.419865,3.69322,-31715.8,-1,5.48658e-10,1,0
0.00642483,-0.203666,-0.0308741,-0.418629,3.69046,-31699.8,-1,8.02594e-10,1,0
0.00642501,-0.203823,-0.0307758,-0.418583,3.69044,-31723.4,-1,4.70648e-11,1,0
0.00642555,-0.2041,-0.0305964,-0.418572,3.69199,-31763.8,-1,3.22646e-10,1,0
0.00642631,-0.20377,-0.0312477,-0.418115,3.69494,-31708.7,-1,1.0168e-09,1,0
0.00642845,-0.202393,-0.0292921,-0.417613,3.69501,-31484,-1,1.0168e-09,1,0
0.00642925,-0.202445,-0.0285616,-0.417672,3.69571,-31488.1,-1,5.16069e-10,1,0
0.00643018,-0.202006,-0.0287709,-0.417319,3.69558,-31415.3,-1,1.28062e-10,1,0
0.0064316,-0.20171,-0.0294922,-0.417504,3.69622,-31362.3,-1,1.01498e-09,1,0
0.0064325,-0.202176,-0.0286846,-0.41773,3.69604,-31430.4,-1,1.62619e-10,1,0
0.00643406,-0.203011,-0.0272877,-0.418385,3.6969,-31552.5,-1,1.34716e-11,1,0
0.00643536,-0.20278,-0.0282437,-0.417851,3.69827,-31510.3,-1,6.16231e-10,1,0
0.0064358,-0.202566,-0.0286999,-0.417875,3.69907,-31474.8,-1,1.36951e-09,1,0
0.00643616,-0.202428,-0.0285886,-0.418011,3.69666,-31451.6,-1,2.80277e-10,1,0
0.00643647,-0.202472,-0.0284842,-0.417796,3.69674,-31457,-1,2.33032e-10,1,0
0.00643669,-0.20258,-0.0283262,-0.417646,3.69641,-31472.8,-1,4.94909e-10,1,0
0.00643801,-0.202884,-0.0276919,-0.417917,3.69887,-31513.5,-1,6.99297e-10,1,0
0.00643976,-0.203667,-0.0276804,-0.419417,3.69758,-31626.4,-1,4.4283e-10,1,0
0.00644016,-0.203639,-0.0275351,-0.419814,3.69724,-31620.2,-1,1.24648e-09,1,0
0.00644104,-0.203472,-0.0270879,-0.420702,3.69557,-31589.9,-1,5.2413e-10,1,0
0.00644224,-0.20325,-0.0275846,-0.420372,3.69227,-31549.5,-1,4.81642e-10,1,0
0.00644299,-0.203854,-0.0281635,-0.420488,3.69234,-31639.7,-1,5.00343e-11,1,0
0.00644466,-0.204171,-0.0291508,-0.421281,3.69235,-31680.6,-1,1.29255e-09,1,0
0.0064464,-0.204832,-0.0299017,-0.420381,3.69247,-31774.7,-1,1.00207e-11,1,0
0.00644695,-0.204572,-0.0303086,-0.419998,3.69274,-31731.5,-1,1.51152e-09,1,0
0.00644781,-0.20454,-0.0303784,-0.420782,3.69023,-31722.5,-1,7.5822e-10,1,0
0.00644896,-0.203382,-0.0307723,-0.421231,3.69026,-31537.2,-1,1.08097e-09,1,0
0.00644946,-0.203096,-0.0305493,-0.42128,3.68913,-31490.5,-1,2.94278e-10,1,0
0.00644995,-0.202897,-0.03026,-0.420937,3.68991,-31457.1,-1,8.81988e-11,1,0
0.0064507,-0.202536,-0.0298136,-0.420296,3.68993,-31397.6,-1,8.81988e-11,1,0
0.00645134,-0.202232,-0.029436,-0.419754,3.68981,-31347.2,-1,1.01052e-10,1,0
0.00645157,-0.202274,-0.0295538,-0.41954,3.69252,-31352.7,-1,2.41501e-10,1,0
0.00645205,-0.201862,-0.029435,-0.419486,3.69479,-31286.6,-1,4.74072e-10,1,0
0.00645387,-0.20214,-0.028918,-0.418529,3.69274,-31320.7,-1,7.81796e-10,1,0
0.00645563,-0.201639,-0.0283854,-0.419716,3.69305,-31234.7,-1,5.00794e-10,1,0
0.00645681,-0.201598,-0.0278889,-0.420972,3.69307,-31222.6,-1,2.85252e-09,1,0
0.00645786,-0.201385,-0.0270304,-0.420628,3.69474,-31184.5,-1,1.97459e-10,1,0
0.00645971,-0.200414,-0.0264302,-0.420573,3.69345,-31025.2,-1,3.51565e-10,1,0
0.00646022,-0.200066,-0.0264581,-0.420637,3.69174,-30969,-1,1.16188e-10,1,0
0.00646152,-0.200001,-0.0269975,-0.419568,3.69181,-30952.7,-1,1.0882e-09,1,0
0.00646283,-0.201134,-0.0262978,-0.418905,3.69175,-31121.7,-1,1.0882e-09,1,0
0.00646398,-0.202135,-0.0256801,-0.41832,3.69095,-31270.9,-1,2.801e-09,1,0
0.00646485,-0.201601,-0.0257687,-0.418872,3.691,-31184.2,-1,1.70727e-10,1,0
0.00646534,-0.201889,-0.025332,-0.418909,3.69293,-31226.4,-1,2.42291e-11,1,0
0.00646574,-0.202054,-0.025114,-0.418773,3.69454,-31249.9,-1,1.60232e-10,1,0
0.00646824,-0.200153,-0.024239,-0.419484,3.69568,-30944,-1,1.6995e-09,1,0
0.00646881,-0.199648,-0.0240014,-0.419156,3.69645,-30863.1,-1,1.7992e-09,1,0
0.0064694,-0.199357,-0.0241697,-0.418568,3.69518,-30815.4,-1,6.76993e-10,1,0
0.0064711,-0.198447,-0.0243952,-0.418831,3.69169,-30666.7,-1,1.37104e-09,1,0
0.0064728,-0.196926,-0.0239626,-0.418894,3.68975,-30423.6,-1,1.73471e-09,1,0
0.00647355,-0.197087,-0.0239924,-0.41809,3.68964,-30444.9,-1,5.26107e-10,1,0
0.00647426,-0.197751,-0.0240735,-0.418544,3.68931,-30544.1,-1,7.45715e-10,1,0
0.00647699,-0.20056,-0.0237112,-0.419836,3.69056,-30965,-1,1.82091e-09,1,0
0.006479,-0.201089,-0.0234442,-0.417631,3.68931,-31037.1,-1,1.85015e-09,1,0
0.00648112,-0.201649,-0.0231619,-0.415298,3.68928,-31113.3,-1,1.85015e-09,1,0
0.00648244,-0.202004,-0.0231134,-0.413916,3.68713,-31161.8,-1,7.56262e-11,1,0
0.00648286,-0.202099,-0.0232886,-0.41348,3.68757,-31174.4,-1,8.5622e-10,1,0
0.00648359,-0.201965,-0.023795,-0.413011,3.68893,-31150.1,-1,2.28653e-10,1,0
0.0064843,-0.202018,-0.0231401,-0.412628,3.68761,-31154.9,-1,3.82923e-11,1,0
0.00648569,-0.202809,-0.0230658,-0.412627,3.68694,-31270.2,-1,9.32812e-10,1,0
0.00648746,-0.202278,-0.0225044,-0.411637,3.68775,-31179.8,-1,7.07933e-10,1,0
0.00648861,-0.202392,-0.0231114,-0.411495,3.6894,-31191.8,-1,6.76946e-10,1,0
0.00648883,-0.202299,-0.0230309,-0.411303,3.68774,-31176.5,-1,8.44924e-11,1,0
0.0064893,-0.202196,-0.0228578,-0.410879,3.6874,-31158.3,-1,1.79639e-10,1,0
0.00649013,-0.201762,-0.0232448,-0.410133,3.6869,-31087.5,-1,9.45331e-10,1,0
0.00649039,-0.201953,-0.0233127,-0.409991,3.68567,-31115.7,-1,1.36431e-10,1,0
0.00649111,-0.201306,-0.0233087,-0.410372,3.68855,-31012.5,-1,1.09418e-10,1,0
0.00649266,-0.202796,-0.0235016,-0.409833,3.68687,-31234.7,-1,1.57574e-09,1,0
0.00649317,-0.202518,-0.0236507,-0.410263,3.68732,-31189.4,-1,5.04928e-10,1,0
0.00649423,-0.20295,-0.0240809,-0.409227,3.6873,-31250.8,-1,5.04928e-10,1,0
0.00649468,-0.203254,-0.024254,-0.408881,3.68603,-31295.5,-1,1.47546e-09,1,0
0.00649521,-0.203301,-0.024417,-0.408531,3.68469,-31300.2,-1,3.46854e-10,1,0
0.00649578,-0.203664,-0.0246779,-0.408718,3.68312,-31353.2,-1,4.19924e-10,1,0
0.00649685,-0.204684,-0.0244511,-0.409327,3.68307,-31505.2,-1,4.19924e-10,1,0
0.00649849,-0.20613,-0.0235257,-0.409642,3.68198,-31719.7,-1,1.90903e-09,1,0
0.006499,-0.206367,-0.0231153,-0.409574,3.68174,-31753.7,-1,1.27063e-10,1,0
0.00649995,-0.20625,-0.0239018,-0.408879,3.68265,-31731,-1,1.58448e-10,1,0
0.00650147,-0.206183,-0.0241097,-0.409687,3.67958,-31713.3,-1,3.81112e-10,1,0
0.00650183,-0.206127,-0.0242205,-0.409601,3.67702,-31702.9,-1,2.32086e-10,1,0
0.00650348,-0.205356,-0.0230022,-0.409516,3.67723,-31576.4,-1,5.86136e-10,1,0
0.00650438,-0.205006,-0.0238509,-0.409918,3.6767,-31518.2,-1,8.76729e-10,1,0
0.00650568,-0.205111,-0.0249038,-0.410316,3.6732,-31528,-1,3.61695e-10,1,0
0.00650612,-0.205501,-0.0249109,-0.410077,3.67085,-31585.8,-1,1.88969e-10,1,0
0.00650641,-0.205607,-0.0251358,-0.410173,3.66994,-31600.6,-1,2.39204e-10,1,0
0.00650761,-0.205345,-0.0240062,-0.410835,3.67172,-31554.5,-1,2.83055e-10,1,0
0.0065088,-0.204939,-0.0229041,-0.411316,3.67096,-31486.4,-1,2.42355e-09,1,0
0.00651036,-0.204228,-0.0217307,-0.411412,3.67066,-31369.7,-1,1.56228e-09,1,0
0.0065124,-0.204891,-0.0207741,-0.41141,3.66697,-31461.6,-1,6.00266e-10,1,0
0.00651333,-0.204742,-0.0211527,-0.410486,3.6669,-31434.3,-1,1.01468e-09,1,0
0.00651563,-0.20416,-0.0197106,-0.409025,3.66655,-31333.9,-1,1.33254e-09,1,0
0.00651667,-0.204839,-0.0201671,-0.409677,3.66593,-31433.1,-1,9.08038e-11,1,0
0.0065178,-0.204888,-0.0193666,-0.410287,3.66569,-31435.1,-1,9.78812e-10,1,0
0.00651925,-0.205158,-0.0194928,-0.411573,3.66268,-31469.6,-1,1.41802e-09,1,0
0.00652065,-0.204706,-0.0206001,-0.411424,3.662,-31393.5,-1,8.49435e-10,1,0
0.0065224,-0.20397,-0.0221019,-0.41195,3.66126,-31272.3,-1,1.7625e-09,1,0
0.00652432,-0.202936,-0.0226353,-0.410385,3.66037,-31104.6,-1,2.16711e-10,1,0
0.00652661,-0.201752,-0.0232054,-0.408139,3.65843,-30912.2,-1,3.26829e-09,1,0
0.00652747,-0.201205,-0.0238889,-0.407829,3.65741,-30824.4,-1,2.29208e-10,1,0
0.00652857,-0.200479,-0.0248713,-0.407544,3.65744,-30707.9,-1,2.29208e-10,1,0
0.00652928,-0.200316,-0.0247111,-0.407173,3.65751,-30679.7,-1,4.4926e-10,1,0
0.00653056,-0.200146,-0.0241379,-0.407767,3.66105,-30647.7,-1,3.18777e-10,1,0
0.00653229,-0.199798,-0.0230464,-0.408397,3.66117,-30586.2,-1,3.56413e-10,1,0
0.00653278,-0.199468,-0.0226067,-0.408496,3.66119,-30533.4,-1,3.56413e-10,1,0
0.00653394,-0.199643,-0.0223033,-0.408533,3.66156,-30554.8,-1,2.61374e-11,1,0
0.00653571,-0.201495,-0.0230574,-0.408273,3.66261,-30829.8,-1,2.61853e-09,1,0
0.00653728,-0.201243,-0.0228958,-0.410024,3.66309,-30783.8,-1,1.9249e-12,1,0
0.00653811,-0.202045,-0.0233323,-0.409886,3.665,-30902.7,-1,9.29747e-10,1,0
0.00653875,-0.201487,-0.0229031,-0.410062,3.66503,-30814.3,-1,9.29747e-10,1,0
0.0065399,-0.20203,-0.0227696,-0.410735,3.6636,-30891.9,-1,9.86636e-10,1,0
0.00654065,-0.202205,-0.0231303,-0.411219,3.66517,-30915.2,-1,1.61493e-10,1,0
0.00654078,-0.202233,-0.0231761,-0.411345,3.66545,-30918.8,-1,6.78319e-10,1,0
0.00654218,-0.202624,-0.0232265,-0.412892,3.6666,-30971.9,-1,1.61448e-09,1,0
0.00654314,-0.202036,-0.0224866,-0.412576,3.66638,-30877.6,-1,1.39098e-10,1,0
0.00654448,-0.201751,-0.021836,-0.412542,3.66536,-30827.6,-1,3.40884e-10,1,0
0.00654549,-0.202663,-0.0220945,-0.41242,3.66465,-30962.3,-1,1.04062e-09,1,0
0.00654731,-0.202191,-0.0211463,-0.410647,3.66467,-30881.6,-1,1.04062e-09,1,0
0.00654836,-0.201917,-0.020596,-0.409618,3.66469,-30834.8,-1,1.04062e-09,1,0
0.00654983,-0.201535,-0.019828,-0.408182,3.66248,-30769.5,-1,4.69394e-09,1,0
0.00655108,-0.202152,-0.0195616,-0.407226,3.66187,-30857.8,-1,7.63249e-10,1,0
0.0065526,-0.202935,-0.0196141,-0.407277,3.66233,-30970.2,-1,1.28368e-10,1,0
0.00655284,-0.202889,-0.0195978,-0.407518,3.66299,-30962,-1,7.45254e-11,1,0
0.00655412,-0.202987,-0.0184754,-0.407647,3.66173,-30970.9,-1,1.28434e-09,1,0
0.00655547,-0.202318,-0.0194618,-0.40668,3.66176,-30862.5,-1,1.28434e-09,1,0
0.00655597,-0.202074,-0.0196375,-0.406671,3.66442,-30822.9,-1,1.41215e-10,1,0
0.00655641,-0.201855,-0.0199926,-0.40661,3.66399,-30787.4,-1,3.2131e-10,1,0
0.00655697,-0.202185,-0.0197682,-0.406273,3.66428,-30835.1,-1,2.26986e-11,1,0
0.00655769,-0.20204,-0.0191332,-0.406011,3.66294,-30809.5,-1,4.31962e-10,1,0
0.00655965,-0.202063,-0.018423,-0.405905,3.6618,-30803.9,-1,1.4369e-10,1,0
0.00656082,-0.202113,-0.0180039,-0.40556,3.65866,-30806.1,-1,3.59641e-10,1,0
0.00656144,-0.20231,-0.0182885,-0.405325,3.65637,-30833.1,-1,4.4654e-10,1,0
0.00656218,-0.202489,-0.0179427,-0.406043,3.65537,-30857,-1,4.76623e-11,1,0
0.00656249,-0.202645,-0.0177314,-0.405886,3.6576,-30879.2,-1,1.98752e-11,1,0
0.00656433,-0.204452,-0.0179275,-0.406915,3.65751,-31145.9,-1,1.98752e-11,1,0
0.00656534,-0.205398,-0.0179692,-0.407236,3.65933,-31285.2,-1,1.98255e-10,1,0
0.00656627,-0.205412,-0.0179411,-0.406947,3.65582,-31282.9,-1,6.16551e-11,1,0
0.00656671,-0.20536,-0.0183664,-0.406762,3.65683,-31272.8,-1,5.16154e-11,1,0
0.00656803,-0.206236,-0.0182169,-0.407164,3.65605,-31399.9,-1,7.39139e-10,1,0
0.00656912,-0.206594,-0.0181596,-0.408339,3.65365,-31449.3,-1,1.99016e-09,1,0
0.00657056,-0.206559,-0.0178449,-0.406732,3.65516,-31437,-1,1.63782e-09,1,0
0.00657139,-0.20646,-0.0181128,-0.406095,3.65471,-31418.1,-1,6.65091e-10,1,0
0.00657204,-0.206589,-0.0187428,-0.406452,3.65334,-31434.6,-1,7.35377e-10,1,0
0.00657448,-0.20641,-0.0177461,-0.405773,3.6491,-31395.6,-1,7.77487e-10,1,0
0.00657498,-0.206374,-0.0176572,-0.405224,3.64739,-31387.8,-1,1.16563e-10,1,0
0.00657572,-0.206425,-0.0179396,-0.405652,3.64586,-31392,-1,1.70749e-10,1,0
0.00657685,-0.20565,-0.0180574,-0.406676,3.64492,-31268.8,-1,1.6432e-09,1,0
0.006578,-0.204839,-0.0175322,-0.405874,3.64311,-31140,-1,2.2123e-10,1,0
0.00657848,-0.204771,-0.0177768,-0.405731,3.6443,-31127.4,-1,2.95525e-10,1,0
0.00658,-0.204252,-0.018987,-0.404623,3.64433,-31041.4,-1,2.95525e-10,1,0
0.00658194,-0.203943,-0.0197979,-0.403184,3.64655,-30985.3,-1,5.46526e-10,1,0
0.0065828,-0.204642,-0.02018,-0.403546,3.64707,-31087.4,-1,5.48027e-11,1,0
0.00658392,-0.205645,-0.0207687,-0.404052,3.64726,-31234.5,-1,2.19e-09,1,0
0.00658624,-0.207724,-0.0219888,-0.405102,3.64846,-31539.1,-1,2.62909e-09,1,0
0.00658663,-0.207757,-0.0221032,-0.405214,3.64959,-31542.3,-1,1.84201e-10,1,0
0.00658716,-0.207932,-0.0217958,-0.404732,3.65008,-31566.3,-1,2.04259e-11,1,0
0.00658745,-0.207737,-0.021755,-0.404739,3.64945,-31535.3,-1,1.7803e-10,1,0
0.00658858,-0.207478,-0.0226307,-0.404953,3.64712,-31490.6,-1,6.83127e-10,1,0
0.00658979,-0.207018,-0.0214824,-0.405196,3.64862,-31415,-1,4.11947e-11,1,0
0.00659019,-0.207049,-0.0215177,-0.405134,3.65,-31417.7,-1,2.55549e-10,1,0
0.00659079,-0.207315,-0.0209143,-0.404966,3.6497,-31455.2,-1,6.80441e-10,1,0
0.00659227,-0.208022,-0.0201995,-0.405096,3.65058,-31555.4,-1,1.13664e-09,1,0
0.00659404,-0.209482,-0.020686,-0.404707,3.65184,-31768.4,-1,3.27366e-10,1,0
0.00659469,-0.209986,-0.0206325,-0.4045,3.64958,-31841.7,-1,1.80191e-10,1,0
0.00659584,-0.209569,-0.0211457,-0.404232,3.65204,-31772.9,-1,8.88935e-10,1,0
0.00659613,-0.20985,-0.0210903,-0.404167,3.65021,-31814.2,-1,8.18658e-11,1,0
0.00659724,-0.209227,-0.0215094,-0.404051,3.64732,-31714.3,-1,3.68778e-10,1,0
0.0065979,-0.209231,-0.0221541,-0.403666,3.6466,-31711.8,-1,7.50757e-10,1,0
0.00659838,-0.209528,-0.0220005,-0.403246,3.64737,-31754.4,-1,5.3013e-10,1,0
0.00659933,-0.210367,-0.0213214,-0.403136,3.64657,-31877,-1,2.49374e-10,1,0
0.006601,-0.211211,-0.0205019,-0.404031,3.64475,-31996.8,-1,7.84206e-11,1,0
0.00660163,-0.21079,-0.0203174,-0.404354,3.64239,-31930,-1,5.19307e-10,1,0
0.00660283,-0.211724,-0.0207193,-0.403461,3.64114,-32065.7,-1,1.04183e-09,1,0
0.00660346,-0.212217,-0.0209312,-0.402991,3.64111,-32137.3,-1,1.04183e-09,1,0
0.0066037,-0.212331,-0.0208639,-0.402878,3.64329,-32153.3,-1,1.16132e-10,1,0
0.00660527,-0.213553,-0.0195796,-0.402791,3.64319,-32330.7,-1,1.77504e-09,1,0
0.00660578,-0.213592,-0.0193336,-0.402663,3.64446,-32334.1,-1,2.54053e-10,1,0
0.00660836,-0.213817,-0.0167282,-0.403901,3.64428,-32355.5,-1,1.90432e-09,1,0
0.00661001,-0.214181,-0.0150286,-0.404594,3.64533,-32402.6,-1,3.16357e-09,1,0
0.00661019,-0.21415,-0.0150329,-0.404515,3.6461,-32397,-1,6.62135e-11,1,0
0.00661068,-0.213685,-0.0149259,-0.404755,3.64592,-32324.3,-1,1.81265e-11,1,0
0.00661182,-0.213414,-0.0150827,-0.404528,3.64754,-32277.6,-1,2.65614e-10,1,0
0.00661225,-0.21354,-0.0147238,-0.404421,3.64375,-32294.6,-1,2.99714e-10,1,0
0.0066135,-0.213409,-0.01549,-0.405598,3.64402,-32268.7,-1,1.41001e-09,1,0
0.00661447,-0.213823,-0.0160994,-0.405165,3.64278,-32326.5,-1,5.16838e-10,1,0
0.00661549,-0.213976,-0.0153206,-0.406011,3.64176,-32344.6,-1,1.16019e-09,1,0
0.00661588,-0.21398,-0.0151975,-0.405895,3.64262,-32343.3,-1,2.45375e-10,1,0
0.00661773,-0.213936,-0.0141851,-0.404067,3.64262,-32327.7,-1,2.45375e-10,1,0
0.0066189,-0.213907,-0.0135403,-0.402902,3.64262,-32317.7,-1,2.45375e-10,1,0
0.00662024,-0.213201,-0.0138246,-0.402518,3.64295,-32204.5,-1,2.81658e-10,1,0
0.00662036,-0.213079,-0.0138732,-0.402533,3.64165,-32185.4,-1,8.41416e-10,1,0
0.00662197,-0.213072,-0.0136472,-0.401838,3.64122,-32176.5,-1,1.20016e-09,1,0
0.00662437,-0.211545,-0.0149178,-0.403067,3.64033,-31934.3,-1,2.04857e-09,1,0
0.00662515,-0.211784,-0.0155414,-0.403604,3.6376,-31966.6,-1,8.52619e-10,1,0
0.00662687,-0.211482,-0.0141357,-0.402382,3.6392,-31912.8,-1,7.39452e-10,1,0
0.00662833,-0.211236,-0.0128693,-0.401357,3.63776,-31868.7,-1,5.00546e-11,1,0
0.0066299,-0.210923,-0.0115327,-0.400339,3.63946,-31814,-1,7.69221e-11,1,0
0.00663057,-0.210417,-0.0116003,-0.399767,3.63948,-31734.3,-1,7.69221e-11,1,0
0.00663107,-0.210043,-0.0116501,-0.399344,3.6395,-31675.6,-1,7.69221e-11,1,0
0.00663197,-0.209373,-0.0117396,-0.398587,3.63865,-31570.3,-1,9.8603e-10,1,0
0.00663422,-0.207846,-0.0118675,-0.396856,3.63655,-31329.4,-1,1.31686e-10,1,0
0.00663629,-0.207247,-0.0105447,-0.395712,3.63607,-31229.3,-1,9.44372e-10,1,0
0.00663687,-0.207125,-0.0103764,-0.39521,3.63703,-31208.2,-1,1.52978e-11,1,0
0.00663764,-0.207699,-0.00989681,-0.395643,3.63666,-31291,-1,8.38819e-10,1,0
0.00663905,-0.208539,-0.00854738,-0.39547,3.63662,-31411,-1,8.38819e-10,1,0
0.00663914,-0.208592,-0.0084625,-0.395459,3.63666,-31418.5,-1,6.54874e-11,1,0
0.00664041,-0.209477,-0.00813943,-0.396384,3.63829,-31545.8,-1,6.3299e-11,1,0
0.00664138,-0.210094,-0.00892625,-0.396843,3.63826,-31634.1,-1,6.3299e-11,1,0
0.00664264,-0.21089,-0.00994217,-0.397436,3.63822,-31747.9,-1,6.3299e-11,1,0
0.00664337,-0.211046,-0.0102831,-0.39684,3.63623,-31767.9,-1,7.00249e-10,1,0
0.00664387,-0.211336,-0.0106867,-0.397068,3.63583,-31809.2,-1,1.38938e-10,1,0
0.00664446,-0.211614,-0.0111581,-0.397144,3.63719,-31848.2,-1,2.04885e-10,1,0
0.00664556,-0.211135,-0.0110528,-0.396736,3.63586,-31770.8,-1,8.51603e-10,1,0
0.00664724,-0.211066,-0.0102213,-0.396814,3.6353,-31752.5,-1,1.16442e-09,1,0
0.00664906,-0.210915,-0.0118197,-0.397328,3.63623,-31721.1,-1,1.42342e-09,1,0
0.00665005,-0.211201,-0.0121929,-0.398349,3.63617,-31759.4,-1,1.7606e-09,1,0
0.00665112,-0.211691,-0.012415,-0.398415,3.6363,-31827.9,-1,8.30717e-11,1,0
0.00665187,-0.211698,-0.012368,-0.397994,3.6378,-31825.4,-1,5.08784e-10,1,0
0.00665279,-0.211406,-0.0118302,-0.398238,3.63574,-31777.1,-1,5.42933e-10,1,0
0.00665464,-0.211273,-0.00974867,-0.398174,3.63464,-31748.3,-1,2.74419e-09,1,0
0.00665592,-0.209845,-0.00990558,-0.397972,3.63471,-31527.5,-1,2.74419e-09,1,0
0.00665673,-0.208946,-0.0100042,-0.397845,3.63476,-31388.7,-1,2.74419e-09,1,0
0.00665712,-0.209063,-0.0103279,-0.39794,3.6341,-31404.4,-1,3.79365e-10,1,0
0.00665769,-0.208708,-0.0102595,-0.397653,3.63508,-31348.4,-1,4.75038e-10,1,0
0.00665974,-0.207552,-0.011552,-0.397793,3.63836,-31165.1,-1,6.52305e-10,1,0
0.00666005,-0.207287,-0.011702,-0.39795,3.63837,-31123.9,-1,6.52305e-10,1,0
0.00666103,-0.207241,-0.011993,-0.398021,3.63367,-31112.5,-1,1.07928e-10,1,0
0.00666246,-0.20776,-0.0129453,-0.396953,3.63125,-31183.7,-1,2.21792e-10,1,0
0.00666284,-0.207836,-0.0132234,-0.396638,3.63123,-31193.3,-1,1.72005e-09,1,0
0.00666365,-0.20831,-0.0124363,-0.396678,3.62612,-31260.6,-1,9.19803e-10,1,0
0.00666446,-0.207801,-0.0130091,-0.396505,3.62294,-31180.5,-1,3.15128e-11,1,0
0.00666609,-0.208752,-0.0135981,-0.396395,3.62185,-31315.6,-1,4.27754e-10,1,0
0.00666662,-0.209147,-0.0139757,-0.396404,3.62298,-31372.2,-1,6.44739e-11,1,0
0.00666679,-0.209166,-0.0140976,-0.396544,3.62272,-31374.3,-1,1.86598e-10,1,0
0.00666767,-0.209268,-0.0147475,-0.39729,3.62421,-31385.5,-1,9.94869e-10,1,0
0.00666968,-0.208491,-0.0167389,-0.398066,3.62042,-31259.5,-1,1.29281e-09,1,0
0.00667046,-0.208191,-0.0175072,-0.398365,3.62044,-31210.9,-1,1.29281e-09,1,0
0.00667099,-0.207987,-0.0180301,-0.398569,3.62045,-31177.9,-1,1.29281e-09,1,0
0.00667217,-0.20753,-0.0192004,-0.399024,3.62047,-31103.9,-1,1.29281e-09,1,0
0.00667278,-0.207293,-0.0198085,-0.399261,3.62048,-31065.4,-1,1.29281e-09,1,0
0.0066731,-0.20717,-0.0201244,-0.399384,3.61945,-31045.5,-1,4.84723e-09,1,0
0.00667426,-0.207929,-0.0208461,-0.398935,3.61783,-31153.8,-1,2.61739e-10,1,0
0.00667477,-0.207502,-0.0211687,-0.399145,3.61482,-31087.5,-1,2.34593e-10,1,0
0.00667709,-0.208896,-0.0233718,-0.399008,3.61367,-31285.5,-1,2.58527e-09,1,0
0.00667793,-0.209021,-0.0230338,-0.398897,3.61376,-31300.2,-1,3.74488e-10,1,0
0.00667969,-0.208483,-0.0223815,-0.397411,3.6145,-31211.5,-1,2.14168e-09,1,0
0.00668019,-0.208629,-0.0223564,-0.397767,3.61616,-31231,-1,4.53139e-10,1,0
0.00668112,-0.209611,-0.022093,-0.398057,3.61644,-31373.7,-1,1.31995e-09,1,0
0.00668234,-0.210356,-0.0213413,-0.398811,3.61719,-31479.3,-1,2.00861e-10,1,0
0.00668428,-0.211526,-0.0202906,-0.400332,3.61713,-31645.3,-1,2.00861e-10,1,0
0.00668505,-0.211989,-0.0198751,-0.400933,3.61528,-31710.9,-1,4.1665e-09,1,0
0.00668641,-0.212062,-0.021026,-0.399923,3.61528,-31715.3,-1,4.1665e-09,1,0
0.00668722,-0.211905,-0.0208409,-0.399555,3.61708,-31688,-1,3.65646e-10,1,0
0.0066893,-0.209702,-0.020455,-0.398874,3.61759,-31348.9,-1,2.79068e-09,1,0
0.00669019,-0.209021,-0.0202459,-0.398165,3.61678,-31242.9,-1,1.0051e-09,1,0
0.00669159,-0.209189,-0.0195782,-0.398729,3.61841,-31261.5,-1,9.52345e-10,1,0
0.00669241,-0.209698,-0.0203094,-0.398722,3.61538,-31333.8,-1,4.75273e-10,1,0
0.00669311,-0.210225,-0.0207202,-0.398965,3.61337,-31409.2,-1,4.82109e-10,1,0
0.00669383,-0.209664,-0.0211684,-0.398574,3.61256,-31322,-1,6.49358e-12,1,0
0.00669566,-0.20825,-0.0222988,-0.397587,3.61263,-31102.2,-1,6.49358e-12,1,0
0.00669618,-0.20785,-0.0226188,-0.397307,3.61265,-31040,-1,6.49358e-12,1,0
0.00669701,-0.207703,-0.0232365,-0.397211,3.61111,-31014.3,-1,3.97075e-09,1,0
0.00669907,-0.208837,-0.0250909,-0.398038,3.60706,-31174,-1,1.77094e-09,1,0
0.00670024,-0.208159,-0.0254044,-0.396993,3.60578,-31067.4,-1,1.93162e-11,1,0
0.00670111,-0.207917,-0.026003,-0.39669,3.60295,-31027.3,-1,4.73573e-10,1,0
0.00670242,-0.209272,-0.026315,-0.397145,3.60294,-31223.3,-1,1.52667e-09,1,0
0.00670415,-0.210291,-0.0265528,-0.39577,3.60384,-31367.3,-1,6.57851e-10,1,0
0.00670533,-0.209415,-0.0272567,-0.395084,3.60374,-31231.1,-1,1.27141e-09,1,0
0.00670578,-0.209539,-0.0270338,-0.395522,3.60373,-31247.5,-1,1.27141e-09,1,0
0.00670801,-0.210166,-0.0254409,-0.396142,3.60231,-31330.6,-1,1.0094e-09,1,0
0.00670828,-0.210076,-0.0255769,-0.39588,3.60061,-31315.9,-1,3.07822e-10,1,0
0.00670879,-0.210145,-0.0254694,-0.396446,3.60061,-31323.8,-1,3.07822e-10,1,0
0.00670934,-0.210465,-0.0254244,-0.39638,3.60457,-31369,-1,4.10346e-11,1,0
0.00670995,-0.21012,-0.0255593,-0.396158,3.60267,-31314.7,-1,5.18421e-10,1,0
0.00671036,-0.21015,-0.0256755,-0.396056,3.60264,-31317.3,-1,2.27602e-10,1,0
0.0067114,-0.210171,-0.0250396,-0.396882,3.60366,-31315.5,-1,1.07573e-09,1,0
0.00671287,-0.20969,-0.0243542,-0.397189,3.60488,-31237.1,-1,5.80038e-10,1,0
0.0067131,-0.20957,-0.0243062,-0.397344,3.60562,-31218.1,-1,4.93587e-11,1,0
0.00671457,-0.209905,-0.022798,-0.397322,3.60697,-31261.1,-1,6.74573e-10,1,0
0.00671492,-0.210034,-0.0228277,-0.39728,3.60599,-31278.7,-1,1.73637e-10,1,0
0.00671656,-0.21017,-0.0241707,-0.396808,3.6053,-31291.3,-1,4.84873e-10,1,0
0.00671749,-0.21019,-0.0249638,-0.39614,3.60481,-31290,-1,1.70431e-09,1,0
0.00671902,-0.209019,-0.0247137,-0.396295,3.6038,-31108.6,-1,7.13092e-10,1,0
0.00672023,-0.207871,-0.024167,-0.3968,3.60385,-30932.1,-1,7.13092e-10,1,0
0.00672219,-0.206085,-0.0241219,-0.39676,3.60376,-30657.4,-1,1.01784e-09,1,0
0.00672455,-0.204021,-0.0252462,-0.395508,3.60386,-30339.7,-1,1.01784e-09,1,0
0.00672509,-0.203941,-0.0255669,-0.395302,3.60412,-30325.4,-1,2.60716e-10,1,0
0.00672577,-0.203809,-0.0248993,-0.395633,3.60536,-30302.7,-1,2.72286e-10,1,0
0.00672644,-0.203788,-0.0245213,-0.39628,3.60563,-30296.6,-1,7.01201e-10,1,0
0.00672694,-0.203926,-0.0241421,-0.396489,3.60551,-30314.8,-1,3.02912e-10,1,0
0.00672822,-0.204524,-0.0229841,-0.396412,3.604,-30397.9,-1,5.65339e-11,1,0
0.00673036,-0.203196,-0.0230594,-0.398416,3.60023,-30191,-1,5.74598e-10,1,0
0.00673113,-0.203383,-0.0223703,-0.398584,3.59843,-30215.3,-1,7.50072e-10,1,0
0.00673192,-0.203651,-0.022147,-0.399107,3.59955,-30251.6,-1,5.27603e-10,1,0
0.00673345,-0.202438,-0.0216704,-0.397974,3.60131,-30064.5,-1,2.40124e-10,1,0
0.00673375,-0.202304,-0.0216372,-0.397745,3.60146,-30043.3,-1,1.73953e-09,1,0
0.00673532,-0.203661,-0.0214617,-0.39686,3.59953,-30237.7,-1,1.29236e-09,1,0
0.00673658,-0.204852,-0.0222039,-0.397062,3.5965,-30408.9,-1,9.93537e-10,1,0
0.00673747,-0.204572,-0.0223456,-0.397853,3.59756,-30363.3,-1,1.34639e-10,1,0
0.00673836,-0.204913,-0.022826,-0.398667,3.59766,-30409.9,-1,1.00439e-09,1,0
0.00674052,-0.205115,-0.0230365,-0.398343,3.59641,-30430.2,-1,9.21704e-10,1,0
0.00674159,-0.204442,-0.0234533,-0.397431,3.59633,-30325.4,-1,1.208e-09,1,0
0.00674184,-0.204257,-0.0234181,-0.397493,3.59842,-30296.9,-1,8.16804e-11,1,0
0.00674318,-0.203683,-0.0230183,-0.398821,3.59858,-30205.7,-1,2.3688e-10,1,0
0.00674515,-0.203479,-0.0217124,-0.399041,3.59946,-30166.8,-1,6.92612e-10,1,0
0.00674621,-0.203811,-0.0209871,-0.398145,3.59891,-30211.1,-1,1.84125e-09,1,0
0.00674689,-0.204067,-0.0208737,-0.397688,3.59904,-30246.1,-1,1.26564e-10,1,0
0.00674717,-0.204239,-0.0210412,-0.397575,3.59872,-30270.4,-1,7.35874e-10,1,0
0.00674746,-0.204442,-0.0212245,-0.397694,3.59826,-30299,-1,2.19619e-10,1,0
0.00674855,-0.205658,-0.0211484,-0.397829,3.6013,-30474.3,-1,1.22585e-09,1,0
0.0067494,-0.205175,-0.0213582,-0.398529,3.60386,-30399,-1,4.18411e-11,1,0
0.00674987,-0.205393,-0.0211755,-0.398341,3.60195,-30429.1,-1,1.11535e-10,1,0
0.00675072,-0.20581,-0.0214843,-0.398741,3.60434,-30487.1,-1,1.7685e-10,1,0
0.00675291,-0.205279,-0.0215938,-0.399046,3.60414,-30398.7,-1,1.04264e-09,1,0
0.00675423,-0.205643,-0.021114,-0.400409,3.60495,-30446.6,-1,1.18353e-09,1,0
0.00675494,-0.205611,-0.0204644,-0.399942,3.60647,-30438.6,-1,8.0069e-10,1,0
0.00675508,-0.2057,-0.0204953,-0.39991,3.60633,-30451.2,-1,1.14223e-10,1,0
0.00675609,-0.205171,-0.0198956,-0.39909,3.60635,-30368.3,-1,1.14223e-10,1,0
0.00675886,-0.203492,-0.0188078,-0.396757,3.60604,-30107.4,-1,2.43793e-09,1,0
0.00676068,-0.202275,-0.0183455,-0.395175,3.6061,-29919.3,-1,2.43793e-09,1,0
0.00676159,-0.201915,-0.0185547,-0.396079,3.60416,-29862,-1,1.00857e-09,1,0
0.0067629,-0.201638,-0.0186551,-0.396136,3.60252,-29815.3,-1,7.99497e-10,1,0
0.00676451,-0.201633,-0.0184691,-0.394334,3.60247,-29807.4,-1,2.4896e-09,1,0
0.00676651,-0.202017,-0.0195731,-0.396251,3.60245,-29855.4,-1,2.4896e-09,1,0
0.00676836,-0.202179,-0.0202348,-0.397774,3.60299,-29871.2,-1,2.75687e-10,1,0
0.00676905,-0.201848,-0.0199969,-0.397962,3.60056,-29819.2,-1,2.9694e-10,1,0
0.00677062,-0.202333,-0.0184023,-0.398533,3.60047,-29884,-1,1.76212e-09,1,0
0.00677181,-0.201533,-0.0176423,-0.398402,3.60087,-29760.7,-1,9.27245e-10,1,0
0.00677335,-0.20135,-0.0166662,-0.399332,3.60312,-29726.7,-1,6.24534e-10,1,0
0.00677496,-0.202354,-0.0155057,-0.398929,3.6031,-29867.9,-1,1.29241e-09,1,0
0.00677617,-0.203068,-0.0166242,-0.39864,3.60345,-29967.9,-1,1.35782e-09,1,0
0.00677692,-0.202878,-0.0158757,-0.399,3.6031,-29936.6,-1,8.52155e-10,1,0
0.00677802,-0.202603,-0.0147887,-0.399524,3.60176,-29891.1,-1,2.85007e-10,1,0
0.00677831,-0.202525,-0.014553,-0.399626,3.59656,-29878.4,-1,7.1853e-10,1,0
0.00677945,-0.203318,-0.0148018,-0.400147,3.59532,-29990.4,-1,2.27468e-10,1,0
0.00678059,-0.203649,-0.0145096,-0.400673,3.5957,-30034.1,-1,2.10422e-10,1,0
0.006782,-0.202863,-0.0139009,-0.400474,3.59359,-29912,-1,2.58618e-10,1,0
0.00678285,-0.202003,-0.0138902,-0.400053,3.59364,-29781.4,-1,2.58618e-10,1,0
0.00678385,-0.201533,-0.0137095,-0.400068,3.59387,-29707.8,-1,2.94978e-10,1,0
0.00678426,-0.201744,-0.0139048,-0.400421,3.5934,-29737.1,-1,6.94258e-10,1,0
0.00678534,-0.201602,-0.0143405,-0.401467,3.59246,-29711.5,-1,4.54101e-10,1,0
0.00678643,-0.201093,-0.0143284,-0.401162,3.58929,-29631.6,-1,8.67616e-10,1,0
0.00678692,-0.201335,-0.0146277,-0.401329,3.58854,-29665.2,-1,7.24434e-11,1,0
0.00678779,-0.2011,-0.0153587,-0.401934,3.58855,-29626.7,-1,7.24434e-11,1,0
0.00678859,-0.201185,-0.0159665,-0.402556,3.58588,-29635.7,-1,6.32451e-10,1,0
0.00678964,-0.201779,-0.0163407,-0.401735,3.58575,-29718.6,-1,8.34286e-11,1,0
0.0067911,-0.202336,-0.0162979,-0.401769,3.58657,-29794.3,-1,4.78079e-10,1,0
0.00679225,-0.202778,-0.0158317,-0.40289,3.58677,-29854.3,-1,2.12961e-09,1,0
0.00679307,-0.202544,-0.0158902,-0.402178,3.5899,-29816.2,-1,1.16842e-10,1,0
0.00679442,-0.201927,-0.0161274,-0.400817,3.58993,-29719.5,-1,1.16842e-10,1,0
0.0067948,-0.201854,-0.016243,-0.400489,3.59081,-29707.1,-1,2.65791e-09,1,0
0.00679573,-0.202223,-0.0168638,-0.400306,3.59136,-29757.3,-1,2.15078e-11,1,0
0.00679592,-0.202301,-0.0169655,-0.400253,3.59237,-29767.9,-1,2.58583e-10,1,0
0.00679762,-0.203758,-0.0179813,-0.399537,3.5923,-29974.9,-1,2.58583e-10,1,0
0.00679831,-0.204348,-0.0183924,-0.399247,3.59293,-30058.7,-1,2.85633e-09,1,0
0.00679937,-0.204853,-0.0190769,-0.398753,3.59225,-30128.2,-1,3.01907e-10,1,0
0.00680101,-0.204276,-0.019483,-0.398544,3.59173,-30036.2,-1,2.45748e-10,1,0
0.00680241,-0.202856,-0.0192061,-0.399003,3.59225,-29821.2,-1,1.12211e-10,1,0
0.00680416,-0.201722,-0.0192334,-0.400609,3.5927,-29646.9,-1,2.14003e-09,1,0
0.00680437,-0.201599,-0.0191622,-0.400799,3.58811,-29627.8,-1,1.7732e-10,1,0
0.00680574,-0.200802,-0.0187025,-0.402027,3.58848,-29504.9,-1,1.59431e-09,1,0
0.00680724,-0.199514,-0.0181959,-0.403001,3.58693,-29309.1,-1,1.69245e-09,1,0
0.00680807,-0.200171,-0.0178789,-0.403517,3.58842,-29402,-1,8.02319e-10,1,0
0.00680884,-0.201021,-0.0178162,-0.403637,3.58584,-29523.6,-1,8.60849e-10,1,0
0.00680978,-0.200114,-0.018172,-0.404047,3.58589,-29386.2,-1,8.60849e-10,1,0
0.00681165,-0.198309,-0.0188795,-0.404863,3.58561,-29113.2,-1,3.16046e-09,1,0
0.00681238,-0.198069,-0.018907,-0.405169,3.5859,-29074.8,-1,3.26349e-10,1,0
0.00681283,-0.198146,-0.0189594,-0.405114,3.58639,-29084.3,-1,2.86872e-10,1,0
0.00681418,-0.199103,-0.0178566,-0.405008,3.58801,-29218.9,-1,8.34794e-10,1,0
0.00681532,-0.199436,-0.0179,-0.405511,3.58339,-29262.8,-1,8.15734e-10,1,0
0.00681575,-0.19968,-0.0176374,-0.405194,3.58366,-29296.8,-1,1.34905e-11,1,0
0.00681755,-0.200981,-0.0170938,-0.404158,3.58375,-29480,-1,1.87846e-09,1,0
0.00681878,-0.20204,-0.0175093,-0.403532,3.58489,-29629.9,-1,4.16015e-11,1,0
0.00682035,-0.202346,-0.0163777,-0.403071,3.58019,-29667.9,-1,1.4714e-09,1,0
0.00682151,-0.203091,-0.0162276,-0.404123,3.58272,-29772.2,-1,3.26607e-12,1,0
0.00682303,-0.203691,-0.0159658,-0.404245,3.57988,-29853.4,-1,9.16529e-10,1,0
0.00682393,-0.204596,-0.016246,-0.404226,3.57778,-29982.2,-1,5.16064e-10,1,0
0.00682465,-0.204505,-0.0165191,-0.403609,3.57853,-29965.6,-1,6.90098e-10,1,0
0.00682595,-0.204351,-0.0153098,-0.404397,3.57877,-29937.4,-1,7.48373e-10,1,0
0.0068267,-0.203736,-0.0155887,-0.404882,3.57878,-29844,-1,8.31962e-10,1,0
0.00682799,-0.204753,-0.0154632,-0.404282,3.58068,-29987.3,-1,1.31757e-09,1,0
0.00682963,-0.20438,-0.0152712,-0.403692,3.58617,-29925.5,-1,1.05552e-09,1,0
0.00683058,-0.204221,-0.0156555,-0.404672,3.58613,-29898,-1,1.06562e-09,1,0
0.00683236,-0.203752,-0.0167828,-0.4058,3.58881,-29821.6,-1,7.25605e-10,1,0
0.00683336,-0.204336,-0.0167154,-0.405618,3.5881,-29902.8,-1,5.64094e-10,1,0
0.00683447,-0.204191,-0.0172541,-0.404501,3.58922,-29876.6,-1,6.2516e-10,1,0
0.00683523,-0.204711,-0.0174153,-0.405156,3.58922,-29949.5,-1,5.36984e-10,1,0
0.00683609,-0.204784,-0.0167321,-0.405424,3.58811,-29956.2,-1,1.48953e-10,1,0
0.00683771,-0.205401,-0.0175467,-0.403921,3.58808,-30039.5,-1,1.48953e-10,1,0
0.00683799,-0.20536,-0.0175525,-0.403748,3.58577,-30032.2,-1,1.309e-10,1,0
0.00683992,-0.206705,-0.0171095,-0.403539,3.5865,-30220.4,-1,5.51103e-10,1,0
0.00684053,-0.207115,-0.0174536,-0.403289,3.58694,-30277.5,-1,6.22261e-10,1,0
0.00684258,-0.207578,-0.0187147,-0.403262,3.58704,-30336.1,-1,1.00792e-09,1,0
0.00684353,-0.207945,-0.0193198,-0.402465,3.58849,-30385.6,-1,1.06571e-09,1,0
0.00684486,-0.208719,-0.018305,-0.403123,3.58863,-30492.9,-1,1.18537e-09,1,0
0.00684582,-0.207809,-0.0186437,-0.403518,3.58654,-30355.6,-1,7.26645e-10,1,0
0.00684653,-0.207817,-0.0192586,-0.403939,3.58662,-30353.7,-1,3.9061e-10,1,0
0.00684737,-0.207629,-0.0197865,-0.404691,3.58763,-30322.5,-1,4.72217e-10,1,0
0.00684813,-0.207303,-0.0199636,-0.404104,3.58527,-30271.5,-1,2.89913e-11,1,0
0.00684838,-0.207223,-0.0198512,-0.403859,3.58528,-30258.6,-1,2.89913e-11,1,0
0.00684953,-0.206853,-0.0193337,-0.402734,3.58545,-30199.6,-1,1.92782e-09,1,0
0.0068516,-0.207417,-0.0187975,-0.401826,3.58337,-30272.7,-1,1.00758e-09,1,0
0.00685311,-0.206731,-0.017279,-0.401586,3.58254,-30166,-1,7.8159e-10,1,0
0.00685374,-0.206529,-0.0166011,-0.401638,3.58159,-30133.8,-1,9.7513e-10,1,0
0.00685476,-0.205857,-0.0174929,-0.401881,3.58222,-30031.3,-1,1.14304e-09,1,0
0.00685622,-0.206894,-0.0165119,-0.401233,3.5832,-30176.1,-1,1.35156e-09,1,0
0.00685784,-0.208488,-0.017295,-0.400921,3.57979,-30401.4,-1,3.02226e-10,1,0
0.0068595,-0.210135,-0.0181168,-0.400597,3.5797,-30634.1,-1,3.02226e-10,1,0
0.00686051,-0.210596,-0.0181278,-0.400166,3.57888,-30696.9,-1,3.83832e-10,1,0
0.00686112,-0.210487,-0.018368,-0.399544,3.5776,-30678.3,-1,1.11764e-09,1,0
0.00686256,-0.209647,-0.0173177,-0.400147,3.57823,-30549.3,-1,1.07809e-10,1,0
0.00686373,-0.2102,-0.017423,-0.401329,3.5782,-30624.8,-1,1.07809e-10,1,0
0.00686564,-0.210052,-0.0179802,-0.402709,3.57851,-30594.7,-1,8.55999e-10,1,0
0.00686652,-0.21045,-0.0177133,-0.401914,3.57806,-30648.7,-1,6.08827e-10,1,0
0.00686709,-0.210331,-0.0177104,-0.402177,3.57823,-30628.9,-1,4.65521e-10,1,0
0.00686774,-0.210253,-0.0175723,-0.401587,3.57815,-30614.6,-1,1.68322e-10,1,0
0.00686845,-0.210546,-0.0176004,-0.402318,3.57814,-30654.1,-1,1.68322e-10,1,0
0.006869,-0.21087,-0.0174961,-0.402662,3.57806,-30698.8,-1,2.11547e-10,1,0
0.00687053,-0.210724,-0.0178303,-0.401523,3.57843,-30670.7,-1,6.87935e-10,1,0
0.00687128,-0.210888,-0.0186369,-0.401555,3.57818,-30691.3,-1,8.70992e-10,1,0
0.00687176,-0.211144,-0.0190386,-0.401332,3.57807,-30726.4,-1,4.8415e-10,1,0
0.00687337,-0.212116,-0.0203064,-0.400494,3.57802,-30860.6,-1,4.8415e-10,1,0
0.00687425,-0.212575,-0.0207681,-0.400003,3.57738,-30923.4,-1,2.24771e-10,1,0
0.00687462,-0.212361,-0.0209847,-0.400197,3.57944,-30890.5,-1,3.56564e-10,1,0
0.00687493,-0.212123,-0.0208444,-0.400307,3.57731,-30854.6,-1,1.55983e-10,1,0
0.00687563,-0.212362,-0.0202242,-0.399897,3.57974,-30886.2,-1,7.80818e-10,1,0
0.00687714,-0.212883,-0.0188731,-0.399004,3.57843,-30955.1,-1,1.7011e-09,1,0
0.00687864,-0.213588,-0.0182208,-0.400368,3.57765,-31050.9,-1,1.1523e-10,1,0
0.00687991,-0.214664,-0.0186098,-0.400636,3.57898,-31201.6,-1,1.0502e-09,1,0
0.00688084,-0.214834,-0.0186565,-0.399933,3.57741,-31222.1,-1,1.32995e-10,1,0
0.00688168,-0.2148,-0.0180317,-0.399922,3.57558,-31213.3,-1,3.0216e-10,1,0
0.00688316,-0.214208,-0.0184712,-0.400701,3.57539,-31120.5,-1,9.12474e-10,1,0
0.00688429,-0.214151,-0.0187672,-0.401516,3.57652,-31107.2,-1,4.65615e-10,1,0
0.00688623,-0.215819,-0.0190241,-0.402851,3.57597,-31340.7,-1,2.1375e-09,1,0
0.00688706,-0.216658,-0.0190401,-0.402447,3.57593,-31458.7,-1,2.1375e-09,1,0
0.00688903,-0.217646,-0.0204952,-0.402429,3.57616,-31593.2,-1,1.51408e-09,1,0
0.00689043,-0.218281,-0.0207018,-0.401007,3.57613,-31678.8,-1,1.51408e-09,1,0
0.00689117,-0.218955,-0.0206985,-0.400627,3.57866,-31773.3,-1,5.04695e-10,1,0
0.00689272,-0.219383,-0.0208221,-0.400802,3.58199,-31828.2,-1,9.78868e-10,1,0
0.00689513,-0.218134,-0.0230005,-0.399776,3.58205,-31635.9,-1,9.78868e-10,1,0
0.00689612,-0.219006,-0.0234388,-0.399936,3.58057,-31757.9,-1,1.00647e-09,1,0
0.00689769,-0.220193,-0.0237994,-0.399966,3.58048,-31922.7,-1,1.43606e-09,1,0
0.00689974,-0.219282,-0.0227463,-0.398127,3.58257,-31781.3,-1,2.62675e-09,1,0
0.00690095,-0.219621,-0.0223818,-0.398627,3.58295,-31824.8,-1,9.42907e-10,1,0
0.00690263,-0.217746,-0.0224764,-0.398762,3.58316,-31545.4,-1,9.6458e-10,1,0
0.00690469,-0.217231,-0.022148,-0.399421,3.58028,-31461.4,-1,4.74238e-10,1,0
0.00690562,-0.216458,-0.0222237,-0.400124,3.58032,-31345.1,-1,4.74238e-10,1,0
0.00690605,-0.21615,-0.0222219,-0.400412,3.57972,-31298.6,-1,3.57578e-11,1,0
0.00690753,-0.215676,-0.0223778,-0.400762,3.57811,-31223.4,-1,1.01796e-09,1,0
0.00690882,-0.215616,-0.0216437,-0.400592,3.58094,-31208.7,-1,2.76214e-10,1,0
0.00690909,-0.215783,-0.0216616,-0.400542,3.58391,-31231.8,-1,1.26942e-10,1,0
0.00690921,-0.215748,-0.0215314,-0.400526,3.58465,-31226.1,-1,1.36056e-10,1,0
0.00691019,-0.215459,-0.020474,-0.40039,3.58466,-31179.8,-1,1.36056e-10,1,0
0.00691231,-0.21477,-0.0195322,-0.400367,3.58433,-31070.7,-1,1.29261e-09,1,0
0.00691437,-0.213229,-0.0196175,-0.399354,3.58716,-30838.6,-1,1.18383e-09,1,0
0.00691468,-0.213042,-0.0198361,-0.399159,3.58681,-30810.1,-1,1.48075e-09,1,0
0.00691512,-0.212855,-0.0198182,-0.398775,3.58717,-30781.1,-1,4.50295e-10,1,0
0.00691643,-0.213599,-0.0208454,-0.399238,3.58557,-30882.9,-1,1.2876e-09,1,0
0.0069169,-0.213953,-0.0208861,-0.399555,3.58441,-30932,-1,6.28023e-11,1,0
0.00691833,-0.215128,-0.0202834,-0.399147,3.5829,-31095.3,-1,5.46914e-10,1,0
0.00691866,-0.215243,-0.0202654,-0.399048,3.57935,-31110.6,-1,7.11685e-11,1,0
0.00691964,-0.214695,-0.0199673,-0.3994,3.5826,-31026.8,-1,1.10366e-10,1,0
0.00692073,-0.215196,-0.0208637,-0.399867,3.58348,-31094.5,-1,6.63245e-10,1,0
0.00692148,-0.215265,-0.0208431,-0.400268,3.58535,-31101.1,-1,2.68549e-10,1,0
0.00692225,-0.215802,-0.0204369,-0.400569,3.58408,-31175.1,-1,2.68612e-11,1,0
0.00692241,-0.215902,-0.0203201,-0.400515,3.58335,-31188.8,-1,7.89938e-10,1,0
0.00692404,-0.215888,-0.0188646,-0.400566,3.58435,-31179.5,-1,1.20202e-09,1,0
0.00692486,-0.215787,-0.0185316,-0.399918,3.58262,-31161.2,-1,5.60868e-10,1,0
0.00692613,-0.216586,-0.0179542,-0.399648,3.5797,-31270.9,-1,1.1045e-09,1,0
0.00692643,-0.216401,-0.0181889,-0.399629,3.57991,-31242.7,-1,2.41223e-10,1,0
0.00692773,-0.215607,-0.0192777,-0.400175,3.5793,-31122.3,-1,1.45405e-09,1,0
0.00692993,-0.21426,-0.0211256,-0.401104,3.57788,-30918.1,-1,2.46789e-09,1,0
0.0069309,-0.214108,-0.0202662,-0.401757,3.57477,-30891.8,-1,1.09009e-09,1,0
0.00693175,-0.213753,-0.0209385,-0.401181,3.57668,-30836.7,-1,1.08518e-10,1,0
0.00693271,-0.213076,-0.0211816,-0.400614,3.5788,-30734.9,-1,7.0755e-10,1,0
0.00693389,-0.213003,-0.0218968,-0.399501,3.57832,-30719.1,-1,1.2599e-09,1,0
0.00693456,-0.212961,-0.0223058,-0.398864,3.57832,-30710,-1,1.2599e-09,1,0
0.00693504,-0.212931,-0.0225947,-0.398414,3.57758,-30703.6,-1,3.67004e-11,1,0
0.00693649,-0.213733,-0.0220116,-0.397636,3.57511,-30812.9,-1,1.2296e-09,1,0
0.00693719,-0.213906,-0.0213705,-0.397668,3.57457,-30834.7,-1,6.1841e-10,1,0
0.00693989,-0.211608,-0.0200784,-0.397245,3.5755,-30491.5,-1,1.14209e-09,1,0
0.00694145,-0.209957,-0.0195185,-0.397444,3.57559,-30246.9,-1,1.14209e-09,1,0
0.00694261,-0.208733,-0.0191031,-0.397592,3.57368,-30065.5,-1,5.09584e-09,1,0
0.00694388,-0.209228,-0.0198784,-0.397761,3.57385,-30131.3,-1,4.57366e-10,1,0
0.00694462,-0.209302,-0.0201161,-0.397799,3.57144,-30138.8,-1,2.13632e-10,1,0
0.00694531,-0.209755,-0.0195841,-0.39745,3.57286,-30201,-1,3.78061e-10,1,0
0.00694622,-0.210348,-0.0188885,-0.396995,3.57275,-30282.4,-1,1.68987e-09,1,0
0.00694769,-0.209677,-0.0198784,-0.39812,3.57352,-30179.4,-1,5.92614e-10,1,0
0.00694795,-0.209518,-0.0199582,-0.39819,3.56956,-30155.4,-1,7.68506e-11,1,0
0.00694967,-0.208977,-0.0201613,-0.397018,3.56947,-30070.1,-1,7.23514e-10,1,0
0.00695064,-0.208172,-0.0199922,-0.396881,3.56828,-29950.1,-1,1.13234e-09,1,0
0.00695144,-0.207743,-0.0202177,-0.397294,3.56794,-29884.9,-1,3.1011e-10,1,0
0.00695287,-0.207241,-0.0196036,-0.395899,3.56876,-29806.5,-1,1.67882e-09,1,0
0.00695402,-0.208456,-0.0193631,-0.395774,3.56852,-29976.3,-1,5.06146e-10,1,0
0.00695505,-0.208279,-0.0185709,-0.396431,3.56671,-29946.4,-1,1.03934e-09,1,0
0.00695689,-0.209238,-0.0194258,-0.397418,3.56615,-30076.4,-1,7.66309e-10,1,0
0.00695741,-0.20937,-0.0196894,-0.397886,3.56606,-30093,-1,1.84392e-09,1,0
0.00695808,-0.210032,-0.0199276,-0.397626,3.56523,-30185.4,-1,7.78222e-10,1,0
0.00696047,-0.210197,-0.0222707,-0.398915,3.56551,-30198.7,-1,2.67933e-09,1,0
0.00696193,-0.210286,-0.0236878,-0.399672,3.56752,-30205.1,-1,3.22575e-10,1,0
0.00696218,-0.210156,-0.023744,-0.399428,3.56753,-30185.4,-1,3.22575e-10,1,0
0.00696273,-0.210085,-0.023876,-0.399187,3.56913,-30172.8,-1,7.34028e-10,1,0
0.00696334,-0.210352,-0.0241924,-0.399388,3.56924,-30208.6,-1,3.4544e-10,1,0
0.00696539,-0.211121,-0.0229254,-0.399971,3.57303,-30309.9,-1,2.28643e-10,1,0
0.00696689,-0.211603,-0.0229984,-0.4004,3.57752,-30372.7,-1,6.16424e-10,1,0
0.00696836,-0.212809,-0.0234234,-0.400305,3.575,-30539.3,-1,1.63912e-10,1,0
0.00696854,-0.212884,-0.0235926,-0.400334,3.57352,-30549.3,-1,1.14306e-10,1,0
0.0069692,-0.212609,-0.0242548,-0.40051,3.57353,-30506.9,-1,1.14306e-10,1,0
0.00697032,-0.212629,-0.0252895,-0.400316,3.57232,-30504.9,-1,5.40417e-10,1,0
0.0069711,-0.212884,-0.0261081,-0.400186,3.57212,-30538.1,-1,8.67248e-10,1,0
0.00697169,-0.212929,-0.0265131,-0.400705,3.57212,-30541.9,-1,8.67248e-10,1,0
0.00697218,-0.21311,-0.0260536,-0.400492,3.57144,-30565.7,-1,6.68314e-10,1,0
0.00697302,-0.213159,-0.025596,-0.400209,3.57356,-30569.2,-1,2.16425e-10,1,0
0.00697416,-0.213064,-0.0256955,-0.40098,3.57079,-30550.4,-1,1.40581e-10,1,0
0.00697606,-0.214026,-0.023802,-0.401112,3.57224,-30680.1,-1,2.12815e-09,1,0
0.0069771,-0.213109,-0.0234651,-0.401171,3.57146,-30544.1,-1,2.14969e-10,1,0
0.00697741,-0.212797,-0.0233121,-0.401123,3.57147,-30498,-1,2.14969e-10,1,0
0.0069783,-0.212261,-0.0228239,-0.400581,3.57155,-30417.3,-1,2.99522e-10,1,0
0.00697861,-0.212467,-0.0225737,-0.400489,3.57234,-30445.5,-1,1.99944e-10,1,0
0.00698,-0.21153,-0.0231088,-0.399977,3.57325,-30305.2,-1,3.4769e-10,1,0
0.00698138,-0.21054,-0.0225009,-0.399277,3.57253,-30157.3,-1,7.46861e-11,1,0
0.00698197,-0.210242,-0.0222131,-0.399665,3.57228,-30112.1,-1,9.66304e-11,1,0
0.00698423,-0.210669,-0.0231692,-0.401859,3.57344,-30163.6,-1,1.59287e-10,1,0
0.00698657,-0.210529,-0.02436,-0.403277,3.57169,-30133.4,-1,8.68222e-10,1,0
0.0069872,-0.211006,-0.0241162,-0.40301,3.57057,-30199,-1,2.95627e-10,1,0
0.00698995,-0.209871,-0.0237706,-0.401486,3.56932,-30024.7,-1,1.22994e-09,1,0
0.006991,-0.209341,-0.0237506,-0.401331,3.56839,-29944.4,-1,3.72886e-10,1,0
0.00699231,-0.210485,-0.0234601,-0.400973,3.56832,-30102.4,-1,8.39199e-10,1,0
0.00699244,-0.210486,-0.0233875,-0.400897,3.57127,-30101.9,-1,4.01225e-11,1,0
0.00699356,-0.209886,-0.0223458,-0.400629,3.57188,-30011.4,-1,2.39949e-10,1,0
0.00699477,-0.210343,-0.022299,-0.399922,3.57278,-30071.4,-1,9.34709e-10,1,0
0.0069957,-0.209927,-0.022014,-0.399323,3.56934,-30008.1,-1,2.44847e-10,1,0
0.00699607,-0.20962,-0.0221251,-0.399241,3.567,-29962.6,-1,3.89853e-12,1,0
0.00699726,-0.209196,-0.0227592,-0.400327,3.56977,-29896.9,-1,1.32738e-09,1,0
0.00699747,-0.209313,-0.0226433,-0.400369,3.57204,-29912.6,-1,1.1964e-10,1,0
0.00699855,-0.209438,-0.0228372,-0.401533,3.57404,-29926,-1,1.80936e-10,1,0
0.00700092,-0.208825,-0.0218804,-0.401023,3.57357,-29828.2,-1,1.17166e-09,1,0
0.00700181,-0.208772,-0.0209255,-0.401307,3.57327,-29816.9,-1,2.48326e-09,1,0
0.00700325,-0.208902,-0.0205346,-0.401056,3.57221,-29829.3,-1,5.4365e-10,1,0
0.00700361,-0.208894,-0.0201611,-0.400892,3.57253,-29826.6,-1,9.1594e-10,1,0
0.00700504,-0.20833,-0.0202717,-0.401208,3.57599,-29740.1,-1,3.78319e-10,1,0
0.00700553,-0.208441,-0.019731,-0.401248,3.57612,-29753.7,-1,6.18746e-10,1,0
0.00700731,-0.208929,-0.0177946,-0.401374,3.5761,-29815.8,-1,6.18746e-10,1,0
0.00700897,-0.209382,-0.0159959,-0.401491,3.57607,-29873.4,-1,6.18746e-10,1,0
0.00701045,-0.209922,-0.0147093,-0.40119,3.57582,-29944.1,-1,5.44288e-09,1,0
0.00701118,-0.209887,-0.0145252,-0.400757,3.57483,-29936,-1,2.41424e-10,1,0
0.00701252,-0.210714,-0.01399,-0.39974,3.57301,-30048.3,-1,1.12415e-09,1,0
0.00701313,-0.210737,-0.0137479,-0.399098,3.57421,-30048.8,-1,1.83089e-10,1,0
0.00701363,-0.210292,-0.0139507,-0.398822,3.57424,-29983.4,-1,1.83089e-10,1,0
0.00701449,-0.209371,-0.0140538,-0.398733,3.57321,-29848.3,-1,7.65092e-10,1,0
0.00701648,-0.209541,-0.0131236,-0.398471,3.57229,-29864.2,-1,7.72892e-10,1,0
0.00701834,-0.209722,-0.0117369,-0.398392,3.57084,-29882,-1,1.56994e-09,1,0
0.00701936,-0.209533,-0.0109059,-0.398021,3.57174,-29850.8,-1,1.70062e-10,1,0
0.00702103,-0.209603,-0.00925047,-0.397164,3.57196,-29853.6,-1,2.4461e-09,1,0
0.00702146,-0.209602,-0.00906207,-0.397044,3.57259,-29851.6,-1,1.04169e-10,1,0
0.0070232,-0.208863,-0.00940673,-0.398813,3.57198,-29739,-1,1.93495e-10,1,0
0.0070238,-0.208268,-0.00966016,-0.398731,3.57132,-29651.8,-1,6.20148e-10,1,0
0.00702481,-0.207482,-0.010409,-0.399044,3.57159,-29535.6,-1,1.13008e-09,1,0
0.00702569,-0.207682,-0.00993802,-0.398815,3.57194,-29560.4,-1,3.6364e-10,1,0
0.00702636,-0.208164,-0.00956376,-0.39915,3.57242,-29626.1,-1,3.51785e-10,1,0
0.00702703,-0.208209,-0.00899746,-0.398865,3.57185,-29629.8,-1,4.99749e-10,1,0
0.00702763,-0.208196,-0.00843587,-0.398494,3.56861,-29625.4,-1,2.33059e-11,1,0
0.00702987,-0.208148,-0.00633105,-0.397107,3.56852,-29609,-1,3.14647e-09,1,0
0.00703035,-0.208137,-0.00588672,-0.396814,3.56903,-29605.5,-1,5.323e-10,1,0
0.00703209,-0.208845,-0.00538968,-0.39731,3.56951,-29698.8,-1,5.29029e-10,1,0
0.00703293,-0.208302,-0.00539985,-0.397867,3.56968,-29618.1,-1,3.2706e-11,1,0
0.00703472,-0.206728,-0.00443961,-0.398659,3.56976,-29386.8,-1,3.2706e-11,1,0
0.00703561,-0.20601,-0.00426305,-0.398779,3.57004,-29281.1,-1,3.18263e-09,1,0
0.00703662,-0.206793,-0.00493817,-0.398567,3.56772,-29388.1,-1,1.04997e-09,1,0
0.00703781,-0.205834,-0.00498383,-0.398881,3.57128,-29246.9,-1,1.07172e-09,1,0
0.00703917,-0.206072,-0.00478994,-0.400139,3.57262,-29275,-1,1.2552e-09,1,0
0.00703999,-0.206265,-0.00438712,-0.400801,3.57153,-29299,-1,2.27163e-10,1,0
0.00704015,-0.206241,-0.00454033,-0.400716,3.5715,-29295,-1,1.76759e-10,1,0
0.00704101,-0.206422,-0.00414619,-0.401267,3.57374,-29317.1,-1,2.38402e-10,1,0
0.00704218,-0.205844,-0.00341026,-0.402193,3.5735,-29230.1,-1,1.07995e-09,1,0
0.0070431,-0.205433,-0.00319684,-0.402454,3.57208,-29168,-1,2.6231e-10,1,0
0.00704368,-0.20582,-0.00304182,-0.402293,3.56837,-29220.5,-1,3.63214e-11,1,0
0.00704505,-0.204865,-0.00280584,-0.403468,3.56842,-29079.3,-1,3.63214e-11,1,0
0.00704544,-0.204651,-0.0027646,-0.403643,3.57059,-29047.4,-1,3.98231e-11,1,0
0.00704655,-0.204736,-0.00285762,-0.403166,3.57114,-29054.8,-1,2.23419e-10,1,0
0.00704833,-0.204879,-0.0019707,-0.401912,3.57006,-29067.7,-1,4.09633e-10,1,0
0.00704991,-0.204127,-0.00193782,-0.400848,3.57078,-28954.6,-1,5.79914e-10,1,0
0.0070506,-0.204373,-0.00219707,-0.400172,3.57141,-28986.6,-1,2.93304e-10,1,0
0.00705177,-0.205062,-0.00296332,-0.399647,3.57085,-29079.5,-1,1.07148e-09,1,0
0.00705276,-0.205365,-0.00298082,-0.3999,3.57163,-29118.3,-1,8.79984e-10,1,0
0.00705396,-0.204739,-0.00289751,-0.399177,3.57281,-29024.7,-1,6.54994e-10,1,0
0.00705474,-0.204806,-0.0033879,-0.399461,3.57273,-29030.9,-1,5.75899e-10,1,0
0.00705603,-0.204364,-0.0047395,-0.399725,3.57098,-28963,-1,1.3287e-09,1,0
0.00705709,-0.203972,-0.00582149,-0.399915,3.57176,-28903.1,-1,7.04238e-11,1,0
0.00705763,-0.203891,-0.00599952,-0.400295,3.56953,-28889.4,-1,4.15528e-10,1,0
0.00705937,-0.202807,-0.00666305,-0.399137,3.56945,-28728.8,-1,7.49321e-10,1,0
0.00706026,-0.202554,-0.00705288,-0.398496,3.5707,-28689.4,-1,1.2802e-10,1,0
0.00706166,-0.201787,-0.00667499,-0.39909,3.57018,-28575,-1,1.23555e-09,1,0
0.00706179,-0.201807,-0.00666015,-0.399088,3.56949,-28577.3,-1,6.85959e-11,1,0
0.00706314,-0.201916,-0.0070785,-0.400375,3.56766,-28587.3,-1,4.7398e-10,1,0
0.00706483,-0.201746,-0.00806255,-0.401637,3.56683,-28556.3,-1,2.71621e-10,1,0
0.00706634,-0.201988,-0.00872747,-0.40199,3.56756,-28584.5,-1,4.71911e-10,1,0
0.00706801,-0.200846,-0.00800344,-0.403033,3.56791,-28416.2,-1,5.53046e-10,1,0
0.00706924,-0.200804,-0.00800547,-0.404383,3.57179,-28405.3,-1,1.29296e-09,1,0
0.00707061,-0.199832,-0.00814188,-0.405563,3.57112,-28262.3,-1,1.53518e-09,1,0
0.00707208,-0.199702,-0.00679673,-0.404611,3.57113,-28238,-1,1.53518e-09,1,0
0.00707269,-0.199648,-0.00624464,-0.40422,3.57113,-28228.1,-1,1.53518e-09,1,0
0.00707359,-0.199506,-0.00538029,-0.403922,3.57073,-28204.3,-1,3.00434e-09,1,0
0.00707504,-0.198793,-0.00465178,-0.403793,3.57013,-28097.8,-1,1.03824e-10,1,0
0.00707588,-0.198673,-0.00436865,-0.403053,3.56922,-28077.4,-1,2.70123e-10,1,0
0.00707761,-0.199824,-0.0046093,-0.401514,3.56916,-28233.3,-1,2.70123e-10,1,0
0.0070786,-0.200319,-0.00426908,-0.401451,3.56705,-28299.2,-1,5.08264e-11,1,0
0.00707943,-0.199958,-0.00478977,-0.400772,3.56872,-28244.9,-1,9.28368e-10,1,0
0.00708067,-0.200724,-0.00594281,-0.400837,3.56954,-28348.2,-1,1.17543e-09,1,0
0.00708092,-0.200799,-0.00592887,-0.400891,3.56944,-28357.7,-1,1.41749e-10,1,0
0.00708257,-0.200189,-0.00463919,-0.402045,3.57174,-28265.1,-1,1.39455e-09,1,0
0.00708305,-0.200013,-0.00507086,-0.402211,3.57125,-28238.2,-1,3.49589e-10,1,0
0.00708406,-0.199375,-0.00558778,-0.402991,3.57098,-28144.2,-1,1.25642e-09,1,0
0.00708703,-0.197504,-0.00710482,-0.405279,3.57201,-27868.4,-1,3.39472e-09,1,0
0.00708799,-0.197311,-0.00692813,-0.40591,3.572,-27837.4,-1,8.21953e-10,1,0
0.00708855,-0.197089,-0.00671574,-0.405496,3.56928,-27803.8,-1,7.93697e-10,1,0
0.00708963,-0.198193,-0.00661225,-0.405039,3.57044,-27955.4,-1,4.0676e-11,1,0
0.00709054,-0.198904,-0.00636777,-0.404349,3.57065,-28052,-1,8.62804e-12,1,0
0.00709109,-0.198934,-0.00638549,-0.403752,3.57043,-28054.1,-1,5.25356e-11,1,0
0.00709306,-0.199898,-0.00622972,-0.402688,3.56918,-28182.2,-1,1.20769e-09,1,0
0.0070945,-0.201035,-0.00581623,-0.40301,3.57002,-28336.7,-1,2.2031e-10,1,0
0.00709538,-0.201928,-0.00563135,-0.402632,3.57216,-28459.1,-1,9.37987e-10,1,0
0.00709577,-0.201705,-0.00582137,-0.40257,3.57365,-28426.1,-1,1.29985e-10,1,0
0.00709693,-0.201418,-0.00539444,-0.403271,3.57213,-28381,-1,7.0319e-10,1,0
0.00709737,-0.201415,-0.00507414,-0.403649,3.57382,-28378.8,-1,1.45463e-09,1,0
0.00709789,-0.201596,-0.00504288,-0.4031,3.5733,-28402.3,-1,2.25986e-10,1,0
0.00709942,-0.202136,-0.00495004,-0.401469,3.57201,-28472.2,-1,2.0738e-09,1,0
0.00710008,-0.202705,-0.0048824,-0.401029,3.57275,-28549.6,-1,6.39936e-11,1,0
0.00710113,-0.203372,-0.00578967,-0.401315,3.57264,-28639.4,-1,1.16835e-09,1,0
0.00710208,-0.202723,-0.00604801,-0.40068,3.57329,-28544.2,-1,8.23515e-10,1,0
0.00710295,-0.202578,-0.00692276,-0.400285,3.57393,-28520.2,-1,1.22085e-09,1,0
0.00710327,-0.202726,-0.00670095,-0.400293,3.5741,-28539.8,-1,1.27141e-10,1,0
0.00710537,-0.203224,-0.004583,-0.399977,3.57398,-28601.4,-1,2.39033e-10,1,0
0.007107,-0.202009,-0.00358547,-0.400904,3.57241,-28424,-1,1.01369e-09,1,0
0.00710733,-0.201758,-0.00344773,-0.401048,3.57081,-28387.4,-1,6.89019e-11,1,0
0.0071089,-0.201302,-0.00254083,-0.402467,3.57182,-28316.9,-1,5.68944e-11,1,0
0.00711076,-0.201351,-0.00240116,-0.403289,3.56922,-28316.4,-1,1.29228e-09,1,0
0.00711126,-0.201219,-0.00207409,-0.403066,3.56934,-28295.9,-1,4.74201e-10,1,0
0.00711145,-0.201391,-0.00207615,-0.403191,3.56933,-28319.3,-1,4.74201e-10,1,0
0.00711282,-0.202633,-0.00209105,-0.404097,3.5676,-28488.4,-1,1.83803e-09,1,0
0.00711352,-0.201919,-0.00178214,-0.40402,3.56711,-28385.2,-1,7.8191e-10,1,0
0.00711485,-0.202927,-0.00190819,-0.403817,3.56522,-28521.6,-1,9.64609e-10,1,0
0.00711534,-0.203153,-0.00195818,-0.40398,3.56477,-28551.5,-1,9.01059e-11,1,0
0.00711555,-0.202977,-0.00179324,-0.403947,3.56478,-28525.9,-1,9.01059e-11,1,0
0.00711608,-0.202587,-0.00171381,-0.403801,3.56356,-28468.9,-1,1.42196e-10,1,0
0.00711708,-0.202073,-0.0025096,-0.404404,3.56359,-28392.6,-1,1.42196e-10,1,0
0.00711888,-0.202129,-0.00110058,-0.403616,3.56413,-28393.4,-1,6.13415e-10,1,0
0.00712067,-0.202656,-0.00172823,-0.4031,3.56116,-28460.3,-1,1.29202e-09,1,0
0.00712114,-0.202466,-0.00182959,-0.403579,3.56117,-28431.6,-1,1.29202e-09,1,0
0.00712355,-0.201592,-0.00305813,-0.405609,3.56069,-28299.4,-1,1.29251e-09,1,0
0.00712544,-0.200075,-0.00352234,-0.405733,3.55968,-28079,-1,4.43595e-10,1,0
0.00712571,-0.199962,-0.00377049,-0.405672,3.55903,-28062,-1,1.02961e-10,1,0
0.00712777,-0.198718,-0.00570524,-0.405765,3.56141,-27879.4,-1,1.29257e-09,1,0
0.00712959,-0.199986,-0.00484458,-0.407108,3.55935,-28050.2,-1,1.18319e-11,1,0
0.00713061,-0.200697,-0.00436238,-0.407861,3.55965,-28145.8,-1,1.92944e-10,1,0
0.00713219,-0.200931,-0.00386545,-0.409545,3.55793,-28172.3,-1,4.27563e-10,1,0
0.00713308,-0.200527,-0.00431831,-0.4098,3.5588,-28112.3,-1,2.17755e-10,1,0
0.00713392,-0.199839,-0.00494016,-0.409647,3.55825,-28012.5,-1,6.97683e-10,1,0
0.00713548,-0.198554,-0.00610045,-0.409363,3.56112,-27826.3,-1,2.26188e-09,1,0
0.00713575,-0.198317,-0.00622127,-0.40937,3.56127,-27792,-1,5.37083e-10,1,0
0.00713632,-0.198075,-0.00592351,-0.409204,3.55966,-27755.9,-1,1.27494e-10,1,0
0.00713806,-0.197191,-0.00575524,-0.409015,3.55882,-27625.3,-1,8.81439e-10,1,0
0.00713945,-0.196643,-0.00600514,-0.409994,3.56033,-27543.2,-1,3.59361e-10,1,0
0.00714003,-0.196705,-0.00621429,-0.410534,3.56374,-27549.6,-1,4.78131e-10,1,0
0.00714184,-0.196516,-0.00563205,-0.409749,3.56534,-27516.1,-1,1.29299e-09,1,0
0.00714295,-0.196288,-0.00600271,-0.409307,3.56628,-27480,-1,6.69725e-10,1,0
0.00714346,-0.196209,-0.00554821,-0.409085,3.5664,-27466.9,-1,5.30739e-10,1,0
0.00714505,-0.196898,-0.00458095,-0.407747,3.56559,-27557.2,-1,1.78865e-09,1,0
0.00714591,-0.196664,-0.00491927,-0.407033,3.56448,-27521.2,-1,8.14965e-10,1,0
0.00714693,-0.196947,-0.00599399,-0.407254,3.5639,-27556.8,-1,1.28109e-09,1,0
0.00714819,-0.197885,-0.00578963,-0.408233,3.56545,-27683.3,-1,1.19794e-09,1,0
0.00714973,-0.1969,-0.00538616,-0.407616,3.56626,-27539.5,-1,3.67365e-10,1,0
0.00715073,-0.196748,-0.00631885,-0.407064,3.56812,-27514.4,-1,4.90861e-10,1,0
0.00715163,-0.196407,-0.00657927,-0.407168,3.56962,-27463.3,-1,7.01406e-10,1,0
0.00715185,-0.196509,-0.00675072,-0.407058,3.56991,-27476.7,-1,2.77916e-11,1,0
0.0071543,-0.197819,-0.00892305,-0.406009,3.56802,-27650.4,-1,2.96201e-09,1,0
0.00715578,-0.198151,-0.00986534,-0.406436,3.56802,-27691,-1,6.47706e-12,1,0
0.00715662,-0.19742,-0.0102417,-0.406812,3.57037,-27585.7,-1,3.41234e-11,1,0
0.00715824,-0.196237,-0.0107705,-0.405538,3.57131,-27414.2,-1,8.74129e-10,1,0
0.00715903,-0.19566,-0.0110286,-0.404917,3.57005,-27330.5,-1,1.82943e-09,1,0
0.00716104,-0.197569,-0.0103831,-0.40441,3.56949,-27589.4,-1,1.29248e-09,1,0
0.00716194,-0.198528,-0.0101221,-0.404503,3.56942,-27719.9,-1,4.90992e-10,1,0
0.00716241,-0.198495,-0.00989016,-0.404365,3.56818,-27713.5,-1,2.67303e-10,1,0
0.0071638,-0.198074,-0.00941225,-0.403887,3.56946,-27649.4,-1,1.19575e-10,1,0
0.00716502,-0.197595,-0.00846081,-0.403022,3.569,-27577.8,-1,2.49597e-09,1,0
0.00716579,-0.197363,-0.00871137,-0.402228,3.56901,-27542.4,-1,2.49597e-09,1,0
0.00716637,-0.196847,-0.00862474,-0.402265,3.5702,-27468.2,-1,9.88158e-10,1,0
0.00716658,-0.196626,-0.00856841,-0.402335,3.57021,-27436.5,-1,9.88158e-10,1,0
0.00716737,-0.195802,-0.00835931,-0.402593,3.57227,-27318.6,-1,1.07259e-09,1,0
0.0071679,-0.195251,-0.00821914,-0.402766,3.57095,-27239.6,-1,1.03329e-09,1,0
0.00716864,-0.194718,-0.00792745,-0.403084,3.5723,-27162.5,-1,2.8104e-11,1,0
0.0071701,-0.195578,-0.00800044,-0.40187,3.57185,-27276.9,-1,6.57637e-10,1,0
0.00717088,-0.196385,-0.00778643,-0.401602,3.57152,-27386.4,-1,1.35302e-09,1,0
0.00717185,-0.19591,-0.00804942,-0.402174,3.56949,-27316.6,-1,4.72704e-10,1,0
0.00717427,-0.194432,-0.00894985,-0.403945,3.56931,-27101.3,-1,1.89732e-09,1,0
0.00717615,-0.193651,-0.00906588,-0.405639,3.56778,-26985.4,-1,1.40692e-09,1,0
0.00717651,-0.193662,-0.00933701,-0.405376,3.56647,-26985.5,-1,3.87265e-10,1,0
0.00717819,-0.193851,-0.00788602,-0.406574,3.56501,-27005.5,-1,1.0229e-10,1,0
0.00717975,-0.194579,-0.00668134,-0.406564,3.56356,-27101.1,-1,2.498e-09,1,0
0.00717983,-0.194563,-0.00664171,-0.406573,3.55965,-27098.6,-1,1.9306e-11,1,0
0.00718093,-0.195576,-0.00734196,-0.406715,3.5596,-27235.5,-1,1.9306e-11,1,0
0.00718134,-0.195949,-0.00759931,-0.406768,3.56227,-27285.8,-1,1.25481e-09,1,0
0.00718159,-0.195836,-0.00753292,-0.406946,3.56093,-27269.1,-1,2.41093e-10,1,0
0.00718227,-0.19533,-0.00700099,-0.407168,3.56049,-27196.2,-1,7.66315e-10,1,0
0.00718306,-0.19471,-0.00688853,-0.406769,3.56297,-27106.9,-1,6.66e-10,1,0
0.00718367,-0.194767,-0.00729643,-0.406366,3.56098,-27112.5,-1,8.72777e-11,1,0
0.00718434,-0.195113,-0.0073143,-0.405699,3.56096,-27158.1,-1,8.72777e-11,1,0
0.00718565,-0.194346,-0.00734689,-0.404726,3.56071,-27046.5,-1,1.14397e-09,1,0
0.00718636,-0.195103,-0.00754061,-0.404841,3.5615,-27149.1,-1,7.89658e-10,1,0
0.00718699,-0.194782,-0.00705799,-0.405208,3.56053,-27102.1,-1,6.5233e-10,1,0
0.00718751,-0.194544,-0.00730399,-0.40545,3.56135,-27067,-1,8.03625e-11,1,0
0.00718885,-0.194997,-0.00683297,-0.404547,3.56292,-27125,-1,2.49223e-10,1,0
0.00718974,-0.195511,-0.00666714,-0.403705,3.5629,-27193.1,-1,2.49223e-10,1,0
0.00719157,-0.19654,-0.00624953,-0.402127,3.56159,-27329.2,-1,3.8315e-09,1,0
0.00719242,-0.197033,-0.00593647,-0.401753,3.56184,-27394.6,-1,6.41317e-10,1,0
0.00719256,-0.197128,-0.00597428,-0.401868,3.56011,-27407.2,-1,6.51135e-12,1,0
0.00719327,-0.197131,-0.00665909,-0.402257,3.56077,-27404.9,-1,7.93141e-10,1,0
0.00719404,-0.196568,-0.00675929,-0.401759,3.55737,-27323.8,-1,7.92886e-10,1,0
0.00719487,-0.196539,-0.00715537,-0.401076,3.55676,-27316.5,-1,2.74145e-10,1,0
0.00719596,-0.196235,-0.00694176,-0.400355,3.55607,-27270.1,-1,7.70811e-10,1,0
0.00719692,-0.195773,-0.00626072,-0.399818,3.55877,-27202.4,-1,4.86435e-11,1,0
0.00719885,-0.196246,-0.00777505,-0.398346,3.55729,-27260.7,-1,2.16433e-09,1,0
0.00720015,-0.196742,-0.00728469,-0.398785,3.55784,-27324.7,-1,7.21215e-10,1,0
0.00720166,-0.197833,-0.00745734,-0.3981,3.55695,-27470.5,-1,1.71097e-09,1,0
0.00720264,-0.197918,-0.00762944,-0.397124,3.55805,-27478.5,-1,1.73373e-09,1,0
0.00720296,-0.197801,-0.00759647,-0.397031,3.55618,-27461.1,-1,6.60506e-11,1,0
0.00720356,-0.198207,-0.00769074,-0.3965,3.55616,-27515.1,-1,6.60506e-11,1,0
0.00720474,-0.19864,-0.00785573,-0.395289,3.5561,-27570.7,-1,1.10256e-09,1,0
0.00720542,-0.198488,-0.00788012,-0.394566,3.55643,-27547,-1,5.78741e-10,1,0
0.00720649,-0.198764,-0.00776833,-0.395206,3.55679,-27581.3,-1,9.42156e-10,1,0
0.00720789,-0.199131,-0.00685692,-0.396385,3.5565,-27626.9,-1,1.36082e-09,1,0
0.00720844,-0.199521,-0.00677318,-0.396699,3.55761,-27678.7,-1,4.18379e-10,1,0
0.00720957,-0.199925,-0.00687499,-0.396853,3.55582,-27730.5,-1,2.91645e-10,1,0
0.00721109,-0.201091,-0.00748186,-0.396188,3.55311,-27886.4,-1,1.29206e-09,1,0
0.00721218,-0.201525,-0.00634372,-0.396114,3.55337,-27942.3,-1,1.22039e-09,1,0
0.00721312,-0.202507,-0.0064299,-0.396487,3.55332,-28074.8,-1,1.22039e-09,1,0
0.00721352,-0.202925,-0.00646656,-0.396645,3.5533,-28131.2,-1,1.22039e-09,1,0
0.0072159,-0.204207,-0.00584459,-0.396065,3.55468,-28299.5,-1,1.2925e-09,1,0
0.00721715,-0.204211,-0.00644457,-0.395856,3.5471,-28295.2,-1,5.20166e-10,1,0
0.00721736,-0.204135,-0.00622379,-0.395809,3.5471,-28284,-1,5.20166e-10,1,0
0.00721788,-0.203952,-0.00568581,-0.395695,3.54717,-28256.5,-1,8.17537e-10,1,0
0.00721809,-0.204017,-0.0055011,-0.395567,3.54676,-28264.7,-1,2.34234e-10,1,0
0.00721985,-0.205833,-0.00615823,-0.395983,3.54312,-28509.3,-1,1.69895e-09,1,0
0.00722151,-0.206847,-0.00461156,-0.395879,3.54335,-28643.2,-1,1.17084e-09,1,0
0.00722296,-0.207731,-0.00326337,-0.395788,3.54176,-28759.9,-1,7.92282e-10,1,0
0.00722467,-0.208061,-0.00264838,-0.395858,3.54076,-28798.8,-1,6.14959e-10,1,0
0.00722601,-0.209551,-0.00257053,-0.395774,3.54089,-28999.6,-1,5.58492e-10,1,0
0.00722731,-0.20878,-0.00363275,-0.396378,3.54187,-28887.7,-1,8.02366e-10,1,0
0.00722796,-0.208577,-0.00400916,-0.396053,3.54337,-28857,-1,3.6465e-10,1,0
0.00722973,-0.20831,-0.00472366,-0.394628,3.54266,-28813,-1,1.54629e-09,1,0
0.00723033,-0.20828,-0.00443716,-0.394011,3.5399,-28806.4,-1,1.33943e-09,1,0
0.00723321,-0.20787,-0.00535743,-0.39612,3.53909,-28738.3,-1,1.29233e-09,1,0
0.00723563,-0.205419,-0.00470838,-0.396862,3.54285,-28390,-1,2.58042e-09,1,0
0.00723676,-0.206086,-0.00533065,-0.395991,3.53772,-28477.7,-1,9.07103e-10,1,0
0.00723741,-0.205863,-0.00583403,-0.395842,3.53533,-28444.3,-1,5.21091e-10,1,0
0.00723813,-0.206363,-0.00644775,-0.395905,3.5353,-28510.6,-1,5.21091e-10,1,0
0.00723861,-0.206704,-0.00686645,-0.395949,3.53472,-28555.8,-1,1.33565e-09,1,0
0.00723963,-0.207725,-0.00706549,-0.395657,3.53476,-28692.7,-1,9.00306e-10,1,0
0.00724085,-0.208545,-0.00792753,-0.394993,3.53404,-28801.1,-1,1.59487e-09,1,0
0.00724179,-0.208614,-0.00791966,-0.393941,3.53412,-28807,-1,7.07289e-11,1,0
0.0072424,-0.208659,-0.00791464,-0.39327,3.53497,-28810.8,-1,1.32693e-09,1,0
0.00724246,-0.208683,-0.00787545,-0.393282,3.53557,-28813.9,-1,4.28887e-11,1,0
0.00724357,-0.20883,-0.00761862,-0.393324,3.53418,-28829.7,-1,4.49189e-10,1,0
0.00724379,-0.208862,-0.00757831,-0.393103,3.53437,-28833.2,-1,1.68949e-10,1,0
0.00724449,-0.208851,-0.00726317,-0.392514,3.53343,-28829,-1,3.93125e-10,1,0
0.0072454,-0.20825,-0.00645217,-0.392353,3.53346,-28742.4,-1,3.93125e-10,1,0
0.00724608,-0.208867,-0.00628931,-0.392253,3.5341,-28824.8,-1,1.28468e-09,1,0
0.00724741,-0.208965,-0.00529528,-0.392275,3.53269,-28833.1,-1,1.00184e-09,1,0
0.00724828,-0.208986,-0.00530222,-0.392688,3.53229,-28832.4,-1,3.11684e-10,1,0
0.00724923,-0.209152,-0.00505351,-0.393699,3.53408,-28851.6,-1,4.08775e-10,1,0
0.00725099,-0.209738,-0.00589009,-0.392741,3.53351,-28925.5,-1,1.65074e-09,1,0
0.00725208,-0.210357,-0.00636946,-0.392434,3.53413,-29006.5,-1,6.39587e-10,1,0
0.00725348,-0.209585,-0.0056812,-0.392599,3.5347,-28894.5,-1,7.76032e-10,1,0
0.00725488,-0.209864,-0.00655225,-0.393855,3.53408,-28927.2,-1,1.55377e-09,1,0
0.00725696,-0.212175,-0.00631937,-0.393715,3.53197,-29237.4,-1,2.32715e-09,1,0
0.00725874,-0.210346,-0.00566362,-0.39381,3.53135,-28978.3,-1,7.81037e-10,1,0
0.00725977,-0.209383,-0.00557775,-0.394413,3.53139,-28841.6,-1,7.81037e-10,1,0
0.0072622,-0.207173,-0.00497387,-0.394122,3.53083,-28527.6,-1,1.29245e-09,1,0
0.00726315,-0.206583,-0.00585589,-0.394096,3.53156,-28442.6,-1,6.66105e-10,1,0
0.0072636,-0.206651,-0.00537491,-0.393967,3.53156,-28450.2,-1,6.66105e-10,1,0
0.00726396,-0.206821,-0.00516111,-0.394158,3.52955,-28472.2,-1,2.89676e-10,1,0
0.00726494,-0.207408,-0.00475302,-0.39499,3.52993,-28549.1,-1,1.09716e-09,1,0
0.00726572,-0.206881,-0.00503739,-0.395249,3.52684,-28473.6,-1,7.51812e-10,1,0
0.00726685,-0.207568,-0.0044951,-0.394669,3.52801,-28563.7,-1,1.11602e-09,1,0
0.00726877,-0.20831,-0.00473911,-0.393898,3.527,-28658.3,-1,1.29288e-09,1,0
0.00726963,-0.209011,-0.00481,-0.394449,3.52671,-28751.2,-1,2.45101e-11,1,0
0.00727165,-0.209445,-0.00562256,-0.395597,3.52707,-28803,-1,1.52593e-09,1,0
0.00727244,-0.209157,-0.00535263,-0.39506,3.52836,-28760.3,-1,5.78102e-10,1,0
0.00727464,-0.209048,-0.00481522,-0.397062,3.53048,-28736.5,-1,4.0726e-10,1,0
0.00727575,-0.208391,-0.00418696,-0.396269,3.53088,-28641.8,-1,5.57405e-11,1,0
0.00727666,-0.208019,-0.00377873,-0.395753,3.52943,-28587.1,-1,1.41942e-10,1,0
0.00727769,-0.207364,-0.00325715,-0.396176,3.53043,-28493.1,-1,1.00668e-09,1,0
0.00727827,-0.207192,-0.00381282,-0.395875,3.53316,-28467.3,-1,6.54862e-10,1,0
0.00727858,-0.207093,-0.0034811,-0.39588,3.53386,-28452.4,-1,2.30986e-10,1,0
0.0072809,-0.207522,-0.00277193,-0.396853,3.53417,-28502.2,-1,8.26148e-10,1,0
0.00728233,-0.208141,-0.00146195,-0.397502,3.53413,-28581.7,-1,8.26148e-10,1,0
0.00728326,-0.208545,-0.000606589,-0.397925,3.53422,-28633.5,-1,4.38423e-09,1,0
0.00728448,-0.207604,-0.000176157,-0.39812,3.53596,-28499.4,-1,7.14642e-10,1,0
0.00728517,-0.207419,0.000505063,-0.398104,3.53773,-28471.4,-1,1.24715e-09,1,0
0.00728582,-0.207613,0.00107534,-0.3977,3.53775,-28495.5,-1,9.02342e-10,1,0
0.00728658,-0.207924,0.00165211,-0.397159,3.53622,-28535.1,-1,8.49763e-10,1,0
0.00728795,-0.208067,0.000381512,-0.397996,3.53245,-28549.5,-1,1.29183e-09,1,0
0.00728898,-0.208175,-0.000569887,-0.398624,3.53146,-28560.2,-1,3.8821e-10,1,0
0.00728977,-0.207929,0.000267491,-0.398708,3.53147,-28523.4,-1,3.8821e-10,1,0
0.00729043,-0.20785,0.000748502,-0.398817,3.52944,-28510,-1,1.36715e-10,1,0
0.00729135,-0.207484,-9.16479e-05,-0.398373,3.52923,-28456.3,-1,3.72716e-11,1,0
0.00729246,-0.206952,-0.000834198,-0.398354,3.52743,-28379,-1,8.75194e-10,1,0
0.00729421,-0.205576,-0.000391124,-0.399621,3.52775,-28183.5,-1,4.26315e-10,1,0
0.00729458,-0.205676,-0.000264499,-0.399741,3.52406,-28195.8,-1,1.23077e-10,1,0
0.0072949,-0.205503,-0.00045516,-0.399988,3.52446,-28170.7,-1,2.68316e-10,1,0
0.00729616,-0.205111,-0.00163071,-0.400627,3.52641,-28112.2,-1,7.75919e-10,1,0
0.0072973,-0.204197,-0.00193166,-0.400969,3.52728,-27982.5,-1,1.04234e-09,1,0
0.00729849,-0.205025,-0.00204405,-0.399945,3.52724,-28091.4,-1,1.04234e-09,1,0
0.00729932,-0.205596,-0.00233474,-0.399773,3.5287,-28166.5,-1,1.80812e-10,1,0
0.00729972,-0.205846,-0.00269841,-0.39986,3.52869,-28199.1,-1,1.80812e-10,1,0
0.00730068,-0.205791,-0.00224374,-0.39952,3.52836,-28187.9,-1,2.95617e-10,1,0
0.00730178,-0.205126,-0.00317915,-0.399794,3.5289,-28092.7,-1,7.10871e-10,1,0
0.00730253,-0.205059,-0.00306957,-0.399527,3.53029,-28080.5,-1,2.30679e-10,1,0
0.00730288,-0.205073,-0.0029262,-0.399178,3.52933,-28081.2,-1,1.05389e-11,1,0
0.0073041,-0.205139,-0.00234883,-0.398953,3.52569,-28085.5,-1,1.6803e-10,1,0
0.00730517,-0.205362,-0.0023065,-0.398413,3.52445,-28111.8,-1,6.43795e-10,1,0
0.00730646,-0.205232,-0.00174947,-0.3989,3.52639,-28089.1,-1,4.7516e-10,1,0
0.00730723,-0.205258,-0.00173293,-0.399171,3.52754,-28089.7,-1,3.37659e-10,1,0
0.00730878,-0.206931,-0.00214462,-0.399266,3.52815,-28312.7,-1,5.91768e-10,1,0
0.00730931,-0.207508,-0.00225682,-0.3993,3.52716,-28389.6,-1,8.42884e-11,1,0
0.00731046,-0.208473,-0.00186675,-0.399879,3.52727,-28517,-1,4.83459e-10,1,0
0.007311,-0.208439,-0.00178421,-0.400132,3.52819,-28510.4,-1,2.50358e-10,1,0
0.0073127,-0.207615,-0.00295221,-0.399972,3.52361,-28391.1,-1,1.63394e-09,1,0
0.00731498,-0.207352,-0.00470987,-0.400209,3.52423,-28346.2,-1,1.49375e-09,1,0
0.00731577,-0.207854,-0.00507974,-0.399977,3.52555,-28411.8,-1,4.697e-10,1,0
0.00731654,-0.20848,-0.00525963,-0.399868,3.52381,-28494.3,-1,3.3479e-10,1,0
0.00731677,-0.208562,-0.00547466,-0.399758,3.52586,-28504.6,-1,2.55252e-10,1,0
0.00731824,-0.208169,-0.00433795,-0.400238,3.5246,-28445.2,-1,8.70335e-10,1,0
0.0073191,-0.208524,-0.00359397,-0.400714,3.52275,-28490.4,-1,1.72278e-09,1,0
0.00732113,-0.208606,-0.00429175,-0.398802,3.52192,-28493.6,-1,8.34116e-10,1,0
0.00732123,-0.208668,-0.00435019,-0.398793,3.52191,-28501.7,-1,3.38874e-11,1,0
0.00732195,-0.208595,-0.00492953,-0.399257,3.52365,-28488.9,-1,5.32111e-10,1,0
0.00732259,-0.208431,-0.00433884,-0.39946,3.52193,-28464.2,-1,4.53201e-10,1,0
0.00732374,-0.207731,-0.00368469,-0.399649,3.52262,-28364,-1,9.90855e-10,1,0
0.00732403,-0.207659,-0.00360528,-0.399345,3.52377,-28353.1,-1,3.15496e-10,1,0
0.00732573,-0.209018,-0.00254903,-0.400127,3.52343,-28532.1,-1,1.8908e-09,1,0
0.00732721,-0.210468,-0.00217692,-0.400255,3.52293,-28724.1,-1,1.52822e-09,1,0
0.00732782,-0.210424,-0.00222445,-0.399701,3.52489,-28715.7,-1,3.94148e-11,1,0
0.00732898,-0.210141,-0.00109436,-0.399123,3.5278,-28672.6,-1,1.134e-09,1,0
0.00732959,-0.209798,-0.000608874,-0.399091,3.52741,-28623.4,-1,3.12348e-10,1,0
0.00733056,-0.209679,-0.00134343,-0.398706,3.52705,-28603.4,-1,7.9654e-11,1,0
0.00733202,-0.209555,-0.00161371,-0.397712,3.52813,-28580.9,-1,1.69723e-09,1,0
0.00733357,-0.209297,-0.000539873,-0.39638,3.52814,-28539.6,-1,1.69723e-09,1,0
0.00733539,-0.209153,0.000784642,-0.394878,3.52809,-28512.8,-1,5.26854e-10,1,0
0.00733619,-0.209596,0.00151571,-0.394901,3.52801,-28570.2,-1,1.49961e-10,1,0
0.00733794,-0.209862,0.0030513,-0.394405,3.52725,-28599.5,-1,1.66945e-09,1,0
0.00733881,-0.209202,0.00354992,-0.394299,3.52758,-28506.2,-1,6.06297e-10,1,0
0.00734036,-0.207626,0.00307392,-0.394804,3.52766,-28285.5,-1,6.06297e-10,1,0
0.00734249,-0.206534,0.00212874,-0.396067,3.52892,-28128.6,-1,3.04054e-09,1,0
0.0073435,-0.206655,0.00150931,-0.397001,3.53108,-28141.3,-1,2.18477e-09,1,0
0.00734514,-0.20649,6.99571e-06,-0.396927,3.52947,-28112.5,-1,1.29231e-09,1,0
0.00734658,-0.205622,-0.000589612,-0.395718,3.52995,-27988.8,-1,1.52235e-09,1,0
0.0073473,-0.205723,-0.000216568,-0.395791,3.53124,-27999.8,-1,5.73977e-10,1,0
0.0073493,-0.205468,0.000720118,-0.3958,3.53619,-27957.5,-1,1.46608e-09,1,0
0.00734953,-0.205386,0.000860343,-0.395643,3.53324,-27945.5,-1,3.10153e-11,1,0
0.00735089,-0.204437,6.28266e-05,-0.396095,3.53512,-27811.1,-1,2.04061e-10,1,0
0.00735173,-0.204349,-0.000165681,-0.396164,3.53024,-27796,-1,6.46824e-11,1,0
0.00735373,-0.203671,-7.15639e-05,-0.394823,3.53048,-27696.3,-1,1.63643e-09,1,0
0.00735456,-0.203774,5.13714e-05,-0.394844,3.52949,-27707.2,-1,5.23294e-10,1,0
0.00735505,-0.204239,0.000347564,-0.394918,3.52947,-27768.5,-1,5.23294e-10,1,0
0.00735599,-0.205,0.000213895,-0.394719,3.52884,-27868.5,-1,2.5444e-10,1,0
0.00735712,-0.205811,-0.000493247,-0.394136,3.52895,-27974.4,-1,1.75123e-09,1,0
0.00735837,-0.20664,-0.0002985,-0.393142,3.52966,-28082.4,-1,6.12846e-11,1,0
0.00735922,-0.206693,-0.000330101,-0.393373,3.52572,-28086.3,-1,2.55933e-10,1,0
0.00735964,-0.206998,-0.000563167,-0.393213,3.52734,-28126,-1,4.2326e-10,1,0
0.00736161,-0.20686,-0.000616878,-0.393543,3.52631,-28099.8,-1,1.1859e-09,1,0
0.00736286,-0.205994,-0.000587212,-0.394524,3.52592,-27977.5,-1,9.11797e-11,1,0
0.00736401,-0.206259,-0.00179185,-0.394846,3.5259,-28009.1,-1,9.11797e-11,1,0
0.00736535,-0.205779,-0.00138413,-0.395522,3.52418,-27938.8,-1,1.65881e-09,1,0
0.00736736,-0.204907,-0.000796168,-0.396058,3.52559,-27812.8,-1,2.7364e-09,1,0
0.00736877,-0.204833,-0.00206388,-0.395191,3.52657,-27797.5,-1,1.89002e-09,1,0
0.00736985,-0.205015,-0.00275594,-0.394227,3.52656,-27818.1,-1,1.89002e-09,1,0
0.00737137,-0.205566,-0.00361597,-0.39328,3.52605,-27887,-1,3.81046e-10,1,0
0.00737275,-0.206073,-0.00279983,-0.392397,3.52551,-27950.6,-1,1.56297e-10,1,0
0.00737295,-0.20601,-0.0027527,-0.392285,3.52404,-27941.3,-1,1.09992e-10,1,0
0.00737344,-0.205636,-0.00246796,-0.392033,3.52363,-27888.8,-1,4.70519e-10,1,0
0.00737582,-0.2048,-0.000966691,-0.391927,3.52291,-27766.4,-1,5.48887e-10,1,0
0.00737736,-0.20384,-0.00087788,-0.390714,3.52052,-27630.4,-1,1.23671e-09,1,0
0.00737927,-0.202792,-0.000824226,-0.389526,3.52255,-27481.3,-1,3.26457e-10,1,0
0.00737949,-0.202847,-0.000923295,-0.389707,3.52297,-27487.9,-1,1.66776e-10,1,0
0.00738064,-0.202384,-0.000322379,-0.389641,3.52013,-27420.9,-1,3.50689e-10,1,0
0.00738127,-0.201996,0.000212641,-0.389426,3.52015,-27366.1,-1,3.50689e-10,1,0
0.00738232,-0.201502,0.000518353,-0.390023,3.51973,-27295.2,-1,2.0892e-09,1,0
0.00738376,-0.200663,-0.000118566,-0.389721,3.51837,-27176.3,-1,1.17172e-09,1,0
0.00738444,-0.201161,0.000357368,-0.389642,3.51799,-27241.2,-1,6.0047e-10,1,0
0.00738546,-0.201438,-0.000375581,-0.389187,3.517,-27274.9,-1,1.97055e-10,1,0
0.00738669,-0.201436,-0.00152051,-0.38844,3.51446,-27270.2,-1,2.03075e-09,1,0
0.00738746,-0.201515,-0.0014761,-0.388361,3.51463,-27278,-1,1.38322e-10,1,0
0.00738949,-0.202,-0.000287994,-0.38707,3.51143,-27336.1,-1,9.66293e-10,1,0
0.00738952,-0.201973,-0.000282359,-0.387046,3.5089,-27332.3,-1,3.72092e-11,1,0
0.00739035,-0.202306,-0.00109404,-0.387321,3.50612,-27374.4,-1,2.44179e-10,1,0
0.00739076,-0.202441,-0.000873285,-0.387249,3.50885,-27391.1,-1,3.45483e-10,1,0
0.00739154,-0.201894,-0.000236202,-0.387035,3.50888,-27314.2,-1,3.45483e-10,1,0
0.00739232,-0.201534,8.73691e-05,-0.38681,3.50646,-27262.6,-1,1.54095e-09,1,0
0.00739264,-0.201464,-2.68391e-05,-0.38691,3.50748,-27252,-1,3.56203e-10,1,0
0.00739441,-0.20022,0.000275777,-0.388405,3.50893,-27077.1,-1,7.9388e-10,1,0
0.00739483,-0.199951,0.000464106,-0.388434,3.50747,-27039.3,-1,1.58933e-09,1,0
0.00739653,-0.198935,0.00165931,-0.387391,3.50816,-26895.7,-1,2.12845e-09,1,0
0.00739716,-0.198698,0.00232451,-0.38738,3.50817,-26861.4,-1,2.12845e-09,1,0
0.00739843,-0.198565,0.00349514,-0.386932,3.5072,-26838.8,-1,6.29197e-10,1,0
0.00739884,-0.198889,0.00369484,-0.38685,3.50688,-26881.2,-1,2.29233e-11,1,0
0.00740038,-0.198634,0.00273703,-0.385743,3.50549,-26841.1,-1,4.4509e-10,1,0
0.00740249,-0.198168,0.00243054,-0.384961,3.50639,-26770.4,-1,2.76098e-09,1,0
0.00740377,-0.197636,0.00307226,-0.384308,3.5054,-26694,-1,1.03493e-09,1,0
0.00740583,-0.197303,0.00382665,-0.383273,3.50462,-26641.6,-1,5.16738e-10,1,0
0.00740815,-0.195783,0.00295465,-0.383855,3.5036,-26428.1,-1,1.28644e-09,1,0
0.00740923,-0.195364,0.00310845,-0.383268,3.50181,-26367.7,-1,1.17631e-09,1,0
0.00740988,-0.195483,0.00324152,-0.383314,3.50186,-26381.4,-1,3.83108e-10,1,0
0.00741059,-0.194915,0.00312642,-0.382875,3.49981,-26302.3,-1,3.09973e-10,1,0
0.00741088,-0.195112,0.00309958,-0.382622,3.49859,-26327.8,-1,3.20998e-10,1,0
0.00741215,-0.196287,0.00313222,-0.383407,3.49853,-26481.8,-1,3.20998e-10,1,0
0.0074126,-0.19649,0.00309621,-0.383588,3.49717,-26507.6,-1,3.33058e-10,1,0
0.00741426,-0.196306,0.00422877,-0.383332,3.49569,-26476.8,-1,1.34987e-09,1,0
0.00741465,-0.196162,0.00423337,-0.382915,3.4974,-26456,-1,7.22911e-11,1,0
0.00741597,-0.196666,0.00518679,-0.383292,3.49535,-26519.3,-1,1.06583e-09,1,0
0.0074171,-0.19677,0.00618156,-0.383764,3.49244,-26529.3,-1,1.17608e-09,1,0
0.00741787,-0.196699,0.00560144,-0.383852,3.49139,-26516.9,-1,2.22183e-10,1,0
0.00741847,-0.196623,0.00519286,-0.384234,3.48938,-26504.5,-1,1.00681e-09,1,0
0.0074201,-0.195333,0.00507379,-0.382982,3.48945,-26324.9,-1,1.00681e-09,1,0
0.00742125,-0.195377,0.00444126,-0.382401,3.48933,-26326.7,-1,2.39347e-09,1,0
0.00742308,-0.195409,0.00300316,-0.382405,3.48819,-26324.5,-1,1.92732e-09,1,0
0.00742495,-0.194153,0.00181717,-0.382976,3.48715,-26148.7,-1,5.80744e-10,1,0
0.0074261,-0.194416,0.00175127,-0.38183,3.48651,-26180.1,-1,1.04618e-09,1,0
0.00742689,-0.194597,0.0021764,-0.381086,3.48577,-26201.7,-1,9.07702e-11,1,0
0.00742772,-0.194787,0.00262038,-0.38031,3.48831,-26224.3,-1,3.54688e-10,1,0
0.00742819,-0.194811,0.00220725,-0.37998,3.48628,-26225.9,-1,4.4759e-10,1,0
0.00742895,-0.194851,0.00155293,-0.379457,3.48442,-26228.5,-1,9.20261e-10,1,0
0.00743072,-0.193804,0.00196051,-0.379531,3.48586,-26081.4,-1,1.29252e-09,1,0
0.00743177,-0.1936,0.00270289,-0.378706,3.48799,-26050.3,-1,1.11807e-09,1,0
0.00743278,-0.192664,0.00323742,-0.379021,3.48792,-25920.9,-1,6.22633e-10,1,0
0.00743459,-0.191033,0.00420211,-0.379588,3.48869,-25695.1,-1,3.13008e-11,1,0
0.00743658,-0.192641,0.0052686,-0.380315,3.48709,-25904.5,-1,3.27306e-10,1,0
0.00743791,-0.19225,0.00541736,-0.378908,3.48636,-25847.3,-1,1.46815e-09,1,0
0.00743917,-0.192169,0.00611125,-0.378557,3.48568,-25832.1,-1,1.26928e-10,1,0
0.0074402,-0.191494,0.0060596,-0.377637,3.48571,-25737.7,-1,1.26928e-10,1,0
0.00744075,-0.191131,0.00603182,-0.377143,3.48671,-25687,-1,4.58355e-10,1,0
0.00744244,-0.190459,0.00486192,-0.377012,3.48402,-25591,-1,1.29245e-09,1,0
0.00744348,-0.190003,0.00397808,-0.376431,3.48549,-25526.2,-1,1.15193e-09,1,0
0.00744369,-0.189923,0.00378558,-0.376376,3.48658,-25514.6,-1,1.46659e-10,1,0
0.00744432,-0.189737,0.00313485,-0.376536,3.48822,-25487.5,-1,7.77274e-10,1,0
0.00744559,-0.18897,0.00276596,-0.376434,3.48697,-25380.1,-1,3.81507e-10,1,0
0.00744648,-0.188866,0.00309024,-0.376001,3.48388,-25363.1,-1,5.23315e-10,1,0
0.00744792,-0.188565,0.00295817,-0.376607,3.48316,-25317.8,-1,9.67285e-10,1,0
0.0074485,-0.18913,0.00266235,-0.376503,3.48355,-25391.7,-1,6.98211e-10,1,0
0.00744937,-0.189975,0.00222065,-0.376347,3.4835,-25502.1,-1,6.98211e-10,1,0
0.0074506,-0.191162,0.00159966,-0.376128,3.48233,-25657.2,-1,2.59741e-09,1,0
0.0074519,-0.19185,0.00216684,-0.376638,3.48424,-25745,-1,8.67844e-10,1,0
0.00745294,-0.191352,0.00131743,-0.376737,3.48606,-25674.8,-1,1.02515e-09,1,0
0.00745569,-0.190232,0.00302116,-0.378137,3.48694,-25515,-1,4.80752e-10,1,0
0.00745764,-0.190856,0.00396427,-0.379099,3.48561,-25592,-1,1.54492e-09,1,0
0.0074584,-0.19148,0.00396585,-0.379448,3.48718,-25673.1,-1,6.05053e-10,1,0
0.00745939,-0.192231,0.0039767,-0.38026,3.48304,-25770.3,-1,5.65939e-10,1,0
0.00746026,-0.192951,0.00397225,-0.380781,3.48395,-25863.9,-1,1.26336e-09,1,0
0.00746181,-0.19467,0.00388582,-0.380709,3.48328,-26088.9,-1,1.95279e-09,1,0
0.00746233,-0.194436,0.0034968,-0.380872,3.48616,-26055.7,-1,1.50415e-10,1,0
0.00746416,-0.194652,0.0050661,-0.382125,3.4886,-26078.3,-1,1.83999e-09,1,0
0.00746469,-0.194731,0.00551942,-0.382473,3.48792,-26087,-1,2.4928e-11,1,0
0.00746511,-0.194897,0.00577622,-0.382509,3.48847,-26107.7,-1,3.48493e-10,1,0
0.00746718,-0.193434,0.00615367,-0.383605,3.49052,-25904.6,-1,2.8574e-10,1,0
0.00746889,-0.193222,0.00662481,-0.384911,3.49596,-25870.3,-1,1.29286e-09,1,0
0.00747063,-0.192236,0.00658153,-0.385823,3.50052,-25732.3,-1,1.2334e-10,1,0
0.00747219,-0.191394,0.00619619,-0.385032,3.50043,-25614.2,-1,2.28089e-10,1,0
0.0074739,-0.192411,0.00772055,-0.384547,3.50067,-25744.4,-1,1.89566e-09,1,0
0.00747481,-0.192955,0.00853601,-0.384288,3.50064,-25814.1,-1,1.89566e-09,1,0
0.0074757,-0.193485,0.00932942,-0.384036,3.50098,-25881.9,-1,3.58098e-10,1,0
0.00747646,-0.192881,0.00878546,-0.383916,3.50028,-25798.5,-1,6.42615e-11,1,0
0.00747743,-0.192363,0.00917725,-0.383908,3.50091,-25725.8,-1,6.82978e-10,1,0
0.00747903,-0.192565,0.00908179,-0.384046,3.49809,-25747.3,-1,5.00032e-10,1,0
0.00747975,-0.19333,0.00914356,-0.384266,3.49803,-25847.2,-1,7.98376e-10,1,0
0.00748022,-0.193594,0.00899837,-0.384457,3.49896,-25880.7,-1,3.22028e-10,1,0
0.00748095,-0.193613,0.00929076,-0.38401,3.49689,-25880.8,-1,2.9364e-10,1,0
0.00748187,-0.193612,0.00919942,-0.383226,3.49522,-25877.5,-1,5.57115e-10,1,0
0.00748279,-0.192851,0.00882148,-0.382674,3.49482,-25772.6,-1,8.30716e-10,1,0
0.00748382,-0.19266,0.00876345,-0.383269,3.49211,-25743.5,-1,1.58275e-10,1,0
0.00748618,-0.192866,0.00912337,-0.385678,3.48984,-25762.9,-1,1.2926e-09,1,0
0.007488,-0.193524,0.00813294,-0.384059,3.48828,-25844.6,-1,9.05106e-10,1,0
0.00748931,-0.194391,0.00799866,-0.383595,3.49003,-25955.8,-1,6.80889e-10,1,0
0.00749002,-0.195011,0.00797487,-0.38311,3.4881,-26036.2,-1,7.87708e-10,1,0
0.00749164,-0.196426,0.00792062,-0.382005,3.48652,-26219.4,-1,1.79602e-09,1,0
0.00749274,-0.195844,0.00799975,-0.382514,3.48409,-26137.9,-1,9.71097e-10,1,0
0.00749374,-0.196161,0.00871524,-0.382383,3.48651,-26176.7,-1,6.88504e-10,1,0
0.00749495,-0.196547,0.00983963,-0.383001,3.48855,-26223.9,-1,1.31322e-10,1,0
0.0074964,-0.19727,0.0107292,-0.383599,3.48843,-26315.3,-1,1.51185e-10,1,0
0.00749786,-0.196635,0.010284,-0.382179,3.48881,-26225.5,-1,1.4781e-10,1,0
0.00749796,-0.196582,0.0101839,-0.382186,3.49199,-26218.1,-1,4.82573e-11,1,0
0.00749902,-0.196111,0.0100225,-0.38155,3.49092,-26151.6,-1,7.95095e-10,1,0
0.00750018,-0.197224,0.0097342,-0.382107,3.49038,-26295.9,-1,9.4234e-10,1,0
0.00750106,-0.19818,0.00965247,-0.38228,3.49061,-26420.3,-1,5.22886e-10,1,0
0.00750165,-0.198485,0.00975525,-0.382375,3.49203,-26458.8,-1,2.5465e-10,1,0
0.00750404,-0.197085,0.0116572,-0.383597,3.49192,-26263.8,-1,2.65873e-09,1,0
0.00750534,-0.196811,0.0126883,-0.384066,3.49175,-26222.8,-1,3.96445e-10,1,0
0.00750591,-0.196764,0.0123688,-0.383646,3.49029,-26214.5,-1,4.01937e-10,1,0
0.00750704,-0.197415,0.0122915,-0.38348,3.4878,-26297.3,-1,5.80794e-10,1,0
0.00750758,-0.19735,0.0124741,-0.383519,3.48486,-26286.8,-1,3.28448e-10,1,0
0.00750865,-0.198002,0.0128363,-0.384445,3.48427,-26369.8,-1,1.32095e-09,1,0
0.00751007,-0.199033,0.0138067,-0.384015,3.48528,-26502.1,-1,4.52349e-10,1,0
0.00751138,-0.19981,0.0146964,-0.383175,3.48534,-26600.9,-1,1.6217e-09,1,0
0.00751176,-0.199981,0.0149931,-0.382941,3.48534,-26622.4,-1,1.6217e-09,1,0
0.00751252,-0.200331,0.0156002,-0.382461,3.48532,-26666.3,-1,1.6217e-09,1,0
0.00751298,-0.20033,0.0160033,-0.382317,3.48594,-26664.5,-1,8.90404e-11,1,0
0.00751392,-0.200704,0.0165042,-0.382867,3.4848,-26710.9,-1,2.81102e-10,1,0
0.00751453,-0.200762,0.0164646,-0.382669,3.48307,-26716.5,-1,1.00253e-09,1,0
0.00751538,-0.200351,0.0166636,-0.382913,3.48093,-26658.8,-1,6.97484e-10,1,0
0.00751739,-0.202114,0.0168078,-0.382112,3.48165,-26886.2,-1,7.52809e-10,1,0
0.00751898,-0.203849,0.0169252,-0.381857,3.48156,-27111.3,-1,7.52809e-10,1,0
0.0075202,-0.205185,0.0170156,-0.381659,3.48105,-27284.6,-1,4.75379e-09,1,0
0.00752096,-0.205902,0.0173471,-0.381952,3.48167,-27377.2,-1,8.4246e-10,1,0
0.00752233,-0.206558,0.0179791,-0.382728,3.48099,-27459.4,-1,1.98633e-10,1,0
0.00752259,-0.20659,0.0181086,-0.382844,3.48328,-27462.6,-1,3.04415e-11,1,0
0.00752301,-0.206268,0.0183833,-0.382778,3.48318,-27418.3,-1,1.74645e-11,1,0
0.00752415,-0.206186,0.0194464,-0.382671,3.48217,-27403.3,-1,2.98646e-10,1,0
0.00752598,-0.206154,0.0213511,-0.381981,3.48218,-27392.3,-1,2.98646e-10,1,0
0.00752798,-0.205704,0.0210952,-0.382537,3.48489,-27325.3,-1,1.19264e-09,1,0
0.00752989,-0.205889,0.0191361,-0.381754,3.48443,-27342.9,-1,3.04975e-09,1,0
0.00753138,-0.206198,0.0188812,-0.381405,3.48487,-27378.5,-1,6.87272e-10,1,0
0.0075324,-0.206512,0.0188698,-0.38249,3.48273,-27416.6,-1,4.61537e-10,1,0
0.00753361,-0.206752,0.0176872,-0.382866,3.48298,-27443.9,-1,1.2926e-09,1,0
0.00753455,-0.20693,0.0167061,-0.383153,3.48218,-27464.2,-1,1.03767e-09,1,0
0.00753662,-0.20749,0.0149532,-0.384051,3.48025,-27530.9,-1,4.61331e-10,1,0
0.00753817,-0.207269,0.0149534,-0.382471,3.48167,-27495.9,-1,5.88638e-10,1,0
0.00753871,-0.207452,0.0148645,-0.381974,3.47976,-27518.2,-1,4.07423e-10,1,0
0.0075404,-0.206273,0.0139636,-0.382999,3.48162,-27355.7,-1,1.72841e-10,1,0
0.00754246,-0.207699,0.0153087,-0.382835,3.48292,-27537.3,-1,1.68186e-10,1,0
0.00754317,-0.208283,0.0158327,-0.382744,3.47968,-27612.1,-1,2.9964e-11,1,0
0.00754384,-0.208282,0.0160786,-0.38256,3.47923,-27609.5,-1,2.60784e-10,1,0
0.00754449,-0.208007,0.0166691,-0.382348,3.48267,-27570.7,-1,1.21675e-10,1,0
0.00754492,-0.208205,0.0166176,-0.382232,3.48464,-27595.4,-1,1.89173e-10,1,0
0.0075457,-0.208527,0.0159743,-0.382124,3.48338,-27635.2,-1,9.92627e-10,1,0
0.00754699,-0.208587,0.0170554,-0.381226,3.47988,-27638.4,-1,1.7368e-10,1,0
0.00754906,-0.208709,0.018824,-0.379777,3.47929,-27647,-1,3.70684e-09,1,0
0.00755037,-0.208785,0.0199396,-0.378863,3.47929,-27652.3,-1,3.70684e-09,1,0
0.00755127,-0.208838,0.0207095,-0.378232,3.47928,-27656,-1,3.70684e-09,1,0
0.00755198,-0.209222,0.0208309,-0.378381,3.47715,-27704.3,-1,2.72869e-09,1,0
0.00755297,-0.210018,0.0206138,-0.379096,3.47711,-27806,-1,2.72869e-09,1,0
0.00755478,-0.21089,0.0200762,-0.380594,3.47684,-27914.8,-1,2.89028e-09,1,0
0.00755552,-0.210981,0.0198891,-0.38132,3.47426,-27924.1,-1,2.86219e-10,1,0
0.00755604,-0.210434,0.0200668,-0.38127,3.47429,-27849.8,-1,2.86219e-10,1,0
0.00755746,-0.210517,0.0212609,-0.380623,3.4758,-27855.5,-1,1.31913e-09,1,0
0.00755798,-0.210463,0.0216605,-0.380997,3.47604,-27846.4,-1,3.92452e-10,1,0
0.00755961,-0.21008,0.0233364,-0.381533,3.47606,-27789.8,-1,3.92452e-10,1,0
0.00756077,-0.209806,0.0245327,-0.381916,3.47612,-27749.3,-1,3.73424e-10,1,0
0.00756193,-0.210125,0.0248865,-0.382277,3.47647,-27787.2,-1,5.73292e-10,1,0
0.00756336,-0.209981,0.0254892,-0.383694,3.47588,-27763,-1,2.47772e-11,1,0
0.00756492,-0.211119,0.0250498,-0.383721,3.47626,-27907.6,-1,4.36503e-10,1,0
0.0075657,-0.211891,0.0247418,-0.383706,3.47854,-28006.8,-1,4.96654e-10,1,0
0.00756744,-0.21317,0.0239538,-0.384003,3.4784,-28169.4,-1,1.7167e-09,1,0
0.00756806,-0.212647,0.0243551,-0.38421,3.47843,-28097.9,-1,1.7167e-09,1,0
0.00756903,-0.211837,0.0249767,-0.384531,3.47802,-27987.3,-1,1.97054e-09,1,0
0.00756948,-0.211459,0.0252662,-0.384681,3.47878,-27935.7,-1,3.36343e-10,1,0
0.00757042,-0.211606,0.0262856,-0.38452,3.47877,-27951.7,-1,3.36343e-10,1,0
0.00757121,-0.211728,0.0271348,-0.384387,3.47877,-27964.9,-1,3.36343e-10,1,0
0.00757151,-0.211792,0.0271767,-0.384343,3.47793,-27972.2,-1,1.36137e-10,1,0
0.0075722,-0.212184,0.0265297,-0.384353,3.47862,-28021.4,-1,7.5659e-10,1,0
0.00757284,-0.212076,0.0266662,-0.383693,3.4786,-28004.8,-1,2.26329e-11,1,0
0.00757385,-0.211742,0.0269204,-0.383177,3.47697,-27956.9,-1,4.76284e-10,1,0
0.00757445,-0.211808,0.0271064,-0.382885,3.47735,-27963.6,-1,3.60739e-10,1,0
0.00757483,-0.211749,0.0274487,-0.382641,3.47718,-27954.3,-1,4.24709e-10,1,0
0.00757615,-0.21268,0.028004,-0.383559,3.47654,-28072.3,-1,1.39533e-09,1,0
0.00757688,-0.213203,0.0282925,-0.384098,3.47651,-28138.6,-1,1.39533e-09,1,0
0.00757833,-0.214244,0.0288666,-0.385172,3.47587,-28270.6,-1,2.40667e-09,1,0
0.00758083,-0.215101,0.0314465,-0.384644,3.47541,-28374.4,-1,2.76959e-09,1,0
0.00758191,-0.215213,0.031029,-0.384879,3.47493,-28385,-1,3.5493e-10,1,0
0.00758269,-0.214895,0.0302551,-0.38464,3.47495,-28340.2,-1,3.5493e-10,1,0
0.00758491,-0.215125,0.0282583,-0.383751,3.47434,-28362.2,-1,1.34411e-11,1,0
0.0075863,-0.2146,0.0278689,-0.384726,3.4774,-28287.9,-1,4.32944e-10,1,0
0.00758751,-0.214372,0.0282645,-0.383595,3.47716,-28253.3,-1,4.36858e-10,1,0
0.00758849,-0.213884,0.0286333,-0.382708,3.47777,-28185.3,-1,1.98038e-09,1,0
0.00759104,-0.211586,0.027978,-0.381192,3.47788,-27873.2,-1,1.98038e-09,1,0
0.00759129,-0.211556,0.0279314,-0.381107,3.47761,-27868.2,-1,1.05252e-10,1,0
0.00759213,-0.212483,0.0278615,-0.381142,3.47729,-27987.2,-1,2.84089e-11,1,0
0.00759232,-0.212366,0.0279759,-0.381186,3.47475,-27971.1,-1,1.86953e-10,1,0
0.00759291,-0.212624,0.0274795,-0.381529,3.47474,-28003,-1,1.86953e-10,1,0
0.00759431,-0.213131,0.0265759,-0.382394,3.4723,-28064.6,-1,1.99472e-09,1,0
0.00759587,-0.213059,0.0268977,-0.383854,3.47023,-28049.3,-1,5.89703e-10,1,0
0.00759687,-0.212737,0.0270968,-0.383548,3.47057,-28003.2,-1,2.51927e-10,1,0
0.00759764,-0.212906,0.0276425,-0.382914,3.47098,-28022.6,-1,8.53593e-10,1,0
0.00759887,-0.213217,0.0287457,-0.382966,3.46925,-28059,-1,9.7184e-10,1,0
0.00759967,-0.213483,0.0280609,-0.382542,3.46731,-28091.1,-1,5.9799e-10,1,0
0.00760146,-0.214229,0.026552,-0.381492,3.46727,-28182.6,-1,5.9799e-10,1,0
0.00760301,-0.213931,0.0272093,-0.380596,3.46815,-28137.7,-1,2.60331e-09,1,0
0.0076048,-0.213219,0.0287334,-0.379566,3.46897,-28037.5,-1,3.24915e-09,1,0
0.00760531,-0.212949,0.0283532,-0.379446,3.47132,-28000,-1,4.41733e-10,1,0
0.00760602,-0.213338,0.0280094,-0.379489,3.47353,-28048.6,-1,4.73665e-10,1,0
0.00760755,-0.213702,0.0274365,-0.379761,3.47247,-28090.8,-1,1.04729e-09,1,0
0.0076087,-0.214145,0.0267602,-0.378802,3.47148,-28144.8,-1,3.44553e-10,1,0
0.0076104,-0.214819,0.0257604,-0.377352,3.47244,-28227,-1,2.79479e-09,1,0
0.00761182,-0.213326,0.0255792,-0.377766,3.47306,-28025.6,-1,1.73955e-10,1,0
0.00761257,-0.212528,0.0254823,-0.377988,3.4731,-27918,-1,1.73955e-10,1,0
0.00761333,-0.212299,0.0259848,-0.377642,3.47285,-27885.1,-1,2.40602e-09,1,0
0.00761453,-0.211951,0.0264745,-0.377113,3.4684,-27835.1,-1,2.66955e-10,1,0
0.00761551,-0.211259,0.0256387,-0.377068,3.46843,-27740.7,-1,2.66955e-10,1,0
0.00761666,-0.211379,0.025723,-0.377655,3.46618,-27752.2,-1,8.3583e-10,1,0
0.00761678,-0.21144,0.0257875,-0.377749,3.46393,-27759.7,-1,1.28747e-10,1,0
0.00761801,-0.21191,0.0259557,-0.378271,3.4664,-27816.9,-1,3.41981e-10,1,0
0.00761886,-0.212294,0.0261097,-0.378992,3.46622,-27864.3,-1,1.89461e-09,1,0
0.00761977,-0.212094,0.0264447,-0.379251,3.46836,-27834.7,-1,5.80928e-10,1,0
0.00762157,-0.213231,0.0272625,-0.380662,3.46567,-27977.2,-1,1.23874e-09,1,0
0.00762253,-0.213404,0.0273891,-0.380433,3.46444,-27996.5,-1,5.81735e-10,1,0
0.00762376,-0.212611,0.026578,-0.380125,3.46428,-27887.9,-1,4.01293e-11,1,0
0.00762547,-0.213187,0.0263775,-0.380003,3.46517,-27957.2,-1,4.38583e-10,1,0
0.00762621,-0.213665,0.0262518,-0.379721,3.46766,-28017.2,-1,1.46716e-09,1,0
0.00762769,-0.213851,0.0262194,-0.379443,3.4627,-28036.2,-1,6.8648e-10,1,0
0.00762838,-0.213804,0.0260321,-0.378706,3.46287,-28027.4,-1,1.36503e-09,1,0
0.00762913,-0.213738,0.0265698,-0.378652,3.46268,-28016.1,-1,4.41155e-10,1,0
0.0076312,-0.213825,0.028311,-0.378637,3.4607,-28019.8,-1,1.08059e-09,1,0
0.00763289,-0.213711,0.0295821,-0.37739,3.4612,-27998.7,-1,1.58232e-09,1,0
0.00763337,-0.213339,0.0298186,-0.377108,3.46105,-27948.2,-1,7.35754e-10,1,0
0.00763452,-0.212551,0.0297056,-0.377417,3.46209,-27840.7,-1,3.56409e-10,1,0
0.0076358,-0.212127,0.0292839,-0.377488,3.461,-27780.6,-1,1.26121e-09,1,0
0.0076362,-0.212109,0.0290455,-0.377135,3.45976,-27776.8,-1,1.40375e-10,1,0
0.00763761,-0.211315,0.0288537,-0.376618,3.46289,-27667.7,-1,1.22686e-09,1,0
0.00763812,-0.211651,0.0285857,-0.376671,3.4621,-27709.8,-1,7.80644e-11,1,0
0.00763932,-0.212381,0.0281814,-0.375635,3.46091,-27801.1,-1,1.49175e-09,1,0
0.00764086,-0.213292,0.0295424,-0.375196,3.46044,-27914.6,-1,3.84117e-10,1,0
0.0076435,-0.214855,0.0318805,-0.374443,3.46036,-28109.6,-1,3.84117e-10,1,0
0.0076446,-0.215511,0.032861,-0.374127,3.46024,-28191.3,-1,1.81049e-10,1,0
0.00764569,-0.215547,0.0332632,-0.373926,3.46211,-28192,-1,7.6472e-10,1,0
0.00764741,-0.214935,0.0325577,-0.374251,3.46254,-28105.6,-1,6.14479e-10,1,0
0.00764889,-0.213967,0.0323741,-0.374316,3.46094,-27973.6,-1,1.17777e-10,1,0
0.00765003,-0.212908,0.0321564,-0.374962,3.46182,-27831,-1,2.25923e-09,1,0
0.00765135,-0.21153,0.0324457,-0.375365,3.46125,-27646.1,-1,1.7197e-10,1,0
0.00765188,-0.210979,0.0325614,-0.375527,3.46182,-27572.1,-1,1.65057e-09,1,0
0.00765294,-0.209884,0.0327912,-0.375847,3.46239,-27425.2,-1,1.39151e-09,1,0
0.00765418,-0.208826,0.0331203,-0.37666,3.4627,-27282.5,-1,1.16421e-09,1,0
0.00765662,-0.207115,0.0345157,-0.37734,3.46362,-27050.5,-1,1.20047e-09,1,0
0.00765764,-0.206961,0.0339198,-0.376454,3.46253,-27026.7,-1,6.17475e-10,1,0
0.00765816,-0.207232,0.0334736,-0.376373,3.45986,-27060.3,-1,4.79645e-10,1,0
0.00765947,-0.206135,0.0327859,-0.375876,3.4611,-26912.4,-1,1.14798e-09,1,0
0.00766072,-0.205242,0.0325096,-0.375876,3.46335,-26791.5,-1,3.96546e-11,1,0
0.00766244,-0.204955,0.0334985,-0.377471,3.46058,-26748,-1,8.89642e-10,1,0
0.00766332,-0.20474,0.0334146,-0.378068,3.45957,-26716.8,-1,3.87315e-11,1,0
0.00766427,-0.204387,0.0324814,-0.378373,3.4592,-26667.5,-1,1.33655e-09,1,0
0.0076648,-0.204089,0.0319891,-0.378475,3.45837,-26626.7,-1,4.94423e-10,1,0
0.00766527,-0.203826,0.031555,-0.378564,3.45838,-26590.8,-1,4.94423e-10,1,0
0.00766603,-0.203395,0.0308443,-0.378711,3.45816,-26532,-1,4.47866e-10,1,0
0.00766777,-0.2031,0.031892,-0.379097,3.4587,-26487.5,-1,5.03227e-10,1,0
0.00767032,-0.205065,0.0312592,-0.380704,3.45954,-26734.8,-1,1.29255e-09,1,0
0.00767124,-0.205556,0.0309903,-0.381552,3.45951,-26795.7,-1,1.29255e-09,1,0
0.00767249,-0.206221,0.0306266,-0.382699,3.45777,-26878,-1,3.48474e-10,1,0
0.00767358,-0.206803,0.0303085,-0.383703,3.45316,-26950,-1,1.34496e-10,1,0
0.00767444,-0.20739,0.0308353,-0.383595,3.4545,-27023.5,-1,4.79552e-10,1,0
0.00767465,-0.207621,0.0308743,-0.383587,3.45449,-27052.8,-1,4.79552e-10,1,0
0.00767599,-0.208159,0.0304518,-0.384412,3.45589,-27118.2,-1,9.83425e-10,1,0
0.00767671,-0.208203,0.0300447,-0.385092,3.4536,-27121.4,-1,7.9419e-10,1,0
0.00767819,-0.207216,0.0312627,-0.384676,3.45391,-26987.6,-1,1.08544e-09,1,0
0.00767911,-0.20658,0.0318927,-0.384296,3.45322,-26901.6,-1,3.10719e-10,1,0
0.00767967,-0.206082,0.0319233,-0.384089,3.44915,-26834.7,-1,1.26324e-10,1,0
0.00768061,-0.20671,0.032624,-0.383682,3.44929,-26913.2,-1,1.4916e-11,1,0
0.00768126,-0.206825,0.0328524,-0.383301,3.44687,-26925.9,-1,2.92732e-10,1,0
0.00768249,-0.207532,0.0333244,-0.384312,3.44625,-27013.6,-1,1.31242e-09,1,0
0.00768402,-0.208334,0.0346526,-0.383647,3.44681,-27112.7,-1,1.00141e-09,1,0
0.00768518,-0.208944,0.0356618,-0.383141,3.44678,-27187.9,-1,1.00141e-09,1,0
0.0076858,-0.208899,0.0358512,-0.383514,3.44828,-27179.9,-1,4.46914e-10,1,0
0.00768653,-0.2091,0.0362381,-0.383966,3.44786,-27203.4,-1,4.79559e-10,1,0
0.00768764,-0.207949,0.0358232,-0.38407,3.44763,-27049.8,-1,1.07685e-10,1,0
0.00768899,-0.206559,0.0353219,-0.384196,3.4459,-26864.2,-1,1.23717e-09,1,0
0.00769055,-0.204947,0.0347409,-0.384341,3.44569,-26649.2,-1,1.3998e-09,1,0
0.00769092,-0.205301,0.0347247,-0.384543,3.4464,-26693.9,-1,4.07354e-10,1,0
0.00769197,-0.205728,0.0348419,-0.385595,3.44471,-26745.8,-1,8.70403e-10,1,0
0.00769284,-0.206211,0.0349994,-0.386314,3.44808,-26805.5,-1,6.91405e-10,1,0
0.00769443,-0.205625,0.0349098,-0.387234,3.44953,-26723.8,-1,3.93522e-10,1,0
0.00769536,-0.205182,0.035272,-0.386964,3.45001,-26663.1,-1,5.12016e-10,1,0
0.00769607,-0.205069,0.0347907,-0.386376,3.44826,-26646,-1,7.68627e-10,1,0
0.00769768,-0.206746,0.035194,-0.386786,3.44884,-26858.3,-1,4.80766e-10,1,0
0.00769835,-0.207406,0.0352744,-0.386453,3.45384,-26941.6,-1,7.43771e-10,1,0
0.00769947,-0.206756,0.0348193,-0.38729,3.45855,-26853.3,-1,5.56319e-10,1,0
0.0077007,-0.20666,0.034012,-0.386199,3.45853,-26836.5,-1,1.18987e-09,1,0
0.0077015,-0.206843,0.0334567,-0.385678,3.45757,-26857.5,-1,3.34094e-10,1,0
0.00770256,-0.205886,0.0330597,-0.385137,3.45587,-26729.5,-1,5.75556e-10,1,0
0.00770317,-0.205826,0.0332797,-0.384938,3.45671,-26719.7,-1,8.91146e-10,1,0
0.00770408,-0.206483,0.0338169,-0.384439,3.45492,-26801.8,-1,8.62248e-10,1,0
0.00770451,-0.206808,0.0340442,-0.384174,3.45399,-26842.5,-1,9.47423e-11,1,0
0.00770504,-0.206917,0.0341652,-0.384127,3.45574,-26854.7,-1,1.46587e-10,1,0
0.0077068,-0.207504,0.0343736,-0.384924,3.45728,-26924.8,-1,6.16773e-10,1,0
0.00770697,-0.207406,0.0345334,-0.384898,3.45729,-26911.5,-1,6.16773e-10,1,0
0.00770888,-0.205733,0.0351317,-0.384462,3.45718,-26687.7,-1,1.29252e-09,1,0
0.00771026,-0.206398,0.0348831,-0.384024,3.45831,-26769.3,-1,6.02513e-10,1,0
0.00771178,-0.204724,0.0347437,-0.383999,3.45918,-26546.9,-1,4.02255e-10,1,0
0.00771262,-0.2038,0.0346669,-0.383985,3.45939,-26424.2,-1,5.18176e-10,1,0
0.0077137,-0.203152,0.035026,-0.384274,3.46065,-26336.5,-1,6.58824e-10,1,0
0.00771398,-0.203275,0.0352126,-0.384127,3.46197,-26351.5,-1,1.88662e-11,1,0
0.00771503,-0.203198,0.0356461,-0.383975,3.46256,-26338,-1,2.2393e-10,1,0
0.007717,-0.20379,0.0354909,-0.385425,3.46485,-26407.9,-1,1.29263e-09,1,0
0.00771937,-0.202586,0.0368303,-0.387086,3.46484,-26243.9,-1,1.35222e-09,1,0
0.00772059,-0.202422,0.0367476,-0.386689,3.46731,-26218.4,-1,7.96523e-10,1,0
0.00772265,-0.202439,0.035474,-0.388255,3.46462,-26213.7,-1,4.14034e-10,1,0
0.00772272,-0.202389,0.035439,-0.388254,3.46345,-26206.9,-1,2.33376e-11,1,0
0.00772464,-0.202962,0.0348593,-0.390211,3.46343,-26274.6,-1,2.33376e-11,1,0
0.00772562,-0.202821,0.0344937,-0.391087,3.46456,-26253.1,-1,2.72542e-09,1,0
0.00772633,-0.202341,0.0341711,-0.391606,3.46458,-26188.5,-1,2.72542e-09,1,0
0.00772792,-0.201878,0.0326218,-0.392169,3.46351,-26123.2,-1,1.5931e-09,1,0
0.00772989,-0.20043,0.0311629,-0.391473,3.46204,-25929.2,-1,2.13873e-09,1,0
0.00773082,-0.199739,0.0305264,-0.39132,3.46399,-25836.7,-1,2.46452e-10,1,0
0.00773188,-0.199059,0.0298707,-0.391454,3.46237,-25745.2,-1,2.37905e-10,1,0
0.00773261,-0.198584,0.030446,-0.391351,3.46143,-25681.3,-1,4.79478e-11,1,0
0.00773386,-0.198544,0.0312321,-0.390526,3.46197,-25672,-1,1.20905e-09,1,0
0.00773446,-0.198712,0.0315449,-0.38996,3.46073,-25691.8,-1,1.50521e-09,1,0
0.00773556,-0.199601,0.0311581,-0.38943,3.45719,-25803,-1,8.48873e-10,1,0
0.00773582,-0.199708,0.0310787,-0.389326,3.45265,-25816,-1,6.17714e-11,1,0
0.00773626,-0.19946,0.0311343,-0.38923,3.45152,-25782.5,-1,1.56651e-10,1,0
0.0077372,-0.198813,0.031765,-0.388725,3.45167,-25695.8,-1,6.61868e-10,1,0
0.0077385,-0.199601,0.0314476,-0.387567,3.45163,-25793.3,-1,6.61868e-10,1,0
0.00773991,-0.200625,0.0313744,-0.386567,3.45194,-25920.8,-1,2.49336e-09,1,0
0.00774101,-0.201715,0.0317692,-0.386202,3.45189,-26058,-1,2.49336e-09,1,0
0.00774183,-0.202521,0.03208,-0.385944,3.45197,-26159.3,-1,2.45547e-09,1,0
0.0077436,-0.204222,0.0329355,-0.385505,3.45197,-26373,-1,2.11107e-09,1,0
0.00774426,-0.204495,0.0323576,-0.385755,3.44832,-26406,-1,2.06962e-11,1,0
0.00774631,-0.2037,0.0327253,-0.383682,3.44875,-26296.4,-1,2.2507e-09,1,0
0.00774687,-0.203482,0.0328262,-0.383112,3.44876,-26266.3,-1,2.2507e-09,1,0
0.00774716,-0.203372,0.0328829,-0.382813,3.44822,-26251.1,-1,9.77814e-12,1,0
0.00774828,-0.204366,0.0326951,-0.383514,3.44817,-26375.7,-1,9.77814e-12,1,0
0.0077494,-0.205364,0.0325065,-0.384218,3.44812,-26500.7,-1,9.77814e-12,1,0
0.00774975,-0.20566,0.0325283,-0.384438,3.44804,-26537.6,-1,1.31578e-10,1,0
0.00775155,-0.204618,0.0342054,-0.384244,3.44872,-26397,-1,3.99792e-10,1,0
0.0077519,-0.204577,0.0345304,-0.38405,3.44888,-26390.6,-1,3.80543e-10,1,0
0.00775242,-0.204732,0.0348981,-0.383634,3.44774,-26408.8,-1,3.09904e-10,1,0
0.00775344,-0.205276,0.0355694,-0.383671,3.44613,-26475.5,-1,5.83242e-10,1,0
0.00775427,-0.205856,0.0361003,-0.384155,3.4461,-26547.4,-1,5.83242e-10,1,0
0.00775568,-0.206831,0.0369927,-0.384969,3.44624,-26668.3,-1,1.27545e-09,1,0
0.0077559,-0.206983,0.0371315,-0.385095,3.44623,-26687.1,-1,1.27545e-09,1,0
0.00775664,-0.207393,0.037029,-0.38478,3.44653,-26737.5,-1,5.66884e-10,1,0
0.00775751,-0.207805,0.0366384,-0.384006,3.44648,-26787.5,-1,8.25117e-10,1,0
0.0077581,-0.207974,0.0364593,-0.383408,3.44647,-26807.4,-1,8.25117e-10,1,0
0.00776058,-0.20869,0.0357027,-0.380878,3.44644,-26891,-1,8.25117e-10,1,0
0.00776271,-0.20941,0.0358218,-0.379497,3.44687,-26976.4,-1,8.0521e-10,1,0
0.00776284,-0.20947,0.0359454,-0.379533,3.44724,-26983.7,-1,8.10531e-10,1,0
0.00776372,-0.208586,0.0363224,-0.379448,3.4443,-26866.8,-1,9.64888e-10,1,0
0.00776541,-0.206882,0.0370491,-0.379285,3.44433,-26641.5,-1,1.27827e-09,1,0
0.00776758,-0.204687,0.0379852,-0.379075,3.44444,-26351.4,-1,1.27827e-09,1,0
0.00776792,-0.204924,0.037757,-0.379158,3.4436,-26380.9,-1,3.54709e-10,1,0
0.00776929,-0.204461,0.0385666,-0.380184,3.44331,-26316.5,-1,9.51321e-11,1,0
0.00777074,-0.203797,0.0393624,-0.379505,3.44358,-26226.3,-1,6.25489e-10,1,0
0.00777204,-0.202767,0.0399921,-0.379055,3.44377,-26089.3,-1,2.55623e-11,1,0
0.0077734,-0.203175,0.0405861,-0.377905,3.44563,-26137.1,-1,4.34813e-10,1,0
0.00777479,-0.203747,0.0394162,-0.378012,3.44353,-26206.2,-1,2.44139e-10,1,0
0.00777627,-0.204342,0.0396904,-0.378754,3.44234,-26277.6,-1,1.23121e-09,1,0
0.00777773,-0.203078,0.0398016,-0.379743,3.44315,-26110.2,-1,6.1431e-10,1,0
0.00777881,-0.202128,0.0398963,-0.380441,3.44336,-25984.4,-1,7.82985e-11,1,0
0.00777927,-0.201668,0.0398153,-0.380578,3.44308,-25923.7,-1,3.49432e-10,1,0
0.00778034,-0.200537,0.039519,-0.380433,3.44215,-25774.9,-1,1.33338e-09,1,0
0.00778214,-0.200538,0.0384999,-0.380015,3.44017,-25769,-1,7.36519e-10,1,0
0.00778267,-0.200836,0.0380059,-0.380021,3.43987,-25805.5,-1,1.21498e-11,1,0
0.00778331,-0.201014,0.0374814,-0.380014,3.44088,-25826.3,-1,4.00261e-10,1,0
0.00778461,-0.201627,0.0376203,-0.378733,3.44084,-25900.7,-1,4.00261e-10,1,0
0.00778701,-0.202762,0.0378775,-0.37636,3.43935,-26038.5,-1,4.19801e-09,1,0
0.00778765,-0.203231,0.0377146,-0.376047,3.44045,-26096.6,-1,1.09786e-10,1,0
0.00778927,-0.204846,0.037298,-0.375852,3.44115,-26298.5,-1,4.13373e-10,1,0
0.00779134,-0.204889,0.0383021,-0.376004,3.44209,-26297,-1,6.31612e-10,1,0
0.00779306,-0.204932,0.0401724,-0.37624,3.43846,-26296.8,-1,5.9254e-10,1,0
0.00779474,-0.204947,0.0398745,-0.374955,3.43788,-26292.9,-1,7.206e-10,1,0
0.0077953,-0.204826,0.0397671,-0.374526,3.43776,-26275.6,-1,3.32378e-10,1,0
0.00779682,-0.204235,0.0387962,-0.373801,3.4351,-26194.6,-1,1.8586e-10,1,0
0.00779774,-0.203519,0.0388963,-0.374214,3.43515,-26099.8,-1,1.06278e-10,1,0
0.00780007,-0.201406,0.0398713,-0.375292,3.43526,-25821.1,-1,1.06278e-10,1,0
0.00780181,-0.199873,0.0405915,-0.376117,3.43478,-25618.8,-1,4.94411e-09,1,0
0.00780345,-0.200486,0.0408851,-0.377786,3.43424,-25691.9,-1,1.61912e-09,1,0
0.00780526,-0.19993,0.0409965,-0.379451,3.4327,-25614.8,-1,6.95091e-10,1,0
0.007806,-0.199481,0.0408943,-0.379817,3.43057,-25554.8,-1,1.29228e-10,1,0
0.00780791,-0.197539,0.0402877,-0.379299,3.43006,-25299.9,-1,2.09922e-09,1,0
0.00780979,-0.196747,0.0385568,-0.378483,3.4301,-25192.4,-1,2.09922e-09,1,0
0.00781241,-0.194927,0.0372193,-0.37898,3.43154,-24951,-1,3.23123e-09,1,0
0.00781283,-0.194557,0.0371204,-0.379237,3.43155,-24902.2,-1,3.23123e-09,1,0
0.00781337,-0.194111,0.0370169,-0.379598,3.43149,-24843.5,-1,4.89255e-10,1,0
0.00781421,-0.193781,0.0370401,-0.38041,3.43087,-24798.5,-1,4.01381e-10,1,0
0.00781547,-0.194992,0.0364641,-0.380771,3.42856,-24949.5,-1,1.38905e-09,1,0
0.00781665,-0.19612,0.0359277,-0.381107,3.4302,-25090.1,-1,1.29355e-09,1,0
0.00781894,-0.195274,0.0355111,-0.382667,3.43131,-24974.5,-1,1.29287e-09,1,0
0.00781958,-0.195199,0.0349274,-0.383049,3.43228,-24962.9,-1,1.93024e-09,1,0
0.00782064,-0.195778,0.0358623,-0.383303,3.4315,-25033.5,-1,4.52105e-11,1,0
0.0078211,-0.196001,0.0358644,-0.383419,3.43148,-25060.6,-1,2.49538e-10,1,0
0.00782207,-0.196411,0.035213,-0.383848,3.43292,-25109.8,-1,7.04568e-10,1,0
0.00782383,-0.198006,0.0357268,-0.384416,3.43242,-25308,-1,5.6778e-10,1,0
0.00782539,-0.199131,0.0369394,-0.384831,3.43199,-25446.7,-1,1.54109e-09,1,0
0.00782724,-0.200407,0.0384541,-0.385241,3.43259,-25603.8,-1,3.85567e-10,1,0
0.00782826,-0.200497,0.0393947,-0.38584,3.43258,-25611.9,-1,3.85567e-10,1,0
0.00782941,-0.200558,0.0403976,-0.386141,3.43182,-25616,-1,2.86159e-10,1,0
0.00782991,-0.200491,0.0406272,-0.386635,3.4305,-25605.8,-1,4.46891e-10,1,0
0.00783039,-0.200492,0.0404964,-0.386223,3.42937,-25604.4,-1,2.04947e-10,1,0
0.00783245,-0.20029,0.0399341,-0.385513,3.4287,-25571.8,-1,4.87857e-10,1,0
0.00783328,-0.199912,0.0404177,-0.38484,3.42848,-25520.8,-1,1.39654e-09,1,0
0.00783344,-0.199995,0.0405229,-0.384733,3.42846,-25530.9,-1,1.75608e-11,1,0
0.00783428,-0.200094,0.0401056,-0.384155,3.42727,-25540.9,-1,4.33104e-10,1,0
0.00783644,-0.19982,0.0391139,-0.382019,3.42725,-25498.9,-1,2.37148e-09,1,0
0.00783814,-0.19908,0.0379528,-0.381049,3.42867,-25398.9,-1,1.09993e-09,1,0
0.00784034,-0.197645,0.0361008,-0.380434,3.42883,-25208.7,-1,1.29302e-09,1,0
0.00784326,-0.196321,0.035067,-0.378198,3.42955,-25030.5,-1,2.28931e-09,1,0
0.00784431,-0.196502,0.0349761,-0.377717,3.42663,-25050.2,-1,1.34612e-10,1,0
0.00784625,-0.198537,0.0343548,-0.377617,3.42652,-25303.4,-1,1.34612e-10,1,0
0.00784732,-0.19966,0.0340121,-0.377562,3.4278,-25443.1,-1,3.75846e-09,1,0
0.00784845,-0.200059,0.0338116,-0.378598,3.42703,-25490.2,-1,7.45619e-11,1,0
0.00785027,-0.199585,0.0326718,-0.378238,3.42694,-25423.9,-1,5.43501e-10,1,0
0.00785256,-0.199684,0.0341277,-0.377876,3.42551,-25429.1,-1,3.08412e-10,1,0
0.00785316,-0.200063,0.0336913,-0.377766,3.4236,-25475.4,-1,5.79192e-10,1,0
0.00785483,-0.198962,0.0322387,-0.377977,3.42452,-25329.9,-1,3.94924e-10,1,0
0.00785594,-0.199144,0.0331791,-0.378094,3.42371,-25349.5,-1,1.08092e-09,1,0
0.0078569,-0.199047,0.0323995,-0.377402,3.42372,-25334.1,-1,1.08092e-09,1,0
0.00785827,-0.199741,0.0328753,-0.378258,3.42372,-25418,-1,1.28857e-09,1,0
0.00785898,-0.199582,0.0329515,-0.379012,3.42448,-25395.4,-1,8.42564e-10,1,0
0.00785993,-0.200056,0.0329784,-0.379767,3.42519,-25452.7,-1,3.55719e-10,1,0
0.00786032,-0.200407,0.0329732,-0.38003,3.42488,-25496,-1,6.91806e-10,1,0
0.00786073,-0.200764,0.0329679,-0.380297,3.42486,-25540.1,-1,6.91806e-10,1,0
0.00786206,-0.201148,0.0325178,-0.38102,3.4253,-25584.6,-1,4.32938e-10,1,0
0.00786263,-0.200799,0.0320376,-0.381235,3.42568,-25538.4,-1,1.20928e-09,1,0
0.00786509,-0.199307,0.0299833,-0.382156,3.42484,-25340.7,-1,2.20892e-09,1,0
0.00786573,-0.199161,0.02949,-0.382445,3.42392,-25320.1,-1,3.67307e-10,1,0
0.0078662,-0.198901,0.0290389,-0.382459,3.42389,-25285.5,-1,5.206e-10,1,0
0.00786786,-0.199814,0.0285958,-0.382178,3.42672,-25396.3,-1,9.35165e-10,1,0
0.00786957,-0.199954,0.0273173,-0.380807,3.42671,-25408.6,-1,9.35165e-10,1,0
0.00787002,-0.199991,0.0269824,-0.380448,3.42686,-25411.8,-1,3.25438e-09,1,0
0.00787112,-0.198972,0.0263283,-0.380486,3.42687,-25278.8,-1,1.05619e-09,1,0
0.00787259,-0.19839,0.0256414,-0.379425,3.42648,-25200.1,-1,1.18983e-09,1,0
0.00787397,-0.198255,0.0255634,-0.378016,3.42527,-25178.5,-1,6.80234e-10,1,0
0.00787504,-0.197662,0.0254832,-0.378027,3.42474,-25099.8,-1,3.36083e-10,1,0
0.00787765,-0.197848,0.0245925,-0.376058,3.42993,-25115.1,-1,5.58309e-10,1,0
0.00787857,-0.198092,0.0252893,-0.376759,3.42913,-25143.2,-1,1.01806e-09,1,0
0.00787898,-0.197965,0.0252635,-0.376916,3.42775,-25125.7,-1,2.66558e-10,1,0
0.00788076,-0.198905,0.0259788,-0.378474,3.4277,-25239.4,-1,2.66558e-10,1,0
0.00788185,-0.199743,0.0254121,-0.378657,3.42748,-25342.1,-1,2.25591e-09,1,0
0.00788296,-0.200255,0.0250025,-0.379506,3.42714,-25403.5,-1,1.27704e-09,1,0
0.0078853,-0.201278,0.0240104,-0.381026,3.4274,-25525.7,-1,7.52458e-10,1,0
0.00788555,-0.201425,0.0238317,-0.38088,3.42713,-25543.6,-1,4.4409e-11,1,0
0.00788712,-0.202565,0.0247178,-0.381712,3.42651,-25683,-1,6.30087e-10,1,0
0.0078884,-0.201202,0.0245644,-0.38138,3.42628,-25506,-1,1.41129e-09,1,0
0.00788992,-0.200277,0.0249284,-0.382439,3.42766,-25384,-1,1.79663e-10,1,0
0.00789013,-0.200314,0.02504,-0.382639,3.42732,-25387.9,-1,4.98706e-11,1,0
0.00789145,-0.200515,0.0257932,-0.383527,3.42757,-25409.2,-1,1.22202e-09,1,0
0.00789208,-0.200541,0.0262765,-0.383041,3.42756,-25410.5,-1,1.22202e-09,1,0
0.0078939,-0.201699,0.0260323,-0.383511,3.42765,-25551.2,-1,1.40493e-09,1,0
0.00789517,-0.200579,0.025349,-0.383746,3.42992,-25405.3,-1,1.56532e-09,1,0
0.00789589,-0.200205,0.025219,-0.383645,3.42911,-25355.6,-1,3.17553e-10,1,0
0.00789708,-0.199931,0.0246063,-0.38376,3.42942,-25317.1,-1,1.20776e-10,1,0
0.00789844,-0.199709,0.0234141,-0.384167,3.42946,-25284.6,-1,2.24296e-11,1,0
0.00789995,-0.201134,0.0232329,-0.384994,3.42773,-25460.2,-1,9.73574e-10,1,0
0.00790117,-0.202288,0.0230861,-0.385664,3.42768,-25602.3,-1,9.73574e-10,1,0
0.0079024,-0.20345,0.0229383,-0.386338,3.42301,-25745.4,-1,2.69403e-09,1,0
0.00790275,-0.203782,0.0228961,-0.386531,3.423,-25786.2,-1,2.69403e-09,1,0
0.00790364,-0.204197,0.0224964,-0.387046,3.42521,-25835.9,-1,4.98496e-10,1,0
0.00790528,-0.204224,0.0228712,-0.386547,3.42512,-25833.8,-1,3.59735e-10,1,0
0.00790598,-0.204257,0.0234534,-0.386045,3.42686,-25835.7,-1,3.84649e-10,1,0
0.00790682,-0.204005,0.0236273,-0.385629,3.42612,-25801.2,-1,2.69411e-10,1,0
0.00790727,-0.203726,0.0236278,-0.385225,3.4255,-25764.3,-1,6.56073e-10,1,0
0.00790825,-0.20279,0.02403,-0.385586,3.42807,-25642.8,-1,1.01091e-09,1,0
0.00790893,-0.202822,0.0247387,-0.385375,3.42807,-25644.7,-1,1.01091e-09,1,0
0.00791035,-0.202889,0.0262315,-0.384931,3.42807,-25648.5,-1,1.01091e-09,1,0
0.00791103,-0.20252,0.026804,-0.385025,3.42848,-25599.7,-1,5.61173e-10,1,0
0.00791197,-0.20344,0.0268381,-0.384607,3.42853,-25713,-1,7.36685e-10,1,0
0.00791264,-0.204095,0.0269538,-0.384299,3.42823,-25793.5,-1,7.32307e-10,1,0
0.00791297,-0.203893,0.0267822,-0.384102,3.42822,-25767,-1,7.3421e-11,1,0
0.00791349,-0.203947,0.0270481,-0.383597,3.42821,-25772.1,-1,7.3421e-11,1,0
0.00791385,-0.204029,0.0272718,-0.383364,3.42845,-25781.2,-1,1.05564e-10,1,0
0.00791491,-0.204619,0.0282356,-0.383648,3.42842,-25852.4,-1,1.05564e-10,1,0
0.00791618,-0.20493,0.0295091,-0.384111,3.42854,-25887.5,-1,6.27783e-10,1,0
0.00791784,-0.205566,0.0310514,-0.384396,3.42787,-25962.4,-1,5.70498e-10,1,0
0.00791949,-0.204475,0.0305019,-0.38574,3.42792,-25819.2,-1,5.70498e-10,1,0
0.00792034,-0.204836,0.0302091,-0.386338,3.42681,-25862.1,-1,2.05733e-09,1,0
0.00792056,-0.204807,0.0300911,-0.386321,3.43024,-25857.7,-1,1.05194e-10,1,0
0.00792165,-0.204044,0.0293649,-0.385745,3.42844,-25757.8,-1,9.39554e-11,1,0
0.00792245,-0.203413,0.0290695,-0.386042,3.42861,-25675.5,-1,6.55822e-10,1,0
0.00792371,-0.202688,0.0296364,-0.38509,3.42765,-25580,-1,2.91427e-11,1,0
0.0079269,-0.205706,0.0314152,-0.384888,3.42821,-25950.4,-1,2.45712e-09,1,0
0.00792772,-0.20647,0.0318752,-0.384834,3.42615,-26044,-1,1.82685e-11,1,0
0.00792785,-0.206516,0.0318041,-0.384898,3.42857,-26049.4,-1,1.104e-10,1,0
0.00792929,-0.206858,0.0329679,-0.38506,3.428,-26087.8,-1,3.13388e-10,1,0
0.00793126,-0.206007,0.0325238,-0.383634,3.42863,-25974.1,-1,4.16391e-10,1,0
0.00793278,-0.205326,0.0331218,-0.384541,3.42869,-25883.2,-1,2.29688e-10,1,0
0.00793333,-0.204996,0.0333454,-0.38491,3.42905,-25839.9,-1,4.96543e-11,1,0
0.007934,-0.204285,0.0331936,-0.384985,3.42967,-25748.1,-1,4.54298e-10,1,0
0.00793422,-0.204177,0.0332333,-0.38484,3.4306,-25733.7,-1,1.62814e-10,1,0
0.00793505,-0.20332,0.0334256,-0.38459,3.43159,-25623,-1,9.132e-10,1,0
0.00793565,-0.202726,0.0335783,-0.384431,3.4313,-25546.3,-1,3.88684e-10,1,0
0.00793611,-0.202859,0.0339337,-0.384752,3.43092,-25561.6,-1,5.22238e-10,1,0
0.00793683,-0.202505,0.0336703,-0.384252,3.43463,-25514.6,-1,2.71198e-10,1,0
0.00793849,-0.2024,0.0352468,-0.385167,3.43464,-25496.1,-1,2.71198e-10,1,0
0.00793979,-0.203198,0.0361604,-0.385,3.43059,-25592.3,-1,1.07528e-09,1,0
0.0079402,-0.203426,0.0364521,-0.384888,3.42805,-25619.7,-1,1.49761e-10,1,0
0.00794098,-0.204041,0.0359486,-0.38457,3.42928,-25694.7,-1,8.78743e-10,1,0
0.00794164,-0.204709,0.0356805,-0.384544,3.42911,-25776.7,-1,3.40764e-11,1,0
0.00794216,-0.205207,0.0354615,-0.384649,3.42941,-25837.7,-1,2.26099e-10,1,0
0.00794368,-0.206503,0.0365212,-0.384676,3.43076,-25995.9,-1,1.52952e-09,1,0
0.00794523,-0.206947,0.0354927,-0.384117,3.43126,-26046.7,-1,1.3731e-09,1,0
0.00794669,-0.207246,0.0340783,-0.384488,3.43153,-26079.5,-1,8.9963e-10,1,0
0.00794889,-0.205731,0.0333689,-0.385173,3.42873,-25881.7,-1,1.7031e-09,1,0
0.00794989,-0.205341,0.0326794,-0.385946,3.42875,-25829.4,-1,1.7031e-09,1,0
0.00795168,-0.204224,0.0317777,-0.387247,3.43133,-25683.1,-1,1.40038e-09,1,0
0.0079546,-0.205733,0.0304792,-0.38473,3.43065,-25863.4,-1,3.20914e-09,1,0
0.00795499,-0.205702,0.0301946,-0.38469,3.42751,-25858.3,-1,2.46344e-10,1,0
0.00795619,-0.204465,0.030625,-0.384851,3.42757,-25698.9,-1,2.46344e-10,1,0
0.00795629,-0.20436,0.0306615,-0.384865,3.42758,-25685.3,-1,2.46344e-10,1,0
0.00795673,-0.203905,0.0308199,-0.384924,3.42828,-25626.7,-1,2.00321e-09,1,0
0.00795822,-0.202371,0.031353,-0.385123,3.4305,-25429.2,-1,1.07652e-09,1,0
0.00795849,-0.202226,0.0314673,-0.385118,3.42884,-25410.1,-1,3.77841e-11,1,0
0.00796051,-0.203012,0.0335278,-0.385413,3.4288,-25502.4,-1,3.77841e-11,1,0
0.00796176,-0.203496,0.034796,-0.385594,3.42878,-25559.2,-1,3.77841e-11,1,0
0.00796188,-0.203544,0.0349205,-0.385612,3.42849,-25564.8,-1,3.79663e-09,1,0
0.00796356,-0.203937,0.0351062,-0.387198,3.43025,-25608.7,-1,2.58217e-10,1,0
0.00796434,-0.203816,0.0354505,-0.387399,3.4316,-25591.1,-1,4.55888e-10,1,0
0.00796474,-0.203822,0.0358122,-0.387275,3.43214,-25590.6,-1,5.70439e-11,1,0
0.00796706,-0.204554,0.0360597,-0.385284,3.43311,-25675,-1,7.91706e-10,1,0
0.00796784,-0.204415,0.0355956,-0.384673,3.43477,-25655,-1,5.9355e-10,1,0
0.00796897,-0.203867,0.0351291,-0.38392,3.43409,-25582.6,-1,1.43639e-10,1,0
0.00797035,-0.204896,0.0349792,-0.383733,3.43088,-25707.3,-1,1.22576e-09,1,0
0.00797097,-0.204964,0.03499,-0.383938,3.43177,-25713.9,-1,3.29919e-10,1,0
0.0079714,-0.205019,0.0346737,-0.384283,3.43341,-25719.3,-1,4.70655e-10,1,0
0.00797258,-0.205168,0.0338004,-0.385234,3.43408,-25734.2,-1,9.03363e-10,1,0
0.00797468,-0.206073,0.0327865,-0.385007,3.43419,-25840.9,-1,1.29252e-09,1,0
0.0079762,-0.205157,0.0319914,-0.384548,3.43408,-25721.1,-1,1.02556e-09,1,0
0.00797671,-0.204838,0.0318978,-0.384292,3.43536,-25679.5,-1,3.07359e-10,1,0
0.00797687,-0.204722,0.0317748,-0.384215,3.43541,-25664.4,-1,4.53224e-11,1,0
0.00797847,-0.203609,0.0306242,-0.3835,3.43575,-25519.9,-1,4.50639e-10,1,0
0.00797876,-0.203404,0.030412,-0.383368,3.43576,-25493.2,-1,4.50639e-10,1,0
0.00798,-0.202567,0.0295661,-0.382828,3.4367,-25384.3,-1,3.1194e-09,1,0
0.00798043,-0.202707,0.0300118,-0.382896,3.43534,-25400.5,-1,4.63571e-10,1,0
0.00798132,-0.203314,0.0299871,-0.383551,3.43255,-25473.7,-1,9.97885e-11,1,0
0.00798177,-0.203307,0.0298056,-0.383571,3.43371,-25471.4,-1,1.52509e-10,1,0
0.00798335,-0.203575,0.0306197,-0.382941,3.43342,-25500,-1,2.7842e-10,1,0
0.00798388,-0.203659,0.031101,-0.382619,3.43299,-25508.8,-1,1.87803e-09,1,0
0.00798557,-0.203397,0.0319263,-0.382593,3.43232,-25470.5,-1,1.59429e-10,1,0
0.00798749,-0.203711,0.0321257,-0.383535,3.43355,-25503.7,-1,3.03621e-10,1,0
0.00798838,-0.204332,0.0324315,-0.38422,3.4369,-25578.7,-1,1.33661e-10,1,0
0.00798947,-0.203468,0.0316745,-0.384051,3.43825,-25467,-1,7.56933e-10,1,0
0.00799026,-0.203665,0.0320175,-0.383726,3.44272,-25489.2,-1,2.83418e-10,1,0
0.00799117,-0.203015,0.0323216,-0.383915,3.44233,-25404.9,-1,4.00493e-10,1,0
0.00799291,-0.202025,0.0313924,-0.384548,3.44081,-25275.6,-1,9.08216e-10,1,0
0.00799342,-0.20172,0.030942,-0.384676,3.44059,-25235.8,-1,2.03718e-09,1,0
0.00799433,-0.201172,0.0301341,-0.384905,3.43888,-25164.4,-1,3.63792e-10,1,0
0.00799595,-0.200199,0.0286994,-0.385313,3.44019,-25037.6,-1,1.3369e-10,1,0
0.00799654,-0.199682,0.0290797,-0.385444,3.43959,-24971,-1,6.45055e-10,1,0
0.00799784,-0.199179,0.0302382,-0.386113,3.43987,-24904.1,-1,1.44161e-09,1,0
0.00799834,-0.199234,0.030042,-0.38637,3.43427,-24909.4,-1,1.02498e-10,1,0
0.00799877,-0.199341,0.0299742,-0.386675,3.43289,-24921.4,-1,8.77561e-11,1,0
0.00799927,-0.199386,0.0299723,-0.387221,3.43289,-24925.6,-1,8.77561e-11,1,0
0.00800035,-0.199752,0.0297773,-0.38645,3.43252,-24968,-1,1.02607e-09,1,0
